time,TC1,TC2,TC3,TC4,TC5,TC6,TC7,TC8,TC9,TC10
1,358.85,359.37,360.24,360.78,359.9,362.01,358.77,359.11,355.59,330.85
2,358.83,359.37,360.23,360.79,359.91,361.99,358.83,359.3,355.56,330.52
3,358.81,359.39,360.23,360.81,359.92,361.99,358.94,359.51,355.67,330.24
4,358.76,359.42,360.24,360.83,359.94,362.0,359.08,359.66,356.04,329.92
5,358.73,359.45,360.24,360.87,359.95,362.01,359.14,359.85,356.48,329.72
6,358.7,359.47,360.25,360.9,359.95,362.02,359.16,360.02,356.78,329.62
7,358.69,359.47,360.26,360.93,359.96,362.04,359.18,360.15,357.08,329.54
8,358.67,359.49,360.27,360.94,359.99,362.04,359.22,360.21,357.3,329.47
9,358.66,359.51,360.27,360.96,359.99,362.04,359.25,360.25,357.45,329.38
10,358.65,359.52,360.29,360.97,359.99,362.04,359.3,360.31,357.59,329.27
11,358.62,359.52,360.28,360.98,359.96,362.02,359.35,360.41,357.74,329.16
12,358.6,359.51,360.28,360.99,359.94,362.01,359.4,360.49,357.92,329.0
13,358.58,359.51,360.26,361.0,359.93,362.0,359.45,360.57,358.06,328.86
14,358.57,359.51,360.26,361.01,359.94,362.02,359.53,360.67,358.15,328.81
15,358.55,359.52,360.25,361.01,359.95,362.05,359.6,360.75,358.24,328.77
16,358.54,359.52,360.24,361.02,359.95,362.07,359.69,360.79,358.33,328.74
17,358.52,359.54,360.22,361.01,359.96,362.1,359.73,360.82,358.4,328.73
18,358.5,359.54,360.21,361.0,359.98,362.13,359.79,360.87,358.43,328.76
19,358.48,359.55,360.21,361.0,360.01,362.18,359.85,360.98,358.48,328.82
20,358.47,359.55,360.2,361.02,360.04,362.23,359.89,361.12,358.58,328.91
21,358.46,359.55,360.21,361.03,360.1,362.29,360.0,361.23,358.72,329.02
22,358.43,359.52,360.21,361.04,360.16,362.35,360.13,361.34,358.79,329.15
23,358.42,359.49,360.2,361.04,360.19,362.41,360.22,361.44,358.83,329.24
24,358.4,359.45,360.17,361.02,360.21,362.46,360.31,361.54,358.87,329.31
25,358.38,359.41,360.14,361.02,360.22,362.48,360.4,361.61,358.92,329.38
26,358.37,359.36,360.11,361.0,360.22,362.53,360.49,361.71,358.93,329.45
27,358.34,359.3,360.07,360.97,360.2,362.56,360.55,361.8,358.97,329.52
28,358.33,359.25,360.05,360.96,360.2,362.59,360.61,361.89,359.06,329.57
29,358.31,359.22,360.03,360.94,360.19,362.62,360.67,361.97,359.16,329.63
30,358.29,359.18,359.99,360.94,360.18,362.64,360.7,362.03,359.29,329.66
31,358.27,359.13,359.96,360.95,360.19,362.67,360.69,362.1,359.43,329.71
32,358.26,359.09,359.92,360.94,360.21,362.7,360.68,362.16,359.48,329.78
33,358.23,359.07,359.91,360.94,360.22,362.72,360.71,362.18,359.44,329.84
34,358.22,359.04,359.88,360.96,360.22,362.75,360.74,362.2,359.37,329.91
35,358.21,359.03,359.87,360.96,360.25,362.77,360.8,362.24,359.28,329.98
36,358.2,359.02,359.87,360.96,360.26,362.79,360.84,362.28,359.18,330.05
37,358.17,358.99,359.85,360.97,360.28,362.81,360.87,362.33,359.1,330.14
38,358.16,358.99,359.84,360.97,360.3,362.84,360.89,362.36,359.08,330.24
39,358.13,358.96,359.81,360.97,360.31,362.86,360.94,362.37,359.1,330.38
40,358.11,358.94,359.8,360.97,360.33,362.88,361.0,362.37,359.21,330.53
41,358.1,358.92,359.78,360.97,360.33,362.9,361.05,362.4,359.29,330.63
42,358.08,358.91,359.79,360.96,360.35,362.91,361.09,362.44,359.38,330.76
43,358.07,358.9,359.78,360.97,360.35,362.93,361.12,362.49,359.45,330.87
44,358.06,358.88,359.78,360.96,360.34,362.95,361.15,362.53,359.51,331.01
45,358.04,358.87,359.78,360.96,360.36,362.96,361.18,362.58,359.56,331.15
46,358.03,358.86,359.77,360.95,360.36,362.99,361.18,362.64,359.64,331.31
47,358.01,358.83,359.78,360.95,360.36,363.01,361.19,362.69,359.72,331.46
48,357.98,358.81,359.77,360.95,360.37,363.03,361.22,362.74,359.88,331.73
49,357.96,358.78,359.76,360.95,360.37,363.06,361.27,362.79,360.06,331.95
50,357.94,358.76,359.75,360.94,360.37,363.06,361.3,362.82,360.18,332.07
51,357.92,358.75,359.74,360.94,360.39,363.08,361.34,362.83,360.31,332.22
52,357.9,358.71,359.73,360.94,360.38,363.09,361.38,362.86,360.41,332.37
53,357.89,358.7,359.72,360.94,360.39,363.11,361.42,362.89,360.47,332.54
54,357.87,358.67,359.71,360.94,360.39,363.12,361.44,362.92,360.52,332.69
55,357.85,358.65,359.7,360.94,360.39,363.13,361.47,362.94,360.56,332.81
56,357.83,358.62,359.69,360.95,360.39,363.14,361.48,362.95,360.6,332.93
57,357.8,358.58,359.67,360.94,360.38,363.16,361.49,362.96,360.72,333.09
58,357.77,358.55,359.66,360.94,360.38,363.17,361.49,362.97,360.83,333.29
59,357.76,358.53,359.67,360.94,360.38,363.19,361.51,362.97,360.91,333.43
60,357.73,358.52,359.66,360.94,360.39,363.2,361.51,362.98,360.97,333.58
61,357.71,358.49,359.65,360.93,360.38,363.21,361.52,362.98,361.04,333.74
62,357.69,358.48,359.65,360.93,360.38,363.22,361.53,362.97,361.11,333.9
63,357.67,358.47,359.65,360.93,360.39,363.22,361.55,362.96,361.17,334.05
64,357.66,358.44,359.64,360.92,360.39,363.23,361.57,362.94,361.22,334.18
65,357.63,358.43,359.63,360.91,360.39,363.23,361.58,362.96,361.26,334.29
66,357.6,358.41,359.62,360.91,360.4,363.24,361.6,362.96,361.3,334.48
67,357.58,358.39,359.61,360.91,360.41,363.24,361.62,362.98,361.33,334.66
68,357.56,358.39,359.6,360.91,360.42,363.25,361.64,363.01,361.35,334.8
69,357.54,358.38,359.6,360.91,360.43,363.26,361.65,363.04,361.37,334.92
70,357.51,358.37,359.59,360.91,360.44,363.28,361.67,363.08,361.38,335.03
71,357.49,358.35,359.59,360.91,360.43,363.29,361.68,363.14,361.41,335.13
72,357.47,358.34,359.59,360.9,360.44,363.32,361.7,363.18,361.45,335.26
73,357.45,358.34,359.58,360.91,360.45,363.34,361.72,363.24,361.48,335.4
74,357.43,358.33,359.58,360.92,360.46,363.38,361.76,363.31,361.52,335.53
75,357.4,358.3,359.57,360.92,360.47,363.4,361.8,363.37,361.57,335.74
76,357.38,358.3,359.58,360.93,360.5,363.43,361.86,363.42,361.63,335.97
77,357.36,358.28,359.57,360.94,360.51,363.45,361.89,363.46,361.68,336.1
78,357.35,358.27,359.58,360.94,360.53,363.47,361.92,363.49,361.73,336.25
79,357.33,358.26,359.58,360.95,360.55,363.49,361.96,363.52,361.8,336.39
80,357.31,358.24,359.58,360.96,360.57,363.51,361.99,363.54,361.86,336.56
81,357.29,358.23,359.58,360.97,360.58,363.54,362.01,363.57,361.94,336.7
82,357.27,358.21,359.57,360.98,360.59,363.55,362.03,363.58,362.02,336.86
83,357.25,358.19,359.57,361.0,360.61,363.58,362.04,363.6,362.08,337.03
84,357.23,358.16,359.57,361.01,360.63,363.61,362.06,363.61,362.16,337.26
85,357.2,358.14,359.57,361.01,360.66,363.63,362.07,363.62,362.2,337.48
86,357.18,358.12,359.58,361.02,360.67,363.64,362.08,363.61,362.21,337.6
87,357.16,358.1,359.59,361.02,360.69,363.67,362.11,363.63,362.22,337.74
88,357.15,358.08,359.58,361.03,360.71,363.69,362.13,363.64,362.23,337.86
89,357.12,358.06,359.59,361.05,360.72,363.71,362.14,363.67,362.24,337.99
90,357.11,358.04,359.59,361.06,360.74,363.73,362.17,363.7,362.26,338.1
91,357.09,358.02,359.6,361.07,360.76,363.75,362.2,363.74,362.31,338.22
92,357.07,358.01,359.6,361.08,360.79,363.78,362.22,363.77,362.36,338.33
93,357.05,357.98,359.6,361.1,360.8,363.79,362.25,363.8,362.42,338.47
94,357.02,357.95,359.6,361.1,360.83,363.81,362.29,363.82,362.51,338.61
95,357.01,357.93,359.61,361.11,360.85,363.83,362.3,363.85,362.57,338.69
96,356.99,357.91,359.61,361.11,360.86,363.83,362.32,363.87,362.63,338.8
97,356.97,357.89,359.61,361.12,360.88,363.86,362.34,363.89,362.69,338.89
98,356.95,357.86,359.61,361.13,360.89,363.88,362.35,363.91,362.74,338.98
99,356.93,357.84,359.6,361.14,360.91,363.9,362.38,363.93,362.78,339.08
100,356.92,357.82,359.61,361.15,360.92,363.93,362.4,363.95,362.82,339.18
101,356.9,357.8,359.62,361.15,360.94,363.96,362.43,363.97,362.85,339.25
102,356.88,357.77,359.61,361.16,360.96,363.97,362.46,363.99,362.9,339.35
103,356.85,357.74,359.61,361.17,360.98,364.0,362.5,364.02,362.97,339.44
104,356.83,357.73,359.61,361.17,361.0,364.02,362.52,364.04,363.0,339.49
105,356.8,357.71,359.62,361.18,361.02,364.04,362.55,364.08,363.04,339.54
106,356.79,357.7,359.61,361.19,361.03,364.07,362.56,364.11,363.08,339.58
107,356.77,357.68,359.61,361.19,361.04,364.08,362.59,364.13,363.09,339.63
108,356.74,357.65,359.6,361.2,361.05,364.1,362.59,364.17,363.12,339.68
109,356.73,357.64,359.6,361.21,361.07,364.12,362.61,364.2,363.15,339.75
110,356.71,357.62,359.61,361.21,361.08,364.14,362.63,364.23,363.18,339.84
111,356.68,357.59,359.6,361.23,361.1,364.16,362.65,364.27,363.24,339.98
112,356.66,357.57,359.61,361.24,361.13,364.18,362.69,364.31,363.34,340.14
113,356.64,357.56,359.61,361.26,361.15,364.19,362.71,364.34,363.42,340.24
114,356.62,357.54,359.61,361.27,361.16,364.22,362.73,364.39,363.49,340.33
115,356.61,357.52,359.62,361.27,361.19,364.24,362.75,364.42,363.58,340.42
116,356.58,357.5,359.62,361.28,361.2,364.24,362.77,364.44,363.65,340.5
117,356.57,357.47,359.62,361.3,361.21,364.27,362.79,364.47,363.7,340.59
118,356.55,357.45,359.62,361.31,361.23,364.29,362.81,364.51,363.77,340.67
119,356.53,357.43,359.62,361.32,361.24,364.31,362.82,364.54,363.81,340.74
120,356.49,357.38,359.61,361.33,361.25,364.32,362.85,364.56,363.87,340.84
121,356.45,357.34,359.6,361.33,361.28,364.34,362.88,364.58,363.89,340.93
122,356.45,357.32,359.61,361.34,361.31,364.37,362.91,364.6,363.92,340.99
123,356.43,357.3,359.61,361.36,361.32,364.38,362.93,364.61,363.96,341.06
124,356.4,357.28,359.6,361.36,361.33,364.4,362.95,364.63,363.99,341.12
125,356.39,357.25,359.61,361.36,361.35,364.42,362.97,364.64,364.02,341.18
126,356.37,357.23,359.62,361.37,361.35,364.43,362.98,364.66,364.05,341.24
127,356.35,357.21,359.61,361.38,361.37,364.46,362.99,364.68,364.09,341.3
128,356.34,357.19,359.61,361.39,361.38,364.47,363.0,364.69,364.11,341.38
129,356.31,357.16,359.61,361.4,361.4,364.49,363.02,364.7,364.14,341.48
130,356.28,357.14,359.6,361.4,361.42,364.51,363.04,364.71,364.15,341.57
131,356.26,357.11,359.6,361.41,361.43,364.52,363.04,364.73,364.13,341.61
132,356.24,357.09,359.59,361.42,361.44,364.55,363.05,364.74,364.13,341.65
133,356.22,357.08,359.6,361.42,361.46,364.56,363.07,364.76,364.14,341.71
134,356.2,357.05,359.59,361.43,361.45,364.59,363.08,364.78,364.14,341.76
135,356.18,357.03,359.58,361.44,361.47,364.6,363.1,364.81,364.16,341.85
136,356.17,357.02,359.59,361.44,361.48,364.63,363.11,364.83,364.17,341.94
137,356.14,357.0,359.58,361.45,361.5,364.64,363.14,364.83,364.16,342.01
138,356.11,356.97,359.58,361.46,361.51,364.66,363.15,364.87,364.16,342.09
139,356.09,356.94,359.58,361.47,361.52,364.68,363.18,364.89,364.17,342.14
140,356.07,356.93,359.58,361.46,361.54,364.7,363.2,364.91,364.19,342.18
141,356.06,356.91,359.58,361.48,361.56,364.73,363.22,364.94,364.23,342.21
142,356.04,356.89,359.58,361.48,361.57,364.73,363.24,364.96,364.27,342.26
143,356.03,356.88,359.58,361.49,361.59,364.76,363.25,364.98,364.31,342.31
144,356.01,356.86,359.58,361.51,361.59,364.78,363.28,365.01,364.35,342.35
145,355.99,356.84,359.58,361.51,361.61,364.8,363.3,365.03,364.39,342.39
146,355.97,356.8,359.57,361.53,361.62,364.82,363.31,365.06,364.4,342.42
147,355.94,356.78,359.56,361.53,361.64,364.84,363.35,365.08,364.43,342.47
148,355.91,356.75,359.56,361.54,361.66,364.86,363.36,365.09,364.46,342.54
149,355.89,356.72,359.55,361.55,361.68,364.87,363.37,365.09,364.49,342.61
150,355.88,356.71,359.55,361.56,361.69,364.9,363.37,365.1,364.52,342.68
151,355.85,356.68,359.55,361.57,361.7,364.92,363.37,365.11,364.54,342.75
152,355.83,356.65,359.53,361.58,361.71,364.94,363.38,365.13,364.55,342.83
153,355.82,356.64,359.54,361.59,361.73,364.96,363.39,365.16,364.59,342.89
154,355.79,356.62,359.53,361.6,361.73,364.99,363.4,365.17,364.61,342.94
155,355.78,356.59,359.53,361.6,361.75,364.99,363.42,365.19,364.63,342.97
156,355.75,356.57,359.53,361.61,361.77,365.02,363.47,365.22,364.69,343.03
157,355.72,356.55,359.53,361.62,361.79,365.05,363.52,365.25,364.72,343.08
158,355.72,356.53,359.53,361.64,361.81,365.06,363.54,365.27,364.76,343.13
159,355.7,356.51,359.53,361.65,361.82,365.08,363.56,365.3,364.78,343.16
160,355.67,356.5,359.53,361.67,361.83,365.11,363.57,365.34,364.8,343.2
161,355.66,356.47,359.51,361.66,361.84,365.11,363.58,365.35,364.83,343.23
162,355.64,356.45,359.52,361.66,361.86,365.12,363.6,365.36,364.85,343.26
163,355.63,356.45,359.52,361.68,361.87,365.14,363.62,365.39,364.87,343.28
164,355.61,356.43,359.51,361.68,361.88,365.16,363.63,365.42,364.89,343.28
165,355.57,356.39,359.51,361.68,361.9,365.17,363.65,365.42,364.9,343.29
166,355.55,356.36,359.51,361.68,361.91,365.18,363.68,365.44,364.91,343.3
167,355.53,356.34,359.5,361.69,361.92,365.2,363.69,365.46,364.91,343.31
168,355.51,356.32,359.5,361.69,361.94,365.21,363.73,365.48,364.93,343.35
169,355.5,356.3,359.5,361.7,361.95,365.23,363.74,365.51,364.97,343.41
170,355.48,356.29,359.5,361.71,361.96,365.25,363.76,365.53,365.0,343.45
171,355.46,356.26,359.49,361.71,361.97,365.27,363.78,365.56,365.03,343.51
172,355.44,356.23,359.49,361.71,361.99,365.27,363.81,365.57,365.06,343.55
173,355.43,356.22,359.49,361.72,362.0,365.29,363.82,365.59,365.11,343.6
174,355.4,356.19,359.49,361.73,362.02,365.31,363.85,365.62,365.16,343.65
175,355.37,356.16,359.48,361.73,362.04,365.33,363.86,365.63,365.19,343.7
176,355.36,356.14,359.48,361.74,362.04,365.34,363.88,365.64,365.22,343.73
177,355.34,356.12,359.48,361.75,362.06,365.36,363.88,365.66,365.25,343.75
178,355.32,356.11,359.48,361.75,362.07,365.37,363.9,365.68,365.27,343.75
179,355.31,356.09,359.47,361.76,362.08,365.39,363.92,365.69,365.28,343.75
180,355.28,356.07,359.47,361.77,362.1,365.41,363.92,365.72,365.27,343.73
181,355.27,356.04,359.47,361.78,362.11,365.43,363.95,365.73,365.26,343.75
182,355.25,356.02,359.46,361.78,362.12,365.44,363.96,365.76,365.23,343.76
183,355.22,355.99,359.46,361.79,362.13,365.46,363.99,365.78,365.18,343.76
184,355.2,355.97,359.45,361.8,362.14,365.48,364.02,365.8,365.13,343.75
185,355.18,355.95,359.44,361.8,362.15,365.5,364.04,365.83,365.1,343.77
186,355.16,355.93,359.44,361.81,362.17,365.52,364.06,365.85,365.06,343.78
187,355.14,355.9,359.43,361.82,362.17,365.52,364.08,365.88,365.04,343.82
188,355.12,355.87,359.42,361.83,362.18,365.54,364.1,365.9,365.05,343.84
189,355.1,355.87,359.41,361.84,362.18,365.56,364.12,365.93,365.07,343.86
190,355.08,355.83,359.4,361.85,362.19,365.57,364.14,365.96,365.12,343.87
191,355.07,355.83,359.4,361.86,362.21,365.6,364.16,365.99,365.17,343.89
192,355.04,355.8,359.39,361.86,362.22,365.6,364.17,366.01,365.23,343.94
193,355.01,355.78,359.39,361.87,362.24,365.63,364.21,366.02,365.3,344.04
194,355.0,355.76,359.38,361.87,362.24,365.63,364.23,366.04,365.34,344.13
195,354.98,355.75,359.38,361.88,362.26,365.64,364.24,366.07,365.35,344.2
196,354.97,355.73,359.38,361.88,362.27,365.66,364.26,366.08,365.37,344.28
197,354.94,355.71,359.37,361.88,362.28,365.68,364.28,366.09,365.39,344.35
198,354.93,355.68,359.36,361.88,362.28,365.69,364.28,366.11,365.4,344.42
199,354.91,355.67,359.36,361.89,362.3,365.71,364.32,366.13,365.42,344.5
200,354.9,355.64,359.36,361.9,362.31,365.72,364.34,366.14,365.45,344.59
201,354.87,355.63,359.36,361.91,362.33,365.73,364.38,366.16,365.49,344.73
202,354.84,355.59,359.34,361.91,362.34,365.76,364.41,366.18,365.53,344.84
203,354.83,355.58,359.33,361.92,362.35,365.76,364.43,366.19,365.57,344.93
204,354.81,355.56,359.33,361.93,362.36,365.79,364.46,366.22,365.61,345.0
205,354.8,355.55,359.32,361.94,362.37,365.8,364.47,366.25,365.67,345.09
206,354.78,355.54,359.32,361.94,362.39,365.82,364.49,366.27,365.73,345.2
207,354.76,355.52,359.32,361.95,362.39,365.83,364.5,366.29,365.79,345.3
208,354.75,355.5,359.32,361.96,362.42,365.84,364.52,366.31,365.85,345.4
209,354.73,355.48,359.3,361.95,362.41,365.85,364.51,366.34,365.87,345.49
210,354.71,355.46,359.3,361.96,362.44,365.87,364.54,366.35,365.91,345.64
211,354.68,355.44,359.29,361.97,362.45,365.9,364.57,366.37,365.95,345.75
212,354.67,355.42,359.29,361.98,362.47,365.91,364.59,366.37,365.98,345.8
213,354.65,355.41,359.29,361.98,362.47,365.93,364.61,366.38,366.01,345.85
214,354.64,355.39,359.27,361.98,362.49,365.94,364.61,366.38,366.05,345.9
215,354.62,355.37,359.28,361.99,362.5,365.96,364.64,366.4,366.08,345.95
216,354.6,355.35,359.27,361.99,362.5,365.98,364.66,366.41,366.09,346.01
217,354.59,355.33,359.26,362.01,362.51,366.0,364.66,366.42,366.11,346.1
218,354.57,355.31,359.27,362.01,362.53,366.02,364.69,366.44,366.12,346.17
219,354.55,355.29,359.25,362.01,362.55,366.04,364.72,366.46,366.13,346.29
220,354.54,355.26,359.24,362.01,362.56,366.06,364.75,366.46,366.14,346.39
221,354.52,355.25,359.25,362.01,362.57,366.06,364.78,366.48,366.15,346.46
222,354.51,355.24,359.24,362.02,362.58,366.08,364.82,366.5,366.15,346.53
223,354.49,355.22,359.23,362.02,362.59,366.11,364.85,366.52,366.13,346.58
224,354.48,355.2,359.23,362.03,362.6,366.13,364.89,366.55,366.13,346.64
225,354.46,355.2,359.22,362.03,362.61,366.15,364.92,366.59,366.11,346.68
226,354.45,355.18,359.21,362.05,362.62,366.17,364.95,366.61,366.14,346.73
227,354.43,355.17,359.22,362.05,362.63,366.19,364.96,366.65,366.17,346.76
228,354.41,355.14,359.2,362.06,362.64,366.21,364.98,366.67,366.25,346.85
229,354.39,355.11,359.19,362.05,362.65,366.23,365.01,366.7,366.36,346.92
230,354.38,355.1,359.19,362.05,362.67,366.24,365.02,366.72,366.43,346.97
231,354.37,355.08,359.19,362.06,362.68,366.26,365.03,366.73,366.48,347.02
232,354.35,355.07,359.19,362.07,362.68,366.28,365.05,366.76,366.53,347.05
233,354.33,355.05,359.19,362.07,362.7,366.29,365.06,366.77,366.55,347.1
234,354.32,355.03,359.18,362.08,362.71,366.31,365.07,366.8,366.57,347.15
235,354.3,355.01,359.18,362.09,362.72,366.32,365.09,366.81,366.58,347.23
236,354.29,354.99,359.17,362.09,362.73,366.34,365.1,366.83,366.59,347.28
237,354.26,354.96,359.16,362.1,362.74,366.35,365.09,366.84,366.62,347.34
238,354.23,354.94,359.15,362.11,362.76,366.36,365.09,366.86,366.62,347.4
239,354.22,354.94,359.15,362.11,362.77,366.38,365.09,366.9,366.62,347.42
240,354.21,354.93,359.15,362.12,362.79,366.4,365.1,366.91,366.63,347.43
241,354.19,354.92,359.14,362.13,362.8,366.41,365.11,366.93,366.62,347.42
242,354.18,354.9,359.14,362.13,362.8,366.42,365.13,366.94,366.64,347.43
243,354.16,354.89,359.13,362.13,362.82,366.44,365.15,366.97,366.66,347.45
244,354.14,354.87,359.12,362.14,362.82,366.45,365.16,366.99,366.68,347.47
245,354.12,354.86,359.12,362.14,362.83,366.48,365.16,367.0,366.71,347.51
246,354.1,354.83,359.11,362.15,362.85,366.5,365.17,367.02,366.77,347.61
247,354.08,354.81,359.1,362.16,362.87,366.52,365.17,367.04,366.82,347.72
248,354.06,354.79,359.1,362.16,362.88,366.53,365.18,367.05,366.86,347.78
249,354.05,354.78,359.09,362.16,362.89,366.54,365.18,367.05,366.89,347.84
250,354.04,354.77,359.1,362.17,362.9,366.56,365.21,367.07,366.93,347.89
251,354.02,354.75,359.09,362.17,362.91,366.57,365.24,367.08,366.96,347.91
252,354.01,354.74,359.1,362.18,362.93,366.59,365.26,367.09,366.97,347.94
253,354.0,354.72,359.08,362.17,362.94,366.6,365.28,367.1,366.96,347.96
254,353.97,354.71,359.09,362.19,362.95,366.62,365.32,367.13,366.95,347.98
255,353.95,354.68,359.09,362.19,362.96,366.63,365.35,367.16,366.93,348.01
256,353.93,354.66,359.08,362.2,362.97,366.65,365.38,367.18,366.92,348.01
257,353.92,354.64,359.07,362.2,362.98,366.65,365.4,367.2,366.94,348.02
258,353.91,354.63,359.07,362.21,362.99,366.67,365.42,367.24,366.96,348.04
259,353.89,354.61,359.05,362.22,362.99,366.68,365.43,367.25,366.99,348.06
260,353.87,354.59,359.05,362.23,362.99,366.69,365.45,367.27,367.01,348.1
261,353.87,354.58,359.04,362.24,363.01,366.71,365.48,367.29,367.05,348.16
262,353.85,354.56,359.04,362.24,363.03,366.71,365.51,367.32,367.1,348.2
263,353.82,354.55,359.02,362.24,363.03,366.72,365.53,367.34,367.14,348.23
264,353.81,354.52,359.02,362.25,363.04,366.75,365.56,367.38,367.2,348.28
265,353.79,354.51,359.01,362.26,363.06,366.76,365.6,367.42,367.26,348.33
266,353.78,354.5,359.02,362.26,363.07,366.77,365.64,367.45,367.29,348.36
267,353.77,354.49,359.01,362.27,363.08,366.78,365.66,367.47,367.3,348.37
268,353.75,354.48,359.0,362.27,363.09,366.8,365.68,367.48,367.32,348.38
269,353.74,354.46,359.0,362.27,363.1,366.82,365.71,367.5,367.36,348.4
270,353.73,354.45,359.0,362.28,363.11,366.84,365.73,367.51,367.39,348.42
271,353.72,354.44,359.0,362.28,363.12,366.85,365.75,367.53,367.41,348.43
272,353.71,354.43,359.0,362.29,363.13,366.87,365.76,367.55,367.42,348.47
273,353.69,354.41,358.98,362.3,363.14,366.9,365.77,367.58,367.39,348.5
274,353.66,354.39,358.97,362.29,363.16,366.91,365.8,367.59,367.37,348.53
275,353.66,354.37,358.97,362.3,363.17,366.93,365.81,367.6,367.39,348.56
276,353.65,354.35,358.97,362.31,363.19,366.95,365.83,367.61,367.41,348.55
277,353.63,354.34,358.97,362.31,363.19,366.97,365.84,367.62,367.43,348.55
278,353.62,354.33,358.95,362.32,363.21,366.98,365.86,367.62,367.46,348.55
279,353.61,354.31,358.95,362.33,363.21,366.99,365.88,367.64,367.5,348.54
280,353.59,354.31,358.94,362.33,363.23,367.01,365.9,367.66,367.51,348.56
281,353.58,354.29,358.94,362.34,363.23,367.02,365.92,367.68,367.53,348.57
282,353.57,354.27,358.94,362.34,363.25,367.05,365.94,367.72,367.56,348.6
283,353.55,354.26,358.94,362.34,363.27,367.06,365.97,367.75,367.6,348.61
284,353.54,354.25,358.94,362.35,363.29,367.08,366.0,367.77,367.61,348.61
285,353.53,354.24,358.94,362.36,363.29,367.1,366.02,367.81,367.63,348.61
286,353.51,354.21,358.92,362.37,363.28,367.12,366.03,367.84,367.64,348.62
287,353.5,354.2,358.92,362.36,363.3,367.13,366.05,367.85,367.67,348.66
288,353.48,354.18,358.91,362.37,363.31,367.15,366.06,367.87,367.68,348.68
289,353.47,354.17,358.91,362.38,363.33,367.17,366.1,367.89,367.71,348.72
290,353.47,354.16,358.91,362.38,363.33,367.2,366.11,367.91,367.72,348.75
291,353.45,354.14,358.91,362.39,363.35,367.21,366.13,367.91,367.74,348.78
292,353.43,354.12,358.89,362.39,363.36,367.22,366.14,367.93,367.74,348.85
293,353.42,354.11,358.89,362.4,363.39,367.24,366.14,367.94,367.73,348.91
294,353.4,354.09,358.89,362.4,363.39,367.25,366.14,367.94,367.72,348.96
295,353.39,354.07,358.88,362.4,363.4,367.27,366.12,367.97,367.71,349.01
296,353.38,354.07,358.88,362.41,363.42,367.29,366.13,367.99,367.72,349.05
297,353.36,354.05,358.87,362.42,363.42,367.31,366.12,368.02,367.74,349.07
298,353.35,354.03,358.87,362.42,363.43,367.32,366.13,368.02,367.78,349.1
299,353.34,354.03,358.86,362.43,363.44,367.34,366.13,368.03,367.82,349.12
300,353.31,354.01,358.85,362.44,363.45,367.36,366.15,368.04,367.88,349.16
301,353.3,353.99,358.84,362.44,363.46,367.37,366.18,368.05,367.95,349.21
302,353.29,353.97,358.83,362.45,363.48,367.39,366.2,368.07,368.0,349.26
303,353.27,353.98,358.83,362.45,363.49,367.4,366.24,368.08,368.03,349.29
304,353.26,353.96,358.83,362.45,363.5,367.42,366.26,368.09,368.05,349.32
305,353.24,353.95,358.82,362.45,363.52,367.42,366.28,368.11,368.08,349.36
306,353.23,353.93,358.82,362.46,363.52,367.44,366.32,368.13,368.09,349.39
307,353.22,353.92,358.82,362.47,363.53,367.46,366.35,368.15,368.1,349.41
308,353.2,353.91,358.82,362.48,363.54,367.47,366.37,368.18,368.12,349.44
309,353.2,353.88,358.81,362.48,363.56,367.48,366.4,368.21,368.11,349.48
310,353.17,353.86,358.8,362.49,363.57,367.49,366.43,368.24,368.1,349.5
311,353.16,353.84,358.79,362.5,363.58,367.51,366.44,368.27,368.09,349.5
312,353.15,353.83,358.8,362.51,363.59,367.51,366.45,368.27,368.09,349.52
313,353.14,353.81,358.78,362.51,363.6,367.53,366.48,368.28,368.1,349.53
314,353.14,353.81,358.8,362.51,363.62,367.54,366.51,368.29,368.13,349.56
315,353.13,353.8,358.79,362.52,363.64,367.56,366.53,368.31,368.15,349.57
316,353.1,353.79,358.79,362.53,363.65,367.58,366.53,368.32,368.17,349.6
317,353.1,353.78,358.78,362.54,363.66,367.6,366.55,368.36,368.2,349.62
318,353.09,353.77,358.78,362.54,363.68,367.61,366.57,368.38,368.25,349.7
319,353.07,353.76,358.77,362.55,363.7,367.63,366.58,368.4,368.3,349.75
320,353.06,353.75,358.77,362.55,363.7,367.65,366.6,368.43,368.31,349.77
321,353.05,353.74,358.77,362.56,363.72,367.67,366.62,368.44,368.33,349.77
322,353.04,353.72,358.77,362.57,363.73,367.7,366.63,368.45,368.35,349.76
323,353.02,353.7,358.77,362.58,363.75,367.72,366.65,368.47,368.38,349.73
324,353.01,353.7,358.76,362.58,363.75,367.74,366.66,368.49,368.4,349.72
325,353.0,353.68,358.75,362.59,363.76,367.76,366.69,368.5,368.43,349.72
326,352.99,353.66,358.75,362.59,363.78,367.78,366.71,368.52,368.46,349.73
327,352.98,353.65,358.74,362.6,363.8,367.8,366.75,368.54,368.5,349.71
328,352.96,353.65,358.75,362.61,363.82,367.82,366.79,368.57,368.55,349.72
329,352.96,353.63,358.75,362.61,363.84,367.83,366.83,368.6,368.58,349.72
330,352.94,353.62,358.74,362.61,363.85,367.85,366.84,368.62,368.6,349.73
331,352.92,353.6,358.74,362.62,363.85,367.87,366.85,368.64,368.63,349.75
332,352.92,353.59,358.74,362.62,363.86,367.88,366.86,368.67,368.64,349.79
333,352.91,353.59,358.74,362.63,363.89,367.9,366.88,368.69,368.67,349.81
334,352.9,353.57,358.74,362.63,363.89,367.92,366.88,368.72,368.68,349.83
335,352.89,353.56,358.75,362.64,363.91,367.94,366.88,368.74,368.69,349.86
336,352.88,353.55,358.73,362.65,363.93,367.95,366.88,368.77,368.7,349.9
337,352.85,353.53,358.72,362.66,363.94,367.97,366.88,368.8,368.72,349.95
338,352.84,353.51,358.71,362.67,363.94,367.99,366.9,368.81,368.74,349.97
339,352.82,353.5,358.71,362.67,363.95,368.01,366.9,368.82,368.75,349.99
340,352.81,353.49,358.71,362.68,363.96,368.02,366.93,368.84,368.78,350.02
341,352.8,353.48,358.7,362.68,363.96,368.03,366.95,368.83,368.8,350.07
342,352.8,353.48,358.71,362.69,363.98,368.05,366.98,368.84,368.83,350.13
343,352.79,353.45,358.7,362.69,363.99,368.06,366.99,368.85,368.85,350.19
344,352.78,353.45,358.7,362.7,364.0,368.07,367.0,368.87,368.85,350.24
345,352.76,353.43,358.7,362.7,364.03,368.09,367.01,368.87,368.87,350.29
346,352.74,353.41,358.69,362.7,364.04,368.1,367.02,368.9,368.9,350.31
347,352.73,353.39,358.68,362.71,364.05,368.12,367.03,368.91,368.9,350.32
348,352.71,353.38,358.67,362.72,364.06,368.12,367.03,368.93,368.91,350.31
349,352.71,353.38,358.67,362.72,364.07,368.13,367.04,368.93,368.92,350.29
350,352.7,353.37,358.67,362.73,364.08,368.15,367.05,368.95,368.94,350.28
351,352.69,353.37,358.66,362.74,364.09,368.16,367.08,368.96,368.95,350.24
352,352.67,353.37,358.67,362.74,364.1,368.18,367.1,368.98,368.96,350.22
353,352.67,353.36,358.66,362.75,364.11,368.19,367.11,369.01,368.96,350.22
354,352.66,353.36,358.66,362.75,364.13,368.2,367.16,369.02,368.97,350.22
355,352.64,353.34,358.65,362.77,364.13,368.23,367.2,369.04,368.97,350.2
356,352.64,353.33,358.65,362.78,364.14,368.24,367.23,369.07,368.99,350.21
357,352.62,353.31,358.65,362.79,364.16,368.27,367.25,369.08,369.01,350.21
358,352.62,353.31,358.64,362.8,364.17,368.28,367.26,369.08,369.04,350.2
359,352.6,353.3,358.64,362.8,364.18,368.3,367.28,369.09,369.07,350.21
360,352.6,353.29,358.64,362.82,364.19,368.32,367.29,369.1,369.09,350.22
361,352.58,353.27,358.63,362.81,364.19,368.33,367.3,369.1,369.1,350.24
362,352.57,353.26,358.64,362.83,364.22,368.35,367.32,369.11,369.11,350.25
363,352.56,353.25,358.63,362.84,364.24,368.37,367.34,369.14,369.12,350.29
364,352.54,353.23,358.63,362.85,364.26,368.38,367.36,369.17,369.12,350.33
365,352.53,353.22,358.62,362.86,364.27,368.4,367.38,369.2,369.11,350.35
366,352.52,353.22,358.62,362.87,364.28,368.42,367.41,369.23,369.12,350.36
367,352.51,353.2,358.62,362.88,364.29,368.44,367.43,369.26,369.12,350.38
368,352.5,353.2,358.62,362.88,364.3,368.45,367.46,369.27,369.13,350.38
369,352.49,353.19,358.61,362.89,364.31,368.48,367.5,369.31,369.15,350.39
370,352.48,353.18,358.61,362.89,364.33,368.49,367.54,369.34,369.2,350.38
371,352.46,353.17,358.6,362.9,364.33,368.51,367.57,369.37,369.23,350.38
372,352.45,353.15,358.6,362.91,364.35,368.53,367.61,369.4,369.28,350.4
373,352.44,353.14,358.6,362.92,364.37,368.55,367.66,369.43,369.34,350.42
374,352.43,353.13,358.6,362.92,364.39,368.57,367.66,369.46,369.37,350.41
375,352.42,353.13,358.59,362.92,364.39,368.59,367.69,369.48,369.39,350.43
376,352.41,353.12,358.59,362.94,364.41,368.61,367.7,369.51,369.4,350.42
377,352.4,353.11,358.58,362.94,364.42,368.63,367.71,369.54,369.38,350.42
378,352.39,353.1,358.59,362.95,364.43,368.66,367.74,369.55,369.37,350.44
379,352.4,353.1,358.59,362.95,364.45,368.68,367.76,369.56,369.39,350.45
380,352.38,353.08,358.59,362.96,364.46,368.7,367.77,369.59,369.39,350.47
381,352.37,353.07,358.58,362.97,364.48,368.72,367.8,369.61,369.39,350.49
382,352.36,353.05,358.58,362.97,364.48,368.74,367.84,369.63,369.42,350.52
383,352.34,353.05,358.58,362.98,364.5,368.76,367.85,369.66,369.43,350.52
384,352.33,353.03,358.58,362.98,364.51,368.78,367.86,369.68,369.47,350.53
385,352.32,353.02,358.57,362.99,364.51,368.8,367.85,369.7,369.5,350.54
386,352.31,353.01,358.57,363.0,364.52,368.82,367.85,369.72,369.53,350.56
387,352.3,353.01,358.57,363.0,364.54,368.83,367.85,369.73,369.56,350.6
388,352.3,353.0,358.57,363.01,364.54,368.84,367.84,369.74,369.6,350.63
389,352.29,352.99,358.57,363.02,364.56,368.84,367.85,369.75,369.62,350.67
390,352.27,352.98,358.56,363.02,364.57,368.85,367.85,369.75,369.64,350.69
391,352.26,352.98,358.54,363.03,364.58,368.87,367.83,369.77,369.66,350.71
392,352.25,352.98,358.55,363.04,364.6,368.87,367.82,369.77,369.68,350.72
393,352.24,352.97,358.54,363.05,364.62,368.89,367.79,369.76,369.67,350.72
394,352.23,352.97,358.53,363.05,364.63,368.9,367.78,369.74,369.67,350.73
395,352.23,352.96,358.53,363.06,364.65,368.91,367.77,369.72,369.66,350.76
396,352.22,352.95,358.53,363.06,364.66,368.92,367.78,369.72,369.65,350.77
397,352.21,352.94,358.52,363.06,364.67,368.94,367.78,369.71,369.62,350.78
398,352.2,352.94,358.54,363.06,364.7,368.95,367.8,369.7,369.6,350.77
399,352.19,352.92,358.53,363.07,364.71,368.97,367.85,369.7,369.61,350.75
400,352.17,352.91,358.53,363.08,364.72,368.99,367.9,369.71,369.63,350.75
401,352.17,352.9,358.53,363.08,364.74,369.02,367.95,369.72,369.67,350.75
402,352.15,352.9,358.53,363.09,364.74,369.04,368.0,369.73,369.71,350.77
403,352.15,352.89,358.53,363.1,364.75,369.05,368.04,369.75,369.74,350.77
404,352.14,352.88,358.53,363.1,364.76,369.07,368.1,369.78,369.76,350.77
405,352.13,352.87,358.52,363.11,364.78,369.09,368.14,369.82,369.77,350.77
406,352.12,352.86,358.51,363.12,364.79,369.11,368.18,369.88,369.77,350.76
407,352.11,352.86,358.52,363.13,364.8,369.13,368.22,369.94,369.76,350.75
408,352.1,352.83,358.51,363.13,364.82,369.15,368.27,370.01,369.77,350.77
409,352.08,352.81,358.5,363.14,364.83,369.17,368.32,370.06,369.81,350.8
410,352.08,352.8,358.51,363.15,364.85,369.19,368.35,370.09,369.84,350.83
411,352.07,352.79,358.5,363.16,364.86,369.21,368.37,370.13,369.86,350.84
412,352.06,352.78,358.5,363.16,364.87,369.23,368.4,370.16,369.88,350.85
413,352.05,352.78,358.5,363.17,364.89,369.26,368.42,370.18,369.91,350.86
414,352.04,352.77,358.49,363.19,364.89,369.27,368.43,370.19,369.92,350.86
415,352.03,352.76,358.49,363.19,364.92,369.3,368.44,370.2,369.94,350.88
416,352.02,352.77,358.5,363.19,364.92,369.31,368.44,370.2,369.93,350.87
417,352.01,352.75,358.49,363.2,364.95,369.33,368.42,370.22,369.93,350.85
418,352.01,352.75,358.49,363.2,364.97,369.34,368.43,370.24,369.96,350.83
419,352.0,352.75,358.49,363.21,364.99,369.36,368.42,370.26,369.97,350.81
420,351.98,352.75,358.5,363.22,364.99,369.38,368.42,370.28,369.98,350.79
421,351.97,352.73,358.5,363.23,365.0,369.4,368.43,370.29,369.99,350.76
422,351.97,352.73,358.5,363.24,365.01,369.41,368.44,370.31,370.0,350.74
423,351.95,352.71,358.49,363.25,365.02,369.43,368.45,370.33,370.0,350.71
424,351.96,352.71,358.49,363.25,365.03,369.44,368.47,370.34,370.01,350.66
425,351.95,352.7,358.5,363.25,365.05,369.43,368.49,370.35,370.03,350.64
426,351.93,352.68,358.49,363.27,365.06,369.45,368.51,370.37,370.04,350.61
427,351.93,352.66,358.49,363.26,365.08,369.46,368.54,370.39,370.02,350.58
428,351.91,352.65,358.48,363.28,365.09,369.47,368.55,370.41,370.02,350.55
429,351.9,352.63,358.47,363.29,365.1,369.49,368.55,370.42,370.03,350.55
430,351.89,352.62,358.47,363.3,365.11,369.5,368.56,370.43,370.05,350.53
431,351.89,352.62,358.46,363.3,365.12,369.5,368.57,370.43,370.08,350.54
432,351.88,352.62,358.47,363.32,365.13,369.53,368.58,370.44,370.14,350.54
433,351.87,352.62,358.47,363.32,365.14,369.55,368.6,370.44,370.18,350.53
434,351.85,352.6,358.46,363.33,365.15,369.55,368.62,370.44,370.23,350.54
435,351.85,352.6,358.46,363.33,365.16,369.57,368.63,370.42,370.26,350.55
436,351.83,352.6,358.46,363.34,365.19,369.6,368.66,370.42,370.28,350.6
437,351.83,352.59,358.46,363.34,365.19,369.61,368.68,370.42,370.27,350.61
438,351.82,352.58,358.46,363.34,365.2,369.63,368.71,370.43,370.27,350.63
439,351.81,352.57,358.46,363.36,365.21,369.65,368.72,370.46,370.27,350.62
440,351.81,352.56,358.46,363.37,365.22,369.67,368.73,370.5,370.25,350.61
441,351.8,352.55,358.46,363.38,365.23,369.68,368.75,370.55,370.24,350.58
442,351.79,352.53,358.45,363.39,365.24,369.71,368.76,370.62,370.21,350.55
443,351.78,352.52,358.44,363.4,365.25,369.72,368.79,370.66,370.19,350.51
444,351.77,352.51,358.44,363.41,365.27,369.74,368.82,370.69,370.14,350.45
445,351.76,352.5,358.44,363.41,365.31,369.75,368.85,370.7,370.08,350.45
446,351.75,352.49,358.44,363.42,365.31,369.76,368.89,370.73,370.05,350.47
447,351.74,352.49,358.44,363.42,365.33,369.78,368.91,370.74,370.02,350.5
448,351.73,352.48,358.43,363.42,365.34,369.8,368.92,370.76,370.0,350.54
449,351.72,352.48,358.43,363.43,365.36,369.82,368.95,370.77,370.01,350.59
450,351.73,352.49,358.43,363.44,365.37,369.84,368.98,370.79,370.03,350.65
451,351.71,352.48,358.43,363.45,365.38,369.86,368.99,370.81,370.06,350.69
452,351.7,352.47,358.43,363.45,365.4,369.88,369.02,370.82,370.16,350.72
453,351.7,352.47,358.43,363.46,365.42,369.9,369.06,370.84,370.27,350.78
454,351.69,352.46,358.43,363.46,365.42,369.92,369.08,370.86,370.34,350.81
455,351.68,352.45,358.43,363.48,365.43,369.94,369.11,370.88,370.41,350.85
456,351.67,352.45,358.43,363.49,365.44,369.95,369.13,370.91,370.47,350.88
457,351.67,352.44,358.43,363.49,365.45,369.96,369.13,370.92,370.52,350.91
458,351.65,352.42,358.42,363.5,365.45,369.99,369.12,370.94,370.58,350.93
459,351.66,352.41,358.42,363.51,365.47,369.99,369.13,370.96,370.62,350.97
460,351.65,352.41,358.42,363.52,365.49,370.01,369.12,370.97,370.67,351.02
461,351.64,352.41,358.42,363.53,365.5,370.03,369.12,370.96,370.7,351.08
462,351.63,352.4,358.41,363.55,365.51,370.04,369.15,370.96,370.73,351.19
463,351.63,352.4,358.41,363.55,365.53,370.05,369.18,370.97,370.73,351.28
464,351.61,352.39,358.41,363.56,365.55,370.06,369.21,371.0,370.72,351.33
465,351.6,352.38,358.41,363.57,365.56,370.08,369.23,371.03,370.7,351.34
466,351.59,352.37,358.4,363.58,365.57,370.09,369.24,371.04,370.68,351.37
467,351.59,352.38,358.4,363.59,365.58,370.11,369.27,371.07,370.69,351.4
468,351.59,352.37,358.39,363.6,365.59,370.12,369.31,371.09,370.72,351.44
469,351.57,352.36,358.39,363.61,365.6,370.15,369.32,371.12,370.73,351.46
470,351.57,352.35,358.39,363.61,365.61,370.17,369.34,371.14,370.75,351.5
471,351.55,352.35,358.39,363.62,365.63,370.19,369.38,371.18,370.77,351.54
472,351.55,352.35,358.39,363.64,365.65,370.2,369.41,371.21,370.75,351.56
473,351.55,352.34,358.38,363.64,365.67,370.21,369.42,371.22,370.74,351.57
474,351.54,352.35,358.38,363.64,365.7,370.22,369.44,371.25,370.74,351.6
475,351.53,352.34,358.39,363.66,365.71,370.24,369.45,371.27,370.75,351.61
476,351.53,352.32,358.38,363.65,365.72,370.25,369.45,371.3,370.76,351.62
477,351.51,352.32,358.39,363.67,365.73,370.26,369.45,371.33,370.78,351.63
478,351.51,352.31,358.39,363.67,365.74,370.29,369.46,371.33,370.81,351.65
479,351.51,352.29,358.38,363.67,365.75,370.31,369.48,371.32,370.85,351.68
480,351.49,352.28,358.39,363.69,365.76,370.32,369.49,371.32,370.9,351.74
481,351.48,352.28,358.39,363.69,365.78,370.34,369.5,371.32,370.92,351.83
482,351.48,352.26,358.39,363.7,365.78,370.37,369.51,371.32,370.91,351.89
483,351.47,352.26,358.39,363.71,365.78,370.39,369.52,371.34,370.87,351.96
484,351.46,352.25,358.38,363.72,365.79,370.41,369.53,371.34,370.82,352.0
485,351.46,352.25,358.4,363.72,365.8,370.42,369.55,371.34,370.79,352.04
486,351.45,352.25,358.38,363.73,365.81,370.44,369.57,371.31,370.76,352.06
487,351.45,352.24,358.39,363.74,365.83,370.47,369.6,371.3,370.76,352.09
488,351.44,352.23,358.38,363.75,365.84,370.47,369.63,371.32,370.77,352.1
489,351.42,352.21,358.36,363.76,365.86,370.49,369.67,371.38,370.85,352.13
490,351.41,352.2,358.36,363.77,365.88,370.5,369.7,371.43,370.92,352.15
491,351.41,352.19,358.34,363.78,365.88,370.52,369.71,371.46,370.94,352.16
492,351.4,352.2,358.35,363.79,365.9,370.53,369.73,371.49,370.97,352.19
493,351.4,352.19,358.34,363.8,365.9,370.55,369.73,371.52,370.98,352.21
494,351.39,352.2,358.34,363.79,365.92,370.54,369.76,371.53,371.0,352.24
495,351.38,352.2,358.35,363.8,365.94,370.56,369.78,371.55,371.02,352.27
496,351.38,352.19,358.35,363.8,365.95,370.56,369.8,371.57,371.04,352.29
497,351.38,352.2,358.35,363.8,365.97,370.58,369.82,371.6,371.07,352.31
498,351.36,352.19,358.35,363.81,365.98,370.59,369.86,371.62,371.15,352.32
499,351.35,352.17,358.36,363.81,366.0,370.6,369.87,371.63,371.23,352.35
500,351.35,352.16,358.36,363.82,366.0,370.62,369.86,371.64,371.28,352.37
501,351.35,352.15,358.36,363.83,366.01,370.63,369.87,371.64,371.33,352.37
502,351.33,352.15,358.35,363.84,366.04,370.65,369.87,371.66,371.37,352.39
503,351.33,352.12,358.35,363.84,366.04,370.66,369.86,371.67,371.42,352.42
504,351.31,352.1,358.33,363.86,366.04,370.67,369.86,371.67,371.43,352.45
505,351.3,352.09,358.32,363.87,366.05,370.69,369.85,371.67,371.46,352.48
506,351.31,352.08,358.33,363.87,366.07,370.7,369.86,371.67,371.49,352.53
507,351.3,352.08,358.33,363.88,366.09,370.71,369.88,371.71,371.53,352.59
508,351.28,352.09,358.34,363.89,366.11,370.72,369.89,371.73,371.55,352.64
509,351.28,352.08,358.34,363.89,366.12,370.73,369.92,371.76,371.56,352.68
510,351.27,352.08,358.35,363.9,366.13,370.75,369.94,371.78,371.58,352.72
511,351.27,352.06,358.34,363.91,366.15,370.76,369.98,371.8,371.59,352.75
512,351.26,352.07,358.34,363.92,366.16,370.77,370.0,371.83,371.61,352.76
513,351.25,352.06,358.34,363.92,366.16,370.79,370.03,371.85,371.62,352.76
514,351.24,352.06,358.33,363.93,366.17,370.8,370.05,371.89,371.63,352.72
515,351.23,352.05,358.33,363.94,366.18,370.82,370.06,371.91,371.65,352.69
516,351.22,352.06,358.33,363.94,366.2,370.84,370.07,371.93,371.68,352.63
517,351.21,352.04,358.32,363.94,366.21,370.85,370.1,371.95,371.7,352.6
518,351.21,352.04,358.32,363.95,366.23,370.87,370.14,371.96,371.73,352.59
519,351.21,352.03,358.31,363.96,366.24,370.87,370.18,371.98,371.75,352.59
520,351.19,352.02,358.32,363.98,366.25,370.89,370.21,372.0,371.77,352.59
521,351.2,352.01,358.32,363.99,366.26,370.91,370.23,372.03,371.79,352.57
522,351.19,352.02,358.32,364.0,366.28,370.93,370.25,372.04,371.83,352.57
523,351.19,352.01,358.32,364.02,366.28,370.95,370.26,372.08,371.86,352.56
524,351.18,352.01,358.32,364.03,366.3,370.98,370.28,372.1,371.89,352.56
525,351.17,352.01,358.33,364.03,366.32,370.99,370.28,372.13,371.92,352.53
526,351.17,352.0,358.33,364.04,366.33,371.0,370.29,372.14,371.94,352.52
527,351.15,352.0,358.33,364.04,366.34,371.02,370.3,372.16,371.96,352.5
528,351.15,352.0,358.33,364.04,366.36,371.02,370.31,372.18,371.98,352.47
529,351.16,351.99,358.33,364.06,366.36,371.04,370.31,372.19,372.0,352.46
530,351.14,351.98,358.33,364.06,366.38,371.07,370.31,372.18,372.02,352.45
531,351.14,351.97,358.32,364.08,366.4,371.09,370.32,372.16,372.04,352.46
532,351.14,351.96,358.32,364.09,366.4,371.11,370.35,372.13,372.07,352.49
533,351.13,351.97,358.32,364.09,366.43,371.13,370.37,372.13,372.07,352.51
534,351.12,351.95,358.31,364.1,366.45,371.15,370.41,372.15,372.07,352.55
535,351.11,351.94,358.31,364.11,366.47,371.17,370.44,372.19,372.05,352.56
536,351.1,351.94,358.31,364.11,366.48,371.18,370.49,372.22,372.03,352.55
537,351.11,351.93,358.31,364.12,366.49,371.21,370.53,372.28,372.02,352.55
538,351.09,351.94,358.33,364.13,366.5,371.23,370.58,372.31,372.0,352.54
539,351.1,351.94,358.33,364.14,366.52,371.25,370.61,372.33,371.98,352.55
540,351.08,351.93,358.32,364.15,366.52,371.27,370.64,372.35,371.96,352.56
541,351.08,351.93,358.32,364.16,366.53,371.3,370.67,372.39,371.95,352.57
542,351.06,351.93,358.31,364.18,366.54,371.32,370.69,372.41,371.94,352.57
543,351.05,351.92,358.31,364.18,366.56,371.33,370.73,372.43,371.91,352.57
544,351.05,351.89,358.31,364.19,366.57,371.35,370.77,372.45,371.88,352.56
545,351.04,351.89,358.31,364.2,366.6,371.37,370.81,372.47,371.89,352.58
546,351.03,351.89,358.31,364.21,366.61,371.38,370.84,372.5,371.91,352.59
547,351.02,351.88,358.31,364.22,366.62,371.41,370.87,372.55,371.94,352.62
548,351.03,351.87,358.31,364.23,366.63,371.43,370.9,372.58,371.98,352.67
549,351.02,351.86,358.32,364.24,366.64,371.45,370.92,372.6,372.04,352.69
550,351.0,351.87,358.32,364.25,366.67,371.46,370.94,372.62,372.09,352.74
551,351.0,351.86,358.31,364.26,366.68,371.47,370.94,372.63,372.14,352.8
552,351.0,351.85,358.31,364.26,366.69,371.48,370.96,372.66,372.23,352.85
553,350.99,351.85,358.32,364.27,366.7,371.5,370.97,372.66,372.29,352.87
554,350.99,351.85,358.32,364.28,366.72,371.51,370.99,372.68,372.34,352.91
555,350.98,351.86,358.32,364.29,366.73,371.53,371.0,372.71,372.39,352.95
556,350.98,351.85,358.33,364.3,366.74,371.55,371.0,372.74,372.45,353.0
557,350.98,351.85,358.32,364.3,366.75,371.56,371.01,372.76,372.48,353.04
558,350.98,351.83,358.32,364.29,366.77,371.56,371.01,372.76,372.51,353.09
559,350.97,351.82,358.33,364.3,366.77,371.58,371.01,372.78,372.53,353.15
560,350.96,351.8,358.33,364.32,366.78,371.6,371.02,372.78,372.57,353.21
561,350.96,351.79,358.33,364.33,366.81,371.61,371.02,372.8,372.6,353.27
562,350.94,351.78,358.33,364.34,366.81,371.62,371.02,372.81,372.61,353.28
563,350.94,351.77,358.31,364.35,366.82,371.64,371.02,372.83,372.63,353.29
564,350.94,351.78,358.32,364.35,366.84,371.65,371.03,372.85,372.66,353.28
565,350.93,351.78,358.32,364.36,366.85,371.65,371.04,372.87,372.69,353.25
566,350.93,351.77,358.31,364.36,366.86,371.67,371.04,372.89,372.72,353.24
567,350.92,351.77,358.31,364.37,366.87,371.68,371.02,372.9,372.74,353.24
568,350.92,351.77,358.32,364.38,366.89,371.7,371.02,372.91,372.76,353.25
569,350.91,351.77,358.32,364.38,366.9,371.71,371.03,372.92,372.76,353.26
570,350.91,351.76,358.32,364.38,366.91,371.73,371.03,372.92,372.76,353.29
571,350.89,351.76,358.32,364.39,366.94,371.73,371.02,372.93,372.76,353.36
572,350.89,351.75,358.32,364.41,366.94,371.75,370.99,372.95,372.75,353.41
573,350.9,351.75,358.32,364.42,366.96,371.76,370.99,372.96,372.76,353.45
574,350.88,351.75,358.32,364.42,366.96,371.78,370.96,372.93,372.73,353.47
575,350.88,351.74,358.32,364.44,366.97,371.78,370.94,372.91,372.72,353.48
576,350.88,351.75,358.32,364.45,366.99,371.8,370.92,372.87,372.7,353.51
577,350.86,351.74,358.31,364.46,366.99,371.81,370.91,372.84,372.72,353.53
578,350.86,351.73,358.31,364.47,367.01,371.82,370.91,372.84,372.74,353.57
579,350.85,351.71,358.3,364.48,367.01,371.83,370.93,372.82,372.72,353.63
580,350.84,351.71,358.3,364.48,367.03,371.84,370.99,372.8,372.7,353.69
581,350.83,351.7,358.3,364.49,367.04,371.85,371.02,372.8,372.69,353.73
582,350.84,351.7,358.29,364.5,367.06,371.86,371.08,372.83,372.72,353.79
583,350.82,351.7,358.29,364.51,367.07,371.88,371.12,372.88,372.75,353.84
584,350.82,351.7,358.3,364.52,367.08,371.89,371.17,372.94,372.78,353.89
585,350.81,351.7,358.28,364.53,367.09,371.9,371.2,372.99,372.8,353.94
586,350.8,351.69,358.29,364.53,367.1,371.91,371.21,373.04,372.82,353.97
587,350.79,351.69,358.29,364.53,367.12,371.93,371.23,373.07,372.84,354.02
588,350.79,351.68,358.29,364.54,367.14,371.94,371.23,373.09,372.86,354.07
589,350.78,351.67,358.29,364.54,367.14,371.96,371.24,373.12,372.89,354.09
590,350.79,351.67,358.3,364.55,367.16,371.97,371.26,373.13,372.93,354.12
591,350.78,351.66,358.29,364.56,367.17,371.98,371.26,373.14,372.96,354.13
592,350.78,351.66,358.29,364.56,367.17,371.99,371.27,373.14,372.98,354.14
593,350.78,351.66,358.3,364.57,367.2,372.01,371.3,373.14,372.98,354.16
594,350.77,351.65,358.29,364.58,367.2,372.03,371.31,373.16,372.96,354.16
595,350.78,351.65,358.29,364.59,367.22,372.05,371.34,373.16,372.96,354.16
596,350.77,351.65,358.3,364.6,367.23,372.06,371.39,373.18,372.97,354.13
597,350.77,351.65,358.3,364.6,367.25,372.09,371.45,373.22,373.01,354.1
598,350.77,351.66,358.31,364.61,367.27,372.11,371.49,373.25,373.03,354.07
599,350.75,351.64,358.3,364.61,367.27,372.11,371.51,373.27,373.05,354.04
600,350.76,351.63,358.3,364.61,367.28,372.13,371.54,373.31,373.08,354.02
601,350.75,351.62,358.31,364.62,367.3,372.15,371.56,373.33,373.11,354.0
602,350.73,351.62,358.31,364.63,367.3,372.17,371.56,373.37,373.14,353.96
603,350.74,351.6,358.29,364.64,367.3,372.19,371.56,373.39,373.15,353.94
604,350.74,351.6,358.3,364.65,367.32,372.21,371.57,373.39,373.14,353.92
605,350.74,351.6,358.31,364.66,367.34,372.23,371.57,373.39,373.11,353.9
606,350.74,351.59,358.31,364.67,367.36,372.24,371.57,373.38,373.06,353.86
607,350.73,351.58,358.31,364.68,367.37,372.26,371.58,373.39,373.02,353.84
608,350.73,351.58,358.31,364.68,367.39,372.28,371.6,373.41,373.02,353.86
609,350.72,351.58,358.31,364.69,367.4,372.29,371.61,373.43,373.02,353.89
610,350.72,351.58,358.31,364.69,367.42,372.31,371.64,373.45,373.01,353.9
611,350.7,351.58,358.3,364.7,367.43,372.33,371.66,373.47,373.01,353.93
612,350.71,351.58,358.31,364.71,367.44,372.33,371.67,373.48,373.04,353.96
613,350.71,351.59,358.31,364.73,367.45,372.36,371.67,373.51,373.06,353.99
614,350.7,351.59,358.31,364.73,367.47,372.37,371.69,373.52,373.11,354.01
615,350.71,351.58,358.32,364.73,367.49,372.38,371.71,373.53,373.15,354.03
616,350.7,351.58,358.33,364.74,367.51,372.4,371.76,373.55,373.2,354.04
617,350.68,351.58,358.33,364.76,367.52,372.41,371.78,373.56,373.23,354.05
618,350.69,351.56,358.32,364.76,367.52,372.42,371.79,373.58,373.25,354.07
619,350.67,351.54,358.31,364.77,367.53,372.43,371.81,373.6,373.29,354.08
620,350.68,351.54,358.31,364.78,367.53,372.46,371.82,373.61,373.32,354.1
621,350.67,351.53,358.31,364.78,367.54,372.47,371.83,373.63,373.36,354.11
622,350.67,351.53,358.31,364.79,367.56,372.49,371.84,373.65,373.41,354.13
623,350.66,351.53,358.31,364.81,367.58,372.51,371.87,373.66,373.47,354.15
624,350.66,351.53,358.31,364.81,367.59,372.53,371.89,373.68,373.53,354.21
625,350.65,351.52,358.32,364.82,367.61,372.55,371.91,373.71,373.56,354.25
626,350.64,351.52,358.31,364.83,367.61,372.56,371.91,373.72,373.57,354.27
627,350.64,351.51,358.31,364.83,367.61,372.57,371.92,373.73,373.58,354.31
628,350.63,351.51,358.31,364.84,367.63,372.59,371.92,373.75,373.58,354.33
629,350.63,351.5,358.3,364.85,367.64,372.59,371.93,373.75,373.58,354.35
630,350.63,351.5,358.31,364.86,367.65,372.6,371.95,373.77,373.57,354.36
631,350.63,351.49,358.31,364.88,367.67,372.62,371.96,373.78,373.54,354.36
632,350.62,351.49,358.31,364.88,367.68,372.63,371.97,373.79,373.49,354.37
633,350.62,351.48,358.31,364.89,367.69,372.64,371.99,373.81,373.44,354.37
634,350.6,351.47,358.3,364.9,367.7,372.64,372.01,373.83,373.41,354.41
635,350.6,351.46,358.3,364.91,367.71,372.64,372.02,373.85,373.4,354.44
636,350.59,351.47,358.3,364.93,367.71,372.66,372.05,373.87,373.4,354.47
637,350.59,351.47,358.3,364.94,367.72,372.67,372.06,373.89,373.39,354.48
638,350.58,351.48,358.3,364.94,367.73,372.69,372.08,373.92,373.38,354.47
639,350.59,351.48,358.3,364.95,367.74,372.69,372.08,373.93,373.38,354.43
640,350.57,351.48,358.3,364.96,367.76,372.7,372.06,373.94,373.38,354.4
641,350.56,351.47,358.3,364.97,367.77,372.72,372.05,373.94,373.38,354.35
642,350.56,351.45,358.3,364.97,367.78,372.73,372.06,373.91,373.4,354.31
643,350.56,351.45,358.3,364.98,367.8,372.73,372.09,373.89,373.45,354.31
644,350.57,351.45,358.31,364.99,367.83,372.75,372.11,373.91,373.51,354.34
645,350.55,351.44,358.32,365.01,367.83,372.76,372.13,373.94,373.54,354.36
646,350.55,351.44,358.31,365.01,367.84,372.78,372.15,373.95,373.59,354.38
647,350.56,351.44,358.31,365.02,367.85,372.8,372.17,373.99,373.63,354.43
648,350.56,351.45,358.32,365.02,367.87,372.8,372.21,374.01,373.67,354.46
649,350.54,351.44,358.31,365.04,367.88,372.83,372.23,374.05,373.69,354.46
650,350.54,351.44,358.32,365.04,367.9,372.85,372.25,374.07,373.72,354.45
651,350.54,351.43,358.32,365.05,367.92,372.87,372.27,374.1,373.76,354.43
652,350.54,351.43,358.32,365.05,367.94,372.89,372.29,374.11,373.79,354.41
653,350.53,351.43,358.32,365.06,367.95,372.91,372.29,374.12,373.81,354.41
654,350.52,351.43,358.32,365.07,367.95,372.94,372.29,374.14,373.82,354.42
655,350.53,351.42,358.32,365.08,367.97,372.95,372.29,374.15,373.81,354.45
656,350.52,351.42,358.33,365.08,368.0,372.96,372.31,374.17,373.82,354.5
657,350.53,351.43,358.33,365.09,368.0,372.98,372.31,374.18,373.84,354.55
658,350.52,351.42,358.33,365.1,368.01,373.0,372.31,374.19,373.86,354.58
659,350.53,351.42,358.33,365.1,368.03,373.01,372.31,374.19,373.88,354.61
660,350.52,351.43,358.34,365.12,368.04,373.02,372.33,374.2,373.92,354.66
661,350.52,351.42,358.34,365.13,368.08,373.03,372.37,374.22,373.97,354.73
662,350.52,351.42,358.35,365.14,368.07,373.05,372.39,374.23,374.0,354.78
663,350.51,351.42,358.35,365.15,368.08,373.06,372.41,374.24,374.01,354.82
664,350.5,351.4,358.33,365.16,368.08,373.07,372.44,374.27,374.02,354.84
665,350.49,351.4,358.33,365.17,368.1,373.08,372.46,374.3,374.03,354.89
666,350.49,351.39,358.34,365.18,368.1,373.09,372.5,374.33,374.03,354.93
667,350.49,351.4,358.34,365.19,368.11,373.1,372.54,374.35,374.04,354.97
668,350.49,351.39,358.33,365.2,368.13,373.12,372.6,374.38,374.08,355.05
669,350.48,351.4,358.34,365.21,368.14,373.13,372.66,374.4,374.13,355.12
670,350.48,351.4,358.33,365.23,368.15,373.14,372.66,374.43,374.16,355.18
671,350.48,351.39,358.32,365.24,368.17,373.16,372.66,374.45,374.2,355.23
672,350.48,351.39,358.32,365.23,368.18,373.17,372.65,374.47,374.23,355.29
673,350.47,351.4,358.33,365.24,368.2,373.19,372.64,374.49,374.27,355.35
674,350.47,351.39,358.33,365.25,368.21,373.2,372.64,374.5,374.31,355.39
675,350.47,351.39,358.33,365.26,368.23,373.21,372.64,374.51,374.34,355.43
676,350.47,351.38,358.34,365.27,368.24,373.23,372.65,374.5,374.37,355.47
677,350.46,351.38,358.34,365.27,368.25,373.25,372.66,374.5,374.41,355.53
678,350.45,351.37,358.34,365.29,368.27,373.28,372.68,374.51,374.44,355.59
679,350.46,351.36,358.34,365.3,368.27,373.29,372.7,374.52,374.46,355.63
680,350.46,351.36,358.35,365.31,368.29,373.31,372.71,374.54,374.48,355.64
681,350.45,351.36,358.35,365.31,368.3,373.33,372.72,374.55,374.51,355.67
682,350.46,351.36,358.35,365.32,368.32,373.35,372.75,374.58,374.53,355.68
683,350.46,351.36,358.36,365.32,368.34,373.36,372.78,374.6,374.55,355.69
684,350.45,351.35,358.36,365.33,368.35,373.37,372.8,374.62,374.57,355.71
685,350.44,351.35,358.35,365.33,368.35,373.39,372.83,374.64,374.59,355.71
686,350.44,351.35,358.35,365.34,368.38,373.4,372.86,374.65,374.62,355.75
687,350.44,351.36,358.37,365.35,368.4,373.42,372.88,374.66,374.68,355.82
688,350.43,351.35,358.36,365.36,368.4,373.44,372.89,374.67,374.7,355.86
689,350.44,351.35,358.36,365.38,368.4,373.45,372.89,374.69,374.73,355.9
690,350.43,351.34,358.36,365.38,368.42,373.46,372.91,374.71,374.74,355.93
691,350.42,351.33,358.36,365.39,368.42,373.48,372.93,374.73,374.73,355.96
692,350.41,351.33,358.37,365.39,368.44,373.49,372.93,374.75,374.72,355.98
693,350.41,351.32,358.36,365.41,368.43,373.5,372.95,374.74,374.71,356.01
694,350.42,351.32,358.36,365.41,368.45,373.52,372.98,374.74,374.72,356.04
695,350.4,351.31,358.36,365.43,368.46,373.53,373.0,374.73,374.73,356.05
696,350.4,351.31,358.36,365.44,368.49,373.55,373.05,374.74,374.75,356.07
697,350.39,351.31,358.35,365.46,368.49,373.56,373.06,374.76,374.76,356.09
698,350.4,351.31,358.36,365.46,368.51,373.57,373.08,374.77,374.75,356.13
699,350.39,351.3,358.36,365.46,368.52,373.57,373.09,374.8,374.72,356.15
700,350.38,351.31,358.36,365.47,368.52,373.59,373.07,374.8,374.69,356.18
701,350.38,351.3,358.35,365.47,368.52,373.6,373.07,374.81,374.67,356.2
702,350.39,351.3,358.36,365.49,368.55,373.62,373.07,374.85,374.66,356.22
703,350.38,351.3,358.38,365.5,368.55,373.64,373.08,374.91,374.66,356.22
704,350.38,351.31,358.38,365.5,368.58,373.64,373.13,374.94,374.64,356.2
705,350.37,351.3,358.39,365.5,368.6,373.66,373.17,374.98,374.64,356.19
706,350.38,351.3,358.39,365.5,368.62,373.68,373.21,375.01,374.65,356.2
707,350.37,351.3,358.39,365.5,368.62,373.69,373.23,375.02,374.67,356.2
708,350.37,351.29,358.39,365.51,368.63,373.72,373.25,375.02,374.72,356.22
709,350.36,351.27,358.39,365.52,368.64,373.73,373.27,375.05,374.77,356.24
710,350.37,351.27,358.4,365.54,368.65,373.76,373.29,375.06,374.83,356.28
711,350.36,351.26,358.39,365.55,368.66,373.77,373.28,375.08,374.87,356.31
712,350.36,351.24,358.39,365.55,368.66,373.79,373.28,375.08,374.91,356.35
713,350.36,351.25,358.4,365.57,368.68,373.81,373.26,375.09,374.96,356.4
714,350.35,351.25,358.4,365.58,368.69,373.83,373.24,375.1,375.0,356.45
715,350.36,351.25,358.41,365.59,368.72,373.84,373.26,375.1,375.04,356.5
716,350.35,351.26,358.4,365.59,368.73,373.86,373.27,375.1,375.05,356.54
717,350.35,351.26,358.41,365.61,368.75,373.87,373.31,375.08,375.08,356.6
718,350.35,351.26,358.41,365.6,368.76,373.88,373.35,375.08,375.1,356.63
719,350.35,351.26,358.4,365.62,368.77,373.9,373.39,375.1,375.11,356.65
720,350.35,351.26,358.4,365.63,368.79,373.92,373.41,375.14,375.1,356.67
721,350.34,351.25,358.39,365.64,368.8,373.93,373.42,375.18,375.08,356.68
722,350.34,351.24,358.39,365.65,368.81,373.94,373.45,375.21,375.05,356.72
723,350.33,351.25,358.4,365.66,368.84,373.96,373.49,375.21,375.01,356.77
724,350.32,351.24,358.39,365.67,368.84,373.97,373.51,375.22,375.0,356.8
725,350.32,351.24,358.4,365.67,368.86,373.98,373.53,375.23,374.99,356.82
726,350.33,351.24,358.4,365.68,368.87,374.0,373.53,375.25,374.99,356.86
727,350.33,351.25,358.41,365.68,368.87,374.02,373.52,375.29,374.99,356.88
728,350.31,351.24,358.41,365.7,368.88,374.03,373.5,375.31,375.0,356.87
729,350.31,351.23,358.42,365.7,368.88,374.05,373.49,375.34,375.01,356.89
730,350.31,351.23,358.42,365.71,368.89,374.07,373.5,375.36,375.02,356.87
731,350.31,351.21,358.42,365.72,368.9,374.09,373.51,375.36,375.05,356.83
732,350.3,351.21,358.42,365.73,368.91,374.11,373.54,375.37,375.09,356.82
733,350.31,351.21,358.43,365.73,368.92,374.11,373.56,375.37,375.13,356.85
734,350.31,351.21,358.43,365.75,368.93,374.13,373.56,375.39,375.16,356.88
735,350.31,351.22,358.43,365.76,368.95,374.13,373.59,375.41,375.22,356.93
736,350.31,351.23,358.44,365.76,368.97,374.14,373.6,375.42,375.27,356.97
737,350.31,351.23,358.43,365.77,368.98,374.16,373.62,375.41,375.3,357.03
738,350.31,351.24,358.44,365.78,368.99,374.18,373.64,375.4,375.34,357.08
739,350.3,351.24,358.45,365.79,369.0,374.19,373.65,375.4,375.34,357.12
740,350.29,351.24,358.44,365.8,369.01,374.21,373.65,375.42,375.32,357.15
741,350.3,351.24,358.45,365.82,369.03,374.22,373.69,375.43,375.3,357.18
742,350.3,351.25,358.46,365.83,369.05,374.24,373.73,375.45,375.25,357.16
743,350.29,351.25,358.46,365.83,369.07,374.25,373.74,375.49,375.22,357.14
744,350.29,351.24,358.47,365.84,369.08,374.26,373.76,375.52,375.2,357.12
745,350.28,351.23,358.46,365.85,369.08,374.28,373.78,375.57,375.19,357.12
746,350.27,351.23,358.46,365.86,369.1,374.29,373.79,375.58,375.2,357.12
747,350.27,351.22,358.44,365.87,369.09,374.31,373.8,375.59,375.23,357.13
748,350.26,351.21,358.44,365.87,369.11,374.32,373.82,375.61,375.27,357.12
749,350.27,351.21,358.45,365.89,369.13,374.34,373.82,375.63,375.36,357.13
750,350.27,351.21,358.46,365.91,369.15,374.36,373.81,375.65,375.44,357.18
751,350.26,351.21,358.46,365.92,369.15,374.36,373.79,375.64,375.5,357.22
752,350.26,351.21,358.46,365.93,369.17,374.38,373.78,375.64,375.54,357.26
753,350.25,351.21,358.47,365.93,369.18,374.39,373.77,375.64,375.57,357.29
754,350.24,351.21,358.47,365.94,369.19,374.41,373.78,375.65,375.59,357.33
755,350.25,351.2,358.47,365.95,369.2,374.42,373.79,375.67,375.61,357.36
756,350.25,351.2,358.48,365.95,369.21,374.43,373.82,375.68,375.62,357.39
757,350.25,351.2,358.49,365.96,369.22,374.45,373.85,375.7,375.63,357.39
758,350.25,351.2,358.49,365.97,369.24,374.48,373.91,375.72,375.61,357.4
759,350.25,351.21,358.49,365.98,369.26,374.5,373.97,375.76,375.59,357.41
760,350.24,351.21,358.48,365.99,369.27,374.51,373.99,375.77,375.57,357.4
761,350.24,351.21,358.48,366.0,369.28,374.53,374.01,375.79,375.56,357.42
762,350.25,351.21,358.49,366.01,369.3,374.55,374.03,375.81,375.55,357.44
763,350.24,351.21,358.48,366.03,369.33,374.56,374.04,375.84,375.54,357.44
764,350.24,351.21,358.49,366.03,369.32,374.58,374.05,375.85,375.52,357.42
765,350.24,351.2,358.49,366.05,369.35,374.59,374.08,375.87,375.49,357.4
766,350.23,351.21,358.49,366.05,369.35,374.61,374.09,375.88,375.45,357.37
767,350.23,351.2,358.49,366.06,369.36,374.62,374.1,375.87,375.39,357.35
768,350.24,351.2,358.5,366.07,369.37,374.64,374.1,375.89,375.3,357.33
769,350.23,351.2,358.51,366.08,369.38,374.65,374.11,375.91,375.27,357.31
770,350.23,351.2,358.52,366.09,369.39,374.66,374.09,375.92,375.27,357.28
771,350.23,351.2,358.52,366.1,369.41,374.67,374.11,375.93,375.28,357.26
772,350.24,351.19,358.53,366.1,369.41,374.68,374.12,375.93,375.28,357.24
773,350.23,351.2,358.53,366.11,369.43,374.68,374.14,375.94,375.29,357.23
774,350.23,351.19,358.53,366.13,369.43,374.69,374.16,375.95,375.31,357.2
775,350.23,351.19,358.53,366.13,369.45,374.71,374.18,375.96,375.34,357.2
776,350.23,351.2,358.54,366.14,369.47,374.71,374.21,375.98,375.38,357.19
777,350.24,351.2,358.55,366.15,369.5,374.73,374.22,375.99,375.45,357.18
778,350.25,351.2,358.54,366.16,369.52,374.74,374.22,376.0,375.5,357.2
779,350.22,351.2,358.54,366.16,369.52,374.75,374.2,375.99,375.54,357.22
780,350.22,351.2,358.53,366.16,369.53,374.77,374.2,375.99,375.58,357.24
781,350.23,351.2,358.54,366.18,369.54,374.78,374.22,375.99,375.62,357.25
782,350.23,351.21,358.55,366.19,369.56,374.8,374.24,376.01,375.66,357.27
783,350.22,351.21,358.56,366.19,369.58,374.81,374.26,376.06,375.68,357.28
784,350.22,351.22,358.56,366.19,369.59,374.82,374.28,376.1,375.67,357.29
785,350.22,351.21,358.57,366.21,369.59,374.84,374.32,376.14,375.64,357.33
786,350.22,351.21,358.57,366.22,369.62,374.86,374.35,376.17,375.6,357.34
787,350.22,351.2,358.56,366.24,369.62,374.88,374.36,376.2,375.62,357.34
788,350.21,351.2,358.56,366.24,369.63,374.88,374.37,376.21,375.65,357.32
789,350.21,351.18,358.55,366.26,369.64,374.91,374.38,376.23,375.7,357.3
790,350.21,351.18,358.56,366.26,369.65,374.92,374.4,376.24,375.74,357.28
791,350.21,351.19,358.56,366.26,369.66,374.94,374.43,376.25,375.79,357.26
792,350.22,351.18,358.57,366.27,369.68,374.95,374.45,376.27,375.82,357.24
793,350.21,351.19,358.58,366.28,369.68,374.97,374.45,376.29,375.83,357.22
794,350.2,351.19,358.59,366.29,369.7,374.99,374.48,376.29,375.85,357.19
795,350.2,351.18,358.59,366.3,369.7,375.01,374.5,376.29,375.86,357.16
796,350.21,351.18,358.59,366.31,369.71,375.03,374.51,376.28,375.86,357.18
797,350.21,351.18,358.59,366.33,369.73,375.04,374.52,376.29,375.88,357.22
798,350.2,351.18,358.59,366.34,369.74,375.06,374.53,376.31,375.88,357.24
799,350.2,351.19,358.59,366.34,369.76,375.08,374.54,376.34,375.9,357.28
800,350.21,351.19,358.59,366.35,369.77,375.09,374.54,376.36,375.92,357.28
801,350.21,351.2,358.6,366.36,369.78,375.1,374.55,376.38,375.95,357.28
802,350.21,351.2,358.59,366.36,369.8,375.1,374.55,376.4,375.99,357.25
803,350.2,351.2,358.6,366.37,369.81,375.12,374.55,376.44,376.06,357.23
804,350.2,351.21,358.62,366.38,369.83,375.12,374.56,376.46,376.11,357.23
805,350.19,351.21,358.62,366.39,369.83,375.14,374.55,376.48,376.13,357.22
806,350.2,351.2,358.62,366.39,369.84,375.15,374.56,376.49,376.14,357.21
807,350.21,351.21,358.64,366.4,369.85,375.16,374.57,376.49,376.14,357.22
808,350.2,351.21,358.63,366.41,369.86,375.17,374.58,376.51,376.14,357.24
809,350.21,351.2,358.64,366.42,369.88,375.18,374.58,376.52,376.15,357.26
810,350.19,351.2,358.64,366.44,369.89,375.2,374.58,376.54,376.16,357.27
811,350.21,351.2,358.64,366.45,369.9,375.22,374.56,376.54,376.16,357.29
812,350.2,351.2,358.64,366.46,369.91,375.22,374.57,376.52,376.18,357.3
813,350.2,351.19,358.64,366.47,369.94,375.24,374.6,376.5,376.22,357.35
814,350.2,351.18,358.63,366.48,369.95,375.26,374.64,376.49,376.23,357.41
815,350.21,351.18,358.64,366.5,369.95,375.28,374.69,376.49,376.24,357.47
816,350.21,351.19,358.65,366.5,369.98,375.29,374.74,376.51,376.22,357.53
817,350.19,351.2,358.66,366.52,369.98,375.31,374.79,376.55,376.17,357.57
818,350.2,351.2,358.65,366.52,369.99,375.33,374.82,376.58,376.13,357.63
819,350.2,351.21,358.66,366.53,370.0,375.34,374.84,376.62,376.11,357.68
820,350.19,351.21,358.66,366.53,370.01,375.34,374.85,376.64,376.11,357.72
821,350.19,351.2,358.66,366.54,370.03,375.36,374.87,376.65,376.14,357.77
822,350.18,351.2,358.66,366.54,370.04,375.38,374.86,376.65,376.18,357.79
823,350.19,351.2,358.66,366.55,370.05,375.38,374.87,376.66,376.23,357.8
824,350.19,351.19,358.66,366.56,370.06,375.39,374.88,376.66,376.28,357.8
825,350.17,351.18,358.66,366.56,370.07,375.41,374.89,376.64,376.32,357.81
826,350.18,351.19,358.67,366.59,370.08,375.43,374.91,376.62,376.36,357.84
827,350.19,351.19,358.68,366.59,370.09,375.44,374.94,376.6,376.4,357.88
828,350.18,351.17,358.68,366.6,370.1,375.46,374.95,376.64,376.41,357.9
829,350.18,351.18,358.68,366.61,370.1,375.48,374.97,376.67,376.42,357.91
830,350.18,351.17,358.7,366.61,370.13,375.49,375.0,376.7,376.43,357.95
831,350.19,351.17,358.69,366.62,370.13,375.51,375.03,376.73,376.44,357.97
832,350.19,351.17,358.7,366.63,370.15,375.53,375.04,376.78,376.47,357.97
833,350.2,351.18,358.7,366.63,370.16,375.55,375.06,376.83,376.49,357.97
834,350.19,351.18,358.7,366.64,370.17,375.56,375.06,376.87,376.47,357.96
835,350.18,351.17,358.69,366.65,370.19,375.58,375.07,376.88,376.44,357.96
836,350.18,351.17,358.69,366.66,370.2,375.59,375.08,376.9,376.44,357.96
837,350.18,351.18,358.69,366.66,370.21,375.61,375.09,376.9,376.45,357.95
838,350.18,351.18,358.7,366.67,370.23,375.61,375.09,376.91,376.49,357.94
839,350.18,351.18,358.7,366.67,370.24,375.61,375.09,376.91,376.53,357.92
840,350.18,351.2,358.71,366.68,370.25,375.62,375.09,376.92,376.58,357.91
841,350.18,351.19,358.71,366.69,370.26,375.62,375.1,376.91,376.59,357.91
842,350.18,351.19,358.71,366.69,370.27,375.63,375.12,376.91,376.59,357.91
843,350.17,351.18,358.71,366.69,370.26,375.63,375.11,376.92,376.58,357.9
844,350.17,351.17,358.71,366.71,370.26,375.63,375.11,376.91,376.59,357.9
845,350.16,351.16,358.71,366.72,370.28,375.64,375.12,376.94,376.59,357.89
846,350.15,351.16,358.71,366.74,370.28,375.64,375.14,376.94,376.59,357.87
847,350.16,351.15,358.71,366.75,370.29,375.66,375.16,376.96,376.61,357.86
848,350.15,351.15,358.71,366.75,370.3,375.65,375.19,376.97,376.65,357.85
849,350.16,351.16,358.71,366.78,370.33,375.67,375.22,377.0,376.71,357.88
850,350.16,351.17,358.71,366.79,370.33,375.69,375.23,377.01,376.74,357.89
851,350.16,351.17,358.73,366.8,370.35,375.7,375.24,377.0,376.78,357.91
852,350.16,351.16,358.72,366.8,370.36,375.7,375.26,377.0,376.81,357.94
853,350.15,351.18,358.73,366.8,370.37,375.72,375.26,377.01,376.82,357.96
854,350.15,351.17,358.73,366.8,370.38,375.73,375.25,377.02,376.85,357.97
855,350.16,351.17,358.73,366.8,370.39,375.76,375.24,377.04,376.88,357.98
856,350.16,351.17,358.73,366.81,370.42,375.78,375.24,377.06,376.9,358.01
857,350.16,351.18,358.74,366.82,370.44,375.79,375.24,377.07,376.87,358.04
858,350.17,351.18,358.74,366.83,370.45,375.81,375.27,377.06,376.82,358.07
859,350.15,351.16,358.74,366.83,370.46,375.83,375.29,377.07,376.78,358.07
860,350.16,351.16,358.75,366.83,370.47,375.84,375.31,377.08,376.77,358.08
861,350.16,351.15,358.75,366.84,370.49,375.86,375.34,377.11,376.78,358.1
862,350.16,351.15,358.76,366.84,370.49,375.88,375.36,377.14,376.78,358.12
863,350.17,351.15,358.78,366.85,370.51,375.89,375.37,377.17,376.77,358.11
864,350.17,351.14,358.78,366.86,370.51,375.91,375.38,377.18,376.77,358.13
865,350.17,351.15,358.79,366.86,370.52,375.92,375.39,377.19,376.8,358.13
866,350.17,351.14,358.79,366.87,370.52,375.94,375.4,377.2,376.84,358.14
867,350.17,351.14,358.79,366.88,370.53,375.96,375.4,377.22,376.86,358.14
868,350.16,351.14,358.79,366.9,370.54,375.97,375.39,377.23,376.88,358.14
869,350.17,351.14,358.78,366.91,370.55,375.99,375.41,377.24,376.89,358.12
870,350.16,351.15,358.78,366.92,370.57,376.01,375.42,377.25,376.88,358.11
871,350.16,351.14,358.8,366.93,370.58,376.02,375.44,377.25,376.88,358.1
872,350.16,351.15,358.78,366.94,370.58,376.03,375.46,377.26,376.89,358.12
873,350.15,351.15,358.78,366.94,370.59,376.04,375.49,377.26,376.91,358.13
874,350.16,351.15,358.78,366.95,370.6,376.05,375.51,377.27,376.94,358.15
875,350.17,351.16,358.79,366.96,370.63,376.06,375.53,377.31,376.96,358.17
876,350.18,351.17,358.8,366.97,370.65,376.07,375.54,377.34,376.98,358.19
877,350.18,351.17,358.81,366.98,370.65,376.08,375.55,377.38,376.99,358.18
878,350.16,351.16,358.81,366.98,370.67,376.09,375.57,377.4,376.99,358.16
879,350.17,351.17,358.82,366.99,370.69,376.09,375.59,377.42,377.0,358.17
880,350.18,351.15,358.82,367.0,370.71,376.1,375.62,377.44,377.01,358.17
881,350.18,351.15,358.82,367.0,370.72,376.1,375.63,377.45,377.01,358.18
882,350.17,351.15,358.83,367.01,370.73,376.1,375.64,377.47,377.01,358.19
883,350.17,351.15,358.83,367.01,370.74,376.11,375.65,377.48,377.01,358.2
884,350.17,351.14,358.84,367.02,370.75,376.12,375.66,377.49,377.05,358.23
885,350.18,351.12,358.85,367.02,370.76,376.14,375.68,377.5,377.12,358.28
886,350.17,351.12,358.86,367.03,370.76,376.14,375.68,377.51,377.17,358.32
887,350.16,351.13,358.86,367.04,370.77,376.16,375.69,377.53,377.21,358.35
888,350.17,351.13,358.85,367.05,370.78,376.17,375.7,377.56,377.27,358.39
889,350.17,351.14,358.87,367.06,370.78,376.18,375.72,377.57,377.3,358.44
890,350.17,351.14,358.86,367.07,370.79,376.2,375.71,377.57,377.33,358.49
891,350.19,351.13,358.87,367.08,370.8,376.22,375.72,377.58,377.35,358.55
892,350.17,351.14,358.87,367.09,370.81,376.23,375.71,377.58,377.37,358.61
893,350.18,351.13,358.86,367.1,370.83,376.24,375.72,377.58,377.41,358.68
894,350.18,351.14,358.85,367.11,370.84,376.26,375.74,377.57,377.44,358.74
895,350.17,351.15,358.85,367.12,370.85,376.28,375.76,377.56,377.48,358.78
896,350.19,351.16,358.86,367.13,370.87,376.3,375.8,377.57,377.5,358.81
897,350.18,351.17,358.86,367.15,370.88,376.31,375.82,377.58,377.51,358.82
898,350.18,351.17,358.87,367.16,370.89,376.33,375.84,377.61,377.51,358.83
899,350.18,351.16,358.86,367.17,370.89,376.35,375.85,377.66,377.52,358.83
900,350.18,351.17,358.86,367.19,370.9,376.37,375.85,377.7,377.52,358.83
901,350.18,351.16,358.87,367.2,370.92,376.38,375.86,377.71,377.54,358.84
902,350.18,351.17,358.89,367.2,370.94,376.39,375.89,377.71,377.57,358.83
903,350.18,351.16,358.89,367.21,370.96,376.41,375.93,377.71,377.59,358.85
904,350.18,351.17,358.9,367.21,370.97,376.43,375.96,377.74,377.61,358.88
905,350.18,351.16,358.91,367.21,370.98,376.45,375.98,377.77,377.65,358.91
906,350.19,351.16,358.92,367.22,370.99,376.47,376.01,377.8,377.65,358.93
907,350.18,351.15,358.92,367.22,371.0,376.48,376.04,377.82,377.67,358.94
908,350.18,351.15,358.92,367.23,371.0,376.51,376.06,377.85,377.68,358.96
909,350.17,351.14,358.92,367.24,371.02,376.52,376.06,377.87,377.7,358.95
910,350.17,351.13,358.92,367.24,371.02,376.55,376.09,377.89,377.71,358.93
911,350.17,351.14,358.92,367.25,371.04,376.57,376.1,377.91,377.71,358.92
912,350.17,351.15,358.92,367.25,371.05,376.58,376.12,377.93,377.68,358.92
913,350.18,351.15,358.92,367.26,371.06,376.6,376.15,377.95,377.65,358.95
914,350.18,351.16,358.93,367.27,371.06,376.62,376.17,377.96,377.63,358.95
915,350.17,351.16,358.94,367.29,371.09,376.64,376.19,377.97,377.62,358.96
916,350.18,351.16,358.95,367.3,371.09,376.65,376.2,377.99,377.6,358.97
917,350.18,351.16,358.95,367.31,371.1,376.67,376.21,377.99,377.6,358.96
918,350.18,351.16,358.94,367.32,371.11,376.67,376.24,378.01,377.59,358.93
919,350.18,351.16,358.95,367.33,371.12,376.7,376.24,378.02,377.58,358.91
920,350.18,351.17,358.95,367.34,371.14,376.71,376.26,378.03,377.57,358.86
921,350.18,351.17,358.95,367.36,371.14,376.72,376.27,378.05,377.59,358.79
922,350.17,351.18,358.94,367.37,371.15,376.73,376.27,378.07,377.61,358.76
923,350.18,351.17,358.96,367.39,371.16,376.73,376.29,378.09,377.63,358.77
924,350.18,351.17,358.96,367.4,371.17,376.74,376.3,378.11,377.64,358.79
925,350.18,351.16,358.96,367.42,371.19,376.75,376.32,378.14,377.66,358.79
926,350.17,351.17,358.96,367.43,371.2,376.75,376.32,378.15,377.68,358.79
927,350.18,351.17,358.96,367.45,371.22,376.76,376.32,378.17,377.71,358.81
928,350.18,351.18,358.97,367.45,371.24,376.76,376.33,378.18,377.75,358.82
929,350.18,351.17,358.98,367.46,371.24,376.76,376.32,378.19,377.78,358.86
930,350.17,351.16,358.98,367.46,371.26,376.77,376.33,378.19,377.78,358.92
931,350.16,351.16,358.97,367.47,371.27,376.78,376.33,378.18,377.76,358.96
932,350.17,351.17,358.97,367.48,371.29,376.79,376.33,378.19,377.75,358.99
933,350.18,351.17,358.99,367.48,371.3,376.8,376.33,378.2,377.73,359.0
934,350.18,351.18,358.99,367.48,371.32,376.81,376.33,378.21,377.72,359.0
935,350.18,351.18,359.01,367.49,371.33,376.82,376.33,378.19,377.72,358.97
936,350.17,351.17,359.01,367.5,371.34,376.84,376.33,378.18,377.72,358.95
937,350.18,351.17,359.02,367.51,371.34,376.85,376.33,378.19,377.74,358.96
938,350.18,351.17,359.02,367.52,371.35,376.86,376.35,378.19,377.71,359.02
939,350.18,351.17,359.02,367.53,371.36,376.88,376.39,378.18,377.67,359.07
940,350.19,351.17,359.02,367.55,371.37,376.91,376.42,378.16,377.66,359.11
941,350.18,351.17,359.0,367.55,371.38,376.92,376.47,378.15,377.64,359.16
942,350.18,351.16,359.01,367.56,371.39,376.94,376.5,378.15,377.65,359.19
943,350.18,351.17,359.01,367.58,371.4,376.95,376.52,378.2,377.68,359.25
944,350.18,351.15,359.01,367.58,371.4,376.97,376.56,378.27,377.74,359.3
945,350.18,351.16,359.01,367.59,371.41,376.98,376.59,378.32,377.81,359.35
946,350.19,351.16,359.02,367.6,371.42,377.0,376.63,378.37,377.87,359.4
947,350.18,351.17,359.02,367.61,371.44,377.02,376.64,378.4,377.95,359.45
948,350.19,351.19,359.04,367.62,371.45,377.05,376.65,378.41,378.03,359.53
949,350.2,351.21,359.04,367.63,371.47,377.06,376.65,378.42,378.07,359.59
950,350.19,351.22,359.04,367.65,371.47,377.08,376.62,378.42,378.11,359.63
951,350.19,351.22,359.04,367.65,371.48,377.09,376.58,378.44,378.15,359.67
952,350.19,351.21,359.04,367.66,371.5,377.12,376.56,378.45,378.18,359.68
953,350.19,351.21,359.04,367.67,371.5,377.13,376.55,378.45,378.2,359.69
954,350.19,351.21,359.05,367.67,371.53,377.13,376.55,378.45,378.22,359.69
955,350.2,351.2,359.07,367.68,371.55,377.13,376.56,378.45,378.24,359.7
956,350.2,351.2,359.08,367.69,371.56,377.15,376.58,378.45,378.24,359.71
957,350.19,351.19,359.09,367.69,371.58,377.16,376.63,378.44,378.22,359.72
958,350.19,351.19,359.1,367.69,371.58,377.16,376.66,378.44,378.19,359.72
959,350.2,351.19,359.1,367.71,371.59,377.17,376.71,378.46,378.18,359.73
960,350.2,351.18,359.1,367.72,371.58,377.19,376.75,378.47,378.15,359.74
961,350.2,351.19,359.11,367.72,371.59,377.19,376.77,378.49,378.15,359.74
962,350.2,351.19,359.1,367.73,371.59,377.2,376.79,378.52,378.15,359.72
963,350.21,351.19,359.11,367.72,371.6,377.2,376.78,378.53,378.16,359.69
964,350.22,351.2,359.11,367.73,371.62,377.21,376.77,378.57,378.2,359.67
965,350.22,351.21,359.12,367.74,371.64,377.22,376.73,378.62,378.23,359.63
966,350.22,351.23,359.12,367.76,371.66,377.23,376.7,378.62,378.25,359.61
967,350.23,351.23,359.12,367.75,371.67,377.24,376.69,378.6,378.26,359.58
968,350.24,351.24,359.12,367.77,371.68,377.24,376.7,378.58,378.24,359.57
969,350.23,351.26,359.13,367.78,371.7,377.25,376.7,378.56,378.17,359.55
970,350.24,351.25,359.13,367.79,371.7,377.25,376.71,378.55,378.11,359.54
971,350.23,351.25,359.13,367.8,371.71,377.25,376.72,378.55,378.06,359.54
972,350.24,351.24,359.13,367.81,371.72,377.26,376.74,378.55,378.05,359.54
973,350.24,351.25,359.14,367.82,371.73,377.28,376.77,378.59,378.07,359.55
974,350.23,351.24,359.15,367.83,371.73,377.29,376.78,378.61,378.12,359.55
975,350.23,351.23,359.15,367.85,371.74,377.31,376.82,378.65,378.13,359.56
976,350.23,351.23,359.15,367.87,371.75,377.32,376.84,378.68,378.15,359.58
977,350.24,351.24,359.16,367.87,371.77,377.34,376.89,378.69,378.18,359.59
978,350.24,351.26,359.17,367.88,371.79,377.36,376.92,378.7,378.21,359.6
979,350.23,351.25,359.17,367.89,371.8,377.38,376.94,378.74,378.23,359.61
980,350.25,351.27,359.17,367.89,371.82,377.39,376.96,378.78,378.26,359.64
981,350.24,351.27,359.16,367.89,371.83,377.4,376.96,378.81,378.27,359.66
982,350.24,351.27,359.18,367.9,371.84,377.43,376.98,378.83,378.29,359.68
983,350.24,351.27,359.19,367.91,371.86,377.46,377.02,378.85,378.33,359.71
984,350.24,351.26,359.2,367.92,371.86,377.46,377.06,378.87,378.41,359.74
985,350.23,351.25,359.21,367.93,371.88,377.5,377.08,378.89,378.45,359.74
986,350.23,351.25,359.2,367.93,371.88,377.5,377.09,378.89,378.5,359.75
987,350.23,351.24,359.21,367.93,371.89,377.52,377.1,378.91,378.54,359.76
988,350.24,351.24,359.2,367.93,371.89,377.53,377.11,378.94,378.58,359.78
989,350.23,351.25,359.21,367.94,371.9,377.56,377.13,378.95,378.61,359.8
990,350.24,351.25,359.22,367.96,371.92,377.57,377.15,378.95,378.64,359.81
991,350.23,351.26,359.22,367.96,371.91,377.57,377.17,378.97,378.64,359.81
992,350.24,351.26,359.22,367.97,371.93,377.57,377.16,378.97,378.66,359.81
993,350.24,351.27,359.22,367.99,371.95,377.57,377.13,378.99,378.67,359.81
994,350.25,351.28,359.21,368.01,371.96,377.59,377.11,379.0,378.67,359.83
995,350.24,351.28,359.21,368.02,371.97,377.6,377.1,379.0,378.66,359.83
996,350.24,351.28,359.21,368.02,371.97,377.61,377.09,379.0,378.63,359.84
997,350.24,351.29,359.22,368.04,371.98,377.61,377.09,379.0,378.58,359.87
998,350.24,351.3,359.22,368.04,372.0,377.62,377.09,379.0,378.45,359.86
999,350.24,351.29,359.23,368.04,372.01,377.63,377.1,378.99,378.38,359.85
1000,350.23,351.29,359.23,368.05,372.01,377.64,377.11,379.0,378.33,359.83
1001,350.24,351.29,359.25,368.06,372.03,377.64,377.15,379.01,378.35,359.8
1002,350.24,351.29,359.25,368.06,372.04,377.66,377.15,379.03,378.39,359.8
1003,350.25,351.28,359.26,368.08,372.06,377.67,377.16,379.04,378.43,359.79
1004,350.24,351.27,359.26,368.08,372.06,377.69,377.16,379.05,378.47,359.8
1005,350.25,351.27,359.25,368.08,372.07,377.7,377.18,379.06,378.53,359.81
1006,350.25,351.29,359.27,368.09,372.08,377.7,377.2,379.06,378.57,359.83
1007,350.25,351.28,359.27,368.1,372.09,377.72,377.23,379.06,378.61,359.86
1008,350.26,351.28,359.27,368.1,372.09,377.72,377.25,379.07,378.64,359.89
1009,350.26,351.28,359.28,368.11,372.11,377.75,377.27,379.11,378.66,359.92
1010,350.26,351.3,359.3,368.12,372.12,377.76,377.3,379.17,378.69,359.94
1011,350.27,351.3,359.3,368.12,372.14,377.76,377.34,379.19,378.68,359.99
1012,350.27,351.3,359.3,368.14,372.16,377.78,377.36,379.21,378.65,360.02
1013,350.27,351.31,359.31,368.14,372.17,377.79,377.37,379.22,378.64,360.05
1014,350.28,351.31,359.3,368.15,372.17,377.79,377.37,379.23,378.65,360.07
1015,350.28,351.31,359.31,368.15,372.19,377.8,377.39,379.23,378.71,360.11
1016,350.28,351.32,359.31,368.16,372.19,377.81,377.41,379.24,378.76,360.13
1017,350.28,351.32,359.31,368.17,372.21,377.83,377.43,379.24,378.81,360.17
1018,350.28,351.32,359.32,368.19,372.22,377.85,377.45,379.25,378.84,360.2
1019,350.29,351.32,359.32,368.19,372.24,377.85,377.49,379.26,378.86,360.25
1020,350.29,351.32,359.32,368.21,372.25,377.88,377.5,379.28,378.88,360.3
1021,350.3,351.33,359.34,368.22,372.27,377.88,377.5,379.31,378.89,360.33
1022,350.3,351.34,359.35,368.22,372.28,377.9,377.48,379.31,378.93,360.36
1023,350.3,351.34,359.35,368.24,372.28,377.93,377.45,379.31,378.96,360.41
1024,350.3,351.34,359.35,368.24,372.3,377.95,377.44,379.3,379.0,360.46
1025,350.29,351.34,359.35,368.25,372.31,377.96,377.44,379.28,379.03,360.52
1026,350.3,351.34,359.36,368.27,372.32,377.98,377.45,379.26,379.04,360.58
1027,350.29,351.34,359.36,368.28,372.34,378.01,377.47,379.26,379.06,360.65
1028,350.3,351.33,359.36,368.28,372.34,378.02,377.52,379.28,379.08,360.7
1029,350.3,351.34,359.37,368.29,372.35,378.04,377.56,379.3,379.09,360.73
1030,350.3,351.35,359.38,368.29,372.37,378.05,377.59,379.32,379.09,360.73
1031,350.29,351.34,359.38,368.3,372.37,378.07,377.63,379.35,379.08,360.72
1032,350.3,351.35,359.39,368.31,372.38,378.08,377.66,379.38,379.08,360.68
1033,350.32,351.36,359.41,368.33,372.41,378.1,377.69,379.41,379.11,360.66
1034,350.31,351.36,359.41,368.34,372.42,378.11,377.71,379.46,379.13,360.63
1035,350.3,351.35,359.4,368.35,372.41,378.12,377.7,379.49,379.15,360.61
1036,350.31,351.36,359.4,368.36,372.43,378.13,377.7,379.5,379.18,360.59
1037,350.31,351.36,359.4,368.38,372.45,378.14,377.71,379.5,379.25,360.6
1038,350.32,351.37,359.4,368.39,372.46,378.14,377.7,379.52,379.32,360.66
1039,350.31,351.38,359.4,368.4,372.48,378.15,377.7,379.55,379.37,360.71
1040,350.32,351.38,359.41,368.41,372.49,378.16,377.71,379.56,379.41,360.74
1041,350.32,351.39,359.42,368.41,372.5,378.17,377.72,379.57,379.44,360.77
1042,350.32,351.39,359.42,368.43,372.5,378.17,377.72,379.58,379.48,360.77
1043,350.32,351.39,359.43,368.44,372.5,378.18,377.74,379.59,379.49,360.76
1044,350.32,351.39,359.43,368.45,372.51,378.19,377.74,379.59,379.51,360.74
1045,350.32,351.39,359.44,368.46,372.52,378.2,377.75,379.59,379.52,360.76
1046,350.33,351.4,359.45,368.46,372.53,378.21,377.76,379.59,379.54,360.81
1047,350.34,351.4,359.46,368.47,372.55,378.21,377.76,379.63,379.57,360.86
1048,350.33,351.4,359.46,368.48,372.55,378.22,377.75,379.65,379.57,360.86
1049,350.34,351.41,359.46,368.49,372.56,378.23,377.77,379.66,379.56,360.86
1050,350.33,351.41,359.46,368.5,372.57,378.23,377.77,379.68,379.53,360.85
1051,350.34,351.41,359.46,368.51,372.58,378.24,377.78,379.7,379.51,360.84
1052,350.34,351.4,359.47,368.51,372.59,378.25,377.79,379.73,379.51,360.82
1053,350.34,351.4,359.47,368.52,372.59,378.26,377.81,379.76,379.53,360.79
1054,350.33,351.4,359.47,368.53,372.61,378.27,377.82,379.75,379.57,360.76
1055,350.34,351.4,359.49,368.53,372.63,378.28,377.85,379.73,379.6,360.77
1056,350.33,351.41,359.49,368.53,372.64,378.29,377.87,379.73,379.62,360.82
1057,350.33,351.41,359.5,368.55,372.64,378.3,377.87,379.74,379.61,360.86
1058,350.34,351.42,359.51,368.56,372.66,378.32,377.88,379.74,379.6,360.91
1059,350.35,351.42,359.51,368.56,372.67,378.33,377.89,379.74,379.58,360.94
1060,350.36,351.43,359.51,368.56,372.68,378.35,377.9,379.75,379.58,360.98
1061,350.37,351.42,359.52,368.57,372.7,378.36,377.9,379.75,379.59,360.99
1062,350.36,351.42,359.52,368.56,372.71,378.38,377.89,379.73,379.61,360.99
1063,350.36,351.42,359.51,368.58,372.71,378.39,377.89,379.73,379.64,360.98
1064,350.36,351.43,359.52,368.58,372.72,378.4,377.92,379.74,379.69,360.99
1065,350.36,351.44,359.53,368.59,372.72,378.42,377.98,379.76,379.71,360.99
1066,350.37,351.44,359.53,368.61,372.73,378.43,378.02,379.78,379.7,361.0
1067,350.37,351.44,359.54,368.62,372.73,378.46,378.05,379.79,379.7,360.98
1068,350.37,351.44,359.54,368.62,372.75,378.47,378.06,379.82,379.71,360.96
1069,350.38,351.43,359.54,368.64,372.75,378.48,378.07,379.86,379.73,360.94
1070,350.39,351.43,359.54,368.64,372.76,378.5,378.08,379.89,379.75,360.96
1071,350.38,351.45,359.55,368.64,372.79,378.51,378.08,379.91,379.78,360.98
1072,350.39,351.45,359.56,368.65,372.79,378.52,378.1,379.93,379.8,361.01
1073,350.39,351.45,359.56,368.66,372.81,378.53,378.09,379.92,379.81,361.06
1074,350.4,351.46,359.57,368.66,372.83,378.53,378.1,379.92,379.8,361.09
1075,350.39,351.46,359.58,368.66,372.84,378.54,378.11,379.94,379.73,361.07
1076,350.4,351.45,359.59,368.68,372.85,378.55,378.11,379.98,379.64,361.07
1077,350.4,351.46,359.6,368.68,372.87,378.54,378.12,380.0,379.51,361.06
1078,350.42,351.47,359.61,368.68,372.87,378.56,378.14,380.02,379.35,361.03
1079,350.41,351.48,359.62,368.68,372.9,378.56,378.12,380.04,379.18,360.97
1080,350.41,351.48,359.6,368.69,372.9,378.57,378.11,380.07,379.05,360.9
1081,350.4,351.48,359.61,368.71,372.9,378.59,378.11,380.08,379.01,360.85
1082,350.4,351.48,359.61,368.72,372.92,378.61,378.13,380.09,379.04,360.79
1083,350.42,351.48,359.62,368.73,372.92,378.63,378.17,380.09,379.1,360.75
1084,350.41,351.48,359.62,368.74,372.94,378.63,378.2,380.1,379.16,360.73
1085,350.41,351.48,359.61,368.76,372.94,378.65,378.23,380.12,379.23,360.7
1086,350.42,351.48,359.62,368.78,372.94,378.66,378.26,380.13,379.3,360.72
1087,350.42,351.48,359.63,368.78,372.95,378.66,378.28,380.15,379.38,360.74
1088,350.41,351.49,359.63,368.8,372.95,378.68,378.3,380.17,379.44,360.77
1089,350.41,351.49,359.63,368.81,372.96,378.69,378.31,380.18,379.5,360.82
1090,350.42,351.5,359.63,368.82,372.97,378.71,378.32,380.2,379.55,360.85
1091,350.42,351.51,359.64,368.82,372.98,378.72,378.37,380.21,379.62,360.91
1092,350.43,351.52,359.65,368.83,373.0,378.73,378.37,380.22,379.71,360.96
1093,350.44,351.54,359.65,368.85,373.02,378.74,378.37,380.23,379.76,360.99
1094,350.45,351.54,359.65,368.85,373.03,378.76,378.38,380.23,379.82,361.04
1095,350.44,351.54,359.66,368.85,373.04,378.78,378.37,380.23,379.86,361.09
1096,350.43,351.54,359.67,368.86,373.05,378.8,378.35,380.21,379.9,361.14
1097,350.44,351.52,359.67,368.87,373.05,378.82,378.35,380.2,379.92,361.19
1098,350.44,351.52,359.67,368.88,373.06,378.83,378.34,380.21,379.9,361.22
1099,350.45,351.52,359.68,368.89,373.06,378.85,378.35,380.21,379.87,361.24
1100,350.45,351.52,359.69,368.9,373.08,378.87,378.36,380.21,379.85,361.24
1101,350.45,351.52,359.71,368.89,373.1,378.89,378.39,380.22,379.84,361.22
1102,350.46,351.51,359.7,368.9,373.11,378.91,378.42,380.23,379.82,361.21
1103,350.47,351.52,359.7,368.92,373.12,378.92,378.45,380.25,379.81,361.18
1104,350.47,351.52,359.7,368.92,373.14,378.94,378.48,380.28,379.78,361.15
1105,350.47,351.53,359.71,368.93,373.14,378.95,378.5,380.29,379.77,361.13
1106,350.47,351.53,359.72,368.94,373.16,378.96,378.51,380.32,379.76,361.1
1107,350.47,351.54,359.73,368.94,373.16,378.96,378.53,380.35,379.77,361.09
1108,350.49,351.55,359.73,368.94,373.18,378.97,378.53,380.37,379.79,361.09
1109,350.49,351.56,359.74,368.95,373.2,378.98,378.5,380.39,379.83,361.09
1110,350.5,351.57,359.75,368.95,373.22,378.97,378.51,380.4,379.88,361.1
1111,350.5,351.57,359.75,368.96,373.23,378.98,378.5,380.4,379.92,361.11
1112,350.51,351.57,359.75,368.97,373.24,378.99,378.52,380.4,379.97,361.13
1113,350.51,351.58,359.75,368.97,373.24,379.0,378.52,380.37,379.99,361.16
1114,350.51,351.57,359.76,368.98,373.25,378.99,378.54,380.35,379.98,361.2
1115,350.51,351.57,359.75,369.0,373.26,379.01,378.55,380.35,379.99,361.27
1116,350.5,351.56,359.76,369.01,373.26,379.03,378.55,380.38,379.98,361.32
1117,350.51,351.56,359.76,369.03,373.26,379.04,378.57,380.4,379.99,361.37
1118,350.51,351.56,359.76,369.05,373.27,379.05,378.59,380.41,379.97,361.4
1119,350.51,351.56,359.77,369.04,373.28,379.06,378.63,380.42,379.98,361.41
1120,350.52,351.58,359.78,369.06,373.29,379.08,378.65,380.43,380.01,361.41
1121,350.53,351.58,359.79,369.06,373.3,379.09,378.67,380.45,380.06,361.41
1122,350.53,351.58,359.79,369.07,373.3,379.11,378.69,380.47,380.11,361.41
1123,350.53,351.59,359.79,369.08,373.31,379.12,378.71,380.49,380.17,361.43
1124,350.54,351.59,359.79,369.09,373.32,379.14,378.72,380.51,380.21,361.47
1125,350.54,351.6,359.8,369.1,373.33,379.16,378.75,380.52,380.26,361.5
1126,350.54,351.61,359.79,369.11,373.34,379.17,378.77,380.54,380.29,361.55
1127,350.54,351.61,359.8,369.13,373.35,379.19,378.79,380.55,380.31,361.62
1128,350.56,351.62,359.81,369.13,373.37,379.2,378.82,380.57,380.3,361.68
1129,350.55,351.61,359.81,369.14,373.38,379.21,378.82,380.59,380.26,361.7
1130,350.56,351.62,359.8,369.14,373.38,379.22,378.83,380.58,380.27,361.72
1131,350.56,351.6,359.81,369.16,373.4,379.23,378.82,380.59,380.29,361.75
1132,350.56,351.6,359.81,369.16,373.4,379.24,378.82,380.57,380.3,361.77
1133,350.56,351.6,359.82,369.17,373.41,379.25,378.81,380.56,380.33,361.79
1134,350.57,351.6,359.81,369.17,373.42,379.25,378.8,380.58,380.35,361.82
1135,350.57,351.6,359.83,369.18,373.43,379.25,378.79,380.6,380.36,361.85
1136,350.57,351.61,359.83,369.19,373.45,379.25,378.78,380.6,380.35,361.85
1137,350.57,351.62,359.84,369.2,373.46,379.26,378.79,380.6,380.32,361.83
1138,350.57,351.63,359.85,369.21,373.47,379.26,378.81,380.61,380.3,361.79
1139,350.57,351.63,359.85,369.22,373.48,379.27,378.84,380.62,380.27,361.76
1140,350.57,351.63,359.86,369.23,373.49,379.27,378.85,380.61,380.22,361.73
1141,350.57,351.63,359.86,369.22,373.51,379.27,378.89,380.6,380.15,361.71
1142,350.58,351.63,359.86,369.24,373.52,379.28,378.91,380.6,380.05,361.69
1143,350.58,351.63,359.86,369.24,373.52,379.3,378.94,380.63,379.92,361.68
1144,350.58,351.63,359.86,369.26,373.53,379.31,378.95,380.65,379.79,361.68
1145,350.58,351.63,359.88,369.26,373.54,379.33,378.99,380.68,379.69,361.68
1146,350.58,351.63,359.87,369.28,373.55,379.35,379.03,380.7,379.71,361.68
1147,350.58,351.63,359.88,369.29,373.56,379.36,379.05,380.72,379.77,361.7
1148,350.58,351.63,359.86,369.29,373.57,379.38,379.07,380.75,379.83,361.73
1149,350.58,351.64,359.87,369.29,373.58,379.4,379.08,380.78,379.91,361.76
1150,350.58,351.65,359.87,369.31,373.6,379.42,379.08,380.83,379.98,361.8
1151,350.59,351.65,359.88,369.31,373.61,379.44,379.07,380.87,380.05,361.87
1152,350.59,351.66,359.88,369.32,373.63,379.46,379.06,380.89,380.1,361.92
1153,350.6,351.66,359.89,369.33,373.63,379.47,379.06,380.91,380.1,361.96
1154,350.6,351.66,359.9,369.33,373.64,379.48,379.09,380.93,380.1,361.99
1155,350.6,351.65,359.91,369.35,373.64,379.49,379.09,380.95,380.13,362.01
1156,350.61,351.66,359.91,369.36,373.65,379.5,379.09,380.96,380.18,362.01
1157,350.61,351.67,359.92,369.37,373.66,379.5,379.11,380.97,380.22,362.0
1158,350.62,351.67,359.92,369.37,373.68,379.51,379.14,380.98,380.28,362.0
1159,350.62,351.67,359.93,369.39,373.68,379.52,379.16,380.99,380.3,361.98
1160,350.62,351.67,359.94,369.4,373.7,379.53,379.17,381.01,380.32,361.97
1161,350.62,351.67,359.94,369.41,373.7,379.54,379.18,381.0,380.33,361.97
1162,350.63,351.67,359.94,369.41,373.72,379.53,379.18,381.01,380.34,361.97
1163,350.63,351.69,359.96,369.42,373.73,379.55,379.2,381.03,380.39,362.0
1164,350.65,351.69,359.96,369.43,373.75,379.55,379.25,381.05,380.45,362.05
1165,350.64,351.69,359.96,369.44,373.75,379.55,379.27,381.09,380.48,362.08
1166,350.64,351.69,359.95,369.45,373.74,379.57,379.29,381.1,380.5,362.09
1167,350.65,351.7,359.98,369.46,373.76,379.57,379.32,381.13,380.54,362.14
1168,350.66,351.7,359.98,369.46,373.77,379.58,379.33,381.15,380.55,362.17
1169,350.65,351.7,359.98,369.48,373.77,379.6,379.34,381.15,380.57,362.18
1170,350.66,351.7,359.98,369.49,373.79,379.62,379.33,381.13,380.62,362.22
1171,350.67,351.7,359.99,369.49,373.79,379.64,379.32,381.13,380.68,362.26
1172,350.68,351.7,359.99,369.51,373.81,379.67,379.31,381.11,380.78,362.3
1173,350.68,351.71,360.0,369.51,373.83,379.69,379.3,381.11,380.85,362.33
1174,350.7,351.72,360.01,369.52,373.85,379.71,379.3,381.1,380.86,362.36
1175,350.7,351.72,360.02,369.53,373.87,379.72,379.29,381.1,380.87,362.38
1176,350.7,351.72,360.03,369.53,373.88,379.75,379.27,381.1,380.85,362.42
1177,350.71,351.72,360.04,369.53,373.88,379.76,379.28,381.09,380.84,362.43
1178,350.71,351.71,360.05,369.53,373.89,379.78,379.29,381.06,380.82,362.47
1179,350.72,351.72,360.06,369.53,373.91,379.78,379.31,381.05,380.83,362.5
1180,350.72,351.71,360.05,369.55,373.91,379.8,379.3,381.07,380.8,362.53
1181,350.72,351.72,360.05,369.55,373.92,379.81,379.29,381.09,380.78,362.56
1182,350.73,351.73,360.07,369.56,373.93,379.82,379.32,381.11,380.79,362.56
1183,350.73,351.73,360.08,369.57,373.94,379.83,379.36,381.11,380.81,362.53
1184,350.74,351.74,360.07,369.59,373.95,379.84,379.39,381.11,380.84,362.51
1185,350.74,351.75,360.07,369.59,373.95,379.84,379.41,381.13,380.87,362.48
1186,350.73,351.75,360.07,369.61,373.96,379.85,379.44,381.17,380.89,362.48
1187,350.73,351.76,360.07,369.61,373.96,379.85,379.45,381.2,380.9,362.47
1188,350.73,351.75,360.07,369.62,373.97,379.86,379.47,381.23,380.88,362.47
1189,350.73,351.76,360.08,369.62,373.97,379.85,379.47,381.24,380.87,362.48
1190,350.74,351.75,360.09,369.62,373.99,379.85,379.43,381.24,380.84,362.49
1191,350.74,351.76,360.1,369.63,374.01,379.85,379.39,381.27,380.86,362.52
1192,350.74,351.76,360.09,369.65,374.01,379.85,379.39,381.3,380.88,362.55
1193,350.75,351.77,360.1,369.66,374.02,379.85,379.39,381.33,380.9,362.58
1194,350.75,351.76,360.1,369.67,374.03,379.85,379.41,381.33,380.9,362.6
1195,350.75,351.78,360.11,369.68,374.04,379.88,379.44,381.33,380.87,362.61
1196,350.75,351.77,360.11,369.68,374.05,379.88,379.44,381.33,380.84,362.6
1197,350.76,351.79,360.12,369.7,374.07,379.9,379.46,381.33,380.84,362.6
1198,350.76,351.78,360.13,369.71,374.07,379.92,379.47,381.33,380.86,362.61
1199,350.76,351.78,360.13,369.71,374.08,379.93,379.51,381.35,380.92,362.6
1200,350.76,351.79,360.14,369.72,374.09,379.95,379.54,381.37,380.96,362.61
1201,350.78,351.79,360.16,369.72,374.11,379.96,379.57,381.4,380.97,362.64
1202,350.77,351.79,360.16,369.72,374.12,379.97,379.58,381.42,380.95,362.64
1203,350.78,351.78,360.16,369.73,374.12,379.98,379.59,381.42,380.94,362.64
1204,350.78,351.78,360.17,369.73,374.13,380.0,379.59,381.42,380.92,362.63
1205,350.78,351.78,360.18,369.74,374.15,380.02,379.61,381.42,380.91,362.64
1206,350.78,351.78,360.18,369.74,374.15,380.03,379.61,381.43,380.92,362.64
1207,350.8,351.79,360.19,369.76,374.17,380.04,379.64,381.43,380.95,362.63
1208,350.8,351.79,360.19,369.76,374.17,380.06,379.65,381.44,381.0,362.63
1209,350.8,351.8,360.21,369.77,374.18,380.08,379.66,381.46,381.04,362.62
1210,350.81,351.8,360.2,369.77,374.19,380.09,379.64,381.46,381.08,362.64
1211,350.81,351.81,360.21,369.78,374.2,380.11,379.64,381.49,381.1,362.65
1212,350.81,351.81,360.21,369.8,374.2,380.12,379.64,381.5,381.13,362.67
1213,350.81,351.8,360.21,369.81,374.21,380.15,379.63,381.51,381.15,362.66
1214,350.82,351.81,360.21,369.81,374.22,380.16,379.66,381.5,381.17,362.68
1215,350.82,351.82,360.21,369.83,374.23,380.18,379.67,381.5,381.18,362.69
1216,350.82,351.82,360.2,369.84,374.24,380.19,379.69,381.49,381.18,362.7
1217,350.83,351.82,360.21,369.84,374.26,380.19,379.7,381.5,381.15,362.71
1218,350.83,351.82,360.22,369.85,374.28,380.2,379.72,381.49,381.16,362.72
1219,350.84,351.84,360.23,369.86,374.3,380.22,379.74,381.5,381.17,362.75
1220,350.84,351.84,360.25,369.85,374.31,380.22,379.76,381.49,381.19,362.79
1221,350.84,351.85,360.26,369.85,374.32,380.22,379.79,381.5,381.21,362.81
1222,350.85,351.85,360.26,369.86,374.33,380.23,379.83,381.54,381.21,362.85
1223,350.85,351.86,360.27,369.86,374.33,380.23,379.86,381.57,381.19,362.87
1224,350.85,351.86,360.27,369.88,374.34,380.25,379.89,381.61,381.18,362.9
1225,350.85,351.84,360.27,369.88,374.34,380.25,379.91,381.66,381.17,362.91
1226,350.87,351.85,360.28,369.9,374.36,380.27,379.91,381.69,381.19,362.93
1227,350.87,351.86,360.29,369.91,374.37,380.26,379.89,381.7,381.23,362.94
1228,350.86,351.85,360.29,369.91,374.37,380.27,379.89,381.73,381.24,362.92
1229,350.88,351.85,360.29,369.93,374.37,380.28,379.88,381.73,381.25,362.91
1230,350.88,351.87,360.3,369.95,374.38,380.29,379.87,381.74,381.28,362.89
1231,350.88,351.86,360.29,369.95,374.38,380.3,379.85,381.74,381.28,362.86
1232,350.88,351.87,360.3,369.97,374.39,380.31,379.85,381.76,381.27,362.83
1233,350.89,351.89,360.3,369.98,374.41,380.33,379.85,381.76,381.26,362.82
1234,350.89,351.9,360.3,369.99,374.42,380.34,379.85,381.74,381.23,362.81
1235,350.89,351.91,360.31,369.99,374.43,380.35,379.86,381.75,381.16,362.8
1236,350.9,351.92,360.31,370.0,374.44,380.37,379.87,381.75,381.03,362.81
1237,350.9,351.92,360.32,370.02,374.45,380.39,379.86,381.75,380.9,362.79
1238,350.91,351.92,360.32,370.03,374.46,380.39,379.86,381.74,380.81,362.8
1239,350.91,351.92,360.33,370.03,374.47,380.4,379.87,381.73,380.77,362.78
1240,350.92,351.93,360.34,370.03,374.49,380.42,379.88,381.73,380.79,362.76
1241,350.92,351.93,360.36,370.04,374.5,380.44,379.89,381.73,380.83,362.73
1242,350.92,351.92,360.37,370.06,374.5,380.45,379.9,381.72,380.89,362.71
1243,350.92,351.92,360.38,370.07,374.52,380.46,379.92,381.71,380.95,362.66
1244,350.92,351.92,360.38,370.07,374.53,380.48,379.96,381.72,381.03,362.55
1245,350.93,351.92,360.39,370.08,374.54,380.49,380.03,381.73,381.06,362.47
1246,350.93,351.91,360.38,370.09,374.55,380.49,380.07,381.75,381.05,362.44
1247,350.93,351.91,360.38,370.09,374.55,380.51,380.12,381.8,381.04,362.43
1248,350.94,351.93,360.39,370.11,374.56,380.53,380.17,381.86,381.0,362.44
1249,350.93,351.94,360.39,370.11,374.58,380.54,380.2,381.91,380.93,362.46
1250,350.93,351.93,360.38,370.11,374.59,380.56,380.22,381.94,380.86,362.5
1251,350.93,351.94,360.39,370.12,374.59,380.58,380.24,381.97,380.84,362.53
1252,350.95,351.96,360.4,370.13,374.6,380.59,380.27,381.98,380.83,362.57
1253,350.95,351.97,360.41,370.14,374.62,380.61,380.28,382.0,380.74,362.63
1254,350.96,351.98,360.42,370.16,374.63,380.63,380.27,382.03,380.62,362.68
1255,350.96,351.99,360.42,370.17,374.64,380.64,380.25,382.04,380.53,362.71
1256,350.96,351.99,360.41,370.19,374.65,380.66,380.23,382.06,380.44,362.74
1257,350.97,351.98,360.42,370.19,374.66,380.68,380.22,382.08,380.36,362.76
1258,350.98,351.99,360.43,370.19,374.67,380.68,380.21,382.09,380.34,362.78
1259,350.98,351.99,360.43,370.19,374.68,380.68,380.21,382.1,380.36,362.79
1260,350.98,351.98,360.43,370.2,374.68,380.67,380.2,382.09,380.4,362.81
1261,350.98,351.99,360.44,370.2,374.7,380.67,380.21,382.09,380.46,362.81
1262,350.99,351.99,360.45,370.21,374.71,380.66,380.21,382.09,380.53,362.83
1263,350.99,352.0,360.46,370.22,374.72,380.67,380.22,382.11,380.61,362.87
1264,350.99,352.0,360.46,370.23,374.71,380.66,380.22,382.11,380.68,362.9
1265,351.0,352.0,360.47,370.25,374.72,380.68,380.23,382.11,380.74,362.95
1266,351.01,352.01,360.48,370.26,374.73,380.67,380.25,382.1,380.77,362.99
1267,351.0,352.01,360.48,370.26,374.74,380.68,380.25,382.1,380.8,363.03
1268,351.01,352.02,360.48,370.28,374.75,380.7,380.24,382.11,380.86,363.07
1269,351.01,352.03,360.48,370.29,374.75,380.7,380.24,382.1,380.94,363.1
1270,351.01,352.02,360.48,370.3,374.75,380.71,380.24,382.09,381.04,363.14
1271,351.02,352.03,360.48,370.32,374.76,380.72,380.26,382.09,381.15,363.17
1272,351.02,352.04,360.48,370.33,374.78,380.74,380.32,382.1,381.25,363.18
1273,351.02,352.03,360.49,370.34,374.78,380.75,380.34,382.11,381.28,363.18
1274,351.02,352.03,360.49,370.35,374.78,380.76,380.37,382.14,381.3,363.19
1275,351.03,352.05,360.5,370.36,374.8,380.78,380.4,382.15,381.33,363.2
1276,351.03,352.04,360.49,370.35,374.81,380.78,380.41,382.17,381.36,363.2
1277,351.04,352.05,360.51,370.36,374.82,380.81,380.43,382.22,381.39,363.18
1278,351.04,352.05,360.51,370.37,374.83,380.82,380.43,382.24,381.4,363.16
1279,351.04,352.06,360.52,370.37,374.85,380.84,380.45,382.27,381.42,363.14
1280,351.04,352.06,360.52,370.38,374.86,380.85,380.45,382.27,381.44,363.12
1281,351.06,352.06,360.53,370.38,374.87,380.85,380.47,382.26,381.4,363.11
1282,351.04,352.05,360.53,370.39,374.88,380.85,380.47,382.26,381.37,363.1
1283,351.05,352.05,360.54,370.39,374.88,380.86,380.46,382.26,381.34,363.12
1284,351.06,352.06,360.55,370.39,374.9,380.86,380.45,382.25,381.33,363.16
1285,351.07,352.05,360.55,370.4,374.9,380.88,380.45,382.25,381.35,363.18
1286,351.07,352.05,360.55,370.4,374.91,380.89,380.46,382.24,381.4,363.2
1287,351.07,352.06,360.57,370.41,374.92,380.89,380.47,382.23,381.44,363.19
1288,351.08,352.07,360.56,370.42,374.93,380.91,380.46,382.22,381.49,363.19
1289,351.09,352.08,360.57,370.43,374.96,380.93,380.48,382.21,381.55,363.21
1290,351.1,352.1,360.57,370.45,374.97,380.94,380.5,382.21,381.62,363.23
1291,351.09,352.11,360.57,370.46,374.98,380.96,380.53,382.23,381.67,363.23
1292,351.11,352.11,360.57,370.47,374.98,380.97,380.55,382.26,381.7,363.22
1293,351.1,352.12,360.58,370.47,374.99,381.0,380.58,382.3,381.74,363.21
1294,351.11,352.12,360.58,370.49,374.99,381.01,380.6,382.32,381.77,363.22
1295,351.12,352.13,360.59,370.5,375.01,381.02,380.64,382.36,381.82,363.26
1296,351.12,352.13,360.59,370.5,375.01,381.04,380.66,382.39,381.86,363.29
1297,351.14,352.14,360.61,370.51,375.02,381.05,380.7,382.41,381.91,363.33
1298,351.14,352.15,360.61,370.51,375.04,381.06,380.69,382.42,381.98,363.36
1299,351.15,352.14,360.62,370.52,375.05,381.08,380.67,382.42,382.06,363.43
1300,351.16,352.14,360.63,370.53,375.06,381.08,380.65,382.41,382.11,363.47
1301,351.16,352.13,360.63,370.54,375.06,381.1,380.62,382.41,382.15,363.51
1302,351.17,352.14,360.64,370.55,375.07,381.1,380.58,382.4,382.18,363.56
1303,351.18,352.14,360.65,370.56,375.08,381.11,380.53,382.41,382.2,363.6
1304,351.18,352.13,360.66,370.57,375.09,381.12,380.5,382.42,382.21,363.63
1305,351.18,352.13,360.67,370.57,375.09,381.13,380.49,382.42,382.21,363.64
1306,351.18,352.14,360.68,370.57,375.11,381.14,380.48,382.41,382.21,363.66
1307,351.19,352.16,360.69,370.58,375.11,381.16,380.5,382.39,382.2,363.7
1308,351.2,352.17,360.7,370.59,375.13,381.16,380.51,382.4,382.18,363.75
1309,351.19,352.16,360.69,370.59,375.13,381.17,380.54,382.42,382.16,363.76
1310,351.21,352.15,360.69,370.59,375.14,381.18,380.56,382.45,382.15,363.8
1311,351.22,352.16,360.7,370.6,375.15,381.18,380.6,382.48,382.16,363.83
1312,351.2,352.17,360.7,370.6,375.17,381.19,380.63,382.5,382.17,363.85
1313,351.21,352.16,360.69,370.61,375.19,381.19,380.64,382.5,382.17,363.87
1314,351.21,352.17,360.71,370.61,375.19,381.19,380.65,382.51,382.19,363.88
1315,351.21,352.17,360.71,370.62,375.2,381.2,380.67,382.53,382.22,363.9
1316,351.21,352.18,360.72,370.63,375.22,381.2,380.69,382.55,382.23,363.95
1317,351.22,352.2,360.73,370.64,375.24,381.21,380.75,382.56,382.25,364.01
1318,351.22,352.2,360.73,370.66,375.24,381.22,380.78,382.57,382.25,364.04
1319,351.23,352.21,360.74,370.68,375.25,381.22,380.81,382.59,382.25,364.04
1320,351.23,352.21,360.75,370.69,375.26,381.24,380.85,382.61,382.27,364.04
1321,351.23,352.2,360.74,370.69,375.26,381.24,380.89,382.62,382.28,364.01
1322,351.24,352.2,360.75,370.7,375.27,381.25,380.92,382.65,382.32,364.0
1323,351.25,352.2,360.75,370.72,375.28,381.27,380.96,382.69,382.36,363.99
1324,351.25,352.2,360.76,370.73,375.3,381.28,380.98,382.73,382.41,364.0
1325,351.26,352.21,360.76,370.74,375.31,381.3,381.02,382.77,382.44,363.99
1326,351.26,352.22,360.77,370.75,375.32,381.31,381.03,382.79,382.48,363.98
1327,351.27,352.22,360.77,370.76,375.32,381.33,381.03,382.81,382.51,363.96
1328,351.27,352.24,360.78,370.76,375.33,381.35,381.02,382.84,382.52,363.95
1329,351.28,352.24,360.79,370.78,375.35,381.37,381.01,382.83,382.54,363.94
1330,351.29,352.25,360.79,370.77,375.36,381.38,381.0,382.78,382.56,363.94
1331,351.29,352.27,360.81,370.77,375.37,381.4,380.99,382.72,382.56,363.94
1332,351.3,352.27,360.8,370.78,375.39,381.41,381.01,382.7,382.57,363.95
1333,351.3,352.27,360.81,370.79,375.39,381.43,381.01,382.71,382.56,363.93
1334,351.31,352.27,360.82,370.8,375.4,381.44,381.02,382.74,382.49,363.89
1335,351.32,352.28,360.83,370.81,375.41,381.45,381.05,382.77,382.4,363.85
1336,351.32,352.27,360.83,370.82,375.41,381.46,381.07,382.79,382.34,363.8
1337,351.32,352.27,360.83,370.82,375.42,381.46,381.08,382.81,382.29,363.75
1338,351.32,352.26,360.83,370.83,375.42,381.47,381.08,382.86,382.24,363.7
1339,351.34,352.26,360.85,370.84,375.43,381.48,381.08,382.89,382.2,363.66
1340,351.34,352.28,360.86,370.84,375.45,381.48,381.09,382.91,382.15,363.61
1341,351.35,352.27,360.87,370.85,375.46,381.5,381.1,382.92,382.11,363.57
1342,351.35,352.29,360.88,370.86,375.47,381.51,381.1,382.91,382.03,363.53
1343,351.35,352.3,360.89,370.87,375.48,381.52,381.11,382.92,381.93,363.51
1344,351.35,352.29,360.89,370.88,375.48,381.53,381.1,382.89,381.86,363.51
1345,351.35,352.3,360.89,370.89,375.49,381.53,381.12,382.89,381.82,363.52
1346,351.36,352.29,360.89,370.89,375.5,381.55,381.13,382.91,381.82,363.54
1347,351.36,352.3,360.9,370.89,375.51,381.56,381.17,382.91,381.85,363.57
1348,351.36,352.3,360.89,370.89,375.51,381.57,381.18,382.92,381.9,363.6
1349,351.37,352.3,360.9,370.89,375.52,381.58,381.21,382.94,381.98,363.65
1350,351.38,352.32,360.91,370.9,375.54,381.59,381.24,382.97,382.07,363.68
1351,351.37,352.32,360.91,370.91,375.55,381.6,381.25,383.0,382.14,363.68
1352,351.39,352.34,360.92,370.92,375.56,381.62,381.29,383.05,382.23,363.67
1353,351.41,352.34,360.94,370.93,375.57,381.63,381.34,383.08,382.28,363.68
1354,351.41,352.35,360.95,370.94,375.59,381.65,381.39,383.1,382.3,363.71
1355,351.42,352.35,360.95,370.95,375.6,381.66,381.43,383.11,382.3,363.72
1356,351.42,352.35,360.97,370.96,375.6,381.67,381.46,383.15,382.28,363.74
1357,351.43,352.35,360.96,370.97,375.61,381.69,381.48,383.17,382.25,363.77
1358,351.43,352.36,360.96,370.98,375.61,381.71,381.51,383.21,382.25,363.77
1359,351.44,352.37,360.98,370.99,375.62,381.72,381.52,383.21,382.24,363.77
1360,351.44,352.37,360.97,371.01,375.62,381.73,381.52,383.22,382.26,363.75
1361,351.44,352.38,360.98,371.02,375.65,381.74,381.51,383.23,382.33,363.72
1362,351.45,352.38,360.98,371.03,375.65,381.76,381.48,383.22,382.39,363.67
1363,351.45,352.39,360.98,371.04,375.65,381.77,381.47,383.19,382.42,363.65
1364,351.45,352.4,360.98,371.05,375.66,381.78,381.44,383.18,382.43,363.62
1365,351.46,352.41,360.99,371.05,375.67,381.79,381.41,383.16,382.41,363.6
1366,351.46,352.42,360.99,371.05,375.69,381.8,381.39,383.14,382.4,363.58
1367,351.46,352.42,361.0,371.06,375.7,381.81,381.39,383.13,382.38,363.57
1368,351.47,352.42,361.02,371.06,375.7,381.82,381.4,383.15,382.37,363.57
1369,351.48,352.42,361.02,371.07,375.72,381.82,381.42,383.17,382.37,363.56
1370,351.48,352.42,361.03,371.08,375.73,381.84,381.44,383.19,382.38,363.56
1371,351.48,352.41,361.02,371.08,375.73,381.84,381.44,383.2,382.41,363.56
1372,351.49,352.42,361.03,371.09,375.74,381.85,381.46,383.21,382.49,363.6
1373,351.49,352.42,361.04,371.1,375.74,381.85,381.45,383.25,382.56,363.62
1374,351.5,352.42,361.05,371.12,375.74,381.85,381.44,383.26,382.62,363.66
1375,351.5,352.42,361.06,371.13,375.76,381.85,381.44,383.27,382.68,363.7
1376,351.51,352.42,361.06,371.15,375.76,381.86,381.43,383.27,382.75,363.73
1377,351.52,352.42,361.07,371.16,375.76,381.86,381.47,383.28,382.82,363.76
1378,351.52,352.43,361.08,371.16,375.77,381.87,381.48,383.28,382.89,363.81
1379,351.53,352.43,361.08,371.18,375.79,381.88,381.5,383.28,382.97,363.91
1380,351.54,352.45,361.09,371.18,375.8,381.89,381.52,383.28,383.04,364.01
1381,351.54,352.46,361.09,371.18,375.82,381.89,381.55,383.31,383.05,364.08
1382,351.55,352.47,361.1,371.18,375.82,381.9,381.55,383.33,383.06,364.13
1383,351.55,352.48,361.11,371.19,375.82,381.92,381.58,383.33,383.06,364.17
1384,351.55,352.49,361.11,371.21,375.83,381.94,381.59,383.35,383.04,364.19
1385,351.55,352.48,361.1,371.21,375.84,381.95,381.61,383.34,383.03,364.21
1386,351.55,352.48,361.1,371.22,375.85,381.96,381.61,383.36,383.03,364.21
1387,351.56,352.49,361.11,371.23,375.86,381.98,381.62,383.37,383.05,364.23
1388,351.57,352.5,361.13,371.23,375.88,381.99,381.58,383.39,383.08,364.22
1389,351.58,352.51,361.13,371.23,375.89,381.99,381.54,383.4,383.09,364.17
1390,351.59,352.51,361.14,371.25,375.91,382.01,381.54,383.41,383.1,364.16
1391,351.6,352.51,361.15,371.26,375.93,382.02,381.54,383.43,383.08,364.15
1392,351.59,352.51,361.16,371.26,375.93,382.02,381.55,383.43,383.06,364.15
1393,351.6,352.51,361.17,371.27,375.94,382.03,381.57,383.44,383.05,364.15
1394,351.61,352.51,361.17,371.28,375.95,382.03,381.59,383.45,383.04,364.16
1395,351.62,352.52,361.19,371.29,375.95,382.04,381.61,383.48,383.03,364.16
1396,351.62,352.52,361.19,371.3,375.97,382.04,381.62,383.48,383.03,364.18
1397,351.62,352.54,361.19,371.31,375.97,382.05,381.63,383.48,383.03,364.21
1398,351.63,352.54,361.2,371.31,375.99,382.06,381.64,383.47,383.06,364.22
1399,351.63,352.55,361.21,371.32,376.0,382.06,381.65,383.46,383.06,364.24
1400,351.64,352.56,361.21,371.32,376.02,382.07,381.66,383.45,383.07,364.27
1401,351.64,352.56,361.22,371.33,376.02,382.08,381.67,383.44,383.07,364.3
1402,351.64,352.57,361.22,371.33,376.02,382.09,381.68,383.44,383.06,364.32
1403,351.65,352.57,361.23,371.35,376.03,382.12,381.72,383.45,383.08,364.32
1404,351.66,352.57,361.22,371.36,376.03,382.13,381.73,383.48,383.09,364.36
1405,351.66,352.58,361.23,371.37,376.05,382.15,381.78,383.5,383.13,364.43
1406,351.68,352.58,361.24,371.37,376.05,382.18,381.8,383.52,383.17,364.51
1407,351.67,352.59,361.24,371.38,376.07,382.18,381.82,383.54,383.21,364.57
1408,351.67,352.59,361.24,371.38,376.07,382.19,381.83,383.56,383.25,364.61
1409,351.69,352.58,361.24,371.4,376.09,382.2,381.84,383.59,383.31,364.67
1410,351.68,352.59,361.25,371.41,376.1,382.21,381.84,383.62,383.34,364.7
1411,351.68,352.58,361.25,371.42,376.1,382.21,381.85,383.63,383.38,364.74
1412,351.69,352.57,361.26,371.43,376.11,382.22,381.86,383.64,383.41,364.75
1413,351.7,352.58,361.26,371.43,376.12,382.22,381.86,383.65,383.43,364.76
1414,351.7,352.59,361.27,371.44,376.14,382.24,381.9,383.67,383.45,364.77
1415,351.71,352.61,361.29,371.44,376.16,382.23,381.92,383.69,383.47,364.76
1416,351.71,352.61,361.3,371.45,376.17,382.25,381.9,383.71,383.49,364.76
1417,351.72,352.62,361.31,371.45,376.18,382.25,381.9,383.71,383.52,364.77
1418,351.72,352.62,361.32,371.47,376.19,382.27,381.89,383.7,383.53,364.75
1419,351.72,352.62,361.32,371.48,376.19,382.29,381.89,383.68,383.53,364.73
1420,351.72,352.63,361.31,371.49,376.19,382.29,381.89,383.68,383.54,364.7
1421,351.73,352.63,361.31,371.51,376.2,382.3,381.9,383.7,383.54,364.7
1422,351.73,352.63,361.32,371.53,376.22,382.32,381.92,383.71,383.53,364.67
1423,351.74,352.63,361.31,371.53,376.23,382.33,381.92,383.72,383.49,364.63
1424,351.75,352.64,361.33,371.53,376.24,382.34,381.89,383.73,383.42,364.57
1425,351.76,352.65,361.36,371.54,376.28,382.35,381.87,383.76,383.38,364.53
1426,351.78,352.66,361.36,371.55,376.27,382.36,381.85,383.78,383.36,364.53
1427,351.78,352.66,361.38,371.55,376.28,382.36,381.87,383.78,383.34,364.54
1428,351.78,352.66,361.38,371.56,376.28,382.36,381.88,383.78,383.34,364.56
1429,351.78,352.66,361.38,371.57,376.29,382.36,381.9,383.77,383.37,364.59
1430,351.78,352.66,361.38,371.58,376.29,382.36,381.92,383.79,383.4,364.61
1431,351.79,352.67,361.38,371.58,376.29,382.37,381.94,383.81,383.44,364.64
1432,351.8,352.67,361.39,371.6,376.31,382.38,381.96,383.84,383.48,364.66
1433,351.8,352.67,361.39,371.61,376.31,382.38,381.98,383.86,383.48,364.68
1434,351.81,352.68,361.39,371.62,376.32,382.38,382.0,383.86,383.46,364.7
1435,351.82,352.69,361.4,371.63,376.34,382.4,382.0,383.85,383.41,364.7
1436,351.81,352.68,361.4,371.63,376.34,382.41,381.99,383.87,383.35,364.69
1437,351.83,352.67,361.4,371.64,376.35,382.41,382.01,383.87,383.32,364.69
1438,351.83,352.68,361.41,371.65,376.35,382.41,382.01,383.86,383.32,364.68
1439,351.83,352.68,361.42,371.66,376.36,382.42,382.03,383.84,383.35,364.66
1440,351.82,352.68,361.43,371.67,376.36,382.43,382.05,383.84,383.37,364.66
1441,351.83,352.7,361.43,371.67,376.39,382.43,382.1,383.85,383.38,364.69
1442,351.83,352.7,361.44,371.68,376.4,382.44,382.11,383.89,383.36,364.74
1443,351.85,352.71,361.45,371.68,376.41,382.45,382.12,383.91,383.36,364.77
1444,351.85,352.72,361.45,371.69,376.42,382.45,382.13,383.93,383.36,364.79
1445,351.86,352.72,361.45,371.7,376.43,382.47,382.14,383.95,383.37,364.81
1446,351.86,352.74,361.46,371.71,376.45,382.49,382.15,383.94,383.39,364.82
1447,351.86,352.73,361.46,371.7,376.45,382.51,382.16,383.94,383.39,364.82
1448,351.86,352.73,361.46,371.71,376.44,382.52,382.17,383.96,383.4,364.84
1449,351.87,352.74,361.48,371.71,376.46,382.54,382.19,383.97,383.42,364.86
1450,351.87,352.73,361.49,371.7,376.46,382.56,382.2,383.99,383.44,364.88
1451,351.89,352.73,361.49,371.7,376.47,382.57,382.2,384.0,383.5,364.9
1452,351.89,352.74,361.51,371.71,376.47,382.59,382.21,384.01,383.56,364.93
1453,351.9,352.75,361.51,371.72,376.48,382.6,382.23,384.03,383.61,364.96
1454,351.9,352.75,361.51,371.74,376.48,382.62,382.24,384.05,383.63,365.01
1455,351.91,352.75,361.52,371.74,376.49,382.63,382.25,384.04,383.61,365.05
1456,351.92,352.76,361.51,371.74,376.5,382.64,382.25,384.06,383.56,365.09
1457,351.92,352.76,361.52,371.75,376.5,382.66,382.26,384.07,383.47,365.11
1458,351.93,352.77,361.52,371.76,376.51,382.67,382.25,384.08,383.36,365.12
1459,351.93,352.79,361.54,371.76,376.53,382.68,382.24,384.09,383.3,365.14
1460,351.94,352.79,361.54,371.77,376.53,382.69,382.22,384.07,383.3,365.14
1461,351.96,352.8,361.55,371.77,376.54,382.7,382.21,384.07,383.4,365.16
1462,351.96,352.8,361.56,371.78,376.57,382.7,382.2,384.07,383.48,365.14
1463,351.96,352.81,361.57,371.79,376.57,382.7,382.2,384.06,383.54,365.11
1464,351.97,352.82,361.57,371.8,376.57,382.72,382.19,384.07,383.6,365.09
1465,351.97,352.82,361.58,371.81,376.58,382.72,382.18,384.09,383.62,365.08
1466,351.98,352.82,361.57,371.82,376.57,382.72,382.19,384.09,383.63,365.05
1467,351.98,352.83,361.57,371.83,376.59,382.73,382.19,384.09,383.64,365.02
1468,351.99,352.84,361.59,371.84,376.6,382.74,382.19,384.08,383.64,364.97
1469,351.99,352.84,361.59,371.84,376.61,382.74,382.18,384.07,383.63,364.93
1470,352.0,352.84,361.6,371.84,376.62,382.74,382.2,384.06,383.6,364.93
1471,351.99,352.84,361.6,371.85,376.62,382.75,382.22,384.07,383.57,364.94
1472,352.0,352.84,361.6,371.85,376.63,382.75,382.22,384.06,383.54,364.92
1473,352.0,352.83,361.61,371.85,376.63,382.76,382.24,384.05,383.51,364.89
1474,352.0,352.83,361.61,371.86,376.64,382.76,382.26,384.08,383.51,364.87
1475,352.01,352.85,361.62,371.88,376.65,382.78,382.28,384.1,383.51,364.84
1476,352.01,352.85,361.62,371.88,376.66,382.78,382.3,384.13,383.51,364.83
1477,352.02,352.86,361.61,371.9,376.67,382.79,382.31,384.16,383.52,364.83
1478,352.02,352.87,361.62,371.9,376.67,382.8,382.33,384.19,383.49,364.83
1479,352.04,352.88,361.62,371.91,376.69,382.81,382.36,384.2,383.47,364.83
1480,352.04,352.89,361.65,371.91,376.7,382.82,382.37,384.21,383.47,364.81
1481,352.05,352.9,361.65,371.92,376.72,382.83,382.39,384.21,383.48,364.8
1482,352.05,352.9,361.66,371.92,376.72,382.84,382.4,384.22,383.49,364.81
1483,352.06,352.9,361.66,371.93,376.72,382.84,382.41,384.21,383.52,364.8
1484,352.06,352.89,361.66,371.93,376.72,382.85,382.42,384.21,383.56,364.83
1485,352.07,352.91,361.67,371.94,376.73,382.87,382.44,384.23,383.59,364.89
1486,352.07,352.9,361.67,371.94,376.74,382.89,382.45,384.23,383.63,364.94
1487,352.07,352.91,361.67,371.97,376.75,382.92,382.45,384.24,383.71,365.02
1488,352.08,352.9,361.67,371.98,376.75,382.93,382.44,384.25,383.8,365.08
1489,352.1,352.92,361.68,371.98,376.76,382.94,382.46,384.26,383.85,365.14
1490,352.1,352.94,361.69,371.99,376.77,382.95,382.46,384.28,383.87,365.16
1491,352.1,352.94,361.69,372.0,376.78,382.96,382.46,384.32,383.9,365.2
1492,352.11,352.94,361.69,372.01,376.8,382.97,382.48,384.37,383.92,365.24
1493,352.11,352.95,361.7,372.01,376.8,382.97,382.51,384.4,383.94,365.27
1494,352.12,352.96,361.71,372.02,376.81,382.97,382.54,384.44,383.96,365.29
1495,352.12,352.97,361.73,372.02,376.81,382.98,382.58,384.46,383.98,365.3
1496,352.13,352.97,361.73,372.02,376.82,382.98,382.63,384.48,383.97,365.29
1497,352.13,352.97,361.74,372.02,376.84,382.98,382.64,384.49,383.95,365.27
1498,352.13,352.97,361.74,372.03,376.84,382.98,382.63,384.5,383.95,365.29
1499,352.15,352.97,361.74,372.04,376.85,382.98,382.62,384.5,383.97,365.31
1500,352.16,352.98,361.75,372.05,376.87,382.99,382.61,384.5,384.01,365.33
1501,352.15,352.99,361.75,372.07,376.86,383.0,382.58,384.48,384.04,365.33
1502,352.16,352.98,361.76,372.08,376.87,383.01,382.55,384.47,384.1,365.34
1503,352.17,353.0,361.77,372.1,376.89,383.03,382.55,384.45,384.15,365.36
1504,352.18,352.99,361.77,372.1,376.9,383.04,382.54,384.45,384.2,365.4
1505,352.18,353.01,361.78,372.11,376.91,383.05,382.56,384.46,384.24,365.45
1506,352.19,353.02,361.79,372.12,376.92,383.07,382.6,384.47,384.29,365.51
1507,352.18,353.02,361.79,372.12,376.92,383.09,382.64,384.48,384.3,365.55
1508,352.19,353.03,361.8,372.12,376.93,383.12,382.68,384.49,384.33,365.59
1509,352.19,353.03,361.8,372.12,376.95,383.13,382.71,384.49,384.33,365.63
1510,352.21,353.04,361.81,372.13,376.95,383.16,382.75,384.52,384.34,365.65
1511,352.2,353.04,361.81,372.14,376.96,383.17,382.76,384.54,384.36,365.66
1512,352.22,353.04,361.81,372.14,376.97,383.19,382.78,384.55,384.39,365.67
1513,352.22,353.05,361.82,372.16,376.98,383.21,382.79,384.57,384.41,365.7
1514,352.23,353.06,361.84,372.17,376.99,383.22,382.77,384.58,384.43,365.75
1515,352.25,353.07,361.83,372.18,377.01,383.23,382.76,384.58,384.45,365.78
1516,352.26,353.07,361.85,372.18,377.01,383.23,382.76,384.59,384.46,365.81
1517,352.26,353.09,361.85,372.19,377.02,383.22,382.76,384.61,384.46,365.83
1518,352.25,353.08,361.85,372.19,377.01,383.23,382.74,384.61,384.45,365.85
1519,352.26,353.09,361.87,372.21,377.02,383.22,382.73,384.63,384.46,365.89
1520,352.26,353.1,361.86,372.22,377.03,383.23,382.72,384.65,384.45,365.9
1521,352.27,353.1,361.87,372.23,377.03,383.23,382.73,384.65,384.46,365.94
1522,352.27,353.1,361.87,372.24,377.03,383.24,382.73,384.64,384.48,365.98
1523,352.28,353.12,361.88,372.25,377.06,383.24,382.73,384.6,384.5,366.01
1524,352.29,353.12,361.88,372.25,377.05,383.25,382.73,384.55,384.52,366.02
1525,352.29,353.13,361.87,372.26,377.05,383.26,382.75,384.52,384.54,366.03
1526,352.29,353.14,361.87,372.28,377.08,383.28,382.78,384.54,384.56,366.04
1527,352.29,353.14,361.88,372.3,377.09,383.29,382.8,384.58,384.55,366.01
1528,352.29,353.14,361.88,372.3,377.1,383.3,382.82,384.63,384.52,365.98
1529,352.29,353.14,361.9,372.32,377.12,383.3,382.82,384.66,384.5,365.95
1530,352.29,353.13,361.89,372.32,377.12,383.31,382.81,384.68,384.48,365.93
1531,352.3,353.13,361.9,372.3,377.13,383.33,382.84,384.69,384.48,365.89
1532,352.32,353.13,361.92,372.3,377.14,383.35,382.89,384.72,384.52,365.84
1533,352.33,353.15,361.93,372.31,377.16,383.38,382.92,384.75,384.55,365.84
1534,352.33,353.15,361.93,372.32,377.17,383.38,382.96,384.77,384.58,365.85
1535,352.33,353.15,361.94,372.34,377.17,383.39,382.98,384.79,384.61,365.89
1536,352.34,353.15,361.93,372.35,377.17,383.4,382.99,384.81,384.64,365.93
1537,352.35,353.16,361.93,372.36,377.19,383.4,383.0,384.83,384.67,366.0
1538,352.35,353.17,361.95,372.36,377.19,383.41,383.02,384.85,384.71,366.05
1539,352.36,353.18,361.96,372.37,377.2,383.42,383.03,384.86,384.74,366.12
1540,352.36,353.19,361.96,372.38,377.2,383.43,383.05,384.86,384.79,366.18
1541,352.38,353.19,361.97,372.38,377.22,383.43,383.06,384.87,384.82,366.25
1542,352.38,353.2,361.98,372.39,377.22,383.44,383.06,384.87,384.81,366.3
1543,352.39,353.21,361.98,372.4,377.23,383.46,383.05,384.9,384.82,366.34
1544,352.4,353.21,361.98,372.42,377.24,383.46,383.07,384.91,384.81,366.37
1545,352.4,353.22,361.99,372.43,377.24,383.47,383.09,384.92,384.82,366.39
1546,352.41,353.22,361.98,372.44,377.24,383.48,383.11,384.93,384.81,366.39
1547,352.41,353.23,361.99,372.44,377.25,383.48,383.13,384.94,384.81,366.38
1548,352.42,353.24,362.0,372.45,377.27,383.5,383.16,384.95,384.82,366.37
1549,352.43,353.25,362.01,372.46,377.28,383.51,383.19,384.97,384.8,366.34
1550,352.44,353.26,362.01,372.47,377.29,383.52,383.21,384.98,384.76,366.32
1551,352.43,353.25,362.02,372.49,377.28,383.55,383.22,384.99,384.75,366.3
1552,352.44,353.27,362.02,372.49,377.3,383.56,383.25,384.99,384.75,366.29
1553,352.45,353.28,362.03,372.49,377.32,383.56,383.27,385.0,384.74,366.26
1554,352.45,353.28,362.04,372.5,377.32,383.58,383.27,385.02,384.73,366.24
1555,352.46,353.27,362.06,372.51,377.33,383.59,383.27,385.03,384.7,366.23
1556,352.47,353.27,362.06,372.52,377.34,383.6,383.26,385.02,384.66,366.21
1557,352.48,353.27,362.07,372.53,377.34,383.61,383.26,385.03,384.61,366.18
1558,352.48,353.27,362.07,372.54,377.36,383.62,383.27,385.05,384.53,366.13
1559,352.49,353.28,362.08,372.55,377.38,383.64,383.27,385.07,384.48,366.09
1560,352.5,353.28,362.09,372.55,377.38,383.66,383.25,385.08,384.46,366.06
1561,352.5,353.29,362.1,372.55,377.39,383.66,383.23,385.09,384.47,366.05
1562,352.51,353.28,362.1,372.56,377.41,383.67,383.21,385.08,384.49,366.05
1563,352.51,353.29,362.1,372.57,377.41,383.67,383.18,385.09,384.51,366.03
1564,352.52,353.28,362.1,372.57,377.41,383.68,383.17,385.1,384.54,366.03
1565,352.52,353.29,362.11,372.58,377.41,383.7,383.17,385.09,384.57,366.05
1566,352.52,353.3,362.11,372.58,377.42,383.7,383.17,385.08,384.58,366.07
1567,352.54,353.32,362.12,372.59,377.44,383.71,383.22,385.08,384.59,366.12
1568,352.55,353.34,362.13,372.6,377.46,383.72,383.26,385.08,384.59,366.13
1569,352.55,353.34,362.13,372.61,377.45,383.74,383.29,385.1,384.58,366.14
1570,352.56,353.34,362.14,372.61,377.46,383.74,383.31,385.11,384.57,366.14
1571,352.56,353.34,362.13,372.62,377.46,383.76,383.3,385.14,384.58,366.13
1572,352.57,353.34,362.15,372.62,377.47,383.76,383.3,385.17,384.58,366.12
1573,352.57,353.35,362.16,372.63,377.48,383.78,383.3,385.21,384.58,366.11
1574,352.57,353.35,362.16,372.64,377.48,383.79,383.32,385.23,384.59,366.1
1575,352.58,353.35,362.18,372.64,377.49,383.8,383.36,385.24,384.6,366.09
1576,352.59,353.34,362.18,372.64,377.49,383.81,383.39,385.25,384.63,366.1
1577,352.6,353.35,362.19,372.65,377.5,383.82,383.46,385.27,384.72,366.11
1578,352.6,353.35,362.19,372.66,377.53,383.83,383.51,385.3,384.8,366.13
1579,352.6,353.35,362.2,372.66,377.53,383.84,383.52,385.31,384.83,366.14
1580,352.61,353.35,362.2,372.66,377.53,383.84,383.52,385.32,384.86,366.13
1581,352.61,353.36,362.21,372.67,377.55,383.85,383.52,385.33,384.89,366.12
1582,352.61,353.37,362.22,372.66,377.56,383.84,383.5,385.34,384.9,366.09
1583,352.62,353.38,362.22,372.67,377.56,383.84,383.48,385.34,384.9,366.07
1584,352.62,353.37,362.22,372.68,377.57,383.85,383.46,385.36,384.88,366.08
1585,352.62,353.39,362.23,372.69,377.58,383.86,383.45,385.36,384.87,366.08
1586,352.64,353.39,362.25,372.71,377.59,383.88,383.45,385.36,384.85,366.07
1587,352.65,353.41,362.26,372.73,377.61,383.89,383.46,385.35,384.83,366.06
1588,352.65,353.41,362.26,372.75,377.61,383.89,383.49,385.35,384.8,366.05
1589,352.65,353.41,362.26,372.76,377.61,383.9,383.51,385.33,384.78,366.03
1590,352.66,353.41,362.26,372.77,377.62,383.91,383.55,385.35,384.78,366.02
1591,352.66,353.42,362.26,372.78,377.62,383.92,383.56,385.34,384.78,366.01
1592,352.66,353.43,362.26,372.78,377.63,383.93,383.58,385.35,384.79,366.02
1593,352.67,353.43,362.26,372.8,377.64,383.95,383.6,385.37,384.81,366.01
1594,352.68,353.45,362.27,372.8,377.65,383.95,383.63,385.4,384.84,366.0
1595,352.69,353.46,362.29,372.81,377.67,383.96,383.66,385.41,384.88,365.99
1596,352.7,353.47,362.29,372.81,377.68,383.95,383.66,385.42,384.91,366.0
1597,352.7,353.47,362.3,372.82,377.69,383.97,383.66,385.42,384.93,366.0
1598,352.71,353.48,362.31,372.83,377.69,383.97,383.67,385.42,384.97,366.02
1599,352.72,353.49,362.32,372.85,377.71,383.98,383.68,385.42,384.98,366.04
1600,352.72,353.49,362.33,372.86,377.71,383.99,383.68,385.45,385.01,366.05
1601,352.73,353.48,362.33,372.87,377.72,384.0,383.69,385.49,385.02,366.06
1602,352.74,353.47,362.32,372.89,377.72,384.02,383.69,385.5,385.03,366.07
1603,352.75,353.49,362.34,372.88,377.75,384.03,383.72,385.52,385.04,366.05
1604,352.76,353.49,362.35,372.89,377.76,384.04,383.71,385.53,385.08,366.03
1605,352.76,353.49,362.35,372.9,377.76,384.05,383.71,385.54,385.08,366.01
1606,352.77,353.5,362.36,372.9,377.77,384.06,383.71,385.54,385.09,366.0
1607,352.77,353.52,362.38,372.91,377.78,384.07,383.74,385.54,385.1,365.99
1608,352.77,353.51,362.37,372.92,377.79,384.07,383.76,385.55,385.12,365.98
1609,352.79,353.52,362.37,372.92,377.79,384.07,383.75,385.56,385.13,365.97
1610,352.79,353.53,362.38,372.92,377.8,384.08,383.73,385.58,385.16,365.96
1611,352.79,353.55,362.39,372.92,377.81,384.08,383.72,385.6,385.19,365.94
1612,352.8,353.56,362.39,372.93,377.81,384.09,383.68,385.62,385.19,365.92
1613,352.82,353.57,362.41,372.93,377.83,384.1,383.64,385.61,385.16,365.92
1614,352.83,353.58,362.41,372.95,377.84,384.1,383.62,385.58,385.14,365.93
1615,352.84,353.57,362.42,372.95,377.84,384.11,383.6,385.56,385.1,365.93
1616,352.85,353.57,362.43,372.96,377.86,384.11,383.58,385.56,385.06,365.91
1617,352.85,353.57,362.43,372.97,377.86,384.12,383.56,385.54,384.97,365.9
1618,352.86,353.58,362.44,372.98,377.86,384.13,383.56,385.53,384.82,365.89
1619,352.86,353.58,362.45,372.99,377.87,384.13,383.58,385.55,384.66,365.88
1620,352.86,353.57,362.45,373.0,377.87,384.16,383.6,385.57,384.5,365.85
1621,352.87,353.58,362.46,373.02,377.88,384.17,383.66,385.59,384.35,365.82
1622,352.88,353.6,362.46,373.03,377.89,384.18,383.72,385.6,384.33,365.79
1623,352.88,353.61,362.46,373.03,377.89,384.19,383.75,385.63,384.42,365.78
1624,352.89,353.61,362.46,373.04,377.9,384.21,383.77,385.67,384.53,365.77
1625,352.89,353.62,362.47,373.04,377.91,384.21,383.78,385.7,384.65,365.77
1626,352.9,353.63,362.47,373.05,377.91,384.22,383.77,385.72,384.75,365.78
1627,352.9,353.64,362.49,373.05,377.93,384.23,383.77,385.73,384.82,365.81
1628,352.91,353.64,362.49,373.06,377.94,384.24,383.78,385.73,384.87,365.83
1629,352.91,353.64,362.5,373.07,377.95,384.26,383.78,385.73,384.9,365.87
1630,352.92,353.63,362.51,373.08,377.95,384.26,383.79,385.73,384.92,365.94
1631,352.93,353.63,362.52,373.08,377.96,384.27,383.83,385.73,384.94,366.05
1632,352.95,353.62,362.54,373.08,377.98,384.28,383.87,385.75,384.97,366.14
1633,352.94,353.62,362.55,373.09,377.99,384.29,383.89,385.78,384.98,366.2
1634,352.94,353.62,362.55,373.09,378.0,384.3,383.93,385.8,385.01,366.25
1635,352.94,353.62,362.54,373.1,378.0,384.31,383.94,385.82,385.05,366.29
1636,352.95,353.63,362.54,373.1,378.0,384.31,383.96,385.84,385.1,366.31
1637,352.97,353.64,362.56,373.1,378.03,384.31,383.98,385.85,385.16,366.33
1638,352.97,353.65,362.57,373.1,378.04,384.31,383.99,385.86,385.22,366.36
1639,352.97,353.65,362.58,373.11,378.03,384.32,384.01,385.87,385.29,366.42
1640,352.96,353.66,362.58,373.12,378.03,384.32,384.0,385.86,385.37,366.5
1641,352.98,353.65,362.56,373.13,378.01,384.32,384.0,385.87,385.41,366.56
1642,352.98,353.68,362.56,373.15,378.03,384.33,384.01,385.86,385.46,366.64
1643,352.99,353.68,362.57,373.16,378.04,384.33,384.01,385.86,385.48,366.7
1644,352.99,353.7,362.56,373.17,378.05,384.34,383.99,385.87,385.52,366.76
1645,352.99,353.7,362.56,373.19,378.07,384.35,383.98,385.88,385.54,366.8
1646,353.0,353.71,362.57,373.19,378.08,384.35,383.96,385.89,385.57,366.84
1647,353.02,353.72,362.58,373.2,378.09,384.36,383.94,385.88,385.6,366.87
1648,353.02,353.73,362.59,373.21,378.11,384.37,383.94,385.89,385.64,366.92
1649,353.03,353.74,362.61,373.21,378.12,384.37,383.94,385.89,385.68,366.98
1650,353.04,353.74,362.62,373.22,378.13,384.38,383.95,385.88,385.68,367.01
1651,353.03,353.73,362.62,373.22,378.13,384.38,383.96,385.89,385.68,367.06
1652,353.04,353.74,362.62,373.24,378.13,384.4,383.98,385.91,385.68,367.1
1653,353.05,353.74,362.63,373.25,378.14,384.4,383.99,385.93,385.65,367.14
1654,353.05,353.74,362.62,373.25,378.14,384.41,384.0,385.96,385.62,367.18
1655,353.05,353.75,362.64,373.25,378.14,384.41,384.02,385.98,385.59,367.23
1656,353.06,353.74,362.65,373.27,378.15,384.43,384.02,386.0,385.56,367.27
1657,353.07,353.75,362.65,373.28,378.16,384.43,384.02,386.0,385.56,367.35
1658,353.09,353.76,362.65,373.3,378.18,384.44,384.03,386.0,385.58,367.41
1659,353.09,353.77,362.65,373.3,378.18,384.45,384.02,385.99,385.59,367.44
1660,353.09,353.77,362.66,373.31,378.18,384.47,384.01,385.96,385.62,367.44
1661,353.1,353.77,362.67,373.3,378.19,384.48,384.03,385.94,385.64,367.45
1662,353.11,353.78,362.68,373.31,378.21,384.49,384.03,385.94,385.67,367.44
1663,353.12,353.78,362.68,373.31,378.2,384.5,384.06,385.94,385.68,367.44
1664,353.12,353.79,362.68,373.31,378.21,384.52,384.08,385.95,385.66,367.42
1665,353.13,353.8,362.69,373.31,378.22,384.52,384.08,385.97,385.61,367.41
1666,353.14,353.82,362.68,373.33,378.23,384.53,384.09,386.0,385.56,367.4
1667,353.16,353.84,362.69,373.34,378.25,384.54,384.09,386.01,385.57,367.41
1668,353.16,353.85,362.69,373.35,378.27,384.55,384.1,386.01,385.6,367.38
1669,353.16,353.84,362.69,373.35,378.27,384.56,384.13,386.01,385.62,367.34
1670,353.18,353.85,362.72,373.36,378.27,384.57,384.16,386.0,385.64,367.32
1671,353.18,353.85,362.72,373.38,378.28,384.57,384.18,386.01,385.65,367.31
1672,353.19,353.84,362.73,373.38,378.28,384.57,384.19,386.02,385.67,367.31
1673,353.19,353.84,362.73,373.39,378.28,384.58,384.18,386.04,385.66,367.31
1674,353.2,353.84,362.73,373.4,378.28,384.59,384.17,386.06,385.68,367.33
1675,353.21,353.85,362.75,373.41,378.3,384.59,384.17,386.07,385.69,367.35
1676,353.22,353.85,362.76,373.41,378.31,384.6,384.18,386.07,385.73,367.38
1677,353.24,353.86,362.77,373.41,378.34,384.61,384.2,386.08,385.75,367.4
1678,353.24,353.86,362.78,373.42,378.34,384.62,384.21,386.08,385.76,367.42
1679,353.24,353.87,362.79,373.42,378.35,384.61,384.22,386.1,385.78,367.45
1680,353.25,353.86,362.79,373.43,378.36,384.61,384.23,386.13,385.81,367.5
1681,353.25,353.87,362.79,373.43,378.37,384.62,384.25,386.14,385.83,367.52
1682,353.25,353.86,362.8,373.43,378.37,384.63,384.27,386.16,385.86,367.55
1683,353.27,353.86,362.8,373.44,378.38,384.64,384.28,386.17,385.88,367.58
1684,353.27,353.88,362.8,373.44,378.39,384.65,384.27,386.17,385.91,367.6
1685,353.28,353.88,362.8,373.45,378.39,384.67,384.27,386.18,385.95,367.61
1686,353.28,353.88,362.8,373.46,378.39,384.68,384.29,386.18,385.97,367.64
1687,353.29,353.88,362.81,373.47,378.41,384.69,384.32,386.18,385.99,367.67
1688,353.31,353.89,362.82,373.47,378.41,384.71,384.34,386.18,386.02,367.7
1689,353.3,353.9,362.83,373.48,378.41,384.73,384.34,386.19,386.03,367.72
1690,353.32,353.91,362.83,373.48,378.42,384.75,384.34,386.2,386.05,367.74
1691,353.31,353.9,362.83,373.49,378.42,384.76,384.33,386.22,386.06,367.75
1692,353.32,353.92,362.84,373.51,378.43,384.77,384.33,386.26,386.08,367.75
1693,353.33,353.92,362.86,373.51,378.44,384.79,384.31,386.27,386.11,367.77
1694,353.34,353.93,362.85,373.52,378.45,384.8,384.29,386.26,386.1,367.79
1695,353.34,353.93,362.86,373.52,378.46,384.81,384.3,386.26,386.1,367.83
1696,353.34,353.93,362.87,373.53,378.47,384.83,384.3,386.26,386.12,367.84
1697,353.36,353.93,362.87,373.53,378.48,384.83,384.33,386.26,386.13,367.89
1698,353.35,353.94,362.89,373.53,378.49,384.84,384.34,386.27,386.13,367.92
1699,353.35,353.94,362.88,373.53,378.5,384.84,384.35,386.28,386.14,367.96
1700,353.35,353.95,362.89,373.55,378.52,384.86,384.38,386.29,386.15,368.0
1701,353.36,353.95,362.89,373.55,378.52,384.85,384.4,386.3,386.16,368.04
1702,353.36,353.96,362.9,373.56,378.53,384.84,384.42,386.3,386.18,368.08
1703,353.37,353.97,362.9,373.57,378.54,384.85,384.45,386.31,386.22,368.12
1704,353.39,353.98,362.91,373.58,378.55,384.86,384.46,386.29,386.25,368.12
1705,353.4,353.98,362.91,373.59,378.55,384.87,384.49,386.28,386.25,368.1
1706,353.41,353.98,362.92,373.6,378.55,384.9,384.52,386.28,386.24,368.11
1707,353.42,353.99,362.92,373.61,378.56,384.91,384.54,386.31,386.23,368.14
1708,353.43,354.0,362.93,373.62,378.56,384.93,384.53,386.32,386.22,368.18
1709,353.44,354.0,362.92,373.62,378.56,384.93,384.52,386.33,386.22,368.22
1710,353.44,354.01,362.94,373.63,378.57,384.95,384.54,386.34,386.23,368.26
1711,353.45,354.03,362.96,373.64,378.58,384.97,384.55,386.34,386.25,368.27
1712,353.46,354.04,362.96,373.64,378.6,384.98,384.56,386.38,386.3,368.27
1713,353.47,354.05,362.97,373.63,378.6,384.98,384.56,386.43,386.31,368.25
1714,353.47,354.05,362.97,373.64,378.61,384.99,384.57,386.46,386.31,368.26
1715,353.47,354.04,362.97,373.64,378.6,384.99,384.57,386.48,386.31,368.28
1716,353.48,354.05,362.97,373.65,378.6,385.0,384.55,386.48,386.32,368.3
1717,353.48,354.04,362.98,373.66,378.6,385.01,384.54,386.49,386.34,368.3
1718,353.49,354.06,363.0,373.66,378.61,384.99,384.54,386.5,386.37,368.3
1719,353.5,354.07,363.01,373.67,378.63,384.99,384.54,386.5,386.39,368.29
1720,353.51,354.07,363.01,373.68,378.64,384.99,384.54,386.5,386.4,368.26
1721,353.53,354.09,363.02,373.68,378.66,384.98,384.53,386.48,386.41,368.23
1722,353.53,354.08,363.02,373.7,378.67,384.99,384.53,386.49,386.4,368.25
1723,353.53,354.09,363.03,373.7,378.69,384.99,384.54,386.51,386.39,368.29
1724,353.53,354.07,363.04,373.7,378.68,384.98,384.55,386.53,386.36,368.35
1725,353.54,354.08,363.05,373.71,378.7,384.98,384.56,386.55,386.33,368.41
1726,353.54,354.09,363.05,373.72,378.71,384.99,384.56,386.57,386.29,368.44
1727,353.54,354.09,363.05,373.73,378.7,384.99,384.58,386.59,386.23,368.45
1728,353.54,354.09,363.05,373.74,378.71,385.0,384.6,386.59,386.18,368.47
1729,353.55,354.11,363.06,373.76,378.72,385.02,384.64,386.59,386.13,368.47
1730,353.57,354.12,363.07,373.77,378.73,385.04,384.7,386.6,386.11,368.43
1731,353.57,354.12,363.07,373.77,378.74,385.04,384.74,386.59,386.09,368.39
1732,353.58,354.14,363.07,373.78,378.75,385.06,384.77,386.6,386.08,368.35
1733,353.61,354.15,363.09,373.78,378.76,385.08,384.79,386.6,386.07,368.33
1734,353.61,354.16,363.08,373.79,378.76,385.09,384.79,386.61,386.03,368.31
1735,353.61,354.16,363.08,373.8,378.77,385.11,384.78,386.61,385.97,368.3
1736,353.62,354.16,363.09,373.8,378.78,385.12,384.75,386.61,385.93,368.29
1737,353.63,354.18,363.1,373.8,378.78,385.12,384.73,386.61,385.92,368.26
1738,353.64,354.19,363.11,373.8,378.8,385.13,384.72,386.6,385.98,368.25
1739,353.64,354.19,363.13,373.81,378.81,385.13,384.71,386.59,386.03,368.23
1740,353.65,354.18,363.13,373.81,378.81,385.14,384.73,386.57,386.1,368.21
1741,353.64,354.19,363.13,373.82,378.81,385.14,384.74,386.56,386.17,368.19
1742,353.64,354.19,363.14,373.82,378.82,385.14,384.75,386.57,386.23,368.16
1743,353.64,354.19,363.14,373.84,378.81,385.14,384.75,386.58,386.26,368.14
1744,353.65,354.18,363.14,373.86,378.8,385.15,384.76,386.6,386.28,368.12
1745,353.66,354.2,363.14,373.88,378.81,385.16,384.78,386.62,386.3,368.14
1746,353.66,354.21,363.15,373.9,378.83,385.17,384.8,386.64,386.29,368.16
1747,353.68,354.22,363.16,373.91,378.84,385.17,384.82,386.64,386.27,368.21
1748,353.69,354.23,363.17,373.91,378.85,385.18,384.83,386.65,386.24,368.24
1749,353.69,354.24,363.17,373.92,378.86,385.18,384.84,386.65,386.21,368.24
1750,353.69,354.24,363.18,373.92,378.87,385.19,384.87,386.67,386.16,368.21
1751,353.7,354.25,363.19,373.93,378.88,385.2,384.88,386.69,386.12,368.18
1752,353.71,354.25,363.2,373.93,378.89,385.21,384.88,386.71,386.09,368.15
1753,353.71,354.26,363.21,373.92,378.9,385.21,384.91,386.72,386.1,368.13
1754,353.72,354.27,363.22,373.93,378.91,385.22,384.94,386.74,386.12,368.12
1755,353.73,354.27,363.23,373.93,378.93,385.24,384.95,386.74,386.14,368.11
1756,353.74,354.27,363.23,373.94,378.93,385.24,384.97,386.74,386.22,368.11
1757,353.75,354.28,363.24,373.96,378.95,385.24,384.99,386.74,386.3,368.12
1758,353.76,354.29,363.25,373.96,378.94,385.25,384.99,386.72,386.32,368.11
1759,353.77,354.29,363.24,373.97,378.95,385.27,385.01,386.73,386.34,368.1
1760,353.77,354.29,363.25,373.98,378.95,385.28,385.02,386.72,386.35,368.06
1761,353.78,354.3,363.26,374.01,378.95,385.3,385.03,386.73,386.37,368.06
1762,353.78,354.31,363.26,374.02,378.97,385.31,385.04,386.75,386.38,368.05
1763,353.79,354.32,363.26,374.02,378.97,385.33,385.06,386.76,386.38,368.05
1764,353.8,354.33,363.26,374.03,378.98,385.35,385.08,386.76,386.38,368.05
1765,353.82,354.35,363.27,374.03,378.99,385.36,385.1,386.76,386.33,368.06
1766,353.83,354.36,363.29,374.02,379.02,385.38,385.07,386.76,386.21,368.05
1767,353.83,354.37,363.3,374.03,379.02,385.4,385.06,386.78,386.11,368.02
1768,353.83,354.38,363.29,374.04,379.02,385.42,385.03,386.8,386.04,367.98
1769,353.85,354.39,363.31,374.05,379.02,385.45,385.04,386.82,386.06,367.97
1770,353.85,354.4,363.33,374.05,379.04,385.45,385.06,386.84,386.09,367.96
1771,353.85,354.4,363.32,374.07,379.04,385.46,385.06,386.84,386.15,367.96
1772,353.85,354.4,363.33,374.07,379.04,385.47,385.06,386.85,386.21,367.95
1773,353.86,354.4,363.34,374.06,379.05,385.48,385.07,386.86,386.26,367.95
1774,353.87,354.39,363.35,374.07,379.04,385.47,385.07,386.87,386.32,367.88
1775,353.87,354.39,363.36,374.08,379.05,385.49,385.08,386.89,386.36,367.82
1776,353.88,354.39,363.37,374.07,379.06,385.49,385.08,386.9,386.37,367.8
1777,353.89,354.39,363.39,374.09,379.06,385.51,385.08,386.91,386.37,367.81
1778,353.88,354.4,363.38,374.1,379.07,385.52,385.07,386.93,386.36,367.81
1779,353.89,354.41,363.38,374.11,379.07,385.51,385.07,386.94,386.37,367.83
1780,353.89,354.42,363.38,374.13,379.07,385.52,385.07,386.95,386.38,367.83
1781,353.89,354.44,363.37,374.14,379.08,385.52,385.08,386.95,386.41,367.84
1782,353.88,354.43,363.37,374.15,379.09,385.53,385.08,386.97,386.45,367.85
1783,353.9,354.44,363.38,374.15,379.11,385.54,385.08,386.97,386.45,367.87
1784,353.93,354.46,363.39,374.17,379.12,385.54,385.07,386.97,386.42,367.86
1785,353.93,354.47,363.4,374.17,379.15,385.55,385.08,386.96,386.41,367.85
1786,353.95,354.47,363.4,374.19,379.15,385.57,385.09,386.94,386.41,367.85
1787,353.96,354.47,363.41,374.2,379.16,385.59,385.12,386.95,386.42,367.87
1788,353.96,354.48,363.42,374.2,379.17,385.6,385.12,386.96,386.42,367.89
1789,353.97,354.48,363.42,374.2,379.17,385.6,385.15,386.99,386.43,367.91
1790,353.97,354.48,363.43,374.2,379.17,385.62,385.18,387.02,386.44,367.94
1791,353.98,354.48,363.43,374.21,379.18,385.62,385.19,387.04,386.45,367.98
1792,354.0,354.49,363.44,374.22,379.19,385.63,385.22,387.06,386.49,368.06
1793,354.0,354.5,363.46,374.23,379.18,385.64,385.23,387.07,386.54,368.13
1794,354.01,354.5,363.46,374.23,379.19,385.65,385.23,387.08,386.58,368.16
1795,354.01,354.51,363.47,374.24,379.19,385.66,385.24,387.08,386.63,368.21
1796,354.01,354.5,363.47,374.24,379.2,385.66,385.25,387.05,386.69,368.25
1797,354.03,354.51,363.49,374.24,379.21,385.67,385.26,387.03,386.73,368.31
1798,354.03,354.5,363.48,374.25,379.2,385.68,385.27,387.02,386.78,368.36
1799,354.04,354.51,363.48,374.26,379.21,385.7,385.28,387.06,386.83,368.43
1800,354.05,354.53,363.5,374.27,379.23,385.7,385.29,387.07,386.88,368.5
1801,354.06,354.53,363.51,374.27,379.24,385.7,385.29,387.08,386.92,368.58
1802,354.06,354.53,363.52,374.27,379.25,385.7,385.28,387.07,386.92,368.65
1803,354.06,354.54,363.52,374.28,379.25,385.72,385.29,387.08,386.94,368.69
1804,354.06,354.54,363.52,374.28,379.26,385.73,385.3,387.1,386.95,368.72
1805,354.08,354.55,363.52,374.28,379.26,385.74,385.31,387.12,386.94,368.76
1806,354.08,354.55,363.52,374.29,379.28,385.74,385.33,387.14,386.94,368.79
1807,354.08,354.56,363.52,374.3,379.28,385.75,385.35,387.13,386.95,368.79
1808,354.07,354.55,363.51,374.31,379.28,385.75,385.36,387.13,386.97,368.79
1809,354.1,354.56,363.53,374.31,379.3,385.75,385.38,387.1,387.02,368.81
1810,354.1,354.56,363.53,374.32,379.31,385.77,385.39,387.08,387.08,368.83
1811,354.1,354.56,363.54,374.34,379.3,385.77,385.4,387.06,387.1,368.86
1812,354.11,354.57,363.55,374.35,379.31,385.78,385.41,387.06,387.11,368.91
1813,354.13,354.58,363.56,374.36,379.32,385.78,385.42,387.06,387.11,368.95
1814,354.14,354.59,363.57,374.37,379.33,385.79,385.44,387.05,387.11,369.0
1815,354.15,354.6,363.58,374.37,379.34,385.8,385.44,387.06,387.11,369.03
1816,354.16,354.6,363.58,374.37,379.33,385.81,385.44,387.07,387.11,369.04
1817,354.17,354.6,363.59,374.37,379.35,385.83,385.44,387.09,387.13,369.04
1818,354.17,354.61,363.59,374.38,379.36,385.84,385.45,387.11,387.13,369.02
1819,354.18,354.63,363.59,374.39,379.36,385.85,385.46,387.15,387.14,368.97
1820,354.19,354.63,363.6,374.38,379.38,385.85,385.48,387.18,387.14,368.9
1821,354.2,354.64,363.61,374.4,379.38,385.87,385.49,387.21,387.12,368.83
1822,354.2,354.65,363.6,374.41,379.39,385.87,385.49,387.25,387.11,368.78
1823,354.21,354.65,363.6,374.4,379.39,385.89,385.46,387.28,387.09,368.74
1824,354.21,354.66,363.61,374.41,379.39,385.88,385.45,387.3,387.06,368.73
1825,354.21,354.67,363.61,374.4,379.4,385.89,385.45,387.32,387.04,368.71
1826,354.22,354.68,363.62,374.41,379.4,385.88,385.45,387.33,387.03,368.71
1827,354.22,354.69,363.63,374.41,379.41,385.89,385.47,387.35,387.01,368.72
1828,354.22,354.7,363.64,374.42,379.42,385.89,385.48,387.38,387.03,368.71
1829,354.23,354.69,363.64,374.42,379.43,385.88,385.45,387.4,387.03,368.72
1830,354.24,354.71,363.66,374.42,379.44,385.88,385.45,387.43,387.05,368.73
1831,354.25,354.7,363.66,374.44,379.45,385.89,385.45,387.45,387.08,368.74
1832,354.26,354.71,363.67,374.45,379.46,385.9,385.46,387.45,387.09,368.75
1833,354.26,354.71,363.67,374.47,379.47,385.9,385.47,387.47,387.09,368.76
1834,354.27,354.72,363.68,374.48,379.47,385.91,385.5,387.48,387.07,368.76
1835,354.28,354.73,363.7,374.49,379.48,385.92,385.53,387.49,387.05,368.75
1836,354.28,354.74,363.7,374.49,379.47,385.92,385.54,387.49,387.04,368.74
1837,354.29,354.75,363.7,374.51,379.49,385.93,385.56,387.48,387.05,368.76
1838,354.3,354.77,363.71,374.51,379.51,385.93,385.59,387.49,387.09,368.75
1839,354.3,354.78,363.71,374.52,379.52,385.94,385.58,387.48,387.13,368.75
1840,354.31,354.79,363.72,374.53,379.53,385.95,385.58,387.48,387.16,368.77
1841,354.31,354.78,363.71,374.54,379.53,385.96,385.56,387.49,387.17,368.8
1842,354.31,354.79,363.7,374.54,379.54,385.96,385.57,387.49,387.18,368.84
1843,354.32,354.79,363.72,374.55,379.55,385.96,385.57,387.49,387.2,368.9
1844,354.33,354.8,363.73,374.57,379.56,385.98,385.59,387.5,387.2,368.98
1845,354.34,354.81,363.74,374.57,379.57,385.99,385.6,387.5,387.2,369.02
1846,354.37,354.81,363.76,374.57,379.57,386.0,385.64,387.5,387.25,369.04
1847,354.37,354.83,363.76,374.59,379.58,386.01,385.67,387.5,387.27,369.01
1848,354.38,354.82,363.76,374.6,379.58,386.03,385.68,387.51,387.28,369.0
1849,354.38,354.84,363.77,374.6,379.6,386.04,385.69,387.52,387.29,369.0
1850,354.4,354.84,363.77,374.61,379.6,386.05,385.7,387.53,387.31,369.01
1851,354.4,354.86,363.78,374.61,379.61,386.06,385.7,387.55,387.31,369.02
1852,354.41,354.86,363.78,374.62,379.61,386.07,385.7,387.57,387.32,369.03
1853,354.4,354.87,363.79,374.62,379.63,386.08,385.71,387.58,387.32,369.04
1854,354.41,354.87,363.8,374.62,379.63,386.08,385.73,387.59,387.3,369.05
1855,354.41,354.88,363.81,374.62,379.64,386.1,385.72,387.61,387.27,369.05
1856,354.42,354.89,363.82,374.62,379.65,386.11,385.71,387.62,387.27,369.04
1857,354.43,354.9,363.83,374.63,379.65,386.12,385.7,387.63,387.29,369.03
1858,354.43,354.9,363.82,374.62,379.66,386.13,385.67,387.62,387.3,369.01
1859,354.43,354.91,363.83,374.63,379.67,386.13,385.66,387.63,387.32,369.02
1860,354.44,354.91,363.83,374.64,379.68,386.14,385.67,387.65,387.34,369.04
1861,354.45,354.91,363.85,374.65,379.7,386.15,385.7,387.67,387.37,369.07
1862,354.45,354.92,363.85,374.67,379.7,386.16,385.72,387.68,387.39,369.07
1863,354.45,354.94,363.86,374.68,379.71,386.17,385.75,387.69,387.41,369.08
1864,354.46,354.94,363.85,374.69,379.72,386.18,385.77,387.71,387.46,369.09
1865,354.47,354.96,363.86,374.7,379.74,386.18,385.79,387.72,387.5,369.1
1866,354.46,354.97,363.87,374.71,379.74,386.2,385.8,387.73,387.52,369.08
1867,354.47,354.97,363.88,374.72,379.73,386.21,385.81,387.74,387.52,369.08
1868,354.48,354.97,363.88,374.72,379.74,386.21,385.82,387.74,387.53,369.09
1869,354.5,354.99,363.9,374.72,379.76,386.24,385.86,387.74,387.55,369.1
1870,354.49,355.0,363.91,374.74,379.76,386.24,385.87,387.73,387.56,369.09
1871,354.49,355.0,363.91,374.73,379.76,386.25,385.88,387.73,387.56,369.09
1872,354.5,355.01,363.92,374.73,379.76,386.27,385.89,387.73,387.57,369.08
1873,354.51,355.01,363.92,374.74,379.78,386.28,385.89,387.73,387.59,369.08
1874,354.52,355.02,363.93,374.76,379.79,386.28,385.88,387.74,387.61,369.12
1875,354.52,355.02,363.94,374.76,379.79,386.3,385.87,387.74,387.63,369.12
1876,354.53,355.02,363.94,374.76,379.8,386.31,385.85,387.74,387.66,369.12
1877,354.52,355.02,363.94,374.77,379.81,386.31,385.84,387.76,387.67,369.13
1878,354.52,355.02,363.95,374.77,379.82,386.33,385.84,387.75,387.69,369.13
1879,354.54,355.03,363.96,374.78,379.82,386.33,385.85,387.74,387.71,369.13
1880,354.55,355.04,363.97,374.78,379.83,386.34,385.9,387.75,387.72,369.14
1881,354.56,355.06,363.98,374.78,379.84,386.35,385.94,387.77,387.71,369.13
1882,354.56,355.07,363.99,374.79,379.85,386.37,386.0,387.83,387.68,369.14
1883,354.58,355.09,364.0,374.8,379.87,386.38,386.07,387.88,387.63,369.15
1884,354.58,355.1,364.01,374.81,379.88,386.4,386.12,387.91,387.63,369.13
1885,354.59,355.1,364.0,374.82,379.87,386.41,386.14,387.94,387.64,369.11
1886,354.58,355.11,364.0,374.82,379.88,386.43,386.17,387.97,387.69,369.09
1887,354.59,355.11,364.0,374.83,379.88,386.44,386.2,387.97,387.72,369.06
1888,354.61,355.12,364.01,374.85,379.89,386.46,386.23,387.99,387.73,369.03
1889,354.6,355.13,364.02,374.84,379.89,386.46,386.25,387.99,387.71,369.02
1890,354.61,355.13,364.01,374.86,379.89,386.47,386.25,388.01,387.69,369.05
1891,354.64,355.15,364.04,374.87,379.91,386.48,386.25,388.03,387.68,369.11
1892,354.65,355.17,364.05,374.87,379.92,386.49,386.22,388.03,387.68,369.17
1893,354.65,355.16,364.05,374.88,379.92,386.49,386.22,388.04,387.7,369.17
1894,354.66,355.18,364.06,374.89,379.94,386.51,386.22,388.06,387.71,369.16
1895,354.66,355.19,364.06,374.9,379.94,386.53,386.22,388.07,387.72,369.12
1896,354.67,355.19,364.06,374.91,379.96,386.54,386.24,388.07,387.76,369.08
1897,354.68,355.2,364.07,374.92,379.96,386.55,386.26,388.07,387.81,369.03
1898,354.68,355.22,364.07,374.92,379.97,386.55,386.25,388.06,387.84,368.97
1899,354.68,355.21,364.07,374.93,379.96,386.56,386.26,388.07,387.85,368.92
1900,354.69,355.22,364.08,374.94,379.97,386.58,386.27,388.07,387.83,368.86
1901,354.71,355.22,364.09,374.95,379.98,386.58,386.26,388.09,387.77,368.85
1902,354.71,355.24,364.1,374.96,379.99,386.59,386.26,388.12,387.75,368.85
1903,354.7,355.24,364.09,374.97,379.99,386.6,386.25,388.13,387.73,368.86
1904,354.72,355.24,364.1,374.98,380.0,386.6,386.24,388.13,387.73,368.89
1905,354.73,355.25,364.11,374.98,380.01,386.61,386.25,388.12,387.77,368.94
1906,354.73,355.25,364.11,374.99,380.01,386.63,386.23,388.13,387.8,368.99
1907,354.75,355.25,364.11,375.0,380.02,386.64,386.23,388.12,387.83,369.07
1908,354.76,355.26,364.13,375.0,380.02,386.64,386.25,388.12,387.86,369.17
1909,354.76,355.27,364.13,375.01,380.02,386.64,386.26,388.12,387.87,369.31
1910,354.79,355.29,364.16,375.01,380.04,386.66,386.33,388.14,387.86,369.45
1911,354.79,355.3,364.16,375.01,380.06,386.67,386.37,388.18,387.77,369.51
1912,354.8,355.31,364.17,375.01,380.06,386.67,386.41,388.19,387.66,369.54
1913,354.8,355.31,364.17,375.02,380.06,386.67,386.43,388.21,387.54,369.54
1914,354.81,355.32,364.18,375.03,380.07,386.68,386.45,388.21,387.43,369.52
1915,354.82,355.33,364.18,375.03,380.07,386.68,386.44,388.22,387.29,369.47
1916,354.83,355.33,364.18,375.04,380.09,386.67,386.43,388.23,387.19,369.43
1917,354.83,355.34,364.18,375.04,380.09,386.68,386.4,388.23,387.14,369.4
1918,354.84,355.34,364.18,375.05,380.09,386.7,386.36,388.23,387.15,369.39
1919,354.85,355.35,364.2,375.06,380.11,386.7,386.35,388.24,387.24,369.37
1920,354.85,355.35,364.2,375.07,380.09,386.7,386.35,388.21,387.33,369.34
1921,354.87,355.35,364.2,375.07,380.1,386.7,386.33,388.19,387.37,369.31
1922,354.87,355.35,364.21,375.08,380.1,386.72,386.31,388.19,387.39,369.26
1923,354.88,355.36,364.23,375.09,380.11,386.72,386.29,388.2,387.39,369.23
1924,354.89,355.36,364.22,375.09,380.11,386.74,386.28,388.21,387.37,369.23
1925,354.89,355.37,364.22,375.1,380.12,386.76,386.28,388.21,387.36,369.22
1926,354.9,355.39,364.23,375.1,380.13,386.76,386.31,388.21,387.36,369.22
1927,354.91,355.39,364.24,375.11,380.13,386.77,386.33,388.22,387.35,369.19
1928,354.91,355.39,364.24,375.11,380.14,386.79,386.36,388.23,387.32,369.17
1929,354.92,355.4,364.25,375.11,380.14,386.8,386.39,388.24,387.31,369.16
1930,354.93,355.4,364.25,375.12,380.15,386.8,386.42,388.25,387.32,369.15
1931,354.93,355.4,364.26,375.12,380.15,386.81,386.44,388.27,387.33,369.13
1932,354.94,355.41,364.27,375.13,380.14,386.82,386.47,388.29,387.36,369.15
1933,354.94,355.41,364.26,375.14,380.15,386.81,386.48,388.29,387.38,369.16
1934,354.95,355.4,364.27,375.14,380.15,386.81,386.48,388.28,387.4,369.17
1935,354.95,355.43,364.27,375.15,380.16,386.81,386.49,388.27,387.38,369.19
1936,354.96,355.43,364.28,375.16,380.18,386.82,386.49,388.29,387.31,369.17
1937,354.98,355.45,364.28,375.16,380.18,386.82,386.49,388.3,387.27,369.15
1938,354.99,355.46,364.29,375.18,380.19,386.84,386.5,388.31,387.29,369.16
1939,355.0,355.46,364.29,375.19,380.2,386.85,386.51,388.32,387.33,369.16
1940,355.0,355.48,364.3,375.19,380.21,386.86,386.49,388.32,387.38,369.16
1941,355.01,355.49,364.31,375.2,380.22,386.86,386.5,388.33,387.44,369.16
1942,355.02,355.5,364.31,375.19,380.23,386.87,386.51,388.32,387.5,369.14
1943,355.02,355.51,364.32,375.2,380.25,386.88,386.49,388.33,387.55,369.11
1944,355.02,355.51,364.32,375.21,380.24,386.89,386.5,388.34,387.59,369.11
1945,355.03,355.51,364.33,375.21,380.26,386.89,386.51,388.36,387.65,369.13
1946,355.05,355.52,364.34,375.21,380.28,386.91,386.54,388.38,387.71,369.15
1947,355.05,355.53,364.35,375.23,380.28,386.91,386.54,388.39,387.72,369.16
1948,355.06,355.54,364.35,375.23,380.29,386.91,386.55,388.41,387.72,369.16
1949,355.06,355.54,364.36,375.25,380.29,386.91,386.56,388.42,387.73,369.18
1950,355.07,355.55,364.37,375.26,380.29,386.91,386.56,388.39,387.75,369.19
1951,355.08,355.53,364.36,375.28,380.28,386.92,386.55,388.39,387.78,369.22
1952,355.08,355.54,364.37,375.29,380.29,386.93,386.55,388.38,387.8,369.25
1953,355.08,355.55,364.37,375.31,380.3,386.95,386.53,388.39,387.81,369.28
1954,355.1,355.56,364.38,375.32,380.3,386.95,386.53,388.4,387.82,369.29
1955,355.11,355.58,364.4,375.32,380.32,386.96,386.54,388.4,387.86,369.27
1956,355.12,355.58,364.4,375.33,380.33,386.98,386.55,388.39,387.88,369.25
1957,355.12,355.59,364.41,375.33,380.34,386.98,386.56,388.36,387.88,369.25
1958,355.13,355.6,364.41,375.34,380.35,386.99,386.58,388.34,387.88,369.25
1959,355.14,355.61,364.42,375.34,380.36,387.01,386.6,388.33,387.9,369.27
1960,355.15,355.63,364.43,375.35,380.37,387.02,386.63,388.37,387.93,369.29
1961,355.14,355.62,364.43,375.34,380.37,387.03,386.63,388.41,387.96,369.31
1962,355.16,355.63,364.43,375.36,380.38,387.04,386.65,388.48,388.0,369.34
1963,355.17,355.63,364.45,375.36,380.39,387.06,386.68,388.52,388.03,369.38
1964,355.17,355.62,364.45,375.36,380.39,387.07,386.69,388.54,388.02,369.41
1965,355.18,355.63,364.46,375.38,380.41,387.08,386.72,388.56,388.03,369.44
1966,355.19,355.63,364.48,375.39,380.41,387.1,386.72,388.59,388.03,369.48
1967,355.2,355.63,364.48,375.41,380.42,387.11,386.73,388.62,388.04,369.49
1968,355.2,355.63,364.49,375.41,380.42,387.12,386.74,388.64,388.03,369.49
1969,355.21,355.64,364.5,375.42,380.43,387.14,386.75,388.66,388.03,369.49
1970,355.23,355.64,364.5,375.42,380.44,387.15,386.77,388.67,388.04,369.49
1971,355.23,355.65,364.52,375.42,380.46,387.16,386.79,388.65,388.04,369.48
1972,355.24,355.66,364.52,375.43,380.46,387.17,386.83,388.65,388.02,369.45
1973,355.25,355.66,364.52,375.44,380.48,387.18,386.88,388.66,388.03,369.45
1974,355.26,355.67,364.53,375.45,380.49,387.19,386.88,388.69,388.04,369.48
1975,355.26,355.68,364.52,375.45,380.48,387.19,386.87,388.73,388.04,369.53
1976,355.27,355.69,364.53,375.45,380.5,387.19,386.86,388.75,388.06,369.58
1977,355.28,355.69,364.54,375.45,380.52,387.2,386.83,388.74,388.06,369.63
1978,355.28,355.69,364.54,375.46,380.52,387.21,386.81,388.73,388.02,369.65
1979,355.29,355.71,364.55,375.48,380.52,387.21,386.81,388.7,387.93,369.67
1980,355.3,355.71,364.56,375.48,380.53,387.22,386.8,388.68,387.84,369.69
1981,355.31,355.71,364.57,375.49,380.53,387.22,386.78,388.64,387.7,369.72
1982,355.32,355.71,364.58,375.51,380.53,387.22,386.77,388.63,387.62,369.76
1983,355.33,355.71,364.58,375.52,380.54,387.23,386.79,388.63,387.62,369.8
1984,355.34,355.72,364.58,375.52,380.56,387.24,386.81,388.64,387.69,369.83
1985,355.33,355.72,364.58,375.53,380.56,387.24,386.82,388.66,387.77,369.86
1986,355.35,355.72,364.59,375.53,380.56,387.24,386.84,388.68,387.85,369.9
1987,355.35,355.73,364.59,375.55,380.57,387.25,386.85,388.71,387.92,369.93
1988,355.34,355.72,364.59,375.55,380.58,387.26,386.85,388.74,387.98,369.93
1989,355.36,355.73,364.59,375.57,380.58,387.27,386.85,388.75,388.05,369.96
1990,355.36,355.75,364.61,375.57,380.59,387.28,386.83,388.76,388.11,369.96
1991,355.37,355.76,364.63,375.57,380.6,387.28,386.82,388.76,388.16,369.98
1992,355.38,355.76,364.63,375.58,380.6,387.29,386.82,388.77,388.16,369.99
1993,355.39,355.77,364.64,375.6,380.61,387.3,386.83,388.76,388.18,370.01
1994,355.39,355.77,364.65,375.61,380.61,387.3,386.87,388.74,388.18,370.01
1995,355.4,355.78,364.64,375.62,380.62,387.3,386.91,388.73,388.21,370.03
1996,355.41,355.78,364.64,375.62,380.63,387.31,386.93,388.74,388.25,370.05
1997,355.43,355.8,364.65,375.63,380.66,387.32,386.96,388.78,388.31,370.09
1998,355.44,355.8,364.65,375.63,380.66,387.33,386.96,388.81,388.34,370.1
1999,355.44,355.81,364.66,375.64,380.66,387.33,386.98,388.82,388.43,370.12
2000,355.45,355.81,364.66,375.65,380.66,387.35,386.99,388.83,388.49,370.13
2001,355.46,355.81,364.67,375.65,380.66,387.35,387.0,388.84,388.53,370.12
2002,355.47,355.81,364.68,375.66,380.66,387.36,387.0,388.85,388.56,370.13
2003,355.47,355.82,364.69,375.67,380.67,387.36,387.01,388.84,388.59,370.13
2004,355.49,355.82,364.7,375.66,380.68,387.37,387.01,388.85,388.62,370.14
2005,355.48,355.84,364.7,375.66,380.69,387.39,387.0,388.86,388.65,370.15
2006,355.48,355.83,364.7,375.67,380.7,387.4,386.96,388.86,388.66,370.15
2007,355.5,355.84,364.72,375.68,380.7,387.41,386.94,388.86,388.67,370.15
2008,355.51,355.85,364.71,375.68,380.72,387.42,386.94,388.87,388.69,370.15
2009,355.51,355.86,364.73,375.69,380.73,387.44,386.96,388.87,388.69,370.14
2010,355.52,355.86,364.74,375.71,380.74,387.45,386.97,388.88,388.69,370.14
2011,355.53,355.85,364.73,375.71,380.74,387.46,387.0,388.89,388.66,370.14
2012,355.53,355.85,364.74,375.72,380.74,387.47,387.03,388.91,388.63,370.14
2013,355.54,355.85,364.75,375.72,380.75,387.47,387.06,388.96,388.57,370.14
2014,355.55,355.86,364.75,375.72,380.77,387.47,387.07,388.99,388.51,370.14
2015,355.56,355.87,364.76,375.72,380.77,387.47,387.08,389.01,388.48,370.13
2016,355.56,355.88,364.77,375.72,380.77,387.48,387.09,389.03,388.46,370.12
2017,355.57,355.89,364.78,375.73,380.79,387.49,387.1,389.02,388.49,370.16
2018,355.58,355.9,364.79,375.73,380.8,387.48,387.11,389.02,388.52,370.22
2019,355.58,355.9,364.78,375.73,380.79,387.49,387.11,389.04,388.52,370.28
2020,355.58,355.91,364.79,375.74,380.8,387.5,387.12,389.05,388.5,370.32
2021,355.59,355.91,364.79,375.75,380.8,387.5,387.12,389.05,388.46,370.34
2022,355.6,355.93,364.79,375.76,380.8,387.52,387.14,389.06,388.41,370.35
2023,355.58,355.93,364.8,375.76,380.81,387.52,387.14,389.06,388.37,370.33
2024,355.6,355.93,364.8,375.77,380.81,387.53,387.17,389.06,388.36,370.33
2025,355.61,355.94,364.81,375.79,380.81,387.54,387.18,389.07,388.35,370.33
2026,355.62,355.94,364.81,375.81,380.83,387.56,387.2,389.09,388.39,370.37
2027,355.65,355.97,364.82,375.81,380.85,387.57,387.22,389.09,388.45,370.41
2028,355.66,355.97,364.82,375.83,380.86,387.59,387.23,389.1,388.49,370.44
2029,355.67,355.99,364.83,375.84,380.87,387.61,387.24,389.12,388.53,370.45
2030,355.68,356.0,364.85,375.84,380.87,387.63,387.26,389.11,388.59,370.46
2031,355.69,356.01,364.84,375.85,380.88,387.64,387.26,389.11,388.63,370.47
2032,355.7,356.03,364.86,375.84,380.9,387.64,387.29,389.12,388.69,370.5
2033,355.71,356.04,364.86,375.84,380.89,387.64,387.29,389.13,388.73,370.52
2034,355.71,356.04,364.88,375.85,380.9,387.65,387.3,389.14,388.76,370.52
2035,355.72,356.05,364.89,375.85,380.91,387.65,387.31,389.15,388.78,370.54
2036,355.73,356.05,364.89,375.86,380.91,387.64,387.33,389.16,388.77,370.55
2037,355.73,356.05,364.89,375.86,380.91,387.64,387.33,389.16,388.75,370.55
2038,355.74,356.04,364.9,375.87,380.92,387.64,387.34,389.17,388.77,370.54
2039,355.75,356.03,364.9,375.88,380.92,387.64,387.35,389.19,388.79,370.55
2040,355.75,356.04,364.91,375.89,380.94,387.64,387.35,389.2,388.81,370.58
2041,355.76,356.05,364.92,375.88,380.94,387.65,387.33,389.2,388.83,370.61
2042,355.76,356.05,364.93,375.89,380.95,387.66,387.3,389.21,388.8,370.66
2043,355.76,356.06,364.93,375.9,380.95,387.67,387.29,389.19,388.76,370.69
2044,355.77,356.06,364.95,375.9,380.96,387.67,387.28,389.16,388.63,370.72
2045,355.78,356.07,364.95,375.91,380.97,387.7,387.28,389.14,388.49,370.71
2046,355.79,356.07,364.95,375.9,380.98,387.69,387.27,389.14,388.42,370.7
2047,355.8,356.09,364.96,375.92,380.99,387.71,387.27,389.16,388.4,370.69
2048,355.8,356.09,364.96,375.93,380.99,387.73,387.27,389.18,388.36,370.68
2049,355.81,356.1,364.96,375.92,381.0,387.73,387.28,389.16,388.35,370.69
2050,355.82,356.11,364.97,375.92,381.01,387.74,387.29,389.15,388.37,370.69
2051,355.82,356.1,364.97,375.92,381.02,387.74,387.3,389.17,388.42,370.69
2052,355.82,356.11,364.99,375.93,381.03,387.75,387.31,389.21,388.47,370.67
2053,355.83,356.11,364.99,375.94,381.03,387.76,387.31,389.26,388.55,370.68
2054,355.85,356.11,364.99,375.95,381.04,387.77,387.31,389.3,388.59,370.72
2055,355.85,356.12,364.99,375.97,381.04,387.77,387.31,389.32,388.6,370.75
2056,355.85,356.12,365.0,375.98,381.04,387.78,387.32,389.34,388.61,370.8
2057,355.87,356.12,365.0,376.01,381.04,387.78,387.34,389.34,388.6,370.84
2058,355.87,356.14,365.01,376.03,381.04,387.78,387.36,389.34,388.6,370.86
2059,355.88,356.15,365.01,376.03,381.06,387.79,387.38,389.33,388.62,370.88
2060,355.91,356.16,365.02,376.04,381.08,387.81,387.38,389.33,388.68,370.88
2061,355.92,356.18,365.03,376.03,381.08,387.82,387.39,389.32,388.75,370.88
2062,355.93,356.19,365.05,376.03,381.09,387.84,387.36,389.31,388.85,370.92
2063,355.94,356.2,365.06,376.04,381.1,387.85,387.34,389.31,388.92,370.97
2064,355.94,356.2,365.06,376.04,381.11,387.86,387.35,389.31,388.97,371.02
2065,355.94,356.2,365.08,376.04,381.12,387.87,387.36,389.33,389.0,371.07
2066,355.95,356.21,365.07,376.04,381.12,387.88,387.38,389.34,389.03,371.13
2067,355.94,356.22,365.07,376.05,381.13,387.88,387.39,389.36,389.08,371.2
2068,355.94,356.21,365.07,376.06,381.13,387.88,387.42,389.37,389.11,371.27
2069,355.95,356.21,365.09,376.08,381.15,387.89,387.45,389.38,389.15,371.35
2070,355.97,356.22,365.1,376.09,381.16,387.9,387.51,389.41,389.2,371.37
2071,355.99,356.23,365.11,376.1,381.17,387.91,387.54,389.43,389.23,371.41
2072,356.0,356.25,365.13,376.1,381.18,387.91,387.56,389.44,389.23,371.44
2073,356.01,356.24,365.13,376.1,381.18,387.91,387.56,389.46,389.22,371.49
2074,356.0,356.24,365.13,376.11,381.18,387.92,387.53,389.48,389.19,371.51
2075,356.03,356.25,365.12,376.11,381.18,387.91,387.54,389.51,389.18,371.52
2076,356.03,356.26,365.14,376.11,381.19,387.92,387.55,389.52,389.19,371.51
2077,356.03,356.27,365.15,376.12,381.19,387.92,387.56,389.53,389.2,371.48
2078,356.05,356.28,365.15,376.13,381.19,387.92,387.58,389.53,389.21,371.46
2079,356.05,356.29,365.16,376.13,381.2,387.92,387.6,389.52,389.24,371.44
2080,356.06,356.3,365.16,376.15,381.22,387.94,387.63,389.52,389.26,371.42
2081,356.07,356.32,365.17,376.14,381.23,387.94,387.66,389.52,389.29,371.42
2082,356.07,356.31,365.17,376.15,381.23,387.95,387.67,389.53,389.33,371.4
2083,356.06,356.31,365.18,376.14,381.25,387.96,387.68,389.53,389.36,371.4
2084,356.08,356.33,365.19,376.15,381.26,387.98,387.7,389.56,389.4,371.41
2085,356.1,356.33,365.2,376.16,381.28,387.99,387.72,389.57,389.42,371.41
2086,356.1,356.34,365.21,376.16,381.28,388.0,387.71,389.58,389.43,371.43
2087,356.1,356.33,365.2,376.17,381.28,388.01,387.7,389.58,389.44,371.45
2088,356.1,356.33,365.21,376.17,381.29,388.02,387.7,389.57,389.44,371.47
2089,356.12,356.33,365.22,376.19,381.3,388.03,387.7,389.56,389.43,371.51
2090,356.12,356.34,365.23,376.19,381.3,388.05,387.69,389.57,389.43,371.51
2091,356.12,356.34,365.23,376.19,381.31,388.05,387.68,389.58,389.43,371.52
2092,356.13,356.36,365.24,376.2,381.31,388.07,387.68,389.61,389.42,371.54
2093,356.13,356.36,365.24,376.21,381.31,388.08,387.68,389.62,389.43,371.59
2094,356.15,356.36,365.24,376.23,381.32,388.08,387.7,389.62,389.47,371.63
2095,356.15,356.38,365.25,376.23,381.32,388.09,387.72,389.63,389.5,371.66
2096,356.15,356.37,365.25,376.25,381.32,388.1,387.72,389.64,389.5,371.66
2097,356.15,356.37,365.25,376.26,381.32,388.1,387.72,389.64,389.51,371.68
2098,356.17,356.38,365.26,376.27,381.34,388.11,387.75,389.63,389.52,371.71
2099,356.18,356.39,365.26,376.28,381.34,388.12,387.8,389.64,389.5,371.74
2100,356.19,356.41,365.28,376.3,381.36,388.14,387.84,389.66,389.49,371.74
2101,356.21,356.42,365.29,376.31,381.37,388.14,387.86,389.68,389.48,371.73
2102,356.21,356.43,365.3,376.31,381.37,388.16,387.9,389.71,389.47,371.72
2103,356.22,356.44,365.31,376.32,381.38,388.17,387.91,389.76,389.46,371.69
2104,356.23,356.45,365.31,376.32,381.4,388.18,387.93,389.79,389.46,371.65
2105,356.25,356.45,365.32,376.33,381.4,388.19,387.94,389.81,389.44,371.62
2106,356.25,356.46,365.33,376.33,381.42,388.2,387.94,389.83,389.4,371.58
2107,356.26,356.47,365.33,376.33,381.42,388.2,387.93,389.84,389.32,371.56
2108,356.26,356.47,365.33,376.34,381.43,388.21,387.92,389.85,389.25,371.55
2109,356.28,356.48,365.34,376.34,381.43,388.21,387.9,389.84,389.25,371.58
2110,356.28,356.48,365.34,376.35,381.44,388.22,387.9,389.85,389.26,371.59
2111,356.29,356.49,365.35,376.36,381.45,388.23,387.89,389.85,389.3,371.6
2112,356.3,356.49,365.35,376.37,381.45,388.23,387.89,389.86,389.34,371.63
2113,356.3,356.5,365.37,376.37,381.46,388.24,387.89,389.86,389.41,371.65
2114,356.31,356.51,365.38,376.37,381.47,388.24,387.9,389.85,389.46,371.66
2115,356.33,356.51,365.38,376.38,381.48,388.25,387.9,389.85,389.51,371.68
2116,356.33,356.51,365.39,376.38,381.48,388.26,387.89,389.84,389.58,371.7
2117,356.32,356.52,365.39,376.39,381.49,388.27,387.89,389.83,389.62,371.72
2118,356.33,356.52,365.39,376.39,381.49,388.28,387.89,389.83,389.67,371.73
2119,356.35,356.51,365.39,376.41,381.51,388.29,387.91,389.83,389.7,371.74
2120,356.35,356.53,365.4,376.41,381.51,388.3,387.92,389.84,389.72,371.75
2121,356.36,356.53,365.4,376.42,381.51,388.3,387.93,389.84,389.74,371.73
2122,356.37,356.54,365.41,376.42,381.52,388.31,387.94,389.83,389.75,371.72
2123,356.37,356.54,365.41,376.43,381.52,388.32,387.95,389.85,389.76,371.71
2124,356.38,356.55,365.42,376.44,381.53,388.33,387.97,389.88,389.78,371.72
2125,356.39,356.56,365.43,376.44,381.54,388.34,388.01,389.91,389.8,371.79
2126,356.41,356.57,365.44,376.44,381.55,388.35,388.03,389.94,389.83,371.87
2127,356.41,356.58,365.45,376.45,381.56,388.36,388.06,389.96,389.83,371.89
2128,356.42,356.58,365.44,376.46,381.56,388.37,388.07,389.99,389.83,371.89
2129,356.43,356.57,365.46,376.46,381.57,388.37,388.1,390.0,389.84,371.87
2130,356.43,356.59,365.46,376.47,381.57,388.37,388.11,390.01,389.85,371.85
2131,356.44,356.59,365.47,376.49,381.58,388.38,388.13,390.02,389.89,371.84
2132,356.44,356.59,365.47,376.49,381.58,388.38,388.12,390.01,389.91,371.82
2133,356.45,356.58,365.48,376.49,381.59,388.38,388.13,389.98,389.94,371.81
2134,356.47,356.6,365.5,376.49,381.59,388.37,388.12,389.94,389.99,371.78
2135,356.47,356.61,365.51,376.52,381.59,388.38,388.09,389.94,390.03,371.71
2136,356.47,356.61,365.51,376.51,381.59,388.38,388.08,389.94,390.04,371.66
2137,356.49,356.62,365.52,376.52,381.6,388.39,388.07,389.9,390.04,371.63
2138,356.49,356.62,365.52,376.53,381.61,388.39,388.06,389.87,390.05,371.6
2139,356.49,356.62,365.51,376.53,381.61,388.4,388.05,389.86,390.05,371.57
2140,356.49,356.63,365.52,376.54,381.62,388.41,388.06,389.85,390.05,371.56
2141,356.51,356.63,365.52,376.55,381.63,388.42,388.08,389.86,390.02,371.56
2142,356.51,356.63,365.52,376.55,381.63,388.43,388.07,389.88,390.01,371.56
2143,356.52,356.64,365.54,376.54,381.65,388.43,388.06,389.91,390.01,371.54
2144,356.53,356.64,365.55,376.55,381.66,388.43,388.04,389.96,390.03,371.52
2145,356.53,356.66,365.56,376.56,381.67,388.44,388.03,389.99,390.03,371.5
2146,356.55,356.66,365.57,376.57,381.68,388.45,388.02,390.0,390.05,371.49
2147,356.56,356.67,365.57,376.57,381.68,388.45,388.02,390.0,390.06,371.5
2148,356.57,356.67,365.58,376.59,381.68,388.46,388.01,390.01,390.05,371.5
2149,356.57,356.68,365.58,376.59,381.69,388.46,388.02,390.01,390.05,371.5
2150,356.58,356.68,365.58,376.59,381.68,388.47,388.01,390.02,390.04,371.5
2151,356.58,356.67,365.59,376.59,381.67,388.47,388.0,390.03,390.02,371.5
2152,356.58,356.68,365.59,376.59,381.68,388.47,387.99,390.02,390.0,371.53
2153,356.59,356.69,365.6,376.6,381.68,388.49,388.01,390.01,390.0,371.55
2154,356.61,356.7,365.61,376.61,381.68,388.49,388.03,390.01,390.01,371.56
2155,356.61,356.71,365.62,376.61,381.7,388.49,388.05,390.03,390.03,371.56
2156,356.61,356.71,365.62,376.62,381.69,388.5,388.05,390.05,390.03,371.55
2157,356.62,356.72,365.63,376.61,381.7,388.5,388.05,390.08,390.04,371.56
2158,356.63,356.72,365.62,376.61,381.7,388.51,388.04,390.09,390.05,371.55
2159,356.63,356.72,365.63,376.62,381.71,388.51,388.06,390.1,390.04,371.54
2160,356.63,356.71,365.62,376.63,381.7,388.52,388.07,390.11,390.03,371.54
2161,356.65,356.74,365.64,376.64,381.73,388.52,388.1,390.12,390.03,371.58
2162,356.66,356.76,365.65,376.64,381.75,388.53,388.16,390.13,389.99,371.62
2163,356.67,356.77,365.65,376.64,381.75,388.54,388.18,390.12,389.93,371.65
2164,356.67,356.76,365.66,376.65,381.75,388.54,388.21,390.11,389.87,371.67
2165,356.68,356.78,365.67,376.65,381.76,388.54,388.24,390.11,389.82,371.67
2166,356.68,356.78,365.67,376.66,381.76,388.55,388.23,390.12,389.76,371.65
2167,356.7,356.78,365.68,376.66,381.77,388.54,388.23,390.14,389.73,371.61
2168,356.7,356.79,365.69,376.66,381.77,388.55,388.22,390.17,389.73,371.58
2169,356.71,356.8,365.7,376.67,381.77,388.56,388.21,390.17,389.72,371.56
2170,356.72,356.8,365.7,376.68,381.78,388.58,388.2,390.17,389.74,371.59
2171,356.74,356.8,365.72,376.69,381.78,388.58,388.2,390.19,389.76,371.62
2172,356.74,356.81,365.73,376.69,381.79,388.59,388.22,390.2,389.8,371.63
2173,356.75,356.82,365.74,376.7,381.81,388.59,388.25,390.18,389.82,371.63
2174,356.75,356.82,365.74,376.71,381.81,388.6,388.27,390.19,389.82,371.62
2175,356.76,356.81,365.72,376.7,381.8,388.62,388.3,390.18,389.82,371.62
2176,356.76,356.82,365.74,376.72,381.81,388.63,388.33,390.18,389.81,371.63
2177,356.76,356.82,365.74,376.72,381.83,388.63,388.35,390.19,389.8,371.64
2178,356.77,356.83,365.74,376.73,381.83,388.64,388.37,390.21,389.77,371.63
2179,356.77,356.84,365.74,376.73,381.84,388.65,388.39,390.23,389.73,371.59
2180,356.79,356.85,365.76,376.74,381.85,388.65,388.4,390.25,389.75,371.55
2181,356.79,356.85,365.76,376.74,381.85,388.66,388.4,390.27,389.77,371.52
2182,356.79,356.86,365.77,376.75,381.86,388.67,388.38,390.28,389.81,371.49
2183,356.81,356.86,365.77,376.77,381.87,388.68,388.38,390.3,389.84,371.49
2184,356.82,356.86,365.78,376.77,381.87,388.69,388.39,390.29,389.85,371.5
2185,356.82,356.87,365.79,376.78,381.88,388.69,388.37,390.3,389.86,371.51
2186,356.82,356.88,365.79,376.78,381.89,388.7,388.34,390.3,389.86,371.51
2187,356.84,356.87,365.81,376.78,381.89,388.71,388.32,390.3,389.89,371.53
2188,356.84,356.88,365.82,376.79,381.91,388.71,388.3,390.26,389.94,371.55
2189,356.85,356.89,365.83,376.79,381.92,388.71,388.29,390.23,389.99,371.58
2190,356.85,356.89,365.83,376.8,381.92,388.72,388.3,390.21,390.02,371.64
2191,356.87,356.9,365.84,376.8,381.94,388.72,388.32,390.21,390.04,371.68
2192,356.87,356.9,365.84,376.81,381.94,388.73,388.35,390.22,390.04,371.73
2193,356.88,356.91,365.85,376.81,381.95,388.74,388.34,390.23,390.04,371.77
2194,356.88,356.92,365.86,376.83,381.96,388.75,388.33,390.27,390.03,371.81
2195,356.89,356.92,365.85,376.84,381.96,388.76,388.3,390.29,390.0,371.83
2196,356.89,356.93,365.85,376.85,381.97,388.77,388.29,390.29,389.99,371.85
2197,356.91,356.94,365.87,376.85,381.98,388.78,388.27,390.28,389.96,371.87
2198,356.92,356.94,365.87,376.86,381.98,388.8,388.26,390.26,389.9,371.84
2199,356.93,356.95,365.87,376.86,381.98,388.8,388.27,390.23,389.86,371.84
2200,356.93,356.96,365.89,376.86,382.0,388.81,388.3,390.19,389.83,371.83
2201,356.94,356.97,365.89,376.87,382.0,388.82,388.33,390.17,389.76,371.82
2202,356.94,356.96,365.9,376.87,382.0,388.82,388.37,390.19,389.7,371.82
2203,356.95,356.97,365.9,376.87,382.01,388.83,388.41,390.21,389.67,371.81
2204,356.96,356.97,365.91,376.89,382.03,388.85,388.45,390.23,389.65,371.78
2205,356.96,356.97,365.91,376.9,382.02,388.86,388.46,390.25,389.63,371.73
2206,356.97,356.97,365.92,376.9,382.03,388.86,388.49,390.25,389.68,371.7
2207,356.99,356.98,365.93,376.9,382.05,388.87,388.53,390.29,389.75,371.71
2208,356.99,356.99,365.94,376.91,382.04,388.87,388.54,390.31,389.81,371.71
2209,357.0,356.99,365.94,376.92,382.04,388.87,388.53,390.35,389.85,371.71
2210,357.01,357.01,365.95,376.92,382.06,388.88,388.55,390.39,389.86,371.7
2211,357.01,357.01,365.95,376.93,382.06,388.87,388.54,390.41,389.84,371.7
2212,357.01,357.01,365.96,376.94,382.07,388.88,388.54,390.42,389.81,371.69
2213,357.02,357.02,365.96,376.94,382.07,388.88,388.54,390.42,389.78,371.67
2214,357.03,357.02,365.98,376.95,382.08,388.89,388.54,390.41,389.78,371.64
2215,357.04,357.04,365.99,376.95,382.09,388.9,388.56,390.4,389.75,371.62
2216,357.05,357.05,365.99,376.95,382.1,388.9,388.59,390.39,389.73,371.62
2217,357.06,357.06,366.0,376.96,382.12,388.91,388.6,390.39,389.69,371.6
2218,357.07,357.05,366.0,376.96,382.12,388.92,388.61,390.41,389.67,371.57
2219,357.07,357.06,366.01,376.97,382.13,388.93,388.64,390.43,389.68,371.57
2220,357.08,357.07,366.01,376.97,382.14,388.94,388.65,390.45,389.7,371.55
2221,357.09,357.07,366.02,376.98,382.14,388.95,388.66,390.48,389.71,371.55
2222,357.1,357.08,366.03,376.99,382.15,388.96,388.67,390.49,389.71,371.54
2223,357.1,357.08,366.03,377.0,382.14,388.97,388.68,390.5,389.73,371.52
2224,357.11,357.08,366.04,377.0,382.16,389.0,388.7,390.51,389.8,371.51
2225,357.11,357.09,366.05,377.01,382.16,389.01,388.7,390.52,389.91,371.53
2226,357.12,357.09,366.05,377.01,382.17,389.01,388.71,390.53,389.98,371.57
2227,357.13,357.09,366.06,377.02,382.16,389.02,388.7,390.53,390.01,371.62
2228,357.14,357.09,366.06,377.02,382.16,389.01,388.72,390.49,390.04,371.69
2229,357.13,357.11,366.06,377.03,382.18,389.01,388.72,390.49,390.05,371.75
2230,357.15,357.11,366.07,377.03,382.18,389.01,388.72,390.5,390.05,371.82
2231,357.15,357.12,366.07,377.03,382.18,389.01,388.71,390.52,390.05,371.88
2232,357.17,357.12,366.08,377.05,382.19,389.02,388.72,390.53,390.06,371.95
2233,357.17,357.14,366.08,377.06,382.21,389.02,388.71,390.55,390.1,372.01
2234,357.18,357.15,366.09,377.06,382.21,389.03,388.7,390.56,390.14,372.03
2235,357.18,357.16,366.1,377.08,382.21,389.03,388.71,390.59,390.2,372.0
2236,357.19,357.15,366.1,377.08,382.22,389.04,388.72,390.62,390.24,371.98
2237,357.2,357.17,366.12,377.09,382.23,389.05,388.74,390.64,390.3,371.98
2238,357.2,357.18,366.13,377.09,382.24,389.06,388.74,390.66,390.34,371.97
2239,357.22,357.19,366.13,377.11,382.25,389.07,388.75,390.68,390.39,371.98
2240,357.22,357.19,366.14,377.12,382.25,389.08,388.76,390.67,390.42,371.98
2241,357.23,357.2,366.15,377.12,382.26,389.09,388.77,390.68,390.46,371.97
2242,357.24,357.21,366.15,377.12,382.28,389.1,388.79,390.69,390.48,371.98
2243,357.25,357.23,366.16,377.12,382.29,389.1,388.82,390.68,390.49,372.0
2244,357.25,357.23,366.16,377.14,382.29,389.12,388.81,390.69,390.48,372.04
2245,357.25,357.23,366.15,377.14,382.29,389.11,388.81,390.69,390.47,372.1
2246,357.25,357.24,366.16,377.15,382.31,389.12,388.82,390.72,390.47,372.17
2247,357.26,357.24,366.16,377.16,382.3,389.13,388.84,390.75,390.47,372.22
2248,357.27,357.25,366.18,377.16,382.32,389.14,388.86,390.77,390.49,372.26
2249,357.28,357.27,366.19,377.16,382.33,389.14,388.89,390.78,390.5,372.28
2250,357.29,357.27,366.2,377.18,382.34,389.15,388.89,390.79,390.5,372.31
2251,357.3,357.28,366.22,377.17,382.35,389.15,388.9,390.77,390.43,372.34
2252,357.31,357.29,366.22,377.19,382.35,389.16,388.9,390.75,390.35,372.35
2253,357.31,357.29,366.23,377.2,382.36,389.19,388.9,390.73,390.27,372.35
2254,357.32,357.31,366.24,377.21,382.37,389.19,388.92,390.71,390.22,372.33
2255,357.33,357.3,366.23,377.22,382.37,389.2,388.92,390.71,390.18,372.28
2256,357.34,357.31,366.23,377.24,382.37,389.22,388.92,390.73,390.15,372.25
2257,357.34,357.32,366.25,377.25,382.38,389.25,388.93,390.74,390.14,372.21
2258,357.36,357.33,366.25,377.26,382.39,389.26,388.93,390.77,390.15,372.18
2259,357.37,357.33,366.25,377.26,382.39,389.27,388.92,390.79,390.15,372.14
2260,357.37,357.34,366.26,377.27,382.4,389.29,388.92,390.82,390.16,372.1
2261,357.38,357.36,366.28,377.29,382.41,389.31,388.94,390.85,390.17,372.1
2262,357.39,357.37,366.27,377.3,382.41,389.32,388.97,390.86,390.16,372.11
2263,357.4,357.37,366.27,377.31,382.43,389.33,389.02,390.87,390.13,372.13
2264,357.42,357.39,366.28,377.31,382.43,389.33,389.04,390.88,390.12,372.13
2265,357.42,357.39,366.3,377.31,382.44,389.34,389.07,390.88,390.11,372.13
2266,357.42,357.4,366.3,377.32,382.44,389.34,389.07,390.91,390.15,372.13
2267,357.43,357.4,366.3,377.32,382.44,389.33,389.08,390.92,390.22,372.15
2268,357.44,357.42,366.33,377.32,382.45,389.34,389.1,390.94,390.29,372.16
2269,357.45,357.42,366.34,377.33,382.47,389.35,389.1,390.95,390.39,372.23
2270,357.46,357.43,366.35,377.34,382.48,389.35,389.09,390.96,390.47,372.31
2271,357.46,357.43,366.36,377.34,382.49,389.35,389.05,390.97,390.5,372.37
2272,357.47,357.44,366.36,377.34,382.49,389.35,388.99,390.96,390.52,372.41
2273,357.47,357.44,366.36,377.35,382.49,389.36,388.96,390.96,390.54,372.44
2274,357.48,357.45,366.37,377.35,382.5,389.37,388.97,390.95,390.55,372.45
2275,357.48,357.45,366.37,377.37,382.51,389.37,389.0,390.94,390.57,372.43
2276,357.48,357.46,366.37,377.37,382.51,389.38,389.01,390.95,390.59,372.39
2277,357.49,357.45,366.38,377.37,382.52,389.38,389.06,390.98,390.64,372.35
2278,357.51,357.47,366.41,377.38,382.54,389.38,389.11,391.0,390.68,372.33
2279,357.51,357.47,366.4,377.39,382.54,389.4,389.13,391.02,390.71,372.33
2280,357.52,357.48,366.41,377.39,382.54,389.4,389.15,391.03,390.75,372.34
2281,357.53,357.49,366.43,377.4,382.55,389.4,389.16,391.05,390.79,372.35
2282,357.52,357.5,366.43,377.41,382.55,389.41,389.15,391.07,390.83,372.35
2283,357.54,357.5,366.43,377.41,382.57,389.41,389.14,391.09,390.86,372.37
2284,357.55,357.51,366.44,377.41,382.57,389.41,389.13,391.07,390.88,372.4
2285,357.55,357.51,366.43,377.41,382.58,389.41,389.13,391.09,390.89,372.41
2286,357.56,357.52,366.44,377.42,382.58,389.43,389.15,391.1,390.9,372.42
2287,357.56,357.53,366.45,377.43,382.59,389.43,389.14,391.1,390.93,372.42
2288,357.57,357.53,366.46,377.44,382.6,389.44,389.12,391.1,390.97,372.41
2289,357.58,357.54,366.46,377.46,382.61,389.44,389.08,391.09,391.0,372.41
2290,357.59,357.55,366.48,377.46,382.61,389.45,389.07,391.08,391.02,372.4
2291,357.59,357.56,366.48,377.46,382.62,389.47,389.06,391.04,391.05,372.38
2292,357.6,357.55,366.5,377.47,382.63,389.47,389.06,390.99,391.06,372.38
2293,357.6,357.56,366.5,377.45,382.64,389.48,389.07,390.94,391.06,372.38
2294,357.61,357.57,366.51,377.47,382.64,389.5,389.08,390.94,391.03,372.42
2295,357.62,357.58,366.52,377.47,382.65,389.5,389.1,390.96,390.99,372.43
2296,357.63,357.58,366.52,377.47,382.65,389.51,389.1,391.01,390.88,372.44
2297,357.64,357.6,366.53,377.47,382.66,389.52,389.13,391.04,390.8,372.43
2298,357.64,357.61,366.53,377.49,382.67,389.53,389.15,391.08,390.74,372.43
2299,357.64,357.62,366.54,377.49,382.67,389.55,389.17,391.1,390.7,372.42
2300,357.66,357.63,366.54,377.5,382.68,389.55,389.2,391.11,390.66,372.42
2301,357.66,357.64,366.55,377.5,382.68,389.56,389.22,391.11,390.64,372.43
2302,357.66,357.65,366.55,377.51,382.69,389.56,389.23,391.13,390.68,372.43
2303,357.67,357.65,366.56,377.52,382.69,389.57,389.23,391.15,390.73,372.43
2304,357.67,357.66,366.56,377.52,382.7,389.58,389.19,391.15,390.8,372.43
2305,357.68,357.66,366.56,377.53,382.71,389.58,389.14,391.17,390.87,372.44
2306,357.68,357.67,366.57,377.54,382.72,389.59,389.14,391.15,390.88,372.46
2307,357.69,357.67,366.56,377.54,382.73,389.6,389.13,391.1,390.87,372.47
2308,357.7,357.68,366.57,377.55,382.73,389.61,389.12,391.06,390.83,372.48
2309,357.71,357.69,366.57,377.56,382.74,389.61,389.12,391.03,390.78,372.49
2310,357.71,357.7,366.58,377.57,382.74,389.62,389.13,391.01,390.7,372.49
2311,357.72,357.71,366.59,377.58,382.76,389.64,389.16,391.01,390.63,372.48
2312,357.72,357.72,366.6,377.58,382.75,389.65,389.17,391.0,390.54,372.46
2313,357.73,357.72,366.6,377.59,382.75,389.67,389.21,391.01,390.44,372.43
2314,357.74,357.72,366.61,377.59,382.75,389.67,389.24,391.01,390.37,372.41
2315,357.75,357.73,366.61,377.6,382.76,389.67,389.27,391.02,390.32,372.39
2316,357.75,357.74,366.61,377.61,382.76,389.68,389.27,391.01,390.26,372.36
2317,357.77,357.74,366.62,377.62,382.76,389.67,389.28,391.02,390.21,372.33
2318,357.78,357.75,366.62,377.61,382.77,389.67,389.28,391.02,390.15,372.3
2319,357.79,357.76,366.64,377.62,382.78,389.67,389.26,391.03,390.1,372.29
2320,357.79,357.78,366.65,377.63,382.78,389.67,389.25,391.03,390.07,372.27
2321,357.79,357.78,366.65,377.64,382.78,389.66,389.25,391.03,390.06,372.25
2322,357.8,357.78,366.65,377.64,382.77,389.65,389.26,391.01,390.06,372.22
2323,357.82,357.79,366.67,377.65,382.79,389.65,389.28,391.02,390.09,372.21
2324,357.83,357.8,366.68,377.66,382.79,389.64,389.25,391.03,390.09,372.2
2325,357.83,357.8,366.66,377.65,382.78,389.65,389.23,391.04,390.1,372.19
2326,357.83,357.8,366.67,377.67,382.79,389.65,389.22,391.07,390.11,372.21
2327,357.85,357.81,366.68,377.67,382.8,389.66,389.25,391.07,390.16,372.25
2328,357.86,357.82,366.68,377.67,382.81,389.66,389.26,391.08,390.2,372.3
2329,357.87,357.82,366.69,377.67,382.81,389.67,389.28,391.1,390.24,372.33
2330,357.88,357.83,366.69,377.69,382.82,389.68,389.31,391.13,390.29,372.38
2331,357.88,357.83,366.69,377.7,382.81,389.7,389.33,391.17,390.33,372.43
2332,357.89,357.85,366.72,377.7,382.84,389.7,389.38,391.18,390.41,372.46
2333,357.91,357.86,366.73,377.71,382.85,389.73,389.42,391.21,390.47,372.45
2334,357.91,357.87,366.73,377.72,382.85,389.74,389.44,391.23,390.48,372.41
2335,357.9,357.86,366.73,377.72,382.85,389.74,389.45,391.24,390.45,372.35
2336,357.9,357.86,366.73,377.73,382.84,389.76,389.46,391.24,390.42,372.32
2337,357.91,357.88,366.75,377.72,382.85,389.77,389.47,391.23,390.39,372.29
2338,357.92,357.88,366.75,377.73,382.86,389.78,389.47,391.23,390.36,372.27
2339,357.93,357.89,366.76,377.74,382.87,389.79,389.47,391.22,390.36,372.24
2340,357.95,357.9,366.77,377.75,382.89,389.79,389.45,391.23,390.37,372.2
2341,357.95,357.89,366.77,377.76,382.89,389.8,389.41,391.25,390.4,372.18
2342,357.96,357.91,366.79,377.76,382.9,389.81,389.41,391.28,390.42,372.2
2343,357.98,357.92,366.79,377.77,382.91,389.81,389.4,391.3,390.43,372.23
2344,357.99,357.93,366.8,377.78,382.92,389.82,389.38,391.28,390.46,372.25
2345,357.98,357.94,366.81,377.78,382.91,389.82,389.39,391.26,390.51,372.26
2346,357.98,357.94,366.81,377.79,382.93,389.84,389.4,391.26,390.53,372.25
2347,357.99,357.94,366.81,377.79,382.93,389.84,389.41,391.27,390.53,372.25
2348,358.01,357.95,366.83,377.79,382.93,389.85,389.43,391.29,390.54,372.25
2349,358.02,357.96,366.84,377.8,382.94,389.86,389.45,391.31,390.56,372.25
2350,358.03,357.97,366.85,377.82,382.95,389.86,389.47,391.33,390.61,372.26
2351,358.03,357.99,366.85,377.82,382.96,389.88,389.49,391.36,390.64,372.27
2352,358.05,358.0,366.86,377.82,382.97,389.89,389.49,391.36,390.7,372.28
2353,358.06,358.01,366.86,377.83,382.98,389.89,389.52,391.38,390.76,372.31
2354,358.06,358.01,366.87,377.84,382.98,389.9,389.53,391.4,390.81,372.34
2355,358.06,358.01,366.86,377.84,382.98,389.91,389.52,391.41,390.86,372.36
2356,358.07,358.01,366.87,377.85,383.0,389.92,389.51,391.4,390.91,372.42
2357,358.08,358.01,366.88,377.86,383.01,389.93,389.5,391.4,390.93,372.46
2358,358.1,358.03,366.9,377.87,383.02,389.94,389.5,391.4,390.94,372.51
2359,358.1,358.04,366.91,377.88,383.03,389.95,389.51,391.39,390.92,372.56
2360,358.11,358.05,366.92,377.88,383.04,389.95,389.52,391.38,390.88,372.57
2361,358.12,358.05,366.92,377.89,383.04,389.95,389.53,391.36,390.87,372.57
2362,358.12,358.06,366.93,377.89,383.06,389.96,389.52,391.35,390.85,372.55
2363,358.14,358.06,366.93,377.9,383.05,389.96,389.51,391.36,390.84,372.54
2364,358.13,358.08,366.95,377.91,383.05,389.97,389.52,391.39,390.83,372.5
2365,358.13,358.08,366.94,377.91,383.05,389.98,389.52,391.41,390.82,372.48
2366,358.15,358.08,366.94,377.92,383.06,389.98,389.55,391.43,390.81,372.46
2367,358.16,358.08,366.95,377.93,383.07,389.98,389.57,391.44,390.82,372.47
2368,358.15,358.08,366.95,377.93,383.07,389.99,389.6,391.44,390.81,372.47
2369,358.17,358.1,366.96,377.94,383.08,389.99,389.62,391.45,390.82,372.49
2370,358.19,358.11,366.97,377.94,383.09,390.0,389.62,391.46,390.83,372.5
2371,358.2,358.12,366.98,377.94,383.1,390.0,389.64,391.47,390.83,372.53
2372,358.2,358.12,366.98,377.96,383.1,390.02,389.63,391.47,390.81,372.57
2373,358.2,358.12,366.98,377.96,383.1,390.02,389.63,391.5,390.79,372.6
2374,358.2,358.12,366.98,377.97,383.1,390.02,389.61,391.49,390.76,372.62
2375,358.21,358.13,366.98,377.97,383.11,390.03,389.61,391.49,390.76,372.63
2376,358.21,358.14,367.0,377.97,383.13,390.05,389.61,391.49,390.75,372.63
2377,358.22,358.15,367.01,377.98,383.13,390.06,389.61,391.5,390.71,372.62
2378,358.23,358.16,367.03,377.98,383.14,390.07,389.6,391.52,390.71,372.6
2379,358.23,358.15,367.02,377.98,383.14,390.07,389.6,391.54,390.73,372.59
2380,358.24,358.16,367.03,377.98,383.16,390.07,389.6,391.55,390.76,372.59
2381,358.25,358.17,367.04,377.99,383.17,390.08,389.6,391.56,390.8,372.63
2382,358.26,358.17,367.05,377.99,383.16,390.08,389.61,391.57,390.87,372.66
2383,358.27,358.17,367.05,378.0,383.17,390.08,389.61,391.59,390.93,372.71
2384,358.27,358.19,367.06,378.0,383.17,390.09,389.62,391.6,391.0,372.74
2385,358.28,358.19,367.06,378.0,383.17,390.1,389.6,391.62,391.08,372.78
2386,358.29,358.2,367.07,378.01,383.18,390.1,389.6,391.63,391.18,372.83
2387,358.3,358.21,367.08,378.03,383.18,390.12,389.62,391.65,391.24,372.88
2388,358.3,358.21,367.08,378.03,383.18,390.13,389.65,391.65,391.28,372.92
2389,358.31,358.22,367.08,378.03,383.19,390.13,389.67,391.65,391.33,372.95
2390,358.32,358.23,367.09,378.05,383.21,390.15,389.71,391.65,391.36,373.0
2391,358.32,358.24,367.09,378.05,383.22,390.15,389.74,391.66,391.37,373.05
2392,358.33,358.25,367.09,378.06,383.23,390.16,389.79,391.68,391.38,373.09
2393,358.32,358.26,367.1,378.06,383.23,390.17,389.79,391.71,391.37,373.1
2394,358.33,358.27,367.1,378.08,383.25,390.18,389.81,391.74,391.35,373.11
2395,358.34,358.29,367.12,378.08,383.27,390.18,389.85,391.75,391.34,373.12
2396,358.35,358.3,367.12,378.08,383.27,390.18,389.86,391.77,391.32,373.09
2397,358.34,358.31,367.13,378.09,383.27,390.19,389.89,391.79,391.33,373.07
2398,358.36,358.31,367.14,378.1,383.28,390.19,389.91,391.81,391.35,373.08
2399,358.36,358.3,367.14,378.12,383.29,390.2,389.94,391.82,391.37,373.08
2400,358.38,358.32,367.15,378.12,383.29,390.19,389.94,391.82,391.38,373.09
2401,358.38,358.31,367.15,378.12,383.3,390.19,389.93,391.83,391.37,373.1
2402,358.38,358.31,367.15,378.13,383.3,390.19,389.91,391.81,391.34,373.12
2403,358.39,358.32,367.17,378.13,383.31,390.19,389.89,391.8,391.29,373.09
2404,358.4,358.33,367.18,378.13,383.32,390.2,389.85,391.78,391.24,373.06
2405,358.41,358.33,367.17,378.15,383.32,390.2,389.83,391.76,391.21,373.05
2406,358.41,358.34,367.18,378.15,383.32,390.21,389.83,391.71,391.17,373.02
2407,358.42,358.34,367.18,378.16,383.31,390.22,389.82,391.67,391.13,373.01
2408,358.43,358.36,367.18,378.17,383.33,390.23,389.8,391.64,391.12,373.0
2409,358.44,358.37,367.19,378.18,383.33,390.24,389.8,391.63,391.11,373.02
2410,358.45,358.37,367.19,378.18,383.34,390.24,389.79,391.61,391.08,373.04
2411,358.45,358.4,367.2,378.18,383.35,390.25,389.81,391.59,391.03,373.07
2412,358.46,358.4,367.21,378.18,383.36,390.25,389.8,391.59,390.94,373.07
2413,358.47,358.41,367.21,378.18,383.36,390.26,389.81,391.61,390.88,373.07
2414,358.47,358.41,367.22,378.19,383.37,390.28,389.82,391.64,390.87,373.06
2415,358.48,358.41,367.22,378.19,383.37,390.29,389.82,391.66,390.89,373.05
2416,358.48,358.42,367.23,378.2,383.36,390.3,389.84,391.67,390.92,373.04
2417,358.49,358.42,367.23,378.2,383.37,390.3,389.87,391.68,390.96,373.03
2418,358.49,358.42,367.23,378.2,383.37,390.31,389.9,391.7,391.0,373.0
2419,358.5,358.42,367.23,378.2,383.38,390.32,389.94,391.73,391.06,372.98
2420,358.52,358.41,367.24,378.21,383.38,390.33,389.97,391.75,391.1,372.96
2421,358.52,358.43,367.26,378.21,383.39,390.33,389.99,391.77,391.11,372.95
2422,358.53,358.43,367.27,378.21,383.4,390.33,389.97,391.77,391.08,372.97
2423,358.54,358.43,367.27,378.22,383.41,390.33,389.98,391.77,391.06,373.01
2424,358.55,358.43,367.28,378.22,383.41,390.33,389.99,391.75,391.03,373.04
2425,358.55,358.44,367.3,378.21,383.41,390.33,390.0,391.7,391.01,373.07
2426,358.55,358.45,367.29,378.23,383.4,390.34,390.01,391.68,391.01,373.09
2427,358.56,358.45,367.29,378.23,383.4,390.35,390.02,391.7,391.01,373.11
2428,358.57,358.46,367.3,378.23,383.41,390.35,390.04,391.71,391.0,373.15
2429,358.57,358.47,367.3,378.23,383.42,390.35,390.06,391.72,390.98,373.18
2430,358.58,358.48,367.3,378.24,383.42,390.34,390.07,391.72,390.98,373.25
2431,358.6,358.5,367.3,378.24,383.43,390.35,390.08,391.73,391.02,373.31
2432,358.6,358.5,367.3,378.26,383.42,390.37,390.1,391.74,391.05,373.34
2433,358.6,358.52,367.31,378.28,383.44,390.38,390.1,391.74,391.06,373.37
2434,358.6,358.52,367.31,378.29,383.43,390.38,390.11,391.74,391.05,373.38
2435,358.61,358.53,367.32,378.29,383.44,390.38,390.11,391.74,391.01,373.39
2436,358.62,358.53,367.33,378.29,383.44,390.37,390.12,391.74,390.96,373.41
2437,358.62,358.53,367.34,378.29,383.45,390.37,390.12,391.75,390.9,373.43
2438,358.63,358.54,367.35,378.3,383.45,390.38,390.11,391.76,390.84,373.47
2439,358.65,358.55,367.36,378.31,383.46,390.38,390.09,391.76,390.78,373.53
2440,358.65,358.56,367.37,378.31,383.46,390.37,390.08,391.75,390.76,373.53
2441,358.66,358.56,367.37,378.31,383.46,390.37,390.07,391.75,390.8,373.53
2442,358.67,358.57,367.38,378.32,383.47,390.38,390.09,391.76,390.85,373.52
2443,358.68,358.58,367.38,378.32,383.47,390.38,390.1,391.79,390.9,373.5
2444,358.69,358.58,367.4,378.33,383.49,390.38,390.11,391.8,390.96,373.5
2445,358.7,358.59,367.4,378.33,383.49,390.38,390.14,391.82,391.02,373.49
2446,358.71,358.59,367.41,378.33,383.5,390.38,390.16,391.84,391.06,373.48
2447,358.7,358.6,367.41,378.35,383.51,390.41,390.17,391.87,391.07,373.46
2448,358.71,358.61,367.41,378.35,383.51,390.42,390.17,391.91,391.1,373.46
2449,358.72,358.62,367.42,378.37,383.52,390.43,390.17,391.93,391.12,373.45
2450,358.73,358.62,367.42,378.38,383.52,390.44,390.17,391.94,391.14,373.43
2451,358.73,358.62,367.42,378.38,383.53,390.45,390.17,391.96,391.16,373.4
2452,358.73,358.64,367.43,378.39,383.54,390.46,390.17,392.0,391.18,373.38
2453,358.74,358.64,367.43,378.4,383.55,390.47,390.17,392.03,391.2,373.37
2454,358.75,358.65,367.43,378.41,383.55,390.49,390.17,392.03,391.22,373.37
2455,358.75,358.65,367.44,378.42,383.56,390.51,390.17,392.01,391.23,373.38
2456,358.75,358.65,367.45,378.42,383.57,390.52,390.18,391.99,391.27,373.39
2457,358.77,358.67,367.46,378.42,383.59,390.52,390.2,391.98,391.3,373.44
2458,358.78,358.67,367.47,378.43,383.6,390.53,390.23,391.99,391.35,373.47
2459,358.78,358.68,367.48,378.43,383.61,390.54,390.25,392.01,391.37,373.5
2460,358.79,358.68,367.48,378.44,383.61,390.54,390.27,392.04,391.39,373.5
2461,358.8,358.68,367.48,378.44,383.61,390.56,390.32,392.06,391.41,373.52
2462,358.8,358.69,367.49,378.45,383.62,390.57,390.34,392.09,391.42,373.54
2463,358.82,358.69,367.51,378.46,383.63,390.57,390.36,392.11,391.46,373.59
2464,358.81,358.7,367.51,378.46,383.64,390.57,390.38,392.12,391.51,373.63
2465,358.81,358.7,367.5,378.47,383.63,390.58,390.37,392.1,391.55,373.68
2466,358.83,358.7,367.52,378.48,383.64,390.59,390.36,392.09,391.6,373.76
2467,358.84,358.73,367.53,378.49,383.64,390.6,390.36,392.08,391.63,373.83
2468,358.85,358.73,367.53,378.49,383.65,390.6,390.36,392.06,391.65,373.86
2469,358.85,358.76,367.54,378.5,383.65,390.59,390.35,392.05,391.66,373.88
2470,358.86,358.76,367.54,378.5,383.66,390.6,390.34,392.05,391.66,373.87
2471,358.87,358.76,367.54,378.5,383.66,390.6,390.31,392.05,391.66,373.85
2472,358.86,358.77,367.54,378.5,383.67,390.6,390.28,392.05,391.66,373.84
2473,358.86,358.77,367.55,378.51,383.66,390.6,390.27,392.03,391.68,373.84
2474,358.88,358.77,367.56,378.52,383.67,390.61,390.25,392.03,391.68,373.85
2475,358.88,358.78,367.57,378.52,383.67,390.6,390.26,392.0,391.67,373.87
2476,358.89,358.78,367.58,378.53,383.69,390.61,390.29,392.0,391.67,373.91
2477,358.9,358.79,367.59,378.54,383.7,390.6,390.31,392.01,391.68,373.97
2478,358.9,358.8,367.59,378.55,383.7,390.62,390.32,392.04,391.68,374.02
2479,358.91,358.8,367.59,378.55,383.7,390.62,390.31,392.06,391.66,374.07
2480,358.92,358.8,367.6,378.56,383.7,390.62,390.33,392.09,391.66,374.11
2481,358.92,358.82,367.62,378.57,383.72,390.64,390.34,392.12,391.65,374.1
2482,358.93,358.82,367.62,378.58,383.72,390.65,390.37,392.15,391.64,374.08
2483,358.94,358.83,367.63,378.59,383.73,390.67,390.38,392.18,391.67,374.06
2484,358.94,358.85,367.64,378.59,383.74,390.67,390.39,392.18,391.7,374.01
2485,358.94,358.85,367.65,378.6,383.75,390.68,390.4,392.2,391.72,373.99
2486,358.96,358.85,367.65,378.6,383.75,390.69,390.39,392.21,391.73,373.99
2487,358.95,358.86,367.66,378.61,383.76,390.7,390.39,392.23,391.76,374.0
2488,358.97,358.86,367.66,378.61,383.76,390.71,390.38,392.23,391.78,374.0
2489,358.97,358.87,367.67,378.62,383.78,390.71,390.38,392.23,391.79,374.0
2490,358.98,358.89,367.67,378.63,383.79,390.73,390.39,392.25,391.78,374.0
2491,358.97,358.88,367.67,378.64,383.79,390.73,390.39,392.25,391.74,373.97
2492,358.98,358.87,367.67,378.65,383.78,390.74,390.39,392.27,391.7,373.95
2493,359.0,358.88,367.69,378.66,383.81,390.76,390.43,392.28,391.68,373.93
2494,359.01,358.9,367.7,378.67,383.82,390.77,390.44,392.27,391.69,373.92
2495,359.02,358.9,367.7,378.68,383.82,390.78,390.45,392.27,391.7,373.93
2496,359.03,358.91,367.71,378.69,383.82,390.79,390.44,392.25,391.72,373.94
2497,359.03,358.92,367.71,378.69,383.82,390.79,390.43,392.25,391.72,373.95
2498,359.05,358.92,367.71,378.7,383.83,390.8,390.42,392.25,391.74,373.99
2499,359.06,358.93,367.72,378.69,383.83,390.8,390.43,392.25,391.77,374.01
2500,359.07,358.94,367.73,378.69,383.85,390.8,390.44,392.25,391.79,374.06
2501,359.08,358.95,367.74,378.7,383.85,390.81,390.44,392.28,391.79,374.1
2502,359.09,358.96,367.75,378.7,383.87,390.81,390.43,392.3,391.78,374.14
2503,359.09,358.97,367.76,378.7,383.88,390.81,390.44,392.33,391.74,374.14
2504,359.1,358.97,367.75,378.71,383.87,390.82,390.46,392.36,391.73,374.17
2505,359.11,358.97,367.77,378.72,383.88,390.83,390.48,392.35,391.73,374.19
2506,359.13,358.99,367.78,378.73,383.88,390.84,390.5,392.32,391.75,374.21
2507,359.14,358.99,367.78,378.74,383.89,390.84,390.51,392.3,391.74,374.22
2508,359.14,358.99,367.78,378.74,383.9,390.84,390.52,392.27,391.75,374.23
2509,359.15,359.0,367.79,378.75,383.91,390.84,390.53,392.25,391.75,374.23
2510,359.16,359.01,367.8,378.75,383.92,390.85,390.54,392.25,391.74,374.24
2511,359.17,359.02,367.82,378.75,383.93,390.86,390.54,392.26,391.74,374.23
2512,359.17,359.04,367.82,378.77,383.94,390.86,390.56,392.29,391.74,374.2
2513,359.18,359.04,367.82,378.77,383.94,390.87,390.57,392.3,391.76,374.2
2514,359.19,359.05,367.82,378.78,383.94,390.87,390.59,392.31,391.77,374.2
2515,359.19,359.05,367.83,378.79,383.96,390.89,390.61,392.32,391.78,374.24
2516,359.19,359.06,367.83,378.8,383.95,390.9,390.61,392.34,391.8,374.28
2517,359.19,359.05,367.84,378.8,383.95,390.91,390.62,392.35,391.83,374.34
2518,359.2,359.06,367.85,378.81,383.95,390.91,390.65,392.38,391.87,374.4
2519,359.21,359.07,367.85,378.81,383.97,390.92,390.67,392.41,391.9,374.47
2520,359.2,359.08,367.87,378.83,383.98,390.93,390.69,392.44,391.95,374.54
2521,359.21,359.08,367.87,378.84,383.99,390.95,390.7,392.46,391.99,374.59
2522,359.22,359.1,367.87,378.84,383.99,390.96,390.68,392.48,392.02,374.6
2523,359.21,359.1,367.88,378.84,384.0,390.96,390.68,392.5,392.06,374.6
2524,359.22,359.09,367.88,378.85,384.0,390.98,390.66,392.52,392.1,374.58
2525,359.23,359.1,367.89,378.86,384.01,391.0,390.66,392.54,392.15,374.57
2526,359.24,359.1,367.9,378.86,384.02,391.02,390.66,392.54,392.2,374.54
2527,359.24,359.12,367.9,378.86,384.02,391.03,390.64,392.54,392.25,374.51
2528,359.24,359.11,367.91,378.86,384.04,391.03,390.63,392.53,392.3,374.47
2529,359.26,359.12,367.93,378.87,384.04,391.04,390.64,392.54,392.37,374.45
2530,359.28,359.13,367.94,378.88,384.06,391.07,390.65,392.55,392.41,374.44
2531,359.27,359.15,367.94,378.88,384.06,391.08,390.67,392.52,392.43,374.45
2532,359.28,359.14,367.94,378.89,384.07,391.1,390.69,392.5,392.45,374.47
2533,359.29,359.15,367.95,378.9,384.07,391.1,390.7,392.51,392.45,374.49
2534,359.3,359.16,367.96,378.89,384.09,391.11,390.73,392.53,392.45,374.52
2535,359.3,359.16,367.96,378.91,384.08,391.12,390.73,392.59,392.44,374.52
2536,359.31,359.15,367.96,378.91,384.09,391.12,390.75,392.63,392.42,374.52
2537,359.32,359.16,367.97,378.91,384.1,391.13,390.77,392.66,392.4,374.52
2538,359.33,359.17,367.99,378.92,384.11,391.13,390.8,392.68,392.33,374.51
2539,359.34,359.18,368.0,378.93,384.13,391.13,390.82,392.7,392.28,374.49
2540,359.35,359.18,368.01,378.93,384.13,391.13,390.83,392.7,392.24,374.49
2541,359.35,359.18,368.01,378.94,384.15,391.14,390.84,392.72,392.24,374.5
2542,359.35,359.18,368.01,378.94,384.15,391.13,390.83,392.73,392.22,374.5
2543,359.36,359.2,368.02,378.93,384.15,391.14,390.81,392.74,392.22,374.5
2544,359.37,359.2,368.02,378.93,384.15,391.14,390.8,392.74,392.24,374.49
2545,359.38,359.21,368.02,378.93,384.16,391.14,390.8,392.74,392.26,374.5
2546,359.38,359.21,368.02,378.93,384.16,391.15,390.8,392.72,392.28,374.5
2547,359.4,359.23,368.03,378.93,384.16,391.15,390.83,392.71,392.32,374.51
2548,359.39,359.24,368.04,378.92,384.15,391.15,390.85,392.72,392.36,374.53
2549,359.39,359.24,368.04,378.93,384.15,391.16,390.85,392.75,392.36,374.53
2550,359.4,359.25,368.04,378.94,384.16,391.17,390.88,392.76,392.43,374.59
2551,359.42,359.25,368.05,378.95,384.15,391.17,390.9,392.77,392.45,374.62
2552,359.41,359.25,368.04,378.95,384.16,391.18,390.89,392.78,392.46,374.63
2553,359.43,359.26,368.05,378.97,384.16,391.18,390.9,392.78,392.5,374.66
2554,359.44,359.26,368.05,378.97,384.16,391.19,390.9,392.78,392.5,374.66
2555,359.44,359.27,368.06,378.98,384.17,391.2,390.89,392.79,392.48,374.67
2556,359.45,359.28,368.06,378.98,384.16,391.2,390.88,392.77,392.44,374.67
2557,359.47,359.3,368.07,378.99,384.18,391.21,390.89,392.76,392.42,374.67
2558,359.48,359.31,368.07,378.99,384.18,391.21,390.9,392.74,392.4,374.66
2559,359.48,359.31,368.08,379.0,384.18,391.22,390.92,392.72,392.39,374.67
2560,359.49,359.33,368.09,379.01,384.2,391.23,390.95,392.7,392.4,374.71
2561,359.5,359.33,368.1,379.01,384.21,391.24,390.95,392.71,392.4,374.72
2562,359.5,359.33,368.11,379.01,384.22,391.23,390.94,392.71,392.4,374.74
2563,359.51,359.34,368.11,379.01,384.22,391.23,390.93,392.71,392.41,374.75
2564,359.51,359.34,368.11,379.02,384.23,391.23,390.9,392.7,392.41,374.74
2565,359.52,359.34,368.12,379.03,384.24,391.23,390.89,392.69,392.42,374.72
2566,359.53,359.35,368.12,379.04,384.24,391.24,390.89,392.69,392.44,374.7
2567,359.54,359.36,368.12,379.05,384.24,391.23,390.91,392.71,392.44,374.7
2568,359.55,359.36,368.13,379.06,384.24,391.23,390.91,392.74,392.46,374.7
2569,359.57,359.37,368.15,379.07,384.25,391.24,390.9,392.77,392.48,374.72
2570,359.58,359.39,368.15,379.08,384.26,391.25,390.91,392.78,392.5,374.73
2571,359.58,359.39,368.16,379.09,384.27,391.26,390.89,392.79,392.52,374.74
2572,359.6,359.39,368.18,379.09,384.28,391.26,390.88,392.79,392.54,374.76
2573,359.6,359.4,368.19,379.09,384.28,391.26,390.88,392.79,392.54,374.76
2574,359.6,359.4,368.18,379.09,384.29,391.27,390.87,392.78,392.53,374.78
2575,359.62,359.42,368.18,379.1,384.29,391.27,390.88,392.76,392.48,374.82
2576,359.63,359.43,368.19,379.11,384.31,391.28,390.88,392.75,392.44,374.85
2577,359.64,359.43,368.2,379.11,384.3,391.27,390.87,392.75,392.38,374.88
2578,359.65,359.45,368.21,379.13,384.32,391.28,390.87,392.74,392.32,374.88
2579,359.66,359.45,368.22,379.14,384.32,391.29,390.88,392.74,392.24,374.9
2580,359.65,359.46,368.22,379.14,384.33,391.29,390.87,392.74,392.14,374.91
2581,359.66,359.45,368.21,379.15,384.34,391.3,390.89,392.74,392.06,374.93
2582,359.67,359.47,368.23,379.15,384.35,391.3,390.91,392.77,392.01,374.96
2583,359.68,359.48,368.24,379.14,384.36,391.3,390.93,392.79,391.97,374.96
2584,359.69,359.47,368.25,379.15,384.36,391.3,390.98,392.8,391.98,374.94
2585,359.7,359.48,368.25,379.17,384.36,391.31,391.01,392.84,392.03,374.91
2586,359.7,359.48,368.25,379.17,384.36,391.31,391.03,392.86,392.08,374.88
2587,359.71,359.48,368.27,379.17,384.37,391.31,391.05,392.91,392.18,374.85
2588,359.74,359.48,368.28,379.17,384.38,391.31,391.08,392.92,392.25,374.83
2589,359.74,359.5,368.28,379.17,384.37,391.31,391.09,392.93,392.31,374.82
2590,359.73,359.5,368.29,379.17,384.37,391.3,391.09,392.91,392.35,374.83
2591,359.74,359.5,368.29,379.17,384.37,391.31,391.1,392.9,392.39,374.86
2592,359.74,359.51,368.29,379.18,384.37,391.32,391.12,392.9,392.45,374.91
2593,359.74,359.5,368.29,379.19,384.36,391.32,391.12,392.9,392.47,374.98
2594,359.76,359.51,368.3,379.2,384.38,391.32,391.12,392.88,392.48,375.01
2595,359.77,359.52,368.3,379.19,384.38,391.32,391.12,392.85,392.48,375.03
2596,359.78,359.53,368.31,379.2,384.39,391.32,391.12,392.84,392.49,375.03
2597,359.78,359.53,368.31,379.21,384.4,391.34,391.1,392.83,392.52,375.03
2598,359.8,359.54,368.32,379.21,384.41,391.34,391.09,392.81,392.54,375.04
2599,359.8,359.55,368.33,379.21,384.41,391.35,391.09,392.81,392.56,375.04
2600,359.82,359.56,368.33,379.21,384.42,391.35,391.09,392.8,392.56,375.07
2601,359.82,359.58,368.35,379.21,384.43,391.36,391.11,392.79,392.56,375.09
2602,359.83,359.59,368.36,379.22,384.43,391.37,391.14,392.78,392.56,375.09
2603,359.83,359.59,368.35,379.23,384.43,391.38,391.15,392.78,392.57,375.07
2604,359.85,359.58,368.35,379.23,384.43,391.38,391.18,392.79,392.59,375.06
2605,359.85,359.59,368.37,379.24,384.43,391.4,391.21,392.81,392.62,375.07
2606,359.86,359.58,368.36,379.25,384.43,391.4,391.22,392.83,392.63,375.07
2607,359.86,359.59,368.36,379.26,384.43,391.41,391.22,392.85,392.64,375.08
2608,359.87,359.6,368.37,379.27,384.43,391.41,391.23,392.85,392.65,375.08
2609,359.88,359.61,368.38,379.28,384.43,391.41,391.24,392.87,392.65,375.1
2610,359.89,359.62,368.38,379.29,384.43,391.42,391.23,392.88,392.69,375.1
2611,359.9,359.63,368.39,379.29,384.45,391.43,391.22,392.9,392.74,375.12
2612,359.92,359.65,368.39,379.31,384.45,391.45,391.21,392.9,392.79,375.16
2613,359.91,359.66,368.41,379.31,384.46,391.46,391.19,392.9,392.81,375.17
2614,359.92,359.65,368.4,379.31,384.46,391.46,391.18,392.87,392.83,375.24
2615,359.93,359.66,368.42,379.31,384.47,391.47,391.19,392.86,392.85,375.3
2616,359.93,359.66,368.41,379.32,384.48,391.48,391.19,392.86,392.85,375.34
2617,359.94,359.67,368.42,379.32,384.49,391.49,391.21,392.88,392.85,375.38
2618,359.95,359.68,368.43,379.33,384.5,391.51,391.23,392.92,392.84,375.38
2619,359.96,359.68,368.44,379.33,384.51,391.52,391.24,392.95,392.8,375.35
2620,359.97,359.69,368.45,379.36,384.53,391.53,391.27,392.98,392.76,375.3
2621,359.97,359.71,368.47,379.36,384.55,391.55,391.28,393.02,392.72,375.25
2622,359.97,359.71,368.47,379.38,384.55,391.57,391.3,393.06,392.69,375.2
2623,359.97,359.71,368.48,379.38,384.55,391.57,391.31,393.08,392.67,375.15
2624,359.99,359.71,368.48,379.38,384.56,391.57,391.33,393.11,392.66,375.11
2625,359.99,359.72,368.49,379.38,384.58,391.59,391.36,393.15,392.66,375.08
2626,360.0,359.72,368.5,379.41,384.58,391.6,391.38,393.2,392.67,375.03
2627,360.01,359.73,368.52,379.41,384.59,391.62,391.41,393.23,392.69,374.97
2628,360.01,359.74,368.51,379.42,384.59,391.62,391.42,393.25,392.73,374.93
2629,360.01,359.74,368.51,379.42,384.59,391.63,391.41,393.3,392.79,374.92
2630,360.01,359.75,368.52,379.43,384.6,391.64,391.39,393.33,392.83,374.94
2631,360.03,359.76,368.53,379.44,384.61,391.64,391.37,393.36,392.87,374.95
2632,360.03,359.77,368.53,379.43,384.62,391.65,391.38,393.38,392.9,374.96
2633,360.05,359.77,368.53,379.43,384.63,391.65,391.4,393.37,392.96,374.97
2634,360.05,359.78,368.54,379.44,384.65,391.66,391.43,393.36,392.99,375.0
2635,360.05,359.78,368.54,379.45,384.65,391.67,391.46,393.34,393.01,375.02
2636,360.05,359.79,368.55,379.45,384.66,391.68,391.48,393.32,393.03,375.04
2637,360.07,359.79,368.55,379.45,384.65,391.69,391.55,393.31,393.02,375.06
2638,360.08,359.8,368.56,379.46,384.66,391.7,391.6,393.31,392.99,375.05
2639,360.08,359.8,368.56,379.46,384.66,391.7,391.62,393.28,392.94,375.02
2640,360.08,359.8,368.57,379.46,384.65,391.71,391.63,393.26,392.85,374.98
2641,360.09,359.8,368.57,379.47,384.65,391.71,391.64,393.24,392.74,374.93
2642,360.09,359.8,368.57,379.47,384.65,391.72,391.62,393.24,392.6,374.88
2643,360.1,359.8,368.58,379.47,384.66,391.72,391.62,393.23,392.5,374.84
2644,360.1,359.81,368.58,379.47,384.66,391.72,391.59,393.22,392.45,374.82
2645,360.1,359.82,368.59,379.47,384.66,391.72,391.55,393.21,392.43,374.81
2646,360.11,359.82,368.6,379.47,384.66,391.72,391.52,393.22,392.42,374.79
2647,360.11,359.84,368.61,379.46,384.67,391.71,391.49,393.22,392.45,374.76
2648,360.12,359.84,368.62,379.48,384.67,391.71,391.46,393.21,392.48,374.76
2649,360.12,359.85,368.62,379.48,384.67,391.71,391.45,393.2,392.51,374.76
2650,360.13,359.84,368.62,379.47,384.67,391.71,391.44,393.18,392.53,374.75
2651,360.12,359.85,368.63,379.48,384.68,391.7,391.44,393.16,392.55,374.74
2652,360.13,359.85,368.63,379.48,384.68,391.69,391.44,393.16,392.57,374.73
2653,360.14,359.87,368.63,379.49,384.68,391.69,391.44,393.18,392.59,374.71
2654,360.15,359.87,368.64,379.49,384.69,391.69,391.44,393.17,392.63,374.71
2655,360.15,359.89,368.65,379.51,384.7,391.69,391.44,393.19,392.67,374.71
2656,360.15,359.89,368.65,379.51,384.7,391.69,391.44,393.19,392.68,374.76
2657,360.17,359.9,368.65,379.51,384.7,391.7,391.45,393.2,392.69,374.81
2658,360.18,359.91,368.66,379.52,384.7,391.7,391.47,393.19,392.7,374.86
2659,360.18,359.93,368.68,379.52,384.72,391.71,391.5,393.18,392.72,374.92
2660,360.18,359.93,368.68,379.52,384.73,391.72,391.52,393.19,392.74,374.97
2661,360.19,359.94,368.69,379.52,384.73,391.73,391.53,393.19,392.77,374.99
2662,360.19,359.94,368.69,379.53,384.73,391.74,391.55,393.22,392.76,374.99
2663,360.2,359.96,368.7,379.53,384.74,391.74,391.56,393.22,392.77,374.97
2664,360.21,359.97,368.72,379.54,384.75,391.75,391.57,393.24,392.76,374.95
2665,360.22,359.97,368.72,379.55,384.75,391.76,391.58,393.24,392.77,374.96
2666,360.24,359.98,368.72,379.56,384.76,391.77,391.59,393.23,392.79,374.99
2667,360.23,359.98,368.73,379.56,384.77,391.77,391.6,393.23,392.83,375.04
2668,360.23,359.98,368.74,379.56,384.77,391.79,391.6,393.24,392.87,375.08
2669,360.24,359.98,368.74,379.58,384.78,391.79,391.63,393.27,392.92,375.14
2670,360.24,359.98,368.75,379.59,384.77,391.8,391.64,393.28,392.95,375.19
2671,360.24,359.98,368.75,379.58,384.78,391.8,391.65,393.29,392.96,375.26
2672,360.25,359.98,368.75,379.6,384.78,391.81,391.66,393.3,392.97,375.31
2673,360.26,360.0,368.76,379.6,384.79,391.82,391.66,393.31,392.99,375.35
2674,360.27,360.02,368.78,379.6,384.8,391.83,391.66,393.32,393.02,375.37
2675,360.27,360.03,368.78,379.6,384.8,391.83,391.67,393.33,393.03,375.39
2676,360.28,360.05,368.79,379.61,384.81,391.84,391.68,393.34,393.05,375.4
2677,360.28,360.05,368.79,379.61,384.82,391.85,391.68,393.36,393.08,375.41
2678,360.3,360.06,368.8,379.62,384.83,391.85,391.7,393.36,393.13,375.42
2679,360.3,360.06,368.8,379.63,384.84,391.86,391.71,393.37,393.17,375.43
2680,360.3,360.08,368.8,379.64,384.85,391.86,391.71,393.37,393.19,375.45
2681,360.3,360.08,368.81,379.65,384.86,391.86,391.71,393.38,393.21,375.48
2682,360.32,360.09,368.82,379.66,384.86,391.87,391.7,393.39,393.24,375.57
2683,360.34,360.1,368.84,379.67,384.88,391.89,391.71,393.39,393.25,375.65
2684,360.35,360.1,368.84,379.67,384.89,391.89,391.72,393.41,393.26,375.68
2685,360.35,360.11,368.85,379.69,384.89,391.9,391.73,393.41,393.27,375.7
2686,360.34,360.11,368.85,379.7,384.9,391.92,391.73,393.42,393.27,375.7
2687,360.35,360.12,368.86,379.72,384.9,391.92,391.75,393.44,393.28,375.71
2688,360.36,360.13,368.86,379.73,384.92,391.94,391.77,393.47,393.29,375.7
2689,360.36,360.14,368.86,379.75,384.92,391.96,391.77,393.52,393.3,375.68
2690,360.38,360.14,368.88,379.77,384.94,391.97,391.79,393.56,393.31,375.66
2691,360.38,360.17,368.89,379.77,384.95,391.98,391.81,393.57,393.31,375.61
2692,360.39,360.19,368.91,379.79,384.97,391.99,391.84,393.62,393.33,375.55
2693,360.4,360.19,368.91,379.81,384.98,392.0,391.85,393.64,393.32,375.49
2694,360.4,360.2,368.92,379.8,384.98,392.02,391.87,393.66,393.33,375.46
2695,360.41,360.2,368.94,379.8,384.99,392.02,391.89,393.67,393.33,375.43
2696,360.41,360.21,368.94,379.81,385.0,392.02,391.92,393.68,393.36,375.43
2697,360.44,360.22,368.95,379.82,385.02,392.04,391.94,393.7,393.39,375.43
2698,360.44,360.22,368.95,379.83,385.02,392.06,391.95,393.72,393.4,375.43
2699,360.44,360.21,368.95,379.85,385.03,392.07,391.96,393.73,393.43,375.45
2700,360.45,360.22,368.97,379.86,385.04,392.08,391.97,393.74,393.46,375.45
2701,360.46,360.24,368.98,379.86,385.06,392.09,391.96,393.76,393.49,375.46
2702,360.45,360.24,368.98,379.86,385.06,392.1,391.93,393.76,393.5,375.45
2703,360.47,360.24,368.98,379.86,385.06,392.1,391.93,393.75,393.52,375.45
2704,360.48,360.26,368.98,379.86,385.07,392.11,391.91,393.71,393.53,375.46
2705,360.48,360.26,368.99,379.86,385.07,392.11,391.9,393.68,393.49,375.48
2706,360.5,360.27,369.0,379.87,385.09,392.13,391.9,393.63,393.46,375.49
2707,360.51,360.27,369.01,379.87,385.09,392.13,391.89,393.6,393.37,375.48
2708,360.51,360.28,369.02,379.87,385.09,392.14,391.88,393.57,393.26,375.44
2709,360.52,360.28,369.02,379.87,385.09,392.13,391.91,393.57,393.13,375.39
2710,360.54,360.29,369.03,379.87,385.09,392.14,391.91,393.59,393.05,375.33
2711,360.54,360.29,369.03,379.88,385.1,392.14,391.9,393.61,393.03,375.29
2712,360.55,360.3,369.04,379.89,385.1,392.15,391.87,393.61,393.01,375.28
2713,360.56,360.31,369.04,379.9,385.11,392.15,391.86,393.61,393.01,375.27
2714,360.58,360.31,369.05,379.91,385.11,392.15,391.85,393.6,393.0,375.25
2715,360.58,360.33,369.06,379.92,385.12,392.16,391.84,393.58,393.01,375.25
2716,360.58,360.33,369.06,379.92,385.12,392.15,391.83,393.56,393.03,375.22
2717,360.59,360.33,369.06,379.93,385.11,392.16,391.82,393.56,393.07,375.21
2718,360.61,360.34,369.07,379.95,385.13,392.17,391.83,393.58,393.14,375.2
2719,360.62,360.35,369.08,379.94,385.13,392.17,391.87,393.58,393.21,375.19
2720,360.63,360.35,369.08,379.95,385.14,392.18,391.89,393.59,393.25,375.2
2721,360.64,360.37,369.09,379.96,385.14,392.18,391.91,393.6,393.28,375.23
2722,360.64,360.37,369.1,379.96,385.14,392.19,391.9,393.6,393.3,375.26
2723,360.66,360.38,369.12,379.96,385.15,392.2,391.9,393.6,393.34,375.31
2724,360.66,360.38,369.11,379.97,385.14,392.2,391.89,393.61,393.36,375.35
2725,360.67,360.38,369.11,379.97,385.14,392.19,391.87,393.6,393.36,375.41
2726,360.67,360.39,369.12,379.98,385.15,392.2,391.87,393.6,393.35,375.46
2727,360.68,360.39,369.11,379.97,385.15,392.19,391.86,393.59,393.29,375.53
2728,360.69,360.4,369.13,379.96,385.16,392.19,391.87,393.59,393.24,375.61
2729,360.7,360.4,369.12,379.97,385.16,392.19,391.86,393.6,393.22,375.65
2730,360.72,360.4,369.14,379.97,385.17,392.2,391.86,393.6,393.22,375.69
2731,360.72,360.42,369.16,379.98,385.17,392.2,391.88,393.61,393.22,375.72
2732,360.73,360.43,369.16,379.98,385.19,392.2,391.89,393.62,393.23,375.71
2733,360.74,360.44,369.16,379.98,385.18,392.21,391.9,393.62,393.24,375.69
2734,360.74,360.44,369.17,379.98,385.19,392.21,391.91,393.63,393.25,375.64
2735,360.75,360.45,369.18,379.99,385.19,392.22,391.9,393.65,393.26,375.6
2736,360.76,360.46,369.18,379.99,385.19,392.22,391.89,393.66,393.27,375.57
2737,360.77,360.47,369.19,380.0,385.21,392.22,391.87,393.65,393.3,375.6
2738,360.79,360.48,369.2,380.01,385.21,392.23,391.84,393.64,393.32,375.62
2739,360.79,360.5,369.21,380.02,385.22,392.24,391.84,393.62,393.31,375.65
2740,360.8,360.5,369.21,380.02,385.21,392.24,391.83,393.61,393.29,375.67
2741,360.8,360.51,369.21,380.03,385.22,392.24,391.82,393.6,393.29,375.67
2742,360.81,360.5,369.22,380.03,385.23,392.25,391.82,393.6,393.28,375.68
2743,360.83,360.51,369.23,380.05,385.24,392.25,391.81,393.6,393.27,375.68
2744,360.83,360.51,369.24,380.06,385.24,392.26,391.81,393.61,393.26,375.69
2745,360.85,360.52,369.26,380.07,385.25,392.26,391.82,393.61,393.25,375.7
2746,360.86,360.54,369.26,380.07,385.26,392.26,391.84,393.63,393.23,375.69
2747,360.87,360.55,369.26,380.08,385.26,392.27,391.85,393.65,393.22,375.67
2748,360.87,360.56,369.27,380.1,385.28,392.27,391.9,393.67,393.22,375.66
2749,360.89,360.57,369.28,380.11,385.27,392.28,391.93,393.69,393.23,375.65
2750,360.89,360.59,369.28,380.12,385.28,392.28,391.97,393.7,393.26,375.64
2751,360.89,360.59,369.29,380.12,385.29,392.28,392.0,393.73,393.3,375.64
2752,360.9,360.6,369.3,380.13,385.29,392.29,392.04,393.77,393.35,375.62
2753,360.91,360.59,369.29,380.15,385.3,392.3,392.04,393.8,393.38,375.61
2754,360.91,360.6,369.29,380.15,385.31,392.31,392.07,393.82,393.45,375.59
2755,360.93,360.61,369.31,380.16,385.32,392.31,392.08,393.85,393.51,375.57
2756,360.94,360.61,369.31,380.17,385.32,392.33,392.07,393.88,393.51,375.54
2757,360.93,360.61,369.31,380.17,385.33,392.33,392.05,393.9,393.52,375.53
2758,360.94,360.61,369.32,380.18,385.34,392.35,392.05,393.93,393.53,375.51
2759,360.95,360.62,369.33,380.18,385.34,392.36,392.06,393.94,393.54,375.51
2760,360.96,360.63,369.33,380.19,385.35,392.37,392.04,393.95,393.54,375.51
2761,360.97,360.64,369.34,380.2,385.36,392.39,392.03,393.94,393.55,375.51
2762,360.97,360.65,369.35,380.2,385.37,392.39,392.03,393.9,393.53,375.49
2763,360.98,360.67,369.36,380.21,385.38,392.4,392.01,393.86,393.49,375.48
2764,360.99,360.68,369.36,380.2,385.38,392.41,391.99,393.8,393.42,375.48
2765,361.0,360.68,369.36,380.22,385.39,392.42,392.0,393.75,393.38,375.49
2766,361.0,360.69,369.37,380.22,385.39,392.42,392.0,393.73,393.35,375.47
2767,361.02,360.7,369.37,380.22,385.4,392.42,392.02,393.73,393.34,375.48
2768,361.02,360.7,369.38,380.21,385.41,392.41,392.04,393.73,393.33,375.48
2769,361.03,360.7,369.38,380.21,385.4,392.42,392.05,393.75,393.31,375.46
2770,361.04,360.71,369.39,380.21,385.41,392.43,392.09,393.77,393.27,375.44
2771,361.05,360.72,369.4,380.22,385.41,392.43,392.11,393.82,393.23,375.4
2772,361.06,360.73,369.41,380.22,385.4,392.43,392.13,393.86,393.18,375.36
2773,361.07,360.74,369.42,380.22,385.4,392.43,392.15,393.89,393.17,375.35
2774,361.07,360.73,369.42,380.22,385.4,392.43,392.16,393.91,393.17,375.34
2775,361.06,360.73,369.42,380.22,385.39,392.43,392.17,393.92,393.15,375.33
2776,361.08,360.75,369.43,380.23,385.4,392.42,392.19,393.92,393.14,375.32
2777,361.08,360.75,369.43,380.24,385.4,392.42,392.19,393.93,393.15,375.3
2778,361.09,360.76,369.44,380.24,385.41,392.42,392.21,393.94,393.17,375.28
2779,361.09,360.77,369.44,380.24,385.41,392.44,392.21,393.97,393.18,375.24
2780,361.09,360.77,369.44,380.26,385.42,392.44,392.22,394.01,393.23,375.22
2781,361.11,360.78,369.45,380.26,385.42,392.44,392.25,394.04,393.31,375.23
2782,361.11,360.78,369.45,380.26,385.43,392.45,392.27,394.06,393.39,375.25
2783,361.12,360.8,369.47,380.26,385.45,392.46,392.32,394.08,393.45,375.27
2784,361.11,360.8,369.47,380.27,385.45,392.47,392.33,394.11,393.47,375.28
2785,361.12,360.81,369.48,380.28,385.47,392.49,392.35,394.14,393.49,375.29
2786,361.12,360.82,369.49,380.3,385.48,392.51,392.35,394.18,393.49,375.31
2787,361.11,360.82,369.49,380.3,385.48,392.53,392.35,394.2,393.48,375.28
2788,361.11,360.83,369.49,380.31,385.49,392.54,392.35,394.21,393.51,375.26
2789,361.11,360.82,369.49,380.31,385.49,392.55,392.37,394.22,393.55,375.25
2790,361.12,360.84,369.5,380.33,385.51,392.56,392.41,394.24,393.65,375.25
2791,361.12,360.84,369.52,380.34,385.53,392.57,392.44,394.26,393.75,375.29
2792,361.11,360.86,369.52,380.34,385.53,392.58,392.44,394.27,393.81,375.33
2793,361.12,360.85,369.52,380.35,385.55,392.58,392.46,394.3,393.87,375.38
2794,361.12,360.85,369.53,380.36,385.55,392.61,392.46,394.31,393.91,375.44
2795,361.13,360.86,369.54,380.37,385.56,392.62,392.46,394.32,393.94,375.5
2796,361.13,360.88,369.54,380.38,385.58,392.63,392.45,394.32,393.96,375.58
2797,361.14,360.87,369.54,380.38,385.58,392.64,392.45,394.31,393.95,375.64
2798,361.15,360.87,369.55,380.37,385.59,392.64,392.46,394.28,393.96,375.7
2799,361.16,360.9,369.57,380.38,385.59,392.65,392.48,394.24,393.94,375.8
2800,361.16,360.9,369.57,380.38,385.58,392.65,392.49,394.23,393.91,375.88
2801,361.17,360.92,369.58,380.38,385.59,392.65,392.5,394.22,393.88,375.95
2802,361.18,360.91,369.57,380.39,385.58,392.64,392.48,394.21,393.86,376.01
2803,361.19,360.92,369.58,380.38,385.59,392.65,392.48,394.21,393.88,376.09
2804,361.2,360.93,369.58,380.39,385.6,392.65,392.47,394.21,393.89,376.15
2805,361.21,360.93,369.59,380.39,385.6,392.65,392.46,394.21,393.93,376.22
2806,361.21,360.95,369.6,380.4,385.61,392.65,392.44,394.2,393.96,376.29
2807,361.21,360.94,369.6,380.4,385.59,392.65,392.43,394.19,393.99,376.34
2808,361.23,360.95,369.61,380.4,385.6,392.64,392.43,394.18,394.03,376.43
2809,361.24,360.96,369.63,380.41,385.6,392.65,392.45,394.18,394.05,376.5
2810,361.25,360.96,369.62,380.41,385.6,392.65,392.46,394.18,394.06,376.53
2811,361.26,360.96,369.64,380.41,385.62,392.66,392.46,394.18,394.06,376.55
2812,361.27,360.97,369.64,380.41,385.62,392.66,392.44,394.18,394.08,376.57
2813,361.27,360.98,369.65,380.41,385.62,392.67,392.42,394.19,394.06,376.55
2814,361.29,360.98,369.65,380.42,385.62,392.67,392.4,394.19,394.06,376.56
2815,361.29,360.99,369.66,380.42,385.63,392.67,392.38,394.18,394.06,376.54
2816,361.3,361.0,369.66,380.43,385.63,392.67,392.38,394.17,394.07,376.56
2817,361.31,361.0,369.67,380.43,385.63,392.67,392.38,394.16,394.05,376.54
2818,361.34,361.01,369.68,380.44,385.64,392.68,392.41,394.17,394.07,376.56
2819,361.34,361.03,369.68,380.45,385.65,392.69,392.43,394.18,394.07,376.55
2820,361.34,361.02,369.68,380.47,385.65,392.69,392.45,394.19,394.07,376.55
2821,361.35,361.02,369.68,380.46,385.65,392.7,392.47,394.21,394.07,376.54
2822,361.35,361.04,369.69,380.47,385.66,392.69,392.49,394.23,394.06,376.54
2823,361.36,361.04,369.69,380.47,385.66,392.69,392.48,394.25,394.06,376.54
2824,361.36,361.05,369.7,380.48,385.67,392.71,392.48,394.28,394.07,376.51
2825,361.37,361.06,369.7,380.49,385.67,392.72,392.46,394.32,394.07,376.48
2826,361.39,361.07,369.71,380.51,385.69,392.73,392.44,394.36,394.11,376.42
2827,361.4,361.07,369.72,380.51,385.69,392.73,392.41,394.38,394.13,376.37
2828,361.41,361.08,369.72,380.51,385.69,392.73,392.39,394.38,394.15,376.36
2829,361.41,361.08,369.72,380.52,385.69,392.74,392.37,394.36,394.19,376.38
2830,361.43,361.09,369.73,380.52,385.7,392.75,392.37,394.35,394.22,376.42
2831,361.45,361.09,369.75,380.53,385.71,392.75,392.37,394.32,394.25,376.47
2832,361.45,361.11,369.75,380.52,385.72,392.75,392.38,394.27,394.27,376.5
2833,361.46,361.1,369.76,380.53,385.72,392.76,392.39,394.22,394.29,376.56
2834,361.48,361.11,369.76,380.53,385.73,392.76,392.42,394.17,394.29,376.62
2835,361.49,361.11,369.77,380.53,385.75,392.76,392.47,394.14,394.28,376.71
2836,361.5,361.12,369.78,380.53,385.75,392.77,392.51,394.14,394.27,376.76
2837,361.49,361.11,369.78,380.54,385.74,392.77,392.53,394.15,394.27,376.78
2838,361.52,361.12,369.79,380.54,385.75,392.78,392.54,394.17,394.26,376.77
2839,361.53,361.13,369.79,380.54,385.75,392.78,392.55,394.2,394.22,376.76
2840,361.54,361.14,369.81,380.55,385.74,392.79,392.55,394.22,394.2,376.75
2841,361.54,361.14,369.82,380.56,385.75,392.8,392.55,394.24,394.14,376.74
2842,361.55,361.14,369.82,380.55,385.75,392.8,392.53,394.26,394.11,376.72
2843,361.57,361.14,369.81,380.56,385.75,392.8,392.53,394.28,394.1,376.72
2844,361.57,361.16,369.82,380.56,385.76,392.81,392.49,394.28,394.1,376.7
2845,361.58,361.16,369.83,380.57,385.77,392.8,392.49,394.27,394.12,376.7
2846,361.59,361.17,369.83,380.57,385.77,392.82,392.5,394.24,394.14,376.7
2847,361.59,361.17,369.83,380.58,385.78,392.82,392.51,394.21,394.15,376.69
2848,361.6,361.18,369.83,380.59,385.77,392.84,392.53,394.2,394.17,376.69
2849,361.6,361.18,369.84,380.6,385.78,392.84,392.54,394.22,394.18,376.7
2850,361.6,361.19,369.84,380.6,385.8,392.85,392.56,394.24,394.2,376.73
2851,361.62,361.18,369.85,380.62,385.79,392.86,392.57,394.27,394.22,376.77
2852,361.62,361.2,369.85,380.63,385.81,392.86,392.59,394.29,394.22,376.81
2853,361.64,361.2,369.86,380.62,385.82,392.87,392.61,394.3,394.22,376.87
2854,361.64,361.21,369.88,380.62,385.83,392.87,392.63,394.31,394.24,376.88
2855,361.65,361.21,369.88,380.63,385.83,392.87,392.66,394.32,394.25,376.9
2856,361.66,361.22,369.88,380.62,385.83,392.87,392.67,394.33,394.26,376.91
2857,361.67,361.23,369.89,380.64,385.84,392.88,392.67,394.35,394.26,376.92
2858,361.68,361.24,369.9,380.65,385.84,392.89,392.66,394.37,394.26,376.94
2859,361.69,361.24,369.9,380.65,385.84,392.88,392.64,394.37,394.25,376.95
2860,361.69,361.26,369.91,380.66,385.84,392.89,392.62,394.38,394.26,376.95
2861,361.71,361.26,369.91,380.67,385.85,392.89,392.61,394.38,394.25,376.94
2862,361.72,361.27,369.92,380.67,385.85,392.9,392.62,394.38,394.24,376.92
2863,361.73,361.27,369.93,380.69,385.86,392.9,392.64,394.38,394.21,376.9
2864,361.73,361.27,369.93,380.69,385.86,392.9,392.64,394.38,394.15,376.89
2865,361.75,361.28,369.95,380.7,385.86,392.91,392.66,394.39,394.09,376.9
2866,361.74,361.27,369.95,380.69,385.87,392.91,392.67,394.4,394.01,376.89
2867,361.75,361.28,369.95,380.7,385.88,392.91,392.69,394.43,393.93,376.88
2868,361.76,361.29,369.95,380.7,385.88,392.91,392.68,394.45,393.86,376.86
2869,361.78,361.3,369.96,380.71,385.9,392.91,392.69,394.46,393.84,376.84
2870,361.8,361.32,369.97,380.71,385.91,392.91,392.68,394.46,393.83,376.82
2871,361.8,361.33,369.99,380.73,385.92,392.92,392.69,394.47,393.82,376.79
2872,361.81,361.35,369.99,380.73,385.93,392.92,392.71,394.45,393.83,376.76
2873,361.81,361.35,370.0,380.74,385.92,392.92,392.72,394.46,393.87,376.74
2874,361.83,361.35,370.01,380.75,385.93,392.93,392.73,394.46,393.92,376.75
2875,361.84,361.36,370.01,380.77,385.94,392.93,392.74,394.47,393.96,376.76
2876,361.85,361.36,370.02,380.77,385.94,392.93,392.75,394.48,394.01,376.76
2877,361.85,361.37,370.02,380.78,385.95,392.93,392.75,394.49,394.04,376.73
2878,361.87,361.38,370.02,380.79,385.95,392.94,392.76,394.5,394.08,376.69
2879,361.88,361.38,370.03,380.79,385.95,392.94,392.76,394.5,394.13,376.65
2880,361.89,361.38,370.04,380.8,385.96,392.95,392.77,394.5,394.19,376.63
2881,361.9,361.39,370.05,380.79,385.97,392.95,392.77,394.49,394.24,376.62
2882,361.91,361.4,370.05,380.79,385.97,392.96,392.78,394.49,394.25,376.62
2883,361.9,361.4,370.05,380.81,385.97,392.97,392.78,394.48,394.25,376.64
2884,361.91,361.4,370.07,380.81,385.98,392.98,392.79,394.46,394.26,376.64
2885,361.92,361.41,370.05,380.82,385.98,392.98,392.79,394.45,394.26,376.65
2886,361.93,361.43,370.07,380.82,385.99,392.99,392.79,394.45,394.25,376.66
2887,361.94,361.43,370.08,380.82,385.99,393.01,392.79,394.45,394.24,376.67
2888,361.94,361.44,370.08,380.84,386.01,393.01,392.78,394.45,394.21,376.68
2889,361.95,361.46,370.09,380.83,386.02,393.02,392.79,394.44,394.21,376.7
2890,361.96,361.45,370.11,380.83,386.03,393.03,392.8,394.45,394.22,376.71
2891,361.97,361.45,370.11,380.83,386.03,393.04,392.82,394.45,394.25,376.7
2892,361.98,361.47,370.11,380.84,386.04,393.06,392.83,394.47,394.27,376.69
2893,361.98,361.47,370.13,380.85,386.04,393.08,392.85,394.47,394.29,376.69
2894,361.99,361.47,370.14,380.86,386.05,393.09,392.85,394.47,394.29,376.7
2895,361.98,361.47,370.14,380.85,386.05,393.09,392.87,394.47,394.29,376.72
2896,362.01,361.47,370.15,380.86,386.05,393.1,392.88,394.5,394.31,376.77
2897,362.01,361.48,370.15,380.87,386.05,393.1,392.9,394.54,394.32,376.81
2898,362.01,361.48,370.15,380.87,386.06,393.1,392.9,394.56,394.29,376.84
2899,362.01,361.49,370.16,380.87,386.07,393.11,392.89,394.59,394.26,376.85
2900,362.03,361.51,370.17,380.89,386.08,393.12,392.89,394.6,394.23,376.84
2901,362.04,361.51,370.17,380.9,386.09,393.12,392.89,394.61,394.22,376.82
2902,362.05,361.52,370.18,380.9,386.1,393.13,392.88,394.62,394.22,376.78
2903,362.05,361.53,370.19,380.91,386.12,393.14,392.86,394.64,394.22,376.74
2904,362.05,361.54,370.2,380.93,386.12,393.17,392.86,394.67,394.21,376.69
2905,362.06,361.54,370.21,380.95,386.14,393.18,392.86,394.69,394.23,376.67
2906,362.06,361.55,370.21,380.95,386.12,393.2,392.86,394.73,394.25,376.64
2907,362.07,361.55,370.21,380.96,386.14,393.22,392.88,394.75,394.28,376.61
2908,362.08,361.55,370.22,380.96,386.15,393.21,392.89,394.76,394.32,376.59
2909,362.09,361.56,370.23,380.96,386.15,393.22,392.89,394.78,394.36,376.59
2910,362.1,361.57,370.24,380.97,386.16,393.23,392.9,394.79,394.39,376.59
2911,362.1,361.57,370.24,380.98,386.16,393.24,392.91,394.8,394.43,376.56
2912,362.11,361.57,370.24,380.99,386.17,393.25,392.9,394.79,394.46,376.58
2913,362.11,361.6,370.24,381.0,386.16,393.25,392.9,394.77,394.48,376.6
2914,362.12,361.59,370.25,381.01,386.17,393.25,392.9,394.75,394.5,376.64
2915,362.13,361.6,370.27,381.01,386.18,393.27,392.9,394.75,394.51,376.67
2916,362.14,361.61,370.27,381.01,386.18,393.26,392.92,394.73,394.51,376.7
2917,362.15,361.61,370.29,381.02,386.19,393.27,392.96,394.72,394.51,376.73
2918,362.15,361.63,370.3,381.03,386.2,393.27,392.98,394.71,394.5,376.74
2919,362.17,361.64,370.3,381.02,386.21,393.28,392.99,394.72,394.48,376.73
2920,362.17,361.64,370.3,381.03,386.21,393.28,392.98,394.71,394.47,376.73
2921,362.18,361.65,370.31,381.04,386.22,393.28,392.99,394.71,394.45,376.75
2922,362.17,361.66,370.31,381.04,386.22,393.29,393.0,394.72,394.44,376.75
2923,362.18,361.66,370.32,381.04,386.23,393.29,392.99,394.73,394.43,376.75
2924,362.19,361.66,370.33,381.04,386.23,393.29,393.0,394.74,394.44,376.75
2925,362.2,361.66,370.33,381.06,386.23,393.29,392.99,394.74,394.45,376.77
2926,362.22,361.67,370.35,381.06,386.24,393.29,393.0,394.74,394.48,376.81
2927,362.22,361.68,370.35,381.08,386.25,393.3,392.99,394.75,394.5,376.82
2928,362.24,361.68,370.36,381.08,386.26,393.3,393.0,394.75,394.52,376.85
2929,362.24,361.7,370.38,381.08,386.27,393.31,393.02,394.76,394.53,376.86
2930,362.25,361.71,370.38,381.09,386.28,393.31,393.02,394.78,394.55,376.88
2931,362.25,361.71,370.38,381.09,386.29,393.32,393.03,394.79,394.56,376.91
2932,362.25,361.71,370.37,381.09,386.28,393.33,393.02,394.8,394.58,376.93
2933,362.26,361.71,370.39,381.1,386.29,393.33,393.02,394.81,394.59,376.98
2934,362.27,361.73,370.4,381.11,386.3,393.34,393.05,394.8,394.6,377.03
2935,362.29,361.75,370.42,381.12,386.32,393.35,393.07,394.81,394.62,377.08
2936,362.29,361.76,370.43,381.13,386.31,393.36,393.09,394.83,394.64,377.09
2937,362.3,361.76,370.44,381.13,386.32,393.36,393.09,394.85,394.65,377.08
2938,362.29,361.76,370.43,381.14,386.32,393.38,393.07,394.89,394.67,377.08
2939,362.31,361.78,370.43,381.15,386.32,393.39,393.06,394.92,394.69,377.07
2940,362.32,361.79,370.43,381.16,386.34,393.4,393.08,394.96,394.71,377.05
2941,362.32,361.79,370.44,381.17,386.34,393.41,393.07,394.97,394.73,377.01
2942,362.33,361.8,370.43,381.18,386.34,393.41,393.08,394.97,394.74,376.99
2943,362.33,361.8,370.43,381.19,386.34,393.41,393.09,394.96,394.76,377.01
2944,362.34,361.8,370.45,381.19,386.35,393.42,393.1,394.96,394.79,377.07
2945,362.35,361.82,370.45,381.21,386.35,393.42,393.09,394.97,394.79,377.12
2946,362.35,361.82,370.46,381.22,386.36,393.44,393.09,394.97,394.78,377.18
2947,362.36,361.82,370.46,381.23,386.37,393.44,393.11,394.98,394.77,377.24
2948,362.37,361.84,370.47,381.23,386.39,393.45,393.13,395.01,394.75,377.27
2949,362.38,361.85,370.49,381.24,386.4,393.46,393.15,395.03,394.74,377.3
2950,362.4,361.86,370.5,381.25,386.42,393.46,393.18,395.05,394.73,377.31
2951,362.4,361.87,370.51,381.27,386.43,393.48,393.18,395.06,394.71,377.3
2952,362.39,361.88,370.51,381.28,386.43,393.49,393.17,395.07,394.7,377.23
2953,362.41,361.89,370.52,381.29,386.43,393.51,393.15,395.06,394.67,377.17
2954,362.41,361.89,370.53,381.3,386.44,393.52,393.13,395.03,394.61,377.11
2955,362.41,361.89,370.53,381.3,386.43,393.52,393.08,394.99,394.53,377.06
2956,362.41,361.9,370.53,381.31,386.44,393.53,393.06,394.95,394.45,377.0
2957,362.42,361.9,370.54,381.31,386.45,393.53,393.05,394.93,394.39,376.92
2958,362.42,361.9,370.54,381.29,386.46,393.52,393.04,394.92,394.33,376.85
2959,362.43,361.91,370.54,381.29,386.46,393.52,393.05,394.92,394.28,376.77
2960,362.43,361.92,370.55,381.29,386.46,393.52,393.06,394.94,394.24,376.72
2961,362.45,361.92,370.56,381.3,386.47,393.52,393.08,394.94,394.22,376.68
2962,362.45,361.93,370.56,381.31,386.46,393.52,393.1,394.94,394.22,376.66
2963,362.45,361.94,370.56,381.31,386.48,393.52,393.12,394.94,394.23,376.67
2964,362.47,361.94,370.57,381.31,386.48,393.52,393.13,394.94,394.26,376.69
2965,362.47,361.95,370.58,381.31,386.49,393.51,393.16,394.93,394.26,376.72
2966,362.47,361.96,370.58,381.32,386.48,393.51,393.18,394.92,394.27,376.75
2967,362.49,361.97,370.59,381.31,386.49,393.5,393.19,394.92,394.28,376.77
2968,362.49,361.96,370.59,381.32,386.49,393.51,393.21,394.95,394.31,376.8
2969,362.51,361.97,370.6,381.32,386.5,393.51,393.24,394.99,394.36,376.82
2970,362.52,361.98,370.62,381.33,386.5,393.51,393.26,395.0,394.4,376.82
2971,362.53,361.98,370.61,381.33,386.5,393.51,393.28,395.01,394.42,376.83
2972,362.53,361.98,370.62,381.34,386.5,393.52,393.29,395.01,394.41,376.83
2973,362.54,361.99,370.62,381.35,386.5,393.53,393.29,395.01,394.43,376.82
2974,362.55,361.99,370.63,381.36,386.5,393.54,393.31,395.01,394.46,376.8
2975,362.55,362.0,370.62,381.38,386.51,393.57,393.3,395.02,394.47,376.76
2976,362.56,362.0,370.63,381.38,386.51,393.57,393.31,395.01,394.5,376.76
2977,362.57,362.01,370.64,381.4,386.52,393.59,393.32,395.01,394.51,376.74
2978,362.59,362.02,370.65,381.39,386.53,393.58,393.31,395.0,394.52,376.74
2979,362.59,362.02,370.67,381.39,386.54,393.59,393.32,395.01,394.54,376.73
2980,362.6,362.04,370.68,381.4,386.55,393.6,393.3,395.01,394.55,376.73
2981,362.6,362.04,370.69,381.41,386.57,393.62,393.29,395.01,394.57,376.74
2982,362.61,362.05,370.69,381.42,386.57,393.62,393.3,395.01,394.59,376.75
2983,362.63,362.05,370.69,381.42,386.58,393.62,393.29,395.01,394.6,376.78
2984,362.63,362.06,370.71,381.44,386.58,393.64,393.3,395.03,394.63,376.8
2985,362.64,362.06,370.71,381.44,386.59,393.63,393.3,395.04,394.64,376.8
2986,362.64,362.07,370.71,381.46,386.59,393.65,393.28,395.08,394.66,376.82
2987,362.66,362.09,370.72,381.46,386.61,393.65,393.3,395.11,394.67,376.86
2988,362.68,362.09,370.73,381.48,386.61,393.67,393.31,395.13,394.7,376.89
2989,362.68,362.1,370.74,381.48,386.63,393.68,393.32,395.14,394.73,376.91
2990,362.69,362.1,370.75,381.49,386.64,393.69,393.33,395.15,394.75,376.92
2991,362.69,362.12,370.75,381.5,386.65,393.7,393.34,395.15,394.79,376.94
2992,362.7,362.12,370.75,381.5,386.65,393.71,393.34,395.15,394.8,376.94
2993,362.7,362.12,370.77,381.51,386.67,393.71,393.36,395.16,394.83,376.96
2994,362.71,362.13,370.77,381.52,386.67,393.72,393.38,395.15,394.85,377.0
2995,362.72,362.14,370.78,381.52,386.69,393.73,393.39,395.15,394.87,377.02
2996,362.72,362.15,370.79,381.52,386.68,393.73,393.39,395.14,394.87,377.05
2997,362.73,362.17,370.8,381.53,386.69,393.74,393.4,395.14,394.89,377.06
2998,362.74,362.17,370.8,381.53,386.7,393.74,393.4,395.14,394.9,377.07
2999,362.75,362.17,370.81,381.53,386.7,393.75,393.41,395.14,394.91,377.06
3000,362.77,362.19,370.82,381.55,386.71,393.76,393.41,395.14,394.93,377.07
3001,362.77,362.18,370.82,381.57,386.72,393.76,393.43,395.15,394.95,377.08
3002,362.77,362.18,370.83,381.56,386.73,393.78,393.44,395.17,394.94,377.07
3003,362.79,362.19,370.83,381.57,386.73,393.79,393.46,395.19,394.94,377.06
3004,362.8,362.2,370.84,381.58,386.75,393.8,393.47,395.19,394.94,377.05
3005,362.8,362.2,370.85,381.58,386.75,393.8,393.47,395.2,394.93,377.05
3006,362.82,362.21,370.85,381.59,386.76,393.81,393.49,395.2,394.93,377.06
3007,362.82,362.23,370.86,381.59,386.77,393.81,393.47,395.21,394.9,377.09
3008,362.82,362.23,370.86,381.6,386.75,393.82,393.48,395.21,394.86,377.09
3009,362.84,362.24,370.87,381.61,386.76,393.82,393.49,395.23,394.83,377.09
3010,362.85,362.25,370.88,381.61,386.78,393.83,393.5,395.24,394.81,377.07
3011,362.86,362.26,370.89,381.62,386.78,393.84,393.49,395.26,394.79,377.04
3012,362.86,362.27,370.88,381.63,386.79,393.85,393.49,395.27,394.79,377.01
3013,362.87,362.27,370.89,381.63,386.78,393.86,393.49,395.28,394.79,376.97
3014,362.88,362.27,370.89,381.63,386.8,393.86,393.51,395.29,394.81,376.94
3015,362.88,362.27,370.89,381.64,386.81,393.88,393.52,395.29,394.83,376.93
3016,362.89,362.28,370.9,381.65,386.81,393.89,393.53,395.32,394.88,376.97
3017,362.9,362.29,370.9,381.65,386.82,393.89,393.55,395.33,394.93,377.01
3018,362.91,362.3,370.91,381.65,386.82,393.89,393.55,395.34,394.96,377.07
3019,362.92,362.31,370.92,381.66,386.83,393.88,393.54,395.35,395.0,377.13
3020,362.92,362.32,370.94,381.66,386.83,393.88,393.54,395.35,395.03,377.18
3021,362.93,362.32,370.93,381.67,386.83,393.88,393.52,395.35,395.05,377.21
3022,362.95,362.32,370.94,381.68,386.83,393.88,393.51,395.33,395.09,377.27
3023,362.96,362.34,370.95,381.67,386.84,393.87,393.51,395.31,395.12,377.32
3024,362.97,362.35,370.95,381.68,386.84,393.88,393.5,395.29,395.13,377.4
3025,362.98,362.37,370.97,381.68,386.85,393.87,393.5,395.28,395.14,377.48
3026,362.98,362.36,370.96,381.69,386.84,393.87,393.51,395.27,395.11,377.48
3027,362.99,362.37,370.96,381.69,386.84,393.87,393.51,395.27,395.08,377.5
3028,362.99,362.37,370.97,381.69,386.84,393.86,393.52,395.28,395.07,377.5
3029,363.01,362.37,370.99,381.69,386.85,393.86,393.53,395.28,395.05,377.5
3030,363.02,362.38,371.0,381.7,386.86,393.86,393.53,395.28,395.05,377.51
3031,363.02,362.38,371.0,381.7,386.87,393.87,393.54,395.28,395.04,377.51
3032,363.03,362.37,370.99,381.71,386.86,393.87,393.55,395.3,395.04,377.53
3033,363.03,362.39,370.99,381.72,386.87,393.87,393.55,395.32,395.03,377.54
3034,363.06,362.39,371.0,381.72,386.89,393.89,393.57,395.34,395.03,377.57
3035,363.06,362.4,371.01,381.74,386.89,393.9,393.58,395.35,395.03,377.59
3036,363.05,362.41,371.02,381.75,386.9,393.91,393.57,395.37,395.04,377.6
3037,363.06,362.42,371.02,381.76,386.91,393.93,393.57,395.4,395.05,377.6
3038,363.08,362.43,371.03,381.77,386.92,393.94,393.55,395.42,395.08,377.6
3039,363.09,362.43,371.04,381.78,386.93,393.95,393.55,395.46,395.12,377.6
3040,363.09,362.44,371.04,381.78,386.94,393.97,393.56,395.48,395.15,377.6
3041,363.1,362.46,371.06,381.79,386.96,393.98,393.57,395.48,395.19,377.61
3042,363.11,362.46,371.07,381.79,386.97,393.98,393.58,395.51,395.22,377.59
3043,363.12,362.47,371.07,381.8,386.98,393.99,393.61,395.53,395.28,377.6
3044,363.12,362.47,371.08,381.8,386.99,394.01,393.64,395.55,395.28,377.6
3045,363.13,362.48,371.08,381.81,386.99,394.01,393.67,395.58,395.31,377.62
3046,363.13,362.48,371.09,381.82,386.99,394.03,393.7,395.61,395.33,377.64
3047,363.14,362.49,371.09,381.82,387.0,394.04,393.74,395.62,395.37,377.68
3048,363.15,362.49,371.09,381.81,387.0,394.05,393.77,395.64,395.4,377.72
3049,363.15,362.5,371.1,381.82,387.0,394.05,393.77,395.66,395.42,377.76
3050,363.16,362.52,371.1,381.83,387.02,394.07,393.79,395.69,395.48,377.81
3051,363.16,362.53,371.11,381.84,387.03,394.08,393.79,395.72,395.53,377.84
3052,363.17,362.53,371.12,381.85,387.04,394.09,393.8,395.75,395.57,377.86
3053,363.18,362.54,371.12,381.84,387.03,394.1,393.81,395.76,395.59,377.88
3054,363.18,362.54,371.12,381.85,387.04,394.1,393.83,395.77,395.63,377.92
3055,363.18,362.54,371.12,381.85,387.03,394.09,393.84,395.76,395.63,377.98
3056,363.2,362.55,371.13,381.85,387.03,394.09,393.84,395.72,395.58,378.03
3057,363.2,362.56,371.13,381.85,387.04,394.09,393.82,395.68,395.52,378.08
3058,363.2,362.57,371.14,381.85,387.04,394.09,393.82,395.66,395.43,378.16
3059,363.21,362.58,371.14,381.84,387.04,394.08,393.81,395.63,395.33,378.21
3060,363.22,362.58,371.15,381.85,387.04,394.09,393.81,395.6,395.19,378.26
3061,363.22,362.59,371.15,381.85,387.04,394.08,393.81,395.58,395.09,378.27
3062,363.24,362.59,371.16,381.86,387.04,394.08,393.81,395.57,395.08,378.28
3063,363.25,362.59,371.15,381.86,387.05,394.08,393.79,395.53,395.09,378.28
3064,363.25,362.6,371.17,381.86,387.05,394.08,393.77,395.49,395.11,378.3
3065,363.25,362.6,371.17,381.87,387.06,394.07,393.78,395.5,395.16,378.3
3066,363.26,362.61,371.17,381.88,387.06,394.07,393.77,395.5,395.2,378.32
3067,363.27,362.61,371.18,381.87,387.06,394.06,393.76,395.51,395.24,378.32
3068,363.27,362.61,371.19,381.89,387.06,394.06,393.75,395.52,395.27,378.32
3069,363.28,362.62,371.19,381.89,387.06,394.07,393.76,395.53,395.32,378.33
3070,363.29,362.64,371.2,381.9,387.07,394.06,393.77,395.54,395.37,378.34
3071,363.3,362.64,371.21,381.9,387.08,394.08,393.8,395.55,395.41,378.35
3072,363.31,362.65,371.22,381.9,387.08,394.07,393.81,395.56,395.43,378.35
3073,363.32,362.65,371.22,381.91,387.1,394.07,393.83,395.56,395.46,378.36
3074,363.32,362.67,371.23,381.91,387.1,394.08,393.83,395.57,395.48,378.38
3075,363.33,362.68,371.24,381.93,387.11,394.09,393.85,395.57,395.49,378.39
3076,363.34,362.68,371.24,381.94,387.11,394.11,393.87,395.58,395.49,378.39
3077,363.34,362.68,371.25,381.95,387.12,394.11,393.89,395.58,395.51,378.41
3078,363.35,362.69,371.26,381.94,387.12,394.12,393.91,395.56,395.5,378.44
3079,363.37,362.7,371.26,381.96,387.14,394.14,393.92,395.54,395.49,378.46
3080,363.38,362.71,371.28,381.97,387.15,394.15,393.93,395.53,395.49,378.46
3081,363.39,362.71,371.28,381.98,387.16,394.16,393.91,395.52,395.48,378.45
3082,363.39,362.71,371.29,381.97,387.16,394.17,393.91,395.51,395.48,378.44
3083,363.41,362.73,371.3,381.99,387.16,394.18,393.93,395.52,395.48,378.41
3084,363.41,362.74,371.31,382.0,387.17,394.19,393.92,395.53,395.48,378.4
3085,363.42,362.74,371.31,382.02,387.18,394.2,393.92,395.53,395.46,378.4
3086,363.43,362.75,371.32,382.02,387.18,394.21,393.91,395.55,395.4,378.43
3087,363.44,362.76,371.33,382.03,387.19,394.21,393.91,395.56,395.34,378.48
3088,363.45,362.78,371.34,382.05,387.2,394.23,393.91,395.57,395.3,378.49
3089,363.46,362.78,371.33,382.05,387.19,394.23,393.9,395.58,395.28,378.49
3090,363.47,362.79,371.34,382.05,387.19,394.24,393.91,395.59,395.28,378.5
3091,363.48,362.8,371.35,382.06,387.22,394.24,393.91,395.61,395.29,378.51
3092,363.49,362.79,371.35,382.06,387.21,394.23,393.92,395.61,395.29,378.49
3093,363.49,362.81,371.36,382.07,387.22,394.24,393.93,395.63,395.29,378.48
3094,363.49,362.82,371.37,382.08,387.23,394.24,393.94,395.65,395.29,378.45
3095,363.51,362.82,371.38,382.08,387.25,394.25,393.95,395.66,395.28,378.43
3096,363.52,362.84,371.39,382.09,387.25,394.26,393.97,395.67,395.27,378.4
3097,363.53,362.85,371.4,382.09,387.27,394.26,393.97,395.68,395.29,378.39
3098,363.54,362.86,371.41,382.1,387.27,394.27,393.97,395.72,395.3,378.41
3099,363.55,362.87,371.4,382.12,387.27,394.3,393.96,395.76,395.32,378.44
3100,363.55,362.86,371.41,382.12,387.28,394.3,393.96,395.78,395.34,378.48
3101,363.55,362.87,371.42,382.13,387.28,394.31,393.94,395.79,395.34,378.5
3102,363.56,362.88,371.42,382.13,387.29,394.31,393.95,395.79,395.37,378.54
3103,363.57,362.88,371.43,382.13,387.31,394.33,393.95,395.79,395.39,378.59
3104,363.57,362.89,371.43,382.14,387.31,394.32,393.95,395.77,395.42,378.65
3105,363.58,362.9,371.43,382.14,387.3,394.33,393.94,395.76,395.45,378.73
3106,363.6,362.9,371.44,382.14,387.32,394.33,393.95,395.74,395.48,378.81
3107,363.6,362.91,371.45,382.15,387.31,394.33,393.98,395.74,395.5,378.86
3108,363.61,362.92,371.46,382.15,387.32,394.34,393.99,395.73,395.5,378.92
3109,363.61,362.94,371.47,382.15,387.33,394.34,394.02,395.72,395.49,378.97
3110,363.62,362.94,371.48,382.17,387.33,394.35,394.03,395.71,395.46,378.99
3111,363.62,362.94,371.48,382.17,387.33,394.35,394.03,395.7,395.43,379.0
3112,363.64,362.94,371.48,382.17,387.34,394.35,394.04,395.69,395.4,379.01
3113,363.64,362.96,371.49,382.18,387.34,394.34,394.05,395.69,395.36,379.02
3114,363.64,362.96,371.49,382.18,387.35,394.35,394.07,395.72,395.31,379.02
3115,363.65,362.95,371.49,382.19,387.33,394.35,394.08,395.76,395.29,379.02
3116,363.66,362.98,371.5,382.2,387.34,394.36,394.08,395.79,395.3,379.01
3117,363.66,362.97,371.51,382.21,387.35,394.35,394.08,395.81,395.35,378.98
3118,363.67,362.98,371.51,382.22,387.35,394.35,394.09,395.83,395.38,378.92
3119,363.67,362.98,371.51,382.23,387.35,394.36,394.09,395.86,395.41,378.87
3120,363.67,362.98,371.53,382.24,387.36,394.35,394.1,395.89,395.44,378.8
3121,363.68,362.99,371.51,382.24,387.36,394.35,394.1,395.9,395.45,378.74
3122,363.68,363.0,371.53,382.25,387.37,394.35,394.09,395.93,395.48,378.72
3123,363.68,363.01,371.53,382.26,387.39,394.35,394.07,395.93,395.5,378.69
3124,363.7,363.02,371.55,382.25,387.4,394.36,394.07,395.92,395.51,378.69
3125,363.7,363.04,371.56,382.26,387.41,394.37,394.08,395.9,395.52,378.69
3126,363.72,363.05,371.56,382.27,387.42,394.37,394.1,395.88,395.53,378.67
3127,363.72,363.05,371.57,382.29,387.42,394.39,394.12,395.89,395.56,378.67
3128,363.71,363.05,371.57,382.31,387.42,394.41,394.14,395.93,395.59,378.64
3129,363.73,363.07,371.58,382.31,387.44,394.42,394.17,395.98,395.63,378.61
3130,363.73,363.08,371.59,382.32,387.44,394.44,394.2,396.02,395.65,378.56
3131,363.73,363.08,371.6,382.34,387.46,394.46,394.23,396.06,395.67,378.53
3132,363.74,363.09,371.59,382.34,387.47,394.48,394.28,396.09,395.71,378.53
3133,363.76,363.1,371.6,382.35,387.49,394.5,394.32,396.12,395.74,378.53
3134,363.76,363.11,371.61,382.36,387.5,394.51,394.35,396.15,395.76,378.54
3135,363.76,363.11,371.63,382.36,387.51,394.53,394.38,396.16,395.79,378.56
3136,363.78,363.13,371.63,382.38,387.53,394.55,394.4,396.18,395.81,378.57
3137,363.78,363.13,371.64,382.4,387.53,394.57,394.41,396.18,395.84,378.59
3138,363.78,363.14,371.65,382.4,387.54,394.58,394.42,396.19,395.87,378.58
3139,363.79,363.15,371.65,382.41,387.53,394.59,394.43,396.19,395.91,378.6
3140,363.79,363.16,371.66,382.41,387.55,394.6,394.44,396.22,395.93,378.61
3141,363.8,363.18,371.67,382.41,387.56,394.62,394.45,396.24,395.97,378.62
3142,363.81,363.19,371.7,382.43,387.57,394.63,394.46,396.25,396.0,378.61
3143,363.83,363.2,371.69,382.43,387.58,394.65,394.47,396.24,396.02,378.59
3144,363.82,363.21,371.7,382.43,387.58,394.65,394.46,396.25,396.02,378.57
3145,363.82,363.2,371.71,382.44,387.58,394.65,394.47,396.25,396.0,378.55
3146,363.83,363.21,371.7,382.44,387.59,394.65,394.49,396.25,395.97,378.54
3147,363.85,363.21,371.71,382.45,387.59,394.66,394.48,396.23,395.94,378.55
3148,363.86,363.22,371.71,382.46,387.6,394.66,394.47,396.2,395.92,378.58
3149,363.86,363.23,371.73,382.46,387.61,394.65,394.45,396.2,395.88,378.63
3150,363.87,363.22,371.73,382.47,387.59,394.65,394.42,396.19,395.82,378.69
3151,363.89,363.24,371.74,382.47,387.6,394.67,394.4,396.17,395.76,378.74
3152,363.89,363.24,371.74,382.48,387.61,394.67,394.38,396.15,395.72,378.76
3153,363.88,363.25,371.74,382.48,387.6,394.67,394.37,396.12,395.69,378.77
3154,363.9,363.25,371.75,382.48,387.6,394.66,394.35,396.09,395.66,378.76
3155,363.92,363.26,371.75,382.49,387.61,394.67,394.35,396.07,395.67,378.76
3156,363.92,363.28,371.76,382.5,387.62,394.67,394.34,396.05,395.66,378.71
3157,363.93,363.29,371.77,382.49,387.62,394.66,394.33,396.02,395.66,378.66
3158,363.94,363.3,371.78,382.49,387.62,394.66,394.32,396.0,395.66,378.58
3159,363.96,363.31,371.79,382.49,387.63,394.66,394.33,395.97,395.68,378.51
3160,363.96,363.31,371.8,382.49,387.63,394.65,394.35,395.96,395.68,378.49
3161,363.97,363.32,371.8,382.5,387.63,394.65,394.34,395.96,395.67,378.46
3162,363.97,363.32,371.8,382.51,387.63,394.64,394.34,395.97,395.65,378.46
3163,363.98,363.32,371.81,382.51,387.63,394.64,394.33,396.0,395.62,378.46
3164,363.98,363.33,371.8,382.5,387.63,394.64,394.32,396.02,395.59,378.45
3165,363.99,363.33,371.82,382.5,387.63,394.63,394.32,396.04,395.55,378.46
3166,364.0,363.33,371.81,382.5,387.64,394.63,394.34,396.06,395.51,378.47
3167,364.01,363.35,371.83,382.51,387.64,394.63,394.34,396.07,395.45,378.46
3168,364.03,363.36,371.83,382.5,387.64,394.63,394.36,396.07,395.38,378.45
3169,364.03,363.36,371.84,382.5,387.65,394.62,394.36,396.08,395.35,378.45
3170,364.03,363.37,371.84,382.5,387.63,394.62,394.36,396.09,395.33,378.44
3171,364.04,363.37,371.85,382.5,387.64,394.62,394.38,396.1,395.32,378.45
3172,364.03,363.37,371.85,382.5,387.64,394.62,394.38,396.1,395.31,378.45
3173,364.04,363.37,371.86,382.5,387.64,394.62,394.38,396.09,395.3,378.44
3174,364.06,363.38,371.86,382.5,387.65,394.62,394.36,396.09,395.31,378.46
3175,364.06,363.38,371.87,382.51,387.65,394.62,394.34,396.09,395.32,378.48
3176,364.06,363.38,371.87,382.51,387.65,394.62,394.32,396.08,395.3,378.5
3177,364.08,363.37,371.87,382.52,387.65,394.62,394.29,396.06,395.27,378.54
3178,364.08,363.38,371.87,382.52,387.65,394.63,394.3,396.06,395.26,378.54
3179,364.09,363.38,371.88,382.52,387.65,394.63,394.3,396.04,395.25,378.56
3180,364.09,363.38,371.89,382.53,387.66,394.64,394.3,396.03,395.27,378.55
3181,364.11,363.4,371.9,382.53,387.66,394.65,394.29,396.04,395.31,378.54
3182,364.11,363.4,371.9,382.53,387.67,394.65,394.28,396.04,395.36,378.53
3183,364.11,363.4,371.9,382.53,387.67,394.65,394.28,396.05,395.4,378.51
3184,364.11,363.41,371.91,382.53,387.68,394.65,394.29,396.05,395.45,378.51
3185,364.13,363.42,371.92,382.53,387.68,394.66,394.3,396.03,395.51,378.52
3186,364.13,363.44,371.92,382.54,387.69,394.66,394.31,396.02,395.57,378.52
3187,364.14,363.44,371.93,382.55,387.69,394.67,394.31,396.03,395.62,378.5
3188,364.14,363.45,371.94,382.57,387.69,394.68,394.34,396.06,395.66,378.48
3189,364.15,363.47,371.94,382.57,387.7,394.68,394.36,396.08,395.72,378.48
3190,364.15,363.47,371.95,382.58,387.69,394.69,394.37,396.11,395.78,378.49
3191,364.15,363.47,371.95,382.59,387.69,394.71,394.38,396.13,395.82,378.49
3192,364.16,363.47,371.94,382.6,387.7,394.72,394.41,396.16,395.85,378.52
3193,364.17,363.48,371.95,382.6,387.7,394.72,394.45,396.18,395.87,378.54
3194,364.17,363.48,371.97,382.61,387.7,394.73,394.47,396.2,395.88,378.54
3195,364.17,363.48,371.97,382.61,387.71,394.72,394.49,396.21,395.91,378.53
3196,364.2,363.49,371.98,382.62,387.71,394.72,394.51,396.22,395.96,378.52
3197,364.2,363.5,371.98,382.62,387.73,394.72,394.54,396.21,395.98,378.52
3198,364.2,363.5,371.99,382.62,387.73,394.71,394.55,396.2,395.99,378.53
3199,364.2,363.51,372.0,382.62,387.74,394.71,394.56,396.21,396.02,378.55
3200,364.2,363.51,371.99,382.63,387.73,394.72,394.57,396.22,396.02,378.57
3201,364.23,363.52,372.0,382.62,387.74,394.73,394.57,396.22,396.01,378.62
3202,364.23,363.53,372.01,382.61,387.75,394.73,394.57,396.22,395.99,378.67
3203,364.23,363.53,372.01,382.62,387.76,394.74,394.56,396.22,395.95,378.71
3204,364.24,363.53,372.01,382.63,387.76,394.73,394.54,396.21,395.92,378.76
3205,364.25,363.54,372.02,382.63,387.77,394.75,394.51,396.2,395.89,378.77
3206,364.26,363.55,372.01,382.63,387.78,394.76,394.5,396.2,395.89,378.78
3207,364.27,363.55,372.03,382.64,387.78,394.76,394.49,396.2,395.91,378.79
3208,364.29,363.55,372.04,382.65,387.79,394.77,394.48,396.21,395.91,378.79
3209,364.29,363.56,372.04,382.64,387.79,394.76,394.48,396.2,395.9,378.78
3210,364.3,363.56,372.04,382.65,387.8,394.77,394.46,396.21,395.91,378.75
3211,364.3,363.56,372.04,382.66,387.8,394.78,394.44,396.22,395.92,378.73
3212,364.32,363.57,372.05,382.66,387.81,394.79,394.43,396.22,395.95,378.75
3213,364.34,363.59,372.07,382.66,387.81,394.8,394.44,396.21,395.98,378.77
3214,364.34,363.6,372.08,382.67,387.82,394.8,394.45,396.19,396.01,378.79
3215,364.35,363.61,372.09,382.68,387.82,394.82,394.46,396.2,396.04,378.81
3216,364.36,363.61,372.1,382.68,387.82,394.83,394.47,396.21,396.07,378.81
3217,364.38,363.62,372.11,382.69,387.83,394.82,394.49,396.23,396.07,378.84
3218,364.38,363.62,372.11,382.69,387.83,394.83,394.5,396.25,396.06,378.85
3219,364.38,363.62,372.11,382.71,387.83,394.83,394.53,396.27,396.06,378.86
3220,364.4,363.63,372.12,382.7,387.85,394.83,394.54,396.27,396.05,378.89
3221,364.41,363.63,372.13,382.71,387.85,394.83,394.56,396.3,396.04,378.91
3222,364.42,363.64,372.14,382.71,387.87,394.84,394.56,396.31,396.05,378.94
3223,364.43,363.66,372.15,382.73,387.88,394.85,394.56,396.33,396.09,378.95
3224,364.43,363.67,372.16,382.75,387.88,394.85,394.57,396.34,396.11,378.97
3225,364.45,363.68,372.17,382.76,387.89,394.86,394.59,396.34,396.16,378.99
3226,364.45,363.68,372.17,382.77,387.9,394.87,394.6,396.34,396.21,379.02
3227,364.46,363.68,372.18,382.78,387.91,394.89,394.6,396.34,396.24,379.05
3228,364.47,363.7,372.19,382.78,387.91,394.88,394.61,396.33,396.28,379.09
3229,364.47,363.7,372.19,382.78,387.93,394.89,394.6,396.33,396.3,379.13
3230,364.47,363.72,372.2,382.79,387.93,394.89,394.59,396.32,396.32,379.18
3231,364.48,363.72,372.2,382.79,387.94,394.91,394.59,396.31,396.32,379.23
3232,364.48,363.73,372.22,382.81,387.94,394.92,394.61,396.29,396.33,379.24
3233,364.5,363.74,372.23,382.82,387.95,394.93,394.64,396.31,396.33,379.24
3234,364.51,363.76,372.24,382.82,387.97,394.94,394.68,396.31,396.35,379.26
3235,364.51,363.77,372.25,382.84,387.97,394.95,394.7,396.34,396.35,379.26
3236,364.51,363.77,372.25,382.84,387.97,394.96,394.7,396.36,396.34,379.25
3237,364.51,363.78,372.25,382.84,387.98,394.96,394.69,396.37,396.34,379.28
3238,364.51,363.79,372.26,382.85,387.99,394.97,394.69,396.4,396.34,379.27
3239,364.52,363.79,372.26,382.87,387.99,394.99,394.66,396.41,396.35,379.25
3240,364.54,363.8,372.27,382.87,388.01,394.99,394.65,396.41,396.38,379.21
3241,364.55,363.8,372.28,382.89,388.01,395.0,394.65,396.41,396.41,379.2
3242,364.55,363.81,372.28,382.89,388.02,395.01,394.64,396.39,396.39,379.15
3243,364.55,363.81,372.29,382.9,388.02,395.01,394.63,396.39,396.34,379.14
3244,364.56,363.81,372.29,382.9,388.02,395.02,394.62,396.4,396.28,379.11
3245,364.57,363.81,372.28,382.91,388.02,395.01,394.62,396.39,396.22,379.09
3246,364.57,363.82,372.3,382.91,388.03,395.01,394.62,396.38,396.13,379.06
3247,364.58,363.82,372.3,382.91,388.03,395.02,394.61,396.36,396.06,379.04
3248,364.6,363.83,372.3,382.91,388.03,395.01,394.61,396.35,395.94,379.01
3249,364.61,363.83,372.31,382.94,388.03,395.02,394.61,396.36,395.88,378.98
3250,364.61,363.84,372.32,382.93,388.04,395.02,394.62,396.37,395.87,378.94
3251,364.62,363.83,372.31,382.94,388.04,395.02,394.62,396.38,395.89,378.88
3252,364.63,363.83,372.33,382.94,388.04,395.02,394.62,396.42,395.92,378.84
3253,364.64,363.85,372.33,382.94,388.06,395.03,394.64,396.45,395.96,378.8
3254,364.65,363.85,372.33,382.94,388.06,395.03,394.65,396.48,395.98,378.77
3255,364.65,363.86,372.35,382.96,388.06,395.04,394.68,396.5,396.01,378.75
3256,364.66,363.86,372.34,382.96,388.07,395.06,394.68,396.48,396.04,378.72
3257,364.67,363.87,372.37,382.96,388.07,395.06,394.68,396.46,396.08,378.68
3258,364.68,363.88,372.37,382.98,388.08,395.07,394.68,396.45,396.1,378.6
3259,364.7,363.89,372.38,382.98,388.09,395.07,394.69,396.45,396.14,378.54
3260,364.7,363.89,372.39,382.98,388.1,395.08,394.71,396.45,396.15,378.48
3261,364.71,363.9,372.41,382.99,388.11,395.09,394.73,396.46,396.16,378.47
3262,364.72,363.91,372.4,383.0,388.1,395.1,394.72,396.47,396.18,378.46
3263,364.72,363.91,372.4,383.01,388.1,395.1,394.72,396.47,396.21,378.44
3264,364.73,363.92,372.4,383.01,388.11,395.11,394.72,396.47,396.25,378.44
3265,364.73,363.93,372.4,383.03,388.11,395.12,394.72,396.47,396.26,378.44
3266,364.75,363.94,372.41,383.03,388.12,395.12,394.74,396.46,396.3,378.48
3267,364.77,363.97,372.43,383.04,388.14,395.12,394.76,396.48,396.32,378.5
3268,364.78,363.97,372.43,383.04,388.14,395.12,394.78,396.5,396.33,378.52
3269,364.78,363.98,372.44,383.04,388.14,395.12,394.78,396.51,396.33,378.55
3270,364.79,363.98,372.45,383.04,388.14,395.13,394.79,396.52,396.35,378.56
3271,364.81,363.99,372.46,383.05,388.16,395.13,394.79,396.52,396.37,378.6
3272,364.81,363.99,372.47,383.05,388.16,395.13,394.8,396.52,396.39,378.62
3273,364.82,364.0,372.48,383.05,388.16,395.13,394.8,396.53,396.39,378.61
3274,364.82,363.99,372.47,383.05,388.16,395.12,394.8,396.54,396.38,378.62
3275,364.82,364.0,372.47,383.05,388.17,395.13,394.79,396.56,396.36,378.63
3276,364.85,364.02,372.49,383.05,388.18,395.13,394.79,396.56,396.32,378.65
3277,364.85,364.01,372.49,383.05,388.18,395.13,394.78,396.56,396.29,378.64
3278,364.85,364.02,372.49,383.06,388.18,395.14,394.78,396.54,396.26,378.59
3279,364.86,364.03,372.49,383.07,388.19,395.13,394.8,396.53,396.21,378.55
3280,364.87,364.05,372.5,383.06,388.2,395.13,394.82,396.53,396.17,378.5
3281,364.88,364.06,372.5,383.07,388.2,395.14,394.83,396.54,396.13,378.45
3282,364.89,364.06,372.52,383.08,388.22,395.15,394.85,396.58,396.11,378.42
3283,364.9,364.07,372.52,383.08,388.22,395.16,394.87,396.6,396.09,378.4
3284,364.91,364.09,372.53,383.09,388.23,395.16,394.89,396.62,396.06,378.38
3285,364.92,364.08,372.55,383.1,388.23,395.17,394.9,396.63,396.04,378.41
3286,364.93,364.09,372.55,383.1,388.24,395.18,394.91,396.63,396.03,378.41
3287,364.95,364.1,372.55,383.11,388.25,395.18,394.92,396.64,396.05,378.44
3288,364.95,364.11,372.57,383.11,388.25,395.19,394.93,396.65,396.09,378.47
3289,364.96,364.11,372.56,383.13,388.25,395.2,394.93,396.65,396.13,378.48
3290,364.96,364.13,372.56,383.14,388.25,395.21,394.93,396.65,396.18,378.5
3291,364.96,364.13,372.57,383.15,388.26,395.22,394.95,396.67,396.24,378.53
3292,364.97,364.13,372.56,383.16,388.26,395.23,394.96,396.68,396.3,378.54
3293,364.98,364.14,372.58,383.17,388.27,395.24,394.97,396.71,396.35,378.57
3294,365.0,364.15,372.6,383.18,388.28,395.26,395.0,396.74,396.42,378.6
3295,365.0,364.17,372.6,383.18,388.29,395.27,395.0,396.78,396.48,378.62
3296,365.0,364.16,372.61,383.19,388.29,395.29,394.99,396.82,396.52,378.65
3297,365.01,364.17,372.62,383.2,388.31,395.3,394.99,396.85,396.55,378.7
3298,365.02,364.18,372.62,383.21,388.32,395.31,395.01,396.86,396.58,378.75
3299,365.03,364.19,372.62,383.22,388.34,395.31,395.01,396.86,396.61,378.78
3300,365.03,364.19,372.63,383.21,388.34,395.32,395.02,396.86,396.64,378.81
3301,365.05,364.2,372.64,383.23,388.36,395.32,395.04,396.85,396.66,378.84
3302,365.05,364.21,372.63,383.24,388.35,395.33,395.05,396.83,396.65,378.87
3303,365.07,364.22,372.66,383.25,388.37,395.34,395.07,396.81,396.63,378.94
3304,365.08,364.23,372.66,383.26,388.38,395.34,395.09,396.79,396.57,378.97
3305,365.11,364.25,372.68,383.27,388.38,395.34,395.1,396.78,396.54,379.01
3306,365.11,364.25,372.69,383.27,388.39,395.33,395.11,396.77,396.51,379.04
3307,365.13,364.27,372.7,383.29,388.39,395.33,395.1,396.77,396.46,379.05
3308,365.13,364.27,372.7,383.29,388.39,395.34,395.1,396.76,396.42,379.05
3309,365.14,364.28,372.7,383.3,388.4,395.34,395.08,396.75,396.35,379.03
3310,365.15,364.28,372.71,383.31,388.41,395.36,395.09,396.76,396.31,379.01
3311,365.16,364.3,372.71,383.31,388.4,395.36,395.06,396.77,396.22,378.95
3312,365.18,364.32,372.74,383.32,388.42,395.36,395.06,396.77,396.18,378.92
3313,365.2,364.33,372.74,383.32,388.41,395.37,395.05,396.77,396.17,378.9
3314,365.2,364.34,372.75,383.33,388.43,395.37,395.03,396.77,396.2,378.89
3315,365.21,364.34,372.76,383.34,388.43,395.37,395.0,396.78,396.21,378.89
3316,365.22,364.35,372.76,383.34,388.44,395.38,395.0,396.76,396.27,378.93
3317,365.23,364.34,372.76,383.35,388.44,395.38,394.99,396.77,396.31,378.95
3318,365.24,364.35,372.76,383.38,388.44,395.38,395.01,396.78,396.34,378.98
3319,365.24,364.36,372.77,383.37,388.44,395.38,395.0,396.77,396.38,379.01
3320,365.25,364.36,372.77,383.39,388.44,395.38,395.02,396.74,396.41,379.06
3321,365.26,364.39,372.79,383.38,388.46,395.38,395.02,396.75,396.43,379.11
3322,365.27,364.39,372.8,383.39,388.47,395.4,395.03,396.74,396.44,379.14
3323,365.29,364.4,372.81,383.41,388.48,395.4,395.04,396.72,396.43,379.13
3324,365.29,364.4,372.82,383.41,388.48,395.41,395.04,396.72,396.42,379.13
3325,365.29,364.4,372.82,383.42,388.48,395.41,395.06,396.74,396.4,379.14
3326,365.29,364.4,372.84,383.44,388.5,395.42,395.07,396.79,396.37,379.14
3327,365.3,364.41,372.83,383.44,388.5,395.43,395.09,396.85,396.35,379.13
3328,365.3,364.41,372.85,383.44,388.51,395.44,395.09,396.89,396.32,379.12
3329,365.31,364.42,372.85,383.44,388.52,395.45,395.12,396.92,396.28,379.07
3330,365.32,364.44,372.87,383.44,388.54,395.47,395.15,396.97,396.26,379.01
3331,365.32,364.45,372.87,383.45,388.55,395.48,395.18,396.99,396.25,378.97
3332,365.33,364.45,372.88,383.44,388.55,395.49,395.2,397.01,396.27,378.92
3333,365.34,364.46,372.88,383.45,388.55,395.5,395.23,397.01,396.3,378.89
3334,365.34,364.47,372.89,383.46,388.55,395.51,395.25,397.03,396.31,378.87
3335,365.35,364.47,372.88,383.47,388.57,395.52,395.26,397.03,396.3,378.85
3336,365.35,364.47,372.89,383.47,388.57,395.52,395.26,397.03,396.25,378.84
3337,365.37,364.49,372.91,383.48,388.59,395.52,395.28,397.05,396.23,378.84
3338,365.39,364.51,372.92,383.48,388.6,395.52,395.27,397.04,396.19,378.84
3339,365.39,364.52,372.94,383.5,388.61,395.52,395.24,397.04,396.18,378.82
3340,365.39,364.53,372.93,383.51,388.6,395.52,395.2,397.03,396.2,378.82
3341,365.41,364.53,372.94,383.51,388.61,395.52,395.18,397.01,396.24,378.83
3342,365.41,364.54,372.94,383.51,388.6,395.52,395.15,396.99,396.29,378.81
3343,365.42,364.54,372.94,383.53,388.6,395.52,395.15,396.98,396.34,378.82
3344,365.43,364.55,372.95,383.54,388.6,395.52,395.13,396.98,396.39,378.83
3345,365.43,364.55,372.96,383.54,388.6,395.53,395.14,396.99,396.44,378.86
3346,365.44,364.56,372.96,383.54,388.61,395.52,395.14,396.98,396.47,378.89
3347,365.46,364.58,372.98,383.54,388.62,395.53,395.17,396.97,396.51,378.96
3348,365.47,364.59,372.98,383.53,388.62,395.51,395.18,396.96,396.52,379.04
3349,365.47,364.59,373.0,383.53,388.63,395.52,395.18,396.96,396.52,379.1
3350,365.47,364.6,373.01,383.54,388.62,395.52,395.18,396.95,396.53,379.14
3351,365.48,364.59,373.0,383.55,388.62,395.52,395.17,396.97,396.54,379.18
3352,365.49,364.59,373.01,383.56,388.63,395.54,395.15,396.99,396.56,379.22
3353,365.49,364.6,373.02,383.58,388.63,395.54,395.17,396.99,396.58,379.2
3354,365.49,364.6,373.02,383.57,388.63,395.53,395.16,396.99,396.62,379.22
3355,365.49,364.61,373.03,383.56,388.65,395.54,395.18,397.0,396.68,379.23
3356,365.5,364.62,373.04,383.56,388.65,395.54,395.2,396.98,396.75,379.27
3357,365.52,364.64,373.06,383.57,388.67,395.54,395.23,396.94,396.8,379.36
3358,365.51,364.64,373.06,383.56,388.67,395.55,395.27,396.91,396.81,379.42
3359,365.52,364.66,373.05,383.56,388.67,395.55,395.28,396.92,396.82,379.46
3360,365.52,364.65,373.06,383.56,388.67,395.55,395.3,396.95,396.84,379.52
3361,365.51,364.66,373.06,383.57,388.68,395.56,395.33,396.99,396.84,379.55
3362,365.53,364.67,373.05,383.59,388.68,395.57,395.34,397.01,396.83,379.59
3363,365.53,364.67,373.07,383.59,388.69,395.58,395.36,397.02,396.84,379.61
3364,365.53,364.69,373.08,383.59,388.69,395.59,395.38,397.03,396.85,379.63
3365,365.54,364.69,373.08,383.6,388.69,395.59,395.4,397.04,396.87,379.63
3366,365.56,364.7,373.08,383.61,388.69,395.59,395.42,397.05,396.88,379.61
3367,365.55,364.71,373.09,383.63,388.71,395.61,395.44,397.06,396.87,379.6
3368,365.57,364.72,373.1,383.65,388.71,395.62,395.43,397.07,396.84,379.58
3369,365.58,364.73,373.11,383.66,388.72,395.63,395.43,397.07,396.83,379.56
3370,365.58,364.74,373.11,383.67,388.73,395.64,395.4,397.07,396.79,379.53
3371,365.58,364.73,373.1,383.68,388.74,395.65,395.38,397.05,396.76,379.52
3372,365.59,364.75,373.12,383.69,388.76,395.67,395.38,397.04,396.73,379.53
3373,365.61,364.77,373.13,383.7,388.78,395.68,395.37,397.03,396.7,379.54
3374,365.62,364.78,373.14,383.7,388.79,395.7,395.36,397.02,396.64,379.56
3375,365.63,364.79,373.16,383.72,388.81,395.72,395.36,397.02,396.61,379.56
3376,365.64,364.81,373.17,383.72,388.82,395.73,395.35,397.02,396.59,379.55
3377,365.64,364.81,373.17,383.73,388.82,395.74,395.36,397.03,396.57,379.53
3378,365.65,364.82,373.18,383.74,388.83,395.76,395.36,397.04,396.55,379.52
3379,365.66,364.82,373.18,383.75,388.84,395.76,395.36,397.06,396.54,379.51
3380,365.67,364.82,373.19,383.75,388.83,395.77,395.37,397.06,396.52,379.5
3381,365.67,364.82,373.2,383.75,388.85,395.76,395.34,397.06,396.52,379.5
3382,365.69,364.83,373.2,383.76,388.84,395.77,395.34,397.07,396.53,379.48
3383,365.69,364.84,373.21,383.76,388.84,395.77,395.34,397.08,396.56,379.41
3384,365.7,364.83,373.2,383.77,388.83,395.77,395.34,397.1,396.6,379.35
3385,365.72,364.85,373.22,383.77,388.85,395.76,395.36,397.1,396.67,379.33
3386,365.73,364.85,373.22,383.77,388.85,395.75,395.32,397.12,396.72,379.32
3387,365.74,364.85,373.23,383.77,388.86,395.75,395.31,397.14,396.76,379.33
3388,365.74,364.88,373.23,383.77,388.86,395.76,395.3,397.13,396.78,379.33
3389,365.76,364.87,373.23,383.78,388.86,395.76,395.28,397.11,396.79,379.33
3390,365.76,364.88,373.24,383.78,388.85,395.75,395.27,397.08,396.8,379.29
3391,365.76,364.9,373.25,383.79,388.86,395.75,395.28,397.05,396.83,379.25
3392,365.79,364.91,373.27,383.8,388.88,395.76,395.29,397.03,396.86,379.2
3393,365.79,364.92,373.27,383.79,388.88,395.75,395.3,397.04,396.87,379.15
3394,365.81,364.92,373.27,383.8,388.89,395.76,395.31,397.08,396.88,379.17
3395,365.8,364.93,373.28,383.8,388.9,395.76,395.34,397.11,396.88,379.17
3396,365.83,364.94,373.27,383.81,388.91,395.78,395.35,397.13,396.86,379.18
3397,365.82,364.92,373.28,383.82,388.92,395.78,395.36,397.15,396.84,379.19
3398,365.84,364.93,373.29,383.82,388.92,395.78,395.41,397.14,396.82,379.19
3399,365.85,364.94,373.3,383.83,388.92,395.78,395.42,397.14,396.81,379.19
3400,365.86,364.95,373.31,383.83,388.93,395.78,395.45,397.12,396.82,379.17
3401,365.88,364.96,373.33,383.84,388.94,395.77,395.46,397.1,396.87,379.13
3402,365.89,364.97,373.35,383.86,388.95,395.78,395.48,397.1,396.93,379.04
3403,365.91,364.98,373.35,383.86,388.94,395.78,395.5,397.12,396.96,379.0
3404,365.92,364.98,373.36,383.87,388.95,395.8,395.52,397.15,396.99,378.98
3405,365.92,364.99,373.37,383.88,388.96,395.8,395.53,397.18,397.0,378.97
3406,365.93,364.98,373.37,383.89,388.96,395.8,395.56,397.21,397.03,378.99
3407,365.93,365.0,373.38,383.89,388.96,395.81,395.56,397.24,397.04,378.99
3408,365.95,365.01,373.39,383.89,388.97,395.81,395.57,397.26,397.04,378.99
3409,365.95,365.02,373.38,383.9,388.98,395.82,395.56,397.28,397.05,378.98
3410,365.97,365.03,373.4,383.91,388.99,395.82,395.54,397.27,397.05,378.96
3411,365.98,365.05,373.41,383.92,388.99,395.83,395.51,397.26,397.02,378.93
3412,365.99,365.04,373.41,383.92,389.0,395.84,395.49,397.25,396.96,378.94
3413,365.99,365.05,373.42,383.93,389.0,395.85,395.49,397.22,396.91,378.93
3414,366.01,365.06,373.43,383.94,389.01,395.86,395.48,397.21,396.86,378.92
3415,366.02,365.06,373.43,383.94,389.01,395.88,395.48,397.2,396.82,378.89
3416,366.02,365.07,373.43,383.95,389.01,395.89,395.48,397.18,396.82,378.86
3417,366.03,365.09,373.45,383.96,389.02,395.9,395.5,397.18,396.82,378.8
3418,366.03,365.08,373.45,383.97,389.04,395.91,395.52,397.19,396.82,378.74
3419,366.05,365.11,373.46,383.97,389.05,395.92,395.56,397.21,396.81,378.65
3420,366.06,365.12,373.48,383.97,389.06,395.93,395.61,397.23,396.8,378.59
3421,366.07,365.13,373.48,383.98,389.06,395.92,395.63,397.24,396.77,378.55
3422,366.07,365.14,373.49,383.99,389.06,395.93,395.62,397.26,396.76,378.52
3423,366.07,365.13,373.49,383.99,389.07,395.94,395.62,397.28,396.77,378.5
3424,366.08,365.15,373.5,384.0,389.08,395.94,395.64,397.29,396.78,378.5
3425,366.08,365.14,373.5,384.0,389.08,395.95,395.64,397.3,396.78,378.51
3426,366.1,365.15,373.5,384.0,389.09,395.95,395.62,397.3,396.78,378.56
3427,366.1,365.15,373.51,384.01,389.09,395.95,395.61,397.3,396.77,378.6
3428,366.12,365.17,373.52,384.02,389.11,395.95,395.57,397.3,396.75,378.68
3429,366.12,365.18,373.52,384.02,389.11,395.96,395.52,397.29,396.71,378.76
3430,366.13,365.19,373.53,384.03,389.11,395.95,395.5,397.27,396.7,378.82
3431,366.14,365.2,373.54,384.03,389.11,395.96,395.5,397.25,396.68,378.88
3432,366.16,365.2,373.53,384.03,389.12,395.95,395.5,397.22,396.67,378.93
3433,366.15,365.22,373.53,384.03,389.13,395.95,395.49,397.19,396.67,378.97
3434,366.15,365.22,373.55,384.04,389.12,395.95,395.51,397.19,396.66,378.98
3435,366.17,365.22,373.54,384.04,389.11,395.96,395.51,397.19,396.67,379.02
3436,366.19,365.22,373.55,384.06,389.13,395.95,395.53,397.22,396.68,379.04
3437,366.19,365.23,373.56,384.05,389.12,395.95,395.56,397.24,396.66,379.06
3438,366.2,365.24,373.57,384.06,389.14,395.96,395.59,397.29,396.64,379.08
3439,366.22,365.24,373.57,384.08,389.13,395.97,395.61,397.33,396.63,379.12
3440,366.22,365.26,373.57,384.09,389.13,395.97,395.63,397.35,396.61,379.15
3441,366.23,365.27,373.58,384.09,389.14,395.97,395.65,397.36,396.61,379.15
3442,366.25,365.27,373.58,384.09,389.14,395.97,395.65,397.37,396.61,379.18
3443,366.25,365.28,373.6,384.11,389.15,395.97,395.69,397.41,396.61,379.19
3444,366.25,365.29,373.6,384.12,389.15,395.98,395.7,397.44,396.6,379.2
3445,366.26,365.29,373.61,384.13,389.16,395.98,395.69,397.45,396.59,379.25
3446,366.27,365.3,373.62,384.13,389.16,395.99,395.71,397.44,396.57,379.32
3447,366.28,365.3,373.62,384.13,389.16,395.98,395.71,397.44,396.58,379.38
3448,366.29,365.31,373.62,384.11,389.18,395.98,395.7,397.43,396.59,379.41
3449,366.28,365.31,373.62,384.13,389.18,395.98,395.67,397.42,396.61,379.42
3450,366.29,365.31,373.63,384.13,389.19,395.99,395.66,397.41,396.63,379.43
3451,366.3,365.33,373.63,384.14,389.21,395.98,395.65,397.42,396.64,379.43
3452,366.3,365.32,373.64,384.14,389.21,395.99,395.64,397.41,396.67,379.42
3453,366.31,365.32,373.64,384.14,389.2,395.99,395.64,397.38,396.7,379.44
3454,366.32,365.33,373.66,384.13,389.21,395.98,395.66,397.38,396.76,379.48
3455,366.33,365.35,373.66,384.14,389.21,396.0,395.68,397.38,396.82,379.51
3456,366.34,365.34,373.67,384.14,389.23,396.01,395.69,397.4,396.88,379.56
3457,366.35,365.36,373.68,384.14,389.24,396.01,395.7,397.41,396.91,379.56
3458,366.35,365.36,373.68,384.16,389.23,396.02,395.7,397.41,396.94,379.57
3459,366.35,365.36,373.68,384.15,389.24,396.02,395.72,397.4,396.98,379.57
3460,366.35,365.36,373.68,384.15,389.24,396.03,395.7,397.41,397.02,379.58
3461,366.35,365.36,373.68,384.15,389.24,396.04,395.69,397.42,397.07,379.61
3462,366.36,365.36,373.68,384.15,389.23,396.06,395.69,397.43,397.1,379.62
3463,366.37,365.37,373.69,384.17,389.25,396.06,395.7,397.43,397.15,379.65
3464,366.38,365.39,373.7,384.16,389.26,396.07,395.72,397.46,397.22,379.69
3465,366.39,365.39,373.7,384.18,389.27,396.09,395.75,397.51,397.32,379.72
3466,366.4,365.4,373.71,384.18,389.28,396.09,395.75,397.53,397.36,379.73
3467,366.4,365.41,373.72,384.18,389.29,396.1,395.76,397.54,397.41,379.78
3468,366.41,365.4,373.74,384.17,389.29,396.11,395.77,397.55,397.46,379.8
3469,366.41,365.42,373.74,384.19,389.3,396.13,395.76,397.55,397.49,379.83
3470,366.42,365.42,373.74,384.19,389.3,396.14,395.76,397.55,397.52,379.85
3471,366.42,365.42,373.75,384.2,389.3,396.15,395.76,397.53,397.54,379.87
3472,366.42,365.43,373.76,384.22,389.31,396.16,395.76,397.54,397.56,379.89
3473,366.43,365.44,373.76,384.22,389.32,396.17,395.76,397.55,397.57,379.91
3474,366.43,365.45,373.77,384.23,389.32,396.18,395.76,397.54,397.58,379.92
3475,366.44,365.45,373.77,384.24,389.32,396.19,395.77,397.52,397.58,379.92
3476,366.45,365.45,373.78,384.24,389.33,396.19,395.78,397.49,397.6,379.94
3477,366.46,365.46,373.79,384.24,389.33,396.19,395.79,397.49,397.59,379.96
3478,366.45,365.47,373.79,384.23,389.34,396.2,395.78,397.51,397.58,379.97
3479,366.46,365.46,373.81,384.24,389.35,396.2,395.78,397.54,397.57,380.0
3480,366.47,365.47,373.81,384.25,389.36,396.19,395.77,397.54,397.54,380.02
3481,366.48,365.48,373.82,384.27,389.37,396.19,395.78,397.55,397.5,380.02
3482,366.49,365.5,373.82,384.27,389.38,396.19,395.78,397.56,397.43,380.01
3483,366.49,365.51,373.82,384.28,389.39,396.19,395.81,397.56,397.41,380.01
3484,366.5,365.52,373.83,384.28,389.4,396.18,395.83,397.56,397.42,380.01
3485,366.51,365.52,373.83,384.29,389.39,396.19,395.83,397.56,397.42,380.0
3486,366.51,365.52,373.85,384.29,389.4,396.19,395.85,397.55,397.41,380.03
3487,366.51,365.54,373.86,384.31,389.41,396.2,395.86,397.57,397.41,380.05
3488,366.52,365.54,373.86,384.33,389.41,396.22,395.85,397.6,397.41,380.1
3489,366.52,365.55,373.86,384.34,389.42,396.24,395.85,397.63,397.43,380.13
3490,366.54,365.55,373.86,384.35,389.43,396.25,395.86,397.64,397.44,380.17
3491,366.54,365.57,373.87,384.35,389.45,396.26,395.87,397.64,397.45,380.24
3492,366.55,365.58,373.89,384.35,389.46,396.27,395.89,397.66,397.48,380.3
3493,366.55,365.59,373.9,384.37,389.47,396.27,395.9,397.67,397.48,380.35
3494,366.56,365.59,373.9,384.37,389.47,396.28,395.91,397.65,397.48,380.41
3495,366.57,365.6,373.91,384.36,389.48,396.29,395.93,397.65,397.49,380.47
3496,366.57,365.6,373.92,384.38,389.48,396.29,395.94,397.64,397.48,380.48
3497,366.58,365.61,373.93,384.38,389.49,396.29,395.94,397.64,397.49,380.52
3498,366.58,365.62,373.93,384.39,389.51,396.3,395.97,397.65,397.51,380.54
3499,366.59,365.63,373.93,384.4,389.52,396.31,395.98,397.65,397.51,380.56
3500,366.6,365.63,373.95,384.41,389.52,396.31,396.0,397.65,397.52,380.6
3501,366.61,365.64,373.96,384.42,389.52,396.32,396.04,397.66,397.51,380.64
3502,366.62,365.65,373.96,384.42,389.53,396.31,396.04,397.66,397.5,380.66
3503,366.64,365.66,373.96,384.43,389.53,396.31,396.05,397.68,397.5,380.68
3504,366.65,365.66,373.97,384.44,389.53,396.31,396.08,397.69,397.5,380.7
3505,366.66,365.67,373.98,384.44,389.53,396.31,396.11,397.69,397.49,380.71
3506,366.68,365.69,373.99,384.47,389.54,396.31,396.12,397.72,397.5,380.72
3507,366.67,365.69,373.99,384.46,389.53,396.32,396.13,397.74,397.48,380.73
3508,366.68,365.7,374.0,384.48,389.54,396.33,396.14,397.77,397.48,380.77
3509,366.7,365.7,374.0,384.5,389.54,396.34,396.14,397.79,397.48,380.8
3510,366.71,365.7,374.0,384.51,389.54,396.35,396.14,397.81,397.49,380.82
3511,366.73,365.72,374.01,384.51,389.56,396.36,396.14,397.82,397.52,380.82
3512,366.74,365.73,374.02,384.52,389.56,396.37,396.12,397.82,397.53,380.79
3513,366.73,365.74,374.02,384.53,389.56,396.38,396.09,397.84,397.55,380.79
3514,366.75,365.74,374.03,384.53,389.58,396.39,396.09,397.84,397.56,380.79
3515,366.77,365.76,374.04,384.54,389.58,396.4,396.11,397.84,397.58,380.77
3516,366.77,365.76,374.04,384.53,389.58,396.41,396.12,397.83,397.59,380.78
3517,366.78,365.76,374.06,384.54,389.59,396.42,396.13,397.83,397.59,380.79
3518,366.79,365.77,374.07,384.55,389.6,396.44,396.14,397.83,397.55,380.78
3519,366.8,365.77,374.07,384.56,389.61,396.45,396.12,397.81,397.47,380.8
3520,366.81,365.76,374.07,384.56,389.62,396.46,396.11,397.8,397.39,380.82
3521,366.82,365.77,374.08,384.56,389.62,396.46,396.1,397.77,397.29,380.83
3522,366.83,365.79,374.09,384.57,389.63,396.46,396.09,397.73,397.21,380.83
3523,366.84,365.79,374.09,384.58,389.63,396.47,396.08,397.72,397.12,380.81
3524,366.86,365.8,374.11,384.58,389.64,396.47,396.11,397.72,397.1,380.75
3525,366.85,365.8,374.11,384.58,389.64,396.47,396.1,397.73,397.07,380.69
3526,366.86,365.81,374.12,384.59,389.64,396.47,396.14,397.74,397.09,380.63
3527,366.87,365.82,374.12,384.59,389.64,396.46,396.17,397.74,397.11,380.52
3528,366.88,365.83,374.12,384.6,389.65,396.46,396.17,397.76,397.13,380.46
3529,366.88,365.83,374.13,384.59,389.66,396.44,396.17,397.76,397.13,380.41
3530,366.89,365.84,374.12,384.59,389.65,396.44,396.14,397.78,397.12,380.35
3531,366.9,365.85,374.13,384.59,389.67,396.43,396.13,397.77,397.11,380.3
3532,366.91,365.86,374.14,384.59,389.68,396.43,396.1,397.75,397.11,380.25
3533,366.91,365.86,374.15,384.6,389.67,396.43,396.09,397.74,397.11,380.2
3534,366.92,365.86,374.14,384.61,389.67,396.43,396.09,397.73,397.13,380.16
3535,366.93,365.87,374.15,384.61,389.67,396.43,396.07,397.72,397.15,380.13
3536,366.94,365.89,374.16,384.62,389.67,396.43,396.08,397.72,397.16,380.1
3537,366.95,365.91,374.16,384.63,389.67,396.42,396.07,397.72,397.19,380.06
3538,366.96,365.9,374.17,384.63,389.67,396.43,396.07,397.71,397.22,380.05
3539,366.96,365.9,374.17,384.64,389.67,396.44,396.07,397.7,397.26,380.03
3540,366.96,365.9,374.17,384.64,389.67,396.43,396.07,397.69,397.31,380.04
3541,366.98,365.9,374.18,384.65,389.68,396.44,396.07,397.71,397.35,380.04
3542,366.99,365.92,374.19,384.65,389.69,396.44,396.07,397.73,397.39,380.05
3543,366.99,365.92,374.2,384.66,389.7,396.44,396.08,397.75,397.43,380.07
3544,366.99,365.93,374.22,384.66,389.7,396.44,396.08,397.75,397.46,380.05
3545,367.0,365.94,374.21,384.66,389.71,396.45,396.09,397.75,397.48,380.06
3546,367.0,365.94,374.23,384.67,389.7,396.45,396.09,397.74,397.48,380.06
3547,367.02,365.95,374.23,384.67,389.71,396.46,396.12,397.71,397.49,380.06
3548,367.02,365.96,374.24,384.69,389.72,396.47,396.12,397.73,397.51,380.03
3549,367.03,365.97,374.25,384.69,389.73,396.49,396.15,397.76,397.54,380.03
3550,367.03,365.98,374.26,384.7,389.74,396.49,396.15,397.78,397.54,379.96
3551,367.04,365.99,374.27,384.71,389.74,396.5,396.14,397.79,397.53,379.92
3552,367.05,365.99,374.28,384.72,389.75,396.52,396.15,397.79,397.52,379.86
3553,367.06,366.0,374.28,384.72,389.75,396.52,396.14,397.78,397.5,379.81
3554,367.06,366.01,374.29,384.72,389.77,396.52,396.14,397.77,397.48,379.78
3555,367.08,366.02,374.3,384.73,389.77,396.53,396.15,397.77,397.47,379.76
3556,367.08,366.02,374.31,384.73,389.77,396.53,396.15,397.77,397.47,379.75
3557,367.08,366.02,374.3,384.74,389.77,396.53,396.16,397.79,397.46,379.75
3558,367.1,366.04,374.32,384.75,389.78,396.54,396.18,397.8,397.47,379.74
3559,367.1,366.04,374.33,384.76,389.79,396.55,396.19,397.82,397.46,379.71
3560,367.12,366.05,374.34,384.77,389.79,396.56,396.21,397.83,397.48,379.71
3561,367.13,366.06,374.34,384.77,389.81,396.57,396.24,397.83,397.47,379.71
3562,367.14,366.06,374.35,384.77,389.81,396.58,396.26,397.83,397.48,379.73
3563,367.14,366.07,374.36,384.77,389.82,396.58,396.26,397.83,397.47,379.73
3564,367.15,366.08,374.36,384.79,389.83,396.58,396.28,397.87,397.47,379.75
3565,367.16,366.09,374.37,384.8,389.83,396.59,396.3,397.89,397.5,379.76
3566,367.16,366.11,374.38,384.8,389.84,396.6,396.31,397.94,397.55,379.77
3567,367.16,366.1,374.38,384.81,389.83,396.61,396.3,398.0,397.6,379.79
3568,367.17,366.1,374.38,384.82,389.84,396.62,396.31,398.03,397.68,379.8
3569,367.17,366.12,374.39,384.82,389.84,396.64,396.3,398.07,397.74,379.82
3570,367.18,366.1,374.4,384.82,389.85,396.64,396.31,398.09,397.8,379.85
3571,367.17,366.11,374.41,384.83,389.87,396.66,396.3,398.12,397.84,379.82
3572,367.19,366.13,374.42,384.84,389.89,396.67,396.31,398.16,397.91,379.81
3573,367.19,366.15,374.43,384.85,389.91,396.69,396.3,398.18,397.95,379.78
3574,367.2,366.15,374.44,384.86,389.91,396.7,396.33,398.21,397.97,379.76
3575,367.19,366.15,374.44,384.88,389.93,396.72,396.33,398.23,397.99,379.77
3576,367.2,366.16,374.45,384.89,389.94,396.73,396.37,398.24,398.0,379.8
3577,367.19,366.16,374.45,384.9,389.95,396.75,396.4,398.25,398.02,379.84
3578,367.2,366.17,374.46,384.9,389.96,396.76,396.42,398.26,398.03,379.89
3579,367.2,366.16,374.46,384.9,389.96,396.77,396.45,398.27,398.04,379.94
3580,367.2,366.17,374.47,384.9,389.97,396.78,396.49,398.28,398.06,379.98
3581,367.2,366.18,374.47,384.92,389.97,396.8,396.47,398.28,398.04,380.0
3582,367.2,366.18,374.47,384.92,389.97,396.79,396.45,398.29,398.03,380.01
3583,367.21,366.19,374.47,384.92,389.98,396.8,396.44,398.28,398.03,380.02
3584,367.22,366.2,374.48,384.92,389.99,396.79,396.46,398.29,398.06,380.05
3585,367.22,366.21,374.47,384.92,389.99,396.8,396.48,398.3,398.08,380.06
3586,367.23,366.21,374.48,384.93,389.99,396.8,396.48,398.35,398.11,380.09
3587,367.23,366.23,374.5,384.92,390.0,396.8,396.5,398.37,398.12,380.12
3588,367.25,366.23,374.5,384.93,390.01,396.79,396.51,398.38,398.15,380.16
3589,367.25,366.24,374.5,384.92,390.01,396.79,396.5,398.39,398.15,380.21
3590,367.26,366.24,374.51,384.93,390.01,396.79,396.48,398.4,398.15,380.3
3591,367.26,366.25,374.52,384.93,390.01,396.78,396.44,398.39,398.17,380.41
3592,367.28,366.25,374.51,384.93,390.01,396.78,396.44,398.37,398.18,380.48
3593,367.28,366.26,374.51,384.94,390.0,396.77,396.43,398.35,398.17,380.53
3594,367.28,366.27,374.53,384.94,390.0,396.78,396.44,398.32,398.19,380.59
3595,367.3,366.27,374.54,384.94,390.0,396.78,396.44,398.3,398.17,380.62
3596,367.31,366.27,374.53,384.95,390.01,396.78,396.45,398.27,398.13,380.64
3597,367.32,366.27,374.53,384.95,390.01,396.78,396.44,398.25,398.07,380.67
3598,367.33,366.28,374.55,384.95,390.02,396.78,396.42,398.21,398.01,380.69
3599,367.34,366.29,374.55,384.96,390.02,396.78,396.38,398.18,397.94,380.69
3600,367.35,366.3,374.57,384.96,390.02,396.79,396.36,398.15,397.87,380.7
3601,367.38,366.31,374.57,384.96,390.02,396.78,396.36,398.14,397.86,380.71
3602,367.38,366.31,374.59,384.96,390.02,396.78,396.35,398.11,397.85,380.7
3603,367.4,366.33,374.6,384.96,390.02,396.77,396.35,398.09,397.85,380.69
3604,367.4,366.33,374.61,384.98,390.02,396.78,396.33,398.07,397.87,380.67
3605,367.42,366.33,374.6,384.98,390.02,396.78,396.32,398.07,397.89,380.65
3606,367.42,366.33,374.6,384.98,390.02,396.77,396.31,398.05,397.9,380.61
3607,367.45,366.34,374.61,385.0,390.03,396.77,396.31,398.04,397.94,380.59
3608,367.45,366.34,374.62,384.99,390.03,396.77,396.31,398.02,397.98,380.56
3609,367.47,366.35,374.62,384.99,390.03,396.77,396.31,398.01,398.0,380.55
3610,367.48,366.35,374.63,384.99,390.04,396.77,396.29,398.0,397.99,380.57
3611,367.48,366.36,374.63,385.01,390.04,396.77,396.3,398.0,397.96,380.62
3612,367.49,366.38,374.64,385.01,390.04,396.78,396.29,398.02,397.92,380.69
3613,367.49,366.38,374.64,385.02,390.04,396.78,396.28,398.04,397.88,380.76
3614,367.51,366.39,374.64,385.02,390.03,396.78,396.29,398.06,397.84,380.85
3615,367.52,366.4,374.65,385.02,390.05,396.78,396.31,398.06,397.8,380.9
3616,367.53,366.41,374.66,385.03,390.06,396.78,396.33,398.07,397.74,380.93
3617,367.56,366.43,374.67,385.03,390.06,396.78,396.37,398.07,397.67,380.94
3618,367.56,366.43,374.68,385.03,390.07,396.78,396.39,398.08,397.61,380.94
3619,367.57,366.44,374.68,385.04,390.07,396.78,396.4,398.1,397.57,380.92
3620,367.57,366.44,374.68,385.05,390.06,396.79,396.37,398.1,397.54,380.91
3621,367.58,366.43,374.69,385.05,390.07,396.79,396.36,398.1,397.56,380.9
3622,367.59,366.44,374.7,385.06,390.07,396.8,396.35,398.1,397.57,380.86
3623,367.6,366.45,374.71,385.08,390.07,396.79,396.35,398.1,397.6,380.87
3624,367.61,366.45,374.71,385.08,390.07,396.8,396.36,398.1,397.61,380.86
3625,367.62,366.45,374.71,385.08,390.09,396.8,396.35,398.08,397.65,380.87
3626,367.63,366.47,374.73,385.09,390.1,396.8,396.32,398.08,397.71,380.89
3627,367.65,366.49,374.75,385.09,390.13,396.8,396.28,398.09,397.78,380.88
3628,367.65,366.49,374.75,385.1,390.12,396.8,396.28,398.1,397.82,380.88
3629,367.65,366.5,374.76,385.12,390.13,396.81,396.29,398.09,397.86,380.84
3630,367.66,366.5,374.75,385.14,390.14,396.83,396.3,398.08,397.87,380.8
3631,367.66,366.51,374.76,385.14,390.15,396.84,396.32,398.07,397.87,380.79
3632,367.67,366.52,374.77,385.14,390.16,396.83,396.35,398.08,397.89,380.78
3633,367.67,366.53,374.76,385.15,390.15,396.84,396.38,398.09,397.9,380.75
3634,367.67,366.52,374.78,385.16,390.16,396.85,396.4,398.12,397.93,380.76
3635,367.7,366.54,374.79,385.17,390.18,396.85,396.45,398.15,397.97,380.76
3636,367.7,366.55,374.8,385.17,390.19,396.87,396.49,398.18,398.0,380.78
3637,367.7,366.56,374.81,385.18,390.2,396.88,396.51,398.21,398.02,380.79
3638,367.72,366.56,374.8,385.2,390.21,396.9,396.52,398.23,398.05,380.79
3639,367.72,366.58,374.82,385.2,390.22,396.92,396.55,398.26,398.07,380.79
3640,367.73,366.58,374.81,385.2,390.21,396.93,396.56,398.28,398.07,380.78
3641,367.74,366.58,374.83,385.21,390.23,396.95,396.57,398.29,398.09,380.76
3642,367.75,366.59,374.84,385.21,390.23,396.96,396.58,398.29,398.08,380.7
3643,367.77,366.61,374.84,385.23,390.24,396.97,396.59,398.32,398.07,380.66
3644,367.78,366.62,374.86,385.24,390.26,396.98,396.58,398.33,398.03,380.6
3645,367.78,366.63,374.86,385.25,390.26,396.99,396.54,398.34,397.96,380.55
3646,367.79,366.64,374.87,385.25,390.27,397.01,396.54,398.35,397.89,380.55
3647,367.8,366.65,374.87,385.25,390.27,397.0,396.53,398.34,397.83,380.52
3648,367.8,366.66,374.87,385.26,390.28,397.0,396.54,398.34,397.76,380.52
3649,367.81,366.68,374.88,385.27,390.28,397.0,396.57,398.32,397.71,380.52
3650,367.83,366.68,374.88,385.28,390.29,397.0,396.59,398.32,397.67,380.52
3651,367.83,366.68,374.87,385.29,390.29,397.0,396.58,398.32,397.66,380.5
3652,367.83,366.69,374.88,385.28,390.3,396.98,396.59,398.31,397.67,380.51
3653,367.83,366.7,374.89,385.27,390.29,396.98,396.6,398.31,397.73,380.53
3654,367.83,366.7,374.9,385.26,390.3,396.98,396.6,398.3,397.81,380.58
3655,367.84,366.71,374.9,385.27,390.3,396.98,396.61,398.3,397.85,380.61
3656,367.83,366.71,374.9,385.25,390.28,396.97,396.6,398.29,397.88,380.62
3657,367.85,366.71,374.91,385.26,390.28,396.98,396.62,398.29,397.92,380.65
3658,367.86,366.73,374.9,385.26,390.29,396.98,396.63,398.3,397.95,380.64
3659,367.86,366.73,374.92,385.27,390.29,396.98,396.61,398.3,397.94,380.65
3660,367.86,366.72,374.92,385.27,390.28,396.98,396.63,398.29,397.94,380.65
3661,367.88,366.73,374.91,385.27,390.29,396.98,396.6,398.27,397.93,380.65
3662,367.89,366.74,374.93,385.29,390.29,396.98,396.6,398.28,397.91,380.68
3663,367.9,366.74,374.93,385.29,390.29,396.97,396.59,398.28,397.88,380.7
3664,367.91,366.75,374.94,385.29,390.29,396.97,396.59,398.29,397.88,380.72
3665,367.92,366.77,374.96,385.29,390.3,396.96,396.58,398.3,397.87,380.73
3666,367.92,366.76,374.95,385.29,390.31,396.96,396.58,398.3,397.85,380.74
3667,367.93,366.77,374.96,385.28,390.31,396.96,396.59,398.29,397.85,380.77
3668,367.93,366.78,374.96,385.28,390.32,396.96,396.59,398.28,397.87,380.77
3669,367.94,366.79,374.97,385.29,390.32,396.97,396.6,398.29,397.91,380.77
3670,367.95,366.79,374.98,385.29,390.33,396.98,396.61,398.31,397.94,380.77
3671,367.97,366.81,374.98,385.3,390.33,396.99,396.63,398.33,397.99,380.76
3672,367.97,366.81,374.99,385.3,390.33,397.0,396.64,398.35,398.02,380.78
3673,367.98,366.81,374.99,385.31,390.33,397.0,396.64,398.34,398.03,380.77
3674,367.98,366.82,374.99,385.31,390.34,397.0,396.64,398.35,398.08,380.8
3675,368.0,366.83,375.01,385.32,390.34,397.0,396.63,398.36,398.11,380.82
3676,368.01,366.83,375.01,385.33,390.35,397.0,396.64,398.36,398.15,380.83
3677,368.02,366.84,375.01,385.35,390.36,397.01,396.64,398.37,398.18,380.84
3678,368.03,366.84,375.03,385.36,390.36,397.02,396.67,398.37,398.23,380.85
3679,368.04,366.85,375.02,385.37,390.35,397.03,396.71,398.39,398.27,380.86
3680,368.05,366.86,375.03,385.37,390.36,397.04,396.75,398.39,398.31,380.88
3681,368.05,366.87,375.04,385.4,390.37,397.06,396.79,398.44,398.32,380.91
3682,368.06,366.89,375.04,385.41,390.38,397.07,396.78,398.5,398.33,380.95
3683,368.07,366.89,375.04,385.41,390.38,397.08,396.8,398.53,398.35,380.96
3684,368.08,366.91,375.04,385.42,390.39,397.1,396.81,398.55,398.37,380.98
3685,368.08,366.91,375.05,385.43,390.4,397.12,396.8,398.56,398.36,380.98
3686,368.09,366.91,375.05,385.45,390.4,397.14,396.81,398.58,398.36,380.97
3687,368.1,366.92,375.06,385.45,390.42,397.14,396.83,398.59,398.36,380.96
3688,368.11,366.93,375.08,385.47,390.44,397.16,396.85,398.63,398.39,380.98
3689,368.12,366.94,375.1,385.47,390.45,397.16,396.89,398.64,398.42,380.98
3690,368.12,366.95,375.09,385.48,390.47,397.17,396.9,398.67,398.45,381.0
3691,368.13,366.95,375.11,385.48,390.47,397.17,396.91,398.69,398.49,381.01
3692,368.12,366.96,375.11,385.49,390.48,397.18,396.91,398.71,398.52,381.01
3693,368.14,366.96,375.12,385.48,390.49,397.19,396.91,398.73,398.56,381.02
3694,368.14,366.96,375.14,385.48,390.5,397.19,396.9,398.73,398.6,381.02
3695,368.15,366.97,375.15,385.49,390.5,397.2,396.89,398.74,398.62,381.02
3696,368.15,366.98,375.15,385.49,390.5,397.21,396.87,398.74,398.66,381.0
3697,368.16,366.98,375.16,385.49,390.52,397.21,396.88,398.74,398.69,381.03
3698,368.18,367.0,375.16,385.49,390.52,397.21,396.89,398.73,398.72,381.06
3699,368.2,367.01,375.15,385.49,390.52,397.21,396.89,398.72,398.74,381.11
3700,368.19,367.01,375.17,385.5,390.52,397.22,396.91,398.72,398.76,381.15
3701,368.19,367.02,375.18,385.5,390.53,397.22,396.89,398.74,398.77,381.2
3702,368.21,367.03,375.18,385.51,390.53,397.24,396.88,398.73,398.77,381.22
3703,368.21,367.02,375.18,385.52,390.53,397.25,396.88,398.7,398.74,381.26
3704,368.22,367.03,375.19,385.54,390.53,397.25,396.9,398.66,398.7,381.28
3705,368.22,367.05,375.19,385.55,390.54,397.24,396.89,398.63,398.64,381.27
3706,368.24,367.05,375.19,385.55,390.54,397.25,396.89,398.62,398.6,381.26
3707,368.26,367.08,375.21,385.56,390.56,397.25,396.87,398.62,398.57,381.27
3708,368.27,367.09,375.22,385.57,390.58,397.25,396.83,398.61,398.54,381.25
3709,368.27,367.1,375.23,385.58,390.58,397.25,396.81,398.6,398.52,381.25
3710,368.28,367.1,375.23,385.59,390.58,397.25,396.8,398.59,398.51,381.25
3711,368.3,367.12,375.25,385.61,390.6,397.25,396.82,398.56,398.52,381.27
3712,368.32,367.13,375.25,385.62,390.6,397.25,396.81,398.53,398.52,381.31
3713,368.32,367.13,375.27,385.63,390.6,397.26,396.83,398.54,398.52,381.34
3714,368.34,367.16,375.28,385.64,390.62,397.26,396.83,398.54,398.51,381.39
3715,368.34,367.15,375.29,385.63,390.62,397.26,396.84,398.54,398.48,381.43
3716,368.37,367.16,375.3,385.64,390.62,397.27,396.83,398.55,398.46,381.47
3717,368.39,367.17,375.32,385.65,390.64,397.26,396.85,398.54,398.45,381.48
3718,368.4,367.19,375.33,385.65,390.65,397.26,396.84,398.51,398.45,381.48
3719,368.41,367.19,375.33,385.66,390.65,397.26,396.84,398.51,398.45,381.47
3720,368.42,367.19,375.34,385.67,390.66,397.28,396.81,398.5,398.45,381.46
3721,368.43,367.19,375.35,385.67,390.66,397.29,396.82,398.5,398.45,381.45
3722,368.44,367.21,375.35,385.68,390.67,397.29,396.8,398.48,398.43,381.44
3723,368.45,367.22,375.36,385.68,390.69,397.29,396.79,398.48,398.42,381.43
3724,368.46,367.23,375.37,385.69,390.69,397.3,396.78,398.47,398.38,381.42
3725,368.47,367.24,375.37,385.7,390.7,397.3,396.78,398.48,398.34,381.4
3726,368.47,367.24,375.37,385.7,390.7,397.31,396.79,398.49,398.34,381.36
3727,368.48,367.26,375.39,385.71,390.71,397.3,396.8,398.52,398.35,381.31
3728,368.5,367.26,375.39,385.73,390.72,397.31,396.84,398.55,398.37,381.27
3729,368.5,367.27,375.4,385.74,390.72,397.31,396.86,398.56,398.39,381.25
3730,368.51,367.27,375.41,385.73,390.73,397.31,396.88,398.6,398.4,381.23
3731,368.52,367.27,375.42,385.75,390.74,397.32,396.91,398.65,398.4,381.21
3732,368.53,367.28,375.42,385.75,390.73,397.32,396.95,398.68,398.44,381.2
3733,368.54,367.28,375.42,385.76,390.74,397.32,396.96,398.7,398.47,381.21
3734,368.55,367.29,375.44,385.76,390.75,397.32,396.97,398.7,398.5,381.28
3735,368.56,367.31,375.44,385.77,390.75,397.32,396.96,398.7,398.51,381.31
3736,368.57,367.32,375.45,385.78,390.77,397.32,396.95,398.7,398.51,381.32
3737,368.58,367.33,375.46,385.79,390.77,397.33,396.94,398.68,398.49,381.32
3738,368.58,367.34,375.45,385.8,390.78,397.33,396.9,398.68,398.47,381.3
3739,368.59,367.35,375.47,385.8,390.78,397.34,396.86,398.68,398.47,381.28
3740,368.6,367.34,375.47,385.81,390.78,397.34,396.83,398.68,398.44,381.23
3741,368.61,367.36,375.49,385.82,390.8,397.35,396.8,398.67,398.43,381.22
3742,368.61,367.35,375.49,385.83,390.8,397.35,396.79,398.65,398.41,381.22
3743,368.62,367.37,375.49,385.84,390.81,397.35,396.78,398.65,398.39,381.27
3744,368.63,367.37,375.5,385.85,390.82,397.36,396.81,398.65,398.38,381.33
3745,368.64,367.39,375.51,385.86,390.82,397.38,396.83,398.66,398.38,381.35
3746,368.65,367.4,375.5,385.86,390.82,397.38,396.85,398.68,398.38,381.35
3747,368.66,367.4,375.52,385.88,390.83,397.39,396.86,398.69,398.37,381.36
3748,368.67,367.42,375.53,385.88,390.84,397.39,396.89,398.7,398.34,381.33
3749,368.68,367.42,375.53,385.89,390.84,397.4,396.91,398.7,398.31,381.31
3750,368.68,367.43,375.54,385.89,390.84,397.4,396.93,398.69,398.3,381.3
3751,368.68,367.42,375.54,385.9,390.85,397.4,396.95,398.7,398.3,381.26
3752,368.71,367.45,375.54,385.91,390.86,397.41,396.99,398.71,398.3,381.23
3753,368.72,367.45,375.54,385.92,390.86,397.42,397.0,398.7,398.29,381.21
3754,368.73,367.46,375.55,385.93,390.86,397.42,397.02,398.67,398.28,381.19
3755,368.74,367.46,375.55,385.93,390.87,397.42,397.04,398.65,398.26,381.18
3756,368.76,367.46,375.56,385.93,390.88,397.42,397.03,398.65,398.25,381.16
3757,368.76,367.46,375.58,385.94,390.89,397.44,397.03,398.64,398.22,381.18
3758,368.77,367.48,375.59,385.94,390.89,397.44,397.03,398.64,398.2,381.18
3759,368.78,367.48,375.59,385.94,390.9,397.44,397.02,398.64,398.17,381.19
3760,368.79,367.48,375.61,385.94,390.9,397.43,397.01,398.62,398.14,381.22
3761,368.81,367.5,375.62,385.93,390.91,397.44,397.01,398.6,398.09,381.27
3762,368.82,367.51,375.62,385.93,390.9,397.45,396.99,398.58,398.02,381.3
3763,368.83,367.51,375.62,385.93,390.89,397.45,396.99,398.56,397.98,381.3
3764,368.84,367.53,375.63,385.93,390.91,397.47,396.99,398.56,397.96,381.33
3765,368.85,367.52,375.62,385.94,390.9,397.46,396.99,398.57,397.94,381.32
3766,368.85,367.52,375.63,385.93,390.91,397.46,396.98,398.6,397.94,381.32
3767,368.87,367.53,375.64,385.95,390.91,397.47,397.0,398.62,397.97,381.31
3768,368.87,367.55,375.64,385.94,390.92,397.47,396.99,398.63,397.98,381.27
3769,368.89,367.55,375.65,385.95,390.93,397.48,396.99,398.63,398.03,381.24
3770,368.9,367.57,375.66,385.95,390.92,397.49,397.0,398.61,398.1,381.17
3771,368.91,367.57,375.67,385.96,390.93,397.49,397.0,398.59,398.15,381.12
3772,368.92,367.58,375.68,385.97,390.93,397.51,396.99,398.6,398.19,381.06
3773,368.94,367.58,375.68,385.97,390.94,397.52,397.0,398.59,398.25,381.01
3774,368.94,367.59,375.68,385.97,390.93,397.53,397.0,398.59,398.28,380.95
3775,368.95,367.59,375.69,385.97,390.94,397.54,397.01,398.61,398.34,380.92
3776,368.96,367.6,375.69,385.99,390.94,397.55,397.02,398.62,398.39,380.91
3777,368.97,367.61,375.7,385.98,390.95,397.55,397.02,398.63,398.43,380.9
3778,368.98,367.62,375.71,385.99,390.97,397.55,397.02,398.65,398.45,380.91
3779,368.99,367.62,375.71,386.0,390.96,397.56,396.99,398.67,398.47,380.94
3780,369.0,367.63,375.73,386.01,390.98,397.56,396.99,398.68,398.48,380.95
3781,369.01,367.64,375.73,386.01,390.98,397.57,396.98,398.68,398.48,380.96
3782,369.03,367.64,375.74,386.02,390.99,397.58,396.97,398.7,398.46,380.97
3783,369.04,367.64,375.75,386.03,390.99,397.58,396.98,398.7,398.46,380.99
3784,369.05,367.66,375.75,386.04,391.01,397.59,396.98,398.71,398.45,380.99
3785,369.06,367.66,375.77,386.05,391.01,397.6,396.96,398.71,398.46,380.99
3786,369.07,367.67,375.78,386.06,391.02,397.61,396.94,398.7,398.47,380.99
3787,369.08,367.68,375.78,386.07,391.04,397.62,396.95,398.68,398.48,381.0
3788,369.1,367.7,375.79,386.08,391.05,397.63,396.99,398.65,398.52,381.01
3789,369.1,367.71,375.8,386.09,391.06,397.64,397.06,398.64,398.54,381.06
3790,369.11,367.71,375.81,386.09,391.06,397.66,397.1,398.67,398.53,381.06
3791,369.12,367.72,375.81,386.11,391.06,397.68,397.14,398.73,398.51,381.08
3792,369.12,367.73,375.82,386.11,391.07,397.68,397.13,398.77,398.47,381.1
3793,369.12,367.73,375.83,386.12,391.07,397.7,397.12,398.83,398.41,381.1
3794,369.13,367.74,375.83,386.12,391.08,397.71,397.11,398.86,398.35,381.09
3795,369.13,367.73,375.84,386.13,391.09,397.71,397.1,398.86,398.29,381.07
3796,369.15,367.75,375.85,386.13,391.11,397.7,397.11,398.85,398.26,381.02
3797,369.15,367.76,375.86,386.14,391.12,397.69,397.12,398.83,398.25,380.93
3798,369.15,367.77,375.87,386.14,391.11,397.68,397.13,398.81,398.23,380.86
3799,369.17,367.78,375.87,386.15,391.12,397.68,397.14,398.82,398.24,380.82
3800,369.17,367.79,375.88,386.14,391.12,397.67,397.14,398.81,398.26,380.79
3801,369.17,367.78,375.88,386.13,391.12,397.66,397.15,398.8,398.26,380.73
3802,369.17,367.79,375.88,386.13,391.12,397.65,397.14,398.8,398.28,380.68
3803,369.18,367.79,375.9,386.13,391.12,397.64,397.14,398.79,398.32,380.65
3804,369.19,367.8,375.9,386.14,391.13,397.64,397.15,398.79,398.38,380.63
3805,369.19,367.81,375.9,386.14,391.13,397.63,397.16,398.78,398.43,380.64
3806,369.19,367.8,375.89,386.14,391.12,397.62,397.16,398.77,398.5,380.65
3807,369.2,367.8,375.89,386.14,391.11,397.63,397.16,398.79,398.54,380.7
3808,369.2,367.81,375.9,386.13,391.12,397.62,397.18,398.8,398.56,380.73
3809,369.21,367.83,375.91,386.14,391.13,397.61,397.18,398.8,398.57,380.77
3810,369.23,367.83,375.91,386.14,391.12,397.62,397.2,398.81,398.57,380.8
3811,369.24,367.86,375.92,386.16,391.13,397.61,397.2,398.83,398.56,380.8
3812,369.25,367.87,375.92,386.17,391.13,397.62,397.23,398.84,398.57,380.81
3813,369.26,367.87,375.93,386.19,391.14,397.62,397.24,398.86,398.57,380.8
3814,369.27,367.88,375.94,386.2,391.13,397.63,397.25,398.87,398.57,380.79
3815,369.29,367.9,375.95,386.21,391.14,397.63,397.26,398.87,398.59,380.82
3816,369.31,367.92,375.96,386.22,391.15,397.63,397.28,398.87,398.61,380.82
3817,369.32,367.92,375.96,386.24,391.16,397.64,397.26,398.87,398.62,380.81
3818,369.31,367.92,375.96,386.24,391.16,397.63,397.27,398.88,398.63,380.8
3819,369.33,367.93,375.97,386.27,391.16,397.63,397.28,398.88,398.64,380.79
3820,369.34,367.93,375.96,386.26,391.16,397.63,397.26,398.87,398.62,380.8
3821,369.35,367.94,375.98,386.27,391.17,397.64,397.29,398.84,398.59,380.81
3822,369.35,367.95,375.99,386.26,391.17,397.65,397.27,398.84,398.55,380.81
3823,369.36,367.97,376.0,386.27,391.18,397.66,397.23,398.83,398.53,380.8
3824,369.38,367.97,376.0,386.27,391.18,397.67,397.2,398.83,398.51,380.8
3825,369.39,367.99,376.02,386.27,391.2,397.67,397.18,398.79,398.53,380.79
3826,369.41,368.0,376.03,386.26,391.2,397.68,397.16,398.74,398.53,380.8
3827,369.4,367.99,376.03,386.26,391.19,397.69,397.15,398.71,398.55,380.8
3828,369.42,367.99,376.02,386.26,391.21,397.7,397.16,398.68,398.56,380.82
3829,369.42,368.0,376.03,386.26,391.21,397.71,397.16,398.65,398.58,380.85
3830,369.44,368.0,376.04,386.27,391.21,397.71,397.17,398.64,398.59,380.88
3831,369.45,368.02,376.05,386.28,391.21,397.72,397.19,398.64,398.61,380.91
3832,369.46,368.02,376.05,386.29,391.22,397.71,397.2,398.67,398.6,380.95
3833,369.47,368.02,376.05,386.3,391.22,397.72,397.2,398.73,398.58,380.99
3834,369.49,368.03,376.07,386.3,391.23,397.71,397.19,398.75,398.54,381.04
3835,369.51,368.03,376.08,386.32,391.24,397.71,397.2,398.79,398.51,381.06
3836,369.51,368.05,376.09,386.3,391.24,397.7,397.23,398.78,398.48,381.06
3837,369.52,368.05,376.1,386.31,391.24,397.69,397.24,398.77,398.45,381.06
3838,369.53,368.06,376.11,386.31,391.26,397.7,397.26,398.77,398.42,381.03
3839,369.53,368.06,376.11,386.3,391.26,397.69,397.28,398.81,398.41,380.99
3840,369.54,368.07,376.1,386.31,391.25,397.69,397.28,398.84,398.4,380.94
3841,369.55,368.09,376.12,386.31,391.26,397.69,397.28,398.89,398.41,380.91
3842,369.56,368.1,376.12,386.32,391.27,397.69,397.3,398.92,398.45,380.88
3843,369.57,368.1,376.11,386.33,391.26,397.69,397.27,398.94,398.47,380.86
3844,369.58,368.11,376.13,386.34,391.28,397.7,397.29,398.97,398.5,380.87
3845,369.58,368.13,376.13,386.35,391.29,397.7,397.29,398.99,398.52,380.87
3846,369.59,368.12,376.14,386.36,391.29,397.72,397.29,399.0,398.55,380.88
3847,369.6,368.12,376.14,386.38,391.29,397.72,397.32,399.0,398.58,380.87
3848,369.61,368.12,376.15,386.38,391.3,397.73,397.32,399.0,398.63,380.85
3849,369.62,368.12,376.16,386.39,391.31,397.72,397.35,399.0,398.65,380.85
3850,369.62,368.13,376.16,386.4,391.31,397.74,397.38,399.01,398.69,380.85
3851,369.64,368.15,376.19,386.41,391.33,397.75,397.43,399.03,398.73,380.86
3852,369.65,368.16,376.2,386.42,391.34,397.76,397.45,399.04,398.74,380.89
3853,369.65,368.16,376.19,386.43,391.34,397.78,397.44,399.05,398.72,380.91
3854,369.65,368.17,376.2,386.45,391.35,397.78,397.41,399.05,398.7,380.94
3855,369.66,368.18,376.2,386.46,391.36,397.8,397.42,399.04,398.7,380.97
3856,369.66,368.19,376.22,386.45,391.38,397.79,397.44,399.04,398.69,380.99
3857,369.67,368.2,376.22,386.47,391.38,397.81,397.43,399.05,398.7,380.98
3858,369.67,368.2,376.23,386.46,391.38,397.81,397.43,399.04,398.71,381.0
3859,369.68,368.2,376.24,386.46,391.39,397.82,397.44,399.05,398.73,381.03
3860,369.69,368.21,376.25,386.47,391.39,397.83,397.44,399.06,398.76,381.06
3861,369.68,368.21,376.26,386.49,391.4,397.84,397.45,399.07,398.79,381.1
3862,369.69,368.22,376.25,386.51,391.4,397.84,397.47,399.08,398.84,381.13
3863,369.7,368.23,376.26,386.51,391.41,397.85,397.48,399.11,398.89,381.21
3864,369.72,368.24,376.27,386.52,391.41,397.87,397.52,399.16,398.95,381.27
3865,369.72,368.25,376.28,386.53,391.42,397.87,397.55,399.21,399.01,381.32
3866,369.73,368.25,376.28,386.55,391.42,397.89,397.56,399.26,399.05,381.36
3867,369.74,368.27,376.3,386.55,391.45,397.9,397.59,399.28,399.09,381.39
3868,369.74,368.28,376.31,386.56,391.46,397.92,397.61,399.31,399.12,381.4
3869,369.75,368.29,376.31,386.57,391.46,397.93,397.62,399.31,399.15,381.43
3870,369.76,368.31,376.32,386.56,391.48,397.93,397.59,399.34,399.19,381.48
3871,369.75,368.3,376.33,386.57,391.49,397.93,397.55,399.35,399.21,381.48
3872,369.76,368.3,376.34,386.58,391.48,397.95,397.55,399.37,399.23,381.53
3873,369.75,368.31,376.34,386.59,391.49,397.95,397.54,399.35,399.25,381.54
3874,369.76,368.3,376.35,386.6,391.48,397.95,397.53,399.31,399.24,381.57
3875,369.78,368.31,376.35,386.61,391.49,397.96,397.52,399.26,399.2,381.59
3876,369.78,368.32,376.35,386.61,391.5,397.96,397.52,399.24,399.16,381.63
3877,369.8,368.34,376.36,386.61,391.51,397.96,397.51,399.23,399.12,381.73
3878,369.81,368.35,376.36,386.6,391.51,397.95,397.51,399.25,399.08,381.79
3879,369.82,368.35,376.36,386.61,391.51,397.94,397.49,399.27,399.06,381.82
3880,369.83,368.35,376.37,386.61,391.52,397.94,397.47,399.26,399.05,381.84
3881,369.84,368.37,376.38,386.62,391.52,397.94,397.46,399.23,399.03,381.83
3882,369.86,368.37,376.39,386.62,391.53,397.94,397.46,399.2,399.01,381.83
3883,369.87,368.38,376.4,386.62,391.54,397.94,397.45,399.19,399.0,381.82
3884,369.88,368.38,376.41,386.63,391.54,397.94,397.44,399.16,398.99,381.8
3885,369.89,368.39,376.43,386.62,391.53,397.93,397.42,399.15,398.97,381.8
3886,369.91,368.39,376.42,386.63,391.55,397.94,397.43,399.13,398.96,381.77
3887,369.92,368.4,376.43,386.63,391.54,397.93,397.41,399.12,398.93,381.8
3888,369.94,368.41,376.43,386.63,391.54,397.93,397.38,399.05,398.83,381.82
3889,369.95,368.39,376.43,386.6,391.53,397.89,397.28,398.83,398.63,381.8
3890,369.95,368.35,376.41,386.56,391.49,397.86,397.16,398.67,398.34,381.71
3891,369.94,368.3,376.37,386.5,391.43,397.79,397.03,398.44,398.03,381.56
3892,369.91,368.26,376.35,386.43,391.38,397.72,396.91,398.21,397.73,381.39
3893,369.88,368.22,376.32,386.35,391.32,397.65,396.82,398.0,397.41,381.19
3894,369.86,368.18,376.3,386.28,391.26,397.57,396.72,397.83,397.09,380.98
3895,369.8,368.13,376.27,386.21,391.18,397.48,396.59,397.67,396.51,380.6
3896,369.73,368.07,376.23,386.16,391.08,397.4,396.46,397.52,395.71,380.13
3897,369.68,368.04,376.22,386.12,391.04,397.35,396.39,397.44,395.08,379.81
3898,369.63,368.03,376.2,386.06,391.0,397.27,396.33,397.33,394.47,379.5
3899,369.59,368.01,376.19,386.0,390.94,397.19,396.26,397.22,393.82,379.21
3900,369.54,367.99,376.17,385.95,390.9,397.12,396.2,397.1,393.27,378.93
3901,369.48,367.97,376.16,385.9,390.86,397.03,396.14,396.99,392.85,378.67
3902,369.42,367.95,376.13,385.87,390.81,396.97,396.08,396.91,392.54,378.43
3903,369.37,367.94,376.11,385.83,390.78,396.9,396.03,396.81,392.34,378.2
3904,369.31,367.91,376.09,385.82,390.72,396.86,395.95,396.72,392.19,377.95
3905,369.22,367.9,376.08,385.79,390.68,396.79,395.85,396.54,391.93,377.58
3906,369.14,367.88,376.07,385.77,390.63,396.73,395.66,396.4,391.65,377.2
3907,369.09,367.87,376.07,385.73,390.6,396.66,395.57,396.27,391.55,376.93
3908,369.03,367.87,376.06,385.71,390.59,396.6,395.49,396.07,391.48,376.68
3909,368.97,367.84,376.04,385.68,390.57,396.54,395.38,395.74,391.34,376.43
3910,368.92,367.83,376.04,385.67,390.56,396.49,395.15,395.51,391.14,376.21
3911,368.87,367.82,376.03,385.66,390.55,396.46,394.99,395.41,390.9,376.02
3912,368.82,367.83,376.03,385.64,390.54,396.42,394.81,395.32,390.74,375.85
3913,368.76,367.82,376.02,385.63,390.53,396.38,394.71,395.27,390.65,375.69
3914,368.69,367.84,376.02,385.61,390.5,396.33,394.64,395.22,390.86,375.51
3915,368.62,367.84,376.03,385.6,390.48,396.28,394.62,395.14,391.21,375.33
3916,368.56,367.83,376.02,385.57,390.46,396.23,394.6,395.03,391.45,375.2
3917,368.52,367.84,376.03,385.56,390.44,396.18,394.58,394.98,391.69,375.08
3918,368.46,367.83,376.02,385.56,390.42,396.16,394.54,394.96,391.89,374.93
3919,368.41,367.84,376.01,385.54,390.39,396.11,394.49,394.92,392.01,374.74
3920,368.36,367.83,376.02,385.53,390.37,396.07,394.41,394.87,392.05,374.58
3921,368.31,367.83,376.02,385.53,390.34,396.03,394.34,394.83,392.04,374.43
3922,368.27,367.83,376.04,385.53,390.32,395.99,394.27,394.78,392.01,374.27
3923,368.2,367.85,376.04,385.53,390.29,395.94,394.19,394.69,392.05,373.96
3924,368.13,367.85,376.03,385.54,390.27,395.88,394.12,394.61,392.05,373.59
3925,368.08,367.84,376.02,385.55,390.26,395.84,394.1,394.55,391.9,373.32
3926,368.04,367.84,376.0,385.56,390.26,395.78,394.07,394.49,391.76,373.04
3927,367.98,367.83,375.99,385.56,390.27,395.72,394.04,394.44,391.64,372.79
3928,367.94,367.84,376.0,385.57,390.3,395.63,394.01,394.4,391.54,372.55
3929,367.9,367.85,375.99,385.57,390.34,395.57,393.98,394.36,391.47,372.28
3930,367.86,367.85,375.98,385.56,390.36,395.5,393.92,394.29,391.38,372.04
3931,367.81,367.87,375.99,385.54,390.4,395.44,393.83,394.22,391.27,371.8
3932,367.74,367.9,376.0,385.54,390.46,395.4,393.72,394.18,390.88,371.52
3933,367.69,367.93,376.04,385.5,390.53,395.33,393.63,394.13,390.61,371.28
3934,367.64,367.94,376.07,385.47,390.55,395.28,393.57,394.08,390.56,371.13
3935,367.61,367.96,376.1,385.45,390.58,395.22,393.52,394.03,390.54,370.98
3936,367.56,367.94,376.09,385.44,390.57,395.17,393.44,393.97,390.44,370.84
3937,367.51,367.94,376.08,385.44,390.56,395.12,393.4,393.91,390.28,370.63
3938,367.47,367.94,376.07,385.45,390.53,395.08,393.33,393.86,390.1,370.38
3939,367.43,367.9,376.05,385.45,390.48,395.05,393.28,393.81,389.95,370.19
3940,367.39,367.9,376.04,385.47,390.42,395.0,393.18,393.66,389.86,370.05
3941,367.32,367.9,376.02,385.49,390.32,394.94,393.06,393.48,389.85,369.89
3942,367.27,367.91,376.02,385.5,390.23,394.88,392.98,393.38,389.97,369.73
3943,367.23,367.93,376.0,385.51,390.18,394.83,392.88,393.32,390.09,369.63
3944,367.2,367.94,376.01,385.53,390.13,394.76,392.83,393.3,390.21,369.53
3945,367.16,367.96,376.01,385.52,390.09,394.7,392.81,393.29,390.24,369.43
3946,367.12,367.98,376.01,385.51,390.05,394.65,392.78,393.28,390.23,369.32
3947,367.08,368.0,376.01,385.49,390.02,394.59,392.76,393.26,390.24,369.16
3948,367.04,368.02,376.0,385.49,390.0,394.53,392.75,393.24,390.23,368.94
3949,367.0,368.05,376.01,385.48,389.99,394.47,392.74,393.2,390.13,368.6
3950,366.93,368.08,376.01,385.46,389.96,394.43,392.73,393.17,390.03,368.29
3951,366.9,368.09,376.01,385.46,389.94,394.37,392.72,393.12,389.97,368.07
3952,366.86,368.11,376.02,385.47,389.91,394.34,392.7,393.09,389.89,367.87
3953,366.83,368.11,376.02,385.48,389.88,394.32,392.68,393.07,389.75,367.65
3954,366.79,368.11,376.04,385.47,389.86,394.27,392.66,393.04,389.55,367.45
3955,366.76,368.11,376.04,385.47,389.83,394.23,392.63,393.03,389.36,367.26
3956,366.72,368.1,376.04,385.47,389.81,394.2,392.61,393.02,389.27,367.08
3957,366.7,368.09,376.05,385.46,389.79,394.16,392.57,392.98,389.25,366.88
3958,366.64,368.08,376.04,385.46,389.77,394.12,392.46,392.93,389.21,366.57
3959,366.58,368.07,376.03,385.46,389.73,394.08,392.35,392.88,389.07,366.3
3960,366.55,368.07,376.03,385.47,389.72,394.05,392.29,392.85,389.0,366.17
3961,366.52,368.09,376.04,385.48,389.71,394.01,392.23,392.78,388.92,366.05
3962,366.5,368.1,376.04,385.48,389.69,393.94,392.15,392.69,388.85,365.95
3963,366.46,368.12,376.04,385.47,389.68,393.88,391.99,392.62,388.79,365.86
3964,366.43,368.15,376.04,385.46,389.65,393.82,391.87,392.56,388.72,365.78
3965,366.4,368.17,376.03,385.45,389.63,393.76,391.83,392.5,388.65,365.7
3966,366.36,368.17,376.04,385.44,389.63,393.7,391.81,392.46,388.62,365.6
3967,366.32,368.21,376.05,385.44,389.6,393.66,391.78,392.42,388.61,365.38
3968,366.26,368.23,376.06,385.42,389.59,393.6,391.75,392.37,388.58,365.17
3969,366.24,368.25,376.05,385.4,389.56,393.55,391.74,392.32,388.57,365.03
3970,366.2,368.26,376.04,385.4,389.53,393.49,391.71,392.27,388.53,364.87
3971,366.18,368.28,376.03,385.39,389.5,393.44,391.68,392.21,388.48,364.72
3972,366.16,368.29,376.02,385.39,389.47,393.38,391.67,392.14,388.43,364.59
3973,366.13,368.31,376.01,385.41,389.45,393.34,391.64,392.07,388.36,364.44
3974,366.09,368.31,376.02,385.41,389.41,393.3,391.59,391.99,388.28,364.31
3975,366.05,368.3,376.01,385.42,389.38,393.25,391.52,391.91,388.19,364.16
3976,366.04,368.3,376.01,385.42,389.37,393.18,391.46,391.83,388.09,364.05
3977,365.99,368.28,376.01,385.4,389.32,393.13,391.37,391.77,387.91,363.92
3978,365.95,368.26,376.02,385.4,389.29,393.09,391.29,391.7,387.72,363.81
3979,365.91,368.26,376.02,385.4,389.28,393.03,391.23,391.65,387.54,363.7
3980,365.88,368.27,376.02,385.4,389.26,392.97,391.18,391.6,387.29,363.64
3981,365.86,368.3,376.02,385.41,389.26,392.94,391.16,391.53,387.0,363.57
3982,365.83,368.34,376.01,385.4,389.26,392.9,391.12,391.4,386.77,363.51
3983,365.8,368.39,376.02,385.38,389.26,392.85,391.09,391.28,386.62,363.47
3984,365.79,368.41,376.01,385.36,389.23,392.82,391.03,391.15,386.54,363.39
3985,365.75,368.43,376.0,385.33,389.22,392.78,390.97,391.09,386.54,363.32
3986,365.71,368.45,376.01,385.31,389.21,392.74,390.9,391.04,386.57,363.2
3987,365.67,368.44,376.03,385.3,389.19,392.68,390.85,391.0,386.4,363.03
3988,365.64,368.42,376.03,385.29,389.17,392.64,390.79,390.94,386.17,362.87
3989,365.63,368.42,376.03,385.29,389.16,392.6,390.73,390.84,385.99,362.73
3990,365.6,368.42,376.02,385.3,389.14,392.55,390.65,390.77,385.94,362.62
3991,365.57,368.43,376.01,385.31,389.11,392.5,390.6,390.74,385.86,362.49
3992,365.55,368.43,376.0,385.31,389.07,392.44,390.54,390.71,385.9,362.41
3993,365.51,368.45,375.99,385.31,389.03,392.4,390.47,390.65,386.02,362.35
3994,365.49,368.47,375.98,385.3,388.98,392.35,390.39,390.56,386.22,362.31
3995,365.45,368.49,375.99,385.3,388.92,392.3,390.25,390.48,386.51,362.33
3996,365.41,368.52,375.99,385.3,388.88,392.24,390.1,390.37,386.74,362.32
3997,365.39,368.52,375.98,385.28,388.83,392.16,390.0,390.23,386.91,362.34
3998,365.37,368.53,375.97,385.28,388.81,392.08,389.91,390.14,387.1,362.37
3999,365.34,368.54,375.97,385.28,388.77,391.99,389.83,390.08,387.26,362.42
4000,365.31,368.54,375.96,385.29,388.74,391.92,389.73,390.01,387.36,362.43
4001,365.29,368.54,375.95,385.29,388.72,391.84,389.58,389.93,387.4,362.44
4002,365.26,368.55,375.94,385.3,388.7,391.8,389.45,389.88,387.42,362.41
4003,365.23,368.57,375.94,385.3,388.68,391.72,389.33,389.83,387.39,362.33
4004,365.2,368.59,375.95,385.28,388.66,391.64,389.3,389.83,387.19,362.19
4005,365.17,368.62,375.97,385.25,388.65,391.56,389.34,389.79,386.92,362.06
4006,365.14,368.63,375.98,385.23,388.63,391.49,389.34,389.75,386.79,361.96
4007,365.12,368.63,375.98,385.22,388.62,391.43,389.31,389.72,386.69,361.83
4008,365.1,368.62,375.98,385.22,388.6,391.37,389.28,389.69,386.66,361.73
4009,365.08,368.61,375.97,385.21,388.58,391.33,389.26,389.65,386.64,361.59
4010,365.05,368.6,375.96,385.22,388.56,391.28,389.17,389.58,386.6,361.48
4011,365.02,368.6,375.96,385.2,388.54,391.23,389.1,389.52,386.5,361.38
4012,365.0,368.61,375.94,385.18,388.5,391.18,389.03,389.48,386.35,361.28
4013,364.97,368.62,375.93,385.17,388.46,391.12,388.98,389.43,386.2,361.24
4014,364.93,368.65,375.91,385.17,388.41,391.08,388.94,389.4,386.12,361.18
4015,364.92,368.67,375.91,385.17,388.37,391.05,388.93,389.39,386.1,361.13
4016,364.9,368.69,375.91,385.18,388.32,391.01,388.92,389.36,386.09,361.04
4017,364.86,368.69,375.89,385.2,388.28,390.97,388.9,389.33,386.09,360.95
4018,364.85,368.71,375.9,385.22,388.24,390.93,388.9,389.31,386.08,360.88
4019,364.83,368.73,375.89,385.22,388.19,390.89,388.88,389.28,386.04,360.85
4020,364.82,368.73,375.87,385.2,388.15,390.85,388.86,389.25,386.0,360.86
4021,364.78,368.74,375.9,385.19,388.07,390.81,388.84,389.21,385.99,360.88
4022,364.74,368.75,375.89,385.18,387.98,390.77,388.78,389.17,386.0,360.89
4023,364.71,368.75,375.89,385.17,387.93,390.76,388.75,389.13,386.03,360.86
4024,364.69,368.75,375.88,385.16,387.88,390.71,388.69,389.08,386.05,360.81
4025,364.66,368.74,375.88,385.13,387.83,390.68,388.64,389.02,386.06,360.73
4026,364.65,368.77,375.87,385.11,387.8,390.64,388.63,388.95,386.06,360.67
4027,364.62,368.78,375.88,385.08,387.76,390.59,388.58,388.9,386.03,360.62
4028,364.59,368.79,375.88,385.04,387.74,390.54,388.56,388.87,386.0,360.57
4029,364.58,368.79,375.87,385.02,387.71,390.5,388.51,388.83,385.97,360.51
4030,364.54,368.78,375.87,385.0,387.66,390.47,388.43,388.8,385.92,360.4
4031,364.51,368.77,375.87,384.98,387.59,390.42,388.34,388.74,385.85,360.32
4032,364.49,368.75,375.86,384.96,387.52,390.37,388.3,388.67,385.76,360.27
4033,364.46,368.75,375.85,384.94,387.46,390.32,388.25,388.62,385.67,360.21
4034,364.44,368.74,375.84,384.92,387.42,390.27,388.21,388.6,385.59,360.1
4035,364.42,368.76,375.82,384.9,387.37,390.23,388.19,388.58,385.39,359.93
4036,364.41,368.77,375.82,384.89,387.31,390.18,388.14,388.56,385.09,359.77
4037,364.38,368.78,375.82,384.89,387.26,390.15,388.12,388.55,384.8,359.64
4038,364.36,368.81,375.82,384.87,387.2,390.09,388.09,388.53,384.48,359.55
4039,364.33,368.83,375.83,384.83,387.16,390.04,388.04,388.51,384.19,359.45
4040,364.31,368.85,375.84,384.8,387.09,389.98,387.96,388.49,383.94,359.32
4041,364.28,368.86,375.83,384.78,387.03,389.93,387.87,388.46,383.88,359.15
4042,364.27,368.86,375.82,384.77,386.98,389.87,387.83,388.41,383.93,359.05
4043,364.24,368.86,375.82,384.76,386.95,389.81,387.79,388.35,384.01,358.92
4044,364.23,368.86,375.78,384.77,386.92,389.77,387.75,388.28,384.12,358.79
4045,364.22,368.88,375.78,384.78,386.91,389.72,387.72,388.21,384.25,358.68
4046,364.2,368.9,375.76,384.77,386.88,389.66,387.68,388.13,384.32,358.58
4047,364.18,368.9,375.75,384.76,386.85,389.6,387.63,388.07,384.36,358.48
4048,364.15,368.92,375.75,384.75,386.82,389.55,387.58,388.01,384.39,358.41
4049,364.12,368.91,375.75,384.74,386.76,389.5,387.51,387.95,384.45,358.37
4050,364.09,368.89,375.75,384.73,386.71,389.45,387.44,387.9,384.49,358.38
4051,364.06,368.88,375.78,384.73,386.66,389.41,387.38,387.86,384.52,358.41
4052,364.05,368.87,375.77,384.72,386.62,389.36,387.34,387.77,384.53,358.46
4053,364.02,368.88,375.78,384.71,386.58,389.31,387.29,387.68,384.53,358.46
4054,364.02,368.88,375.79,384.69,386.55,389.26,387.26,387.58,384.53,358.39
4055,363.99,368.91,375.77,384.66,386.51,389.21,387.22,387.49,384.53,358.26
4056,363.97,368.92,375.76,384.61,386.46,389.16,387.17,387.41,384.52,358.13
4057,363.95,368.92,375.75,384.58,386.42,389.1,387.13,387.36,384.49,358.0
4058,363.93,368.94,375.76,384.57,386.36,389.06,387.06,387.34,384.45,357.84
4059,363.89,368.95,375.76,384.57,386.3,389.01,386.99,387.3,384.39,357.7
4060,363.88,368.93,375.74,384.56,386.26,388.96,386.93,387.26,384.35,357.61
4061,363.86,368.93,375.73,384.54,386.22,388.91,386.88,387.23,384.3,357.56
4062,363.84,368.92,375.71,384.51,386.18,388.84,386.83,387.19,384.23,357.53
4063,363.82,368.91,375.7,384.5,386.15,388.79,386.78,387.16,384.15,357.53
4064,363.8,368.91,375.7,384.49,386.12,388.74,386.73,387.13,384.08,357.52
4065,363.78,368.9,375.68,384.47,386.08,388.71,386.66,387.11,383.98,357.52
4066,363.75,368.9,375.68,384.44,386.04,388.65,386.6,387.07,383.89,357.42
4067,363.72,368.92,375.67,384.42,385.98,388.62,386.53,387.04,383.83,357.25
4068,363.71,368.95,375.66,384.4,385.94,388.57,386.49,387.01,383.82,357.13
4069,363.68,368.97,375.65,384.37,385.9,388.54,386.45,386.98,383.71,357.0
4070,363.67,368.99,375.64,384.33,385.86,388.48,386.4,386.94,383.47,356.88
4071,363.65,369.0,375.64,384.28,385.81,388.43,386.35,386.9,383.18,356.76
4072,363.63,369.01,375.64,384.24,385.76,388.39,386.3,386.87,382.98,356.64
4073,363.61,369.0,375.64,384.2,385.7,388.33,386.26,386.82,382.9,356.5
4074,363.59,368.98,375.63,384.16,385.64,388.28,386.23,386.78,382.87,356.4
4075,363.56,368.97,375.65,384.12,385.55,388.23,386.17,386.72,382.89,356.35
4076,363.54,368.95,375.66,384.1,385.47,388.18,386.12,386.65,382.9,356.4
4077,363.51,368.93,375.65,384.08,385.41,388.13,386.07,386.59,382.92,356.5
4078,363.49,368.9,375.63,384.06,385.36,388.08,386.02,386.54,382.94,356.6
4079,363.48,368.88,375.63,384.04,385.31,388.05,385.99,386.49,382.95,356.71
4080,363.46,368.88,375.63,384.03,385.27,388.01,385.95,386.46,382.95,356.77
4081,363.45,368.87,375.62,384.03,385.22,387.95,385.91,386.41,382.94,356.78
4082,363.42,368.87,375.62,384.02,385.18,387.9,385.85,386.35,382.94,356.72
4083,363.4,368.88,375.61,384.02,385.14,387.85,385.81,386.27,382.94,356.63
4084,363.39,368.91,375.6,384.01,385.11,387.8,385.75,386.21,382.94,356.54
4085,363.37,368.95,375.58,384.01,385.07,387.74,385.69,386.15,382.89,356.39
4086,363.34,368.98,375.54,384.0,385.03,387.7,385.62,386.11,382.79,356.24
4087,363.32,369.01,375.52,384.0,385.01,387.65,385.58,386.06,382.71,356.16
4088,363.31,369.03,375.5,383.99,384.98,387.6,385.52,386.0,382.61,356.08
4089,363.29,369.03,375.49,383.99,384.96,387.54,385.48,385.92,382.51,356.0
4090,363.28,369.03,375.48,383.98,384.93,387.49,385.43,385.84,382.41,355.91
4091,363.27,369.02,375.51,383.97,384.9,387.44,385.39,385.79,382.31,355.86
4092,363.27,369.01,375.52,383.93,384.89,387.38,385.35,385.74,382.24,355.84
4093,363.23,368.99,375.53,383.92,384.84,387.35,385.28,385.71,382.18,355.73
4094,363.21,368.98,375.53,383.88,384.79,387.29,385.21,385.66,382.09,355.57
4095,363.2,368.97,375.54,383.85,384.75,387.24,385.15,385.62,382.02,355.49
4096,363.18,368.97,375.54,383.83,384.72,387.2,385.1,385.56,382.0,355.39
4097,363.15,368.95,375.54,383.79,384.67,387.15,385.05,385.5,382.02,355.31
4098,363.14,368.95,375.53,383.75,384.63,387.1,384.97,385.44,382.07,355.25
4099,363.13,368.95,375.53,383.72,384.6,387.05,384.9,385.39,382.12,355.18
4100,363.11,368.96,375.53,383.7,384.55,387.01,384.82,385.35,382.14,355.1
4101,363.1,368.96,375.52,383.66,384.51,386.96,384.75,385.28,382.14,355.05
4102,363.07,368.97,375.5,383.62,384.43,386.9,384.58,385.22,382.13,355.0
4103,363.04,368.97,375.48,383.57,384.37,386.84,384.42,385.15,382.11,354.95
4104,363.02,368.98,375.46,383.52,384.3,386.79,384.34,385.09,382.07,354.9
4105,363.0,368.98,375.46,383.47,384.27,386.74,384.3,385.03,382.06,354.84
4106,362.98,368.99,375.45,383.45,384.23,386.69,384.27,384.96,382.02,354.78
4107,362.97,368.99,375.45,383.42,384.18,386.67,384.23,384.93,381.97,354.69
4108,362.96,368.99,375.45,383.38,384.16,386.6,384.21,384.86,381.91,354.62
4109,362.93,368.98,375.43,383.36,384.13,386.54,384.17,384.8,381.85,354.5
4110,362.91,368.96,375.41,383.34,384.1,386.47,384.15,384.73,381.78,354.37
4111,362.89,368.96,375.38,383.32,384.05,386.4,384.11,384.66,381.64,354.17
4112,362.86,368.96,375.38,383.29,383.99,386.33,384.08,384.58,381.46,353.99
4113,362.84,368.96,375.38,383.26,383.96,386.26,384.04,384.49,381.33,353.91
4114,362.83,368.96,375.38,383.23,383.91,386.21,383.98,384.44,381.2,353.84
4115,362.82,368.96,375.37,383.19,383.87,386.15,383.92,384.36,381.11,353.76
4116,362.81,368.98,375.36,383.16,383.83,386.1,383.86,384.29,381.03,353.66
4117,362.8,368.99,375.36,383.13,383.79,386.05,383.81,384.25,380.97,353.58
4118,362.79,369.01,375.35,383.1,383.74,386.0,383.76,384.22,380.88,353.48
4119,362.76,368.99,375.35,383.07,383.69,385.95,383.72,384.2,380.79,353.38
4120,362.74,368.96,375.37,383.05,383.61,385.91,383.65,384.17,380.62,353.23
4121,362.72,368.92,375.39,383.02,383.54,385.87,383.59,384.14,380.43,353.1
4122,362.71,368.9,375.38,382.98,383.49,385.82,383.54,384.11,380.28,353.04
4123,362.69,368.9,375.38,382.95,383.45,385.77,383.47,384.07,380.15,352.99
4124,362.67,368.91,375.36,382.93,383.39,385.72,383.4,384.04,380.09,352.97
4125,362.66,368.92,375.36,382.9,383.35,385.68,383.35,384.0,380.09,352.94
4126,362.64,368.93,375.35,382.85,383.3,385.63,383.3,383.93,380.12,352.88
4127,362.63,368.93,375.32,382.82,383.24,385.57,383.26,383.86,380.16,352.85
4128,362.61,368.92,375.29,382.81,383.2,385.54,383.2,383.81,380.22,352.81
4129,362.58,368.91,375.25,382.79,383.11,385.5,383.13,383.7,380.31,352.73
4130,362.55,368.93,375.24,382.75,383.04,385.45,383.08,383.61,380.35,352.64
4131,362.54,368.93,375.26,382.7,382.98,385.4,383.05,383.55,380.34,352.59
4132,362.52,368.92,375.26,382.67,382.93,385.35,383.0,383.5,380.34,352.56
4133,362.5,368.93,375.26,382.62,382.88,385.29,382.96,383.44,380.36,352.53
4134,362.49,368.93,375.26,382.58,382.84,385.25,382.93,383.39,380.36,352.5
4135,362.48,368.92,375.25,382.54,382.78,385.21,382.86,383.35,380.3,352.48
4136,362.47,368.92,375.25,382.49,382.73,385.16,382.81,383.29,380.2,352.49
4137,362.45,368.91,375.26,382.46,382.69,385.11,382.73,383.23,380.03,352.52
4138,362.42,368.88,375.31,382.43,382.62,385.06,382.62,383.17,379.72,352.52
4139,362.41,368.86,375.38,382.41,382.56,385.02,382.53,383.12,379.46,352.48
4140,362.39,368.84,375.4,382.39,382.53,384.96,382.5,383.08,379.35,352.44
4141,362.38,368.83,375.39,382.38,382.48,384.91,382.46,382.98,379.27,352.43
4142,362.37,368.85,375.36,382.37,382.45,384.88,382.44,382.88,379.22,352.46
4143,362.35,368.86,375.35,382.32,382.41,384.83,382.41,382.77,379.16,352.47
4144,362.33,368.9,375.34,382.28,382.39,384.8,382.39,382.72,379.17,352.45
4145,362.31,368.91,375.31,382.21,382.36,384.76,382.38,382.7,379.23,352.37
4146,362.29,368.92,375.3,382.15,382.32,384.73,382.33,382.7,379.31,352.27
4147,362.27,368.91,375.29,382.1,382.29,384.7,382.29,382.69,379.36,352.1
4148,362.25,368.92,375.3,382.06,382.25,384.67,382.26,382.62,379.28,351.96
4149,362.23,368.91,375.29,382.04,382.22,384.64,382.23,382.55,379.18,351.92
4150,362.22,368.92,375.29,381.99,382.19,384.61,382.22,382.49,379.14,351.91
4151,362.2,368.91,375.29,381.94,382.16,384.58,382.2,382.43,379.15,351.91
4152,362.18,368.88,375.28,381.9,382.12,384.54,382.16,382.35,379.19,351.89
4153,362.16,368.84,375.26,381.85,382.08,384.49,382.11,382.27,379.23,351.88
4154,362.15,368.8,375.26,381.81,382.06,384.45,382.09,382.15,379.25,351.87
4155,362.15,368.78,375.25,381.77,382.02,384.4,382.05,381.97,379.23,351.85
4156,362.12,368.77,375.23,381.75,381.97,384.35,381.97,381.89,379.19,351.81
4157,362.09,368.78,375.2,381.71,381.9,384.28,381.86,381.82,379.12,351.77
4158,362.08,368.78,375.19,381.68,381.85,384.21,381.75,381.79,379.09,351.73
4159,362.07,368.78,375.17,381.64,381.78,384.14,381.65,381.78,379.07,351.69
4160,362.05,368.77,375.15,381.61,381.72,384.09,381.59,381.73,379.09,351.63
4161,362.03,368.74,375.11,381.57,381.66,384.01,381.52,381.66,379.1,351.51
4162,362.02,368.73,375.08,381.54,381.61,383.96,381.46,381.55,379.09,351.38
4163,362.0,368.74,375.09,381.52,381.57,383.92,381.42,381.51,379.05,351.24
4164,361.99,368.75,375.07,381.5,381.51,383.86,381.37,381.49,379.0,351.1
4165,361.96,368.78,375.03,381.49,381.43,383.8,381.3,381.49,378.9,350.89
4166,361.94,368.81,375.01,381.45,381.37,383.74,381.25,381.5,378.75,350.68
4167,361.93,368.82,374.99,381.43,381.32,383.68,381.22,381.52,378.48,350.57
4168,361.91,368.82,374.96,381.4,381.29,383.62,381.19,381.51,378.08,350.44
4169,361.9,368.81,374.92,381.38,381.26,383.58,381.17,381.45,377.58,350.31
4170,361.87,368.8,374.89,381.37,381.23,383.53,381.13,381.42,377.1,350.16
4171,361.87,368.78,374.88,381.34,381.2,383.48,381.11,381.4,376.69,350.0
4172,361.85,368.76,374.89,381.3,381.18,383.44,381.08,381.39,376.32,349.78
4173,361.83,368.74,374.89,381.26,381.15,383.4,381.03,381.37,376.09,349.57
4174,361.82,368.72,374.92,381.22,381.11,383.37,380.99,381.31,376.0,349.32
4175,361.79,368.68,374.94,381.17,381.07,383.33,380.94,381.22,375.9,349.1
4176,361.78,368.66,374.91,381.13,381.04,383.3,380.91,381.12,375.8,348.99
4177,361.77,368.67,374.91,381.11,381.02,383.27,380.89,381.05,375.78,348.9
4178,361.75,368.68,374.91,381.07,380.98,383.24,380.87,380.97,375.83,348.81
4179,361.74,368.68,374.9,381.02,380.94,383.2,380.82,380.93,375.84,348.77
4180,361.73,368.7,374.92,380.98,380.9,383.17,380.8,380.91,375.85,348.7
4181,361.72,368.7,374.93,380.94,380.85,383.13,380.74,380.86,375.81,348.59
4182,361.7,368.69,374.95,380.9,380.81,383.09,380.68,380.78,375.88,348.48
4183,361.68,368.67,374.93,380.85,380.75,383.04,380.53,380.69,376.11,348.4
4184,361.65,368.64,374.91,380.83,380.69,383.0,380.37,380.64,376.44,348.41
4185,361.64,368.64,374.87,380.79,380.64,382.92,380.25,380.57,376.64,348.45
4186,361.62,368.64,374.84,380.75,380.6,382.84,380.15,380.5,376.84,348.52
4187,361.61,368.64,374.83,380.72,380.56,382.76,380.07,380.47,377.01,348.6
4188,361.59,368.63,374.82,380.69,380.52,382.68,380.01,380.41,377.14,348.63
4189,361.57,368.62,374.81,380.66,380.46,382.6,379.95,380.35,377.23,348.6
4190,361.55,368.62,374.82,380.62,380.41,382.52,379.91,380.31,377.27,348.52
4191,361.54,368.62,374.83,380.59,380.33,382.47,379.86,380.31,377.3,348.41
4192,361.53,368.63,374.88,380.54,380.25,382.4,379.8,380.3,377.27,348.18
4193,361.51,368.62,375.08,380.5,380.18,382.35,379.75,380.29,377.19,347.95
4194,361.5,368.61,375.23,380.46,380.13,382.3,379.7,380.26,377.1,347.8
4195,361.48,368.58,375.21,380.43,380.09,382.25,379.68,380.22,377.0,347.65
4196,361.47,368.57,375.12,380.4,380.05,382.2,379.66,380.17,376.87,347.53
4197,361.46,368.56,375.03,380.38,380.01,382.16,379.63,380.14,376.71,347.39
4198,361.44,368.57,374.96,380.35,379.98,382.14,379.59,380.12,376.55,347.25
4199,361.43,368.59,374.91,380.33,379.95,382.11,379.57,380.08,376.4,347.1
4200,361.42,368.62,374.89,380.3,379.91,382.07,379.55,380.03,376.24,346.98
4201,361.39,368.63,374.84,380.27,379.86,382.04,379.51,379.99,376.02,346.84
4202,361.37,368.62,374.79,380.24,379.8,382.0,379.43,379.95,375.94,346.7
4203,361.36,368.6,374.76,380.21,379.77,381.97,379.4,379.9,375.99,346.58
4204,361.34,368.6,374.73,380.17,379.72,381.93,379.36,379.85,376.04,346.47
4205,361.32,368.62,374.72,380.14,379.71,381.91,379.34,379.84,376.06,346.33
4206,361.31,368.61,374.71,380.1,379.69,381.88,379.32,379.78,376.01,346.2
4207,361.31,368.59,374.68,380.05,379.66,381.83,379.3,379.74,375.88,346.1
4208,361.28,368.57,374.67,379.98,379.64,381.79,379.28,379.68,375.57,345.99
4209,361.27,368.53,374.66,379.92,379.6,381.75,379.24,379.59,375.05,345.88
4210,361.25,368.51,374.67,379.86,379.58,381.71,379.2,379.52,374.48,345.78
4211,361.22,368.48,374.66,379.8,379.52,381.66,379.14,379.45,373.98,345.61
4212,361.2,368.44,374.67,379.76,379.47,381.62,379.06,379.4,373.72,345.46
4213,361.17,368.42,374.65,379.74,379.44,381.58,379.0,379.35,373.4,345.37
4214,361.18,368.39,374.62,379.72,379.4,381.55,378.93,379.3,373.12,345.31
4215,361.17,368.39,374.59,379.69,379.38,381.51,378.87,379.26,372.86,345.27
4216,361.15,368.37,374.55,379.66,379.34,381.47,378.8,379.22,372.52,345.22
4217,361.13,368.38,374.53,379.63,379.3,381.42,378.75,379.17,372.22,345.16
4218,361.13,368.39,374.49,379.59,379.28,381.38,378.71,379.11,371.95,345.1
4219,361.1,368.43,374.46,379.56,379.24,381.35,378.66,379.08,371.77,344.99
4220,361.08,368.44,374.41,379.51,379.18,381.31,378.6,379.05,371.83,344.89
4221,361.06,368.46,374.4,379.47,379.15,381.28,378.59,379.03,371.94,344.83
4222,361.05,368.48,374.37,379.42,379.09,381.24,378.56,379.01,371.97,344.8
4223,361.04,368.48,374.35,379.37,379.05,381.19,378.51,379.0,372.07,344.76
4224,361.02,368.49,374.35,379.34,379.01,381.14,378.46,378.98,372.16,344.73
4225,361.01,368.47,374.32,379.3,378.96,381.09,378.42,378.98,372.27,344.69
4226,360.99,368.45,374.32,379.27,378.91,381.05,378.38,378.96,372.47,344.64
4227,360.98,368.42,374.3,379.22,378.87,380.99,378.32,378.88,372.71,344.61
4228,360.95,368.38,374.29,379.17,378.79,380.93,378.24,378.75,373.05,344.65
4229,360.94,368.36,374.3,379.13,378.72,380.87,378.17,378.61,373.35,344.71
4230,360.92,368.36,374.31,379.07,378.68,380.8,378.12,378.52,373.51,344.73
4231,360.91,368.34,374.32,379.03,378.64,380.74,378.06,378.45,373.61,344.7
4232,360.9,368.32,374.33,378.98,378.59,380.67,378.02,378.39,373.71,344.66
4233,360.89,368.3,374.33,378.93,378.55,380.62,377.98,378.35,373.75,344.61
4234,360.88,368.29,374.33,378.89,378.5,380.57,377.94,378.33,373.74,344.54
4235,360.86,368.28,374.33,378.86,378.46,380.53,377.91,378.33,373.75,344.49
4236,360.85,368.28,374.31,378.81,378.41,380.47,377.89,378.3,373.78,344.45
4237,360.83,368.28,374.31,378.76,378.35,380.42,377.84,378.24,373.85,344.44
4238,360.81,368.29,374.31,378.71,378.29,380.37,377.79,378.18,373.86,344.41
4239,360.8,368.27,374.31,378.67,378.25,380.32,377.75,378.11,373.84,344.42
4240,360.79,368.26,374.3,378.65,378.22,380.28,377.71,378.08,373.82,344.43
4241,360.78,368.26,374.3,378.61,378.19,380.24,377.67,378.06,373.81,344.46
4242,360.76,368.26,374.28,378.59,378.15,380.2,377.63,378.04,373.81,344.46
4243,360.75,368.26,374.26,378.55,378.12,380.15,377.6,378.02,373.8,344.43
4244,360.74,368.26,374.23,378.53,378.08,380.1,377.57,378.01,373.77,344.39
4245,360.72,368.26,374.2,378.48,378.04,380.05,377.54,377.98,373.74,344.32
4246,360.71,368.24,374.19,378.45,377.99,380.0,377.49,377.93,373.65,344.24
4247,360.69,368.23,374.17,378.42,377.92,379.97,377.41,377.89,373.54,344.11
4248,360.68,368.22,374.16,378.39,377.89,379.92,377.37,377.84,373.46,344.01
