time,TC1,TC2,TC3,TC4,TC5,TC6,TC7,TC8,TC9,TC10
1,358.17,359.35,359.98,360.2,359.55,361.57,358.99,359.88,356.71,337.26
2,358.14,359.44,359.96,360.2,359.55,361.55,359.16,360.04,357.16,337.41
3,358.12,359.6,360.0,360.26,359.58,361.59,359.36,360.33,357.6,337.58
4,358.13,359.76,360.07,360.34,359.64,361.64,359.55,360.59,358.04,337.76
5,358.14,359.92,360.13,360.47,359.7,361.73,359.73,360.83,358.45,337.95
6,358.18,360.07,360.2,360.61,359.78,361.83,359.9,361.0,358.82,338.14
7,358.22,360.21,360.27,360.7,359.88,361.91,360.04,361.11,359.13,338.3
8,358.29,360.33,360.35,360.84,359.97,362.02,360.18,361.24,359.39,338.44
9,358.4,360.53,360.49,360.98,360.12,361.72,360.42,361.34,359.58,338.62
10,358.52,360.71,360.64,361.06,360.29,362.27,360.66,361.44,359.74,338.69
11,358.61,360.82,360.73,361.22,360.4,362.4,360.82,361.56,359.85,338.68
12,358.71,360.91,360.81,361.33,360.52,362.51,360.98,361.69,359.98,338.7
13,358.8,360.98,360.9,361.45,360.62,362.61,361.12,361.85,360.12,338.72
14,358.89,361.01,360.97,361.57,360.7,362.68,361.23,361.98,360.25,338.74
15,359.01,361.04,361.03,361.68,360.79,362.74,361.34,362.09,360.38,338.77
16,359.12,361.07,361.08,361.74,360.88,362.78,361.44,362.16,360.5,338.84
17,359.22,361.09,361.12,361.85,360.97,362.84,361.54,362.21,360.61,338.94
18,359.38,361.1,361.15,361.96,361.1,362.91,361.68,362.19,360.79,339.08
19,359.53,361.07,361.22,362.06,361.23,362.97,361.81,362.11,360.96,339.2
20,359.64,361.02,361.27,362.17,361.29,363.03,361.87,362.04,361.02,339.26
21,359.73,361.0,361.31,362.23,361.36,363.06,361.89,362.01,361.06,339.33
22,359.84,361.0,361.34,362.31,361.43,363.11,361.91,361.98,361.08,339.39
23,359.95,361.02,361.38,362.39,361.49,363.16,361.97,361.97,361.1,339.46
24,360.03,361.05,361.4,362.45,361.55,363.23,362.0,361.97,361.14,339.53
25,360.12,361.07,361.41,362.5,361.59,363.3,362.04,362.01,361.18,339.62
26,360.21,361.1,361.44,362.54,361.64,363.36,362.07,362.06,361.19,339.75
27,360.36,361.1,361.44,362.34,361.69,363.44,362.1,362.17,361.18,340.07
28,360.5,361.03,361.46,362.61,361.75,363.48,362.17,362.23,361.23,340.43
29,360.58,360.96,361.48,362.63,361.73,363.53,362.21,362.39,361.28,340.61
30,360.68,360.89,361.5,362.65,361.7,363.58,362.23,362.53,361.37,340.76
31,360.77,360.87,361.53,362.65,361.69,363.65,362.3,362.52,361.48,340.89
32,360.87,360.84,361.56,362.63,361.67,363.72,362.33,362.55,361.57,340.99
33,360.96,360.8,361.61,362.59,361.67,363.79,362.32,362.66,361.66,341.08
34,361.04,360.76,361.65,362.55,361.67,363.84,362.3,362.66,361.75,341.15
35,361.11,360.75,361.68,362.55,361.67,363.89,362.25,362.55,361.81,341.23
36,361.22,360.75,361.71,362.54,361.71,363.92,362.2,362.49,361.88,341.35
37,361.33,360.78,361.71,362.54,361.75,363.94,362.15,362.48,361.91,341.53
38,361.4,360.81,361.7,362.55,361.78,363.97,362.13,362.48,361.91,341.67
39,361.46,360.88,361.69,362.55,361.81,364.0,362.1,362.52,361.89,341.82
40,361.53,360.96,361.67,362.54,361.84,364.03,362.02,362.48,361.9,342.0
41,361.58,361.05,361.66,362.52,361.86,364.05,361.93,362.52,361.93,342.19
42,361.64,361.16,361.65,362.52,361.88,364.07,361.87,362.51,361.95,342.39
43,361.7,361.23,361.63,362.5,361.91,364.08,361.83,362.47,361.96,342.57
44,361.76,361.3,361.64,362.47,361.91,363.6,361.79,362.42,361.94,342.72
45,361.84,361.38,361.67,362.44,361.93,364.12,361.78,362.32,361.93,343.03
46,361.92,361.41,361.71,362.26,361.96,364.14,361.81,362.23,361.96,343.33
47,361.97,361.37,361.73,362.36,361.97,363.78,361.86,362.15,361.99,343.52
48,362.04,361.35,361.74,362.32,361.98,364.12,361.92,362.21,362.04,343.72
49,362.09,361.38,361.76,362.29,361.96,364.12,361.97,362.24,362.09,343.9
50,362.15,361.48,361.78,361.73,361.94,363.96,362.02,362.34,362.14,344.1
51,362.21,361.57,361.82,362.18,361.93,364.14,362.05,362.41,362.2,344.28
52,362.27,361.6,361.84,362.15,361.9,364.15,362.08,362.14,362.25,344.46
53,362.34,361.6,361.86,361.88,361.9,364.14,362.07,362.3,362.29,344.6
54,362.42,361.58,361.84,362.07,361.87,364.11,362.06,362.2,362.32,344.76
55,362.51,361.48,361.81,362.02,361.84,364.03,362.08,362.1,362.36,344.89
56,362.57,361.38,361.76,361.93,361.78,364.03,362.08,362.07,362.36,344.97
57,362.63,361.32,361.71,361.98,361.72,363.76,362.08,362.14,362.35,345.09
58,362.68,361.34,361.67,361.97,361.67,363.91,362.07,362.23,362.29,345.21
59,362.72,361.38,361.64,361.96,361.6,363.83,362.07,362.16,362.19,345.35
60,362.76,361.39,361.61,361.96,361.53,363.76,362.08,362.14,362.08,345.49
61,362.8,361.41,361.58,361.93,361.46,363.7,362.05,362.04,361.95,345.61
62,362.81,361.41,361.53,361.94,361.41,363.65,361.95,362.13,361.86,345.73
63,362.87,361.45,361.48,361.94,361.36,363.61,361.69,362.09,361.81,345.91
64,362.92,361.51,361.45,361.95,361.33,363.6,361.35,362.0,361.76,346.05
65,362.94,361.52,361.41,361.95,361.32,363.58,361.11,361.9,361.73,346.16
66,362.98,361.51,361.36,361.97,361.31,363.55,360.89,361.82,361.71,346.29
67,363.01,361.53,361.32,362.0,361.32,363.5,360.77,361.75,361.71,346.41
68,363.04,361.51,361.28,362.01,361.34,363.47,360.7,361.64,361.71,346.52
69,363.06,361.46,361.26,362.01,361.37,363.47,360.68,361.57,361.74,346.62
70,363.1,361.41,361.22,362.0,361.41,363.48,360.71,361.55,361.79,346.74
71,363.14,361.4,361.16,362.01,361.43,363.49,360.76,361.54,361.83,346.88
72,363.19,361.43,361.07,362.01,361.48,363.48,360.88,361.49,361.84,347.09
73,363.26,361.47,361.01,362.03,361.52,363.51,361.04,361.45,361.81,347.31
74,363.3,361.46,360.97,362.03,361.54,363.51,361.14,361.42,361.68,347.42
75,363.35,361.43,360.93,362.05,361.58,363.52,361.24,361.42,361.46,347.5
76,363.39,361.41,360.9,362.06,361.61,363.52,361.33,361.46,361.3,347.56
77,363.43,361.37,360.88,362.06,361.64,363.51,361.4,361.51,361.2,347.61
78,363.47,361.34,360.89,362.08,361.67,363.53,361.49,361.64,361.15,347.65
79,363.52,361.37,360.91,362.07,361.71,363.54,361.59,361.8,361.14,347.65
80,363.55,361.38,360.94,362.05,361.73,363.57,361.67,361.99,361.13,347.66
81,363.61,361.36,360.99,362.03,361.73,363.61,361.71,362.18,361.08,347.7
82,363.67,361.3,361.05,361.99,361.72,363.55,361.69,362.29,361.05,347.74
83,363.71,361.28,361.08,361.94,361.71,363.69,361.69,362.33,361.08,347.75
84,363.76,361.26,361.1,361.9,361.7,363.71,361.67,362.31,361.17,347.76
85,363.79,361.21,361.11,361.86,361.67,363.72,361.63,362.29,361.28,347.77
86,363.83,361.18,361.11,361.86,361.63,363.7,361.64,362.31,361.44,347.81
87,363.88,361.15,361.12,361.88,361.61,363.66,361.63,362.41,361.59,347.88
88,363.92,361.11,361.12,361.89,361.58,363.61,361.59,362.51,361.7,347.97
89,363.96,361.05,361.12,361.89,361.57,363.56,361.49,362.57,361.78,348.06
90,364.02,361.02,361.14,361.9,361.56,363.57,361.32,362.58,361.85,348.14
91,364.07,361.03,361.14,361.86,361.57,363.58,361.19,362.54,361.88,348.22
92,364.09,361.06,361.14,361.87,361.57,363.59,361.14,362.44,361.83,348.25
93,364.12,361.06,361.12,361.85,361.58,363.59,361.13,362.36,361.79,348.29
94,364.14,361.03,361.12,361.83,361.58,363.61,361.15,362.3,361.74,348.34
95,364.17,360.96,361.12,361.83,361.59,363.61,361.21,362.27,361.63,348.39
96,364.19,360.88,361.14,361.81,361.59,363.62,361.25,362.28,361.5,348.47
97,364.2,360.83,361.15,361.81,361.57,363.62,361.27,362.31,361.41,348.56
98,364.22,360.8,361.17,361.83,361.57,363.63,361.3,362.34,361.35,348.67
99,364.24,360.79,361.12,361.86,361.54,363.64,361.32,362.36,361.25,348.82
100,364.26,360.81,361.03,361.88,361.54,363.62,361.39,362.34,361.19,348.95
101,364.28,360.8,360.96,361.9,361.52,363.61,361.41,362.27,361.16,349.02
102,364.3,360.76,360.93,361.91,361.53,363.58,361.43,362.18,361.14,349.09
103,364.33,360.69,360.9,361.9,361.54,363.55,361.43,362.09,361.15,349.17
104,364.35,360.63,360.89,361.89,361.53,363.53,361.45,362.0,361.27,349.23
105,364.36,360.59,360.88,361.85,361.51,363.51,361.49,361.9,361.4,349.3
106,364.39,360.55,360.87,361.82,361.51,363.49,361.58,361.85,361.54,349.38
107,364.4,360.52,360.87,361.79,361.5,363.49,361.68,361.84,361.61,349.46
108,364.44,360.45,360.91,361.76,361.49,363.47,361.79,361.9,361.59,349.62
109,364.47,360.38,360.96,361.7,361.47,363.46,361.83,362.02,361.5,349.77
110,364.49,360.35,360.99,361.63,361.45,363.44,361.81,362.11,361.48,349.86
111,364.52,360.33,361.03,361.55,361.46,363.42,361.76,362.07,361.52,349.86
112,364.54,360.33,361.02,361.49,361.45,363.41,361.69,361.93,361.57,349.85
113,364.56,360.34,361.0,361.44,361.45,363.43,361.66,361.81,361.61,349.85
114,364.58,360.37,360.98,361.42,361.45,363.44,361.63,361.8,361.66,349.87
115,364.6,360.4,360.96,361.41,361.44,363.45,361.61,361.83,361.69,349.92
116,364.62,360.46,360.95,361.41,361.43,363.44,361.55,361.9,361.69,350.0
117,364.66,360.49,360.97,361.44,361.42,363.42,361.42,361.93,361.69,350.12
118,364.69,360.38,361.02,361.46,361.42,363.42,361.34,361.84,361.65,350.18
119,364.7,360.32,361.06,361.49,361.42,363.41,361.33,361.8,361.62,350.2
120,364.72,360.34,361.08,361.53,361.42,363.41,361.36,361.85,361.62,350.24
121,364.72,360.34,361.09,361.59,361.42,363.43,361.39,361.92,361.64,350.29
122,364.73,360.33,361.09,361.63,361.43,363.44,361.41,361.91,361.67,350.35
123,364.74,360.27,361.09,361.66,361.46,363.46,361.42,361.91,361.72,350.41
124,364.73,360.21,361.08,361.67,361.48,363.47,361.39,361.97,361.8,350.46
125,364.74,360.18,361.08,361.68,361.52,363.47,361.33,362.06,361.9,350.53
126,364.75,360.13,361.07,361.67,361.53,363.49,361.13,362.16,362.04,350.62
127,364.76,360.07,361.07,361.67,361.54,363.51,360.94,362.28,362.18,350.73
128,364.76,360.04,361.06,361.68,361.54,363.52,360.88,362.35,362.23,350.79
129,364.77,360.04,361.05,361.69,361.54,363.51,360.85,362.44,362.27,350.85
130,364.77,360.03,361.06,361.71,361.54,363.5,360.83,362.49,362.26,350.9
131,364.78,360.02,361.06,361.74,361.55,363.5,360.8,362.52,362.19,350.94
132,364.79,360.01,361.06,361.78,361.57,363.49,360.79,362.51,362.1,350.98
133,364.81,360.05,361.07,361.81,361.59,363.48,360.81,362.46,362.03,351.03
134,364.82,360.13,361.07,361.84,361.6,363.48,360.87,362.38,361.98,351.09
135,364.84,360.23,361.08,361.87,361.65,363.47,360.94,362.32,362.0,351.17
136,364.88,360.32,361.08,361.89,361.7,363.46,361.02,362.32,362.11,351.24
137,364.89,360.31,361.07,361.92,361.72,363.44,361.07,362.35,362.15,351.29
138,364.91,360.27,361.05,361.96,361.74,363.41,361.11,362.32,362.16,351.34
139,364.93,360.24,361.04,361.98,361.76,363.36,361.13,362.24,362.15,351.43
140,364.94,360.18,361.03,361.98,361.76,363.29,361.13,362.15,362.12,351.5
141,364.96,360.15,361.02,361.98,361.78,363.23,361.11,362.1,362.11,351.58
142,364.98,360.15,361.02,361.98,361.78,363.17,361.08,362.1,362.11,351.64
143,364.99,360.14,361.0,361.97,361.76,363.1,361.05,362.13,362.03,351.68
144,365.01,360.13,360.98,361.98,361.74,363.05,361.05,362.18,361.86,351.72
145,365.03,360.12,360.98,361.95,361.7,363.03,361.14,362.22,361.76,351.78
146,365.06,360.13,360.99,361.95,361.68,363.02,361.27,362.24,361.72,351.83
147,365.07,360.16,361.0,361.92,361.67,363.02,361.4,362.26,361.7,351.88
148,365.12,360.2,361.02,361.89,361.66,363.04,361.51,362.29,361.72,351.9
149,365.15,360.28,361.05,361.87,361.66,363.06,361.58,362.35,361.76,351.9
150,365.17,360.34,361.07,361.85,361.65,363.08,361.62,362.46,361.77,351.86
151,365.21,360.34,361.08,361.81,361.65,363.1,361.62,362.55,361.75,351.83
152,365.23,360.3,361.09,361.78,361.64,363.12,361.6,362.51,361.69,351.79
153,365.26,360.23,361.1,361.77,361.62,363.13,361.59,362.34,361.62,351.75
154,365.29,360.16,361.12,361.77,361.62,363.13,361.61,362.1,361.62,351.72
155,365.29,360.12,361.13,361.78,361.63,363.16,361.63,361.8,361.65,351.71
156,365.31,360.09,361.14,361.78,361.63,363.17,361.65,361.65,361.66,351.72
157,365.31,360.1,361.16,361.8,361.63,363.22,361.66,361.67,361.67,351.71
158,365.33,360.12,361.19,361.8,361.63,363.27,361.65,361.71,361.64,351.75
159,365.34,360.14,361.21,361.79,361.61,363.3,361.66,361.77,361.6,351.79
160,365.36,360.13,361.24,361.79,361.6,363.35,361.67,361.85,361.57,351.85
161,365.38,360.13,361.26,361.79,361.56,363.38,361.65,361.98,361.57,351.9
162,365.41,360.07,361.29,361.79,361.54,363.43,361.64,362.17,361.59,351.97
163,365.44,360.0,361.28,361.81,361.51,363.45,361.65,362.3,361.64,352.0
164,365.46,359.96,361.28,361.8,361.51,363.47,361.65,362.43,361.66,352.03
165,365.48,359.91,361.27,361.81,361.49,363.49,361.71,362.55,361.66,352.04
166,365.51,359.81,361.26,361.79,361.47,363.49,361.72,362.67,361.65,352.07
167,365.53,359.74,361.24,361.78,361.47,363.5,361.73,362.78,361.65,352.07
168,365.54,359.68,361.22,361.73,361.44,363.5,361.67,362.81,361.68,352.07
169,365.57,359.64,361.19,361.67,361.43,363.51,361.6,362.81,361.78,352.07
170,365.58,359.6,361.2,361.63,361.41,362.94,361.52,362.82,361.88,352.09
171,365.6,359.59,361.21,361.58,361.38,363.5,361.44,362.81,362.05,352.14
172,365.62,359.61,361.22,361.53,361.35,363.49,361.42,362.79,362.21,352.22
173,365.63,359.68,361.22,361.51,361.33,363.47,361.41,362.76,362.22,352.27
174,365.65,359.72,361.23,361.48,361.3,363.45,361.38,362.7,362.2,352.3
175,365.66,359.78,361.23,361.48,361.28,363.41,361.33,362.66,362.2,352.35
176,365.68,359.86,361.23,361.49,361.26,363.38,361.28,362.65,362.23,352.39
177,365.69,359.91,361.24,361.49,361.23,363.35,361.23,362.65,362.25,352.46
178,365.7,359.95,361.25,361.51,361.21,363.32,361.23,362.67,362.24,352.52
179,365.71,359.97,361.25,361.54,361.2,363.3,361.26,362.66,362.11,352.54
180,365.73,359.96,361.25,361.44,361.19,363.29,361.32,362.61,361.87,352.57
181,365.74,359.94,361.24,361.58,361.2,363.27,361.38,362.54,361.73,352.56
182,365.75,359.99,361.24,361.62,361.22,363.27,361.4,362.48,361.69,352.56
183,365.78,360.02,361.22,361.66,361.23,363.27,361.42,362.35,361.69,352.51
184,365.78,360.05,361.23,361.66,361.26,363.27,361.49,362.28,361.72,352.47
185,365.8,360.11,361.21,361.66,361.25,363.26,361.55,362.08,361.74,352.43
186,365.81,360.13,361.21,361.65,361.26,363.25,361.58,362.07,361.78,352.4
187,365.83,360.16,361.19,361.65,361.25,363.24,361.54,362.09,361.85,352.42
188,365.86,360.16,361.19,361.63,361.24,363.26,361.53,362.17,361.95,352.47
189,365.89,360.14,361.19,361.64,361.26,363.25,361.56,362.27,362.05,352.55
190,365.92,360.09,361.19,361.66,361.25,363.25,361.54,362.33,362.0,352.63
191,365.92,360.11,361.2,361.69,361.27,363.25,361.49,362.34,361.89,352.69
192,365.94,360.13,361.21,361.7,361.26,363.25,361.48,362.35,361.79,352.74
193,365.95,360.13,361.24,361.71,361.27,362.8,361.5,362.33,361.71,352.76
194,365.96,360.09,361.26,361.68,361.26,363.17,361.58,362.22,361.64,352.77
195,365.96,360.02,361.27,361.64,361.26,363.27,361.68,362.19,361.59,352.79
196,365.97,359.97,361.28,361.58,361.25,363.28,361.78,362.17,361.6,352.8
197,365.98,359.94,361.28,361.54,361.25,363.3,361.84,362.1,361.66,352.8
198,365.99,359.91,361.29,361.52,361.26,363.31,361.88,362.02,361.67,352.78
199,366.01,359.91,361.31,361.51,361.3,363.33,361.9,361.93,361.58,352.76
200,366.01,359.91,361.31,361.51,361.33,363.35,361.86,361.86,361.43,352.76
201,366.03,359.94,361.34,361.5,361.36,363.36,361.84,361.86,361.29,352.75
202,366.04,360.01,361.36,361.49,361.38,363.37,361.84,361.94,361.16,352.77
203,366.06,360.0,361.38,361.49,361.4,363.38,361.84,362.02,361.1,352.81
204,366.05,359.96,361.4,361.47,361.41,363.37,361.84,362.16,361.07,352.84
205,366.07,359.93,361.4,361.46,361.4,363.37,361.82,362.29,361.07,352.88
206,366.06,359.88,361.4,361.46,361.39,363.36,361.78,362.28,361.05,352.92
207,366.07,359.77,361.39,361.43,361.35,363.36,361.75,362.3,361.08,352.96
208,366.07,359.65,361.36,361.39,361.3,363.37,361.82,362.39,361.17,353.01
209,366.08,359.59,361.34,361.33,361.27,363.38,361.86,362.44,361.24,353.05
210,366.09,359.57,361.34,361.29,361.24,363.38,361.86,362.49,361.29,353.08
211,366.09,359.55,361.33,361.24,361.19,363.37,361.79,362.61,361.34,353.09
212,366.1,359.53,361.32,361.21,361.17,363.36,361.72,362.68,361.39,353.1
213,366.09,359.54,361.29,361.2,361.16,363.36,361.66,362.74,361.46,353.11
214,366.1,359.54,361.27,360.47,361.14,363.36,361.6,362.77,361.52,353.13
215,366.1,359.55,361.26,361.17,361.13,363.34,361.56,362.8,361.59,353.15
216,366.1,359.6,361.22,361.19,361.11,363.34,361.52,362.83,361.65,353.18
217,366.1,359.65,361.19,361.21,361.09,363.34,361.51,362.85,361.68,353.22
218,366.09,359.68,361.17,361.24,361.08,363.34,361.54,362.86,361.69,353.26
219,366.1,359.69,361.16,361.25,361.08,363.35,361.64,362.87,361.73,353.29
220,366.09,359.69,361.17,361.27,361.07,363.34,361.76,362.9,361.85,353.31
221,366.08,359.68,361.15,361.3,361.06,363.34,361.83,362.94,362.02,353.33
222,366.07,359.7,361.16,361.33,361.06,363.33,361.87,362.96,362.17,353.36
223,366.07,359.7,361.15,361.36,361.07,363.34,361.89,363.0,362.23,353.38
224,366.07,359.74,361.16,361.41,361.08,363.34,361.94,362.98,362.23,353.38
225,366.08,359.79,361.18,361.44,361.1,363.36,362.03,363.01,362.14,353.42
226,366.1,359.77,361.22,361.45,361.13,363.36,362.12,363.02,362.13,353.47
227,366.09,359.75,361.24,361.48,361.13,363.38,362.12,363.01,362.17,353.48
228,366.11,359.73,361.27,361.5,361.15,363.39,362.12,363.03,362.22,353.52
229,366.12,359.7,361.31,361.51,361.16,363.38,362.14,363.07,362.23,353.55
230,366.14,359.68,361.35,361.54,361.19,363.37,362.15,363.09,362.2,353.58
231,366.15,359.69,361.38,361.57,361.21,363.36,362.16,363.11,362.16,353.62
232,366.16,359.73,361.4,361.61,361.24,363.36,362.15,363.12,362.12,353.66
233,366.17,359.8,361.4,361.65,361.27,363.37,362.16,363.07,362.1,353.7
234,366.17,359.87,361.41,361.68,361.33,363.39,362.11,362.9,362.21,353.76
235,366.2,359.94,361.42,361.7,361.39,363.42,362.02,362.81,362.4,353.82
236,366.22,359.97,361.47,361.72,361.43,363.45,361.94,362.8,362.58,353.87
237,366.23,359.98,361.51,361.74,361.47,363.48,361.85,362.77,362.76,353.91
238,366.25,359.99,361.55,361.76,361.51,363.52,361.78,362.77,362.93,353.93
239,366.27,360.01,361.58,361.79,361.55,363.54,361.78,362.86,363.02,353.92
240,366.28,359.96,361.62,361.81,361.58,363.57,361.8,362.94,363.0,353.88
241,366.29,359.93,361.63,361.82,361.62,363.6,361.81,363.04,362.97,353.84
242,366.3,359.9,361.65,361.83,361.66,363.62,361.86,363.12,362.95,353.79
243,366.31,359.85,361.65,361.85,361.71,363.65,361.95,363.13,362.72,353.7
244,366.32,359.8,361.63,361.85,361.75,363.68,362.08,363.09,362.28,353.6
245,366.31,359.81,361.62,361.87,361.78,363.7,362.18,362.97,362.04,353.53
246,366.31,359.81,361.62,361.9,361.8,363.71,362.28,362.88,361.83,353.48
247,366.32,359.81,361.61,361.93,361.82,363.71,362.37,362.77,361.61,353.45
248,366.34,359.81,361.61,361.98,361.85,363.7,362.46,362.7,361.46,353.46
249,366.35,359.8,361.63,362.03,361.88,363.7,362.49,362.75,361.38,353.47
250,366.36,359.78,361.65,362.06,361.88,363.71,362.47,362.86,361.34,353.48
251,366.37,359.78,361.67,362.1,361.89,363.71,362.44,362.94,361.34,353.49
252,366.39,359.8,361.69,362.09,361.89,363.71,362.41,362.93,361.34,353.54
253,366.4,359.82,361.69,362.14,361.9,363.68,362.37,362.91,361.39,353.58
254,366.41,359.8,361.67,362.17,361.88,363.66,362.33,362.92,361.48,353.6
255,366.41,359.81,361.64,362.18,361.88,363.64,362.34,362.97,361.61,353.61
256,366.43,359.85,361.61,362.18,361.86,363.64,362.37,362.99,361.71,353.63
257,366.43,359.86,361.57,362.17,361.85,363.64,362.39,363.03,361.74,353.64
258,366.45,359.88,361.53,362.17,361.86,363.66,362.37,363.09,361.7,353.64
259,366.46,359.93,361.51,362.15,361.86,363.69,362.37,363.17,361.65,353.63
260,366.47,359.99,361.47,362.14,361.87,363.71,362.31,363.22,361.66,353.6
261,366.48,360.06,361.44,362.14,361.87,363.73,362.18,363.27,361.67,353.55
262,366.49,360.02,361.43,361.82,361.87,363.62,362.0,363.31,361.43,353.5
263,366.51,359.99,361.43,362.11,361.88,363.77,361.88,363.28,361.2,353.47
264,366.53,359.94,361.41,362.09,361.86,363.78,361.72,363.11,361.02,353.41
265,366.53,359.88,361.38,361.91,361.85,363.79,361.55,362.96,360.93,353.35
266,366.54,359.84,361.34,361.76,361.81,363.8,361.42,362.98,360.91,353.31
267,366.55,359.82,361.3,362.01,361.78,363.8,361.42,363.02,360.97,353.3
268,366.57,359.83,361.27,361.99,361.76,363.79,361.5,362.88,361.01,353.29
269,366.58,359.83,361.27,361.96,361.74,363.76,361.52,362.69,361.04,353.3
270,366.6,359.88,361.24,361.27,361.7,363.51,361.45,362.62,361.05,353.31
271,366.61,359.93,361.24,361.93,361.67,363.74,361.57,362.65,360.94,353.34
272,366.63,359.94,361.25,361.69,361.65,363.74,361.73,362.63,360.92,353.37
273,366.64,359.94,361.28,361.93,361.63,363.74,361.88,362.64,360.96,353.38
274,366.66,359.94,361.31,361.93,361.61,363.73,362.03,362.66,361.04,353.37
275,366.68,359.95,361.34,361.95,361.6,363.72,362.13,362.75,361.14,353.35
276,366.69,359.95,361.35,361.93,361.59,363.71,362.17,362.86,361.19,353.29
277,366.71,359.98,361.36,361.92,361.57,363.7,362.18,362.93,361.16,353.24
278,366.72,360.03,361.37,361.91,361.55,363.7,362.23,362.88,361.02,353.18
279,366.74,360.11,361.38,361.89,361.53,363.68,362.34,362.86,360.79,353.07
280,366.76,360.15,361.43,361.91,361.53,363.63,362.43,362.79,360.61,352.94
281,366.78,360.16,361.47,361.93,361.53,363.56,362.45,362.68,360.47,352.85
282,366.78,360.17,361.47,361.94,361.53,363.52,362.41,362.65,360.35,352.77
283,366.8,360.17,361.45,361.96,361.53,363.5,362.33,362.53,360.23,352.71
284,366.81,360.17,361.44,362.0,361.51,363.49,362.21,362.36,360.18,352.65
285,366.81,360.18,361.44,362.01,361.5,363.46,362.09,362.15,360.18,352.63
286,366.83,360.2,361.46,361.98,361.5,363.48,362.06,362.0,360.23,352.65
287,366.84,360.24,361.45,361.92,361.52,363.48,361.99,361.9,360.3,352.67
288,366.86,360.28,361.44,361.87,361.54,363.48,361.82,361.93,360.33,352.7
289,366.86,360.32,361.43,361.83,361.54,363.49,361.69,362.0,360.31,352.71
290,366.87,360.34,361.4,361.78,361.54,363.49,361.65,362.11,360.34,352.75
291,366.88,360.34,361.4,361.71,361.53,363.49,361.65,362.13,360.39,352.79
292,366.87,360.32,361.41,361.6,361.53,363.49,361.71,362.21,360.44,352.82
293,366.88,360.27,361.43,361.49,361.53,363.48,361.8,362.3,360.46,352.84
294,366.87,360.21,361.48,361.43,361.54,363.45,361.9,362.38,360.48,352.84
295,366.88,360.15,361.51,361.2,361.55,363.4,361.99,362.47,360.51,352.83
296,366.88,360.09,361.55,361.39,361.54,363.36,362.05,362.54,360.51,352.83
297,366.88,359.98,361.61,361.38,361.54,363.3,362.07,362.65,360.57,352.84
298,366.88,359.91,361.64,361.38,361.52,363.28,362.13,362.78,360.64,352.89
299,366.87,359.88,361.63,361.36,361.49,363.26,362.17,362.91,360.69,352.93
300,366.87,359.88,361.62,361.32,361.46,363.25,362.19,363.04,360.74,352.96
301,366.87,359.86,361.62,361.3,361.44,363.24,362.2,363.13,360.8,352.98
302,366.87,359.85,361.64,361.29,361.43,363.24,362.22,363.2,360.87,352.99
303,366.86,359.85,361.65,361.3,361.42,363.26,362.24,363.24,360.97,352.98
304,366.86,359.87,361.66,361.33,361.41,363.29,362.27,363.22,361.05,352.98
305,366.85,359.88,361.7,361.38,361.4,363.3,362.32,363.18,361.11,352.98
306,366.85,359.82,361.73,361.43,361.42,363.33,362.38,363.21,361.12,352.97
307,366.84,359.71,361.75,361.47,361.45,363.34,362.39,363.25,361.04,352.93
308,366.83,359.63,361.75,361.5,361.47,363.35,362.35,363.3,360.95,352.88
309,366.82,359.58,361.76,361.53,361.49,363.34,362.32,363.28,360.88,352.83
310,366.81,359.54,361.79,361.57,361.52,362.97,362.32,363.3,360.84,352.77
311,366.8,359.54,361.79,361.59,361.55,363.33,362.31,363.35,360.76,352.74
312,366.79,359.58,361.79,361.45,361.57,363.31,362.27,363.41,360.72,352.71
313,366.79,359.63,361.79,361.67,361.58,363.32,362.25,363.47,360.7,352.69
314,366.79,359.69,361.77,361.73,361.59,363.36,362.23,363.45,360.72,352.67
315,366.79,359.78,361.74,361.78,361.59,363.39,362.29,363.31,360.73,352.64
316,366.8,359.83,361.68,361.84,361.6,363.4,362.45,363.19,360.67,352.6
317,366.8,359.86,361.63,361.87,361.59,363.41,362.54,363.1,360.64,352.57
318,366.81,359.88,361.61,361.92,361.61,363.43,362.5,362.97,360.64,352.55
319,366.82,359.87,361.62,361.99,361.62,363.46,362.37,362.89,360.67,352.55
320,366.83,359.84,361.65,362.03,361.61,363.49,362.26,362.77,360.7,352.55
321,366.85,359.81,361.66,362.06,361.61,363.53,362.24,362.56,360.76,352.57
322,366.86,359.78,361.63,362.07,361.6,363.55,362.31,362.37,360.85,352.58
323,366.88,359.77,361.57,362.07,361.59,363.58,362.36,362.2,360.88,352.6
324,366.91,359.78,361.41,362.07,361.56,363.6,362.28,362.24,360.84,352.62
325,366.93,359.8,361.34,362.04,361.54,363.61,362.23,362.36,360.84,352.65
326,366.94,359.81,361.35,362.0,361.55,363.6,362.31,362.52,360.83,352.68
327,366.96,359.8,361.36,361.97,361.56,363.58,362.36,362.62,360.79,352.7
328,366.97,359.79,361.37,361.96,361.59,363.57,362.4,362.61,360.78,352.73
329,366.98,359.78,361.38,361.93,361.59,363.57,362.42,362.62,360.72,352.77
330,367.0,359.74,361.41,361.9,361.61,363.55,362.42,362.67,360.71,352.81
331,367.02,359.7,361.43,361.75,361.61,363.01,362.42,362.62,360.75,352.86
332,367.02,359.68,361.48,361.87,361.61,363.5,362.42,362.41,360.79,352.89
333,367.05,359.76,361.56,361.86,361.62,363.24,362.33,362.33,360.85,352.94
334,367.07,359.88,361.63,361.87,361.61,363.46,362.25,362.27,360.94,352.98
335,367.08,359.92,361.66,361.9,361.63,363.45,362.23,362.62,360.99,352.97
336,367.1,359.92,361.72,361.92,361.64,363.43,362.25,362.72,360.98,352.93
337,367.11,359.95,361.76,361.94,361.67,363.44,362.31,362.67,360.94,352.91
338,367.13,359.92,361.8,361.94,361.69,363.44,362.37,362.53,360.88,352.9
339,367.14,359.88,361.84,361.94,361.71,363.44,362.42,362.39,360.8,352.89
340,367.15,359.83,361.89,361.94,361.74,363.45,362.42,362.38,360.69,352.87
341,367.16,359.77,361.91,361.96,361.76,363.44,362.41,362.46,360.58,352.86
342,367.19,359.78,361.9,361.99,361.79,363.42,362.38,362.54,360.47,352.83
343,367.21,359.72,361.86,362.02,361.81,363.37,362.44,362.6,360.44,352.82
344,367.22,359.71,361.82,362.04,361.81,363.31,362.47,362.59,360.45,352.8
345,367.23,359.73,361.8,362.03,361.77,363.26,362.48,362.59,360.48,352.78
346,367.23,359.65,361.78,362.03,361.72,363.23,362.47,362.63,360.47,352.75
347,367.23,359.57,361.79,362.03,361.67,363.24,362.5,362.67,360.48,352.7
348,367.22,359.51,361.84,362.02,361.65,363.24,362.56,362.75,360.49,352.64
349,367.21,359.48,361.89,362.0,361.6,363.25,362.63,362.91,360.5,352.61
350,367.19,359.49,361.92,362.01,361.56,363.25,362.71,363.04,360.55,352.6
351,367.17,359.51,361.98,362.03,361.51,363.26,362.79,363.1,360.66,352.64
352,367.16,359.46,362.03,362.05,361.45,363.27,362.85,363.07,360.77,352.72
353,367.13,359.38,362.04,362.1,361.42,363.27,362.85,362.96,360.81,352.76
354,367.12,359.3,362.06,362.15,361.36,363.28,362.83,362.87,360.85,352.77
355,367.11,359.23,362.09,362.19,361.33,363.3,362.81,362.87,360.92,352.8
356,367.1,359.2,362.11,362.19,361.3,363.32,362.79,362.89,360.98,352.83
357,367.08,359.19,362.1,362.17,361.25,363.36,362.77,362.91,361.03,352.85
358,367.08,359.25,362.1,362.17,361.22,363.4,362.77,362.91,361.06,352.88
359,367.07,359.33,362.09,362.16,361.22,363.43,362.74,362.92,361.03,352.91
360,367.08,359.46,362.11,362.14,361.24,363.47,362.64,362.95,361.01,352.93
361,367.09,359.56,362.07,362.11,361.28,363.5,362.54,363.0,360.99,352.91
362,367.11,359.6,362.02,362.08,361.33,363.49,362.5,363.08,360.98,352.9
363,367.13,359.6,361.96,362.07,361.35,363.6,362.42,363.21,360.98,352.89
364,367.16,359.57,361.94,362.05,361.39,363.61,362.48,363.35,360.98,352.9
365,367.17,359.52,361.93,362.02,361.42,363.63,362.55,363.44,360.95,352.92
366,367.18,359.49,361.95,362.01,361.43,363.65,362.64,363.47,360.92,352.94
367,367.21,359.49,361.99,361.97,361.46,363.64,362.73,363.5,360.92,352.98
368,367.21,359.49,362.01,361.94,361.47,363.62,362.81,363.54,360.9,353.03
369,367.24,359.47,362.05,361.92,361.5,363.63,362.9,363.48,360.98,353.09
370,367.26,359.42,362.1,361.87,361.53,363.62,362.98,363.45,361.11,353.13
371,367.28,359.38,362.1,361.84,361.55,363.64,362.99,363.53,361.17,353.15
372,367.29,359.39,362.08,361.81,361.57,363.66,362.99,363.54,361.19,353.15
373,367.3,359.43,362.04,361.8,361.6,363.44,363.0,363.49,361.16,353.17
374,367.31,359.43,362.0,361.77,361.63,363.68,363.01,363.53,361.09,353.18
375,367.33,359.38,361.96,361.72,361.66,363.71,363.01,363.56,361.04,353.2
376,367.33,359.29,361.94,361.66,361.68,363.74,363.04,363.57,361.01,353.24
377,367.36,359.22,361.92,361.61,361.7,363.77,363.1,363.55,361.03,353.3
378,367.38,359.21,361.94,361.62,361.7,363.82,363.16,363.54,361.09,353.4
379,367.4,359.25,361.97,361.68,361.7,363.85,363.16,363.55,361.23,353.5
380,367.42,359.33,361.99,361.71,361.71,363.88,363.2,363.52,361.32,353.55
381,367.44,359.43,361.99,361.73,361.72,363.9,363.24,363.57,361.43,353.58
382,367.46,359.47,361.96,361.81,361.73,363.93,363.28,363.65,361.5,353.59
383,367.47,359.47,361.94,361.85,361.75,363.95,363.28,363.74,361.52,353.6
384,367.48,359.44,361.92,361.9,361.76,363.96,363.24,363.85,361.52,353.62
385,367.5,359.4,361.93,361.94,361.78,363.95,363.21,363.98,361.51,353.67
386,367.51,359.33,361.93,361.73,361.82,363.96,363.26,364.07,361.41,353.75
387,367.53,359.26,361.95,362.01,361.86,363.96,363.27,364.06,361.29,353.81
388,367.54,359.22,361.94,362.04,361.89,363.63,363.21,363.88,361.31,353.86
389,367.53,359.19,361.94,362.08,361.91,363.93,363.13,363.74,361.31,353.89
390,367.55,359.24,361.93,362.11,361.95,363.86,363.14,363.65,361.33,353.93
391,367.55,359.27,361.92,362.13,361.98,363.95,363.15,363.77,361.33,353.95
392,367.56,359.27,361.9,362.14,361.99,363.98,363.07,363.9,361.32,353.96
393,367.57,359.28,361.9,362.14,362.0,363.86,363.02,364.01,361.32,353.99
394,367.58,359.3,361.89,362.13,362.02,363.96,362.96,364.06,361.33,354.01
395,367.58,359.31,361.88,362.1,362.02,363.96,362.88,364.11,361.39,354.0
396,367.6,359.25,361.88,362.07,362.01,363.96,362.71,364.13,361.45,353.99
397,367.62,359.18,361.89,362.03,361.98,363.98,362.58,364.05,361.48,353.98
398,367.63,359.15,361.92,361.99,361.98,364.01,362.66,363.9,361.53,354.0
399,367.63,359.14,361.94,361.96,361.97,364.03,362.78,363.83,361.54,353.99
400,367.63,359.13,361.98,361.96,361.94,364.06,362.89,363.77,361.56,353.99
401,367.64,359.15,362.03,361.95,361.93,364.06,362.96,363.77,361.6,353.98
402,367.63,359.16,362.04,361.96,361.91,364.07,363.0,363.58,361.6,353.96
403,367.63,359.16,362.05,361.94,361.9,364.07,362.92,363.42,361.61,353.95
404,367.64,359.15,362.05,361.96,361.92,364.08,362.97,363.36,361.62,353.95
405,367.64,359.11,362.07,361.96,361.93,364.08,363.03,363.4,361.64,353.97
406,367.67,359.06,362.09,361.96,361.97,364.09,362.96,363.49,361.64,353.98
407,367.68,359.06,362.09,361.94,362.0,364.1,363.0,363.59,361.61,353.99
408,367.69,359.06,362.07,361.92,362.03,364.11,363.09,363.64,361.61,354.04
409,367.71,359.04,362.05,361.91,362.05,364.14,363.12,363.63,361.57,354.09
410,367.73,359.04,362.03,361.95,362.09,364.16,363.18,363.5,361.53,354.16
411,367.75,359.07,362.03,362.02,362.13,364.17,363.25,363.44,361.53,354.22
412,367.77,359.15,362.04,362.09,362.15,364.17,363.33,363.45,361.49,354.28
413,367.79,359.22,362.07,362.15,362.18,364.17,363.4,363.43,361.46,354.3
414,367.8,359.28,362.07,362.21,362.2,364.18,363.48,363.25,361.38,354.31
415,367.82,359.32,362.03,362.24,362.17,364.19,363.45,363.21,361.31,354.3
416,367.83,359.33,361.99,362.29,362.14,364.2,363.36,363.09,361.31,354.31
417,367.84,359.32,361.96,362.34,362.12,364.21,363.34,362.92,361.34,354.32
418,367.86,359.28,361.93,362.36,362.1,364.22,363.3,362.89,361.39,354.32
419,367.87,359.23,361.89,362.38,362.1,364.21,363.18,362.98,361.47,354.33
420,367.88,359.19,361.84,362.38,362.11,364.18,363.11,363.15,361.57,354.36
421,367.89,359.17,361.8,362.39,362.12,364.16,363.13,363.33,361.67,354.37
422,367.89,359.13,361.8,362.4,362.17,364.13,363.21,363.45,361.92,354.41
423,367.87,359.09,361.84,362.43,362.22,364.1,363.3,363.59,362.24,354.42
424,367.87,359.1,361.89,362.48,362.25,364.09,363.36,363.69,362.43,354.44
425,367.87,359.12,361.95,362.53,362.26,364.1,363.39,363.63,362.56,354.45
426,367.86,359.15,362.01,362.55,362.28,364.12,363.4,363.81,362.62,354.44
427,367.86,359.18,362.07,362.55,362.28,364.15,363.4,363.81,362.68,354.43
428,367.85,359.2,362.1,362.55,362.28,364.16,363.4,363.8,362.72,354.42
429,367.86,359.23,362.15,362.54,362.29,364.06,363.47,363.82,362.76,354.47
430,367.85,359.26,362.2,362.54,362.28,363.91,363.51,363.91,362.76,354.49
431,367.86,359.28,362.24,362.53,362.27,364.12,363.54,364.0,362.73,354.54
432,367.86,359.31,362.29,362.52,362.27,364.11,363.56,363.81,362.68,354.59
433,367.86,359.28,362.34,362.54,362.28,364.09,363.56,363.68,362.59,354.63
434,367.87,359.25,362.37,362.54,362.29,364.07,363.59,363.74,362.45,354.63
435,367.87,359.24,362.4,362.55,362.3,364.06,363.59,363.84,362.36,354.63
436,367.88,359.26,362.44,362.56,362.32,364.03,363.59,363.88,362.32,354.63
437,367.88,359.29,362.45,362.58,362.32,364.03,363.58,363.88,362.28,354.61
438,367.88,359.34,362.45,362.54,362.34,364.03,363.57,363.9,362.3,354.61
439,367.89,359.37,362.46,362.62,362.36,364.04,363.6,363.97,362.31,354.61
440,367.89,359.35,362.44,362.64,362.36,364.04,363.63,364.07,362.33,354.62
441,367.91,359.3,362.42,362.66,362.39,364.06,363.63,364.08,362.34,354.62
442,367.92,359.29,362.44,362.68,362.42,364.08,363.65,364.0,362.34,354.61
443,367.94,359.28,362.47,362.71,362.43,364.1,363.7,364.06,362.34,354.61
444,367.96,359.29,362.51,362.73,362.45,364.12,363.68,364.06,362.36,354.63
445,367.96,359.31,362.53,362.77,362.45,364.15,363.55,364.0,362.39,354.64
446,367.98,359.35,362.53,362.82,362.47,364.18,363.49,363.98,362.44,354.64
447,368.0,359.4,362.51,362.86,362.49,364.2,363.51,364.03,362.51,354.64
448,368.0,359.45,362.5,362.9,362.5,364.25,363.53,363.91,362.56,354.63
449,368.02,359.48,362.48,362.91,362.51,364.28,363.59,364.09,362.56,354.61
450,368.03,359.54,362.43,362.91,362.51,364.31,363.72,364.07,362.56,354.58
451,368.05,359.6,362.39,362.91,362.53,364.23,363.81,364.08,362.55,354.59
452,368.06,359.62,362.38,362.9,362.54,364.37,363.8,364.07,362.52,354.64
453,368.07,359.63,362.37,362.9,362.56,364.4,363.77,364.03,362.48,354.69
454,368.08,359.62,362.35,362.92,362.58,364.42,363.74,364.04,362.46,354.77
455,368.09,359.58,362.33,362.94,362.6,364.45,363.73,364.05,362.48,354.84
456,368.1,359.56,362.31,362.97,362.62,364.47,363.75,364.08,362.51,354.92
457,368.12,359.57,362.32,363.0,362.65,364.48,363.83,364.14,362.58,354.98
458,368.13,359.59,362.32,363.04,362.7,364.5,363.84,364.27,362.74,355.05
459,368.16,359.6,362.34,363.08,362.74,364.52,363.75,364.37,362.95,355.1
460,368.17,359.59,362.35,363.12,362.72,364.52,363.75,364.42,363.08,355.13
461,368.19,359.55,362.38,363.15,362.71,364.52,363.72,364.42,363.22,355.14
462,368.2,359.48,362.41,363.18,362.69,364.51,363.74,364.34,363.36,355.13
463,368.2,359.42,362.46,363.21,362.69,364.5,363.77,364.14,363.44,355.11
464,368.21,359.38,362.49,363.23,362.69,364.5,363.8,364.01,363.43,355.11
465,368.22,359.4,362.52,363.21,362.69,364.49,363.78,363.96,363.28,355.13
466,368.23,359.45,362.53,363.2,362.68,364.49,363.62,364.01,363.09,355.13
467,368.23,359.51,362.54,363.16,362.69,364.47,363.5,364.15,362.91,355.16
468,368.25,359.61,362.55,363.12,362.67,364.46,363.48,364.32,362.7,355.18
469,368.26,359.69,362.58,363.08,362.66,364.44,363.54,364.45,362.59,355.19
470,368.27,359.73,362.6,363.05,362.67,364.41,363.6,364.56,362.56,355.19
471,368.29,359.79,362.63,363.03,362.67,364.41,363.64,364.59,362.55,355.21
472,368.29,359.83,362.66,362.99,362.67,364.41,363.71,364.64,362.56,355.22
473,368.3,359.86,362.7,362.94,362.68,364.39,363.78,364.7,362.57,355.23
474,368.31,359.9,362.73,362.92,362.68,364.36,363.81,364.71,362.55,355.23
475,368.32,359.96,362.77,362.89,362.69,364.33,363.81,364.73,362.47,355.23
476,368.33,359.99,362.79,362.86,362.69,364.31,363.8,364.73,362.4,355.24
477,368.34,359.97,362.79,362.81,362.69,364.3,363.79,364.75,362.28,355.27
478,368.35,359.92,362.78,362.78,362.69,364.29,363.82,364.77,362.2,355.31
479,368.36,359.92,362.77,362.7,362.68,364.3,363.83,364.81,362.22,355.33
480,368.37,359.94,362.75,362.42,362.67,364.31,363.82,364.82,362.27,355.34
481,368.37,359.91,362.74,362.56,362.66,364.34,363.75,364.76,362.31,355.35
482,368.39,359.85,362.72,362.52,362.64,364.35,363.68,364.77,362.35,355.35
483,368.39,359.8,362.71,362.49,362.62,364.35,363.66,364.82,362.44,355.38
484,368.39,359.79,362.72,362.48,362.6,364.36,363.71,364.87,362.52,355.41
485,368.4,359.75,362.7,362.47,362.59,364.36,363.77,364.87,362.54,355.44
486,368.39,359.65,362.68,362.45,362.58,364.36,363.87,364.9,362.61,355.44
487,368.39,359.54,362.66,362.44,362.58,364.37,363.91,364.92,362.71,355.45
488,368.39,359.51,362.66,362.43,362.59,364.39,363.9,364.93,362.77,355.47
489,368.37,359.5,362.68,362.41,362.58,364.39,363.86,364.92,362.82,355.47
490,368.39,359.54,362.72,362.43,362.6,364.4,363.86,364.88,362.85,355.49
491,368.38,359.6,362.75,362.45,362.62,364.41,363.91,364.83,362.92,355.47
492,368.38,359.65,362.76,362.49,362.63,364.43,364.01,364.73,362.94,355.47
493,368.39,359.74,362.77,362.55,362.64,364.44,364.12,364.26,362.95,355.47
494,368.41,359.76,362.81,362.63,362.67,364.44,364.2,364.19,362.98,355.47
495,368.43,359.71,362.85,362.73,362.7,364.46,364.17,364.03,362.99,355.46
496,368.44,359.72,362.85,362.8,362.69,364.45,364.12,363.95,363.01,355.48
497,368.45,359.73,362.81,362.84,362.68,364.44,364.11,363.88,363.03,355.5
498,368.46,359.76,362.77,362.88,362.65,364.44,364.11,363.91,363.05,355.51
499,368.47,359.79,362.75,362.9,362.62,364.45,364.07,364.01,363.07,355.53
500,368.48,359.8,362.73,362.91,362.57,364.47,364.06,364.09,363.07,355.57
501,368.5,359.81,362.71,362.9,362.55,364.5,364.08,364.13,363.01,355.62
502,368.5,359.78,362.68,362.89,362.5,364.52,364.05,364.17,362.96,355.66
503,368.5,359.76,362.64,362.52,362.47,364.54,363.99,364.17,362.96,355.7
504,368.5,359.77,362.63,362.88,362.44,364.56,363.98,364.11,362.97,355.7
505,368.52,359.83,362.68,362.88,362.44,364.56,363.97,364.11,362.99,355.69
506,368.52,359.86,362.73,362.88,362.44,364.56,363.96,364.18,362.95,355.67
507,368.52,359.88,362.76,362.89,362.45,364.56,363.99,364.38,362.88,355.65
508,368.53,359.91,362.79,362.9,362.45,364.56,364.05,364.55,362.81,355.64
509,368.53,359.94,362.83,362.9,362.49,364.55,364.11,364.68,362.72,355.66
510,368.54,359.98,362.85,362.92,362.51,364.53,364.15,364.74,362.66,355.69
511,368.54,360.02,362.86,362.95,362.55,364.53,364.11,364.75,362.66,355.72
512,368.53,360.01,362.88,362.95,362.57,364.51,364.11,364.81,362.72,355.76
513,368.53,360.0,362.89,362.96,362.62,364.5,364.09,364.86,362.83,355.8
514,368.55,359.99,362.91,362.94,362.66,364.49,364.14,364.95,362.93,355.81
515,368.55,359.99,362.93,362.94,362.69,364.51,364.2,365.04,362.98,355.79
516,368.55,360.0,362.95,362.94,362.71,364.52,364.23,365.11,363.0,355.78
517,368.55,360.02,362.96,362.95,362.72,364.54,364.24,365.16,362.96,355.77
518,368.56,360.05,362.97,362.94,362.72,364.57,364.26,365.22,362.91,355.76
519,368.57,360.08,362.99,362.94,362.75,364.61,364.29,365.24,362.86,355.75
520,368.58,360.12,362.99,362.95,362.76,364.66,364.32,365.18,362.85,355.76
521,368.59,360.17,363.0,362.96,362.78,364.71,364.37,365.06,362.85,355.75
522,368.6,360.24,363.01,362.98,362.79,364.78,364.43,365.01,362.94,355.73
523,368.61,360.27,363.01,363.01,362.8,364.83,364.42,365.11,363.07,355.72
524,368.61,360.27,363.02,363.05,362.8,364.88,364.44,365.28,363.16,355.71
525,368.6,360.25,363.03,363.09,362.78,364.91,364.5,365.42,363.27,355.7
526,368.61,360.24,363.03,363.12,362.78,364.94,364.6,365.49,363.35,355.69
527,368.63,360.22,363.05,363.14,362.8,364.94,364.67,365.51,363.37,355.67
528,368.63,360.21,363.05,363.18,362.82,364.93,364.72,365.52,363.37,355.64
529,368.64,360.19,363.03,363.22,362.83,364.9,364.72,365.46,363.37,355.6
530,368.66,360.17,363.01,363.24,362.85,364.9,364.72,365.38,363.38,355.56
531,368.66,360.09,362.95,363.27,362.88,364.9,364.66,365.12,363.35,355.51
532,368.67,359.96,362.89,363.29,362.91,364.88,364.56,365.37,363.24,355.46
533,368.68,359.89,362.86,363.31,362.94,364.87,364.42,365.39,363.13,355.45
534,368.68,359.83,362.84,363.32,362.96,364.85,364.23,365.4,363.02,355.43
535,368.7,359.78,362.82,363.33,362.98,364.82,364.02,365.4,362.89,355.41
536,368.71,359.75,362.83,363.34,362.99,364.79,363.91,365.4,362.79,355.4
537,368.71,359.71,362.81,363.32,362.99,364.78,363.87,365.34,362.71,355.38
538,368.71,359.72,362.8,363.3,363.0,364.78,363.88,365.15,362.66,355.37
539,368.71,359.73,362.79,363.29,362.98,364.78,363.89,365.02,362.64,355.38
540,368.71,359.75,362.76,363.28,362.92,364.78,363.96,364.91,362.64,355.38
541,368.7,359.77,362.74,363.28,362.86,364.79,364.03,364.79,362.61,355.38
542,368.69,359.82,362.75,363.3,362.88,364.81,363.95,364.7,362.62,355.38
543,368.7,359.87,362.75,363.32,362.89,364.83,363.82,364.56,362.64,355.37
544,368.7,359.92,362.77,363.37,362.92,364.88,363.82,364.44,362.71,355.38
545,368.71,359.96,362.8,363.41,362.94,364.93,363.9,364.42,362.77,355.4
546,368.71,360.02,362.79,363.45,362.96,364.96,364.0,364.42,362.83,355.44
547,368.71,360.04,362.8,363.48,363.0,364.98,364.08,364.48,362.9,355.48
548,368.72,360.04,362.84,363.49,363.05,365.0,364.03,364.54,362.98,355.52
549,368.74,360.06,362.89,363.51,363.12,365.04,364.06,364.66,363.13,355.58
550,368.77,360.1,362.95,363.53,363.19,365.07,364.25,364.8,363.26,355.64
551,368.79,360.12,362.98,363.56,363.24,365.1,364.36,364.94,363.29,355.68
552,368.81,360.15,363.0,363.59,363.28,365.12,364.46,365.03,363.38,355.75
553,368.82,360.16,363.03,363.6,363.32,365.14,364.54,365.14,363.5,355.82
554,368.84,360.17,363.06,363.57,363.33,365.16,364.62,365.22,363.63,355.87
555,368.86,360.16,363.08,363.55,363.32,365.15,364.7,365.27,363.69,355.91
556,368.88,360.15,363.1,363.5,363.32,365.14,364.75,365.27,363.65,355.94
557,368.9,360.17,363.1,363.45,363.28,365.13,364.78,365.3,363.55,355.94
558,368.92,360.2,363.08,363.38,363.23,365.1,364.82,365.37,363.44,355.92
559,368.96,360.21,363.07,363.34,363.18,365.06,364.79,365.4,363.4,355.92
560,368.97,360.22,363.07,363.32,363.14,365.01,364.75,365.38,363.36,355.94
561,368.98,360.23,363.06,363.37,363.11,364.97,364.76,365.37,363.33,355.97
562,369.0,360.25,363.06,363.41,363.09,364.96,364.78,365.36,363.33,355.99
563,369.0,360.28,363.05,363.45,363.08,364.93,364.79,365.33,363.35,355.99
564,369.01,360.28,363.06,363.48,363.07,364.89,364.79,365.31,363.37,355.99
565,369.02,360.26,363.06,363.5,363.07,364.86,364.81,365.32,363.44,356.01
566,369.03,360.19,363.06,363.49,363.03,364.82,364.85,365.36,363.56,356.05
567,369.03,360.13,363.06,363.47,362.95,364.81,364.78,365.43,363.67,356.07
568,369.05,360.09,363.06,363.48,362.89,364.82,364.72,365.54,363.71,356.09
569,369.04,360.08,363.08,363.49,362.86,364.83,364.67,365.58,363.72,356.09
570,369.05,360.08,363.1,363.47,362.82,364.84,364.67,365.6,363.75,356.1
571,369.06,360.08,363.14,363.46,362.77,364.86,364.71,365.53,363.78,356.07
572,369.06,360.09,363.14,363.4,362.75,364.88,364.78,365.4,363.79,356.06
573,369.06,360.09,363.14,363.3,362.72,364.93,364.79,365.4,363.77,356.01
574,369.07,360.07,363.13,363.22,362.7,364.97,364.79,365.4,363.76,356.0
575,369.08,360.06,363.14,363.17,362.7,365.01,364.78,365.35,363.73,355.99
576,369.1,360.05,363.13,363.17,362.72,365.05,364.79,365.33,363.69,356.0
577,369.11,360.02,363.15,363.2,362.75,365.09,364.78,365.28,363.68,356.03
578,369.12,360.02,363.14,363.24,362.75,365.12,364.79,365.26,363.67,356.05
579,369.13,360.05,363.15,363.3,362.75,365.15,364.8,365.29,363.68,356.07
580,369.15,360.11,363.15,363.36,362.74,365.16,364.82,365.3,363.68,356.05
581,369.16,360.17,363.17,363.41,362.73,365.15,364.85,365.28,363.63,356.04
582,369.16,360.23,363.2,363.41,362.74,365.16,364.87,365.35,363.56,356.04
583,369.17,360.26,363.22,363.38,362.76,365.16,364.9,365.42,363.52,356.07
584,369.17,360.3,363.25,363.36,362.79,365.16,364.89,365.17,363.48,356.1
585,369.19,360.36,363.27,363.35,362.84,365.16,364.9,364.87,363.51,356.12
586,369.19,360.41,363.29,363.37,362.89,365.16,364.94,364.91,363.57,356.1
587,369.21,360.45,363.28,363.39,362.94,365.16,364.88,365.07,363.61,356.07
588,369.22,360.47,363.27,363.41,362.98,365.17,364.78,365.25,363.63,356.05
589,369.23,360.53,363.25,363.43,363.04,365.19,364.77,365.4,363.63,356.04
590,369.24,360.59,363.22,363.45,363.09,365.2,364.83,365.51,363.65,356.02
591,369.24,360.6,363.18,363.45,363.12,365.21,364.88,365.63,363.7,356.01
592,369.24,360.6,363.15,363.45,363.18,365.24,364.93,365.74,363.75,356.02
593,369.25,360.56,363.11,363.44,363.21,365.24,364.95,365.82,363.78,356.03
594,369.27,360.46,363.08,363.43,363.23,365.25,364.97,365.79,363.76,356.09
595,369.28,360.42,363.09,363.39,363.24,365.28,364.99,365.69,363.73,356.14
596,369.29,360.43,363.11,363.36,363.25,365.3,365.0,365.6,363.7,356.19
597,369.3,360.48,363.11,363.34,363.26,365.3,365.0,365.53,363.64,356.2
598,369.3,360.51,363.12,363.31,363.28,365.3,365.01,365.47,363.58,356.21
599,369.29,360.54,363.15,363.31,363.3,365.32,364.95,365.53,363.53,356.22
600,369.29,360.59,363.17,363.32,363.31,365.32,364.89,365.55,363.49,356.22
601,369.29,360.65,363.2,363.25,363.32,365.32,364.85,365.54,363.51,356.26
602,369.28,360.65,363.23,363.34,363.35,365.32,364.81,365.61,363.57,356.3
603,369.27,360.61,363.27,363.37,363.37,365.32,364.78,365.7,363.72,356.37
604,369.26,360.57,363.32,363.38,363.37,365.33,364.8,365.8,363.89,356.46
605,369.26,360.55,363.34,363.36,363.37,365.34,364.82,365.9,363.99,356.5
606,369.24,360.56,363.36,363.34,363.38,365.36,364.83,365.98,364.08,356.54
607,369.24,360.57,363.39,363.31,363.37,365.36,364.85,366.03,364.15,356.55
608,369.22,360.62,363.43,363.3,363.37,365.37,364.91,366.07,364.17,356.53
609,369.22,360.66,363.45,363.28,363.38,365.39,364.97,366.08,364.17,356.51
610,369.22,360.65,363.47,363.26,363.39,365.41,365.02,366.01,364.16,356.47
611,369.22,360.59,363.49,363.26,363.39,365.43,365.1,365.86,364.16,356.42
612,369.23,360.64,363.5,363.25,363.4,365.45,365.22,365.69,364.21,356.39
613,369.24,360.65,363.52,363.24,363.42,365.47,365.14,365.62,364.3,356.36
614,369.25,360.62,363.53,363.24,363.42,365.49,365.03,365.5,364.41,356.32
615,369.27,360.58,363.54,363.26,363.42,365.51,365.06,365.4,364.45,356.3
616,369.28,360.57,363.54,363.3,363.43,365.51,365.15,365.37,364.43,356.29
617,369.29,360.56,363.5,363.34,363.44,365.52,365.23,365.45,364.39,356.29
618,369.3,360.56,363.47,363.38,363.45,365.52,365.28,365.55,364.35,356.33
619,369.32,360.55,363.44,363.41,363.47,365.49,365.32,365.65,364.33,356.37
620,369.34,360.52,363.42,363.45,363.46,365.44,365.16,365.58,364.23,356.38
621,369.36,360.49,363.44,363.5,363.43,365.39,364.98,365.56,364.06,356.36
622,369.38,360.47,363.46,363.56,363.39,365.37,364.92,365.68,363.95,356.36
623,369.39,360.45,363.49,363.59,363.33,365.36,364.86,365.85,363.87,356.36
624,369.39,360.39,363.49,363.6,363.27,365.2,364.8,365.94,363.84,356.36
625,369.4,360.35,363.52,363.61,363.21,365.36,364.76,365.98,363.87,356.39
626,369.41,360.36,363.54,363.65,363.18,365.36,364.78,366.03,363.88,356.43
627,369.42,360.35,363.56,363.68,363.15,365.37,364.79,365.97,363.87,356.46
628,369.43,360.36,363.57,363.71,363.14,365.37,364.77,365.84,363.87,356.48
629,369.45,360.32,363.58,363.76,363.17,365.39,364.74,365.82,363.97,356.53
630,369.45,360.37,363.58,363.83,363.2,365.39,364.82,365.83,364.14,356.59
631,369.46,360.44,363.58,363.88,363.24,365.4,364.88,365.82,364.24,356.62
632,369.46,360.5,363.55,363.91,363.28,365.41,364.92,365.84,364.33,356.65
633,369.47,360.56,363.53,363.95,363.35,365.43,364.97,365.87,364.38,356.67
634,369.48,360.61,363.52,363.98,363.4,365.45,365.05,365.88,364.38,356.7
635,369.49,360.66,363.52,363.99,363.44,365.46,365.12,365.9,364.37,356.72
636,369.5,360.66,363.49,363.98,363.47,365.47,365.18,365.93,364.38,356.75
637,369.5,360.66,363.46,363.81,363.5,365.49,365.22,365.93,364.34,356.75
638,369.51,360.62,363.43,363.93,363.52,365.49,365.25,365.93,364.32,356.75
639,369.53,360.56,363.44,363.91,363.57,365.49,365.3,365.9,364.31,356.75
640,369.55,360.47,363.44,363.88,363.62,365.49,365.32,365.76,364.23,356.74
641,369.56,360.45,363.46,363.84,363.67,365.49,365.32,365.67,364.18,356.73
642,369.58,360.45,363.48,363.82,363.71,365.49,365.33,365.59,364.14,356.73
643,369.59,360.49,363.47,363.8,363.74,365.49,365.34,365.55,364.11,356.72
644,369.59,360.57,363.46,363.81,363.78,365.45,365.34,365.28,364.09,356.74
645,369.6,360.59,363.45,363.81,363.79,365.42,365.3,364.87,364.01,356.79
646,369.62,360.57,363.43,363.81,363.8,365.4,365.23,364.69,363.91,356.85
647,369.64,360.56,363.42,363.83,363.78,365.39,364.93,364.52,363.88,356.97
648,369.65,360.6,363.4,363.87,363.78,365.4,364.72,364.76,363.97,357.08
649,369.65,360.64,363.39,363.89,363.75,365.42,364.7,364.89,364.07,357.16
650,369.66,360.7,363.39,363.91,363.74,365.45,364.75,365.07,364.17,357.23
651,369.67,360.76,363.42,363.9,363.74,365.47,364.83,365.21,364.26,357.3
652,369.66,360.79,363.45,363.88,363.74,365.49,364.91,365.36,364.34,357.35
653,369.66,360.81,363.49,363.86,363.74,365.49,364.97,365.43,364.43,357.38
654,369.67,360.85,363.54,363.84,363.76,365.52,365.03,365.49,364.56,357.41
655,369.67,360.88,363.58,363.82,363.77,365.52,365.1,365.48,364.7,357.41
656,369.68,360.93,363.65,363.81,363.77,365.55,365.22,365.59,364.81,357.41
657,369.68,361.0,363.72,363.83,363.77,365.55,365.34,365.75,364.8,357.44
658,369.69,361.04,363.75,363.86,363.78,365.58,365.37,365.86,364.75,357.44
659,369.71,361.11,363.79,363.92,363.8,365.6,365.34,365.94,364.71,357.45
660,369.71,361.14,363.82,363.94,363.81,365.61,365.32,365.98,364.68,357.46
661,369.7,361.17,363.85,363.98,363.82,365.66,365.33,366.0,364.64,357.46
662,369.71,361.19,363.88,363.99,363.85,365.7,365.41,365.95,364.63,357.47
663,369.72,361.22,363.91,364.0,363.88,365.74,365.49,365.71,364.59,357.5
664,369.73,361.26,363.91,364.03,363.92,365.77,365.55,365.96,364.57,357.53
665,369.75,361.3,363.91,364.07,363.95,365.79,365.6,366.04,364.57,357.56
666,369.77,361.38,363.91,364.09,363.99,365.8,365.59,365.98,364.58,357.58
667,369.79,361.43,363.89,364.11,364.01,365.81,365.63,365.92,364.58,357.56
668,369.8,361.41,363.88,364.14,364.02,365.82,365.67,365.84,364.58,357.53
669,369.81,361.39,363.85,364.17,364.02,365.81,365.7,365.83,364.56,357.48
670,369.82,361.34,363.83,364.22,364.01,365.79,365.7,365.92,364.5,357.45
671,369.83,361.29,363.84,364.25,363.99,365.77,365.71,366.03,364.44,357.42
672,369.85,361.27,363.85,364.26,363.97,365.76,365.73,366.06,364.38,357.41
673,369.85,361.24,363.87,364.24,363.94,365.75,365.76,365.89,364.32,357.4
674,369.86,361.21,363.89,364.22,363.91,365.74,365.81,365.7,364.26,357.39
675,369.89,361.21,363.93,364.2,363.88,365.73,365.84,365.62,364.18,357.41
676,369.9,361.23,363.95,364.16,363.87,365.73,365.81,365.64,364.16,357.43
677,369.9,361.24,363.96,364.14,363.86,365.74,365.77,365.6,364.19,357.45
678,369.92,361.25,363.97,364.12,363.86,365.77,365.74,365.55,364.23,357.46
679,369.93,361.26,363.96,364.11,363.85,365.81,365.7,365.54,364.23,357.46
680,369.94,361.25,363.95,364.09,363.84,365.84,365.65,365.48,364.21,357.44
681,369.96,361.26,363.94,364.09,363.85,365.83,365.59,365.49,364.16,357.43
682,369.96,361.27,363.92,364.07,363.87,365.82,365.52,365.67,364.12,357.41
683,369.96,361.27,363.93,364.05,363.89,365.83,365.48,365.84,364.14,357.39
684,369.97,361.26,363.96,364.05,363.92,365.85,365.47,365.89,364.14,357.32
685,369.97,361.28,364.0,364.06,363.95,365.85,365.5,365.92,364.17,357.24
686,369.97,361.3,364.04,364.08,363.95,365.86,365.55,365.98,364.21,357.19
687,369.97,361.31,364.07,364.1,363.94,365.87,365.57,366.06,364.25,357.15
688,369.97,361.31,364.1,364.13,363.95,365.88,365.62,366.04,364.29,357.14
689,369.98,361.34,364.12,364.17,363.95,365.89,365.65,366.08,364.32,357.13
690,369.99,361.36,364.14,364.21,363.96,365.91,365.66,366.14,364.34,357.13
691,369.99,361.37,364.16,364.25,363.96,365.95,365.69,366.19,364.31,357.13
692,370.02,361.38,364.17,364.28,363.97,365.98,365.74,366.24,364.28,357.12
693,370.03,361.33,364.19,364.3,364.0,366.01,365.83,366.3,364.21,357.09
694,370.05,361.26,364.21,364.3,364.02,366.02,365.89,366.36,364.12,357.08
695,370.06,361.21,364.21,364.3,364.05,366.03,365.94,366.38,364.03,357.09
696,370.07,361.17,364.23,364.28,364.07,366.0,365.85,366.45,363.93,357.12
697,370.08,361.12,364.22,364.24,364.06,365.99,365.68,366.53,363.88,357.17
698,370.09,361.07,364.23,364.2,364.06,365.99,365.63,366.47,363.85,357.21
699,370.09,361.01,364.24,364.17,364.04,365.99,365.68,366.48,363.84,357.21
700,370.09,360.96,364.25,364.14,364.03,365.95,365.73,366.5,363.86,357.2
701,370.08,360.92,364.25,364.11,364.01,365.91,365.77,366.52,363.89,357.15
702,370.08,360.9,364.26,364.11,364.01,365.88,365.75,366.5,363.95,357.11
703,370.08,360.9,364.28,364.13,364.02,365.87,365.73,366.36,364.04,357.09
704,370.07,360.91,364.29,364.18,364.03,365.85,365.76,366.19,364.11,357.07
705,370.08,360.91,364.31,364.23,364.07,365.84,365.81,366.15,364.2,357.07
706,370.08,360.96,364.32,364.29,364.11,365.83,365.86,366.15,364.29,357.07
707,370.09,361.02,364.32,364.34,364.14,365.84,365.87,366.12,364.38,357.08
708,370.09,361.07,364.31,364.39,364.18,365.87,365.89,366.06,364.42,357.12
709,370.11,361.09,364.29,364.44,364.21,365.9,365.91,366.06,364.46,357.18
710,370.12,361.08,364.28,364.48,364.24,365.93,365.93,366.05,364.51,357.23
711,370.13,361.07,364.27,364.51,364.26,365.96,365.91,366.04,364.56,357.3
712,370.14,361.09,364.24,364.52,364.25,365.98,365.84,366.09,364.58,357.36
713,370.13,361.11,364.21,364.54,364.24,365.99,365.83,366.21,364.55,357.4
714,370.13,361.13,364.2,364.59,364.26,366.0,365.83,366.33,364.53,357.45
715,370.14,361.12,364.19,364.62,364.26,365.99,365.8,366.42,364.52,357.47
716,370.13,361.09,364.17,364.63,364.27,365.99,365.77,366.45,364.51,357.47
717,370.13,361.06,364.18,364.66,364.29,365.99,365.69,366.46,364.57,357.47
718,370.13,361.07,364.17,364.69,364.3,366.01,365.69,366.41,364.66,357.47
719,370.15,361.09,364.21,364.69,364.3,366.04,365.72,366.38,364.76,357.48
720,370.16,361.1,364.27,364.72,364.29,366.05,365.74,366.32,364.81,357.46
721,370.19,361.09,364.32,364.74,364.27,366.07,365.73,366.25,364.82,357.46
722,370.22,361.07,364.35,364.78,364.27,366.06,365.74,366.2,364.85,357.47
723,370.22,361.06,364.36,364.79,364.28,366.05,365.77,366.18,364.88,357.49
724,370.26,361.06,364.34,364.79,364.28,366.03,365.75,366.18,364.89,357.5
725,370.28,361.06,364.32,364.76,364.29,365.99,365.74,366.21,364.91,357.5
726,370.29,361.07,364.29,364.71,364.29,365.93,365.73,366.33,364.91,357.5
727,370.31,361.04,364.26,364.64,364.29,365.89,365.74,366.43,364.93,357.52
728,370.33,361.06,364.24,364.59,364.3,365.87,365.71,366.49,364.96,357.53
729,370.37,361.11,364.23,364.56,364.35,365.86,365.69,366.58,365.04,357.54
730,370.39,361.17,364.21,364.53,364.39,365.85,365.69,366.67,365.08,357.52
731,370.4,361.21,364.22,364.52,364.43,365.87,365.69,366.73,365.1,357.48
732,370.42,361.24,364.23,364.52,364.45,365.9,365.57,366.77,365.1,357.44
733,370.42,361.26,364.26,364.53,364.48,365.96,365.47,366.8,365.08,357.4
734,370.43,361.25,364.28,364.55,364.49,366.01,365.5,366.71,365.04,357.37
735,370.45,361.25,364.33,364.59,364.48,366.07,365.61,366.48,365.02,357.37
736,370.45,361.24,364.36,364.61,364.46,366.11,365.72,366.34,365.01,357.39
737,370.46,361.22,364.4,364.64,364.44,366.14,365.82,366.22,365.01,357.42
738,370.46,361.24,364.48,364.67,364.43,366.18,365.86,366.02,364.94,357.46
739,370.46,361.26,364.52,364.72,364.47,366.2,365.73,366.03,364.84,357.48
740,370.47,361.28,364.55,364.76,364.5,366.2,365.66,366.23,364.78,357.5
741,370.48,361.33,364.58,364.81,364.55,366.19,365.7,366.41,364.77,357.5
742,370.49,361.37,364.59,364.85,364.61,366.18,365.74,366.49,364.73,357.48
743,370.5,361.41,364.57,364.86,364.65,366.17,365.78,366.54,364.61,357.48
744,370.51,361.45,364.52,364.86,364.68,366.18,365.84,366.58,364.47,357.49
745,370.53,361.51,364.47,364.86,364.72,366.2,365.83,366.66,364.38,357.5
746,370.53,361.51,364.43,364.84,364.73,366.23,365.81,366.72,364.35,357.48
747,370.55,361.49,364.4,364.8,364.72,366.27,365.89,366.74,364.42,357.46
748,370.56,361.44,364.4,364.77,364.72,366.3,365.95,366.68,364.48,357.44
749,370.56,361.36,364.42,364.76,364.72,366.34,365.99,366.58,364.55,357.43
750,370.57,361.3,364.43,364.75,364.7,366.37,365.97,366.38,364.66,357.43
751,370.57,361.27,364.45,364.77,364.7,366.39,365.97,366.19,364.78,357.45
752,370.59,361.27,364.47,364.78,364.68,366.42,366.02,366.16,364.89,357.48
753,370.61,361.26,364.48,364.78,364.67,366.44,366.09,366.15,365.0,357.55
754,370.62,361.26,364.48,364.77,364.67,366.46,366.12,366.2,365.12,357.62
755,370.63,361.24,364.48,364.76,364.64,366.48,366.08,366.31,365.24,357.68
756,370.64,361.27,364.46,364.75,364.6,366.51,366.04,366.5,365.29,357.72
757,370.66,361.31,364.46,364.76,364.58,366.53,366.04,366.71,365.28,357.71
758,370.64,361.33,364.43,364.77,364.57,366.55,366.05,366.79,365.22,357.7
759,370.64,361.35,364.42,364.78,364.56,366.56,366.09,366.82,365.11,357.7
760,370.64,361.41,364.42,364.75,364.57,366.58,366.14,366.81,365.04,357.69
761,370.64,361.49,364.41,364.72,364.57,366.61,366.19,366.81,364.94,357.67
762,370.65,361.58,364.43,364.7,364.57,366.64,366.24,366.86,364.84,357.66
763,370.65,361.68,364.44,364.71,364.59,366.68,366.27,366.93,364.74,357.66
764,370.66,361.73,364.47,364.73,364.59,366.69,366.25,367.01,364.63,357.67
765,370.68,361.73,364.52,364.78,364.6,366.7,366.24,367.03,364.56,357.7
766,370.69,361.7,364.56,364.82,364.6,366.7,366.23,367.03,364.6,357.71
767,370.69,361.65,364.59,364.84,364.59,366.7,366.11,366.99,364.64,357.72
768,370.7,361.63,364.6,364.86,364.6,366.71,366.07,366.93,364.7,357.74
769,370.7,361.64,364.63,364.86,364.59,366.71,366.09,366.83,364.76,357.78
770,370.72,361.62,364.65,364.89,364.59,366.71,366.12,366.8,364.84,357.83
771,370.72,361.61,364.67,364.92,364.6,366.7,366.15,366.75,364.91,357.87
772,370.72,361.59,364.67,364.94,364.61,366.68,366.16,366.79,364.98,357.88
773,370.72,361.6,364.67,364.95,364.63,366.65,366.12,366.85,365.07,357.86
774,370.73,361.63,364.68,364.96,364.64,366.61,366.12,366.87,365.1,357.87
775,370.74,361.64,364.68,364.96,364.62,366.58,366.13,366.82,365.1,357.89
776,370.74,361.63,364.69,364.96,364.6,366.55,366.11,366.76,365.12,357.9
777,370.76,361.66,364.7,364.95,364.55,366.54,366.11,366.73,365.15,357.93
778,370.78,361.71,364.71,364.95,364.49,366.53,366.15,366.78,365.18,357.98
779,370.78,361.76,364.72,364.96,364.44,366.53,366.21,366.88,365.23,358.05
780,370.79,361.8,364.71,364.94,364.39,366.53,366.26,366.99,365.28,358.1
781,370.81,361.82,364.68,364.92,364.36,366.53,366.3,367.06,365.32,358.14
782,370.83,361.87,364.66,364.86,364.33,366.53,366.35,367.16,365.34,358.15
783,370.84,361.9,364.65,364.79,364.33,366.52,366.24,367.22,365.32,358.11
784,370.86,361.88,364.64,364.73,364.35,366.52,366.11,367.28,365.33,358.08
785,370.87,361.85,364.64,364.69,364.35,366.54,366.11,367.23,365.3,358.08
786,370.88,361.83,364.66,364.68,364.37,366.56,366.1,367.16,365.32,358.1
787,370.88,361.77,364.68,364.67,364.37,366.6,365.97,367.09,365.39,358.12
788,370.9,361.78,364.74,364.65,364.41,366.63,365.89,367.0,365.49,358.13
789,370.91,361.82,364.78,364.63,364.44,366.66,365.83,366.86,365.58,358.13
790,370.91,361.85,364.82,364.61,364.48,366.7,365.88,366.79,365.68,358.13
791,370.95,361.89,364.89,364.6,364.54,366.63,366.04,366.74,365.88,358.17
792,370.95,361.93,364.91,364.59,364.61,366.76,366.2,366.7,366.08,358.25
793,370.95,361.94,364.92,364.59,364.65,366.8,366.26,366.76,366.16,358.28
794,370.96,361.94,364.9,364.61,364.68,366.83,366.28,366.83,366.26,358.33
795,370.97,361.94,364.9,364.65,364.71,366.84,366.29,366.89,366.32,358.37
796,370.96,361.94,364.91,364.71,364.74,366.83,366.28,366.93,366.33,358.39
797,370.97,361.9,364.92,364.78,364.77,366.84,366.27,366.97,366.28,358.43
798,370.98,361.88,364.94,364.84,364.81,366.83,366.28,367.02,366.27,358.5
799,370.97,361.83,364.96,364.9,364.84,366.83,366.3,367.04,366.3,358.56
800,370.98,361.77,364.98,364.94,364.86,366.83,366.36,367.11,366.31,358.6
801,370.97,361.72,364.96,365.0,364.86,366.87,366.46,367.2,366.31,358.64
802,370.98,361.7,364.94,365.04,364.86,366.9,366.52,367.27,366.24,358.64
803,370.97,361.71,364.92,365.12,364.85,366.93,366.49,367.25,366.13,358.63
804,370.98,361.76,364.92,365.15,364.84,366.96,366.48,367.26,366.04,358.59
805,370.98,361.83,364.91,365.19,364.84,366.97,366.55,367.24,365.98,358.56
806,370.98,361.82,364.88,365.21,364.85,366.98,366.63,367.22,365.95,358.53
807,370.99,361.84,364.89,365.24,364.89,366.97,366.73,367.17,365.95,358.5
808,370.99,361.83,364.87,365.27,364.91,366.96,366.78,366.98,365.92,358.48
809,371.02,361.75,364.84,365.29,364.93,366.94,366.82,366.79,365.81,358.44
810,371.04,361.71,364.8,365.31,364.94,366.92,366.83,366.78,365.7,358.38
811,371.03,361.7,364.78,365.33,364.91,366.91,366.81,366.88,365.6,358.35
812,371.05,361.75,364.8,365.34,364.89,366.92,366.73,366.96,365.51,358.32
813,371.06,361.82,364.83,365.35,364.88,366.91,366.7,366.99,365.43,358.3
814,371.06,361.85,364.85,365.09,364.85,366.89,366.7,367.06,365.38,358.28
815,371.05,361.87,364.88,365.35,364.83,366.88,366.72,367.14,365.34,358.27
816,371.07,361.87,364.91,365.34,364.8,366.64,366.76,367.18,365.35,358.28
817,371.08,361.84,364.95,365.33,364.79,366.88,366.78,367.22,365.38,358.27
818,371.1,361.8,364.99,365.32,364.82,366.9,366.82,367.26,365.43,358.26
819,371.11,361.73,365.01,365.3,364.86,366.71,366.89,367.28,365.46,358.23
820,371.13,361.71,365.02,365.3,364.88,366.96,366.94,367.27,365.49,358.26
821,371.15,361.75,365.04,365.3,364.91,366.97,366.96,367.21,365.54,358.3
822,371.16,361.79,365.05,365.31,364.93,366.99,366.95,367.12,365.61,358.33
823,371.18,361.84,365.06,365.33,364.96,367.03,366.96,367.11,365.67,358.37
824,371.19,361.88,365.08,365.34,365.0,367.04,366.97,367.2,365.68,358.38
825,371.2,361.9,365.09,365.35,365.02,367.05,366.99,367.25,365.69,358.37
826,371.21,361.94,365.11,365.17,365.06,367.06,367.0,367.28,365.71,358.34
827,371.22,362.01,365.15,365.35,365.11,367.05,366.91,367.33,365.71,358.27
828,371.23,362.13,365.19,365.36,365.14,367.05,366.79,367.36,365.65,358.2
829,371.25,362.18,365.21,365.36,365.16,367.06,366.75,367.32,365.59,358.15
830,371.26,362.23,365.24,365.36,365.17,367.09,366.71,367.38,365.54,358.11
831,371.27,362.25,365.26,365.35,365.17,367.12,366.63,367.46,365.47,358.07
832,371.29,362.25,365.29,365.33,365.17,367.16,366.61,367.48,365.4,358.04
833,371.31,362.27,365.31,365.32,365.18,367.19,366.58,367.47,365.36,358.05
834,371.33,362.28,365.31,365.32,365.19,367.22,366.59,367.42,365.34,358.05
835,371.34,362.28,365.33,365.33,365.22,367.17,366.62,367.31,365.33,358.07
836,371.35,362.28,365.35,365.34,365.25,367.26,366.73,367.21,365.35,358.11
837,371.37,362.26,365.38,365.35,365.28,367.25,366.79,367.15,365.38,358.13
838,371.39,362.23,365.41,365.36,365.29,367.27,366.8,367.09,365.38,358.11
839,371.39,362.17,365.44,365.36,365.27,367.31,366.82,367.06,365.34,358.08
840,371.41,362.12,365.46,365.35,365.25,367.33,366.86,367.06,365.31,358.04
841,371.41,362.1,365.47,365.31,365.23,367.35,366.79,366.91,365.29,358.03
842,371.43,362.08,365.47,365.12,365.21,367.36,366.73,366.78,365.29,358.02
843,371.44,362.05,365.45,365.24,365.2,367.36,366.75,366.69,365.25,358.01
844,371.43,362.02,365.41,365.24,365.19,366.99,366.75,366.73,365.19,358.0
845,371.43,362.01,365.37,365.27,365.18,367.39,366.74,366.74,365.12,358.0
846,371.45,362.06,365.32,365.32,365.19,367.4,366.8,366.72,365.03,358.03
847,371.45,362.16,365.28,365.38,365.22,367.39,366.91,366.7,365.04,358.04
848,371.46,362.19,365.25,365.43,365.24,367.34,366.99,366.53,365.06,358.04
849,371.46,362.23,365.25,365.47,365.27,367.28,367.05,366.3,365.06,358.05
850,371.46,362.23,365.25,365.49,365.28,366.8,367.08,366.29,365.02,358.06
851,371.46,362.23,365.26,365.51,365.3,367.2,367.09,366.39,365.01,358.08
852,371.47,362.23,365.27,365.53,365.32,367.17,367.08,366.54,365.02,358.11
853,371.48,362.22,365.32,365.54,365.34,367.15,367.1,366.58,365.04,358.13
854,371.49,362.23,365.37,365.55,365.35,367.13,367.13,366.62,365.05,358.11
855,371.49,362.28,365.43,365.56,365.34,367.14,367.08,366.56,365.06,358.07
856,371.5,362.35,365.47,365.57,365.33,367.14,367.04,366.53,365.12,358.01
857,371.51,362.4,365.48,365.56,365.31,367.13,366.94,366.64,365.16,357.98
858,371.5,362.45,365.48,365.56,365.29,367.14,366.78,366.81,365.15,357.97
859,371.51,362.51,365.47,365.57,365.28,367.17,366.69,366.9,365.12,357.99
860,371.51,362.59,365.46,365.56,365.27,367.21,366.63,366.9,365.11,358.03
861,371.52,362.66,365.44,365.58,365.26,367.26,366.62,366.87,365.14,358.06
862,371.52,362.73,365.41,365.58,365.27,367.32,366.65,366.81,365.22,358.11
863,371.54,362.79,365.39,365.58,365.31,367.36,366.73,366.83,365.33,358.15
864,371.56,362.81,365.36,365.61,365.37,367.39,366.81,366.89,365.47,358.22
865,371.57,362.81,365.33,365.61,365.41,367.4,366.9,366.93,365.58,358.26
866,371.58,362.79,365.29,365.65,365.45,367.41,366.9,366.98,365.65,358.33
867,371.59,362.76,365.26,365.67,365.49,367.41,366.84,367.07,365.72,358.4
868,371.59,362.75,365.24,365.67,365.52,367.41,366.8,367.09,365.77,358.47
869,371.62,362.73,365.23,365.66,365.54,367.42,366.76,366.94,365.87,358.55
870,371.63,362.72,365.25,365.64,365.56,367.41,366.74,366.86,365.98,358.63
871,371.65,362.71,365.26,365.61,365.58,367.43,366.69,366.95,366.06,358.68
872,371.67,362.65,365.3,365.58,365.56,367.44,366.64,367.11,366.05,358.72
873,371.68,362.62,365.35,365.57,365.54,367.45,366.7,367.22,366.05,358.75
874,371.71,362.6,365.41,365.57,365.54,367.45,366.76,367.17,366.07,358.77
875,371.72,362.61,365.46,365.6,365.55,367.46,366.81,367.04,366.05,358.76
876,371.74,362.61,365.47,365.64,365.56,367.45,366.78,366.97,366.01,358.77
877,371.76,362.61,365.47,365.68,365.57,367.45,366.74,367.02,365.97,358.75
878,371.77,362.63,365.47,365.72,365.59,367.44,366.76,367.11,365.9,358.72
879,371.79,362.65,365.46,365.75,365.61,367.45,366.78,367.27,365.84,358.69
880,371.8,362.66,365.48,365.75,365.62,367.42,366.82,367.46,365.8,358.67
881,371.82,362.65,365.52,365.75,365.66,367.4,366.92,367.63,365.76,358.67
882,371.84,362.65,365.57,365.76,365.7,367.39,367.04,367.76,365.8,358.67
883,371.84,362.64,365.62,365.78,365.71,367.38,367.11,367.86,365.82,358.67
884,371.85,362.65,365.65,365.81,365.72,367.37,367.14,367.9,365.84,358.67
885,371.86,362.64,365.68,365.83,365.72,367.39,367.15,367.87,365.8,358.68
886,371.86,362.64,365.68,365.86,365.73,367.39,367.14,367.86,365.78,358.67
887,371.88,362.66,365.67,365.89,365.73,367.39,367.12,367.89,365.72,358.65
888,371.89,362.67,365.65,365.91,365.72,367.37,367.15,367.92,365.68,358.63
889,371.9,362.7,365.63,365.91,365.72,367.35,367.1,367.89,365.69,358.62
890,371.92,362.69,365.62,365.91,365.73,367.34,366.96,367.69,365.76,358.61
891,371.94,362.68,365.62,365.92,365.74,367.35,366.87,367.62,365.86,358.63
892,371.96,362.69,365.65,365.92,365.76,367.35,366.84,367.47,365.91,358.64
893,371.98,362.7,365.68,365.92,365.77,367.33,366.88,367.19,365.94,358.66
894,372.0,362.72,365.7,365.92,365.79,367.39,366.91,367.09,365.96,358.66
895,372.02,362.73,365.72,365.9,365.81,367.42,366.97,367.13,365.98,358.67
896,372.02,362.76,365.74,365.88,365.83,367.45,367.02,367.18,365.97,358.68
897,372.04,362.78,365.76,365.86,365.87,367.49,367.08,367.21,365.97,358.74
898,372.05,362.78,365.77,365.85,365.88,367.52,367.14,367.19,365.95,358.79
899,372.05,362.77,365.78,365.86,365.9,367.55,367.21,367.18,365.86,358.84
900,372.08,362.77,365.76,365.88,365.89,367.57,367.29,367.19,365.77,358.92
901,372.09,362.79,365.74,365.94,365.88,367.58,367.37,367.24,365.79,358.95
902,372.11,362.81,365.73,365.98,365.89,367.58,367.41,367.19,365.88,358.95
903,372.12,362.84,365.74,366.01,365.9,367.56,367.41,367.19,366.01,358.95
904,372.13,362.87,365.75,366.04,365.94,367.55,367.36,367.23,366.15,358.95
905,372.14,362.9,365.77,366.07,365.96,367.55,367.27,367.26,366.3,358.95
906,372.16,362.94,365.8,366.12,365.98,367.56,367.21,367.34,366.43,358.95
907,372.17,362.95,365.81,366.18,365.99,367.59,367.19,367.42,366.49,358.95
908,372.19,363.0,365.82,366.23,366.01,367.62,367.24,367.54,366.48,358.95
909,372.21,363.02,365.82,365.65,366.0,367.67,367.3,367.68,366.43,358.98
910,372.21,363.02,365.83,366.29,365.98,367.71,367.35,367.79,366.4,358.99
911,372.21,363.02,365.81,365.71,365.95,367.74,367.39,367.86,366.36,358.99
912,372.22,363.03,365.81,366.29,365.92,367.76,367.36,367.89,366.34,359.01
913,372.22,363.02,365.79,366.3,365.91,367.78,367.28,367.91,366.32,359.03
914,372.24,363.01,365.8,366.3,365.9,367.81,367.17,367.94,366.28,359.07
915,372.24,363.02,365.81,366.32,365.89,367.82,367.06,367.94,366.22,359.09
916,372.26,363.02,365.82,366.31,365.91,367.83,367.07,367.88,366.16,359.12
917,372.28,363.05,365.83,366.32,365.96,367.84,367.28,367.74,366.05,359.09
918,372.3,363.1,365.84,366.32,366.02,367.83,367.43,367.61,365.93,359.05
919,372.31,363.15,365.84,366.34,366.06,367.8,367.43,367.56,365.88,359.0
920,372.33,363.22,365.85,366.33,366.09,367.78,367.41,367.51,365.89,358.96
921,372.34,363.27,365.86,366.31,366.11,367.76,367.41,367.53,365.92,358.93
922,372.35,363.31,365.86,366.27,366.13,367.76,367.41,367.55,365.95,358.9
923,372.37,363.31,365.86,366.21,366.16,367.78,367.43,367.56,365.96,358.85
924,372.38,363.28,365.87,366.19,366.2,367.8,367.48,367.59,365.95,358.84
925,372.4,363.26,365.87,366.2,366.21,367.79,367.55,367.56,365.89,358.84
926,372.42,363.21,365.89,366.22,366.24,367.79,367.66,367.53,365.8,358.83
927,372.44,363.16,365.9,366.26,366.27,367.8,367.7,367.43,365.78,358.86
928,372.45,363.13,365.91,366.29,366.29,367.79,367.72,367.42,365.79,358.88
929,372.47,363.11,365.92,366.31,366.29,367.77,367.69,367.58,365.75,358.89
930,372.48,363.09,365.93,366.31,366.27,367.77,367.63,367.27,365.74,358.88
931,372.49,363.07,365.92,366.31,366.22,367.79,367.55,367.81,365.76,358.85
932,372.5,363.06,365.9,366.31,366.18,367.8,367.51,367.87,365.76,358.82
933,372.51,363.03,365.86,366.31,366.13,367.82,367.47,367.79,365.72,358.8
934,372.52,363.0,365.83,366.31,366.1,367.84,367.48,367.72,365.69,358.79
935,372.52,362.97,365.81,366.29,366.07,367.85,367.52,367.77,365.71,358.79
936,372.53,362.95,365.82,366.27,366.05,367.83,367.57,367.8,365.84,358.82
937,372.53,362.96,365.85,366.29,366.02,367.82,367.59,367.68,365.95,358.83
938,372.53,362.97,365.85,366.3,365.99,367.81,367.58,367.64,366.04,358.81
939,372.53,362.97,365.86,366.31,365.95,367.8,367.57,367.6,366.07,358.8
940,372.53,362.96,365.87,366.31,365.91,367.82,367.57,367.61,366.04,358.79
941,372.53,362.98,365.91,366.31,365.9,367.85,367.59,367.67,366.02,358.77
942,372.53,363.06,365.94,366.3,365.9,367.88,367.53,367.72,366.02,358.78
943,372.52,363.12,365.99,366.3,365.92,367.91,367.3,367.46,366.03,358.78
944,372.52,363.2,366.05,366.33,365.97,367.88,367.22,367.82,366.05,358.83
945,372.51,363.24,366.13,366.35,366.02,367.97,367.35,367.88,366.08,358.89
946,372.49,363.3,366.17,366.37,366.06,367.99,367.45,367.87,366.09,358.92
947,372.48,363.36,366.2,366.37,366.1,367.99,367.54,367.87,366.13,358.93
948,372.47,363.42,366.23,366.37,366.15,367.98,367.59,367.92,366.19,358.94
949,372.46,363.42,366.24,366.41,366.19,367.95,367.58,367.87,366.19,358.95
950,372.45,363.4,366.23,366.43,366.24,367.92,367.6,367.83,366.17,358.96
951,372.44,363.38,366.25,366.46,366.3,367.91,367.69,367.81,366.13,358.97
952,372.44,363.39,366.27,366.49,366.35,367.91,367.78,367.78,366.06,358.97
953,372.44,363.39,366.28,366.51,366.39,367.92,367.88,367.83,366.03,358.95
954,372.43,363.4,366.31,366.52,366.4,367.93,367.94,367.93,366.0,358.94
955,372.45,363.41,366.33,366.54,366.42,367.96,367.99,367.95,365.95,358.97
956,372.46,363.4,366.32,366.57,366.44,367.97,368.01,367.94,365.88,359.0
957,372.47,363.39,366.32,366.57,366.46,367.98,367.97,367.99,365.82,359.04
958,372.49,363.39,366.32,366.57,366.47,367.99,367.95,368.09,365.83,359.08
959,372.5,363.4,366.32,366.56,366.5,368.01,367.97,368.13,365.88,359.12
960,372.52,363.41,366.32,366.55,366.51,368.04,368.02,368.15,365.96,359.15
961,372.53,363.38,366.33,366.53,366.52,368.05,368.06,368.18,366.03,359.2
962,372.53,363.32,366.33,366.5,366.49,368.08,368.1,368.17,366.08,359.25
963,372.53,363.29,366.34,366.47,366.45,368.1,368.15,368.09,366.16,359.31
964,372.53,363.27,366.34,366.44,366.42,368.1,368.17,368.18,366.23,359.33
965,372.53,363.25,366.33,366.43,366.38,368.09,368.15,368.32,366.32,359.36
966,372.54,363.22,366.34,366.4,366.35,368.1,368.1,368.37,366.41,359.41
967,372.53,363.17,366.33,366.38,366.32,368.1,368.06,368.41,366.5,359.48
968,372.53,363.14,366.34,366.38,366.28,368.11,368.04,368.48,366.62,359.54
969,372.55,363.14,366.35,366.38,366.25,368.11,368.05,368.58,366.76,359.6
970,372.55,363.15,366.37,366.38,366.23,368.05,368.07,368.68,366.88,359.66
971,372.57,363.15,366.41,366.35,366.21,368.08,368.13,368.74,367.08,359.8
972,372.58,363.16,366.44,366.32,366.18,368.08,368.17,368.77,367.22,359.92
973,372.58,363.16,366.44,366.3,366.17,368.08,368.21,368.83,367.27,359.98
974,372.6,363.16,366.45,366.26,366.15,368.1,368.23,368.9,367.33,360.01
975,372.6,363.18,366.46,366.23,366.16,368.12,368.16,368.78,367.36,360.04
976,372.61,363.18,366.47,366.2,366.17,368.17,368.01,368.5,367.35,360.09
977,372.63,363.2,366.48,366.19,366.19,368.2,367.92,368.44,367.31,360.15
978,372.64,363.21,366.5,366.2,366.19,368.25,367.89,368.44,367.23,360.2
979,372.65,363.24,366.51,366.22,366.2,368.31,367.93,368.44,367.17,360.23
980,372.66,363.27,366.51,366.28,366.19,368.36,368.01,368.48,367.11,360.26
981,372.68,363.32,366.51,366.36,366.2,368.4,368.1,368.55,367.05,360.28
982,372.71,363.37,366.5,366.4,366.21,368.43,368.11,368.6,367.01,360.3
983,372.7,363.41,366.5,366.45,366.24,368.44,368.14,368.67,367.0,360.3
984,372.72,363.44,366.52,366.49,366.27,368.44,368.21,368.73,367.0,360.28
985,372.73,363.44,366.56,366.26,366.3,368.42,368.25,368.79,367.03,360.24
986,372.74,363.45,366.6,366.55,366.34,368.38,368.25,368.63,367.08,360.21
987,372.75,363.45,366.62,366.6,366.36,368.35,368.21,368.5,367.15,360.17
988,372.77,363.45,366.66,366.63,366.37,368.35,368.12,368.51,367.21,360.16
989,372.8,363.47,366.72,366.68,366.42,368.36,368.02,368.58,367.32,360.15
990,372.81,363.5,366.77,366.71,366.46,368.36,367.99,368.64,367.45,360.15
991,372.82,363.53,366.8,366.74,366.48,368.37,367.96,368.66,367.55,360.15
992,372.83,363.56,366.79,366.78,366.52,368.38,367.95,368.65,367.63,360.16
993,372.84,363.59,366.79,366.82,366.57,368.38,367.97,368.62,367.65,360.14
994,372.84,363.66,366.78,366.86,366.61,368.39,367.99,368.57,367.57,360.13
995,372.85,363.71,366.76,366.71,366.65,368.4,368.01,368.61,367.47,360.09
996,372.88,363.71,366.74,366.92,366.69,368.41,368.05,368.59,367.39,360.09
997,372.89,363.7,366.71,366.96,366.73,368.43,368.14,368.57,367.31,360.08
998,372.91,363.68,366.7,366.99,366.77,368.43,368.13,368.53,367.09,360.08
999,372.92,363.62,366.69,367.02,366.81,368.33,368.1,368.4,366.93,360.08
1000,372.94,363.6,366.68,366.94,366.82,368.42,368.15,368.24,366.85,360.04
1001,372.95,363.61,366.66,367.06,366.84,368.29,368.16,368.24,366.78,360.0
1002,372.97,363.62,366.68,367.07,366.85,368.42,368.16,368.29,366.74,359.96
1003,372.98,363.63,366.69,366.9,366.85,368.43,368.05,368.01,366.68,359.9
1004,372.99,363.63,366.72,367.1,366.85,368.46,367.97,368.25,366.62,359.86
1005,372.99,363.64,366.78,367.06,366.83,368.48,367.91,368.28,366.58,359.8
1006,372.98,363.65,366.83,367.17,366.81,368.51,367.91,368.38,366.56,359.76
1007,372.99,363.65,366.89,367.17,366.81,368.54,367.99,368.52,366.53,359.74
1008,373.0,363.65,366.93,367.15,366.8,368.56,367.93,368.65,366.54,359.75
1009,373.0,363.67,366.95,367.13,366.79,368.56,367.93,368.74,366.62,359.79
1010,373.01,363.66,366.96,367.04,366.78,368.49,368.02,368.8,366.73,359.82
1011,373.02,363.63,366.96,367.1,366.77,368.56,368.14,368.91,366.88,359.86
1012,373.03,363.6,366.95,367.11,366.75,368.55,368.19,368.93,367.06,359.89
1013,373.02,363.62,366.96,367.11,366.76,368.55,368.24,368.81,367.2,359.93
1014,373.05,363.63,366.94,367.11,366.76,368.54,368.31,368.89,367.3,359.96
1015,373.04,363.65,366.93,367.11,366.78,368.55,368.38,368.93,367.42,360.0
1016,373.05,363.67,366.9,367.11,366.8,368.54,368.44,368.99,367.54,360.05
1017,373.05,363.69,366.9,367.11,366.83,368.54,368.47,369.0,367.58,360.04
1018,373.05,363.73,366.9,367.11,366.85,368.55,368.48,368.99,367.59,360.01
1019,373.06,363.78,366.92,367.1,366.86,368.58,368.5,369.02,367.57,359.99
1020,373.07,363.8,366.9,367.08,366.87,368.61,368.51,369.03,367.51,359.97
1021,373.08,363.81,366.9,367.07,366.89,368.65,368.52,368.85,367.43,359.97
1022,373.09,363.81,366.87,367.08,366.9,368.68,368.56,368.55,367.32,359.97
1023,373.1,363.79,366.85,367.09,366.91,368.7,368.63,368.41,367.21,359.99
1024,373.12,363.78,366.85,367.08,366.92,368.7,368.68,368.48,367.11,359.99
1025,373.13,363.77,366.81,367.04,366.91,368.7,368.39,368.54,367.07,359.95
1026,373.13,363.73,366.76,367.1,366.85,368.7,368.24,368.58,367.07,359.88
1027,373.14,363.71,366.7,367.12,366.82,368.69,368.26,368.65,367.09,359.86
1028,373.14,363.7,366.63,367.15,366.79,368.7,368.32,368.68,367.14,359.83
1029,373.15,363.68,366.58,367.16,366.78,368.7,368.36,368.73,367.2,359.8
1030,373.16,363.65,366.55,366.77,366.79,368.7,368.39,368.8,367.24,359.76
1031,373.16,363.66,366.55,367.2,366.83,368.7,368.41,368.84,367.26,359.73
1032,373.17,363.64,366.58,367.22,366.84,368.69,368.4,368.77,367.23,359.7
1033,373.17,363.63,366.62,367.21,366.86,368.68,368.38,368.7,367.19,359.69
1034,373.19,363.61,366.68,367.21,366.9,368.56,368.41,368.66,367.11,359.65
1035,373.2,363.6,366.72,367.21,366.91,368.64,368.48,368.68,367.0,359.6
1036,373.22,363.59,366.74,367.22,366.92,368.64,368.57,368.71,366.98,359.58
1037,373.22,363.6,366.76,367.22,366.91,368.64,368.63,368.67,366.99,359.54
1038,373.23,363.6,366.79,367.23,366.92,368.64,368.68,368.7,367.02,359.53
1039,373.25,363.6,366.82,367.23,366.93,368.66,368.71,368.87,367.08,359.51
1040,373.26,363.6,366.84,367.24,366.94,368.67,368.68,369.01,367.13,359.52
1041,373.27,363.62,366.87,367.23,366.96,368.69,368.62,368.99,367.18,359.54
1042,373.28,363.67,366.9,367.19,366.96,368.7,368.49,369.01,367.21,359.55
1043,373.27,363.71,366.91,367.19,366.98,368.7,368.42,369.06,367.18,359.55
1044,373.28,363.67,366.9,367.15,366.98,368.7,368.48,369.07,367.17,359.58
1045,373.29,363.6,366.89,367.13,366.99,368.71,368.54,369.07,367.16,359.62
1046,373.29,363.57,366.89,367.12,367.0,368.74,368.59,368.84,367.15,359.62
1047,373.3,363.6,366.88,367.12,367.02,368.77,368.65,369.11,367.15,359.63
1048,373.3,363.65,366.9,367.14,367.03,368.8,368.67,369.16,367.11,359.63
1049,373.31,363.7,366.93,366.53,367.07,368.83,368.7,369.15,367.05,359.64
1050,373.31,363.75,366.96,367.18,367.1,368.86,368.65,369.02,366.99,359.66
1051,373.32,363.81,367.02,367.2,367.12,368.9,368.54,368.87,366.95,359.67
1052,373.32,363.86,367.05,367.21,367.16,368.93,368.5,368.81,366.91,359.72
1053,373.33,363.91,367.11,367.22,367.21,368.96,368.52,368.82,366.89,359.8
1054,373.34,363.93,367.15,367.23,367.24,368.98,368.55,368.88,366.88,359.86
1055,373.33,363.95,367.19,367.23,367.26,368.94,368.55,368.9,366.89,359.89
1056,373.34,363.97,367.23,367.24,367.28,368.86,368.54,368.89,366.95,359.91
1057,373.33,364.0,367.27,367.22,367.29,369.07,368.53,368.87,367.03,359.91
1058,373.33,364.01,367.3,367.2,367.29,369.11,368.52,368.77,367.11,359.9
1059,373.34,364.04,367.34,367.19,367.29,369.06,368.56,369.01,367.2,359.9
1060,373.33,364.08,367.37,367.17,367.27,369.17,368.63,369.13,367.26,359.89
1061,373.33,364.15,367.41,367.18,367.25,369.19,368.74,369.19,367.29,359.89
1062,373.33,364.26,367.44,367.21,367.23,369.2,368.78,369.04,367.33,359.91
1063,373.33,364.29,367.44,367.26,367.21,369.19,368.81,368.83,367.33,359.91
1064,373.34,364.33,367.43,367.31,367.19,369.19,368.86,368.73,367.32,359.92
1065,373.34,364.35,367.43,367.03,367.2,369.16,368.9,368.41,367.3,359.93
1066,373.32,364.36,367.4,367.44,367.22,369.13,368.93,368.68,367.3,359.94
1067,373.34,364.37,367.4,367.5,367.26,369.14,368.97,368.44,367.28,359.94
1068,373.34,364.37,367.42,367.54,367.27,369.13,368.99,368.32,367.22,359.94
1069,373.36,364.37,367.45,367.57,367.28,369.12,368.97,368.37,367.19,359.97
1070,373.38,364.39,367.51,367.54,367.27,369.11,368.77,368.43,367.17,359.99
1071,373.4,364.45,367.55,367.62,367.24,369.12,368.7,368.51,367.18,360.02
1072,373.4,364.48,367.57,367.62,367.22,369.11,368.78,368.51,367.17,360.05
1073,373.41,364.48,367.58,367.62,367.22,369.11,368.89,368.5,367.17,360.07
1074,373.42,364.46,367.57,367.6,367.21,369.11,368.99,368.45,367.18,360.1
1075,373.43,364.46,367.58,367.57,367.21,369.1,369.05,368.47,367.19,360.13
1076,373.45,364.49,367.58,367.55,367.23,369.12,369.12,368.65,367.21,360.15
1077,373.43,364.53,367.58,367.54,367.23,369.13,369.16,368.9,367.21,360.16
1078,373.44,364.55,367.59,367.53,367.22,369.15,369.19,369.13,367.2,360.18
1079,373.45,364.6,367.6,367.52,367.24,369.16,369.21,369.32,367.2,360.2
1080,373.44,364.65,367.59,367.52,367.23,369.16,369.23,369.18,367.24,360.2
1081,373.44,364.68,367.59,367.52,367.26,369.16,369.24,369.37,367.33,360.22
1082,373.45,364.69,367.6,367.54,367.28,369.16,369.26,369.36,367.39,360.23
1083,373.45,364.7,367.62,367.52,367.3,369.16,369.27,369.42,367.42,360.24
1084,373.46,364.72,367.65,367.51,367.31,369.17,369.26,369.56,367.45,360.25
1085,373.46,364.74,367.67,367.49,367.31,369.2,369.19,369.6,367.46,360.27
1086,373.47,364.73,367.68,367.47,367.28,369.22,369.12,369.66,367.43,360.3
1087,373.49,364.67,367.69,367.46,367.26,369.24,369.09,369.58,367.4,360.32
1088,373.51,364.54,367.69,367.47,367.23,369.26,369.06,369.42,367.43,360.39
1089,373.53,364.43,367.67,367.45,367.2,369.25,368.98,369.27,367.46,360.47
1090,373.55,364.38,367.63,367.45,367.19,369.24,368.86,369.15,367.46,360.48
1091,373.56,364.31,367.58,367.44,367.17,369.25,368.79,369.1,367.41,360.48
1092,373.58,364.27,367.53,367.42,367.17,369.26,368.82,368.81,367.34,360.48
1093,373.59,364.27,367.49,367.38,367.18,369.27,368.82,368.92,367.27,360.48
1094,373.6,364.28,367.46,367.36,367.18,369.28,368.75,368.99,367.25,360.49
1095,373.61,364.31,367.42,367.36,367.2,369.27,368.71,369.14,367.24,360.47
1096,373.6,364.35,367.4,367.38,367.23,369.27,368.72,369.29,367.22,360.45
1097,373.61,364.4,367.35,367.4,367.27,369.26,368.76,369.45,367.22,360.41
1098,373.62,364.4,367.32,367.42,367.3,369.26,368.69,369.54,367.21,360.38
1099,373.62,364.36,367.31,367.44,367.3,369.24,368.57,369.6,367.21,360.35
1100,373.63,364.33,367.33,367.49,367.31,369.23,368.56,369.62,367.2,360.31
1101,373.66,364.29,367.35,367.56,367.33,369.22,368.6,369.64,367.19,360.29
1102,373.65,364.3,367.37,367.61,367.35,368.67,368.63,369.59,367.13,360.26
1103,373.67,364.32,367.39,367.63,367.39,369.24,368.72,369.57,367.1,360.25
1104,373.69,364.33,367.4,367.5,367.43,369.27,368.78,369.61,367.11,360.23
1105,373.68,364.34,367.39,367.69,367.46,369.31,368.79,369.63,367.16,360.2
1106,373.71,364.35,367.43,367.72,367.52,369.33,368.84,369.66,367.33,360.21
1107,373.72,364.39,367.44,367.77,367.57,369.37,368.94,369.71,367.5,360.22
1108,373.74,364.39,367.47,367.82,367.61,369.41,368.97,369.68,367.59,360.22
1109,373.73,364.39,367.47,367.86,367.65,369.44,369.03,369.61,367.64,360.24
1110,373.75,364.41,367.5,367.88,367.68,369.46,369.07,369.63,367.7,360.27
1111,373.77,364.44,367.53,367.9,367.71,369.47,369.12,369.55,367.81,360.33
1112,373.78,364.47,367.56,367.92,367.72,369.48,369.16,369.47,367.88,360.39
1113,373.8,364.51,367.6,367.92,367.74,369.47,369.22,369.54,367.94,360.45
1114,373.82,364.53,367.62,367.92,367.75,369.46,369.22,369.63,367.98,360.48
1115,373.84,364.58,367.56,367.88,367.75,369.43,369.11,369.73,368.02,360.51
1116,373.85,364.59,367.51,367.85,367.74,369.4,369.03,369.8,368.02,360.48
1117,373.87,364.56,367.49,367.85,367.74,369.4,369.02,369.86,368.0,360.46
1118,373.88,364.54,367.49,367.84,367.71,369.37,369.05,369.93,367.96,360.45
1119,373.88,364.53,367.5,367.85,367.71,369.35,369.09,370.01,367.92,360.43
1120,373.89,364.53,367.5,367.85,367.69,369.36,369.14,370.11,367.86,360.39
1121,373.89,364.52,367.5,367.85,367.65,369.38,369.19,370.17,367.79,360.37
1122,373.9,364.52,367.51,367.85,367.62,369.38,369.22,370.15,367.76,360.35
1123,373.91,364.53,367.52,367.85,367.58,369.38,369.24,370.14,367.73,360.38
1124,373.92,364.57,367.54,367.87,367.56,369.37,369.3,370.13,367.7,360.49
1125,373.94,364.63,367.56,367.87,367.56,369.34,369.39,370.15,367.67,360.62
1126,373.94,364.66,367.57,367.88,367.56,369.31,369.45,370.18,367.66,360.69
1127,373.96,364.69,367.58,367.87,367.55,369.31,369.48,370.24,367.68,360.74
1128,373.98,364.72,367.6,367.85,367.57,369.3,369.5,370.23,367.74,360.78
1129,373.99,364.72,367.63,367.83,367.58,369.3,369.51,370.22,367.8,360.81
1130,374.0,364.71,367.65,367.83,367.58,369.32,369.47,370.25,367.83,360.82
1131,374.01,364.71,367.68,367.86,367.59,369.32,369.41,370.3,367.8,360.83
1132,374.02,364.71,367.7,367.9,367.58,369.36,369.36,370.4,367.69,360.82
1133,374.05,364.74,367.75,367.93,367.6,369.38,369.33,370.4,367.58,360.81
1134,374.08,364.78,367.8,367.98,367.63,369.42,369.34,370.33,367.53,360.83
1135,374.08,364.8,367.81,368.02,367.65,369.43,369.3,370.38,367.53,360.85
1136,374.09,364.8,367.83,368.03,367.68,369.43,369.24,370.42,367.55,360.88
1137,374.1,364.78,367.84,368.03,367.69,369.43,369.28,370.43,367.61,360.93
1138,374.1,364.75,367.86,368.02,367.71,369.42,369.4,370.41,367.69,360.98
1139,374.12,364.74,367.89,368.02,367.72,369.42,369.48,370.34,367.8,361.04
1140,374.13,364.7,367.91,367.64,367.74,369.41,369.51,370.28,367.92,361.09
1141,374.14,364.68,367.94,367.99,367.76,369.39,369.55,370.25,368.1,361.13
1142,374.17,364.63,367.99,368.01,367.78,369.39,369.59,370.29,368.43,361.21
1143,374.19,364.59,368.04,368.02,367.8,369.35,369.6,370.36,368.74,361.28
1144,374.21,364.61,368.04,368.06,367.81,369.32,369.58,370.42,368.91,361.3
1145,374.23,364.64,368.05,368.09,367.83,369.3,369.52,370.4,369.04,361.3
1146,374.24,364.68,368.07,368.11,367.86,369.29,369.4,370.42,369.1,361.28
1147,374.25,364.72,368.09,368.13,367.9,369.27,369.31,370.34,369.06,361.26
1148,374.27,364.76,368.11,368.15,367.92,369.27,369.28,370.32,368.95,361.23
1149,374.27,364.8,368.12,368.15,367.95,369.28,369.28,370.33,368.84,361.21
1150,374.28,364.83,368.11,368.16,367.96,369.32,369.29,370.36,368.7,361.17
1151,374.28,364.81,368.1,368.16,367.92,369.36,369.36,370.37,368.44,361.13
1152,374.29,364.82,368.1,368.16,367.87,369.38,369.46,370.36,368.28,361.09
1153,374.28,364.85,368.11,368.2,367.82,369.46,369.54,370.33,368.21,361.05
1154,374.29,364.9,368.11,368.2,367.8,369.53,369.58,370.34,368.15,361.0
1155,374.29,364.93,368.11,368.21,367.78,369.58,369.63,370.35,368.14,360.94
1156,374.3,364.96,368.1,368.22,367.76,369.6,369.68,370.34,368.12,360.89
1157,374.31,364.97,368.1,368.25,367.78,369.62,369.69,370.3,368.06,360.85
1158,374.31,364.96,368.1,368.29,367.8,369.65,369.68,370.3,368.0,360.82
1159,374.31,364.94,368.08,368.3,367.82,369.66,369.64,370.28,367.95,360.77
1160,374.32,364.9,368.08,368.33,367.89,369.66,369.67,370.24,367.89,360.69
1161,374.34,364.87,368.1,368.36,367.96,369.68,369.73,370.22,367.86,360.61
1162,374.35,364.84,368.1,368.05,368.0,369.69,369.74,370.24,367.81,360.55
1163,374.36,364.82,368.1,368.44,368.03,369.71,369.78,370.27,367.72,360.52
1164,374.37,364.81,368.11,368.46,368.07,369.74,369.83,370.32,367.63,360.51
1165,374.38,364.83,368.09,368.48,368.1,369.76,369.88,370.33,367.54,360.49
1166,374.39,364.83,368.08,368.48,368.12,369.78,369.94,370.33,367.51,360.48
1167,374.41,364.86,368.07,368.35,368.14,369.79,370.03,370.34,367.54,360.48
1168,374.42,364.9,368.07,368.51,368.14,369.8,370.07,370.38,367.59,360.48
1169,374.43,365.0,368.06,368.51,368.14,369.67,369.9,370.41,367.7,360.48
1170,374.43,365.1,368.08,368.52,368.14,369.76,369.71,370.46,367.75,360.49
1171,374.43,365.13,368.07,368.53,368.14,369.75,369.63,370.48,367.75,360.51
1172,374.44,365.16,368.07,368.55,368.15,369.76,369.56,370.42,367.73,360.51
1173,374.45,365.16,368.1,368.56,368.16,369.77,369.47,370.37,367.7,360.53
1174,374.46,365.18,368.1,368.57,368.15,369.79,369.32,370.31,367.67,360.54
1175,374.45,365.18,368.11,368.61,368.15,369.82,369.15,370.24,367.67,360.55
1176,374.47,365.19,368.12,368.62,368.14,369.84,369.1,370.04,367.71,360.57
1177,374.49,365.22,368.13,368.61,368.15,369.83,369.16,369.93,367.78,360.57
1178,374.49,365.22,368.13,368.61,368.13,369.83,369.23,369.89,367.89,360.58
1179,374.51,365.25,368.13,368.6,368.13,369.82,369.28,369.91,367.91,360.58
1180,374.52,365.27,368.13,368.61,368.12,369.83,369.29,369.87,367.89,360.59
1181,374.54,365.29,368.15,368.62,368.11,369.83,369.32,369.78,367.88,360.61
1182,374.56,365.3,368.15,368.61,368.08,369.86,369.42,369.76,367.91,360.64
1183,374.58,365.33,368.19,368.58,368.07,369.9,369.5,369.84,367.93,360.66
1184,374.59,365.34,368.22,368.54,368.05,369.93,369.57,369.95,367.96,360.68
1185,374.63,365.36,368.27,368.52,368.05,369.96,369.62,369.99,368.01,360.71
1186,374.65,365.37,368.31,368.51,368.07,369.98,369.7,369.84,368.07,360.72
1187,374.68,365.4,368.34,368.5,368.12,369.98,369.76,369.75,368.13,360.76
1188,374.7,365.42,368.33,368.27,368.16,369.98,369.73,369.69,368.16,360.79
1189,374.71,365.41,368.33,367.75,368.19,369.99,369.76,369.66,368.13,360.83
1190,374.72,365.39,368.33,368.45,368.21,369.99,369.81,369.7,368.08,360.87
1191,374.72,365.34,368.32,368.43,368.24,369.98,369.88,369.79,368.08,360.9
1192,374.74,365.28,368.34,368.4,368.26,369.97,369.95,369.88,368.12,360.94
1193,374.74,365.21,368.35,368.39,368.27,369.95,370.01,370.04,368.19,360.99
1194,374.76,365.18,368.38,368.37,368.28,369.55,370.08,370.14,368.29,361.04
1195,374.76,365.16,368.38,368.37,368.3,369.75,370.09,370.22,368.43,361.07
1196,374.77,365.2,368.35,368.29,368.3,369.96,370.09,370.26,368.55,361.08
1197,374.76,365.26,368.29,368.39,368.29,369.97,370.12,370.07,368.58,361.08
1198,374.78,365.29,368.26,368.41,368.29,369.96,370.12,370.29,368.61,361.1
1199,374.78,365.32,368.23,368.42,368.29,369.47,370.12,370.34,368.61,361.13
1200,374.79,365.36,368.21,368.46,368.28,369.97,370.12,370.4,368.58,361.17
1201,374.79,365.4,368.21,368.49,368.28,369.96,370.14,370.48,368.58,361.22
1202,374.79,365.43,368.22,368.51,368.28,369.93,370.11,370.57,368.6,361.28
1203,374.8,365.49,368.25,368.54,368.29,369.88,370.04,370.61,368.63,361.34
1204,374.8,365.51,368.26,368.57,368.31,369.85,369.94,370.65,368.62,361.37
1205,374.8,365.54,368.27,368.58,368.34,369.82,369.82,370.58,368.57,361.44
1206,374.8,365.54,368.27,368.6,368.38,369.51,369.74,370.41,368.52,361.48
1207,374.82,365.52,368.31,368.6,368.41,369.83,369.77,370.36,368.51,361.5
1208,374.82,365.47,368.33,368.6,368.42,369.84,369.83,370.41,368.51,361.47
1209,374.82,365.41,368.36,368.64,368.42,369.87,369.9,370.54,368.5,361.44
1210,374.83,365.39,368.39,368.68,368.43,369.9,369.97,370.49,368.45,361.4
1211,374.85,365.38,368.42,368.7,368.43,369.92,370.0,370.81,368.43,361.36
1212,374.87,365.36,368.44,368.72,368.44,369.87,370.02,370.87,368.43,361.33
1213,374.88,365.36,368.45,368.72,368.46,369.97,369.94,370.73,368.43,361.32
1214,374.89,365.31,368.42,368.72,368.44,369.98,369.89,370.42,368.39,361.29
1215,374.92,365.29,368.41,368.73,368.43,369.99,369.82,370.28,368.36,361.3
1216,374.94,365.3,368.4,368.71,368.42,370.0,369.57,370.26,368.36,361.32
1217,374.97,365.34,368.42,368.25,368.45,370.02,369.44,370.19,368.4,361.36
1218,374.98,365.43,368.43,368.68,368.48,370.04,369.45,370.12,368.44,361.41
1219,375.01,365.5,368.44,368.66,368.51,370.04,369.5,370.17,368.52,361.47
1220,375.02,365.54,368.44,368.66,368.53,370.07,369.53,370.31,368.61,361.53
1221,375.04,365.55,368.46,368.68,368.56,370.11,369.54,370.41,368.76,361.58
1222,375.05,365.56,368.48,368.69,368.59,370.12,369.57,370.48,368.91,361.64
1223,375.07,365.59,368.5,368.72,368.61,370.15,369.65,370.55,369.0,361.68
1224,375.1,365.64,368.53,368.74,368.62,370.16,369.79,370.62,368.99,361.69
1225,375.11,365.67,368.54,368.73,368.61,370.19,369.91,370.66,368.97,361.68
1226,375.13,365.67,368.54,368.71,368.59,370.2,369.95,370.62,368.94,361.67
1227,375.14,365.6,368.54,368.67,368.58,370.19,369.94,370.59,368.91,361.66
1228,375.16,365.53,368.54,368.65,368.58,370.18,370.0,370.41,368.9,361.64
1229,375.18,365.49,368.54,368.65,368.58,370.18,370.08,370.33,368.86,361.61
1230,375.2,365.43,368.56,368.66,368.57,370.18,370.18,370.3,368.84,361.62
1231,375.22,365.38,368.57,368.68,368.57,370.21,370.24,370.14,368.85,361.62
1232,375.24,365.34,368.6,368.76,368.57,370.21,370.29,370.43,368.87,361.63
1233,375.27,365.29,368.6,368.81,368.58,370.22,370.32,370.54,368.87,361.61
1234,375.27,365.28,368.59,368.83,368.59,370.23,370.29,370.64,368.76,361.6
1235,375.27,365.28,368.58,368.84,368.6,370.23,370.28,370.67,368.63,361.56
1236,375.27,365.29,368.57,368.86,368.63,370.23,370.35,370.63,368.51,361.54
1237,375.28,365.3,368.55,368.84,368.66,370.22,370.4,370.47,368.39,361.51
1238,375.29,365.32,368.55,368.86,368.7,370.23,370.42,370.27,368.32,361.49
1239,375.31,365.33,368.56,368.86,368.7,370.22,370.42,370.04,368.3,361.48
1240,375.3,365.33,368.56,368.88,368.68,370.19,370.35,369.77,368.29,361.48
1241,375.3,365.33,368.58,368.9,368.64,370.15,370.15,369.67,368.34,361.51
1242,375.3,365.35,368.61,368.92,368.62,370.15,369.85,369.61,368.45,361.53
1243,375.31,365.36,368.64,368.94,368.61,370.14,369.69,369.53,368.51,361.53
1244,375.31,365.37,368.65,368.98,368.57,370.16,369.5,369.52,368.54,361.54
1245,375.32,365.39,368.67,368.77,368.55,370.18,369.36,369.65,368.55,361.55
1246,375.32,365.46,368.69,369.02,368.53,370.18,369.37,369.83,368.6,361.55
1247,375.33,365.61,368.72,369.01,368.52,370.18,369.4,369.97,368.64,361.57
1248,375.33,365.74,368.74,369.02,368.53,370.18,369.46,370.13,368.73,361.57
1249,375.33,365.79,368.75,369.03,368.53,370.15,369.51,370.25,368.8,361.57
1250,375.35,365.87,368.78,369.02,368.56,370.18,369.61,370.32,368.88,361.62
1251,375.35,365.96,368.79,368.98,368.58,370.19,369.7,370.45,368.91,361.64
1252,375.36,365.99,368.78,368.95,368.58,370.2,369.79,370.58,368.9,361.64
1253,375.37,365.98,368.78,368.93,368.58,370.23,369.86,370.69,368.89,361.65
1254,375.39,365.96,368.77,368.9,368.6,370.26,369.91,370.77,368.94,361.69
1255,375.4,365.91,368.74,368.88,368.6,370.14,369.92,370.71,369.02,361.72
1256,375.4,365.84,368.73,368.84,368.59,370.29,369.87,370.57,369.09,361.75
1257,375.43,365.79,368.73,368.82,368.57,370.29,369.82,370.39,369.14,361.79
1258,375.44,365.74,368.76,368.81,368.56,370.27,369.73,370.17,369.14,361.81
1259,375.48,365.7,368.83,368.72,368.53,370.24,369.73,370.1,369.18,361.84
1260,375.5,365.73,368.89,368.82,368.49,370.24,369.79,370.04,369.24,361.87
1261,375.51,365.75,368.91,368.85,368.47,370.22,369.85,370.07,369.24,361.87
1262,375.51,365.78,368.9,368.87,368.45,370.21,369.91,370.21,369.23,361.88
1263,375.51,365.87,368.89,368.9,368.46,370.21,369.96,370.29,369.17,361.88
1264,375.53,365.93,368.88,368.92,368.49,370.21,370.04,370.33,369.09,361.89
1265,375.53,365.98,368.88,368.94,368.52,370.23,370.05,370.37,368.97,361.9
1266,375.53,365.99,368.87,368.95,368.57,370.25,370.08,370.45,368.9,361.88
1267,375.54,366.0,368.86,368.95,368.63,370.3,370.15,370.59,368.89,361.87
1268,375.54,366.04,368.84,368.92,368.69,370.34,370.22,370.72,368.89,361.85
1269,375.54,366.08,368.82,368.89,368.76,370.39,370.23,370.65,368.88,361.82
1270,375.55,366.07,368.83,368.85,368.8,370.42,370.26,370.8,368.86,361.79
1271,375.55,366.03,368.85,368.84,368.82,370.44,370.34,370.79,368.8,361.75
1272,375.55,365.95,368.86,368.81,368.85,370.47,370.38,370.81,368.75,361.71
1273,375.54,365.91,368.89,368.78,368.85,370.51,370.38,370.86,368.7,361.67
1274,375.55,365.9,368.95,368.75,368.86,370.53,370.31,370.95,368.65,361.63
1275,375.54,365.89,368.99,368.73,368.85,370.57,370.26,371.03,368.66,361.6
1276,375.53,365.91,369.05,368.74,368.84,370.61,370.31,371.09,368.72,361.55
1277,375.51,365.94,369.09,368.76,368.83,370.64,370.48,371.15,368.81,361.51
1278,375.5,365.97,369.09,368.79,368.83,370.65,370.58,371.19,368.87,361.51
1279,375.49,365.99,369.08,368.86,368.83,370.67,370.62,371.27,368.93,361.53
1280,375.49,366.01,369.08,368.94,368.85,370.69,370.67,371.34,369.04,361.59
1281,375.48,366.04,369.06,369.02,368.88,370.72,370.7,371.43,369.17,361.64
1282,375.47,366.05,369.04,369.07,368.91,370.76,370.72,371.47,369.3,361.69
1283,375.49,366.08,369.03,369.12,368.94,370.78,370.69,371.45,369.45,361.75
1284,375.48,366.11,369.03,369.14,368.98,370.81,370.69,371.44,369.55,361.78
1285,375.5,366.12,369.03,369.16,369.01,370.83,370.77,371.43,369.68,361.87
1286,375.51,366.13,368.99,369.18,369.01,370.85,370.8,371.36,369.78,361.97
1287,375.53,366.1,368.94,369.02,369.01,370.87,370.71,371.21,369.83,362.02
1288,375.54,366.07,368.9,369.2,369.02,370.87,370.63,371.3,369.85,362.06
1289,375.56,366.03,368.88,369.21,369.02,370.87,370.55,371.33,369.83,362.09
1290,375.58,366.01,368.86,369.22,369.04,370.87,370.48,371.29,369.8,362.11
1291,375.62,365.99,368.87,369.25,369.05,370.87,370.41,371.26,369.78,362.14
1292,375.63,365.97,368.88,369.25,369.06,370.88,370.33,371.28,369.77,362.16
1293,375.66,365.94,368.9,369.24,369.06,370.86,370.29,371.29,369.76,362.18
1294,375.67,365.91,368.93,369.31,369.07,370.85,370.32,371.22,369.68,362.2
1295,375.69,365.87,368.98,369.3,369.06,370.91,370.41,371.08,369.62,362.25
1296,375.73,365.86,369.03,369.31,369.05,370.92,370.57,370.81,369.58,362.3
1297,375.74,365.86,369.05,369.31,369.04,370.92,370.65,370.85,369.53,362.33
1298,375.77,365.87,369.06,369.32,369.0,370.92,370.65,371.06,369.49,362.38
1299,375.79,365.9,369.08,369.32,368.99,370.92,370.67,371.2,369.46,362.41
1300,375.81,365.93,369.09,369.31,368.96,370.9,370.71,371.3,369.42,362.44
1301,375.83,365.98,369.12,369.3,368.97,370.87,370.78,371.36,369.4,362.49
1302,375.85,366.02,369.13,369.29,368.98,370.82,370.83,371.38,369.38,362.55
1303,375.86,366.05,369.14,369.3,369.0,370.81,370.86,371.25,369.37,362.65
1304,375.88,366.11,369.18,369.31,369.05,370.82,370.88,371.06,369.44,362.76
1305,375.91,366.19,369.19,369.31,369.09,370.83,370.89,371.04,369.6,362.86
1306,375.91,366.24,369.22,369.32,369.12,370.87,370.82,371.08,369.68,362.96
1307,375.93,366.3,369.22,369.36,369.13,370.88,370.75,371.11,369.76,363.05
1308,375.94,366.34,369.25,369.41,369.12,370.89,370.71,371.03,369.84,363.13
1309,375.95,366.35,369.24,369.46,369.13,370.88,370.7,370.87,369.96,363.18
1310,375.95,366.34,369.25,369.52,369.15,370.87,370.72,370.7,370.04,363.21
1311,375.97,366.35,369.27,369.57,369.16,370.84,370.73,370.65,370.06,363.23
1312,375.98,366.37,369.29,369.61,369.16,370.81,370.71,370.73,370.03,363.24
1313,375.99,366.41,369.33,369.62,369.17,370.81,370.62,370.78,369.97,363.22
1314,376.01,366.47,369.36,369.66,369.19,370.8,370.57,370.88,369.9,363.19
1315,376.02,366.53,369.38,369.68,369.2,370.82,370.6,371.01,369.86,363.15
1316,376.03,366.56,369.4,369.71,369.22,370.84,370.66,371.18,369.86,363.11
1317,376.05,366.57,369.42,369.71,369.22,370.88,370.73,371.36,369.87,363.06
1318,376.06,366.54,369.43,369.71,369.22,370.91,370.73,371.46,369.82,363.01
1319,376.06,366.52,369.43,369.74,369.22,370.98,370.61,371.51,369.77,362.99
1320,376.07,366.49,369.42,369.76,369.2,370.61,370.52,371.54,369.74,362.96
1321,376.08,366.49,369.39,369.72,369.2,371.06,370.51,371.56,369.72,362.91
1322,376.09,366.51,369.34,369.71,369.19,371.07,370.59,371.57,369.7,362.87
1323,376.09,366.51,369.3,369.7,369.19,371.13,370.66,371.59,369.65,362.83
1324,376.1,366.48,369.27,369.69,369.2,371.16,370.69,371.56,369.58,362.78
1325,376.09,366.47,369.24,369.66,369.21,371.17,370.72,371.51,369.53,362.74
1326,376.1,366.44,369.2,369.61,369.23,371.21,370.68,371.56,369.49,362.71
1327,376.1,366.39,369.17,369.61,369.27,371.25,370.64,371.59,369.43,362.69
1328,376.1,366.3,369.16,369.57,369.31,371.28,370.65,371.67,369.36,362.68
1329,376.12,366.23,369.13,369.55,369.35,371.31,370.7,371.71,369.38,362.66
1330,376.11,366.24,369.11,369.59,369.39,371.34,370.69,371.65,369.45,362.66
1331,376.12,366.33,369.11,369.62,369.46,371.36,370.67,371.52,369.61,362.68
1332,376.12,366.45,369.13,369.64,369.51,371.42,370.78,371.31,369.76,362.69
1333,376.12,366.52,369.16,369.68,369.54,371.44,370.88,371.14,369.83,362.72
1334,376.12,366.58,369.18,369.7,369.56,371.4,370.95,371.07,369.91,362.76
1335,376.12,366.62,369.21,369.73,369.57,371.44,371.01,371.04,369.97,362.79
1336,376.12,366.63,369.24,369.76,369.59,371.39,371.01,371.11,370.0,362.82
1337,376.14,366.65,369.27,369.8,369.6,371.41,370.98,371.3,370.01,362.84
1338,376.16,366.66,369.32,369.82,369.59,371.4,370.96,371.44,369.97,362.85
1339,376.17,366.62,369.37,369.84,369.58,371.37,370.84,371.51,369.91,362.85
1340,376.19,366.56,369.45,369.89,369.58,371.36,370.57,371.56,369.86,362.89
1341,376.22,366.49,369.51,369.9,369.6,371.35,370.47,371.57,369.87,362.93
1342,376.24,366.49,369.52,369.94,369.62,371.32,370.46,371.54,369.88,362.96
1343,376.24,366.53,369.53,369.95,369.62,371.33,370.49,371.42,369.9,362.96
1344,376.25,366.53,369.52,369.98,369.63,371.32,370.59,371.24,369.92,363.0
1345,376.27,366.54,369.52,370.0,369.65,371.32,370.66,371.41,369.95,363.01
1346,376.29,366.54,369.54,369.99,369.66,371.34,370.67,371.52,369.97,363.04
1347,376.3,366.56,369.57,369.96,369.69,371.33,370.68,371.62,370.0,363.06
1348,376.33,366.6,369.61,369.94,369.74,371.37,370.72,371.68,369.99,363.06
1349,376.34,366.62,369.62,369.91,369.75,371.39,370.83,371.73,370.0,363.03
1350,376.34,366.64,369.64,369.84,369.75,371.4,370.96,371.78,370.05,363.0
1351,376.36,366.63,369.66,369.78,369.75,371.39,371.1,371.84,370.16,362.99
1352,376.37,366.62,369.7,369.72,369.74,371.36,371.19,371.91,370.27,362.96
1353,376.38,366.63,369.74,369.67,369.72,371.36,371.25,372.0,370.36,362.94
1354,376.38,366.65,369.78,369.63,369.69,371.34,371.29,372.1,370.41,362.91
1355,376.4,366.61,369.8,369.61,369.66,371.34,371.32,372.11,370.44,362.9
1356,376.41,366.53,369.83,369.58,369.63,371.32,371.34,372.09,370.48,362.87
1357,376.42,366.46,369.84,369.57,369.6,371.31,371.36,372.06,370.53,362.85
1358,376.44,366.4,369.84,369.56,369.55,371.3,371.32,372.05,370.58,362.81
1359,376.44,366.46,369.81,369.57,369.5,371.28,371.19,372.02,370.56,362.75
1360,376.45,366.54,369.78,369.58,369.46,371.25,371.17,372.03,370.52,362.7
1361,376.46,366.64,369.76,369.6,369.44,371.24,371.19,372.02,370.47,362.67
1362,376.46,366.74,369.76,369.63,369.42,371.22,371.2,371.97,370.42,362.63
1363,376.46,366.83,369.75,369.68,369.4,371.2,371.22,371.96,370.33,362.6
1364,376.45,366.89,369.75,369.74,369.4,371.19,371.27,371.89,370.26,362.56
1365,376.45,366.9,369.76,369.81,369.41,371.18,371.3,371.93,370.21,362.54
1366,376.44,366.92,369.78,369.86,369.43,371.19,371.34,371.73,370.18,362.52
1367,376.44,366.89,369.79,369.9,369.48,371.2,371.41,372.06,370.12,362.51
1368,376.44,366.86,369.8,369.92,369.51,371.22,371.49,372.12,370.0,362.5
1369,376.44,366.84,369.79,369.91,369.55,371.19,371.54,372.17,369.95,362.53
1370,376.45,366.87,369.79,369.92,369.58,371.26,371.52,372.23,369.89,362.54
1371,376.45,366.92,369.8,369.94,369.63,371.29,371.56,372.24,369.84,362.56
1372,376.47,366.93,369.79,369.98,369.66,371.31,371.6,372.22,369.79,362.56
1373,376.49,366.91,369.83,369.99,369.69,371.34,371.59,372.16,369.75,362.54
1374,376.51,366.87,369.86,370.05,369.7,371.38,371.43,371.96,369.73,362.51
1375,376.53,366.85,369.89,370.06,369.71,371.41,371.29,371.7,369.73,362.51
1376,376.56,366.85,369.92,370.06,369.72,371.42,371.25,371.58,369.75,362.54
1377,376.59,366.88,369.91,370.05,369.73,371.45,371.25,371.46,369.82,362.59
1378,376.59,366.93,369.89,370.04,369.74,371.45,371.26,371.39,369.9,362.64
1379,376.62,367.0,369.86,370.02,369.75,371.45,371.27,371.47,370.01,362.66
1380,376.63,367.06,369.83,370.02,369.77,371.48,371.31,371.55,370.1,362.67
1381,376.64,367.11,369.83,370.02,369.78,371.49,371.28,371.56,370.15,362.69
1382,376.64,367.14,369.86,370.02,369.81,371.47,371.29,371.57,370.15,362.73
1383,376.66,367.14,369.88,370.04,369.82,371.48,371.28,371.55,370.09,362.78
1384,376.66,367.12,369.9,370.06,369.86,371.48,371.22,371.4,370.06,362.85
1385,376.68,367.08,369.92,370.09,369.91,371.45,371.25,371.28,369.99,362.93
1386,376.7,367.03,369.94,370.12,369.96,371.39,371.33,371.25,369.95,362.99
1387,376.7,367.01,369.94,370.15,370.0,371.33,371.25,371.29,369.94,363.03
1388,376.71,367.01,369.96,370.16,369.98,371.32,371.17,371.25,369.93,363.05
1389,376.72,367.01,369.95,370.2,369.94,371.32,371.13,371.16,369.9,363.07
1390,376.74,367.03,369.97,370.2,369.93,371.33,371.15,371.12,369.88,363.08
1391,376.74,367.03,369.98,370.21,369.9,371.35,371.11,371.06,369.93,363.05
1392,376.76,367.03,370.0,370.21,369.92,371.37,371.1,370.88,370.02,363.01
1393,376.78,367.06,370.01,370.22,369.93,371.36,370.89,370.91,370.11,362.96
1394,376.79,367.13,369.97,370.19,369.95,371.35,370.61,371.04,370.22,362.91
1395,376.8,367.23,369.92,370.2,369.95,371.35,370.52,371.1,370.32,362.9
1396,376.81,367.31,369.89,370.23,369.94,371.35,370.57,371.11,370.35,362.9
1397,376.82,367.38,369.9,370.22,369.93,371.36,370.64,371.16,370.33,362.9
1398,376.81,367.4,369.9,370.22,369.91,371.34,370.67,371.24,370.27,362.88
1399,376.81,367.39,369.92,370.21,369.89,371.37,370.68,371.36,370.19,362.86
1400,376.82,367.39,369.92,370.17,369.88,371.38,370.73,371.47,370.06,362.83
1401,376.82,367.41,369.92,370.11,369.88,371.39,370.8,371.52,369.94,362.81
1402,376.83,367.45,369.91,370.09,369.91,371.41,370.87,371.54,369.85,362.79
1403,376.83,367.62,369.92,370.06,369.93,371.42,370.99,371.55,369.76,362.78
1404,376.85,367.79,369.92,370.05,369.96,371.45,371.12,371.53,369.76,362.75
1405,376.85,367.85,369.93,370.05,369.98,371.47,371.18,371.47,369.8,362.75
1406,376.85,367.87,369.94,370.05,369.98,371.52,371.24,371.46,369.85,362.76
1407,376.86,367.83,369.95,369.99,369.97,371.56,371.32,371.46,369.9,362.79
1408,376.87,367.71,369.98,369.96,369.98,371.61,371.37,371.42,369.9,362.82
1409,376.87,367.57,370.02,369.95,369.97,371.61,371.4,371.3,369.94,362.83
1410,376.89,367.48,370.06,369.94,369.98,371.6,371.38,371.24,369.99,362.85
1411,376.9,367.45,370.1,369.81,369.99,371.59,371.26,371.16,370.04,362.85
1412,376.91,367.41,370.13,369.92,369.99,371.55,371.13,371.16,370.04,362.81
1413,376.93,367.42,370.15,369.86,370.02,371.5,371.01,371.3,369.99,362.78
1414,376.92,367.39,370.16,369.84,370.03,371.45,370.96,371.48,369.95,362.76
1415,376.92,367.36,370.16,369.81,370.03,371.42,370.95,371.63,369.91,362.73
1416,376.91,367.38,370.18,369.82,370.02,371.4,371.02,371.73,369.88,362.69
1417,376.91,367.42,370.19,369.8,370.02,371.38,371.09,371.74,369.85,362.67
1418,376.89,367.44,370.2,369.78,370.01,371.39,371.13,371.72,369.86,362.64
1419,376.89,367.45,370.21,369.78,369.99,371.4,371.17,371.65,369.9,362.61
1420,376.86,367.46,370.21,369.82,369.99,371.41,371.21,371.59,369.92,362.57
1421,376.84,367.46,370.21,369.85,370.01,371.4,371.24,371.47,369.9,362.53
1422,376.83,367.48,370.23,369.87,370.02,371.39,371.1,371.46,369.88,362.53
1423,376.82,367.49,370.22,369.91,370.04,371.39,370.98,371.52,369.82,362.54
1424,376.82,367.48,370.22,369.94,370.08,371.41,371.0,371.56,369.78,362.56
1425,376.81,367.45,370.2,369.93,370.09,371.43,371.06,371.54,369.78,362.56
1426,376.81,367.41,370.19,369.93,370.1,371.45,371.13,371.48,369.81,362.57
1427,376.82,367.42,370.14,369.92,370.09,371.49,371.19,371.42,369.85,362.58
1428,376.82,367.45,370.11,369.91,370.08,371.54,371.2,371.48,369.89,362.57
1429,376.83,367.54,370.07,369.9,370.06,371.56,371.18,371.53,369.94,362.56
1430,376.85,367.63,370.04,369.94,370.05,371.59,371.24,371.57,369.99,362.55
1431,376.86,367.66,370.03,369.99,370.05,371.6,371.31,371.59,369.99,362.54
1432,376.89,367.6,370.0,370.03,370.05,371.62,371.41,371.61,369.97,362.55
1433,376.9,367.57,369.99,370.08,370.03,371.6,371.53,371.71,369.96,362.57
1434,376.91,367.54,369.93,370.13,370.02,371.61,371.63,371.81,369.97,362.59
1435,376.93,367.51,369.88,370.2,370.0,371.6,371.68,371.63,370.03,362.63
1436,376.94,367.49,369.83,370.27,369.99,371.62,371.71,371.47,370.12,362.67
1437,376.94,367.42,369.79,370.31,369.98,371.65,371.65,371.41,370.19,362.7
1438,376.97,367.37,369.76,370.34,369.98,371.66,371.55,371.46,370.24,362.72
1439,376.99,367.35,369.72,370.34,370.0,371.67,371.53,371.51,370.2,362.75
1440,376.99,367.38,369.7,370.15,370.02,371.68,371.61,371.68,370.15,362.76
1441,377.0,367.41,369.7,370.27,370.05,371.68,371.67,371.89,370.14,362.79
1442,377.02,367.46,369.72,370.26,370.06,371.66,371.66,372.01,370.11,362.82
1443,377.03,367.46,369.76,370.26,370.05,371.66,371.64,371.97,370.08,362.84
1444,377.03,367.46,369.82,370.27,370.04,371.69,371.63,371.78,370.12,362.85
1445,377.04,367.45,369.89,370.28,370.04,371.72,371.67,371.57,370.18,362.87
1446,377.04,367.45,369.95,370.28,370.04,371.75,371.73,371.47,370.22,362.87
1447,377.04,367.44,369.99,370.27,370.03,371.75,371.69,371.38,370.22,362.84
1448,377.05,367.45,370.13,370.29,370.04,371.79,371.48,371.44,370.19,362.82
1449,377.06,367.48,370.27,370.32,370.06,371.76,371.3,371.49,370.1,362.81
1450,377.06,367.52,370.35,370.3,370.08,371.76,371.28,371.53,370.06,362.8
1451,377.08,367.57,370.41,370.34,370.08,371.77,371.32,371.52,370.06,362.81
1452,377.08,367.59,370.46,370.34,370.07,371.77,371.37,371.58,370.09,362.81
1453,377.09,367.6,370.5,370.37,370.05,371.8,371.38,371.64,370.1,362.82
1454,377.11,367.58,370.53,370.4,370.06,371.71,371.38,371.73,370.12,362.85
1455,377.1,367.55,370.56,370.4,370.07,371.79,371.38,371.79,370.13,362.89
1456,377.13,367.56,370.59,370.5,370.13,371.8,371.36,371.72,370.16,362.94
1457,377.14,367.55,370.61,370.51,370.18,371.83,371.33,371.57,370.11,362.98
1458,377.15,367.55,370.61,370.5,370.23,371.86,371.33,371.41,370.09,363.02
1459,377.16,367.55,370.64,370.52,370.26,371.88,371.33,371.46,370.08,363.04
1460,377.17,367.54,370.65,370.51,370.29,371.89,371.32,371.49,370.05,363.09
1461,377.18,367.54,370.65,370.54,370.31,371.9,371.34,371.62,370.05,363.13
1462,377.18,367.52,370.67,370.56,370.34,371.89,371.36,371.7,370.07,363.18
1463,377.2,367.5,370.67,370.6,370.38,371.91,371.37,371.77,370.1,363.21
1464,377.2,367.46,370.69,370.6,370.42,371.93,371.42,371.88,370.11,363.22
1465,377.2,367.44,370.67,370.58,370.48,371.94,371.48,371.96,370.1,363.21
1466,377.21,367.43,370.63,370.6,370.52,371.95,371.44,371.99,370.05,363.21
1467,377.22,367.48,370.59,370.61,370.53,371.97,371.51,372.0,369.94,363.23
1468,377.21,367.53,370.61,370.66,370.54,372.0,371.64,371.93,369.89,363.25
1469,377.2,367.56,370.62,370.71,370.55,372.0,371.76,371.76,369.87,363.24
1470,377.21,367.58,370.64,370.76,370.55,372.01,371.83,371.6,369.89,363.24
1471,377.21,367.6,370.66,370.79,370.57,372.01,371.89,371.59,369.9,363.24
1472,377.21,367.63,370.67,370.69,370.6,372.03,371.91,371.75,369.93,363.25
1473,377.21,367.7,370.68,370.82,370.63,372.06,371.84,371.83,369.99,363.25
1474,377.21,367.75,370.67,370.84,370.66,372.07,371.83,372.05,370.07,363.26
1475,377.21,367.8,370.66,370.85,370.7,372.11,371.88,372.19,370.22,363.3
1476,377.21,367.87,370.67,370.81,370.71,372.14,371.95,372.33,370.42,363.38
1477,377.2,367.89,370.67,370.84,370.7,372.18,372.02,372.39,370.53,363.44
1478,377.21,367.86,370.68,370.8,370.7,372.22,372.08,372.44,370.63,363.5
1479,377.23,367.79,370.71,370.78,370.71,372.25,372.15,372.47,370.69,363.53
1480,377.23,367.74,370.75,370.77,370.69,371.86,372.21,372.57,370.76,363.56
1481,377.24,367.74,370.79,370.8,370.67,372.28,372.25,372.66,370.84,363.59
1482,377.26,367.78,370.85,370.82,370.66,372.15,372.29,372.7,370.92,363.63
1483,377.27,367.83,370.92,370.37,370.65,372.26,372.28,372.7,371.0,363.68
1484,377.29,367.94,370.99,370.83,370.63,372.25,372.15,372.67,371.08,363.73
1485,377.3,368.03,371.04,370.83,370.6,371.99,371.89,372.68,371.17,363.75
1486,377.31,368.08,371.05,370.84,370.59,372.26,371.81,372.73,371.18,363.76
1487,377.32,368.12,371.07,370.84,370.58,372.28,371.78,372.79,371.16,363.78
1488,377.33,368.16,371.09,370.85,370.58,372.3,371.8,372.8,371.13,363.81
1489,377.32,368.17,371.08,370.84,370.57,372.32,371.86,372.82,371.07,363.84
1490,377.33,368.14,371.08,370.85,370.57,372.27,371.94,372.84,370.98,363.87
1491,377.36,368.1,371.11,370.87,370.58,372.27,372.03,372.76,370.89,363.93
1492,377.38,368.04,371.13,370.88,370.6,372.36,372.11,372.66,370.83,363.98
1493,377.4,368.0,371.14,370.91,370.63,372.32,372.06,372.63,370.84,364.03
1494,377.41,367.98,371.14,370.94,370.64,372.29,372.03,372.72,370.9,364.02
1495,377.43,367.98,371.13,370.96,370.66,371.17,372.04,372.8,370.97,364.0
1496,377.45,367.97,371.14,370.97,370.67,372.19,372.03,372.9,371.0,363.96
1497,377.47,367.98,371.15,370.95,370.66,372.17,372.04,373.01,370.98,363.94
1498,377.48,367.99,371.13,370.92,370.63,372.12,372.06,373.11,370.93,363.9
1499,377.5,368.05,371.1,370.91,370.62,372.18,372.11,373.13,370.86,363.89
1500,377.51,368.11,371.07,370.89,370.6,372.18,372.13,373.06,370.84,363.9
1501,377.53,368.1,371.08,370.88,370.58,372.19,372.19,372.97,370.75,363.94
1502,377.54,368.07,371.08,370.89,370.57,372.19,372.27,372.88,370.69,363.98
1503,377.56,368.04,371.06,370.93,370.58,371.79,372.29,372.56,370.68,363.97
1504,377.58,368.03,371.05,370.96,370.58,372.19,372.13,372.4,370.69,363.97
1505,377.6,368.03,371.02,370.98,370.55,372.22,371.98,372.53,370.67,363.95
1506,377.61,368.02,371.0,370.98,370.53,372.25,371.93,372.69,370.61,363.92
1507,377.63,367.99,370.98,370.96,370.52,372.27,371.97,372.75,370.55,363.91
1508,377.65,367.95,370.95,370.91,370.52,372.3,372.03,372.75,370.57,363.91
1509,377.66,367.92,370.94,370.92,370.53,372.33,372.09,372.76,370.59,363.91
1510,377.67,367.84,370.94,370.89,370.55,372.36,372.19,372.83,370.67,363.88
1511,377.7,367.79,370.96,370.85,370.54,372.31,372.31,372.92,370.69,363.83
1512,377.72,367.79,370.98,370.81,370.55,372.41,372.37,373.0,370.68,363.79
1513,377.72,367.77,371.02,370.78,370.54,372.43,372.4,373.01,370.67,363.76
1514,377.73,367.74,371.07,370.75,370.53,372.46,372.43,373.05,370.67,363.76
1515,377.74,367.74,371.09,370.79,370.52,372.47,372.47,373.06,370.68,363.77
1516,377.75,367.75,371.13,370.83,370.53,372.48,372.49,373.09,370.68,363.77
1517,377.74,367.74,371.15,370.87,370.54,372.48,372.51,373.08,370.66,363.77
1518,377.75,367.74,371.15,370.9,370.57,372.46,372.52,372.51,370.66,363.77
1519,377.74,367.78,371.11,370.93,370.63,372.46,372.52,372.94,370.59,363.76
1520,377.74,367.83,371.05,370.98,370.66,372.42,372.51,373.01,370.53,363.73
1521,377.73,367.85,371.01,371.06,370.66,372.16,372.48,373.1,370.5,363.71
1522,377.72,367.85,370.98,371.09,370.65,372.44,372.45,373.16,370.5,363.69
1523,377.74,367.83,370.98,371.08,370.65,372.5,372.49,373.16,370.49,363.68
1524,377.73,367.82,370.98,371.22,370.62,372.53,372.54,373.12,370.47,363.7
1525,377.74,367.81,371.0,371.26,370.61,372.54,372.57,373.01,370.49,363.73
1526,377.74,367.83,371.02,371.15,370.61,372.54,372.55,372.93,370.54,363.78
1527,377.75,367.86,371.09,371.33,370.64,372.57,372.55,372.92,370.63,363.83
1528,377.75,367.91,371.12,371.38,370.68,372.55,372.6,373.02,370.71,363.86
1529,377.76,368.01,371.15,371.42,370.76,372.17,372.63,373.15,370.76,363.92
1530,377.76,368.09,371.12,371.42,370.84,372.57,372.61,373.2,370.79,363.95
1531,377.77,368.11,371.1,371.43,370.9,372.59,372.61,373.29,370.82,364.0
1532,377.8,368.1,371.09,371.42,370.95,372.58,372.62,373.23,370.83,364.03
1533,377.8,368.1,371.08,371.41,370.97,372.61,372.64,373.18,370.83,364.05
1534,377.81,368.09,371.08,371.43,370.99,372.64,372.62,373.08,370.77,364.06
1535,377.82,368.12,371.1,371.42,371.01,372.67,372.63,372.8,370.7,364.06
1536,377.83,368.15,371.11,371.4,371.03,372.66,372.63,372.6,370.65,364.09
1537,377.87,368.2,371.17,371.39,371.06,372.68,372.63,372.61,370.63,364.15
1538,377.89,368.22,371.23,371.36,371.06,372.7,372.55,372.73,370.66,364.21
1539,377.89,368.2,371.28,371.35,371.05,372.67,372.55,372.92,370.67,364.21
1540,377.91,368.24,371.31,371.35,371.06,372.74,372.6,373.02,370.65,364.22
1541,377.91,368.28,371.32,371.33,371.07,372.63,372.63,373.05,370.62,364.22
1542,377.9,368.29,371.33,371.31,371.08,372.65,372.44,373.02,370.58,364.21
1543,377.89,368.26,371.34,371.31,371.11,372.71,372.3,372.91,370.59,364.19
1544,377.88,368.25,371.34,371.25,371.13,372.7,372.3,372.81,370.66,364.2
1545,377.88,368.21,371.33,371.28,371.15,372.74,372.37,372.74,370.72,364.19
1546,377.86,368.18,371.32,371.34,371.19,372.72,372.42,372.63,370.73,364.21
1547,377.84,368.17,371.34,371.31,371.22,372.7,372.36,372.61,370.7,364.2
1548,377.84,368.19,371.34,371.3,371.23,372.71,372.34,372.52,370.64,364.16
1549,377.84,368.22,371.31,371.33,371.22,372.72,372.24,372.49,370.62,364.13
1550,377.86,368.28,371.3,371.35,371.24,372.77,372.13,372.43,370.64,364.1
1551,377.87,368.32,371.28,371.31,371.23,372.78,372.07,372.41,370.67,364.06
1552,377.89,368.35,371.24,371.4,371.26,372.81,372.01,372.47,370.69,364.06
1553,377.9,368.41,371.21,371.36,371.26,372.83,372.0,372.59,370.72,364.1
1554,377.91,368.49,371.19,371.42,371.29,372.84,372.09,372.49,370.78,364.13
1555,377.93,368.63,371.19,371.42,371.32,372.85,372.29,372.45,370.91,364.22
1556,377.96,368.77,371.24,371.4,371.35,372.88,372.45,372.59,371.01,364.3
1557,377.98,368.82,371.28,371.4,371.37,372.84,372.52,372.01,371.03,364.34
1558,377.99,368.86,371.32,371.37,371.38,372.87,372.6,372.91,371.01,364.33
1559,378.01,368.87,371.35,371.35,371.39,372.85,372.61,373.13,370.99,364.32
1560,378.02,368.89,371.39,371.34,371.38,372.83,372.62,373.18,370.98,364.31
1561,378.02,368.91,371.4,371.31,371.38,372.77,372.63,373.31,370.98,364.32
1562,378.04,368.88,371.43,371.32,371.38,372.79,372.59,373.31,371.02,364.35
1563,378.05,368.79,371.42,371.35,371.35,372.76,372.49,373.19,371.07,364.39
1564,378.07,368.67,371.43,371.36,371.34,372.79,372.52,373.23,371.12,364.46
1565,378.08,368.64,371.44,371.39,371.34,372.81,372.64,373.21,371.16,364.48
1566,378.09,368.67,371.44,371.38,371.35,372.82,372.74,373.17,371.17,364.47
1567,378.08,368.69,371.42,371.34,371.34,372.85,372.82,373.18,371.16,364.44
1568,378.09,368.71,371.39,371.32,371.32,372.86,372.9,373.25,371.15,364.43
1569,378.1,368.72,371.36,371.3,371.29,372.87,372.96,373.32,371.14,364.44
1570,378.1,368.71,371.33,371.26,371.26,372.87,372.99,373.36,371.11,364.47
1571,378.1,368.7,371.32,371.23,371.22,372.88,372.92,373.39,371.11,364.5
1572,378.11,368.66,371.3,371.21,371.16,372.86,372.72,373.42,371.15,364.51
1573,378.13,368.6,371.27,371.2,371.1,372.82,372.58,373.41,371.22,364.51
1574,378.15,368.53,371.25,371.26,371.06,372.81,372.62,373.46,371.21,364.5
1575,378.15,368.52,371.26,371.27,371.04,372.76,372.69,373.5,371.2,364.49
1576,378.17,368.52,371.24,371.3,371.04,372.7,372.77,373.52,371.18,364.49
1577,378.2,368.52,371.25,371.34,371.03,372.66,372.82,373.53,371.18,364.49
1578,378.21,368.54,371.26,371.29,371.01,372.62,372.82,373.46,371.17,364.48
1579,378.23,368.56,371.27,371.37,371.01,372.59,372.8,373.27,371.19,364.47
1580,378.26,368.57,371.27,371.38,370.99,372.54,372.77,373.41,371.2,364.45
1581,378.28,368.58,371.27,371.45,370.98,372.54,372.7,373.4,371.21,364.4
1582,378.28,368.49,371.28,371.44,370.97,372.51,372.59,373.19,371.15,364.35
1583,378.29,368.4,371.29,371.46,370.97,372.5,372.57,372.98,371.07,364.3
1584,378.3,368.36,371.29,371.45,370.99,372.49,372.57,372.81,371.04,364.29
1585,378.31,368.37,371.29,371.4,371.03,372.51,372.59,372.76,371.03,364.31
1586,378.32,368.41,371.27,371.44,371.07,372.51,372.58,372.86,371.02,364.34
1587,378.32,368.47,371.25,371.51,371.11,372.53,372.56,373.0,371.01,364.37
1588,378.33,368.51,371.24,371.54,371.15,372.56,372.49,373.01,371.05,364.39
1589,378.34,368.5,371.23,371.58,371.19,372.59,372.43,373.05,371.13,364.4
1590,378.35,368.47,371.24,371.55,371.22,372.63,372.44,373.02,371.24,364.4
1591,378.37,368.43,371.28,371.55,371.28,372.67,372.48,372.99,371.38,364.43
1592,378.38,368.43,371.32,371.55,371.31,372.69,372.47,372.97,371.41,364.46
1593,378.4,368.45,371.36,371.53,371.32,372.74,372.53,373.0,371.41,364.49
1594,378.41,368.46,371.4,371.53,371.34,372.69,372.61,373.02,371.38,364.49
1595,378.42,368.5,371.41,371.6,371.34,372.76,372.65,373.07,371.36,364.47
1596,378.42,368.54,371.4,371.64,371.34,372.77,372.68,373.05,371.38,364.44
1597,378.43,368.6,371.41,371.65,371.36,372.8,372.74,372.97,371.41,364.43
1598,378.43,368.64,371.45,371.66,371.37,372.81,372.76,372.85,371.44,364.41
1599,378.43,368.64,371.48,371.67,371.39,372.85,372.82,372.74,371.5,364.42
1600,378.41,368.62,371.53,371.67,371.4,372.87,372.87,372.5,371.6,364.4
1601,378.41,368.55,371.57,371.67,371.4,372.91,372.73,372.67,371.64,364.38
1602,378.41,368.52,371.59,371.68,371.42,372.94,372.68,372.65,371.65,364.36
1603,378.42,368.49,371.61,371.68,371.44,372.98,372.71,372.66,371.62,364.36
1604,378.41,368.48,371.61,371.66,371.44,372.99,372.8,372.67,371.57,364.34
1605,378.41,368.5,371.63,371.71,371.46,373.07,372.86,372.76,371.54,364.32
1606,378.41,368.59,371.64,371.72,371.48,373.09,372.92,372.89,371.48,364.29
1607,378.42,368.65,371.65,371.75,371.5,373.11,372.96,373.03,371.42,364.28
1608,378.43,368.67,371.66,371.74,371.53,373.14,372.94,373.24,371.37,364.26
1609,378.44,368.69,371.68,371.74,371.58,373.17,372.92,373.42,371.36,364.26
1610,378.45,368.73,371.7,371.73,371.62,373.15,373.0,373.51,371.28,364.26
1611,378.46,368.8,371.72,371.74,371.66,373.19,373.11,373.6,371.31,364.29
1612,378.47,368.83,371.72,371.76,371.67,373.18,373.16,373.7,371.45,364.32
1613,378.47,368.84,371.71,371.76,371.67,373.19,373.2,373.8,371.58,364.33
1614,378.47,368.84,371.7,371.7,371.68,373.13,373.2,373.86,371.71,364.33
1615,378.49,368.83,371.7,371.73,371.67,373.24,373.19,373.95,371.77,364.32
1616,378.5,368.82,371.7,371.73,371.66,373.29,373.1,374.05,371.76,364.31
1617,378.5,368.8,371.72,371.74,371.65,373.34,372.96,374.14,371.73,364.29
1618,378.5,368.79,371.72,371.45,371.64,373.37,372.89,374.19,371.66,364.27
1619,378.51,368.77,371.75,371.75,371.62,373.39,372.92,374.11,371.62,364.31
1620,378.52,368.76,371.76,371.79,371.63,373.38,373.02,374.03,371.61,364.36
1621,378.52,368.76,371.74,371.81,371.61,373.38,373.09,374.03,371.65,364.39
1622,378.53,368.78,371.76,371.86,371.6,373.38,373.16,374.04,371.7,364.41
1623,378.53,368.81,371.76,371.9,371.59,373.37,373.21,374.08,371.78,364.4
1624,378.54,368.85,371.79,371.92,371.58,373.39,373.24,374.06,371.81,364.4
1625,378.55,368.89,371.78,371.97,371.6,373.4,373.27,374.08,371.85,364.4
1626,378.56,368.93,371.79,372.02,371.61,373.42,373.31,374.08,371.88,364.38
1627,378.6,368.96,371.81,372.06,371.63,373.37,373.4,374.1,371.87,364.37
1628,378.61,368.97,371.85,372.08,371.67,373.44,373.48,374.0,371.82,364.35
1629,378.63,368.97,371.88,372.09,371.7,373.45,373.59,373.93,371.77,364.35
1630,378.65,368.96,371.92,371.98,371.74,373.43,373.67,373.94,371.73,364.35
1631,378.67,368.96,371.94,372.1,371.77,373.41,373.71,373.95,371.69,364.35
1632,378.68,368.95,371.95,372.09,371.81,373.43,373.7,373.94,371.68,364.36
1633,378.69,368.94,371.98,372.1,371.84,373.46,373.68,373.95,371.67,364.36
1634,378.72,368.93,372.0,372.15,371.89,373.45,373.67,373.89,371.65,364.38
1635,378.73,368.89,372.01,372.16,371.92,373.04,373.62,373.86,371.64,364.37
1636,378.74,368.89,372.03,372.18,371.96,373.44,373.59,373.86,371.59,364.39
1637,378.77,368.95,372.08,372.2,372.02,373.48,373.55,373.89,371.58,364.41
1638,378.8,369.0,372.1,372.19,372.09,373.48,373.59,373.88,371.56,364.43
1639,378.8,369.0,372.12,372.22,372.11,373.5,373.65,373.69,371.54,364.46
1640,378.82,369.0,372.13,372.2,372.13,373.51,373.67,373.62,371.54,364.49
1641,378.83,369.01,372.16,372.25,372.15,373.5,373.65,373.6,371.57,364.54
1642,378.85,368.99,372.18,372.26,372.17,373.5,373.62,373.63,371.62,364.57
1643,378.86,368.96,372.21,372.26,372.18,373.53,373.61,373.68,371.69,364.58
1644,378.86,368.94,372.24,372.27,372.2,373.56,373.62,373.71,371.77,364.6
1645,378.87,368.91,372.26,372.25,372.21,373.58,373.67,373.84,371.86,364.62
1646,378.9,368.96,372.27,372.25,372.23,373.6,373.73,373.94,371.92,364.64
1647,378.9,369.1,372.27,372.27,372.24,373.63,373.73,373.96,371.91,364.62
1648,378.92,369.19,372.28,372.28,372.25,373.7,373.7,373.88,371.9,364.59
1649,378.93,369.22,372.27,372.27,372.25,373.7,373.65,373.84,371.87,364.58
1650,378.93,369.25,372.25,372.23,372.26,373.7,373.57,373.82,371.81,364.57
1651,378.93,369.28,372.23,372.23,372.25,373.71,373.58,373.82,371.74,364.56
1652,378.94,369.33,372.22,372.24,372.25,373.74,373.67,373.86,371.68,364.55
1653,378.93,369.39,372.22,372.22,372.24,373.75,373.76,373.86,371.61,364.52
1654,378.93,369.44,372.22,372.21,372.21,373.7,373.83,374.08,371.55,364.52
1655,378.92,369.39,372.22,372.22,372.18,373.75,373.84,374.1,371.5,364.54
1656,378.92,369.3,372.22,372.21,372.17,373.75,373.82,374.09,371.48,364.55
1657,378.93,369.21,372.23,372.17,372.15,373.75,373.77,374.13,371.47,364.57
1658,378.93,369.17,372.24,372.14,372.13,373.71,373.73,374.21,371.49,364.58
1659,378.95,369.14,372.24,372.1,372.12,373.74,373.71,374.16,371.55,364.59
1660,378.94,369.13,372.24,372.08,372.1,373.79,373.67,373.94,371.65,364.58
1661,378.96,369.14,372.22,371.91,372.09,373.81,373.59,373.83,371.72,364.62
1662,378.97,369.16,372.2,372.06,372.06,373.81,373.42,373.79,371.79,364.66
1663,378.96,369.17,372.16,372.04,372.04,373.79,373.32,373.81,371.89,364.72
1664,378.97,369.18,372.14,372.07,372.01,373.83,373.34,373.85,372.13,364.77
1665,378.96,369.19,372.13,372.08,372.01,373.84,373.5,373.94,372.31,364.8
1666,378.98,369.18,372.11,372.12,372.02,373.85,373.58,373.96,372.41,364.84
1667,378.99,369.17,372.11,372.14,372.04,373.83,373.65,373.98,372.47,364.88
1668,379.01,369.17,372.13,372.15,372.07,373.85,373.71,374.09,372.51,364.91
1669,379.03,369.19,372.17,372.18,372.1,373.84,373.77,374.16,372.51,364.92
1670,379.04,369.2,372.19,372.21,372.11,373.87,373.81,374.26,372.5,364.92
1671,379.06,369.19,372.22,372.25,372.1,373.89,373.84,374.37,372.47,364.92
1672,379.08,369.2,372.26,372.26,372.11,373.91,373.86,374.44,372.4,364.92
1673,379.11,369.22,372.29,372.31,372.1,373.93,373.88,374.44,372.29,364.91
1674,379.13,369.22,372.33,372.31,372.11,373.94,373.95,374.45,372.22,364.92
1675,379.15,369.23,372.34,372.34,372.11,373.96,374.0,374.49,372.19,364.92
1676,379.17,369.25,372.39,372.3,372.11,373.98,374.01,374.54,372.21,364.92
1677,379.19,369.24,372.42,372.33,372.1,373.95,374.02,374.54,372.19,364.92
1678,379.2,369.24,372.45,372.34,372.12,374.02,374.04,374.51,372.21,364.94
1679,379.21,369.23,372.44,372.38,372.12,373.87,374.02,374.5,372.17,364.96
1680,379.23,369.22,372.43,372.36,372.13,374.02,374.0,374.52,372.15,364.99
1681,379.24,369.21,372.43,372.36,372.17,374.05,373.97,374.62,372.17,365.0
1682,379.28,369.22,372.45,372.32,372.22,374.07,373.95,374.68,372.23,365.01
1683,379.29,369.24,372.45,372.29,372.26,374.08,373.93,374.72,372.26,365.01
1684,379.31,369.3,372.46,372.33,372.29,374.06,373.93,374.69,372.27,365.0
1685,379.3,369.36,372.46,372.35,372.32,374.1,373.94,374.64,372.26,365.0
1686,379.32,369.39,372.45,372.3,372.34,374.07,373.97,374.63,372.26,365.0
1687,379.33,369.46,372.46,372.36,372.36,374.13,373.94,374.6,372.24,365.02
1688,379.33,369.52,372.47,372.37,372.37,374.12,373.89,374.55,372.24,365.06
1689,379.34,369.53,372.47,372.35,372.37,374.07,373.82,374.44,372.25,365.1
1690,379.36,369.47,372.46,372.39,372.38,374.11,373.82,374.32,372.31,365.16
1691,379.37,369.37,372.44,372.38,372.36,374.05,373.76,374.27,372.37,365.2
1692,379.39,369.33,372.43,372.44,372.35,374.08,373.66,374.14,372.46,365.23
1693,379.4,369.36,372.45,372.42,372.35,374.02,373.66,374.06,372.53,365.24
1694,379.4,369.43,372.45,372.39,372.34,374.03,373.71,373.99,372.51,365.24
1695,379.41,369.53,372.46,372.41,372.33,374.02,373.74,374.05,372.48,365.25
1696,379.41,369.61,372.45,372.44,372.31,374.02,373.78,374.15,372.43,365.24
1697,379.41,369.65,372.44,372.49,372.3,374.01,373.8,374.22,372.42,365.23
1698,379.4,369.65,372.44,372.51,372.3,374.0,373.83,374.15,372.44,365.23
1699,379.4,369.61,372.44,372.52,372.29,373.95,373.91,374.32,372.45,365.23
1700,379.41,369.55,372.49,372.46,372.3,373.9,373.94,374.35,372.48,365.23
1701,379.4,369.5,372.53,372.45,372.3,374.03,373.92,374.45,372.5,365.24
1702,379.41,369.46,372.55,372.39,372.32,374.02,373.92,374.49,372.56,365.26
1703,379.41,369.45,372.59,372.36,372.34,374.09,373.94,374.46,372.64,365.27
1704,379.42,369.47,372.63,372.4,372.36,374.13,373.97,374.45,372.74,365.3
1705,379.42,369.52,372.67,372.4,372.39,374.16,373.98,374.51,372.81,365.34
1706,379.43,369.59,372.7,372.4,372.43,374.19,373.98,374.59,372.84,365.36
1707,379.43,369.61,372.72,372.41,372.46,374.2,373.98,374.64,372.87,365.4
1708,379.42,369.62,372.73,372.45,372.49,374.22,373.97,374.59,372.94,365.44
1709,379.41,369.64,372.72,372.49,372.52,374.05,373.98,374.5,372.97,365.47
1710,379.42,369.67,372.71,372.55,372.53,374.23,374.02,374.44,372.95,365.51
1711,379.43,369.68,372.71,372.59,372.53,374.23,374.01,374.41,372.94,365.54
1712,379.43,369.69,372.7,372.63,372.54,374.24,373.94,374.49,372.95,365.57
1713,379.43,369.71,372.7,372.61,372.55,374.22,373.9,374.59,373.0,365.6
1714,379.44,369.77,372.72,372.57,372.56,374.19,373.93,374.68,373.04,365.64
1715,379.44,369.81,372.73,372.53,372.57,374.18,373.98,374.74,373.08,365.69
1716,379.46,369.85,372.73,372.52,372.57,374.13,374.01,374.74,373.13,365.72
1717,379.47,369.87,372.76,372.52,372.58,374.1,374.05,374.72,373.1,365.72
1718,379.49,369.86,372.78,372.52,372.59,374.07,374.1,374.7,373.04,365.7
1719,379.5,369.88,372.8,372.53,372.6,374.06,374.14,374.72,373.0,365.68
1720,379.52,369.89,372.8,372.53,372.6,374.06,374.14,374.76,373.0,365.68
1721,379.53,369.92,372.8,372.57,372.63,374.06,374.16,374.83,372.98,365.67
1722,379.54,369.96,372.8,372.59,372.65,374.11,374.16,374.83,372.94,365.67
1723,379.55,370.02,372.81,372.62,372.7,374.17,374.17,374.61,372.88,365.69
1724,379.56,370.05,372.82,372.66,372.72,374.21,374.22,374.48,372.81,365.72
1725,379.59,370.06,372.84,372.7,372.76,374.24,374.3,374.44,372.76,365.75
1726,379.6,370.01,372.88,372.74,372.79,374.25,374.35,374.44,372.73,365.77
1727,379.62,369.96,372.89,372.77,372.8,374.27,374.28,374.4,372.68,365.8
1728,379.63,369.93,372.91,372.82,372.82,374.28,374.06,374.39,372.66,365.83
1729,379.64,369.91,372.91,372.85,372.84,374.31,373.86,374.29,372.62,365.85
1730,379.64,369.9,372.91,372.87,372.87,374.31,373.78,374.45,372.62,365.89
1731,379.64,369.92,372.9,372.9,372.89,374.39,373.8,374.51,372.67,365.92
1732,379.66,369.95,372.88,372.93,372.91,374.41,373.88,374.6,372.72,365.96
1733,379.67,369.98,372.88,372.94,372.94,374.46,373.98,374.67,372.73,365.97
1734,379.67,370.01,372.88,372.61,372.97,374.46,374.05,374.69,372.76,365.98
1735,379.67,370.06,372.88,372.92,372.99,374.54,374.2,374.73,372.81,365.98
1736,379.68,370.12,372.87,372.95,373.02,374.52,374.35,374.74,372.91,366.0
1737,379.69,370.16,372.88,372.92,373.04,374.54,374.4,374.76,372.99,366.03
1738,379.69,370.17,372.89,372.91,373.06,374.6,374.43,374.81,373.07,366.07
1739,379.7,370.18,372.89,372.89,373.07,374.63,374.44,374.85,373.19,366.12
1740,379.71,370.19,372.89,372.88,373.07,374.66,374.45,374.69,373.34,366.18
1741,379.73,370.21,372.9,372.88,373.08,374.67,374.47,374.9,373.51,366.25
1742,379.74,370.23,372.92,372.92,373.08,374.67,374.49,374.9,373.69,366.3
1743,379.75,370.25,372.93,372.96,373.08,374.64,374.54,374.88,373.85,366.32
1744,379.77,370.23,372.95,373.03,373.09,374.6,374.56,374.9,374.03,366.37
1745,379.8,370.15,372.96,373.08,373.1,374.58,374.59,374.92,374.15,366.42
1746,379.82,370.1,372.96,373.11,373.1,374.55,374.63,374.98,374.14,366.47
1747,379.82,370.07,372.97,373.14,373.12,374.55,374.64,375.01,374.15,366.5
1748,379.83,370.02,372.96,373.2,373.11,374.52,374.66,375.07,374.2,366.52
1749,379.84,369.95,372.94,373.24,373.11,374.54,374.68,375.07,374.25,366.53
1750,379.85,369.91,372.93,373.29,373.11,374.53,374.7,375.06,374.27,366.54
1751,379.85,369.91,372.9,373.33,373.1,374.5,374.72,375.06,374.27,366.56
1752,379.86,369.95,372.87,373.36,373.09,374.45,374.75,375.04,374.29,366.59
1753,379.86,370.03,372.85,373.38,373.03,374.41,374.74,375.0,374.3,366.59
1754,379.87,370.06,372.84,373.38,372.97,374.42,374.69,375.0,374.3,366.6
1755,379.87,370.05,372.84,373.4,372.95,374.38,374.6,374.97,374.31,366.58
1756,379.89,370.04,372.85,373.37,372.93,374.37,374.55,374.83,374.32,366.57
1757,379.89,370.03,372.83,373.37,372.91,374.34,374.54,374.68,374.34,366.56
1758,379.9,370.05,372.81,373.34,372.91,374.35,374.52,374.53,374.36,366.56
1759,379.89,370.1,372.78,373.34,372.9,374.36,374.46,374.45,374.31,366.56
1760,379.9,370.13,372.76,373.29,372.89,374.37,374.45,374.37,374.18,366.55
1761,379.91,370.16,372.77,373.24,372.88,374.36,374.47,374.35,374.03,366.53
1762,379.93,370.21,372.8,373.14,372.88,374.36,374.51,374.42,373.83,366.45
1763,379.94,370.29,372.84,373.1,372.9,374.38,374.52,374.43,373.68,366.36
1764,379.94,370.35,372.86,373.04,372.91,374.37,374.48,374.46,373.57,366.3
1765,379.95,370.39,372.91,372.95,372.93,374.38,374.41,374.49,373.44,366.25
1766,379.96,370.44,372.95,372.88,372.94,374.37,374.38,374.56,373.28,366.21
1767,379.96,370.46,373.01,372.83,372.97,374.34,374.37,374.66,373.14,366.18
1768,379.97,370.46,373.08,372.8,372.99,374.37,374.37,374.8,373.09,366.18
1769,379.99,370.46,373.13,372.72,373.0,374.4,374.36,374.95,373.1,366.2
1770,380.01,370.44,373.19,372.74,373.04,374.39,374.37,375.0,373.14,366.22
1771,380.03,370.41,373.26,372.71,373.06,374.41,374.37,375.1,373.25,366.26
1772,380.05,370.37,373.31,372.69,373.05,374.44,374.38,375.16,373.41,366.28
1773,380.07,370.33,373.35,372.67,373.04,374.48,374.38,375.16,373.55,366.3
1774,380.08,370.29,373.39,372.65,373.02,374.51,374.38,375.23,373.68,366.33
1775,380.09,370.26,373.41,372.64,373.0,374.52,374.4,375.23,373.74,366.36
1776,380.1,370.21,373.41,372.63,372.96,374.51,374.44,375.22,373.74,366.36
1777,380.12,370.13,373.41,372.62,372.93,374.5,374.48,375.23,373.74,366.35
1778,380.12,370.06,373.38,372.62,372.89,374.5,374.48,375.27,373.72,366.32
1779,380.13,370.01,373.37,372.64,372.85,374.5,374.5,375.34,373.7,366.3
1780,380.13,370.01,373.32,372.67,372.8,374.48,374.49,375.34,373.68,366.27
1781,380.15,370.08,373.27,372.76,372.76,374.46,374.46,375.28,373.69,366.25
1782,380.16,370.11,373.25,372.79,372.77,374.46,374.47,375.27,373.73,366.25
1783,380.16,370.14,373.23,372.83,372.78,374.44,374.47,375.2,373.74,366.23
1784,380.17,370.15,373.21,372.91,372.79,374.45,374.47,375.15,373.76,366.25
1785,380.18,370.17,373.21,372.97,372.82,374.43,374.52,375.12,373.82,366.26
1786,380.2,370.19,373.23,373.05,372.86,374.45,374.56,375.08,373.9,366.28
1787,380.2,370.22,373.25,373.11,372.9,374.46,374.61,375.04,373.95,366.31
1788,380.22,370.26,373.29,373.18,372.93,374.5,374.58,375.0,373.99,366.34
1789,380.22,370.3,373.33,373.23,372.96,374.52,374.42,375.04,374.04,366.36
1790,380.24,370.37,373.33,373.29,372.97,374.55,374.43,375.12,374.13,366.38
1791,380.26,370.43,373.33,373.3,372.98,374.59,374.48,375.16,374.17,366.38
1792,380.27,370.49,373.33,373.33,373.01,374.65,374.54,375.25,374.16,366.38
1793,380.28,370.53,373.31,373.36,373.03,374.7,374.58,375.32,374.1,366.4
1794,380.28,370.54,373.28,373.44,373.05,374.74,374.62,375.41,374.04,366.41
1795,380.3,370.56,373.24,373.49,373.06,374.75,374.67,375.48,374.02,366.42
1796,380.31,370.56,373.19,373.53,373.09,374.8,374.77,375.47,374.02,366.44
1797,380.32,370.49,373.16,373.58,373.13,374.82,374.82,375.48,374.01,366.44
1798,380.32,370.43,373.13,373.62,373.17,374.83,374.84,375.44,374.02,366.44
1799,380.32,370.4,373.14,373.66,373.2,374.86,374.86,375.46,374.09,366.46
1800,380.32,370.42,373.17,373.68,373.22,374.88,374.88,375.49,374.18,366.46
1801,380.31,370.44,373.22,373.68,373.22,374.89,374.89,375.32,374.3,366.46
1802,380.32,370.46,373.25,373.68,373.22,374.9,374.85,375.62,374.42,366.48
1803,380.31,370.47,373.29,373.69,373.21,374.91,374.84,375.7,374.51,366.5
1804,380.31,370.46,373.3,373.68,373.2,374.88,374.86,375.76,374.6,366.55
1805,380.32,370.46,373.31,373.66,373.18,374.9,374.89,375.77,374.65,366.59
1806,380.32,370.44,373.32,373.65,373.19,374.4,374.88,375.77,374.7,366.63
1807,380.34,370.46,373.35,373.64,373.22,374.86,374.85,375.73,374.83,366.68
1808,380.36,370.5,373.38,373.63,373.27,374.84,374.79,375.65,374.96,366.74
1809,380.38,370.55,373.42,373.62,373.3,374.8,374.74,375.62,375.02,366.79
1810,380.4,370.6,373.45,373.6,373.31,374.77,374.72,375.63,374.96,366.84
1811,380.42,370.66,373.48,373.57,373.3,374.74,374.76,375.69,374.92,366.9
1812,380.43,370.68,373.5,373.56,373.28,374.69,374.81,375.77,374.9,366.93
1813,380.43,370.66,373.52,373.54,373.25,374.66,374.82,375.76,374.9,366.95
1814,380.45,370.65,373.54,373.51,373.23,374.63,374.81,375.74,374.9,366.98
1815,380.46,370.65,373.56,373.52,373.21,374.63,374.79,375.72,374.89,367.02
1816,380.49,370.63,373.59,373.48,373.19,374.62,374.78,375.64,374.77,367.07
1817,380.51,370.62,373.66,373.47,373.2,374.61,374.78,375.6,374.6,367.1
1818,380.53,370.59,373.7,373.46,373.2,374.6,374.83,375.62,374.53,367.1
1819,380.55,370.56,373.72,373.48,373.23,374.6,374.85,375.65,374.5,367.1
1820,380.55,370.56,373.74,373.51,373.25,374.59,374.85,375.69,374.47,367.09
1821,380.58,370.59,373.77,373.55,373.29,374.59,374.84,375.78,374.44,367.09
1822,380.59,370.61,373.79,373.62,373.32,374.63,374.85,375.91,374.41,367.07
1823,380.59,370.65,373.79,373.7,373.34,374.66,374.87,376.0,374.31,367.06
1824,380.61,370.69,373.78,373.75,373.38,374.66,374.86,375.89,374.21,367.04
1825,380.64,370.78,373.8,373.81,373.42,374.42,374.73,376.01,374.18,367.04
1826,380.68,370.88,373.86,373.84,373.45,374.7,374.7,375.91,374.25,367.07
1827,380.67,370.91,373.9,373.87,373.44,374.73,374.74,375.76,374.3,367.07
1828,380.68,370.95,373.94,373.87,373.44,374.75,374.77,375.68,374.36,367.09
1829,380.69,370.97,373.98,373.91,373.43,374.77,374.78,375.71,374.39,367.11
1830,380.69,370.99,374.01,373.95,373.46,374.36,374.81,375.75,374.4,367.15
1831,380.69,371.01,374.03,373.97,373.47,374.81,374.85,375.8,374.44,367.16
1832,380.7,371.01,374.02,374.0,373.47,374.84,374.89,375.84,374.43,367.16
1833,380.7,371.03,374.02,374.03,373.49,374.87,374.88,375.83,374.4,367.14
1834,380.7,371.03,374.02,374.04,373.49,374.85,374.84,375.81,374.37,367.05
1835,380.72,370.99,374.02,374.06,373.51,374.91,374.79,375.78,374.3,366.98
1836,380.73,370.97,374.02,374.06,373.49,374.9,374.76,375.75,374.28,366.95
1837,380.73,370.9,374.02,374.04,373.48,374.91,374.75,375.69,374.28,366.93
1838,380.74,370.84,373.99,374.05,373.46,374.9,374.76,375.7,374.32,366.91
1839,380.75,370.83,373.94,374.03,373.46,374.88,374.77,375.74,374.39,366.91
1840,380.77,370.84,373.86,374.03,373.46,374.88,374.72,375.74,374.4,366.87
1841,380.76,370.88,373.77,373.87,373.45,374.91,374.75,375.64,374.38,366.83
1842,380.77,370.88,373.72,373.72,373.45,374.92,374.79,375.57,374.3,366.78
1843,380.78,370.88,373.66,373.96,373.44,374.94,374.8,375.59,374.19,366.71
1844,380.77,370.91,373.63,373.91,373.44,374.96,374.8,375.65,374.09,366.67
1845,380.77,370.93,373.62,373.91,373.43,374.98,374.75,375.67,374.05,366.64
1846,380.76,370.96,373.62,373.88,373.44,375.0,374.75,375.65,374.07,366.62
1847,380.76,370.97,373.65,373.86,373.45,375.02,374.72,375.61,374.07,366.6
1848,380.76,371.01,373.7,373.83,373.47,375.05,374.75,375.52,374.03,366.6
1849,380.75,371.02,373.73,373.82,373.49,375.08,374.84,375.38,373.94,366.61
1850,380.75,371.03,373.76,373.81,373.51,375.08,374.95,375.36,373.9,366.63
1851,380.75,371.05,373.8,373.79,373.52,375.1,375.07,375.43,373.95,366.69
1852,380.74,371.04,373.81,373.78,373.55,375.1,375.19,375.43,374.08,366.76
1853,380.74,371.03,373.82,373.79,373.58,375.11,375.25,375.4,374.17,366.82
1854,380.74,371.04,373.82,373.79,373.6,375.12,375.28,375.41,374.18,366.86
1855,380.73,371.05,373.84,373.79,373.6,375.12,375.3,375.43,374.27,366.9
1856,380.74,371.0,373.86,373.76,373.6,375.06,375.31,375.5,374.41,366.93
1857,380.74,370.91,373.87,373.75,373.59,375.09,375.31,375.6,374.56,366.95
1858,380.75,370.84,373.88,373.74,373.57,375.13,375.28,375.67,374.72,366.95
1859,380.75,370.82,373.88,373.72,373.56,375.08,375.26,375.77,374.81,366.93
1860,380.74,370.82,373.88,373.74,373.55,375.09,375.26,375.81,374.82,366.92
1861,380.75,370.86,373.86,373.74,373.55,375.07,375.28,375.79,374.8,366.89
1862,380.74,370.92,373.84,373.77,373.55,375.06,375.26,375.73,374.79,366.87
1863,380.74,370.97,373.85,373.77,373.54,375.03,375.17,375.64,374.73,366.86
1864,380.75,371.03,373.86,373.75,373.53,375.0,375.09,375.7,374.61,366.85
1865,380.75,371.08,373.88,373.72,373.55,374.98,374.97,375.72,374.53,366.82
1866,380.77,371.11,373.92,373.68,373.55,375.02,374.82,375.87,374.42,366.78
1867,380.78,371.13,373.96,373.64,373.57,375.05,374.73,375.98,374.3,366.76
1868,380.78,371.14,373.98,373.63,373.58,375.07,374.71,376.01,374.2,366.74
1869,380.79,371.15,373.99,373.55,373.59,375.11,374.76,376.01,374.17,366.76
1870,380.8,371.15,374.03,373.65,373.61,374.98,374.91,375.99,374.19,366.79
1871,380.81,371.19,374.06,373.68,373.63,375.18,375.06,376.01,374.26,366.79
1872,380.82,371.24,374.07,373.69,373.66,375.23,375.16,376.06,374.26,366.79
1873,380.81,371.29,374.07,373.71,373.69,375.28,375.26,375.95,374.26,366.79
1874,380.81,371.36,374.06,373.75,373.73,375.33,375.34,376.1,374.27,366.78
1875,380.83,371.41,374.05,373.79,373.75,375.35,375.42,376.09,374.32,366.78
1876,380.84,371.45,374.04,373.85,373.79,375.4,375.5,376.06,374.39,366.78
1877,380.86,371.47,374.08,373.91,373.83,375.43,375.58,376.02,374.44,366.79
1878,380.86,371.46,374.1,374.01,373.88,375.47,375.64,375.99,374.43,366.79
1879,380.88,371.46,374.12,374.08,373.93,375.5,375.67,376.0,374.31,366.81
1880,380.89,371.43,374.1,374.08,373.97,375.54,375.56,376.03,374.15,366.83
1881,380.9,371.39,374.11,374.16,374.0,375.57,375.61,376.0,374.11,366.85
1882,380.92,371.3,374.14,374.2,374.01,375.34,375.66,376.02,374.1,366.89
1883,380.92,371.22,374.16,374.21,374.03,375.64,375.71,375.95,374.12,366.9
1884,380.92,371.17,374.19,374.2,374.04,375.64,375.69,375.82,374.11,366.9
1885,380.92,371.15,374.2,374.24,374.05,375.69,375.58,375.75,374.05,366.9
1886,380.93,371.13,374.21,374.24,374.06,375.7,375.5,375.77,374.02,366.92
1887,380.94,371.09,374.22,374.23,374.06,375.7,375.43,375.7,374.03,366.93
1888,380.94,371.05,374.23,374.23,374.03,375.7,375.39,375.65,374.07,366.96
1889,380.94,371.07,374.25,374.24,373.99,375.68,375.39,375.71,374.15,366.98
1890,380.95,371.13,374.25,374.26,373.97,375.67,375.4,375.88,374.19,367.02
1891,380.96,371.16,374.26,374.28,373.96,375.66,375.4,376.08,374.24,367.03
1892,380.97,371.15,374.27,374.27,373.97,375.64,375.42,376.17,374.23,367.02
1893,380.97,371.14,374.28,374.27,373.99,375.61,375.45,376.22,374.15,367.0
1894,380.99,371.16,374.27,374.26,374.01,375.59,375.49,376.25,374.07,366.98
1895,381.01,371.18,374.27,374.26,374.01,375.56,375.53,376.31,374.0,366.96
1896,381.01,371.21,374.24,374.25,374.01,375.57,375.54,376.37,373.97,366.95
1897,381.03,371.26,374.23,374.28,373.99,375.56,375.58,376.41,374.0,366.95
1898,381.05,371.28,374.24,374.3,373.99,375.58,375.63,376.42,374.04,366.95
1899,381.07,371.27,374.23,374.31,373.99,375.61,375.65,376.39,374.09,366.98
1900,381.1,371.27,374.23,374.31,374.03,375.65,375.67,376.37,374.16,367.03
1901,381.1,371.24,374.23,374.32,374.05,375.67,375.7,376.42,374.27,367.08
1902,381.13,371.23,374.26,374.31,374.09,375.7,375.7,376.49,374.36,367.12
1903,381.15,371.24,374.29,374.3,374.11,375.72,375.73,376.52,374.42,367.14
1904,381.16,371.25,374.32,374.28,374.14,375.55,375.77,376.51,374.45,367.14
1905,381.18,371.24,374.34,374.26,374.16,375.75,375.81,376.45,374.53,367.16
1906,381.2,371.17,374.35,374.26,374.17,375.75,375.78,376.42,374.56,367.16
1907,381.22,371.15,374.36,374.24,374.19,375.75,375.74,376.49,374.58,367.16
1908,381.23,371.19,374.36,374.29,374.18,375.75,375.72,376.44,374.56,367.16
1909,381.24,371.22,374.36,374.32,374.18,375.74,375.71,376.05,374.55,367.17
1910,381.24,371.29,374.37,374.34,374.19,375.65,375.73,375.93,374.53,367.2
1911,381.25,371.34,374.36,374.35,374.2,375.74,375.76,375.96,374.46,367.24
1912,381.26,371.38,374.37,374.34,374.22,375.74,375.84,376.05,374.46,367.3
1913,381.27,371.42,374.37,374.31,374.25,375.74,375.89,376.1,374.47,367.35
1914,381.27,371.4,374.38,374.29,374.29,375.75,375.91,376.24,374.46,367.35
1915,381.28,371.37,374.41,374.27,374.34,375.77,375.89,376.34,374.34,367.33
1916,381.28,371.35,374.44,374.26,374.37,375.81,375.81,376.45,374.21,367.29
1917,381.3,371.32,374.44,374.26,374.37,375.85,375.8,376.5,374.16,367.28
1918,381.31,371.26,374.45,374.26,374.39,375.88,375.83,376.57,374.13,367.27
1919,381.31,371.2,374.46,373.66,374.38,375.94,375.87,376.6,374.09,367.25
1920,381.32,371.18,374.45,374.3,374.38,375.95,375.92,376.65,374.04,367.24
1921,381.33,371.19,374.44,374.34,374.36,375.94,375.95,376.65,374.04,367.23
1922,381.35,371.23,374.43,374.35,374.35,375.91,375.81,376.6,374.07,367.21
1923,381.36,371.28,374.4,374.41,374.33,375.9,375.7,376.61,374.06,367.19
1924,381.38,371.34,374.37,374.45,374.33,375.9,375.7,376.63,374.14,367.21
1925,381.4,371.39,374.33,374.49,374.32,375.9,375.7,376.64,374.33,367.26
1926,381.4,371.43,374.35,374.52,374.34,375.9,375.73,376.58,374.5,367.3
1927,381.41,371.48,374.36,374.54,374.35,375.92,375.77,376.52,374.63,367.33
1928,381.41,371.53,374.4,374.57,374.35,375.93,375.79,376.48,374.68,367.34
1929,381.41,371.57,374.45,374.58,374.36,375.96,375.84,376.48,374.69,367.34
1930,381.42,371.61,374.5,374.59,374.35,375.94,375.88,376.47,374.65,367.34
1931,381.43,371.64,374.53,374.57,374.34,376.0,375.91,376.46,374.59,367.33
1932,381.44,371.69,374.56,374.57,374.33,375.85,375.92,376.45,374.55,367.35
1933,381.46,371.74,374.6,374.56,374.28,375.98,375.94,376.43,374.54,367.36
1934,381.47,371.71,374.63,374.55,374.22,375.98,375.99,376.38,374.56,367.36
1935,381.47,371.68,374.6,374.54,374.19,375.98,375.99,376.26,374.59,367.36
1936,381.49,371.66,374.57,374.52,374.17,376.0,375.98,376.23,374.59,367.35
1937,381.5,371.61,374.52,374.52,374.15,376.02,375.95,376.28,374.57,367.33
1938,381.51,371.58,374.48,374.51,374.14,376.02,375.95,376.29,374.51,367.31
1939,381.5,371.56,374.47,374.53,374.15,376.03,375.97,376.27,374.47,367.28
1940,381.51,371.57,374.44,374.55,374.15,376.01,375.97,376.27,374.39,367.25
1941,381.51,371.66,374.41,374.57,374.16,376.06,375.97,376.34,374.32,367.24
1942,381.5,371.76,374.38,374.59,374.18,376.08,376.0,376.43,374.23,367.24
1943,381.51,371.81,374.4,374.61,374.23,376.08,376.06,376.47,374.08,367.24
1944,381.51,371.83,374.43,374.63,374.26,376.1,376.03,376.49,374.04,367.24
1945,381.53,371.83,374.46,374.64,374.29,376.08,375.94,376.43,374.08,367.26
1946,381.54,371.84,374.5,374.65,374.32,376.07,375.86,376.2,374.15,367.3
1947,381.56,371.85,374.53,374.66,374.35,376.06,375.79,376.06,374.23,367.34
1948,381.57,371.82,374.55,374.61,374.36,376.06,375.69,376.03,374.29,367.38
1949,381.59,371.76,374.58,374.55,374.34,376.03,375.58,376.0,374.39,367.41
1950,381.61,371.71,374.59,374.49,374.31,376.07,375.5,375.98,374.53,367.46
1951,381.62,371.65,374.61,374.42,374.26,376.05,375.5,375.98,374.62,367.55
1952,381.65,371.66,374.62,374.39,374.23,376.05,375.6,375.99,374.75,367.65
1953,381.65,371.68,374.59,374.34,374.22,376.03,375.68,376.0,374.86,367.69
1954,381.65,371.71,374.59,374.29,374.22,375.99,375.75,376.01,374.97,367.74
1955,381.65,371.73,374.58,374.26,374.21,375.96,375.75,376.05,375.07,367.76
1956,381.65,371.75,374.58,374.22,374.2,375.93,375.8,376.12,375.15,367.75
1957,381.64,371.75,374.6,374.24,374.17,375.9,375.87,376.22,375.23,367.72
1958,381.65,371.75,374.63,374.24,374.15,375.89,375.94,376.34,375.3,367.71
1959,381.66,371.77,374.68,374.25,374.14,375.9,375.97,376.41,375.38,367.69
1960,381.67,371.78,374.74,374.28,374.16,375.91,375.93,376.5,375.45,367.69
1961,381.68,371.77,374.78,374.34,374.17,375.94,375.81,376.56,375.36,367.71
1962,381.69,371.76,374.81,374.41,374.2,375.99,375.73,376.59,375.24,367.74
1963,381.69,371.74,374.84,374.47,374.23,376.03,375.69,376.57,375.15,367.77
1964,381.7,371.73,374.86,374.49,374.26,376.05,375.7,376.53,375.09,367.79
1965,381.71,371.73,374.87,374.55,374.28,376.07,375.75,376.48,375.05,367.83
1966,381.71,371.75,374.88,374.59,374.3,376.08,375.83,376.4,375.05,367.87
1967,381.7,371.77,374.9,374.61,374.3,376.12,375.89,376.29,375.05,367.9
1968,381.71,371.76,374.91,374.63,374.32,376.15,375.92,376.17,375.04,367.93
1969,381.71,371.68,374.89,374.69,374.34,376.16,375.96,376.08,375.03,367.94
1970,381.72,371.61,374.81,374.73,374.36,376.18,375.99,376.11,375.07,367.95
1971,381.72,371.62,374.74,374.74,374.38,376.22,376.02,376.17,375.11,367.94
1972,381.71,371.66,374.66,374.79,374.39,376.26,376.03,376.26,375.17,367.94
1973,381.71,371.7,374.6,374.84,374.43,376.25,376.0,376.33,375.2,367.94
1974,381.7,371.75,374.54,374.89,374.48,376.25,375.98,376.46,375.19,367.95
1975,381.69,371.84,374.49,374.93,374.53,376.25,376.0,376.62,375.18,367.95
1976,381.69,371.93,374.44,374.95,374.56,376.24,376.07,376.77,375.17,367.95
1977,381.68,372.01,374.41,374.96,374.6,376.2,376.12,376.84,375.19,367.96
1978,381.69,372.02,374.37,374.95,374.63,376.17,376.19,376.81,375.26,367.97
1979,381.69,371.99,374.32,374.94,374.62,376.14,376.22,376.67,375.4,367.96
1980,381.71,371.99,374.29,374.93,374.61,376.13,376.24,376.57,375.47,367.96
1981,381.72,372.01,374.29,374.94,374.59,376.12,376.25,376.49,375.48,367.96
1982,381.73,372.02,374.3,374.95,374.6,376.12,376.25,376.46,375.46,367.95
1983,381.73,372.02,374.3,374.97,374.61,376.12,376.26,376.49,375.48,367.94
1984,381.74,372.01,374.3,374.75,374.62,375.66,376.25,376.57,375.51,367.93
1985,381.76,372.01,374.32,374.99,374.65,376.1,376.27,376.62,375.56,367.95
1986,381.79,372.03,374.36,374.98,374.68,376.11,376.27,376.73,375.54,367.96
1987,381.81,372.03,374.44,374.94,374.74,376.12,376.26,376.8,375.47,367.96
1988,381.83,372.0,374.52,374.9,374.76,376.14,376.2,376.87,375.43,367.96
1989,381.84,371.96,374.57,374.88,374.78,376.17,376.18,376.9,375.33,367.98
1990,381.85,371.94,374.61,374.86,374.79,376.22,376.19,376.92,375.22,368.0
1991,381.86,371.91,374.63,374.84,374.78,376.26,376.21,376.92,375.21,368.05
1992,381.86,371.86,374.63,374.82,374.77,376.29,376.23,376.89,375.29,368.08
1993,381.87,371.8,374.63,374.83,374.75,376.32,376.23,376.81,375.39,368.15
1994,381.88,371.78,374.62,374.74,374.74,376.33,376.27,376.7,375.38,368.22
1995,381.89,371.77,374.64,374.81,374.73,376.31,376.3,376.41,375.27,368.29
1996,381.89,371.83,374.67,374.78,374.68,376.3,376.29,376.41,375.21,368.38
1997,381.91,371.93,374.71,374.76,374.61,376.28,376.17,376.54,375.41,368.4
1998,381.91,371.93,374.72,374.73,374.55,376.26,376.13,376.76,375.52,368.37
1999,381.91,371.89,374.74,374.69,374.5,376.24,376.1,376.88,375.51,368.32
2000,381.92,371.87,374.74,374.64,374.47,376.23,376.1,376.93,375.4,368.28
2001,381.92,371.87,374.74,374.6,374.44,376.22,376.12,376.97,375.31,368.25
2002,381.91,371.9,374.74,374.52,374.44,376.2,376.17,376.98,375.22,368.23
2003,381.9,371.97,374.75,374.46,374.44,376.16,376.19,376.95,375.16,368.22
2004,381.9,372.05,374.77,374.42,374.44,376.11,376.16,376.75,375.14,368.2
2005,381.87,372.16,374.81,374.39,374.45,376.06,376.15,376.53,375.14,368.19
2006,381.84,372.24,374.88,374.37,374.47,376.05,376.21,376.52,375.17,368.18
2007,381.85,372.27,374.92,374.41,374.49,376.02,376.24,376.58,375.22,368.18
2008,381.85,372.29,374.98,374.44,374.53,376.06,376.23,376.63,375.27,368.2
2009,381.84,372.34,375.02,374.49,374.57,376.05,376.22,376.64,375.31,368.21
2010,381.85,372.41,375.06,374.55,374.59,376.03,376.18,376.83,375.36,368.22
2011,381.86,372.47,375.08,374.44,374.62,376.01,376.1,376.9,375.41,368.26
2012,381.86,372.52,375.11,374.63,374.64,375.63,376.02,376.92,375.49,368.3
2013,381.88,372.55,375.12,374.69,374.63,376.04,375.87,376.71,375.56,368.34
2014,381.91,372.51,375.13,374.71,374.63,376.09,375.8,376.99,375.67,368.4
2015,381.94,372.44,375.12,374.73,374.64,376.12,375.93,377.04,375.8,368.49
2016,381.95,372.4,375.08,374.73,374.65,376.17,376.05,377.07,375.88,368.57
2017,381.97,372.41,375.06,374.73,374.69,376.22,376.16,377.1,376.0,368.65
2018,381.97,372.42,375.04,374.66,374.72,376.25,376.26,377.12,376.07,368.74
2019,381.99,372.44,375.01,374.96,374.75,376.3,376.32,376.48,376.13,368.82
2020,382.02,372.46,374.97,375.0,374.78,376.31,376.37,377.13,376.11,368.86
2021,382.03,372.5,374.94,375.01,374.8,376.32,376.42,377.1,376.0,368.88
2022,382.05,372.55,374.9,374.87,374.8,376.34,376.42,377.07,375.9,368.87
2023,382.05,372.61,374.84,375.02,374.81,376.39,376.38,377.06,375.84,368.84
2024,382.06,372.67,374.79,375.05,374.82,376.42,376.37,377.06,375.85,368.82
2025,382.09,372.68,374.8,375.04,374.83,376.44,376.38,377.07,375.92,368.82
2026,382.1,372.68,374.83,375.13,374.86,376.46,376.36,377.08,376.03,368.82
2027,382.1,372.69,374.84,375.17,374.9,376.45,376.4,377.09,376.11,368.82
2028,382.11,372.71,374.85,375.21,374.92,376.46,376.46,377.12,376.18,368.83
2029,382.12,372.65,374.89,375.22,374.95,376.47,376.47,377.19,376.26,368.82
2030,382.13,372.52,374.91,374.69,374.96,376.49,376.45,377.31,376.33,368.81
2031,382.14,372.41,374.91,375.26,374.99,376.52,376.46,377.4,376.39,368.81
2032,382.17,372.3,374.91,375.21,375.03,376.56,376.53,377.18,376.48,368.78
2033,382.19,372.23,374.9,375.24,375.07,376.59,376.63,377.39,376.45,368.73
2034,382.19,372.23,374.91,375.22,375.08,376.64,376.68,377.36,376.36,368.69
2035,382.2,372.22,374.92,375.23,375.08,376.67,376.69,377.37,376.2,368.66
2036,382.21,372.26,374.94,375.23,375.08,376.62,376.71,377.35,376.02,368.65
2037,382.21,372.31,374.97,375.21,375.06,376.74,376.71,377.31,375.85,368.65
2038,382.22,372.31,375.01,375.2,375.06,376.77,376.73,377.27,375.76,368.67
2039,382.23,372.31,375.05,375.18,375.06,376.78,376.75,377.19,375.75,368.7
2040,382.24,372.34,375.1,375.14,375.06,376.77,376.68,377.06,375.73,368.72
2041,382.25,372.35,375.16,374.87,375.06,376.76,376.55,376.7,375.7,368.75
2042,382.25,372.37,375.21,375.14,375.06,376.75,376.46,376.55,375.76,368.79
2043,382.26,372.4,375.25,375.13,375.06,376.75,376.39,376.7,375.77,368.82
2044,382.27,372.44,375.29,375.14,375.07,376.76,376.38,376.41,375.86,368.87
2045,382.28,372.48,375.32,375.1,375.06,376.78,376.39,376.92,376.02,368.93
2046,382.28,372.49,375.35,375.09,375.06,376.78,376.41,376.88,376.19,368.97
2047,382.28,372.51,375.36,375.08,375.05,376.8,376.42,377.2,376.33,368.96
2048,382.31,372.51,375.37,375.06,375.03,376.8,376.42,377.27,376.44,368.94
2049,382.31,372.49,375.38,374.58,375.0,376.82,376.45,377.3,376.46,368.9
2050,382.32,372.46,375.39,375.0,374.97,376.82,376.48,377.35,376.34,368.86
2051,382.35,372.46,375.4,374.96,374.93,376.8,376.44,377.34,376.13,368.85
2052,382.36,372.47,375.44,374.91,374.94,376.83,376.37,377.43,376.03,368.87
2053,382.37,372.46,375.48,374.95,374.94,376.84,376.24,377.45,375.98,368.89
2054,382.38,372.46,375.53,374.95,374.95,376.84,376.11,377.44,375.92,368.92
2055,382.38,372.45,375.54,374.77,374.97,376.85,376.07,377.6,375.83,368.93
2056,382.38,372.45,375.57,375.02,374.99,376.1,376.13,377.55,375.79,368.94
2057,382.39,372.47,375.61,375.08,375.03,376.79,376.19,377.54,375.78,368.97
2058,382.39,372.44,375.63,375.12,375.05,376.83,376.25,377.63,375.8,368.98
2059,382.38,372.37,375.63,375.22,375.05,376.85,376.33,377.45,375.87,368.98
2060,382.37,372.36,375.61,375.26,375.07,376.87,376.35,377.7,376.01,369.02
2061,382.36,372.35,375.58,375.34,375.08,376.88,376.34,377.55,376.14,369.03
2062,382.35,372.36,375.54,375.4,375.1,376.92,376.33,377.72,376.27,369.04
2063,382.34,372.37,375.5,375.45,375.12,376.55,376.36,377.4,376.41,369.03
2064,382.35,372.39,375.47,375.43,375.12,376.97,376.4,377.6,376.53,369.06
2065,382.35,372.38,375.46,375.54,375.12,376.85,376.44,377.6,376.63,369.07
2066,382.36,372.37,375.46,375.59,375.12,376.96,376.52,377.63,376.71,369.09
2067,382.37,372.36,375.44,375.28,375.12,376.96,376.59,377.53,376.77,369.14
2068,382.39,372.38,375.46,375.64,375.15,376.94,376.7,377.57,376.86,369.18
2069,382.42,372.42,375.47,375.65,375.17,376.93,376.77,377.46,376.92,369.22
2070,382.43,372.46,375.47,375.65,375.17,376.93,376.82,377.53,377.0,369.24
2071,382.45,372.51,375.45,375.65,375.16,376.94,376.87,377.52,377.09,369.27
2072,382.46,372.6,375.43,375.65,375.15,376.92,376.91,377.51,377.2,369.28
2073,382.48,372.65,375.42,375.65,375.13,376.93,376.95,377.5,377.31,369.31
2074,382.5,372.65,375.43,375.64,375.09,376.91,376.99,377.52,377.43,369.36
2075,382.51,372.57,375.44,375.62,375.07,376.92,377.02,377.55,377.53,369.41
2076,382.54,372.5,375.46,375.6,375.05,376.91,377.06,377.66,377.64,369.46
2077,382.57,372.45,375.47,375.6,375.03,376.93,377.09,377.76,377.77,369.54
2078,382.6,372.42,375.47,375.6,375.03,376.93,377.12,377.82,377.8,369.63
2079,382.61,372.42,375.45,375.59,375.05,376.95,377.15,377.86,377.8,369.68
2080,382.63,372.44,375.43,375.59,375.07,376.97,377.17,377.89,377.8,369.74
2081,382.64,372.48,375.41,375.6,375.12,376.99,377.19,377.82,377.81,369.81
2082,382.65,372.53,375.4,375.59,375.17,377.02,377.2,377.77,377.82,369.88
2083,382.65,372.59,375.39,375.56,375.22,377.03,377.2,377.79,377.78,369.96
2084,382.67,372.66,375.42,375.56,375.28,377.03,377.23,377.85,377.74,370.03
2085,382.66,372.72,375.45,375.57,375.34,377.04,377.25,377.9,377.64,370.07
2086,382.67,372.81,375.53,375.58,375.42,377.04,377.3,377.95,377.46,370.12
2087,382.68,372.85,375.58,375.59,375.48,377.01,377.33,378.03,377.27,370.17
2088,382.69,372.83,375.62,375.6,375.52,377.0,377.3,377.98,377.12,370.19
2089,382.7,372.82,375.68,375.61,375.56,377.0,377.25,377.89,377.02,370.18
2090,382.71,372.83,375.72,375.61,375.58,376.99,377.15,377.82,377.0,370.18
2091,382.73,372.87,375.77,375.63,375.6,377.02,377.01,377.72,376.99,370.18
2092,382.75,372.9,375.83,375.63,375.63,377.05,376.98,377.67,376.95,370.14
2093,382.76,372.93,375.87,375.67,375.66,377.06,377.04,377.67,376.91,370.07
2094,382.77,372.99,375.9,375.72,375.71,377.05,377.13,377.67,376.87,369.96
2095,382.8,373.01,375.92,375.75,375.76,377.07,377.15,377.64,376.79,369.84
2096,382.82,372.95,375.95,375.79,375.8,377.09,377.12,377.59,376.69,369.77
2097,382.84,372.86,375.96,375.85,375.84,377.11,377.09,377.54,376.6,369.68
2098,382.86,372.79,375.94,375.89,375.88,377.11,377.03,377.52,376.5,369.61
2099,382.87,372.73,375.88,375.91,375.88,377.14,377.01,377.58,376.42,369.54
2100,382.88,372.71,375.81,375.95,375.89,377.1,377.03,377.58,376.38,369.5
2101,382.88,372.69,375.74,375.99,375.87,377.14,377.08,377.57,376.35,369.45
2102,382.9,372.68,375.67,376.03,375.86,377.13,377.14,377.58,376.34,369.44
2103,382.9,372.73,375.59,376.07,375.84,377.08,377.09,377.63,376.37,369.39
2104,382.9,372.78,375.53,376.05,375.83,377.09,376.99,377.65,376.42,369.35
2105,382.9,372.81,375.53,376.1,375.85,377.02,377.0,377.61,376.47,369.35
2106,382.91,372.79,375.56,376.09,375.88,377.06,377.04,377.58,376.58,369.34
2107,382.91,372.69,375.59,376.05,375.9,377.04,377.04,377.55,376.68,369.32
2108,382.91,372.62,375.62,376.0,375.9,377.09,377.06,377.49,376.71,369.29
2109,382.91,372.62,375.67,375.98,375.89,377.12,377.09,377.5,376.74,369.26
2110,382.91,372.64,375.71,375.92,375.88,377.11,377.14,377.53,376.77,369.22
2111,382.91,372.68,375.76,375.89,375.87,377.17,377.19,377.54,376.78,369.19
2112,382.9,372.71,375.78,375.91,375.85,377.2,377.23,377.54,376.75,369.15
2113,382.9,372.72,375.81,375.89,375.84,377.24,377.27,377.58,376.72,369.12
2114,382.9,372.72,375.85,375.87,375.83,377.25,377.34,377.69,376.73,369.11
2115,382.9,372.78,375.87,375.85,375.81,377.24,377.38,377.74,376.77,369.11
2116,382.91,372.82,375.89,375.88,375.79,377.22,377.41,377.73,376.84,369.14
2117,382.92,372.84,375.92,375.89,375.78,377.22,377.43,377.74,376.9,369.14
2118,382.93,372.84,375.96,375.96,375.77,377.2,377.42,377.78,376.95,369.14
2119,382.93,372.85,375.97,375.97,375.76,377.19,377.43,377.83,376.96,369.12
2120,382.95,372.84,375.98,375.96,375.75,377.19,377.47,377.65,376.93,369.09
2121,382.96,372.82,375.99,375.98,375.75,377.18,377.49,377.72,376.87,369.06
2122,382.99,372.82,375.99,376.0,375.75,377.19,377.48,377.68,376.77,369.05
2123,383.01,372.86,375.97,376.03,375.78,377.23,377.41,377.62,376.73,369.04
2124,383.03,372.88,375.95,376.04,375.81,377.23,377.31,377.55,376.71,369.04
2125,383.04,372.89,375.93,376.05,375.83,377.26,377.24,377.46,376.61,369.05
2126,383.06,372.92,375.91,376.06,375.85,377.28,377.23,377.53,376.5,369.02
2127,383.06,373.0,375.89,376.05,375.85,377.28,377.21,377.53,376.35,369.0
2128,383.07,373.07,375.88,376.04,375.85,377.25,377.16,377.54,376.23,368.99
2129,383.1,373.13,375.88,376.0,375.86,377.27,377.11,377.56,376.16,368.97
2130,383.11,373.2,375.89,376.03,375.88,377.28,377.12,377.59,376.12,368.97
2131,383.14,373.23,375.94,376.05,375.9,377.25,377.2,377.66,376.14,368.98
2132,383.18,373.29,375.96,376.09,375.91,377.16,377.26,377.72,376.15,368.98
2133,383.19,373.28,375.94,376.11,375.9,377.24,377.27,377.73,376.19,368.98
2134,383.21,373.23,375.91,376.1,375.89,377.21,377.27,377.7,376.26,368.97
2135,383.24,373.17,375.9,376.13,375.89,377.2,377.27,377.59,376.31,368.97
2136,383.26,373.1,375.88,376.19,375.89,377.23,377.28,377.5,376.3,368.98
2137,383.29,373.04,375.88,376.2,375.9,377.13,377.31,377.47,376.32,369.0
2138,383.31,372.99,375.86,376.22,375.89,377.32,377.34,377.45,376.34,369.01
2139,383.31,372.93,375.82,376.21,375.9,377.34,377.38,377.46,376.38,369.01
2140,383.33,372.91,375.76,376.22,375.92,377.34,377.46,377.5,376.48,369.02
2141,383.35,372.93,375.71,376.19,375.95,377.31,377.48,377.53,376.6,369.04
2142,383.36,372.93,375.7,376.19,375.96,377.37,377.48,377.62,376.72,369.05
2143,383.36,372.93,375.68,376.19,375.97,377.45,377.47,377.72,376.84,369.08
2144,383.37,372.93,375.68,376.09,375.98,377.41,377.4,377.75,376.92,369.1
2145,383.37,372.94,375.68,376.19,375.98,377.53,377.38,377.72,377.02,369.14
2146,383.39,373.0,375.71,376.18,376.0,377.54,377.36,377.69,377.12,369.18
2147,383.39,373.08,375.72,376.21,376.01,377.57,377.33,377.7,377.21,369.22
2148,383.4,373.15,375.77,376.21,376.03,377.59,377.32,377.66,377.29,369.24
2149,383.41,373.21,375.82,376.22,376.04,377.57,377.38,377.64,377.44,369.31
2150,383.42,373.24,375.89,376.21,376.06,377.56,377.47,377.7,377.62,369.37
2151,383.43,373.22,375.93,376.19,376.06,377.51,377.52,377.74,377.72,369.4
2152,383.43,373.19,375.96,376.19,376.06,377.47,377.54,377.83,377.81,369.43
2153,383.44,373.15,375.98,376.2,376.06,377.47,377.57,377.87,377.83,369.45
2154,383.44,373.07,376.0,376.22,376.05,377.48,377.56,377.77,377.77,369.47
2155,383.45,372.94,376.03,376.18,376.03,377.19,377.5,377.76,377.67,369.51
2156,383.46,372.84,376.07,376.26,376.01,377.5,377.41,377.61,377.53,369.57
2157,383.46,372.77,376.07,376.3,376.0,377.46,377.36,377.57,377.33,369.66
2158,383.48,372.83,376.05,376.29,376.0,377.54,377.48,377.6,377.14,369.73
2159,383.46,372.86,376.02,376.35,376.0,377.57,377.55,377.69,376.95,369.76
2160,383.47,372.92,376.02,376.36,376.01,377.58,377.6,377.61,376.8,369.75
2161,383.47,372.96,376.02,376.37,376.01,377.6,377.62,377.74,376.77,369.78
2162,383.47,373.01,376.02,376.38,376.04,377.62,377.64,377.76,376.74,369.8
2163,383.46,373.04,376.0,376.38,376.05,377.6,377.66,377.74,376.74,369.81
2164,383.46,373.11,375.97,376.4,376.06,377.66,377.67,377.76,376.76,369.8
2165,383.46,373.17,375.95,376.41,376.06,377.1,377.65,377.78,376.8,369.81
2166,383.46,373.22,375.93,376.41,376.06,377.68,377.66,377.83,376.84,369.81
2167,383.47,373.25,375.92,376.4,376.06,377.69,377.7,377.91,376.96,369.81
2168,383.49,373.25,375.92,376.39,376.07,377.68,377.74,377.96,377.05,369.81
2169,383.48,373.25,375.93,376.39,376.09,377.7,377.76,377.91,377.07,369.8
2170,383.49,373.24,375.93,376.23,376.08,377.7,377.78,378.07,377.09,369.8
2171,383.48,373.26,375.93,376.37,376.08,377.72,377.8,378.08,377.15,369.81
2172,383.48,373.27,375.94,376.38,376.07,377.72,377.81,378.07,377.19,369.81
2173,383.48,373.26,375.94,376.37,376.07,377.72,377.76,378.06,377.21,369.82
2174,383.49,373.27,375.97,376.36,376.05,377.62,377.75,378.05,377.19,369.83
2175,383.51,373.27,376.01,376.38,376.04,376.96,377.79,378.1,377.15,369.82
2176,383.51,373.26,376.07,376.31,376.06,377.7,377.82,378.14,377.1,369.82
2177,383.53,373.2,376.13,376.38,376.07,377.69,377.81,378.21,377.05,369.79
2178,383.53,373.18,376.17,376.38,376.07,377.69,377.74,378.27,376.99,369.78
2179,383.53,373.16,376.21,376.39,376.07,377.67,377.64,378.31,376.85,369.77
2180,383.54,373.17,376.26,375.97,376.05,377.71,377.58,378.24,376.74,369.74
2181,383.56,373.23,376.29,376.39,376.05,377.63,377.57,378.13,376.58,369.74
2182,383.57,373.3,376.33,376.41,376.04,377.79,377.62,378.12,376.4,369.75
2183,383.58,373.34,376.36,376.43,376.05,377.79,377.6,378.17,376.34,369.79
2184,383.58,373.37,376.39,376.43,376.07,377.84,377.58,378.24,376.39,369.85
2185,383.58,373.39,376.41,376.41,376.09,377.84,377.61,378.28,376.58,369.91
2186,383.58,373.42,376.43,376.41,376.12,377.81,377.65,378.28,376.79,369.94
2187,383.6,373.44,376.45,376.39,376.16,377.8,377.69,378.25,377.02,369.99
2188,383.6,373.47,376.46,376.39,376.18,377.77,377.71,378.24,377.22,370.04
2189,383.59,373.48,376.48,376.29,376.19,377.63,377.71,378.25,377.44,370.09
2190,383.61,373.5,376.52,376.35,376.21,377.66,377.71,378.22,377.65,370.15
2191,383.6,373.5,376.54,376.34,376.2,377.73,377.69,378.27,377.83,370.19
2192,383.61,373.51,376.57,376.33,376.2,377.71,377.67,378.25,378.02,370.21
2193,383.62,373.52,376.6,376.38,376.19,377.71,377.67,378.19,378.17,370.23
2194,383.63,373.55,376.63,376.45,376.16,377.7,377.69,378.15,378.35,370.24
2195,383.65,373.55,376.64,376.46,376.14,377.73,377.74,378.12,378.39,370.24
2196,383.66,373.47,376.63,376.47,376.12,377.72,377.76,378.1,378.36,370.26
2197,383.68,373.39,376.64,376.45,376.1,377.78,377.76,378.18,378.21,370.25
2198,383.68,373.37,376.66,376.36,376.1,377.78,377.74,378.25,378.07,370.25
2199,383.68,373.42,376.67,376.31,376.1,377.8,377.71,378.31,377.97,370.21
2200,383.69,373.47,376.67,376.26,376.1,377.83,377.66,378.36,377.84,370.18
2201,383.71,373.48,376.68,376.19,376.12,377.85,377.58,378.41,377.67,370.12
2202,383.71,373.5,376.71,376.13,376.15,377.83,377.52,378.4,377.46,370.07
2203,383.74,373.48,376.74,376.12,376.19,377.9,377.53,378.38,377.21,370.03
2204,383.74,373.42,376.76,376.11,376.24,377.9,377.54,378.37,377.08,370.01
2205,383.76,373.4,376.77,375.72,376.27,377.92,377.58,378.4,377.08,370.01
2206,383.77,373.42,376.79,376.12,376.3,377.96,377.65,378.51,377.1,370.01
2207,383.76,373.46,376.81,376.14,376.3,377.98,377.75,378.5,377.15,369.99
2208,383.76,373.47,376.83,376.17,376.3,378.02,377.84,378.53,377.23,370.0
2209,383.78,373.5,376.83,376.21,376.31,378.02,377.92,378.56,377.35,370.03
2210,383.77,373.52,376.83,376.25,376.3,378.01,377.94,378.64,377.45,370.05
2211,383.77,373.53,376.82,376.32,376.28,377.97,377.98,378.63,377.59,370.06
2212,383.79,373.59,376.8,376.37,376.32,377.95,378.03,378.7,377.8,370.1
2213,383.79,373.62,376.75,376.46,376.36,377.92,378.03,378.74,377.87,370.12
2214,383.83,373.61,376.75,376.53,376.39,377.88,378.02,378.65,377.87,370.15
2215,383.84,373.61,376.73,376.59,376.42,377.89,378.0,378.49,377.85,370.18
2216,383.84,373.63,376.7,376.64,376.43,377.9,377.97,378.35,377.87,370.19
2217,383.84,373.64,376.67,376.69,376.46,377.93,377.97,378.25,377.94,370.19
2218,383.85,373.62,376.63,376.73,376.46,377.93,377.99,378.22,378.06,370.18
2219,383.86,373.62,376.58,376.73,376.46,377.92,378.0,378.19,378.16,370.16
2220,383.87,373.64,376.52,376.77,376.47,377.71,378.01,378.26,378.26,370.15
2221,383.86,373.61,376.47,376.78,376.47,377.91,377.97,378.26,378.25,370.15
2222,383.86,373.55,376.45,376.81,376.47,377.93,377.97,378.21,378.23,370.18
2223,383.85,373.48,376.42,376.76,376.47,377.94,377.93,378.14,378.22,370.17
2224,383.85,373.42,376.39,376.81,376.47,377.92,377.85,378.07,378.19,370.14
2225,383.83,373.41,376.39,376.78,376.46,377.97,377.7,378.06,378.13,370.11
2226,383.83,373.42,376.39,376.8,376.45,377.99,377.61,378.1,378.06,370.09
2227,383.82,373.46,376.43,376.78,376.45,377.99,377.59,378.2,377.96,370.09
2228,383.83,373.5,376.47,376.75,376.44,378.01,377.67,378.25,377.85,370.1
2229,383.84,373.56,376.51,376.71,376.46,378.04,377.82,378.15,377.7,370.11
2230,383.84,373.61,376.53,376.73,376.48,378.05,377.91,378.09,377.48,370.08
2231,383.85,373.63,376.54,376.74,376.51,378.07,377.89,378.14,377.27,370.08
2232,383.86,373.65,376.55,376.72,376.54,377.9,377.85,378.2,377.04,370.1
2233,383.86,373.67,376.56,376.75,376.58,378.03,377.86,378.11,376.84,370.12
2234,383.86,373.68,376.57,376.74,376.6,377.84,377.88,378.08,376.76,370.14
2235,383.88,373.7,376.58,376.74,376.64,377.92,377.86,378.08,376.77,370.15
2236,383.89,373.7,376.61,376.75,376.67,377.91,377.83,378.07,376.81,370.15
2237,383.89,373.71,376.62,376.77,376.69,377.93,377.84,378.09,376.83,370.14
2238,383.9,373.77,376.65,376.77,376.72,377.92,377.86,378.18,376.81,370.13
2239,383.92,373.88,376.67,376.8,376.72,377.97,377.86,378.26,376.74,370.12
2240,383.91,373.98,376.69,376.79,376.73,377.97,377.83,378.26,376.72,370.12
2241,383.93,374.05,376.7,376.72,376.72,377.98,377.85,377.74,376.72,370.12
2242,383.94,374.08,376.72,376.73,376.72,377.94,377.89,378.2,376.71,370.1
2243,383.95,374.08,376.75,376.65,376.72,377.96,377.92,377.92,376.67,370.08
2244,383.96,374.09,376.79,376.57,376.73,377.98,377.96,378.23,376.67,370.05
2245,383.98,374.09,376.81,376.56,376.74,377.97,377.97,377.94,376.7,370.02
2246,383.99,374.07,376.83,376.53,376.75,377.97,377.93,378.24,376.76,370.01
2247,384.01,374.05,376.87,376.54,376.76,377.71,377.92,378.29,376.83,369.99
2248,384.03,373.95,376.94,376.54,376.76,378.0,377.96,378.33,376.91,369.99
2249,384.05,373.85,377.01,376.56,376.76,378.03,378.0,378.37,377.0,370.03
2250,384.06,373.85,377.05,376.59,376.74,378.05,378.06,378.43,377.08,370.05
2251,384.08,373.88,377.11,376.6,376.73,378.06,378.13,378.47,377.15,370.08
2252,384.08,373.95,377.15,376.64,376.72,378.1,378.19,378.53,377.19,370.11
2253,384.08,374.0,377.15,376.66,376.69,378.12,378.22,378.53,377.24,370.13
2254,384.08,374.01,377.15,376.68,376.64,378.14,378.25,378.5,377.27,370.17
2255,384.08,374.0,377.15,376.75,376.63,378.17,378.27,378.51,377.27,370.18
2256,384.07,373.95,377.15,376.81,376.63,378.19,378.28,378.52,377.25,370.19
2257,384.07,373.99,377.15,376.88,376.65,378.22,378.3,378.54,377.28,370.16
2258,384.06,374.03,377.16,376.9,376.68,378.25,378.31,378.54,377.33,370.12
2259,384.05,374.04,377.17,376.92,376.67,378.28,378.26,378.54,377.34,370.09
2260,384.07,374.06,377.18,376.92,376.67,378.29,378.24,378.51,377.32,370.07
2261,384.05,374.11,377.18,376.91,376.66,378.29,378.26,378.52,377.29,370.05
2262,384.05,374.12,377.15,376.79,376.63,378.26,378.28,378.6,377.27,370.03
2263,384.06,374.08,377.11,376.91,376.61,378.27,378.25,378.72,377.28,370.01
2264,384.07,374.04,377.09,376.86,376.59,378.27,378.23,378.78,377.26,370.02
2265,384.07,373.96,377.05,376.89,376.57,378.26,378.24,378.7,377.24,370.04
2266,384.07,373.95,377.06,376.9,376.54,378.28,378.23,378.61,377.2,370.04
2267,384.09,373.99,377.08,376.9,376.54,378.3,378.23,378.61,377.24,370.04
2268,384.1,374.0,377.1,376.9,376.53,378.32,378.22,378.63,377.32,370.04
2269,384.1,373.99,377.12,376.8,376.51,378.33,378.22,378.6,377.42,370.05
2270,384.11,373.99,377.13,376.76,376.51,378.35,378.22,378.65,377.54,370.06
2271,384.12,373.99,377.15,376.79,376.52,378.38,378.25,378.71,377.64,370.07
2272,384.13,373.98,377.15,376.79,376.53,378.39,378.25,378.78,377.74,370.08
2273,384.14,373.99,377.14,376.78,376.55,378.4,378.28,378.8,377.84,370.1
2274,384.16,373.96,377.15,376.74,376.6,378.4,378.31,378.78,377.88,370.13
2275,384.18,373.9,377.18,376.75,376.62,378.41,378.36,378.74,377.85,370.15
2276,384.2,373.89,377.18,376.74,376.63,378.43,378.36,378.73,377.77,370.15
2277,384.21,373.92,377.15,376.71,376.64,378.43,378.32,378.74,377.63,370.16
2278,384.23,373.93,377.12,376.72,376.64,378.43,378.18,378.71,377.43,370.19
2279,384.25,373.96,377.1,376.72,376.64,378.44,378.07,378.66,377.26,370.23
2280,384.27,374.0,377.09,376.68,376.63,378.45,377.98,378.69,377.16,370.25
2281,384.27,374.04,377.09,376.7,376.64,378.45,377.96,378.76,377.08,370.27
2282,384.3,374.05,377.09,376.72,376.65,378.4,377.99,378.93,377.06,370.26
2283,384.32,374.08,377.08,376.75,376.67,378.45,378.04,379.05,377.06,370.24
2284,384.34,374.12,377.07,376.77,376.73,378.42,378.05,379.11,377.03,370.23
2285,384.36,374.16,377.09,376.81,376.77,378.43,378.11,379.13,377.04,370.25
2286,384.36,374.19,377.09,376.84,376.8,378.42,378.2,379.1,377.0,370.26
2287,384.36,374.23,377.11,376.88,376.83,378.42,378.3,379.06,376.98,370.28
2288,384.37,374.29,377.13,376.91,376.86,378.41,378.4,379.08,376.96,370.33
2289,384.39,374.34,377.14,376.93,376.88,378.34,378.44,379.12,376.98,370.38
2290,384.39,374.39,377.17,376.95,376.92,378.35,378.46,379.07,377.06,370.43
2291,384.4,374.41,377.18,377.01,376.96,378.39,378.49,379.01,377.17,370.47
2292,384.41,374.44,377.15,377.08,376.99,378.41,378.38,378.94,377.28,370.48
2293,384.41,374.44,377.13,377.11,377.02,378.42,378.25,378.87,377.34,370.48
2294,384.43,374.38,377.12,377.17,377.04,378.46,378.25,378.77,377.33,370.47
2295,384.42,374.31,377.12,377.17,377.05,378.47,378.25,378.73,377.33,370.47
2296,384.42,374.25,377.14,377.22,377.07,378.5,378.24,378.72,377.33,370.48
2297,384.43,374.2,377.17,377.27,377.1,378.54,378.24,378.77,377.31,370.47
2298,384.43,374.17,377.2,377.31,377.13,378.57,378.27,378.88,377.28,370.46
2299,384.42,374.18,377.24,377.33,377.16,378.59,378.31,378.98,377.27,370.43
2300,384.43,374.2,377.26,377.35,377.16,378.59,378.36,379.01,377.31,370.41
2301,384.44,374.21,377.25,377.42,377.17,378.61,378.37,378.97,377.33,370.39
2302,384.46,374.23,377.19,377.44,377.2,378.62,378.42,378.99,377.37,370.39
2303,384.47,374.26,377.15,377.38,377.23,378.63,378.49,379.02,377.4,370.38
2304,384.47,374.28,377.11,377.46,377.25,378.63,378.57,379.1,377.41,370.38
2305,384.48,374.26,377.08,377.46,377.24,378.61,378.65,379.17,377.44,370.4
2306,384.51,374.24,377.09,377.46,377.24,378.62,378.7,379.25,377.55,370.43
2307,384.51,374.23,377.13,377.5,377.24,378.65,378.72,379.23,377.68,370.43
2308,384.54,374.18,377.15,377.52,377.25,378.63,378.75,379.3,377.81,370.42
2309,384.56,374.13,377.18,377.55,377.27,378.68,378.8,379.28,377.96,370.41
2310,384.59,374.09,377.22,377.43,377.28,378.68,378.86,379.33,378.18,370.42
2311,384.6,374.11,377.21,377.56,377.25,378.69,378.86,379.35,378.39,370.47
2312,384.62,374.16,377.21,377.53,377.24,378.72,378.8,379.34,378.56,370.53
2313,384.63,374.22,377.21,377.59,377.23,378.74,378.64,379.3,378.71,370.6
2314,384.64,374.26,377.21,377.59,377.21,378.75,378.48,379.23,378.81,370.7
2315,384.64,374.27,377.23,377.57,377.19,378.7,378.38,379.06,378.89,370.81
2316,384.65,374.29,377.27,377.57,377.2,378.76,378.41,379.23,378.94,370.93
2317,384.65,374.31,377.3,377.52,377.18,378.73,378.49,379.24,378.95,371.05
2318,384.65,374.35,377.37,377.47,377.18,378.75,378.56,379.25,378.98,371.15
2319,384.66,374.43,377.45,377.49,377.22,378.75,378.61,379.27,379.02,371.28
2320,384.67,374.53,377.5,377.41,377.26,378.78,378.66,379.31,379.09,371.38
2321,384.67,374.57,377.52,377.52,377.28,378.67,378.69,379.43,379.13,371.41
2322,384.67,374.59,377.54,377.43,377.3,378.83,378.74,379.47,379.16,371.43
2323,384.68,374.6,377.56,377.37,377.31,378.8,378.83,379.51,379.2,371.45
2324,384.7,374.6,377.57,377.4,377.31,378.85,378.87,379.52,379.23,371.49
2325,384.7,374.59,377.59,377.34,377.29,378.85,378.82,379.49,379.26,371.53
2326,384.71,374.56,377.6,377.32,377.27,378.93,378.84,379.5,379.29,371.59
2327,384.71,374.48,377.63,377.33,377.25,378.96,378.89,379.52,379.33,371.64
2328,384.71,374.43,377.62,377.29,377.22,378.94,378.95,379.59,379.37,371.7
2329,384.7,374.3,377.58,377.31,377.19,378.97,379.01,379.68,379.44,371.77
2330,384.69,374.2,377.53,377.3,377.14,378.99,379.03,379.68,379.5,371.84
2331,384.69,374.18,377.51,377.27,377.14,378.96,379.05,379.7,379.54,371.9
2332,384.69,374.2,377.5,377.26,377.15,378.95,379.06,379.67,379.6,371.93
2333,384.68,374.22,377.51,377.23,377.15,378.92,379.01,379.64,379.65,371.94
2334,384.69,374.24,377.53,377.19,377.15,378.89,379.01,379.63,379.68,371.97
2335,384.68,374.25,377.56,377.15,377.16,378.85,379.02,379.28,379.69,371.95
2336,384.68,374.26,377.57,377.15,377.17,378.84,379.04,379.66,379.65,371.92
2337,384.69,374.33,377.62,377.13,377.16,378.82,379.04,379.71,379.5,371.87
2338,384.69,374.32,377.65,377.11,377.16,378.8,379.05,379.77,379.34,371.82
2339,384.69,374.33,377.66,377.04,377.14,378.76,379.05,379.8,379.23,371.78
2340,384.71,374.34,377.66,377.02,377.14,378.75,379.05,379.73,379.16,371.74
2341,384.71,374.37,377.7,377.11,377.12,378.72,379.02,379.61,379.06,371.68
2342,384.71,374.39,377.73,377.13,377.11,378.75,379.0,379.45,378.92,371.61
2343,384.73,374.38,377.74,377.15,377.1,378.74,379.01,379.32,378.8,371.56
2344,384.72,374.42,377.76,377.1,377.09,378.86,379.0,379.26,378.69,371.49
2345,384.75,374.44,377.79,377.18,377.1,378.91,379.0,379.18,378.59,371.44
2346,384.75,374.47,377.81,377.22,377.12,378.96,379.0,379.16,378.45,371.35
2347,384.76,374.52,377.82,377.27,377.14,378.99,379.02,379.2,378.35,371.28
2348,384.77,374.54,377.83,377.32,377.17,378.69,379.04,379.25,378.24,371.25
2349,384.79,374.59,377.83,377.13,377.2,379.03,379.07,379.27,378.13,371.22
2350,384.81,374.64,377.84,377.44,377.26,379.04,379.09,379.28,378.07,371.21
2351,384.82,374.64,377.81,377.46,377.31,379.06,379.07,379.3,378.04,371.2
2352,384.82,374.65,377.8,377.52,377.36,379.05,379.04,379.28,378.06,371.2
2353,384.83,374.68,377.75,377.61,377.4,379.08,378.98,379.31,378.1,371.22
2354,384.85,374.69,377.71,377.68,377.43,379.08,378.97,379.3,378.17,371.23
2355,384.87,374.62,377.63,377.72,377.47,379.1,378.98,379.28,378.33,371.24
2356,384.88,374.51,377.56,377.8,377.48,379.11,378.98,379.23,378.5,371.24
2357,384.89,374.45,377.5,377.82,377.48,379.15,378.95,379.23,378.61,371.23
2358,384.91,374.45,377.47,377.87,377.49,378.74,378.95,379.25,378.76,371.23
2359,384.92,374.47,377.46,377.88,377.51,379.17,379.0,379.31,378.88,371.22
2360,384.94,374.51,377.44,377.9,377.54,379.2,379.07,379.44,378.95,371.23
2361,384.93,374.56,377.44,377.92,377.57,379.22,379.12,379.57,378.98,371.22
2362,384.94,374.61,377.45,377.89,377.61,379.24,379.15,379.64,379.05,371.23
2363,384.93,374.64,377.48,377.89,377.64,379.24,379.17,379.6,379.14,371.27
2364,384.95,374.66,377.51,377.85,377.67,379.26,379.18,379.54,379.24,371.33
2365,384.96,374.65,377.55,377.84,377.66,379.27,379.24,379.51,379.38,371.44
2366,384.97,374.68,377.6,377.36,377.65,379.29,379.28,379.5,379.54,371.6
2367,384.98,374.7,377.62,377.77,377.63,379.28,379.28,379.51,379.64,371.71
2368,384.99,374.77,377.65,377.76,377.62,379.29,379.24,379.53,379.74,371.82
2369,385.0,374.84,377.67,377.8,377.6,379.27,379.19,379.56,379.84,371.92
2370,385.01,374.92,377.69,377.84,377.6,379.26,379.19,379.56,379.92,372.02
2371,385.02,374.97,377.71,377.85,377.59,379.28,379.19,379.51,379.92,372.04
2372,385.03,375.0,377.72,377.85,377.58,379.28,379.23,379.46,379.84,372.06
2373,385.04,375.04,377.74,377.83,377.58,379.27,379.24,379.42,379.74,372.04
2374,385.06,375.09,377.76,377.79,377.6,379.28,379.25,379.48,379.59,371.97
2375,385.08,375.16,377.81,377.74,377.62,379.29,379.26,379.56,379.44,371.92
2376,385.1,375.18,377.86,377.74,377.62,379.29,379.25,379.62,379.35,371.89
2377,385.1,375.2,377.9,377.74,377.63,379.27,379.24,379.68,379.28,371.85
2378,385.12,375.21,377.95,377.74,377.66,379.29,379.23,379.78,379.28,371.83
2379,385.13,375.21,377.98,377.75,377.69,379.31,379.23,379.86,379.27,371.83
2380,385.14,375.2,378.01,377.74,377.71,379.33,379.24,379.87,379.28,371.8
2381,385.15,375.2,378.05,377.73,377.71,379.37,379.27,379.92,379.31,371.78
2382,385.17,375.21,378.07,377.72,377.71,379.38,379.3,379.98,379.35,371.77
2383,385.19,375.19,378.1,377.7,377.73,379.42,379.36,380.02,379.45,371.74
2384,385.21,375.15,378.13,377.66,377.74,379.44,379.42,380.01,379.5,371.73
2385,385.21,375.14,378.15,377.61,377.75,379.46,379.44,379.98,379.48,371.74
2386,385.21,375.12,378.16,377.58,377.75,379.46,379.45,379.97,379.46,371.74
2387,385.22,375.13,378.18,377.56,377.75,379.48,379.45,379.95,379.48,371.76
2388,385.22,375.13,378.19,377.54,377.75,379.5,379.46,379.96,379.56,371.79
2389,385.22,375.17,378.18,377.54,377.75,379.54,379.45,380.01,379.65,371.83
2390,385.23,375.19,378.16,377.55,377.74,379.56,379.46,380.06,379.75,371.84
2391,385.24,375.2,378.16,377.52,377.73,379.57,379.5,380.09,379.92,371.85
2392,385.25,375.19,378.14,377.59,377.71,379.58,379.48,380.09,379.99,371.8
2393,385.26,375.17,378.13,377.62,377.71,379.57,379.43,380.09,379.97,371.75
2394,385.26,375.18,378.11,377.67,377.68,379.56,379.37,380.11,379.95,371.68
2395,385.27,375.21,378.11,377.7,377.67,379.55,379.33,380.1,379.93,371.6
2396,385.27,375.22,378.05,377.75,377.67,379.53,379.3,380.07,379.89,371.53
2397,385.27,375.19,377.99,377.77,377.67,379.5,379.28,380.05,379.81,371.46
2398,385.27,375.17,377.93,377.81,377.68,379.48,379.24,380.06,379.63,371.4
2399,385.28,375.19,377.89,377.84,377.7,379.47,379.19,380.03,379.41,371.35
2400,385.29,375.14,377.87,377.84,377.71,379.45,379.14,379.99,379.07,371.27
2401,385.28,375.05,377.87,377.89,377.7,379.45,379.11,380.0,378.76,371.2
2402,385.27,375.03,377.88,377.95,377.71,379.44,379.11,380.0,378.6,371.15
2403,385.27,374.99,377.9,377.98,377.72,379.42,379.12,379.99,378.48,371.11
2404,385.27,375.0,377.91,378.01,377.73,379.43,379.12,379.99,378.44,371.09
2405,385.26,375.04,377.93,378.04,377.75,379.42,379.13,379.92,378.47,371.1
2406,385.26,375.07,377.95,378.08,377.78,379.39,379.15,379.84,378.59,371.13
2407,385.26,375.1,377.96,378.11,377.8,379.36,379.17,379.77,378.71,371.16
2408,385.25,375.13,377.97,378.17,377.83,379.34,379.15,379.69,378.81,371.19
2409,385.24,375.17,378.0,378.21,377.86,378.99,379.15,379.65,378.86,371.22
2410,385.24,375.2,378.03,378.23,377.9,379.3,379.19,379.68,378.93,371.29
2411,385.24,375.2,378.05,377.77,377.89,379.29,379.21,379.7,379.02,371.36
2412,385.24,375.17,378.08,378.19,377.89,379.27,379.2,379.78,379.09,371.39
2413,385.24,375.14,378.1,378.21,377.88,379.27,379.18,379.86,379.17,371.4
2414,385.23,375.12,378.13,378.23,377.86,379.27,379.13,379.88,379.23,371.38
2415,385.23,375.1,378.17,378.08,377.86,379.29,379.07,379.84,379.23,371.35
2416,385.23,375.07,378.21,378.28,377.87,379.29,379.06,379.82,379.16,371.35
2417,385.24,375.04,378.21,378.3,377.89,379.32,379.12,379.85,379.01,371.34
2418,385.25,375.0,378.2,378.31,377.91,379.36,379.22,379.87,378.81,371.33
2419,385.26,374.97,378.18,378.3,377.94,379.39,379.28,379.93,378.61,371.3
2420,385.26,374.94,378.14,378.08,377.97,379.43,379.31,380.03,378.43,371.26
2421,385.28,374.94,378.11,378.26,377.99,379.46,379.38,380.11,378.24,371.22
2422,385.27,374.95,378.07,378.24,377.99,379.52,379.49,380.16,378.12,371.2
2423,385.29,374.96,378.05,378.22,377.99,379.57,379.54,380.15,378.01,371.19
2424,385.29,374.98,378.05,378.2,377.98,379.63,379.56,380.12,377.94,371.19
2425,385.29,375.01,378.04,378.18,377.97,379.66,379.54,380.07,377.95,371.17
2426,385.31,375.03,378.03,378.19,377.97,379.68,379.46,380.06,378.03,371.17
2427,385.32,375.09,378.06,378.22,378.0,379.7,379.44,380.05,378.11,371.17
2428,385.33,375.16,378.11,378.24,378.06,379.63,379.6,379.82,378.11,371.17
2429,385.36,375.18,378.13,378.25,378.09,379.71,379.71,380.05,378.1,371.18
2430,385.36,375.22,378.15,378.26,378.13,379.49,379.78,380.08,378.08,371.18
2431,385.36,375.22,378.16,378.3,378.15,379.75,379.83,380.03,378.1,371.18
2432,385.36,375.22,378.17,378.34,378.18,379.77,379.85,379.94,378.15,371.17
2433,385.36,375.22,378.2,378.36,378.19,379.8,379.86,379.99,378.2,371.16
2434,385.37,375.21,378.23,378.37,378.2,379.81,379.8,380.03,378.23,371.15
2435,385.37,375.23,378.24,378.39,378.22,379.81,379.72,380.09,378.22,371.14
2436,385.39,375.26,378.26,378.41,378.23,379.78,379.73,380.14,378.17,371.12
2437,385.4,375.3,378.29,378.43,378.26,379.78,379.79,380.16,378.08,371.09
2438,385.41,375.32,378.29,378.45,378.29,379.75,379.77,379.97,378.06,371.08
2439,385.42,375.31,378.28,378.47,378.31,379.75,379.72,379.8,378.11,371.09
2440,385.43,375.31,378.26,378.49,378.32,379.74,379.64,379.65,378.15,371.11
2441,385.44,375.31,378.24,378.5,378.33,379.76,379.44,379.64,378.17,371.13
2442,385.45,375.31,378.23,378.53,378.32,379.76,379.19,379.69,378.23,371.15
2443,385.46,375.3,378.21,378.55,378.31,379.8,379.04,379.75,378.31,371.18
2444,385.47,375.3,378.2,378.6,378.3,379.8,378.96,379.84,378.38,371.2
2445,385.49,375.33,378.18,378.64,378.3,379.85,378.95,379.9,378.44,371.23
2446,385.49,375.33,378.2,378.7,378.35,379.89,379.0,379.93,378.42,371.26
2447,385.49,375.34,378.21,378.74,378.37,379.93,379.12,379.96,378.43,371.29
2448,385.5,375.39,378.2,378.75,378.38,379.96,379.26,380.0,378.47,371.34
2449,385.49,375.41,378.2,378.77,378.38,379.97,379.37,380.04,378.51,371.36
2450,385.49,375.41,378.19,378.77,378.37,380.0,379.46,380.06,378.54,371.39
2451,385.5,375.42,378.22,378.76,378.38,380.0,379.55,380.05,378.52,371.41
2452,385.51,375.42,378.22,378.77,378.38,379.99,379.59,380.03,378.48,371.4
2453,385.52,375.44,378.24,378.79,378.39,379.96,379.59,380.05,378.45,371.38
2454,385.54,375.47,378.27,378.8,378.38,379.94,379.64,380.1,378.36,371.38
2455,385.55,375.45,378.3,378.81,378.38,379.93,379.75,380.13,378.31,371.38
2456,385.55,375.42,378.33,378.81,378.37,379.95,379.82,380.17,378.26,371.38
2457,385.57,375.4,378.34,378.82,378.37,379.96,379.88,380.22,378.22,371.38
2458,385.57,375.4,378.37,378.8,378.37,379.94,379.92,380.24,378.22,371.39
2459,385.57,375.41,378.39,378.78,378.38,379.96,379.96,380.25,378.26,371.4
2460,385.57,375.39,378.4,378.73,378.4,379.95,379.96,380.29,378.35,371.43
2461,385.58,375.36,378.42,378.72,378.41,379.94,379.96,380.31,378.47,371.45
2462,385.58,375.37,378.44,378.7,378.42,379.93,379.99,380.33,378.59,371.47
2463,385.58,375.38,378.48,378.72,378.45,379.93,380.01,380.36,378.77,371.5
2464,385.59,375.38,378.51,378.72,378.49,379.92,380.03,380.41,378.97,371.55
2465,385.6,375.4,378.53,378.73,378.53,379.92,380.05,380.48,379.1,371.62
2466,385.62,375.41,378.54,378.75,378.58,379.91,380.04,380.53,379.21,371.71
2467,385.63,375.38,378.56,378.77,378.61,379.94,380.05,380.57,379.28,371.82
2468,385.63,375.38,378.57,378.82,378.63,379.96,380.06,380.57,379.29,371.9
2469,385.64,375.41,378.58,378.87,378.64,379.99,380.07,380.54,379.28,371.96
2470,385.66,375.45,378.6,378.88,378.68,379.97,380.09,380.53,379.27,371.99
2471,385.66,375.49,378.62,378.91,378.7,379.92,380.06,380.64,379.25,372.0
2472,385.67,375.52,378.61,378.94,378.73,379.89,379.94,380.67,379.17,371.98
2473,385.69,375.56,378.55,378.96,378.76,379.87,379.89,380.62,379.07,371.96
2474,385.7,375.6,378.48,378.97,378.78,379.86,379.93,380.53,379.0,371.91
2475,385.71,375.61,378.43,378.99,378.8,379.86,379.99,380.41,378.92,371.88
2476,385.73,375.62,378.41,378.99,378.82,379.86,380.02,380.38,378.82,371.85
2477,385.73,375.66,378.41,378.97,378.82,379.85,380.04,380.36,378.75,371.8
2478,385.75,375.69,378.42,378.98,378.82,379.9,380.04,380.38,378.72,371.77
2479,385.76,375.68,378.42,378.98,378.82,379.91,379.99,380.4,378.74,371.74
2480,385.76,375.59,378.42,378.97,378.82,379.91,379.99,380.4,378.8,371.73
2481,385.78,375.52,378.42,378.96,378.8,379.9,380.04,380.38,378.9,371.77
2482,385.8,375.54,378.42,378.93,378.77,379.93,380.08,380.38,379.04,371.82
2483,385.81,375.56,378.42,378.89,378.76,379.95,380.08,380.44,379.19,371.85
2484,385.82,375.55,378.41,378.45,378.73,379.98,380.06,380.51,379.34,371.87
2485,385.82,375.53,378.43,378.84,378.72,380.01,380.06,380.56,379.52,371.89
2486,385.82,375.46,378.46,378.83,378.7,380.04,380.06,380.56,379.65,371.93
2487,385.82,375.4,378.51,378.79,378.68,380.04,380.06,380.54,379.71,371.95
2488,385.82,375.4,378.54,378.85,378.65,380.05,380.09,380.58,379.72,371.97
2489,385.81,375.44,378.57,378.88,378.63,380.04,380.12,380.62,379.73,371.94
2490,385.81,375.48,378.59,378.91,378.63,380.04,380.16,380.63,379.78,371.95
2491,385.82,375.51,378.61,378.89,378.63,380.04,380.08,380.57,379.84,371.93
2492,385.81,375.57,378.62,378.91,378.61,380.08,379.98,380.51,379.86,371.91
2493,385.82,375.62,378.63,378.91,378.61,380.1,379.9,380.47,379.87,371.91
2494,385.8,375.66,378.64,378.92,378.6,380.13,379.93,380.44,379.83,371.89
2495,385.8,375.68,378.64,378.93,378.58,380.17,379.97,380.43,379.78,371.9
2496,385.79,375.69,378.64,378.93,378.58,380.19,380.01,380.47,379.79,371.89
2497,385.77,375.71,378.64,378.96,378.58,380.18,380.03,380.47,379.83,371.89
2498,385.76,375.73,378.63,378.96,378.6,380.17,380.09,380.46,379.89,371.91
2499,385.76,375.78,378.6,378.97,378.63,380.14,380.17,380.46,379.97,371.94
2500,385.76,375.78,378.55,378.98,378.65,380.14,380.22,380.46,380.07,371.95
2501,385.76,375.69,378.52,379.0,378.65,380.17,380.2,380.51,380.15,371.98
2502,385.76,375.63,378.5,378.98,378.66,380.18,380.18,380.59,380.2,372.02
2503,385.77,375.66,378.5,378.99,378.67,380.22,380.15,380.62,380.19,372.06
2504,385.77,375.7,378.52,378.96,378.69,380.21,380.15,380.59,380.16,372.12
2505,385.77,375.7,378.54,378.94,378.7,380.24,380.15,380.58,380.16,372.17
2506,385.77,375.66,378.55,378.9,378.71,380.2,380.14,380.65,380.17,372.22
2507,385.76,375.63,378.56,378.87,378.71,380.28,380.13,380.69,380.2,372.24
2508,385.76,375.61,378.59,378.88,378.72,380.3,380.15,380.68,380.21,372.23
2509,385.77,375.63,378.63,378.89,378.73,380.32,380.19,380.7,380.23,372.21
2510,385.79,375.65,378.65,378.87,378.75,380.32,380.23,380.7,380.2,372.21
2511,385.79,375.68,378.67,378.87,378.75,380.33,380.26,380.73,380.11,372.21
2512,385.8,375.72,378.67,378.9,378.76,380.32,380.3,380.71,380.0,372.2
2513,385.82,375.74,378.68,378.94,378.77,380.33,380.35,380.83,379.92,372.22
2514,385.82,375.75,378.67,378.97,378.76,380.34,380.37,380.87,379.84,372.21
2515,385.83,375.77,378.67,379.0,378.79,380.34,380.41,380.92,379.77,372.2
2516,385.85,375.8,378.65,379.0,378.79,380.35,380.45,380.98,379.67,372.19
2517,385.87,375.84,378.6,379.01,378.8,380.37,380.48,381.0,379.61,372.19
2518,385.9,375.84,378.57,379.01,378.79,380.38,380.49,380.97,379.6,372.22
2519,385.91,375.84,378.55,379.04,378.8,380.39,380.49,380.89,379.68,372.26
2520,385.94,375.83,378.54,379.06,378.82,380.41,380.5,380.8,379.79,372.29
2521,385.95,375.81,378.53,379.08,378.83,380.43,380.51,380.75,379.9,372.33
2522,385.97,375.78,378.54,379.11,378.85,380.44,380.53,380.71,379.98,372.39
2523,385.98,375.75,378.58,379.14,378.88,380.45,380.55,380.71,380.06,372.43
2524,386.0,375.74,378.59,379.18,378.92,380.45,380.53,380.73,380.12,372.47
2525,386.01,375.74,378.62,379.21,378.96,380.48,380.52,380.69,380.16,372.52
2526,386.03,375.76,378.65,379.24,379.01,380.49,380.47,380.66,380.25,372.59
2527,386.05,375.79,378.69,379.24,379.04,380.52,380.39,380.6,380.37,372.68
2528,386.06,375.78,378.73,379.25,379.04,380.55,380.4,380.11,380.45,372.72
2529,386.06,375.76,378.78,379.24,379.02,380.58,380.45,380.68,380.49,372.75
2530,386.07,375.75,378.82,379.25,379.0,380.59,380.47,380.78,380.5,372.77
2531,386.09,375.77,378.85,379.25,378.97,380.59,380.45,380.83,380.42,372.77
2532,386.1,375.78,378.87,379.24,378.94,380.58,380.43,380.83,380.27,372.75
2533,386.11,375.81,378.86,379.2,378.92,380.54,380.43,380.81,380.17,372.74
2534,386.12,375.82,378.84,379.13,378.9,380.5,380.43,380.81,380.06,372.73
2535,386.14,375.83,378.87,379.08,378.91,380.43,380.39,380.74,379.93,372.72
2536,386.16,375.83,378.9,379.04,378.92,380.41,380.32,380.73,379.76,372.7
2537,386.17,375.86,378.91,379.08,378.93,380.35,380.29,380.76,379.6,372.66
2538,386.18,375.9,378.91,379.09,378.94,380.32,380.32,380.81,379.45,372.62
2539,386.18,375.96,378.93,379.1,378.97,380.3,380.34,380.86,379.34,372.59
2540,386.19,376.01,378.94,379.09,378.99,380.3,380.37,380.86,379.29,372.56
2541,386.19,376.07,378.96,379.1,379.0,380.3,380.4,380.79,379.29,372.55
2542,386.21,376.11,378.99,378.31,379.02,380.27,380.42,380.73,379.36,372.55
2543,386.22,376.15,379.02,379.13,379.04,380.3,380.43,380.67,379.39,372.55
2544,386.23,376.22,379.06,379.17,379.06,380.31,380.43,380.62,379.44,372.57
2545,386.24,376.29,379.09,379.17,379.08,380.31,380.28,380.53,379.52,372.6
2546,386.24,376.33,379.11,379.18,379.12,380.32,380.13,380.39,379.58,372.65
2547,386.25,376.35,379.16,379.19,379.14,380.33,380.03,380.29,379.6,372.66
2548,386.27,376.39,379.2,379.2,379.15,380.36,380.04,380.23,379.62,372.67
2549,386.29,376.34,379.24,379.21,379.17,380.4,380.09,380.22,379.63,372.68
2550,386.3,376.25,379.29,379.2,379.18,380.42,380.21,380.31,379.64,372.69
2551,386.31,376.14,379.3,379.2,379.18,380.46,380.31,380.5,379.62,372.67
2552,386.32,376.08,379.31,379.2,379.17,380.47,380.39,380.67,379.6,372.68
2553,386.34,376.09,379.29,379.19,379.16,380.47,380.47,380.76,379.63,372.7
2554,386.35,376.06,379.27,379.2,379.16,380.45,380.49,380.92,379.79,372.75
2555,386.36,376.06,379.24,379.21,379.14,379.91,380.52,380.98,379.93,372.79
2556,386.37,376.06,379.21,379.23,379.13,380.41,380.54,380.99,380.12,372.82
2557,386.39,376.04,379.17,379.23,379.1,380.37,380.57,380.98,380.33,372.84
2558,386.4,376.02,379.14,379.27,379.09,380.35,380.59,380.89,380.51,372.85
2559,386.4,375.98,379.11,379.29,379.09,380.28,380.6,380.79,380.62,372.86
2560,386.41,375.93,379.09,379.34,379.08,380.33,380.58,380.67,380.61,372.91
2561,386.42,375.9,379.09,379.26,379.08,380.28,380.58,380.59,380.52,372.96
2562,386.43,375.87,379.11,379.38,379.08,380.32,380.54,380.48,380.32,373.0
2563,386.44,375.88,379.1,379.38,379.1,380.31,380.55,380.7,380.23,373.05
2564,386.44,375.89,379.08,379.41,379.12,380.33,380.54,380.84,380.26,373.1
2565,386.42,375.9,379.04,378.8,379.13,380.35,380.51,380.95,380.33,373.13
2566,386.43,375.91,379.01,379.4,379.14,380.36,380.51,381.01,380.44,373.18
2567,386.42,375.94,379.0,379.39,379.15,380.4,380.49,381.04,380.55,373.21
2568,386.42,375.97,378.99,379.39,379.15,380.43,380.48,381.03,380.63,373.22
2569,386.42,376.01,379.0,379.37,379.16,380.45,380.47,381.05,380.66,373.23
2570,386.43,376.03,379.0,379.41,379.17,380.46,380.47,381.04,380.7,373.23
2571,386.44,376.11,378.99,379.42,379.18,380.39,380.49,380.98,380.78,373.24
2572,386.45,376.17,378.99,379.43,379.19,380.49,380.5,380.92,380.77,373.24
2573,386.45,376.2,378.99,379.42,379.18,380.52,380.51,380.9,380.76,373.22
2574,386.45,376.24,378.98,379.46,379.19,380.52,380.46,380.87,380.81,373.18
2575,386.45,376.28,378.99,379.48,379.2,380.54,380.32,380.89,380.82,373.14
2576,386.46,376.3,378.99,379.53,379.2,380.55,380.23,380.89,380.79,373.09
2577,386.47,376.3,379.02,379.55,379.2,380.54,380.17,380.87,380.74,373.03
2578,386.48,376.29,379.04,379.56,379.19,380.52,380.06,380.88,380.68,372.99
2579,386.49,376.28,379.07,379.55,379.17,380.5,379.98,380.94,380.64,372.96
2580,386.5,376.26,379.08,379.47,379.11,380.51,380.01,381.0,380.65,372.92
2581,386.51,376.26,379.08,379.56,379.11,380.5,380.12,381.1,380.67,372.89
2582,386.52,376.28,379.07,379.5,379.13,380.48,380.17,381.13,380.71,372.86
2583,386.54,376.31,379.07,379.44,379.14,380.47,380.2,381.14,380.74,372.84
2584,386.54,376.31,379.06,379.37,379.15,380.46,380.25,380.99,380.74,372.83
2585,386.56,376.27,379.04,379.34,379.13,380.47,380.28,381.14,380.73,372.83
2586,386.58,376.25,379.05,379.26,379.11,380.34,380.33,381.14,380.7,372.82
2587,386.59,376.23,379.06,379.28,379.09,380.48,380.38,381.14,380.66,372.82
2588,386.61,376.21,379.1,379.31,379.05,380.46,380.44,380.6,380.63,372.81
2589,386.64,376.22,379.16,379.31,379.0,380.47,380.52,381.06,380.49,372.79
2590,386.65,376.24,379.21,379.31,378.97,380.45,380.59,380.99,380.2,372.78
2591,386.66,376.24,379.17,379.28,378.96,380.45,380.62,381.13,379.98,372.77
2592,386.67,376.27,379.14,379.26,378.96,380.47,380.65,381.19,379.88,372.78
2593,386.68,376.27,379.09,379.21,378.96,380.5,380.62,381.28,379.87,372.76
2594,386.67,376.26,379.07,379.21,378.97,380.49,380.33,381.33,379.9,372.77
2595,386.67,376.27,379.08,379.26,378.97,380.51,380.16,381.39,379.95,372.79
2596,386.68,376.3,379.09,379.27,378.99,380.52,380.23,381.42,380.03,372.83
2597,386.67,376.32,379.11,379.3,379.0,380.52,380.35,381.44,380.12,372.86
2598,386.67,376.39,379.16,379.3,379.03,380.52,380.48,381.45,380.23,372.9
2599,386.67,376.43,379.21,379.33,379.06,380.52,380.53,381.48,380.38,372.92
2600,386.67,376.44,379.24,378.4,379.07,380.52,380.54,381.43,380.5,372.93
2601,386.67,376.41,379.3,379.33,379.08,380.49,380.5,381.43,380.58,372.93
2602,386.67,376.37,379.36,379.4,379.1,380.53,380.47,381.46,380.67,372.93
2603,386.67,376.36,379.38,379.44,379.11,380.55,380.47,381.3,380.74,372.95
2604,386.68,376.39,379.43,379.49,379.14,380.57,380.48,381.46,380.77,372.93
2605,386.69,376.41,379.47,379.55,379.19,380.63,380.53,381.38,380.75,372.93
2606,386.68,376.44,379.5,379.58,379.24,380.65,380.61,381.33,380.71,372.94
2607,386.7,376.46,379.55,379.55,379.33,380.71,380.66,381.34,380.67,372.95
2608,386.71,376.5,379.59,379.61,379.39,380.72,380.6,381.33,380.64,372.97
2609,386.73,376.61,379.6,379.66,379.43,380.72,380.52,381.29,380.66,373.0
2610,386.74,376.74,379.6,379.66,379.46,380.79,380.51,381.23,380.72,373.03
2611,386.76,376.81,379.6,379.69,379.49,380.84,380.55,381.1,380.81,373.08
2612,386.77,376.81,379.63,379.71,379.52,380.9,380.6,380.88,380.91,373.15
2613,386.78,376.79,379.64,379.74,379.55,380.92,380.67,381.16,381.02,373.21
2614,386.79,376.77,379.63,379.7,379.56,380.92,380.73,381.24,381.11,373.26
2615,386.79,376.76,379.62,379.83,379.58,380.96,380.76,381.14,381.15,373.28
2616,386.82,376.83,379.56,379.86,379.61,380.95,380.75,380.96,381.15,373.34
2617,386.83,376.8,379.49,379.89,379.65,380.95,380.65,380.81,381.14,373.42
2618,386.85,376.79,379.47,379.94,379.68,380.93,380.59,380.72,381.17,373.48
2619,386.87,376.74,379.45,379.97,379.7,380.94,380.63,380.69,381.24,373.55
2620,386.86,376.69,379.44,379.97,379.73,380.94,380.69,380.7,381.31,373.62
2621,386.88,376.66,379.41,379.97,379.72,380.94,380.72,380.77,381.37,373.67
2622,386.88,376.64,379.37,379.97,379.72,380.92,380.74,380.89,381.42,373.71
2623,386.9,376.65,379.34,379.97,379.72,380.97,380.77,380.97,381.46,373.75
2624,386.91,376.66,379.3,379.91,379.7,380.98,380.82,381.01,381.45,373.78
2625,386.93,376.67,379.29,379.91,379.63,380.97,380.78,380.98,381.3,373.77
2626,386.95,376.67,379.29,379.86,379.56,381.02,380.72,380.91,381.16,373.72
2627,386.97,376.65,379.31,379.83,379.51,381.0,380.67,380.89,381.11,373.67
2628,386.98,376.64,379.34,379.78,379.47,380.99,380.65,380.95,381.05,373.61
2629,387.0,376.66,379.38,379.76,379.44,380.95,380.69,381.01,381.03,373.53
2630,387.0,376.65,379.42,379.74,379.39,380.88,380.75,381.06,380.99,373.45
2631,387.0,376.64,379.46,379.7,379.38,380.9,380.8,381.1,380.98,373.38
2632,387.0,376.64,379.49,379.64,379.39,380.84,380.83,381.13,380.95,373.32
2633,387.01,376.63,379.53,379.62,379.42,380.85,380.87,381.16,380.9,373.31
2634,387.02,376.6,379.54,379.54,379.45,380.84,380.89,381.27,380.81,373.31
2635,387.02,376.6,379.56,379.49,379.47,380.82,380.94,381.31,380.76,373.33
2636,387.01,376.6,379.58,379.47,379.48,380.84,380.96,381.41,380.77,373.33
2637,387.0,376.52,379.6,379.48,379.48,380.81,380.97,381.53,380.79,373.32
2638,387.01,376.46,379.63,379.49,379.48,380.81,380.97,381.55,380.82,373.34
2639,387.0,376.48,379.67,379.49,379.48,380.73,380.97,381.6,380.87,373.36
2640,387.0,376.51,379.69,379.47,379.51,380.72,380.95,381.62,380.9,373.35
2641,387.01,376.5,379.71,379.48,379.51,380.72,380.96,381.49,380.85,373.37
2642,387.01,376.5,379.71,379.53,379.52,380.72,380.99,381.6,380.8,373.38
2643,387.01,376.49,379.71,379.55,379.51,380.79,381.02,381.64,380.75,373.36
2644,387.0,376.5,379.69,379.53,379.51,380.75,381.02,381.66,380.81,373.36
2645,387.01,376.51,379.69,379.58,379.51,380.8,381.01,381.66,380.91,373.38
2646,386.99,376.51,379.66,379.66,379.52,380.78,381.02,381.66,380.96,373.39
2647,386.99,376.48,379.65,379.68,379.54,380.84,381.03,381.73,381.03,373.41
2648,386.99,376.45,379.64,379.74,379.54,380.83,381.04,381.73,381.09,373.43
2649,386.99,376.43,379.62,379.76,379.54,380.87,381.06,381.68,381.15,373.47
2650,386.98,376.44,379.63,379.81,379.54,380.86,381.07,381.66,381.18,373.51
2651,386.99,376.45,379.65,379.86,379.53,380.96,381.09,381.66,381.25,373.57
2652,386.99,376.46,379.67,379.86,379.54,380.98,381.09,381.78,381.26,373.64
2653,386.99,376.53,379.66,379.88,379.55,380.99,381.05,381.84,381.22,373.7
2654,387.0,376.66,379.65,379.85,379.56,381.02,381.06,381.83,381.18,373.7
2655,387.0,376.74,379.62,379.86,379.58,381.03,381.1,381.73,381.13,373.7
2656,387.01,376.75,379.59,379.91,379.58,381.06,381.13,381.65,381.08,373.68
2657,387.01,376.72,379.57,379.93,379.59,381.06,381.18,381.66,381.04,373.66
2658,387.03,376.69,379.56,379.95,379.58,381.08,381.2,381.71,380.96,373.63
2659,387.04,376.65,379.6,379.94,379.61,381.12,381.23,381.43,380.92,373.61
2660,387.04,376.65,379.65,379.99,379.63,381.15,381.26,381.61,380.87,373.59
2661,387.06,376.68,379.66,379.95,379.65,381.18,381.29,381.53,380.79,373.56
2662,387.07,376.72,379.67,380.0,379.66,381.17,381.29,381.39,380.67,373.54
2663,387.08,376.74,379.67,380.01,379.66,381.2,381.25,381.26,380.58,373.54
2664,387.09,376.74,379.67,380.04,379.66,381.2,381.22,381.22,380.51,373.54
2665,387.09,376.72,379.68,380.06,379.68,381.17,381.16,381.23,380.43,373.52
2666,387.1,376.72,379.68,380.05,379.69,381.16,381.11,381.25,380.29,373.48
2667,387.1,376.73,379.68,380.1,379.69,381.12,381.03,381.18,380.15,373.46
2668,387.1,376.78,379.67,380.1,379.7,381.13,381.01,381.33,380.08,373.45
2669,387.11,376.85,379.67,380.12,379.7,381.13,381.01,381.51,380.06,373.45
2670,387.11,376.96,379.67,379.89,379.73,381.1,381.0,381.62,380.15,373.46
2671,387.13,377.04,379.7,380.19,379.75,381.11,381.09,381.66,380.31,373.48
2672,387.12,377.03,379.73,380.2,379.75,381.09,381.14,381.62,380.46,373.5
2673,387.13,377.05,379.78,380.19,379.77,381.08,381.17,381.6,380.59,373.53
2674,387.15,377.07,379.82,380.16,379.78,381.06,381.15,381.55,380.68,373.55
2675,387.15,377.03,379.84,380.21,379.8,381.04,381.13,381.66,380.65,373.58
2676,387.15,376.97,379.88,380.21,379.8,381.06,381.14,381.66,380.62,373.6
2677,387.15,376.94,379.9,380.25,379.81,381.04,381.15,381.62,380.56,373.61
2678,387.16,376.96,379.93,380.28,379.83,381.06,381.17,381.6,380.54,373.63
2679,387.16,376.98,379.98,380.27,379.84,381.02,381.23,381.63,380.54,373.64
2680,387.16,376.95,380.05,380.27,379.83,381.04,381.28,381.67,380.61,373.65
2681,387.15,376.92,380.07,380.24,379.83,381.03,381.3,381.7,380.71,373.68
2682,387.15,376.89,380.07,380.25,379.84,381.04,381.32,381.77,380.83,373.73
2683,387.15,376.85,380.08,380.24,379.86,381.04,381.33,381.81,380.97,373.78
2684,387.15,376.83,380.1,380.26,379.88,381.04,381.35,381.79,381.13,373.84
2685,387.16,376.83,380.11,380.28,379.9,381.03,381.36,381.8,381.28,373.9
2686,387.17,376.82,380.11,380.29,379.92,380.98,381.38,381.75,381.4,373.93
2687,387.15,376.82,380.1,380.29,379.94,381.03,381.4,381.73,381.47,373.94
2688,387.15,376.83,380.08,380.32,379.99,381.03,381.4,381.68,381.48,373.9
2689,387.16,376.83,380.05,380.34,380.02,381.07,381.4,381.66,381.44,373.85
2690,387.17,376.86,380.02,380.37,380.06,381.13,381.42,381.64,381.4,373.83
2691,387.17,376.87,380.0,380.4,380.07,381.18,381.43,381.65,381.34,373.79
2692,387.17,376.89,379.97,380.4,380.09,381.26,381.45,381.61,381.3,373.77
2693,387.19,376.91,379.95,380.42,380.1,381.33,381.47,381.53,381.28,373.76
2694,387.2,376.95,379.93,380.43,380.13,381.38,381.47,381.54,381.3,373.79
2695,387.2,376.99,379.92,380.43,380.14,381.43,381.5,381.6,381.36,373.82
2696,387.21,377.03,379.89,380.44,380.14,381.47,381.53,381.71,381.45,373.86
2697,387.23,377.08,379.86,380.44,380.17,381.49,381.6,381.81,381.51,373.94
2698,387.25,377.11,379.84,380.45,380.19,381.5,381.67,381.88,381.53,374.02
2699,387.26,377.13,379.84,380.44,380.2,381.52,381.69,381.76,381.49,374.06
2700,387.28,377.12,379.85,380.45,380.22,381.52,381.71,381.73,381.45,374.12
2701,387.29,377.11,379.88,380.47,380.24,381.55,381.72,381.82,381.41,374.15
2702,387.31,377.12,379.9,380.47,380.25,381.58,381.72,381.88,381.35,374.17
2703,387.33,377.17,379.93,380.48,380.27,381.59,381.7,381.96,381.34,374.17
2704,387.34,377.21,379.97,380.49,380.28,381.65,381.7,381.95,381.38,374.14
2705,387.35,377.25,380.0,380.49,380.29,381.68,381.72,381.92,381.45,374.11
2706,387.35,377.27,380.0,380.51,380.29,381.7,381.69,381.83,381.48,374.04
2707,387.35,377.3,379.96,380.54,380.29,381.7,381.57,381.77,381.42,374.0
2708,387.35,377.29,379.96,380.55,380.28,381.68,381.5,381.74,381.36,373.99
2709,387.35,377.27,379.96,380.56,380.27,381.65,381.51,381.71,381.33,373.98
2710,387.37,377.27,379.98,380.57,380.26,381.63,381.55,381.69,381.35,373.99
2711,387.39,377.31,380.0,380.59,380.28,381.59,381.55,381.66,381.43,374.02
2712,387.39,377.35,380.02,380.56,380.29,381.54,381.57,381.67,381.52,374.03
2713,387.41,377.35,380.0,380.57,380.33,381.54,381.61,381.69,381.6,374.05
2714,387.41,377.33,379.98,380.55,380.34,381.55,381.61,381.7,381.69,374.07
2715,387.42,377.34,379.97,380.52,380.34,381.56,381.6,381.75,381.8,374.15
2716,387.41,377.43,379.98,380.5,380.36,381.59,381.55,381.77,381.9,374.23
2717,387.41,377.49,379.99,380.47,380.36,381.6,381.52,381.76,381.98,374.29
2718,387.42,377.54,380.01,380.46,380.37,381.63,381.57,381.49,382.06,374.36
2719,387.42,377.53,380.03,380.47,380.37,381.66,381.58,381.73,382.12,374.43
2720,387.42,377.48,380.05,380.49,380.38,381.65,381.58,381.65,382.19,374.5
2721,387.4,377.44,380.07,380.51,380.4,381.65,381.59,381.77,382.27,374.57
2722,387.4,377.41,380.11,380.53,380.41,381.63,381.62,381.93,382.32,374.64
2723,387.4,377.37,380.14,380.55,380.38,381.63,381.64,382.03,382.35,374.69
2724,387.41,377.3,380.19,380.55,380.36,381.64,381.67,382.03,382.41,374.78
2725,387.4,377.23,380.22,380.52,380.35,381.64,381.7,382.0,382.48,374.85
2726,387.4,377.22,380.21,380.52,380.36,381.67,381.71,381.98,382.5,374.87
2727,387.41,377.23,380.21,380.5,380.39,381.68,381.74,381.95,382.52,374.9
2728,387.41,377.21,380.18,380.49,380.39,381.71,381.75,381.92,382.54,374.92
2729,387.42,377.2,380.15,380.48,380.39,381.73,381.75,381.92,382.49,374.92
2730,387.42,377.21,380.14,380.48,380.38,381.75,381.78,381.95,382.37,374.9
2731,387.42,377.19,380.15,380.49,380.36,381.78,381.8,382.04,382.26,374.9
2732,387.43,377.16,380.2,380.5,380.36,381.8,381.82,382.1,382.21,374.9
2733,387.44,377.12,380.25,380.5,380.35,381.34,381.82,382.18,382.14,374.85
2734,387.46,377.09,380.26,380.52,380.36,381.83,381.83,382.26,382.05,374.76
2735,387.48,377.1,380.25,380.54,380.36,381.83,381.86,382.31,382.0,374.69
2736,387.48,377.11,380.22,380.57,380.37,381.7,381.89,382.3,381.94,374.6
2737,387.5,377.13,380.18,380.61,380.37,381.86,381.89,382.33,381.86,374.52
2738,387.52,377.14,380.16,380.62,380.37,381.84,381.88,382.34,381.76,374.43
2739,387.54,377.11,380.13,380.62,380.37,381.83,381.86,382.3,381.6,374.36
2740,387.54,377.07,380.12,380.64,380.38,381.85,381.85,382.26,381.44,374.28
2741,387.55,377.09,380.12,380.65,380.39,381.86,381.83,382.23,381.29,374.21
2742,387.57,377.11,380.14,380.66,380.41,381.87,381.81,382.17,381.04,374.11
2743,387.57,377.09,380.18,380.67,380.44,381.85,381.8,382.16,380.81,374.02
2744,387.57,377.08,380.23,380.67,380.44,381.84,381.81,382.2,380.66,373.95
2745,387.58,377.09,380.27,380.37,380.45,381.84,381.81,382.24,380.5,373.9
2746,387.57,377.1,380.3,380.67,380.45,381.64,381.84,382.22,380.42,373.85
2747,387.58,377.15,380.28,380.66,380.46,381.86,381.85,382.24,380.35,373.82
2748,387.58,377.19,380.24,380.65,380.47,381.87,381.88,382.26,380.31,373.8
2749,387.58,377.24,380.21,380.66,380.47,381.92,381.92,382.24,380.28,373.79
2750,387.59,377.26,380.2,380.65,380.46,381.91,381.94,382.19,380.26,373.79
2751,387.6,377.28,380.23,380.68,380.48,381.96,382.03,382.14,380.26,373.8
2752,387.61,377.31,380.29,380.68,380.5,382.03,382.12,382.14,380.33,373.83
2753,387.61,377.32,380.34,380.69,380.52,382.06,382.17,382.24,380.4,373.86
2754,387.62,377.31,380.38,380.73,380.54,382.09,382.18,382.33,380.47,373.89
2755,387.63,377.31,380.4,380.74,380.56,382.13,382.17,382.4,380.56,373.93
2756,387.64,377.34,380.41,380.72,380.58,382.16,382.16,382.49,380.63,373.99
2757,387.65,377.36,380.4,380.71,380.6,382.17,382.18,382.53,380.65,374.03
2758,387.65,377.39,380.39,380.65,380.59,381.9,382.21,382.62,380.67,374.06
2759,387.64,377.42,380.41,380.64,380.58,382.18,382.23,382.69,380.72,374.08
2760,387.65,377.42,380.42,380.62,380.55,382.19,382.25,382.69,380.89,374.12
2761,387.66,377.44,380.46,380.6,380.51,381.64,382.27,382.68,381.11,374.13
2762,387.67,377.44,380.49,380.62,380.49,382.21,382.28,382.71,381.3,374.16
2763,387.67,377.44,380.52,380.55,380.48,382.19,382.28,382.71,381.49,374.15
2764,387.66,377.43,380.55,380.63,380.45,382.24,382.29,382.73,381.61,374.12
2765,387.67,377.43,380.59,380.62,380.43,382.25,382.27,382.78,381.63,374.07
2766,387.68,377.46,380.62,380.6,380.4,382.14,382.26,382.81,381.6,374.03
2767,387.67,377.44,380.62,380.57,380.37,382.27,382.27,382.85,381.55,373.98
2768,387.67,377.45,380.65,380.55,380.34,382.28,382.26,382.84,381.45,373.95
2769,387.68,377.45,380.68,380.55,380.35,382.29,382.22,382.86,381.33,373.9
2770,387.68,377.46,380.71,380.56,380.39,382.31,382.23,382.8,381.27,373.82
2771,387.67,377.47,380.72,380.58,380.42,382.31,382.25,382.78,381.19,373.78
2772,387.68,377.52,380.74,380.61,380.45,382.3,382.27,382.81,381.08,373.76
2773,387.67,377.56,380.74,380.39,380.47,382.29,382.27,382.86,380.95,373.72
2774,387.67,377.59,380.72,380.67,380.5,382.29,382.25,382.93,380.9,373.71
2775,387.67,377.61,380.71,380.69,380.51,382.28,382.16,382.93,380.91,373.7
2776,387.68,377.65,380.7,380.71,380.53,382.27,382.12,382.9,380.95,373.71
2777,387.69,377.69,380.68,380.71,380.53,382.01,382.16,382.84,381.02,373.72
2778,387.7,377.73,380.66,380.74,380.52,382.27,382.23,382.8,381.13,373.77
2779,387.72,377.74,380.63,380.76,380.52,382.28,382.27,382.74,381.2,373.81
2780,387.73,377.72,380.61,380.78,380.52,382.09,382.26,382.64,381.25,373.87
2781,387.73,377.69,380.6,380.8,380.52,382.3,382.25,382.56,381.31,373.9
2782,387.75,377.65,380.59,380.69,380.54,382.29,382.26,382.49,381.39,373.94
2783,387.76,377.64,380.6,380.77,380.57,382.27,382.28,382.49,381.44,373.97
2784,387.76,377.66,380.58,380.86,380.59,382.26,382.31,382.51,381.47,373.98
2785,387.77,377.65,380.58,380.89,380.6,382.22,382.32,382.55,381.5,374.0
2786,387.77,377.66,380.57,380.92,380.63,382.19,382.31,382.56,381.54,374.02
2787,387.78,377.68,380.57,380.94,380.68,382.18,382.26,382.48,381.63,374.07
2788,387.79,377.74,380.57,380.95,380.71,381.92,382.21,382.44,381.71,374.14
2789,387.81,377.77,380.56,380.94,380.72,382.17,382.23,382.47,381.75,374.2
2790,387.82,377.8,380.54,380.86,380.73,382.19,382.22,382.52,381.74,374.28
2791,387.82,377.81,380.51,380.96,380.73,382.14,382.22,382.53,381.72,374.37
2792,387.84,377.81,380.46,380.58,380.75,382.21,382.2,382.52,381.77,374.46
2793,387.84,377.81,380.42,381.0,380.75,382.2,382.16,382.56,381.85,374.55
2794,387.85,377.82,380.39,380.98,380.75,382.15,382.12,382.58,382.0,374.65
2795,387.86,377.86,380.37,380.97,380.73,382.1,382.1,382.59,382.17,374.74
2796,387.88,377.83,380.37,380.98,380.7,382.05,382.11,382.55,382.37,374.85
2797,387.9,377.79,380.43,380.97,380.65,382.07,382.1,382.48,382.53,374.96
2798,387.9,377.79,380.48,380.93,380.62,382.06,381.99,382.52,382.61,375.02
2799,387.91,377.81,380.52,380.87,380.58,382.04,381.9,382.54,382.65,375.06
2800,387.91,377.8,380.57,380.83,380.55,382.03,381.86,382.56,382.65,375.11
2801,387.91,377.77,380.6,380.85,380.51,382.03,381.88,382.54,382.62,375.13
2802,387.91,377.76,380.61,380.82,380.47,382.0,381.92,382.51,382.56,375.14
2803,387.91,377.8,380.61,380.78,380.44,381.99,381.98,382.51,382.48,375.15
2804,387.91,377.83,380.64,380.78,380.4,381.97,382.05,382.53,382.39,375.14
2805,387.91,377.88,380.7,380.74,380.39,381.97,382.07,382.56,382.32,375.13
2806,387.91,377.9,380.76,380.72,380.39,381.97,381.99,382.56,382.34,375.1
2807,387.91,377.9,380.8,380.7,380.4,381.99,381.92,382.5,382.35,375.08
2808,387.91,377.88,380.82,380.68,380.4,382.01,381.92,382.47,382.36,375.05
2809,387.92,377.86,380.82,380.7,380.41,382.03,381.94,382.47,382.35,375.03
2810,387.91,377.89,380.85,380.55,380.43,381.92,381.94,382.45,382.35,375.03
2811,387.91,377.9,380.84,380.73,380.44,382.06,381.95,382.4,382.41,375.01
2812,387.92,377.94,380.85,380.74,380.46,382.09,381.99,382.34,382.47,375.02
2813,387.91,378.0,380.86,380.72,380.46,382.12,382.02,382.36,382.49,375.02
2814,387.91,378.1,380.86,380.7,380.45,382.18,381.99,382.36,382.42,374.98
2815,387.91,378.13,380.86,380.65,380.44,382.2,381.84,382.46,382.3,374.89
2816,387.91,378.1,380.87,380.65,380.43,382.24,381.76,382.48,382.24,374.84
2817,387.91,378.1,380.89,380.61,380.43,382.27,381.75,382.29,382.18,374.78
2818,387.91,378.09,380.89,380.52,380.44,382.28,381.8,382.44,382.04,374.72
2819,387.91,378.1,380.89,380.55,380.46,382.28,381.91,382.34,381.87,374.64
2820,387.91,378.11,380.91,380.51,380.49,382.27,382.02,382.52,381.68,374.58
2821,387.91,378.08,380.91,380.5,380.5,382.28,382.11,382.59,381.5,374.5
2822,387.92,378.04,380.94,380.48,380.53,382.27,382.18,382.67,381.37,374.45
2823,387.94,377.88,380.94,380.49,380.56,381.95,382.24,382.71,381.28,374.39
2824,387.97,377.76,380.92,380.48,380.59,382.33,382.29,382.74,381.24,374.33
2825,387.99,377.71,380.92,380.51,380.62,382.32,382.32,382.75,381.25,374.32
2826,388.01,377.7,380.92,380.53,380.65,382.35,382.37,382.76,381.31,374.32
2827,388.03,377.7,380.9,380.56,380.68,382.36,382.42,382.76,381.38,374.34
2828,388.04,377.69,380.87,380.59,380.71,382.37,382.47,382.79,381.47,374.36
2829,388.06,377.69,380.85,380.14,380.75,382.39,382.5,382.79,381.51,374.37
2830,388.07,377.67,380.82,380.67,380.76,382.4,382.51,382.81,381.51,374.36
2831,388.08,377.64,380.81,380.71,380.76,382.41,382.52,382.84,381.55,374.35
2832,388.1,377.64,380.83,380.75,380.73,382.42,382.55,382.87,381.58,374.3
2833,388.12,377.67,380.86,380.77,380.7,382.44,382.6,382.8,381.6,374.23
2834,388.12,377.69,380.9,380.82,380.71,382.44,382.63,382.66,381.63,374.21
2835,388.13,377.7,380.91,380.86,380.72,382.43,382.66,382.6,381.66,374.19
2836,388.12,377.72,380.91,380.91,380.72,382.42,382.69,382.62,381.63,374.18
2837,388.14,377.74,380.89,380.96,380.71,382.43,382.7,382.6,381.6,374.2
2838,388.14,377.77,380.89,381.02,380.71,382.45,382.72,382.59,381.57,374.22
2839,388.14,377.8,380.89,381.05,380.72,382.48,382.72,382.56,381.56,374.25
2840,388.14,377.85,380.9,381.06,380.74,382.5,382.71,382.53,381.59,374.29
2841,388.15,377.91,380.95,381.08,380.8,382.52,382.59,382.44,381.64,374.32
2842,388.16,378.02,380.99,381.1,380.83,382.51,382.47,382.44,381.62,374.33
2843,388.18,378.08,381.01,380.64,380.89,382.54,382.48,382.43,381.6,374.34
2844,388.19,378.06,381.01,381.12,380.94,382.56,382.49,382.4,381.63,374.34
2845,388.21,378.04,381.04,381.13,380.99,381.76,382.48,382.54,381.7,374.33
2846,388.22,378.03,381.07,381.14,381.03,382.57,382.46,382.63,381.77,374.33
2847,388.24,378.04,381.07,381.13,381.07,382.6,382.43,382.73,381.78,374.32
2848,388.25,378.05,381.07,381.14,381.11,382.62,382.43,382.71,381.81,374.31
2849,388.26,378.04,381.09,381.15,381.14,382.64,382.45,382.81,381.83,374.3
2850,388.29,377.97,381.13,381.15,381.16,381.99,382.5,382.77,381.9,374.29
2851,388.31,377.92,381.16,381.17,381.15,382.69,382.51,382.89,381.94,374.26
2852,388.32,377.93,381.18,381.19,381.14,382.69,382.52,382.92,381.91,374.26
2853,388.33,377.94,381.16,381.19,381.14,382.69,382.53,382.92,381.84,374.24
2854,388.34,377.94,381.14,381.19,381.12,382.66,382.52,382.89,381.71,374.25
2855,388.35,377.9,381.11,381.19,381.1,382.64,382.52,382.85,381.61,374.27
2856,388.36,377.87,381.09,381.19,381.09,382.64,382.53,382.83,381.55,374.29
2857,388.37,377.86,381.06,381.18,381.1,382.65,382.51,382.84,381.56,374.32
2858,388.38,377.87,381.02,381.19,381.08,382.63,382.46,382.85,381.62,374.34
2859,388.39,377.91,380.99,381.2,381.08,382.11,382.38,382.8,381.69,374.38
2860,388.4,377.97,380.96,381.23,381.09,382.64,382.35,382.74,381.74,374.42
2861,388.4,378.01,380.93,381.25,381.1,382.65,382.36,382.73,381.77,374.44
2862,388.4,378.05,380.91,381.25,381.12,382.65,382.37,382.72,381.81,374.5
2863,388.39,378.08,380.92,381.24,381.12,382.66,382.37,382.47,381.87,374.55
2864,388.4,378.09,380.93,381.23,381.13,382.66,382.37,382.87,381.95,374.62
2865,388.41,378.09,380.95,381.24,381.14,382.68,382.37,383.01,382.06,374.67
2866,388.41,378.08,380.97,381.25,381.14,382.68,382.38,383.08,382.18,374.72
2867,388.43,378.12,380.99,381.24,381.16,382.68,382.4,383.08,382.29,374.8
2868,388.44,378.11,381.0,381.23,381.2,382.68,382.5,383.02,382.42,374.93
2869,388.45,378.09,381.01,381.22,381.21,382.69,382.58,382.94,382.55,375.05
2870,388.45,378.04,381.03,381.23,381.22,382.73,382.61,382.87,382.69,375.13
2871,388.46,378.0,381.07,381.26,381.2,382.75,382.64,382.84,382.81,375.21
2872,388.46,378.0,381.1,381.31,381.2,382.75,382.67,382.81,382.92,375.29
2873,388.47,378.01,381.08,381.36,381.2,382.77,382.65,382.77,382.98,375.35
2874,388.48,378.04,381.06,381.41,381.2,382.77,382.62,382.81,383.02,375.43
2875,388.47,378.07,381.05,381.44,381.2,382.76,382.58,382.93,383.06,375.48
2876,388.48,378.12,381.04,381.44,381.2,382.74,382.57,383.04,383.13,375.53
2877,388.49,378.21,381.06,381.43,381.22,382.73,382.61,383.07,383.2,375.61
2878,388.52,378.29,381.11,381.42,381.25,382.7,382.68,382.99,383.23,375.69
2879,388.53,378.38,381.14,381.4,381.25,382.25,382.69,383.0,383.23,375.72
2880,388.54,378.46,381.18,381.41,381.25,382.72,382.65,383.03,383.25,375.73
2881,388.54,378.51,381.19,381.43,381.23,382.73,382.62,383.07,383.28,375.72
2882,388.56,378.52,381.21,381.44,381.23,382.72,382.63,383.11,383.34,375.71
2883,388.57,378.49,381.23,381.46,381.25,382.74,382.65,383.21,383.35,375.7
2884,388.57,378.41,381.23,381.47,381.26,382.74,382.63,383.33,383.24,375.7
2885,388.58,378.34,381.25,381.5,381.26,382.73,382.62,383.39,383.1,375.72
2886,388.58,378.28,381.26,381.49,381.27,382.72,382.59,383.39,382.9,375.76
2887,388.58,378.27,381.31,381.48,381.27,382.71,382.56,383.3,382.8,375.78
2888,388.57,378.29,381.33,381.49,381.27,382.7,382.59,383.23,382.81,375.77
2889,388.57,378.3,381.35,381.48,381.27,382.65,382.63,383.19,382.83,375.76
2890,388.57,378.31,381.36,381.49,381.28,382.66,382.7,383.18,382.84,375.73
2891,388.56,378.32,381.36,381.51,381.31,382.65,382.75,383.06,382.8,375.72
2892,388.56,378.34,381.36,381.54,381.32,382.64,382.8,383.22,382.77,375.73
2893,388.57,378.31,381.38,381.58,381.35,382.63,382.86,383.21,382.73,375.74
2894,388.56,378.27,381.38,381.61,381.38,382.66,382.89,383.21,382.72,375.73
2895,388.57,378.26,381.41,381.63,381.42,382.7,382.93,383.24,382.81,375.77
2896,388.57,378.26,381.48,381.69,381.46,382.74,382.93,383.26,382.92,375.82
2897,388.59,378.27,381.53,381.71,381.49,382.8,382.93,383.32,382.99,375.85
2898,388.6,378.27,381.56,381.75,381.5,382.84,382.91,383.28,383.05,375.88
2899,388.62,378.29,381.6,381.77,381.5,382.86,382.91,383.24,383.12,375.92
2900,388.62,378.3,381.6,381.79,381.5,382.9,382.91,383.35,383.13,375.96
2901,388.64,378.34,381.56,381.77,381.49,382.94,382.92,383.35,383.11,376.03
2902,388.65,378.37,381.51,381.78,381.48,382.98,382.93,383.29,383.07,376.08
2903,388.65,378.35,381.43,381.77,381.47,383.02,382.93,383.2,383.05,376.13
2904,388.67,378.3,381.36,381.73,381.46,383.03,382.89,383.15,383.1,376.19
2905,388.68,378.24,381.29,381.71,381.48,383.05,382.84,383.14,383.17,376.23
2906,388.68,378.22,381.27,381.68,381.49,383.05,382.81,383.23,383.19,376.25
2907,388.68,378.2,381.27,381.48,381.51,383.06,382.8,383.35,383.2,376.28
2908,388.68,378.19,381.28,381.64,381.53,382.98,382.81,383.42,383.25,376.3
2909,388.68,378.18,381.31,381.62,381.54,383.05,382.83,383.41,383.31,376.34
2910,388.68,378.19,381.34,381.1,381.55,383.03,382.84,383.4,383.4,376.36
2911,388.68,378.2,381.38,381.54,381.55,383.03,382.83,383.44,383.5,376.39
2912,388.68,378.21,381.4,381.49,381.54,383.02,382.81,383.49,383.62,376.44
2913,388.69,378.24,381.43,381.47,381.51,383.02,382.75,383.54,383.76,376.49
2914,388.71,378.27,381.45,381.42,381.48,383.04,382.73,383.58,383.8,376.52
2915,388.71,378.3,381.45,381.42,381.47,383.04,382.8,383.61,383.82,376.51
2916,388.71,378.35,381.45,381.38,381.46,382.99,382.88,383.61,383.87,376.51
2917,388.73,378.39,381.43,381.38,381.47,383.06,382.95,383.65,383.91,376.53
2918,388.74,378.43,381.41,381.36,381.48,383.06,382.99,383.61,383.92,376.53
2919,388.74,378.46,381.39,381.36,381.48,383.07,383.0,383.56,383.89,376.54
2920,388.75,378.49,381.38,381.38,381.49,383.06,383.01,383.54,383.84,376.55
2921,388.75,378.52,381.39,381.41,381.49,383.07,383.01,383.52,383.75,376.53
2922,388.78,378.56,381.42,381.41,381.5,383.07,383.03,383.49,383.66,376.52
2923,388.79,378.59,381.47,381.4,381.52,383.07,383.04,383.46,383.57,376.46
2924,388.81,378.61,381.53,381.4,381.53,383.08,383.05,383.46,383.5,376.4
2925,388.82,378.64,381.58,381.32,381.53,383.08,383.05,383.35,383.45,376.32
2926,388.83,378.67,381.63,381.29,381.54,383.01,383.05,383.42,383.4,376.27
2927,388.83,378.7,381.67,381.35,381.54,383.11,383.05,383.39,383.37,376.2
2928,388.83,378.67,381.7,381.34,381.53,383.13,383.06,383.33,383.38,376.19
2929,388.85,378.58,381.73,381.35,381.54,383.16,383.07,383.36,383.36,376.2
2930,388.84,378.51,381.75,381.35,381.52,382.77,383.1,383.41,383.29,376.21
2931,388.86,378.54,381.75,381.37,381.53,383.16,383.05,383.5,383.2,376.26
2932,388.86,378.6,381.74,381.42,381.53,383.17,382.97,383.56,383.23,376.32
2933,388.87,378.65,381.74,381.49,381.53,383.16,382.94,383.53,383.27,376.35
2934,388.86,378.68,381.71,381.52,381.54,383.16,382.82,383.49,383.26,376.37
2935,388.87,378.71,381.68,381.57,381.55,383.18,382.69,383.41,383.22,376.38
2936,388.87,378.71,381.64,381.6,381.57,383.2,382.57,383.29,383.22,376.39
2937,388.88,378.67,381.61,381.61,381.57,383.21,382.47,383.24,383.21,376.38
2938,388.88,378.63,381.57,381.6,381.56,383.24,382.43,383.22,383.2,376.37
2939,388.89,378.59,381.53,381.59,381.56,383.26,382.43,383.21,383.21,376.36
2940,388.9,378.51,381.45,380.86,381.54,383.28,382.52,383.21,383.18,376.32
2941,388.9,378.41,381.39,381.61,381.51,383.29,382.67,383.22,383.06,376.24
2942,388.91,378.38,381.37,381.64,381.5,383.28,382.77,383.29,382.98,376.18
2943,388.91,378.38,381.35,381.66,381.51,383.28,382.84,383.36,382.89,376.11
2944,388.92,378.41,381.35,381.67,381.5,383.26,382.88,383.43,382.83,376.05
2945,388.93,378.48,381.33,381.68,381.49,383.25,382.9,383.45,382.82,376.01
2946,388.93,378.57,381.31,381.67,381.49,383.24,382.91,383.4,382.85,375.99
2947,388.94,378.66,381.28,381.32,381.47,383.24,382.91,383.35,382.92,375.95
2948,388.96,378.69,381.26,381.65,381.46,383.24,382.92,383.4,383.01,375.95
2949,388.97,378.67,381.27,381.64,381.46,383.22,382.94,383.48,383.15,375.97
2950,388.97,378.69,381.31,381.64,381.42,383.21,382.96,383.55,383.23,376.0
2951,388.98,378.75,381.34,381.64,381.39,383.19,382.99,383.6,383.23,376.02
2952,388.98,378.77,381.36,381.64,381.37,383.18,383.04,383.65,383.27,376.07
2953,388.99,378.78,381.39,381.63,381.33,383.0,383.1,383.69,383.33,376.07
2954,388.99,378.83,381.38,381.62,381.29,383.15,383.13,383.74,383.37,376.07
2955,389.01,378.86,381.36,381.6,381.26,383.13,383.16,383.75,383.39,376.04
2956,389.0,378.88,381.33,381.32,381.23,383.11,383.16,383.76,383.35,375.99
2957,389.02,378.92,381.31,381.49,381.21,383.11,383.13,383.72,383.3,375.9
2958,389.03,378.94,381.31,381.45,381.19,383.08,383.11,383.61,383.2,375.82
2959,389.03,378.94,381.32,381.41,381.18,383.13,383.1,383.48,383.07,375.76
2960,389.04,378.94,381.35,381.37,381.18,383.15,383.02,383.47,382.88,375.71
2961,389.04,378.96,381.41,381.36,381.2,383.17,382.88,383.49,382.65,375.68
2962,389.04,379.0,381.46,381.36,381.22,383.17,382.75,383.51,382.45,375.66
2963,389.05,379.04,381.52,381.36,381.24,383.17,382.75,383.53,382.31,375.66
2964,389.06,379.09,381.56,381.36,381.25,383.17,382.82,383.47,382.24,375.66
2965,389.07,379.1,381.61,381.38,381.26,383.16,382.92,383.33,382.3,375.68
2966,389.08,379.07,381.63,381.43,381.26,383.14,383.01,383.27,382.41,375.68
2967,389.1,378.94,381.66,381.48,381.28,383.1,382.99,383.23,382.56,375.68
2968,389.13,378.79,381.68,381.52,381.34,383.05,382.82,383.2,382.72,375.69
2969,389.14,378.7,381.68,381.56,381.37,383.02,382.77,383.22,382.8,375.68
2970,389.16,378.66,381.68,381.63,381.42,382.99,382.74,383.3,382.88,375.67
2971,389.17,378.64,381.67,381.71,381.47,382.99,382.76,383.44,382.98,375.66
2972,389.18,378.64,381.64,381.76,381.49,382.99,382.84,383.56,383.06,375.66
2973,389.19,378.65,381.61,381.8,381.5,383.0,382.9,383.67,383.08,375.66
2974,389.18,378.65,381.6,381.82,381.5,383.02,383.0,383.69,383.05,375.66
2975,389.21,378.73,381.6,381.86,381.52,383.03,383.11,383.69,383.02,375.68
2976,389.21,378.73,381.6,381.88,381.51,383.03,383.18,383.69,383.05,375.72
2977,389.24,378.72,381.61,381.93,381.52,383.03,383.21,383.76,383.1,375.77
2978,389.25,378.73,381.59,381.98,381.54,383.02,383.23,383.82,383.14,375.79
2979,389.26,378.76,381.58,382.03,381.54,383.03,383.26,383.85,383.2,375.82
2980,389.26,378.8,381.57,382.04,381.54,383.03,383.27,383.86,383.25,375.88
2981,389.28,378.83,381.59,382.05,381.55,383.03,383.24,383.88,383.3,375.97
2982,389.29,378.84,381.6,382.06,381.56,383.06,383.16,383.87,383.32,376.08
2983,389.29,378.86,381.63,382.07,381.57,383.08,383.03,383.9,383.32,376.18
2984,389.3,378.89,381.69,382.09,381.61,383.13,382.96,383.91,383.37,376.28
2985,389.32,378.93,381.73,382.1,381.66,383.16,382.96,383.95,383.47,376.38
2986,389.33,378.97,381.74,382.09,381.67,383.2,383.01,383.96,383.53,376.45
2987,389.34,379.02,381.75,382.09,381.71,383.23,383.09,383.95,383.58,376.52
2988,389.36,379.03,381.74,382.1,381.75,383.3,383.15,383.85,383.62,376.59
2989,389.36,379.03,381.75,382.12,381.79,383.33,383.2,383.74,383.61,376.64
2990,389.37,379.04,381.75,382.13,381.82,383.34,383.24,383.67,383.62,376.67
2991,389.39,379.07,381.77,382.14,381.86,383.35,383.24,383.61,383.64,376.72
2992,389.39,379.08,381.79,382.17,381.89,383.36,383.23,383.62,383.65,376.74
2993,389.41,379.09,381.83,382.19,381.93,383.37,383.15,383.62,383.68,376.76
2994,389.42,379.11,381.88,382.19,381.94,383.37,382.97,383.57,383.76,376.77
2995,389.43,379.13,381.93,382.18,381.92,383.41,382.95,383.46,383.81,376.76
2996,389.45,379.18,381.99,382.19,381.9,383.41,383.03,383.35,383.84,376.76
2997,389.45,379.24,382.02,382.18,381.86,383.41,383.12,383.29,383.83,376.75
2998,389.46,379.26,382.06,382.18,381.83,383.39,383.19,383.26,383.75,376.77
2999,389.47,379.25,382.1,382.19,381.81,383.37,383.19,383.28,383.66,376.76
3000,389.47,379.25,382.11,382.17,381.77,383.33,383.17,383.33,383.59,376.72
3001,389.49,379.27,382.1,382.17,381.75,383.32,383.13,383.34,383.51,376.67
3002,389.51,379.28,382.11,382.16,381.75,383.3,383.11,383.4,383.4,376.61
3003,389.52,379.19,382.11,382.17,381.78,383.3,383.16,383.47,383.34,376.51
3004,389.53,379.15,382.13,382.18,381.82,383.3,383.25,383.53,383.32,376.42
3005,389.53,379.17,382.14,382.19,381.86,383.31,383.28,383.57,383.27,376.39
3006,389.51,379.17,382.14,381.61,381.88,383.35,383.24,383.64,383.17,376.36
3007,389.52,379.17,382.13,382.17,381.88,383.38,383.19,383.7,383.12,376.37
3008,389.52,379.19,382.12,382.18,381.87,383.42,383.18,383.78,383.13,376.37
3009,389.51,379.26,382.11,381.86,381.88,383.43,383.27,383.81,383.18,376.36
3010,389.51,379.33,382.1,382.22,381.87,383.44,383.32,383.83,383.24,376.35
3011,389.49,379.4,382.12,382.22,381.86,383.45,383.31,383.88,383.31,376.33
3012,389.49,379.47,382.15,382.19,381.84,383.46,383.26,383.99,383.45,376.35
3013,389.48,379.52,382.16,382.12,381.82,383.42,383.28,384.07,383.63,376.4
3014,389.49,379.56,382.17,382.06,381.81,383.48,383.35,384.14,383.76,376.43
3015,389.49,379.61,382.19,381.97,381.78,383.47,383.42,384.13,383.85,376.46
3016,389.5,379.65,382.24,381.97,381.75,383.46,383.45,384.16,383.9,376.48
3017,389.49,379.68,382.28,381.93,381.72,383.43,383.44,384.16,383.91,376.5
3018,389.5,379.68,382.32,381.91,381.7,383.41,383.4,384.15,383.89,376.53
3019,389.51,379.63,382.35,381.4,381.7,383.38,383.43,384.13,383.88,376.55
3020,389.52,379.5,382.38,381.86,381.7,383.36,383.49,384.14,383.89,376.57
3021,389.53,379.37,382.4,381.86,381.72,382.94,383.57,384.18,383.9,376.56
3022,389.52,379.31,382.39,381.86,381.73,383.33,383.61,384.18,383.87,376.5
3023,389.52,379.27,382.39,381.89,381.75,383.33,383.63,384.19,383.83,376.45
3024,389.54,379.24,382.39,381.94,381.78,383.32,383.64,383.67,383.78,376.38
3025,389.55,379.22,382.39,381.99,381.8,383.31,383.63,384.19,383.73,376.33
3026,389.57,379.18,382.38,382.06,381.83,383.32,383.59,384.17,383.72,376.28
3027,389.58,379.17,382.36,382.13,381.85,383.35,383.57,384.15,383.78,376.24
3028,389.58,379.15,382.35,382.18,381.88,383.38,383.59,384.13,383.86,376.22
3029,389.59,379.12,382.34,382.22,381.89,383.42,383.61,384.11,383.86,376.22
3030,389.62,379.07,382.29,382.25,381.93,383.49,383.65,384.1,383.8,376.25
3031,389.63,379.05,382.24,382.31,381.98,382.97,383.71,383.44,383.78,376.27
3032,389.64,379.04,382.19,382.05,382.0,383.6,383.72,384.04,383.72,376.27
3033,389.64,379.05,382.16,382.38,382.02,383.64,383.75,384.04,383.68,376.26
3034,389.66,379.05,382.14,382.43,382.03,383.68,383.75,384.08,383.69,376.26
3035,389.66,379.07,382.12,382.46,382.05,383.71,383.74,384.19,383.74,376.26
3036,389.67,379.09,382.11,382.5,382.08,383.74,383.76,384.29,383.82,376.28
3037,389.67,379.1,382.11,382.51,382.12,383.52,383.77,384.33,383.9,376.29
3038,389.68,379.06,382.13,382.51,382.15,383.74,383.74,384.35,384.0,376.31
3039,389.68,378.98,382.17,382.51,382.2,383.75,383.71,384.33,384.11,376.32
3040,389.67,378.97,382.2,382.5,382.25,383.77,383.77,384.23,384.15,376.34
3041,389.68,379.02,382.22,382.48,382.29,383.79,383.81,384.14,384.15,376.35
3042,389.68,379.07,382.22,382.45,382.31,383.82,383.83,384.08,384.13,376.36
3043,389.69,379.08,382.23,382.4,382.33,383.83,383.85,383.99,384.14,376.36
3044,389.69,379.09,382.24,382.35,382.32,383.83,383.84,383.86,384.17,376.35
3045,389.7,379.08,382.25,382.31,382.3,383.83,383.82,383.86,384.21,376.34
3046,389.7,379.07,382.26,382.27,382.28,383.82,383.79,383.97,384.23,376.31
3047,389.69,379.06,382.29,382.22,382.24,383.81,383.75,384.12,384.17,376.26
3048,389.71,379.09,382.31,382.18,382.17,383.81,383.71,384.22,384.02,376.2
3049,389.71,379.1,382.35,382.13,382.13,383.81,383.68,384.25,383.83,376.13
3050,389.72,379.08,382.35,382.1,382.12,383.83,383.67,384.24,383.77,376.09
3051,389.72,379.1,382.36,382.07,382.12,383.82,383.71,384.24,383.76,376.05
3052,389.71,379.14,382.38,382.04,382.12,383.83,383.73,384.31,383.76,375.99
3053,389.71,379.17,382.4,382.03,382.11,383.83,383.71,384.3,383.73,375.94
3054,389.72,379.2,382.43,382.01,382.13,383.84,383.67,384.25,383.7,375.91
3055,389.71,379.21,382.45,381.98,382.14,383.84,383.53,384.21,383.64,375.86
3056,389.71,379.24,382.47,381.77,382.16,383.88,383.37,384.14,383.53,375.83
3057,389.72,379.32,382.5,381.96,382.18,383.51,383.28,384.21,383.36,375.79
3058,389.72,379.41,382.54,381.98,382.19,383.77,383.29,384.26,383.16,375.74
3059,389.72,379.48,382.57,382.01,382.21,383.73,383.34,384.33,383.0,375.72
3060,389.72,379.5,382.6,382.03,382.23,384.03,383.43,384.4,382.87,375.69
3061,389.72,379.53,382.58,381.83,382.23,383.82,383.54,384.45,382.78,375.66
3062,389.72,379.5,382.53,382.14,382.25,384.1,383.67,384.46,382.76,375.64
3063,389.71,379.49,382.49,382.21,382.29,384.13,383.78,384.48,382.8,375.62
3064,389.72,379.49,382.46,382.28,382.33,384.16,383.84,384.48,382.89,375.6
3065,389.72,379.53,382.45,382.35,382.4,384.19,383.82,384.4,382.94,375.6
3066,389.71,379.55,382.45,382.42,382.45,384.19,383.86,384.33,382.87,375.62
3067,389.73,379.55,382.47,382.48,382.5,384.23,383.92,384.33,382.78,375.66
3068,389.73,379.52,382.5,382.54,382.52,384.24,383.95,384.36,382.72,375.67
3069,389.75,379.43,382.53,382.62,382.54,384.26,383.95,384.41,382.68,375.69
3070,389.76,379.37,382.57,382.53,382.54,383.98,383.96,384.31,382.65,375.68
3071,389.77,379.32,382.6,382.73,382.53,384.24,383.93,384.26,382.62,375.66
3072,389.77,379.3,382.63,382.76,382.51,384.24,383.85,384.28,382.59,375.64
3073,389.78,379.31,382.64,382.77,382.5,384.23,383.78,384.32,382.59,375.62
3074,389.79,379.33,382.64,382.78,382.49,384.22,383.72,384.33,382.61,375.62
3075,389.81,379.38,382.65,382.67,382.48,384.21,383.71,384.07,382.6,375.61
3076,389.83,379.43,382.66,382.81,382.49,384.21,383.73,384.22,382.6,375.61
3077,389.83,379.47,382.67,382.83,382.48,383.78,383.77,384.1,382.62,375.61
3078,389.84,379.5,382.67,382.85,382.46,384.19,383.79,384.06,382.64,375.6
3079,389.87,379.55,382.66,382.73,382.44,384.16,383.81,384.06,382.63,375.61
3080,389.88,379.63,382.64,382.87,382.4,384.12,383.78,384.05,382.6,375.62
3081,389.89,379.66,382.61,382.86,382.36,384.1,383.77,384.06,382.54,375.62
3082,389.9,379.68,382.61,382.86,382.33,384.06,383.8,384.06,382.51,375.64
3083,389.92,379.67,382.61,382.84,382.25,384.02,383.81,384.07,382.53,375.68
3084,389.94,379.67,382.62,382.82,382.19,383.98,383.73,384.08,382.56,375.69
3085,389.94,379.68,382.6,382.81,382.15,383.96,383.68,384.1,382.58,375.69
3086,389.95,379.72,382.55,382.79,382.16,383.92,383.64,384.11,382.57,375.7
3087,389.95,379.76,382.51,382.78,382.17,383.88,383.6,384.11,382.5,375.7
3088,389.94,379.79,382.48,382.74,382.19,383.86,383.61,384.13,382.46,375.73
3089,389.94,379.8,382.47,382.72,382.19,383.85,383.66,384.16,382.49,375.78
3090,389.95,379.79,382.48,382.72,382.21,383.83,383.68,384.14,382.6,375.83
3091,389.95,379.78,382.51,382.62,382.23,383.64,383.69,383.98,382.74,375.89
3092,389.95,379.75,382.55,382.65,382.25,383.85,383.7,384.02,382.87,375.95
3093,389.95,379.72,382.62,382.47,382.26,383.86,383.75,384.0,383.02,376.02
3094,389.96,379.72,382.68,382.52,382.28,383.87,383.81,384.0,383.23,376.1
3095,389.95,379.71,382.72,382.49,382.29,383.88,383.83,384.03,383.4,376.16
3096,389.96,379.68,382.76,382.45,382.3,383.89,383.85,384.08,383.55,376.23
3097,389.97,379.64,382.8,382.44,382.31,383.88,383.86,384.13,383.63,376.3
3098,389.97,379.6,382.83,382.46,382.31,383.88,383.87,384.18,383.65,376.36
3099,389.97,379.56,382.85,382.5,382.32,383.88,383.9,384.16,383.72,376.43
3100,389.97,379.53,382.86,382.52,382.35,383.91,383.92,384.11,383.81,376.49
3101,389.99,379.53,382.89,382.52,382.38,383.94,383.95,384.05,383.92,376.59
3102,390.0,379.54,382.93,382.52,382.4,383.95,383.94,384.01,384.04,376.69
3103,390.0,379.57,382.94,382.53,382.42,383.98,383.93,384.02,384.16,376.75
3104,390.01,379.58,382.95,382.56,382.43,384.0,383.98,384.11,384.27,376.83
3105,390.03,379.62,382.96,382.59,382.45,384.02,384.03,384.23,384.38,376.9
3106,390.04,379.66,382.97,382.62,382.46,384.04,384.05,384.4,384.45,376.95
3107,390.05,379.7,382.96,382.65,382.48,384.07,384.06,384.48,384.51,376.99
3108,390.07,379.74,382.95,382.69,382.5,384.12,384.06,384.52,384.53,377.03
3109,390.07,379.77,382.91,382.72,382.52,384.16,384.06,384.54,384.46,377.08
3110,390.09,379.8,382.89,382.52,382.56,384.2,384.03,384.52,384.39,377.17
3111,390.08,379.83,382.84,382.81,382.6,384.25,384.04,384.47,384.26,377.3
3112,390.09,379.88,382.8,382.84,382.64,384.29,384.06,384.51,384.19,377.42
3113,390.09,379.92,382.78,382.87,382.67,384.33,384.07,384.61,384.23,377.46
3114,390.1,379.94,382.77,382.91,382.7,384.36,384.11,384.77,384.31,377.52
3115,390.1,379.94,382.75,382.94,382.72,384.37,384.18,384.86,384.39,377.57
3116,390.1,379.96,382.73,382.94,382.75,384.37,384.25,384.71,384.49,377.62
3117,390.11,379.97,382.69,382.96,382.78,384.23,384.29,384.84,384.56,377.67
3118,390.11,379.96,382.66,382.94,382.83,384.33,384.33,384.8,384.58,377.72
3119,390.11,379.95,382.65,383.01,382.86,384.32,384.35,384.79,384.63,377.77
3120,390.12,379.9,382.67,383.05,382.91,384.33,384.36,384.81,384.74,377.81
3121,390.13,379.81,382.71,383.08,382.93,384.34,384.36,384.83,384.84,377.81
3122,390.14,379.74,382.74,383.11,382.94,384.36,384.35,384.8,384.88,377.8
3123,390.13,379.68,382.76,383.09,382.93,384.0,384.34,384.73,384.93,377.79
3124,390.13,379.62,382.76,382.81,382.93,384.35,384.31,384.65,385.0,377.8
3125,390.13,379.59,382.77,383.04,382.93,384.36,384.34,384.69,385.07,377.8
3126,390.12,379.59,382.77,383.0,382.92,384.36,384.35,384.68,385.13,377.8
3127,390.11,379.61,382.77,382.96,382.92,384.37,384.35,384.76,385.19,377.83
3128,390.12,379.67,382.76,382.93,382.92,384.39,384.35,384.77,385.24,377.85
3129,390.12,379.76,382.75,382.91,382.91,384.19,384.36,384.79,385.28,377.83
3130,390.11,379.83,382.76,382.9,382.93,384.41,384.38,384.84,385.27,377.81
3131,390.12,379.88,382.78,382.89,382.92,384.39,384.41,384.9,385.25,377.79
3132,390.13,379.92,382.81,382.91,382.89,384.37,384.44,384.97,385.21,377.78
3133,390.14,379.94,382.84,382.96,382.87,384.33,384.49,385.04,385.18,377.77
3134,390.13,379.96,382.87,383.02,382.86,384.31,384.5,385.08,385.16,377.75
3135,390.14,380.01,382.91,383.07,382.86,384.3,384.46,385.08,385.19,377.75
3136,390.14,380.04,382.96,383.1,382.86,384.28,384.44,385.09,385.23,377.74
3137,390.14,380.05,383.0,383.14,382.88,384.3,384.43,385.1,385.27,377.7
3138,390.15,380.05,383.04,383.18,382.9,384.3,384.41,385.1,385.19,377.67
3139,390.16,380.06,383.07,383.19,382.92,384.33,384.4,385.1,385.1,377.63
3140,390.16,380.04,383.09,383.22,382.95,384.36,384.4,385.04,384.99,377.58
3141,390.16,380.05,383.11,383.23,382.96,384.41,384.38,384.92,384.88,377.51
3142,390.16,380.04,383.12,383.26,382.97,384.47,384.21,384.79,384.76,377.44
3143,390.17,380.0,383.14,383.27,382.99,384.51,384.08,384.7,384.65,377.39
3144,390.17,379.95,383.15,383.28,383.02,384.53,384.02,384.66,384.6,377.31
3145,390.18,379.9,383.14,383.29,383.05,384.56,384.06,384.68,384.58,377.25
3146,390.2,379.9,383.13,383.3,383.09,384.56,384.16,384.76,384.58,377.15
3147,390.21,379.9,383.16,383.34,383.09,384.58,384.24,384.87,384.52,377.06
3148,390.22,379.9,383.16,383.38,383.07,384.6,384.28,384.94,384.46,377.02
3149,390.22,379.93,383.19,383.41,383.07,384.59,384.32,385.01,384.42,377.01
3150,390.23,379.97,383.21,383.44,383.07,384.59,384.33,385.0,384.4,377.0
3151,390.24,380.01,383.21,383.46,383.06,384.58,384.35,384.93,384.43,377.01
3152,390.25,380.03,383.18,383.48,383.05,384.58,384.38,384.87,384.43,377.02
3153,390.25,380.02,383.16,383.5,383.03,384.59,384.39,384.87,384.4,377.01
3154,390.27,379.97,383.16,383.51,383.01,384.6,384.43,384.84,384.39,377.0
3155,390.28,379.94,383.16,383.51,383.0,384.62,384.48,384.85,384.4,377.0
3156,390.3,379.95,383.14,383.5,382.97,384.63,384.54,384.96,384.42,376.98
3157,390.32,380.02,383.09,383.47,382.97,384.64,384.59,385.09,384.46,376.95
3158,390.31,380.1,383.03,383.46,382.98,384.61,384.61,385.16,384.48,376.92
3159,390.31,380.17,382.99,383.46,382.99,384.64,384.63,385.24,384.51,376.91
3160,390.33,380.25,382.97,383.46,383.02,384.64,384.64,384.87,384.53,376.92
3161,390.33,380.31,382.96,383.45,383.05,384.6,384.66,385.22,384.55,376.93
3162,390.33,380.33,382.95,383.43,383.04,384.62,384.69,385.37,384.56,376.95
3163,390.34,380.25,382.96,383.4,383.02,384.63,384.71,385.28,384.53,376.98
3164,390.35,380.09,383.0,382.94,382.99,384.63,384.69,385.09,384.46,377.04
3165,390.36,380.03,383.04,383.35,382.97,384.64,384.65,384.97,384.46,377.1
3166,390.36,380.0,383.04,383.34,382.97,384.63,384.65,384.91,384.49,377.14
3167,390.37,380.0,383.05,383.35,382.95,384.63,384.69,385.02,384.55,377.21
3168,390.38,380.04,383.07,383.34,382.96,384.62,384.72,385.01,384.61,377.28
3169,390.37,380.08,383.08,383.34,382.95,384.6,384.74,384.91,384.67,377.35
3170,390.38,380.13,383.08,383.33,382.97,384.6,384.75,384.83,384.75,377.43
3171,390.4,380.15,383.1,383.14,382.97,384.59,384.78,384.8,384.85,377.52
3172,390.4,380.16,383.12,383.34,382.98,384.59,384.79,384.82,384.97,377.6
3173,390.42,380.15,383.17,383.34,382.99,384.58,384.8,384.75,385.18,377.71
3174,390.43,380.17,383.23,383.33,383.0,384.57,384.75,384.93,385.37,377.77
3175,390.44,380.14,383.26,383.29,382.99,384.56,384.74,385.01,385.43,377.79
3176,390.45,380.1,383.29,383.29,382.99,384.57,384.75,385.1,385.46,377.81
3177,390.47,380.07,383.32,383.25,382.98,384.56,384.76,385.17,385.49,377.84
3178,390.47,380.08,383.34,383.21,382.98,384.56,384.73,385.25,385.47,377.85
3179,390.47,380.11,383.33,383.16,382.98,384.58,384.68,385.28,385.43,377.86
3180,390.47,380.15,383.35,383.12,382.98,384.58,384.65,385.23,385.38,377.9
3181,390.48,380.15,383.35,383.09,382.98,384.61,384.62,385.13,385.36,377.92
3182,390.49,380.12,383.36,383.08,382.99,384.64,384.57,385.09,385.35,377.95
3183,390.48,380.1,383.37,383.08,383.01,384.66,384.56,385.04,385.34,378.0
3184,390.48,380.07,383.38,383.1,383.03,384.67,384.56,385.0,385.27,378.06
3185,390.48,380.08,383.36,383.13,383.06,384.7,384.58,384.97,385.22,378.11
3186,390.49,380.11,383.37,383.11,383.09,384.72,384.61,384.55,385.17,378.14
3187,390.5,380.15,383.37,383.18,383.09,384.76,384.64,384.78,385.13,378.16
3188,390.51,380.18,383.36,383.22,383.1,384.78,384.69,384.83,385.1,378.19
3189,390.52,380.22,383.35,383.27,383.1,384.81,384.73,384.84,385.05,378.21
3190,390.52,380.24,383.35,383.33,383.13,384.83,384.76,384.96,384.99,378.23
3191,390.54,380.26,383.32,383.35,383.14,384.74,384.79,385.02,384.92,378.27
3192,390.54,380.3,383.27,383.44,383.17,384.83,384.83,385.08,384.82,378.35
3193,390.56,380.32,383.22,383.46,383.21,384.85,384.85,385.13,384.84,378.45
3194,390.56,380.35,383.18,383.52,383.23,384.85,384.83,385.19,384.88,378.52
3195,390.57,380.35,383.14,383.56,383.25,384.84,384.83,385.26,384.93,378.57
3196,390.58,380.34,383.09,383.6,383.26,384.81,384.81,385.33,384.95,378.62
3197,390.59,380.31,383.05,383.64,383.27,384.83,384.81,385.3,385.0,378.68
3198,390.59,380.29,383.02,383.65,383.25,384.85,384.81,385.19,385.06,378.71
3199,390.61,380.25,383.0,383.66,383.23,384.85,384.8,385.18,385.13,378.72
3200,390.61,380.2,383.0,383.66,383.21,384.85,384.78,385.13,385.22,378.7
3201,390.61,380.2,383.0,383.62,383.2,384.82,384.67,385.07,385.26,378.63
3202,390.62,380.2,383.01,383.58,383.18,384.84,384.62,385.0,385.27,378.54
3203,390.63,380.18,383.05,383.52,383.17,384.84,384.65,384.89,385.3,378.5
3204,390.62,380.18,383.08,383.49,383.16,384.83,384.64,384.78,385.25,378.43
3205,390.62,380.2,383.12,383.46,383.13,384.61,384.54,384.77,385.18,378.34
3206,390.64,380.2,383.13,383.45,383.11,384.86,384.43,384.82,385.15,378.24
3207,390.64,380.2,383.14,383.43,383.09,384.87,384.31,384.77,385.14,378.17
3208,390.66,380.2,383.14,383.38,383.06,384.88,384.2,384.87,385.16,378.11
3209,390.66,380.24,383.12,383.37,383.03,384.89,384.22,384.92,385.19,378.06
3210,390.68,380.27,383.12,383.35,383.01,384.84,384.34,384.92,385.23,378.02
3211,390.69,380.28,383.15,383.36,383.0,384.89,384.42,384.86,385.23,378.0
3212,390.7,380.3,383.2,383.38,383.0,384.88,384.49,384.74,385.21,377.98
3213,390.71,380.3,383.26,383.42,383.01,384.88,384.56,384.57,385.18,377.95
3214,390.72,380.33,383.31,383.45,383.01,384.85,384.61,384.44,385.11,377.92
3215,390.74,380.38,383.33,383.5,383.03,384.83,384.61,384.37,385.02,377.9
3216,390.76,380.41,383.34,383.54,383.06,384.81,384.6,384.43,384.94,377.9
3217,390.76,380.41,383.35,383.57,383.09,384.77,384.54,384.51,384.94,377.91
3218,390.77,380.38,383.37,383.6,383.16,384.74,384.46,384.56,384.88,377.88
3219,390.79,380.41,383.4,383.62,383.21,384.72,384.28,384.56,384.81,377.83
3220,390.79,380.45,383.42,383.64,383.24,384.7,384.27,384.56,384.76,377.78
3221,390.8,380.5,383.44,383.64,383.26,384.69,384.36,384.61,384.68,377.73
3222,390.79,380.55,383.46,383.64,383.29,384.68,384.41,384.72,384.68,377.68
3223,390.79,380.61,383.49,383.64,383.3,384.67,384.44,384.87,384.73,377.64
3224,390.8,380.69,383.52,383.65,383.3,384.65,384.47,385.0,384.8,377.63
3225,390.8,380.76,383.56,383.65,383.3,384.64,384.5,385.08,384.9,377.63
3226,390.8,380.81,383.58,383.64,383.31,384.63,384.53,385.13,384.95,377.62
3227,390.81,380.82,383.58,383.63,383.32,384.64,384.56,385.19,384.95,377.64
3228,390.8,380.8,383.62,383.62,383.35,384.67,384.61,385.22,384.93,377.66
3229,390.79,380.72,383.65,383.62,383.39,384.7,384.68,385.26,384.94,377.71
3230,390.79,380.72,383.67,383.64,383.42,384.77,384.7,385.3,384.98,377.77
3231,390.78,380.75,383.71,383.66,383.46,384.84,384.73,385.31,385.03,377.85
3232,390.78,380.78,383.72,383.67,383.48,384.9,384.79,385.3,385.05,377.94
3233,390.78,380.79,383.73,383.68,383.47,384.94,384.86,385.3,385.06,378.04
3234,390.78,380.77,383.74,383.7,383.47,384.97,384.92,385.37,385.05,378.13
3235,390.79,380.78,383.75,383.73,383.45,384.99,384.95,385.4,385.01,378.23
3236,390.8,380.82,383.73,383.73,383.44,384.99,384.96,385.33,384.99,378.31
3237,390.8,380.91,383.72,383.78,383.41,384.98,384.97,385.26,385.07,378.42
3238,390.82,380.96,383.71,383.8,383.41,384.95,384.97,385.22,385.21,378.53
3239,390.83,380.98,383.69,383.81,383.41,384.98,384.94,385.16,385.26,378.62
3240,390.84,381.0,383.67,383.8,383.41,384.98,384.91,385.11,385.28,378.69
3241,390.84,380.97,383.61,383.81,383.41,384.99,384.87,385.05,385.31,378.78
3242,390.86,380.94,383.58,383.82,383.41,384.99,384.83,385.01,385.36,378.86
3243,390.88,380.89,383.55,383.82,383.4,385.01,384.82,385.01,385.37,378.92
3244,390.89,380.83,383.56,383.82,383.4,385.02,384.82,385.04,385.38,378.97
3245,390.91,380.8,383.59,383.81,383.37,385.04,384.86,385.03,385.35,378.99
3246,390.94,380.85,383.6,383.81,383.35,385.06,384.93,384.96,385.39,378.98
3247,390.95,380.92,383.62,383.8,383.36,385.08,384.94,384.94,385.44,378.95
3248,390.98,380.95,383.61,383.81,383.38,385.1,384.87,384.93,385.44,378.92
3249,390.99,380.96,383.6,383.82,383.39,385.13,384.82,384.95,385.44,378.9
3250,391.01,380.93,383.56,383.83,383.4,385.14,384.79,384.99,385.44,378.88
3251,391.01,380.94,383.51,383.84,383.41,385.17,384.79,385.02,385.44,378.86
3252,391.03,380.92,383.47,383.83,383.41,385.18,384.8,385.03,385.46,378.85
3253,391.03,380.91,383.45,383.83,383.43,385.19,384.83,385.04,385.49,378.84
3254,391.04,380.86,383.46,383.81,383.46,385.21,384.87,385.06,385.54,378.82
3255,391.04,380.85,383.51,383.81,383.48,385.14,384.85,385.1,385.57,378.82
3256,391.04,380.84,383.54,383.79,383.52,385.2,384.84,385.19,385.59,378.84
3257,391.05,380.83,383.57,383.77,383.53,385.18,384.84,385.3,385.63,378.87
3258,391.04,380.78,383.61,383.75,383.56,385.16,384.87,385.31,385.65,378.89
3259,391.05,380.72,383.65,383.76,383.58,385.15,384.87,385.24,385.67,378.9
3260,391.06,380.69,383.72,383.78,383.6,385.14,384.88,385.16,385.67,378.93
3261,391.07,380.71,383.78,383.83,383.61,385.14,384.92,385.07,385.68,378.97
3262,391.07,380.74,383.83,383.85,383.61,385.14,385.0,384.85,385.67,378.98
3263,391.07,380.71,383.88,383.86,383.6,385.14,385.07,384.63,385.69,378.98
3264,391.07,380.72,383.91,383.85,383.6,385.14,385.09,384.5,385.7,378.99
3265,391.08,380.75,383.93,383.83,383.62,385.12,385.03,384.51,385.76,378.99
3266,391.09,380.75,383.94,383.81,383.61,384.96,384.94,384.58,385.81,378.99
3267,391.09,380.69,383.96,383.81,383.61,385.08,384.89,384.56,385.85,378.99
3268,391.1,380.62,383.99,383.8,383.62,385.08,384.87,384.65,385.89,378.99
3269,391.12,380.6,384.03,383.8,383.63,385.06,384.79,384.83,385.92,379.0
3270,391.12,380.64,384.06,383.78,383.63,385.02,384.73,384.97,385.92,379.01
3271,391.14,380.67,384.09,383.77,383.64,385.0,384.68,385.17,385.94,379.03
3272,391.16,380.67,384.1,383.78,383.67,385.0,384.71,385.26,385.96,379.04
3273,391.18,380.69,384.11,383.8,383.66,385.02,384.79,385.4,385.98,379.06
3274,391.2,380.66,384.09,383.8,383.63,385.05,384.81,385.5,385.99,379.1
3275,391.2,380.6,384.08,383.75,383.59,385.08,384.82,385.47,385.97,379.12
3276,391.21,380.55,384.08,383.69,383.55,385.12,384.81,385.4,385.94,379.14
3277,391.2,380.51,384.06,383.67,383.5,385.13,384.82,385.38,385.89,379.14
3278,391.19,380.5,384.05,383.63,383.47,385.08,384.82,385.38,385.85,379.14
3279,391.18,380.52,384.01,383.61,383.43,385.12,384.83,385.41,385.82,379.12
3280,391.16,380.56,384.01,383.64,383.4,385.13,384.82,385.53,385.82,379.12
3281,391.14,380.59,384.02,383.71,383.39,385.15,384.77,385.64,385.83,379.11
3282,391.12,380.59,384.02,383.76,383.4,385.17,384.58,385.65,385.81,379.11
3283,391.1,380.51,384.02,383.81,383.41,385.19,384.44,385.61,385.72,379.12
3284,391.09,380.45,384.02,383.85,383.44,385.22,384.39,385.58,385.62,379.11
3285,391.07,380.45,384.03,383.89,383.46,385.25,384.43,385.61,385.5,379.11
3286,391.07,380.51,384.02,383.91,383.49,385.26,384.53,385.62,385.44,379.1
3287,391.06,380.6,384.02,383.94,383.53,385.28,384.67,385.68,385.41,379.09
3288,391.05,380.69,384.0,383.97,383.56,385.27,384.8,385.73,385.43,379.09
3289,391.05,380.79,383.99,383.99,383.61,385.25,384.89,385.7,385.48,379.1
3290,391.05,380.85,383.97,384.01,383.64,385.24,384.99,385.65,385.54,379.11
3291,391.06,380.9,383.96,384.03,383.69,385.22,384.96,385.61,385.64,379.14
3292,391.09,380.9,383.98,384.06,383.73,385.2,384.88,385.55,385.72,379.14
3293,391.11,380.92,384.01,384.07,383.76,385.19,384.98,385.55,385.79,379.13
3294,391.12,380.91,384.06,383.88,383.76,385.18,385.06,385.58,385.86,379.11
3295,391.14,380.9,384.1,384.05,383.77,385.16,385.14,385.61,385.93,379.08
3296,391.16,381.0,384.11,384.05,383.78,385.16,385.19,385.7,385.99,379.07
3297,391.18,381.07,384.12,384.05,383.77,385.15,385.23,385.7,386.05,379.07
3298,391.2,381.07,384.12,384.06,383.77,385.15,385.28,385.63,386.09,379.07
3299,391.22,381.08,384.1,384.07,383.79,385.15,385.32,385.55,386.03,379.08
3300,391.25,381.1,384.03,384.07,383.79,385.16,385.33,385.44,385.82,379.08
3301,391.28,381.16,383.98,384.07,383.82,385.17,385.35,385.27,385.71,379.05
3302,391.29,381.16,383.96,384.08,383.82,385.2,385.36,385.26,385.69,379.02
3303,391.3,381.14,383.97,384.11,383.83,385.23,385.37,385.38,385.72,378.99
3304,391.33,381.13,384.01,384.13,383.87,385.27,385.35,385.49,385.74,378.98
3305,391.34,381.14,384.06,384.15,383.9,385.26,385.39,385.55,385.74,378.93
3306,391.36,381.13,384.09,384.12,383.93,385.28,385.44,385.51,385.73,378.89
3307,391.37,381.07,384.12,384.08,383.95,385.3,385.47,385.54,385.72,378.86
3308,391.38,380.98,384.13,384.03,383.95,385.33,385.48,385.65,385.7,378.83
3309,391.41,380.87,384.16,383.99,383.94,385.36,385.5,385.75,385.65,378.78
3310,391.42,380.8,384.15,383.97,383.9,385.36,385.53,385.83,385.63,378.73
3311,391.4,380.75,384.08,383.94,383.87,385.34,385.53,385.95,385.67,378.72
3312,391.41,380.72,384.01,383.93,383.85,385.32,385.55,385.99,385.75,378.73
3313,391.41,380.7,383.95,383.92,383.82,385.32,385.55,386.0,385.81,378.74
3314,391.41,380.71,383.92,383.92,383.79,385.31,385.53,385.98,385.83,378.75
3315,391.41,380.72,383.91,383.93,383.76,385.28,385.49,385.93,385.88,378.73
3316,391.42,380.75,383.89,383.79,383.75,385.25,385.43,385.84,385.93,378.73
3317,391.41,380.82,383.87,383.96,383.72,385.25,385.41,385.74,385.95,378.73
3318,391.41,380.91,383.89,383.97,383.68,385.25,385.38,385.68,385.95,378.73
3319,391.42,380.97,383.93,383.98,383.64,385.26,385.35,385.67,385.97,378.75
3320,391.42,381.0,383.97,384.0,383.64,385.25,385.37,385.67,386.03,378.77
3321,391.43,381.05,384.01,384.02,383.64,385.28,385.4,385.64,386.11,378.81
3322,391.44,381.11,384.04,384.04,383.62,385.3,385.43,385.56,386.17,378.85
3323,391.43,381.18,384.09,384.05,383.62,385.32,385.47,385.56,386.23,378.9
3324,391.44,381.23,384.14,384.08,383.62,385.16,385.5,385.64,386.32,378.95
3325,391.43,381.25,384.18,384.1,383.62,385.33,385.54,385.77,386.39,379.01
3326,391.44,381.28,384.21,384.13,383.63,385.33,385.58,385.86,386.43,379.05
3327,391.44,381.28,384.24,384.17,383.66,385.35,385.58,385.95,386.36,379.08
3328,391.44,381.26,384.27,384.22,383.71,385.37,385.54,386.0,386.27,379.06
3329,391.45,381.24,384.28,384.26,383.75,385.39,385.52,386.0,386.18,379.0
3330,391.45,381.21,384.28,384.27,383.79,385.4,385.5,386.0,386.06,378.9
3331,391.46,381.2,384.27,384.33,383.82,385.37,385.44,386.0,385.96,378.82
3332,391.47,381.26,384.24,384.38,383.86,385.38,385.41,385.96,385.9,378.73
3333,391.48,381.34,384.18,384.41,383.91,385.37,385.41,385.94,385.83,378.64
3334,391.48,381.34,384.13,384.46,383.95,385.37,385.36,385.9,385.7,378.58
3335,391.49,381.37,384.07,384.49,384.02,385.36,385.23,385.88,385.57,378.53
3336,391.5,381.45,384.03,384.2,384.09,385.42,385.19,385.84,385.5,378.5
3337,391.5,381.5,384.02,384.53,384.12,385.47,385.25,385.76,385.46,378.47
3338,391.51,381.52,384.0,384.54,384.14,385.51,385.36,385.72,385.42,378.45
3339,391.5,381.53,383.97,384.52,384.15,385.54,385.47,385.69,385.42,378.42
3340,391.51,381.52,383.95,384.49,384.16,385.57,385.54,385.74,385.46,378.42
3341,391.51,381.52,383.95,384.46,384.15,385.61,385.6,385.79,385.55,378.43
3342,391.51,381.52,383.99,384.43,384.14,385.63,385.64,385.79,385.63,378.45
3343,391.5,381.53,384.04,384.42,384.11,385.64,385.67,385.76,385.66,378.48
3344,391.5,381.55,384.11,384.42,384.08,385.66,385.7,385.75,385.72,378.51
3345,391.49,381.57,384.19,384.43,384.08,385.65,385.73,385.72,385.8,378.54
3346,391.49,381.54,384.23,384.45,384.08,385.67,385.73,385.61,385.84,378.56
3347,391.51,381.5,384.28,384.47,384.06,385.7,385.73,385.52,385.88,378.58
3348,391.51,381.49,384.32,384.48,384.06,385.72,385.73,385.5,385.93,378.59
3349,391.51,381.49,384.35,384.5,384.03,385.73,385.71,385.51,385.98,378.61
3350,391.51,381.46,384.4,384.51,384.02,385.74,385.72,385.58,386.08,378.64
3351,391.52,381.47,384.45,384.53,384.03,385.74,385.75,385.78,386.18,378.68
3352,391.52,381.45,384.49,384.56,384.03,385.74,385.79,385.89,386.27,378.73
3353,391.53,381.43,384.51,384.59,384.05,385.73,385.8,385.94,386.33,378.79
3354,391.55,381.4,384.52,384.6,384.08,385.73,385.81,385.97,386.35,378.85
3355,391.55,381.37,384.55,384.63,384.1,385.73,385.81,386.01,386.36,378.89
3356,391.57,381.37,384.57,384.63,384.12,385.76,385.79,386.06,386.38,378.93
3357,391.58,381.35,384.6,384.62,384.14,385.79,385.74,386.09,386.42,378.95
3358,391.58,381.33,384.61,384.6,384.16,385.82,385.77,386.11,386.39,378.92
3359,391.59,381.3,384.63,384.6,384.17,385.85,385.81,386.1,386.23,378.86
3360,391.61,381.3,384.65,384.59,384.2,385.88,385.83,386.06,386.05,378.8
3361,391.62,381.28,384.67,384.57,384.23,385.9,385.85,386.01,385.95,378.72
3362,391.64,381.24,384.68,384.55,384.29,385.95,385.85,386.04,385.9,378.64
3363,391.64,381.22,384.66,384.55,384.33,385.51,385.88,386.07,385.85,378.55
3364,391.66,381.25,384.66,384.55,384.35,386.03,385.91,386.08,385.81,378.5
3365,391.67,381.28,384.65,384.55,384.38,386.08,385.97,386.08,385.8,378.47
3366,391.69,381.29,384.65,384.55,384.4,386.11,385.98,386.19,385.8,378.47
3367,391.69,381.3,384.63,384.56,384.42,386.13,385.92,386.31,385.81,378.48
3368,391.7,381.31,384.58,384.59,384.42,386.14,385.83,386.38,385.83,378.51
3369,391.7,381.32,384.55,384.59,384.43,386.13,385.74,386.38,385.87,378.51
3370,391.71,381.33,384.52,384.61,384.43,386.15,385.67,386.4,385.88,378.52
3371,391.73,381.3,384.5,384.64,384.46,386.16,385.64,386.46,385.93,378.55
3372,391.76,381.24,384.51,384.67,384.46,386.16,385.6,386.39,385.93,378.61
3373,391.76,381.2,384.55,384.63,384.47,386.17,385.63,386.33,385.93,378.67
3374,391.77,381.19,384.59,384.69,384.48,386.17,385.66,386.31,385.94,378.69
3375,391.78,381.2,384.61,384.7,384.51,386.18,385.68,386.35,385.99,378.74
3376,391.79,381.26,384.63,384.72,384.52,386.19,385.7,386.48,386.06,378.76
3377,391.8,381.34,384.65,384.73,384.54,386.21,385.73,386.54,386.14,378.79
3378,391.81,381.39,384.68,384.76,384.53,386.23,385.82,386.56,386.21,378.83
3379,391.82,381.48,384.71,384.78,384.54,386.25,385.93,386.59,386.27,378.88
3380,391.83,381.58,384.72,384.79,384.56,386.26,386.05,386.58,386.29,378.96
3381,391.85,381.67,384.72,384.79,384.56,386.27,386.12,386.58,386.32,379.03
3382,391.85,381.7,384.73,384.78,384.58,386.25,386.16,386.61,386.41,379.07
3383,391.87,381.69,384.74,384.76,384.57,386.24,386.16,386.63,386.51,379.12
3384,391.87,381.65,384.75,384.75,384.58,386.24,386.14,386.6,386.61,379.17
3385,391.88,381.62,384.74,384.73,384.59,386.24,386.13,386.53,386.7,379.2
3386,391.88,381.66,384.73,384.71,384.6,386.23,386.1,386.47,386.76,379.25
3387,391.89,381.72,384.7,384.69,384.62,386.22,386.06,386.52,386.79,379.29
3388,391.9,381.75,384.65,384.68,384.63,386.21,386.01,386.58,386.82,379.34
3389,391.92,381.77,384.57,384.67,384.65,386.21,385.99,386.59,386.86,379.39
3390,391.93,381.78,384.5,384.69,384.66,386.21,385.99,386.59,386.9,379.41
3391,391.93,381.76,384.51,384.73,384.65,386.23,385.96,386.61,386.9,379.44
3392,391.95,381.74,384.51,384.75,384.64,386.22,385.99,386.5,386.91,379.48
3393,391.95,381.7,384.51,384.77,384.63,386.22,386.01,386.46,386.91,379.53
3394,391.95,381.69,384.52,384.79,384.6,386.21,386.06,386.53,386.92,379.59
3395,391.94,381.69,384.52,384.79,384.56,386.2,386.07,386.59,386.93,379.65
3396,391.95,381.68,384.54,384.81,384.52,386.17,386.04,386.64,386.95,379.7
3397,391.95,381.66,384.58,384.83,384.5,386.12,386.03,386.67,387.0,379.75
3398,391.95,381.62,384.62,384.84,384.48,386.1,385.99,386.7,387.09,379.78
3399,391.94,381.62,384.62,384.87,384.48,386.07,385.95,386.74,387.18,379.78
3400,391.94,381.61,384.63,384.9,384.47,386.06,385.9,386.77,387.23,379.78
3401,391.95,381.62,384.66,384.92,384.48,386.06,385.88,386.78,387.26,379.78
3402,391.95,381.64,384.68,384.95,384.5,386.06,385.92,386.75,387.29,379.78
3403,391.96,381.64,384.7,384.96,384.52,386.07,385.96,386.72,387.28,379.78
3404,391.97,381.64,384.72,384.97,384.54,386.08,385.96,386.7,387.22,379.79
3405,391.97,381.63,384.75,384.99,384.58,386.1,385.99,386.64,387.15,379.81
3406,391.98,381.61,384.79,385.01,384.61,386.12,386.03,386.67,387.09,379.83
3407,391.99,381.62,384.84,385.04,384.66,386.14,386.09,386.76,386.99,379.83
3408,392.0,381.59,384.87,385.08,384.69,386.17,386.18,386.84,386.82,379.79
3409,392.0,381.59,384.89,385.11,384.72,386.2,386.19,386.9,386.71,379.76
3410,392.01,381.59,384.91,385.13,384.73,386.21,386.23,386.94,386.65,379.74
3411,392.03,381.6,384.92,385.16,384.75,386.21,386.26,386.95,386.62,379.72
3412,392.03,381.61,384.91,385.17,384.74,386.21,386.25,386.95,386.59,379.68
3413,392.03,381.61,384.91,385.18,384.73,386.19,386.18,386.95,386.54,379.64
3414,392.03,381.58,384.9,385.19,384.74,386.18,386.11,386.92,386.51,379.6
3415,392.03,381.56,384.9,385.22,384.76,386.15,386.1,386.9,386.5,379.55
3416,392.03,381.54,384.86,385.25,384.81,386.15,386.17,386.9,386.45,379.47
3417,392.03,381.51,384.81,385.25,384.84,386.14,386.25,386.94,386.36,379.43
3418,392.04,381.49,384.77,385.25,384.85,386.17,386.27,387.02,386.38,379.42
3419,392.05,381.49,384.73,385.26,384.85,386.2,386.3,387.06,386.41,379.42
3420,392.06,381.46,384.69,385.25,384.86,386.23,386.32,387.06,386.46,379.41
3421,392.07,381.45,384.66,385.26,384.87,386.25,386.31,387.02,386.53,379.41
3422,392.08,381.49,384.62,385.26,384.89,386.27,386.35,386.99,386.62,379.43
3423,392.1,381.52,384.57,385.26,384.88,386.29,386.37,386.97,386.64,379.46
3424,392.11,381.58,384.55,385.28,384.88,386.33,386.37,386.93,386.67,379.52
3425,392.12,381.66,384.52,385.3,384.87,386.37,386.21,386.86,386.74,379.57
3426,392.13,381.73,384.53,385.3,384.86,386.4,386.06,386.79,386.81,379.59
3427,392.13,381.78,384.53,385.32,384.84,386.42,385.98,386.73,386.83,379.58
3428,392.13,381.82,384.55,385.31,384.85,386.43,385.94,386.66,386.85,379.57
3429,392.15,381.86,384.57,385.32,384.85,386.46,385.9,386.62,386.85,379.54
3430,392.16,381.91,384.6,385.32,384.87,386.5,385.87,386.63,386.85,379.51
3431,392.15,381.94,384.63,385.33,384.88,386.52,385.84,386.65,386.86,379.47
3432,392.16,381.98,384.66,385.31,384.89,386.54,385.86,386.64,386.87,379.43
3433,392.17,382.04,384.68,385.28,384.92,386.55,385.98,386.6,386.88,379.39
3434,392.18,382.11,384.67,385.25,384.92,386.59,386.17,386.55,386.85,379.34
3435,392.21,382.24,384.69,385.22,384.91,386.6,386.3,386.47,386.83,379.35
3436,392.22,382.26,384.72,385.19,384.93,386.62,386.35,386.45,386.83,379.38
3437,392.22,382.24,384.77,385.16,384.92,386.64,386.38,386.43,386.85,379.42
3438,392.23,382.23,384.79,385.13,384.92,386.64,386.42,386.42,386.88,379.47
3439,392.24,382.22,384.81,385.11,384.92,386.63,386.44,386.44,386.92,379.53
3440,392.25,382.18,384.85,385.1,384.93,386.6,386.48,386.47,386.97,379.57
3441,392.28,382.13,384.86,385.09,384.94,386.57,386.52,386.61,387.02,379.62
3442,392.29,382.1,384.89,385.07,384.96,386.54,386.54,386.76,387.05,379.65
3443,392.3,382.06,384.93,385.02,384.95,386.5,386.55,386.84,387.05,379.71
3444,392.33,382.03,384.97,384.97,384.94,386.47,386.51,386.89,387.03,379.75
3445,392.34,382.04,385.01,384.91,384.93,386.47,386.47,386.92,387.02,379.8
3446,392.35,382.04,385.02,384.83,384.9,386.46,386.43,386.95,387.0,379.82
3447,392.36,382.02,385.04,384.77,384.87,386.35,386.4,386.98,387.0,379.87
3448,392.36,382.02,385.04,384.77,384.82,386.44,386.38,387.02,387.01,379.91
3449,392.37,381.97,385.04,384.77,384.78,386.41,386.36,387.04,387.02,379.96
3450,392.38,381.91,385.03,384.77,384.75,386.38,386.34,387.0,387.03,379.99
3451,392.38,381.85,385.01,384.77,384.72,386.35,386.34,386.99,387.03,380.01
3452,392.38,381.83,384.99,384.76,384.69,386.32,386.35,387.0,387.01,379.97
3453,392.38,381.84,384.96,384.75,384.68,386.29,386.35,386.98,386.95,379.92
3454,392.38,381.82,384.95,384.75,384.67,386.29,386.31,386.97,386.89,379.9
3455,392.38,381.85,384.94,384.74,384.66,386.28,386.31,386.95,386.82,379.9
3456,392.37,381.92,384.93,384.76,384.67,386.25,386.32,386.93,386.75,379.91
3457,392.37,381.99,384.91,384.8,384.66,386.27,386.31,386.85,386.69,379.91
3458,392.37,382.06,384.88,384.85,384.67,386.27,386.26,386.78,386.63,379.9
3459,392.37,382.11,384.87,384.89,384.7,386.26,386.22,386.74,386.61,379.88
3460,392.36,382.13,384.87,384.95,384.73,386.27,386.22,386.72,386.64,379.86
3461,392.37,382.09,384.91,385.01,384.78,386.29,386.26,386.72,386.71,379.86
3462,392.36,382.04,384.95,385.07,384.82,386.33,386.28,386.71,386.7,379.86
3463,392.36,382.03,384.97,385.11,384.84,386.37,386.31,386.61,386.67,379.86
3464,392.37,382.0,385.0,385.15,384.86,386.42,386.38,386.44,386.69,379.89
3465,392.39,381.97,385.01,385.18,384.85,386.42,386.44,386.45,386.73,379.91
3466,392.39,381.95,384.98,385.19,384.86,386.48,386.47,386.53,386.78,379.96
3467,392.4,381.94,384.96,385.2,384.86,386.52,386.49,386.6,386.84,379.98
3468,392.4,381.93,384.91,385.2,384.83,386.56,386.51,386.62,386.86,379.98
3469,392.41,381.88,384.87,385.18,384.81,386.59,386.56,386.63,386.85,379.96
3470,392.42,381.82,384.83,384.73,384.78,386.6,386.61,386.64,386.87,379.97
3471,392.42,381.79,384.82,385.09,384.78,386.62,386.63,386.65,386.92,380.0
3472,392.43,381.75,384.82,385.05,384.79,386.63,386.62,386.69,386.96,380.04
3473,392.44,381.76,384.86,385.01,384.8,386.64,386.61,386.75,386.98,380.08
3474,392.44,381.78,384.92,385.01,384.81,386.65,386.59,386.85,387.01,380.11
3475,392.45,381.81,384.96,385.01,384.82,386.66,386.55,386.91,387.03,380.13
3476,392.46,381.85,384.99,385.02,384.81,386.67,386.52,387.0,387.08,380.16
3477,392.46,381.87,385.0,385.03,384.82,386.66,386.48,387.06,387.13,380.18
3478,392.48,381.91,385.0,385.04,384.86,386.64,386.46,387.1,387.22,380.2
3479,392.49,382.0,384.99,385.05,384.92,386.6,386.39,387.14,387.32,380.25
3480,392.49,382.07,384.99,385.08,384.97,386.57,386.28,387.16,387.38,380.31
3481,392.49,382.1,385.0,385.11,385.0,386.56,386.27,387.14,387.41,380.33
3482,392.49,382.09,385.02,385.1,385.03,386.55,386.29,387.09,387.42,380.36
3483,392.5,382.08,385.05,385.1,385.06,386.55,386.37,387.03,387.44,380.38
3484,392.51,382.07,385.09,385.11,385.08,386.55,386.44,387.0,387.45,380.38
3485,392.51,382.07,385.12,385.13,385.1,386.56,386.49,387.03,387.44,380.39
3486,392.51,382.04,385.14,385.14,385.11,386.58,386.52,387.08,387.41,380.39
3487,392.51,381.98,385.16,385.15,385.15,386.61,386.54,387.11,387.39,380.41
3488,392.51,381.9,385.17,385.13,385.16,386.63,386.55,387.12,387.39,380.46
3489,392.5,381.86,385.17,385.14,385.15,386.66,386.58,387.14,387.4,380.53
3490,392.5,381.85,385.17,385.17,385.13,386.7,386.66,387.17,387.4,380.58
3491,392.5,381.83,385.17,385.23,385.12,386.72,386.7,387.21,387.39,380.62
3492,392.51,381.82,385.17,385.29,385.12,386.72,386.66,387.27,387.4,380.64
3493,392.5,381.86,385.18,385.36,385.1,386.72,386.6,387.32,387.43,380.63
3494,392.51,381.91,385.17,385.42,385.09,386.73,386.54,387.33,387.42,380.64
3495,392.51,381.97,385.16,385.47,385.09,386.76,386.49,387.37,387.42,380.65
3496,392.5,382.05,385.17,385.52,385.1,386.79,386.48,387.38,387.41,380.68
3497,392.49,382.18,385.19,385.47,385.12,386.83,386.49,387.37,387.3,380.72
3498,392.48,382.3,385.2,385.59,385.15,386.87,386.48,387.4,387.14,380.75
3499,392.49,382.36,385.18,385.6,385.16,386.89,386.48,387.41,387.05,380.77
3500,392.5,382.4,385.18,385.62,385.17,386.92,386.53,387.37,387.04,380.79
3501,392.52,382.44,385.18,385.63,385.2,386.94,386.59,387.36,387.05,380.82
3502,392.54,382.49,385.16,385.63,385.22,386.97,386.67,387.28,387.03,380.83
3503,392.56,382.5,385.11,385.63,385.23,386.98,386.73,387.2,387.06,380.85
3504,392.58,382.49,385.06,385.64,385.25,387.0,386.76,387.15,387.11,380.87
3505,392.6,382.48,385.0,385.66,385.26,387.01,386.77,387.17,387.19,380.89
3506,392.64,382.46,384.89,385.67,385.29,387.01,386.77,387.21,387.22,380.92
3507,392.66,382.47,384.84,385.37,385.32,387.02,386.76,387.2,387.22,380.95
3508,392.67,382.47,384.83,385.65,385.34,387.01,386.75,387.17,387.2,380.95
3509,392.69,382.42,384.84,385.64,385.35,386.99,386.74,387.18,387.2,380.93
3510,392.68,382.37,384.84,385.63,385.37,386.76,386.7,387.21,387.24,380.87
3511,392.7,382.35,384.86,385.62,385.37,386.98,386.68,387.29,387.23,380.81
3512,392.7,382.38,384.9,385.62,385.36,386.99,386.67,387.3,387.17,380.75
3513,392.71,382.4,384.91,385.63,385.36,387.0,386.73,387.29,387.11,380.69
3514,392.71,382.44,384.92,385.64,385.35,387.01,386.79,387.3,387.07,380.64
3515,392.71,382.49,384.96,385.66,385.38,387.01,386.85,387.31,386.97,380.56
3516,392.71,382.51,385.05,385.68,385.4,387.01,386.83,387.1,386.91,380.46
3517,392.71,382.52,385.12,385.71,385.44,387.03,386.83,387.3,386.92,380.38
3518,392.71,382.53,385.2,385.72,385.47,387.05,386.84,387.06,386.95,380.32
3519,392.72,382.54,385.27,385.72,385.51,387.06,386.9,387.34,386.95,380.27
3520,392.72,382.54,385.32,385.75,385.54,387.1,386.91,387.36,386.91,380.19
3521,392.72,382.48,385.36,385.77,385.56,387.12,386.91,387.38,386.87,380.13
3522,392.73,382.41,385.4,385.76,385.58,387.11,386.91,387.33,386.84,380.05
3523,392.73,382.35,385.45,385.72,385.59,387.09,386.92,387.25,386.87,379.98
3524,392.73,382.32,385.5,385.55,385.6,387.09,386.89,387.25,386.97,379.89
3525,392.72,382.27,385.5,385.62,385.57,386.98,386.77,387.31,387.11,379.82
3526,392.71,382.22,385.5,385.57,385.56,387.05,386.75,387.38,387.19,379.79
3527,392.69,382.18,385.48,385.53,385.54,387.04,386.75,387.4,387.2,379.76
3528,392.69,382.19,385.49,385.5,385.55,387.04,386.77,387.3,387.23,379.74
3529,392.69,382.23,385.52,385.48,385.55,387.05,386.74,387.26,387.23,379.74
3530,392.68,382.26,385.55,385.49,385.55,387.06,386.61,387.3,387.24,379.7
3531,392.68,382.26,385.56,385.5,385.52,387.05,386.53,387.32,387.25,379.66
3532,392.66,382.27,385.58,385.53,385.51,387.04,386.58,387.28,387.22,379.61
3533,392.67,382.31,385.59,385.47,385.51,387.01,386.73,387.26,387.17,379.56
3534,392.66,382.36,385.58,385.63,385.53,386.98,386.86,387.26,387.13,379.5
3535,392.67,382.37,385.58,385.68,385.52,386.94,386.94,387.28,387.1,379.48
3536,392.69,382.39,385.58,385.71,385.52,386.92,387.0,387.29,387.07,379.48
3537,392.68,382.4,385.57,385.74,385.51,386.9,387.03,387.32,387.03,379.48
3538,392.68,382.38,385.55,385.76,385.51,386.87,387.04,387.33,387.03,379.48
3539,392.69,382.29,385.52,385.79,385.51,386.87,387.05,387.35,387.04,379.5
3540,392.69,382.26,385.5,385.82,385.53,386.87,387.07,387.38,387.07,379.53
3541,392.7,382.28,385.46,385.83,385.53,386.87,387.08,387.4,387.11,379.57
3542,392.71,382.3,385.4,385.85,385.5,386.91,387.07,387.41,387.15,379.65
3543,392.7,382.33,385.34,385.84,385.45,386.92,387.03,387.41,387.14,379.75
3544,392.71,382.38,385.33,385.86,385.42,386.95,387.03,387.41,387.12,379.79
3545,392.71,382.42,385.3,385.88,385.4,386.95,387.04,387.38,387.09,379.8
3546,392.72,382.47,385.31,385.91,385.39,386.97,387.05,387.12,387.09,379.81
3547,392.72,382.47,385.34,385.91,385.38,386.97,387.07,387.38,387.09,379.82
3548,392.72,382.46,385.39,385.65,385.38,386.99,387.07,387.42,387.09,379.82
3549,392.73,382.41,385.42,385.87,385.37,387.01,387.05,387.45,387.1,379.82
3550,392.74,382.38,385.48,385.85,385.38,387.01,387.03,387.46,387.12,379.8
3551,392.76,382.4,385.55,385.82,385.37,387.04,387.01,387.52,387.17,379.71
3552,392.78,382.45,385.55,385.68,385.37,387.07,387.04,387.53,387.17,379.62
3553,392.79,382.49,385.5,385.61,385.38,387.07,387.05,387.51,387.07,379.56
3554,392.8,382.53,385.47,385.68,385.39,387.11,387.05,387.47,386.92,379.49
3555,392.83,382.57,385.45,385.63,385.4,387.12,387.05,387.46,386.85,379.44
3556,392.83,382.59,385.47,385.58,385.41,387.12,387.02,387.49,386.85,379.38
3557,392.84,382.61,385.48,385.54,385.42,387.11,386.98,387.53,386.85,379.34
3558,392.86,382.63,385.48,385.49,385.42,387.08,386.96,387.58,386.86,379.31
3559,392.88,382.68,385.49,385.49,385.44,387.07,386.94,387.65,386.87,379.33
3560,392.91,382.72,385.54,385.53,385.45,387.06,386.93,387.71,386.92,379.39
3561,392.92,382.73,385.59,385.57,385.45,387.05,386.94,387.73,387.01,379.43
3562,392.95,382.76,385.63,385.6,385.45,387.05,386.96,387.74,387.08,379.44
3563,392.95,382.79,385.65,385.61,385.44,387.04,386.97,387.78,387.12,379.44
3564,392.96,382.85,385.69,385.63,385.45,387.04,387.0,387.82,387.08,379.46
3565,392.96,382.92,385.73,385.65,385.43,387.03,387.0,387.82,386.99,379.49
3566,392.97,382.95,385.73,385.68,385.41,387.03,386.99,387.8,386.9,379.54
3567,392.99,382.96,385.73,385.55,385.42,387.03,386.99,387.76,386.9,379.58
3568,392.99,382.96,385.71,385.8,385.43,387.02,386.97,387.71,386.9,379.59
3569,393.0,382.93,385.68,385.85,385.48,387.01,386.9,387.68,386.93,379.57
3570,393.01,382.88,385.64,385.89,385.53,386.33,386.83,387.7,387.0,379.54
3571,393.01,382.84,385.59,385.93,385.56,386.99,386.75,387.71,387.03,379.52
3572,393.03,382.82,385.57,385.97,385.56,387.02,386.74,387.75,387.06,379.53
3573,393.02,382.81,385.55,385.99,385.58,387.04,386.79,387.73,387.09,379.54
3574,393.03,382.8,385.53,386.01,385.59,387.08,386.88,387.57,387.13,379.58
3575,393.03,382.81,385.54,386.03,385.59,387.11,386.95,387.36,387.17,379.62
3576,393.03,382.82,385.57,386.04,385.6,387.14,387.02,387.24,387.21,379.66
3577,393.04,382.81,385.6,386.04,385.59,387.15,387.08,387.28,387.23,379.72
3578,393.03,382.76,385.58,386.07,385.57,387.14,387.14,387.43,387.2,379.84
3579,393.04,382.72,385.52,386.08,385.56,387.13,387.17,387.6,387.2,379.97
3580,393.05,382.68,385.48,386.11,385.57,387.12,387.14,387.67,387.24,380.08
3581,393.06,382.63,385.43,386.13,385.58,387.12,387.11,387.71,387.27,380.14
3582,393.08,382.59,385.39,386.14,385.59,387.12,387.08,387.71,387.3,380.2
3583,393.1,382.58,385.35,386.13,385.59,387.12,387.04,387.66,387.32,380.22
3584,393.09,382.59,385.3,386.11,385.59,387.12,387.0,387.56,387.34,380.22
3585,393.1,382.59,385.27,386.09,385.57,387.12,386.97,387.51,387.36,380.22
3586,393.1,382.56,385.25,386.07,385.56,387.11,386.95,387.45,387.37,380.2
3587,393.1,382.57,385.29,386.05,385.54,387.11,386.92,387.37,387.37,380.12
3588,393.09,382.56,385.35,385.99,385.53,387.09,386.88,387.25,387.38,380.03
3589,393.1,382.54,385.39,385.93,385.53,387.06,386.87,387.24,387.35,379.99
3590,393.11,382.52,385.45,385.85,385.53,387.02,386.85,387.29,387.23,379.95
3591,393.12,382.49,385.5,385.83,385.52,387.0,386.78,387.36,387.03,379.91
3592,393.12,382.47,385.56,385.79,385.51,386.99,386.72,387.3,386.83,379.87
3593,393.12,382.48,385.61,385.74,385.51,387.0,386.69,387.4,386.71,379.83
3594,393.13,382.53,385.67,385.73,385.52,387.02,386.69,387.44,386.65,379.82
3595,393.13,382.57,385.72,385.71,385.52,387.04,386.66,387.5,386.57,379.79
3596,393.13,382.62,385.77,385.71,385.54,387.06,386.7,387.51,386.53,379.76
3597,393.14,382.67,385.83,385.73,385.56,387.07,386.81,387.5,386.49,379.75
3598,393.15,382.73,385.86,385.76,385.58,387.07,386.91,387.48,386.47,379.77
3599,393.16,382.83,385.9,385.77,385.6,387.07,386.97,386.89,386.52,379.8
3600,393.17,382.93,385.93,385.78,385.62,387.07,387.04,387.47,386.59,379.82
3601,393.18,383.02,385.96,385.77,385.64,387.09,387.08,387.55,386.68,379.85
3602,393.19,383.07,386.0,385.71,385.67,387.1,387.1,387.51,386.77,379.87
3603,393.2,383.11,386.03,385.66,385.69,387.11,387.12,387.45,386.7,379.85
3604,393.22,383.12,386.05,385.63,385.7,387.13,387.14,387.43,386.56,379.83
3605,393.25,383.06,386.11,385.6,385.72,387.13,387.16,387.46,386.51,379.78
3606,393.26,383.01,386.14,385.55,385.72,387.15,387.14,387.5,386.57,379.72
3607,393.28,382.95,386.15,385.5,385.7,387.15,387.16,387.51,386.64,379.68
3608,393.29,382.9,386.15,385.49,385.68,387.18,387.17,387.52,386.69,379.64
3609,393.3,382.88,386.15,385.5,385.65,387.2,387.19,387.51,386.74,379.61
3610,393.29,382.87,386.14,385.52,385.61,387.21,387.24,387.49,386.75,379.55
3611,393.3,382.87,386.13,385.57,385.56,387.2,387.3,387.46,386.69,379.49
3612,393.31,382.89,386.12,385.58,385.51,387.19,387.33,387.46,386.59,379.43
3613,393.3,382.87,386.09,385.56,385.47,387.17,387.33,387.52,386.48,379.37
3614,393.3,382.84,386.02,385.54,385.44,387.16,387.36,387.57,386.42,379.34
3615,393.3,382.81,385.95,385.54,385.41,387.16,387.41,387.57,386.38,379.32
3616,393.3,382.76,385.91,385.58,385.41,387.17,387.44,387.47,386.36,379.31
3617,393.3,382.7,385.88,385.65,385.41,387.18,387.46,387.37,386.34,379.31
3618,393.3,382.66,385.86,385.65,385.43,387.18,387.45,387.24,386.31,379.3
3619,393.3,382.63,385.83,385.83,385.41,387.19,387.42,387.17,386.24,379.28
3620,393.3,382.62,385.82,385.87,385.42,387.2,387.39,387.17,386.19,379.25
3621,393.31,382.63,385.8,385.92,385.42,387.22,387.32,386.89,386.16,379.21
3622,393.32,382.68,385.78,385.97,385.42,387.24,387.24,387.09,386.15,379.17
3623,393.33,382.75,385.75,386.01,385.43,387.26,387.14,387.39,386.11,379.09
3624,393.35,382.79,385.74,386.03,385.45,387.26,387.1,387.45,386.09,379.05
3625,393.36,382.8,385.73,386.08,385.51,387.26,387.14,387.46,386.14,379.05
3626,393.37,382.79,385.71,386.13,385.56,387.28,387.21,387.52,386.23,379.07
3627,393.37,382.81,385.69,386.17,385.6,387.29,387.27,387.63,386.32,379.08
3628,393.39,382.86,385.65,386.19,385.65,387.3,387.31,387.7,386.38,379.11
3629,393.4,382.88,385.67,386.19,385.69,387.32,387.33,387.7,386.41,379.13
3630,393.42,382.88,385.7,386.23,385.73,387.36,387.34,387.6,386.38,379.13
3631,393.42,382.87,385.71,386.26,385.74,387.4,387.37,387.5,386.35,379.12
3632,393.42,382.91,385.7,386.29,385.78,387.42,387.36,387.48,386.28,379.09
3633,393.43,382.99,385.7,386.31,385.81,387.43,387.11,387.44,386.16,379.1
3634,393.44,383.01,385.73,386.31,385.82,387.43,387.01,387.41,386.06,379.1
3635,393.44,382.98,385.76,386.3,385.83,387.44,386.98,387.37,385.99,379.14
3636,393.44,382.99,385.79,386.3,385.84,387.45,386.97,387.35,386.03,379.17
3637,393.45,383.01,385.82,386.29,385.86,387.45,386.95,387.36,386.14,379.24
3638,393.45,383.0,385.82,386.28,385.88,387.45,386.88,387.38,386.28,379.31
3639,393.45,382.99,385.83,386.27,385.9,387.44,386.8,387.41,386.43,379.37
3640,393.45,382.99,385.83,386.25,385.92,387.43,386.74,387.44,386.62,379.44
3641,393.48,383.03,385.84,386.24,385.95,387.41,386.74,387.46,386.93,379.55
3642,393.48,383.07,385.86,385.92,385.98,387.39,386.79,387.42,387.19,379.61
3643,393.5,383.06,385.87,386.25,385.98,387.38,386.83,387.37,387.3,379.63
3644,393.51,383.08,385.9,386.27,386.0,387.38,386.88,387.29,387.33,379.65
3645,393.52,383.12,385.94,386.31,386.02,387.4,386.94,387.26,387.32,379.66
3646,393.52,383.14,385.98,386.34,386.04,387.44,387.04,387.32,387.21,379.68
3647,393.53,383.09,386.01,386.35,386.06,387.49,387.14,387.41,387.07,379.66
3648,393.54,383.02,386.05,386.33,386.09,387.52,387.23,387.45,386.91,379.63
3649,393.55,382.96,386.08,386.3,386.12,387.58,387.3,387.57,386.8,379.58
3650,393.55,382.93,386.13,386.28,386.16,387.02,387.39,387.73,386.72,379.54
3651,393.53,382.92,386.21,386.24,386.17,387.66,387.49,387.61,386.76,379.52
3652,393.53,382.93,386.25,386.22,386.18,387.69,387.55,387.91,386.85,379.53
3653,393.5,382.96,386.28,386.22,386.16,387.73,387.58,388.02,386.94,379.54
3654,393.49,382.95,386.3,386.2,386.16,387.74,387.61,388.13,386.99,379.57
3655,393.47,382.91,386.32,386.22,386.15,387.75,387.67,388.17,387.04,379.61
3656,393.45,382.9,386.34,386.24,386.14,387.74,387.72,387.8,387.13,379.64
3657,393.42,382.94,386.37,386.27,386.14,387.74,387.74,388.12,387.26,379.68
3658,393.42,383.0,386.35,386.33,386.14,387.72,387.72,388.04,387.39,379.71
3659,393.41,383.08,386.3,386.29,386.16,387.7,387.61,388.01,387.55,379.76
3660,393.43,383.13,386.23,386.46,386.21,387.7,387.48,388.02,387.68,379.82
3661,393.42,383.17,386.19,386.51,386.25,387.7,387.41,388.04,387.75,379.84
3662,393.41,383.19,386.13,386.54,386.28,387.69,387.35,388.08,387.75,379.83
3663,393.42,383.21,386.07,386.54,386.29,387.71,387.32,388.08,387.72,379.83
3664,393.43,383.23,386.02,386.56,386.29,387.72,387.29,388.18,387.67,379.82
3665,393.44,383.26,385.97,386.56,386.29,387.77,387.31,388.25,387.63,379.81
3666,393.45,383.29,385.87,386.57,386.26,387.8,387.35,388.27,387.61,379.8
3667,393.47,383.27,385.83,386.58,386.27,387.84,387.41,388.25,387.61,379.78
3668,393.48,383.22,385.81,386.58,386.26,387.86,387.49,388.25,387.58,379.73
3669,393.49,383.19,385.83,386.53,386.23,387.87,387.57,388.25,387.54,379.68
3670,393.5,383.21,385.87,386.52,386.22,387.88,387.63,388.24,387.53,379.64
3671,393.52,383.24,385.92,386.5,386.2,387.88,387.69,388.2,387.49,379.62
3672,393.52,383.22,385.96,386.49,386.18,387.89,387.73,388.15,387.43,379.59
3673,393.52,383.17,386.0,386.48,386.16,387.87,387.76,388.1,387.35,379.56
3674,393.53,383.16,386.04,386.47,386.16,387.85,387.81,388.11,387.29,379.54
3675,393.54,383.18,386.07,386.45,386.15,387.82,387.81,388.17,387.23,379.51
3676,393.55,383.2,386.12,386.42,386.14,387.63,387.82,388.26,387.14,379.51
3677,393.55,383.25,386.17,386.4,386.12,387.83,387.88,388.36,387.03,379.48
3678,393.55,383.29,386.17,386.42,386.09,387.83,387.88,388.42,386.98,379.45
3679,393.55,383.3,386.18,386.45,386.09,387.85,387.92,388.44,386.98,379.45
3680,393.56,383.31,386.21,386.09,386.09,387.85,387.92,388.39,386.94,379.45
3681,393.56,383.32,386.23,386.53,386.11,387.84,387.93,388.2,386.9,379.46
3682,393.57,383.32,386.25,386.57,386.14,387.84,387.91,388.1,386.82,379.48
3683,393.57,383.29,386.27,386.52,386.17,387.81,387.89,388.13,386.68,379.48
3684,393.57,383.26,386.29,386.65,386.19,387.81,387.87,388.12,386.57,379.51
3685,393.57,383.23,386.3,386.68,386.22,387.8,387.82,388.13,386.51,379.54
3686,393.58,383.22,386.36,386.7,386.25,387.81,387.87,388.17,386.54,379.54
3687,393.6,383.21,386.42,386.71,386.26,387.83,387.91,388.21,386.61,379.54
3688,393.61,383.2,386.46,386.69,386.26,387.84,387.83,388.25,386.66,379.57
3689,393.62,383.21,386.48,386.65,386.25,387.83,387.73,388.27,386.67,379.58
3690,393.64,383.23,386.5,386.61,386.24,387.82,387.7,388.28,386.68,379.61
3691,393.66,383.23,386.52,386.57,386.24,387.81,387.74,388.24,386.73,379.67
3692,393.67,383.2,386.54,386.54,386.24,387.8,387.8,388.25,386.79,379.74
3693,393.69,383.17,386.55,386.52,386.23,387.79,387.87,388.28,386.89,379.81
3694,393.71,383.16,386.56,386.5,386.23,387.78,387.91,388.32,386.99,379.86
3695,393.74,383.19,386.58,386.52,386.25,387.54,387.95,388.34,387.2,379.92
3696,393.76,383.26,386.57,386.53,386.26,387.79,387.95,388.32,387.4,379.97
3697,393.77,383.31,386.57,386.55,386.25,387.79,387.92,388.24,387.5,380.01
3698,393.78,383.33,386.53,386.57,386.23,387.81,387.91,388.17,387.57,380.06
3699,393.79,383.34,386.52,386.59,386.23,387.83,387.92,388.12,387.64,380.14
3700,393.79,383.3,386.52,386.62,386.22,387.83,387.94,388.08,387.73,380.23
3701,393.79,383.24,386.54,386.63,386.22,387.86,387.96,388.12,387.81,380.31
3702,393.79,383.18,386.55,386.65,386.23,387.88,387.97,388.28,387.9,380.42
3703,393.8,383.14,386.54,386.67,386.23,387.9,387.98,388.41,387.96,380.53
3704,393.8,383.14,386.54,386.69,386.26,387.93,388.03,388.47,388.07,380.72
3705,393.8,383.12,386.53,386.72,386.27,387.95,388.06,388.53,388.17,380.88
3706,393.81,383.14,386.53,386.74,386.27,388.02,388.04,388.58,388.22,380.97
3707,393.82,383.15,386.53,386.78,386.28,388.06,388.01,388.58,388.23,381.04
3708,393.82,383.17,386.53,386.81,386.29,388.1,387.98,388.48,388.21,381.1
3709,393.82,383.2,386.5,386.82,386.29,388.12,388.01,388.29,388.18,381.17
3710,393.82,383.21,386.48,386.82,386.27,388.15,388.05,388.24,388.18,381.24
3711,393.81,383.22,386.45,386.82,386.26,388.17,388.06,388.31,388.21,381.28
3712,393.82,383.26,386.41,386.79,386.24,388.19,388.04,388.31,388.24,381.33
3713,393.83,383.37,386.35,386.77,386.23,388.19,388.04,388.3,388.28,381.4
3714,393.84,383.48,386.33,386.74,386.22,388.19,388.08,388.24,388.24,381.44
3715,393.85,383.57,386.34,386.7,386.21,388.19,388.13,388.19,388.21,381.46
3716,393.86,383.58,386.34,386.65,386.2,388.2,388.17,388.12,388.23,381.52
3717,393.86,383.57,386.35,386.64,386.19,388.21,388.21,388.05,388.28,381.55
3718,393.87,383.59,386.35,386.65,386.2,388.23,388.23,388.05,388.31,381.6
3719,393.87,383.64,386.34,386.65,386.2,388.25,388.21,388.01,388.23,381.62
3720,393.86,383.73,386.34,386.65,386.22,388.26,388.19,387.97,388.11,381.62
3721,393.87,383.81,386.34,386.65,386.24,388.28,388.12,387.87,388.04,381.61
3722,393.87,383.88,386.33,386.64,386.25,388.28,387.92,387.98,388.01,381.55
3723,393.87,383.84,386.35,386.63,386.27,388.29,387.78,388.04,388.08,381.47
3724,393.87,383.81,386.38,386.63,386.27,388.3,387.8,388.13,388.17,381.43
3725,393.88,383.8,386.43,386.43,386.28,388.29,387.87,388.2,388.26,381.38
3726,393.88,383.79,386.49,386.62,386.29,388.3,387.92,388.26,388.29,381.33
3727,393.89,383.78,386.54,386.61,386.3,388.29,387.96,388.31,388.26,381.29
3728,393.91,383.79,386.59,386.61,386.34,388.29,388.01,388.31,388.2,381.25
3729,393.91,383.8,386.63,385.98,386.37,388.28,388.0,388.53,388.13,381.22
3730,393.91,383.83,386.63,386.62,386.39,388.28,387.97,388.63,388.09,381.18
3731,393.95,383.93,386.67,386.63,386.46,388.27,387.94,388.71,388.07,381.1
3732,393.96,383.98,386.69,386.38,386.51,388.27,387.91,388.78,388.04,381.01
3733,393.96,383.98,386.7,386.64,386.54,388.26,387.89,388.82,388.0,380.94
3734,393.99,383.98,386.72,386.31,386.57,388.26,387.88,388.85,387.99,380.88
3735,394.0,383.96,386.77,386.47,386.6,388.26,387.84,388.89,387.92,380.81
3736,394.02,383.88,386.83,386.65,386.63,388.24,387.72,388.87,387.84,380.75
3737,394.03,383.81,386.88,386.63,386.65,388.17,387.5,388.79,387.8,380.7
3738,394.05,383.74,386.93,386.75,386.68,388.23,387.33,388.6,387.78,380.67
3739,394.06,383.68,386.95,386.75,386.7,388.17,387.23,388.43,387.79,380.65
3740,394.08,383.6,386.97,386.12,386.74,388.25,387.23,388.43,387.82,380.63
3741,394.09,383.57,386.97,386.83,386.76,388.26,387.31,388.01,387.84,380.66
3742,394.1,383.55,386.96,386.85,386.77,388.18,387.38,388.57,387.88,380.68
3743,394.11,383.54,386.93,386.86,386.78,388.26,387.47,388.65,387.92,380.71
3744,394.1,383.55,386.91,386.86,386.79,388.24,387.57,388.68,387.98,380.74
3745,394.11,383.57,386.9,386.17,386.79,388.21,387.68,388.69,388.03,380.75
3746,394.1,383.58,386.89,386.81,386.78,388.18,387.77,388.67,388.09,380.78
3747,394.1,383.6,386.91,386.78,386.78,388.16,387.82,388.59,388.15,380.8
3748,394.09,383.58,386.92,386.79,386.76,388.16,387.86,388.53,388.26,380.86
3749,394.09,383.54,386.93,386.8,386.77,388.16,387.92,388.47,388.38,380.95
3750,394.09,383.54,386.95,386.81,386.79,388.15,387.94,388.42,388.45,381.03
3751,394.09,383.53,386.94,386.85,386.81,388.17,387.95,388.41,388.53,381.11
3752,394.09,383.53,386.95,386.9,386.83,388.2,387.99,388.45,388.6,381.18
3753,394.09,383.53,386.93,386.96,386.85,388.22,388.04,388.48,388.65,381.25
3754,394.09,383.56,386.92,387.01,386.86,388.24,388.09,388.5,388.68,381.33
3755,394.08,383.58,386.92,387.03,386.87,388.25,388.13,388.53,388.69,381.41
3756,394.09,383.6,386.91,386.77,386.88,388.2,388.17,388.57,388.7,381.51
3757,394.08,383.57,386.87,387.08,386.86,388.27,388.19,388.59,388.72,381.62
3758,394.09,383.54,386.84,387.09,386.84,388.27,388.21,388.57,388.71,381.71
3759,394.1,383.53,386.82,387.1,386.82,388.27,388.24,388.55,388.67,381.73
3760,394.1,383.54,386.81,387.11,386.8,388.02,388.24,388.58,388.65,381.75
3761,394.12,383.56,386.78,387.12,386.78,388.25,388.23,388.52,388.65,381.74
3762,394.13,383.61,386.79,387.12,386.76,388.24,388.27,388.39,388.66,381.74
3763,394.14,383.67,386.78,387.12,386.74,388.24,388.33,388.31,388.69,381.76
3764,394.15,383.72,386.78,387.12,386.71,388.24,388.32,388.28,388.71,381.77
3765,394.17,383.78,386.8,387.11,386.69,388.23,388.29,388.27,388.72,381.8
3766,394.17,383.84,386.82,387.1,386.66,388.21,388.28,388.25,388.75,381.82
3767,394.16,383.92,386.86,387.05,386.64,388.18,388.27,388.25,388.83,381.81
3768,394.16,383.95,386.88,387.0,386.62,388.18,388.23,388.27,388.91,381.77
3769,394.16,383.98,386.9,386.95,386.61,388.16,388.22,388.31,388.96,381.75
3770,394.15,384.01,386.91,386.87,386.58,388.16,388.2,388.41,389.01,381.73
3771,394.16,384.03,386.92,386.8,386.55,388.15,388.2,388.5,389.05,381.71
3772,394.15,384.06,386.95,386.74,386.51,388.14,388.22,388.59,389.02,381.69
3773,394.15,384.08,386.97,386.68,386.47,388.12,388.23,388.68,388.92,381.67
3774,394.15,384.08,386.98,386.62,386.43,388.11,388.26,388.73,388.79,381.63
3775,394.15,384.07,387.0,386.57,386.41,388.12,388.32,388.75,388.71,381.58
3776,394.15,384.07,387.02,386.54,386.4,388.11,388.35,388.76,388.65,381.47
3777,394.15,383.99,387.05,386.51,386.38,388.11,388.35,388.74,388.58,381.36
3778,394.16,383.89,387.06,386.46,386.37,388.13,388.32,388.69,388.5,381.28
3779,394.15,383.81,387.05,386.43,386.33,388.16,388.26,388.69,388.41,381.2
3780,394.16,383.77,387.05,386.39,386.32,388.19,388.21,388.74,388.35,381.14
3781,394.17,383.72,387.05,386.4,386.31,388.21,388.16,388.79,388.3,381.1
3782,394.16,383.69,387.04,386.44,386.29,388.22,388.12,388.84,388.23,381.04
3783,394.15,383.69,387.03,386.46,386.27,388.22,388.1,388.86,388.12,380.99
3784,394.14,383.7,387.04,386.54,386.26,388.11,388.06,388.9,388.02,380.96
3785,394.12,383.69,387.03,386.6,386.29,388.17,387.98,388.95,387.96,380.91
3786,394.12,383.7,387.06,386.68,386.34,388.18,387.95,388.95,388.02,380.88
3787,394.12,383.74,387.06,386.77,386.39,388.19,387.94,388.93,388.09,380.88
3788,394.13,383.81,387.04,386.87,386.44,388.22,387.92,388.81,388.17,380.88
3789,394.13,383.88,387.02,386.94,386.48,388.25,387.91,388.68,388.24,380.87
3790,394.13,383.94,386.99,387.0,386.52,388.26,387.93,388.63,388.3,380.86
3791,394.14,383.99,386.98,387.07,386.57,388.3,387.95,388.66,388.35,380.86
3792,394.14,383.96,386.95,387.14,386.6,388.32,387.98,388.79,388.38,380.87
3793,394.16,383.89,386.93,387.18,386.64,388.35,388.02,388.95,388.41,380.92
3794,394.16,383.78,386.9,387.22,386.68,388.37,388.1,389.05,388.43,380.99
3795,394.17,383.76,386.86,387.24,386.7,388.38,388.16,389.08,388.5,381.06
3796,394.17,383.8,386.83,387.25,386.71,388.4,388.18,389.09,388.58,381.12
3797,394.18,383.87,386.79,387.25,386.71,388.4,388.2,389.07,388.67,381.17
3798,394.18,383.93,386.74,387.24,386.7,388.39,388.23,389.03,388.73,381.22
3799,394.17,383.99,386.74,387.24,386.69,388.39,388.3,389.01,388.8,381.25
3800,394.18,384.03,386.73,387.24,386.67,388.4,388.34,389.03,388.88,381.29
3801,394.18,384.04,386.7,387.25,386.66,388.4,388.33,389.07,388.97,381.35
3802,394.2,384.07,386.67,387.22,386.66,388.37,388.31,389.1,389.04,381.41
3803,394.2,384.12,386.61,387.2,386.63,388.4,388.31,389.12,389.11,381.53
3804,394.21,384.22,386.6,387.19,386.6,388.38,388.38,389.13,389.15,381.62
3805,394.21,384.25,386.63,387.18,386.6,388.38,388.42,389.12,389.14,381.66
3806,394.21,384.26,386.67,387.16,386.59,388.36,388.42,389.13,389.11,381.7
3807,394.21,384.25,386.73,387.16,386.57,388.35,388.41,389.15,389.1,381.74
3808,394.23,384.22,386.8,387.15,386.58,388.36,388.42,389.15,389.1,381.78
3809,394.23,384.17,386.87,387.14,386.59,388.37,388.45,389.17,389.1,381.79
3810,394.24,384.15,386.92,386.57,386.59,388.37,388.49,389.18,389.11,381.79
3811,394.25,384.12,386.95,387.12,386.61,388.38,388.49,389.19,389.15,381.77
3812,394.25,384.12,386.99,387.13,386.67,388.39,388.46,389.14,389.17,381.76
3813,394.27,384.08,387.03,387.13,386.72,388.41,388.45,389.04,389.21,381.74
3814,394.27,384.03,387.06,387.11,386.76,388.43,388.42,388.94,389.24,381.72
3815,394.28,383.99,387.1,387.11,386.8,388.44,388.36,388.86,389.3,381.68
3816,394.29,383.96,387.12,387.12,386.82,388.44,388.22,388.86,389.32,381.62
3817,394.29,383.95,387.15,387.13,386.85,388.45,388.05,388.87,389.29,381.58
3818,394.3,383.96,387.15,387.13,386.87,388.45,387.97,388.9,389.25,381.54
3819,394.31,383.97,387.15,387.13,386.92,388.46,387.94,388.95,389.24,381.53
3820,394.31,384.0,387.16,387.14,386.96,388.43,387.95,388.98,389.25,381.51
3821,394.33,384.02,387.17,387.14,386.98,388.24,388.04,389.0,389.27,381.51
3822,394.35,384.05,387.17,387.14,386.99,388.5,388.15,389.04,389.3,381.53
3823,394.37,384.07,387.19,387.14,387.01,388.47,388.25,389.12,389.3,381.59
3824,394.39,384.11,387.21,387.14,387.02,388.47,388.34,389.21,389.3,381.64
3825,394.41,384.15,387.21,387.15,387.02,388.44,388.36,389.24,389.28,381.71
3826,394.41,384.15,387.24,387.16,387.02,388.42,388.39,389.28,389.25,381.78
3827,394.43,384.15,387.25,387.21,387.02,387.93,388.44,389.32,389.24,381.84
3828,394.44,384.14,387.28,387.26,387.04,388.43,388.49,389.4,389.25,381.92
3829,394.44,384.11,387.29,387.29,387.04,388.42,388.53,389.45,389.23,381.97
3830,394.46,384.1,387.26,387.28,387.03,388.47,388.57,389.38,389.2,382.07
3831,394.48,384.13,387.24,387.31,387.05,388.5,388.63,389.34,389.25,382.16
3832,394.49,384.13,387.22,387.33,387.04,388.52,388.7,389.34,389.31,382.22
3833,394.5,384.11,387.23,387.35,387.04,388.56,388.75,389.37,389.36,382.28
3834,394.51,384.07,387.22,387.37,387.04,388.6,388.77,389.32,389.42,382.33
3835,394.52,384.04,387.25,387.39,387.04,388.59,388.77,389.23,389.46,382.38
3836,394.53,384.03,387.26,387.4,387.02,388.64,388.77,389.18,389.53,382.43
3837,394.54,384.05,387.29,387.11,387.03,388.65,388.79,389.21,389.58,382.49
3838,394.54,384.07,387.3,387.43,387.03,388.65,388.8,389.27,389.64,382.54
3839,394.53,384.11,387.32,387.45,387.06,388.66,388.82,389.31,389.72,382.63
3840,394.52,384.16,387.31,387.4,387.1,388.66,388.81,389.35,389.7,382.7
3841,394.52,384.21,387.29,387.47,387.12,388.64,388.8,389.4,389.66,382.74
3842,394.53,384.29,387.28,387.49,387.13,388.7,388.78,389.44,389.61,382.77
3843,394.53,384.38,387.3,387.51,387.15,388.74,388.75,389.45,389.56,382.79
3844,394.53,384.47,387.32,387.52,387.15,388.78,388.7,389.42,389.49,382.8
3845,394.52,384.56,387.34,387.53,387.15,388.81,388.63,389.31,389.35,382.8
3846,394.52,384.63,387.36,387.52,387.15,388.84,388.6,389.2,389.26,382.77
3847,394.51,384.69,387.38,387.52,387.16,388.86,388.61,388.99,389.21,382.73
3848,394.5,384.72,387.4,387.51,387.18,388.88,388.65,388.84,389.21,382.65
3849,394.5,384.77,387.43,387.5,387.21,388.91,388.67,388.83,389.21,382.56
3850,394.49,384.78,387.44,387.49,387.23,388.91,388.65,388.85,389.2,382.48
3851,394.49,384.77,387.45,387.5,387.26,388.91,388.63,388.92,389.17,382.41
3852,394.49,384.76,387.45,387.5,387.29,388.9,388.63,388.97,389.1,382.34
3853,394.5,384.78,387.46,387.47,387.31,388.88,388.65,389.06,389.05,382.29
3854,394.5,384.81,387.48,387.41,387.3,388.83,388.68,389.21,389.03,382.21
3855,394.5,384.8,387.46,387.36,387.28,388.83,388.72,389.3,388.99,382.11
3856,394.51,384.81,387.43,387.31,387.25,388.82,388.75,389.28,389.0,382.03
3857,394.52,384.84,387.38,387.27,387.23,388.78,388.75,389.27,388.96,381.94
3858,394.53,384.8,387.36,387.24,387.2,388.81,388.75,389.29,388.95,381.91
3859,394.54,384.7,387.34,387.19,387.19,388.81,388.79,389.33,388.98,381.9
3860,394.55,384.65,387.35,387.16,387.17,388.8,388.82,389.33,389.06,381.92
3861,394.55,384.62,387.36,386.91,387.13,388.78,388.85,389.39,389.13,381.91
3862,394.55,384.6,387.37,387.07,387.11,388.77,388.9,389.47,389.2,381.93
3863,394.55,384.57,387.37,387.02,387.07,388.77,388.92,389.53,389.3,381.96
3864,394.57,384.56,387.36,386.97,387.04,388.78,388.95,389.58,389.38,381.99
3865,394.56,384.49,387.35,386.93,387.01,388.81,388.97,389.6,389.45,382.0
3866,394.58,384.41,387.32,386.91,386.98,388.84,388.95,389.64,389.48,381.99
3867,394.58,384.41,387.32,386.91,386.94,388.87,388.98,389.65,389.48,381.98
3868,394.58,384.46,387.32,386.9,386.92,388.9,389.01,389.64,389.5,382.02
3869,394.59,384.48,387.33,386.89,386.89,388.92,389.02,389.67,389.53,382.08
3870,394.59,384.48,387.35,386.9,386.89,388.93,389.01,389.7,389.58,382.14
3871,394.59,384.42,387.34,386.94,386.89,388.94,389.02,389.66,389.56,382.18
3872,394.6,384.35,387.34,387.0,386.91,388.94,389.07,389.59,389.53,382.24
3873,394.61,384.3,387.34,387.09,386.93,388.96,389.12,389.53,389.46,382.29
3874,394.61,384.3,387.34,387.15,386.95,388.99,389.15,389.48,389.4,382.34
3875,394.61,384.3,387.31,387.24,386.98,389.02,389.16,389.41,389.32,382.39
3876,394.61,384.35,387.28,387.32,386.99,389.06,389.17,389.46,389.23,382.42
3877,394.61,384.37,387.26,387.39,387.0,389.1,389.15,389.55,389.19,382.44
3878,394.62,384.41,387.25,387.44,387.01,388.73,389.14,389.6,389.15,382.45
3879,394.62,384.43,387.22,387.48,387.02,389.15,389.15,389.65,389.12,382.43
3880,394.64,384.38,387.17,387.51,387.03,389.17,389.17,389.69,389.1,382.41
3881,394.65,384.33,387.14,387.53,387.05,389.17,389.17,389.72,389.07,382.39
3882,394.64,384.27,387.13,387.59,387.05,389.16,389.17,389.72,389.04,382.33
3883,394.64,384.24,387.1,387.62,387.06,389.12,389.16,389.72,389.02,382.27
3884,394.64,384.27,387.11,387.65,387.08,389.11,389.15,389.73,388.98,382.19
3885,394.64,384.29,387.11,387.68,387.1,389.09,389.14,389.7,388.86,382.11
3886,394.65,384.29,387.14,387.69,387.14,389.07,389.14,389.68,388.81,382.09
3887,394.65,384.28,387.18,387.53,387.17,389.04,389.12,389.67,388.82,382.08
3888,394.65,384.28,387.22,387.7,387.19,389.04,389.07,389.65,388.87,382.06
3889,394.65,384.29,387.24,387.71,387.21,389.02,389.02,389.57,388.94,382.07
3890,394.67,384.31,387.26,387.74,387.23,389.01,388.91,389.56,389.01,382.08
3891,394.68,384.34,387.29,387.77,387.28,389.01,388.83,389.57,389.09,382.07
3892,394.69,384.35,387.31,387.79,387.3,389.03,388.77,389.57,389.13,382.04
3893,394.7,384.33,387.39,387.78,387.35,389.05,388.7,389.57,389.22,381.97
3894,394.73,384.35,387.48,387.74,387.41,389.07,388.7,389.58,389.22,381.91
3895,394.75,384.38,387.52,387.72,387.44,389.08,388.73,389.55,389.12,381.84
3896,394.75,384.4,387.56,387.69,387.45,389.12,388.79,389.5,389.02,381.78
3897,394.77,384.43,387.56,387.65,387.46,389.14,388.85,389.44,388.9,381.74
3898,394.79,384.42,387.57,387.58,387.47,389.16,388.9,389.39,388.85,381.7
3899,394.79,384.38,387.58,387.52,387.47,389.16,388.95,389.44,388.85,381.64
3900,394.81,384.32,387.6,387.48,387.49,389.16,388.99,389.56,388.9,381.6
3901,394.83,384.28,387.64,387.47,387.5,389.12,389.01,389.67,388.97,381.57
3902,394.83,384.31,387.68,387.45,387.5,389.13,389.02,389.72,389.09,381.54
3903,394.84,384.39,387.69,387.45,387.49,389.1,389.0,389.75,389.24,381.52
3904,394.85,384.44,387.69,387.46,387.49,389.1,388.99,389.73,389.34,381.53
3905,394.85,384.47,387.7,387.5,387.48,389.08,388.97,389.64,389.44,381.57
3906,394.86,384.51,387.7,387.54,387.5,389.07,388.99,389.55,389.51,381.63
3907,394.86,384.53,387.71,387.57,387.5,389.07,388.99,389.51,389.6,381.66
3908,394.87,384.54,387.7,387.58,387.51,389.08,389.02,389.48,389.64,381.71
3909,394.88,384.53,387.72,387.59,387.53,389.09,389.07,389.34,389.65,381.76
3910,394.89,384.5,387.73,387.58,387.54,389.13,389.12,389.35,389.64,381.82
3911,394.9,384.49,387.71,387.58,387.53,389.17,389.18,389.25,389.6,381.91
3912,394.91,384.52,387.69,387.58,387.49,389.2,389.22,389.27,389.6,382.02
3913,394.92,384.54,387.67,387.56,387.47,389.25,389.26,389.42,389.62,382.12
3914,394.92,384.52,387.63,387.64,387.45,389.27,389.28,389.59,389.64,382.22
3915,394.93,384.51,387.61,387.64,387.43,389.3,389.28,389.72,389.65,382.32
3916,394.92,384.53,387.6,387.65,387.42,389.31,389.28,389.79,389.69,382.41
3917,394.92,384.55,387.61,387.65,387.42,389.32,389.26,389.86,389.72,382.5
3918,394.91,384.58,387.64,387.65,387.43,389.33,389.25,389.94,389.75,382.57
3919,394.9,384.61,387.64,387.66,387.44,389.33,389.25,389.99,389.76,382.64
3920,394.9,384.62,387.67,387.64,387.47,389.31,389.25,390.0,389.81,382.73
3921,394.89,384.67,387.69,387.68,387.5,389.34,389.27,390.01,389.9,382.81
3922,394.89,384.7,387.69,387.71,387.52,389.36,389.29,390.01,389.93,382.82
3923,394.89,384.72,387.68,387.73,387.53,389.35,389.31,390.01,389.95,382.8
3924,394.9,384.76,387.67,387.75,387.55,389.4,389.35,390.04,389.98,382.78
3925,394.91,384.78,387.64,387.79,387.56,389.43,389.39,390.01,389.98,382.74
3926,394.92,384.8,387.62,387.83,387.6,389.43,389.41,389.92,389.97,382.73
3927,394.92,384.82,387.6,387.86,387.62,389.46,389.44,389.86,389.93,382.72
3928,394.92,384.82,387.6,387.88,387.66,389.46,389.47,389.83,389.85,382.7
3929,394.93,384.8,387.65,387.9,387.72,389.47,389.49,389.83,389.72,382.71
3930,394.95,384.74,387.73,387.89,387.77,389.48,389.49,389.85,389.66,382.73
3931,394.96,384.72,387.79,387.9,387.8,389.49,389.42,389.81,389.67,382.76
3932,394.96,384.72,387.83,387.91,387.81,389.52,389.35,389.68,389.72,382.79
3933,394.97,384.73,387.85,387.93,387.81,389.51,389.31,389.63,389.8,382.81
3934,394.99,384.73,387.86,387.95,387.82,389.49,389.32,389.6,389.88,382.82
3935,395.01,384.73,387.88,387.97,387.83,389.47,389.31,389.43,389.95,382.81
3936,395.02,384.75,387.92,388.0,387.84,389.44,389.32,389.82,390.0,382.82
3937,395.05,384.77,387.97,388.03,387.86,389.42,389.32,389.87,390.06,382.83
3938,395.06,384.83,388.02,388.06,387.88,389.37,389.31,389.87,390.08,382.82
3939,395.07,384.9,388.05,388.07,387.91,389.31,389.23,389.79,390.09,382.77
3940,395.08,384.95,388.07,388.08,387.92,389.26,389.2,389.72,390.1,382.74
3941,395.08,384.98,388.09,388.09,387.95,389.24,389.22,389.69,390.04,382.69
3942,395.1,384.99,388.12,388.1,387.97,389.23,389.26,389.66,389.96,382.68
3943,395.09,384.99,388.14,388.1,387.98,389.22,389.29,389.69,389.83,382.64
3944,395.1,384.99,388.18,388.11,388.0,389.23,389.32,389.65,389.74,382.58
3945,395.09,385.02,388.21,388.12,388.01,389.24,389.34,389.6,389.68,382.47
3946,395.11,385.02,388.24,388.1,388.04,389.28,389.37,389.61,389.66,382.33
3947,395.12,385.02,388.25,388.03,388.07,389.3,389.31,389.6,389.62,382.18
3948,395.13,385.0,388.26,387.95,388.1,389.34,389.16,389.57,389.54,382.09
3949,395.14,385.02,388.28,387.88,388.12,389.39,389.06,389.42,389.41,382.0
3950,395.15,385.1,388.29,387.82,388.15,389.43,389.07,389.71,389.27,381.92
3951,395.15,385.17,388.3,387.82,388.14,389.45,389.1,389.71,389.11,381.86
3952,395.16,385.17,388.3,387.8,388.14,389.48,389.05,389.7,388.96,381.8
3953,395.17,385.13,388.28,387.8,388.12,389.51,389.02,389.75,388.84,381.72
3954,395.17,385.1,388.28,387.81,388.11,389.54,388.99,389.76,388.68,381.64
3955,395.15,385.09,388.23,387.83,388.08,389.57,388.97,389.23,388.46,381.52
3956,395.14,385.13,388.19,387.88,388.02,389.56,388.98,389.79,388.29,381.41
3957,395.15,385.16,388.16,387.93,387.99,389.62,388.97,389.83,388.26,381.37
3958,395.15,385.15,388.13,387.94,387.98,389.63,388.93,389.85,388.26,381.33
3959,395.16,385.14,388.12,387.95,387.96,389.65,388.89,389.85,388.31,381.32
3960,395.17,385.11,388.11,387.96,387.92,389.66,388.87,389.84,388.37,381.33
3961,395.18,385.12,388.12,387.97,387.89,389.65,388.88,389.78,388.45,381.35
3962,395.2,385.13,388.09,387.99,387.88,389.63,388.94,389.82,388.57,381.37
3963,395.2,385.15,388.06,388.01,387.87,389.6,389.05,389.86,388.68,381.39
3964,395.21,385.16,388.04,388.04,387.87,389.59,389.14,389.81,388.87,381.43
3965,395.22,385.17,387.95,388.05,387.86,389.58,389.18,389.79,389.04,381.46
3966,395.22,385.19,387.9,388.04,387.87,389.56,389.19,389.64,389.13,381.51
3967,395.22,385.2,387.86,388.06,387.89,389.58,389.21,389.58,389.2,381.56
3968,395.24,385.21,387.84,388.1,387.91,389.59,389.2,389.5,389.28,381.62
3969,395.23,385.22,387.82,388.15,387.93,389.58,389.17,389.44,389.36,381.69
3970,395.24,385.23,387.81,388.02,387.95,389.59,389.11,389.41,389.42,381.77
3971,395.25,385.22,387.83,388.17,387.97,389.6,389.11,389.41,389.45,381.87
3972,395.26,385.22,387.85,388.18,388.0,389.6,389.17,389.39,389.48,381.97
3973,395.26,385.21,387.91,388.17,388.02,389.62,389.2,389.43,389.55,382.07
3974,395.27,385.23,387.96,388.18,388.05,389.62,389.17,389.49,389.67,382.16
3975,395.29,385.26,387.98,388.16,388.05,389.65,389.14,389.62,389.76,382.22
3976,395.29,385.3,387.98,388.16,388.07,389.67,389.13,389.74,389.84,382.24
3977,395.29,385.36,387.98,388.17,388.06,389.68,389.16,389.78,389.92,382.27
3978,395.29,385.43,387.96,388.17,388.05,389.68,389.19,389.88,390.0,382.31
3979,395.29,385.49,387.95,388.17,388.03,389.31,389.22,389.88,390.06,382.34
3980,395.29,385.52,387.95,388.17,388.01,389.68,389.25,390.01,390.1,382.39
3981,395.28,385.47,387.97,388.15,387.98,389.67,389.28,389.99,390.17,382.43
3982,395.28,385.4,387.99,388.16,387.94,389.66,389.31,390.0,390.22,382.46
3983,395.28,385.3,388.02,388.15,387.88,389.65,389.36,390.0,390.28,382.52
3984,395.27,385.21,388.09,388.13,387.84,389.64,389.44,390.03,390.34,382.6
3985,395.27,385.14,388.11,388.09,387.81,389.62,389.49,389.99,390.39,382.64
3986,395.26,385.07,388.15,388.06,387.79,389.59,389.53,390.05,390.4,382.65
3987,395.26,385.0,388.18,388.0,387.79,389.56,389.56,390.08,390.39,382.66
3988,395.26,384.95,388.18,387.95,387.79,389.53,389.58,390.06,390.33,382.67
3989,395.25,384.95,388.18,387.91,387.77,389.5,389.58,390.06,390.27,382.69
3990,395.25,384.94,388.17,387.86,387.76,389.5,389.59,390.08,390.22,382.68
3991,395.24,384.94,388.17,387.81,387.75,389.49,389.61,390.09,390.16,382.69
3992,395.21,384.94,388.14,387.74,387.73,389.52,389.64,390.1,390.1,382.68
3993,395.2,384.95,388.12,387.76,387.7,389.53,389.65,390.11,390.07,382.68
3994,395.2,384.97,388.08,387.76,387.7,389.56,389.66,390.12,390.07,382.72
3995,395.2,385.01,388.06,387.76,387.71,389.58,389.66,390.09,390.07,382.75
3996,395.2,385.05,388.04,387.79,387.73,389.61,389.67,390.05,390.09,382.79
3997,395.22,385.06,388.02,387.82,387.76,389.61,389.68,389.99,390.15,382.81
3998,395.24,385.05,388.03,387.88,387.78,389.61,389.71,389.98,390.21,382.84
3999,395.25,385.03,388.04,387.93,387.81,389.62,389.75,389.99,390.27,382.88
4000,395.26,385.01,388.07,387.99,387.82,389.64,389.76,389.65,390.3,382.91
4001,395.29,384.96,388.15,388.06,387.84,389.67,389.76,390.02,390.34,382.95
4002,395.3,384.92,388.21,388.12,387.85,389.7,389.75,390.06,390.37,382.98
4003,395.32,384.93,388.23,388.18,387.85,389.72,389.77,390.07,390.41,383.01
4004,395.35,384.95,388.24,388.22,387.88,389.72,389.81,390.09,390.45,383.04
4005,395.36,384.93,388.26,388.25,387.88,389.72,389.83,390.11,390.45,383.05
4006,395.38,384.92,388.29,388.16,387.9,389.73,389.86,390.11,390.43,383.07
4007,395.37,384.93,388.31,388.29,387.91,389.74,389.88,390.1,390.4,383.08
4008,395.37,384.93,388.31,388.31,387.93,389.78,389.91,389.98,390.36,383.07
4009,395.38,384.92,388.31,388.3,387.95,389.81,389.92,389.85,390.37,383.07
4010,395.37,384.96,388.27,388.32,388.0,389.86,389.94,389.81,390.36,383.09
4011,395.35,385.01,388.23,388.34,388.04,389.87,389.97,389.82,390.32,383.14
4012,395.35,385.07,388.22,388.31,388.08,389.94,389.94,389.93,390.32,383.18
4013,395.36,385.11,388.23,388.36,388.1,389.95,389.93,390.0,390.33,383.22
4014,395.35,385.17,388.24,388.38,388.12,389.96,389.94,389.98,390.35,383.25
4015,395.36,385.23,388.25,388.4,388.15,389.94,389.96,389.93,390.35,383.28
4016,395.36,385.28,388.26,388.41,388.18,389.91,390.0,389.99,390.33,383.28
4017,395.38,385.34,388.25,388.45,388.21,389.9,390.03,390.11,390.33,383.28
4018,395.39,385.39,388.23,388.46,388.26,389.89,390.02,390.14,390.35,383.26
4019,395.42,385.4,388.2,388.51,388.31,389.86,390.0,390.12,390.38,383.24
4020,395.42,385.45,388.19,388.5,388.32,389.87,389.95,390.12,390.41,383.23
4021,395.43,385.5,388.16,388.49,388.32,389.87,389.91,390.13,390.44,383.22
4022,395.43,385.56,388.16,388.47,388.32,389.86,389.85,390.22,390.42,383.21
4023,395.46,385.57,388.18,388.45,388.32,389.83,389.77,390.36,390.39,383.2
4024,395.46,385.59,388.22,388.43,388.33,389.78,389.72,390.49,390.29,383.14
4025,395.47,385.59,388.27,388.43,388.32,389.78,389.74,390.56,390.13,383.08
4026,395.48,385.58,388.32,388.46,388.29,389.77,389.77,390.53,389.93,382.99
4027,395.48,385.59,388.41,388.46,388.27,389.74,389.85,390.51,389.68,382.89
4028,395.49,385.58,388.48,388.44,388.26,389.74,389.9,390.5,389.52,382.8
4029,395.51,385.54,388.5,388.42,388.24,389.7,389.91,390.51,389.41,382.74
4030,395.51,385.52,388.51,388.39,388.24,389.67,389.93,390.55,389.33,382.68
4031,395.52,385.52,388.52,388.37,388.21,389.65,389.94,390.54,389.29,382.64
4032,395.52,385.53,388.55,387.6,388.18,389.64,389.94,390.5,389.3,382.6
4033,395.51,385.54,388.56,388.26,388.16,389.63,389.92,390.51,389.32,382.53
4034,395.5,385.55,388.6,388.22,388.12,389.63,389.9,390.46,389.35,382.45
4035,395.5,385.55,388.62,388.18,388.08,389.61,389.85,390.37,389.4,382.37
4036,395.49,385.53,388.61,388.2,388.06,389.62,389.71,390.28,389.45,382.28
4037,395.48,385.51,388.56,388.23,388.04,389.6,389.59,390.23,389.41,382.2
4038,395.48,385.5,388.54,388.28,388.04,389.06,389.62,390.28,389.36,382.16
4039,395.48,385.46,388.51,387.75,388.06,389.59,389.69,390.35,389.35,382.13
4040,395.48,385.42,388.48,388.38,388.08,389.33,389.75,390.4,389.38,382.1
4041,395.46,385.37,388.45,387.99,388.11,389.65,389.78,390.47,389.44,382.06
4042,395.47,385.33,388.41,388.47,388.13,389.67,389.8,390.5,389.48,382.04
4043,395.46,385.32,388.37,388.52,388.14,389.73,389.8,390.55,389.51,382.02
4044,395.45,385.35,388.31,388.55,388.17,389.77,389.82,390.56,389.54,382.03
4045,395.44,385.39,388.24,388.58,388.17,389.81,389.88,390.6,389.6,382.04
4046,395.46,385.48,388.15,388.57,388.18,389.82,389.96,390.66,389.77,382.08
4047,395.47,385.49,388.12,388.57,388.21,389.89,389.95,390.62,389.94,382.19
4048,395.48,385.44,388.12,388.6,388.21,389.48,389.93,390.54,390.04,382.25
4049,395.5,385.41,388.13,388.6,388.22,389.93,389.92,390.18,390.14,382.29
4050,395.51,385.4,388.15,388.61,388.23,389.62,389.91,390.54,390.21,382.3
4051,395.53,385.36,388.2,388.62,388.24,389.96,389.89,390.53,390.26,382.31
4052,395.54,385.35,388.27,388.62,388.24,389.94,389.86,390.47,390.3,382.33
4053,395.56,385.37,388.33,388.63,388.24,389.97,389.83,390.37,390.34,382.35
4054,395.58,385.42,388.4,388.62,388.25,389.93,389.85,390.26,390.38,382.38
4055,395.6,385.42,388.42,388.57,388.25,389.92,389.87,390.23,390.39,382.41
4056,395.62,385.44,388.42,388.55,388.27,389.89,389.88,390.43,390.4,382.46
4057,395.63,385.47,388.41,388.62,388.3,389.87,389.92,390.39,390.44,382.54
4058,395.65,385.51,388.41,388.61,388.32,389.89,389.97,390.34,390.49,382.63
4059,395.67,385.54,388.42,388.66,388.33,389.86,389.99,390.34,390.53,382.7
4060,395.68,385.56,388.43,388.66,388.35,389.92,390.01,390.36,390.6,382.79
4061,395.7,385.59,388.45,388.63,388.37,389.93,390.02,390.41,390.65,382.87
4062,395.72,385.62,388.43,387.92,388.38,389.94,390.01,390.2,390.71,382.95
4063,395.73,385.68,388.43,388.56,388.37,389.95,389.99,390.48,390.75,383.03
4064,395.75,385.75,388.4,388.5,388.34,389.95,389.98,390.51,390.8,383.15
4065,395.78,385.86,388.41,388.44,388.33,389.94,389.98,390.56,390.84,383.26
4066,395.79,385.92,388.41,388.39,388.32,389.92,390.0,390.57,390.89,383.34
4067,395.8,385.83,388.42,388.36,388.32,389.9,390.03,390.53,390.92,383.38
4068,395.82,385.72,388.42,388.33,388.32,389.88,390.07,390.48,390.96,383.43
4069,395.83,385.7,388.44,388.34,388.33,389.87,390.08,390.46,391.0,383.45
4070,395.82,385.73,388.46,388.35,388.35,389.86,390.09,390.45,391.01,383.47
4071,395.83,385.71,388.46,388.38,388.37,389.86,390.09,390.44,391.03,383.48
4072,395.83,385.69,388.46,388.43,388.42,389.89,390.08,390.43,390.93,383.47
4073,395.83,385.72,388.46,388.48,388.46,389.92,390.07,390.39,390.58,383.44
4074,395.84,385.75,388.48,388.54,388.48,389.97,390.06,390.41,390.32,383.39
4075,395.83,385.71,388.48,388.58,388.47,390.0,389.98,390.35,390.08,383.31
4076,395.83,385.53,388.41,388.55,388.42,389.97,389.78,389.97,389.73,383.14
4077,395.83,385.33,388.33,388.48,388.35,389.93,389.5,389.76,389.33,382.9
4078,395.8,385.12,388.23,388.36,388.25,389.83,389.18,389.56,388.89,382.58
4079,395.76,384.89,388.09,388.22,388.14,389.71,388.91,389.38,388.44,382.24
4080,395.71,384.67,387.96,388.08,388.02,389.59,388.66,389.14,387.96,381.91
4081,395.6,384.39,387.76,387.93,387.84,389.46,388.34,388.85,387.14,381.41
4082,395.47,384.18,387.56,387.76,387.64,389.33,388.1,388.52,386.44,380.91
4083,395.37,384.03,387.41,387.61,387.51,389.21,387.93,388.26,386.01,380.59
4084,395.26,383.9,387.28,387.52,387.39,389.12,387.79,388.09,385.67,380.27
4085,395.15,383.79,387.15,387.36,387.26,389.0,387.64,387.81,385.39,379.97
4086,395.02,383.68,387.02,387.21,387.14,388.88,387.49,387.58,385.14,379.66
4087,394.89,383.59,386.9,387.05,387.01,388.75,387.27,387.38,384.91,379.4
4088,394.77,383.52,386.79,386.91,386.9,388.63,387.08,387.2,384.74,379.15
