time,TC1,TC2,TC3,TC4,TC5,TC6,TC7,TC8,TC9,TC9.5,TC10
1,359.91,359.18,360.64,361.25,360.52,362.41,359.73,360.36,357.66,342.51,334.87
2,359.87,359.1,360.59,361.21,360.48,362.37,359.73,360.32,357.68,344.21,334.59
3,359.82,359.05,360.55,361.15,360.42,362.34,359.72,360.27,357.69,345.88,334.41
4,359.78,358.98,360.5,361.1,360.36,362.3,359.7,360.26,357.7,346.91,334.29
5,359.73,358.94,360.44,361.07,360.31,362.28,359.69,360.25,357.73,347.69,334.25
6,359.69,358.93,360.39,361.03,360.26,362.26,359.64,360.25,357.75,348.19,334.28
7,359.66,358.9,360.32,360.97,360.22,362.21,359.6,360.23,357.82,349.02,334.38
8,359.63,358.83,360.25,360.92,360.18,362.16,359.57,360.18,357.96,349.5,334.5
9,359.59,358.76,360.17,360.89,360.14,362.13,359.55,360.16,358.08,349.52,334.61
10,359.55,358.67,360.07,360.85,360.08,362.1,359.52,360.15,358.28,349.28,334.77
11,359.5,358.59,359.98,360.8,360.02,362.05,359.5,360.13,358.48,349.23,334.95
12,359.47,358.56,359.93,360.75,359.98,362.01,359.49,360.11,358.63,349.87,335.09
13,359.44,358.55,359.88,360.71,359.94,361.99,359.47,360.1,358.76,350.37,335.23
14,359.41,358.55,359.84,360.68,359.91,361.97,359.47,360.09,358.88,350.75,335.38
15,359.38,358.54,359.8,360.63,359.88,361.94,359.45,360.09,359.01,351.7,335.55
16,359.35,358.53,359.77,360.57,359.85,361.9,359.44,360.07,359.13,352.73,335.75
17,359.32,358.52,359.74,360.54,359.82,361.87,359.43,360.05,359.26,352.87,335.97
18,359.29,358.5,359.72,360.51,359.78,361.85,359.41,360.06,359.38,352.8,336.22
19,359.25,358.51,359.69,360.47,359.74,361.82,359.39,360.05,359.56,353.07,336.59
20,359.2,358.5,359.66,360.43,359.7,361.78,359.36,360.04,359.73,353.68,336.95
21,359.17,358.5,359.64,360.4,359.68,361.77,359.34,360.03,359.84,354.06,337.19
22,359.13,358.5,359.6,360.38,359.65,361.75,359.32,360.03,359.95,354.28,337.42
23,359.11,358.49,359.57,360.36,359.63,361.73,359.29,360.03,360.05,354.51,337.69
24,359.08,358.49,359.56,360.33,359.61,361.69,359.29,360.02,360.15,354.51,338.0
25,359.05,358.49,359.53,360.31,359.59,361.67,359.28,360.02,360.26,354.39,338.34
26,359.02,358.47,359.51,360.29,359.57,361.65,359.27,360.02,360.37,354.07,338.69
27,358.98,358.46,359.48,360.25,359.54,361.62,359.26,360.01,360.57,353.88,339.2
28,358.94,358.45,359.45,360.23,359.51,361.6,359.24,360.01,360.78,354.08,339.65
29,358.92,358.44,359.43,360.2,359.49,361.57,359.24,360.0,360.93,354.25,339.92
30,358.9,358.44,359.42,360.19,359.47,361.55,359.24,360.0,361.07,354.15,340.18
31,358.87,358.43,359.4,360.14,359.46,361.52,359.23,359.99,361.2,354.43,340.43
32,358.84,358.41,359.38,360.11,359.44,361.5,359.23,359.97,361.3,354.72,340.69
33,358.82,358.39,359.36,360.09,359.42,361.49,359.22,359.97,361.39,355.39,340.96
34,358.8,358.39,359.34,360.07,359.41,361.47,359.22,359.97,361.5,356.09,341.27
35,358.77,358.38,359.33,360.04,359.39,361.44,359.22,359.97,361.59,357.16,341.6
36,358.74,358.35,359.31,360.01,359.37,361.42,359.21,359.95,361.75,358.02,342.1
37,358.7,358.33,359.28,359.99,359.34,361.41,359.2,359.95,361.9,358.45,342.62
38,358.68,358.3,359.26,359.97,359.32,361.41,359.19,359.95,362.03,358.6,342.93
39,358.66,358.29,359.24,359.94,359.31,361.39,359.19,359.94,362.15,359.01,343.24
40,358.63,358.27,359.22,359.91,359.29,361.36,359.18,359.94,362.27,358.97,343.55
41,358.61,358.26,359.21,359.89,359.28,361.35,359.17,359.92,362.4,358.68,343.85
42,358.58,358.24,359.19,359.88,359.26,361.34,359.16,359.92,362.51,358.09,344.15
43,358.57,358.22,359.18,359.85,359.25,361.32,359.15,359.9,362.61,358.01,344.48
44,358.54,358.2,359.17,359.82,359.24,361.3,359.14,359.89,362.7,358.3,344.77
45,358.52,358.2,359.15,359.81,359.22,361.3,359.14,359.9,362.84,358.52,345.21
46,358.49,358.17,359.14,359.8,359.19,361.28,359.12,359.89,362.98,358.71,345.61
47,358.45,358.15,359.12,359.77,359.18,361.26,359.11,359.88,363.08,358.43,345.88
48,358.43,358.13,359.1,359.75,359.17,361.24,359.09,359.87,363.17,358.03,346.14
49,358.4,358.1,359.08,359.73,359.14,361.23,359.07,359.85,363.26,357.96,346.39
50,358.38,358.08,359.06,359.72,359.12,361.22,359.06,359.84,363.35,358.24,346.65
51,358.36,358.07,359.06,359.69,359.12,361.2,359.06,359.83,363.44,358.69,346.89
52,358.34,358.05,359.04,359.67,359.11,361.17,359.05,359.82,363.54,358.99,347.14
53,358.31,358.03,359.03,359.64,359.09,361.16,359.04,359.81,363.62,359.34,347.4
54,358.28,357.99,359.0,359.63,359.07,361.15,359.02,359.81,363.75,359.7,347.79
55,358.24,357.95,358.99,359.62,359.05,361.14,359.0,359.8,363.88,360.62,348.22
56,358.22,357.93,358.98,359.59,359.04,361.11,359.0,359.78,363.96,361.43,348.52
57,358.19,357.9,358.97,359.57,359.03,361.09,358.98,359.78,364.04,361.89,348.84
58,358.16,357.88,358.95,359.55,359.01,361.08,358.97,359.77,364.14,362.33,349.18
59,358.13,357.85,358.92,359.53,358.99,361.06,358.95,359.76,364.23,362.9,349.51
60,358.11,357.83,358.91,359.5,358.97,361.04,358.94,359.74,364.32,363.0,349.85
61,358.09,357.8,358.91,359.49,358.95,361.03,358.92,359.74,364.39,363.25,350.19
62,358.06,357.77,358.88,359.47,358.94,361.02,358.9,359.72,364.48,363.37,350.51
63,358.02,357.73,358.86,359.45,358.91,360.99,358.88,359.73,364.61,363.63,351.01
64,357.99,357.7,358.85,359.42,358.89,360.97,358.86,359.71,364.73,363.77,351.47
65,357.96,357.68,358.83,359.4,358.87,360.95,358.85,359.7,364.82,364.13,351.76
66,357.93,357.65,358.82,359.39,358.87,360.95,358.85,359.7,364.91,363.94,352.04
67,357.9,357.63,358.8,359.36,358.85,360.92,358.83,359.68,364.99,363.96,352.32
68,357.88,357.6,358.78,359.33,358.83,360.9,358.82,359.67,365.06,364.68,352.56
69,357.85,357.57,358.77,359.32,358.82,360.89,358.82,359.67,365.15,364.91,352.84
70,357.83,357.55,358.76,359.3,358.81,360.86,358.8,359.65,365.24,364.9,353.13
71,357.81,357.52,358.75,359.28,358.81,360.84,358.8,359.65,365.33,365.17,353.41
72,357.77,357.48,358.72,359.26,358.78,360.83,358.79,359.64,365.45,365.45,353.85
73,357.73,357.44,358.69,359.24,358.76,360.82,358.78,359.64,365.57,365.77,354.34
74,357.7,357.4,358.67,359.23,358.74,360.79,358.77,359.62,365.66,365.94,354.68
75,357.67,357.37,358.66,359.21,358.72,360.77,358.76,359.62,365.73,366.29,355.03
76,357.65,357.35,358.64,359.19,358.72,360.75,358.76,359.61,365.82,366.67,355.37
77,357.63,357.32,358.62,359.19,358.7,360.75,358.74,359.61,365.91,366.77,355.69
78,357.6,357.29,358.61,359.17,358.69,360.73,358.74,359.61,366.01,366.69,356.0
79,357.58,357.27,358.6,359.16,358.68,360.71,358.75,359.6,366.1,366.77,356.3
80,357.55,357.24,358.58,359.14,358.67,360.69,358.73,359.59,366.17,366.86,356.58
81,357.51,357.19,358.56,359.14,358.65,360.68,358.72,359.58,366.3,367.01,356.98
82,357.47,357.14,358.53,359.12,358.63,360.66,358.7,359.58,366.42,367.26,357.36
83,357.45,357.12,358.5,359.1,358.62,360.64,358.7,359.57,366.5,367.55,357.6
84,357.42,357.09,358.5,359.09,358.61,360.63,358.7,359.56,366.59,367.61,357.85
85,357.39,357.06,358.49,359.08,358.6,360.61,358.69,359.55,366.67,367.76,358.1
86,357.37,357.03,358.46,359.07,358.58,360.6,358.67,359.55,366.73,367.9,358.35
87,357.33,357.0,358.44,359.06,358.58,360.59,358.68,359.55,366.81,368.07,358.58
88,357.31,356.97,358.42,359.04,358.57,360.58,358.67,359.54,366.88,368.18,358.81
89,357.29,356.94,358.41,359.04,358.55,360.57,358.67,359.54,366.96,368.51,359.04
90,357.25,356.9,358.39,359.03,358.54,360.56,358.66,359.53,367.08,368.76,359.41
91,357.21,356.85,358.37,359.01,358.52,360.54,358.64,359.53,367.19,369.12,359.79
92,357.18,356.82,358.34,358.99,358.51,360.52,358.64,359.51,367.26,369.82,360.06
93,357.16,356.78,358.34,358.99,358.51,360.52,358.63,359.51,367.36,370.42,360.35
94,357.14,356.74,358.31,358.97,358.49,360.51,358.62,359.5,367.42,370.63,360.63
95,357.1,356.71,358.3,358.95,358.48,360.48,358.61,359.5,367.49,370.92,360.91
96,357.08,356.68,358.29,358.94,358.47,360.47,358.61,359.49,367.58,371.53,361.17
97,357.06,356.65,358.28,358.93,358.46,360.46,358.6,359.49,367.67,371.56,361.43
98,357.02,356.61,358.27,358.92,358.46,360.45,358.59,359.49,367.75,371.6,361.68
99,356.99,356.56,358.24,358.89,358.43,360.44,358.57,359.47,367.85,371.35,362.01
100,356.96,356.5,358.22,358.88,358.42,360.42,358.56,359.47,367.96,371.35,362.32
101,356.94,356.48,358.22,358.86,358.41,360.42,358.56,359.46,368.04,371.76,362.54
102,356.9,356.45,358.21,358.85,358.41,360.4,358.55,359.46,368.13,371.99,362.76
103,356.88,356.41,358.19,358.83,358.39,360.4,358.54,359.45,368.2,371.95,363.01
104,356.86,356.38,358.18,358.81,358.39,360.38,358.54,359.45,368.27,371.83,363.26
105,356.83,356.34,358.17,358.8,358.38,360.38,358.53,359.44,368.34,371.76,363.48
106,356.82,356.31,358.16,358.79,358.37,360.36,358.52,359.44,368.41,371.82,363.7
107,356.78,356.29,358.14,358.77,358.36,360.36,358.52,359.44,368.49,371.88,363.9
108,356.75,356.23,358.11,358.76,358.34,360.34,358.5,359.43,368.6,372.06,364.18
109,356.71,356.18,358.09,358.74,358.32,360.33,358.49,359.42,368.69,372.27,364.46
110,356.68,356.15,358.09,358.74,358.31,360.33,358.49,359.43,368.77,372.7,364.65
111,356.66,356.12,358.07,358.72,358.31,360.31,358.49,359.43,368.86,373.57,364.86
112,356.64,356.09,358.06,358.7,358.3,360.3,358.49,359.43,368.93,373.94,365.08
113,356.61,356.05,358.03,358.7,358.29,360.3,358.48,359.43,369.01,373.81,365.32
114,356.57,356.04,358.02,358.69,358.28,360.28,358.46,359.42,369.08,374.1,365.55
115,356.54,355.99,358.0,358.67,358.26,360.27,358.46,359.41,369.15,375.03,365.8
116,356.52,355.96,357.98,358.66,358.25,360.26,358.45,359.42,369.21,375.71,366.03
117,356.48,355.91,357.96,358.65,358.24,360.24,358.45,359.41,369.35,376.03,366.42
118,356.45,355.86,357.94,358.63,358.23,360.22,358.44,359.4,369.49,376.23,366.79
119,356.42,355.82,357.91,358.62,358.21,360.21,358.44,359.4,369.56,376.34,367.01
120,356.39,355.79,357.9,358.62,358.21,360.21,358.43,359.4,369.62,376.07,367.2
121,356.36,355.76,357.88,358.61,358.2,360.2,358.42,359.4,369.69,375.84,367.37
122,356.33,355.72,357.86,358.6,358.18,360.19,358.41,359.4,369.76,375.79,367.52
123,356.31,355.7,357.85,358.59,358.18,360.18,358.41,359.4,369.85,376.23,367.68
124,356.29,355.66,357.83,358.57,358.16,360.16,358.41,359.4,369.92,376.61,367.84
125,356.26,355.63,357.82,358.56,358.16,360.16,358.41,359.4,370.0,376.68,368.0
126,356.22,355.58,357.8,358.55,358.14,360.15,358.39,359.4,370.09,376.64,368.22
127,356.19,355.53,357.77,358.54,358.13,360.13,358.4,359.4,370.19,376.82,368.42
128,356.15,355.5,357.75,358.52,358.12,360.13,358.38,359.4,370.26,376.93,368.54
129,356.13,355.46,357.73,358.52,358.1,360.12,358.37,359.39,370.31,376.88,368.65
130,356.1,355.42,357.72,358.51,358.09,360.1,358.37,359.39,370.39,376.71,368.77
131,356.07,355.39,357.71,358.48,358.08,360.09,358.36,359.38,370.45,376.86,368.88
132,356.05,355.37,357.69,358.46,358.07,360.07,358.36,359.38,370.53,376.91,369.0
133,356.03,355.33,357.68,358.45,358.06,360.07,358.35,359.37,370.6,377.09,369.13
134,356.0,355.3,357.66,358.44,358.05,360.06,358.34,359.38,370.67,377.31,369.27
135,355.96,355.26,357.63,358.42,358.04,360.04,358.33,359.37,370.75,376.99,369.44
136,355.93,355.22,357.61,358.4,358.01,360.03,358.32,359.38,370.85,376.91,369.59
137,355.91,355.18,357.59,358.39,358.01,360.03,358.32,359.37,370.91,377.17,369.67
138,355.87,355.15,357.58,358.39,358.0,360.02,358.32,359.38,371.0,377.25,369.77
139,355.84,355.12,357.56,358.38,357.98,360.02,358.3,359.38,371.06,377.4,369.86
140,355.81,355.07,357.52,358.37,357.96,360.0,358.28,359.38,371.11,378.08,369.96
141,355.79,355.05,357.52,358.35,357.96,359.99,358.29,359.37,371.18,378.46,370.08
142,355.77,355.03,357.51,358.34,357.96,359.98,358.29,359.38,371.26,378.57,370.22
143,355.75,354.98,357.48,358.33,357.93,359.97,358.28,359.38,371.32,378.67,370.34
144,355.71,354.94,357.46,358.3,357.92,359.96,358.26,359.37,371.42,378.79,370.51
145,355.68,354.9,357.45,358.3,357.92,359.96,358.27,359.38,371.53,378.75,370.65
146,355.65,354.86,357.43,358.29,357.9,359.94,358.25,359.38,371.59,378.52,370.73
147,355.64,354.83,357.42,358.26,357.9,359.94,358.25,359.38,371.68,378.51,370.84
148,355.6,354.81,357.41,358.24,357.89,359.93,358.25,359.38,371.74,378.71,370.93
149,355.59,354.77,357.39,358.23,357.88,359.92,358.24,359.37,371.8,378.58,371.03
150,355.57,354.74,357.38,358.22,357.86,359.92,358.23,359.38,371.86,378.47,371.13
151,355.53,354.71,357.35,358.2,357.85,359.9,358.22,359.38,371.93,378.26,371.22
152,355.51,354.68,357.34,358.17,357.84,359.89,358.21,359.37,371.99,378.31,371.31
153,355.46,354.62,357.31,358.17,357.82,359.88,358.2,359.37,372.08,378.41,371.44
154,355.43,354.58,357.28,358.15,357.8,359.87,358.2,359.37,372.19,378.69,371.62
155,355.4,354.55,357.27,358.13,357.79,359.86,358.19,359.37,372.27,379.51,371.75
156,355.38,354.51,357.25,358.11,357.78,359.84,358.18,359.36,372.34,379.72,371.92
157,355.36,354.48,357.24,358.11,357.78,359.85,358.18,359.37,372.41,379.57,372.1
158,355.33,354.45,357.22,358.09,357.76,359.83,358.17,359.37,372.48,379.29,372.3
159,355.3,354.42,357.2,358.08,357.75,359.82,358.16,359.36,372.55,379.3,372.47
160,355.29,354.38,357.18,358.07,357.74,359.81,358.16,359.36,372.63,379.57,372.65
161,355.25,354.36,357.17,358.05,357.74,359.8,358.16,359.37,372.69,379.48,372.82
162,355.22,354.31,357.14,358.04,357.72,359.79,358.15,359.37,372.79,379.68,373.07
163,355.19,354.27,357.12,358.02,357.7,359.78,358.15,359.37,372.9,380.27,373.31
164,355.17,354.24,357.11,358.0,357.7,359.77,358.15,359.37,372.98,380.61,373.46
165,355.15,354.21,357.08,357.99,357.69,359.76,358.13,359.37,373.05,380.67,373.6
166,355.12,354.18,357.09,357.98,357.68,359.75,358.14,359.38,373.12,380.71,373.72
167,355.09,354.15,357.06,357.97,357.66,359.74,358.14,359.37,373.18,380.67,373.82
168,355.07,354.11,357.03,357.95,357.65,359.72,358.13,359.38,373.25,380.77,373.92
169,355.04,354.08,357.03,357.94,357.65,359.71,358.13,359.38,373.32,380.69,374.02
170,355.01,354.05,357.0,357.93,357.63,359.7,358.12,359.38,373.37,380.77,374.1
171,354.97,354.01,356.98,357.93,357.61,359.69,358.11,359.39,373.48,380.77,374.27
172,354.92,353.96,356.94,357.91,357.6,359.67,358.11,359.39,373.57,380.86,374.43
173,354.9,353.93,356.93,357.89,357.59,359.67,358.11,359.39,373.64,380.93,374.54
174,354.86,353.9,356.91,357.89,357.57,359.66,358.1,359.39,373.69,381.25,374.64
175,354.85,353.87,356.89,357.87,357.55,359.65,358.1,359.4,373.77,381.45,374.76
176,354.82,353.83,356.87,357.85,357.55,359.63,358.1,359.4,373.83,381.39,374.87
177,354.8,353.81,356.87,357.84,357.54,359.63,358.11,359.41,373.91,381.47,374.98
178,354.78,353.78,356.85,357.84,357.53,359.62,358.11,359.42,373.99,381.58,375.12
179,354.76,353.75,356.83,357.83,357.53,359.62,358.12,359.43,374.05,381.71,375.25
180,354.72,353.7,356.81,357.81,357.51,359.61,358.11,359.44,374.14,381.53,375.44
181,354.68,353.65,356.78,357.79,357.49,359.6,358.09,359.43,374.23,381.52,375.58
182,354.67,353.63,356.77,357.78,357.49,359.59,358.1,359.44,374.32,381.63,375.66
183,354.64,353.59,356.75,357.77,357.48,359.59,358.09,359.45,374.39,382.17,375.74
184,354.62,353.56,356.74,357.76,357.46,359.59,358.1,359.45,374.45,382.55,375.82
185,354.59,353.52,356.71,357.75,357.45,359.58,358.08,359.45,374.49,382.57,375.88
186,354.57,353.5,356.7,357.73,357.44,359.56,358.08,359.46,374.57,382.69,375.98
187,354.55,353.47,356.68,357.72,357.44,359.55,358.08,359.46,374.64,382.77,376.06
188,354.51,353.44,356.66,357.7,357.42,359.54,358.07,359.47,374.7,382.66,376.13
189,354.47,353.39,356.64,357.69,357.41,359.54,358.06,359.47,374.8,382.59,376.21
190,354.45,353.34,356.62,357.68,357.38,359.53,358.06,359.48,374.9,382.72,376.3
191,354.43,353.33,356.6,357.66,357.38,359.51,358.06,359.48,374.97,383.3,376.4
192,354.39,353.29,356.58,357.64,357.37,359.5,358.04,359.49,375.03,384.13,376.52
193,354.37,353.26,356.57,357.64,357.36,359.5,358.05,359.49,375.1,384.12,376.66
194,354.35,353.22,356.55,357.63,357.34,359.49,358.05,359.5,375.14,384.18,376.81
195,354.33,353.2,356.54,357.61,357.34,359.48,358.04,359.51,375.21,384.07,376.93
196,354.3,353.17,356.52,357.59,357.33,359.47,358.03,359.52,375.28,383.86,377.0
197,354.28,353.13,356.5,357.59,357.32,359.47,358.04,359.52,375.34,383.83,377.07
198,354.24,353.1,356.48,357.57,357.3,359.46,358.02,359.52,375.43,383.82,377.12
199,354.21,353.06,356.47,357.55,357.29,359.46,358.03,359.54,375.53,383.83,377.19
200,354.2,353.04,356.44,357.54,357.27,359.44,358.03,359.55,375.6,383.72,377.24
201,354.18,353.01,356.43,357.53,357.27,359.44,358.02,359.55,375.65,383.39,377.31
202,354.16,352.99,356.42,357.51,357.27,359.43,358.03,359.55,375.71,383.14,377.37
203,354.14,352.96,356.4,357.5,357.26,359.42,358.02,359.56,375.77,383.12,377.42
204,354.11,352.93,356.39,357.48,357.25,359.41,358.02,359.57,375.83,383.06,377.47
205,354.09,352.91,356.38,357.47,357.24,359.41,358.01,359.58,375.9,382.97,377.52
206,354.07,352.87,356.36,357.47,357.23,359.41,358.01,359.59,375.96,382.98,377.57
207,354.03,352.82,356.33,357.45,357.2,359.4,357.97,359.6,376.03,383.17,377.61
208,353.98,352.78,356.31,357.43,357.18,359.39,357.96,359.6,376.11,383.4,377.66
209,353.97,352.76,356.3,357.42,357.18,359.38,357.96,359.61,376.18,383.68,377.71
210,353.94,352.73,356.29,357.41,357.17,359.37,357.95,359.61,376.24,383.84,377.74
211,353.91,352.7,356.27,357.38,357.16,359.36,357.95,359.62,376.29,384.04,377.77
212,353.89,352.67,356.25,357.36,357.16,359.34,357.95,359.62,376.36,384.28,377.82
213,353.87,352.63,356.23,357.35,357.14,359.34,357.93,359.63,376.41,384.33,377.85
214,353.84,352.61,356.21,357.34,357.12,359.33,357.93,359.64,376.47,384.42,377.88
215,353.82,352.58,356.2,357.32,357.11,359.32,357.93,359.64,376.53,384.57,377.94
216,353.79,352.54,356.18,357.3,357.1,359.31,357.93,359.65,376.62,384.57,378.06
217,353.75,352.5,356.15,357.29,357.09,359.31,357.92,359.65,376.72,384.6,378.21
218,353.72,352.47,356.14,357.28,357.07,359.3,357.91,359.67,376.78,384.82,378.32
219,353.7,352.43,356.13,357.27,357.06,359.29,357.91,359.68,376.85,385.24,378.44
220,353.68,352.41,356.1,357.25,357.05,359.28,357.92,359.69,376.92,385.59,378.57
221,353.67,352.38,356.09,357.25,357.04,359.27,357.91,359.69,376.99,385.81,378.68
222,353.64,352.37,356.08,357.23,357.03,359.26,357.92,359.7,377.06,386.08,378.79
223,353.61,352.33,356.05,357.21,357.02,359.26,357.9,359.71,377.11,386.09,378.9
224,353.59,352.29,356.05,357.19,357.01,359.25,357.9,359.72,377.19,386.2,379.04
225,353.56,352.26,356.02,357.2,357.0,359.24,357.9,359.74,377.29,386.35,379.22
226,353.53,352.23,356.0,357.18,356.99,359.23,357.9,359.74,377.39,386.8,379.38
227,353.5,352.2,355.98,357.16,356.97,359.22,357.9,359.75,377.45,387.42,379.5
228,353.49,352.17,355.97,357.15,356.97,359.2,357.89,359.77,377.52,387.66,379.62
229,353.46,352.14,355.95,357.14,356.95,359.2,357.88,359.76,377.59,387.58,379.74
230,353.44,352.11,355.93,357.13,356.94,359.19,357.88,359.78,377.64,387.47,379.84
231,353.42,352.09,355.92,357.11,356.94,359.18,357.88,359.78,377.7,387.08,379.94
232,353.38,352.06,355.89,357.1,356.92,359.18,357.87,359.81,377.76,386.78,380.02
233,353.36,352.03,355.87,357.09,356.9,359.17,357.87,359.81,377.82,386.81,380.09
234,353.33,351.98,355.85,357.07,356.89,359.17,357.86,359.81,377.9,386.8,380.18
235,353.3,351.95,355.83,357.06,356.87,359.15,357.87,359.84,378.0,386.88,380.27
236,353.28,351.92,355.82,357.04,356.85,359.14,357.86,359.84,378.07,386.93,380.33
237,353.25,351.91,355.8,357.03,356.86,359.14,357.87,359.85,378.13,387.05,380.41
238,353.24,351.88,355.79,357.02,356.85,359.13,357.87,359.86,378.2,387.22,380.51
239,353.21,351.85,355.77,357.0,356.84,359.12,357.86,359.88,378.25,387.25,380.62
240,353.2,351.82,355.75,356.99,356.82,359.1,357.86,359.89,378.31,387.01,380.71
241,353.17,351.8,355.74,356.97,356.82,359.1,357.87,359.9,378.37,387.32,380.8
242,353.14,351.76,355.72,356.96,356.82,359.09,357.86,359.91,378.43,387.8,380.89
243,353.11,351.72,355.69,356.94,356.78,359.08,357.85,359.93,378.51,388.14,381.03
244,353.07,351.68,355.66,356.93,356.76,359.07,357.85,359.94,378.61,388.58,381.21
245,353.05,351.66,355.64,356.92,356.76,359.06,357.86,359.96,378.68,388.78,381.34
246,353.04,351.62,355.63,356.92,356.75,359.06,357.86,359.96,378.74,388.78,381.49
247,352.99,351.61,355.6,356.91,356.74,359.05,357.85,359.98,378.8,388.77,381.62
248,352.98,351.58,355.59,356.9,356.73,359.04,357.85,360.0,378.89,388.55,381.75
249,352.96,351.55,355.57,356.89,356.72,359.04,357.85,360.0,378.95,388.31,381.85
250,352.94,351.53,355.56,356.89,356.71,359.01,357.85,360.01,378.99,388.28,381.95
251,352.9,351.5,355.54,356.87,356.7,359.01,357.85,360.02,379.06,388.42,382.01
252,352.88,351.47,355.52,356.87,356.68,359.01,357.85,360.05,379.16,388.44,382.08
253,352.84,351.44,355.5,356.85,356.67,359.0,357.85,360.06,379.24,388.17,382.17
254,352.81,351.4,355.46,356.84,356.65,359.0,357.85,360.07,379.28,388.06,382.22
255,352.78,351.38,355.45,356.82,356.64,358.98,357.84,360.08,379.33,388.2,382.26
256,352.77,351.34,355.43,356.81,356.62,358.98,357.85,360.11,379.39,388.55,382.31
257,352.76,351.33,355.42,356.79,356.63,358.97,357.87,360.11,379.47,389.0,382.39
258,352.74,351.31,355.42,356.78,356.61,358.96,357.86,360.12,379.51,389.03,382.45
259,352.72,351.28,355.39,356.76,356.6,358.96,357.86,360.14,379.57,388.91,382.52
260,352.7,351.26,355.38,356.75,356.6,358.95,357.87,360.16,379.62,388.8,382.57
261,352.67,351.22,355.35,356.74,356.58,358.96,357.86,360.18,379.7,388.94,382.65
262,352.64,351.19,355.33,356.73,356.57,358.95,357.86,360.19,379.8,388.87,382.75
263,352.62,351.16,355.31,356.72,356.56,358.95,357.86,360.21,379.85,389.01,382.83
264,352.59,351.14,355.29,356.7,356.55,358.94,357.86,360.22,379.9,388.87,382.88
265,352.58,351.12,355.29,356.68,356.54,358.93,357.86,360.23,379.97,388.8,382.94
266,352.55,351.1,355.27,356.67,356.53,358.92,357.86,360.24,380.02,388.97,382.97
267,352.53,351.07,355.25,356.66,356.52,358.92,357.87,360.26,380.08,389.41,383.04
268,352.52,351.05,355.24,356.65,356.51,358.91,357.87,360.28,380.13,389.55,383.11
269,352.51,351.03,355.23,356.63,356.51,358.89,357.87,360.28,380.21,389.38,383.19
270,352.46,351.0,355.2,356.62,356.49,358.89,357.86,360.3,380.27,389.37,383.25
271,352.42,350.95,355.17,356.6,356.46,358.88,357.85,360.32,380.34,389.2,383.31
272,352.4,350.93,355.17,356.58,356.46,358.87,357.86,360.33,380.39,389.17,383.35
273,352.39,350.89,355.14,356.57,356.45,358.86,357.85,360.35,380.45,389.65,383.37
274,352.36,350.88,355.13,356.55,356.45,358.86,357.86,360.35,380.51,390.03,383.43
275,352.34,350.85,355.11,356.55,356.43,358.85,357.86,360.37,380.56,390.27,383.47
276,352.33,350.83,355.09,356.54,356.43,358.85,357.86,360.4,380.61,390.65,383.53
277,352.31,350.81,355.08,356.52,356.42,358.84,357.85,360.41,380.67,390.77,383.61
278,352.29,350.78,355.07,356.51,356.41,358.83,357.87,360.42,380.73,390.94,383.73
279,352.25,350.75,355.05,356.5,356.4,358.83,357.86,360.44,380.82,390.97,383.91
280,352.21,350.72,355.03,356.49,356.38,358.82,357.86,360.46,380.91,390.79,384.07
281,352.2,350.67,355.01,356.47,356.36,358.81,357.86,360.47,380.97,391.01,384.12
282,352.19,350.67,355.0,356.47,356.37,358.81,357.87,360.49,381.03,391.23,384.17
283,352.17,350.64,354.99,356.45,356.36,358.8,357.87,360.5,381.08,391.04,384.2
284,352.16,350.62,354.97,356.43,356.35,358.79,357.87,360.51,381.15,390.79,384.25
285,352.12,350.59,354.95,356.41,356.33,358.78,357.86,360.52,381.2,390.85,384.3
286,352.11,350.56,354.94,356.4,356.32,358.78,357.86,360.54,381.24,391.04,384.36
287,352.09,350.55,354.92,356.39,356.31,358.77,357.85,360.56,381.28,391.1,384.41
288,352.05,350.51,354.9,356.37,356.3,358.77,357.85,360.58,381.37,391.0,384.51
289,352.03,350.47,354.87,356.36,356.29,358.76,357.84,360.58,381.46,391.0,384.6
290,352.0,350.45,354.84,356.36,356.27,358.75,357.84,360.6,381.5,390.9,384.66
291,351.99,350.42,354.84,356.33,356.26,358.74,357.83,360.62,381.55,390.83,384.72
292,351.96,350.4,354.82,356.32,356.25,358.73,357.83,360.63,381.6,391.1,384.77
293,351.95,350.38,354.81,356.3,356.24,358.74,357.83,360.65,381.67,391.37,384.84
294,351.92,350.36,354.81,356.3,356.24,358.73,357.83,360.67,381.71,391.63,384.9
295,351.89,350.33,354.78,356.27,356.22,358.72,357.81,360.68,381.76,391.5,384.96
296,351.88,350.3,354.76,356.27,356.21,358.7,357.82,360.69,381.82,391.26,385.02
297,351.85,350.28,354.75,356.24,356.21,358.7,357.83,360.72,381.91,391.08,385.13
298,351.84,350.24,354.73,356.23,356.2,358.69,357.81,360.72,381.98,390.96,385.24
299,351.81,350.22,354.72,356.21,356.19,358.68,357.82,360.75,382.04,391.07,385.33
300,351.78,350.2,354.7,356.19,356.18,358.66,357.83,360.76,382.1,390.71,385.42
301,351.76,350.17,354.68,356.18,356.17,358.67,357.82,360.78,382.15,390.58,385.5
302,351.74,350.15,354.68,356.17,356.16,358.67,357.83,360.79,382.21,390.87,385.58
303,351.72,350.12,354.66,356.15,356.15,358.66,357.83,360.82,382.24,391.51,385.66
304,351.71,350.1,354.64,356.15,356.15,358.66,357.83,360.84,382.31,391.45,385.76
305,351.69,350.07,354.64,356.13,356.13,358.64,357.84,360.85,382.36,391.16,385.85
306,351.65,350.04,354.6,356.13,356.12,358.64,357.83,360.87,382.45,391.29,385.98
307,351.63,350.0,354.58,356.11,356.11,358.63,357.84,360.89,382.54,391.42,386.08
308,351.61,349.98,354.57,356.09,356.1,358.62,357.85,360.91,382.58,391.54,386.15
309,351.58,349.97,354.56,356.08,356.09,358.61,357.85,360.92,382.64,391.83,386.16
310,351.56,349.94,354.54,356.07,356.08,358.61,357.84,360.95,382.69,392.08,386.17
311,351.54,349.91,354.52,356.05,356.06,358.6,357.84,360.97,382.74,392.39,386.18
312,351.51,349.89,354.51,356.05,356.05,358.61,357.84,360.99,382.78,392.35,386.23
313,351.5,349.87,354.49,356.04,356.05,358.6,357.84,361.01,382.83,392.33,386.29
314,351.48,349.84,354.47,356.03,356.03,358.6,357.85,361.02,382.89,392.43,386.35
315,351.43,349.8,354.44,356.01,356.01,358.59,357.84,361.04,382.96,392.46,386.4
316,351.4,349.76,354.42,356.0,355.99,358.58,357.86,361.07,383.04,392.71,386.52
317,351.39,349.75,354.4,355.99,356.0,358.57,357.85,361.08,383.09,392.7,386.61
318,351.37,349.74,354.39,355.98,355.99,358.57,357.86,361.09,383.14,392.43,386.68
319,351.34,349.71,354.38,355.98,355.98,358.56,357.86,361.12,383.2,392.25,386.75
320,351.33,349.69,354.37,355.97,355.97,358.56,357.87,361.15,383.25,392.15,386.83
321,351.31,349.67,354.35,355.96,355.97,358.55,357.87,361.16,383.3,392.13,386.9
322,351.3,349.66,354.32,355.95,355.96,358.55,357.88,361.18,383.35,392.44,386.98
323,351.27,349.64,354.32,355.94,355.95,358.53,357.89,361.2,383.41,393.22,387.07
324,351.23,349.6,354.28,355.93,355.93,358.54,357.89,361.24,383.49,393.77,387.24
325,351.21,349.56,354.27,355.92,355.91,358.54,357.89,361.25,383.56,393.7,387.42
326,351.18,349.55,354.25,355.92,355.91,358.54,357.9,361.27,383.62,393.55,387.51
327,351.17,349.53,354.23,355.9,355.89,358.52,357.9,361.28,383.67,393.39,387.57
328,351.15,349.5,354.23,355.88,355.9,358.52,357.9,361.31,383.73,393.26,387.63
329,351.13,349.48,354.21,355.88,355.88,358.51,357.91,361.33,383.78,393.21,387.66
330,351.11,349.46,354.19,355.86,355.86,358.51,357.9,361.34,383.83,393.09,387.7
331,351.09,349.45,354.18,355.84,355.86,358.5,357.91,361.36,383.87,392.77,387.75
332,351.08,349.43,354.17,355.83,355.86,358.5,357.91,361.38,383.92,392.42,387.78
333,351.04,349.4,354.14,355.82,355.84,358.49,357.91,361.41,383.99,392.25,387.81
334,351.01,349.36,354.11,355.82,355.82,358.49,357.91,361.41,384.07,392.21,387.86
335,351.0,349.34,354.1,355.79,355.82,358.47,357.92,361.43,384.11,392.38,387.88
336,350.98,349.33,354.09,355.77,355.81,358.47,357.93,361.45,384.16,392.1,387.91
337,350.96,349.31,354.08,355.76,355.81,358.47,357.93,361.47,384.2,391.99,387.92
338,350.94,349.29,354.06,355.75,355.79,358.46,357.93,361.48,384.24,392.24,387.93
339,350.9,349.27,354.05,355.73,355.78,358.45,357.93,361.51,384.28,392.83,387.94
340,350.89,349.24,354.03,355.74,355.77,358.45,357.93,361.55,384.32,393.58,387.99
341,350.88,349.22,354.01,355.72,355.76,358.44,357.93,361.56,384.36,393.73,388.05
342,350.86,349.19,354.0,355.71,355.75,358.45,357.95,361.58,384.44,393.82,388.17
343,350.82,349.16,353.98,355.7,355.74,358.45,357.95,361.61,384.51,394.03,388.29
344,350.81,349.14,353.95,355.68,355.73,358.45,357.94,361.63,384.57,394.29,388.38
345,350.8,349.12,353.95,355.68,355.72,358.44,357.96,361.64,384.62,394.14,388.48
346,350.77,349.11,353.94,355.66,355.73,358.44,357.97,361.66,384.67,393.91,388.57
347,350.76,349.09,353.93,355.65,355.71,358.43,357.97,361.69,384.73,393.78,388.65
348,350.75,349.06,353.91,355.63,355.7,358.42,357.97,361.71,384.77,394.24,388.71
349,350.73,349.05,353.9,355.62,355.7,358.42,357.98,361.73,384.82,394.8,388.79
350,350.72,349.04,353.89,355.62,355.69,358.42,357.99,361.74,384.88,395.27,388.87
351,350.69,349.0,353.87,355.6,355.67,358.42,357.98,361.76,384.95,395.44,388.98
352,350.66,348.98,353.85,355.58,355.66,358.41,357.99,361.78,385.01,394.88,389.09
353,350.65,348.95,353.83,355.57,355.65,358.41,357.99,361.8,385.06,394.58,389.14
354,350.63,348.94,353.82,355.56,355.64,358.41,357.99,361.81,385.12,394.38,389.2
355,350.61,348.93,353.8,355.55,355.63,358.41,357.98,361.85,385.16,394.32,389.24
356,350.59,348.91,353.79,355.54,355.63,358.4,357.98,361.86,385.2,394.32,389.28
357,350.57,348.88,353.77,355.53,355.61,358.39,357.97,361.87,385.23,394.42,389.29
358,350.55,348.85,353.75,355.5,355.61,358.38,357.97,361.88,385.29,394.62,389.31
359,350.53,348.84,353.76,355.49,355.61,358.38,357.97,361.91,385.33,394.94,389.33
360,350.5,348.81,353.72,355.47,355.59,358.37,357.97,361.93,385.39,395.53,389.38
361,350.48,348.78,353.7,355.46,355.58,358.37,357.97,361.96,385.47,395.48,389.47
362,350.45,348.75,353.69,355.44,355.56,358.37,357.97,361.97,385.5,395.3,389.52
363,350.44,348.73,353.68,355.43,355.55,358.36,357.98,361.99,385.55,394.67,389.57
364,350.41,348.72,353.66,355.42,355.54,358.36,357.99,362.02,385.59,393.94,389.61
365,350.39,348.69,353.65,355.41,355.53,358.35,358.0,362.04,385.65,393.84,389.64
366,350.37,348.67,353.64,355.38,355.52,358.34,358.0,362.05,385.69,393.93,389.69
367,350.35,348.65,353.61,355.38,355.51,358.34,358.01,362.08,385.73,393.63,389.75
368,350.33,348.63,353.6,355.37,355.51,358.33,358.0,362.11,385.78,393.39,389.79
369,350.31,348.6,353.59,355.36,355.5,358.33,358.02,362.13,385.85,393.37,389.81
370,350.27,348.58,353.56,355.36,355.49,358.32,358.03,362.15,385.91,393.47,389.81
371,350.26,348.55,353.55,355.35,355.48,358.32,358.03,362.18,385.96,393.75,389.82
372,350.23,348.53,353.53,355.34,355.47,358.31,358.03,362.2,386.0,394.02,389.83
373,350.22,348.51,353.5,355.33,355.45,358.31,358.03,362.22,386.02,394.05,389.84
374,350.19,348.49,353.49,355.32,355.45,358.31,358.04,362.23,386.07,394.3,389.85
375,350.17,348.47,353.49,355.3,355.44,358.3,358.04,362.26,386.12,394.51,389.87
376,350.16,348.45,353.47,355.29,355.44,358.3,358.05,362.29,386.17,394.66,389.89
377,350.14,348.44,353.46,355.28,355.41,358.3,358.04,362.31,386.2,394.95,389.91
378,350.11,348.4,353.43,355.26,355.41,358.29,358.05,362.32,386.28,395.1,390.0
379,350.09,348.38,353.43,355.25,355.4,358.29,358.07,362.34,386.35,395.45,390.1
380,350.08,348.36,353.41,355.23,355.4,358.28,358.06,362.37,386.39,395.66,390.15
381,350.05,348.34,353.39,355.23,355.38,358.28,358.06,362.39,386.44,395.92,390.2
382,350.04,348.32,353.38,355.22,355.37,358.28,358.07,362.4,386.49,396.18,390.27
383,350.02,348.3,353.37,355.2,355.37,358.28,358.08,362.44,386.54,396.49,390.33
384,350.0,348.28,353.34,355.19,355.35,358.28,358.08,362.46,386.58,396.38,390.39
385,349.99,348.26,353.35,355.17,355.36,358.27,358.1,362.47,386.64,395.97,390.43
386,349.97,348.23,353.32,355.16,355.34,358.28,358.09,362.49,386.68,395.79,390.45
387,349.94,348.21,353.31,355.16,355.33,358.27,358.09,362.52,386.74,395.75,390.51
388,349.92,348.18,353.29,355.14,355.32,358.27,358.11,362.54,386.82,396.06,390.59
389,349.9,348.16,353.28,355.12,355.31,358.26,358.11,362.56,386.85,396.33,390.62
390,349.87,348.14,353.25,355.12,355.3,358.26,358.11,362.58,386.89,396.31,390.67
391,349.85,348.13,353.24,355.11,355.3,358.26,358.12,362.61,386.93,396.55,390.73
392,349.83,348.1,353.22,355.08,355.29,358.25,358.11,362.63,386.97,397.1,390.78
393,349.82,348.07,353.21,355.07,355.27,358.25,358.12,362.65,387.02,397.27,390.85
394,349.82,348.07,353.21,355.07,355.28,358.24,358.14,362.67,387.07,397.22,390.91
395,349.79,348.05,353.2,355.05,355.27,358.24,358.15,362.7,387.11,397.34,390.95
396,349.75,348.02,353.17,355.05,355.25,358.24,358.15,362.73,387.18,397.37,390.97
397,349.74,347.99,353.15,355.04,355.23,358.24,358.16,362.75,387.24,397.48,391.01
398,349.72,347.98,353.14,355.03,355.23,358.23,358.17,362.76,387.28,397.39,391.04
399,349.7,347.96,353.13,355.02,355.22,358.23,358.17,362.79,387.33,397.42,391.08
400,349.69,347.94,353.11,355.01,355.22,358.23,358.18,362.82,387.36,397.91,391.13
401,349.66,347.92,353.1,355.0,355.21,358.23,358.18,362.84,387.41,398.26,391.22
402,349.64,347.89,353.08,354.99,355.2,358.22,358.19,362.86,387.46,398.29,391.32
403,349.62,347.88,353.06,354.99,355.19,358.22,358.2,362.89,387.51,398.13,391.46
404,349.6,347.86,353.05,354.97,355.19,358.2,358.21,362.92,387.55,397.62,391.56
405,349.57,347.83,353.02,354.96,355.17,358.2,358.21,362.94,387.61,397.4,391.68
406,349.54,347.8,353.0,354.96,355.15,358.2,358.22,362.96,387.69,397.42,391.76
407,349.53,347.79,352.99,354.94,355.14,358.19,358.23,362.97,387.74,397.24,391.79
408,349.51,347.78,352.98,354.94,355.15,358.19,358.23,363.0,387.78,396.63,391.81
409,349.49,347.76,352.97,354.93,355.15,358.19,358.25,363.02,387.82,396.49,391.82
410,349.47,347.75,352.95,354.92,355.14,358.19,358.26,363.04,387.84,396.65,391.82
411,349.46,347.71,352.92,354.91,355.11,358.19,358.25,363.07,387.88,397.15,391.83
412,349.44,347.7,352.92,354.89,355.11,358.18,358.26,363.09,387.93,397.59,391.85
413,349.42,347.69,352.9,354.89,355.1,358.18,358.26,363.11,387.96,397.76,391.89
414,349.4,347.66,352.89,354.87,355.09,358.18,358.29,363.13,388.03,398.14,391.96
415,349.36,347.63,352.86,354.87,355.08,358.18,358.29,363.16,388.08,398.53,392.04
416,349.35,347.61,352.85,354.86,355.07,358.18,358.3,363.19,388.12,398.74,392.13
417,349.34,347.59,352.83,354.85,355.07,358.17,358.31,363.22,388.17,398.7,392.24
418,349.31,347.58,352.82,354.84,355.06,358.18,358.32,363.24,388.22,398.58,392.35
419,349.3,347.56,352.81,354.83,355.05,358.17,358.33,363.26,388.26,397.94,392.44
420,349.28,347.54,352.79,354.81,355.04,358.17,358.33,363.28,388.31,397.43,392.49
421,349.27,347.52,352.77,354.8,355.03,358.17,358.34,363.31,388.34,397.45,392.52
422,349.25,347.51,352.76,354.8,355.02,358.17,358.35,363.34,388.39,397.78,392.55
423,349.22,347.48,352.75,354.79,355.01,358.18,358.36,363.36,388.45,398.27,392.58
424,349.2,347.46,352.73,354.77,355.0,358.18,358.37,363.39,388.5,398.42,392.65
425,349.18,347.44,352.72,354.76,354.99,358.17,358.37,363.4,388.54,398.33,392.71
426,349.17,347.42,352.7,354.74,354.99,358.16,358.39,363.42,388.57,398.26,392.76
427,349.15,347.4,352.69,354.74,354.98,358.16,358.39,363.45,388.63,398.56,392.82
428,349.14,347.39,352.68,354.72,354.97,358.17,358.4,363.47,388.68,398.44,392.9
429,349.12,347.37,352.67,354.71,354.97,358.16,358.41,363.5,388.71,398.39,392.98
430,349.11,347.36,352.66,354.71,354.96,358.17,358.41,363.52,388.75,398.47,393.05
431,349.09,347.34,352.64,354.69,354.95,358.16,358.42,363.55,388.8,398.98,393.11
432,349.06,347.3,352.61,354.67,354.94,358.15,358.43,363.58,388.86,399.19,393.2
433,349.05,347.28,352.59,354.67,354.93,358.16,358.45,363.6,388.92,399.33,393.29
434,349.03,347.26,352.59,354.66,354.93,358.16,358.45,363.62,388.97,399.28,393.33
435,349.02,347.25,352.58,354.65,354.93,358.15,358.46,363.64,389.01,399.27,393.34
436,349.0,347.23,352.57,354.62,354.91,358.15,358.46,363.67,389.05,399.16,393.35
437,348.98,347.21,352.55,354.62,354.91,358.15,358.48,363.68,389.08,398.83,393.33
438,348.96,347.2,352.54,354.62,354.91,358.15,358.48,363.7,389.12,398.61,393.33
439,348.95,347.18,352.53,354.6,354.9,358.15,358.49,363.73,389.15,398.44,393.32
440,348.93,347.16,352.51,354.58,354.89,358.15,358.48,363.76,389.18,398.22,393.31
441,348.91,347.14,352.49,354.58,354.88,358.15,358.49,363.77,389.23,398.19,393.28
442,348.89,347.12,352.48,354.57,354.87,358.15,358.51,363.79,389.29,398.34,393.25
443,348.88,347.1,352.47,354.55,354.87,358.14,358.52,363.82,389.33,398.49,393.2
444,348.85,347.08,352.46,354.54,354.86,358.14,358.52,363.85,389.35,398.9,393.19
445,348.83,347.06,352.43,354.53,354.84,358.15,358.52,363.87,389.39,398.92,393.21
446,348.81,347.04,352.42,354.53,354.83,358.15,358.52,363.89,389.43,399.03,393.24
447,348.8,347.02,352.41,354.52,354.84,358.15,358.53,363.92,389.47,399.19,393.3
448,348.77,347.01,352.4,354.5,354.83,358.14,358.53,363.94,389.5,399.12,393.36
449,348.76,346.99,352.39,354.51,354.81,358.15,358.53,363.96,389.55,399.08,393.43
450,348.73,346.95,352.36,354.48,354.8,358.14,358.55,363.99,389.62,398.91,393.52
451,348.71,346.94,352.36,354.47,354.8,358.14,358.56,364.01,389.68,398.91,393.57
452,348.69,346.92,352.34,354.45,354.79,358.14,358.56,364.04,389.7,399.41,393.55
453,348.68,346.9,352.33,354.45,354.78,358.14,358.58,364.06,389.75,399.57,393.53
454,348.65,346.89,352.31,354.45,354.77,358.14,358.58,364.07,389.77,399.76,393.5
455,348.64,346.86,352.29,354.43,354.76,358.13,358.59,364.1,389.81,400.04,393.47
456,348.64,346.86,352.29,354.42,354.76,358.13,358.6,364.13,389.84,400.18,393.46
457,348.62,346.84,352.28,354.4,354.76,358.13,358.62,364.14,389.88,400.4,393.43
458,348.58,346.82,352.26,354.4,354.74,358.13,358.62,364.17,389.91,400.96,393.41
459,348.57,346.79,352.24,354.39,354.74,358.13,358.62,364.21,389.96,401.4,393.44
460,348.54,346.76,352.23,354.38,354.73,358.13,358.64,364.23,390.02,400.82,393.49
461,348.53,346.75,352.21,354.36,354.72,358.13,358.64,364.25,390.06,400.31,393.54
462,348.51,346.73,352.2,354.37,354.72,358.14,358.65,364.27,390.1,400.37,393.57
463,348.5,346.72,352.19,354.35,354.71,358.14,358.66,364.3,390.14,400.78,393.6
464,348.47,346.7,352.17,354.34,354.7,358.13,358.66,364.32,390.18,400.69,393.64
465,348.46,346.69,352.16,354.33,354.7,358.13,358.67,364.34,390.21,400.71,393.68
466,348.44,346.67,352.15,354.3,354.69,358.13,358.67,364.36,390.25,400.68,393.7
467,348.42,346.65,352.14,354.3,354.68,358.13,358.68,364.39,390.28,400.82,393.72
468,348.4,346.62,352.1,354.28,354.66,358.12,358.69,364.41,390.32,401.08,393.72
469,348.38,346.6,352.1,354.27,354.66,358.12,358.7,364.43,390.38,401.02,393.74
470,348.36,346.57,352.09,354.26,354.65,358.12,358.72,364.45,390.41,401.13,393.75
471,348.34,346.56,352.07,354.25,354.65,358.12,358.73,364.48,390.44,400.98,393.77
472,348.32,346.55,352.06,354.24,354.63,358.12,358.74,364.5,390.47,400.77,393.8
473,348.3,346.52,352.04,354.23,354.63,358.11,358.74,364.53,390.5,400.77,393.86
474,348.29,346.5,352.02,354.22,354.62,358.12,358.74,364.54,390.54,400.89,393.91
475,348.27,346.49,352.01,354.21,354.61,358.11,358.76,364.57,390.59,401.33,394.0
476,348.26,346.48,352.0,354.19,354.61,358.11,358.76,364.6,390.62,401.82,394.09
477,348.24,346.46,351.98,354.19,354.61,358.1,358.78,364.61,390.68,402.07,394.24
478,348.22,346.43,351.96,354.18,354.6,358.11,358.79,364.64,390.75,401.94,394.36
479,348.2,346.42,351.95,354.17,354.59,358.11,358.8,364.66,390.78,401.34,394.43
480,348.18,346.4,351.94,354.16,354.58,358.11,358.82,364.7,390.83,401.11,394.49
481,348.17,346.39,351.93,354.15,354.58,358.1,358.82,364.71,390.86,401.36,394.52
482,348.15,346.37,351.91,354.14,354.57,358.1,358.83,364.73,390.9,401.56,394.58
483,348.13,346.34,351.9,354.13,354.57,358.11,358.83,364.76,390.93,401.74,394.66
484,348.12,346.33,351.88,354.12,354.55,358.1,358.83,364.78,390.97,402.0,394.73
485,348.1,346.31,351.86,354.11,354.54,358.11,358.85,364.81,391.01,402.16,394.8
486,348.07,346.28,351.85,354.09,354.53,358.1,358.86,364.82,391.07,401.79,394.9
487,348.04,346.24,351.83,354.08,354.52,358.1,358.87,364.85,391.11,401.29,394.98
488,348.02,346.23,351.81,354.08,354.51,358.1,358.88,364.89,391.15,401.23,395.02
489,348.0,346.22,351.8,354.06,354.5,358.1,358.89,364.9,391.2,401.64,395.05
490,347.99,346.2,351.78,354.06,354.49,358.11,358.89,364.92,391.23,401.88,395.11
491,347.97,346.18,351.78,354.05,354.49,358.11,358.9,364.96,391.28,402.15,395.18
492,347.96,346.17,351.75,354.04,354.48,358.1,358.91,364.98,391.31,402.56,395.26
493,347.93,346.14,351.74,354.03,354.47,358.09,358.92,365.0,391.35,402.82,395.35
494,347.92,346.13,351.72,354.03,354.47,358.1,358.93,365.03,391.39,402.91,395.46
495,347.9,346.11,351.71,354.02,354.45,358.1,358.95,365.06,391.45,402.94,395.61
496,347.87,346.08,351.69,354.02,354.45,358.1,358.97,365.09,391.51,402.87,395.74
497,347.85,346.08,351.68,354.01,354.44,358.1,358.97,365.1,391.55,402.9,395.81
498,347.84,346.07,351.67,353.99,354.43,358.1,358.99,365.12,391.59,402.94,395.88
499,347.82,346.04,351.65,353.98,354.42,358.09,358.99,365.14,391.62,402.61,395.97
500,347.81,346.03,351.64,353.98,354.42,358.09,359.01,365.18,391.65,402.42,396.06
501,347.79,346.03,351.62,353.97,354.41,358.09,359.02,365.2,391.69,402.56,396.13
502,347.77,346.0,351.6,353.96,354.41,358.09,359.02,365.22,391.72,402.67,396.17
503,347.75,345.98,351.61,353.95,354.41,358.09,359.05,365.24,391.77,402.5,396.23
504,347.74,345.97,351.58,353.94,354.39,358.09,359.05,365.26,391.81,402.3,396.3
505,347.71,345.94,351.56,353.93,354.38,358.09,359.06,365.28,391.86,402.12,396.34
506,347.69,345.92,351.55,353.93,354.38,358.1,359.08,365.3,391.89,401.77,396.34
507,347.67,345.91,351.53,353.91,354.37,358.09,359.08,365.33,391.93,401.39,396.33
508,347.66,345.89,351.52,353.89,354.36,358.09,359.08,365.36,391.95,401.11,396.29
509,347.64,345.89,351.51,353.89,354.36,358.1,359.1,365.37,391.98,401.09,396.26
510,347.63,345.86,351.5,353.88,354.35,358.1,359.11,365.4,392.01,401.09,396.22
511,347.61,345.85,351.5,353.87,354.35,358.1,359.12,365.44,392.04,401.6,396.2
512,347.6,345.84,351.47,353.85,354.34,358.1,359.12,365.47,392.07,402.19,396.21
513,347.58,345.81,351.46,353.84,354.33,358.1,359.14,365.48,392.12,402.51,396.24
514,347.55,345.79,351.44,353.84,354.32,358.11,359.16,365.5,392.17,402.72,396.29
515,347.53,345.77,351.42,353.83,354.31,358.11,359.15,365.53,392.2,402.95,396.31
516,347.51,345.75,351.4,353.81,354.31,358.1,359.16,365.56,392.23,403.27,396.35
517,347.49,345.73,351.4,353.81,354.29,358.11,359.17,365.57,392.26,403.61,396.39
518,347.48,345.73,351.38,353.81,354.29,358.1,359.18,365.59,392.29,403.72,396.45
519,347.46,345.7,351.37,353.79,354.28,358.11,359.18,365.62,392.32,403.58,396.5
520,347.45,345.69,351.35,353.77,354.27,358.1,359.2,365.64,392.36,403.53,396.54
521,347.43,345.66,351.34,353.77,354.26,358.1,359.2,365.67,392.39,403.53,396.57
522,347.41,345.65,351.31,353.76,354.26,358.1,359.22,365.69,392.44,403.63,396.62
523,347.37,345.62,351.3,353.76,354.25,358.1,359.25,365.72,392.48,403.83,396.64
524,347.36,345.6,351.29,353.75,354.24,358.11,359.25,365.75,392.5,403.96,396.64
525,347.35,345.6,351.28,353.74,354.24,358.1,359.27,365.78,392.55,403.89,396.65
526,347.34,345.58,351.28,353.73,354.23,358.11,359.28,365.8,392.58,404.01,396.66
527,347.32,345.57,351.26,353.72,354.22,358.11,359.29,365.82,392.61,403.89,396.67
528,347.31,345.55,351.25,353.71,354.22,358.12,359.31,365.86,392.63,403.79,396.66
529,347.3,345.54,351.24,353.7,354.22,358.12,359.32,365.88,392.67,403.72,396.66
530,347.28,345.52,351.22,353.69,354.21,358.12,359.35,365.9,392.71,403.54,396.65
531,347.26,345.49,351.21,353.68,354.2,358.13,359.36,365.93,392.75,403.47,396.65
532,347.25,345.48,351.2,353.67,354.2,358.12,359.37,365.95,392.79,403.81,396.65
533,347.23,345.48,351.19,353.67,354.2,358.13,359.38,365.98,392.81,404.11,396.67
534,347.22,345.45,351.16,353.66,354.18,358.15,359.39,366.01,392.83,404.28,396.69
535,347.21,345.44,351.16,353.64,354.18,358.14,359.41,366.03,392.88,404.44,396.74
536,347.2,345.44,351.16,353.64,354.19,358.14,359.43,366.05,392.91,404.54,396.8
537,347.18,345.42,351.13,353.62,354.18,358.15,359.43,366.07,392.94,404.55,396.84
538,347.16,345.4,351.12,353.62,354.16,358.15,359.43,366.09,392.97,404.57,396.91
539,347.14,345.37,351.1,353.6,354.15,358.14,359.43,366.11,393.01,404.49,397.0
540,347.11,345.35,351.07,353.58,354.13,358.14,359.43,366.13,393.07,404.38,397.09
541,347.09,345.33,351.06,353.58,354.12,358.14,359.43,366.16,393.11,404.83,397.16
542,347.08,345.31,351.05,353.57,354.12,358.15,359.45,366.18,393.14,405.59,397.25
543,347.07,345.3,351.04,353.56,354.12,358.14,359.45,366.2,393.18,405.85,397.33
544,347.05,345.28,351.04,353.54,354.1,358.14,359.38,366.24,393.22,405.47,397.39
545,347.03,345.26,351.01,353.53,354.1,358.14,359.46,366.25,393.26,405.15,397.43
546,347.02,345.25,351.01,353.52,354.09,358.15,359.47,366.26,393.3,404.87,397.45
547,347.0,345.24,351.0,353.51,354.1,358.14,359.48,366.29,393.34,405.17,397.46
548,346.99,345.22,350.99,353.49,354.09,358.14,359.5,366.32,393.4,405.92,397.51
549,346.96,345.2,350.96,353.5,354.08,358.14,359.52,366.34,393.45,406.2,397.57
550,346.94,345.16,350.94,353.49,354.07,358.15,359.53,366.36,393.48,406.59,397.63
551,346.93,345.16,350.94,353.47,354.07,358.14,359.54,366.38,393.52,407.2,397.71
552,346.9,345.13,350.91,353.46,354.05,358.15,359.54,366.42,393.54,407.58,397.78
553,346.91,345.12,350.91,353.44,354.07,358.15,359.54,366.44,393.58,407.9,397.87
554,346.87,345.1,350.9,353.44,354.05,358.15,359.56,366.45,393.6,408.02,397.94
555,346.86,345.09,350.88,353.44,354.05,358.16,359.58,366.49,393.65,407.98,398.01
556,346.85,345.08,350.88,353.43,354.04,358.18,359.59,366.52,393.67,408.22,398.08
557,346.83,345.05,350.86,353.42,354.04,358.16,359.6,366.54,393.71,408.17,398.12
558,346.81,345.04,350.85,353.4,354.03,358.15,359.62,366.55,393.76,407.86,398.22
559,346.78,345.01,350.82,353.39,354.01,358.15,359.63,366.57,393.82,407.22,398.31
560,346.77,345.01,350.81,353.39,354.01,358.16,359.64,366.61,393.86,406.78,398.37
561,346.76,345.0,350.81,353.38,354.02,358.17,359.67,366.63,393.88,406.77,398.4
562,346.74,344.98,350.79,353.38,354.01,358.17,359.67,366.65,393.92,406.93,398.43
563,346.72,344.96,350.77,353.37,354.0,358.16,359.68,366.67,393.94,406.95,398.49
564,346.71,344.96,350.77,353.36,353.99,358.17,359.69,366.7,393.98,406.69,398.53
565,346.7,344.94,350.75,353.35,353.98,358.16,359.71,366.72,394.01,406.47,398.58
566,346.67,344.92,350.73,353.35,353.98,358.16,359.72,366.74,394.05,406.42,398.64
567,346.64,344.9,350.71,353.33,353.96,358.16,359.75,366.77,394.09,406.76,398.69
568,346.63,344.88,350.7,353.32,353.96,358.17,359.76,366.8,394.13,407.52,398.74
569,346.61,344.87,350.69,353.32,353.95,358.18,359.76,366.83,394.16,408.03,398.77
570,346.59,344.86,350.67,353.31,353.96,358.17,359.78,366.85,394.18,408.15,398.81
571,346.58,344.83,350.66,353.3,353.94,358.18,359.78,366.87,394.2,408.09,398.84
572,346.57,344.82,350.65,353.29,353.94,358.18,359.8,366.9,394.23,408.15,398.89
573,346.55,344.81,350.63,353.29,353.93,358.18,359.8,366.92,394.27,408.27,398.94
574,346.54,344.79,350.62,353.28,353.93,358.17,359.82,366.92,394.3,408.07,398.99
575,346.53,344.77,350.61,353.27,353.92,358.19,359.82,366.96,394.32,407.65,399.02
576,346.5,344.76,350.59,353.26,353.91,358.18,359.84,367.0,394.37,407.32,399.03
577,346.48,344.73,350.58,353.25,353.9,358.19,359.86,367.01,394.41,407.45,399.0
578,346.47,344.72,350.56,353.24,353.9,358.19,359.88,367.03,394.44,407.64,399.01
579,346.44,344.71,350.56,353.23,353.9,358.2,359.89,367.07,394.46,408.02,399.02
580,346.43,344.69,350.54,353.22,353.89,358.21,359.9,367.1,394.5,407.95,399.04
581,346.42,344.68,350.54,353.21,353.9,358.21,359.92,367.11,394.53,408.0,399.05
582,346.4,344.66,350.52,353.2,353.89,358.2,359.92,367.13,394.55,408.04,399.05
583,346.39,344.65,350.51,353.2,353.87,358.21,359.93,367.16,394.58,408.09,399.05
584,346.36,344.62,350.49,353.19,353.87,358.21,359.94,367.19,394.63,408.39,399.08
585,346.35,344.6,350.47,353.18,353.86,358.21,359.97,367.2,394.68,408.83,399.15
586,346.33,344.59,350.45,353.19,353.86,358.22,359.97,367.23,394.72,409.12,399.21
587,346.31,344.57,350.44,353.17,353.85,358.22,359.98,367.26,394.73,409.12,399.27
588,346.28,344.55,350.43,353.17,353.84,358.23,359.99,367.28,394.77,408.75,399.32
589,346.28,344.54,350.41,353.16,353.84,358.23,360.0,367.31,394.8,408.52,399.35
590,346.28,344.53,350.41,353.15,353.83,358.23,360.02,367.33,394.84,408.42,399.36
591,346.25,344.52,350.4,353.14,353.83,358.24,360.03,367.35,394.86,408.86,399.36
592,346.24,344.5,350.38,353.12,353.82,358.23,360.03,367.38,394.9,409.47,399.38
593,346.22,344.47,350.37,353.11,353.82,358.23,360.06,367.39,394.95,409.47,399.45
594,346.21,344.46,350.36,353.1,353.81,358.24,360.08,367.42,395.0,409.12,399.49
595,346.2,344.45,350.34,353.1,353.81,358.25,360.09,367.45,395.03,408.64,399.49
596,346.18,344.42,350.33,353.1,353.8,358.25,360.12,367.47,395.05,408.58,399.44
597,346.16,344.42,350.32,353.07,353.8,358.25,360.12,367.49,395.08,408.59,399.41
598,346.16,344.4,350.31,353.07,353.79,358.26,360.13,367.51,395.1,408.67,399.39
599,346.14,344.39,350.3,353.05,353.79,358.26,360.13,367.54,395.12,408.76,399.37
600,346.13,344.37,350.28,353.04,353.78,358.27,360.15,367.56,395.14,408.63,399.35
601,346.12,344.36,350.27,353.03,353.78,358.27,360.17,367.58,395.17,408.46,399.34
602,346.1,344.35,350.26,353.01,353.77,358.27,360.17,367.6,395.2,408.13,399.33
603,346.08,344.32,350.24,353.0,353.76,358.27,360.18,367.62,395.23,407.4,399.3
604,346.05,344.3,350.22,353.0,353.74,358.29,360.18,367.65,395.25,406.96,399.3
605,346.04,344.28,350.21,352.99,353.73,358.28,360.18,367.68,395.28,406.55,399.33
606,346.03,344.27,350.19,352.98,353.73,358.28,360.19,367.69,395.32,406.18,399.34
607,346.0,344.26,350.19,352.97,353.72,358.29,360.2,367.73,395.35,406.1,399.35
608,345.99,344.24,350.17,352.97,353.71,358.3,360.2,367.75,395.37,405.65,399.35
609,345.98,344.24,350.16,352.96,353.72,358.3,360.22,367.77,395.41,405.46,399.33
610,345.97,344.23,350.16,352.95,353.72,358.29,360.23,367.79,395.44,405.29,399.3
611,345.95,344.21,350.15,352.93,353.71,358.31,360.25,367.82,395.49,405.48,399.25
612,345.92,344.2,350.13,352.92,353.7,358.3,360.26,367.84,395.52,405.58,399.2
613,345.91,344.17,350.12,352.91,353.7,358.3,360.26,367.85,395.55,405.73,399.21
614,345.89,344.15,350.11,352.9,353.68,358.31,360.28,367.88,395.57,406.1,399.22
615,345.87,344.13,350.09,352.89,353.67,358.32,360.28,367.92,395.6,406.42,399.25
616,345.85,344.11,350.08,352.88,353.66,358.32,360.29,367.95,395.63,406.65,399.28
617,345.84,344.09,350.06,352.87,353.66,358.33,360.3,367.97,395.65,406.87,399.34
618,345.81,344.08,350.04,352.87,353.65,358.32,360.32,367.99,395.68,406.93,399.42
619,345.81,344.06,350.03,352.85,353.65,358.33,360.33,368.01,395.71,406.76,399.49
620,345.78,344.05,350.02,352.84,353.65,358.33,360.36,368.04,395.76,406.48,399.55
621,345.76,344.03,350.0,352.85,353.64,358.32,360.37,368.05,395.81,406.26,399.59
622,345.74,344.02,349.99,352.84,353.64,358.33,360.39,368.08,395.83,406.26,399.6
623,345.73,344.01,349.98,352.83,353.64,358.33,360.4,368.1,395.86,406.07,399.61
624,345.72,344.0,349.96,352.81,353.64,358.33,360.43,368.12,395.89,405.83,399.63
625,345.71,343.99,349.95,352.82,353.63,358.33,360.43,368.14,395.92,405.9,399.64
626,345.69,343.97,349.95,352.82,353.64,358.33,360.45,368.17,395.94,406.04,399.66
627,345.68,343.96,349.93,352.81,353.62,358.34,360.46,368.2,395.97,406.41,399.67
628,345.66,343.95,349.92,352.8,353.63,358.34,360.47,368.23,396.0,406.9,399.71
629,345.65,343.93,349.9,352.8,353.62,358.35,360.48,368.24,396.02,407.38,399.75
630,345.62,343.91,349.89,352.8,353.6,358.35,360.51,368.27,396.05,407.7,399.83
631,345.6,343.89,349.88,352.79,353.6,358.36,360.53,368.29,396.08,407.85,399.88
632,345.58,343.88,349.85,352.77,353.59,358.37,360.54,368.32,396.11,408.15,399.88
633,345.58,343.86,349.85,352.76,353.59,358.36,360.55,368.35,396.15,408.5,399.88
634,345.56,343.85,349.83,352.76,353.58,358.37,360.56,368.37,396.16,408.59,399.87
635,345.55,343.82,349.82,352.75,353.57,358.38,360.58,368.39,396.19,408.55,399.86
636,345.54,343.83,349.82,352.73,353.58,358.38,360.6,368.42,396.22,408.21,399.86
637,345.54,343.81,349.81,352.72,353.59,358.38,360.6,368.44,396.25,407.96,399.86
638,345.51,343.79,349.79,352.71,353.57,358.39,360.63,368.45,396.29,407.81,399.88
639,345.49,343.77,349.77,352.71,353.57,358.39,360.65,368.48,396.32,407.76,399.9
640,345.47,343.76,349.76,352.7,353.56,358.39,360.66,368.51,396.36,407.95,399.93
641,345.46,343.73,349.75,352.69,353.56,358.4,360.66,368.53,396.37,407.78,399.97
642,345.44,343.73,349.74,352.69,353.56,358.4,360.68,368.55,396.4,407.42,400.0
643,345.43,343.72,349.73,352.67,353.55,358.41,360.69,368.58,396.44,407.12,400.02
644,345.42,343.7,349.72,352.66,353.55,358.41,360.71,368.6,396.45,407.34,400.02
645,345.4,343.69,349.71,352.66,353.55,358.41,360.72,368.63,396.48,407.26,399.99
646,345.38,343.67,349.7,352.65,353.54,358.42,360.72,368.64,396.51,407.03,399.97
647,345.37,343.67,349.68,352.65,353.54,358.43,360.74,368.67,396.52,407.09,399.93
648,345.34,343.64,349.67,352.64,353.53,358.42,360.75,368.7,396.56,407.33,399.88
649,345.32,343.62,349.66,352.64,353.52,358.44,360.78,368.73,396.6,407.61,399.83
650,345.31,343.6,349.65,352.63,353.52,358.43,360.79,368.74,396.63,407.76,399.79
651,345.3,343.6,349.64,352.62,353.51,358.44,360.8,368.77,396.65,407.85,399.76
652,345.28,343.59,349.63,352.6,353.51,358.44,360.81,368.8,396.67,407.83,399.75
653,345.26,343.57,349.6,352.6,353.5,358.44,360.81,368.81,396.69,407.78,399.73
654,345.24,343.56,349.61,352.59,353.5,358.45,360.82,368.83,396.71,407.9,399.69
655,345.24,343.54,349.59,352.59,353.5,358.46,360.83,368.86,396.74,408.32,399.66
656,345.22,343.52,349.58,352.58,353.49,358.47,360.86,368.9,396.77,408.66,399.63
657,345.19,343.5,349.56,352.57,353.48,358.47,360.87,368.91,396.8,408.68,399.63
658,345.17,343.5,349.55,352.57,353.48,358.47,360.89,368.92,396.83,408.81,399.63
659,345.16,343.47,349.53,352.55,353.47,358.48,360.9,368.96,396.85,409.42,399.64
660,345.14,343.46,349.52,352.55,353.47,358.49,360.92,368.99,396.89,409.76,399.69
661,345.14,343.45,349.51,352.54,353.47,358.49,360.92,369.01,396.91,410.16,399.75
662,345.12,343.44,349.5,352.54,353.46,358.49,360.94,369.03,396.93,410.5,399.82
663,345.1,343.44,349.49,352.53,353.46,358.5,360.95,369.06,396.97,410.54,399.88
664,345.1,343.42,349.48,352.52,353.46,358.51,360.96,369.08,396.99,410.33,399.92
665,345.08,343.41,349.47,352.52,353.45,358.51,360.97,369.11,397.02,410.17,399.96
666,345.06,343.4,349.46,352.52,353.45,358.51,360.99,369.12,397.07,410.14,400.01
667,345.04,343.38,349.44,352.5,353.43,358.51,361.0,369.14,397.11,410.09,400.06
668,345.02,343.36,349.43,352.5,353.43,358.52,361.01,369.17,397.15,410.07,400.12
669,345.0,343.35,349.41,352.49,353.43,358.52,361.02,369.19,397.18,409.86,400.18
670,344.99,343.34,349.4,352.49,353.41,358.53,361.03,369.21,397.2,409.56,400.23
671,344.98,343.33,349.39,352.47,353.42,358.53,361.04,369.23,397.23,409.04,400.29
672,344.97,343.32,349.38,352.46,353.41,358.53,361.05,369.26,397.25,408.99,400.31
673,344.95,343.31,349.37,352.45,353.42,358.53,361.06,369.27,397.28,408.88,400.33
674,344.93,343.3,349.36,352.45,353.4,358.54,361.08,369.3,397.32,408.83,400.35
675,344.9,343.27,349.33,352.44,353.39,358.54,361.11,369.33,397.35,409.14,400.37
676,344.9,343.26,349.32,352.43,353.39,358.56,361.11,369.36,397.38,409.66,400.4
677,344.88,343.25,349.31,352.42,353.39,358.56,361.13,369.37,397.41,409.74,400.42
678,344.88,343.24,349.3,352.41,353.38,358.56,361.13,369.4,397.43,409.51,400.45
679,344.85,343.22,349.29,352.4,353.37,358.57,361.15,369.42,397.46,408.88,400.47
680,344.84,343.22,349.28,352.4,353.38,358.57,361.16,369.44,397.47,409.08,400.48
681,344.83,343.2,349.27,352.39,353.38,358.58,361.17,369.47,397.5,409.68,400.54
682,344.81,343.19,349.26,352.38,353.37,358.57,361.19,369.47,397.55,410.1,400.59
683,344.8,343.18,349.25,352.37,353.37,358.58,361.2,369.51,397.57,410.07,400.68
684,344.78,343.16,349.23,352.35,353.36,358.58,361.22,369.53,397.62,409.93,400.75
685,344.76,343.13,349.21,352.35,353.35,358.6,361.22,369.56,397.66,410.06,400.78
686,344.73,343.13,349.2,352.34,353.34,358.59,361.24,369.57,397.68,409.97,400.77
687,344.72,343.1,349.19,352.33,353.33,358.6,361.25,369.6,397.71,409.58,400.78
688,344.71,343.09,349.18,352.31,353.33,358.6,361.27,369.62,397.74,409.11,400.79
689,344.69,343.08,349.16,352.32,353.32,358.61,361.27,369.64,397.76,408.88,400.8
690,344.69,343.06,349.15,352.31,353.31,358.61,361.28,369.66,397.78,408.74,400.81
691,344.67,343.06,349.14,352.31,353.31,358.62,361.31,369.69,397.81,409.14,400.83
692,344.65,343.04,349.12,352.3,353.31,358.63,361.31,369.72,397.85,409.98,400.88
693,344.62,343.02,349.11,352.29,353.31,358.63,361.33,369.73,397.88,410.51,400.98
694,344.62,343.0,349.1,352.28,353.31,358.63,361.35,369.75,397.89,410.74,401.06
695,344.6,343.0,349.09,352.27,353.3,358.63,361.36,369.78,397.92,410.44,401.15
696,344.59,342.99,349.07,352.26,353.3,358.64,361.37,369.8,397.94,410.23,401.22
697,344.58,342.98,349.06,352.25,353.29,358.65,361.39,369.82,397.96,410.08,401.29
698,344.56,342.96,349.05,352.25,353.29,358.65,361.4,369.85,398.0,410.28,401.36
699,344.55,342.95,349.04,352.24,353.28,358.65,361.41,369.87,398.02,411.01,401.41
700,344.54,342.94,349.03,352.23,353.28,358.67,361.43,369.9,398.04,411.1,401.48
701,344.52,342.92,349.02,352.23,353.27,358.68,361.44,369.91,398.08,411.1,401.58
702,344.49,342.91,349.0,352.22,353.26,358.67,361.46,369.92,398.11,410.94,401.65
703,344.48,342.88,348.98,352.21,353.25,358.68,361.47,369.96,398.13,410.8,401.69
704,344.47,342.87,348.97,352.2,353.25,358.69,361.48,369.98,398.16,410.83,401.74
705,344.46,342.87,348.96,352.19,353.26,358.7,361.51,370.0,398.2,410.84,401.78
706,344.45,342.86,348.95,352.18,353.24,358.69,361.51,370.02,398.21,410.68,401.8
707,344.43,342.85,348.95,352.18,353.25,358.71,361.52,370.05,398.24,410.25,401.81
708,344.42,342.83,348.93,352.16,353.23,358.71,361.53,370.07,398.27,409.93,401.81
709,344.41,342.83,348.91,352.15,353.23,358.71,361.54,370.09,398.29,409.94,401.81
710,344.39,342.81,348.9,352.14,353.23,358.72,361.56,370.1,398.32,409.9,401.83
711,344.38,342.8,348.88,352.13,353.23,358.72,361.59,370.14,398.37,409.82,401.81
712,344.37,342.79,348.88,352.12,353.22,358.72,361.6,370.15,398.38,409.66,401.78
713,344.36,342.78,348.87,352.11,353.23,358.73,361.62,370.17,398.42,409.28,401.74
714,344.34,342.76,348.86,352.11,353.22,358.74,361.63,370.2,398.44,409.03,401.7
715,344.33,342.75,348.84,352.1,353.21,358.74,361.64,370.23,398.45,408.92,401.68
716,344.32,342.74,348.83,352.08,353.21,358.74,361.64,370.25,398.48,409.02,401.68
717,344.3,342.73,348.83,352.08,353.21,358.75,361.66,370.27,398.5,409.06,401.72
718,344.29,342.72,348.81,352.08,353.2,358.76,361.68,370.3,398.52,409.04,401.76
719,344.26,342.7,348.8,352.06,353.2,358.77,361.69,370.33,398.56,409.21,401.82
720,344.24,342.68,348.78,352.05,353.19,358.77,361.71,370.34,398.59,409.13,401.85
721,344.23,342.66,348.77,352.04,353.19,358.76,361.73,370.35,398.62,409.02,401.86
722,344.22,342.66,348.77,352.03,353.2,358.76,361.74,370.37,398.66,409.14,401.87
723,344.21,342.65,348.76,352.03,353.2,358.78,361.76,370.4,398.68,409.09,401.87
724,344.21,342.64,348.75,352.02,353.19,358.78,361.77,370.43,398.71,408.95,401.9
725,344.18,342.62,348.74,352.01,353.17,358.78,361.77,370.45,398.73,409.27,401.91
726,344.17,342.61,348.72,352.01,353.18,358.79,361.78,370.46,398.76,409.73,401.96
727,344.16,342.59,348.72,352.0,353.17,358.8,361.8,370.49,398.78,410.05,402.04
728,344.14,342.58,348.69,352.0,353.17,358.81,361.82,370.52,398.82,410.21,402.16
729,344.12,342.56,348.68,351.99,353.17,358.81,361.83,370.54,398.86,410.3,402.26
730,344.1,342.54,348.66,351.97,353.15,358.81,361.84,370.55,398.88,410.21,402.31
731,344.09,342.52,348.65,351.97,353.15,358.82,361.85,370.58,398.91,409.68,402.33
732,344.08,342.53,348.64,351.96,353.15,358.83,361.86,370.61,398.94,409.48,402.34
733,344.07,342.5,348.64,351.96,353.15,358.83,361.87,370.63,398.96,409.57,402.33
734,344.05,342.5,348.62,351.96,353.15,358.84,361.87,370.64,398.97,409.31,402.32
735,344.02,342.48,348.6,351.94,353.14,358.85,361.87,370.67,398.98,409.08,402.35
736,344.02,342.47,348.6,351.94,353.14,358.85,361.89,370.7,399.0,409.34,402.38
737,344.0,342.45,348.58,351.93,353.13,358.85,361.91,370.71,399.04,409.69,402.43
738,343.97,342.43,348.56,351.92,353.12,358.86,361.92,370.73,399.06,410.13,402.48
739,343.96,342.42,348.56,351.91,353.13,358.86,361.93,370.74,399.09,410.39,402.52
740,343.96,342.41,348.55,351.9,353.12,358.87,361.95,370.77,399.11,410.69,402.56
741,343.94,342.39,348.54,351.89,353.12,358.88,361.96,370.79,399.14,410.82,402.61
742,343.93,342.38,348.53,351.89,353.12,358.88,361.98,370.81,399.18,410.85,402.67
743,343.92,342.37,348.52,351.89,353.11,358.89,361.98,370.84,399.19,410.68,402.71
744,343.91,342.36,348.51,351.87,353.12,358.89,362.0,370.85,399.22,410.91,402.77
745,343.89,342.35,348.5,351.87,353.12,358.9,362.0,370.88,399.25,411.14,402.81
746,343.88,342.33,348.49,351.86,353.11,358.91,362.02,370.91,399.29,411.15,402.89
747,343.86,342.31,348.47,351.85,353.11,358.91,362.04,370.92,399.33,411.28,402.97
748,343.84,342.3,348.46,351.84,353.11,358.91,362.04,370.94,399.34,411.29,403.01
749,343.83,342.29,348.45,351.83,353.1,358.91,362.05,370.96,399.36,411.08,403.04
750,343.82,342.28,348.44,351.82,353.1,358.92,362.07,370.98,399.39,410.9,403.08
751,343.8,342.27,348.43,351.81,353.09,358.92,362.08,371.01,399.42,410.76,403.11
752,343.79,342.25,348.42,351.8,353.1,358.93,362.09,371.03,399.44,410.81,403.12
753,343.76,342.24,348.41,351.79,353.09,358.93,362.1,371.04,399.45,411.1,403.12
754,343.75,342.22,348.4,351.79,353.08,358.94,362.1,371.05,399.47,411.31,403.14
755,343.73,342.19,348.37,351.78,353.07,358.95,362.12,371.09,399.51,411.44,403.14
756,343.71,342.16,348.36,351.76,353.06,358.96,362.14,371.12,399.54,411.56,403.14
757,343.69,342.16,348.35,351.76,353.06,358.95,362.16,371.13,399.56,411.37,403.14
758,343.68,342.15,348.34,351.75,353.06,358.96,362.17,371.15,399.58,411.21,403.13
759,343.66,342.13,348.31,351.74,353.06,358.96,362.18,371.17,399.61,410.96,403.13
760,343.66,342.12,348.31,351.74,353.05,358.97,362.19,371.2,399.63,410.96,403.11
761,343.65,342.11,348.31,351.74,353.05,358.98,362.21,371.22,399.65,410.94,403.11
762,343.63,342.09,348.3,351.72,353.04,358.98,362.22,371.23,399.67,410.86,403.08
763,343.62,342.09,348.29,351.72,353.05,358.99,362.24,371.27,399.7,410.78,403.07
764,343.6,342.07,348.28,351.7,353.05,358.99,362.26,371.29,399.73,410.9,403.02
765,343.59,342.06,348.27,351.7,353.05,359.0,362.28,371.31,399.76,410.92,403.0
766,343.58,342.05,348.26,351.69,353.05,359.01,362.3,371.32,399.78,411.13,402.99
767,343.55,342.04,348.24,351.68,353.04,359.01,362.3,371.35,399.79,411.53,402.97
768,343.54,342.02,348.23,351.68,353.03,359.03,362.31,371.38,399.81,411.85,402.97
769,343.54,342.02,348.22,351.68,353.03,359.03,362.32,371.4,399.84,411.94,402.99
770,343.54,342.01,348.22,351.68,353.04,359.03,362.35,371.41,399.87,411.84,403.01
771,343.51,342.0,348.2,351.67,353.03,359.05,362.35,371.44,399.88,411.62,403.04
772,343.5,341.99,348.2,351.66,353.04,359.04,362.37,371.48,399.91,411.57,403.06
773,343.48,341.97,348.18,351.66,353.03,359.06,362.39,371.49,399.94,411.69,403.07
774,343.45,341.95,348.17,351.64,353.02,359.06,362.4,371.5,399.96,411.95,403.06
775,343.45,341.92,348.15,351.63,353.01,359.06,362.41,371.53,399.99,412.15,403.06
776,343.43,341.92,348.15,351.62,353.02,359.07,362.44,371.55,400.01,411.67,403.07
777,343.42,341.91,348.15,351.61,353.02,359.08,362.46,371.57,400.04,411.52,403.09
778,343.41,341.88,348.12,351.61,353.01,359.07,362.45,371.59,400.05,411.57,403.1
779,343.39,341.86,348.11,351.59,353.01,359.08,362.47,371.61,400.08,411.64,403.14
780,343.38,341.85,348.11,351.58,353.01,359.09,362.49,371.65,400.1,411.61,403.19
781,343.36,341.84,348.1,351.58,353.0,359.09,362.5,371.66,400.12,411.52,403.23
782,343.34,341.83,348.09,351.57,353.0,359.1,362.51,371.67,400.14,411.5,403.25
783,343.32,341.81,348.07,351.56,352.99,359.09,362.53,371.7,400.19,411.66,403.34
784,343.3,341.79,348.05,351.56,352.99,359.11,362.54,371.72,400.22,411.75,403.44
785,343.28,341.77,348.03,351.55,352.98,359.11,362.55,371.75,400.24,411.74,403.53
786,343.28,341.76,348.02,351.54,352.98,359.11,362.56,371.75,400.26,411.55,403.59
787,343.26,341.75,348.01,351.54,352.98,359.12,362.58,371.78,400.28,411.63,403.65
788,343.25,341.74,347.99,351.54,352.97,359.12,362.59,371.8,400.31,411.34,403.71
789,343.23,341.73,347.99,351.54,352.97,359.13,362.61,371.82,400.33,411.22,403.77
790,343.23,341.71,347.97,351.54,352.97,359.14,362.62,371.85,400.35,411.18,403.85
791,343.2,341.7,347.96,351.53,352.97,359.13,362.64,371.86,400.38,410.97,403.94
792,343.18,341.69,347.94,351.52,352.96,359.14,362.66,371.89,400.42,411.0,404.04
793,343.17,341.68,347.94,351.52,352.98,359.15,362.69,371.91,400.45,411.05,404.08
794,343.16,341.67,347.93,351.52,352.97,359.16,362.7,371.93,400.47,410.93,404.12
795,343.14,341.66,347.92,351.51,352.97,359.16,362.71,371.96,400.48,410.92,404.14
796,343.13,341.64,347.9,351.51,352.97,359.17,362.73,371.98,400.5,410.87,404.16
797,343.12,341.63,347.9,351.5,352.96,359.17,362.74,372.0,400.53,410.75,404.17
798,343.1,341.62,347.89,351.5,352.95,359.19,362.75,372.03,400.54,410.56,404.19
799,343.09,341.6,347.87,351.49,352.95,359.2,362.78,372.05,400.57,410.39,404.2
800,343.07,341.59,347.87,351.48,352.96,359.21,362.8,372.07,400.59,410.39,404.19
801,343.06,341.58,347.85,351.47,352.95,359.21,362.82,372.09,400.63,410.46,404.19
802,343.04,341.57,347.85,351.48,352.94,359.22,362.82,372.11,400.64,410.58,404.21
803,343.03,341.55,347.83,351.46,352.95,359.22,362.84,372.13,400.67,410.49,404.24
804,343.02,341.55,347.82,351.46,352.94,359.23,362.86,372.15,400.69,410.14,404.26
805,343.01,341.54,347.81,351.44,352.94,359.23,362.87,372.17,400.71,410.04,404.25
806,343.01,341.53,347.81,351.44,352.94,359.24,362.88,372.19,400.72,410.1,404.23
807,343.0,341.52,347.8,351.43,352.95,359.25,362.9,372.22,400.75,409.96,404.22
808,342.98,341.51,347.81,351.43,352.95,359.27,362.91,372.25,400.77,410.13,404.18
809,342.96,341.49,347.78,351.42,352.94,359.26,362.93,372.26,400.79,410.4,404.17
810,342.95,341.47,347.76,351.42,352.94,359.27,362.94,372.28,400.82,410.58,404.21
811,342.94,341.48,347.77,351.41,352.95,359.28,362.97,372.31,400.85,410.51,404.22
812,342.92,341.46,347.75,351.4,352.94,359.29,362.98,372.33,400.86,410.46,404.18
813,342.89,341.45,347.74,351.4,352.94,359.29,362.98,372.35,400.88,410.62,404.15
814,342.89,341.42,347.72,351.39,352.93,359.31,362.99,372.38,400.89,411.02,404.11
815,342.88,341.42,347.72,351.38,352.92,359.31,363.01,372.4,400.91,411.36,404.06
816,342.86,341.4,347.7,351.37,352.91,359.32,363.01,372.42,400.93,411.31,404.03
817,342.85,341.39,347.69,351.39,352.91,359.33,363.03,372.44,400.95,411.27,403.99
818,342.83,341.38,347.67,351.37,352.91,359.34,363.05,372.46,400.97,411.19,403.95
819,342.81,341.37,347.66,351.36,352.91,359.34,363.07,372.47,400.99,411.22,403.91
820,342.8,341.37,347.66,351.35,352.91,359.36,363.09,372.5,401.01,411.31,403.88
821,342.79,341.35,347.64,351.34,352.9,359.36,363.1,372.52,401.03,411.5,403.86
822,342.77,341.33,347.64,351.34,352.9,359.37,363.11,372.55,401.04,411.74,403.83
823,342.76,341.32,347.62,351.32,352.9,359.37,363.11,372.57,401.06,411.86,403.83
824,342.76,341.32,347.62,351.33,352.89,359.37,363.13,372.58,401.07,412.02,403.83
825,342.74,341.3,347.61,351.32,352.89,359.39,363.14,372.6,401.09,412.18,403.82
826,342.73,341.29,347.6,351.3,352.88,359.39,363.16,372.61,401.1,412.28,403.81
827,342.71,341.27,347.58,351.3,352.89,359.4,363.17,372.64,401.14,412.49,403.83
828,342.7,341.26,347.57,351.29,352.89,359.42,363.19,372.66,401.16,412.52,403.86
829,342.69,341.24,347.55,351.29,352.87,359.42,363.19,372.68,401.17,412.49,403.89
830,342.68,341.24,347.54,351.28,352.87,359.42,363.2,372.69,401.19,412.72,403.92
831,342.66,341.22,347.54,351.26,352.87,359.43,363.21,372.71,401.21,412.87,403.93
832,342.64,341.21,347.52,351.26,352.87,359.43,363.22,372.74,401.23,412.64,403.95
833,342.63,341.2,347.52,351.26,352.87,359.44,363.23,372.75,401.25,412.54,403.98
834,342.62,341.19,347.51,351.25,352.86,359.44,363.24,372.76,401.28,412.46,404.02
835,342.61,341.18,347.51,351.24,352.87,359.45,363.24,372.78,401.3,412.16,404.05
836,342.58,341.16,347.49,351.23,352.86,359.47,363.26,372.81,401.34,411.96,404.06
837,342.56,341.13,347.48,351.22,352.85,359.46,363.26,372.81,401.37,411.82,404.03
838,342.56,341.14,347.47,351.22,352.85,359.47,363.28,372.83,401.41,412.06,404.02
839,342.55,341.12,347.47,351.2,352.85,359.47,363.3,372.85,401.43,412.55,403.99
840,342.53,341.1,347.46,351.19,352.84,359.49,363.31,372.89,401.45,412.88,403.97
841,342.52,341.09,347.44,351.18,352.83,359.49,363.31,372.9,401.47,412.82,403.97
842,342.5,341.08,347.43,351.18,352.83,359.5,363.33,372.92,401.49,412.82,403.99
843,342.49,341.07,347.43,351.17,352.83,359.5,363.35,372.94,401.5,412.92,404.02
844,342.48,341.06,347.42,351.16,352.84,359.51,363.37,372.97,401.53,413.44,404.09
845,342.46,341.05,347.4,351.16,352.83,359.52,363.39,372.99,401.56,413.99,404.15
846,342.43,341.03,347.39,351.15,352.83,359.52,363.41,373.01,401.59,413.8,404.21
847,342.43,341.01,347.37,351.14,352.82,359.53,363.42,373.04,401.62,413.78,404.22
848,342.41,341.01,347.36,351.14,352.83,359.53,363.43,373.05,401.65,414.21,404.2
849,342.4,341.0,347.34,351.13,352.82,359.54,363.44,373.07,401.67,414.44,404.2
850,342.39,340.99,347.34,351.13,352.82,359.54,363.45,373.08,401.69,414.26,404.2
851,342.38,340.98,347.33,351.12,352.82,359.56,363.47,373.11,401.72,414.06,404.2
852,342.37,340.98,347.33,351.11,352.82,359.56,363.48,373.14,401.73,413.87,404.2
853,342.35,340.96,347.31,351.11,352.81,359.56,363.5,373.14,401.75,413.87,404.19
854,342.33,340.95,347.3,351.11,352.81,359.57,363.51,373.17,401.78,414.08,404.22
855,342.32,340.93,347.29,351.1,352.82,359.58,363.54,373.2,401.81,414.2,404.27
856,342.31,340.92,347.28,351.1,352.82,359.58,363.56,373.22,401.84,414.18,404.31
857,342.29,340.9,347.26,351.08,352.81,359.58,363.56,373.23,401.84,413.86,404.35
858,342.28,340.9,347.25,351.07,352.8,359.59,363.57,373.25,401.87,413.5,404.36
859,342.27,340.87,347.24,351.08,352.8,359.6,363.58,373.28,401.89,413.27,404.34
860,342.25,340.87,347.23,351.07,352.8,359.61,363.59,373.31,401.89,413.27,404.31
861,342.24,340.86,347.22,351.07,352.8,359.62,363.6,373.32,401.91,413.21,404.28
862,342.22,340.84,347.21,351.05,352.79,359.62,363.62,373.33,401.93,412.88,404.27
863,342.21,340.83,347.2,351.05,352.79,359.62,363.65,373.36,401.97,413.0,404.28
864,342.18,340.82,347.18,351.05,352.79,359.62,363.66,373.37,401.98,413.16,404.3
865,342.18,340.8,347.17,351.04,352.79,359.63,363.67,373.39,402.01,413.39,404.33
866,342.15,340.79,347.16,351.04,352.79,359.63,363.7,373.42,402.02,413.49,404.36
867,342.14,340.77,347.14,351.04,352.78,359.64,363.7,373.44,402.03,413.46,404.39
868,342.13,340.75,347.12,351.03,352.77,359.65,363.7,373.46,402.04,413.39,404.44
869,342.12,340.75,347.11,351.03,352.77,359.65,363.73,373.48,402.07,413.1,404.5
870,342.12,340.75,347.12,351.02,352.78,359.66,363.75,373.49,402.09,412.67,404.56
871,342.1,340.73,347.11,351.02,352.78,359.67,363.76,373.51,402.11,412.1,404.6
872,342.09,340.73,347.1,351.02,352.78,359.68,363.79,373.55,402.14,412.05,404.64
873,342.07,340.7,347.09,351.02,352.79,359.69,363.81,373.57,402.17,412.16,404.68
874,342.06,340.7,347.07,351.01,352.78,359.7,363.82,373.58,402.18,412.3,404.71
875,342.05,340.69,347.07,351.01,352.78,359.71,363.83,373.61,402.21,412.07,404.74
876,342.04,340.67,347.06,350.99,352.77,359.72,363.85,373.62,402.22,412.16,404.75
877,342.02,340.67,347.04,350.99,352.77,359.73,363.86,373.64,402.24,412.23,404.75
878,342.01,340.66,347.04,350.98,352.78,359.73,363.88,373.66,402.27,412.2,404.76
879,342.01,340.64,347.04,350.97,352.76,359.74,363.88,373.68,402.29,411.99,404.74
880,342.0,340.63,347.02,350.97,352.77,359.74,363.9,373.71,402.3,412.2,404.73
881,341.98,340.62,347.01,350.95,352.77,359.75,363.92,373.72,402.33,412.41,404.78
882,341.96,340.61,346.99,350.96,352.76,359.76,363.93,373.75,402.36,412.64,404.88
883,341.95,340.59,346.98,350.95,352.76,359.77,363.93,373.77,402.38,412.72,404.96
884,341.94,340.58,346.97,350.94,352.76,359.79,363.95,373.8,402.4,413.03,405.03
885,341.94,340.57,346.97,350.94,352.76,359.8,363.97,373.81,402.42,413.16,405.09
886,341.91,340.57,346.96,350.93,352.75,359.79,363.97,373.82,402.44,412.78,405.14
887,341.9,340.55,346.94,350.92,352.75,359.8,363.98,373.84,402.46,412.58,405.18
888,341.89,340.54,346.92,350.92,352.74,359.82,364.0,373.87,402.49,412.76,405.21
889,341.87,340.53,346.93,350.92,352.74,359.82,364.0,373.9,402.51,412.73,405.23
890,341.86,340.52,346.91,350.91,352.75,359.82,364.02,373.9,402.55,412.73,405.26
891,341.85,340.5,346.9,350.9,352.75,359.83,364.03,373.92,402.57,412.87,405.32
892,341.85,340.5,346.89,350.89,352.74,359.84,364.05,373.95,402.59,412.9,405.36
893,341.82,340.49,346.89,350.89,352.76,359.85,364.06,373.97,402.62,412.9,405.43
894,341.81,340.48,346.87,350.89,352.74,359.85,364.06,373.98,402.64,412.73,405.46
895,341.8,340.47,346.87,350.88,352.75,359.86,364.08,374.0,402.67,412.53,405.48
896,341.79,340.46,346.86,350.88,352.74,359.87,364.1,374.03,402.68,412.98,405.5
897,341.78,340.44,346.84,350.87,352.73,359.88,364.09,374.05,402.69,413.21,405.51
898,341.76,340.43,346.83,350.86,352.73,359.89,364.1,374.07,402.7,413.08,405.51
899,341.74,340.41,346.82,350.86,352.74,359.9,364.12,374.09,402.73,412.97,405.5
900,341.73,340.4,346.81,350.84,352.74,359.89,364.14,374.1,402.76,412.87,405.51
901,341.72,340.38,346.81,350.83,352.74,359.91,364.15,374.12,402.79,412.67,405.53
902,341.7,340.37,346.8,350.83,352.74,359.92,364.16,374.14,402.79,412.65,405.56
903,341.68,340.36,346.79,350.82,352.73,359.92,364.17,374.16,402.8,413.01,405.55
904,341.67,340.34,346.78,350.81,352.73,359.93,364.18,374.19,402.82,413.44,405.55
905,341.66,340.33,346.77,350.82,352.73,359.94,364.19,374.2,402.83,413.75,405.55
906,341.64,340.32,346.76,350.8,352.73,359.95,364.2,374.23,402.86,413.96,405.57
907,341.64,340.31,346.75,350.8,352.73,359.96,364.23,374.25,402.87,413.78,405.61
908,341.61,340.29,346.74,350.79,352.73,359.97,364.25,374.26,402.9,413.46,405.66
909,341.6,340.28,346.72,350.78,352.72,359.97,364.27,374.27,402.93,412.63,405.71
910,341.58,340.26,346.71,350.78,352.72,359.97,364.28,374.29,402.94,411.72,405.73
911,341.57,340.26,346.7,350.77,352.72,359.98,364.29,374.31,402.96,411.28,405.75
912,341.55,340.25,346.69,350.76,352.72,359.99,364.31,374.34,402.99,411.19,405.77
913,341.54,340.24,346.68,350.77,352.72,359.99,364.32,374.35,403.0,411.26,405.78
914,341.52,340.23,346.67,350.76,352.71,359.99,364.32,374.38,403.02,411.45,405.83
915,341.51,340.22,346.65,350.76,352.71,360.0,364.35,374.41,403.04,411.58,405.87
916,341.5,340.21,346.65,350.75,352.71,360.01,364.36,374.42,403.06,411.96,405.92
917,341.48,340.2,346.63,350.76,352.71,360.01,364.39,374.44,403.09,412.31,406.01
918,341.46,340.18,346.62,350.75,352.7,360.02,364.4,374.45,403.11,412.67,406.11
919,341.45,340.16,346.6,350.75,352.69,360.03,364.42,374.47,403.14,413.04,406.17
920,341.44,340.15,346.59,350.75,352.7,360.04,364.43,374.5,403.16,413.12,406.25
921,341.43,340.14,346.58,350.74,352.7,360.04,364.45,374.51,403.19,413.01,406.33
922,341.41,340.13,346.57,350.73,352.69,360.05,364.46,374.52,403.21,412.62,406.38
923,341.41,340.12,346.56,350.73,352.69,360.06,364.47,374.55,403.24,411.79,406.44
924,341.39,340.11,346.55,350.71,352.68,360.07,364.49,374.56,403.25,411.31,406.49
925,341.37,340.09,346.54,350.71,352.68,360.07,364.49,374.59,403.26,410.98,406.53
926,341.36,340.07,346.51,350.7,352.68,360.08,364.5,374.61,403.29,410.4,406.54
927,341.34,340.06,346.51,350.7,352.68,360.08,364.52,374.63,403.33,409.86,406.53
928,341.33,340.05,346.5,350.69,352.68,360.09,364.54,374.64,403.35,409.78,406.52
929,341.32,340.04,346.49,350.69,352.67,360.1,364.55,374.66,403.36,410.05,406.47
930,341.32,340.03,346.48,350.68,352.67,360.1,364.57,374.68,403.38,410.25,406.45
931,341.32,340.02,346.47,350.67,352.67,360.12,364.59,374.7,403.4,410.36,406.43
932,341.3,340.02,346.47,350.66,352.68,360.12,364.6,374.72,403.41,410.61,406.42
933,341.28,339.99,346.46,350.65,352.68,360.13,364.61,374.74,403.42,411.07,406.43
934,341.28,339.98,346.45,350.65,352.68,360.14,364.62,374.75,403.45,411.3,406.45
935,341.25,339.97,346.44,350.64,352.68,360.15,364.64,374.77,403.48,411.53,406.47
936,341.24,339.96,346.43,350.64,352.68,360.16,364.65,374.8,403.51,411.36,406.5
937,341.23,339.95,346.41,350.63,352.67,360.16,364.67,374.82,403.53,411.07,406.53
938,341.22,339.94,346.41,350.63,352.67,360.17,364.68,374.83,403.54,410.96,406.51
939,341.21,339.92,346.4,350.63,352.68,360.18,364.69,374.86,403.56,410.91,406.49
940,341.19,339.91,346.39,350.63,352.67,360.18,364.7,374.88,403.57,410.88,406.45
941,341.17,339.9,346.38,350.61,352.67,360.18,364.71,374.88,403.6,410.77,406.43
942,341.17,339.89,346.37,350.61,352.67,360.19,364.73,374.9,403.61,410.57,406.41
943,341.16,339.88,346.36,350.6,352.67,360.2,364.74,374.93,403.62,410.62,406.36
944,341.14,339.87,346.35,350.6,352.67,360.21,364.76,374.94,403.64,411.08,406.33
945,341.12,339.86,346.34,350.59,352.67,360.22,364.77,374.96,403.65,411.58,406.34
946,341.11,339.85,346.33,350.58,352.67,360.23,364.79,374.99,403.67,412.62,406.37
947,341.11,339.82,346.31,350.59,352.66,360.24,364.79,375.01,403.68,413.53,406.44
948,341.09,339.81,346.3,350.58,352.66,360.25,364.81,375.03,403.7,413.76,406.53
949,341.07,339.8,346.3,350.57,352.66,360.25,364.82,375.05,403.71,413.58,406.61
950,341.07,339.78,346.29,350.57,352.66,360.27,364.82,375.07,403.74,413.09,406.69
951,341.06,339.78,346.28,350.56,352.66,360.27,364.84,375.09,403.78,412.78,406.76
952,341.04,339.77,346.27,350.55,352.66,360.28,364.85,375.11,403.79,412.79,406.81
953,341.04,339.76,346.26,350.55,352.66,360.29,364.87,375.12,403.84,412.95,406.85
954,341.02,339.75,346.25,350.54,352.66,360.29,364.88,375.14,403.87,412.94,406.88
955,341.01,339.74,346.24,350.54,352.66,360.3,364.89,375.16,403.89,413.16,406.89
956,340.99,339.73,346.23,350.53,352.65,360.31,364.9,375.18,403.91,413.47,406.92
957,340.99,339.72,346.22,350.53,352.66,360.31,364.9,375.19,403.93,413.82,406.97
958,340.97,339.71,346.22,350.52,352.66,360.32,364.92,375.19,403.95,413.98,407.02
959,340.96,339.7,346.22,350.51,352.67,360.32,364.94,375.22,403.96,414.12,407.1
960,340.96,339.69,346.2,350.51,352.66,360.34,364.95,375.24,403.99,414.21,407.19
961,340.94,339.68,346.19,350.51,352.66,360.34,364.95,375.26,404.0,414.23,407.24
962,340.92,339.66,346.18,350.5,352.66,360.35,364.97,375.28,404.03,414.37,407.33
963,340.91,339.65,346.16,350.48,352.67,360.35,364.98,375.3,404.06,414.43,407.39
964,340.89,339.63,346.16,350.49,352.66,360.36,365.0,375.32,404.07,414.55,407.4
965,340.87,339.62,346.15,350.47,352.65,360.36,365.0,375.32,404.07,414.69,407.42
966,340.87,339.61,346.14,350.46,352.65,360.37,365.01,375.34,404.1,414.91,407.45
967,340.87,339.6,346.13,350.46,352.65,360.37,365.03,375.36,404.13,415.1,407.48
968,340.85,339.59,346.14,350.45,352.66,360.38,365.05,375.38,404.14,414.76,407.51
969,340.83,339.58,346.11,350.44,352.65,360.39,365.04,375.4,404.15,414.19,407.51
970,340.82,339.56,346.1,350.45,352.65,360.4,365.05,375.41,404.16,414.0,407.55
971,340.8,339.54,346.09,350.43,352.64,360.41,365.07,375.42,404.19,414.05,407.59
972,340.78,339.52,346.07,350.42,352.64,360.4,365.09,375.45,404.2,414.22,407.62
973,340.77,339.51,346.06,350.41,352.64,360.42,365.1,375.46,404.22,414.25,407.63
974,340.76,339.51,346.07,350.41,352.65,360.42,365.11,375.47,404.24,414.04,407.64
975,340.75,339.5,346.05,350.4,352.65,360.44,365.13,375.5,404.26,413.6,407.63
976,340.74,339.49,346.05,350.4,352.65,360.45,365.14,375.53,404.28,413.24,407.61
977,340.73,339.48,346.04,350.4,352.64,360.45,365.15,375.54,404.29,413.26,407.58
978,340.72,339.46,346.04,350.39,352.65,360.46,365.17,375.56,404.31,413.47,407.57
979,340.7,339.45,346.03,350.39,352.65,360.47,365.18,375.58,404.33,413.85,407.57
980,340.69,339.43,346.01,350.38,352.64,360.48,365.2,375.61,404.34,413.87,407.57
981,340.66,339.41,345.99,350.37,352.63,360.49,365.21,375.61,404.37,413.66,407.57
982,340.64,339.4,345.99,350.36,352.63,360.49,365.22,375.63,404.38,413.59,407.54
983,340.64,339.39,345.97,350.36,352.63,360.5,365.24,375.66,404.4,413.59,407.54
984,340.63,339.38,345.97,350.35,352.63,360.5,365.25,375.67,404.42,413.5,407.54
985,340.62,339.37,345.96,350.34,352.63,360.5,365.27,375.68,404.42,413.47,407.56
986,340.61,339.37,345.96,350.33,352.64,360.5,365.29,375.7,404.46,413.51,407.58
987,340.59,339.36,345.96,350.33,352.63,360.52,365.29,375.73,404.46,413.79,407.58
988,340.57,339.34,345.93,350.32,352.63,360.52,365.3,375.74,404.48,414.2,407.56
989,340.56,339.32,345.92,350.31,352.62,360.53,365.31,375.75,404.5,414.18,407.55
990,340.54,339.3,345.91,350.31,352.62,360.54,365.33,375.78,404.52,414.1,407.53
991,340.53,339.29,345.91,350.31,352.62,360.55,365.34,375.81,404.54,414.24,407.55
992,340.52,339.28,345.89,350.31,352.63,360.56,365.36,375.83,404.55,414.28,407.59
993,340.52,339.28,345.89,350.3,352.63,360.56,365.37,375.83,404.58,414.29,407.62
994,340.49,339.27,345.88,350.3,352.62,360.56,365.38,375.86,404.59,414.28,407.64
995,340.48,339.25,345.87,350.3,352.62,360.58,365.4,375.88,404.61,414.47,407.65
996,340.47,339.25,345.87,350.29,352.63,360.58,365.42,375.89,404.63,414.53,407.64
997,340.46,339.24,345.86,350.3,352.62,360.59,365.41,375.91,404.64,414.56,407.62
998,340.45,339.22,345.84,350.28,352.62,360.6,365.44,375.93,404.66,414.75,407.57
999,340.42,339.21,345.82,350.27,352.63,360.6,365.46,375.95,404.67,414.88,407.53
1000,340.41,339.19,345.82,350.27,352.62,360.62,365.46,375.98,404.68,415.08,407.51
1001,340.41,339.19,345.82,350.27,352.62,360.62,365.49,375.99,404.7,415.3,407.51
1002,340.39,339.18,345.8,350.26,352.62,360.64,365.49,376.01,404.72,415.19,407.5
1003,340.37,339.16,345.8,350.26,352.61,360.65,365.51,376.03,404.72,414.96,407.5
1004,340.37,339.15,345.79,350.26,352.62,360.65,365.52,376.05,404.75,415.04,407.5
1005,340.36,339.15,345.79,350.25,352.62,360.67,365.54,376.06,404.76,414.98,407.51
1006,340.34,339.14,345.77,350.25,352.61,360.67,365.55,376.07,404.77,414.93,407.51
1007,340.33,339.12,345.76,350.24,352.62,360.68,365.57,376.1,404.81,415.14,407.52
1008,340.31,339.1,345.75,350.23,352.62,360.69,365.58,376.12,404.82,415.24,407.52
1009,340.3,339.09,345.73,350.22,352.61,360.68,365.59,376.12,404.84,415.25,407.52
1010,340.3,339.08,345.72,350.23,352.61,360.69,365.61,376.14,404.87,415.55,407.56
1011,340.29,339.09,345.72,350.22,352.62,360.7,365.62,376.16,404.88,415.59,407.59
1012,340.27,339.07,345.7,350.21,352.61,360.7,365.65,376.18,404.89,415.14,407.62
1013,340.26,339.06,345.71,350.21,352.61,360.71,365.65,376.19,404.9,414.93,407.61
1014,340.25,339.05,345.7,350.2,352.61,360.71,365.67,376.21,404.92,414.67,407.6
1015,340.23,339.04,345.68,350.21,352.61,360.72,365.69,376.23,404.93,414.69,407.57
1016,340.21,339.03,345.67,350.21,352.61,360.74,365.69,376.26,404.95,415.12,407.57
1017,340.19,339.02,345.64,350.21,352.59,360.74,365.71,376.28,404.97,415.16,407.61
1018,340.18,339.0,345.63,350.2,352.6,360.75,365.72,376.29,404.98,415.24,407.63
1019,340.18,338.98,345.62,350.21,352.59,360.77,365.74,376.32,404.98,415.3,407.67
1020,340.16,338.98,345.62,350.19,352.6,360.76,365.75,376.33,405.0,415.14,407.68
1021,340.16,338.97,345.61,350.19,352.59,360.77,365.77,376.34,405.02,415.05,407.69
1022,340.14,338.96,345.6,350.18,352.6,360.78,365.79,376.35,405.04,414.95,407.66
1023,340.14,338.95,345.59,350.18,352.6,360.79,365.8,376.38,405.06,415.13,407.64
1024,340.13,338.95,345.59,350.17,352.59,360.8,365.81,376.4,405.07,415.59,407.63
1025,340.12,338.93,345.57,350.16,352.59,360.82,365.82,376.42,405.1,416.2,407.65
1026,340.1,338.92,345.56,350.16,352.6,360.83,365.82,376.44,405.12,416.54,407.67
1027,340.09,338.91,345.55,350.16,352.59,360.84,365.83,376.46,405.13,416.74,407.67
1028,340.07,338.89,345.53,350.15,352.59,360.85,365.83,376.47,405.16,416.77,407.65
1029,340.06,338.88,345.52,350.15,352.58,360.85,365.84,376.49,405.18,416.65,407.65
1030,340.05,338.87,345.52,350.13,352.59,360.86,365.85,376.5,405.2,416.4,407.65
1031,340.05,338.87,345.53,350.12,352.6,360.87,365.86,376.52,405.22,416.51,407.66
1032,340.03,338.85,345.5,350.13,352.59,360.87,365.87,376.53,405.22,416.61,407.65
1033,340.02,338.84,345.5,350.12,352.58,360.88,365.88,376.54,405.25,416.53,407.66
1034,340.01,338.83,345.48,350.11,352.58,360.88,365.89,376.56,405.27,416.9,407.67
1035,339.98,338.81,345.46,350.12,352.57,360.89,365.9,376.58,405.29,416.96,407.69
1036,339.98,338.8,345.45,350.1,352.57,360.89,365.91,376.59,405.31,416.78,407.71
1037,339.96,338.8,345.45,350.1,352.58,360.89,365.93,376.61,405.32,416.66,407.71
1038,339.96,338.78,345.44,350.08,352.57,360.9,365.93,376.62,405.33,416.53,407.72
1039,339.94,338.77,345.43,350.09,352.57,360.9,365.95,376.64,405.35,416.36,407.72
1040,339.93,338.77,345.44,350.08,352.58,360.91,365.96,376.66,405.36,416.03,407.72
1041,339.92,338.76,345.42,350.07,352.58,360.92,365.98,376.67,405.36,415.79,407.71
1042,339.91,338.74,345.41,350.07,352.57,360.94,365.98,376.7,405.38,415.69,407.7
1043,339.89,338.73,345.4,350.06,352.57,360.95,366.0,376.71,405.39,415.68,407.66
1044,339.87,338.7,345.38,350.05,352.56,360.95,366.02,376.73,405.39,416.15,407.61
1045,339.85,338.69,345.38,350.05,352.57,360.95,366.03,376.74,405.41,416.52,407.56
1046,339.85,338.69,345.37,350.04,352.56,360.97,366.04,376.77,405.42,416.6,407.53
1047,339.83,338.67,345.36,350.03,352.56,360.97,366.05,376.78,405.43,416.52,407.52
1048,339.82,338.66,345.35,350.02,352.56,360.97,366.06,376.79,405.44,416.77,407.51
1049,339.81,338.65,345.35,350.02,352.56,360.98,366.08,376.82,405.45,416.79,407.53
1050,339.81,338.64,345.34,350.01,352.57,360.99,366.09,376.83,405.47,416.8,407.55
1051,339.79,338.63,345.33,350.01,352.57,361.0,366.1,376.86,405.48,416.62,407.56
1052,339.77,338.62,345.32,350.0,352.57,361.01,366.13,376.88,405.51,416.47,407.55
1053,339.77,338.6,345.31,350.01,352.57,361.01,366.14,376.89,405.53,416.77,407.54
1054,339.75,338.59,345.29,349.99,352.56,361.02,366.16,376.91,405.55,416.76,407.55
1055,339.74,338.58,345.29,349.98,352.56,361.03,366.17,376.94,405.57,416.41,407.58
1056,339.73,338.56,345.28,349.98,352.57,361.03,366.18,376.94,405.58,416.41,407.59
1057,339.71,338.56,345.27,349.98,352.56,361.04,366.2,376.96,405.59,416.39,407.59
1058,339.7,338.53,345.25,349.97,352.55,361.05,366.2,376.98,405.61,416.13,407.58
1059,339.68,338.52,345.25,349.97,352.56,361.06,366.21,377.01,405.62,415.81,407.6
1060,339.67,338.5,345.24,349.96,352.56,361.06,366.22,377.01,405.63,415.54,407.61
1061,339.66,338.49,345.23,349.96,352.56,361.06,366.25,377.03,405.66,415.32,407.62
1062,339.64,338.48,345.22,349.95,352.55,361.07,366.26,377.05,405.68,415.33,407.63
1063,339.64,338.47,345.21,349.94,352.56,361.07,366.27,377.07,405.71,415.75,407.65
1064,339.61,338.45,345.2,349.94,352.56,361.08,366.28,377.07,405.72,416.1,407.67
1065,339.61,338.45,345.2,349.94,352.56,361.09,366.29,377.09,405.74,416.33,407.71
1066,339.59,338.43,345.18,349.93,352.56,361.1,366.31,377.11,405.74,416.79,407.74
1067,339.58,338.42,345.16,349.93,352.56,361.11,366.31,377.14,405.77,416.99,407.77
1068,339.57,338.41,345.16,349.93,352.55,361.12,366.32,377.15,405.78,416.94,407.77
1069,339.56,338.39,345.15,349.92,352.55,361.12,366.33,377.17,405.79,416.53,407.75
1070,339.55,338.39,345.14,349.92,352.56,361.13,366.35,377.17,405.81,416.32,407.71
1071,339.54,338.37,345.13,349.91,352.57,361.13,366.38,377.19,405.84,416.27,407.69
1072,339.53,338.37,345.13,349.9,352.57,361.15,366.39,377.22,405.85,416.17,407.7
1073,339.51,338.35,345.12,349.9,352.57,361.16,366.39,377.24,405.86,416.2,407.7
1074,339.5,338.35,345.11,349.89,352.56,361.16,366.4,377.25,405.87,416.05,407.71
1075,339.49,338.33,345.1,349.89,352.56,361.18,366.41,377.27,405.89,416.15,407.72
1076,339.48,338.32,345.09,349.89,352.56,361.18,366.42,377.29,405.92,416.29,407.75
1077,339.47,338.32,345.09,349.88,352.57,361.18,366.44,377.3,405.94,416.18,407.77
1078,339.46,338.31,345.08,349.88,352.56,361.19,366.45,377.32,405.95,415.83,407.79
1079,339.44,338.29,345.06,349.88,352.56,361.21,366.47,377.35,405.97,415.66,407.79
1080,339.43,338.28,345.05,349.87,352.56,361.21,366.48,377.36,405.99,415.5,407.79
1081,339.41,338.27,345.04,349.87,352.56,361.23,366.49,377.37,406.01,415.54,407.79
1082,339.41,338.26,345.04,349.87,352.56,361.23,366.51,377.39,406.02,415.73,407.76
1083,339.4,338.25,345.04,349.86,352.57,361.24,366.53,377.41,406.04,416.23,407.72
1084,339.39,338.25,345.03,349.87,352.57,361.25,366.54,377.44,406.06,416.88,407.68
1085,339.37,338.23,345.03,349.86,352.57,361.25,366.55,377.43,406.07,417.51,407.67
1086,339.36,338.22,345.01,349.85,352.56,361.26,366.57,377.46,406.08,418.23,407.66
1087,339.34,338.22,345.0,349.85,352.56,361.26,366.57,377.48,406.09,418.58,407.7
1088,339.33,338.2,344.98,349.84,352.56,361.27,366.59,377.5,406.1,418.84,407.77
1089,339.31,338.19,344.97,349.85,352.56,361.27,366.61,377.51,406.12,418.68,407.84
1090,339.3,338.18,344.97,349.85,352.57,361.28,366.63,377.53,406.14,418.32,407.87
1091,339.29,338.16,344.94,349.85,352.55,361.29,366.64,377.56,406.15,418.32,407.89
1092,339.27,338.16,344.94,349.84,352.56,361.29,366.66,377.57,406.16,418.58,407.89
1093,339.26,338.15,344.93,349.84,352.55,361.3,366.67,377.58,406.17,418.75,407.88
1094,339.25,338.15,344.93,349.83,352.55,361.3,366.68,377.6,406.18,418.91,407.89
1095,339.24,338.13,344.91,349.84,352.55,361.31,366.69,377.62,406.2,419.13,407.91
1096,339.23,338.13,344.91,349.83,352.55,361.32,366.72,377.64,406.21,419.15,407.94
1097,339.22,338.11,344.89,349.83,352.55,361.34,366.72,377.66,406.24,419.02,407.98
1098,339.21,338.1,344.89,349.82,352.55,361.35,366.75,377.68,406.27,418.98,408.01
1099,339.2,338.09,344.87,349.82,352.55,361.35,366.76,377.69,406.28,418.56,408.04
1100,339.19,338.08,344.86,349.82,352.55,361.37,366.76,377.71,406.29,418.27,408.06
1101,339.18,338.07,344.86,349.8,352.55,361.37,366.78,377.72,406.31,418.18,408.08
1102,339.16,338.06,344.85,349.8,352.55,361.39,366.78,377.75,406.31,418.22,408.1
1103,339.17,338.05,344.84,349.8,352.54,361.4,366.79,377.77,406.34,418.54,408.13
1104,339.17,338.04,344.84,349.79,352.55,361.41,366.81,377.79,406.36,418.7,408.18
1105,339.15,338.04,344.84,349.78,352.56,361.41,366.83,377.79,406.37,418.84,408.22
1106,339.13,338.02,344.82,349.77,352.55,361.42,366.82,377.8,406.39,418.34,408.29
1107,339.12,338.01,344.81,349.77,352.55,361.43,366.84,377.81,406.41,418.29,408.33
1108,339.11,338.01,344.8,349.77,352.56,361.43,366.86,377.83,406.44,418.58,408.34
1109,339.08,337.99,344.78,349.77,352.55,361.44,366.84,377.85,406.44,418.97,408.33
1110,339.08,337.97,344.78,349.76,352.55,361.45,366.86,377.86,406.46,418.61,408.37
1111,339.07,337.98,344.78,349.75,352.56,361.45,366.87,377.88,406.47,417.98,408.38
1112,339.05,337.97,344.77,349.74,352.55,361.45,366.89,377.88,406.49,417.58,408.37
1113,339.04,337.95,344.76,349.75,352.55,361.46,366.89,377.9,406.48,417.46,408.36
1114,339.03,337.94,344.76,349.74,352.55,361.48,366.9,377.9,406.5,417.47,408.35
1115,339.01,337.92,344.73,349.72,352.55,361.48,366.91,377.92,406.52,417.46,408.37
1116,339.0,337.89,344.72,349.72,352.53,361.49,366.92,377.96,406.54,417.01,408.4
1117,338.99,337.89,344.71,349.71,352.54,361.5,366.94,377.97,406.56,416.94,408.39
1118,338.98,337.87,344.71,349.71,352.55,361.5,366.96,377.98,406.58,416.94,408.4
1119,338.97,337.87,344.71,349.69,352.55,361.51,366.97,377.99,406.59,417.09,408.38
1120,338.95,337.86,344.7,349.68,352.55,361.51,366.98,378.01,406.6,417.34,408.36
1121,338.94,337.84,344.69,349.68,352.54,361.52,366.99,378.02,406.61,417.58,408.36
1122,338.92,337.83,344.67,349.67,352.54,361.53,366.99,378.05,406.62,417.76,408.32
1123,338.91,337.82,344.66,349.67,352.54,361.53,367.01,378.07,406.64,417.67,408.32
1124,338.89,337.8,344.65,349.67,352.54,361.54,367.03,378.09,406.65,417.66,408.32
1125,338.87,337.79,344.63,349.67,352.54,361.54,367.05,378.1,406.67,417.64,408.32
1126,338.85,337.78,344.61,349.67,352.54,361.55,367.06,378.12,406.68,417.73,408.31
1127,338.84,337.77,344.6,349.67,352.53,361.56,367.07,378.14,406.69,417.6,408.3
1128,338.83,337.76,344.6,349.68,352.53,361.57,367.09,378.16,406.7,417.75,408.31
1129,338.82,337.76,344.59,349.67,352.54,361.58,367.1,378.18,406.72,418.23,408.3
1130,338.81,337.74,344.59,349.67,352.54,361.58,367.12,378.2,406.72,418.9,408.31
1131,338.8,337.73,344.57,349.67,352.53,361.61,367.13,378.23,406.73,419.06,408.35
1132,338.79,337.72,344.57,349.68,352.54,361.61,367.15,378.24,406.76,418.95,408.39
1133,338.78,337.72,344.57,349.66,352.54,361.61,367.17,378.25,406.78,418.82,408.45
1134,338.77,337.71,344.55,349.66,352.54,361.61,367.19,378.26,406.8,418.69,408.5
1135,338.75,337.69,344.53,349.66,352.54,361.64,367.19,378.29,406.82,418.35,408.55
1136,338.75,337.67,344.53,349.65,352.53,361.64,367.2,378.3,406.83,418.42,408.57
1137,338.73,337.66,344.52,349.65,352.54,361.65,367.23,378.32,406.84,418.69,408.57
1138,338.73,337.67,344.53,349.65,352.55,361.65,367.25,378.34,406.86,418.78,408.56
1139,338.72,337.65,344.51,349.64,352.54,361.67,367.25,378.35,406.88,418.91,408.6
1140,338.7,337.64,344.51,349.63,352.54,361.66,367.26,378.37,406.89,418.86,408.62
1141,338.69,337.62,344.49,349.63,352.54,361.68,367.27,378.38,406.9,418.91,408.62
1142,338.68,337.6,344.49,349.63,352.54,361.68,367.28,378.4,406.92,419.19,408.64
1143,338.67,337.6,344.48,349.62,352.54,361.69,367.31,378.42,406.94,419.01,408.65
1144,338.66,337.59,344.46,349.62,352.54,361.7,367.31,378.43,406.95,418.31,408.64
1145,338.64,337.58,344.47,349.61,352.54,361.71,367.32,378.44,406.97,418.16,408.62
1146,338.64,337.57,344.45,349.61,352.53,361.7,367.34,378.45,406.98,418.03,408.61
1147,338.63,337.56,344.44,349.6,352.54,361.72,367.35,378.47,407.0,417.56,408.61
1148,338.61,337.54,344.43,349.59,352.53,361.73,367.35,378.49,407.0,417.48,408.61
1149,338.6,337.53,344.42,349.59,352.53,361.74,367.36,378.5,407.03,417.5,408.66
1150,338.6,337.53,344.41,349.59,352.53,361.74,367.37,378.52,407.03,416.98,408.71
1151,338.58,337.51,344.4,349.58,352.54,361.76,367.39,378.54,407.05,416.94,408.79
1152,338.55,337.49,344.39,349.58,352.54,361.75,367.4,378.55,407.06,416.94,408.83
1153,338.55,337.48,344.37,349.58,352.54,361.76,367.41,378.56,407.08,416.91,408.86
1154,338.53,337.48,344.37,349.57,352.53,361.77,367.41,378.58,407.09,416.99,408.85
1155,338.53,337.46,344.36,349.56,352.53,361.77,367.43,378.6,407.1,416.93,408.82
1156,338.52,337.46,344.36,349.55,352.53,361.78,367.45,378.62,407.12,416.71,408.77
1157,338.52,337.45,344.35,349.56,352.54,361.79,367.45,378.62,407.14,416.3,408.72
1158,338.51,337.44,344.35,349.55,352.55,361.79,367.48,378.64,407.15,415.98,408.65
1159,338.49,337.44,344.34,349.55,352.54,361.81,367.48,378.66,407.15,416.26,408.57
1160,338.48,337.42,344.33,349.55,352.54,361.82,367.5,378.68,407.17,416.83,408.53
1161,338.47,337.41,344.32,349.55,352.55,361.83,367.51,378.7,407.19,416.94,408.55
1162,338.46,337.41,344.31,349.54,352.54,361.84,367.52,378.71,407.19,417.34,408.57
1163,338.45,337.4,344.31,349.53,352.54,361.84,367.55,378.73,407.21,417.72,408.58
1164,338.43,337.38,344.29,349.54,352.54,361.85,367.55,378.74,407.21,417.81,408.58
1165,338.42,337.38,344.28,349.53,352.55,361.86,367.56,378.75,407.24,417.82,408.58
1166,338.41,337.36,344.27,349.52,352.54,361.86,367.56,378.77,407.25,418.01,408.62
1167,338.41,337.35,344.27,349.52,352.54,361.87,367.58,378.79,407.26,418.02,408.67
1168,338.4,337.34,344.26,349.52,352.54,361.88,367.59,378.82,407.29,417.99,408.73
1169,338.38,337.33,344.25,349.51,352.55,361.88,367.61,378.82,407.31,417.76,408.77
1170,338.35,337.31,344.23,349.5,352.54,361.89,367.62,378.84,407.32,417.4,408.76
1171,338.35,337.3,344.23,349.5,352.55,361.89,367.64,378.86,407.34,417.39,408.75
1172,338.34,337.3,344.23,349.5,352.55,361.91,367.65,378.88,407.36,417.78,408.76
1173,338.33,337.29,344.22,349.5,352.55,361.92,367.67,378.89,407.38,418.33,408.78
1174,338.32,337.28,344.21,349.49,352.55,361.93,367.68,378.91,407.39,419.51,408.83
1175,338.31,337.27,344.21,349.49,352.55,361.93,367.69,378.93,407.4,420.18,408.89
1176,338.31,337.26,344.2,349.5,352.55,361.95,367.7,378.95,407.42,419.98,408.96
1177,338.29,337.25,344.19,349.49,352.55,361.95,367.71,378.96,407.44,419.79,409.05
1178,338.28,337.24,344.18,349.47,352.56,361.95,367.73,378.98,407.47,419.47,409.2
1179,338.26,337.22,344.17,349.46,352.56,361.96,367.74,378.98,407.49,419.73,409.31
1180,338.26,337.22,344.16,349.47,352.56,361.97,367.76,379.0,407.51,419.9,409.39
1181,338.24,337.21,344.16,349.47,352.56,361.98,367.76,379.02,407.52,419.32,409.46
1182,338.23,337.2,344.15,349.47,352.55,362.0,367.76,379.04,407.55,417.94,409.51
1183,338.22,337.18,344.13,349.46,352.55,362.0,367.77,379.05,407.55,416.79,409.54
1184,338.2,337.17,344.12,349.46,352.56,362.01,367.77,379.07,407.57,416.51,409.57
1185,338.18,337.16,344.12,349.45,352.55,362.01,367.77,379.08,407.58,416.38,409.63
1186,338.18,337.14,344.1,349.45,352.55,362.02,367.78,379.1,407.6,416.25,409.7
1187,338.16,337.13,344.1,349.43,352.55,362.03,367.79,379.12,407.62,416.16,409.76
1188,338.14,337.12,344.09,349.43,352.55,362.03,367.81,379.12,407.65,416.03,409.8
1189,338.14,337.11,344.09,349.43,352.55,362.04,367.81,379.14,407.66,415.93,409.83
1190,338.14,337.11,344.09,349.42,352.57,362.05,367.84,379.14,407.7,415.74,409.85
1191,338.12,337.09,344.07,349.42,352.56,362.05,367.84,379.16,407.71,415.44,409.88
1192,338.11,337.08,344.07,349.4,352.57,362.06,367.86,379.18,407.71,415.6,409.89
1193,338.11,337.07,344.07,349.41,352.57,362.07,367.87,379.2,407.74,415.93,409.92
1194,338.09,337.06,344.05,349.4,352.57,362.08,367.88,379.22,407.74,415.94,409.94
1195,338.07,337.04,344.05,349.38,352.56,362.08,367.89,379.23,407.76,415.58,410.0
1196,338.06,337.03,344.03,349.38,352.56,362.09,367.9,379.24,407.78,415.6,410.05
1197,338.05,337.02,344.02,349.38,352.57,362.1,367.92,379.26,407.8,415.77,410.08
1198,338.04,337.01,344.02,349.37,352.58,362.09,367.95,379.27,407.82,416.24,410.11
1199,338.01,337.0,344.01,349.37,352.57,362.11,367.96,379.3,407.84,416.48,410.14
1200,338.0,336.99,344.0,349.36,352.57,362.12,367.96,379.32,407.84,416.12,410.15
1201,337.99,336.98,343.99,349.36,352.56,362.12,367.97,379.33,407.86,415.8,410.18
1202,337.98,336.97,343.98,349.36,352.56,362.13,367.97,379.34,407.88,415.9,410.2
1203,337.97,336.96,343.98,349.36,352.57,362.13,368.0,379.36,407.9,416.28,410.23
1204,337.96,336.96,343.96,349.35,352.57,362.14,368.01,379.38,407.91,416.47,410.25
1205,337.94,336.95,343.95,349.35,352.57,362.15,368.03,379.38,407.93,416.41,410.29
1206,337.93,336.93,343.94,349.35,352.57,362.15,368.05,379.41,407.95,416.69,410.34
1207,337.92,336.92,343.93,349.34,352.58,362.16,368.05,379.43,407.97,417.25,410.37
1208,337.91,336.92,343.93,349.34,352.59,362.17,368.07,379.44,407.99,417.56,410.41
1209,337.91,336.91,343.93,349.35,352.58,362.18,368.08,379.45,408.0,417.77,410.43
1210,337.88,336.9,343.92,349.34,352.58,362.19,368.09,379.47,408.02,417.98,410.46
1211,337.87,336.89,343.91,349.35,352.57,362.2,368.1,379.5,408.04,418.25,410.48
1212,337.87,336.88,343.89,349.34,352.58,362.21,368.11,379.5,408.05,418.12,410.52
1213,337.85,336.86,343.89,349.33,352.58,362.2,368.12,379.52,408.07,417.64,410.55
1214,337.84,336.85,343.87,349.33,352.59,362.21,368.15,379.54,408.09,417.01,410.58
1215,337.83,336.83,343.86,349.33,352.59,362.23,368.15,379.55,408.11,416.73,410.58
1216,337.82,336.83,343.86,349.32,352.59,362.23,368.16,379.56,408.12,416.65,410.57
1217,337.81,336.81,343.86,349.32,352.59,362.24,368.18,379.58,408.14,416.68,410.58
1218,337.8,336.81,343.84,349.32,352.59,362.25,368.19,379.6,408.16,416.66,410.6
1219,337.79,336.81,343.84,349.31,352.59,362.26,368.2,379.62,408.17,416.34,410.59
1220,337.78,336.8,343.84,349.3,352.6,362.27,368.21,379.63,408.18,416.31,410.56
1221,337.77,336.77,343.82,349.3,352.59,362.28,368.21,379.65,408.19,416.58,410.55
1222,337.76,336.78,343.83,349.29,352.61,362.29,368.23,379.66,408.2,416.91,410.54
1223,337.74,336.75,343.81,349.28,352.59,362.3,368.25,379.68,408.21,417.34,410.51
1224,337.72,336.74,343.8,349.28,352.6,362.3,368.26,379.7,408.23,417.58,410.54
1225,337.72,336.73,343.8,349.27,352.6,362.31,368.27,379.71,408.24,417.77,410.58
1226,337.71,336.72,343.8,349.27,352.6,362.32,368.28,379.72,408.26,418.14,410.61
1227,337.71,336.7,343.78,349.26,352.6,362.33,368.29,379.74,408.27,418.21,410.68
1228,337.69,336.71,343.79,349.26,352.6,362.33,368.3,379.75,408.29,418.08,410.73
1229,337.68,336.69,343.78,349.26,352.6,362.33,368.31,379.77,408.29,417.8,410.76
1230,337.66,336.69,343.76,349.26,352.61,362.35,368.32,379.78,408.31,417.15,410.78
1231,337.65,336.67,343.75,349.25,352.6,362.36,368.34,379.8,408.34,416.74,410.84
1232,337.65,336.65,343.74,349.25,352.6,362.37,368.34,379.82,408.36,416.91,410.9
1233,337.63,336.65,343.73,349.26,352.61,362.37,368.36,379.83,408.38,417.23,410.95
1234,337.61,336.64,343.72,349.25,352.61,362.37,368.38,379.84,408.39,417.95,411.0
1235,337.6,336.64,343.71,349.24,352.6,362.38,368.38,379.86,408.4,418.49,411.02
1236,337.6,336.63,343.71,349.24,352.61,362.39,368.41,379.88,408.42,418.47,411.06
1237,337.59,336.62,343.71,349.24,352.61,362.39,368.41,379.88,408.44,418.23,411.12
1238,337.57,336.63,343.7,349.25,352.61,362.41,368.42,379.91,408.44,417.7,411.16
1239,337.56,336.6,343.69,349.24,352.61,362.41,368.43,379.92,408.46,417.5,411.21
1240,337.54,336.59,343.67,349.24,352.61,362.41,368.45,379.93,408.47,417.71,411.3
1241,337.53,336.58,343.67,349.24,352.61,362.42,368.47,379.94,408.49,418.03,411.44
1242,337.51,336.56,343.64,349.24,352.61,362.43,368.48,379.96,408.51,418.18,411.58
1243,337.51,336.56,343.64,349.24,352.63,362.43,368.5,379.98,408.53,418.34,411.68
1244,337.5,336.56,343.65,349.24,352.62,362.44,368.51,380.0,408.56,418.34,411.75
1245,337.51,336.55,343.64,349.24,352.62,362.45,368.54,380.01,408.59,418.45,411.83
1246,337.5,336.56,343.64,349.23,352.64,362.45,368.56,380.02,408.6,418.39,411.9
1247,337.49,336.53,343.63,349.24,352.63,362.47,368.56,380.04,408.62,418.33,411.95
1248,337.47,336.52,343.62,349.24,352.63,362.48,368.57,380.06,408.63,418.31,411.97
1249,337.46,336.51,343.61,349.23,352.63,362.49,368.57,380.07,408.64,418.66,411.97
1250,337.45,336.5,343.59,349.22,352.62,362.5,368.59,380.09,408.66,418.83,411.91
1251,337.44,336.49,343.59,349.22,352.63,362.51,368.61,380.11,408.68,418.98,411.84
1252,337.42,336.48,343.58,349.21,352.63,362.52,368.62,380.12,408.68,419.08,411.77
1253,337.42,336.48,343.58,349.21,352.63,362.52,368.63,380.14,408.69,419.19,411.7
1254,337.41,336.48,343.58,349.21,352.64,362.54,368.64,380.16,408.7,419.15,411.67
1255,337.4,336.46,343.57,349.2,352.64,362.56,368.65,380.18,408.71,419.3,411.65
1256,337.39,336.45,343.56,349.2,352.63,362.57,368.66,380.2,408.7,419.14,411.63
1257,337.38,336.44,343.55,349.2,352.63,362.58,368.65,380.22,408.7,418.99,411.6
1258,337.37,336.44,343.55,349.2,352.64,362.59,368.67,380.23,408.72,418.75,411.57
1259,337.37,336.43,343.54,349.2,352.64,362.6,368.68,380.24,408.72,418.35,411.53
1260,337.35,336.42,343.54,349.19,352.65,362.61,368.69,380.25,408.74,418.17,411.47
1261,337.34,336.41,343.54,349.2,352.65,362.62,368.7,380.27,408.75,418.22,411.45
1262,337.33,336.4,343.52,349.19,352.65,362.63,368.71,380.29,408.75,418.85,411.43
1263,337.32,336.39,343.52,349.18,352.65,362.64,368.72,380.3,408.77,419.52,411.45
1264,337.3,336.38,343.52,349.18,352.65,362.64,368.72,380.31,408.78,419.96,411.49
1265,337.29,336.36,343.5,349.17,352.65,362.65,368.73,380.32,408.78,420.25,411.52
1266,337.29,336.35,343.5,349.16,352.64,362.66,368.73,380.34,408.8,419.84,411.57
1267,337.26,336.34,343.49,349.16,352.64,362.67,368.75,380.36,408.82,419.13,411.64
1268,337.25,336.32,343.47,349.16,352.65,362.68,368.77,380.37,408.85,419.02,411.68
1269,337.24,336.32,343.47,349.16,352.65,362.68,368.79,380.38,408.86,418.92,411.7
1270,337.23,336.3,343.46,349.14,352.65,362.69,368.8,380.39,408.88,419.13,411.72
1271,337.22,336.3,343.46,349.14,352.65,362.7,368.81,380.42,408.9,419.4,411.76
1272,337.2,336.29,343.44,349.14,352.65,362.71,368.82,380.43,408.91,419.72,411.77
1273,337.19,336.28,343.44,349.14,352.64,362.71,368.83,380.43,408.93,420.06,411.78
1274,337.18,336.28,343.44,349.13,352.65,362.71,368.84,380.45,408.94,420.14,411.75
1275,337.17,336.26,343.42,349.12,352.65,362.71,368.84,380.46,408.95,419.96,411.71
1276,337.15,336.26,343.41,349.12,352.65,362.72,368.86,380.47,408.97,420.03,411.65
1277,337.14,336.25,343.4,349.12,352.64,362.73,368.87,380.48,408.98,419.9,411.56
1278,337.12,336.24,343.39,349.12,352.64,362.74,368.89,380.5,409.0,419.61,411.48
1279,337.12,336.23,343.38,349.11,352.64,362.75,368.91,380.52,409.01,419.56,411.43
1280,337.11,336.23,343.38,349.11,352.65,362.75,368.92,380.54,409.03,419.75,411.41
1281,337.1,336.22,343.37,349.11,352.65,362.76,368.94,380.54,409.03,419.85,411.4
1282,337.09,336.22,343.37,349.11,352.65,362.77,368.94,380.57,409.04,419.71,411.4
1283,337.09,336.21,343.36,349.1,352.65,362.77,368.96,380.58,409.05,419.39,411.4
1284,337.07,336.21,343.35,349.1,352.66,362.78,368.96,380.59,409.06,419.22,411.39
1285,337.06,336.2,343.35,349.1,352.65,362.79,368.97,380.6,409.06,419.15,411.35
1286,337.04,336.19,343.34,349.09,352.65,362.8,368.99,380.62,409.07,419.02,411.28
1287,337.03,336.17,343.33,349.09,352.65,362.82,369.0,380.65,409.08,418.86,411.2
1288,337.03,336.17,343.32,349.09,352.66,362.82,369.01,380.65,409.09,418.69,411.15
1289,337.01,336.16,343.32,349.09,352.66,362.82,369.03,380.68,409.1,418.51,411.11
1290,337.01,336.16,343.31,349.09,352.66,362.84,369.04,380.69,409.12,418.23,411.06
1291,337.0,336.16,343.31,349.08,352.67,362.85,369.06,380.69,409.12,418.26,411.01
1292,336.99,336.15,343.31,349.07,352.66,362.84,369.06,380.71,409.13,418.55,410.95
1293,336.98,336.14,343.29,349.06,352.67,362.84,369.07,380.7,409.13,418.78,410.9
1294,336.97,336.12,343.28,349.05,352.66,362.85,369.06,380.73,409.13,419.12,410.88
1295,336.95,336.1,343.26,349.07,352.65,362.87,369.08,380.75,409.14,419.14,410.85
1296,336.93,336.08,343.25,349.05,352.65,362.88,369.11,380.76,409.16,419.2,410.88
1297,336.92,336.07,343.24,349.06,352.66,362.88,369.1,380.78,409.17,419.43,410.93
1298,336.91,336.06,343.23,349.05,352.66,362.89,369.11,380.8,409.18,420.09,410.95
1299,336.9,336.06,343.23,349.05,352.66,362.9,369.13,380.82,409.19,420.45,410.98
1300,336.89,336.04,343.22,349.05,352.65,362.91,369.13,380.83,409.2,420.48,411.02
1301,336.88,336.04,343.21,349.05,352.66,362.92,369.14,380.84,409.21,420.38,411.04
1302,336.87,336.03,343.2,349.03,352.65,362.92,369.14,380.85,409.21,420.27,411.06
1303,336.86,336.01,343.2,349.03,352.65,362.93,369.16,380.87,409.23,420.04,411.09
1304,336.85,336.0,343.19,349.03,352.66,362.94,369.17,380.87,409.24,420.14,411.15
1305,336.84,336.0,343.19,349.02,352.67,362.94,369.2,380.89,409.27,420.1,411.2
1306,336.83,335.98,343.17,349.03,352.66,362.96,369.21,380.91,409.27,419.86,411.24
1307,336.83,335.98,343.17,349.02,352.68,362.96,369.23,380.92,409.29,420.18,411.29
1308,336.81,335.98,343.16,349.02,352.68,362.97,369.22,380.94,409.3,420.53,411.33
1309,336.81,335.95,343.15,349.03,352.67,362.98,369.24,380.95,409.31,420.86,411.38
1310,336.79,335.94,343.15,349.01,352.67,362.99,369.25,380.96,409.33,421.13,411.43
1311,336.78,335.92,343.14,349.02,352.67,363.0,369.25,380.98,409.34,420.68,411.48
1312,336.77,335.92,343.13,349.01,352.67,363.01,369.27,380.99,409.36,420.41,411.49
1313,336.76,335.92,343.12,349.0,352.68,363.0,369.29,380.99,409.39,420.22,411.46
1314,336.75,335.9,343.11,349.0,352.67,363.01,369.29,381.0,409.4,420.24,411.44
1315,336.75,335.9,343.1,349.0,352.67,363.03,369.31,381.03,409.42,420.51,411.44
1316,336.74,335.9,343.1,348.99,352.68,363.03,369.32,381.04,409.42,420.63,411.46
1317,336.72,335.89,343.09,348.99,352.68,363.03,369.33,381.05,409.44,420.44,411.47
1318,336.72,335.87,343.08,348.99,352.67,363.04,369.34,381.07,409.45,419.65,411.49
1319,336.7,335.86,343.07,348.98,352.67,363.05,369.35,381.08,409.46,419.29,411.51
1320,336.7,335.86,343.07,348.97,352.67,363.05,369.36,381.09,409.47,419.26,411.56
1321,336.68,335.85,343.05,348.97,352.67,363.06,369.36,381.1,409.48,419.04,411.59
1322,336.67,335.84,343.05,348.97,352.68,363.06,369.38,381.13,409.5,419.04,411.64
1323,336.65,335.83,343.04,348.96,352.67,363.07,369.4,381.13,409.52,419.23,411.66
1324,336.64,335.83,343.03,348.96,352.68,363.07,369.41,381.15,409.54,419.25,411.7
1325,336.63,335.82,343.03,348.95,352.69,363.08,369.43,381.16,409.55,419.2,411.7
1326,336.61,335.81,343.02,348.95,352.69,363.08,369.43,381.18,409.56,419.02,411.73
1327,336.6,335.79,343.0,348.95,352.67,363.09,369.43,381.19,409.56,418.96,411.74
1328,336.58,335.78,342.99,348.95,352.67,363.09,369.44,381.2,409.58,419.22,411.77
1329,336.57,335.77,342.98,348.95,352.68,363.09,369.45,381.21,409.58,419.73,411.79
1330,336.56,335.76,342.97,348.96,352.68,363.11,369.47,381.24,409.6,420.49,411.82
1331,336.55,335.74,342.96,348.95,352.68,363.12,369.48,381.26,409.62,421.16,411.9
1332,336.54,335.73,342.94,348.96,352.68,363.13,369.51,381.27,409.64,421.28,412.02
1333,336.52,335.73,342.94,348.95,352.68,363.13,369.51,381.27,409.66,421.19,412.08
1334,336.52,335.72,342.93,348.95,352.69,363.14,369.54,381.29,409.68,420.68,412.13
1335,336.52,335.72,342.94,348.95,352.69,363.15,369.54,381.32,409.7,420.1,412.15
1336,336.51,335.7,342.94,348.94,352.7,363.15,369.56,381.32,409.72,419.88,412.14
1337,336.5,335.7,342.92,348.94,352.69,363.16,369.57,381.33,409.74,419.75,412.12
1338,336.48,335.69,342.91,348.94,352.68,363.17,369.58,381.35,409.75,419.95,412.09
1339,336.47,335.66,342.9,348.94,352.69,363.17,369.58,381.36,409.75,419.85,412.07
1340,336.46,335.66,342.9,348.93,352.69,363.17,369.61,381.37,409.79,419.57,412.05
1341,336.45,335.65,342.89,348.93,352.7,363.19,369.62,381.38,409.79,419.5,412.06
1342,336.45,335.63,342.87,348.92,352.69,363.19,369.63,381.4,409.81,419.46,412.11
1343,336.44,335.64,342.87,348.93,352.7,363.21,369.65,381.42,409.82,419.66,412.16
1344,336.44,335.62,342.87,348.92,352.7,363.21,369.65,381.43,409.84,420.13,412.21
1345,336.42,335.62,342.86,348.92,352.71,363.21,369.67,381.44,409.84,420.31,412.29
1346,336.42,335.61,342.85,348.92,352.7,363.22,369.68,381.46,409.86,420.36,412.36
1347,336.41,335.61,342.85,348.91,352.7,363.24,369.69,381.48,409.87,420.14,412.42
1348,336.4,335.59,342.83,348.91,352.7,363.24,369.7,381.49,409.89,420.04,412.54
1349,336.39,335.59,342.82,348.9,352.7,363.25,369.71,381.5,409.91,419.87,412.64
1350,336.38,335.57,342.82,348.9,352.7,363.26,369.72,381.52,409.93,419.71,412.7
1351,336.36,335.56,342.8,348.9,352.7,363.27,369.72,381.54,409.94,419.56,412.75
1352,336.36,335.55,342.8,348.9,352.71,363.28,369.72,381.55,409.94,419.29,412.82
1353,336.36,335.55,342.8,348.9,352.72,363.28,369.75,381.56,409.97,419.14,412.87
1354,336.34,335.54,342.79,348.89,352.71,363.3,369.76,381.58,409.98,419.2,412.91
1355,336.34,335.54,342.78,348.89,352.71,363.3,369.76,381.59,409.99,419.08,412.93
1356,336.32,335.53,342.78,348.88,352.71,363.31,369.77,381.6,410.0,419.06,412.92
1357,336.3,335.5,342.76,348.87,352.71,363.31,369.78,381.6,410.01,419.28,412.9
1358,336.28,335.5,342.76,348.87,352.7,363.32,369.79,381.62,410.03,419.63,412.87
1359,336.28,335.49,342.75,348.87,352.71,363.33,369.8,381.64,410.04,419.81,412.85
1360,336.27,335.48,342.74,348.87,352.71,363.32,369.81,381.64,410.05,420.05,412.86
1361,336.27,335.47,342.74,348.86,352.72,363.34,369.81,381.66,410.07,420.31,412.86
1362,336.24,335.46,342.73,348.86,352.72,363.34,369.83,381.68,410.08,420.67,412.88
1363,336.24,335.45,342.73,348.86,352.72,363.35,369.84,381.69,410.09,420.86,412.91
1364,336.23,335.45,342.72,348.85,352.72,363.36,369.84,381.7,410.12,420.94,412.94
1365,336.22,335.44,342.71,348.85,352.72,363.36,369.85,381.72,410.13,420.9,412.94
1366,336.21,335.43,342.7,348.85,352.73,363.38,369.86,381.73,410.14,420.32,412.9
1367,336.17,335.4,342.69,348.86,352.71,363.39,369.87,381.77,410.14,419.75,412.78
1368,336.18,335.39,342.68,348.85,352.72,363.39,369.88,381.77,410.16,419.78,412.69
1369,336.18,335.39,342.69,348.85,352.72,363.4,369.89,381.78,410.18,419.95,412.63
1370,336.17,335.38,342.68,348.84,352.72,363.41,369.9,381.79,410.18,420.29,412.56
1371,336.15,335.38,342.68,348.84,352.74,363.42,369.92,381.81,410.18,420.26,412.5
1372,336.15,335.36,342.66,348.84,352.73,363.42,369.91,381.81,410.19,420.32,412.44
1373,336.13,335.36,342.66,348.83,352.73,363.42,369.92,381.83,410.19,420.46,412.41
1374,336.12,335.35,342.64,348.82,352.73,363.43,369.93,381.84,410.2,420.39,412.39
1375,336.11,335.33,342.65,348.83,352.74,363.44,369.92,381.86,410.21,420.59,412.36
1376,336.1,335.32,342.64,348.81,352.74,363.45,369.95,381.88,410.22,420.73,412.33
1377,336.08,335.32,342.64,348.81,352.75,363.46,369.96,381.88,410.23,420.83,412.33
1378,336.08,335.3,342.63,348.81,352.74,363.47,369.97,381.9,410.25,420.89,412.31
1379,336.08,335.29,342.63,348.8,352.75,363.47,369.98,381.92,410.26,420.93,412.29
1380,336.05,335.29,342.61,348.79,352.75,363.47,370.0,381.92,410.26,420.97,412.22
1381,336.05,335.27,342.61,348.79,352.74,363.48,370.01,381.93,410.28,420.77,412.16
1382,336.04,335.26,342.6,348.79,352.75,363.49,370.03,381.95,410.29,420.46,412.1
1383,336.04,335.25,342.59,348.78,352.76,363.49,370.04,381.96,410.31,420.68,412.04
1384,336.03,335.25,342.6,348.78,352.76,363.5,370.05,381.97,410.32,420.9,411.98
1385,336.01,335.23,342.59,348.79,352.76,363.51,370.07,381.99,410.33,421.04,411.91
1386,335.99,335.23,342.58,348.78,352.76,363.52,370.08,382.01,410.33,421.09,411.87
1387,335.98,335.22,342.58,348.77,352.77,363.53,370.1,382.03,410.35,421.05,411.84
1388,335.97,335.21,342.57,348.77,352.76,363.53,370.11,382.03,410.33,421.01,411.79
1389,335.97,335.21,342.57,348.77,352.76,363.55,370.13,382.05,410.34,420.87,411.75
1390,335.96,335.21,342.57,348.77,352.77,363.56,370.13,382.07,410.34,420.65,411.71
1391,335.95,335.2,342.56,348.77,352.77,363.57,370.14,382.08,410.35,420.49,411.69
1392,335.94,335.2,342.56,348.77,352.77,363.57,370.17,382.1,410.35,420.29,411.67
1393,335.91,335.18,342.53,348.77,352.77,363.57,370.17,382.11,410.35,420.05,411.66
1394,335.9,335.17,342.52,348.77,352.77,363.58,370.19,382.13,410.36,420.16,411.63
1395,335.91,335.16,342.53,348.77,352.78,363.59,370.21,382.14,410.38,420.38,411.61
1396,335.89,335.15,342.52,348.76,352.78,363.6,370.21,382.14,410.38,420.48,411.61
1397,335.88,335.15,342.51,348.76,352.78,363.6,370.22,382.16,410.39,420.51,411.61
1398,335.87,335.13,342.51,348.76,352.78,363.61,370.23,382.18,410.41,420.18,411.62
1399,335.86,335.12,342.49,348.76,352.78,363.62,370.24,382.2,410.41,419.53,411.61
1400,335.85,335.12,342.49,348.77,352.78,363.63,370.25,382.21,410.42,419.12,411.59
1401,335.84,335.12,342.48,348.76,352.78,363.64,370.26,382.22,410.43,418.96,411.55
1402,335.82,335.1,342.47,348.75,352.78,363.63,370.26,382.23,410.43,419.34,411.48
1403,335.81,335.09,342.46,348.76,352.79,363.65,370.28,382.25,410.45,419.53,411.43
1404,335.8,335.09,342.46,348.76,352.79,363.64,370.29,382.24,410.46,419.55,411.43
1405,335.79,335.08,342.44,348.75,352.78,363.65,370.3,382.25,410.46,419.52,411.45
1406,335.77,335.07,342.43,348.75,352.78,363.66,370.31,382.27,410.46,419.68,411.5
1407,335.77,335.06,342.42,348.75,352.78,363.67,370.33,382.3,410.48,420.16,411.55
1408,335.77,335.05,342.42,348.76,352.78,363.68,370.34,382.31,410.5,420.56,411.61
1409,335.76,335.05,342.42,348.76,352.79,363.68,370.36,382.32,410.51,420.49,411.68
1410,335.75,335.05,342.41,348.75,352.79,363.69,370.37,382.33,410.52,420.72,411.73
1411,335.74,335.03,342.4,348.75,352.79,363.7,370.38,382.36,410.54,420.77,411.8
1412,335.73,335.02,342.39,348.75,352.78,363.7,370.4,382.37,410.55,420.68,411.87
1413,335.72,335.01,342.38,348.74,352.79,363.71,370.41,382.37,410.57,420.66,411.94
1414,335.71,335.0,342.37,348.74,352.79,363.71,370.42,382.39,410.58,420.27,411.97
1415,335.69,334.99,342.36,348.74,352.79,363.72,370.43,382.4,410.6,420.1,412.0
1416,335.69,334.98,342.36,348.73,352.79,363.73,370.44,382.42,410.61,420.11,412.04
1417,335.68,334.99,342.36,348.74,352.79,363.74,370.45,382.43,410.63,419.95,412.1
1418,335.66,334.97,342.35,348.73,352.79,363.75,370.45,382.45,410.63,420.14,412.14
1419,335.65,334.96,342.35,348.72,352.79,363.76,370.46,382.45,410.65,420.83,412.16
1420,335.65,334.95,342.33,348.72,352.8,363.75,370.48,382.47,410.68,421.24,412.2
1421,335.64,334.95,342.32,348.72,352.8,363.77,370.49,382.48,410.7,421.53,412.24
1422,335.62,334.93,342.32,348.71,352.79,363.78,370.5,382.49,410.72,422.1,412.29
1423,335.63,334.93,342.31,348.71,352.8,363.8,370.51,382.51,410.74,421.98,412.35
1424,335.61,334.92,342.31,348.71,352.81,363.81,370.53,382.53,410.76,421.75,412.4
1425,335.6,334.92,342.29,348.71,352.81,363.81,370.54,382.54,410.78,421.72,412.42
1426,335.6,334.92,342.29,348.71,352.81,363.82,370.54,382.55,410.78,421.22,412.44
1427,335.57,334.89,342.27,348.7,352.8,363.83,370.53,382.56,410.78,420.78,412.46
1428,335.58,334.88,342.27,348.7,352.8,363.83,370.54,382.57,410.8,420.71,412.49
1429,335.57,334.89,342.28,348.7,352.81,363.84,370.56,382.59,410.82,420.45,412.5
1430,335.56,334.87,342.27,348.7,352.81,363.85,370.57,382.6,410.83,421.14,412.5
1431,335.54,334.86,342.25,348.69,352.81,363.87,370.58,382.62,410.85,421.54,412.56
1432,335.54,334.85,342.24,348.69,352.81,363.87,370.59,382.64,410.86,421.54,412.61
1433,335.52,334.84,342.23,348.7,352.8,363.88,370.59,382.65,410.87,421.59,412.64
1434,335.52,334.83,342.23,348.69,352.81,363.89,370.6,382.65,410.88,421.22,412.64
1435,335.51,334.83,342.23,348.67,352.81,363.89,370.61,382.67,410.9,420.54,412.61
1436,335.5,334.82,342.22,348.67,352.8,363.89,370.61,382.68,410.91,420.44,412.55
1437,335.49,334.81,342.22,348.67,352.81,363.9,370.62,382.69,410.92,420.48,412.47
1438,335.48,334.81,342.22,348.67,352.81,363.91,370.64,382.7,410.93,420.43,412.39
1439,335.47,334.8,342.21,348.66,352.82,363.92,370.65,382.72,410.93,420.58,412.29
1440,335.46,334.79,342.22,348.65,352.83,363.92,370.67,382.73,410.94,420.79,412.23
1441,335.45,334.79,342.21,348.66,352.83,363.93,370.69,382.74,410.95,420.9,412.21
1442,335.44,334.78,342.21,348.65,352.84,363.94,370.69,382.76,410.95,420.98,412.2
1443,335.43,334.78,342.19,348.65,352.83,363.95,370.7,382.77,410.95,420.85,412.19
1444,335.41,334.76,342.18,348.65,352.83,363.95,370.7,382.79,410.96,420.81,412.18
1445,335.4,334.76,342.18,348.65,352.83,363.96,370.71,382.79,410.97,420.94,412.16
1446,335.4,334.74,342.17,348.65,352.83,363.97,370.72,382.81,410.97,421.18,412.13
1447,335.4,334.74,342.17,348.64,352.84,363.98,370.73,382.83,410.99,421.27,412.11
1448,335.39,334.73,342.17,348.64,352.84,363.99,370.74,382.84,411.01,421.12,412.1
1449,335.37,334.72,342.15,348.64,352.84,363.99,370.75,382.85,411.02,420.99,412.12
1450,335.35,334.72,342.15,348.63,352.83,364.0,370.76,382.86,411.03,420.91,412.18
1451,335.35,334.7,342.15,348.62,352.85,364.0,370.77,382.87,411.04,421.01,412.24
1452,335.35,334.69,342.14,348.62,352.84,364.0,370.78,382.88,411.05,421.12,412.31
1453,335.33,334.68,342.14,348.62,352.85,364.01,370.79,382.9,411.06,421.12,412.35
1454,335.32,334.68,342.13,348.63,352.85,364.02,370.79,382.91,411.08,420.97,412.36
1455,335.31,334.67,342.12,348.61,352.85,364.02,370.81,382.92,411.1,420.73,412.37
1456,335.3,334.65,342.12,348.61,352.85,364.03,370.82,382.93,411.12,420.35,412.4
1457,335.28,334.65,342.12,348.61,352.86,364.04,370.84,382.94,411.14,420.04,412.45
1458,335.27,334.63,342.1,348.6,352.86,364.05,370.84,382.95,411.16,419.82,412.48
1459,335.25,334.62,342.09,348.59,352.85,364.04,370.86,382.97,411.16,419.63,412.48
1460,335.26,334.62,342.08,348.59,352.85,364.05,370.87,382.98,411.18,419.41,412.5
1461,335.24,334.6,342.08,348.59,352.86,364.06,370.87,382.99,411.19,418.88,412.5
1462,335.24,334.6,342.08,348.59,352.85,364.07,370.88,383.01,411.2,418.26,412.5
1463,335.23,334.59,342.07,348.57,352.85,364.08,370.9,383.02,411.21,417.67,412.48
1464,335.21,334.58,342.07,348.58,352.86,364.09,370.91,383.03,411.21,417.44,412.45
1465,335.2,334.57,342.06,348.58,352.86,364.09,370.92,383.04,411.23,417.41,412.38
1466,335.19,334.56,342.05,348.58,352.86,364.1,370.95,383.06,411.24,417.45,412.3
1467,335.18,334.56,342.05,348.57,352.87,364.11,370.95,383.08,411.24,417.69,412.24
1468,335.16,334.55,342.03,348.57,352.87,364.12,370.95,383.09,411.25,417.86,412.2
1469,335.15,334.54,342.02,348.56,352.86,364.11,370.96,383.09,411.24,418.04,412.17
1470,335.15,334.52,342.01,348.57,352.86,364.13,370.97,383.11,411.25,417.79,412.17
1471,335.13,334.53,342.01,348.57,352.87,364.14,370.99,383.13,411.26,417.46,412.17
1472,335.11,334.52,341.99,348.57,352.87,364.14,370.99,383.13,411.25,417.47,412.15
1473,335.11,334.51,341.99,348.58,352.86,364.14,371.01,383.14,411.26,417.53,412.14
1474,335.11,334.51,341.98,348.59,352.87,364.15,371.04,383.16,411.28,417.7,412.14
1475,335.1,334.5,341.97,348.59,352.87,364.17,371.07,383.19,411.29,417.81,412.15
1476,335.11,334.5,341.97,348.59,352.88,364.17,371.07,383.2,411.29,418.0,412.18
1477,335.1,334.49,341.97,348.59,352.88,364.18,371.08,383.21,411.3,418.34,412.19
1478,335.08,334.49,341.96,348.58,352.88,364.2,371.08,383.22,411.32,418.54,412.22
1479,335.08,334.48,341.95,348.58,352.88,364.21,371.08,383.24,411.33,418.27,412.24
1480,335.07,334.47,341.95,348.57,352.88,364.21,371.08,383.25,411.34,418.05,412.23
1481,335.06,334.47,341.94,348.57,352.89,364.22,371.08,383.26,411.34,417.83,412.21
1482,335.05,334.46,341.95,348.57,352.89,364.23,371.09,383.27,411.36,417.56,412.18
1483,335.04,334.44,341.94,348.56,352.89,364.24,371.1,383.27,411.37,417.42,412.15
1484,335.02,334.44,341.93,348.56,352.88,364.24,371.11,383.29,411.38,417.4,412.12
1485,335.01,334.42,341.93,348.55,352.89,364.25,371.12,383.3,411.39,417.27,412.08
1486,335.0,334.41,341.92,348.54,352.89,364.25,371.13,383.31,411.4,416.94,412.02
1487,334.99,334.4,341.91,348.53,352.89,364.26,371.15,383.32,411.41,416.85,411.99
1488,334.98,334.39,341.91,348.53,352.89,364.26,371.15,383.33,411.41,416.93,411.97
1489,334.97,334.37,341.89,348.52,352.89,364.27,371.17,383.34,411.42,416.93,411.95
1490,334.96,334.37,341.89,348.52,352.89,364.28,371.17,383.36,411.42,417.26,411.93
1491,334.94,334.36,341.88,348.52,352.89,364.29,371.17,383.37,411.43,417.98,411.95
1492,334.94,334.35,341.87,348.51,352.89,364.29,371.19,383.38,411.45,418.03,411.99
1493,334.92,334.34,341.86,348.51,352.89,364.29,371.21,383.39,411.45,418.25,412.01
1494,334.91,334.33,341.85,348.51,352.89,364.29,371.22,383.41,411.47,418.36,412.02
1495,334.9,334.33,341.85,348.52,352.89,364.3,371.24,383.42,411.47,418.22,412.02
1496,334.89,334.31,341.84,348.52,352.9,364.32,371.24,383.45,411.49,418.32,412.05
1497,334.88,334.31,341.83,348.52,352.9,364.32,371.25,383.45,411.5,418.55,412.1
1498,334.87,334.3,341.84,348.51,352.91,364.32,371.27,383.46,411.52,418.86,412.17
1499,334.86,334.3,341.82,348.52,352.91,364.34,371.28,383.48,411.52,418.94,412.26
1500,334.86,334.29,341.81,348.52,352.91,364.34,371.29,383.49,411.54,418.83,412.34
1501,334.84,334.28,341.8,348.51,352.91,364.34,371.3,383.5,411.55,418.75,412.4
1502,334.82,334.26,341.79,348.51,352.92,364.36,371.32,383.52,411.57,418.87,412.44
1503,334.81,334.26,341.79,348.52,352.92,364.37,371.32,383.54,411.58,418.89,412.46
1504,334.81,334.26,341.78,348.51,352.92,364.37,371.33,383.54,411.59,418.53,412.47
1505,334.81,334.25,341.78,348.51,352.92,364.37,371.34,383.55,411.6,418.29,412.5
1506,334.79,334.23,341.77,348.5,352.92,364.38,371.35,383.56,411.62,418.46,412.55
1507,334.78,334.23,341.76,348.49,352.92,364.39,371.36,383.57,411.62,418.58,412.58
1508,334.77,334.22,341.75,348.49,352.92,364.4,371.36,383.59,411.63,418.56,412.64
1509,334.77,334.2,341.75,348.5,352.92,364.41,371.36,383.59,411.64,418.52,412.68
1510,334.75,334.19,341.74,348.49,352.91,364.41,371.37,383.61,411.66,418.16,412.74
1511,334.75,334.19,341.75,348.48,352.93,364.42,371.4,383.62,411.68,417.97,412.75
1512,334.74,334.18,341.74,348.47,352.93,364.43,371.4,383.63,411.69,418.02,412.73
1513,334.73,334.17,341.73,348.48,352.93,364.42,371.41,383.63,411.69,418.03,412.72
1514,334.72,334.16,341.72,348.47,352.92,364.44,371.41,383.65,411.7,418.07,412.72
1515,334.71,334.15,341.71,348.48,352.92,364.46,371.42,383.67,411.71,418.26,412.76
1516,334.71,334.15,341.72,348.47,352.93,364.46,371.44,383.67,411.72,418.25,412.8
1517,334.7,334.14,341.7,348.47,352.93,364.46,371.44,383.68,411.73,418.26,412.83
1518,334.7,334.14,341.7,348.46,352.94,364.47,371.46,383.69,411.74,417.94,412.86
1519,334.68,334.12,341.69,348.46,352.94,364.48,371.46,383.71,411.76,417.71,412.88
1520,334.68,334.12,341.69,348.47,352.94,364.48,371.48,383.72,411.77,417.66,412.88
1521,334.66,334.11,341.68,348.45,352.94,364.49,371.48,383.73,411.79,417.56,412.87
1522,334.66,334.1,341.68,348.45,352.95,364.49,371.5,383.74,411.8,417.65,412.88
1523,334.64,334.1,341.67,348.44,352.95,364.5,371.49,383.75,411.81,417.66,412.86
1524,334.63,334.09,341.67,348.45,352.95,364.51,371.51,383.76,411.8,417.58,412.84
1525,334.62,334.07,341.65,348.45,352.94,364.51,371.51,383.77,411.82,417.56,412.83
1526,334.62,334.08,341.65,348.44,352.95,364.52,371.52,383.79,411.83,417.26,412.84
1527,334.6,334.06,341.63,348.43,352.94,364.53,371.53,383.8,411.83,417.3,412.85
1528,334.59,334.05,341.62,348.43,352.94,364.53,371.53,383.81,411.84,417.51,412.87
1529,334.57,334.03,341.61,348.44,352.94,364.55,371.55,383.82,411.86,417.61,412.9
1530,334.57,334.03,341.61,348.44,352.95,364.55,371.55,383.85,411.87,417.8,412.91
1531,334.56,334.02,341.6,348.44,352.95,364.56,371.56,383.86,411.89,417.85,412.92
1532,334.55,334.02,341.6,348.44,352.95,364.56,371.57,383.87,411.88,417.84,412.92
1533,334.54,334.0,341.59,348.43,352.95,364.57,371.58,383.89,411.9,417.81,412.93
1534,334.53,333.99,341.59,348.43,352.95,364.58,371.59,383.89,411.91,417.76,412.94
1535,334.53,333.99,341.58,348.43,352.96,364.58,371.61,383.9,411.92,417.76,412.96
1536,334.53,333.99,341.58,348.43,352.97,364.6,371.62,383.92,411.94,418.18,412.99
1537,334.51,333.98,341.58,348.43,352.96,364.6,371.62,383.93,411.94,418.52,413.01
1538,334.5,333.97,341.56,348.44,352.97,364.61,371.63,383.95,411.95,418.59,413.09
1539,334.49,333.96,341.56,348.43,352.97,364.62,371.65,383.96,411.97,418.74,413.14
1540,334.49,333.95,341.56,348.43,352.97,364.64,371.65,383.98,411.97,418.92,413.16
1541,334.48,333.94,341.55,348.44,352.98,364.64,371.67,383.99,411.99,419.35,413.17
1542,334.46,333.93,341.54,348.42,352.98,364.64,371.68,384.0,412.0,420.17,413.19
1543,334.45,333.92,341.54,348.41,352.98,364.65,371.68,384.01,412.01,420.77,413.22
1544,334.44,333.91,341.53,348.42,352.97,364.65,371.69,384.02,412.01,420.74,413.27
1545,334.43,333.9,341.53,348.41,352.98,364.65,371.7,384.02,412.04,420.54,413.32
1546,334.43,333.88,341.51,348.4,352.98,364.66,371.72,384.04,412.05,420.16,413.35
1547,334.41,333.87,341.51,348.4,352.98,364.66,371.74,384.05,412.06,420.05,413.32
1548,334.4,333.87,341.51,348.39,352.98,364.66,371.74,384.06,412.08,420.11,413.28
1549,334.39,333.85,341.5,348.39,352.98,364.67,371.75,384.08,412.08,420.03,413.25
1550,334.37,333.84,341.5,348.39,352.98,364.69,371.76,384.09,412.09,419.73,413.2
1551,334.36,333.84,341.48,348.39,352.98,364.7,371.77,384.11,412.08,419.3,413.19
1552,334.35,333.82,341.47,348.38,352.98,364.69,371.78,384.12,412.09,419.01,413.17
1553,334.34,333.81,341.47,348.38,352.98,364.71,371.78,384.13,412.09,418.67,413.17
1554,334.32,333.81,341.45,348.39,352.97,364.71,371.8,384.15,412.1,418.45,413.2
1555,334.32,333.8,341.44,348.39,352.98,364.72,371.81,384.16,412.1,418.88,413.22
1556,334.3,333.79,341.44,348.4,352.99,364.72,371.82,384.18,412.11,419.5,413.28
1557,334.29,333.78,341.42,348.4,352.99,364.73,371.84,384.19,412.14,419.88,413.38
1558,334.27,333.77,341.41,348.4,352.99,364.74,371.85,384.2,412.14,420.01,413.43
1559,334.26,333.75,341.4,348.4,352.98,364.74,371.85,384.21,412.15,419.99,413.49
1560,334.26,333.74,341.4,348.4,352.99,364.75,371.86,384.23,412.17,419.73,413.56
1561,334.26,333.75,341.4,348.4,352.99,364.75,371.88,384.23,412.19,419.43,413.59
1562,334.24,333.74,341.39,348.4,352.99,364.76,371.89,384.25,412.19,419.32,413.61
1563,334.24,333.74,341.4,348.39,353.01,364.77,371.91,384.26,412.21,419.23,413.63
1564,334.24,333.73,341.39,348.4,353.01,364.78,371.92,384.27,412.23,419.33,413.61
1565,334.22,333.72,341.38,348.4,353.0,364.78,371.92,384.28,412.23,419.58,413.59
1566,334.21,333.71,341.38,348.39,353.01,364.79,371.94,384.29,412.25,419.66,413.59
1567,334.19,333.68,341.37,348.39,353.0,364.79,371.95,384.31,412.25,419.47,413.59
1568,334.19,333.68,341.36,348.38,353.01,364.79,371.96,384.32,412.26,419.46,413.65
1569,334.19,333.67,341.35,348.38,353.0,364.8,371.97,384.32,412.27,419.37,413.71
1570,334.18,333.67,341.34,348.38,353.01,364.81,371.98,384.33,412.29,419.59,413.81
1571,334.17,333.67,341.35,348.39,353.02,364.81,371.98,384.35,412.31,420.08,413.88
1572,334.17,333.66,341.35,348.38,353.02,364.82,372.0,384.36,412.33,420.33,413.95
1573,334.15,333.65,341.34,348.38,353.02,364.82,372.02,384.37,412.34,420.34,414.03
1574,334.14,333.64,341.33,348.38,353.02,364.84,372.03,384.39,412.35,420.78,414.08
1575,334.13,333.63,341.32,348.38,353.01,364.85,372.03,384.4,412.35,421.29,414.09
1576,334.12,333.62,341.31,348.38,353.01,364.85,372.03,384.41,412.36,421.51,414.11
1577,334.11,333.61,341.31,348.37,353.01,364.86,372.05,384.42,412.38,421.65,414.12
1578,334.11,333.6,341.3,348.36,353.02,364.87,372.06,384.43,412.39,422.12,414.13
1579,334.1,333.6,341.3,348.37,353.02,364.88,372.08,384.45,412.41,422.39,414.16
1580,334.09,333.6,341.29,348.36,353.03,364.88,372.08,384.46,412.43,422.34,414.19
1581,334.09,333.59,341.28,348.36,353.01,364.88,372.08,384.46,412.44,422.32,414.23
1582,334.07,333.58,341.28,348.36,353.03,364.9,372.09,384.48,412.45,421.91,414.3
1583,334.07,333.58,341.28,348.36,353.03,364.9,372.12,384.48,412.47,421.37,414.36
1584,334.05,333.56,341.26,348.35,353.03,364.9,372.12,384.5,412.5,421.16,414.43
1585,334.05,333.56,341.26,348.36,353.03,364.91,372.13,384.51,412.51,421.13,414.47
1586,334.04,333.56,341.26,348.36,353.04,364.92,372.16,384.53,412.53,421.52,414.51
1587,334.03,333.56,341.25,348.36,353.05,364.93,372.16,384.54,412.53,421.85,414.56
1588,334.03,333.55,341.25,348.36,353.05,364.94,372.16,384.55,412.53,421.92,414.61
1589,334.02,333.54,341.24,348.36,353.05,364.94,372.17,384.56,412.54,421.95,414.64
1590,334.0,333.54,341.23,348.35,353.04,364.94,372.17,384.57,412.55,422.15,414.65
1591,333.98,333.52,341.22,348.34,353.04,364.95,372.18,384.58,412.56,422.43,414.7
1592,333.96,333.5,341.21,348.34,353.04,364.96,372.19,384.59,412.58,422.46,414.75
1593,333.95,333.5,341.19,348.33,353.04,364.96,372.2,384.59,412.58,422.36,414.78
1594,333.94,333.47,341.18,348.33,353.03,364.96,372.19,384.61,412.59,421.88,414.81
1595,333.93,333.47,341.18,348.33,353.04,364.97,372.2,384.62,412.61,421.66,414.85
1596,333.93,333.48,341.18,348.32,353.05,364.99,372.23,384.63,412.62,421.77,414.93
1597,333.92,333.47,341.17,348.32,353.04,364.99,372.23,384.64,412.63,422.12,414.97
1598,333.92,333.45,341.16,348.32,353.05,364.99,372.23,384.65,412.65,422.42,415.0
1599,333.91,333.45,341.16,348.32,353.06,365.01,372.25,384.67,412.67,422.56,415.02
1600,333.9,333.45,341.16,348.32,353.06,365.01,372.27,384.67,412.68,422.57,414.99
1601,333.9,333.45,341.16,348.31,353.06,365.01,372.3,384.69,412.7,422.72,414.95
1602,333.89,333.43,341.15,348.32,353.06,365.02,372.3,384.71,412.7,422.89,414.94
1603,333.87,333.42,341.14,348.31,353.06,365.04,372.3,384.71,412.71,422.82,414.93
1604,333.87,333.41,341.13,348.31,353.06,365.05,372.3,384.73,412.71,422.88,414.92
1605,333.86,333.4,341.13,348.32,353.06,365.06,372.32,384.74,412.73,422.84,414.95
1606,333.86,333.4,341.13,348.31,353.06,365.06,372.34,384.75,412.74,422.81,414.98
1607,333.84,333.39,341.12,348.31,353.06,365.06,372.34,384.76,412.74,422.59,415.01
1608,333.84,333.38,341.11,348.31,353.06,365.07,372.35,384.78,412.74,422.44,415.02
1609,333.83,333.37,341.11,348.31,353.07,365.07,372.36,384.78,412.77,422.36,415.03
1610,333.82,333.37,341.1,348.3,353.07,365.07,372.37,384.79,412.77,422.56,415.03
1611,333.81,333.35,341.09,348.29,353.07,365.09,372.38,384.82,412.79,422.74,415.06
1612,333.81,333.35,341.09,348.29,353.08,365.09,372.39,384.81,412.8,423.08,415.1
1613,333.81,333.35,341.09,348.28,353.08,365.09,372.4,384.82,412.82,423.39,415.13
1614,333.8,333.35,341.09,348.28,353.09,365.1,372.42,384.83,412.82,423.79,415.17
1615,333.79,333.33,341.08,348.28,353.08,365.12,372.41,384.85,412.82,423.92,415.21
1616,333.77,333.32,341.06,348.28,353.08,365.12,372.41,384.86,412.83,423.75,415.23
1617,333.77,333.31,341.06,348.28,353.07,365.13,372.42,384.87,412.84,423.7,415.25
1618,333.76,333.31,341.06,348.27,353.09,365.13,372.44,384.88,412.86,423.58,415.28
1619,333.75,333.3,341.05,348.27,353.08,365.13,372.45,384.89,412.87,423.32,415.28
1620,333.73,333.28,341.04,348.26,353.08,365.15,372.45,384.91,412.88,423.16,415.29
1621,333.73,333.28,341.04,348.27,353.09,365.16,372.47,384.92,412.88,423.13,415.31
1622,333.72,333.27,341.04,348.27,353.09,365.16,372.47,384.93,412.89,423.13,415.33
1623,333.71,333.26,341.02,348.26,353.09,365.18,372.48,384.95,412.9,423.4,415.34
1624,333.71,333.26,341.02,348.27,353.1,365.18,372.5,384.95,412.91,423.29,415.37
1625,333.7,333.25,341.01,348.26,353.1,365.18,372.5,384.96,412.92,423.17,415.38
1626,333.68,333.25,341.01,348.26,353.1,365.19,372.5,384.97,412.92,423.1,415.36
1627,333.68,333.23,340.99,348.25,353.1,365.2,372.51,384.99,412.94,422.77,415.34
1628,333.67,333.22,340.99,348.26,353.1,365.2,372.52,384.99,412.94,422.87,415.26
1629,333.65,333.21,340.99,348.26,353.1,365.22,372.54,385.0,412.95,423.02,415.16
1630,333.64,333.2,340.98,348.26,353.11,365.22,372.54,385.02,412.95,423.09,415.05
1631,333.64,333.19,340.98,348.26,353.1,365.24,372.55,385.03,412.96,423.34,414.93
1632,333.63,333.19,340.97,348.25,353.1,365.25,372.55,385.05,412.95,423.4,414.81
1633,333.63,333.19,340.97,348.26,353.12,365.25,372.56,385.06,412.98,423.34,414.7
1634,333.62,333.19,340.97,348.26,353.1,365.26,372.57,385.07,412.98,423.34,414.58
1635,333.61,333.17,340.96,348.25,353.12,365.27,372.57,385.07,412.97,423.38,414.46
1636,333.59,333.17,340.96,348.25,353.12,365.27,372.57,385.08,412.97,423.25,414.31
1637,333.58,333.15,340.95,348.25,353.12,365.28,372.58,385.1,412.98,423.36,414.16
1638,333.57,333.15,340.94,348.24,353.12,365.29,372.59,385.11,412.98,423.53,414.06
1639,333.56,333.14,340.94,348.24,353.12,365.29,372.59,385.11,412.98,423.53,413.98
1640,333.56,333.12,340.94,348.25,353.13,365.3,372.61,385.13,412.98,423.66,413.92
1641,333.55,333.12,340.93,348.23,353.12,365.3,372.62,385.14,412.99,423.94,413.85
1642,333.54,333.11,340.92,348.24,353.11,365.31,372.62,385.15,412.98,424.18,413.8
1643,333.52,333.1,340.91,348.23,353.11,365.31,372.62,385.17,412.97,424.07,413.73
1644,333.51,333.09,340.91,348.24,353.11,365.33,372.63,385.17,412.97,423.89,413.68
1645,333.5,333.08,340.9,348.23,353.11,365.33,372.64,385.19,412.98,423.67,413.6
1646,333.48,333.06,340.89,348.22,353.1,365.34,372.65,385.19,412.97,423.37,413.51
1647,333.47,333.06,340.89,348.21,353.12,365.34,372.66,385.2,412.98,423.39,413.48
1648,333.46,333.05,340.88,348.22,353.11,365.35,372.66,385.21,412.98,423.59,413.45
1649,333.45,333.04,340.87,348.21,353.11,365.36,372.68,385.23,413.0,423.76,413.44
1650,333.46,333.03,340.87,348.21,353.12,365.36,372.7,385.23,413.0,423.66,413.45
1651,333.46,333.03,340.87,348.2,353.13,365.37,372.71,385.24,413.01,423.25,413.47
1652,333.44,333.02,340.87,348.21,353.13,365.37,372.72,385.26,413.01,423.22,413.46
1653,333.43,333.01,340.86,348.2,353.13,365.38,372.73,385.25,413.02,423.43,413.45
1654,333.41,333.0,340.85,348.2,353.13,365.38,372.73,385.28,413.02,423.61,413.44
1655,333.4,332.99,340.84,348.19,353.13,365.4,372.75,385.29,413.03,423.72,413.44
1656,333.39,332.98,340.83,348.19,353.13,365.4,372.76,385.31,413.05,423.48,413.46
1657,333.39,332.98,340.84,348.19,353.14,365.4,372.77,385.31,413.06,423.13,413.45
1658,333.38,332.98,340.83,348.19,353.14,365.42,372.78,385.32,413.07,422.79,413.45
1659,333.38,332.97,340.83,348.2,353.15,365.43,372.79,385.34,413.08,422.68,413.43
1660,333.36,332.95,340.82,348.19,353.14,365.42,372.79,385.34,413.08,422.82,413.42
1661,333.35,332.94,340.81,348.19,353.14,365.43,372.8,385.35,413.07,423.13,413.42
1662,333.35,332.93,340.8,348.2,353.13,365.45,372.81,385.36,413.1,423.38,413.46
1663,333.33,332.92,340.79,348.19,353.14,365.45,372.82,385.37,413.11,423.24,413.53
1664,333.32,332.92,340.78,348.18,353.13,365.44,372.83,385.38,413.13,423.14,413.61
1665,333.31,332.9,340.77,348.18,353.13,365.45,372.83,385.39,413.13,423.06,413.65
1666,333.3,332.9,340.78,348.17,353.14,365.46,372.85,385.4,413.15,423.25,413.67
1667,333.3,332.89,340.76,348.18,353.14,365.46,372.86,385.42,413.17,423.51,413.71
1668,333.28,332.88,340.76,348.18,353.14,365.47,372.87,385.43,413.18,423.75,413.77
1669,333.28,332.87,340.75,348.18,353.14,365.47,372.88,385.43,413.2,424.05,413.86
1670,333.26,332.86,340.74,348.17,353.14,365.48,372.87,385.44,413.2,424.55,413.91
1671,333.25,332.85,340.73,348.16,353.13,365.48,372.88,385.45,413.21,425.02,413.99
1672,333.25,332.85,340.72,348.16,353.13,365.49,372.9,385.46,413.22,425.23,414.06
1673,333.23,332.84,340.72,348.16,353.14,365.5,372.91,385.47,413.24,425.39,414.19
1674,333.21,332.81,340.7,348.16,353.12,365.49,372.91,385.48,413.25,425.23,414.31
1675,333.21,332.81,340.69,348.17,353.13,365.51,372.91,385.51,413.26,425.03,414.4
1676,333.19,332.8,340.68,348.18,353.13,365.51,372.93,385.51,413.27,425.17,414.49
1677,333.19,332.78,340.68,348.17,353.13,365.51,372.94,385.52,413.3,425.31,414.58
1678,333.18,332.78,340.67,348.17,353.14,365.53,372.96,385.53,413.31,425.23,414.66
1679,333.18,332.79,340.67,348.17,353.14,365.53,372.97,385.55,413.33,425.51,414.73
1680,333.16,332.77,340.67,348.17,353.14,365.54,372.97,385.55,413.34,425.48,414.8
1681,333.15,332.77,340.66,348.16,353.14,365.55,372.98,385.56,413.36,425.2,414.93
1682,333.14,332.75,340.65,348.17,353.14,365.55,373.0,385.58,413.38,424.18,415.06
1683,333.14,332.75,340.64,348.16,353.15,365.54,373.01,385.59,413.4,422.96,415.13
1684,333.12,332.74,340.64,348.16,353.15,365.55,373.02,385.59,413.41,422.41,415.19
1685,333.12,332.73,340.63,348.16,353.15,365.57,373.03,385.6,413.43,421.92,415.22
1686,333.12,332.72,340.63,348.16,353.15,365.57,373.03,385.62,413.44,421.2,415.26
1687,333.1,332.72,340.62,348.16,353.16,365.58,373.05,385.63,413.45,420.57,415.29
1688,333.09,332.72,340.62,348.15,353.16,365.59,373.05,385.63,413.47,420.38,415.33
1689,333.09,332.71,340.6,348.16,353.15,365.59,373.06,385.65,413.47,420.4,415.38
1690,333.07,332.69,340.59,348.15,353.16,365.6,373.07,385.66,413.49,420.53,415.46
1691,333.05,332.67,340.58,348.15,353.16,365.6,373.07,385.67,413.5,420.68,415.53
1692,333.06,332.67,340.58,348.14,353.16,365.61,373.08,385.68,413.51,420.58,415.57
1693,333.05,332.67,340.59,348.14,353.17,365.61,373.1,385.7,413.53,420.45,415.61
1694,333.04,332.66,340.57,348.13,353.17,365.62,373.11,385.7,413.53,420.06,415.6
1695,333.03,332.65,340.57,348.13,353.17,365.64,373.11,385.72,413.55,419.47,415.61
1696,333.03,332.66,340.56,348.13,353.18,365.63,373.12,385.72,413.56,419.64,415.57
1697,333.02,332.65,340.57,348.12,353.18,365.63,373.14,385.73,413.58,420.16,415.55
1698,333.01,332.64,340.55,348.13,353.18,365.65,373.13,385.75,413.59,420.8,415.55
1699,333.0,332.63,340.54,348.12,353.18,365.64,373.15,385.76,413.61,420.64,415.57
1700,332.98,332.62,340.53,348.13,353.18,365.65,373.16,385.76,413.62,420.46,415.59
1701,332.98,332.61,340.53,348.12,353.17,365.65,373.17,385.77,413.62,420.37,415.63
1702,332.97,332.6,340.52,348.13,353.18,365.66,373.18,385.78,413.64,420.42,415.68
1703,332.96,332.6,340.52,348.12,353.18,365.67,373.19,385.8,413.65,420.91,415.72
1704,332.95,332.58,340.51,348.13,353.18,365.68,373.2,385.81,413.66,421.2,415.76
1705,332.95,332.58,340.5,348.13,353.19,365.67,373.21,385.82,413.67,421.44,415.8
1706,332.94,332.56,340.5,348.12,353.19,365.68,373.21,385.83,413.68,421.49,415.83
1707,332.93,332.56,340.49,348.12,353.18,365.7,373.22,385.85,413.69,421.36,415.83
1708,332.93,332.56,340.49,348.12,353.2,365.7,373.25,385.85,413.72,421.06,415.84
1709,332.93,332.55,340.49,348.12,353.21,365.7,373.26,385.86,413.74,420.79,415.83
1710,332.92,332.54,340.48,348.12,353.21,365.72,373.27,385.87,413.75,420.71,415.81
1711,332.91,332.54,340.48,348.11,353.21,365.73,373.28,385.89,413.75,420.81,415.76
1712,332.91,332.54,340.47,348.12,353.22,365.73,373.29,385.91,413.76,420.98,415.73
1713,332.9,332.53,340.47,348.11,353.22,365.75,373.29,385.9,413.75,421.23,415.68
1714,332.9,332.52,340.46,348.1,353.22,365.75,373.3,385.91,413.76,421.25,415.64
1715,332.88,332.51,340.46,348.11,353.22,365.76,373.3,385.93,413.76,421.62,415.6
1716,332.87,332.51,340.45,348.1,353.22,365.77,373.29,385.94,413.76,421.95,415.58
1717,332.87,332.5,340.45,348.1,353.22,365.77,373.31,385.95,413.77,422.25,415.6
1718,332.86,332.5,340.45,348.09,353.23,365.78,373.32,385.96,413.78,422.33,415.64
1719,332.84,332.49,340.43,348.09,353.23,365.79,373.31,385.99,413.79,422.11,415.65
1720,332.84,332.49,340.44,348.1,353.23,365.8,373.32,385.99,413.8,422.13,415.63
1721,332.84,332.48,340.44,348.1,353.24,365.81,373.34,386.0,413.82,421.99,415.61
1722,332.82,332.48,340.43,348.09,353.23,365.81,373.34,386.0,413.82,421.78,415.55
1723,332.81,332.47,340.42,348.09,353.23,365.82,373.33,386.02,413.82,421.64,415.5
1724,332.79,332.45,340.41,348.09,353.22,365.83,373.33,386.03,413.82,421.7,415.46
1725,332.79,332.45,340.4,348.09,353.22,365.83,373.34,386.04,413.84,421.87,415.44
1726,332.78,332.45,340.4,348.08,353.24,365.83,373.36,386.05,413.85,422.3,415.41
1727,332.77,332.44,340.39,348.08,353.24,365.84,373.36,386.05,413.86,422.72,415.4
1728,332.76,332.42,340.4,348.08,353.24,365.85,373.37,386.06,413.87,423.14,415.42
1729,332.76,332.42,340.39,348.08,353.24,365.84,373.38,386.06,413.88,423.42,415.47
1730,332.74,332.41,340.38,348.07,353.23,365.85,373.38,386.08,413.88,423.55,415.5
1731,332.74,332.4,340.38,348.06,353.24,365.85,373.39,386.1,413.89,423.43,415.56
1732,332.73,332.4,340.37,348.06,353.24,365.87,373.41,386.1,413.9,423.66,415.62
1733,332.73,332.39,340.37,348.07,353.24,365.87,373.41,386.11,413.91,424.07,415.68
1734,332.71,332.38,340.36,348.06,353.24,365.87,373.41,386.11,413.92,424.4,415.72
1735,332.7,332.37,340.35,348.06,353.24,365.88,373.42,386.13,413.92,424.29,415.75
1736,332.68,332.37,340.35,348.06,353.24,365.89,373.44,386.15,413.95,424.33,415.79
1737,332.69,332.37,340.35,348.05,353.26,365.89,373.45,386.15,413.96,424.33,415.83
1738,332.69,332.37,340.35,348.05,353.26,365.89,373.47,386.16,413.98,423.99,415.86
1739,332.68,332.36,340.35,348.05,353.27,365.9,373.48,386.17,413.99,423.32,415.87
1740,332.67,332.35,340.33,348.04,353.26,365.9,373.48,386.18,414.0,423.02,415.85
1741,332.65,332.34,340.32,348.04,353.26,365.91,373.49,386.18,414.01,422.85,415.82
1742,332.65,332.33,340.32,348.05,353.27,365.93,373.49,386.21,414.01,422.65,415.77
1743,332.63,332.33,340.31,348.05,353.26,365.93,373.5,386.22,414.01,423.14,415.73
1744,332.63,332.32,340.31,348.05,353.27,365.93,373.52,386.23,414.03,423.53,415.69
1745,332.62,332.3,340.3,348.04,353.26,365.94,373.54,386.24,414.04,423.84,415.69
1746,332.62,332.3,340.3,348.05,353.28,365.95,373.54,386.26,414.05,424.48,415.72
1747,332.61,332.3,340.3,348.04,353.27,365.96,373.55,386.27,414.06,424.84,415.77
1748,332.59,332.29,340.28,348.04,353.27,365.96,373.56,386.28,414.07,424.6,415.82
1749,332.6,332.28,340.29,348.04,353.28,365.96,373.58,386.29,414.08,424.42,415.86
1750,332.58,332.27,340.29,348.04,353.28,365.98,373.59,386.31,414.09,424.53,415.89
1751,332.58,332.27,340.28,348.04,353.29,365.98,373.6,386.32,414.1,425.03,415.94
1752,332.57,332.25,340.28,348.04,353.28,365.99,373.6,386.32,414.1,425.15,415.97
1753,332.56,332.25,340.26,348.04,353.28,366.0,373.61,386.34,414.11,425.15,416.02
1754,332.54,332.23,340.25,348.04,353.28,366.0,373.62,386.34,414.13,424.99,416.09
1755,332.54,332.22,340.26,348.03,353.29,366.0,373.61,386.35,414.14,424.67,416.15
1756,332.53,332.22,340.26,348.03,353.3,366.02,373.64,386.36,414.17,424.46,416.2
1757,332.52,332.22,340.25,348.03,353.3,366.02,373.63,386.37,414.18,424.41,416.22
1758,332.51,332.21,340.24,348.03,353.3,366.03,373.63,386.38,414.18,424.44,416.2
1759,332.5,332.2,340.23,348.03,353.3,366.04,373.64,386.38,414.2,424.8,416.16
1760,332.49,332.19,340.23,348.03,353.29,366.04,373.64,386.39,414.21,424.97,416.11
1761,332.49,332.18,340.22,348.02,353.3,366.05,373.66,386.4,414.22,425.09,416.09
1762,332.48,332.17,340.23,348.02,353.31,366.06,373.68,386.41,414.23,425.2,416.09
1763,332.47,332.15,340.23,348.01,353.31,366.06,373.7,386.42,414.25,425.29,416.11
1764,332.46,332.16,340.22,348.01,353.32,366.07,373.71,386.43,414.27,425.29,416.14
1765,332.44,332.15,340.22,348.01,353.3,366.07,373.71,386.44,414.27,425.08,416.17
1766,332.44,332.14,340.21,348.01,353.31,366.08,373.72,386.45,414.27,424.44,416.2
1767,332.43,332.14,340.19,348.01,353.3,366.08,373.73,386.45,414.29,423.96,416.22
1768,332.42,332.13,340.19,348.0,353.32,366.08,373.74,386.47,414.29,423.72,416.22
1769,332.4,332.13,340.18,347.99,353.31,366.09,373.74,386.48,414.3,423.5,416.23
1770,332.4,332.12,340.17,348.0,353.3,366.1,373.75,386.5,414.3,423.31,416.23
1771,332.38,332.11,340.16,348.0,353.3,366.09,373.76,386.51,414.3,423.16,416.22
1772,332.36,332.1,340.15,348.0,353.31,366.11,373.78,386.52,414.29,422.98,416.2
1773,332.36,332.1,340.15,348.01,353.32,366.11,373.8,386.53,414.31,422.92,416.17
1774,332.37,332.09,340.15,348.01,353.32,366.12,373.82,386.53,414.32,422.7,416.11
1775,332.35,332.09,340.15,348.01,353.32,366.12,373.82,386.55,414.3,422.72,416.04
1776,332.35,332.09,340.14,348.01,353.33,366.13,373.84,386.57,414.31,422.94,415.95
1777,332.34,332.09,340.15,348.01,353.34,366.14,373.85,386.58,414.32,422.82,415.89
1778,332.33,332.08,340.15,348.01,353.35,366.14,373.86,386.58,414.32,422.49,415.82
1779,332.33,332.07,340.13,348.01,353.34,366.15,373.86,386.6,414.32,422.48,415.77
1780,332.31,332.06,340.13,348.01,353.34,366.15,373.87,386.61,414.33,422.44,415.72
1781,332.3,332.06,340.12,348.01,353.34,366.15,373.89,386.61,414.33,422.67,415.71
1782,332.3,332.05,340.12,348.01,353.35,366.17,373.91,386.62,414.35,423.11,415.73
1783,332.29,332.05,340.11,348.01,353.35,366.18,373.9,386.63,414.36,423.52,415.75
1784,332.29,332.04,340.12,348.0,353.35,366.18,373.92,386.65,414.36,423.74,415.75
1785,332.28,332.03,340.1,348.01,353.35,366.18,373.92,386.66,414.37,423.83,415.76
1786,332.27,332.03,340.1,348.01,353.36,366.2,373.93,386.67,414.38,423.65,415.79
1787,332.27,332.03,340.1,348.01,353.36,366.21,373.94,386.68,414.39,423.7,415.82
1788,332.26,332.02,340.09,348.01,353.37,366.21,373.96,386.69,414.4,423.67,415.85
1789,332.26,332.01,340.09,348.0,353.38,366.21,373.96,386.69,414.42,423.4,415.94
1790,332.25,332.0,340.08,348.0,353.37,366.22,373.97,386.71,414.43,423.16,416.02
1791,332.24,331.99,340.08,348.0,353.38,366.22,373.99,386.72,414.45,422.83,416.04
1792,332.24,331.99,340.08,348.0,353.38,366.24,374.0,386.73,414.45,422.68,416.04
1793,332.22,331.98,340.08,348.01,353.38,366.24,374.0,386.74,414.46,422.75,416.01
1794,332.22,331.97,340.07,348.0,353.38,366.25,374.0,386.75,414.47,422.65,416.01
1795,332.21,331.97,340.06,347.99,353.38,366.25,374.01,386.77,414.47,422.14,416.0
1796,332.2,331.96,340.06,347.99,353.38,366.26,374.02,386.78,414.48,421.74,416.02
1797,332.2,331.96,340.06,348.0,353.39,366.26,374.02,386.79,414.48,421.41,416.04
1798,332.19,331.95,340.05,347.99,353.39,366.28,374.04,386.8,414.51,421.33,416.06
1799,332.18,331.93,340.05,348.0,353.39,366.29,374.05,386.82,414.51,421.36,416.04
1800,332.17,331.93,340.04,347.99,353.4,366.3,374.05,386.83,414.52,421.58,416.03
1801,332.17,331.93,340.05,348.0,353.4,366.3,374.07,386.84,414.53,421.57,416.05
1802,332.16,331.93,340.04,347.99,353.41,366.31,374.07,386.85,414.54,421.73,416.07
1803,332.14,331.92,340.03,347.99,353.4,366.32,374.08,386.86,414.53,422.21,416.1
1804,332.13,331.91,340.03,347.99,353.41,366.32,374.08,386.87,414.55,422.33,416.14
1805,332.13,331.91,340.02,347.98,353.41,366.34,374.09,386.88,414.56,422.17,416.17
1806,332.12,331.9,340.01,348.0,353.41,366.34,374.1,386.89,414.57,421.41,416.19
1807,332.12,331.9,340.01,348.0,353.42,366.34,374.12,386.91,414.59,420.86,416.19
1808,332.1,331.89,340.0,347.99,353.43,366.34,374.14,386.92,414.6,420.78,416.15
1809,332.1,331.88,340.0,347.99,353.42,366.35,374.15,386.92,414.61,420.67,416.12
1810,332.09,331.88,340.0,347.99,353.42,366.35,374.16,386.93,414.61,420.46,416.1
1811,332.08,331.86,339.99,347.99,353.43,366.36,374.16,386.94,414.62,420.36,416.08
1812,332.06,331.85,339.99,347.98,353.42,366.36,374.16,386.95,414.62,420.38,416.08
1813,332.06,331.85,339.99,347.99,353.43,366.37,374.17,386.96,414.64,420.5,416.06
1814,332.06,331.85,339.99,347.99,353.43,366.38,374.19,386.97,414.65,420.41,416.04
1815,332.05,331.84,339.98,347.99,353.44,366.38,374.19,386.98,414.65,420.67,416.0
1816,332.03,331.83,339.98,347.98,353.43,366.39,374.2,386.99,414.64,421.27,415.93
1817,332.02,331.81,339.96,347.99,353.43,366.39,374.21,386.99,414.64,421.8,415.9
1818,332.01,331.81,339.96,347.98,353.43,366.39,374.22,387.01,414.65,422.43,415.89
1819,332.01,331.81,339.96,347.98,353.44,366.41,374.23,387.02,414.66,422.88,415.89
1820,332.01,331.79,339.96,347.97,353.44,366.41,374.22,387.02,414.66,423.24,415.88
1821,332.0,331.78,339.95,347.97,353.45,366.41,374.23,387.03,414.67,423.62,415.9
1822,331.99,331.78,339.94,347.97,353.44,366.43,374.23,387.04,414.67,423.9,415.92
1823,331.98,331.78,339.94,347.97,353.45,366.44,374.24,387.05,414.69,423.87,415.95
1824,331.97,331.76,339.93,347.97,353.44,366.45,374.24,387.06,414.69,423.71,415.98
1825,331.97,331.76,339.94,347.96,353.46,366.45,374.26,387.06,414.71,423.64,416.02
1826,331.95,331.75,339.92,347.96,353.45,366.46,374.25,387.08,414.73,423.64,416.06
1827,331.95,331.75,339.93,347.96,353.47,366.46,374.27,387.09,414.75,423.43,416.09
1828,331.94,331.74,339.93,347.96,353.47,366.48,374.26,387.1,414.76,423.4,416.11
1829,331.94,331.74,339.92,347.96,353.47,366.48,374.26,387.11,414.76,423.51,416.14
1830,331.94,331.74,339.92,347.95,353.48,366.49,374.28,387.12,414.78,423.87,416.16
1831,331.93,331.74,339.91,347.95,353.48,366.49,374.29,387.13,414.79,424.24,416.18
1832,331.92,331.73,339.92,347.95,353.48,366.5,374.3,387.13,414.8,423.95,416.22
1833,331.92,331.72,339.92,347.94,353.49,366.5,374.31,387.15,414.81,423.74,416.26
1834,331.91,331.72,339.91,347.96,353.49,366.52,374.32,387.16,414.82,423.42,416.3
1835,331.9,331.7,339.9,347.95,353.49,366.53,374.33,387.17,414.83,423.14,416.29
1836,331.89,331.69,339.9,347.95,353.49,366.53,374.34,387.17,414.83,423.35,416.26
1837,331.87,331.68,339.88,347.94,353.49,366.54,374.34,387.18,414.84,423.54,416.22
1838,331.87,331.67,339.89,347.94,353.49,366.54,374.35,387.18,414.85,423.65,416.21
1839,331.87,331.67,339.88,347.93,353.49,366.54,374.36,387.19,414.86,423.38,416.21
1840,331.86,331.67,339.88,347.93,353.5,366.54,374.38,387.19,414.87,423.49,416.2
1841,331.85,331.67,339.88,347.93,353.5,366.55,374.39,387.21,414.87,423.6,416.18
1842,331.85,331.65,339.88,347.92,353.5,366.55,374.4,387.21,414.89,423.48,416.19
1843,331.82,331.65,339.86,347.92,353.5,366.57,374.39,387.22,414.88,423.28,416.21
1844,331.81,331.63,339.85,347.91,353.5,366.57,374.41,387.23,414.89,423.3,416.24
1845,331.81,331.63,339.84,347.91,353.5,366.56,374.42,387.24,414.9,423.61,416.28
1846,331.79,331.63,339.85,347.92,353.5,366.58,374.42,387.25,414.91,424.16,416.32
1847,331.79,331.63,339.84,347.91,353.51,366.59,374.44,387.27,414.92,424.48,416.38
1848,331.79,331.62,339.85,347.92,353.52,366.59,374.45,387.28,414.93,424.8,416.43
1849,331.78,331.61,339.83,347.92,353.52,366.6,374.45,387.27,414.94,424.9,416.44
1850,331.77,331.6,339.83,347.92,353.52,366.6,374.46,387.3,414.95,425.04,416.45
1851,331.77,331.6,339.83,347.91,353.52,366.61,374.47,387.3,414.96,424.95,416.43
1852,331.76,331.59,339.82,347.92,353.53,366.62,374.47,387.31,414.96,424.61,416.36
1853,331.75,331.58,339.81,347.91,353.52,366.62,374.48,387.32,414.98,424.51,416.25
1854,331.74,331.58,339.81,347.91,353.53,366.62,374.48,387.33,414.98,424.65,416.18
1855,331.73,331.56,339.82,347.91,353.53,366.63,374.5,387.34,414.98,424.51,416.12
1856,331.72,331.56,339.81,347.91,353.53,366.64,374.5,387.36,414.97,424.32,416.07
1857,331.71,331.55,339.8,347.91,353.53,366.64,374.51,387.37,414.97,424.13,416.04
1858,331.71,331.55,339.8,347.91,353.54,366.65,374.52,387.38,414.96,423.86,415.99
1859,331.7,331.54,339.79,347.91,353.53,366.66,374.52,387.39,414.96,423.57,415.91
1860,331.69,331.54,339.79,347.91,353.54,366.66,374.54,387.39,414.96,423.53,415.83
1861,331.68,331.53,339.79,347.9,353.53,366.67,374.54,387.4,414.96,423.57,415.73
1862,331.67,331.51,339.77,347.89,353.55,366.67,374.56,387.41,414.96,423.44,415.66
1863,331.66,331.52,339.78,347.89,353.54,366.66,374.58,387.42,414.97,423.37,415.6
1864,331.65,331.52,339.78,347.89,353.55,366.68,374.58,387.43,414.97,423.7,415.51
1865,331.64,331.51,339.76,347.89,353.55,366.68,374.58,387.45,414.97,423.84,415.42
1866,331.64,331.51,339.76,347.9,353.55,366.7,374.59,387.46,414.98,423.8,415.36
1867,331.64,331.5,339.76,347.89,353.55,366.7,374.61,387.47,414.98,423.92,415.27
1868,331.63,331.5,339.76,347.88,353.56,366.7,374.62,387.48,414.97,423.95,415.17
1869,331.62,331.49,339.74,347.9,353.56,366.71,374.62,387.49,414.97,424.01,415.09
1870,331.61,331.48,339.74,347.89,353.56,366.71,374.64,387.51,414.97,424.42,414.97
1871,331.6,331.47,339.73,347.89,353.56,366.72,374.65,387.52,414.97,424.47,414.9
1872,331.59,331.48,339.74,347.9,353.57,366.74,374.67,387.54,414.97,424.15,414.87
1873,331.57,331.46,339.73,347.9,353.57,366.74,374.68,387.54,414.97,423.73,414.84
1874,331.56,331.46,339.72,347.89,353.57,366.74,374.68,387.55,414.96,423.64,414.81
1875,331.55,331.44,339.71,347.89,353.57,366.74,374.69,387.55,414.96,423.81,414.81
1876,331.55,331.44,339.71,347.89,353.57,366.76,374.69,387.57,414.97,423.84,414.84
1877,331.55,331.44,339.71,347.9,353.57,366.76,374.71,387.58,414.99,423.87,414.88
1878,331.54,331.44,339.71,347.91,353.59,366.77,374.72,387.59,414.99,423.82,414.9
1879,331.53,331.43,339.7,347.91,353.58,366.78,374.73,387.61,415.01,423.39,414.92
1880,331.52,331.41,339.69,347.91,353.58,366.78,374.75,387.6,415.02,423.57,414.95
1881,331.51,331.42,339.69,347.9,353.59,366.79,374.76,387.62,415.03,423.99,414.99
1882,331.5,331.41,339.68,347.9,353.58,366.79,374.76,387.63,415.04,424.61,415.06
1883,331.49,331.4,339.67,347.9,353.58,366.8,374.76,387.64,415.05,424.66,415.12
1884,331.49,331.39,339.66,347.91,353.58,366.8,374.77,387.65,415.06,424.5,415.15
1885,331.49,331.39,339.66,347.91,353.59,366.8,374.79,387.67,415.08,424.46,415.18
1886,331.48,331.39,339.66,347.91,353.6,366.82,374.79,387.68,415.09,424.32,415.18
1887,331.47,331.38,339.66,347.91,353.6,366.82,374.8,387.68,415.1,424.39,415.19
1888,331.47,331.37,339.66,347.9,353.6,366.83,374.81,387.7,415.11,424.64,415.19
1889,331.46,331.36,339.65,347.91,353.6,366.82,374.82,387.7,415.12,424.73,415.21
1890,331.46,331.35,339.65,347.91,353.62,366.84,374.84,387.71,415.14,424.82,415.23
1891,331.45,331.36,339.65,347.92,353.62,366.85,374.85,387.72,415.13,425.05,415.26
1892,331.44,331.35,339.64,347.91,353.61,366.85,374.85,387.74,415.13,425.09,415.26
1893,331.44,331.34,339.64,347.91,353.62,366.86,374.86,387.74,415.14,424.92,415.26
1894,331.42,331.33,339.64,347.9,353.62,366.87,374.87,387.75,415.14,424.61,415.26
1895,331.42,331.33,339.63,347.91,353.62,366.86,374.88,387.76,415.15,424.4,415.25
1896,331.42,331.32,339.63,347.9,353.62,366.87,374.88,387.76,415.15,424.14,415.27
1897,331.4,331.31,339.62,347.9,353.62,366.88,374.89,387.77,415.15,423.77,415.34
1898,331.39,331.3,339.61,347.91,353.62,366.89,374.9,387.79,415.17,423.5,415.41
1899,331.39,331.29,339.61,347.9,353.63,366.89,374.91,387.8,415.17,423.65,415.42
1900,331.38,331.29,339.61,347.9,353.63,366.9,374.93,387.81,415.18,424.0,415.43
1901,331.38,331.29,339.61,347.9,353.64,366.9,374.93,387.81,415.19,424.25,415.44
1902,331.37,331.28,339.61,347.9,353.63,366.91,374.94,387.83,415.2,424.4,415.45
1903,331.36,331.28,339.6,347.89,353.64,366.91,374.95,387.83,415.21,424.48,415.46
1904,331.36,331.27,339.59,347.89,353.63,366.92,374.94,387.84,415.21,424.39,415.46
1905,331.35,331.27,339.59,347.89,353.64,366.92,374.94,387.85,415.21,424.2,415.45
1906,331.34,331.25,339.58,347.89,353.64,366.94,374.96,387.87,415.21,424.07,415.41
1907,331.32,331.26,339.57,347.89,353.64,366.95,374.97,387.88,415.21,424.23,415.35
1908,331.32,331.24,339.57,347.89,353.64,366.95,374.97,387.89,415.22,424.47,415.34
1909,331.31,331.23,339.56,347.9,353.64,366.97,374.98,387.89,415.21,424.57,415.33
1910,331.31,331.23,339.56,347.89,353.64,366.98,374.99,387.91,415.23,424.84,415.35
1911,331.3,331.23,339.57,347.88,353.65,366.98,374.99,387.91,415.23,425.03,415.34
1912,331.29,331.22,339.55,347.89,353.65,366.99,375.0,387.92,415.23,425.18,415.32
1913,331.29,331.21,339.55,347.89,353.65,367.0,375.0,387.93,415.24,425.38,415.32
1914,331.28,331.21,339.55,347.89,353.65,367.0,375.01,387.94,415.24,425.48,415.31
1915,331.26,331.2,339.54,347.9,353.65,367.01,375.02,387.95,415.25,425.37,415.33
1916,331.25,331.21,339.53,347.88,353.65,367.01,375.03,387.94,415.26,425.26,415.36
1917,331.24,331.19,339.53,347.88,353.65,367.01,375.04,387.96,415.27,425.15,415.4
1918,331.24,331.18,339.51,347.89,353.65,367.02,375.04,387.97,415.27,424.58,415.43
1919,331.23,331.18,339.52,347.89,353.64,367.04,375.04,388.0,415.27,423.81,415.44
1920,331.23,331.17,339.52,347.89,353.64,367.04,375.05,387.99,415.29,423.63,415.43
1921,331.22,331.17,339.51,347.88,353.65,367.04,375.05,388.0,415.3,423.85,415.41
1922,331.22,331.17,339.52,347.88,353.66,367.06,375.06,388.02,415.31,423.96,415.41
1923,331.21,331.17,339.5,347.89,353.66,367.07,375.07,388.03,415.31,423.58,415.44
1924,331.2,331.16,339.5,347.89,353.65,367.07,375.07,388.04,415.33,423.45,415.5
1925,331.19,331.16,339.5,347.87,353.66,367.07,375.08,388.04,415.35,423.32,415.57
1926,331.18,331.15,339.5,347.88,353.66,367.08,375.09,388.05,415.35,423.41,415.64
1927,331.18,331.15,339.5,347.88,353.68,367.09,375.1,388.07,415.37,423.58,415.71
1928,331.18,331.15,339.5,347.88,353.68,367.1,375.11,388.07,415.39,423.98,415.79
1929,331.16,331.14,339.5,347.88,353.68,367.1,375.1,388.08,415.39,424.23,415.86
1930,331.15,331.13,339.49,347.87,353.68,367.1,375.12,388.08,415.4,424.2,415.91
1931,331.14,331.12,339.48,347.87,353.67,367.1,375.12,388.1,415.41,424.41,415.95
1932,331.14,331.11,339.47,347.85,353.68,367.1,375.12,388.09,415.42,424.52,415.98
1933,331.13,331.1,339.47,347.86,353.68,367.11,375.13,388.1,415.44,424.55,415.97
1934,331.12,331.08,339.47,347.86,353.69,367.11,375.15,388.11,415.46,424.82,415.94
1935,331.11,331.08,339.46,347.84,353.69,367.11,375.15,388.12,415.46,425.23,415.92
1936,331.1,331.08,339.45,347.85,353.68,367.12,375.16,388.13,415.47,425.44,415.93
1937,331.08,331.07,339.44,347.85,353.68,367.14,375.16,388.15,415.47,425.65,415.95
1938,331.09,331.06,339.44,347.85,353.69,367.14,375.18,388.15,415.49,425.49,416.0
1939,331.08,331.05,339.45,347.85,353.69,367.15,375.19,388.16,415.5,425.3,416.05
1940,331.07,331.05,339.44,347.85,353.69,367.16,375.19,388.17,415.51,425.37,416.09
1941,331.06,331.03,339.43,347.85,353.69,367.17,375.19,388.19,415.51,425.44,416.11
1942,331.05,331.02,339.43,347.85,353.7,367.18,375.21,388.2,415.52,425.34,416.1
1943,331.04,331.02,339.41,347.85,353.69,367.18,375.21,388.21,415.53,424.96,416.1
1944,331.03,331.01,339.42,347.85,353.7,367.18,375.23,388.21,415.55,424.77,416.1
1945,331.02,331.01,339.41,347.84,353.71,367.18,375.23,388.22,415.55,424.44,416.08
1946,331.02,331.0,339.41,347.84,353.71,367.19,375.25,388.23,415.57,423.39,416.05
1947,331.01,331.0,339.42,347.83,353.71,367.2,375.26,388.24,415.55,422.43,415.97
1948,331.01,330.99,339.4,347.84,353.71,367.2,375.26,388.25,415.56,422.48,415.89
1949,331.0,330.99,339.4,347.85,353.72,367.21,375.28,388.26,415.56,422.85,415.8
1950,330.98,330.98,339.4,347.85,353.71,367.22,375.27,388.27,415.56,422.45,415.72
1951,330.98,330.98,339.39,347.84,353.71,367.22,375.28,388.27,415.56,422.15,415.59
1952,330.97,330.97,339.38,347.84,353.72,367.23,375.29,388.29,415.55,422.15,415.46
1953,330.96,330.96,339.38,347.83,353.72,367.23,375.3,388.28,415.55,422.11,415.39
1954,330.95,330.95,339.36,347.83,353.71,367.23,375.31,388.3,415.54,422.46,415.34
1955,330.95,330.95,339.37,347.83,353.72,367.24,375.32,388.31,415.55,423.18,415.33
1956,330.93,330.95,339.37,347.82,353.72,367.24,375.32,388.32,415.54,423.54,415.36
1957,330.92,330.93,339.36,347.83,353.72,367.25,375.32,388.32,415.54,423.81,415.4
1958,330.92,330.93,339.36,347.83,353.72,367.26,375.34,388.34,415.56,424.28,415.47
1959,330.92,330.94,339.36,347.83,353.73,367.27,375.35,388.35,415.58,424.63,415.56
1960,330.91,330.93,339.35,347.82,353.73,367.27,375.36,388.35,415.59,424.85,415.69
1961,330.91,330.91,339.34,347.83,353.73,367.28,375.36,388.36,415.61,425.14,415.81
1962,330.9,330.92,339.34,347.82,353.75,367.29,375.38,388.37,415.62,424.99,415.88
1963,330.89,330.91,339.33,347.83,353.73,367.29,375.37,388.38,415.63,425.08,415.91
1964,330.89,330.9,339.33,347.83,353.74,367.29,375.38,388.38,415.64,425.34,415.97
1965,330.88,330.91,339.33,347.83,353.75,367.3,375.4,388.39,415.66,425.71,416.02
1966,330.88,330.9,339.32,347.83,353.75,367.31,375.4,388.41,415.66,426.08,416.1
1967,330.88,330.89,339.32,347.83,353.75,367.31,375.41,388.43,415.68,425.74,416.17
1968,330.87,330.89,339.32,347.83,353.75,367.33,375.42,388.43,415.69,424.71,416.24
1969,330.86,330.89,339.32,347.83,353.76,367.33,375.43,388.44,415.69,423.95,416.27
1970,330.85,330.87,339.31,347.83,353.76,367.34,375.43,388.45,415.7,422.86,416.23
1971,330.84,330.87,339.31,347.82,353.77,367.34,375.45,388.45,415.71,422.1,416.19
1972,330.83,330.87,339.31,347.82,353.77,367.34,375.46,388.46,415.71,421.96,416.17
1973,330.82,330.87,339.3,347.82,353.77,367.35,375.46,388.47,415.72,421.75,416.13
1974,330.82,330.87,339.3,347.82,353.78,367.36,375.48,388.48,415.72,421.73,416.09
1975,330.82,330.86,339.3,347.82,353.78,367.36,375.48,388.49,415.72,421.77,416.07
1976,330.8,330.84,339.29,347.81,353.78,367.37,375.49,388.49,415.72,421.73,416.05
1977,330.8,330.85,339.29,347.81,353.78,367.37,375.5,388.49,415.72,421.9,416.08
1978,330.79,330.84,339.29,347.81,353.79,367.37,375.51,388.51,415.73,422.56,416.13
1979,330.78,330.83,339.27,347.82,353.78,367.38,375.51,388.52,415.74,423.17,416.21
1980,330.77,330.81,339.27,347.82,353.78,367.39,375.53,388.53,415.73,423.66,416.28
1981,330.75,330.82,339.26,347.81,353.78,367.39,375.52,388.54,415.74,423.96,416.35
1982,330.75,330.8,339.25,347.81,353.78,367.4,375.52,388.55,415.75,424.14,416.41
1983,330.75,330.8,339.25,347.81,353.79,367.4,375.55,388.55,415.77,424.39,416.48
1984,330.74,330.8,339.25,347.81,353.79,367.41,375.55,388.56,415.78,424.38,416.52
1985,330.73,330.8,339.24,347.8,353.8,367.41,375.57,388.57,415.8,424.41,416.57
1986,330.72,330.79,339.23,347.81,353.79,367.42,375.56,388.59,415.8,424.27,416.6
1987,330.71,330.78,339.22,347.81,353.8,367.42,375.57,388.61,415.81,423.69,416.69
1988,330.7,330.78,339.23,347.81,353.81,367.43,375.59,388.61,415.83,423.48,416.76
1989,330.69,330.77,339.21,347.81,353.8,367.43,375.59,388.62,415.84,423.43,416.77
1990,330.68,330.76,339.22,347.81,353.81,367.44,375.6,388.63,415.85,423.98,416.76
1991,330.68,330.76,339.21,347.8,353.82,367.44,375.61,388.65,415.86,424.71,416.76
1992,330.66,330.75,339.21,347.81,353.82,367.45,375.62,388.64,415.87,424.76,416.77
1993,330.66,330.74,339.19,347.8,353.8,367.45,375.62,388.65,415.87,424.61,416.77
1994,330.65,330.74,339.18,347.81,353.81,367.46,375.64,388.66,415.88,424.25,416.78
1995,330.65,330.74,339.19,347.81,353.82,367.47,375.64,388.68,415.87,424.24,416.76
1996,330.64,330.73,339.19,347.82,353.82,367.47,375.66,388.69,415.89,424.25,416.72
1997,330.63,330.73,339.18,347.82,353.83,367.48,375.67,388.69,415.9,424.39,416.69
1998,330.63,330.72,339.17,347.81,353.82,367.48,375.68,388.7,415.91,424.81,416.68
1999,330.62,330.71,339.17,347.8,353.84,367.48,375.69,388.7,415.91,425.39,416.7
2000,330.62,330.71,339.17,347.81,353.83,367.48,375.7,388.71,415.91,425.74,416.73
2001,330.63,330.72,339.17,347.81,353.84,367.48,375.72,388.72,415.92,425.93,416.78
2002,330.61,330.71,339.17,347.82,353.84,367.49,375.72,388.73,415.92,425.81,416.82
2003,330.61,330.71,339.17,347.82,353.84,367.5,375.74,388.74,415.93,426.1,416.85
2004,330.6,330.71,339.16,347.82,353.84,367.5,375.74,388.75,415.93,425.93,416.88
2005,330.59,330.69,339.16,347.82,353.84,367.51,375.74,388.75,415.93,426.0,416.94
2006,330.59,330.7,339.16,347.82,353.85,367.52,375.77,388.77,415.96,426.24,417.01
2007,330.57,330.68,339.14,347.83,353.85,367.52,375.76,388.78,415.96,426.53,417.06
2008,330.57,330.67,339.13,347.81,353.84,367.53,375.76,388.79,415.97,426.61,417.11
2009,330.57,330.68,339.13,347.82,353.85,367.53,375.77,388.79,415.98,426.48,417.14
2010,330.57,330.67,339.13,347.82,353.85,367.54,375.78,388.8,415.99,426.25,417.17
2011,330.57,330.66,339.13,347.81,353.85,367.55,375.78,388.81,415.99,425.73,417.2
2012,330.55,330.66,339.12,347.81,353.85,367.55,375.78,388.8,415.99,425.65,417.2
2013,330.53,330.65,339.11,347.8,353.85,367.55,375.78,388.82,416.0,425.72,417.18
2014,330.54,330.65,339.11,347.8,353.86,367.57,375.8,388.83,416.01,425.57,417.18
2015,330.52,330.64,339.11,347.8,353.86,367.57,375.8,388.84,416.02,425.21,417.19
2016,330.51,330.63,339.1,347.8,353.87,367.58,375.81,388.85,416.02,424.84,417.18
2017,330.51,330.62,339.1,347.8,353.87,367.58,375.81,388.87,416.02,424.8,417.2
2018,330.51,330.62,339.09,347.8,353.87,367.6,375.81,388.87,416.03,425.02,417.18
2019,330.5,330.63,339.1,347.8,353.87,367.61,375.82,388.89,416.04,425.25,417.17
2020,330.51,330.61,339.09,347.79,353.88,367.61,375.82,388.88,416.05,425.24,417.12
2021,330.49,330.61,339.1,347.79,353.87,367.61,375.82,388.9,416.05,425.37,417.06
2022,330.48,330.61,339.08,347.79,353.87,367.62,375.82,388.91,416.06,425.75,417.03
2023,330.47,330.59,339.08,347.79,353.88,367.62,375.84,388.91,416.05,426.3,417.02
2024,330.46,330.58,339.08,347.79,353.87,367.63,375.83,388.92,416.06,426.33,417.05
2025,330.46,330.57,339.08,347.78,353.88,367.63,375.84,388.93,416.07,426.23,417.08
2026,330.45,330.57,339.08,347.78,353.88,367.64,375.86,388.93,416.08,425.94,417.08
2027,330.45,330.56,339.08,347.79,353.88,367.65,375.87,388.95,416.09,426.09,417.06
2028,330.44,330.55,339.07,347.78,353.89,367.65,375.87,388.95,416.09,426.19,417.03
2029,330.43,330.55,339.06,347.77,353.89,367.65,375.88,388.95,416.11,426.08,417.01
2030,330.43,330.54,339.06,347.77,353.89,367.66,375.89,388.95,416.12,426.26,416.98
2031,330.41,330.54,339.06,347.77,353.89,367.66,375.89,388.97,416.13,426.43,416.96
2032,330.4,330.53,339.05,347.77,353.89,367.66,375.9,388.96,416.15,426.37,416.92
2033,330.4,330.51,339.03,347.76,353.89,367.66,375.91,388.97,416.17,426.28,416.9
2034,330.38,330.52,339.03,347.76,353.89,367.67,375.92,388.98,416.17,426.16,416.89
2035,330.38,330.52,339.03,347.75,353.9,367.68,375.93,389.0,416.18,425.97,416.87
2036,330.37,330.51,339.02,347.76,353.9,367.69,375.93,389.01,416.17,425.85,416.84
2037,330.35,330.49,339.01,347.76,353.89,367.69,375.93,389.01,416.16,425.81,416.8
2038,330.35,330.48,339.01,347.76,353.89,367.7,375.94,389.03,416.17,425.84,416.77
2039,330.33,330.48,339.01,347.75,353.88,367.7,375.94,389.04,416.16,425.63,416.72
2040,330.35,330.48,339.01,347.75,353.91,367.71,375.97,389.04,416.19,425.7,416.68
2041,330.33,330.48,339.01,347.75,353.91,367.72,375.97,389.05,416.18,425.58,416.59
2042,330.32,330.46,339.0,347.75,353.9,367.72,375.98,389.06,416.18,425.61,416.49
2043,330.32,330.47,339.0,347.74,353.91,367.72,375.99,389.07,416.19,425.62,416.44
2044,330.3,330.46,338.99,347.75,353.9,367.72,375.99,389.07,416.18,425.11,416.39
2045,330.28,330.45,338.98,347.75,353.9,367.73,375.99,389.08,416.18,423.96,416.34
2046,330.29,330.45,338.98,347.74,353.9,367.74,376.01,389.09,416.19,422.98,416.32
2047,330.28,330.45,338.98,347.74,353.91,367.74,376.02,389.09,416.2,422.69,416.31
2048,330.27,330.44,338.97,347.74,353.91,367.74,376.03,389.11,416.19,422.53,416.32
2049,330.26,330.44,338.96,347.75,353.91,367.75,376.03,389.12,416.2,422.48,416.37
2050,330.26,330.43,338.96,347.75,353.92,367.76,376.05,389.13,416.22,422.42,416.48
2051,330.25,330.43,338.96,347.74,353.92,367.77,376.06,389.14,416.23,422.47,416.57
2052,330.24,330.42,338.95,347.75,353.92,367.77,376.07,389.15,416.24,422.47,416.61
2053,330.23,330.41,338.95,347.75,353.92,367.77,376.07,389.15,416.24,422.51,416.65
2054,330.22,330.39,338.94,347.75,353.92,367.78,376.08,389.16,416.25,422.7,416.64
2055,330.22,330.39,338.94,347.75,353.93,367.78,376.09,389.17,416.27,422.79,416.64
2056,330.22,330.39,338.94,347.74,353.93,367.78,376.1,389.17,416.28,423.01,416.65
2057,330.21,330.39,338.94,347.75,353.94,367.79,376.1,389.19,416.28,423.37,416.67
2058,330.2,330.38,338.94,347.75,353.95,367.79,376.11,389.19,416.29,423.76,416.67
2059,330.2,330.37,338.93,347.74,353.95,367.8,376.12,389.2,416.3,424.2,416.71
2060,330.18,330.36,338.93,347.75,353.95,367.8,376.13,389.21,416.29,423.89,416.74
2061,330.18,330.36,338.92,347.75,353.95,367.81,376.13,389.22,416.3,423.39,416.73
2062,330.17,330.35,338.92,347.74,353.95,367.82,376.14,389.23,416.3,422.99,416.7
2063,330.17,330.34,338.92,347.74,353.95,367.83,376.15,389.24,416.31,422.78,416.65
2064,330.16,330.34,338.92,347.74,353.95,367.84,376.16,389.25,416.32,422.83,416.62
2065,330.16,330.34,338.91,347.75,353.96,367.85,376.16,389.27,416.32,422.91,416.57
2066,330.16,330.33,338.91,347.75,353.97,367.86,376.16,389.27,416.32,422.88,416.53
2067,330.14,330.32,338.91,347.74,353.96,367.85,376.17,389.27,416.32,423.08,416.49
2068,330.13,330.32,338.9,347.73,353.97,367.85,376.18,389.27,416.33,423.03,416.47
2069,330.12,330.3,338.89,347.73,353.97,367.86,376.19,389.28,416.33,423.09,416.47
2070,330.11,330.29,338.88,347.74,353.96,367.87,376.18,389.29,416.33,423.02,416.46
2071,330.1,330.28,338.88,347.73,353.96,367.87,376.19,389.3,416.33,423.13,416.47
2072,330.1,330.28,338.88,347.73,353.96,367.88,376.2,389.31,416.34,423.25,416.48
2073,330.1,330.27,338.87,347.73,353.97,367.88,376.22,389.31,416.37,423.12,416.52
2074,330.09,330.27,338.86,347.73,353.96,367.89,376.22,389.32,416.36,422.87,416.55
2075,330.08,330.26,338.86,347.74,353.97,367.88,376.22,389.33,416.37,423.54,416.59
2076,330.08,330.26,338.86,347.74,353.96,367.89,376.23,389.34,416.38,424.14,416.62
2077,330.06,330.25,338.86,347.75,353.98,367.89,376.25,389.35,416.4,424.69,416.61
2078,330.06,330.25,338.86,347.75,353.99,367.9,376.26,389.36,416.42,425.5,416.57
2079,330.04,330.24,338.84,347.75,353.98,367.91,376.27,389.37,416.41,425.79,416.54
2080,330.04,330.24,338.84,347.75,353.98,367.91,376.27,389.37,416.43,425.89,416.52
2081,330.04,330.23,338.84,347.76,353.99,367.91,376.28,389.38,416.44,426.07,416.5
2082,330.04,330.23,338.83,347.75,353.98,367.92,376.3,389.4,416.43,426.39,416.45
2083,330.04,330.22,338.83,347.76,353.99,367.94,376.31,389.42,416.45,426.14,416.42
2084,330.03,330.23,338.83,347.75,353.99,367.94,376.32,389.43,416.44,425.53,416.38
2085,330.03,330.21,338.83,347.75,354.0,367.95,376.32,389.43,416.45,425.07,416.33
2086,330.02,330.21,338.82,347.74,353.99,367.95,376.34,389.43,416.45,424.82,416.24
2087,330.02,330.21,338.82,347.74,354.0,367.96,376.34,389.43,416.47,424.93,416.21
2088,330.01,330.2,338.81,347.74,353.99,367.96,376.34,389.44,416.47,425.16,416.19
2089,330.01,330.2,338.82,347.74,354.01,367.96,376.36,389.45,416.48,425.18,416.18
2090,330.0,330.2,338.81,347.74,354.01,367.97,376.36,389.45,416.47,424.93,416.19
2091,330.0,330.19,338.8,347.74,354.01,367.99,376.37,389.47,416.47,424.96,416.19
2092,329.98,330.19,338.8,347.74,354.0,367.99,376.36,389.47,416.47,425.01,416.19
2093,329.98,330.18,338.8,347.74,354.01,367.99,376.37,389.48,416.48,425.2,416.2
2094,329.98,330.17,338.79,347.74,354.01,367.99,376.38,389.48,416.48,425.14,416.21
2095,329.97,330.17,338.78,347.75,354.01,368.0,376.39,389.49,416.49,424.7,416.26
2096,329.95,330.16,338.78,347.73,354.02,368.0,376.39,389.5,416.5,424.51,416.27
2097,329.95,330.14,338.76,347.73,354.01,368.0,376.4,389.51,416.5,424.65,416.28
2098,329.94,330.15,338.77,347.73,354.02,368.01,376.41,389.52,416.51,425.01,416.31
2099,329.94,330.14,338.76,347.73,354.02,368.02,376.4,389.53,416.51,424.82,416.32
2100,329.93,330.13,338.76,347.74,354.02,368.03,376.41,389.54,416.51,424.55,416.3
2101,329.92,330.14,338.76,347.72,354.02,368.02,376.42,389.53,416.52,424.43,416.3
2102,329.93,330.13,338.76,347.72,354.03,368.04,376.42,389.55,416.53,424.66,416.29
2103,329.93,330.13,338.76,347.73,354.04,368.04,376.43,389.56,416.53,425.16,416.29
2104,329.91,330.12,338.75,347.72,354.02,368.04,376.42,389.56,416.53,425.24,416.25
2105,329.89,330.11,338.74,347.72,354.02,368.05,376.43,389.57,416.53,425.17,416.25
2106,329.88,330.09,338.73,347.72,354.02,368.05,376.42,389.58,416.54,425.01,416.26
2107,329.87,330.08,338.74,347.7,354.03,368.05,376.43,389.57,416.54,425.22,416.29
2108,329.86,330.08,338.73,347.72,354.02,368.06,376.43,389.6,416.54,425.22,416.31
2109,329.85,330.07,338.71,347.7,354.02,368.07,376.43,389.6,416.55,425.4,416.31
2110,329.85,330.07,338.73,347.7,354.03,368.07,376.44,389.6,416.55,425.38,416.32
2111,329.84,330.06,338.72,347.71,354.03,368.08,376.45,389.61,416.56,425.18,416.33
2112,329.83,330.05,338.71,347.71,354.03,368.09,376.44,389.62,416.56,425.15,416.36
2113,329.82,330.04,338.71,347.71,354.04,368.09,376.46,389.63,416.58,425.04,416.38
2114,329.82,330.04,338.71,347.71,354.04,368.09,376.46,389.64,416.58,424.81,416.39
2115,329.82,330.04,338.71,347.71,354.05,368.09,376.48,389.65,416.59,424.65,416.42
2116,329.82,330.04,338.71,347.7,354.05,368.11,376.49,389.65,416.61,424.42,416.43
2117,329.81,330.04,338.71,347.71,354.06,368.12,376.51,389.66,416.61,424.25,416.44
2118,329.8,330.02,338.7,347.71,354.06,368.12,376.5,389.66,416.63,424.35,416.46
2119,329.8,330.01,338.7,347.7,354.06,368.12,376.51,389.68,416.62,424.72,416.49
2120,329.79,330.0,338.69,347.71,354.05,368.13,376.51,389.69,416.63,424.72,416.54
2121,329.77,330.01,338.69,347.7,354.06,368.13,376.52,389.69,416.63,424.56,416.57
2122,329.77,330.0,338.7,347.7,354.07,368.15,376.53,389.7,416.65,424.68,416.58
2123,329.76,330.01,338.7,347.7,354.08,368.14,376.56,389.71,416.67,424.58,416.55
2124,329.75,329.99,338.69,347.7,354.08,368.15,376.56,389.72,416.66,424.41,416.51
2125,329.76,329.98,338.68,347.69,354.08,368.15,376.55,389.71,416.67,424.34,416.49
2126,329.74,329.98,338.68,347.7,354.08,368.17,376.58,389.73,416.67,424.55,416.47
2127,329.74,329.98,338.68,347.69,354.08,368.17,376.58,389.74,416.68,424.89,416.46
2128,329.74,329.97,338.68,347.69,354.08,368.18,376.58,389.75,416.68,424.99,416.44
2129,329.71,329.96,338.66,347.69,354.08,368.18,376.58,389.75,416.67,425.21,416.42
2130,329.72,329.97,338.67,347.7,354.09,368.19,376.61,389.77,416.69,425.31,416.43
2131,329.7,329.95,338.66,347.69,354.09,368.19,376.62,389.77,416.69,425.2,416.44
2132,329.69,329.94,338.66,347.68,354.09,368.2,376.62,389.78,416.7,425.37,416.45
2133,329.69,329.95,338.65,347.68,354.09,368.2,376.62,389.79,416.7,425.38,416.46
2134,329.69,329.94,338.66,347.69,354.1,368.21,376.64,389.79,416.72,425.12,416.48
2135,329.67,329.93,338.64,347.69,354.1,368.22,376.64,389.81,416.71,424.78,416.51
2136,329.67,329.94,338.64,347.68,354.09,368.21,376.64,389.8,416.72,424.74,416.52
2137,329.66,329.92,338.63,347.68,354.1,368.22,376.65,389.82,416.73,424.93,416.55
2138,329.65,329.92,338.62,347.68,354.1,368.23,376.65,389.83,416.73,425.65,416.55
2139,329.64,329.92,338.62,347.69,354.1,368.24,376.66,389.85,416.74,425.89,416.55
2140,329.63,329.9,338.62,347.68,354.1,368.24,376.67,389.85,416.74,425.84,416.55
2141,329.62,329.89,338.62,347.7,354.11,368.25,376.68,389.86,416.75,425.6,416.53
2142,329.62,329.91,338.61,347.69,354.11,368.25,376.7,389.87,416.76,425.27,416.5
2143,329.61,329.9,338.61,347.69,354.11,368.26,376.7,389.88,416.77,425.04,416.47
2144,329.59,329.89,338.61,347.7,354.11,368.26,376.7,389.89,416.76,424.96,416.41
2145,329.6,329.89,338.6,347.69,354.12,368.26,376.71,389.9,416.76,425.09,416.39
2146,329.59,329.88,338.6,347.69,354.11,368.27,376.73,389.9,416.77,425.16,416.4
2147,329.58,329.88,338.6,347.69,354.12,368.27,376.74,389.92,416.77,425.47,416.39
2148,329.58,329.88,338.59,347.69,354.13,368.27,376.74,389.92,416.78,425.76,416.4
2149,329.58,329.87,338.59,347.69,354.13,368.28,376.76,389.92,416.79,426.0,416.43
2150,329.57,329.87,338.59,347.69,354.14,368.29,376.77,389.93,416.8,426.15,416.47
2151,329.57,329.86,338.59,347.69,354.14,368.29,376.79,389.94,416.82,426.33,416.5
2152,329.57,329.86,338.59,347.7,354.15,368.3,376.79,389.96,416.83,426.59,416.52
2153,329.54,329.86,338.57,347.7,354.14,368.31,376.79,389.96,416.82,426.83,416.56
2154,329.54,329.84,338.57,347.7,354.15,368.31,376.8,389.97,416.84,427.03,416.6
2155,329.54,329.85,338.57,347.7,354.16,368.32,376.81,389.98,416.85,426.97,416.64
2156,329.53,329.85,338.57,347.71,354.16,368.32,376.82,389.99,416.86,427.15,416.66
2157,329.53,329.83,338.57,347.7,354.16,368.32,376.83,389.99,416.87,427.45,416.68
2158,329.52,329.83,338.56,347.7,354.16,368.33,376.84,390.0,416.88,427.57,416.73
2159,329.51,329.81,338.55,347.71,354.16,368.34,376.84,390.01,416.88,427.53,416.77
2160,329.5,329.81,338.55,347.72,354.15,368.35,376.85,390.03,416.88,427.37,416.82
2161,329.5,329.81,338.55,347.72,354.16,368.35,376.85,390.03,416.89,427.06,416.88
2162,329.5,329.8,338.55,347.72,354.16,368.36,376.87,390.03,416.9,426.35,416.92
2163,329.5,329.8,338.55,347.71,354.17,368.36,376.88,390.04,416.91,426.04,416.94
2164,329.49,329.8,338.54,347.72,354.17,368.36,376.89,390.06,416.93,426.17,416.95
2165,329.48,329.79,338.54,347.72,354.18,368.37,376.89,390.06,416.93,426.32,416.96
2166,329.48,329.79,338.54,347.72,354.18,368.37,376.9,390.07,416.94,426.4,416.97
2167,329.47,329.79,338.53,347.72,354.19,368.38,376.92,390.08,416.95,426.45,416.93
2168,329.47,329.78,338.54,347.71,354.19,368.38,376.93,390.09,416.94,426.28,416.86
2169,329.46,329.77,338.53,347.71,354.18,368.39,376.92,390.09,416.94,426.08,416.77
2170,329.47,329.77,338.53,347.71,354.19,368.4,376.94,390.1,416.94,425.9,416.71
2171,329.46,329.77,338.54,347.71,354.2,368.41,376.95,390.12,416.95,425.18,416.67
2172,329.45,329.77,338.53,347.71,354.21,368.42,376.95,390.12,416.95,424.72,416.64
2173,329.45,329.76,338.52,347.71,354.2,368.42,376.95,390.13,416.95,424.55,416.62
2174,329.45,329.76,338.53,347.71,354.22,368.43,376.97,390.14,416.95,424.29,416.61
2175,329.44,329.76,338.53,347.71,354.22,368.44,376.96,390.15,416.95,423.92,416.61
2176,329.43,329.75,338.52,347.71,354.22,368.45,376.97,390.16,416.95,423.51,416.6
2177,329.42,329.74,338.52,347.71,354.22,368.45,376.97,390.17,416.94,423.04,416.61
2178,329.42,329.74,338.51,347.71,354.22,368.47,376.97,390.18,416.95,422.5,416.62
2179,329.41,329.74,338.51,347.7,354.23,368.47,376.98,390.19,416.97,422.21,416.63
2180,329.4,329.72,338.5,347.71,354.21,368.48,376.98,390.19,416.96,422.05,416.64
2181,329.39,329.72,338.5,347.71,354.22,368.48,376.97,390.2,416.96,422.03,416.68
2182,329.38,329.72,338.5,347.72,354.23,368.49,376.98,390.21,416.97,422.39,416.72
2183,329.38,329.71,338.49,347.72,354.23,368.5,376.98,390.22,416.98,423.02,416.78
2184,329.37,329.7,338.5,347.71,354.23,368.51,376.99,390.23,417.0,423.07,416.84
2185,329.36,329.69,338.49,347.71,354.24,368.51,377.0,390.22,417.0,422.93,416.93
2186,329.35,329.68,338.47,347.71,354.23,368.51,377.0,390.23,417.02,422.89,417.01
2187,329.35,329.68,338.48,347.71,354.24,368.52,377.01,390.24,417.03,422.95,417.06
2188,329.33,329.67,338.47,347.71,354.24,368.52,377.01,390.24,417.03,422.92,417.08
2189,329.33,329.66,338.47,347.71,354.24,368.53,377.01,390.24,417.04,422.83,417.1
2190,329.33,329.66,338.47,347.7,354.24,368.53,377.02,390.25,417.05,422.59,417.13
2191,329.33,329.66,338.48,347.7,354.25,368.54,377.04,390.26,417.05,422.39,417.14
2192,329.3,329.64,338.46,347.7,354.24,368.54,377.04,390.26,417.06,422.17,417.13
2193,329.3,329.64,338.46,347.7,354.24,368.54,377.05,390.26,417.06,421.77,417.1
2194,329.3,329.64,338.46,347.69,354.25,368.56,377.06,390.28,417.07,421.22,417.06
2195,329.28,329.63,338.45,347.69,354.25,368.56,377.06,390.29,417.08,421.02,416.99
2196,329.26,329.62,338.43,347.69,354.24,368.56,377.07,390.29,417.08,421.08,416.97
2197,329.27,329.61,338.43,347.69,354.26,368.57,377.07,390.3,417.09,421.24,416.98
2198,329.27,329.61,338.43,347.68,354.25,368.57,377.1,390.3,417.1,421.95,417.0
2199,329.25,329.62,338.44,347.69,354.26,368.57,377.11,390.32,417.1,422.44,417.03
2200,329.25,329.61,338.42,347.68,354.26,368.58,377.11,390.33,417.1,422.44,417.09
2201,329.25,329.61,338.43,347.69,354.27,368.59,377.12,390.34,417.11,422.6,417.14
2202,329.23,329.6,338.42,347.69,354.26,368.59,377.12,390.34,417.12,422.81,417.21
2203,329.22,329.58,338.41,347.69,354.26,368.59,377.13,390.36,417.13,422.79,417.3
2204,329.21,329.57,338.41,347.69,354.26,368.6,377.14,390.35,417.14,422.71,417.36
2205,329.2,329.57,338.41,347.69,354.27,368.6,377.14,390.37,417.15,422.71,417.4
2206,329.18,329.55,338.39,347.68,354.26,368.61,377.15,390.37,417.15,422.61,417.44
2207,329.19,329.56,338.39,347.68,354.27,368.61,377.15,390.38,417.16,422.23,417.47
2208,329.18,329.55,338.39,347.69,354.28,368.63,377.15,390.4,417.17,422.04,417.5
2209,329.18,329.55,338.39,347.69,354.27,368.63,377.17,390.39,417.18,421.96,417.52
2210,329.17,329.55,338.39,347.68,354.27,368.64,377.16,390.4,417.19,422.17,417.54
2211,329.17,329.54,338.39,347.67,354.28,368.64,377.18,390.4,417.2,422.55,417.54
2212,329.16,329.53,338.38,347.68,354.28,368.65,377.19,390.42,417.22,422.81,417.55
2213,329.16,329.53,338.38,347.68,354.28,368.64,377.19,390.43,417.22,423.23,417.57
2214,329.16,329.53,338.38,347.69,354.29,368.65,377.2,390.44,417.23,423.53,417.58
2215,329.15,329.52,338.39,347.67,354.3,368.65,377.22,390.43,417.24,423.57,417.57
2216,329.14,329.52,338.38,347.67,354.29,368.65,377.21,390.43,417.25,423.56,417.56
2217,329.14,329.51,338.37,347.67,354.29,368.66,377.22,390.45,417.26,423.79,417.53
2218,329.13,329.51,338.37,347.68,354.3,368.67,377.23,390.47,417.26,424.95,417.53
2219,329.13,329.5,338.36,347.69,354.29,368.69,377.23,390.48,417.27,425.63,417.53
2220,329.12,329.49,338.36,347.68,354.29,368.68,377.24,390.48,417.28,426.12,417.54
2221,329.11,329.49,338.35,347.69,354.3,368.69,377.25,390.49,417.29,426.65,417.54
2222,329.09,329.49,338.35,347.68,354.31,368.69,377.27,390.49,417.31,427.44,417.54
2223,329.09,329.48,338.34,347.68,354.3,368.69,377.27,390.51,417.31,427.78,417.56
2224,329.08,329.46,338.33,347.69,354.31,368.7,377.28,390.51,417.31,427.83,417.58
2225,329.09,329.46,338.33,347.68,354.31,368.7,377.28,390.51,417.32,427.76,417.6
2226,329.07,329.46,338.34,347.68,354.31,368.7,377.28,390.53,417.32,427.69,417.59
2227,329.08,329.45,338.33,347.68,354.31,368.71,377.29,390.53,417.33,427.68,417.6
2228,329.07,329.45,338.33,347.68,354.31,368.71,377.3,390.54,417.34,427.68,417.6
2229,329.05,329.44,338.32,347.67,354.3,368.71,377.3,390.54,417.33,427.71,417.58
2230,329.04,329.44,338.31,347.68,354.32,368.72,377.31,390.55,417.35,427.69,417.59
2231,329.04,329.43,338.32,347.68,354.32,368.73,377.32,390.56,417.36,427.54,417.62
2232,329.04,329.43,338.31,347.68,354.33,368.73,377.33,390.56,417.37,427.62,417.64
2233,329.03,329.43,338.32,347.68,354.34,368.73,377.34,390.57,417.38,427.81,417.64
2234,329.03,329.42,338.3,347.68,354.33,368.73,377.34,390.58,417.38,428.03,417.65
2235,329.02,329.42,338.31,347.67,354.34,368.73,377.36,390.58,417.39,428.37,417.68
2236,329.02,329.41,338.3,347.68,354.35,368.74,377.37,390.59,417.4,428.45,417.74
2237,329.02,329.41,338.3,347.68,354.34,368.75,377.37,390.6,417.41,428.26,417.81
2238,329.0,329.4,338.3,347.67,354.34,368.75,377.38,390.61,417.41,428.21,417.88
2239,329.0,329.39,338.29,347.69,354.34,368.76,377.39,390.62,417.43,428.13,417.98
2240,329.0,329.39,338.29,347.68,354.35,368.76,377.39,390.62,417.44,427.87,418.07
2241,328.99,329.38,338.28,347.69,354.34,368.77,377.4,390.63,417.45,427.8,418.08
2242,328.99,329.38,338.27,347.68,354.35,368.77,377.42,390.64,417.46,427.45,418.08
2243,328.97,329.38,338.27,347.69,354.35,368.77,377.42,390.65,417.45,426.89,418.03
2244,328.98,329.36,338.26,347.68,354.34,368.78,377.42,390.66,417.45,426.6,418.0
2245,328.97,329.36,338.26,347.68,354.34,368.77,377.42,390.65,417.45,426.38,417.97
2246,328.96,329.36,338.26,347.68,354.35,368.78,377.43,390.66,417.45,426.41,417.97
2247,328.96,329.36,338.26,347.68,354.35,368.8,377.43,390.68,417.47,426.73,417.95
2248,328.96,329.35,338.26,347.68,354.36,368.81,377.43,390.7,417.47,426.77,417.94
2249,328.95,329.35,338.26,347.68,354.36,368.81,377.44,390.69,417.47,426.61,417.94
2250,328.94,329.35,338.26,347.68,354.36,368.83,377.44,390.71,417.47,426.67,417.95
2251,328.94,329.34,338.25,347.68,354.36,368.83,377.43,390.71,417.48,426.62,417.96
2252,328.93,329.34,338.26,347.67,354.37,368.83,377.44,390.71,417.49,426.44,417.95
2253,328.92,329.33,338.25,347.68,354.37,368.84,377.44,390.73,417.49,426.47,417.94
2254,328.91,329.33,338.25,347.68,354.37,368.84,377.44,390.73,417.49,426.55,417.9
2255,328.91,329.32,338.25,347.67,354.38,368.85,377.45,390.74,417.5,426.65,417.85
2256,328.89,329.31,338.25,347.67,354.37,368.86,377.45,390.75,417.49,426.76,417.81
2257,328.89,329.31,338.24,347.67,354.38,368.86,377.47,390.75,417.5,426.91,417.75
2258,328.89,329.31,338.24,347.67,354.39,368.86,377.48,390.75,417.51,426.75,417.75
2259,328.88,329.3,338.24,347.66,354.38,368.87,377.49,390.76,417.51,426.24,417.76
2260,328.88,329.3,338.24,347.66,354.39,368.87,377.51,390.76,417.52,425.74,417.79
2261,328.88,329.29,338.24,347.66,354.4,368.89,377.5,390.77,417.52,425.48,417.82
2262,328.87,329.29,338.23,347.67,354.39,368.89,377.51,390.79,417.52,425.11,417.84
2263,328.86,329.28,338.24,347.66,354.39,368.89,377.52,390.79,417.53,424.8,417.82
2264,328.86,329.28,338.23,347.66,354.39,368.9,377.53,390.8,417.53,424.66,417.82
2265,328.85,329.28,338.24,347.66,354.4,368.9,377.54,390.8,417.55,424.37,417.8
2266,328.84,329.27,338.22,347.66,354.4,368.91,377.54,390.81,417.53,423.93,417.74
2267,328.82,329.26,338.21,347.66,354.39,368.91,377.55,390.82,417.54,423.82,417.67
2268,328.82,329.25,338.2,347.67,354.38,368.93,377.55,390.82,417.53,424.16,417.64
2269,328.81,329.25,338.2,347.66,354.39,368.93,377.55,390.83,417.53,424.64,417.64
2270,328.81,329.25,338.2,347.66,354.4,368.94,377.56,390.84,417.54,425.18,417.63
2271,328.81,329.25,338.2,347.66,354.4,368.94,377.57,390.85,417.55,425.82,417.65
2272,328.8,329.24,338.19,347.67,354.4,368.95,377.58,390.86,417.55,426.21,417.67
2273,328.78,329.24,338.19,347.66,354.4,368.95,377.57,390.87,417.55,426.41,417.73
2274,328.78,329.23,338.18,347.66,354.4,368.95,377.59,390.87,417.55,426.45,417.81
2275,328.77,329.23,338.18,347.65,354.41,368.95,377.6,390.88,417.57,426.59,417.93
2276,328.76,329.23,338.17,347.66,354.42,368.97,377.61,390.89,417.58,426.66,418.07
2277,328.75,329.21,338.16,347.66,354.41,368.96,377.61,390.9,417.58,426.75,418.15
2278,328.75,329.21,338.17,347.65,354.41,368.97,377.61,390.9,417.6,426.71,418.21
2279,328.74,329.2,338.15,347.65,354.41,368.97,377.62,390.91,417.61,426.59,418.24
2280,328.73,329.19,338.16,347.65,354.42,368.98,377.63,390.91,417.62,426.29,418.27
2281,328.71,329.18,338.14,347.66,354.41,368.97,377.63,390.92,417.62,426.09,418.24
2282,328.72,329.17,338.14,347.65,354.41,368.99,377.64,390.93,417.63,425.9,418.22
2283,328.72,329.18,338.15,347.66,354.42,368.98,377.65,390.94,417.64,425.89,418.16
2284,328.7,329.17,338.14,347.66,354.43,368.99,377.67,390.95,417.64,425.68,418.1
2285,328.7,329.16,338.14,347.66,354.43,369.0,377.67,390.95,417.65,425.53,418.04
2286,328.7,329.17,338.13,347.66,354.43,369.0,377.69,390.96,417.66,425.26,418.01
2287,328.7,329.17,338.14,347.67,354.44,369.0,377.7,390.97,417.67,425.24,417.99
2288,328.68,329.17,338.14,347.66,354.44,369.0,377.71,390.97,417.66,425.33,417.99
2289,328.68,329.15,338.12,347.66,354.44,369.01,377.7,390.97,417.64,425.52,417.99
2290,328.67,329.15,338.12,347.67,354.44,369.01,377.71,390.98,417.64,425.93,418.0
2291,328.67,329.14,338.11,347.68,354.43,369.02,377.72,390.99,417.65,426.29,418.03
2292,328.67,329.15,338.11,347.68,354.44,369.02,377.73,391.0,417.66,426.68,418.08
2293,328.66,329.14,338.11,347.67,354.44,369.03,377.75,391.01,417.67,427.01,418.16
2294,328.65,329.14,338.11,347.68,354.45,369.03,377.75,391.02,417.69,426.95,418.21
2295,328.65,329.13,338.11,347.67,354.45,369.05,377.76,391.04,417.68,426.79,418.2
2296,328.65,329.13,338.1,347.67,354.45,369.04,377.77,391.04,417.7,426.74,418.19
2297,328.65,329.12,338.1,347.68,354.45,369.05,377.77,391.04,417.7,426.83,418.16
2298,328.63,329.12,338.1,347.68,354.46,369.06,377.78,391.06,417.71,427.09,418.13
2299,328.63,329.11,338.09,347.68,354.45,369.07,377.78,391.07,417.71,427.19,418.09
2300,328.63,329.11,338.08,347.68,354.45,369.07,377.78,391.07,417.71,427.06,418.08
2301,328.62,329.12,338.08,347.68,354.45,369.07,377.78,391.08,417.72,426.97,418.07
2302,328.61,329.11,338.09,347.68,354.46,369.08,377.81,391.09,417.74,426.6,418.02
2303,328.61,329.11,338.07,347.68,354.46,369.08,377.81,391.09,417.76,426.08,417.93
2304,328.59,329.09,338.06,347.67,354.45,369.09,377.8,391.1,417.76,425.76,417.87
2305,328.59,329.08,338.06,347.68,354.46,369.11,377.82,391.11,417.76,425.46,417.79
2306,328.58,329.08,338.05,347.68,354.46,369.11,377.82,391.11,417.77,425.34,417.71
2307,328.57,329.08,338.05,347.68,354.46,369.12,377.83,391.12,417.77,425.7,417.63
2308,328.58,329.08,338.05,347.67,354.46,369.11,377.84,391.12,417.79,425.91,417.59
2309,328.57,329.08,338.05,347.67,354.47,369.11,377.85,391.12,417.79,426.04,417.56
2310,328.56,329.07,338.05,347.67,354.47,369.11,377.85,391.13,417.8,425.96,417.53
2311,328.55,329.06,338.04,347.67,354.46,369.12,377.85,391.13,417.78,425.7,417.49
2312,328.54,329.07,338.04,347.67,354.47,369.13,377.86,391.14,417.78,425.79,417.46
2313,328.54,329.06,338.02,347.67,354.47,369.12,377.87,391.14,417.78,426.06,417.42
2314,328.52,329.05,338.03,347.66,354.47,369.13,377.87,391.15,417.77,426.27,417.39
2315,328.53,329.05,338.03,347.66,354.48,369.14,377.89,391.17,417.78,426.05,417.39
2316,328.52,329.04,338.01,347.67,354.47,369.14,377.88,391.18,417.77,425.92,417.38
2317,328.51,329.03,338.01,347.67,354.46,369.15,377.88,391.17,417.77,425.87,417.38
2318,328.52,329.04,338.02,347.67,354.47,369.16,377.9,391.19,417.78,425.55,417.38
2319,328.5,329.04,338.01,347.66,354.47,369.16,377.9,391.19,417.77,425.39,417.38
2320,328.49,329.02,338.0,347.67,354.47,369.17,377.9,391.2,417.78,425.39,417.35
2321,328.49,329.02,338.0,347.67,354.48,369.17,377.92,391.2,417.78,425.44,417.33
2322,328.48,329.03,338.01,347.67,354.47,369.18,377.92,391.21,417.79,425.84,417.32
2323,328.47,329.01,337.99,347.67,354.47,369.18,377.92,391.22,417.79,426.2,417.33
2324,328.47,329.01,337.99,347.65,354.49,369.18,377.93,391.22,417.81,426.43,417.39
2325,328.47,329.01,338.0,347.66,354.49,369.19,377.93,391.23,417.81,426.36,417.42
2326,328.45,329.01,337.99,347.66,354.49,369.19,377.95,391.24,417.81,425.93,417.44
2327,328.47,329.01,337.99,347.66,354.49,369.2,377.96,391.25,417.81,425.79,417.42
2328,328.45,329.0,337.99,347.65,354.5,369.2,377.96,391.25,417.83,425.77,417.39
2329,328.44,329.0,337.98,347.66,354.49,369.21,377.97,391.26,417.82,425.9,417.37
2330,328.44,328.98,337.98,347.66,354.5,369.22,377.97,391.27,417.84,426.01,417.4
2331,328.44,328.98,337.97,347.66,354.49,369.23,377.99,391.28,417.84,425.72,417.44
2332,328.42,328.97,337.97,347.67,354.48,369.23,377.98,391.29,417.84,425.59,417.47
2333,328.42,328.97,337.96,347.65,354.49,369.22,377.99,391.29,417.85,425.6,417.51
2334,328.41,328.96,337.96,347.65,354.49,369.23,377.99,391.29,417.85,425.73,417.55
2335,328.41,328.96,337.96,347.65,354.5,369.23,378.0,391.31,417.86,425.87,417.58
2336,328.4,328.96,337.96,347.65,354.5,369.23,378.01,391.3,417.87,426.16,417.59
2337,328.39,328.94,337.94,347.65,354.5,369.23,378.01,391.31,417.87,426.61,417.62
2338,328.4,328.94,337.95,347.65,354.5,369.24,378.02,391.32,417.89,426.78,417.69
2339,328.39,328.94,337.94,347.65,354.51,369.25,378.02,391.33,417.89,426.92,417.71
2340,328.38,328.93,337.94,347.65,354.51,369.26,378.03,391.34,417.9,427.08,417.72
2341,328.37,328.92,337.94,347.65,354.5,369.26,378.02,391.35,417.9,427.04,417.73
2342,328.37,328.92,337.93,347.64,354.51,369.27,378.02,391.35,417.91,426.52,417.76
2343,328.38,328.92,337.94,347.65,354.52,369.28,378.03,391.36,417.93,426.02,417.77
2344,328.37,328.92,337.93,347.64,354.52,369.29,378.02,391.38,417.93,426.0,417.81
2345,328.35,328.91,337.93,347.64,354.51,369.29,378.03,391.38,417.93,425.93,417.83
2346,328.35,328.9,337.92,347.64,354.51,369.3,378.01,391.39,417.94,425.92,417.87
2347,328.34,328.89,337.92,347.64,354.52,369.31,378.03,391.39,417.95,425.55,417.92
2348,328.33,328.89,337.93,347.63,354.53,369.32,378.04,391.39,417.97,425.18,417.94
2349,328.33,328.88,337.92,347.63,354.52,369.31,378.03,391.4,417.97,425.12,417.92
2350,328.32,328.88,337.92,347.63,354.52,369.32,378.05,391.4,417.99,425.05,417.9
2351,328.32,328.88,337.91,347.63,354.53,369.32,378.06,391.4,417.99,425.05,417.88
2352,328.32,328.88,337.92,347.62,354.54,369.32,378.06,391.4,418.0,424.99,417.86
2353,328.31,328.88,337.92,347.62,354.54,369.31,378.06,391.4,418.01,424.84,417.84
2354,328.31,328.88,337.91,347.61,354.54,369.31,378.08,391.41,418.02,424.65,417.81
2355,328.3,328.86,337.91,347.62,354.54,369.32,378.08,391.42,418.01,424.66,417.78
2356,328.28,328.86,337.9,347.61,354.53,369.33,378.09,391.42,418.01,424.88,417.78
2357,328.28,328.85,337.9,347.62,354.54,369.34,378.09,391.44,418.02,425.01,417.81
2358,328.27,328.85,337.9,347.62,354.54,369.34,378.1,391.44,418.02,425.27,417.83
2359,328.27,328.84,337.9,347.62,354.54,369.35,378.11,391.45,418.03,425.77,417.88
2360,328.26,328.83,337.9,347.62,354.55,369.36,378.12,391.47,418.03,426.19,417.91
2361,328.25,328.82,337.89,347.63,354.55,369.37,378.12,391.47,418.05,426.6,417.98
2362,328.25,328.83,337.89,347.62,354.56,369.38,378.13,391.49,418.06,426.67,418.01
2363,328.25,328.82,337.88,347.62,354.56,369.38,378.14,391.49,418.07,425.66,418.05
2364,328.24,328.81,337.88,347.61,354.55,369.38,378.14,391.49,418.07,424.91,418.07
2365,328.23,328.81,337.87,347.62,354.56,369.39,378.15,391.5,418.09,424.46,418.1
2366,328.22,328.81,337.86,347.61,354.56,369.4,378.17,391.51,418.1,424.69,418.14
2367,328.21,328.81,337.86,347.61,354.56,369.4,378.17,391.52,418.12,424.84,418.18
2368,328.21,328.8,337.87,347.61,354.57,369.41,378.18,391.53,418.12,424.87,418.22
2369,328.2,328.8,337.87,347.62,354.57,369.4,378.18,391.53,418.13,424.79,418.24
2370,328.19,328.8,337.86,347.61,354.58,369.42,378.19,391.55,418.13,424.48,418.23
2371,328.19,328.79,337.86,347.61,354.57,369.41,378.2,391.54,418.14,423.82,418.22
2372,328.18,328.8,337.86,347.61,354.59,369.42,378.21,391.55,418.15,423.33,418.2
2373,328.18,328.79,337.85,347.62,354.59,369.43,378.23,391.56,418.15,423.04,418.19
2374,328.16,328.79,337.85,347.61,354.59,369.43,378.23,391.57,418.16,422.93,418.2
2375,328.17,328.79,337.84,347.62,354.59,369.43,378.25,391.58,418.16,422.73,418.21
2376,328.17,328.78,337.85,347.61,354.6,369.44,378.27,391.59,418.18,422.58,418.22
2377,328.16,328.78,337.83,347.63,354.59,369.44,378.26,391.59,418.17,422.23,418.23
2378,328.16,328.78,337.83,347.63,354.6,369.44,378.28,391.59,418.18,421.86,418.24
2379,328.15,328.76,337.82,347.64,354.6,369.45,378.28,391.61,418.18,421.86,418.22
2380,328.14,328.75,337.82,347.62,354.59,369.44,378.29,391.61,418.18,421.92,418.21
2381,328.13,328.77,337.82,347.63,354.6,369.45,378.29,391.61,418.18,421.83,418.22
2382,328.13,328.75,337.82,347.63,354.6,369.46,378.3,391.63,418.19,421.75,418.23
2383,328.13,328.74,337.82,347.63,354.6,369.46,378.31,391.63,418.2,421.57,418.21
2384,328.12,328.75,337.81,347.63,354.6,369.46,378.3,391.63,418.2,421.49,418.19
2385,328.11,328.74,337.8,347.64,354.6,369.46,378.32,391.64,418.2,421.53,418.17
2386,328.11,328.74,337.79,347.63,354.6,369.47,378.32,391.65,418.21,421.56,418.15
2387,328.1,328.73,337.79,347.63,354.59,369.47,378.32,391.65,418.21,421.96,418.15
2388,328.09,328.73,337.79,347.64,354.6,369.47,378.33,391.67,418.21,422.14,418.14
2389,328.08,328.73,337.78,347.63,354.58,369.47,378.33,391.67,418.2,421.99,418.11
2390,328.09,328.72,337.77,347.63,354.59,369.49,378.32,391.68,418.2,421.58,418.07
2391,328.08,328.71,337.77,347.63,354.59,369.49,378.33,391.7,418.21,421.28,418.03
2392,328.07,328.71,337.76,347.63,354.59,369.5,378.33,391.69,418.2,421.24,417.97
2393,328.08,328.71,337.77,347.63,354.61,369.5,378.35,391.7,418.21,421.23,417.92
2394,328.08,328.7,337.78,347.63,354.6,369.5,378.36,391.71,418.22,421.27,417.88
2395,328.06,328.71,337.78,347.62,354.61,369.51,378.36,391.7,418.22,421.51,417.83
2396,328.06,328.7,337.76,347.62,354.61,369.51,378.36,391.72,418.21,421.82,417.82
2397,328.05,328.69,337.76,347.62,354.61,369.52,378.36,391.72,418.2,422.1,417.81
2398,328.05,328.69,337.75,347.62,354.6,369.53,378.37,391.73,418.21,422.29,417.79
2399,328.04,328.68,337.75,347.62,354.61,369.53,378.37,391.74,418.2,422.38,417.76
2400,328.04,328.68,337.76,347.62,354.62,369.53,378.39,391.74,418.22,422.21,417.76
2401,328.04,328.67,337.76,347.63,354.63,369.55,378.4,391.75,418.22,421.99,417.75
2402,328.04,328.67,337.75,347.62,354.62,369.55,378.41,391.76,418.23,421.77,417.76
2403,328.03,328.67,337.75,347.62,354.62,369.55,378.41,391.77,418.22,421.72,417.75
2404,328.01,328.66,337.75,347.63,354.62,369.55,378.42,391.77,418.22,421.78,417.73
2405,328.01,328.65,337.73,347.63,354.62,369.56,378.42,391.78,418.23,421.81,417.71
2406,328.01,328.65,337.74,347.63,354.63,369.56,378.43,391.78,418.23,421.73,417.67
2407,328.0,328.64,337.74,347.62,354.64,369.57,378.44,391.79,418.24,421.74,417.65
2408,327.99,328.63,337.74,347.62,354.64,369.58,378.45,391.79,418.23,421.93,417.61
2409,327.98,328.63,337.72,347.62,354.63,369.57,378.45,391.8,418.23,422.1,417.57
2410,327.97,328.61,337.71,347.63,354.63,369.58,378.45,391.81,418.23,422.41,417.59
2411,327.97,328.61,337.72,347.63,354.63,369.58,378.46,391.82,418.25,422.89,417.63
2412,327.96,328.61,337.71,347.62,354.64,369.59,378.47,391.82,418.25,423.28,417.72
2413,327.96,328.61,337.71,347.62,354.64,369.59,378.48,391.83,418.27,423.66,417.79
2414,327.96,328.6,337.7,347.63,354.64,369.59,378.48,391.83,418.28,423.94,417.85
2415,327.95,328.59,337.7,347.63,354.64,369.59,378.49,391.84,418.29,424.17,417.9
2416,327.95,328.59,337.7,347.62,354.64,369.6,378.49,391.84,418.3,424.3,417.92
2417,327.93,328.58,337.69,347.63,354.64,369.6,378.49,391.85,418.3,424.27,417.94
2418,327.93,328.57,337.69,347.63,354.64,369.61,378.5,391.87,418.32,423.48,417.98
2419,327.92,328.56,337.69,347.63,354.65,369.62,378.5,391.87,418.34,422.79,417.98
2420,327.92,328.56,337.69,347.63,354.65,369.63,378.5,391.88,418.33,422.71,417.98
2421,327.92,328.56,337.68,347.63,354.65,369.63,378.51,391.88,418.35,423.04,417.98
2422,327.92,328.56,337.69,347.62,354.66,369.63,378.52,391.89,418.36,423.09,418.01
2423,327.91,328.55,337.68,347.62,354.66,369.64,378.52,391.89,418.35,422.76,418.04
2424,327.9,328.54,337.68,347.62,354.66,369.64,378.52,391.9,418.36,422.63,418.09
2425,327.9,328.54,337.68,347.62,354.67,369.65,378.53,391.9,418.37,422.52,418.11
2426,327.9,328.54,337.68,347.62,354.67,369.64,378.52,391.91,418.37,422.37,418.12
2427,327.89,328.53,337.67,347.61,354.67,369.65,378.52,391.92,418.37,422.21,418.1
2428,327.87,328.51,337.66,347.6,354.66,369.65,378.53,391.92,418.37,422.0,418.08
2429,327.87,328.51,337.66,347.6,354.67,369.66,378.54,391.93,418.38,422.05,418.07
2430,327.86,328.51,337.64,347.61,354.66,369.67,378.53,391.94,418.38,422.4,418.04
2431,327.85,328.5,337.64,347.61,354.67,369.68,378.53,391.95,418.38,422.42,418.01
2432,327.86,328.5,337.65,347.61,354.67,369.69,378.53,391.96,418.38,422.36,417.98
2433,327.86,328.51,337.66,347.6,354.68,369.68,378.55,391.96,418.39,422.14,417.98
2434,327.86,328.51,337.66,347.61,354.68,369.69,378.56,391.96,418.4,422.16,417.97
2435,327.84,328.5,337.66,347.61,354.68,369.7,378.57,391.97,418.39,422.22,417.97
2436,327.84,328.48,337.65,347.61,354.68,369.7,378.57,391.98,418.4,422.24,417.98
2437,327.83,328.49,337.65,347.61,354.69,369.71,378.59,391.98,418.41,422.12,417.99
2438,327.82,328.48,337.63,347.61,354.68,369.72,378.58,392.0,418.41,422.0,417.98
2439,327.81,328.48,337.65,347.62,354.69,369.72,378.59,392.01,418.42,421.91,418.0
2440,327.81,328.48,337.63,347.61,354.7,369.73,378.6,392.01,418.43,421.91,418.05
2441,327.81,328.46,337.63,347.61,354.69,369.73,378.6,392.02,418.43,422.1,418.09
2442,327.8,328.46,337.63,347.61,354.69,369.73,378.61,392.02,418.43,422.19,418.16
2443,327.79,328.44,337.61,347.61,354.69,369.73,378.61,392.01,418.43,422.01,418.2
2444,327.79,328.44,337.61,347.6,354.69,369.73,378.62,392.02,418.44,421.97,418.25
2445,327.78,328.43,337.6,347.61,354.68,369.74,378.61,392.03,418.44,421.93,418.27
2446,327.77,328.43,337.6,347.61,354.69,369.74,378.63,392.03,418.46,422.12,418.31
2447,327.76,328.42,337.59,347.61,354.69,369.75,378.64,392.05,418.47,421.95,418.35
2448,327.76,328.42,337.59,347.61,354.7,369.75,378.64,392.05,418.48,421.84,418.38
2449,327.75,328.42,337.59,347.61,354.7,369.75,378.64,392.05,418.49,421.82,418.41
2450,327.74,328.41,337.58,347.61,354.69,369.75,378.65,392.05,418.49,421.79,418.43
2451,327.74,328.4,337.57,347.6,354.7,369.75,378.65,392.07,418.5,421.74,418.47
2452,327.73,328.4,337.56,347.6,354.69,369.76,378.66,392.06,418.5,421.57,418.52
2453,327.73,328.4,337.56,347.6,354.7,369.77,378.66,392.08,418.51,421.57,418.56
2454,327.73,328.39,337.56,347.6,354.71,369.76,378.67,392.09,418.53,421.75,418.58
2455,327.72,328.39,337.56,347.6,354.71,369.78,378.68,392.1,418.54,421.73,418.58
2456,327.71,328.38,337.55,347.6,354.71,369.78,378.67,392.1,418.54,422.07,418.58
2457,327.69,328.37,337.55,347.6,354.7,369.78,378.67,392.1,418.54,422.57,418.57
2458,327.7,328.37,337.54,347.6,354.7,369.79,378.68,392.11,418.54,423.29,418.57
2459,327.69,328.37,337.54,347.6,354.71,369.78,378.68,392.11,418.55,423.5,418.58
2460,327.68,328.36,337.55,347.59,354.71,369.79,378.69,392.12,418.57,423.5,418.59
2461,327.68,328.35,337.54,347.6,354.71,369.79,378.69,392.12,418.56,423.4,418.58
2462,327.68,328.35,337.54,347.6,354.7,369.8,378.69,392.13,418.55,423.23,418.57
2463,327.67,328.34,337.54,347.58,354.71,369.81,378.7,392.13,418.56,423.37,418.51
2464,327.66,328.33,337.54,347.59,354.72,369.81,378.71,392.14,418.57,423.83,418.45
2465,327.67,328.32,337.54,347.59,354.72,369.82,378.71,392.15,418.59,424.25,418.44
2466,327.66,328.32,337.53,347.59,354.72,369.82,378.72,392.16,418.57,424.04,418.44
2467,327.65,328.31,337.53,347.6,354.72,369.83,378.73,392.17,418.58,423.52,418.44
2468,327.64,328.31,337.53,347.59,354.73,369.83,378.74,392.18,418.59,423.21,418.43
2469,327.64,328.3,337.52,347.6,354.72,369.84,378.74,392.19,418.59,422.93,418.39
2470,327.63,328.3,337.53,347.59,354.73,369.84,378.74,392.18,418.59,422.93,418.36
2471,327.62,328.29,337.51,347.59,354.72,369.85,378.75,392.2,418.59,422.99,418.34
2472,327.62,328.28,337.51,347.6,354.73,369.85,378.75,392.21,418.59,423.07,418.32
2473,327.62,328.28,337.51,347.59,354.73,369.86,378.76,392.21,418.6,423.19,418.33
2474,327.61,328.28,337.51,347.6,354.73,369.86,378.76,392.23,418.61,423.59,418.32
2475,327.6,328.27,337.51,347.6,354.73,369.87,378.78,392.23,418.61,423.99,418.33
2476,327.59,328.27,337.5,347.6,354.74,369.87,378.78,392.24,418.62,423.95,418.32
2477,327.59,328.27,337.5,347.6,354.73,369.88,378.78,392.25,418.61,423.7,418.28
2478,327.58,328.27,337.49,347.59,354.74,369.87,378.79,392.24,418.61,423.44,418.25
2479,327.58,328.26,337.49,347.59,354.75,369.89,378.79,392.25,418.62,423.09,418.2
2480,327.56,328.25,337.49,347.59,354.73,369.89,378.79,392.26,418.61,423.18,418.16
2481,327.56,328.25,337.48,347.6,354.74,369.9,378.8,392.25,418.61,423.31,418.15
2482,327.56,328.23,337.48,347.59,354.74,369.89,378.81,392.26,418.6,423.58,418.15
2483,327.55,328.24,337.48,347.59,354.74,369.9,378.82,392.27,418.61,423.73,418.16
2484,327.54,328.23,337.47,347.59,354.74,369.92,378.82,392.27,418.6,423.67,418.15
2485,327.53,328.22,337.47,347.59,354.74,369.91,378.82,392.28,418.61,423.54,418.14
2486,327.53,328.22,337.47,347.58,354.74,369.91,378.83,392.29,418.62,423.72,418.14
2487,327.52,328.2,337.46,347.59,354.74,369.92,378.83,392.3,418.61,424.05,418.15
2488,327.51,328.2,337.46,347.59,354.74,369.93,378.84,392.3,418.62,424.19,418.16
2489,327.51,328.2,337.45,347.57,354.74,369.92,378.84,392.3,418.64,424.15,418.19
2490,327.51,328.2,337.45,347.58,354.75,369.93,378.86,392.31,418.65,424.29,418.25
2491,327.49,328.18,337.43,347.57,354.74,369.93,378.86,392.31,418.64,424.4,418.32
2492,327.49,328.18,337.45,347.57,354.75,369.94,378.87,392.31,418.66,424.7,418.38
2493,327.49,328.18,337.44,347.57,354.75,369.93,378.88,392.32,418.67,424.82,418.46
2494,327.5,328.17,337.44,347.57,354.76,369.95,378.89,392.33,418.68,424.78,418.55
2495,327.48,328.18,337.43,347.57,354.76,369.95,378.89,392.34,418.69,424.82,418.63
2496,327.48,328.18,337.42,347.57,354.76,369.95,378.9,392.34,418.7,424.61,418.69
2497,327.47,328.16,337.42,347.56,354.76,369.94,378.9,392.34,418.7,424.29,418.73
2498,327.45,328.16,337.41,347.57,354.76,369.96,378.9,392.35,418.71,424.44,418.72
2499,327.44,328.15,337.4,347.57,354.75,369.96,378.91,392.36,418.72,424.33,418.7
2500,327.43,328.16,337.4,347.57,354.76,369.96,378.92,392.37,418.73,424.22,418.7
2501,327.43,328.14,337.39,347.56,354.76,369.97,378.94,392.38,418.73,424.39,418.67
2502,327.42,328.15,337.4,347.57,354.76,369.97,378.94,392.38,418.73,424.59,418.62
2503,327.42,328.15,337.39,347.56,354.77,369.97,378.96,392.38,418.73,424.8,418.57
2504,327.41,328.14,337.39,347.58,354.76,369.97,378.96,392.38,418.74,424.86,418.52
2505,327.41,328.12,337.39,347.57,354.77,369.97,378.96,392.39,418.73,424.98,418.49
2506,327.41,328.12,337.39,347.58,354.75,369.98,378.98,392.4,418.74,425.08,418.47
2507,327.4,328.12,337.37,347.58,354.78,369.98,378.98,392.42,418.74,425.37,418.45
2508,327.4,328.11,337.38,347.59,354.77,369.99,378.99,392.42,418.74,425.46,418.42
2509,327.39,328.1,337.37,347.58,354.77,369.98,378.99,392.42,418.74,425.39,418.35
2510,327.4,328.1,337.38,347.58,354.78,369.99,379.01,392.43,418.74,425.3,418.32
2511,327.39,328.11,337.38,347.59,354.78,370.0,379.02,392.45,418.75,425.22,418.27
2512,327.39,328.1,337.37,347.59,354.79,370.0,379.03,392.44,418.75,424.94,418.23
2513,327.37,328.09,337.37,347.58,354.79,370.0,379.03,392.45,418.74,424.56,418.2
2514,327.38,328.09,337.37,347.59,354.79,370.01,379.03,392.45,418.75,424.39,418.2
2515,327.37,328.1,337.37,347.58,354.79,370.01,379.04,392.46,418.76,424.48,418.2
2516,327.37,328.09,337.37,347.58,354.8,370.02,379.04,392.47,418.76,424.43,418.23
2517,327.36,328.09,337.37,347.58,354.79,370.03,379.05,392.49,418.76,424.35,418.25
2518,327.35,328.08,337.37,347.6,354.8,370.03,379.06,392.49,418.76,424.4,418.25
2519,327.34,328.08,337.36,347.58,354.8,370.03,379.06,392.49,418.77,424.55,418.25
2520,327.34,328.07,337.36,347.58,354.8,370.04,379.06,392.5,418.77,424.8,418.28
2521,327.33,328.06,337.36,347.58,354.81,370.05,379.07,392.5,418.78,424.74,418.3
2522,327.33,328.06,337.35,347.58,354.81,370.06,379.07,392.51,418.78,424.44,418.34
2523,327.32,328.05,337.35,347.59,354.81,370.06,379.07,392.52,418.78,424.46,418.36
2524,327.31,328.05,337.35,347.57,354.81,370.07,379.07,392.51,418.79,424.38,418.38
2525,327.31,328.05,337.34,347.58,354.81,370.07,379.08,392.52,418.79,424.41,418.39
2526,327.3,328.04,337.33,347.58,354.8,370.08,379.08,392.54,418.8,424.56,418.38
2527,327.29,328.02,337.33,347.57,354.8,370.08,379.08,392.53,418.79,424.38,418.38
2528,327.29,328.02,337.32,347.57,354.8,370.08,379.09,392.54,418.8,424.23,418.42
2529,327.28,328.02,337.33,347.57,354.82,370.08,379.1,392.54,418.81,424.25,418.42
2530,327.28,328.02,337.32,347.57,354.81,370.09,379.11,392.55,418.81,424.47,418.42
2531,327.27,328.01,337.32,347.57,354.81,370.08,379.11,392.56,418.82,424.82,418.42
2532,327.26,328.0,337.31,347.58,354.81,370.09,379.11,392.56,418.82,424.97,418.43
2533,327.27,328.0,337.32,347.57,354.82,370.09,379.13,392.57,418.82,424.97,418.46
2534,327.27,328.0,337.31,347.57,354.82,370.1,379.14,392.58,418.83,425.08,418.49
2535,327.26,328.0,337.31,347.57,354.82,370.11,379.14,392.58,418.83,425.14,418.47
2536,327.26,327.98,337.31,347.58,354.83,370.1,379.16,392.59,418.83,425.07,418.42
2537,327.25,327.98,337.3,347.58,354.82,370.12,379.15,392.6,418.83,425.03,418.38
2538,327.24,327.98,337.3,347.58,354.83,370.12,379.17,392.6,418.83,424.97,418.34
2539,327.25,327.98,337.29,347.59,354.82,370.14,379.17,392.62,418.83,424.98,418.3
2540,327.24,327.98,337.29,347.58,354.82,370.13,379.16,392.62,418.83,425.1,418.26
2541,327.24,327.99,337.29,347.58,354.82,370.14,379.13,392.62,418.83,425.35,418.26
2542,327.23,327.98,337.29,347.59,354.83,370.15,379.17,392.63,418.84,425.51,418.26
2543,327.22,327.99,337.28,347.57,354.84,370.16,379.15,392.63,418.83,425.2,418.27
2544,327.21,327.97,337.28,347.59,354.83,370.16,379.15,392.64,418.83,424.88,418.26
2545,327.2,327.96,337.27,347.58,354.82,370.17,379.15,392.64,418.83,424.79,418.26
2546,327.21,327.95,337.27,347.57,354.82,370.17,379.16,392.64,418.83,424.62,418.3
2547,327.21,327.96,337.27,347.58,354.83,370.17,379.17,392.65,418.85,424.46,418.33
2548,327.2,327.96,337.27,347.56,354.83,370.16,379.18,392.65,418.85,424.29,418.39
2549,327.2,327.96,337.27,347.57,354.83,370.17,379.19,392.66,418.86,424.21,418.44
2550,327.19,327.95,337.26,347.57,354.83,370.17,379.19,392.66,418.86,424.32,418.49
2551,327.18,327.95,337.26,347.55,354.83,370.16,379.19,392.68,418.85,424.43,418.52
2552,327.17,327.93,337.24,347.57,354.82,370.19,379.18,392.68,418.86,424.21,418.55
2553,327.17,327.94,337.25,347.56,354.83,370.19,379.2,392.68,418.87,423.85,418.56
2554,327.17,327.93,337.25,347.55,354.84,370.18,379.23,392.69,418.88,423.85,418.54
2555,327.16,327.92,337.24,347.55,354.84,370.18,379.23,392.69,418.87,424.43,418.53
2556,327.17,327.92,337.24,347.55,354.84,370.18,379.25,392.7,418.88,424.95,418.52
2557,327.15,327.92,337.24,347.56,354.84,370.19,379.27,392.71,418.88,425.13,418.52
2558,327.14,327.92,337.23,347.56,354.83,370.19,379.26,392.71,418.87,425.47,418.54
2559,327.14,327.91,337.22,347.57,354.84,370.2,379.27,392.72,418.88,425.94,418.6
2560,327.14,327.89,337.22,347.57,354.84,370.2,379.28,392.73,418.89,426.34,418.67
2561,327.12,327.89,337.21,347.56,354.83,370.2,379.28,392.73,418.88,426.62,418.72
2562,327.11,327.88,337.21,347.56,354.84,370.2,379.29,392.74,418.9,426.6,418.83
2563,327.1,327.87,337.2,347.56,354.84,370.21,379.3,392.74,418.91,425.97,418.88
2564,327.08,327.86,337.19,347.56,354.84,370.22,379.29,392.75,418.91,425.65,418.87
2565,327.08,327.86,337.18,347.56,354.84,370.22,379.29,392.75,418.91,425.47,418.88
2566,327.08,327.85,337.2,347.55,354.85,370.22,379.29,392.75,418.93,425.25,418.9
2567,327.07,327.84,337.18,347.56,354.84,370.23,379.3,392.77,418.93,425.06,418.91
2568,327.07,327.84,337.18,347.55,354.85,370.24,379.3,392.77,418.95,424.95,418.9
2569,327.07,327.85,337.19,347.56,354.85,370.24,379.3,392.78,418.96,424.77,418.88
2570,327.06,327.85,337.19,347.54,354.86,370.24,379.31,392.78,418.98,424.96,418.86
2571,327.05,327.83,337.18,347.55,354.86,370.24,379.32,392.79,418.98,424.83,418.86
2572,327.05,327.83,337.18,347.55,354.86,370.25,379.33,392.8,418.99,424.54,418.86
2573,327.04,327.82,337.17,347.55,354.86,370.25,379.33,392.79,419.0,424.37,418.85
2574,327.03,327.8,337.16,347.55,354.85,370.25,379.33,392.8,418.99,424.61,418.83
2575,327.02,327.81,337.16,347.55,354.85,370.26,379.33,392.81,419.0,425.0,418.82
2576,327.02,327.8,337.17,347.55,354.86,370.27,379.34,392.82,419.0,425.19,418.8
2577,327.02,327.8,337.16,347.55,354.86,370.27,379.35,392.82,419.02,425.24,418.8
2578,327.02,327.8,337.16,347.55,354.87,370.28,379.36,392.83,419.02,425.28,418.81
2579,327.01,327.8,337.16,347.55,354.88,370.28,379.36,392.84,419.01,425.02,418.78
2580,327.0,327.79,337.15,347.54,354.87,370.28,379.36,392.83,419.02,424.54,418.68
2581,326.99,327.78,337.14,347.54,354.87,370.29,379.37,392.85,419.01,424.34,418.54
2582,326.99,327.78,337.15,347.54,354.87,370.3,379.37,392.86,419.0,424.45,418.44
2583,326.98,327.78,337.15,347.54,354.88,370.31,379.37,392.86,419.01,424.35,418.38
2584,326.98,327.77,337.15,347.54,354.88,370.31,379.37,392.85,419.02,424.21,418.32
2585,326.99,327.77,337.15,347.54,354.88,370.32,379.39,392.87,419.02,424.14,418.27
2586,326.98,327.77,337.15,347.54,354.89,370.32,379.39,392.87,419.02,423.79,418.21
2587,326.98,327.77,337.15,347.53,354.89,370.32,379.4,392.87,419.02,423.43,418.16
2588,326.97,327.77,337.15,347.54,354.89,370.32,379.4,392.88,419.01,423.19,418.08
2589,326.97,327.76,337.15,347.53,354.9,370.32,379.4,392.88,419.01,423.03,417.99
2590,326.96,327.75,337.14,347.54,354.89,370.33,379.4,392.89,419.01,423.38,417.92
2591,326.96,327.75,337.15,347.54,354.9,370.34,379.41,392.89,419.0,423.64,417.88
2592,326.95,327.74,337.15,347.54,354.89,370.34,379.41,392.9,419.0,423.84,417.84
2593,326.96,327.74,337.14,347.55,354.9,370.35,379.42,392.91,419.01,424.07,417.82
2594,326.95,327.73,337.14,347.54,354.9,370.36,379.42,392.92,419.0,424.5,417.78
2595,326.94,327.73,337.14,347.55,354.89,370.36,379.43,392.93,419.01,424.96,417.75
2596,326.94,327.72,337.13,347.54,354.9,370.37,379.43,392.92,419.02,425.47,417.75
2597,326.94,327.73,337.14,347.56,354.91,370.37,379.44,392.94,419.02,425.58,417.77
2598,326.94,327.73,337.14,347.56,354.92,370.38,379.45,392.96,419.04,425.34,417.85
2599,326.93,327.72,337.13,347.56,354.92,370.39,379.45,392.96,419.04,425.19,417.93
2600,326.93,327.73,337.14,347.56,354.93,370.38,379.46,392.97,419.04,425.11,417.96
2601,326.93,327.73,337.13,347.56,354.93,370.4,379.47,392.98,419.06,425.21,417.99
2602,326.93,327.72,337.13,347.56,354.93,370.4,379.47,392.98,419.06,425.36,418.02
2603,326.92,327.72,337.13,347.56,354.93,370.4,379.48,392.99,419.07,425.37,418.04
2604,326.92,327.72,337.12,347.56,354.93,370.4,379.48,392.99,419.07,425.42,418.08
2605,326.91,327.71,337.12,347.56,354.94,370.41,379.5,393.01,419.08,425.52,418.13
2606,326.91,327.71,337.12,347.57,354.93,370.41,379.51,393.01,419.08,425.87,418.17
2607,326.9,327.71,337.12,347.56,354.94,370.41,379.52,393.02,419.09,426.0,418.21
2608,326.9,327.7,337.11,347.57,354.94,370.41,379.54,393.02,419.1,425.76,418.26
2609,326.89,327.69,337.1,347.57,354.94,370.42,379.55,393.03,419.09,425.51,418.31
2610,326.88,327.68,337.1,347.58,354.94,370.42,379.55,393.04,419.1,425.49,418.36
2611,326.88,327.68,337.09,347.58,354.95,370.43,379.55,393.04,419.11,425.61,418.42
2612,326.87,327.68,337.09,347.57,354.95,370.42,379.57,393.05,419.12,425.57,418.47
2613,326.85,327.67,337.09,347.57,354.95,370.43,379.58,393.04,419.13,425.62,418.51
2614,326.85,327.65,337.08,347.57,354.95,370.43,379.56,393.05,419.12,425.24,418.54
2615,326.84,327.65,337.07,347.57,354.94,370.43,379.56,393.05,419.12,424.83,418.59
2616,326.84,327.65,337.07,347.57,354.95,370.44,379.58,393.07,419.14,424.73,418.63
2617,326.84,327.64,337.08,347.57,354.97,370.44,379.6,393.07,419.15,424.64,418.67
2618,326.84,327.65,337.09,347.57,354.97,370.45,379.61,393.08,419.16,424.76,418.67
2619,326.82,327.65,337.08,347.57,354.96,370.45,379.61,393.07,419.16,424.87,418.68
2620,326.81,327.63,337.08,347.56,354.96,370.45,379.61,393.08,419.16,425.09,418.67
2621,326.8,327.63,337.07,347.55,354.96,370.46,379.6,393.09,419.16,425.4,418.68
2622,326.8,327.62,337.06,347.56,354.97,370.48,379.61,393.1,419.17,425.54,418.71
2623,326.8,327.62,337.07,347.56,354.97,370.48,379.61,393.11,419.17,425.53,418.75
2624,326.8,327.62,337.07,347.55,354.98,370.49,379.62,393.11,419.19,425.66,418.81
2625,326.79,327.61,337.06,347.55,354.97,370.49,379.62,393.12,419.2,426.02,418.88
2626,326.78,327.61,337.06,347.56,354.98,370.49,379.63,393.13,419.2,425.36,418.95
2627,326.78,327.61,337.06,347.55,354.98,370.51,379.63,393.13,419.22,424.8,418.96
2628,326.76,327.6,337.05,347.54,354.98,370.5,379.63,393.13,419.22,424.62,418.98
2629,326.76,327.6,337.05,347.54,354.97,370.51,379.64,393.14,419.23,424.08,418.99
2630,326.78,327.59,337.05,347.55,354.98,370.52,379.64,393.14,419.23,423.23,419.01
2631,326.76,327.6,337.05,347.54,354.99,370.52,379.65,393.14,419.25,422.77,419.03
2632,326.76,327.59,337.05,347.55,354.98,370.53,379.66,393.16,419.25,422.78,419.02
2633,326.75,327.59,337.05,347.55,354.98,370.54,379.65,393.15,419.25,423.1,419.01
2634,326.75,327.58,337.04,347.55,354.98,370.54,379.66,393.16,419.26,423.2,419.02
2635,326.73,327.56,337.03,347.55,354.97,370.55,379.65,393.17,419.25,423.32,419.05
2636,326.73,327.56,337.03,347.55,354.98,370.55,379.65,393.17,419.26,423.4,419.08
2637,326.73,327.56,337.02,347.54,354.98,370.55,379.66,393.17,419.25,423.36,419.12
2638,326.73,327.55,337.03,347.55,354.99,370.55,379.67,393.18,419.27,423.18,419.15
2639,326.72,327.55,337.03,347.56,354.98,370.57,379.68,393.2,419.26,423.02,419.15
2640,326.72,327.55,337.03,347.56,355.0,370.56,379.68,393.19,419.27,423.15,419.13
2641,326.73,327.55,337.03,347.56,355.0,370.56,379.68,393.2,419.27,423.05,419.1
2642,326.71,327.55,337.02,347.56,354.99,370.57,379.68,393.21,419.27,423.08,419.06
2643,326.72,327.55,337.03,347.56,355.0,370.59,379.69,393.22,419.28,423.6,419.02
2644,326.71,327.55,337.02,347.56,355.01,370.58,379.7,393.23,419.29,423.91,419.02
2645,326.7,327.54,337.01,347.56,355.01,370.58,379.71,393.24,419.28,424.07,419.03
2646,326.7,327.53,337.01,347.56,355.0,370.59,379.71,393.24,419.29,424.39,419.04
2647,326.69,327.53,337.01,347.56,355.0,370.59,379.72,393.25,419.3,424.54,419.06
2648,326.69,327.53,337.0,347.58,355.01,370.6,379.73,393.25,419.29,424.55,419.08
2649,326.69,327.52,337.0,347.58,355.02,370.6,379.73,393.26,419.29,424.64,419.08
2650,326.68,327.51,336.99,347.58,355.01,370.6,379.75,393.27,419.3,425.06,419.09
2651,326.67,327.51,336.98,347.58,355.0,370.61,379.75,393.27,419.29,425.3,419.08
2652,326.66,327.5,336.98,347.58,355.01,370.6,379.76,393.27,419.29,425.28,419.04
2653,326.67,327.49,336.99,347.58,355.02,370.61,379.78,393.29,419.3,425.09,418.96
2654,326.65,327.5,336.99,347.59,355.02,370.61,379.8,393.29,419.31,424.94,418.9
2655,326.64,327.49,336.98,347.58,355.02,370.61,379.8,393.3,419.3,424.84,418.82
2656,326.63,327.48,336.98,347.58,355.02,370.61,379.8,393.3,419.31,424.7,418.79
2657,326.62,327.49,336.98,347.58,355.03,370.62,379.81,393.31,419.3,424.68,418.76
2658,326.62,327.47,336.97,347.57,355.03,370.62,379.81,393.31,419.3,424.76,418.73
2659,326.61,327.46,336.97,347.57,355.03,370.62,379.81,393.32,419.31,424.8,418.7
2660,326.61,327.46,336.96,347.57,355.03,370.64,379.81,393.33,419.3,425.04,418.69
2661,326.6,327.46,336.97,347.57,355.03,370.64,379.81,393.32,419.32,425.71,418.67
2662,326.59,327.45,336.96,347.57,355.02,370.64,379.82,393.33,419.31,426.43,418.69
2663,326.58,327.45,336.96,347.57,355.02,370.65,379.82,393.34,419.31,426.68,418.7
2664,326.59,327.44,336.96,347.57,355.04,370.66,379.83,393.35,419.32,426.69,418.76
2665,326.58,327.43,336.95,347.56,355.04,370.66,379.83,393.35,419.33,426.39,418.83
2666,326.58,327.44,336.96,347.56,355.04,370.66,379.84,393.36,419.33,426.04,418.89
2667,326.57,327.44,336.94,347.57,355.04,370.67,379.83,393.37,419.34,425.73,418.95
2668,326.56,327.43,336.95,347.56,355.04,370.67,379.84,393.37,419.34,425.46,418.99
2669,326.56,327.42,336.94,347.57,355.04,370.68,379.84,393.38,419.35,425.11,419.03
2670,326.56,327.42,336.95,347.56,355.05,370.69,379.85,393.38,419.37,424.88,419.06
2671,326.55,327.42,336.95,347.56,355.06,370.69,379.86,393.39,419.38,424.98,419.07
2672,326.55,327.41,336.94,347.56,355.05,370.69,379.86,393.39,419.38,425.47,419.09
2673,326.55,327.4,336.94,347.56,355.05,370.7,379.87,393.4,419.39,425.73,419.13
2674,326.54,327.41,336.94,347.56,355.07,370.7,379.87,393.41,419.4,425.61,419.16
2675,326.54,327.4,336.94,347.56,355.06,370.71,379.86,393.41,419.4,425.58,419.18
2676,326.54,327.4,336.94,347.56,355.06,370.72,379.88,393.42,419.42,425.54,419.18
2677,326.54,327.4,336.94,347.56,355.07,370.72,379.87,393.43,419.43,425.61,419.17
2678,326.53,327.39,336.94,347.56,355.07,370.73,379.89,393.43,419.44,425.43,419.15
2679,326.53,327.39,336.93,347.56,355.06,370.74,379.89,393.44,419.44,425.31,419.09
2680,326.52,327.4,336.93,347.56,355.07,370.74,379.9,393.43,419.45,425.42,419.05
2681,326.53,327.39,336.93,347.57,355.07,370.75,379.89,393.43,419.45,425.4,419.02
2682,326.52,327.4,336.93,347.57,355.07,370.75,379.91,393.45,419.46,425.46,419.02
2683,326.51,327.4,336.93,347.57,355.07,370.74,379.91,393.45,419.46,425.62,419.03
2684,326.51,327.4,336.93,347.57,355.08,370.75,379.91,393.46,419.46,425.86,419.06
2685,326.49,327.39,336.92,347.57,355.07,370.76,379.9,393.47,419.47,425.98,419.06
2686,326.51,327.39,336.92,347.58,355.07,370.77,379.92,393.47,419.47,426.32,419.06
2687,326.5,327.39,336.91,347.58,355.07,370.77,379.92,393.47,419.48,426.64,419.03
2688,326.5,327.39,336.92,347.57,355.08,370.78,379.93,393.48,419.47,426.8,418.98
2689,326.49,327.39,336.91,347.57,355.09,370.77,379.94,393.49,419.48,427.0,418.96
2690,326.48,327.38,336.91,347.57,355.08,370.78,379.94,393.5,419.47,427.64,418.96
2691,326.49,327.39,336.9,347.57,355.08,370.79,379.94,393.5,419.48,428.35,419.02
2692,326.48,327.38,336.9,347.57,355.08,370.79,379.95,393.5,419.48,428.66,419.06
2693,326.47,327.39,336.9,347.57,355.08,370.79,379.97,393.52,419.48,428.83,419.11
2694,326.47,327.39,336.9,347.57,355.09,370.8,379.97,393.52,419.5,429.06,419.15
2695,326.46,327.37,336.88,347.57,355.08,370.8,379.97,393.53,419.48,429.03,419.18
2696,326.45,327.36,336.87,347.57,355.08,370.8,379.96,393.53,419.49,428.71,419.21
2697,326.45,327.36,336.87,347.57,355.09,370.8,379.98,393.54,419.5,428.32,419.22
2698,326.44,327.37,336.87,347.58,355.09,370.8,380.0,393.54,419.51,427.79,419.21
2699,326.44,327.35,336.87,347.58,355.09,370.8,380.0,393.55,419.51,427.63,419.2
2700,326.43,327.35,336.86,347.58,355.1,370.81,380.01,393.55,419.51,427.86,419.18
2701,326.44,327.34,336.86,347.57,355.09,370.81,380.01,393.55,419.51,427.76,419.17
2702,326.44,327.35,336.86,347.58,355.1,370.8,380.03,393.56,419.52,427.36,419.16
2703,326.43,327.35,336.87,347.57,355.11,370.82,380.04,393.57,419.53,427.05,419.17
2704,326.43,327.35,336.86,347.58,355.11,370.81,380.05,393.57,419.54,426.94,419.19
2705,326.43,327.34,336.86,347.58,355.11,370.82,380.05,393.58,419.54,427.07,419.23
2706,326.42,327.34,336.86,347.59,355.11,370.83,380.06,393.59,419.54,427.42,419.22
2707,326.41,327.33,336.86,347.58,355.11,370.83,380.07,393.59,419.55,427.69,419.19
2708,326.41,327.32,336.86,347.58,355.12,370.83,380.07,393.59,419.56,427.67,419.17
2709,326.4,327.33,336.86,347.58,355.12,370.84,380.08,393.6,419.56,427.55,419.14
2710,326.39,327.33,336.86,347.58,355.13,370.84,380.09,393.6,419.57,427.72,419.1
2711,326.39,327.32,336.85,347.58,355.12,370.85,380.1,393.61,419.56,427.94,419.08
2712,326.39,327.32,336.85,347.58,355.13,370.85,380.1,393.62,419.57,427.99,419.07
2713,326.39,327.31,336.85,347.57,355.13,370.86,380.11,393.62,419.57,427.81,419.06
2714,326.38,327.31,336.85,347.58,355.13,370.86,380.12,393.63,419.57,427.6,419.04
2715,326.38,327.32,336.85,347.58,355.14,370.87,380.12,393.64,419.58,427.61,419.03
2716,326.37,327.31,336.85,347.58,355.14,370.87,380.14,393.63,419.59,427.93,419.05
2717,326.37,327.31,336.84,347.57,355.14,370.86,380.14,393.63,419.59,428.35,419.1
2718,326.36,327.3,336.83,347.56,355.13,370.87,380.13,393.64,419.59,428.28,419.18
2719,326.35,327.29,336.83,347.56,355.13,370.86,380.13,393.64,419.6,428.01,419.22
2720,326.34,327.29,336.82,347.56,355.13,370.87,380.14,393.65,419.6,427.73,419.25
2721,326.34,327.28,336.82,347.57,355.13,370.87,380.13,393.65,419.61,427.4,419.23
2722,326.34,327.28,336.81,347.57,355.14,370.88,380.14,393.66,419.61,426.95,419.19
2723,326.33,327.29,336.81,347.57,355.14,370.88,380.13,393.67,419.61,426.37,419.17
2724,326.32,327.27,336.81,347.58,355.14,370.89,380.16,393.67,419.61,426.12,419.14
2725,326.32,327.27,336.81,347.57,355.15,370.88,380.17,393.67,419.62,426.19,419.14
2726,326.31,327.27,336.81,347.57,355.15,370.89,380.17,393.67,419.62,426.47,419.16
2727,326.3,327.27,336.8,347.57,355.14,370.9,380.17,393.68,419.61,426.54,419.16
2728,326.3,327.27,336.8,347.57,355.14,370.9,380.17,393.69,419.62,426.87,419.18
2729,326.28,327.26,336.78,347.57,355.14,370.9,380.17,393.69,419.61,427.57,419.16
2730,326.28,327.25,336.79,347.57,355.14,370.91,380.17,393.7,419.63,428.3,419.16
2731,326.27,327.25,336.79,347.56,355.14,370.92,380.18,393.7,419.64,428.4,419.14
2732,326.27,327.26,336.78,347.56,355.15,370.91,380.19,393.7,419.64,428.28,419.13
2733,326.26,327.25,336.78,347.56,355.14,370.93,380.19,393.71,419.64,428.02,419.09
2734,326.26,327.24,336.77,347.56,355.14,370.93,380.19,393.72,419.64,427.45,419.05
2735,326.25,327.25,336.77,347.56,355.15,370.93,380.2,393.72,419.64,427.2,419.05
2736,326.25,327.25,336.77,347.56,355.15,370.94,380.2,393.72,419.65,427.51,419.06
2737,326.25,327.24,336.76,347.56,355.15,370.93,380.2,393.73,419.64,427.84,419.05
2738,326.25,327.24,336.77,347.57,355.15,370.94,380.22,393.73,419.66,428.04,419.05
2739,326.24,327.24,336.77,347.56,355.15,370.94,380.23,393.73,419.66,427.91,419.04
2740,326.24,327.24,336.76,347.56,355.16,370.95,380.23,393.74,419.65,427.73,419.04
2741,326.24,327.23,336.76,347.56,355.15,370.94,380.23,393.75,419.66,427.73,419.02
2742,326.23,327.23,336.76,347.55,355.16,370.95,380.24,393.75,419.65,427.46,419.01
2743,326.23,327.23,336.76,347.56,355.16,370.96,380.24,393.77,419.66,427.26,419.02
2744,326.23,327.23,336.76,347.56,355.17,370.96,380.25,393.75,419.65,427.1,419.05
2745,326.23,327.22,336.75,347.56,355.16,370.96,380.26,393.77,419.65,427.02,419.06
2746,326.22,327.21,336.74,347.55,355.16,370.97,380.26,393.78,419.64,427.3,419.04
2747,326.21,327.21,336.74,347.55,355.16,370.97,380.26,393.78,419.65,427.6,419.03
2748,326.21,327.2,336.73,347.56,355.15,370.97,380.25,393.78,419.65,427.61,419.02
2749,326.21,327.2,336.73,347.55,355.16,370.98,380.26,393.78,419.65,427.8,419.01
2750,326.2,327.19,336.73,347.56,355.16,370.98,380.26,393.79,419.65,427.92,419.01
2751,326.21,327.2,336.74,347.55,355.16,370.98,380.27,393.79,419.66,428.0,419.03
2752,326.2,327.19,336.73,347.55,355.16,370.98,380.27,393.81,419.66,427.9,419.05
2753,326.2,327.2,336.73,347.55,355.17,370.99,380.29,393.8,419.67,427.75,419.06
2754,326.2,327.19,336.73,347.55,355.17,370.99,380.29,393.81,419.68,427.35,419.06
2755,326.19,327.18,336.72,347.56,355.18,371.0,380.29,393.82,419.68,427.2,419.04
2756,326.18,327.17,336.72,347.55,355.16,371.0,380.3,393.83,419.67,427.26,419.01
2757,326.17,327.16,336.7,347.55,355.16,371.0,380.29,393.83,419.67,427.3,419.0
2758,326.17,327.16,336.71,347.55,355.16,371.0,380.3,393.84,419.68,427.17,419.0
2759,326.16,327.17,336.72,347.55,355.17,371.01,380.31,393.84,419.68,427.12,419.0
2760,326.15,327.15,336.71,347.55,355.17,371.02,380.32,393.85,419.68,427.12,418.98
2761,326.13,327.13,336.69,347.55,355.16,371.02,380.32,393.86,419.67,426.12,418.95
2762,326.13,327.14,336.69,347.54,355.17,371.03,380.32,393.86,419.69,425.04,418.93
2763,326.13,327.13,336.7,347.54,355.17,371.03,380.33,393.86,419.69,424.72,418.91
2764,326.12,327.13,336.69,347.54,355.16,371.03,380.33,393.87,419.69,424.59,418.88
2765,326.11,327.12,336.68,347.53,355.17,371.03,380.33,393.88,419.69,424.52,418.88
2766,326.1,327.11,336.68,347.53,355.16,371.03,380.33,393.88,419.69,424.67,418.84
2767,326.11,327.13,336.69,347.52,355.17,371.03,380.34,393.88,419.72,424.57,418.82
2768,326.11,327.12,336.69,347.52,355.17,371.04,380.34,393.88,419.73,424.27,418.8
2769,326.1,327.11,336.68,347.52,355.17,371.03,380.34,393.89,419.74,423.77,418.75
2770,326.09,327.1,336.66,347.52,355.17,371.05,380.34,393.89,419.74,423.07,418.68
2771,326.09,327.1,336.67,347.53,355.17,371.05,380.36,393.9,419.75,423.25,418.65
2772,326.09,327.11,336.67,347.53,355.18,371.05,380.37,393.9,419.76,423.3,418.62
2773,326.08,327.1,336.67,347.52,355.18,371.05,380.37,393.91,419.77,423.2,418.61
2774,326.09,327.1,336.67,347.52,355.2,371.04,380.38,393.91,419.78,423.29,418.61
2775,326.09,327.1,336.66,347.51,355.19,371.05,380.39,393.91,419.79,423.32,418.63
2776,326.07,327.09,336.66,347.52,355.19,371.05,380.38,393.92,419.78,423.58,418.66
2777,326.06,327.08,336.65,347.52,355.18,371.05,380.38,393.92,419.78,423.82,418.69
2778,326.07,327.07,336.66,347.53,355.18,371.06,380.4,393.93,419.78,424.14,418.79
2779,326.06,327.07,336.65,347.53,355.18,371.07,380.4,393.93,419.78,424.14,418.86
2780,326.06,327.07,336.65,347.54,355.19,371.08,380.41,393.93,419.79,423.87,418.88
2781,326.05,327.05,336.65,347.54,355.19,371.08,380.4,393.95,419.78,423.59,418.89
2782,326.04,327.05,336.65,347.53,355.19,371.08,380.41,393.95,419.79,423.22,418.89
2783,326.05,327.04,336.64,347.54,355.19,371.08,380.41,393.95,419.78,423.25,418.89
2784,326.04,327.04,336.63,347.53,355.19,371.09,380.42,393.96,419.79,423.38,418.88
2785,326.03,327.04,336.63,347.54,355.18,371.09,380.42,393.97,419.78,423.35,418.85
2786,326.03,327.04,336.63,347.54,355.19,371.09,380.43,393.98,419.78,423.14,418.81
2787,326.03,327.02,336.63,347.54,355.19,371.1,380.43,393.98,419.78,423.17,418.75
2788,326.03,327.02,336.63,347.53,355.19,371.09,380.44,393.98,419.78,423.19,418.71
2789,326.02,327.02,336.62,347.53,355.19,371.1,380.44,393.99,419.79,423.2,418.71
2790,326.02,327.02,336.62,347.53,355.2,371.1,380.45,393.99,419.79,423.14,418.71
2791,326.02,327.02,336.62,347.53,355.2,371.1,380.45,394.0,419.79,423.27,418.68
2792,326.01,327.01,336.62,347.53,355.2,371.11,380.45,394.0,419.78,423.65,418.64
2793,326.0,327.01,336.62,347.53,355.2,371.12,380.46,394.02,419.78,424.44,418.62
2794,326.0,327.0,336.61,347.53,355.2,371.12,380.46,394.03,419.78,425.04,418.62
2795,326.0,326.99,336.62,347.55,355.19,371.12,380.46,394.03,419.78,425.14,418.64
2796,325.99,326.99,336.61,347.54,355.19,371.13,380.46,394.04,419.78,425.12,418.64
2797,325.99,326.98,336.6,347.54,355.2,371.14,380.47,394.05,419.78,424.92,418.63
2798,325.98,326.98,336.61,347.54,355.21,371.14,380.48,394.05,419.78,425.07,418.62
2799,325.98,326.97,336.6,347.54,355.2,371.14,380.48,394.05,419.78,424.83,418.62
2800,325.97,326.98,336.6,347.53,355.22,371.14,380.48,394.04,419.79,424.58,418.64
2801,325.97,326.97,336.61,347.53,355.21,371.15,380.48,394.07,419.79,424.37,418.63
2802,325.97,326.97,336.6,347.53,355.22,371.15,380.49,394.07,419.78,424.31,418.63
2803,325.95,326.96,336.59,347.54,355.21,371.15,380.49,394.07,419.78,424.28,418.61
2804,325.96,326.95,336.59,347.53,355.21,371.16,380.5,394.08,419.79,424.27,418.57
2805,325.95,326.95,336.59,347.54,355.22,371.17,380.51,394.08,419.8,424.3,418.47
2806,325.94,326.95,336.59,347.54,355.23,371.17,380.52,394.1,419.8,424.39,418.36
2807,325.93,326.94,336.59,347.53,355.22,371.17,380.53,394.1,419.8,424.43,418.28
2808,325.92,326.94,336.58,347.54,355.22,371.18,380.52,394.11,419.8,424.6,418.23
2809,325.93,326.93,336.58,347.54,355.22,371.19,380.52,394.11,419.79,424.58,418.24
2810,325.93,326.93,336.58,347.55,355.22,371.19,380.53,394.12,419.8,424.54,418.25
2811,325.92,326.94,336.58,347.55,355.23,371.19,380.54,394.11,419.81,424.97,418.28
2812,325.92,326.93,336.58,347.55,355.23,371.2,380.55,394.12,419.82,425.19,418.32
2813,325.91,326.93,336.57,347.54,355.23,371.2,380.54,394.13,419.81,425.08,418.34
2814,325.9,326.91,336.57,347.53,355.23,371.2,380.54,394.14,419.82,425.07,418.31
2815,325.89,326.9,336.56,347.54,355.23,371.2,380.56,394.13,419.83,425.29,418.28
2816,325.9,326.9,336.57,347.54,355.24,371.2,380.57,394.13,419.83,425.27,418.28
2817,325.89,326.91,336.56,347.53,355.24,371.21,380.57,394.14,419.83,424.83,418.29
2818,325.89,326.9,336.56,347.54,355.24,371.21,380.57,394.15,419.83,424.77,418.31
2819,325.88,326.9,336.56,347.54,355.25,371.21,380.59,394.15,419.84,424.96,418.33
2820,325.88,326.89,336.55,347.54,355.25,371.21,380.59,394.16,419.83,425.2,418.36
2821,325.87,326.88,336.55,347.54,355.25,371.22,380.59,394.17,419.83,424.94,418.39
2822,325.87,326.87,336.55,347.54,355.24,371.23,380.59,394.18,419.84,424.76,418.45
2823,325.87,326.87,336.55,347.53,355.25,371.23,380.61,394.18,419.85,424.79,418.49
2824,325.85,326.87,336.56,347.54,355.26,371.23,380.61,394.18,419.86,425.01,418.5
2825,325.85,326.85,336.54,347.54,355.26,371.23,380.62,394.19,419.86,425.43,418.52
2826,325.85,326.85,336.55,347.53,355.26,371.24,380.62,394.19,419.87,425.94,418.55
2827,325.84,326.85,336.54,347.54,355.26,371.24,380.63,394.21,419.87,426.24,418.6
2828,325.84,326.84,336.54,347.53,355.27,371.25,380.63,394.21,419.88,426.29,418.67
2829,325.84,326.84,336.53,347.54,355.27,371.25,380.63,394.2,419.89,426.1,418.73
2830,325.84,326.83,336.54,347.55,355.27,371.26,380.64,394.22,419.89,425.88,418.76
2831,325.84,326.84,336.54,347.55,355.27,371.26,380.64,394.22,419.9,425.92,418.81
2832,325.82,326.83,336.53,347.54,355.27,371.27,380.65,394.22,419.91,426.08,418.89
2833,325.82,326.82,336.53,347.55,355.28,371.27,380.66,394.23,419.93,426.33,418.98
2834,325.82,326.82,336.53,347.54,355.27,371.28,380.67,394.24,419.93,426.67,419.02
2835,325.8,326.81,336.53,347.55,355.28,371.29,380.66,394.25,419.93,426.7,419.02
2836,325.8,326.81,336.52,347.55,355.26,371.28,380.66,394.25,419.94,426.71,419.02
2837,325.79,326.8,336.52,347.55,355.28,371.29,380.67,394.25,419.94,426.8,419.03
2838,325.79,326.8,336.51,347.54,355.28,371.3,380.68,394.25,419.95,426.91,419.03
2839,325.78,326.79,336.51,347.54,355.28,371.29,380.68,394.25,419.95,426.96,419.05
2840,325.77,326.79,336.52,347.54,355.28,371.29,380.68,394.25,419.95,426.75,419.08
2841,325.77,326.79,336.51,347.54,355.28,371.3,380.69,394.27,419.96,426.83,419.15
2842,325.76,326.78,336.5,347.53,355.29,371.3,380.69,394.28,419.96,427.0,419.21
2843,325.76,326.78,336.51,347.53,355.29,371.3,380.71,394.28,419.98,427.18,419.25
2844,325.76,326.78,336.5,347.54,355.29,371.31,380.7,394.29,419.97,427.33,419.28
2845,325.75,326.78,336.5,347.54,355.3,371.32,380.71,394.29,419.98,427.66,419.33
2846,325.75,326.77,336.5,347.53,355.3,371.32,380.71,394.29,419.98,427.77,419.39
2847,325.74,326.77,336.49,347.53,355.3,371.32,380.72,394.29,419.99,427.48,419.47
2848,325.73,326.77,336.5,347.53,355.29,371.31,380.72,394.29,419.99,427.4,419.54
2849,325.74,326.77,336.49,347.53,355.29,371.32,380.72,394.3,419.99,427.55,419.56
2850,325.73,326.76,336.49,347.54,355.3,371.33,380.73,394.31,420.01,427.47,419.6
2851,325.73,326.76,336.49,347.52,355.31,371.32,380.74,394.31,420.03,427.25,419.63
2852,325.72,326.76,336.49,347.53,355.31,371.33,380.75,394.32,420.03,427.1,419.63
2853,325.71,326.76,336.48,347.53,355.31,371.34,380.75,394.32,420.03,426.82,419.64
2854,325.71,326.74,336.48,347.53,355.31,371.34,380.75,394.33,420.03,426.71,419.65
2855,325.72,326.75,336.48,347.53,355.31,371.35,380.77,394.33,420.05,427.0,419.69
2856,325.71,326.75,336.48,347.52,355.31,371.35,380.76,394.33,420.05,427.27,419.69
2857,325.7,326.75,336.48,347.52,355.33,371.35,380.78,394.34,420.06,427.37,419.73
2858,325.69,326.74,336.48,347.53,355.33,371.35,380.76,394.35,420.05,427.28,419.75
2859,325.69,326.73,336.48,347.53,355.33,371.36,380.78,394.36,420.07,427.28,419.83
2860,325.69,326.74,336.48,347.53,355.33,371.36,380.8,394.36,420.09,427.36,419.92
2861,325.69,326.73,336.48,347.53,355.35,371.37,380.79,394.37,420.09,427.29,419.97
2862,325.68,326.72,336.47,347.53,355.34,371.37,380.81,394.37,420.09,427.04,420.05
2863,325.68,326.71,336.47,347.52,355.34,371.38,380.8,394.37,420.09,426.7,420.1
2864,325.68,326.72,336.47,347.53,355.35,371.39,380.8,394.39,420.1,426.25,420.15
2865,325.67,326.72,336.47,347.53,355.35,371.39,380.81,394.39,420.11,425.71,420.15
2866,325.66,326.71,336.47,347.53,355.35,371.4,380.81,394.4,420.11,425.7,420.14
2867,325.66,326.7,336.46,347.53,355.35,371.4,380.81,394.41,420.11,425.77,420.13
2868,325.66,326.7,336.46,347.53,355.36,371.41,380.83,394.41,420.12,425.62,420.1
2869,325.65,326.71,336.46,347.53,355.36,371.42,380.83,394.41,420.12,425.52,420.08
2870,325.65,326.7,336.46,347.53,355.36,371.42,380.83,394.42,420.12,425.81,420.07
2871,325.65,326.69,336.45,347.52,355.36,371.42,380.84,394.42,420.12,425.96,420.08
2872,325.64,326.69,336.46,347.52,355.36,371.42,380.83,394.43,420.13,426.0,420.08
2873,325.63,326.69,336.46,347.54,355.37,371.43,380.84,394.43,420.13,426.46,420.11
2874,325.63,326.69,336.46,347.53,355.38,371.44,380.86,394.44,420.14,426.97,420.13
2875,325.63,326.68,336.45,347.54,355.38,371.44,380.86,394.44,420.14,426.99,420.15
2876,325.63,326.68,336.46,347.53,355.38,371.43,380.86,394.45,420.14,426.55,420.15
2877,325.62,326.68,336.45,347.53,355.37,371.44,380.87,394.45,420.15,426.16,420.12
2878,325.62,326.68,336.45,347.53,355.38,371.44,380.88,394.46,420.15,426.4,420.1
2879,325.61,326.67,336.45,347.54,355.38,371.45,380.88,394.46,420.16,426.66,420.11
2880,325.61,326.67,336.46,347.52,355.38,371.45,380.89,394.47,420.16,426.84,420.13
2881,325.61,326.67,336.45,347.53,355.39,371.46,380.9,394.47,420.15,427.14,420.15
2882,325.6,326.67,336.45,347.53,355.39,371.46,380.9,394.47,420.16,426.98,420.17
2883,325.61,326.67,336.46,347.53,355.4,371.47,380.91,394.48,420.17,426.22,420.21
2884,325.6,326.67,336.45,347.54,355.4,371.47,380.92,394.48,420.16,425.71,420.23
2885,325.61,326.67,336.46,347.54,355.4,371.47,380.92,394.49,420.17,425.43,420.24
2886,325.6,326.68,336.45,347.55,355.4,371.48,380.94,394.5,420.17,425.28,420.22
2887,325.59,326.66,336.44,347.54,355.41,371.47,380.94,394.5,420.17,425.31,420.22
2888,325.58,326.66,336.44,347.55,355.4,371.48,380.94,394.51,420.16,425.42,420.22
2889,325.59,326.67,336.44,347.55,355.41,371.48,380.96,394.52,420.17,425.64,420.24
2890,325.58,326.66,336.44,347.55,355.42,371.5,380.96,394.53,420.18,425.49,420.25
2891,325.58,326.65,336.44,347.56,355.41,371.51,380.96,394.54,420.17,425.4,420.25
2892,325.59,326.66,336.44,347.56,355.41,371.51,380.96,394.54,420.17,425.07,420.25
2893,325.58,326.64,336.43,347.55,355.42,371.52,380.97,394.55,420.18,424.61,420.25
2894,325.57,326.66,336.44,347.55,355.42,371.51,380.97,394.54,420.18,424.78,420.23
2895,325.56,326.65,336.43,347.56,355.41,371.52,380.97,394.55,420.19,424.83,420.18
2896,325.56,326.64,336.42,347.55,355.41,371.53,380.97,394.55,420.18,424.9,420.15
2897,325.56,326.64,336.42,347.57,355.42,371.54,380.98,394.56,420.19,424.8,420.13
2898,325.56,326.64,336.42,347.58,355.42,371.54,380.98,394.56,420.21,424.98,420.11
2899,325.54,326.65,336.42,347.58,355.42,371.55,380.99,394.57,420.2,425.41,420.09
2900,325.54,326.64,336.41,347.58,355.42,371.55,380.98,394.57,420.21,425.81,420.1
2901,325.54,326.64,336.41,347.57,355.42,371.55,380.98,394.58,420.21,425.85,420.15
2902,325.53,326.63,336.4,347.58,355.41,371.55,380.99,394.58,420.2,425.86,420.18
2903,325.52,326.62,336.39,347.58,355.41,371.56,380.98,394.58,420.21,426.61,420.21
2904,325.51,326.62,336.4,347.58,355.42,371.56,380.99,394.59,420.22,426.84,420.19
2905,325.52,326.63,336.39,347.57,355.42,371.56,381.01,394.59,420.23,426.68,420.15
2906,325.51,326.64,336.4,347.57,355.42,371.56,381.01,394.59,420.24,426.93,420.1
2907,325.51,326.63,336.39,347.57,355.42,371.56,381.01,394.61,420.23,427.13,420.06
2908,325.51,326.64,336.4,347.57,355.43,371.57,381.02,394.61,420.24,427.28,420.02
2909,325.5,326.62,336.4,347.57,355.43,371.57,381.02,394.61,420.25,427.51,419.98
2910,325.51,326.64,336.4,347.58,355.43,371.58,381.03,394.63,420.25,428.12,419.95
2911,325.5,326.63,336.39,347.56,355.44,371.58,381.03,394.63,420.24,428.41,419.92
2912,325.5,326.63,336.39,347.57,355.43,371.58,381.03,394.64,420.24,428.42,419.89
2913,325.48,326.62,336.39,347.57,355.43,371.59,381.04,394.64,420.24,428.44,419.84
2914,325.48,326.61,336.38,347.57,355.43,371.6,381.04,394.64,420.24,428.51,419.79
2915,325.47,326.61,336.37,347.57,355.44,371.6,381.04,394.65,420.24,428.68,419.75
2916,325.48,326.6,336.37,347.56,355.43,371.6,381.05,394.65,420.24,428.71,419.72
2917,325.48,326.6,336.37,347.56,355.44,371.6,381.05,394.66,420.24,428.79,419.72
2918,325.47,326.6,336.37,347.56,355.45,371.6,381.05,394.65,420.25,428.39,419.71
2919,325.47,326.59,336.37,347.56,355.45,371.61,381.06,394.66,420.25,428.1,419.73
2920,325.46,326.6,336.38,347.56,355.45,371.6,381.06,394.67,420.25,427.79,419.73
2921,325.47,326.59,336.37,347.57,355.44,371.61,381.06,394.68,420.25,427.03,419.72
2922,325.45,326.6,336.37,347.57,355.46,371.61,381.07,394.68,420.26,426.45,419.67
2923,325.45,326.58,336.38,347.57,355.46,371.62,381.07,394.68,420.26,426.31,419.64
2924,325.45,326.59,336.38,347.56,355.47,371.61,381.08,394.69,420.26,426.37,419.64
2925,325.44,326.58,336.36,347.56,355.46,371.62,381.07,394.7,420.26,426.51,419.6
2926,325.44,326.57,336.36,347.56,355.46,371.63,381.07,394.71,420.25,426.5,419.59
2927,325.44,326.57,336.36,347.56,355.46,371.63,381.08,394.7,420.25,426.37,419.54
2928,325.44,326.57,336.37,347.55,355.47,371.63,381.09,394.71,420.26,426.54,419.48
2929,325.44,326.57,336.36,347.56,355.47,371.64,381.1,394.72,420.26,427.17,419.44
2930,325.42,326.57,336.37,347.57,355.48,371.65,381.1,394.73,420.25,427.49,419.43
2931,325.42,326.56,336.35,347.57,355.47,371.65,381.11,394.73,420.26,427.46,419.47
2932,325.41,326.56,336.35,347.56,355.47,371.66,381.11,394.74,420.25,427.47,419.53
2933,325.4,326.54,336.34,347.57,355.47,371.65,381.11,394.74,420.26,427.74,419.58
2934,325.41,326.54,336.34,347.57,355.48,371.66,381.13,394.74,420.26,428.18,419.61
2935,325.4,326.54,336.34,347.56,355.47,371.65,381.14,394.74,420.27,428.1,419.63
2936,325.4,326.53,336.34,347.57,355.48,371.66,381.13,394.75,420.27,428.07,419.63
2937,325.4,326.53,336.34,347.57,355.49,371.67,381.14,394.76,420.27,428.15,419.63
2938,325.38,326.52,336.34,347.57,355.48,371.67,381.15,394.77,420.27,428.18,419.61
2939,325.38,326.52,336.33,347.58,355.49,371.68,381.15,394.77,420.28,428.13,419.6
2940,325.37,326.52,336.34,347.57,355.49,371.68,381.16,394.78,420.28,428.25,419.58
2941,325.37,326.51,336.33,347.58,355.48,371.68,381.18,394.78,420.29,428.57,419.58
2942,325.36,326.52,336.33,347.57,355.48,371.69,381.19,394.79,420.3,428.7,419.6
2943,325.36,326.52,336.34,347.57,355.49,371.7,381.19,394.79,420.31,428.51,419.65
2944,325.35,326.5,336.32,347.56,355.49,371.69,381.19,394.8,420.3,428.28,419.7
2945,325.34,326.5,336.32,347.57,355.5,371.7,381.19,394.8,420.33,427.64,419.75
2946,325.34,326.5,336.32,347.56,355.5,371.7,381.19,394.8,420.32,427.22,419.78
2947,325.34,326.5,336.32,347.56,355.5,371.71,381.2,394.81,420.33,427.08,419.81
2948,325.33,326.5,336.33,347.56,355.51,371.71,381.21,394.81,420.33,427.16,419.83
2949,325.33,326.49,336.32,347.56,355.51,371.72,381.21,394.82,420.34,427.28,419.88
2950,325.32,326.49,336.32,347.55,355.51,371.73,381.22,394.83,420.35,427.17,419.95
2951,325.3,326.48,336.31,347.55,355.51,371.73,381.22,394.83,420.34,426.51,420.0
2952,325.31,326.47,336.3,347.56,355.51,371.73,381.23,394.83,420.35,425.88,420.05
2953,325.31,326.48,336.31,347.56,355.52,371.74,381.23,394.84,420.36,425.32,420.09
2954,325.31,326.48,336.31,347.57,355.52,371.74,381.24,394.85,420.36,425.27,420.14
2955,325.3,326.48,336.31,347.58,355.52,371.75,381.24,394.85,420.37,425.08,420.16
2956,325.3,326.48,336.31,347.57,355.52,371.74,381.25,394.85,420.37,424.93,420.19
2957,325.3,326.46,336.3,347.58,355.52,371.74,381.25,394.86,420.37,425.16,420.22
2958,325.3,326.47,336.29,347.58,355.52,371.75,381.25,394.86,420.37,425.4,420.28
2959,325.31,326.47,336.31,347.59,355.53,371.76,381.27,394.88,420.39,425.29,420.34
2960,325.3,326.46,336.31,347.58,355.53,371.76,381.27,394.88,420.4,425.14,420.37
2961,325.3,326.46,336.31,347.59,355.54,371.76,381.26,394.89,420.4,425.1,420.38
2962,325.3,326.47,336.31,347.59,355.54,371.78,381.26,394.89,420.41,425.28,420.38
2963,325.3,326.45,336.3,347.58,355.54,371.78,381.26,394.89,420.41,425.44,420.36
2964,325.29,326.46,336.31,347.57,355.55,371.78,381.26,394.9,420.41,425.66,420.37
2965,325.29,326.45,336.3,347.57,355.55,371.79,381.25,394.9,420.41,425.55,420.37
2966,325.27,326.46,336.3,347.58,355.55,371.8,381.26,394.91,420.42,425.18,420.36
2967,325.27,326.45,336.3,347.57,355.55,371.81,381.25,394.92,420.42,424.97,420.34
2968,325.27,326.44,336.31,347.59,355.54,371.81,381.26,394.92,420.43,424.86,420.34
2969,325.26,326.44,336.31,347.58,355.55,371.81,381.26,394.92,420.43,424.72,420.33
2970,325.25,326.43,336.3,347.57,355.55,371.81,381.26,394.93,420.42,424.64,420.28
2971,325.25,326.43,336.29,347.57,355.55,371.81,381.27,394.92,420.43,424.73,420.27
2972,325.25,326.43,336.3,347.56,355.56,371.82,381.29,394.93,420.44,424.75,420.29
2973,325.25,326.42,336.3,347.56,355.56,371.82,381.29,394.93,420.44,424.18,420.31
2974,325.24,326.43,336.3,347.56,355.57,371.83,381.3,394.94,420.45,423.32,420.3
2975,325.24,326.43,336.3,347.57,355.57,371.83,381.31,394.94,420.45,422.82,420.28
2976,325.22,326.42,336.29,347.57,355.56,371.83,381.3,394.95,420.45,422.3,420.21
2977,325.21,326.41,336.27,347.57,355.56,371.85,381.3,394.95,420.45,422.08,420.16
2978,325.22,326.41,336.27,347.58,355.56,371.84,381.31,394.96,420.46,422.25,420.13
2979,325.21,326.41,336.27,347.56,355.56,371.85,381.31,394.95,420.46,422.35,420.13
2980,325.21,326.41,336.27,347.57,355.56,371.86,381.33,394.96,420.46,422.61,420.12
2981,325.21,326.41,336.26,347.56,355.56,371.85,381.32,394.96,420.46,423.03,420.1
2982,325.2,326.41,336.27,347.56,355.56,371.86,381.34,394.98,420.46,422.87,420.08
2983,325.2,326.4,336.26,347.56,355.58,371.85,381.33,394.98,420.47,422.56,420.08
2984,325.19,326.41,336.27,347.56,355.58,371.86,381.35,394.98,420.47,422.36,420.1
2985,325.18,326.39,336.25,347.57,355.58,371.87,381.35,394.99,420.48,422.4,420.12
2986,325.18,326.4,336.27,347.56,355.59,371.87,381.37,395.0,420.49,422.88,420.11
2987,325.17,326.41,336.26,347.56,355.59,371.88,381.36,395.0,420.49,422.96,420.09
2988,325.17,326.39,336.26,347.56,355.59,371.87,381.37,395.01,420.49,422.95,420.01
2989,325.17,326.39,336.26,347.56,355.59,371.88,381.39,395.01,420.48,423.12,419.92
2990,325.16,326.39,336.26,347.56,355.59,371.88,381.39,395.02,420.48,422.66,419.83
2991,325.16,326.39,336.25,347.56,355.59,371.89,381.4,395.02,420.49,422.18,419.78
2992,325.16,326.38,336.25,347.57,355.59,371.88,381.41,395.02,420.49,421.78,419.73
2993,325.15,326.38,336.24,347.58,355.59,371.88,381.41,395.03,420.48,421.46,419.67
2994,325.15,326.38,336.24,347.58,355.59,371.88,381.42,395.04,420.48,421.79,419.63
2995,325.15,326.37,336.24,347.59,355.59,371.89,381.43,395.04,420.49,422.24,419.64
2996,325.15,326.37,336.23,347.58,355.59,371.88,381.42,395.04,420.49,422.57,419.66
2997,325.14,326.36,336.23,347.59,355.59,371.89,381.42,395.05,420.49,422.95,419.68
2998,325.14,326.37,336.22,347.59,355.59,371.89,381.43,395.06,420.49,423.3,419.72
2999,325.13,326.36,336.23,347.59,355.6,371.9,381.43,395.06,420.5,423.35,419.73
3000,325.13,326.35,336.22,347.59,355.59,371.89,381.42,395.06,420.49,423.36,419.71
3001,325.13,326.35,336.22,347.59,355.6,371.91,381.43,395.07,420.5,423.18,419.68
3002,325.13,326.36,336.22,347.59,355.6,371.92,381.43,395.08,420.5,422.96,419.61
3003,325.11,326.34,336.21,347.59,355.6,371.93,381.43,395.09,420.5,422.76,419.53
3004,325.12,326.34,336.21,347.59,355.6,371.93,381.43,395.09,420.49,422.81,419.51
3005,325.12,326.35,336.21,347.6,355.61,371.94,381.44,395.09,420.49,422.55,419.49
3006,325.11,326.35,336.22,347.59,355.61,371.94,381.44,395.1,420.49,422.28,419.47
3007,325.12,326.34,336.21,347.58,355.61,371.95,381.44,395.1,420.49,422.35,419.47
3008,325.11,326.35,336.22,347.59,355.62,371.95,381.44,395.1,420.49,422.37,419.45
3009,325.1,326.33,336.21,347.59,355.61,371.95,381.44,395.11,420.48,422.41,419.42
3010,325.09,326.33,336.21,347.58,355.61,371.95,381.44,395.11,420.47,423.25,419.36
3011,325.09,326.33,336.21,347.58,355.61,371.96,381.45,395.11,420.47,423.66,419.3
3012,325.08,326.33,336.21,347.59,355.62,371.96,381.45,395.12,420.47,423.91,419.21
3013,325.08,326.32,336.21,347.59,355.62,371.97,381.45,395.12,420.45,424.26,419.13
3014,325.08,326.33,336.21,347.58,355.61,371.97,381.46,395.12,420.46,424.78,419.1
3015,325.07,326.33,336.2,347.59,355.62,371.98,381.46,395.14,420.45,424.88,419.05
3016,325.07,326.33,336.2,347.59,355.62,371.99,381.46,395.15,420.44,425.01,419.01
3017,325.07,326.32,336.2,347.59,355.62,371.99,381.46,395.14,420.44,425.23,418.97
3018,325.07,326.32,336.2,347.59,355.62,371.99,381.47,395.15,420.45,424.99,418.94
3019,325.07,326.32,336.21,347.58,355.63,371.99,381.48,395.15,420.45,424.75,418.89
3020,325.06,326.31,336.2,347.59,355.63,371.99,381.48,395.15,420.45,424.67,418.84
3021,325.06,326.31,336.2,347.59,355.63,372.0,381.48,395.17,420.44,424.38,418.77
3022,325.06,326.32,336.21,347.59,355.64,372.01,381.5,395.17,420.44,424.36,418.78
3023,325.05,326.31,336.21,347.59,355.64,372.0,381.5,395.18,420.44,424.61,418.81
3024,325.04,326.31,336.19,347.59,355.63,372.01,381.5,395.17,420.44,424.95,418.85
3025,325.04,326.3,336.19,347.58,355.63,372.0,381.5,395.18,420.43,425.1,418.91
3026,325.04,326.3,336.2,347.58,355.64,372.01,381.51,395.18,420.44,425.23,418.94
3027,325.04,326.3,336.19,347.59,355.64,372.01,381.52,395.19,420.45,425.32,418.96
3028,325.03,326.3,336.2,347.58,355.64,372.0,381.51,395.19,420.45,425.02,418.99
3029,325.02,326.29,336.19,347.58,355.64,372.01,381.52,395.19,420.45,424.65,419.02
3030,325.02,326.29,336.19,347.58,355.64,372.02,381.52,395.19,420.46,424.55,419.04
3031,325.0,326.28,336.17,347.58,355.64,372.02,381.52,395.2,420.45,424.54,419.04
3032,325.0,326.27,336.17,347.58,355.64,372.03,381.53,395.2,420.46,424.6,419.05
3033,325.0,326.27,336.17,347.58,355.63,372.03,381.53,395.22,420.46,424.81,419.07
3034,325.0,326.28,336.17,347.58,355.64,372.03,381.54,395.23,420.48,424.77,419.13
3035,325.01,326.27,336.18,347.58,355.65,372.04,381.55,395.23,420.49,424.59,419.18
3036,324.98,326.27,336.17,347.58,355.64,372.03,381.55,395.23,420.48,424.46,419.19
3037,324.98,326.26,336.16,347.58,355.64,372.04,381.55,395.24,420.48,424.8,419.18
3038,324.98,326.26,336.17,347.58,355.65,372.05,381.55,395.24,420.49,424.99,419.18
3039,324.97,326.25,336.15,347.58,355.64,372.05,381.55,395.24,420.49,425.1,419.16
3040,324.97,326.25,336.16,347.58,355.64,372.05,381.56,395.24,420.5,425.04,419.18
3041,324.98,326.25,336.16,347.58,355.66,372.06,381.57,395.24,420.52,425.17,419.22
3042,324.97,326.24,336.16,347.57,355.66,372.05,381.58,395.25,420.52,425.55,419.25
3043,324.96,326.24,336.16,347.57,355.66,372.06,381.58,395.25,420.53,425.66,419.29
3044,324.95,326.23,336.15,347.58,355.66,372.06,381.59,395.24,420.54,425.33,419.31
3045,324.96,326.23,336.15,347.57,355.65,372.06,381.59,395.26,420.54,425.16,419.36
3046,324.95,326.23,336.15,347.56,355.66,372.06,381.6,395.25,420.55,424.67,419.41
3047,324.94,326.22,336.14,347.56,355.66,372.06,381.6,395.26,420.56,424.15,419.49
3048,324.92,326.21,336.12,347.56,355.65,372.07,381.61,395.27,420.56,423.75,419.57
3049,324.93,326.2,336.12,347.55,355.66,372.07,381.62,395.28,420.57,422.97,419.64
3050,324.91,326.2,336.12,347.55,355.66,372.07,381.63,395.27,420.57,422.35,419.67
3051,324.91,326.19,336.11,347.55,355.65,372.07,381.63,395.27,420.58,422.25,419.73
3052,324.9,326.2,336.12,347.55,355.66,372.09,381.63,395.29,420.58,422.21,419.78
3053,324.91,326.19,336.12,347.56,355.67,372.08,381.64,395.29,420.6,422.12,419.82
3054,324.9,326.2,336.12,347.56,355.67,372.08,381.65,395.3,420.6,422.52,419.81
3055,324.9,326.19,336.12,347.57,355.67,372.09,381.66,395.3,420.6,422.95,419.76
3056,324.9,326.19,336.12,347.56,355.67,372.1,381.67,395.31,420.6,423.24,419.71
3057,324.89,326.19,336.12,347.57,355.68,372.1,381.67,395.32,420.61,423.68,419.61
3058,324.89,326.18,336.11,347.58,355.68,372.1,381.68,395.33,420.61,423.9,419.54
3059,324.88,326.19,336.12,347.58,355.68,372.1,381.68,395.32,420.61,423.87,419.52
3060,324.88,326.17,336.11,347.58,355.68,372.11,381.69,395.34,420.61,423.66,419.51
3061,324.88,326.17,336.12,347.57,355.69,372.11,381.69,395.34,420.62,423.51,419.51
3062,324.89,326.17,336.11,347.58,355.69,372.13,381.7,395.36,420.62,423.37,419.51
3063,324.88,326.17,336.12,347.59,355.69,372.13,381.7,395.36,420.63,423.23,419.48
3064,324.87,326.17,336.11,347.58,355.69,372.12,381.71,395.35,420.62,423.05,419.42
3065,324.87,326.16,336.12,347.58,355.7,372.13,381.72,395.36,420.62,422.87,419.36
3066,324.86,326.16,336.11,347.59,355.7,372.13,381.72,395.36,420.62,423.18,419.26
3067,324.85,326.15,336.11,347.58,355.7,372.14,381.72,395.36,420.61,423.39,419.19
3068,324.85,326.15,336.1,347.57,355.7,372.14,381.73,395.37,420.62,423.48,419.16
3069,324.85,326.15,336.1,347.58,355.7,372.15,381.73,395.38,420.61,423.58,419.16
3070,324.85,326.14,336.11,347.58,355.71,372.15,381.74,395.38,420.61,423.22,419.17
3071,324.84,326.13,336.1,347.57,355.7,372.15,381.73,395.38,420.6,422.99,419.19
3072,324.84,326.14,336.09,347.58,355.71,372.17,381.75,395.39,420.6,423.01,419.21
3073,324.83,326.14,336.09,347.58,355.72,372.16,381.76,395.39,420.61,423.06,419.23
3074,324.82,326.13,336.08,347.59,355.71,372.18,381.75,395.4,420.6,423.04,419.27
3075,324.82,326.12,336.09,347.59,355.7,372.17,381.75,395.4,420.62,422.78,419.36
3076,324.82,326.11,336.09,347.58,355.71,372.17,381.76,395.41,420.62,422.57,419.42
3077,324.82,326.13,336.09,347.57,355.73,372.17,381.77,395.41,420.64,422.13,419.48
3078,324.81,326.13,336.1,347.59,355.72,372.17,381.77,395.42,420.63,422.31,419.51
3079,324.8,326.12,336.09,347.59,355.72,372.18,381.77,395.42,420.63,422.54,419.52
3080,324.8,326.12,336.08,347.59,355.73,372.19,381.78,395.42,420.64,422.89,419.54
3081,324.81,326.12,336.09,347.59,355.74,372.19,381.79,395.42,420.65,424.03,419.54
3082,324.81,326.12,336.09,347.59,355.73,372.19,381.79,395.43,420.66,424.75,419.56
3083,324.8,326.12,336.09,347.59,355.74,372.19,381.81,395.44,420.66,424.97,419.58
3084,324.8,326.11,336.09,347.59,355.75,372.2,381.81,395.44,420.67,424.84,419.64
3085,324.79,326.1,336.07,347.59,355.74,372.2,381.81,395.44,420.66,424.81,419.72
3086,324.78,326.11,336.08,347.58,355.74,372.2,381.81,395.45,420.66,424.6,419.76
3087,324.78,326.1,336.07,347.59,355.74,372.2,381.81,395.45,420.66,424.45,419.77
3088,324.77,326.1,336.06,347.59,355.74,372.2,381.81,395.45,420.66,424.26,419.77
3089,324.77,326.09,336.06,347.6,355.73,372.21,381.81,395.46,420.66,424.43,419.77
3090,324.77,326.09,336.06,347.6,355.74,372.21,381.83,395.47,420.67,424.76,419.79
3091,324.77,326.08,336.07,347.61,355.74,372.21,381.82,395.47,420.68,425.08,419.84
3092,324.77,326.09,336.06,347.6,355.75,372.21,381.83,395.47,420.69,425.48,419.89
3093,324.77,326.09,336.06,347.6,355.76,372.21,381.83,395.47,420.7,425.93,419.98
3094,324.77,326.09,336.06,347.61,355.75,372.22,381.84,395.48,420.71,426.14,420.04
3095,324.76,326.07,336.05,347.61,355.75,372.22,381.84,395.49,420.71,425.91,420.03
3096,324.76,326.07,336.05,347.6,355.76,372.22,381.84,395.49,420.72,425.37,420.0
3097,324.75,326.08,336.06,347.61,355.76,372.23,381.85,395.49,420.71,424.88,419.94
3098,324.76,326.07,336.05,347.62,355.76,372.24,381.85,395.5,420.71,424.5,419.89
3099,324.76,326.08,336.05,347.61,355.76,372.24,381.85,395.51,420.72,424.34,419.83
3100,324.74,326.08,336.05,347.62,355.76,372.25,381.84,395.51,420.71,424.26,419.77
3101,324.75,326.07,336.04,347.61,355.76,372.25,381.85,395.52,420.72,424.29,419.73
3102,324.74,326.08,336.04,347.62,355.77,372.26,381.85,395.52,420.71,424.47,419.69
3103,324.74,326.08,336.05,347.61,355.76,372.26,381.85,395.53,420.7,424.6,419.63
3104,324.74,326.08,336.05,347.61,355.77,372.27,381.85,395.53,420.71,424.67,419.58
3105,324.73,326.08,336.04,347.6,355.77,372.27,381.86,395.54,420.7,424.57,419.54
3106,324.73,326.08,336.04,347.6,355.78,372.28,381.86,395.56,420.7,424.26,419.5
3107,324.73,326.07,336.05,347.61,355.77,372.29,381.86,395.56,420.7,424.07,419.45
3108,324.73,326.08,336.05,347.62,355.78,372.3,381.85,395.56,420.69,423.94,419.39
3109,324.72,326.08,336.05,347.61,355.78,372.3,381.87,395.57,420.68,423.63,419.29
3110,324.71,326.07,336.05,347.62,355.78,372.31,381.87,395.57,420.68,423.6,419.18
3111,324.71,326.07,336.04,347.61,355.77,372.31,381.87,395.57,420.67,423.65,419.08
3112,324.71,326.07,336.05,347.62,355.78,372.31,381.88,395.58,420.66,423.79,419.02
3113,324.7,326.06,336.04,347.62,355.78,372.32,381.87,395.59,420.66,423.71,418.97
3114,324.69,326.05,336.04,347.62,355.79,372.33,381.89,395.59,420.66,423.4,418.95
3115,324.69,326.04,336.04,347.61,355.78,372.32,381.88,395.59,420.66,423.34,418.96
3116,324.69,326.04,336.04,347.62,355.79,372.33,381.89,395.59,420.66,423.33,418.97
3117,324.67,326.03,336.03,347.61,355.78,372.33,381.9,395.6,420.65,423.3,418.98
3118,324.67,326.03,336.04,347.61,355.79,372.33,381.9,395.6,420.66,423.26,419.0
3119,324.67,326.03,336.04,347.61,355.8,372.34,381.9,395.61,420.66,423.22,419.0
3120,324.67,326.02,336.04,347.62,355.8,372.34,381.92,395.6,420.67,423.24,419.0
3121,324.65,326.01,336.03,347.61,355.81,372.34,381.92,395.6,420.68,423.54,419.0
3122,324.66,326.01,336.03,347.6,355.8,372.34,381.93,395.61,420.68,424.05,419.01
3123,324.65,326.0,336.02,347.6,355.8,372.35,381.94,395.62,420.68,424.41,419.05
3124,324.63,326.01,336.03,347.61,355.8,372.35,381.94,395.62,420.68,424.66,419.11
3125,324.62,325.99,336.02,347.61,355.8,372.35,381.94,395.62,420.69,424.59,419.16
3126,324.63,325.99,336.01,347.6,355.8,372.36,381.94,395.63,420.69,424.59,419.23
3127,324.62,325.99,336.01,347.6,355.81,372.35,381.95,395.63,420.69,424.99,419.24
3128,324.62,325.99,336.01,347.6,355.81,372.36,381.95,395.64,420.7,425.1,419.25
3129,324.62,325.99,336.02,347.6,355.82,372.37,381.98,395.65,420.72,425.28,419.3
3130,324.61,325.99,336.01,347.61,355.82,372.36,381.98,395.65,420.71,425.61,419.35
3131,324.61,325.98,336.0,347.6,355.82,372.37,381.99,395.66,420.72,425.46,419.4
3132,324.61,325.98,336.0,347.61,355.83,372.37,381.99,395.66,420.72,425.21,419.45
3133,324.61,325.97,336.0,347.61,355.83,372.38,382.0,395.66,420.73,424.98,419.49
3134,324.61,325.98,336.0,347.62,355.83,372.37,382.01,395.66,420.73,424.49,419.51
3135,324.6,325.96,335.99,347.62,355.82,372.37,382.0,395.66,420.73,423.89,419.53
3136,324.6,325.96,336.0,347.62,355.83,372.37,382.01,395.67,420.73,423.55,419.56
3137,324.6,325.97,335.99,347.63,355.84,372.37,382.02,395.67,420.74,423.36,419.61
3138,324.6,325.97,336.0,347.62,355.84,372.37,382.03,395.68,420.75,423.34,419.64
3139,324.59,325.97,336.0,347.63,355.84,372.38,382.03,395.69,420.75,423.49,419.6
3140,324.6,325.97,336.0,347.63,355.84,372.38,382.04,395.68,420.75,423.52,419.58
3141,324.6,325.97,336.0,347.64,355.85,372.4,382.05,395.7,420.75,423.35,419.57
3142,324.6,325.97,336.0,347.64,355.86,372.4,382.04,395.7,420.75,423.22,419.55
3143,324.59,325.97,336.0,347.65,355.85,372.41,382.04,395.71,420.76,423.02,419.55
3144,324.58,325.97,336.0,347.65,355.85,372.42,382.04,395.72,420.76,423.02,419.57
3145,324.58,325.96,335.98,347.65,355.84,372.42,382.04,395.72,420.76,423.16,419.57
3146,324.58,325.96,335.99,347.64,355.86,372.42,382.04,395.73,420.77,423.41,419.62
3147,324.57,325.96,335.99,347.64,355.87,372.43,382.04,395.72,420.78,423.68,419.65
3148,324.57,325.96,335.98,347.64,355.86,372.43,382.04,395.72,420.78,423.89,419.64
3149,324.57,325.96,335.99,347.64,355.87,372.44,382.05,395.73,420.79,423.89,419.64
3150,324.55,325.96,335.98,347.64,355.86,372.44,382.04,395.73,420.79,423.72,419.62
3151,324.55,325.95,335.98,347.64,355.87,372.44,382.04,395.74,420.79,423.51,419.63
3152,324.54,325.95,335.98,347.65,355.88,372.46,382.04,395.75,420.81,423.44,419.63
3153,324.55,325.94,335.98,347.64,355.87,372.46,382.05,395.75,420.8,423.21,419.6
3154,324.54,325.94,335.98,347.64,355.87,372.46,382.04,395.75,420.8,422.81,419.57
3155,324.54,325.94,335.98,347.63,355.87,372.46,382.06,395.76,420.81,422.8,419.54
3156,324.54,325.94,335.99,347.64,355.88,372.47,382.06,395.76,420.82,422.73,419.52
3157,324.54,325.93,335.99,347.63,355.88,372.47,382.06,395.77,420.82,422.64,419.5
3158,324.53,325.93,335.98,347.63,355.88,372.48,382.07,395.77,420.82,422.67,419.46
3159,324.53,325.92,335.98,347.64,355.89,372.49,382.07,395.77,420.83,422.67,419.43
3160,324.53,325.92,335.99,347.64,355.88,372.5,382.08,395.78,420.83,422.57,419.42
3161,324.52,325.93,335.98,347.65,355.89,372.5,382.09,395.79,420.83,422.67,419.42
3162,324.51,325.92,335.98,347.64,355.89,372.51,382.09,395.79,420.84,422.98,419.42
3163,324.51,325.91,335.99,347.64,355.89,372.51,382.08,395.79,420.82,423.3,419.42
3164,324.51,325.9,335.98,347.65,355.89,372.5,382.09,395.79,420.84,423.49,419.43
3165,324.5,325.9,335.98,347.64,355.9,372.51,382.1,395.79,420.84,423.75,419.43
3166,324.49,325.9,335.98,347.64,355.9,372.51,382.11,395.8,420.85,424.04,419.42
3167,324.49,325.89,335.97,347.64,355.9,372.51,382.12,395.8,420.84,423.96,419.43
3168,324.48,325.88,335.97,347.64,355.9,372.51,382.11,395.8,420.84,423.68,419.42
3169,324.48,325.88,335.96,347.64,355.9,372.51,382.11,395.81,420.83,423.64,419.41
3170,324.47,325.87,335.96,347.64,355.9,372.53,382.11,395.82,420.84,423.54,419.39
3171,324.47,325.87,335.96,347.64,355.89,372.53,382.12,395.82,420.84,423.45,419.37
3172,324.46,325.86,335.95,347.64,355.89,372.53,382.12,395.82,420.83,423.24,419.33
3173,324.47,325.87,335.96,347.64,355.9,372.53,382.13,395.83,420.84,422.95,419.31
3174,324.45,325.86,335.96,347.64,355.91,372.53,382.14,395.84,420.83,422.78,419.29
3175,324.45,325.85,335.95,347.64,355.91,372.55,382.14,395.83,420.83,422.57,419.31
3176,324.44,325.85,335.95,347.64,355.91,372.54,382.14,395.83,420.82,422.48,419.34
3177,324.43,325.84,335.94,347.64,355.9,372.54,382.13,395.85,420.82,422.59,419.35
3178,324.44,325.84,335.94,347.63,355.89,372.55,382.15,395.85,420.83,422.8,419.35
3179,324.44,325.84,335.95,347.64,355.91,372.55,382.16,395.85,420.83,423.0,419.35
3180,324.44,325.84,335.95,347.64,355.91,372.55,382.16,395.86,420.83,423.1,419.33
3181,324.43,325.84,335.95,347.64,355.91,372.55,382.16,395.86,420.83,423.01,419.32
3182,324.42,325.84,335.94,347.64,355.91,372.56,382.17,395.87,420.83,423.02,419.28
3183,324.42,325.83,335.94,347.64,355.92,372.57,382.17,395.88,420.83,423.2,419.24
3184,324.42,325.83,335.95,347.64,355.93,372.57,382.19,395.89,420.85,423.36,419.24
3185,324.42,325.84,335.95,347.64,355.93,372.58,382.21,395.89,420.84,423.57,419.21
3186,324.42,325.84,335.95,347.64,355.93,372.57,382.21,395.9,420.85,423.81,419.19
3187,324.41,325.84,335.95,347.64,355.93,372.58,382.2,395.89,420.85,424.02,419.19
3188,324.4,325.83,335.95,347.64,355.93,372.58,382.2,395.89,420.85,424.25,419.22
3189,324.4,325.82,335.93,347.64,355.93,372.57,382.21,395.9,420.85,424.68,419.24
3190,324.4,325.83,335.93,347.64,355.94,372.58,382.22,395.9,420.85,425.08,419.27
3191,324.4,325.83,335.94,347.63,355.94,372.57,382.22,395.9,420.86,425.13,419.31
3192,324.4,325.82,335.94,347.63,355.95,372.58,382.24,395.9,420.87,425.19,419.37
3193,324.4,325.83,335.94,347.63,355.96,372.59,382.26,395.91,420.87,425.37,419.47
3194,324.39,325.83,335.93,347.64,355.95,372.6,382.25,395.92,420.88,425.67,419.53
3195,324.38,325.83,335.94,347.64,355.95,372.6,382.26,395.91,420.88,425.9,419.64
3196,324.39,325.81,335.92,347.65,355.94,372.6,382.25,395.92,420.89,426.05,419.73
3197,324.38,325.81,335.92,347.64,355.96,372.6,382.25,395.92,420.89,425.56,419.82
3198,324.38,325.8,335.92,347.64,355.95,372.6,382.26,395.93,420.91,424.81,419.91
3199,324.37,325.81,335.92,347.63,355.96,372.6,382.27,395.92,420.92,424.58,419.98
3200,324.37,325.81,335.93,347.64,355.96,372.61,382.27,395.94,420.93,424.64,420.02
3201,324.37,325.8,335.92,347.64,355.96,372.61,382.28,395.94,420.93,424.37,420.0
3202,324.36,325.81,335.92,347.64,355.97,372.62,382.28,395.95,420.93,424.1,419.93
3203,324.36,325.79,335.91,347.64,355.97,372.62,382.28,395.95,420.94,424.3,419.86
3204,324.35,325.79,335.92,347.65,355.97,372.63,382.3,395.96,420.94,424.61,419.77
3205,324.36,325.8,335.92,347.65,355.97,372.64,382.29,395.96,420.93,424.97,419.68
3206,324.35,325.8,335.93,347.64,355.98,372.65,382.31,395.97,420.94,425.03,419.6
3207,324.35,325.8,335.93,347.65,355.97,372.65,382.31,395.97,420.93,425.0,419.54
3208,324.35,325.8,335.92,347.64,355.98,372.65,382.3,395.97,420.92,425.03,419.5
3209,324.33,325.78,335.91,347.64,355.97,372.65,382.31,395.97,420.92,425.13,419.5
3210,324.34,325.79,335.92,347.64,355.99,372.66,382.32,395.99,420.91,425.02,419.46
3211,324.33,325.79,335.92,347.65,355.99,372.67,382.32,395.99,420.92,424.77,419.43
3212,324.33,325.78,335.92,347.65,356.0,372.67,382.32,395.99,420.91,424.52,419.39
3213,324.33,325.78,335.92,347.66,355.99,372.68,382.33,396.0,420.91,424.41,419.37
3214,324.32,325.78,335.9,347.65,356.0,372.67,382.33,396.0,420.91,424.59,419.36
3215,324.32,325.77,335.9,347.66,355.99,372.68,382.33,396.01,420.92,424.88,419.36
3216,324.32,325.77,335.9,347.66,355.99,372.68,382.34,396.01,420.92,425.24,419.37
3217,324.33,325.77,335.91,347.65,356.0,372.68,382.35,396.01,420.93,425.61,419.39
3218,324.3,325.77,335.9,347.66,355.99,372.69,382.35,396.01,420.93,425.62,419.41
3219,324.31,325.76,335.9,347.66,356.0,372.69,382.35,396.02,420.94,425.46,419.43
3220,324.29,325.76,335.89,347.66,355.99,372.69,382.36,396.02,420.94,425.32,419.43
3221,324.3,325.76,335.89,347.66,355.99,372.69,382.36,396.02,420.95,425.34,419.42
3222,324.3,325.75,335.89,347.66,356.01,372.69,382.37,396.03,420.96,425.26,419.42
3223,324.3,325.75,335.89,347.66,356.0,372.69,382.37,396.03,420.96,425.4,419.38
3224,324.29,325.75,335.89,347.66,356.0,372.7,382.37,396.04,420.96,425.16,419.38
3225,324.29,325.74,335.88,347.66,355.99,372.7,382.37,396.04,420.96,424.98,419.41
3226,324.29,325.74,335.89,347.67,356.01,372.71,382.39,396.05,420.97,425.2,419.43
3227,324.28,325.74,335.89,347.66,356.01,372.71,382.39,396.05,420.96,425.3,419.42
3228,324.28,325.73,335.88,347.66,356.01,372.72,382.38,396.06,420.96,425.33,419.39
3229,324.28,325.73,335.89,347.66,356.01,372.72,382.39,396.07,420.96,425.47,419.34
3230,324.27,325.74,335.89,347.66,356.02,372.71,382.4,396.06,420.96,425.52,419.31
3231,324.27,325.74,335.89,347.66,356.02,372.73,382.41,396.07,420.97,425.61,419.27
3232,324.27,325.74,335.89,347.66,356.03,372.73,382.41,396.08,420.97,425.48,419.25
3233,324.27,325.74,335.89,347.66,356.02,372.73,382.41,396.08,420.97,425.31,419.23
3234,324.26,325.73,335.88,347.66,356.02,372.74,382.41,396.08,420.95,425.0,419.19
3235,324.26,325.73,335.88,347.66,356.02,372.74,382.42,396.09,420.95,425.06,419.18
3236,324.25,325.73,335.88,347.67,356.03,372.75,382.42,396.09,420.95,425.38,419.19
3237,324.24,325.71,335.86,347.67,356.02,372.75,382.41,396.09,420.94,425.51,419.17
3238,324.25,325.71,335.87,347.66,356.02,372.74,382.42,396.09,420.94,425.69,419.15
3239,324.25,325.72,335.87,347.67,356.03,372.76,382.45,396.09,420.95,425.8,419.14
3240,324.24,325.72,335.86,347.67,356.02,372.75,382.44,396.1,420.95,425.83,419.11
3241,324.24,325.71,335.87,347.66,356.03,372.75,382.44,396.1,420.94,425.78,419.11
3242,324.24,325.7,335.86,347.66,356.02,372.75,382.44,396.1,420.94,426.02,419.13
3243,324.24,325.7,335.86,347.66,356.02,372.77,382.44,396.11,420.94,426.11,419.17
3244,324.23,325.7,335.85,347.67,356.03,372.77,382.45,396.12,420.95,426.33,419.22
3245,324.23,325.68,335.85,347.67,356.02,372.76,382.45,396.11,420.95,426.6,419.29
3246,324.22,325.69,335.85,347.68,356.02,372.77,382.45,396.12,420.96,426.46,419.39
3247,324.22,325.68,335.84,347.68,356.02,372.77,382.46,396.13,420.97,426.45,419.5
3248,324.23,325.68,335.85,347.68,356.03,372.77,382.47,396.13,420.99,426.66,419.57
3249,324.22,325.68,335.84,347.68,356.04,372.77,382.48,396.13,420.99,426.79,419.63
3250,324.22,325.68,335.84,347.68,356.03,372.76,382.47,396.13,420.99,426.51,419.69
3251,324.22,325.68,335.84,347.67,356.04,372.77,382.48,396.13,421.0,426.24,419.74
3252,324.21,325.67,335.85,347.68,356.04,372.77,382.48,396.13,421.01,425.78,419.77
3253,324.21,325.67,335.84,347.67,356.04,372.78,382.48,396.14,421.0,425.45,419.79
3254,324.2,325.66,335.83,347.67,356.03,372.78,382.48,396.14,421.0,425.28,419.83
3255,324.2,325.65,335.84,347.68,356.04,372.78,382.49,396.15,421.0,425.3,419.84
3256,324.2,325.66,335.84,347.67,356.04,372.78,382.5,396.15,421.01,425.46,419.84
3257,324.19,325.66,335.83,347.67,356.04,372.79,382.49,396.15,421.01,425.28,419.84
3258,324.18,325.65,335.83,347.67,356.05,372.79,382.5,396.15,421.01,424.92,419.83
3259,324.19,325.65,335.83,347.66,356.05,372.79,382.51,396.15,421.02,424.75,419.84
3260,324.18,325.65,335.83,347.66,356.05,372.8,382.51,396.16,421.02,425.08,419.83
3261,324.18,325.64,335.83,347.66,356.05,372.8,382.52,396.16,421.02,425.74,419.86
3262,324.18,325.66,335.83,347.66,356.06,372.81,382.52,396.17,421.03,425.85,419.88
3263,324.17,325.64,335.82,347.66,356.05,372.82,382.51,396.17,421.03,425.81,419.91
3264,324.15,325.63,335.81,347.66,356.04,372.81,382.51,396.17,421.02,425.96,419.91
3265,324.15,325.63,335.82,347.66,356.04,372.82,382.51,396.17,421.03,426.42,419.94
3266,324.15,325.63,335.81,347.65,356.05,372.82,382.52,396.18,421.04,426.95,419.98
3267,324.15,325.63,335.81,347.65,356.05,372.82,382.52,396.17,421.04,427.07,420.03
3268,324.15,325.63,335.81,347.66,356.04,372.83,382.51,396.18,421.04,426.93,420.11
3269,324.15,325.63,335.81,347.65,356.06,372.82,382.54,396.18,421.05,426.81,420.19
3270,324.14,325.62,335.8,347.64,356.05,372.83,382.52,396.18,421.05,427.07,420.23
3271,324.15,325.61,335.8,347.65,356.05,372.83,382.53,396.19,421.06,427.01,420.29
3272,324.13,325.61,335.8,347.66,356.05,372.85,382.54,396.19,421.07,426.9,420.37
3273,324.13,325.61,335.79,347.65,356.05,372.84,382.54,396.19,421.09,426.73,420.44
3274,324.12,325.61,335.79,347.65,356.06,372.85,382.54,396.2,421.09,426.36,420.5
3275,324.12,325.61,335.79,347.64,356.06,372.84,382.54,396.2,421.09,426.0,420.54
3276,324.11,325.6,335.79,347.65,356.06,372.84,382.53,396.2,421.09,425.85,420.58
3277,324.11,325.6,335.79,347.65,356.06,372.86,382.55,396.21,421.11,425.76,420.59
3278,324.11,325.59,335.79,347.66,356.06,372.86,382.55,396.21,421.11,425.77,420.59
3279,324.11,325.59,335.79,347.65,356.06,372.85,382.55,396.21,421.11,425.75,420.58
3280,324.11,325.59,335.79,347.65,356.06,372.86,382.56,396.21,421.12,425.64,420.58
3281,324.1,325.59,335.78,347.65,356.06,372.86,382.56,396.22,421.12,425.54,420.55
3282,324.11,325.58,335.78,347.66,356.06,372.87,382.57,396.22,421.13,425.38,420.5
3283,324.11,325.57,335.78,347.66,356.07,372.87,382.57,396.22,421.13,425.52,420.44
3284,324.11,325.57,335.78,347.67,356.08,372.87,382.58,396.24,421.14,425.83,420.43
3285,324.1,325.57,335.77,347.67,356.08,372.88,382.58,396.24,421.13,425.86,420.46
3286,324.1,325.57,335.77,347.67,356.07,372.88,382.59,396.24,421.13,425.82,420.5
3287,324.1,325.57,335.77,347.68,356.06,372.87,382.59,396.26,421.14,425.96,420.56
3288,324.09,325.57,335.77,347.68,356.08,372.88,382.58,396.25,421.13,425.93,420.61
3289,324.1,325.57,335.77,347.68,356.08,372.88,382.58,396.26,421.13,426.19,420.65
3290,324.1,325.57,335.77,347.68,356.08,372.88,382.58,396.26,421.15,426.6,420.68
3291,324.09,325.57,335.78,347.68,356.09,372.89,382.58,396.26,421.16,426.85,420.73
3292,324.09,325.57,335.78,347.67,356.09,372.9,382.58,396.27,421.18,427.15,420.81
3293,324.09,325.56,335.77,347.68,356.09,372.91,382.57,396.28,421.18,427.23,420.85
3294,324.08,325.55,335.77,347.68,356.09,372.91,382.57,396.28,421.17,427.29,420.88
3295,324.08,325.54,335.77,347.67,356.09,372.92,382.57,396.29,421.19,427.27,420.92
3296,324.08,325.54,335.77,347.67,356.09,372.92,382.57,396.29,421.2,427.32,420.94
3297,324.08,325.54,335.77,347.68,356.09,372.92,382.57,396.29,421.21,427.12,420.97
3298,324.07,325.54,335.77,347.68,356.1,372.93,382.59,396.3,421.22,426.87,421.0
3299,324.07,325.53,335.77,347.67,356.1,372.92,382.59,396.29,421.23,426.94,421.05
3300,324.07,325.53,335.78,347.68,356.1,372.94,382.6,396.31,421.24,426.87,421.1
3301,324.07,325.53,335.77,347.68,356.11,372.94,382.6,396.31,421.25,426.76,421.11
3302,324.06,325.52,335.78,347.67,356.11,372.93,382.61,396.31,421.26,426.7,421.14
3303,324.06,325.52,335.77,347.68,356.1,372.94,382.6,396.31,421.25,426.77,421.18
3304,324.04,325.52,335.76,347.67,356.1,372.94,382.6,396.32,421.25,426.93,421.22
3305,324.03,325.51,335.75,347.68,356.1,372.94,382.61,396.32,421.25,427.35,421.27
3306,324.04,325.5,335.75,347.68,356.11,372.96,382.61,396.34,421.25,427.49,421.33
3307,324.03,325.5,335.75,347.68,356.11,372.96,382.61,396.33,421.27,427.58,421.37
3308,324.03,325.5,335.74,347.67,356.11,372.95,382.62,396.33,421.26,427.77,421.39
3309,324.03,325.5,335.75,347.68,356.11,372.96,382.61,396.33,421.26,428.06,421.38
3310,324.03,325.5,335.74,347.68,356.11,372.97,382.63,396.35,421.28,428.19,421.36
3311,324.02,325.5,335.74,347.68,356.11,372.97,382.63,396.34,421.28,428.29,421.33
3312,324.02,325.49,335.73,347.69,356.11,372.97,382.62,396.34,421.28,428.6,421.31
3313,324.01,325.49,335.73,347.69,356.1,372.98,382.63,396.34,421.28,429.0,421.27
3314,324.01,325.49,335.73,347.69,356.11,372.98,382.63,396.35,421.29,428.84,421.25
3315,324.0,325.49,335.73,347.68,356.1,372.98,382.64,396.35,421.3,428.68,421.21
3316,324.0,325.49,335.72,347.69,356.11,372.98,382.64,396.36,421.3,428.54,421.16
3317,323.99,325.48,335.72,347.69,356.11,372.98,382.63,396.36,421.3,428.09,421.12
3318,323.99,325.48,335.72,347.69,356.1,372.99,382.64,396.37,421.31,426.8,421.04
3319,323.98,325.48,335.71,347.69,356.11,372.99,382.64,396.37,421.31,425.79,420.97
3320,323.99,325.47,335.72,347.69,356.12,372.99,382.64,396.38,421.3,424.93,420.93
3321,323.98,325.48,335.72,347.69,356.12,372.99,382.64,396.38,421.3,424.34,420.9
3322,323.97,325.48,335.71,347.69,356.12,372.99,382.66,396.39,421.29,423.95,420.85
3323,323.98,325.47,335.71,347.69,356.11,373.0,382.65,396.39,421.29,423.74,420.8
3324,323.97,325.47,335.71,347.69,356.12,373.0,382.66,396.39,421.28,423.7,420.76
3325,323.98,325.47,335.72,347.69,356.13,373.01,382.67,396.4,421.29,423.81,420.74
3326,323.97,325.46,335.71,347.7,356.13,373.02,382.67,396.41,421.28,423.77,420.7
3327,323.96,325.45,335.71,347.68,356.13,373.01,382.67,396.4,421.27,423.77,420.69
3328,323.96,325.44,335.7,347.69,356.12,373.02,382.68,396.41,421.27,423.7,420.69
3329,323.95,325.44,335.72,347.68,356.13,373.01,382.69,396.41,421.27,423.61,420.68
3330,323.95,325.43,335.71,347.68,356.14,373.02,382.7,396.41,421.26,423.93,420.64
3331,323.95,325.44,335.72,347.69,356.14,373.02,382.7,396.43,421.28,424.23,420.61
3332,323.95,325.43,335.71,347.69,356.13,373.02,382.71,396.43,421.27,424.27,420.56
3333,323.94,325.43,335.71,347.69,356.14,373.02,382.71,396.43,421.28,424.34,420.52
3334,323.94,325.42,335.72,347.69,356.14,373.03,382.71,396.44,421.28,424.22,420.52
3335,323.94,325.42,335.71,347.69,356.15,373.03,382.72,396.44,421.28,424.2,420.51
3336,323.92,325.43,335.72,347.69,356.15,373.03,382.73,396.44,421.28,424.32,420.53
3337,323.93,325.41,335.71,347.69,356.15,373.03,382.73,396.45,421.28,424.27,420.53
3338,323.93,325.42,335.7,347.67,356.16,373.03,382.74,396.45,421.29,424.28,420.57
3339,323.91,325.41,335.7,347.68,356.15,373.04,382.75,396.45,421.29,424.19,420.58
3340,323.91,325.41,335.7,347.67,356.16,373.04,382.74,396.45,421.29,424.33,420.59
3341,323.91,325.41,335.69,347.67,356.16,373.04,382.75,396.46,421.29,424.76,420.59
3342,323.91,325.41,335.7,347.67,356.16,373.05,382.76,396.46,421.3,424.97,420.59
3343,323.9,325.41,335.71,347.66,356.17,373.05,382.77,396.48,421.3,425.01,420.59
3344,323.89,325.4,335.69,347.67,356.16,373.05,382.78,396.48,421.3,425.22,420.58
3345,323.89,325.41,335.68,347.68,356.17,373.05,382.8,396.48,421.3,425.72,420.61
3346,323.9,325.41,335.69,347.68,356.17,373.06,382.8,396.49,421.32,425.71,420.64
3347,323.9,325.4,335.69,347.68,356.17,373.06,382.8,396.49,421.32,425.33,420.67
3348,323.89,325.4,335.7,347.69,356.17,373.08,382.8,396.5,421.31,425.13,420.69
3349,323.9,325.4,335.68,347.69,356.17,373.07,382.81,396.51,421.31,425.3,420.68
3350,323.89,325.4,335.7,347.69,356.18,373.07,382.82,396.5,421.33,425.13,420.7
3351,323.88,325.39,335.68,347.69,356.17,373.07,382.82,396.5,421.32,424.66,420.7
3352,323.89,325.39,335.68,347.69,356.18,373.07,382.82,396.5,421.32,424.31,420.71
3353,323.89,325.4,335.69,347.7,356.18,373.08,382.83,396.5,421.33,424.2,420.7
3354,323.89,325.4,335.7,347.7,356.19,373.08,382.85,396.5,421.34,424.22,420.68
3355,323.88,325.39,335.69,347.7,356.18,373.08,382.85,396.52,421.33,424.39,420.66
3356,323.88,325.39,335.68,347.7,356.18,373.07,382.85,396.52,421.34,424.46,420.67
3357,323.88,325.4,335.69,347.7,356.18,373.08,382.86,396.52,421.34,424.41,420.68
3358,323.87,325.39,335.67,347.7,356.17,373.08,382.85,396.52,421.34,424.1,420.71
3359,323.86,325.38,335.67,347.69,356.18,373.08,382.85,396.52,421.34,424.26,420.73
3360,323.88,325.38,335.67,347.7,356.18,373.08,382.86,396.53,421.36,424.52,420.74
3361,323.87,325.38,335.67,347.7,356.18,373.08,382.86,396.53,421.36,424.87,420.73
3362,323.86,325.38,335.66,347.69,356.18,373.08,382.86,396.53,421.37,424.67,420.73
3363,323.86,325.38,335.67,347.69,356.19,373.09,382.87,396.54,421.37,424.31,420.69
3364,323.85,325.38,335.66,347.68,356.19,373.1,382.88,396.54,421.38,423.96,420.59
3365,323.85,325.37,335.67,347.69,356.19,373.1,382.88,396.55,421.38,423.94,420.52
3366,323.85,325.38,335.68,347.7,356.21,373.11,382.89,396.55,421.39,424.18,420.46
3367,323.85,325.38,335.67,347.69,356.2,373.11,382.89,396.56,421.39,424.04,420.37
3368,323.84,325.37,335.67,347.69,356.2,373.11,382.89,396.57,421.38,423.99,420.32
3369,323.85,325.36,335.67,347.69,356.21,373.11,382.9,396.57,421.38,423.7,420.29
3370,323.85,325.37,335.67,347.7,356.21,373.11,382.9,396.58,421.38,423.6,420.29
3371,323.84,325.36,335.66,347.71,356.21,373.13,382.88,396.58,421.37,423.4,420.21
3372,323.84,325.36,335.67,347.71,356.21,373.13,382.88,396.59,421.36,423.06,420.12
3373,323.83,325.36,335.68,347.7,356.22,373.15,382.87,396.59,421.36,423.03,420.07
3374,323.82,325.35,335.67,347.7,356.21,373.15,382.87,396.6,421.36,423.02,420.04
3375,323.82,325.35,335.67,347.7,356.21,373.15,382.88,396.6,421.36,423.01,420.01
3376,323.81,325.34,335.66,347.7,356.21,373.15,382.88,396.6,421.36,423.02,419.99
3377,323.81,325.33,335.66,347.69,356.21,373.15,382.89,396.59,421.36,422.94,419.97
3378,323.8,325.32,335.65,347.69,356.22,373.16,382.89,396.6,421.36,422.77,419.96
3379,323.79,325.32,335.64,347.68,356.21,373.15,382.9,396.59,421.35,422.85,419.93
3380,323.79,325.33,335.64,347.67,356.21,373.15,382.9,396.59,421.35,422.96,419.94
3381,323.79,325.32,335.64,347.67,356.22,373.15,382.92,396.6,421.35,422.97,419.96
3382,323.79,325.32,335.64,347.68,356.22,373.14,382.94,396.61,421.35,422.6,419.96
3383,323.79,325.33,335.65,347.68,356.22,373.15,382.94,396.6,421.35,422.38,419.93
3384,323.79,325.32,335.63,347.69,356.23,373.14,382.94,396.61,421.34,422.34,419.88
3385,323.79,325.33,335.64,347.7,356.24,373.16,382.95,396.64,421.35,422.79,419.85
3386,323.77,325.31,335.63,347.71,356.23,373.16,382.95,396.64,421.33,422.92,419.83
3387,323.78,325.31,335.64,347.7,356.23,373.17,382.96,396.64,421.34,422.91,419.84
3388,323.78,325.32,335.63,347.7,356.23,373.16,382.95,396.64,421.34,422.94,419.85
3389,323.78,325.31,335.64,347.71,356.24,373.17,382.96,396.65,421.36,422.95,419.86
3390,323.77,325.31,335.63,347.71,356.25,373.18,382.95,396.66,421.35,422.77,419.86
3391,323.77,325.31,335.64,347.71,356.24,373.18,382.95,396.66,421.35,422.45,419.86
3392,323.78,325.31,335.64,347.72,356.24,373.18,382.97,396.67,421.36,422.38,419.89
3393,323.77,325.31,335.64,347.71,356.25,373.18,382.97,396.67,421.37,422.86,419.93
3394,323.77,325.31,335.64,347.72,356.26,373.19,382.97,396.67,421.37,423.04,419.97
3395,323.76,325.31,335.64,347.72,356.26,373.2,382.98,396.68,421.37,422.91,420.0
3396,323.76,325.3,335.63,347.72,356.25,373.2,382.98,396.69,421.37,422.62,420.01
3397,323.76,325.31,335.64,347.72,356.25,373.21,382.98,396.69,421.37,422.11,420.0
3398,323.76,325.31,335.63,347.72,356.26,373.21,382.99,396.69,421.39,422.27,419.97
3399,323.76,325.3,335.64,347.72,356.25,373.21,383.0,396.69,421.39,423.11,419.97
3400,323.75,325.3,335.63,347.72,356.25,373.21,383.0,396.68,421.4,423.76,419.98
3401,323.74,325.3,335.63,347.73,356.26,373.22,383.01,396.7,421.4,424.36,420.04
3402,323.74,325.29,335.63,347.73,356.26,373.23,383.0,396.7,421.41,424.49,420.07
3403,323.73,325.3,335.62,347.73,356.26,373.22,383.01,396.71,421.41,424.63,420.11
3404,323.74,325.29,335.62,347.73,356.27,373.23,383.02,396.7,421.41,424.52,420.14
3405,323.73,325.29,335.62,347.73,356.26,373.23,383.01,396.71,421.42,424.59,420.18
3406,323.74,325.29,335.63,347.72,356.27,373.23,383.03,396.71,421.42,424.78,420.19
3407,323.73,325.29,335.62,347.72,356.27,373.23,383.03,396.71,421.43,424.67,420.18
3408,323.72,325.27,335.61,347.73,356.27,373.23,383.02,396.71,421.42,424.41,420.17
3409,323.72,325.28,335.61,347.72,356.26,373.24,383.03,396.71,421.44,424.2,420.17
3410,323.71,325.28,335.61,347.72,356.28,373.24,383.03,396.71,421.43,424.71,420.14
3411,323.7,325.28,335.61,347.72,356.27,373.25,383.04,396.72,421.44,425.31,420.13
3412,323.71,325.27,335.62,347.73,356.28,373.25,383.04,396.72,421.44,425.93,420.13
3413,323.71,325.27,335.6,347.72,356.27,373.25,383.04,396.73,421.45,426.67,420.14
3414,323.7,325.28,335.61,347.72,356.27,373.25,383.05,396.74,421.45,426.72,420.13
3415,323.7,325.26,335.61,347.72,356.27,373.26,383.05,396.74,421.45,426.44,420.1
3416,323.69,325.26,335.6,347.72,356.27,373.26,383.05,396.74,421.45,426.2,420.0
3417,323.7,325.26,335.6,347.72,356.28,373.26,383.05,396.75,421.46,425.95,419.89
3418,323.7,325.27,335.61,347.73,356.29,373.27,383.07,396.75,421.46,425.96,419.84
3419,323.69,325.27,335.6,347.73,356.29,373.27,383.05,396.75,421.46,426.04,419.83
3420,323.69,325.26,335.6,347.73,356.28,373.28,383.06,396.76,421.46,425.93,419.83
3421,323.69,325.26,335.61,347.74,356.29,373.28,383.07,396.77,421.47,425.61,419.85
3422,323.68,325.26,335.6,347.73,356.29,373.28,383.06,396.76,421.45,425.52,419.86
3423,323.69,325.25,335.59,347.73,356.28,373.28,383.07,396.77,421.45,425.56,419.86
3424,323.67,325.25,335.59,347.72,356.28,373.27,383.07,396.76,421.46,425.55,419.87
3425,323.67,325.25,335.59,347.72,356.29,373.27,383.07,396.76,421.46,425.73,419.86
3426,323.67,325.25,335.6,347.71,356.3,373.28,383.08,396.78,421.47,426.0,419.82
3427,323.68,325.25,335.6,347.73,356.3,373.29,383.09,396.78,421.48,426.15,419.81
3428,323.66,325.24,335.59,347.72,356.29,373.29,383.09,396.78,421.47,426.19,419.78
3429,323.65,325.24,335.59,347.71,356.29,373.29,383.08,396.78,421.47,425.9,419.75
3430,323.65,325.23,335.57,347.72,356.28,373.29,383.09,396.79,421.46,425.54,419.73
3431,323.66,325.23,335.58,347.72,356.29,373.29,383.1,396.8,421.46,425.46,419.71
3432,323.66,325.24,335.59,347.72,356.29,373.29,383.11,396.8,421.47,425.42,419.69
3433,323.66,325.23,335.59,347.72,356.31,373.3,383.11,396.8,421.47,425.42,419.65
3434,323.65,325.24,335.59,347.73,356.3,373.31,383.11,396.82,421.47,425.55,419.6
3435,323.64,325.22,335.58,347.71,356.29,373.31,383.11,396.81,421.47,425.62,419.57
3436,323.63,325.22,335.58,347.72,356.3,373.32,383.12,396.83,421.46,425.67,419.55
3437,323.63,325.22,335.58,347.72,356.3,373.32,383.12,396.83,421.47,425.69,419.52
3438,323.62,325.23,335.58,347.72,356.3,373.32,383.11,396.83,421.46,425.86,419.49
3439,323.63,325.22,335.58,347.72,356.3,373.33,383.11,396.83,421.46,426.05,419.48
3440,323.63,325.22,335.58,347.72,356.3,373.32,383.1,396.82,421.47,426.11,419.48
3441,323.63,325.22,335.59,347.72,356.31,373.33,383.11,396.85,421.48,426.07,419.51
3442,323.61,325.21,335.58,347.72,356.3,373.34,383.11,396.84,421.48,426.09,419.53
3443,323.61,325.2,335.57,347.72,356.31,373.34,383.11,396.86,421.49,426.21,419.59
3444,323.62,325.2,335.57,347.72,356.31,373.35,383.11,396.86,421.5,426.23,419.65
3445,323.61,325.2,335.58,347.73,356.31,373.36,383.11,396.87,421.5,426.17,419.66
3446,323.61,325.2,335.58,347.72,356.31,373.36,383.11,396.86,421.51,426.42,419.69
3447,323.59,325.19,335.57,347.72,356.3,373.36,383.1,396.87,421.5,426.65,419.71
3448,323.6,325.18,335.57,347.72,356.3,373.37,383.11,396.87,421.52,426.75,419.75
3449,323.59,325.17,335.57,347.73,356.31,373.37,383.11,396.87,421.53,426.51,419.78
3450,323.59,325.18,335.56,347.73,356.31,373.37,383.12,396.87,421.53,426.14,419.75
3451,323.58,325.17,335.57,347.72,356.31,373.37,383.11,396.87,421.53,426.0,419.71
3452,323.59,325.18,335.56,347.72,356.31,373.38,383.12,396.87,421.54,425.8,419.64
3453,323.57,325.17,335.56,347.72,356.32,373.38,383.12,396.87,421.54,425.84,419.56
3454,323.57,325.17,335.55,347.73,356.31,373.38,383.13,396.87,421.54,425.88,419.5
3455,323.56,325.16,335.56,347.72,356.31,373.38,383.13,396.87,421.54,425.85,419.44
3456,323.56,325.17,335.55,347.72,356.3,373.39,383.14,396.88,421.54,425.71,419.39
3457,323.57,325.16,335.56,347.73,356.31,373.4,383.14,396.89,421.54,425.36,419.33
3458,323.56,325.17,335.56,347.72,356.31,373.4,383.13,396.88,421.54,425.4,419.26
3459,323.55,325.16,335.55,347.71,356.3,373.4,383.14,396.88,421.53,425.75,419.18
3460,323.56,325.16,335.55,347.73,356.31,373.4,383.15,396.9,421.54,425.58,419.16
3461,323.56,325.18,335.56,347.72,356.33,373.4,383.16,396.9,421.54,425.07,419.14
3462,323.56,325.17,335.56,347.73,356.32,373.41,383.16,396.9,421.53,424.93,419.14
3463,323.55,325.17,335.56,347.73,356.33,373.41,383.17,396.91,421.53,425.01,419.16
3464,323.55,325.16,335.55,347.72,356.33,373.42,383.17,396.92,421.52,425.0,419.18
3465,323.54,325.15,335.55,347.73,356.33,373.42,383.17,396.92,421.51,424.88,419.19
3466,323.55,325.16,335.55,347.72,356.34,373.43,383.17,396.92,421.52,424.56,419.21
3467,323.54,325.17,335.55,347.72,356.34,373.41,383.18,396.92,421.52,424.56,419.22
3468,323.54,325.17,335.55,347.74,356.34,373.43,383.18,396.93,421.52,424.91,419.21
3469,323.54,325.17,335.55,347.73,356.34,373.43,383.19,396.93,421.52,425.18,419.21
3470,323.54,325.17,335.55,347.73,356.35,373.43,383.19,396.94,421.53,425.21,419.26
3471,323.53,325.16,335.55,347.73,356.34,373.42,383.19,396.94,421.53,425.21,419.35
3472,323.52,325.16,335.54,347.73,356.34,373.44,383.19,396.94,421.53,425.3,419.41
3473,323.53,325.15,335.54,347.73,356.34,373.43,383.2,396.94,421.53,425.53,419.46
3474,323.53,325.16,335.54,347.72,356.34,373.43,383.2,396.94,421.53,425.5,419.47
3475,323.53,325.16,335.54,347.72,356.35,373.43,383.2,396.95,421.54,425.33,419.44
3476,323.52,325.15,335.54,347.73,356.35,373.44,383.22,396.96,421.54,425.12,419.4
3477,323.52,325.15,335.53,347.73,356.35,373.43,383.22,396.96,421.55,424.84,419.34
3478,323.52,325.16,335.54,347.73,356.36,373.44,383.23,396.97,421.55,424.79,419.29
3479,323.52,325.16,335.54,347.73,356.35,373.44,383.23,396.96,421.54,424.77,419.19
3480,323.51,325.14,335.54,347.72,356.36,373.43,383.23,396.97,421.54,424.62,419.11
3481,323.5,325.15,335.54,347.73,356.35,373.45,383.22,396.98,421.53,424.68,419.07
3482,323.5,325.14,335.53,347.73,356.35,373.46,383.23,396.99,421.53,424.78,419.08
3483,323.5,325.14,335.53,347.73,356.36,373.45,383.24,396.99,421.52,424.63,419.08
3484,323.49,325.14,335.53,347.73,356.36,373.47,383.23,397.0,421.52,424.24,419.09
3485,323.49,325.13,335.53,347.73,356.36,373.47,383.23,397.0,421.52,423.74,419.09
3486,323.49,325.13,335.52,347.74,356.36,373.47,383.24,397.0,421.51,423.62,419.07
3487,323.49,325.13,335.53,347.74,356.36,373.48,383.24,396.99,421.52,423.56,419.05
3488,323.48,325.12,335.53,347.74,356.37,373.48,383.25,397.01,421.52,423.56,419.05
3489,323.47,325.11,335.52,347.74,356.36,373.48,383.24,397.0,421.52,423.5,419.1
3490,323.46,325.1,335.52,347.73,356.36,373.48,383.25,397.01,421.51,423.49,419.15
3491,323.47,325.1,335.52,347.74,356.37,373.49,383.25,397.02,421.53,423.75,419.21
3492,323.46,325.1,335.51,347.75,356.36,373.49,383.25,397.02,421.52,424.15,419.27
3493,323.45,325.07,335.5,347.74,356.35,373.5,383.25,397.03,421.52,424.53,419.34
3494,323.45,325.08,335.5,347.74,356.36,373.5,383.25,397.03,421.54,424.63,419.42
3495,323.46,325.08,335.51,347.74,356.37,373.5,383.26,397.03,421.56,424.45,419.5
3496,323.46,325.08,335.51,347.75,356.37,373.5,383.27,397.03,421.57,424.11,419.58
3497,323.45,325.08,335.51,347.74,356.38,373.51,383.28,397.04,421.57,424.01,419.69
3498,323.45,325.08,335.52,347.74,356.39,373.51,383.28,397.04,421.58,424.45,419.79
3499,323.45,325.08,335.51,347.74,356.38,373.52,383.29,397.05,421.58,424.88,419.84
3500,323.44,325.08,335.51,347.75,356.39,373.51,383.29,397.05,421.59,425.16,419.87
3501,323.45,325.07,335.5,347.74,356.38,373.51,383.29,397.05,421.61,424.57,419.89
3502,323.44,325.08,335.51,347.74,356.4,373.51,383.3,397.05,421.62,424.18,419.9
3503,323.45,325.08,335.51,347.75,356.39,373.53,383.3,397.06,421.63,424.2,419.91
3504,323.43,325.09,335.5,347.74,356.39,373.52,383.29,397.06,421.62,424.23,419.93
3505,323.43,325.08,335.5,347.75,356.4,373.52,383.3,397.06,421.63,424.54,419.97
3506,323.43,325.07,335.49,347.75,356.39,373.52,383.31,397.08,421.63,424.88,420.03
3507,323.43,325.08,335.49,347.75,356.4,373.52,383.32,397.08,421.64,424.64,420.11
3508,323.42,325.08,335.49,347.75,356.4,373.52,383.33,397.08,421.64,424.31,420.15
3509,323.42,325.08,335.49,347.76,356.4,373.53,383.34,397.08,421.66,424.01,420.15
3510,323.42,325.07,335.49,347.75,356.39,373.52,383.34,397.09,421.65,423.47,420.14
3511,323.42,325.07,335.48,347.75,356.4,373.52,383.35,397.09,421.66,423.17,420.12
3512,323.42,325.07,335.48,347.76,356.39,373.52,383.36,397.09,421.67,423.08,420.1
3513,323.41,325.07,335.48,347.75,356.39,373.53,383.37,397.09,421.66,422.74,420.08
3514,323.41,325.07,335.48,347.76,356.4,373.53,383.38,397.09,421.67,422.64,420.09
3515,323.41,325.08,335.49,347.76,356.41,373.53,383.39,397.1,421.66,422.44,420.12
3516,323.4,325.07,335.48,347.75,356.41,373.53,383.39,397.09,421.67,422.48,420.16
3517,323.4,325.07,335.48,347.75,356.41,373.54,383.39,397.09,421.67,422.23,420.19
3518,323.39,325.06,335.47,347.74,356.41,373.55,383.38,397.1,421.66,421.69,420.22
3519,323.38,325.07,335.47,347.73,356.41,373.55,383.39,397.09,421.67,421.63,420.26
3520,323.38,325.06,335.47,347.74,356.4,373.55,383.39,397.11,421.67,421.85,420.31
3521,323.38,325.06,335.47,347.73,356.41,373.56,383.4,397.1,421.68,422.26,420.38
3522,323.38,325.07,335.47,347.73,356.41,373.55,383.4,397.1,421.69,422.68,420.44
3523,323.37,325.06,335.47,347.73,356.41,373.55,383.41,397.11,421.7,423.0,420.52
3524,323.37,325.06,335.46,347.73,356.41,373.56,383.4,397.11,421.71,423.09,420.64
3525,323.37,325.06,335.46,347.72,356.42,373.56,383.41,397.11,421.73,422.93,420.75
3526,323.36,325.06,335.46,347.72,356.42,373.56,383.41,397.11,421.73,422.57,420.8
3527,323.36,325.05,335.46,347.72,356.42,373.57,383.41,397.11,421.74,422.52,420.86
3528,323.34,325.05,335.45,347.73,356.4,373.58,383.41,397.13,421.73,422.47,420.89
3529,323.34,325.03,335.44,347.72,356.4,373.58,383.4,397.14,421.74,422.71,420.93
3530,323.34,325.04,335.44,347.72,356.41,373.58,383.4,397.13,421.75,422.84,420.97
3531,323.34,325.05,335.45,347.73,356.42,373.59,383.41,397.15,421.75,423.03,420.99
3532,323.34,325.04,335.45,347.73,356.41,373.59,383.41,397.14,421.75,423.28,420.99
3533,323.33,325.04,335.44,347.72,356.41,373.6,383.4,397.14,421.77,423.89,421.01
3534,323.33,325.03,335.43,347.72,356.41,373.59,383.4,397.14,421.77,424.21,421.05
3535,323.33,325.03,335.43,347.72,356.41,373.59,383.41,397.14,421.78,424.14,421.09
3536,323.33,325.03,335.44,347.72,356.42,373.59,383.41,397.14,421.79,423.85,421.11
3537,323.32,325.02,335.43,347.73,356.42,373.61,383.41,397.14,421.79,423.57,421.11
3538,323.33,325.02,335.42,347.72,356.41,373.6,383.4,397.14,421.79,423.51,421.07
3539,323.32,325.02,335.43,347.73,356.41,373.61,383.4,397.15,421.79,423.4,421.01
3540,323.33,325.02,335.43,347.73,356.41,373.61,383.41,397.16,421.8,423.43,420.93
3541,323.32,325.01,335.43,347.73,356.42,373.6,383.41,397.16,421.8,423.43,420.86
3542,323.33,325.01,335.44,347.73,356.43,373.61,383.42,397.16,421.8,423.73,420.75
3543,323.32,325.01,335.45,347.72,356.43,373.61,383.42,397.16,421.8,423.99,420.62
3544,323.32,325.01,335.44,347.72,356.43,373.61,383.42,397.17,421.8,424.37,420.53
3545,323.32,325.01,335.44,347.73,356.43,373.62,383.43,397.18,421.8,424.6,420.46
3546,323.32,325.0,335.44,347.74,356.43,373.62,383.43,397.19,421.8,424.31,420.42
3547,323.32,325.01,335.44,347.73,356.43,373.63,383.43,397.19,421.79,424.13,420.39
3548,323.31,325.0,335.43,347.74,356.43,373.63,383.43,397.19,421.78,424.26,420.34
3549,323.31,325.0,335.44,347.73,356.44,373.63,383.44,397.2,421.79,424.95,420.29
3550,323.3,325.0,335.43,347.74,356.44,373.63,383.44,397.21,421.78,425.47,420.24
3551,323.3,324.99,335.43,347.73,356.44,373.63,383.43,397.21,421.77,425.66,420.22
3552,323.31,324.99,335.43,347.74,356.44,373.64,383.44,397.21,421.78,425.79,420.21
3553,323.3,325.0,335.43,347.74,356.45,373.64,383.45,397.22,421.78,425.9,420.21
3554,323.3,325.0,335.43,347.74,356.45,373.64,383.44,397.22,421.78,425.73,420.2
3555,323.29,324.99,335.42,347.74,356.45,373.64,383.46,397.22,421.78,425.57,420.18
3556,323.29,324.99,335.42,347.75,356.45,373.65,383.46,397.23,421.77,425.65,420.16
3557,323.29,324.98,335.41,347.75,356.45,373.64,383.46,397.23,421.79,425.52,420.15
3558,323.29,324.98,335.41,347.75,356.45,373.64,383.47,397.25,421.78,425.69,420.16
3559,323.29,324.98,335.41,347.75,356.45,373.64,383.49,397.24,421.78,426.01,420.14
3560,323.29,324.98,335.41,347.74,356.46,373.64,383.5,397.24,421.79,426.32,420.11
3561,323.28,324.97,335.41,347.76,356.46,373.64,383.51,397.24,421.78,426.39,420.07
3562,323.28,324.96,335.4,347.75,356.46,373.65,383.51,397.25,421.79,426.44,420.04
3563,323.27,324.96,335.4,347.76,356.46,373.65,383.52,397.25,421.79,426.61,420.01
3564,323.26,324.95,335.39,347.76,356.45,373.66,383.52,397.26,421.78,426.92,420.0
3565,323.26,324.94,335.39,347.74,356.46,373.65,383.53,397.26,421.78,427.09,420.01
3566,323.25,324.94,335.4,347.75,356.46,373.66,383.53,397.27,421.78,426.86,420.03
3567,323.25,324.94,335.4,347.76,356.45,373.67,383.52,397.27,421.78,426.97,420.05
3568,323.25,324.93,335.39,347.76,356.46,373.67,383.53,397.27,421.78,427.27,420.08
3569,323.24,324.93,335.39,347.75,356.46,373.67,383.53,397.28,421.78,427.84,420.12
3570,323.24,324.91,335.39,347.75,356.46,373.67,383.53,397.27,421.79,428.23,420.18
3571,323.23,324.91,335.38,347.75,356.47,373.67,383.53,397.27,421.8,428.02,420.21
3572,323.22,324.91,335.38,347.75,356.46,373.68,383.54,397.28,421.79,427.55,420.21
3573,323.22,324.9,335.38,347.74,356.45,373.67,383.53,397.28,421.8,427.08,420.21
3574,323.22,324.91,335.38,347.74,356.46,373.67,383.54,397.28,421.81,426.64,420.22
3575,323.22,324.9,335.38,347.74,356.46,373.68,383.55,397.28,421.81,426.43,420.25
3576,323.21,324.9,335.38,347.74,356.47,373.68,383.55,397.29,421.82,426.41,420.29
3577,323.21,324.9,335.38,347.73,356.47,373.68,383.54,397.3,421.82,425.97,420.29
3578,323.2,324.9,335.38,347.72,356.47,373.68,383.55,397.3,421.82,425.69,420.26
3579,323.2,324.89,335.37,347.72,356.47,373.69,383.54,397.3,421.82,425.68,420.2
3580,323.19,324.88,335.37,347.73,356.48,373.69,383.54,397.3,421.82,425.52,420.16
3581,323.2,324.89,335.37,347.72,356.48,373.69,383.55,397.29,421.82,425.41,420.12
3582,323.2,324.89,335.38,347.73,356.48,373.69,383.54,397.3,421.82,425.82,420.1
3583,323.2,324.89,335.38,347.73,356.48,373.69,383.54,397.31,421.83,426.18,420.11
3584,323.21,324.89,335.39,347.73,356.5,373.7,383.55,397.32,421.84,426.59,420.13
3585,323.21,324.88,335.39,347.74,356.5,373.71,383.55,397.32,421.83,426.87,420.16
3586,323.21,324.89,335.39,347.75,356.49,373.72,383.56,397.33,421.84,426.95,420.21
3587,323.21,324.88,335.4,347.74,356.5,373.72,383.56,397.33,421.84,426.97,420.25
3588,323.2,324.89,335.39,347.74,356.5,373.72,383.56,397.33,421.85,427.05,420.29
3589,323.2,324.89,335.39,347.75,356.5,373.72,383.57,397.33,421.85,427.08,420.3
3590,323.19,324.88,335.38,347.75,356.49,373.72,383.55,397.34,421.84,427.09,420.32
3591,323.19,324.87,335.38,347.75,356.49,373.73,383.56,397.35,421.84,427.23,420.34
3592,323.17,324.87,335.37,347.75,356.48,373.73,383.55,397.35,421.84,428.01,420.36
3593,323.18,324.87,335.37,347.75,356.49,373.73,383.56,397.35,421.85,427.58,420.41
3594,323.19,324.88,335.37,347.75,356.5,373.73,383.57,397.36,421.85,426.8,420.47
3595,323.17,324.87,335.37,347.76,356.5,373.74,383.57,397.37,421.86,426.69,420.53
3596,323.18,324.87,335.37,347.75,356.5,373.74,383.58,397.37,421.87,426.56,420.58
3597,323.18,324.87,335.36,347.76,356.51,373.74,383.6,397.37,421.88,426.57,420.58
3598,323.18,324.87,335.37,347.76,356.51,373.73,383.61,397.36,421.87,426.61,420.56
3599,323.18,324.88,335.37,347.76,356.51,373.73,383.63,397.36,421.89,426.53,420.54
3600,323.18,324.87,335.36,347.77,356.51,373.73,383.63,397.37,421.89,426.56,420.54
3601,323.17,324.86,335.37,347.77,356.52,373.74,383.64,397.37,421.89,426.88,420.54
3602,323.17,324.87,335.37,347.77,356.53,373.74,383.65,397.37,421.91,426.97,420.54
3603,323.17,324.87,335.37,347.75,356.53,373.74,383.65,397.38,421.91,427.3,420.55
3604,323.16,324.86,335.37,347.75,356.53,373.75,383.66,397.39,421.92,427.17,420.57
3605,323.15,324.85,335.36,347.75,356.52,373.76,383.66,397.38,421.92,426.91,420.6
3606,323.13,324.85,335.35,347.75,356.52,373.77,383.66,397.38,421.92,426.82,420.59
3607,323.13,324.85,335.36,347.74,356.53,373.77,383.66,397.39,421.92,426.71,420.6
3608,323.13,324.85,335.36,347.75,356.52,373.78,383.66,397.4,421.92,426.44,420.6
3609,323.13,324.84,335.35,347.74,356.53,373.78,383.66,397.4,421.92,425.99,420.61
3610,323.12,324.84,335.36,347.74,356.53,373.78,383.66,397.4,421.93,425.83,420.61
3611,323.13,324.84,335.35,347.74,356.53,373.78,383.66,397.4,421.93,425.83,420.63
3612,323.12,324.83,335.34,347.74,356.53,373.8,383.66,397.41,421.93,425.73,420.63
3613,323.12,324.83,335.35,347.75,356.52,373.8,383.66,397.42,421.93,425.3,420.63
3614,323.11,324.83,335.34,347.75,356.52,373.8,383.66,397.42,421.94,425.02,420.56
3615,323.11,324.83,335.34,347.74,356.52,373.8,383.67,397.42,421.93,425.19,420.46
3616,323.11,324.83,335.35,347.75,356.52,373.8,383.67,397.42,421.94,425.22,420.39
3617,323.11,324.84,335.34,347.74,356.53,373.8,383.68,397.42,421.94,425.57,420.33
3618,323.11,324.83,335.35,347.74,356.54,373.81,383.68,397.43,421.94,425.82,420.27
3619,323.1,324.82,335.34,347.74,356.53,373.81,383.68,397.43,421.94,426.09,420.19
3620,323.11,324.83,335.35,347.75,356.54,373.82,383.69,397.43,421.94,426.04,420.15
3621,323.09,324.83,335.34,347.75,356.53,373.82,383.69,397.44,421.93,425.84,420.09
3622,323.09,324.82,335.33,347.75,356.53,373.82,383.69,397.44,421.92,425.74,420.07
3623,323.08,324.82,335.33,347.75,356.53,373.82,383.69,397.44,421.92,425.71,420.0
3624,323.08,324.81,335.33,347.74,356.52,373.82,383.68,397.44,421.92,425.76,419.93
3625,323.08,324.82,335.33,347.74,356.53,373.82,383.69,397.45,421.92,425.61,419.89
3626,323.08,324.81,335.32,347.74,356.53,373.83,383.69,397.46,421.92,425.55,419.86
3627,323.08,324.82,335.33,347.74,356.54,373.83,383.7,397.46,421.92,425.56,419.81
3628,323.08,324.81,335.33,347.74,356.53,373.83,383.7,397.46,421.92,425.61,419.76
3629,323.08,324.81,335.33,347.74,356.54,373.83,383.72,397.46,421.91,425.73,419.73
3630,323.08,324.82,335.33,347.74,356.54,373.83,383.71,397.46,421.91,425.61,419.69
3631,323.07,324.8,335.33,347.74,356.54,373.84,383.71,397.47,421.91,425.37,419.66
3632,323.07,324.8,335.32,347.74,356.54,373.85,383.71,397.48,421.89,425.09,419.59
3633,323.06,324.8,335.32,347.75,356.54,373.84,383.72,397.48,421.88,424.82,419.5
3634,323.05,324.79,335.32,347.75,356.54,373.85,383.72,397.49,421.88,424.85,419.42
3635,323.05,324.78,335.31,347.74,356.54,373.85,383.72,397.49,421.87,425.0,419.33
3636,323.07,324.78,335.32,347.74,356.55,373.84,383.73,397.49,421.88,425.06,419.27
3637,323.06,324.79,335.32,347.75,356.56,373.85,383.75,397.5,421.87,425.05,419.19
3638,323.06,324.78,335.32,347.75,356.55,373.86,383.75,397.5,421.88,425.13,419.15
3639,323.06,324.79,335.32,347.75,356.56,373.85,383.76,397.5,421.89,425.39,419.14
3640,323.05,324.78,335.34,347.75,356.57,373.85,383.76,397.51,421.88,425.55,419.12
3641,323.05,324.77,335.32,347.76,356.56,373.85,383.75,397.51,421.87,425.61,419.12
3642,323.04,324.77,335.32,347.76,356.56,373.85,383.77,397.51,421.87,425.58,419.17
3643,323.05,324.77,335.32,347.75,356.57,373.87,383.77,397.53,421.87,425.84,419.23
3644,323.04,324.77,335.32,347.76,356.57,373.86,383.77,397.53,421.88,426.33,419.29
3645,323.04,324.76,335.32,347.76,356.57,373.87,383.77,397.53,421.89,426.76,419.36
3646,323.04,324.76,335.32,347.77,356.58,373.88,383.78,397.54,421.89,426.79,419.44
3647,323.05,324.76,335.32,347.78,356.58,373.88,383.79,397.56,421.89,426.69,419.5
3648,323.03,324.76,335.33,347.78,356.59,373.87,383.79,397.54,421.89,426.76,419.52
3649,323.03,324.74,335.31,347.77,356.57,373.87,383.78,397.55,421.89,426.66,419.53
3650,323.03,324.74,335.32,347.77,356.58,373.88,383.79,397.55,421.9,426.44,419.55
3651,323.03,324.74,335.32,347.77,356.59,373.87,383.8,397.56,421.9,426.38,419.51
3652,323.02,324.74,335.31,347.77,356.59,373.88,383.8,397.55,421.9,426.29,419.49
3653,323.02,324.74,335.31,347.78,356.58,373.88,383.81,397.56,421.91,425.18,419.45
3654,323.02,324.74,335.31,347.77,356.58,373.88,383.8,397.57,421.9,424.24,419.44
3655,323.02,324.74,335.32,347.77,356.59,373.88,383.82,397.56,421.89,424.02,419.41
3656,323.02,324.73,335.32,347.77,356.59,373.89,383.82,397.57,421.89,424.06,419.39
3657,323.01,324.73,335.32,347.78,356.59,373.89,383.83,397.57,421.89,424.08,419.42
3658,323.01,324.73,335.32,347.77,356.59,373.9,383.83,397.58,421.9,423.6,419.44
3659,323.01,324.73,335.31,347.79,356.59,373.9,383.82,397.59,421.89,423.26,419.5
3660,323.01,324.73,335.31,347.78,356.59,373.9,383.84,397.59,421.9,423.2,419.56
3661,323.0,324.72,335.31,347.79,356.59,373.92,383.84,397.6,421.9,423.2,419.6
3662,323.0,324.72,335.3,347.79,356.6,373.92,383.84,397.6,421.9,423.38,419.61
3663,323.01,324.73,335.31,347.79,356.6,373.92,383.84,397.6,421.91,423.37,419.61
3664,323.0,324.72,335.31,347.8,356.6,373.93,383.85,397.61,421.92,423.55,419.63
3665,323.0,324.73,335.31,347.8,356.6,373.94,383.84,397.62,421.92,423.51,419.64
3666,323.0,324.72,335.3,347.8,356.6,373.94,383.84,397.63,421.92,423.38,419.66
3667,322.99,324.72,335.31,347.8,356.59,373.93,383.86,397.62,421.92,423.44,419.66
3668,322.99,324.72,335.3,347.8,356.6,373.92,383.85,397.63,421.92,423.7,419.64
3669,322.99,324.72,335.3,347.8,356.61,373.93,383.87,397.62,421.94,423.82,419.59
3670,322.98,324.73,335.3,347.81,356.61,373.94,383.86,397.64,421.93,423.67,419.57
3671,322.98,324.72,335.29,347.81,356.61,373.94,383.86,397.63,421.93,423.86,419.55
3672,322.98,324.71,335.29,347.81,356.6,373.95,383.86,397.64,421.93,423.99,419.55
3673,322.98,324.71,335.28,347.81,356.61,373.95,383.86,397.64,421.94,424.19,419.55
3674,322.97,324.72,335.29,347.8,356.62,373.95,383.87,397.64,421.94,424.4,419.57
3675,322.96,324.72,335.29,347.81,356.61,373.95,383.87,397.65,421.93,424.31,419.61
3676,322.97,324.71,335.29,347.8,356.62,373.94,383.87,397.65,421.93,424.43,419.67
3677,322.97,324.72,335.28,347.81,356.62,373.96,383.88,397.65,421.95,424.52,419.73
3678,322.97,324.71,335.29,347.81,356.62,373.96,383.89,397.66,421.96,424.22,419.77
3679,322.96,324.71,335.29,347.81,356.62,373.96,383.9,397.66,421.95,423.73,419.78
3680,322.96,324.71,335.28,347.81,356.62,373.96,383.89,397.66,421.96,423.45,419.76
3681,322.97,324.71,335.28,347.81,356.63,373.97,383.9,397.67,421.96,423.36,419.73
3682,322.96,324.71,335.28,347.81,356.63,373.98,383.9,397.67,421.96,423.16,419.69
3683,322.95,324.71,335.29,347.81,356.63,373.98,383.9,397.67,421.97,422.94,419.63
3684,322.96,324.71,335.29,347.81,356.64,373.99,383.91,397.68,421.97,422.84,419.58
3685,322.95,324.72,335.29,347.82,356.64,373.99,383.93,397.69,421.97,422.99,419.53
3686,322.94,324.7,335.29,347.81,356.63,373.97,383.92,397.69,421.96,423.29,419.48
3687,322.95,324.71,335.29,347.81,356.64,373.99,383.93,397.69,421.97,423.66,419.48
3688,322.95,324.71,335.28,347.81,356.64,373.99,383.92,397.69,421.96,424.16,419.52
3689,322.95,324.7,335.28,347.81,356.64,373.99,383.92,397.7,421.97,424.52,419.59
3690,322.95,324.7,335.28,347.82,356.64,373.99,383.92,397.7,421.97,424.68,419.67
3691,322.93,324.69,335.27,347.82,356.64,373.99,383.92,397.71,421.97,424.96,419.76
3692,322.94,324.7,335.28,347.83,356.66,374.0,383.92,397.72,421.99,425.3,419.86
3693,322.94,324.7,335.28,347.82,356.65,374.01,383.92,397.72,422.0,425.49,419.95
3694,322.94,324.69,335.28,347.82,356.65,374.01,383.91,397.73,422.01,425.46,420.03
3695,322.94,324.68,335.28,347.81,356.65,374.01,383.9,397.72,422.02,425.06,420.17
3696,322.92,324.68,335.27,347.81,356.65,374.02,383.89,397.73,422.03,424.72,420.27
3697,322.92,324.67,335.28,347.82,356.65,374.03,383.9,397.73,422.04,424.48,420.3
3698,322.93,324.68,335.28,347.81,356.65,374.02,383.91,397.74,422.05,423.99,420.32
3699,322.92,324.68,335.28,347.81,356.66,374.03,383.91,397.74,422.06,423.68,420.35
3700,322.92,324.67,335.29,347.82,356.67,374.03,383.92,397.74,422.07,423.42,420.36
3701,322.91,324.68,335.28,347.81,356.66,374.04,383.92,397.74,422.08,423.31,420.37
3702,322.92,324.67,335.28,347.82,356.66,374.04,383.92,397.75,422.08,423.55,420.38
3703,322.92,324.67,335.28,347.83,356.67,374.04,383.93,397.76,422.08,423.6,420.37
3704,322.91,324.67,335.28,347.82,356.67,374.03,383.92,397.75,422.08,423.37,420.31
3705,322.89,324.67,335.27,347.82,356.67,374.04,383.94,397.76,422.08,423.08,420.25
3706,322.9,324.67,335.27,347.82,356.66,374.04,383.93,397.76,422.08,422.74,420.22
3707,322.88,324.67,335.27,347.83,356.67,374.04,383.95,397.76,422.07,422.74,420.21
3708,322.88,324.66,335.26,347.83,356.66,374.05,383.94,397.77,422.07,422.73,420.23
3709,322.89,324.67,335.27,347.83,356.67,374.04,383.96,397.77,422.07,422.86,420.23
3710,322.89,324.66,335.27,347.82,356.67,374.04,383.97,397.78,422.07,422.98,420.22
3711,322.88,324.66,335.25,347.83,356.67,374.04,383.96,397.78,422.07,422.96,420.18
3712,322.88,324.65,335.26,347.82,356.67,374.05,383.98,397.78,422.07,422.92,420.14
3713,322.88,324.66,335.26,347.82,356.68,374.05,383.99,397.79,422.07,422.99,420.09
3714,322.88,324.66,335.26,347.82,356.68,374.06,384.0,397.79,422.07,422.93,420.09
3715,322.87,324.65,335.26,347.83,356.68,374.07,384.0,397.79,422.06,422.84,420.12
3716,322.88,324.66,335.26,347.83,356.68,374.07,384.01,397.8,422.06,422.74,420.15
3717,322.86,324.66,335.26,347.84,356.68,374.07,384.0,397.79,422.05,422.62,420.15
3718,322.86,324.66,335.24,347.83,356.68,374.07,384.01,397.81,422.06,422.29,420.17
3719,322.86,324.65,335.25,347.83,356.68,374.07,384.01,397.8,422.06,422.08,420.17
3720,322.86,324.65,335.25,347.83,356.68,374.07,384.01,397.8,422.06,422.0,420.2
3721,322.86,324.65,335.26,347.83,356.69,374.07,384.01,397.81,422.06,422.07,420.21
3722,322.86,324.65,335.25,347.84,356.7,374.08,384.01,397.81,422.07,422.36,420.22
3723,322.85,324.65,335.26,347.84,356.7,374.08,384.02,397.82,422.08,422.54,420.22
3724,322.86,324.65,335.26,347.84,356.7,374.08,384.02,397.83,422.08,422.69,420.2
3725,322.86,324.66,335.26,347.84,356.72,374.09,384.02,397.83,422.08,422.79,420.18
3726,322.84,324.65,335.26,347.84,356.7,374.09,384.02,397.83,422.07,422.79,420.12
3727,322.84,324.65,335.25,347.85,356.7,374.1,384.01,397.84,422.06,422.88,420.02
3728,322.85,324.65,335.26,347.84,356.71,374.11,384.02,397.84,422.07,423.11,419.94
3729,322.85,324.66,335.27,347.84,356.72,374.11,384.02,397.84,422.06,423.4,419.85
3730,322.84,324.66,335.27,347.84,356.72,374.11,384.02,397.85,422.04,423.54,419.79
3731,322.85,324.65,335.27,347.84,356.72,374.11,384.03,397.85,422.04,423.66,419.74
3732,322.85,324.65,335.26,347.84,356.72,374.11,384.02,397.85,422.03,423.67,419.74
3733,322.84,324.65,335.27,347.85,356.73,374.13,384.03,397.86,422.02,423.7,419.73
3734,322.84,324.64,335.27,347.85,356.73,374.13,384.04,397.86,422.03,423.6,419.7
3735,322.84,324.65,335.26,347.85,356.72,374.12,384.03,397.86,422.01,423.53,419.65
3736,322.83,324.65,335.27,347.85,356.72,374.14,384.04,397.88,422.01,423.43,419.57
3737,322.83,324.63,335.26,347.85,356.73,374.15,384.04,397.88,422.0,423.08,419.48
3738,322.83,324.64,335.27,347.85,356.72,374.15,384.05,397.88,421.99,421.5,419.39
3739,322.82,324.64,335.27,347.85,356.73,374.15,384.05,397.86,421.91,419.32,419.27
3740,322.82,324.64,335.27,347.85,356.74,374.15,384.04,397.86,421.73,416.67,418.94
3741,322.81,324.62,335.27,347.85,356.74,374.16,384.03,397.85,421.52,412.71,418.38
3742,322.82,324.62,335.27,347.85,356.74,374.17,384.05,397.83,421.39,409.36,417.89
3743,322.82,324.63,335.28,347.86,356.76,374.18,384.04,397.84,421.24,407.46,417.34
3744,322.82,324.61,335.29,347.86,356.77,374.19,384.05,397.82,421.09,405.73,416.74
3745,322.81,324.62,335.28,347.88,356.77,374.2,384.05,397.82,420.93,403.86,416.13
