{
  "train_loss": [
    373.0878030887921,
    209.2541437565869,
    168.58851816087736,
    144.1218799010649,
    125.1484304121596
  ],
  "train_mae": [
    0.2637656958840452,
    0.19939753869343385,
    0.1721933876659147,
    0.15325341259829903,
    0.1441733790680918
  ],
  "train_mse": [
    0.17123408457787656,
    0.09476915747967846,
    0.07378653873760783,
    0.05952220970248749,
    0.05032065620623233
  ],
  "train_mae_physical": [
    2.0926213965304696,
    1.5355590451049679,
    1.3193850089091046,
    1.1724546819073254,
    1.0955025119645165
  ],
  "train_mse_physical": [
    11.639087887057888,
    5.543799116115526,
    4.223040405755133,
    3.3851590548108526,
    2.8252366037498837
  ],
  "train_physics_loss": [
    273639.9999589221,
    162025.7044780028,
    132302.67548985378,
    114807.17801357624,
    101292.55150011297
  ],
  "train_soft_penalty": [
    0.0,
    0.0,
    0.0,
    0.0,
    0.0
  ],
  "train_excess_penalty": [
    13549993093675.242,
    6026456170226.792,
    4711345676317.613,
    3895318431316.6323,
    3316899940339.2124
  ],
  "train_power_balance_loss": [
    198368.03984049265,
    94058.0638919947,
    72227.28250227372,
    58322.883417716825,
    47423.39906761829
  ],
  "val_loss": [
    243.39942066081633,
    196.87163633957027,
    251.34118249843533,
    255.51778905497576,
    290.287063090396
  ],
  "val_mae": [
    0.22934951967521247,
    0.1827728002293643,
    0.18311332839086172,
    0.17776016380415394,
    0.1649757275046926
  ],
  "val_mse": [
    0.11002882004888075,
    0.07147138880438829,
    0.06421279523430383,
    0.05793066489689229,
    0.04895490431761623
  ],
  "val_mae_physical": [
    1.7523830557216364,
    1.4175562207768193,
    1.453123904068656,
    1.4537495535329144,
    1.3396701368219455
  ],
  "val_mse_physical": [
    5.854677374864063,
    3.6709460308960713,
    3.7088676702693264,
    3.8320210762036706,
    2.975322381415009
  ],
  "val_physics_loss": [
    242391.06896654863,
    191297.71528940945,
    250083.33741804652,
    253405.9082988371,
    253802.68528964874
  ],
  "val_soft_penalty": [
    0.0,
    0.0,
    0.0,
    0.0,
    0.0
  ],
  "val_excess_penalty": [
    9439270979568.318,
    6149342116269.647,
    9991505337477.293,
    10307424652226.842,
    8481097994322.879
  ],
  "val_power_balance_loss": [
    1557.9805566191908,
    10782.278489311006,
    2149.4388957325623,
    3868.2159554681116,
    72638.77758884495
  ]
}