time,ir_center,ir_bulk,ir_p95,ir_p99,ir_p25,ir_std,ir_grad,ir_area
1.0,377.5255126953125,373.3599853515625,377.55999755859375,379.1600036621094,250.45999145507812,67.89585876464844,-1.245513916015625,109882
2.0,377.2415466308594,373.1999816894531,377.29998779296875,378.8399963378906,252.0,67.02751159667969,-1.16156005859375,109882
3.0,377.3133544921875,373.1399841308594,377.29998779296875,378.94000244140625,253.17999267578125,66.45772552490234,-1.27337646484375,109882
4.0,377.2225646972656,373.1199951171875,377.239990234375,378.8599853515625,253.57998657226562,66.04914093017578,-1.20257568359375,109882
5.0,377.1037292480469,373.0799865722656,377.1399841308594,378.7200012207031,254.29998779296875,65.77115631103516,-1.2037353515625,109882
6.0,377.0768127441406,373.03997802734375,377.1399841308594,378.67999267578125,255.44000244140625,65.09933471679688,-1.17681884765625,109882
7.0,376.9576110839844,373.0199890136719,377.1600036621094,378.67999267578125,255.63998413085938,64.80003356933594,-1.0576171875,109882
8.0,377.11383056640625,373.03997802734375,377.1600036621094,378.7599792480469,256.53997802734375,64.1680679321289,-1.19384765625,109882
9.0,377.0242004394531,373.0199890136719,377.1199951171875,378.67999267578125,257.3800048828125,63.721961975097656,-1.12420654296875,109882
10.0,377.05499267578125,372.97998046875,377.1199951171875,378.7200012207031,257.91998291015625,63.45367431640625,-1.175018310546875,109882
11.0,377.1806335449219,373.03997802734375,377.1600036621094,378.8199768066406,258.55999755859375,63.26190185546875,-1.260650634765625,109882
12.0,377.09161376953125,373.03997802734375,377.1199951171875,378.7200012207031,258.6399841308594,63.38078308105469,-1.211639404296875,109882
13.0,377.0765075683594,372.97998046875,377.0999755859375,378.67999267578125,258.92498779296875,63.0824089050293,-1.196533203125,109882
14.0,377.25927734375,373.0,377.1399841308594,378.8399963378906,259.3800048828125,63.11369323730469,-1.33929443359375,109882
15.0,377.3770446777344,373.1199951171875,377.239990234375,378.8999938964844,259.6399841308594,62.913169860839844,-1.3570556640625,109882
16.0,377.2138671875,373.0999755859375,377.17999267578125,378.8999938964844,259.4599914550781,62.87470245361328,-1.23388671875,109882
17.0,377.19854736328125,373.0799865722656,377.1600036621094,378.739990234375,260.1399841308594,62.41958999633789,-1.21856689453125,109882
18.0,377.16925048828125,373.0199890136719,377.1199951171875,378.79998779296875,260.8999938964844,62.00325012207031,-1.269256591796875,109882
19.0,376.9983215332031,373.05999755859375,377.1399841308594,378.7200012207031,261.6449890136719,61.579925537109375,-1.078338623046875,109882
20.0,376.7857360839844,372.97998046875,376.97998046875,378.5,261.47998046875,61.81188201904297,-0.985748291015625,109882
21.0,376.8993225097656,372.8799743652344,376.8599853515625,378.4599914550781,261.7599792480469,61.516971588134766,-1.1793212890625,109882
22.0,377.3246154785156,373.03997802734375,377.1600036621094,378.8399963378906,261.6999816894531,61.612937927246094,-1.3646240234375,109882
23.0,377.4819030761719,373.0799865722656,377.17999267578125,378.8799743652344,262.6999816894531,61.01903533935547,-1.4619140625,109882
24.0,377.2929992675781,372.97998046875,377.05999755859375,378.8399963378906,263.0799865722656,60.68984603881836,-1.41302490234375,109882
25.0,377.2100830078125,373.0,377.1399841308594,378.8399963378906,263.2649841308594,60.66545104980469,-1.310089111328125,109882
26.0,377.59320068359375,373.0999755859375,377.3599853515625,379.1399841308594,262.97998046875,60.865318298339844,-1.49322509765625,109882
27.0,377.5161437988281,373.0999755859375,377.29998779296875,379.0799865722656,263.385009765625,60.662967681884766,-1.476165771484375,109882
28.0,377.6239929199219,373.17999267578125,377.41998291015625,379.2200012207031,263.47998046875,60.71586990356445,-1.4840087890625,109882
29.0,377.6797180175781,373.0799865722656,377.3399963378906,379.239990234375,263.7200012207031,60.785194396972656,-1.579742431640625,109882
30.0,377.5347595214844,373.0,377.239990234375,379.03997802734375,263.739990234375,60.729652404785156,-1.5147705078125,109882
31.0,377.4149475097656,373.05999755859375,377.1600036621094,378.8999938964844,263.94500732421875,60.80159378051758,-1.414947509765625,109882
32.0,376.97247314453125,372.97998046875,376.97998046875,378.6199951171875,264.2200012207031,60.46390151977539,-1.1724853515625,109882
33.0,376.9313659667969,372.91998291015625,377.0,378.5999755859375,264.8599853515625,60.08930587768555,-1.191375732421875,109882
34.0,377.43634033203125,372.94000244140625,377.05999755859375,378.8399963378906,265.05999755859375,59.89536666870117,-1.616363525390625,109882
35.0,377.4270324707031,373.0,377.0999755859375,378.8399963378906,265.55999755859375,60.00013732910156,-1.54705810546875,109882
36.0,377.5537109375,373.05999755859375,377.239990234375,379.03997802734375,264.9849853515625,60.26609802246094,-1.593719482421875,109882
37.0,377.2882995605469,373.0799865722656,377.239990234375,378.91998291015625,264.8599853515625,60.4487419128418,-1.308319091796875,109882
38.0,377.13604736328125,373.0799865722656,377.1399841308594,378.7799987792969,265.0,60.184242248535156,-1.216064453125,109882
39.0,377.1473083496094,372.91998291015625,377.0,378.739990234375,265.7799987792969,59.64850616455078,-1.347320556640625,109882
40.0,376.85186767578125,372.8799743652344,376.8799743652344,378.47998046875,266.5199890136719,59.12687301635742,-1.151885986328125,109882
41.0,377.0120544433594,372.94000244140625,376.97998046875,378.6199951171875,266.6600036621094,58.99757385253906,-1.2320556640625,109882
42.0,377.135986328125,372.97998046875,377.03997802734375,378.739990234375,266.8199768066406,58.95122528076172,-1.295989990234375,109882
43.0,377.27069091796875,373.05999755859375,377.17999267578125,378.8799743652344,266.79998779296875,58.774452209472656,-1.3306884765625,109882
44.0,377.3372802734375,373.0999755859375,377.239990234375,378.9599914550781,266.8599853515625,58.7337532043457,-1.377288818359375,109882
45.0,377.68603515625,373.03997802734375,377.2799987792969,379.2200012207031,266.8399963378906,58.9140625,-1.68603515625,109882
46.0,377.50982666015625,373.0799865722656,377.2200012207031,379.0,266.47998046875,59.12862777709961,-1.52984619140625,109882
47.0,377.5844421386719,373.0999755859375,377.2200012207031,378.97998046875,266.7049865722656,59.14548110961914,-1.604461669921875,109882
48.0,377.45648193359375,373.05999755859375,377.1999816894531,378.94000244140625,267.385009765625,58.65895462036133,-1.47650146484375,109882
49.0,377.2369079589844,373.0,377.1199951171875,378.7599792480469,267.79998779296875,58.415565490722656,-1.376922607421875,109882
50.0,377.3365783691406,373.0,377.1399841308594,378.8199768066406,267.8599853515625,58.34841537475586,-1.45660400390625,109882
51.0,377.4320373535156,373.0199890136719,377.2200012207031,378.9599914550781,267.47998046875,58.67158126831055,-1.4720458984375,109882
52.0,377.403564453125,373.0,377.2599792480469,379.0199890136719,267.6999816894531,58.59525680541992,-1.423583984375,109882
53.0,377.40673828125,373.03997802734375,377.29998779296875,379.05999755859375,267.739990234375,58.48240280151367,-1.40673828125,109882
54.0,377.5057067871094,373.1199951171875,377.3199768066406,379.03997802734375,267.7799987792969,58.46944808959961,-1.4857177734375,109882
55.0,377.2810363769531,373.1199951171875,377.1399841308594,378.7799987792969,268.17999267578125,58.247615814208984,-1.321044921875,109882
56.0,377.2376708984375,373.0,377.05999755859375,378.67999267578125,268.0199890136719,58.37082290649414,-1.377685546875,109882
57.0,377.0726623535156,373.0,377.0199890136719,378.5,267.4599914550781,58.706207275390625,-1.232666015625,109882
58.0,377.0900573730469,373.03997802734375,377.03997802734375,378.6600036621094,268.385009765625,58.46525192260742,-1.230072021484375,109882
59.0,377.12017822265625,373.05999755859375,377.0799865722656,378.739990234375,268.1600036621094,58.552032470703125,-1.240203857421875,109882
60.0,377.19720458984375,373.05999755859375,377.1399841308594,378.7599792480469,268.2599792480469,58.48661422729492,-1.2572021484375,109882
61.0,377.3025817871094,373.1399841308594,377.1999816894531,378.7599792480469,268.239990234375,58.61662292480469,-1.302581787109375,109882
62.0,377.389892578125,373.2799987792969,377.3199768066406,378.91998291015625,268.2200012207031,58.692718505859375,-1.229888916015625,109882
63.0,377.03564453125,373.1399841308594,377.0999755859375,378.6600036621094,268.1399841308594,58.597145080566406,-1.11566162109375,109882
64.0,377.1061096191406,373.0999755859375,377.1199951171875,378.6999816894531,268.239990234375,58.3961181640625,-1.186126708984375,109882
65.0,377.1315002441406,373.0,377.0,378.6399841308594,268.97998046875,58.13490676879883,-1.3115234375,109882
66.0,377.2319030761719,372.94000244140625,377.0,378.6999816894531,269.47998046875,57.70621871948242,-1.451904296875,109882
67.0,377.14794921875,372.97998046875,377.0199890136719,378.6600036621094,269.53997802734375,57.79978561401367,-1.307952880859375,109882
68.0,376.9980163574219,372.94000244140625,376.9599914550781,378.5199890136719,269.0849914550781,57.81430435180664,-1.218017578125,109882
69.0,377.05084228515625,373.0,377.0799865722656,378.67999267578125,269.1650085449219,57.85757064819336,-1.210845947265625,109882
70.0,377.07684326171875,373.05999755859375,377.1399841308594,378.7599792480469,269.67999267578125,57.72650909423828,-1.176849365234375,109882
71.0,377.083740234375,373.17999267578125,377.2799987792969,378.8599853515625,269.7250061035156,57.782371520996094,-1.02374267578125,109882
72.0,377.1244812011719,373.3199768066406,377.41998291015625,379.0,269.3399963378906,58.00359344482422,-0.92449951171875,109882
73.0,377.1548156738281,373.1399841308594,377.1999816894531,378.8799743652344,268.6650085449219,58.24469757080078,-1.174835205078125,109882
74.0,377.1526794433594,373.0999755859375,377.1600036621094,378.8599853515625,268.47998046875,58.390079498291016,-1.252685546875,109882
75.0,377.2904052734375,373.1999816894531,377.3399963378906,379.03997802734375,268.7799987792969,58.177635192871094,-1.270416259765625,109882
76.0,377.13641357421875,373.1600036621094,377.3599853515625,378.91998291015625,269.1399841308594,58.026363372802734,-1.096435546875,109882
77.0,376.7752990722656,373.0999755859375,377.1199951171875,378.5999755859375,270.1399841308594,57.31279373168945,-0.915313720703125,109882
78.0,376.89813232421875,373.05999755859375,377.0999755859375,378.6199951171875,270.1600036621094,57.31394958496094,-0.998138427734375,109882
79.0,377.037353515625,373.0,377.0999755859375,378.7799987792969,270.06500244140625,57.26884460449219,-1.157379150390625,109882
80.0,377.16632080078125,373.05999755859375,377.1999816894531,378.8599853515625,270.05999755859375,57.2717399597168,-1.246337890625,109882
81.0,377.1633605957031,373.0999755859375,377.239990234375,378.8399963378906,270.05999755859375,57.39673614501953,-1.183380126953125,109882
82.0,377.0765380859375,373.0999755859375,377.3399963378906,378.97998046875,270.2599792480469,57.38771057128906,-1.0765380859375,109882
83.0,377.283935546875,373.1199951171875,377.239990234375,378.8199768066406,270.67999267578125,57.12357711791992,-1.323944091796875,109882
84.0,377.04833984375,373.2200012207031,377.2799987792969,378.8799743652344,270.2599792480469,57.290409088134766,-1.04833984375,109882
85.0,377.042236328125,373.0799865722656,377.2200012207031,378.97998046875,269.91998291015625,57.56791305541992,-1.082244873046875,109882
86.0,376.9088134765625,373.17999267578125,377.1600036621094,378.7599792480469,270.2599792480469,57.4810791015625,-0.98883056640625,109882
87.0,376.96759033203125,373.2200012207031,377.1600036621094,378.6999816894531,269.9599914550781,57.663509368896484,-0.98760986328125,109882
88.0,376.93292236328125,373.2599792480469,377.1999816894531,378.6600036621094,270.1199951171875,57.44887924194336,-0.912933349609375,109882
89.0,377.0509338378906,373.17999267578125,377.1600036621094,378.6999816894531,270.2200012207031,57.45753479003906,-1.0909423828125,109882
90.0,377.0328369140625,373.1399841308594,377.0999755859375,378.6600036621094,269.6600036621094,57.72200393676758,-1.132843017578125,109882
91.0,377.0339660644531,373.239990234375,377.239990234375,378.739990234375,270.2799987792969,57.35698318481445,-0.993988037109375,109882
92.0,377.0296325683594,373.29998779296875,377.3199768066406,378.91998291015625,270.2799987792969,57.395118713378906,-0.909637451171875,109882
93.0,377.1484069824219,373.3399963378906,377.3999938964844,378.97998046875,270.2599792480469,57.5934944152832,-0.968414306640625,109882
94.0,377.20556640625,373.3799743652344,377.4599914550781,379.03997802734375,270.3599853515625,57.43320083618164,-0.945587158203125,109882
95.0,377.2626953125,373.3599853515625,377.47998046875,379.0,270.6199951171875,57.32501220703125,-1.042694091796875,109882
96.0,377.083251953125,373.44000244140625,377.3999938964844,378.94000244140625,271.1999816894531,56.990013122558594,-0.883270263671875,109882
97.0,377.047607421875,373.3199768066406,377.3599853515625,378.8399963378906,271.6399841308594,56.55718231201172,-0.907623291015625,109882
98.0,377.05517578125,373.2799987792969,377.3399963378906,378.8599853515625,271.6999816894531,56.363346099853516,-0.915191650390625,109882
99.0,377.1250305175781,373.1999816894531,377.2799987792969,378.8599853515625,271.625,56.47038650512695,-1.0450439453125,109882
100.0,377.18658447265625,373.1999816894531,377.3599853515625,379.0,271.239990234375,56.78050994873047,-1.06658935546875,109882
101.0,377.1666259765625,373.1999816894531,377.3199768066406,378.8399963378906,271.0249938964844,57.13577651977539,-1.086639404296875,109882
102.0,377.3301086425781,373.3599853515625,377.4599914550781,379.0,271.04498291015625,57.25527572631836,-1.110107421875,109882
103.0,377.3746032714844,373.41998291015625,377.6600036621094,379.1399841308594,271.1199951171875,57.206634521484375,-1.074615478515625,109882
104.0,377.336669921875,373.3799743652344,377.53997802734375,379.03997802734375,270.94000244140625,57.16538619995117,-1.076690673828125,109882
105.0,377.3116760253906,373.44000244140625,377.55999755859375,379.0799865722656,271.55999755859375,56.848838806152344,-0.99169921875,109882
106.0,377.2502136230469,373.55999755859375,377.6399841308594,379.0799865722656,271.5050048828125,56.78734588623047,-0.890228271484375,109882
107.0,377.2676086425781,373.5,377.5,378.97998046875,271.5799865722656,56.85266876220703,-0.967620849609375,109882
108.0,377.439697265625,373.6199951171875,377.5799865722656,379.1399841308594,271.17999267578125,57.194828033447266,-1.039703369140625,109882
109.0,377.2619323730469,373.3799743652344,377.3599853515625,378.8999938964844,271.03997802734375,57.35718536376953,-1.1019287109375,109882
110.0,377.4087829589844,373.29998779296875,377.2799987792969,378.94000244140625,271.1600036621094,57.12953567504883,-1.288787841796875,109882
111.0,377.3028564453125,373.3399963378906,377.3799743652344,379.0,271.2200012207031,56.909942626953125,-1.142852783203125,109882
112.0,377.25872802734375,373.4599914550781,377.41998291015625,379.0199890136719,271.5199890136719,56.769405364990234,-1.058746337890625,109882
113.0,377.44384765625,373.53997802734375,377.53997802734375,379.1199951171875,271.3999938964844,57.08000564575195,-1.103851318359375,109882
114.0,377.4871520996094,373.44000244140625,377.5799865722656,379.1399841308594,271.42498779296875,57.061763763427734,-1.16717529296875,109882
115.0,377.2995910644531,373.3199768066406,377.5,379.1199951171875,271.5199890136719,56.83742904663086,-1.119598388671875,109882
116.0,377.385986328125,373.3999938964844,377.44000244140625,379.0199890136719,271.44000244140625,57.11102294921875,-1.20599365234375,109882
117.0,377.34124755859375,373.3799743652344,377.3799743652344,379.03997802734375,271.5799865722656,57.116085052490234,-1.22125244140625,109882
118.0,377.4563903808594,373.41998291015625,377.5,379.18377685546875,271.8599853515625,56.8792839050293,-1.25640869140625,109882
119.0,377.450439453125,373.44000244140625,377.5,379.1600036621094,271.44000244140625,56.90088653564453,-1.230438232421875,109882
120.0,377.368408203125,373.53997802734375,377.47998046875,378.9599914550781,271.8199768066406,56.89524841308594,-1.148406982421875,109882
121.0,377.2264709472656,373.44000244140625,377.41998291015625,378.91998291015625,271.8599853515625,56.97415542602539,-1.0064697265625,109882
122.0,377.21380615234375,373.5199890136719,377.5799865722656,379.05999755859375,271.8599853515625,56.75840377807617,-0.893829345703125,109882
123.0,377.4769287109375,373.6999816894531,377.7599792480469,379.29998779296875,272.1000061035156,56.52964782714844,-0.9969482421875,109882
124.0,377.5573425292969,373.79998779296875,377.8199768066406,379.3599853515625,271.94500732421875,56.526771545410156,-1.037353515625,109882
125.0,377.404541015625,373.739990234375,377.6199951171875,379.2200012207031,272.0799865722656,56.571990966796875,-1.004547119140625,109882
126.0,377.3858337402344,373.6399841308594,377.5199890136719,379.05999755859375,272.1000061035156,56.59657669067383,-1.025848388671875,109882
127.0,377.3901062011719,373.6600036621094,377.5999755859375,379.0999755859375,272.625,56.325077056884766,-0.970123291015625,109882
128.0,377.25537109375,373.6399841308594,377.47998046875,378.94000244140625,272.0799865722656,56.68722915649414,-0.935394287109375,109882
129.0,377.44195556640625,373.739990234375,377.7799987792969,379.3799743652344,271.67999267578125,57.09718322753906,-0.9019775390625,109882
130.0,377.3525085449219,373.6999816894531,377.739990234375,379.41998291015625,272.2599792480469,56.952999114990234,-0.83251953125,109882
131.0,377.4061279296875,373.8199768066406,377.8199768066406,379.3199768066406,272.3450012207031,56.65232849121094,-0.826141357421875,109882
132.0,377.4360046386719,373.8199768066406,377.8199768066406,379.3599853515625,272.5199890136719,56.39680480957031,-0.85601806640625,109882
133.0,377.43487548828125,373.8199768066406,377.8999938964844,379.5799865722656,272.2200012207031,56.61543655395508,-0.794891357421875,109882
134.0,377.495849609375,373.7799987792969,377.94000244140625,379.7599792480469,272.2250061035156,56.6944580078125,-0.835845947265625,109882
135.0,377.5588684082031,373.8399963378906,377.8199768066406,379.29998779296875,271.8999938964844,56.83693313598633,-0.89886474609375,109882
136.0,377.4873352050781,373.7799987792969,377.6199951171875,379.0999755859375,271.94000244140625,56.82609558105469,-0.96734619140625,109882
137.0,377.4043884277344,373.6999816894531,377.55999755859375,379.03997802734375,272.3599853515625,56.72523880004883,-0.94439697265625,109882
138.0,377.39093017578125,373.8199768066406,377.8199768066406,379.3199768066406,272.1000061035156,56.62200164794922,-0.730926513671875,109882
139.0,377.52117919921875,373.91998291015625,378.0999755859375,379.55999755859375,272.67999267578125,56.37455368041992,-0.701202392578125,109882
140.0,377.59869384765625,373.91998291015625,377.97998046875,379.44000244140625,272.8249816894531,56.25514602661133,-0.85870361328125,109882
141.0,377.5277404785156,373.8799743652344,377.8799743652344,379.3199768066406,272.6000061035156,56.552467346191406,-0.86773681640625,109882
142.0,377.403076171875,373.8399963378906,377.75897216796875,379.239990234375,272.7799987792969,56.542991638183594,-0.84307861328125,109882
143.0,377.256591796875,373.8799743652344,377.7599792480469,379.1999816894531,272.7799987792969,56.46752166748047,-0.6785888671875,109882
144.0,377.1470031738281,373.6999816894531,377.6600036621094,379.17999267578125,272.8599853515625,56.60117721557617,-0.727020263671875,109882
145.0,377.1488342285156,373.6600036621094,377.55999755859375,379.1399841308594,273.1199951171875,56.198909759521484,-0.86883544921875,109882
146.0,377.0457763671875,373.79998779296875,377.6999816894531,379.3199768066406,273.7200012207031,55.912025451660156,-0.645782470703125,109882
147.0,377.18109130859375,373.8599853515625,377.739990234375,379.3799743652344,273.6199951171875,55.94180679321289,-0.7611083984375,109882
148.0,377.300537109375,373.8399963378906,377.8599853515625,379.41998291015625,274.05999755859375,55.75934600830078,-0.800537109375,109882
149.0,377.27435302734375,373.8399963378906,377.8399963378906,379.3599853515625,273.8599853515625,55.954227447509766,-0.71435546875,109882
150.0,377.3088073730469,373.94000244140625,377.94000244140625,379.3999938964844,273.6000061035156,56.0772819519043,-0.58880615234375,109882
151.0,377.495361328125,373.8599853515625,377.9599914550781,379.41998291015625,273.47998046875,55.9478759765625,-0.81536865234375,109882
152.0,377.4657897949219,373.8599853515625,377.9599914550781,379.53997802734375,273.5199890136719,56.02023696899414,-0.8258056640625,109882
153.0,377.2525329589844,373.79998779296875,377.8399963378906,379.3599853515625,273.739990234375,55.98713684082031,-0.67254638671875,109882
154.0,377.3689880371094,374.05999755859375,378.0199890136719,379.5,273.7200012207031,56.15769958496094,-0.5889892578125,109882
155.0,377.4802551269531,374.05999755859375,377.94000244140625,379.47998046875,273.7799987792969,56.0425910949707,-0.740264892578125,109882
156.0,377.419677734375,374.0,377.8999938964844,379.4599914550781,273.92498779296875,56.04422378540039,-0.759674072265625,109882
157.0,377.39837646484375,373.8799743652344,377.8799743652344,379.41998291015625,273.5799865722656,56.1623649597168,-0.77838134765625,109882
158.0,377.4272155761719,373.8999938964844,377.8999938964844,379.4599914550781,273.4649963378906,56.2541389465332,-0.7872314453125,109882
159.0,377.4989929199219,373.8799743652344,377.91998291015625,379.5237731933594,273.5199890136719,56.18705368041992,-0.8389892578125,109882
160.0,377.46051025390625,373.8399963378906,377.7599792480469,379.29998779296875,273.739990234375,55.781982421875,-0.940521240234375,109882
161.0,377.5332336425781,373.8999938964844,377.6999816894531,379.1999816894531,273.6000061035156,55.9135627746582,-1.01324462890625,109882
162.0,377.49102783203125,373.8599853515625,377.5999755859375,379.1399841308594,273.2599792480469,56.14216995239258,-1.051025390625,109882
163.0,377.6478576660156,373.97998046875,377.7599792480469,379.29998779296875,273.5249938964844,56.08714294433594,-1.047882080078125,109882
164.0,377.6461181640625,374.1199951171875,377.97998046875,379.5,273.2200012207031,56.4383430480957,-0.866119384765625,109882
165.0,377.7478332519531,374.0999755859375,378.05999755859375,379.5999755859375,273.30499267578125,56.33820724487305,-0.9278564453125,109882
166.0,377.6419982910156,374.0799865722656,378.0,379.55999755859375,273.2799987792969,56.39570236206055,-0.86199951171875,109882
167.0,377.8568115234375,374.05999755859375,378.1399841308594,379.8199768066406,273.3399963378906,56.48615646362305,-0.996826171875,109882
168.0,377.7645568847656,374.03997802734375,378.0799865722656,379.7599792480469,272.7799987792969,56.447410583496094,-0.964569091796875,109882
169.0,377.668701171875,374.1199951171875,378.0,379.5,273.1199951171875,56.22257614135742,-0.848724365234375,109882
170.0,377.5308532714844,374.05999755859375,378.0799865722656,379.5999755859375,273.739990234375,55.94062805175781,-0.730865478515625,109882
171.0,377.6163024902344,374.05999755859375,378.1199951171875,379.67999267578125,273.94000244140625,55.70125961303711,-0.79632568359375,109882
172.0,377.75689697265625,374.0799865722656,378.1600036621094,379.7599792480469,273.8999938964844,55.830894470214844,-0.856903076171875,109882
173.0,377.6600646972656,374.0799865722656,378.29998779296875,379.8199768066406,273.8800048828125,55.82093811035156,-0.720062255859375,109882
174.0,377.6523742675781,374.05999755859375,378.29998779296875,379.91998291015625,274.0199890136719,55.76803207397461,-0.6923828125,109882
175.0,377.6990966796875,374.0999755859375,378.1789855957031,379.739990234375,274.41998291015625,55.46159362792969,-0.819122314453125,109882
176.0,377.67572021484375,374.3199768066406,378.3799743652344,379.8999938964844,274.3199768066406,55.73732376098633,-0.55572509765625,109882
177.0,377.7417297363281,374.3999938964844,378.29998779296875,379.79998779296875,273.8399963378906,56.024627685546875,-0.6617431640625,109882
178.0,377.61920166015625,374.2200012207031,378.1600036621094,379.6600036621094,273.97998046875,55.967376708984375,-0.69921875,109882
179.0,377.6417541503906,374.2200012207031,378.1199951171875,379.6199951171875,273.8999938964844,56.128936767578125,-0.701751708984375,109882
180.0,377.7269592285156,374.1999816894531,378.239990234375,379.7599792480469,273.6000061035156,56.282413482666016,-0.726959228515625,109882
181.0,377.64501953125,374.1600036621094,378.2799987792969,379.8399963378906,273.6199951171875,56.21111297607422,-0.625030517578125,109882
182.0,377.75555419921875,374.1600036621094,378.2599792480469,379.8399963378906,274.29998779296875,55.85753631591797,-0.77557373046875,109882
183.0,377.80328369140625,374.1999816894531,378.29998779296875,379.8199768066406,274.5199890136719,55.64311218261719,-0.80328369140625,109882
184.0,377.6507873535156,374.17999267578125,378.2799987792969,379.7599792480469,274.1999816894531,55.7246208190918,-0.650787353515625,109882
185.0,377.7620849609375,374.239990234375,378.239990234375,379.79998779296875,274.1199951171875,55.832740783691406,-0.72210693359375,109882
186.0,377.74395751953125,374.3799743652344,378.3799743652344,379.94000244140625,274.2799987792969,55.79099655151367,-0.62396240234375,109882
187.0,377.79461669921875,374.53997802734375,378.5199890136719,379.9599914550781,274.7200012207031,55.80980682373047,-0.49462890625,109882
188.0,377.85986328125,374.41998291015625,378.44000244140625,379.91998291015625,274.1199951171875,56.16749954223633,-0.639862060546875,109882
189.0,377.78314208984375,374.44000244140625,378.3799743652344,379.8999938964844,274.5799865722656,55.60926055908203,-0.623138427734375,109882
190.0,377.5985107421875,374.4599914550781,378.3599853515625,379.8437805175781,274.7599792480469,55.42348098754883,-0.378509521484375,109882
191.0,377.52117919921875,374.3999938964844,378.2599792480469,379.67999267578125,274.94000244140625,55.310726165771484,-0.361175537109375,109882
192.0,377.68621826171875,374.41998291015625,378.3199768066406,379.79998779296875,274.8199768066406,55.34539794921875,-0.5062255859375,109882
193.0,377.5538024902344,374.2599792480469,378.2200012207031,379.6999816894531,275.239990234375,55.1373291015625,-0.5338134765625,109882
194.0,377.6410217285156,374.3999938964844,378.44000244140625,379.94000244140625,275.1199951171875,55.28561019897461,-0.4210205078125,109882
195.0,377.7164306640625,374.47998046875,378.5199890136719,380.03997802734375,274.5,55.62438201904297,-0.396453857421875,109882
196.0,377.89764404296875,374.53997802734375,378.5199890136719,380.05999755859375,274.29998779296875,55.81535339355469,-0.59765625,109882
197.0,377.8499450683594,374.44000244140625,378.5,380.03997802734375,274.55999755859375,55.775733947753906,-0.669952392578125,109882
198.0,377.6448059082031,374.3999938964844,378.3199768066406,379.7200012207031,274.2799987792969,56.11756134033203,-0.464813232421875,109882
199.0,377.8357238769531,374.4599914550781,378.4599914550781,379.97998046875,274.739990234375,55.67757034301758,-0.57574462890625,109882
200.0,377.84832763671875,374.5999755859375,378.65899658203125,380.1600036621094,274.94000244140625,55.68764877319336,-0.468353271484375,109882
201.0,377.6296081542969,374.55999755859375,378.53997802734375,379.9599914550781,275.2799987792969,55.195804595947266,-0.329620361328125,109882
202.0,377.5619812011719,374.5799865722656,378.53997802734375,380.05999755859375,275.1600036621094,55.325782775878906,-0.24200439453125,109882
203.0,377.9136962890625,374.739990234375,378.6399841308594,380.03997802734375,275.1000061035156,55.45517349243164,-0.4337158203125,109882
204.0,378.0706481933594,374.7599792480469,378.7200012207031,380.29998779296875,274.91998291015625,55.761009216308594,-0.510650634765625,109882
205.0,378.1722412109375,374.7799987792969,378.8399963378906,380.41998291015625,274.7599792480469,55.92237854003906,-0.61224365234375,109882
206.0,378.2911071777344,374.8399963378906,378.79998779296875,380.3999938964844,275.05999755859375,55.707115173339844,-0.71112060546875,109882
207.0,378.1383056640625,374.7799987792969,378.6600036621094,380.2200012207031,275.5249938964844,55.24593734741211,-0.678314208984375,109882
208.0,378.04547119140625,374.7200012207031,378.5999755859375,380.1999816894531,275.6199951171875,55.29331588745117,-0.665496826171875,109882
209.0,377.9578552246094,374.739990234375,378.5799865722656,380.1199951171875,275.5199890136719,55.64845275878906,-0.577880859375,109882
210.0,377.8609619140625,374.6999816894531,378.53997802734375,380.1199951171875,275.55999755859375,55.521183013916016,-0.56097412109375,109882
211.0,377.89190673828125,374.5999755859375,378.55999755859375,380.3199768066406,275.1999816894531,55.62310791015625,-0.611907958984375,109882
212.0,378.1219787597656,374.67999267578125,378.67999267578125,380.3399963378906,275.6000061035156,55.36581039428711,-0.74200439453125,109882
213.0,378.281005859375,374.739990234375,378.6199951171875,380.1999816894531,275.3399963378906,55.47975158691406,-0.901031494140625,109882
214.0,378.2331237792969,374.7200012207031,378.6199951171875,380.1399841308594,275.4599914550781,55.49802780151367,-0.8331298828125,109882
215.0,378.1816101074219,374.7200012207031,378.7200012207031,380.3199768066406,275.44000244140625,55.56318664550781,-0.681610107421875,109882
216.0,378.0712585449219,374.7200012207031,378.739990234375,380.4599914550781,275.30499267578125,55.542388916015625,-0.55126953125,109882
217.0,378.1622619628906,374.79998779296875,378.7799987792969,380.3999938964844,275.4049987792969,55.46451187133789,-0.662261962890625,109882
218.0,378.1980285644531,374.8999938964844,378.97998046875,380.53997802734375,275.17999267578125,55.59486389160156,-0.518035888671875,109882
219.0,378.1876525878906,374.8199768066406,378.8599853515625,380.3599853515625,275.53997802734375,55.259300231933594,-0.647674560546875,109882
220.0,378.2322692871094,374.7599792480469,378.7799987792969,380.2799987792969,275.05999755859375,55.64964294433594,-0.752288818359375,109882
221.0,378.291259765625,374.739990234375,378.8799743652344,380.3799743652344,275.18499755859375,55.68675231933594,-0.73126220703125,109882
222.0,378.19976806640625,374.8999938964844,378.97998046875,380.5199890136719,275.0199890136719,55.86874771118164,-0.499786376953125,109882
223.0,378.27996826171875,374.8199768066406,378.94000244140625,380.55999755859375,275.03997802734375,55.8026008605957,-0.699981689453125,109882
224.0,378.3089904785156,374.8399963378906,378.8999938964844,380.5,275.0199890136719,55.66879653930664,-0.748992919921875,109882
225.0,378.22344970703125,374.94000244140625,378.79998779296875,380.41998291015625,275.0799865722656,55.591026306152344,-0.643463134765625,109882
226.0,378.3013000488281,375.03997802734375,378.8999938964844,380.41998291015625,275.05999755859375,55.62590789794922,-0.601318359375,109882
227.0,378.3121032714844,375.03997802734375,379.0199890136719,380.6199951171875,274.8999938964844,55.833702087402344,-0.61212158203125,109882
228.0,378.12493896484375,375.0,378.9599914550781,380.47998046875,275.0799865722656,55.87354278564453,-0.4449462890625,109882
229.0,378.1064453125,375.05999755859375,379.0199890136719,380.5,275.3599853515625,55.57769775390625,-0.366455078125,109882
230.0,378.2536315917969,375.0199890136719,379.0999755859375,380.55999755859375,275.6000061035156,55.49130630493164,-0.453643798828125,109882
231.0,378.20599365234375,374.9599914550781,378.9599914550781,380.41998291015625,275.8599853515625,55.41660690307617,-0.506011962890625,109882
232.0,378.1056823730469,375.03997802734375,378.97998046875,380.4599914550781,275.55999755859375,55.473209381103516,-0.4456787109375,109882
233.0,378.146240234375,374.8999938964844,378.94000244140625,380.47998046875,275.8800048828125,55.16845703125,-0.5262451171875,109882
234.0,378.2623596191406,375.0,379.0999755859375,380.6199951171875,276.05999755859375,55.13811492919922,-0.5423583984375,109882
235.0,378.11395263671875,375.0,379.0,380.4599914550781,275.8399963378906,55.313289642333984,-0.413970947265625,109882
236.0,378.1000671386719,375.0999755859375,378.9599914550781,380.4599914550781,276.0,55.347801208496094,-0.4400634765625,109882
237.0,378.2532958984375,375.05999755859375,378.91998291015625,380.3799743652344,276.03997802734375,55.27491760253906,-0.613311767578125,109882
238.0,378.32257080078125,375.0199890136719,378.8799743652344,380.3599853515625,275.79998779296875,55.315208435058594,-0.662567138671875,109882
239.0,378.21875,375.0799865722656,378.97998046875,380.3837890625,275.864990234375,55.149417877197266,-0.518768310546875,109882
240.0,378.0968017578125,375.0799865722656,378.9599914550781,380.4599914550781,276.2200012207031,55.10454559326172,-0.376800537109375,109882
241.0,378.4546203613281,375.0999755859375,379.1600036621094,380.6999816894531,276.29998779296875,55.19446563720703,-0.6146240234375,109882
242.0,378.4935302734375,375.0999755859375,379.17999267578125,380.6999816894531,275.7799987792969,55.47008514404297,-0.673553466796875,109882
243.0,378.3815612792969,375.05999755859375,379.05999755859375,380.53997802734375,276.0249938964844,55.121028900146484,-0.581573486328125,109882
244.0,378.3578796386719,375.1600036621094,379.0799865722656,380.5799865722656,276.17999267578125,55.19135665893555,-0.4779052734375,109882
245.0,378.21099853515625,375.0799865722656,379.03997802734375,380.53997802734375,276.17999267578125,55.313480377197266,-0.430999755859375,109882
246.0,378.1677551269531,375.03997802734375,378.9599914550781,380.5,275.7599792480469,55.46235275268555,-0.427764892578125,109882
247.0,378.1497802734375,375.05999755859375,378.97998046875,380.5799865722656,275.5,55.644264221191406,-0.34979248046875,109882
248.0,378.1397399902344,375.1399841308594,379.17999267578125,380.7799987792969,275.80499267578125,55.38979721069336,-0.259765625,109882
249.0,378.32568359375,375.17999267578125,379.2200012207031,380.7799987792969,275.8999938964844,55.33934020996094,-0.40570068359375,109882
250.0,378.3397216796875,375.17999267578125,379.1600036621094,380.7799987792969,276.239990234375,55.19639205932617,-0.439727783203125,109882
251.0,378.3323059082031,375.1999816894531,379.2200012207031,380.8999938964844,276.1000061035156,55.309104919433594,-0.43231201171875,109882
252.0,378.4967041015625,375.2599792480469,379.2599792480469,380.8599853515625,275.97998046875,55.56028747558594,-0.596710205078125,109882
253.0,378.3826904296875,375.239990234375,379.2200012207031,380.8799743652344,276.1600036621094,55.333229064941406,-0.44268798828125,109882
254.0,378.40673828125,375.2599792480469,379.239990234375,380.91998291015625,276.5799865722656,55.274322509765625,-0.46673583984375,109882
255.0,378.35540771484375,375.3199768066406,379.3399963378906,380.8799743652344,276.2200012207031,55.59712600708008,-0.3154296875,109882
256.0,378.3009338378906,375.2200012207031,379.1600036621094,380.6600036621094,275.79998779296875,55.58155822753906,-0.380950927734375,109882
257.0,378.3591003417969,375.05999755859375,379.1399841308594,380.7799987792969,275.5199890136719,55.6168212890625,-0.53912353515625,109882
258.0,378.6036376953125,375.1999816894531,379.239990234375,380.8399963378906,275.67999267578125,55.53407287597656,-0.723663330078125,109882
259.0,378.7283630371094,375.2200012207031,379.2200012207031,380.7200012207031,275.91998291015625,55.37528991699219,-0.828369140625,109882
260.0,378.7012023925781,375.239990234375,379.2200012207031,380.7599792480469,276.1399841308594,55.27461624145508,-0.761199951171875,109882
261.0,378.5827331542969,375.3799743652344,379.3199768066406,380.7799987792969,276.239990234375,55.03938674926758,-0.562744140625,109882
262.0,378.4450378417969,375.3599853515625,379.2799987792969,380.9599914550781,276.2799987792969,55.18061828613281,-0.425048828125,109882
263.0,378.40667724609375,375.1999816894531,379.17999267578125,380.79998779296875,276.2799987792969,55.11127471923828,-0.506683349609375,109882
264.0,378.4809875488281,375.1600036621094,379.1199951171875,380.79998779296875,276.8199768066406,54.960243225097656,-0.6610107421875,109882
265.0,378.3708801269531,375.1999816894531,379.1399841308594,380.79998779296875,276.3399963378906,55.278011322021484,-0.450897216796875,109882
266.0,378.5290832519531,375.239990234375,379.2200012207031,380.8399963378906,276.05999755859375,55.378028869628906,-0.589080810546875,109882
267.0,378.2960510253906,375.1600036621094,379.05999755859375,380.6399841308594,276.41998291015625,55.19146728515625,-0.496063232421875,109882
268.0,378.15130615234375,375.1399841308594,379.05999755859375,380.5799865722656,276.5849914550781,55.07349395751953,-0.311309814453125,109882
269.0,378.3828125,375.3799743652344,379.3599853515625,381.0199890136719,276.2799987792969,55.34066390991211,-0.302825927734375,109882
270.0,378.40106201171875,375.44000244140625,379.3399963378906,381.03997802734375,276.05999755859375,55.479026794433594,-0.28106689453125,109882
271.0,378.6443176269531,375.44000244140625,379.44000244140625,381.0,275.7200012207031,55.734989166259766,-0.48431396484375,109882
272.0,378.5513610839844,375.3799743652344,379.3799743652344,380.97998046875,275.53997802734375,55.748634338378906,-0.431365966796875,109882
273.0,378.3306884765625,375.4599914550781,379.3999938964844,381.03997802734375,276.2200012207031,55.590946197509766,-0.210693359375,109882
274.0,378.306884765625,375.41998291015625,379.5199890136719,381.2599792480469,276.4649963378906,55.45029067993164,-0.12689208984375,109882
275.0,378.3363037109375,375.5,379.55999755859375,381.1600036621094,276.6650085449219,55.32435607910156,-0.0963134765625,109882
276.0,378.5312805175781,375.5999755859375,379.5199890136719,381.03997802734375,276.47998046875,55.427101135253906,-0.231292724609375,109882
277.0,378.66522216796875,375.67999267578125,379.6600036621094,381.17999267578125,276.3599853515625,55.60581588745117,-0.30523681640625,109882
278.0,378.6725769042969,375.55999755859375,379.55999755859375,381.1199951171875,276.44000244140625,55.45878601074219,-0.392578125,109882
279.0,378.7373962402344,375.5199890136719,379.5,381.03997802734375,276.2200012207031,55.451133728027344,-0.4573974609375,109882
280.0,378.6205139160156,375.47998046875,379.3799743652344,380.94000244140625,276.0199890136719,55.45838928222656,-0.36053466796875,109882
281.0,378.43438720703125,375.41998291015625,379.239990234375,380.8399963378906,275.97998046875,55.475528717041016,-0.31439208984375,109882
282.0,378.1252746582031,375.41998291015625,379.3399963378906,381.0,276.2799987792969,55.543521881103516,-0.005279541015625,109882
283.0,378.3614196777344,375.44000244140625,379.3799743652344,381.03997802734375,276.5,55.24718475341797,-0.221435546875,109882
284.0,378.4566650390625,375.5199890136719,379.3999938964844,381.05999755859375,276.79998779296875,55.03205490112305,-0.256683349609375,109882
285.0,378.445556640625,375.53997802734375,379.44000244140625,381.1199951171875,277.0799865722656,54.8988037109375,-0.20556640625,109882
286.0,378.4996337890625,375.6399841308594,379.47998046875,381.0999755859375,276.7599792480469,55.16753387451172,-0.219635009765625,109882
287.0,378.63079833984375,375.7200012207031,379.7200012207031,381.3599853515625,276.3399963378906,55.63406753540039,-0.230804443359375,109882
288.0,378.8088684082031,375.6199951171875,379.6399841308594,381.2200012207031,276.1000061035156,55.59273147583008,-0.40887451171875,109882
289.0,378.54071044921875,375.6399841308594,379.5,381.0999755859375,276.239990234375,55.27997589111328,-0.200714111328125,109882
290.0,378.4915771484375,375.5999755859375,379.4599914550781,381.03997802734375,276.6999816894531,55.189064025878906,-0.151580810546875,109882
291.0,378.4709167480469,375.6600036621094,379.5,381.0999755859375,276.3800048828125,55.570823669433594,-0.110931396484375,109882
292.0,378.30096435546875,375.5999755859375,379.47998046875,381.0799865722656,276.0799865722656,55.36561584472656,-0.020965576171875,109882
293.0,378.2825927734375,375.4599914550781,379.3399963378906,381.0,276.1999816894531,55.24705505371094,-0.10260009765625,109882
294.0,378.62152099609375,375.6399841308594,379.5799865722656,381.1600036621094,276.29998779296875,55.477203369140625,-0.221527099609375,109882
295.0,378.86212158203125,375.6600036621094,379.67999267578125,381.2200012207031,277.0199890136719,55.22150802612305,-0.402130126953125,109882
296.0,378.8059387207031,375.7599792480469,379.6999816894531,381.2599792480469,276.6399841308594,55.41292953491211,-0.365936279296875,109882
297.0,378.7192687988281,375.8399963378906,379.739990234375,381.3199768066406,276.8599853515625,55.16237258911133,-0.19927978515625,109882
298.0,378.7088623046875,375.8199768066406,379.6999816894531,381.239990234375,277.06500244140625,54.915252685546875,-0.16888427734375,109882
299.0,378.7098083496094,375.7799987792969,379.6600036621094,381.1999816894531,276.739990234375,55.197288513183594,-0.1898193359375,109882
300.0,378.6912841796875,375.7599792480469,379.5999755859375,381.17999267578125,276.44000244140625,55.52511215209961,-0.27130126953125,109882
301.0,378.7623596191406,375.8599853515625,379.7799987792969,381.2837829589844,276.67999267578125,55.524986267089844,-0.182373046875,109882
302.0,378.84771728515625,375.8599853515625,379.91998291015625,381.47998046875,277.4599914550781,54.8680419921875,-0.167724609375,109882
303.0,379.0032958984375,375.9599914550781,380.03997802734375,381.5799865722656,277.4599914550781,54.809715270996094,-0.183319091796875,109882
304.0,379.0321960449219,375.8799743652344,379.9599914550781,381.5,277.47998046875,54.85880661010742,-0.272216796875,109882
305.0,378.9271240234375,375.8799743652344,379.7799987792969,381.29998779296875,276.8199768066406,55.241329193115234,-0.287139892578125,109882
306.0,378.83831787109375,375.8599853515625,379.7599792480469,381.4037780761719,276.97998046875,55.11332702636719,-0.258331298828125,109882
307.0,378.6804504394531,375.8199768066406,379.7799987792969,381.44000244140625,277.0,55.152557373046875,-0.16046142578125,109882
308.0,378.7891845703125,375.8399963378906,379.91998291015625,381.5999755859375,277.1449890136719,55.00689697265625,-0.10919189453125,109882
309.0,378.82684326171875,375.7599792480469,379.79998779296875,381.41998291015625,276.8199768066406,55.181800842285156,-0.246856689453125,109882
310.0,378.9111022949219,375.79998779296875,379.739990234375,381.3599853515625,276.67999267578125,55.43070983886719,-0.431121826171875,109882
311.0,379.0816650390625,375.7799987792969,379.7200012207031,381.41998291015625,276.7200012207031,55.26632308959961,-0.5816650390625,109882
312.0,379.0750732421875,375.7200012207031,379.6399841308594,381.3799743652344,277.44000244140625,55.00839614868164,-0.615081787109375,109882
313.0,378.991455078125,375.6999816894531,379.55999755859375,381.2799987792969,277.1399841308594,55.16498947143555,-0.531463623046875,109882
314.0,378.8310546875,375.7200012207031,379.5799865722656,381.3437805175781,277.18499755859375,55.05702209472656,-0.41107177734375,109882
315.0,378.7421569824219,375.9599914550781,379.8199768066406,381.5199890136719,277.3249816894531,54.870174407958984,-0.122161865234375,109882
316.0,378.8404846191406,376.05999755859375,379.94000244140625,381.55999755859375,276.7799987792969,55.45767593383789,-0.08050537109375,109882
317.0,378.8105773925781,376.0799865722656,379.9599914550781,381.6399841308594,276.6399841308594,55.51364517211914,-0.010589599609375,109882
318.0,379.0320739746094,376.1600036621094,380.05999755859375,381.6999816894531,276.739990234375,55.38654708862305,-0.232086181640625,109882
319.0,379.1863098144531,376.0799865722656,380.17999267578125,381.7599792480469,276.94000244140625,55.29832077026367,-0.30633544921875,109882
320.0,379.1764221191406,375.9599914550781,380.05999755859375,381.67999267578125,277.05999755859375,55.08577346801758,-0.3564453125,109882
321.0,379.0865783691406,375.9599914550781,379.94000244140625,381.6600036621094,276.8599853515625,55.2733039855957,-0.3665771484375,109882
322.0,378.9440002441406,376.0199890136719,379.8999938964844,381.7200012207031,277.7649841308594,54.93400955200195,-0.2440185546875,109882
323.0,378.81024169921875,375.97998046875,379.94000244140625,381.6399841308594,277.80499267578125,54.69182205200195,-0.110260009765625,109882
324.0,378.7839050292969,375.94000244140625,379.8799743652344,381.6199951171875,277.9599914550781,54.479305267333984,-0.103912353515625,109882
325.0,378.7801818847656,376.0,379.9599914550781,381.6399841308594,277.7250061035156,54.79893493652344,-0.02020263671875,109882
326.0,378.9740295410156,376.03997802734375,380.05999755859375,381.5999755859375,277.2599792480469,55.08066177368164,-0.09405517578125,109882
327.0,378.9911804199219,376.03997802734375,380.03997802734375,381.6199951171875,277.0,55.13202667236328,-0.15118408203125,109882
328.0,379.02752685546875,376.1600036621094,380.1199951171875,381.7799987792969,276.7649841308594,55.40791702270508,-0.127532958984375,109882
329.0,378.9164123535156,376.1199951171875,380.05999755859375,381.7200012207031,277.3199768066406,55.02088165283203,-0.056427001953125,109882
330.0,378.868408203125,376.03997802734375,380.03997802734375,381.6399841308594,277.6999816894531,54.72922897338867,-0.048431396484375,109882
331.0,378.88934326171875,376.03997802734375,380.03997802734375,381.6999816894531,277.6199951171875,54.90895462036133,-0.049346923828125,109882
332.0,378.8221130371094,375.94000244140625,379.94000244140625,381.6399841308594,277.5199890136719,54.808353424072266,-0.0421142578125,109882
333.0,378.7419128417969,375.9599914550781,379.97998046875,381.6199951171875,277.5799865722656,54.707157135009766,0.01806640625,109882
334.0,378.7934265136719,376.0199890136719,380.03997802734375,381.6999816894531,277.41998291015625,54.957176208496094,0.006561279296875,109882
335.0,379.0805358886719,376.1199951171875,380.05999755859375,381.6999816894531,277.79998779296875,54.90525436401367,-0.2005615234375,109882
336.0,379.02728271484375,376.1199951171875,380.0799865722656,381.7599792480469,277.6999816894531,54.906978607177734,-0.147308349609375,109882
337.0,379.1260986328125,376.1600036621094,380.1600036621094,381.91998291015625,277.7599792480469,54.857460021972656,-0.18609619140625,109882
338.0,379.2412414550781,376.239990234375,380.3399963378906,382.0999755859375,277.2599792480469,55.23577117919922,-0.141265869140625,109882
339.0,379.2522277832031,376.17999267578125,380.2799987792969,381.97998046875,277.53997802734375,54.970001220703125,-0.212249755859375,109882
340.0,379.15997314453125,376.05999755859375,380.1199951171875,381.79998779296875,278.7799987792969,54.13914489746094,-0.29998779296875,109882
341.0,379.0906066894531,376.1999816894531,380.0999755859375,381.739990234375,278.6650085449219,54.35506820678711,-0.110626220703125,109882
342.0,379.0838928222656,376.2799987792969,380.1600036621094,381.7799987792969,278.5,54.55450439453125,-0.023895263671875,109882
343.0,379.1460876464844,376.2599792480469,380.29998779296875,381.8999938964844,278.3399963378906,54.75508117675781,-0.06610107421875,109882
344.0,379.172119140625,376.239990234375,380.239990234375,381.8999938964844,277.6999816894531,54.99428939819336,-0.13214111328125,109882
345.0,379.15472412109375,376.2799987792969,380.2200012207031,381.9599914550781,277.6600036621094,55.034912109375,-0.134735107421875,109882
346.0,379.252197265625,376.29998779296875,380.3399963378906,382.05999755859375,277.8599853515625,54.67818069458008,-0.1522216796875,109882
347.0,379.2243957519531,376.3599853515625,380.3199768066406,382.0,277.6199951171875,54.86563491821289,-0.184417724609375,109882
348.0,379.4668273925781,376.3999938964844,380.3199768066406,382.1399841308594,277.55999755859375,55.1307487487793,-0.32684326171875,109882
349.0,379.5034484863281,376.3999938964844,380.3199768066406,382.0999755859375,277.7799987792969,55.18620681762695,-0.383453369140625,109882
350.0,379.37188720703125,376.3999938964844,380.2799987792969,382.0,277.94000244140625,55.09709548950195,-0.25189208984375,109882
351.0,379.1615295410156,376.3599853515625,380.3599853515625,382.0199890136719,277.8999938964844,54.955928802490234,-0.061553955078125,109882
352.0,379.102294921875,376.2200012207031,380.17999267578125,381.8999938964844,277.53997802734375,54.908294677734375,-0.142303466796875,109882
353.0,379.0108642578125,376.1999816894531,380.1600036621094,381.8999938964844,277.7200012207031,54.98794174194336,-0.0108642578125,109882
354.0,378.9029541015625,376.3399963378906,380.29998779296875,381.9599914550781,277.6999816894531,55.01859664916992,0.197021484375,109882
355.0,379.05828857421875,376.44000244140625,380.458984375,382.1399841308594,278.1399841308594,54.8428840637207,0.141693115234375,109882
356.0,379.10009765625,376.3799743652344,380.3199768066406,382.0999755859375,277.6199951171875,55.058006286621094,0.0198974609375,109882
357.0,379.24224853515625,376.4599914550781,380.4599914550781,382.17999267578125,277.8599853515625,54.893836975097656,-0.00225830078125,109882
358.0,379.3231506347656,376.5,380.5199890136719,382.1600036621094,278.1199951171875,54.69314193725586,-0.1031494140625,109882
359.0,379.3055114746094,376.53997802734375,380.55999755859375,382.18377685546875,277.8999938964844,54.78921127319336,-0.0255126953125,109882
360.0,379.29705810546875,376.3799743652344,380.44000244140625,382.0799865722656,278.0,54.810035705566406,-0.077056884765625,109882
361.0,379.4628601074219,376.3399963378906,380.4599914550781,382.1199951171875,278.0,55.011016845703125,-0.26287841796875,109882
362.0,379.51800537109375,376.44000244140625,380.4599914550781,382.1600036621094,277.739990234375,54.98996353149414,-0.258026123046875,109882
363.0,379.38397216796875,376.5999755859375,380.53997802734375,382.2599792480469,277.97998046875,55.172664642333984,-0.123992919921875,109882
364.0,379.3908996582031,376.5799865722656,380.5799865722656,382.3399963378906,277.6399841308594,55.19268798828125,-0.11090087890625,109882
365.0,379.4254150390625,376.5999755859375,380.6399841308594,382.3599853515625,278.1199951171875,54.80597686767578,-0.105438232421875,109882
366.0,379.5881042480469,376.6399841308594,380.6600036621094,382.3999938964844,278.0799865722656,54.94536590576172,-0.2081298828125,109882
367.0,379.91094970703125,376.6999816894531,380.6999816894531,382.5,277.8800048828125,55.12334442138672,-0.450958251953125,109882
368.0,379.6976623535156,376.6199951171875,380.5799865722656,382.2799987792969,278.17999267578125,54.83954620361328,-0.337677001953125,109882
369.0,379.54901123046875,376.6600036621094,380.6399841308594,382.3199768066406,278.17999267578125,54.96818923950195,-0.149017333984375,109882
370.0,379.4591064453125,376.5799865722656,380.6399841308594,382.3399963378906,278.0199890136719,55.02839660644531,-0.059112548828125,109882
371.0,379.5187683105469,376.5999755859375,380.6399841308594,382.3999938964844,277.7799987792969,55.24864959716797,-0.1187744140625,109882
372.0,379.4752502441406,376.5,380.55999755859375,382.3599853515625,277.6050109863281,55.21678924560547,-0.21527099609375,109882
373.0,379.3784484863281,376.41998291015625,380.47998046875,382.2799987792969,277.47998046875,55.30228042602539,-0.21844482421875,109882
374.0,379.5968933105469,376.5,380.6199951171875,382.3199768066406,277.364990234375,55.47274398803711,-0.25689697265625,109882
375.0,379.585205078125,376.5199890136719,380.67999267578125,382.3999938964844,277.56500244140625,55.4212532043457,-0.245208740234375,109882
376.0,379.5403137207031,376.53997802734375,380.6199951171875,382.3599853515625,277.3999938964844,55.556026458740234,-0.180328369140625,109882
377.0,379.3597717285156,376.55999755859375,380.5999755859375,382.41998291015625,277.3599853515625,55.53361892700195,-0.039794921875,109882
378.0,379.4748840332031,376.6199951171875,380.6999816894531,382.41998291015625,277.3399963378906,55.51227569580078,-0.07489013671875,109882
379.0,379.4873046875,376.5799865722656,380.6199951171875,382.3399963378906,277.1199951171875,55.66630554199219,-0.167327880859375,109882
380.0,379.52154541015625,376.5999755859375,380.6399841308594,382.3599853515625,277.17999267578125,55.66839599609375,-0.16156005859375,109882
381.0,379.5009460449219,376.5,380.53997802734375,382.47998046875,277.3800048828125,55.37847900390625,-0.240966796875,109882
382.0,379.5106201171875,376.47998046875,380.5799865722656,382.5037841796875,277.47998046875,55.13600158691406,-0.230621337890625,109882
383.0,379.4956359863281,376.5999755859375,380.6999816894531,382.5037841796875,277.8800048828125,55.16142654418945,-0.075653076171875,109882
384.0,379.38311767578125,376.67999267578125,380.739990234375,382.3799743652344,278.03997802734375,54.983829498291016,0.11688232421875,109882
385.0,379.7350769042969,376.7599792480469,380.97998046875,382.6999816894531,278.1199951171875,54.95568084716797,-0.03509521484375,109882
386.0,379.76544189453125,376.7200012207031,380.91998291015625,382.68377685546875,277.79998779296875,55.17888259887695,-0.105438232421875,109882
387.0,379.8324890136719,376.6999816894531,380.8999938964844,382.70379638671875,277.97998046875,55.03464126586914,-0.212493896484375,109882
388.0,379.637451171875,376.6199951171875,380.739990234375,382.53997802734375,277.79998779296875,54.931671142578125,-0.137451171875,109882
389.0,379.7183837890625,376.6399841308594,380.67999267578125,382.6199951171875,277.55999755859375,55.00828552246094,-0.318389892578125,109882
390.0,379.80987548828125,376.6600036621094,380.7799987792969,382.5999755859375,277.5799865722656,55.23177719116211,-0.32989501953125,109882
391.0,379.765869140625,376.6600036621094,380.7200012207031,382.6199951171875,277.8999938964844,54.909996032714844,-0.32586669921875,109882
392.0,379.6524658203125,376.6600036621094,380.6999816894531,382.56378173828125,277.8399963378906,55.03719711303711,-0.192474365234375,109882
393.0,379.6234436035156,376.7200012207031,380.739990234375,382.5799865722656,278.0199890136719,55.057498931884766,-0.123443603515625,109882
394.0,379.5264892578125,376.7599792480469,380.739990234375,382.5199890136719,278.17999267578125,54.949161529541016,-0.006500244140625,109882
395.0,379.7100830078125,376.8399963378906,380.7799987792969,382.47998046875,278.5,54.76622772216797,-0.110107421875,109882
396.0,379.78131103515625,376.8999938964844,380.8599853515625,382.55999755859375,278.41998291015625,54.817161560058594,-0.141326904296875,109882
397.0,379.88775634765625,376.91998291015625,380.8199768066406,382.55999755859375,278.7049865722656,54.56125259399414,-0.247772216796875,109882
398.0,379.7002258300781,376.8399963378906,380.7599792480469,382.5999755859375,278.3199768066406,54.553985595703125,-0.160247802734375,109882
399.0,379.6390075683594,376.7799987792969,380.6999816894531,382.3799743652344,277.7200012207031,54.89849090576172,-0.099029541015625,109882
400.0,379.5623474121094,376.8799743652344,380.8399963378906,382.5037841796875,278.239990234375,54.82109832763672,0.057647705078125,109882
401.0,379.71209716796875,376.8399963378906,380.94000244140625,382.6999816894531,278.0,54.9390754699707,-0.0321044921875,109882
402.0,380.0126647949219,376.7599792480469,380.8599853515625,382.6399841308594,278.3199768066406,55.065853118896484,-0.31268310546875,109882
403.0,379.9754943847656,376.739990234375,380.8799743652344,382.6199951171875,277.9599914550781,55.1834602355957,-0.33551025390625,109882
404.0,379.7643127441406,376.7599792480469,380.739990234375,382.44000244140625,278.0249938964844,54.9710807800293,-0.184326171875,109882
405.0,379.548095703125,376.739990234375,380.6199951171875,382.44000244140625,278.385009765625,54.833438873291016,-0.068115234375,109882
406.0,379.5703430175781,376.7599792480469,380.7200012207031,382.5199890136719,278.3599853515625,54.913021087646484,-0.010345458984375,109882
407.0,379.6430358886719,376.79998779296875,380.79998779296875,382.6637878417969,278.0199890136719,55.284305572509766,-0.06304931640625,109882
408.0,379.6257019042969,376.8199768066406,380.8199768066406,382.643798828125,278.1000061035156,54.8715705871582,-0.005706787109375,109882
409.0,379.7668151855469,376.8799743652344,380.8399963378906,382.6600036621094,278.6199951171875,54.61249923706055,-0.1068115234375,109882
410.0,379.72027587890625,376.7599792480469,380.8199768066406,382.7200012207031,278.739990234375,54.621585845947266,-0.140289306640625,109882
411.0,379.5345764160156,376.7200012207031,380.8199768066406,382.7237854003906,278.6600036621094,54.71747589111328,0.005401611328125,109882
412.0,379.5469970703125,376.739990234375,380.8599853515625,382.7200012207031,278.9599914550781,54.535362243652344,0.032989501953125,109882
413.0,379.60675048828125,376.7599792480469,380.8999938964844,382.8399963378906,278.67999267578125,54.65703582763672,-0.00677490234375,109882
414.0,379.6764221191406,376.8599853515625,380.9599914550781,382.8199768066406,278.5,54.98206329345703,0.003570556640625,109882
415.0,379.5764465332031,376.8199768066406,380.94000244140625,382.8399963378906,278.7449951171875,54.612823486328125,0.043548583984375,109882
416.0,379.75030517578125,376.8799743652344,380.8999938964844,382.79998779296875,278.5199890136719,54.743534088134766,-0.110321044921875,109882
417.0,379.8390197753906,376.79998779296875,380.8199768066406,382.7200012207031,278.2200012207031,55.164878845214844,-0.259033203125,109882
418.0,379.6748046875,376.6999816894531,380.7200012207031,382.6600036621094,278.5799865722656,54.672813415527344,-0.23480224609375,109882
419.0,379.7198181152344,376.79998779296875,380.8999938964844,382.8599853515625,278.79998779296875,54.4504508972168,-0.159820556640625,109882
420.0,379.7234802246094,376.8799743652344,381.03997802734375,382.9599914550781,278.885009765625,54.56943130493164,-0.0634765625,109882
421.0,379.87451171875,377.05999755859375,381.17999267578125,383.0199890136719,278.67999267578125,54.88894271850586,-0.07452392578125,109882
422.0,379.91650390625,376.97998046875,381.05999755859375,382.94000244140625,278.239990234375,55.13773727416992,-0.196502685546875,109882
423.0,379.9038391113281,376.94000244140625,381.03997802734375,382.8999938964844,277.7799987792969,55.382911682128906,-0.12384033203125,109882
424.0,379.797607421875,376.8999938964844,381.05999755859375,382.8799743652344,278.0,55.13228225708008,-0.017608642578125,109882
425.0,379.8370666503906,376.8999938964844,381.05999755859375,382.91998291015625,277.97998046875,55.21099853515625,-0.097076416015625,109882
426.0,379.8926086425781,377.05999755859375,381.1600036621094,382.94000244140625,278.1199951171875,55.33677291870117,-0.0726318359375,109882
427.0,380.0626220703125,377.2200012207031,381.2200012207031,382.97998046875,278.0,55.507205963134766,-0.14263916015625,109882
428.0,379.9620666503906,377.1199951171875,381.05999755859375,382.91998291015625,278.3399963378906,55.116966247558594,-0.08209228515625,109882
429.0,379.8692321777344,377.05999755859375,381.0199890136719,382.8799743652344,278.0199890136719,55.40406799316406,-0.009246826171875,109882
430.0,379.76104736328125,377.0799865722656,381.0999755859375,382.8799743652344,278.1399841308594,55.399906158447266,0.09893798828125,109882
431.0,379.9024658203125,377.1199951171875,381.1199951171875,382.9599914550781,278.1199951171875,55.444271087646484,-0.022491455078125,109882
432.0,380.10394287109375,376.97998046875,380.9789733886719,382.94000244140625,278.29998779296875,55.070735931396484,-0.36395263671875,109882
433.0,380.052734375,376.9599914550781,380.8799743652344,382.8399963378906,278.2799987792969,55.183380126953125,-0.352752685546875,109882
434.0,380.10137939453125,376.97998046875,380.8999938964844,382.7599792480469,278.1600036621094,55.49198913574219,-0.42138671875,109882
435.0,379.8273010253906,377.0799865722656,380.94000244140625,382.6199951171875,277.8399963378906,55.59987258911133,-0.1273193359375,109882
436.0,380.055908203125,377.2200012207031,381.0799865722656,382.79998779296875,278.5,55.27714538574219,-0.215911865234375,109882
437.0,380.18896484375,377.1999816894531,381.239990234375,382.9599914550781,278.3999938964844,55.17637252807617,-0.228973388671875,109882
438.0,379.93133544921875,377.1999816894531,381.3399963378906,383.05999755859375,278.67999267578125,54.94745635986328,0.128662109375,109882
439.0,379.96282958984375,377.2200012207031,381.3599853515625,383.0999755859375,278.3249816894531,54.85438919067383,0.15716552734375,109882
440.0,379.8148498535156,377.0799865722656,381.2200012207031,383.0,278.53997802734375,54.79023742675781,0.125152587890625,109882
441.0,380.06646728515625,377.1600036621094,381.239990234375,382.94000244140625,278.6399841308594,54.79937744140625,-0.12646484375,109882
442.0,380.1473388671875,377.2200012207031,381.2599792480469,383.0999755859375,278.6199951171875,54.7405891418457,-0.22735595703125,109882
443.0,380.0609130859375,377.05999755859375,381.05999755859375,382.8999938964844,278.8399963378906,54.584415435791016,-0.280914306640625,109882
444.0,380.0278015136719,377.0799865722656,381.1600036621094,383.05999755859375,278.4599914550781,54.896484375,-0.227813720703125,109882
445.0,379.9457092285156,377.0999755859375,381.1399841308594,383.0199890136719,278.3399963378906,54.88630676269531,-0.125732421875,109882
446.0,380.1307373046875,377.1399841308594,381.239990234375,383.1399841308594,278.1000061035156,54.89653396606445,-0.19073486328125,109882
447.0,380.5462646484375,377.3399963378906,381.47998046875,383.2200012207031,278.4599914550781,54.71903610229492,-0.346282958984375,109882
448.0,380.6163635253906,377.3999938964844,381.5199890136719,383.3399963378906,278.67999267578125,54.69540023803711,-0.35638427734375,109882
449.0,380.6232604980469,377.3399963378906,381.5199890136719,383.3399963378906,278.55999755859375,54.78334045410156,-0.40325927734375,109882
450.0,380.4136657714844,377.1600036621094,381.41998291015625,383.29998779296875,278.0799865722656,55.00725555419922,-0.353668212890625,109882
451.0,380.4608154296875,377.1199951171875,381.3599853515625,383.1999816894531,278.5,54.80296325683594,-0.440826416015625,109882
452.0,380.3017578125,377.1600036621094,381.1999816894531,383.03997802734375,279.1600036621094,54.43886184692383,-0.38177490234375,109882
453.0,379.90106201171875,377.1199951171875,381.1600036621094,383.0,279.4849853515625,54.27055740356445,-0.001068115234375,109882
454.0,380.22186279296875,377.29998779296875,381.3799743652344,383.2599792480469,279.3800048828125,54.81465530395508,-0.12188720703125,109882
455.0,380.1852111816406,377.2799987792969,381.29998779296875,383.17999267578125,279.3800048828125,54.52372360229492,-0.205230712890625,109882
456.0,380.2730712890625,377.2200012207031,381.2599792480469,383.1399841308594,278.7200012207031,54.72114181518555,-0.2730712890625,109882
457.0,380.2236328125,377.29998779296875,381.2799987792969,383.0199890136719,278.6399841308594,54.96894454956055,-0.1236572265625,109882
458.0,380.2138977050781,377.3399963378906,381.3599853515625,383.0999755859375,278.8450012207031,54.926544189453125,-0.093902587890625,109882
459.0,380.3785705566406,377.3999938964844,381.53997802734375,383.3799743652344,279.0050048828125,54.66297149658203,-0.1785888671875,109882
460.0,380.35491943359375,377.3199768066406,381.47998046875,383.41998291015625,278.8199768066406,54.686561584472656,-0.23492431640625,109882
461.0,380.3432922363281,377.29998779296875,381.5,383.3999938964844,279.4599914550781,54.37129592895508,-0.163299560546875,109882
462.0,380.34710693359375,377.3399963378906,381.3999938964844,383.2599792480469,279.1399841308594,54.60178756713867,-0.207122802734375,109882
463.0,380.2191162109375,377.3399963378906,381.3399963378906,383.3199768066406,278.92498779296875,54.94532775878906,-0.09912109375,109882
464.0,380.33001708984375,377.3599853515625,381.3599853515625,383.2599792480469,278.8999938964844,54.9055061340332,-0.170013427734375,109882
465.0,380.39349365234375,377.3799743652344,381.41998291015625,383.2799987792969,278.44000244140625,55.116851806640625,-0.193511962890625,109882
466.0,380.3527526855469,377.44000244140625,381.5799865722656,383.3199768066406,278.5,55.05752944946289,-0.0927734375,109882
467.0,380.4241943359375,377.5199890136719,381.6999816894531,383.5199890136719,278.739990234375,55.01712417602539,-0.024200439453125,109882
468.0,380.5062255859375,377.53997802734375,381.6999816894531,383.47998046875,279.0199890136719,54.97062301635742,-0.126251220703125,109882
469.0,380.62109375,377.55999755859375,381.7599792480469,383.5199890136719,278.6399841308594,55.23356628417969,-0.161102294921875,109882
470.0,380.55584716796875,377.53997802734375,381.7200012207031,383.5199890136719,278.5,55.182132720947266,-0.1358642578125,109882
471.0,380.45654296875,377.5,381.6399841308594,383.5,278.5799865722656,54.979244232177734,-0.136566162109375,109882
472.0,380.51629638671875,377.47998046875,381.6199951171875,383.47998046875,279.1000061035156,54.530540466308594,-0.196319580078125,109882
473.0,380.49822998046875,377.47998046875,381.5,383.3399963378906,279.47998046875,54.38973617553711,-0.1982421875,109882
474.0,380.3663330078125,377.3999938964844,381.3599853515625,383.3199768066406,279.55999755859375,54.34537887573242,-0.18634033203125,109882
475.0,380.40887451171875,377.47998046875,381.5199890136719,383.3799743652344,279.8199768066406,54.229156494140625,-0.188873291015625,109882
476.0,380.1368408203125,377.5199890136719,381.6600036621094,383.5,279.8800048828125,54.242523193359375,0.123138427734375,109882
477.0,380.3489685058594,377.53997802734375,381.67999267578125,383.44000244140625,279.53997802734375,54.33294677734375,-0.00897216796875,109882
478.0,380.5545959472656,377.5,381.739990234375,383.55999755859375,279.3800048828125,54.46006774902344,-0.214599609375,109882
479.0,380.5680236816406,377.5,381.6999816894531,383.5199890136719,279.5799865722656,54.405696868896484,-0.248046875,109882
480.0,380.58526611328125,377.5799865722656,381.7200012207031,383.53997802734375,279.3999938964844,54.55986404418945,-0.205291748046875,109882
481.0,380.6532287597656,377.67999267578125,381.8199768066406,383.7200012207031,278.9599914550781,54.76756286621094,-0.13323974609375,109882
482.0,380.4470520019531,377.6199951171875,381.6399841308594,383.5199890136719,279.0,54.72140884399414,-0.1270751953125,109882
483.0,380.4112243652344,377.53997802734375,381.53997802734375,383.41998291015625,279.1399841308594,54.498165130615234,-0.21124267578125,109882
484.0,380.30511474609375,377.55999755859375,381.44000244140625,383.1999816894531,279.3599853515625,54.44233322143555,-0.165130615234375,109882
485.0,380.3670349121094,377.5799865722656,381.5199890136719,383.41998291015625,279.53997802734375,54.45341873168945,-0.127044677734375,109882
486.0,380.3363037109375,377.55999755859375,381.5799865722656,383.44000244140625,279.8199768066406,54.31052780151367,-0.03631591796875,109882
487.0,380.4574279785156,377.5199890136719,381.6399841308594,383.4599914550781,279.29998779296875,54.567745208740234,-0.07745361328125,109882
488.0,380.4178161621094,377.53997802734375,381.5799865722656,383.4599914550781,278.92498779296875,54.725345611572266,-0.09783935546875,109882
489.0,380.602294921875,377.6399841308594,381.7799987792969,383.7437744140625,278.7049865722656,54.97671890258789,-0.18231201171875,109882
490.0,380.5417785644531,377.79998779296875,381.8399963378906,383.7799987792969,279.239990234375,54.853816986083984,-0.02178955078125,109882
491.0,380.6690673828125,377.6999816894531,381.8599853515625,383.739990234375,279.3450012207031,54.935665130615234,-0.149078369140625,109882
492.0,380.7395935058594,377.5999755859375,381.6999816894531,383.5999755859375,279.0199890136719,55.07610321044922,-0.319610595703125,109882
493.0,380.6492004394531,377.6399841308594,381.6600036621094,383.5799865722656,279.55999755859375,54.81463623046875,-0.26922607421875,109882
494.0,380.7014465332031,377.7599792480469,381.8399963378906,383.6399841308594,279.3399963378906,54.964412689208984,-0.141448974609375,109882
495.0,380.6717224121094,377.7599792480469,381.8599853515625,383.7200012207031,279.3599853515625,54.77859878540039,-0.09173583984375,109882
496.0,380.7862548828125,377.79998779296875,381.8799743652344,383.6600036621094,279.2200012207031,54.97441101074219,-0.166259765625,109882
497.0,380.8338317871094,377.8399963378906,381.8799743652344,383.6600036621094,279.4599914550781,54.995399475097656,-0.213836669921875,109882
498.0,380.7438659667969,377.8199768066406,381.8599853515625,383.6600036621094,279.6600036621094,54.741878509521484,-0.123870849609375,109882
499.0,380.71942138671875,377.79998779296875,381.91998291015625,383.6999816894531,279.7799987792969,54.58634948730469,-0.059417724609375,109882
500.0,380.8013610839844,377.8599853515625,381.91998291015625,383.739990234375,280.0199890136719,54.491580963134766,-0.121368408203125,109882
501.0,380.61968994140625,377.8399963378906,381.8799743652344,383.6999816894531,279.7850036621094,54.46003341674805,0.00030517578125,109882
502.0,380.633056640625,377.8599853515625,382.03997802734375,383.91998291015625,279.6999816894531,54.54343795776367,0.10693359375,109882
503.0,380.7011413574219,377.8599853515625,382.03997802734375,383.8599853515625,279.8800048828125,54.63627624511719,0.058837890625,109882
504.0,380.8518371582031,377.8999938964844,382.0199890136719,383.7799987792969,279.5,54.777366638183594,-0.07183837890625,109882
505.0,380.7509460449219,377.8799743652344,382.0,383.7799987792969,279.2200012207031,54.7939338684082,-0.03094482421875,109882
506.0,380.6510925292969,377.7799987792969,381.8389892578125,383.5799865722656,279.05999755859375,55.000953674316406,-0.07110595703125,109882
507.0,380.46954345703125,377.7799987792969,381.8799743652344,383.7799987792969,279.239990234375,54.855403900146484,0.0904541015625,109882
508.0,380.44036865234375,377.8399963378906,381.8399963378906,383.6600036621094,279.6199951171875,54.52953338623047,0.13763427734375,109882
509.0,380.5428771972656,377.97998046875,381.97998046875,383.7799987792969,279.2649841308594,55.006309509277344,0.1771240234375,109882
510.0,380.60479736328125,377.9599914550781,382.0199890136719,383.7599792480469,279.8399963378906,54.4389533996582,0.13519287109375,109882
511.0,380.52813720703125,377.8799743652344,382.0,383.8599853515625,279.739990234375,54.42420196533203,0.15185546875,109882
512.0,380.6227111816406,377.8399963378906,381.8799743652344,383.7200012207031,279.3450012207031,54.706787109375,-0.042724609375,109882
513.0,380.7025451660156,377.8399963378906,381.8599853515625,383.7200012207031,279.0799865722656,54.8900032043457,-0.082550048828125,109882
514.0,380.60955810546875,377.8599853515625,381.94000244140625,383.8199768066406,278.8599853515625,55.07884979248047,0.030426025390625,109882
515.0,380.43316650390625,377.8199768066406,381.91998291015625,383.79998779296875,279.3199768066406,54.94873046875,0.146820068359375,109882
516.0,380.43310546875,377.79998779296875,382.0,383.8799743652344,279.6999816894531,54.817256927490234,0.1668701171875,109882
517.0,380.6479797363281,377.8399963378906,381.9599914550781,383.79998779296875,279.6600036621094,54.666648864746094,0.052001953125,109882
518.0,380.58709716796875,377.91998291015625,381.91998291015625,383.8199768066406,279.8199768066406,54.48912811279297,0.132904052734375,109882
519.0,380.52398681640625,377.8799743652344,381.91998291015625,383.7799987792969,279.6000061035156,54.59110641479492,0.09600830078125,109882
520.0,380.83917236328125,377.94000244140625,382.1199951171875,383.9599914550781,279.2049865722656,55.05602264404297,-0.059173583984375,109882
521.0,380.7995910644531,377.94000244140625,382.1600036621094,383.9599914550781,279.5199890136719,55.06443786621094,0.0203857421875,109882
522.0,380.76806640625,377.97998046875,382.2200012207031,384.05999755859375,279.5199890136719,54.925750732421875,0.111907958984375,109882
523.0,380.8876953125,378.05999755859375,382.1999816894531,383.9599914550781,280.1399841308594,54.559288024902344,0.05230712890625,109882
524.0,380.8003234863281,378.03997802734375,382.1600036621094,383.91998291015625,280.1399841308594,54.422420501708984,0.07965087890625,109882
525.0,380.96685791015625,377.91998291015625,382.0999755859375,383.91998291015625,280.4049987792969,54.20361328125,-0.10687255859375,109882
526.0,380.6827392578125,377.8399963378906,381.9599914550781,383.79998779296875,280.1199951171875,54.22239303588867,-0.00274658203125,109882
527.0,380.5893249511719,377.94000244140625,382.1999816894531,383.91998291015625,279.92498779296875,54.524879455566406,0.23065185546875,109882
528.0,380.9064025878906,378.0,382.2799987792969,384.1399841308594,279.53997802734375,54.751060485839844,0.073577880859375,109882
529.0,380.99920654296875,377.97998046875,382.239990234375,384.0999755859375,279.6999816894531,54.80333709716797,-0.0592041015625,109882
530.0,380.9862976074219,377.97998046875,382.17999267578125,384.0199890136719,279.05999755859375,55.16508483886719,-0.126312255859375,109882
531.0,380.8897399902344,377.8599853515625,382.03997802734375,383.94378662109375,279.0,55.03064727783203,-0.1297607421875,109882
532.0,380.76995849609375,377.91998291015625,382.1789855957031,384.0,279.6199951171875,54.65473175048828,0.030029296875,109882
533.0,380.6560974121094,378.0199890136719,382.2799987792969,384.05999755859375,279.7449951171875,54.530059814453125,0.203887939453125,109882
534.0,380.7206115722656,378.1600036621094,382.2599792480469,383.94000244140625,279.6000061035156,54.58283615112305,0.219390869140625,109882
535.0,381.03082275390625,378.2200012207031,382.2799987792969,384.05999755859375,279.79998779296875,54.5959587097168,-0.010833740234375,109882
536.0,381.0575256347656,378.05999755859375,382.3199768066406,384.0999755859375,280.2200012207031,54.42827606201172,-0.057525634765625,109882
537.0,381.0633544921875,378.0199890136719,382.3599853515625,384.18377685546875,280.03997802734375,54.47105407714844,-0.043365478515625,109882
538.0,381.2054748535156,378.0999755859375,382.3199768066406,384.1199951171875,279.9599914550781,54.486263275146484,-0.205474853515625,109882
539.0,381.0502014160156,378.0999755859375,382.3399963378906,384.17999267578125,279.7200012207031,54.787132263183594,-0.070220947265625,109882
540.0,380.9668884277344,378.0999755859375,382.3399963378906,384.1999816894531,280.1999816894531,54.579193115234375,0.013092041015625,109882
541.0,381.14166259765625,378.0199890136719,382.2599792480469,384.1600036621094,279.8599853515625,54.608856201171875,-0.2216796875,109882
542.0,381.3442077636719,377.91998291015625,382.0199890136719,383.97998046875,279.5799865722656,54.885650634765625,-0.564208984375,109882
543.0,380.91790771484375,377.8399963378906,381.8999938964844,383.6999816894531,279.7599792480469,54.47037887573242,-0.31793212890625,109882
544.0,381.03863525390625,378.05999755859375,382.1399841308594,383.8199768066406,279.67999267578125,54.575252532958984,-0.198638916015625,109882
545.0,381.333984375,378.29998779296875,382.4599914550781,384.2599792480469,279.1000061035156,55.241493225097656,-0.194000244140625,109882
546.0,381.5426025390625,378.29998779296875,382.47998046875,384.3437805175781,279.67999267578125,55.050052642822266,-0.402618408203125,109882
547.0,381.3915100097656,378.29998779296875,382.3999938964844,384.29998779296875,280.2200012207031,54.779075622558594,-0.291534423828125,109882
548.0,381.2745666503906,378.3399963378906,382.3599853515625,384.239990234375,279.97998046875,54.91315841674805,-0.174591064453125,109882
549.0,381.2278137207031,378.3399963378906,382.2799987792969,384.1600036621094,279.6199951171875,55.11705780029297,-0.167816162109375,109882
550.0,381.53125,378.47998046875,382.5,384.1999816894531,279.625,54.978004455566406,-0.251251220703125,109882
551.0,381.41766357421875,378.53997802734375,382.6600036621094,384.2799987792969,280.0199890136719,54.844154357910156,-0.097686767578125,109882
552.0,381.01568603515625,378.41998291015625,382.5999755859375,384.3399963378906,279.9599914550781,54.80712890625,0.204315185546875,109882
553.0,381.1429138183594,378.3199768066406,382.5389709472656,384.29998779296875,279.6000061035156,54.8189811706543,0.037078857421875,109882
554.0,381.0606689453125,378.2599792480469,382.44000244140625,384.2799987792969,279.739990234375,54.87859344482422,0.019317626953125,109882
555.0,380.9578857421875,378.29998779296875,382.2799987792969,384.1199951171875,280.03997802734375,54.4967155456543,0.062103271484375,109882
556.0,381.2365417480469,378.239990234375,382.2799987792969,384.0799865722656,279.8199768066406,54.455841064453125,-0.176544189453125,109882
557.0,381.18487548828125,378.1999816894531,382.2799987792969,384.0437927246094,280.1600036621094,54.471519470214844,-0.20489501953125,109882
558.0,381.02203369140625,378.2599792480469,382.3599853515625,384.1399841308594,280.0,54.608638763427734,0.01593017578125,109882
559.0,381.1588134765625,378.2599792480469,382.3599853515625,384.1999816894531,279.6399841308594,54.67219161987305,-0.058837890625,109882
560.0,380.97216796875,378.1399841308594,382.1600036621094,383.97998046875,279.3999938964844,54.87300109863281,-0.03216552734375,109882
561.0,380.91534423828125,378.29998779296875,382.3199768066406,384.1199951171875,279.29998779296875,54.86357879638672,0.1446533203125,109882
562.0,381.1470642089844,378.3599853515625,382.4599914550781,384.1999816894531,279.3999938964844,54.869773864746094,0.012939453125,109882
563.0,381.1258239746094,378.47998046875,382.5799865722656,384.3199768066406,279.55999755859375,54.97856140136719,0.174163818359375,109882
564.0,381.0088195800781,378.4599914550781,382.6399841308594,384.5,279.5799865722656,55.20777130126953,0.291168212890625,109882
565.0,381.03887939453125,378.3599853515625,382.5,384.3199768066406,280.1000061035156,54.583274841308594,0.20111083984375,109882
566.0,380.999267578125,378.3599853515625,382.44000244140625,384.2200012207031,280.1199951171875,54.64878463745117,0.220733642578125,109882
567.0,380.9873352050781,378.44000244140625,382.47998046875,384.3799743652344,280.3800048828125,54.40055847167969,0.232666015625,109882
568.0,381.0054626464844,378.44000244140625,382.41998291015625,384.3199768066406,280.5199890136719,54.360321044921875,0.114532470703125,109882
569.0,381.1640319824219,378.41998291015625,382.44000244140625,384.3599853515625,279.9599914550781,54.77871322631836,-0.0240478515625,109882
570.0,381.3036804199219,378.4599914550781,382.5799865722656,384.5199890136719,280.1399841308594,54.90006637573242,-0.043701171875,109882
571.0,381.30291748046875,378.5199890136719,382.6399841308594,384.44000244140625,280.3800048828125,54.72385787963867,0.017059326171875,109882
572.0,381.30767822265625,378.55999755859375,382.6399841308594,384.44000244140625,280.239990234375,54.69111251831055,0.05230712890625,109882
573.0,381.5596923828125,378.67999267578125,382.6999816894531,384.4599914550781,280.1000061035156,54.85160827636719,-0.099700927734375,109882
574.0,381.48590087890625,378.5799865722656,382.6600036621094,384.47998046875,279.4599914550781,55.23246383666992,-0.085906982421875,109882
575.0,381.312255859375,378.47998046875,382.5,384.1999816894531,279.6000061035156,54.997005462646484,-0.01226806640625,109882
576.0,381.4364929199219,378.5999755859375,382.5799865722656,384.17999267578125,279.8399963378906,54.86228942871094,-0.0364990234375,109882
577.0,381.36016845703125,378.6999816894531,382.7200012207031,384.3399963378906,280.1999816894531,54.640960693359375,0.13983154296875,109882
578.0,381.16595458984375,378.6600036621094,382.6999816894531,384.41998291015625,280.239990234375,54.72032165527344,0.2740478515625,109882
579.0,381.1518249511719,378.6399841308594,382.6600036621094,384.44000244140625,280.05999755859375,54.99454879760742,0.208160400390625,109882
580.0,381.21295166015625,378.55999755859375,382.6600036621094,384.41998291015625,280.29998779296875,54.815391540527344,0.167022705078125,109882
581.0,381.1159973144531,378.5799865722656,382.739990234375,384.47998046875,279.8999938964844,54.83586883544922,0.363983154296875,109882
582.0,381.153564453125,378.5799865722656,382.5999755859375,384.2599792480469,280.05999755859375,54.63740921020508,0.246429443359375,109882
583.0,381.276123046875,378.6600036621094,382.7200012207031,384.44000244140625,279.5,55.06201171875,0.223876953125,109882
584.0,381.3218994140625,378.5799865722656,382.6199951171875,384.2837829589844,279.2599792480469,55.132789611816406,0.09808349609375,109882
585.0,381.3616027832031,378.5199890136719,382.6199951171875,384.3199768066406,279.7200012207031,54.85758590698242,-0.001617431640625,109882
586.0,381.3608093261719,378.44000244140625,382.6199951171875,384.3999938964844,279.55999755859375,55.02598190307617,-0.02081298828125,109882
587.0,381.5035400390625,378.53997802734375,382.6399841308594,384.47998046875,279.8399963378906,54.91304397583008,-0.103546142578125,109882
588.0,381.5254211425781,378.6199951171875,382.6999816894531,384.5,279.8999938964844,54.7654914855957,-0.0654296875,109882
589.0,381.43707275390625,378.7799987792969,382.8599853515625,384.5799865722656,279.8999938964844,54.835350036621094,0.1229248046875,109882
590.0,381.4366455078125,378.739990234375,382.79998779296875,384.55999755859375,279.7200012207031,55.06378173828125,0.12335205078125,109882
591.0,381.5117492675781,378.67999267578125,382.6600036621094,384.47998046875,280.2799987792969,54.756103515625,-0.0517578125,109882
592.0,381.4953918457031,378.6999816894531,382.6600036621094,384.5,280.6199951171875,54.57742691040039,-0.055389404296875,109882
593.0,381.36407470703125,378.6999816894531,382.67999267578125,384.55999755859375,280.0799865722656,54.586692810058594,0.075927734375,109882
594.0,381.4093322753906,378.8199768066406,382.739990234375,384.5999755859375,281.0,54.23323440551758,0.130645751953125,109882
595.0,381.466064453125,378.739990234375,382.739990234375,384.5,280.79998779296875,54.2805290222168,0.053924560546875,109882
596.0,381.5443420410156,378.739990234375,382.7599792480469,384.5199890136719,280.17999267578125,54.66145706176758,-0.044342041015625,109882
597.0,381.53411865234375,378.7200012207031,382.79998779296875,384.6199951171875,279.8599853515625,54.94937515258789,-0.03411865234375,109882
598.0,381.442138671875,378.739990234375,382.8999938964844,384.8399963378906,279.8399963378906,55.01946258544922,0.1578369140625,109882
599.0,381.37652587890625,378.7200012207031,382.8199768066406,384.739990234375,280.17999267578125,54.53846740722656,0.12347412109375,109882
600.0,381.48187255859375,378.7200012207031,382.8599853515625,384.7599792480469,280.1050109863281,54.52608108520508,0.078125,109882
601.0,381.4260559082031,378.739990234375,383.0,384.79998779296875,279.7599792480469,54.950645446777344,0.193939208984375,109882
602.0,381.5711364746094,378.7799987792969,383.0,384.8599853515625,279.94500732421875,54.90506362915039,0.0888671875,109882
603.0,381.9236145019531,378.8399963378906,382.97998046875,384.8799743652344,280.6399841308594,54.5966682434082,-0.26361083984375,109882
604.0,382.077392578125,378.8199768066406,382.8999938964844,384.7599792480469,280.3399963378906,54.58052444458008,-0.4774169921875,109882
605.0,381.9277038574219,378.8599853515625,382.8799743652344,384.67999267578125,280.5799865722656,54.633846282958984,-0.307708740234375,109882
606.0,381.9580078125,378.8999938964844,383.0,384.7437744140625,281.2799987792969,54.25474166870117,-0.238006591796875,109882
607.0,381.852783203125,378.91998291015625,383.03997802734375,384.79998779296875,281.1999816894531,54.20954132080078,-0.05279541015625,109882
608.0,381.75933837890625,379.0,383.1199951171875,384.8199768066406,281.47998046875,54.26378631591797,0.080657958984375,109882
609.0,381.9488830566406,379.03997802734375,383.2200012207031,384.8999938964844,280.7799987792969,54.667842864990234,-0.04888916015625,109882
610.0,381.8780517578125,379.0199890136719,383.1399841308594,384.79998779296875,280.0199890136719,55.14992141723633,-0.07806396484375,109882
611.0,381.89764404296875,379.0199890136719,383.05999755859375,384.8437805175781,280.1199951171875,55.32286834716797,-0.077667236328125,109882
612.0,381.6597595214844,378.8999938964844,382.94000244140625,384.7599792480469,280.3999938964844,54.94406509399414,0.06024169921875,109882
613.0,381.6860046386719,378.9599914550781,383.0,384.7799987792969,279.7599792480469,55.23837661743164,0.113983154296875,109882
614.0,381.8260498046875,379.0,383.0199890136719,384.8599853515625,279.6600036621094,55.46412658691406,-0.006072998046875,109882
615.0,381.8876037597656,379.05999755859375,383.1399841308594,384.94000244140625,279.8199768066406,55.257503509521484,-0.027618408203125,109882
616.0,381.968505859375,379.03997802734375,383.1199951171875,384.97998046875,279.5,55.25918197631836,-0.068511962890625,109882
617.0,381.8470764160156,379.05999755859375,383.0999755859375,384.94000244140625,279.6999816894531,55.37428283691406,0.03289794921875,109882
618.0,381.687255859375,379.03997802734375,383.03997802734375,384.8999938964844,280.0199890136719,55.283302307128906,0.1727294921875,109882
619.0,381.6659240722656,378.97998046875,382.97998046875,384.6999816894531,280.41998291015625,54.871788024902344,0.134063720703125,109882
620.0,381.9045104980469,379.05999755859375,383.1399841308594,384.94000244140625,280.2599792480469,55.06387710571289,0.035491943359375,109882
621.0,381.8660888671875,378.94000244140625,383.15899658203125,385.0037841796875,280.1050109863281,54.996795654296875,-0.026092529296875,109882
622.0,381.7721252441406,379.03997802734375,383.1600036621094,384.97998046875,280.1999816894531,54.81742477416992,0.06787109375,109882
623.0,381.6256103515625,378.9599914550781,383.0799865722656,384.8399963378906,280.1600036621094,54.801395416259766,0.1143798828125,109882
624.0,381.6337585449219,379.03997802734375,383.2200012207031,384.97998046875,280.2649841308594,54.71157455444336,0.226226806640625,109882
625.0,381.52899169921875,379.0199890136719,383.2200012207031,384.94000244140625,280.3199768066406,54.577144622802734,0.311004638671875,109882
626.0,381.9404602050781,379.03997802734375,383.17999267578125,384.9599914550781,280.1999816894531,54.87039566040039,-0.04046630859375,109882
627.0,381.9281311035156,379.0999755859375,383.1399841308594,384.8999938964844,281.1199951171875,54.249603271484375,-0.04815673828125,109882
628.0,381.809814453125,379.0199890136719,383.0999755859375,384.86376953125,280.5799865722656,54.5987548828125,0.070159912109375,109882
629.0,381.7070617675781,378.8999938964844,383.0199890136719,384.8999938964844,280.55999755859375,54.56443786621094,0.05291748046875,109882
630.0,381.8943786621094,379.0,383.0799865722656,384.9599914550781,280.3199768066406,54.72404098510742,-0.014404296875,109882
631.0,381.9668273925781,379.05999755859375,383.1600036621094,385.03997802734375,280.55999755859375,54.76633071899414,-0.026824951171875,109882
632.0,381.9496154785156,379.0999755859375,383.239990234375,385.1199951171875,281.0799865722656,54.42353439331055,0.0103759765625,109882
633.0,381.9227294921875,379.0,383.17999267578125,385.0999755859375,280.6199951171875,54.75486373901367,-0.022735595703125,109882
634.0,381.90673828125,379.0,383.1199951171875,385.0799865722656,280.1600036621094,55.00716018676758,-0.026763916015625,109882
635.0,381.888427734375,379.03997802734375,383.0999755859375,385.05999755859375,279.7599792480469,55.00996780395508,-0.0284423828125,109882
636.0,381.7525634765625,379.03997802734375,383.1199951171875,384.97998046875,279.6399841308594,55.11539077758789,0.087432861328125,109882
637.0,381.9585266113281,379.1999816894531,383.2599792480469,385.03997802734375,279.8999938964844,55.08238983154297,0.00146484375,109882
638.0,381.86761474609375,379.17999267578125,383.1999816894531,384.8599853515625,280.03997802734375,54.992286682128906,0.012359619140625,109882
639.0,381.9321594238281,379.17999267578125,383.2200012207031,384.8799743652344,280.18499755859375,54.88286590576172,0.047821044921875,109882
640.0,382.1229553222656,379.1399841308594,383.2799987792969,385.0199890136719,279.9599914550781,54.85072708129883,-0.062957763671875,109882
641.0,382.12139892578125,379.1199951171875,383.2200012207031,385.03997802734375,280.1600036621094,54.895687103271484,-0.101409912109375,109882
642.0,381.9427185058594,379.0799865722656,383.1399841308594,384.8399963378906,280.125,54.84282302856445,-0.022735595703125,109882
643.0,382.00396728515625,379.2200012207031,383.1999816894531,385.0,280.47998046875,54.647708892822266,-0.00396728515625,109882
644.0,382.0023193359375,379.29998779296875,383.2799987792969,385.05999755859375,280.385009765625,54.71543884277344,0.077667236328125,109882
645.0,382.00140380859375,379.2799987792969,383.3199768066406,385.1600036621094,280.29998779296875,54.893821716308594,0.09857177734375,109882
646.0,381.70269775390625,379.29998779296875,383.3599853515625,385.239990234375,280.5199890136719,54.88008499145508,0.39727783203125,109882
647.0,381.897216796875,379.29998779296875,383.41998291015625,385.2599792480469,280.6199951171875,54.529388427734375,0.242767333984375,109882
648.0,382.0184631347656,379.41998291015625,383.44000244140625,385.2200012207031,280.6199951171875,54.777835845947266,0.1815185546875,109882
649.0,382.0343017578125,379.29998779296875,383.3199768066406,385.0799865722656,280.1600036621094,54.954383850097656,0.02569580078125,109882
650.0,381.87982177734375,379.3199768066406,383.4599914550781,385.1999816894531,280.3199768066406,54.726253509521484,0.280181884765625,109882
651.0,382.0219421386719,379.29998779296875,383.47998046875,385.3999938964844,280.6399841308594,54.61666488647461,0.17803955078125,109882
652.0,382.0581359863281,379.239990234375,383.3999938964844,385.3199768066406,280.94000244140625,54.62838363647461,0.001861572265625,109882
653.0,382.1205749511719,379.3199768066406,383.3599853515625,385.3199768066406,280.6999816894531,54.8603515625,-0.060577392578125,109882
654.0,382.1339111328125,379.3199768066406,383.3199768066406,385.239990234375,280.6000061035156,54.9902458190918,-0.1339111328125,109882
655.0,382.0191650390625,379.3399963378906,383.47998046875,385.2599792480469,279.739990234375,55.23250961303711,0.140838623046875,109882
656.0,382.16790771484375,379.47998046875,383.5999755859375,385.3599853515625,279.9599914550781,55.47028732299805,0.172088623046875,109882
657.0,381.9859924316406,379.41998291015625,383.53997802734375,385.29998779296875,280.364990234375,55.14008331298828,0.29400634765625,109882
658.0,382.06951904296875,379.41998291015625,383.53997802734375,385.3399963378906,280.2599792480469,55.094547271728516,0.17047119140625,109882
659.0,382.3824157714844,379.3799743652344,383.53997802734375,385.41998291015625,280.1600036621094,55.027286529541016,-0.202423095703125,109882
660.0,382.61090087890625,379.44000244140625,383.6600036621094,385.3999938964844,280.6999816894531,54.970462799072266,-0.290924072265625,109882
661.0,382.4151306152344,379.44000244140625,383.6999816894531,385.4237976074219,280.44000244140625,54.97968292236328,-0.037139892578125,109882
662.0,382.2564697265625,379.41998291015625,383.6399841308594,385.3799743652344,280.1600036621094,55.292057037353516,0.103515625,109882
663.0,382.2109375,379.47998046875,383.5799865722656,385.44000244140625,280.5,55.08897399902344,0.129058837890625,109882
664.0,382.2743835449219,379.4599914550781,383.6199951171875,385.5,280.2599792480469,55.420555114746094,0.06561279296875,109882
665.0,382.2979736328125,379.41998291015625,383.6399841308594,385.47998046875,280.5,54.88542938232422,0.022003173828125,109882
666.0,382.2850036621094,379.5199890136719,383.6999816894531,385.5,280.47998046875,54.980018615722656,0.114990234375,109882
667.0,382.3424377441406,379.53997802734375,383.67999267578125,385.47998046875,280.3249816894531,55.13117218017578,0.097564697265625,109882
668.0,382.2566223144531,379.5,383.5799865722656,385.3799743652344,280.17999267578125,55.15361022949219,0.12335205078125,109882
669.0,382.4168395996094,379.5199890136719,383.6600036621094,385.44000244140625,280.3599853515625,55.11282730102539,-0.016845703125,109882
670.0,382.2535095214844,379.44000244140625,383.5999755859375,385.3799743652344,280.42498779296875,55.13085174560547,0.0264892578125,109882
671.0,382.2742004394531,379.5199890136719,383.55999755859375,385.41998291015625,280.7799987792969,54.835853576660156,0.0657958984375,109882
672.0,382.148681640625,379.5,383.5799865722656,385.3837890625,281.2799987792969,54.3394660949707,0.15130615234375,109882
673.0,382.2394104003906,379.55999755859375,383.67999267578125,385.5199890136719,281.0199890136719,54.677391052246094,0.16058349609375,109882
674.0,382.2973937988281,379.6999816894531,383.7599792480469,385.53997802734375,281.3999938964844,54.4901123046875,0.202606201171875,109882
675.0,382.2385559082031,379.67999267578125,383.6199951171875,385.3799743652344,281.5799865722656,54.4143180847168,0.14141845703125,109882
676.0,381.9872131347656,379.53997802734375,383.5199890136719,385.29998779296875,281.55999755859375,54.355960845947266,0.27276611328125,109882
677.0,382.177734375,379.5,383.5,385.3399963378906,281.1199951171875,54.687171936035156,0.062255859375,109882
678.0,382.3348388671875,379.4599914550781,383.55999755859375,385.3999938964844,280.8999938964844,54.59043884277344,-0.0948486328125,109882
679.0,382.3782958984375,379.5799865722656,383.8199768066406,385.6600036621094,281.239990234375,54.31394577026367,0.04168701171875,109882
680.0,382.609375,379.7200012207031,383.8799743652344,385.67999267578125,281.6000061035156,54.11851501464844,-0.089385986328125,109882
681.0,382.50677490234375,379.7200012207031,383.91998291015625,385.739990234375,282.1600036621094,53.91553497314453,0.013214111328125,109882
682.0,382.5998840332031,379.7599792480469,383.94000244140625,385.8599853515625,282.0,53.926788330078125,-0.039886474609375,109882
683.0,382.6488952636719,379.7599792480469,383.91998291015625,385.7599792480469,281.6399841308594,54.06312942504883,-0.06890869140625,109882
684.0,382.64599609375,379.6600036621094,383.7599792480469,385.67999267578125,281.5799865722656,53.979759216308594,-0.166015625,109882
685.0,382.2453308105469,379.5199890136719,383.55999755859375,385.4599914550781,281.8249816894531,53.90867614746094,0.09466552734375,109882
686.0,382.0627746582031,379.4599914550781,383.5199890136719,385.4599914550781,281.7200012207031,54.09266662597656,0.177215576171875,109882
687.0,381.99615478515625,379.6399841308594,383.7599792480469,385.55999755859375,281.5,54.20277404785156,0.36383056640625,109882
688.0,382.1938781738281,379.6399841308594,383.7799987792969,385.5999755859375,281.0,54.539424896240234,0.18609619140625,109882
689.0,382.25653076171875,379.6399841308594,383.6999816894531,385.6199951171875,281.1600036621094,54.512847900390625,0.123443603515625,109882
690.0,382.3418884277344,379.6399841308594,383.6999816894531,385.6037902832031,280.8800048828125,54.9228401184082,0.05810546875,109882
691.0,382.3827819824219,379.67999267578125,383.94000244140625,385.8199768066406,281.1449890136719,54.69274139404297,0.177215576171875,109882
692.0,382.42681884765625,379.6999816894531,383.94000244140625,385.8399963378906,281.6999816894531,54.22639465332031,0.153167724609375,109882
693.0,382.2621765136719,379.6199951171875,383.8199768066406,385.6600036621094,281.5799865722656,54.180625915527344,0.237823486328125,109882
694.0,382.4739990234375,379.6199951171875,383.8399963378906,385.6399841308594,281.17999267578125,54.490360260009766,0.02398681640625,109882
695.0,382.4376220703125,379.5799865722656,383.739990234375,385.55999755859375,281.6999816894531,54.126529693603516,-0.01763916015625,109882
696.0,382.5634765625,379.6399841308594,383.8599853515625,385.7599792480469,281.4599914550781,54.32367706298828,-0.02349853515625,109882
697.0,382.6009216308594,379.6999816894531,383.9599914550781,385.739990234375,281.3800048828125,54.47999954223633,-0.02093505859375,109882
698.0,382.614501953125,379.7799987792969,383.91998291015625,385.6600036621094,281.0,54.74079132080078,0.0054931640625,109882
699.0,382.49237060546875,379.79998779296875,383.7799987792969,385.47998046875,280.7850036621094,54.763309478759766,0.027618408203125,109882
700.0,382.5876770019531,379.7599792480469,383.7799987792969,385.47998046875,281.3199768066406,54.54549789428711,-0.0076904296875,109882
701.0,382.5423583984375,379.7200012207031,383.79998779296875,385.5799865722656,281.4599914550781,54.478912353515625,0.01763916015625,109882
702.0,382.71551513671875,379.7200012207031,383.7989807128906,385.6399841308594,280.68499755859375,54.88498306274414,-0.155517578125,109882
703.0,382.8039855957031,379.79998779296875,383.97998046875,385.91998291015625,281.0849914550781,54.80147171020508,-0.16400146484375,109882
704.0,382.5142517089844,379.7799987792969,383.9599914550781,385.8437805175781,280.97998046875,54.776729583740234,0.085723876953125,109882
705.0,382.5323486328125,379.79998779296875,383.9599914550781,385.7200012207031,281.0,54.84498596191406,0.14764404296875,109882
706.0,382.7013244628906,379.7599792480469,384.0199890136719,385.79998779296875,280.9599914550781,54.74386978149414,-0.021331787109375,109882
707.0,382.7848815917969,379.8199768066406,384.0999755859375,385.8999938964844,281.3399963378906,54.588314056396484,-0.044891357421875,109882
708.0,382.96881103515625,379.8799743652344,384.1199951171875,385.8799743652344,281.3399963378906,54.62012481689453,-0.208831787109375,109882
709.0,383.2225341796875,379.8599853515625,384.0,385.8399963378906,281.1199951171875,54.874141693115234,-0.502532958984375,109882
710.0,383.2712097167969,380.0,384.05999755859375,385.8599853515625,280.55999755859375,54.994140625,-0.43121337890625,109882
711.0,383.0853576660156,379.8799743652344,383.97998046875,385.7799987792969,280.7599792480469,54.83347702026367,-0.3853759765625,109882
712.0,382.9870300292969,379.91998291015625,383.9599914550781,385.7799987792969,281.29998779296875,54.567840576171875,-0.3470458984375,109882
713.0,382.8084411621094,379.9599914550781,383.97998046875,385.7799987792969,281.8199768066406,54.335872650146484,-0.10845947265625,109882
714.0,382.71209716796875,379.8799743652344,383.8799743652344,385.739990234375,281.54498291015625,54.410438537597656,-0.072113037109375,109882
715.0,382.7775573730469,379.8799743652344,383.8799743652344,385.6199951171875,281.625,54.53843688964844,-0.157562255859375,109882
716.0,382.93389892578125,379.8799743652344,383.8999938964844,385.7200012207031,281.3199768066406,54.69933319091797,-0.273895263671875,109882
717.0,382.9846496582031,379.97998046875,384.0199890136719,385.7599792480469,280.8800048828125,54.85398864746094,-0.184661865234375,109882
718.0,382.8277282714844,380.0199890136719,384.1600036621094,385.8999938964844,281.5,54.494510650634766,0.032257080078125,109882
719.0,382.7924499511719,379.8999938964844,384.03997802734375,385.7599792480469,282.03997802734375,54.27406692504883,-0.032470703125,109882
720.0,382.7884826660156,379.8799743652344,384.05999755859375,385.7437744140625,281.53997802734375,54.595428466796875,0.011505126953125,109882
721.0,382.393310546875,379.79998779296875,383.97998046875,385.7200012207031,281.2799987792969,54.56922149658203,0.3466796875,109882
722.0,382.3055725097656,379.9599914550781,384.0799865722656,385.91998291015625,281.44500732421875,54.48460388183594,0.45440673828125,109882
723.0,382.4732360839844,380.05999755859375,384.1600036621094,386.0,281.3399963378906,54.61305236816406,0.34674072265625,109882
724.0,382.4662170410156,379.94000244140625,383.97998046875,385.7799987792969,281.6399841308594,54.49268341064453,0.19378662109375,109882
725.0,382.651123046875,380.0,384.03997802734375,385.8599853515625,281.3800048828125,54.679630279541016,0.108856201171875,109882
726.0,382.78240966796875,379.97998046875,384.0,385.8199768066406,281.17999267578125,54.80442810058594,-0.04241943359375,109882
727.0,382.5804748535156,379.91998291015625,383.9599914550781,385.7799987792969,281.4649963378906,54.698143005371094,0.07952880859375,109882
728.0,382.72760009765625,380.0,384.05999755859375,385.8199768066406,281.6399841308594,54.476478576660156,0.052398681640625,109882
729.0,382.7491760253906,380.03997802734375,384.1999816894531,385.9837951660156,281.6199951171875,54.438045501708984,0.110809326171875,109882
730.0,382.83160400390625,380.1199951171875,384.17999267578125,385.9599914550781,281.7599792480469,54.47047805786133,0.02838134765625,109882
731.0,382.64520263671875,380.0999755859375,384.1199951171875,385.9599914550781,281.67999267578125,54.83709716796875,0.174774169921875,109882
732.0,382.7203369140625,380.0999755859375,384.17999267578125,386.0799865722656,281.3800048828125,55.01810073852539,0.19964599609375,109882
733.0,382.7903137207031,380.03997802734375,384.1600036621094,386.0799865722656,281.0,55.00592803955078,0.129669189453125,109882
734.0,382.5861511230469,380.1199951171875,384.1600036621094,386.03997802734375,280.8199768066406,55.265869140625,0.3138427734375,109882
735.0,382.44793701171875,380.0799865722656,384.1399841308594,385.9837951660156,281.05999755859375,55.13688659667969,0.41204833984375,109882
736.0,382.5040588378906,380.05999755859375,384.03997802734375,385.8799743652344,281.1000061035156,54.98063278198242,0.3359375,109882
737.0,382.5293884277344,380.0199890136719,384.0,385.8399963378906,281.03997802734375,55.096561431884766,0.2506103515625,109882
738.0,382.6819152832031,380.1399841308594,384.1600036621094,386.0,281.3599853515625,54.733089447021484,0.238067626953125,109882
739.0,382.87493896484375,380.2799987792969,384.239990234375,386.03997802734375,281.3800048828125,54.63344192504883,0.1650390625,109882
740.0,382.77691650390625,380.239990234375,384.1600036621094,385.91998291015625,281.41998291015625,54.581329345703125,0.183074951171875,109882
741.0,382.8058166503906,380.3399963378906,384.2200012207031,385.9599914550781,281.3249816894531,54.749290466308594,0.194183349609375,109882
742.0,382.8764343261719,380.2599792480469,384.3399963378906,386.1600036621094,281.4599914550781,54.579063415527344,0.163543701171875,109882
743.0,382.9410705566406,380.29998779296875,384.3199768066406,386.0799865722656,281.1600036621094,54.93268585205078,0.098907470703125,109882
744.0,382.7851867675781,380.1999816894531,384.1600036621094,385.8999938964844,281.3999938964844,54.87312698364258,0.154815673828125,109882
745.0,382.6717529296875,380.1399841308594,384.1600036621094,386.03997802734375,280.97998046875,55.18169403076172,0.228240966796875,109882
746.0,382.51739501953125,380.05999755859375,384.1199951171875,385.97998046875,281.53997802734375,54.84894943237305,0.262603759765625,109882
747.0,382.76715087890625,380.1399841308594,384.2799987792969,386.1399841308594,281.6600036621094,54.730403900146484,0.21282958984375,109882
748.0,382.7603759765625,380.1199951171875,384.25897216796875,386.17999267578125,281.2649841308594,54.9714469909668,0.17962646484375,109882
749.0,382.6394348144531,380.0999755859375,384.17999267578125,386.0799865722656,281.47998046875,54.83617401123047,0.280548095703125,109882
750.0,382.59918212890625,380.2200012207031,384.29998779296875,386.0999755859375,281.739990234375,54.6572151184082,0.420806884765625,109882
751.0,382.751220703125,380.239990234375,384.3399963378906,386.17999267578125,281.6000061035156,54.627071380615234,0.268768310546875,109882
752.0,382.8403015136719,380.3199768066406,384.3799743652344,386.17999267578125,281.29998779296875,54.812904357910156,0.23968505859375,109882
753.0,382.79559326171875,380.239990234375,384.2200012207031,386.0,281.2599792480469,54.79350280761719,0.164398193359375,109882
754.0,382.7322998046875,380.2200012207031,384.2200012207031,386.0,281.7200012207031,54.64851379394531,0.227691650390625,109882
755.0,382.7071838378906,380.29998779296875,384.3799743652344,386.20379638671875,281.8399963378906,54.817115783691406,0.352813720703125,109882
756.0,382.9083557128906,380.29998779296875,384.47998046875,386.29998779296875,281.53997802734375,54.9211540222168,0.171630859375,109882
757.0,382.9730224609375,380.29998779296875,384.5,386.3199768066406,281.6600036621094,55.00606155395508,0.126953125,109882
758.0,382.8666076660156,380.2599792480469,384.29998779296875,386.143798828125,281.2599792480469,55.073612213134766,0.15338134765625,109882
759.0,383.0491943359375,380.29998779296875,384.3399963378906,386.2200012207031,281.17999267578125,55.20965576171875,0.05078125,109882
760.0,383.12567138671875,380.3599853515625,384.3799743652344,386.239990234375,280.55999755859375,55.525230407714844,0.014312744140625,109882
761.0,383.02117919921875,380.3999938964844,384.41998291015625,386.2200012207031,280.4599914550781,55.68812942504883,0.1588134765625,109882
762.0,383.01617431640625,380.41998291015625,384.44000244140625,386.3199768066406,280.53997802734375,55.805057525634766,0.183807373046875,109882
763.0,383.1619567871094,380.44000244140625,384.47998046875,386.3999938964844,280.2799987792969,55.90245819091797,0.03802490234375,109882
764.0,383.2255554199219,380.3999938964844,384.5,386.17999267578125,280.6199951171875,55.44865798950195,0.014434814453125,109882
765.0,383.200439453125,380.3599853515625,384.55999755859375,386.239990234375,281.1600036621094,55.01094055175781,0.079559326171875,109882
766.0,383.2165222167969,380.3599853515625,384.5199890136719,386.17999267578125,281.5,54.90304946899414,0.04345703125,109882
767.0,383.14569091796875,380.3999938964844,384.4599914550781,386.17999267578125,281.2599792480469,55.09906768798828,0.054290771484375,109882
768.0,383.15045166015625,380.53997802734375,384.55999755859375,386.2599792480469,281.44500732421875,55.09201431274414,0.169525146484375,109882
769.0,382.97637939453125,380.2799987792969,384.3599853515625,386.2599792480469,280.6399841308594,55.221763610839844,0.14361572265625,109882
770.0,383.0306396484375,380.2599792480469,384.3399963378906,386.2200012207031,280.97998046875,55.00576400756836,0.0693359375,109882
771.0,383.366455078125,380.3799743652344,384.47998046875,386.3399963378906,281.1199951171875,55.26609802246094,-0.106475830078125,109882
772.0,383.3961181640625,380.44000244140625,384.5199890136719,386.41998291015625,280.8999938964844,55.50745391845703,-0.116119384765625,109882
773.0,383.2966613769531,380.4599914550781,384.47998046875,386.3599853515625,280.2799987792969,55.91811752319336,-0.03668212890625,109882
774.0,382.9870910644531,380.3399963378906,384.44000244140625,386.29998779296875,281.05999755859375,55.273136138916016,0.132904052734375,109882
775.0,383.0406188964844,380.3999938964844,384.55999755859375,386.4599914550781,280.9599914550781,55.365325927734375,0.199371337890625,109882
776.0,383.0744934082031,380.3799743652344,384.53997802734375,386.41998291015625,281.41998291015625,55.04021453857422,0.18548583984375,109882
777.0,383.171875,380.4599914550781,384.5789794921875,386.41998291015625,281.7200012207031,54.73900604248047,0.1260986328125,109882
778.0,383.2173156738281,380.5,384.5999755859375,386.3999938964844,281.41998291015625,55.081336975097656,0.1226806640625,109882
779.0,383.27996826171875,380.53997802734375,384.6199951171875,386.3999938964844,281.2200012207031,55.34248352050781,0.08001708984375,109882
780.0,383.3422546386719,380.6399841308594,384.6999816894531,386.53997802734375,281.4599914550781,54.96170425415039,0.11773681640625,109882
781.0,383.39898681640625,380.55999755859375,384.6999816894531,386.5799865722656,281.6600036621094,54.852359771728516,0.001007080078125,109882
782.0,383.22686767578125,380.5,384.55999755859375,386.3799743652344,282.1199951171875,54.704124450683594,0.0731201171875,109882
783.0,383.30572509765625,380.4599914550781,384.53997802734375,386.3799743652344,281.4599914550781,54.87761688232422,-0.0057373046875,109882
784.0,383.2166748046875,380.47998046875,384.5,386.32379150390625,281.6600036621094,54.76633834838867,0.063323974609375,109882
785.0,383.02093505859375,380.41998291015625,384.41998291015625,386.3399963378906,281.6000061035156,54.652400970458984,0.139068603515625,109882
786.0,382.9160461425781,380.5,384.47998046875,386.3199768066406,281.6600036621094,54.64649963378906,0.323944091796875,109882
787.0,382.9176025390625,380.5,384.44000244140625,386.2599792480469,281.2799987792969,54.8609733581543,0.282379150390625,109882
788.0,383.0491943359375,380.5199890136719,384.4599914550781,386.29998779296875,281.1600036621094,55.166133880615234,0.170806884765625,109882
789.0,382.9827880859375,380.3799743652344,384.2599792480469,386.0999755859375,281.3999938964844,54.85166931152344,0.097198486328125,109882
790.0,382.8773498535156,380.3199768066406,384.3199768066406,386.17999267578125,281.41998291015625,54.796852111816406,0.162628173828125,109882
791.0,382.95611572265625,380.41998291015625,384.5199890136719,386.3599853515625,281.8999938964844,54.463443756103516,0.203887939453125,109882
792.0,382.9936218261719,380.5,384.53997802734375,386.3799743652344,281.739990234375,54.58995819091797,0.246368408203125,109882
793.0,383.08294677734375,380.55999755859375,384.5999755859375,386.5199890136719,280.94000244140625,55.081153869628906,0.217041015625,109882
794.0,383.06927490234375,380.5799865722656,384.6399841308594,386.44000244140625,281.3999938964844,54.88410568237305,0.29071044921875,109882
795.0,383.1217346191406,380.5999755859375,384.6999816894531,386.5,281.94000244140625,54.68783187866211,0.358245849609375,109882
796.0,383.1231689453125,380.6199951171875,384.6999816894531,386.55999755859375,281.8199768066406,54.82225036621094,0.336822509765625,109882
797.0,383.1663513183594,380.5799865722656,384.5799865722656,386.3999938964844,281.8999938964844,54.670467376708984,0.193634033203125,109882
798.0,383.3246765136719,380.5999755859375,384.55999755859375,386.4237976074219,281.5799865722656,54.68943786621094,0.035308837890625,109882
799.0,383.2067565917969,380.5999755859375,384.739990234375,386.6199951171875,281.47998046875,54.76350021362305,0.233245849609375,109882
800.0,383.34814453125,380.7599792480469,384.8199768066406,386.6399841308594,281.6199951171875,54.67573165893555,0.21185302734375,109882
801.0,383.17755126953125,380.6399841308594,384.6600036621094,386.47998046875,281.6399841308594,54.74655532836914,0.242431640625,109882
802.0,383.4722595214844,380.5799865722656,384.67999267578125,386.47998046875,282.125,54.66841125488281,-0.032257080078125,109882
803.0,383.4126281738281,380.67999267578125,384.8799743652344,386.67999267578125,281.94000244140625,54.897953033447266,0.22735595703125,109882
804.0,383.37060546875,380.67999267578125,384.8399963378906,386.5799865722656,282.239990234375,54.594810485839844,0.2293701171875,109882
805.0,383.5648498535156,380.6999816894531,384.8599853515625,386.5999755859375,281.8999938964844,54.7347297668457,0.055145263671875,109882
806.0,383.4272155761719,380.55999755859375,384.67999267578125,386.47998046875,281.67999267578125,54.62172317504883,0.012786865234375,109882
807.0,383.3742370605469,380.55999755859375,384.7799987792969,386.5037841796875,281.7799987792969,54.51362228393555,0.125762939453125,109882
808.0,383.3801574707031,380.6600036621094,384.94000244140625,386.67999267578125,281.6000061035156,54.4440803527832,0.239837646484375,109882
809.0,383.460693359375,380.6600036621094,384.8999938964844,386.6199951171875,281.5,54.56943893432617,0.119293212890625,109882
810.0,383.0569152832031,380.67999267578125,384.7599792480469,386.53997802734375,281.7850036621094,54.58491134643555,0.383087158203125,109882
811.0,383.30181884765625,380.8599853515625,384.9599914550781,386.739990234375,281.67999267578125,54.845123291015625,0.31817626953125,109882
812.0,383.64306640625,381.0,385.1399841308594,386.94000244140625,282.1449890136719,54.73008728027344,0.136932373046875,109882
813.0,383.6293029785156,381.0,385.05999755859375,386.8199768066406,282.1199951171875,54.71736145019531,0.15069580078125,109882
814.0,383.6832580566406,380.9599914550781,385.0199890136719,386.79998779296875,282.04498291015625,54.63029479980469,0.07672119140625,109882
815.0,383.43768310546875,380.8599853515625,384.91998291015625,386.7599792480469,281.6600036621094,54.75618362426758,0.222320556640625,109882
816.0,383.4728088378906,380.7599792480469,384.97998046875,386.8199768066406,281.6999816894531,54.826560974121094,0.16717529296875,109882
817.0,383.53326416015625,380.79998779296875,385.0199890136719,386.8799743652344,281.80499267578125,54.797119140625,0.126739501953125,109882
818.0,383.6103820800781,380.8199768066406,385.0,386.8399963378906,281.0249938964844,55.25925064086914,0.109619140625,109882
819.0,383.6727294921875,380.79998779296875,384.94000244140625,386.8399963378906,281.29998779296875,55.232521057128906,0.00726318359375,109882
820.0,383.3257141113281,380.6399841308594,384.7599792480469,386.6600036621094,281.3999938964844,54.94538116455078,0.174285888671875,109882
821.0,383.2928161621094,380.6199951171875,384.7599792480469,386.7200012207031,281.7200012207031,54.6706657409668,0.16717529296875,109882
822.0,383.28814697265625,380.7200012207031,384.97998046875,386.79998779296875,281.94000244140625,54.553131103515625,0.231842041015625,109882
823.0,383.52081298828125,380.7599792480469,385.0799865722656,386.94000244140625,281.47998046875,54.86471176147461,0.119171142578125,109882
824.0,383.6706848144531,380.7200012207031,385.0,386.8399963378906,281.3800048828125,55.01921844482422,-0.050689697265625,109882
825.0,383.93548583984375,380.8199768066406,385.1199951171875,386.8799743652344,280.97998046875,55.45289993286133,-0.19549560546875,109882
826.0,383.8287353515625,380.91998291015625,385.0799865722656,386.9599914550781,281.5199890136719,55.17775344848633,0.011260986328125,109882
827.0,383.853515625,381.05999755859375,385.0999755859375,386.9599914550781,281.6000061035156,54.90771484375,0.026458740234375,109882
828.0,383.73736572265625,380.90997314453125,385.03997802734375,386.8399963378906,281.1399841308594,54.9449577331543,0.042633056640625,109882
829.0,383.6188659667969,380.91998291015625,385.1199951171875,386.8799743652344,281.1199951171875,55.068603515625,0.20111083984375,109882
830.0,383.6478271484375,381.05999755859375,385.3199768066406,387.0799865722656,281.2799987792969,55.074031829833984,0.312164306640625,109882
831.0,383.7162780761719,381.0799865722656,385.2799987792969,387.0799865722656,281.239990234375,55.07304763793945,0.203704833984375,109882
832.0,383.8774719238281,381.0999755859375,385.1999816894531,386.8799743652344,281.5799865722656,54.892173767089844,0.08251953125,109882
833.0,383.9490966796875,381.05999755859375,385.239990234375,386.94000244140625,282.3999938964844,54.39101791381836,0.0509033203125,109882
834.0,383.9766540527344,380.94000244140625,385.2200012207031,386.9599914550781,281.91998291015625,54.60625457763672,-0.056671142578125,109882
835.0,383.9035949707031,380.9599914550781,385.2200012207031,387.03997802734375,281.8399963378906,54.787532806396484,-0.02362060546875,109882
836.0,383.9218444824219,381.0,385.17999267578125,386.97998046875,281.8599853515625,54.856101989746094,-0.10186767578125,109882
837.0,383.8958435058594,381.1399841308594,385.2200012207031,386.91998291015625,281.94000244140625,55.1202278137207,0.004150390625,109882
838.0,383.8463439941406,381.1199951171875,385.17999267578125,386.8999938964844,281.97998046875,55.18009567260742,0.013641357421875,109882
839.0,383.7230224609375,381.0799865722656,385.17999267578125,386.97998046875,282.2599792480469,54.96544647216797,0.156951904296875,109882
840.0,383.76336669921875,381.0199890136719,385.239990234375,387.0,282.6050109863281,54.55025100708008,0.1766357421875,109882
841.0,383.6240234375,380.91998291015625,385.1399841308594,386.9599914550781,281.05999755859375,55.387245178222656,0.2359619140625,109882
842.0,383.6401672363281,380.94000244140625,385.2200012207031,387.05999755859375,281.2599792480469,55.20043182373047,0.23980712890625,109882
843.0,383.6128234863281,380.91998291015625,385.1600036621094,386.94000244140625,281.67999267578125,54.816444396972656,0.187164306640625,109882
844.0,383.7385559082031,380.9599914550781,385.1999816894531,387.05999755859375,281.7200012207031,54.771575927734375,0.121429443359375,109882
845.0,383.803955078125,381.0199890136719,385.17999267578125,386.9837951660156,282.0,54.72575759887695,0.0560302734375,109882
846.0,383.7615051269531,381.0199890136719,385.1999816894531,387.03997802734375,281.91998291015625,54.84996795654297,0.098480224609375,109882
847.0,383.8028259277344,381.0799865722656,385.239990234375,387.05999755859375,282.03997802734375,55.02201461791992,0.117156982421875,109882
848.0,384.1287536621094,381.1399841308594,385.3199768066406,387.1600036621094,282.0799865722656,55.106632232666016,-0.1087646484375,109882
849.0,384.01983642578125,381.0999755859375,385.3199768066406,387.0999755859375,282.2200012207031,54.871238708496094,0.000152587890625,109882
850.0,383.99749755859375,381.1399841308594,385.41998291015625,387.0999755859375,282.3999938964844,54.71623611450195,0.12249755859375,109882
851.0,384.0811462402344,381.0999755859375,385.3599853515625,387.0199890136719,282.0849914550781,54.93893051147461,-0.021148681640625,109882
852.0,383.9190368652344,381.1999816894531,385.3199768066406,387.1399841308594,281.7200012207031,55.2390251159668,0.080963134765625,109882
853.0,383.9012451171875,381.2599792480469,385.3399963378906,387.1399841308594,282.3249816894531,54.82442855834961,0.178741455078125,109882
854.0,383.6846923828125,381.2200012207031,385.3799743652344,387.2200012207031,281.3999938964844,55.40159225463867,0.35528564453125,109882
855.0,383.8880920410156,381.2799987792969,385.47998046875,387.1999816894531,281.54498291015625,55.30027770996094,0.231903076171875,109882
856.0,383.88458251953125,381.2599792480469,385.4599914550781,387.1199951171875,281.8199768066406,55.32472229003906,0.275421142578125,109882
857.0,383.9720458984375,381.2200012207031,385.458984375,387.1600036621094,281.6600036621094,55.27630615234375,0.187957763671875,109882
858.0,384.177490234375,381.2599792480469,385.5999755859375,387.3999938964844,281.4599914550781,55.360897064208984,0.042510986328125,109882
859.0,384.1343994140625,381.3399963378906,385.5999755859375,387.3399963378906,282.17999267578125,54.78338623046875,0.145599365234375,109882
860.0,384.1495361328125,381.2200012207031,385.41998291015625,387.17999267578125,282.5050048828125,54.3454475402832,-0.029541015625,109882
861.0,384.186767578125,381.2200012207031,385.41998291015625,387.1999816894531,282.3399963378906,54.85227584838867,-0.0867919921875,109882
862.0,384.30010986328125,381.1999816894531,385.4599914550781,387.47998046875,281.8999938964844,55.1657829284668,-0.2401123046875,109882
863.0,384.23065185546875,381.1600036621094,385.5799865722656,387.4637756347656,282.1199951171875,54.798988342285156,-0.090667724609375,109882
864.0,384.13604736328125,381.17999267578125,385.53997802734375,387.3199768066406,282.1999816894531,54.638179779052734,0.023956298828125,109882
865.0,384.0794982910156,381.239990234375,385.44000244140625,387.1999816894531,282.2599792480469,54.58575439453125,0.06048583984375,109882
866.0,383.9847106933594,381.2200012207031,385.4599914550781,387.3199768066406,282.5,54.61304473876953,0.135284423828125,109882
867.0,384.0640869140625,381.239990234375,385.5,387.3599853515625,282.0199890136719,54.84237289428711,0.075897216796875,109882
868.0,383.89434814453125,381.2200012207031,385.47998046875,387.2200012207031,282.239990234375,54.58580017089844,0.22564697265625,109882
869.0,384.1045227050781,381.3599853515625,385.5,387.1999816894531,282.739990234375,54.52903747558594,0.095458984375,109882
870.0,384.1002502441406,381.4599914550781,385.55999755859375,387.3199768066406,282.3399963378906,54.972564697265625,0.17974853515625,109882
871.0,384.0305480957031,381.41998291015625,385.55999755859375,387.2799987792969,282.1399841308594,54.967529296875,0.189453125,109882
872.0,384.13800048828125,381.3799743652344,385.5799865722656,387.2599792480469,282.0,54.868412017822266,0.10198974609375,109882
873.0,384.0345458984375,381.29998779296875,385.47998046875,387.1999816894531,281.7200012207031,54.8110466003418,0.165435791015625,109882
874.0,383.98626708984375,381.17999267578125,385.239990234375,387.03997802734375,281.55999755859375,54.96430969238281,0.0537109375,109882
875.0,383.8646240234375,381.1600036621094,385.1399841308594,386.8199768066406,281.7799987792969,54.90345001220703,0.095367431640625,109882
876.0,383.9980163574219,381.2599792480469,385.3199768066406,387.05999755859375,281.53997802734375,54.95280838012695,0.08197021484375,109882
877.0,383.695556640625,381.2799987792969,385.3399963378906,387.1399841308594,282.1399841308594,54.789833068847656,0.4244384765625,109882
878.0,383.673583984375,381.2799987792969,385.3999938964844,387.2599792480469,282.29998779296875,54.7513427734375,0.4263916015625,109882
879.0,383.6005554199219,381.2799987792969,385.41998291015625,387.29998779296875,281.91998291015625,54.9475212097168,0.499420166015625,109882
880.0,383.7421875,381.29998779296875,385.41998291015625,387.2237854003906,282.2200012207031,54.82583999633789,0.417816162109375,109882
881.0,383.9626770019531,381.3199768066406,385.5,387.1999816894531,282.3399963378906,54.88365173339844,0.277313232421875,109882
882.0,384.00421142578125,381.3199768066406,385.5199890136719,387.2799987792969,282.4599914550781,54.58673858642578,0.23577880859375,109882
883.0,384.2745666503906,381.44000244140625,385.6199951171875,387.44000244140625,282.2250061035156,54.71269226074219,0.085418701171875,109882
884.0,384.2691650390625,381.41998291015625,385.6199951171875,387.44000244140625,282.2599792480469,54.88153076171875,0.0908203125,109882
885.0,384.24029541015625,381.44000244140625,385.6399841308594,387.3799743652344,282.41998291015625,54.76853561401367,0.159698486328125,109882
886.0,384.26251220703125,381.47998046875,385.6999816894531,387.3799743652344,282.5,54.889705657958984,0.177490234375,109882
887.0,384.0355529785156,381.3999938964844,385.5999755859375,387.3399963378906,282.44000244140625,54.63239669799805,0.304443359375,109882
888.0,384.06573486328125,381.3799743652344,385.53997802734375,387.29998779296875,281.8399963378906,55.14023971557617,0.154266357421875,109882
889.0,383.95538330078125,381.3399963378906,385.41998291015625,387.1399841308594,281.6999816894531,55.082923889160156,0.14459228515625,109882
890.0,384.14300537109375,381.5199890136719,385.6600036621094,387.4599914550781,282.0199890136719,54.92194747924805,0.196990966796875,109882
891.0,384.2132263183594,381.53997802734375,385.6600036621094,387.5,282.1650085449219,54.72602462768555,0.166748046875,109882
892.0,384.0294494628906,381.3799743652344,385.4599914550781,387.239990234375,282.3249816894531,54.494483947753906,0.1905517578125,109882
893.0,384.01806640625,381.2599792480469,385.3799743652344,387.1600036621094,282.1000061035156,54.838436126708984,0.121917724609375,109882
894.0,384.0332336425781,381.3399963378906,385.3999938964844,387.1399841308594,282.47998046875,54.717018127441406,0.166748046875,109882
895.0,384.1579284667969,381.47998046875,385.53997802734375,387.3399963378906,282.6399841308594,54.83127975463867,0.16204833984375,109882
896.0,384.1246337890625,381.5199890136719,385.55999755859375,387.41998291015625,282.3399963378906,55.037105560302734,0.155364990234375,109882
897.0,384.1556396484375,381.6199951171875,385.6199951171875,387.5199890136719,282.5,55.064369201660156,0.224334716796875,109882
898.0,384.0334167480469,381.53997802734375,385.5799865722656,387.3437805175781,282.6999816894531,54.8604736328125,0.28656005859375,109882
899.0,383.9219970703125,381.3999938964844,385.5799865722656,387.41998291015625,282.8199768066406,54.620460510253906,0.358001708984375,109882
900.0,384.1224060058594,381.41998291015625,385.6600036621094,387.5799865722656,282.3199768066406,54.96809768676758,0.237579345703125,109882
901.0,384.3185119628906,381.53997802734375,385.8199768066406,387.5999755859375,282.03997802734375,55.1268196105957,0.181488037109375,109882
902.0,384.61712646484375,381.6999816894531,385.8799743652344,387.67999267578125,282.5249938964844,55.16755676269531,-0.05712890625,109882
903.0,384.5589294433594,381.67999267578125,385.6199951171875,387.3999938964844,282.44000244140625,55.057518005371094,-0.138946533203125,109882
904.0,384.6113586425781,381.6600036621094,385.6600036621094,387.3799743652344,282.4049987792969,54.96958923339844,-0.171356201171875,109882
905.0,384.4538269042969,381.7200012207031,385.739990234375,387.41998291015625,282.9599914550781,54.7440299987793,0.066162109375,109882
906.0,384.3477478027344,381.6999816894531,385.7599792480469,387.5,282.6600036621094,54.677581787109375,0.152252197265625,109882
907.0,384.3230285644531,381.6399841308594,385.6999816894531,387.44000244140625,282.41998291015625,54.92855453491211,0.136962890625,109882
908.0,384.2052917480469,381.5,385.55999755859375,387.3599853515625,282.94000244140625,54.48994445800781,0.11468505859375,109882
909.0,384.1858215332031,381.5,385.5799865722656,387.44000244140625,282.6999816894531,54.48978042602539,0.114166259765625,109882
910.0,384.141357421875,381.55999755859375,385.6600036621094,387.4599914550781,283.385009765625,54.122352600097656,0.2186279296875,109882
911.0,384.0698547363281,381.67999267578125,385.739990234375,387.53997802734375,283.6000061035156,54.13569259643555,0.370147705078125,109882
912.0,384.0149230957031,381.7200012207031,385.7799987792969,387.5437927246094,283.3399963378906,54.357669830322266,0.465057373046875,109882
913.0,384.3141784667969,381.7599792480469,385.79998779296875,387.5,282.3800048828125,54.976806640625,0.245819091796875,109882
914.0,384.26849365234375,381.67999267578125,385.7599792480469,387.4599914550781,282.4599914550781,54.95112609863281,0.23150634765625,109882
915.0,384.2450256347656,381.6999816894531,385.8399963378906,387.5799865722656,282.3249816894531,55.06843948364258,0.314971923828125,109882
916.0,384.2951965332031,381.8399963378906,385.9599914550781,387.6999816894531,282.91998291015625,54.647804260253906,0.36279296875,109882
917.0,384.4896545410156,381.94000244140625,386.03997802734375,387.7799987792969,282.8800048828125,54.6179084777832,0.27032470703125,109882
918.0,384.4580993652344,381.8199768066406,385.97998046875,387.8199768066406,282.7200012207031,54.59628677368164,0.221893310546875,109882
919.0,384.58489990234375,381.79998779296875,386.03997802734375,387.79998779296875,282.7200012207031,54.63033676147461,0.135101318359375,109882
920.0,384.52899169921875,381.6999816894531,385.8999938964844,387.6399841308594,282.17999267578125,54.7574462890625,0.07098388671875,109882
921.0,384.7165222167969,381.7799987792969,385.7799987792969,387.5,281.8199768066406,55.170501708984375,-0.156524658203125,109882
922.0,384.77105712890625,381.7599792480469,385.8599853515625,387.5999755859375,282.3199768066406,54.993011474609375,-0.191070556640625,109882
923.0,384.6602783203125,381.7200012207031,385.8599853515625,387.6399841308594,282.0849914550781,55.19558334350586,-0.080291748046875,109882
924.0,384.42333984375,381.8199768066406,385.8999938964844,387.6999816894531,282.6999816894531,54.88652801513672,0.156646728515625,109882
925.0,384.45916748046875,381.91998291015625,385.97998046875,387.6999816894531,282.4599914550781,54.99816131591797,0.2208251953125,109882
926.0,384.6317443847656,381.8399963378906,385.97998046875,387.7200012207031,282.1600036621094,55.2570686340332,0.048248291015625,109882
927.0,384.8288269042969,381.739990234375,385.8599853515625,387.6399841308594,282.0849914550781,55.29545211791992,-0.1688232421875,109882
928.0,384.62310791015625,381.6399841308594,385.6600036621094,387.5199890136719,281.9849853515625,55.34229278564453,-0.103118896484375,109882
929.0,384.578125,381.6600036621094,385.6999816894531,387.3999938964844,282.44000244140625,55.00052261352539,-0.03814697265625,109882
930.0,384.6318359375,381.7799987792969,385.7599792480469,387.55999755859375,282.18499755859375,55.05681610107422,-0.051849365234375,109882
931.0,384.50958251953125,381.79998779296875,385.7200012207031,387.55999755859375,282.04498291015625,55.141082763671875,0.0084228515625,109882
932.0,384.1783142089844,381.79998779296875,385.67999267578125,387.4599914550781,281.8599853515625,55.32716369628906,0.28167724609375,109882
933.0,384.2034912109375,381.8599853515625,385.8199768066406,387.6600036621094,281.7599792480469,55.25481414794922,0.376495361328125,109882
934.0,384.44805908203125,381.8799743652344,385.94000244140625,387.7799987792969,282.2799987792969,54.96372604370117,0.211944580078125,109882
935.0,384.4199523925781,381.739990234375,385.8199768066406,387.55999755859375,282.53997802734375,54.771461486816406,0.140045166015625,109882
936.0,384.54583740234375,381.7599792480469,385.91998291015625,387.6199951171875,282.41998291015625,54.79865646362305,0.01214599609375,109882
937.0,384.47320556640625,381.8799743652344,385.9599914550781,387.6399841308594,282.0849914550781,55.114402770996094,0.166778564453125,109882
938.0,384.54107666015625,381.97998046875,386.03997802734375,387.739990234375,282.364990234375,55.12856674194336,0.19891357421875,109882
939.0,384.5695495605469,381.8999938964844,385.8999938964844,387.6399841308594,282.5,54.86921691894531,0.110443115234375,109882
940.0,384.4036560058594,381.8799743652344,385.8999938964844,387.6399841308594,282.6399841308594,54.73148727416992,0.25634765625,109882
941.0,384.4061279296875,381.91998291015625,385.9599914550781,387.67999267578125,282.94000244140625,54.76647186279297,0.293853759765625,109882
942.0,384.68914794921875,382.0,386.0999755859375,387.79998779296875,282.3800048828125,55.11811447143555,0.090850830078125,109882
943.0,384.73504638671875,382.0199890136719,386.05999755859375,387.739990234375,282.2250061035156,55.081764221191406,0.084930419921875,109882
944.0,384.7193298339844,382.0,386.0999755859375,387.8199768066406,282.5199890136719,54.81260299682617,0.080657958984375,109882
945.0,384.72821044921875,381.94000244140625,386.0199890136719,387.7599792480469,282.6999816894531,54.580322265625,-0.008209228515625,109882
946.0,384.6640625,381.94000244140625,385.97998046875,387.6999816894531,282.4599914550781,54.720367431640625,0.055938720703125,109882
947.0,384.7779541015625,381.8999938964844,385.97998046875,387.67999267578125,282.53997802734375,54.74443817138672,-0.077972412109375,109882
948.0,384.7726135253906,382.03997802734375,386.1600036621094,387.8199768066406,282.7599792480469,54.64008331298828,0.087371826171875,109882
949.0,384.9773254394531,382.1600036621094,386.17999267578125,387.7799987792969,282.8599853515625,54.644020080566406,-0.037322998046875,109882
950.0,384.7666931152344,382.03997802734375,386.1199951171875,387.79998779296875,282.94500732421875,54.550071716308594,0.093292236328125,109882
951.0,384.96197509765625,382.03997802734375,386.29998779296875,388.0237731933594,283.1199951171875,54.577728271484375,-0.001983642578125,109882
952.0,384.8270568847656,382.0,386.2200012207031,388.0,282.8999938964844,54.64306640625,0.05291748046875,109882
953.0,384.93450927734375,382.0199890136719,386.0999755859375,387.94000244140625,283.2200012207031,54.321407318115234,-0.094512939453125,109882
954.0,384.99969482421875,381.97998046875,386.0199890136719,387.9599914550781,282.8199768066406,54.723670959472656,-0.219696044921875,109882
955.0,385.0279846191406,381.97998046875,386.05999755859375,388.0,282.67999267578125,54.88542938232422,-0.227996826171875,109882
956.0,385.05255126953125,382.05999755859375,386.0799865722656,387.9599914550781,282.5199890136719,55.06160354614258,-0.232574462890625,109882
957.0,384.9041442871094,382.1399841308594,386.1999816894531,387.94378662109375,283.0,54.77592468261719,-0.00616455078125,109882
958.0,384.888427734375,382.17999267578125,386.29998779296875,388.05999755859375,283.44000244140625,54.51019287109375,0.091552734375,109882
959.0,384.9274597167969,382.1600036621094,386.3599853515625,388.03997802734375,283.3599853515625,54.5145149230957,0.052520751953125,109882
960.0,385.058349609375,382.1399841308594,386.2799987792969,388.0799865722656,282.8199768066406,54.887996673583984,-0.078369140625,109882
961.0,384.9945983886719,382.1600036621094,386.2200012207031,387.97998046875,282.79998779296875,54.85731506347656,-0.014617919921875,109882
962.0,385.00274658203125,382.239990234375,386.1999816894531,387.9637756347656,283.1000061035156,54.583641052246094,-0.00274658203125,109882
963.0,385.21856689453125,382.29998779296875,386.3599853515625,388.1600036621094,283.2200012207031,54.78385543823242,-0.058563232421875,109882
964.0,385.3677062988281,382.1600036621094,386.3199768066406,388.2599792480469,282.94000244140625,54.982547760009766,-0.2877197265625,109882
965.0,385.106689453125,382.1199951171875,386.29998779296875,388.1199951171875,282.5799865722656,55.04255676269531,-0.06671142578125,109882
966.0,384.98968505859375,382.1999816894531,386.3399963378906,388.0999755859375,282.29998779296875,55.00835418701172,0.0703125,109882
967.0,385.2303466796875,382.239990234375,386.3599853515625,388.1199951171875,282.6999816894531,55.05599594116211,-0.13037109375,109882
968.0,385.21112060546875,382.3199768066406,386.3599853515625,388.1199951171875,282.6199951171875,54.940147399902344,-0.09112548828125,109882
969.0,384.90594482421875,382.2200012207031,386.17999267578125,387.9599914550781,282.7200012207031,54.693180084228516,0.09405517578125,109882
970.0,384.9769592285156,382.2200012207031,386.2599792480469,388.0037841796875,282.5199890136719,54.76469039916992,0.083038330078125,109882
971.0,384.9497985839844,382.17999267578125,386.239990234375,388.05999755859375,282.55999755859375,54.721744537353516,0.050201416015625,109882
972.0,385.01947021484375,382.1399841308594,386.1999816894531,388.0237731933594,282.4049987792969,54.72704315185547,-0.0994873046875,109882
973.0,385.18731689453125,382.2799987792969,386.3799743652344,388.1999816894531,282.5199890136719,54.774940490722656,-0.107330322265625,109882
974.0,385.2653503417969,382.3199768066406,386.3599853515625,388.0999755859375,282.6199951171875,54.81686782836914,-0.1253662109375,109882
975.0,385.4031677246094,382.3799743652344,386.3599853515625,388.0799865722656,283.03997802734375,54.69532775878906,-0.20318603515625,109882
976.0,385.3459167480469,382.3199768066406,386.29998779296875,388.1199951171875,283.18499755859375,54.752037048339844,-0.225921630859375,109882
977.0,385.3274841308594,382.3399963378906,386.41998291015625,388.1399841308594,282.8999938964844,54.78422546386719,-0.1875,109882
978.0,385.18096923828125,382.3599853515625,386.3999938964844,388.1600036621094,283.0,54.87704849243164,-0.08099365234375,109882
979.0,385.1009826660156,382.3399963378906,386.3999938964844,388.1399841308594,282.97998046875,54.79466247558594,-0.02099609375,109882
980.0,385.09515380859375,382.2799987792969,386.41998291015625,388.239990234375,283.3249816894531,54.451175689697266,-0.015167236328125,109882
981.0,385.1018371582031,382.29998779296875,386.3799743652344,388.29998779296875,283.2449951171875,54.6544189453125,-0.0218505859375,109882
982.0,384.9005432128906,382.2599792480469,386.3199768066406,388.2200012207031,282.7200012207031,54.79983901977539,0.079437255859375,109882
983.0,385.1052551269531,382.3599853515625,386.3599853515625,388.1399841308594,283.1999816894531,54.524131774902344,-0.0252685546875,109882
984.0,385.0587158203125,382.3199768066406,386.3999938964844,388.17999267578125,282.9599914550781,54.74695587158203,0.081268310546875,109882
985.0,384.8788146972656,382.239990234375,386.5,388.3399963378906,282.91998291015625,54.746612548828125,0.28118896484375,109882
986.0,385.2117614746094,382.41998291015625,386.6199951171875,388.44000244140625,283.0,54.86626434326172,0.10821533203125,109882
987.0,385.2342224121094,382.41998291015625,386.5,388.2599792480469,283.3599853515625,54.65669631958008,-0.054229736328125,109882
988.0,385.06097412109375,382.29998779296875,386.3399963378906,388.1600036621094,283.0849914550781,54.81061553955078,0.03900146484375,109882
989.0,385.2345275878906,382.3199768066406,386.4599914550781,388.17999267578125,282.6000061035156,55.10200500488281,-0.0145263671875,109882
990.0,385.3183288574219,382.3399963378906,386.5799865722656,388.3199768066406,283.0799865722656,54.932647705078125,-0.038330078125,109882
991.0,385.1104736328125,382.2599792480469,386.44000244140625,388.1600036621094,283.3800048828125,54.7726936340332,0.06951904296875,109882
992.0,384.9896545410156,382.44000244140625,386.53997802734375,388.1399841308594,283.3399963378906,54.96733856201172,0.250335693359375,109882
993.0,385.03167724609375,382.41998291015625,386.55999755859375,388.29998779296875,282.79998779296875,55.070316314697266,0.188323974609375,109882
994.0,384.9799499511719,382.3799743652344,386.47998046875,388.29998779296875,282.8999938964844,55.1203727722168,0.1800537109375,109882
995.0,384.9891662597656,382.3999938964844,386.47998046875,388.2799987792969,283.0249938964844,55.048336029052734,0.190826416015625,109882
996.0,384.9990539550781,382.3999938964844,386.47998046875,388.2599792480469,283.1000061035156,54.97733688354492,0.200927734375,109882
997.0,385.00653076171875,382.41998291015625,386.47998046875,388.239990234375,283.239990234375,54.908206939697266,0.193450927734375,109882
998.0,385.0285339355469,382.44000244140625,386.47998046875,388.239990234375,283.364990234375,54.84018325805664,0.19146728515625,109882
999.0,385.0581359863281,382.4599914550781,386.47998046875,388.239990234375,283.47998046875,54.77360153198242,0.181854248046875,109882
1000.0,385.09423828125,382.47998046875,386.47998046875,388.239990234375,283.55999755859375,54.708343505859375,0.165740966796875,109882
1001.0,385.1310729980469,382.47998046875,386.5,388.2599792480469,283.67999267578125,54.64453125,0.14892578125,109882
1002.0,385.1690368652344,382.5,386.5199890136719,388.2599792480469,283.79998779296875,54.58209991455078,0.130950927734375,109882
1003.0,385.2201232910156,382.5199890136719,386.53997802734375,388.2599792480469,283.94000244140625,54.521026611328125,0.099853515625,109882
1004.0,385.2788391113281,382.53997802734375,386.55999755859375,388.29998779296875,284.1000061035156,54.461204528808594,0.081146240234375,109882
1005.0,385.3445129394531,382.57000732421875,386.5799865722656,388.30377197265625,284.2200012207031,54.40321731567383,0.03546142578125,109882
1006.0,385.4071044921875,382.5799865722656,386.6199951171875,388.3399963378906,284.3999938964844,54.34635543823242,0.01287841796875,109882
1007.0,385.24652099609375,382.5799865722656,386.53997802734375,388.3799743652344,283.739990234375,54.73837661743164,0.11346435546875,109882
1008.0,385.0989074707031,382.5799865722656,386.6399841308594,388.4637756347656,283.3599853515625,54.96812057495117,0.28106689453125,109882
1009.0,385.2784729003906,382.67999267578125,386.8199768066406,388.5999755859375,283.1999816894531,55.135704040527344,0.261505126953125,109882
1010.0,385.2081298828125,382.5799865722656,386.739990234375,388.5799865722656,282.67999267578125,55.22799301147461,0.2918701171875,109882
1011.0,385.2265625,382.4599914550781,386.6399841308594,388.5,283.2599792480469,54.82795715332031,0.173431396484375,109882
1012.0,384.96490478515625,382.3399963378906,386.41998291015625,388.2437744140625,283.5,54.421878814697266,0.215087890625,109882
1013.0,384.8848876953125,382.3599853515625,386.41998291015625,388.2799987792969,283.5849914550781,54.495113372802734,0.29510498046875,109882
1014.0,384.9466247558594,382.5999755859375,386.5999755859375,388.3999938964844,283.6999816894531,54.6490592956543,0.433349609375,109882
1015.0,385.0515441894531,382.739990234375,386.739990234375,388.5,283.53997802734375,54.51620101928711,0.488433837890625,109882
1016.0,385.27685546875,382.7799987792969,386.7599792480469,388.47998046875,283.5199890136719,54.66054153442383,0.28314208984375,109882
1017.0,385.2870788574219,382.6999816894531,386.67999267578125,388.3599853515625,283.67999267578125,54.58784103393555,0.192901611328125,109882
1018.0,385.4581604003906,382.7599792480469,386.8199768066406,388.53997802734375,283.91998291015625,54.35563278198242,0.141815185546875,109882
1019.0,385.3892822265625,382.739990234375,386.8199768066406,388.56378173828125,284.1399841308594,54.28707504272461,0.17071533203125,109882
1020.0,385.4817810058594,382.6999816894531,386.8199768066406,388.6199951171875,283.8399963378906,54.53166961669922,0.09820556640625,109882
1021.0,385.2286682128906,382.5799865722656,386.6199951171875,388.3599853515625,283.7200012207031,54.59066390991211,0.17132568359375,109882
1022.0,385.28997802734375,382.5799865722656,386.55999755859375,388.29998779296875,283.8800048828125,54.54697036743164,0.089996337890625,109882
1023.0,385.1761474609375,382.55999755859375,386.5,388.2799987792969,283.8599853515625,54.56321716308594,0.143829345703125,109882
1024.0,385.14544677734375,382.4599914550781,386.47998046875,388.29998779296875,283.6000061035156,54.811988830566406,0.09454345703125,109882
1025.0,385.2684326171875,382.6600036621094,386.6600036621094,388.41998291015625,283.5199890136719,54.93312072753906,0.15155029296875,109882
1026.0,385.24932861328125,382.6999816894531,386.7799987792969,388.47998046875,283.239990234375,55.19491958618164,0.25067138671875,109882
1027.0,385.3792724609375,382.7799987792969,386.7799987792969,388.47998046875,283.2599792480469,55.24373245239258,0.140716552734375,109882
1028.0,385.2804260253906,382.6600036621094,386.7200012207031,388.44000244140625,283.1399841308594,55.23627471923828,0.1795654296875,109882
1029.0,385.51025390625,382.53997802734375,386.6600036621094,388.55999755859375,283.1999816894531,55.264259338378906,-0.050262451171875,109882
1030.0,385.587890625,382.6600036621094,386.79998779296875,388.5999755859375,283.2649841308594,55.31113052368164,-0.067901611328125,109882
1031.0,385.5239562988281,382.8199768066406,386.9389953613281,388.79998779296875,283.6999816894531,55.315364837646484,0.076019287109375,109882
1032.0,385.43701171875,382.8199768066406,386.91998291015625,388.5999755859375,283.53997802734375,55.35844802856445,0.142974853515625,109882
1033.0,385.655029296875,382.8199768066406,387.0199890136719,388.7799987792969,283.5799865722656,55.43337631225586,0.004974365234375,109882
1034.0,385.6012268066406,382.6600036621094,386.8599853515625,388.6999816894531,283.4599914550781,55.278053283691406,-0.08123779296875,109882
1035.0,385.5545349121094,382.6600036621094,386.91998291015625,388.7200012207031,283.05999755859375,55.15235137939453,0.02545166015625,109882
1036.0,385.7599182128906,382.8199768066406,387.0199890136719,388.8199768066406,283.2649841308594,55.30820846557617,-0.0599365234375,109882
1037.0,385.78460693359375,382.91998291015625,387.0,388.7200012207031,283.17999267578125,55.229618072509766,0.015380859375,109882
1038.0,385.78594970703125,382.8599853515625,387.0199890136719,388.7799987792969,283.55999755859375,55.030303955078125,-0.005950927734375,109882
1039.0,385.8473205566406,382.8399963378906,387.0199890136719,388.8199768066406,283.3999938964844,55.40739440917969,-0.107330322265625,109882
1040.0,385.56170654296875,382.8199768066406,386.94000244140625,388.6999816894531,283.05999755859375,55.50822067260742,0.05828857421875,109882
1041.0,385.48834228515625,382.8399963378906,386.8999938964844,388.5999755859375,282.6999816894531,55.783138275146484,0.151641845703125,109882
1042.0,385.557861328125,382.8799743652344,386.94000244140625,388.6999816894531,282.4599914550781,55.96086883544922,0.12213134765625,109882
1043.0,385.6629638671875,382.8799743652344,386.91998291015625,388.7599792480469,282.47998046875,55.96641159057617,-0.002960205078125,109882
1044.0,385.40625,382.7799987792969,386.79998779296875,388.7200012207031,282.91998291015625,55.7319450378418,0.173736572265625,109882
1045.0,385.2038879394531,382.739990234375,386.7200012207031,388.5199890136719,283.1600036621094,55.34588623046875,0.256103515625,109882
1046.0,385.0384826660156,382.739990234375,386.8399963378906,388.6637878417969,283.94000244140625,54.852378845214844,0.4215087890625,109882
1047.0,385.43206787109375,382.8599853515625,387.03997802734375,388.8199768066406,282.9599914550781,55.378543853759766,0.267913818359375,109882
1048.0,385.8287048339844,382.94000244140625,387.1600036621094,388.94000244140625,282.55999755859375,55.625362396240234,0.031280517578125,109882
1049.0,385.9692077636719,382.97998046875,387.2200012207031,388.91998291015625,282.55999755859375,55.49380874633789,-0.0892333984375,109882
1050.0,385.7208557128906,382.91998291015625,387.2200012207031,388.97998046875,283.05999755859375,55.22557067871094,0.119140625,109882
1051.0,385.7197570800781,382.8599853515625,387.05999755859375,388.8599853515625,283.2799987792969,55.193641662597656,0.000244140625,109882
1052.0,385.518310546875,382.8199768066406,386.91998291015625,388.67999267578125,283.44000244140625,54.99150848388672,0.0816650390625,109882
1053.0,385.6105651855469,382.91998291015625,387.03997802734375,388.79998779296875,283.4599914550781,54.98747634887695,0.16943359375,109882
1054.0,385.68731689453125,382.97998046875,387.1399841308594,388.8999938964844,283.5,55.06634521484375,0.192657470703125,109882
1055.0,385.8511962890625,382.94000244140625,387.17999267578125,388.9599914550781,283.47998046875,55.111412048339844,0.0087890625,109882
1056.0,386.0187072753906,382.97998046875,387.1999816894531,389.0199890136719,283.1600036621094,55.26289367675781,-0.158721923828125,109882
1057.0,386.03997802734375,382.9599914550781,387.05999755859375,388.8599853515625,283.8399963378906,54.83113479614258,-0.29998779296875,109882
1058.0,385.7770080566406,382.8799743652344,387.0,388.8399963378906,283.8199768066406,54.793678283691406,-0.11700439453125,109882
1059.0,385.747314453125,383.03997802734375,387.1600036621094,388.9599914550781,284.05999755859375,54.85547637939453,0.1126708984375,109882
1060.0,385.8568115234375,383.1399841308594,387.1999816894531,388.94378662109375,283.7599792480469,55.148502349853516,0.08319091796875,109882
1061.0,385.87078857421875,383.0999755859375,387.1999816894531,388.91998291015625,284.1399841308594,54.9439582824707,0.0692138671875,109882
1062.0,385.9480285644531,383.1199951171875,387.3199768066406,389.0999755859375,283.7649841308594,55.0881233215332,0.07196044921875,109882
1063.0,386.1289367675781,383.0,387.29998779296875,389.0799865722656,283.3199768066406,55.37853240966797,-0.1689453125,109882
1064.0,386.19036865234375,383.1600036621094,387.3199768066406,389.03997802734375,283.44000244140625,55.339088439941406,-0.170379638671875,109882
1065.0,386.1221008300781,383.17999267578125,387.41998291015625,389.0799865722656,283.6600036621094,55.25937271118164,-0.022125244140625,109882
1066.0,386.20599365234375,383.1999816894531,387.44000244140625,389.1600036621094,283.5199890136719,55.33735275268555,-0.066009521484375,109882
1067.0,386.2160949707031,383.17999267578125,387.3599853515625,389.03997802734375,283.55999755859375,55.24741744995117,-0.116119384765625,109882
1068.0,386.1080322265625,383.1199951171875,387.3199768066406,389.0,283.6449890136719,55.1926155090332,-0.04803466796875,109882
1069.0,386.0745544433594,382.9599914550781,387.239990234375,389.0,283.739990234375,55.03264617919922,-0.134552001953125,109882
1070.0,385.8228454589844,382.91998291015625,387.17999267578125,388.91998291015625,283.8599853515625,55.01420593261719,0.037139892578125,109882
1071.0,385.6317138671875,382.8799743652344,387.1999816894531,388.91998291015625,283.625,54.94136428833008,0.208282470703125,109882
1072.0,385.8427734375,382.9599914550781,387.2200012207031,389.03997802734375,283.8800048828125,54.887184143066406,0.07720947265625,109882
1073.0,385.9075927734375,383.0999755859375,387.2599792480469,389.0,283.97998046875,54.990177154541016,0.112396240234375,109882
1074.0,385.96136474609375,383.2799987792969,387.47998046875,389.1999816894531,283.7200012207031,55.224491119384766,0.178619384765625,109882
1075.0,386.11968994140625,383.2799987792969,387.5199890136719,389.29998779296875,283.5199890136719,55.38004684448242,0.100311279296875,109882
1076.0,386.1414794921875,383.1999816894531,387.44000244140625,389.1600036621094,283.55999755859375,55.3138313293457,-0.04150390625,109882
1077.0,386.44097900390625,383.239990234375,387.3999938964844,389.1399841308594,283.6000061035156,55.238067626953125,-0.360992431640625,109882
1078.0,386.3258056640625,383.0799865722656,387.2799987792969,389.03997802734375,283.739990234375,55.00933074951172,-0.365814208984375,109882
1079.0,385.9361572265625,383.0,387.2200012207031,388.94000244140625,283.80499267578125,54.77474594116211,-0.076171875,109882
1080.0,386.1199951171875,383.2599792480469,387.47998046875,389.1399841308594,283.6199951171875,54.95393753051758,-0.02001953125,109882
1081.0,385.9720458984375,383.2799987792969,387.3799743652344,389.123779296875,283.5249938964844,55.12907791137695,0.1279296875,109882
1082.0,385.8845520019531,383.1999816894531,387.3399963378906,389.05999755859375,283.6999816894531,54.8078498840332,0.1954345703125,109882
1083.0,385.8480224609375,383.1199951171875,387.29998779296875,389.1199951171875,284.1399841308594,54.584896087646484,0.1519775390625,109882
1084.0,385.8250732421875,383.1199951171875,387.3199768066406,389.0999755859375,283.8599853515625,54.82324981689453,0.1549072265625,109882
1085.0,385.56317138671875,383.1999816894531,387.2599792480469,389.0,283.7599792480469,54.856746673583984,0.3768310546875,109882
1086.0,385.686767578125,383.29998779296875,387.3799743652344,389.1399841308594,284.385009765625,54.515079498291016,0.37322998046875,109882
1087.0,385.67584228515625,383.2200012207031,387.3399963378906,389.17999267578125,284.05999755859375,54.57518005371094,0.404144287109375,109882
1088.0,385.7503662109375,383.239990234375,387.44000244140625,389.2200012207031,283.7200012207031,54.855342864990234,0.389617919921875,109882
1089.0,385.8072204589844,383.2599792480469,387.53997802734375,389.2637939453125,283.91998291015625,54.87950134277344,0.332763671875,109882
1090.0,385.94647216796875,383.3799743652344,387.5799865722656,389.3399963378906,283.94000244140625,54.87777328491211,0.273529052734375,109882
1091.0,385.94586181640625,383.2599792480469,387.4599914550781,389.17999267578125,283.97998046875,54.69852828979492,0.17413330078125,109882
1092.0,386.04425048828125,383.3199768066406,387.3399963378906,389.17999267578125,284.2200012207031,54.71063232421875,0.05572509765625,109882
1093.0,386.1603088378906,383.3599853515625,387.3599853515625,389.1999816894531,283.67999267578125,55.166873931884766,-0.040313720703125,109882
1094.0,386.2763671875,383.5,387.5199890136719,389.3199768066406,283.7200012207031,55.122650146484375,-0.016387939453125,109882
1095.0,386.1590576171875,383.4599914550781,387.5999755859375,389.3199768066406,284.0,55.079715728759766,0.160919189453125,109882
1096.0,385.984619140625,383.3199768066406,387.5799865722656,389.29998779296875,283.8800048828125,55.14381790161133,0.19537353515625,109882
1097.0,386.21337890625,383.3199768066406,387.44000244140625,389.17999267578125,284.17999267578125,54.77023696899414,-0.053375244140625,109882
1098.0,386.2318420410156,383.2799987792969,387.3799743652344,389.1600036621094,284.3599853515625,54.49258041381836,-0.171844482421875,109882
1099.0,386.08721923828125,383.2799987792969,387.4599914550781,389.3199768066406,284.1999816894531,54.484458923339844,-0.007232666015625,109882
1100.0,386.3228759765625,383.3599853515625,387.55999755859375,389.44000244140625,284.0199890136719,54.91995620727539,-0.122894287109375,109882
1101.0,386.360107421875,383.3799743652344,387.6199951171875,389.29998779296875,284.3999938964844,54.59720993041992,-0.080108642578125,109882
1102.0,386.4339904785156,383.3199768066406,387.5,389.1999816894531,284.2599792480469,54.83370590209961,-0.2139892578125,109882
1103.0,386.3662109375,383.29998779296875,387.5199890136719,389.2599792480469,284.2200012207031,54.87662887573242,-0.166229248046875,109882
1104.0,386.345947265625,383.2599792480469,387.67999267578125,389.53997802734375,284.17999267578125,54.764469146728516,-0.085968017578125,109882
1105.0,386.4799499511719,383.3799743652344,387.739990234375,389.5,284.3800048828125,54.73628616333008,-0.119964599609375,109882
1106.0,386.4562072753906,383.3799743652344,387.6999816894531,389.47998046875,284.3999938964844,54.54180908203125,-0.13623046875,109882
1107.0,386.5112609863281,383.3999938964844,387.5999755859375,389.3399963378906,284.53997802734375,54.619789123535156,-0.23126220703125,109882
1108.0,386.3251953125,383.3399963378906,387.5199890136719,389.2599792480469,284.8399963378906,54.44894790649414,-0.165191650390625,109882
1109.0,386.1486511230469,383.3199768066406,387.5799865722656,389.3599853515625,284.1999816894531,54.750972747802734,0.031341552734375,109882
1110.0,386.16033935546875,383.3999938964844,387.5999755859375,389.3599853515625,284.03997802734375,54.91071319580078,0.119659423828125,109882
1111.0,386.1077880859375,383.3599853515625,387.47998046875,389.17999267578125,283.7200012207031,55.178131103515625,0.092193603515625,109882
1112.0,386.0809631347656,383.3799743652344,387.53997802734375,389.2599792480469,283.5799865722656,55.166297912597656,0.1190185546875,109882
1113.0,386.1703186035156,383.47998046875,387.739990234375,389.4599914550781,283.6000061035156,55.29801940917969,0.129669189453125,109882
1114.0,386.234375,383.5799865722656,387.6399841308594,389.3199768066406,283.6600036621094,55.251190185546875,0.045623779296875,109882
1115.0,386.2773742675781,383.55999755859375,387.67999267578125,389.3399963378906,283.7599792480469,55.1249885559082,0.082611083984375,109882
1116.0,386.1749572753906,383.53997802734375,387.6199951171875,389.3599853515625,283.6600036621094,55.15785598754883,0.185028076171875,109882
1117.0,386.11651611328125,383.55999755859375,387.6399841308594,389.3199768066406,283.9599914550781,54.892181396484375,0.263458251953125,109882
1118.0,386.3390197753906,383.6600036621094,387.8199768066406,389.5199890136719,283.97998046875,54.994754791259766,0.160980224609375,109882
1119.0,386.4507751464844,383.5999755859375,387.7799987792969,389.47998046875,284.17999267578125,54.85739517211914,0.00921630859375,109882
1120.0,386.6883239746094,383.6399841308594,387.7799987792969,389.4599914550781,283.91998291015625,55.027801513671875,-0.208343505859375,109882
1121.0,386.424072265625,383.5,387.5799865722656,389.41998291015625,283.5199890136719,55.25401306152344,-0.144073486328125,109882
1122.0,386.3299255371094,383.44000244140625,387.5199890136719,389.239990234375,283.3800048828125,55.23733901977539,-0.12994384765625,109882
1123.0,386.2646179199219,383.3999938964844,387.5,389.2599792480469,283.55999755859375,55.121212005615234,-0.04461669921875,109882
1124.0,386.11712646484375,383.41998291015625,387.5199890136719,389.2599792480469,283.9049987792969,54.92023468017578,0.082855224609375,109882
1125.0,386.32843017578125,383.47998046875,387.6789855957031,389.3999938964844,283.6000061035156,55.21982192993164,0.011566162109375,109882
1126.0,386.0257263183594,383.41998291015625,387.5999755859375,389.3399963378906,284.1000061035156,54.838802337646484,0.2342529296875,109882
1127.0,386.1867370605469,383.41998291015625,387.5799865722656,389.3599853515625,284.03997802734375,54.9227180480957,0.113250732421875,109882
1128.0,386.5911865234375,383.6600036621094,387.7799987792969,389.5799865722656,284.1399841308594,54.967498779296875,-0.0911865234375,109882
1129.0,386.5723571777344,383.7200012207031,387.8199768066406,389.5799865722656,284.05999755859375,54.95126724243164,-0.032379150390625,109882
1130.0,386.63525390625,383.67999267578125,387.91998291015625,389.6999816894531,284.1199951171875,55.00712203979492,-0.07525634765625,109882
1131.0,386.70501708984375,383.6399841308594,387.8999938964844,389.67999267578125,284.3999938964844,54.8387336730957,-0.14501953125,109882
1132.0,387.03936767578125,383.7200012207031,387.8799743652344,389.5799865722656,284.2799987792969,55.018470764160156,-0.43939208984375,109882
1133.0,386.8282775878906,383.7599792480469,387.7799987792969,389.44000244140625,284.125,54.854400634765625,-0.248291015625,109882
1134.0,386.63592529296875,383.7799987792969,387.8199768066406,389.5199890136719,284.47998046875,54.7028694152832,-0.01593017578125,109882
1135.0,386.5423583984375,383.7799987792969,387.9599914550781,389.7200012207031,284.4599914550781,54.84309005737305,0.117645263671875,109882
1136.0,386.3127136230469,383.7599792480469,387.91998291015625,389.6399841308594,284.0799865722656,55.13523864746094,0.3272705078125,109882
1137.0,386.4216613769531,383.8599853515625,387.91998291015625,389.6199951171875,284.2599792480469,54.91212844848633,0.21832275390625,109882
1138.0,386.30938720703125,383.7200012207031,387.739990234375,389.53997802734375,284.0799865722656,55.088890075683594,0.19061279296875,109882
1139.0,386.2986755371094,383.67999267578125,387.739990234375,389.55999755859375,284.03997802734375,55.18647384643555,0.2213134765625,109882
1140.0,386.4381103515625,383.8199768066406,387.94000244140625,389.6999816894531,283.8999938964844,55.40647888183594,0.161865234375,109882
1141.0,386.48870849609375,383.79998779296875,387.8399963378906,389.6199951171875,284.3199768066406,55.288475036621094,0.031280517578125,109882
1142.0,386.535400390625,383.8399963378906,387.7799987792969,389.53997802734375,284.0799865722656,55.37471008300781,-0.09539794921875,109882
1143.0,386.5104064941406,383.91998291015625,387.91998291015625,389.6600036621094,284.0799865722656,55.31905746459961,0.089569091796875,109882
1144.0,386.7064208984375,383.94000244140625,387.97998046875,389.67999267578125,284.2200012207031,55.08521270751953,-0.006439208984375,109882
1145.0,386.6180114746094,383.8199768066406,387.8599853515625,389.5,284.03997802734375,55.03532791137695,0.02197265625,109882
1146.0,386.642333984375,383.7799987792969,387.7799987792969,389.5,284.1199951171875,54.99257278442383,-0.08233642578125,109882
1147.0,386.5602111816406,383.7599792480469,387.7599792480469,389.55999755859375,284.2200012207031,54.96508026123047,-0.060211181640625,109882
1148.0,386.5337219238281,383.7799987792969,387.8399963378906,389.6199951171875,284.1399841308594,55.221649169921875,0.026275634765625,109882
1149.0,386.4727783203125,383.7799987792969,387.9599914550781,389.6999816894531,284.3800048828125,54.981258392333984,0.127197265625,109882
1150.0,386.4412536621094,383.8399963378906,387.94000244140625,389.6999816894531,284.3199768066406,54.9077033996582,0.158721923828125,109882
1151.0,386.58868408203125,383.7599792480469,387.91998291015625,389.5999755859375,284.1000061035156,55.119937896728516,0.01129150390625,109882
1152.0,386.6441650390625,383.8199768066406,387.94000244140625,389.6199951171875,284.239990234375,55.025238037109375,0.015838623046875,109882
1153.0,386.3565979003906,383.8399963378906,387.8399963378906,389.55999755859375,284.53997802734375,54.86598587036133,0.183380126953125,109882
1154.0,386.3539123535156,383.8799743652344,387.8999938964844,389.5999755859375,284.5199890136719,54.97896194458008,0.28607177734375,109882
1155.0,386.3672790527344,383.79998779296875,387.8799743652344,389.6199951171875,284.5799865722656,54.63425827026367,0.232696533203125,109882
1156.0,386.3736877441406,383.8799743652344,387.958984375,389.6399841308594,284.3599853515625,55.02989196777344,0.26629638671875,109882
1157.0,386.4118957519531,383.97998046875,388.0199890136719,389.6199951171875,283.91998291015625,55.43169021606445,0.2880859375,109882
1158.0,386.5847473144531,383.94000244140625,387.9599914550781,389.5799865722656,284.0,55.3563346862793,0.115234375,109882
1159.0,386.6493225097656,383.9599914550781,388.05999755859375,389.7799987792969,283.9599914550781,55.301334381103516,0.13067626953125,109882
1160.0,386.71063232421875,383.8999938964844,388.05999755859375,389.739990234375,284.0199890136719,55.19356918334961,0.02935791015625,109882
1161.0,386.8560791015625,383.97998046875,388.05999755859375,389.67999267578125,283.91998291015625,55.46857452392578,-0.096099853515625,109882
1162.0,386.8805847167969,384.1199951171875,388.1399841308594,389.7200012207031,283.91998291015625,55.23299026489258,-0.020599365234375,109882
1163.0,386.7937927246094,384.05999755859375,388.1199951171875,389.739990234375,283.5,55.27570343017578,0.006195068359375,109882
1164.0,386.4326477050781,383.8799743652344,388.0999755859375,389.8799743652344,283.1600036621094,55.42760467529297,0.287353515625,109882
1165.0,386.6202697753906,383.8999938964844,388.1199951171875,389.8399963378906,283.7799987792969,55.33124542236328,0.0997314453125,109882
1166.0,386.8983154296875,383.97998046875,388.0799865722656,389.8399963378906,284.05999755859375,55.008697509765625,-0.1583251953125,109882
1167.0,387.1118469238281,384.05999755859375,388.1399841308594,389.8999938964844,284.6600036621094,54.61479187011719,-0.21185302734375,109882
1168.0,386.7690734863281,383.8999938964844,388.0199890136719,389.67999267578125,284.7200012207031,54.579898834228516,-0.029083251953125,109882
1169.0,386.73040771484375,384.0199890136719,388.17999267578125,390.0,283.8199768066406,55.40739059448242,0.169586181640625,109882
1170.0,386.5086364746094,383.91998291015625,388.03997802734375,389.8199768066406,283.8800048828125,55.27471923828125,0.231353759765625,109882
1171.0,386.3743896484375,383.8399963378906,388.0199890136719,389.8199768066406,284.239990234375,55.04962158203125,0.325592041015625,109882
1172.0,386.61370849609375,383.91998291015625,388.0199890136719,389.7200012207031,284.47998046875,54.857662200927734,0.146270751953125,109882
1173.0,386.66650390625,383.97998046875,388.05999755859375,389.739990234375,284.6000061035156,54.73896026611328,0.113494873046875,109882
1174.0,386.6216735839844,384.1199951171875,388.1999816894531,389.8999938964844,284.5799865722656,54.881439208984375,0.298309326171875,109882
1175.0,386.87542724609375,384.0799865722656,388.239990234375,390.03997802734375,283.9599914550781,55.33743667602539,0.0445556640625,109882
1176.0,386.9172058105469,384.0,388.1999816894531,389.97998046875,283.5799865722656,55.38755416870117,-0.0372314453125,109882
1177.0,386.9580078125,383.94000244140625,388.1199951171875,389.86376953125,283.8999938964844,55.177860260009766,-0.118011474609375,109882
1178.0,386.7746276855469,383.91998291015625,388.03997802734375,389.6999816894531,284.2599792480469,55.06673812866211,-0.0146484375,109882
1179.0,386.81341552734375,383.97998046875,388.17999267578125,389.94000244140625,284.3199768066406,55.10073471069336,0.04656982421875,109882
1180.0,386.94097900390625,384.0799865722656,388.2200012207031,389.97998046875,284.4599914550781,55.06906509399414,-0.040985107421875,109882
1181.0,387.0319519042969,384.1399841308594,388.29998779296875,390.0199890136719,284.1399841308594,55.31745147705078,-0.011962890625,109882
1182.0,387.1820373535156,384.239990234375,388.239990234375,389.97998046875,283.5799865722656,55.72761917114258,-0.142059326171875,109882
1183.0,387.18212890625,384.0999755859375,388.17999267578125,389.82379150390625,283.94000244140625,55.56575012207031,-0.24212646484375,109882
1184.0,386.98382568359375,384.0199890136719,388.0799865722656,389.7799987792969,283.6199951171875,55.63224411010742,-0.12384033203125,109882
1185.0,386.85345458984375,384.0199890136719,388.1199951171875,389.86376953125,284.1000061035156,55.33592987060547,0.026519775390625,109882
1186.0,386.7332763671875,383.94000244140625,388.03997802734375,389.79998779296875,284.1999816894531,55.254886627197266,0.026702880859375,109882
1187.0,386.5016174316406,383.94000244140625,387.9599914550781,389.6999816894531,284.5199890136719,55.0665397644043,0.178375244140625,109882
1188.0,386.7056579589844,384.0799865722656,388.0799865722656,389.7599792480469,284.6000061035156,54.99251174926758,0.13433837890625,109882
1189.0,386.821044921875,384.0999755859375,388.1999816894531,389.91998291015625,284.239990234375,55.109230041503906,0.11895751953125,109882
1190.0,386.75042724609375,384.17999267578125,388.3599853515625,390.1399841308594,284.05999755859375,55.48698043823242,0.22955322265625,109882
1191.0,387.0863952636719,384.0999755859375,388.2599792480469,390.0799865722656,284.3399963378906,55.214115142822266,-0.1864013671875,109882
1192.0,387.1385192871094,384.05999755859375,388.1199951171875,389.8999938964844,283.9599914550781,55.29765319824219,-0.238525390625,109882
1193.0,387.1710510253906,384.1199951171875,388.1399841308594,389.91998291015625,283.8800048828125,55.37395477294922,-0.251068115234375,109882
1194.0,387.2874755859375,384.1999816894531,388.2200012207031,389.97998046875,283.91998291015625,55.33381652832031,-0.267486572265625,109882
1195.0,387.0251159667969,384.1600036621094,388.1199951171875,389.94000244140625,284.3599853515625,54.96837615966797,-0.1451416015625,109882
1196.0,386.85986328125,384.1399841308594,388.1199951171875,389.94000244140625,284.47998046875,55.083309173583984,0.08013916015625,109882
1197.0,386.69305419921875,384.1600036621094,388.0999755859375,389.8799743652344,284.3199768066406,55.17012405395508,0.2269287109375,109882
1198.0,386.46832275390625,384.0999755859375,388.0999755859375,389.8799743652344,284.3399963378906,54.95754623413086,0.371673583984375,109882
1199.0,386.6431579589844,384.239990234375,388.3599853515625,390.0999755859375,284.864990234375,54.632198333740234,0.416839599609375,109882
1200.0,386.8193054199219,384.29998779296875,388.53997802734375,390.2599792480469,284.44000244140625,54.77008819580078,0.38067626953125,109882
1201.0,386.9220886230469,384.3199768066406,388.5,390.1999816894531,284.3599853515625,55.13958740234375,0.2178955078125,109882
1202.0,386.81048583984375,384.239990234375,388.3599853515625,390.0799865722656,284.2799987792969,54.97880172729492,0.18951416015625,109882
1203.0,387.0743408203125,384.1999816894531,388.2799987792969,390.03997802734375,284.2049865722656,55.22917556762695,-0.0743408203125,109882
1204.0,387.0368957519531,384.1999816894531,388.239990234375,390.0,284.2599792480469,55.0184211730957,-0.056915283203125,109882
1205.0,387.2320861816406,384.2799987792969,388.3199768066406,389.94000244140625,284.2599792480469,54.935089111328125,-0.152099609375,109882
1206.0,387.320068359375,384.2599792480469,388.2599792480469,390.0,284.18499755859375,54.94799041748047,-0.26007080078125,109882
1207.0,387.1338195800781,384.2799987792969,388.2200012207031,390.0,284.05999755859375,55.18919372558594,-0.11383056640625,109882
1208.0,387.041259765625,384.1999816894531,388.1999816894531,389.91998291015625,283.8999938964844,55.592796325683594,-0.061279296875,109882
1209.0,387.11572265625,384.2200012207031,388.3199768066406,390.05999755859375,283.8199768066406,55.59354782104492,-0.095733642578125,109882
1210.0,387.29876708984375,384.2200012207031,388.3199768066406,390.1199951171875,284.3199768066406,55.157386779785156,-0.31878662109375,109882
1211.0,387.32061767578125,384.2799987792969,388.53997802734375,390.2799987792969,284.0199890136719,55.416542053222656,-0.180633544921875,109882
1212.0,387.34759521484375,384.29998779296875,388.6399841308594,390.3399963378906,283.8999938964844,55.35442352294922,-0.147613525390625,109882
1213.0,387.1191101074219,384.2799987792969,388.55999755859375,390.2799987792969,283.94000244140625,55.235816955566406,0.000885009765625,109882
1214.0,387.10162353515625,384.29998779296875,388.53997802734375,390.2799987792969,284.0,55.451358795166016,0.01837158203125,109882
1215.0,387.1326904296875,384.2599792480469,388.44000244140625,390.1399841308594,284.0,55.518333435058594,-0.0126953125,109882
1216.0,386.8074035644531,384.239990234375,388.4599914550781,390.2200012207031,283.739990234375,55.6757926940918,0.2725830078125,109882
1217.0,386.7291564941406,384.239990234375,388.3799743652344,390.1199951171875,284.2799987792969,55.321014404296875,0.29083251953125,109882
1218.0,386.8385314941406,384.2599792480469,388.44000244140625,390.2200012207031,284.29998779296875,55.35416793823242,0.241455078125,109882
1219.0,387.2432861328125,384.3399963378906,388.55999755859375,390.2837829589844,284.2599792480469,55.45870590209961,-0.023284912109375,109882
1220.0,387.0856628417969,384.239990234375,388.2599792480469,389.91998291015625,284.5799865722656,54.98054122924805,-0.065673828125,109882
1221.0,387.22344970703125,384.3599853515625,388.3599853515625,389.94000244140625,284.6600036621094,54.85017013549805,-0.1634521484375,109882
1222.0,387.4246520996094,384.41998291015625,388.4599914550781,390.0799865722656,284.7599792480469,54.823402404785156,-0.184661865234375,109882
1223.0,387.4744567871094,384.47998046875,388.5199890136719,390.2200012207031,285.05999755859375,54.78095626831055,-0.1944580078125,109882
1224.0,387.18890380859375,384.3799743652344,388.41998291015625,390.1600036621094,285.03997802734375,54.762664794921875,-0.0089111328125,109882
1225.0,387.04827880859375,384.3399963378906,388.41998291015625,390.2200012207031,284.68499755859375,54.95426559448242,0.091705322265625,109882
1226.0,386.9076843261719,384.3399963378906,388.41998291015625,390.1399841308594,284.1600036621094,55.39995193481445,0.212310791015625,109882
1227.0,386.749755859375,384.2799987792969,388.3999938964844,390.1600036621094,284.44000244140625,55.259159088134766,0.3502197265625,109882
1228.0,386.6646423339844,384.2200012207031,388.3199768066406,390.1600036621094,284.7599792480469,54.940284729003906,0.375335693359375,109882
1229.0,386.8340148925781,384.2599792480469,388.4599914550781,390.239990234375,284.739990234375,55.17799377441406,0.285980224609375,109882
1230.0,386.9888916015625,384.29998779296875,388.5989685058594,390.3399963378906,284.4599914550781,55.47639846801758,0.19110107421875,109882
1231.0,387.2863464355469,384.3799743652344,388.5789794921875,390.2200012207031,284.2599792480469,55.423885345458984,-0.0263671875,109882
1232.0,387.19842529296875,384.41998291015625,388.44000244140625,390.0999755859375,284.17999267578125,55.54490661621094,0.021575927734375,109882
1233.0,387.30596923828125,384.41998291015625,388.5,390.1600036621094,284.0199890136719,55.43850326538086,-0.06597900390625,109882
1234.0,387.1444091796875,384.3799743652344,388.44000244140625,390.1399841308594,284.03997802734375,55.29452896118164,-0.004425048828125,109882
1235.0,387.08319091796875,384.4599914550781,388.5799865722656,390.3199768066406,283.91998291015625,55.464908599853516,0.236785888671875,109882
1236.0,386.9371337890625,384.41998291015625,388.53997802734375,390.29998779296875,283.94000244140625,55.434329986572266,0.322845458984375,109882
1237.0,387.1059265136719,384.47998046875,388.5999755859375,390.2799987792969,283.5,55.73126220703125,0.23406982421875,109882
1238.0,387.142333984375,384.44000244140625,388.6199951171875,390.2599792480469,283.67999267578125,55.61669158935547,0.177642822265625,109882
1239.0,387.2054138183594,384.55999755859375,388.6999816894531,390.41998291015625,284.1000061035156,55.277305603027344,0.13458251953125,109882
1240.0,387.3435974121094,384.6399841308594,388.6999816894531,390.47998046875,284.8999938964844,54.99115753173828,0.016387939453125,109882
1241.0,387.3059997558594,384.55999755859375,388.6399841308594,390.3399963378906,284.6999816894531,55.17456817626953,0.01397705078125,109882
1242.0,387.2592468261719,384.53997802734375,388.6199951171875,390.29998779296875,284.3999938964844,55.27743911743164,0.100738525390625,109882
1243.0,387.5174560546875,384.6199951171875,388.7200012207031,390.4599914550781,284.5249938964844,55.232845306396484,-0.0374755859375,109882
1244.0,387.3944091796875,384.5799865722656,388.67999267578125,390.44000244140625,284.8199768066406,55.00895690917969,0.005584716796875,109882
1245.0,387.2624206542969,384.5,388.67999267578125,390.4237976074219,284.3999938964844,55.446136474609375,0.097564697265625,109882
1246.0,387.39337158203125,384.5999755859375,388.7599792480469,390.3999938964844,284.4599914550781,55.20417404174805,0.066619873046875,109882
1247.0,387.1618347167969,384.55999755859375,388.67999267578125,390.29998779296875,284.6600036621094,55.04035949707031,0.2381591796875,109882
1248.0,387.3603210449219,384.47998046875,388.5799865722656,390.2837829589844,284.55999755859375,54.9700813293457,-0.060333251953125,109882
1249.0,387.4574890136719,384.47998046875,388.67999267578125,390.5199890136719,284.7599792480469,55.01124954223633,-0.097503662109375,109882
1250.0,387.5652160644531,384.47998046875,388.79998779296875,390.6600036621094,284.6399841308594,55.18953323364258,-0.125213623046875,109882
1251.0,387.415771484375,384.6199951171875,388.8399963378906,390.5799865722656,284.8800048828125,54.9432487487793,0.064208984375,109882
1252.0,387.58306884765625,384.6399841308594,388.8599853515625,390.6199951171875,284.3199768066406,55.23080825805664,-0.08306884765625,109882
1253.0,387.5636291503906,384.5999755859375,388.739990234375,390.55999755859375,284.3199768066406,55.133548736572266,-0.063629150390625,109882
1254.0,387.4909362792969,384.6199951171875,388.7200012207031,390.5199890136719,284.7649841308594,54.80751419067383,0.009063720703125,109882
1255.0,387.5518493652344,384.67999267578125,388.8199768066406,390.6037902832031,285.0799865722656,54.66598129272461,-0.0318603515625,109882
1256.0,387.544921875,384.67999267578125,388.91998291015625,390.623779296875,284.53997802734375,54.91498947143555,0.0550537109375,109882
1257.0,387.5058288574219,384.6600036621094,388.91998291015625,390.6999816894531,284.5199890136719,55.25403594970703,0.094146728515625,109882
1258.0,387.3908386230469,384.5799865722656,388.7200012207031,390.47998046875,284.5199890136719,55.07917404174805,0.049163818359375,109882
1259.0,387.64276123046875,384.6600036621094,388.8199768066406,390.5199890136719,284.5199890136719,55.26464080810547,-0.16278076171875,109882
1260.0,387.4853515625,384.7799987792969,388.9599914550781,390.739990234375,284.1000061035156,55.6675910949707,0.1146240234375,109882
1261.0,387.4951171875,384.6999816894531,388.8599853515625,390.5799865722656,284.0849914550781,55.625484466552734,-0.01513671875,109882
1262.0,387.50982666015625,384.67999267578125,388.7799987792969,390.5,284.0799865722656,55.747169494628906,-0.06982421875,109882
1263.0,387.6410217285156,384.8199768066406,388.8999938964844,390.47998046875,284.03997802734375,55.681766510009766,-0.00103759765625,109882
1264.0,387.4722595214844,384.8199768066406,388.89898681640625,390.5,283.7799987792969,55.64221954345703,0.167724609375,109882
1265.0,387.512939453125,384.79998779296875,388.8599853515625,390.5199890136719,284.29998779296875,55.40031814575195,0.067047119140625,109882
1266.0,387.5516357421875,384.7200012207031,388.8799743652344,390.5999755859375,284.1600036621094,55.50751876831055,0.0263671875,109882
1267.0,387.74432373046875,384.6199951171875,388.91998291015625,390.6999816894531,284.6600036621094,55.157127380371094,-0.184326171875,109882
1268.0,387.7394714355469,384.7200012207031,389.03997802734375,390.7637939453125,284.91998291015625,55.037933349609375,-0.0994873046875,109882
1269.0,387.8197326660156,384.8199768066406,388.94000244140625,390.6399841308594,284.1399841308594,55.71010971069336,-0.199737548828125,109882
1270.0,387.6360168457031,384.7599792480469,388.7799987792969,390.5199890136719,284.1199951171875,55.87462615966797,-0.156036376953125,109882
1271.0,387.6742248535156,384.67999267578125,388.67999267578125,390.3599853515625,283.8800048828125,55.76028060913086,-0.2142333984375,109882
1272.0,387.7519836425781,384.6399841308594,388.7200012207031,390.3599853515625,284.55999755859375,55.566680908203125,-0.311981201171875,109882
1273.0,387.71343994140625,384.739990234375,388.8999938964844,390.53997802734375,284.239990234375,55.52549362182617,-0.1534423828125,109882
1274.0,387.5811462402344,384.6999816894531,388.8399963378906,390.55999755859375,283.79998779296875,55.45723342895508,-0.0611572265625,109882
1275.0,387.5888977050781,384.67999267578125,388.8199768066406,390.5999755859375,283.6399841308594,55.61951446533203,-0.06890869140625,109882
1276.0,387.595947265625,384.67999267578125,388.8599853515625,390.6399841308594,284.1449890136719,55.42560958862305,-0.03594970703125,109882
1277.0,387.51885986328125,384.6399841308594,388.8199768066406,390.55999755859375,284.4599914550781,55.01784896850586,0.0211181640625,109882
1278.0,387.52703857421875,384.6999816894531,388.8399963378906,390.5999755859375,284.0799865722656,55.16242599487305,0.07293701171875,109882
1279.0,387.6233825683594,384.7599792480469,388.97998046875,390.7599792480469,284.2599792480469,55.12265396118164,0.056610107421875,109882
1280.0,387.4731750488281,384.67999267578125,388.8199768066406,390.5,284.6000061035156,54.85129165649414,0.04681396484375,109882
1281.0,387.49798583984375,384.7200012207031,388.8599853515625,390.5999755859375,284.55999755859375,54.95692443847656,0.0419921875,109882
1282.0,387.5330505371094,384.7599792480469,389.03997802734375,390.8199768066406,284.6600036621094,55.13875198364258,0.146942138671875,109882
1283.0,387.5534362792969,384.79998779296875,389.0799865722656,390.8999938964844,284.3249816894531,55.40082931518555,0.16656494140625,109882
1284.0,387.9860534667969,384.91998291015625,389.0999755859375,390.8399963378906,284.06500244140625,55.7974739074707,-0.186065673828125,109882
1285.0,387.90338134765625,384.8599853515625,388.94000244140625,390.6199951171875,284.1399841308594,55.844642639160156,-0.263397216796875,109882
1286.0,387.80657958984375,384.8799743652344,388.8599853515625,390.55999755859375,284.1199951171875,55.726078033447266,-0.20660400390625,109882
1287.0,387.7938232421875,384.94000244140625,388.8799743652344,390.6600036621094,284.5,55.36739730834961,-0.11383056640625,109882
1288.0,387.6878356933594,384.9599914550781,389.0199890136719,390.79998779296875,284.79998779296875,55.0942497253418,0.01214599609375,109882
1289.0,387.7490539550781,384.9599914550781,389.17999267578125,390.94000244140625,284.42498779296875,55.31050491333008,0.050933837890625,109882
1290.0,387.6873474121094,384.97998046875,389.3999938964844,391.1399841308594,284.0199890136719,55.58915328979492,0.192626953125,109882
1291.0,388.0613708496094,384.97998046875,389.3599853515625,391.05999755859375,283.6999816894531,55.881866455078125,-0.181396484375,109882
1292.0,387.9835510253906,384.94000244140625,389.1600036621094,390.8599853515625,283.625,55.8166618347168,-0.183563232421875,109882
1293.0,387.8179626464844,384.8599853515625,388.8999938964844,390.6399841308594,283.8800048828125,55.62741470336914,-0.197967529296875,109882
1294.0,387.98980712890625,384.97998046875,389.0799865722656,390.8399963378906,283.7799987792969,55.77718734741211,-0.209808349609375,109882
1295.0,388.0628662109375,385.05999755859375,389.17999267578125,390.8999938964844,284.2599792480469,55.55634689331055,-0.162872314453125,109882
1296.0,388.0498352050781,385.03997802734375,389.1600036621094,390.8199768066406,284.239990234375,55.60078811645508,-0.189849853515625,109882
1297.0,388.34967041015625,385.0799865722656,389.2599792480469,391.03997802734375,283.8800048828125,55.783695220947266,-0.36968994140625,109882
1298.0,388.0582580566406,385.0,389.1600036621094,390.8999938964844,283.8999938964844,55.78968048095703,-0.15826416015625,109882
1299.0,387.8673095703125,385.0,389.1399841308594,390.91998291015625,284.0199890136719,55.600669860839844,0.012664794921875,109882
1300.0,387.7403259277344,384.8999938964844,389.05999755859375,390.8599853515625,284.29998779296875,55.593231201171875,0.059661865234375,109882
1301.0,387.62005615234375,384.7799987792969,388.91998291015625,390.67999267578125,284.53997802734375,55.327293395996094,0.039947509765625,109882
1302.0,387.61627197265625,384.7799987792969,388.8999938964844,390.6399841308594,284.47998046875,55.192604064941406,0.023712158203125,109882
1303.0,387.61761474609375,384.8999938964844,388.97998046875,390.7200012207031,284.53997802734375,55.38993835449219,0.082366943359375,109882
1304.0,387.5256042480469,384.8599853515625,388.91998291015625,390.6399841308594,284.6000061035156,55.412200927734375,0.1143798828125,109882
1305.0,387.5234375,384.97998046875,389.13897705078125,390.8199768066406,284.3999938964844,55.5323371887207,0.296539306640625,109882
1306.0,387.68939208984375,385.0799865722656,389.05999755859375,390.7799987792969,284.8399963378906,55.18496322631836,0.110595703125,109882
1307.0,387.58966064453125,385.03997802734375,389.0799865722656,390.7799987792969,284.29998779296875,55.349639892578125,0.250335693359375,109882
1308.0,387.3473815917969,384.97998046875,389.0999755859375,390.8799743652344,284.53997802734375,55.31433868408203,0.452606201171875,109882
1309.0,387.5137939453125,385.03997802734375,389.239990234375,391.0,283.9599914550781,55.80195236206055,0.366180419921875,109882
1310.0,387.8088684082031,385.1600036621094,389.3599853515625,391.0199890136719,283.6000061035156,56.012203216552734,0.191131591796875,109882
1311.0,387.99639892578125,385.2599792480469,389.4599914550781,391.0999755859375,283.5849914550781,56.016719818115234,0.10357666015625,109882
1312.0,387.9497375488281,385.1399841308594,389.3199768066406,390.97998046875,284.1050109863281,55.85261917114258,0.050262451171875,109882
1313.0,387.8818664550781,385.1199951171875,389.2599792480469,391.0,284.6000061035156,55.454341888427734,0.078125,109882
1314.0,387.9284973144531,385.0799865722656,389.29998779296875,391.03997802734375,284.2200012207031,55.63362503051758,0.031494140625,109882
1315.0,387.9846496582031,385.0799865722656,389.29998779296875,391.0199890136719,284.2200012207031,55.920284271240234,-0.024658203125,109882
1316.0,387.78765869140625,385.1399841308594,389.3799743652344,391.1600036621094,284.5,55.69392013549805,0.19232177734375,109882
1317.0,387.9063415527344,385.239990234375,389.47998046875,391.1999816894531,284.6600036621094,55.55500030517578,0.153656005859375,109882
1318.0,388.0616149902344,385.05999755859375,389.2599792480469,390.97998046875,284.2599792480469,55.654972076416016,-0.141632080078125,109882
1319.0,387.8224792480469,384.97998046875,389.05999755859375,390.7599792480469,284.7799987792969,55.272823333740234,-0.04248046875,109882
1320.0,387.771484375,385.05999755859375,389.1399841308594,390.7799987792969,284.3599853515625,55.728309631347656,0.068511962890625,109882
1321.0,387.90545654296875,385.0799865722656,389.239990234375,390.8799743652344,284.2799987792969,55.91318130493164,0.0145263671875,109882
1322.0,388.0484313964844,385.17999267578125,389.3799743652344,391.03997802734375,284.03997802734375,56.13084030151367,0.011566162109375,109882
1323.0,387.902587890625,385.1999816894531,389.2799987792969,390.91998291015625,284.03997802734375,56.063072204589844,0.13739013671875,109882
1324.0,388.0350036621094,385.2799987792969,389.41998291015625,391.03997802734375,284.7599792480469,55.68084716796875,0.10498046875,109882
1325.0,387.8213195800781,385.2200012207031,389.3199768066406,390.97998046875,284.67999267578125,55.63269805908203,0.19866943359375,109882
1326.0,387.9897155761719,385.239990234375,389.3399963378906,391.0199890136719,284.7200012207031,55.4514045715332,0.070281982421875,109882
1327.0,388.1017761230469,385.2200012207031,389.3399963378906,390.91998291015625,284.7599792480469,55.376434326171875,-0.001800537109375,109882
1328.0,388.1316833496094,385.17999267578125,389.2599792480469,390.86376953125,285.385009765625,55.18878173828125,-0.071685791015625,109882
1329.0,387.737060546875,385.1600036621094,389.1399841308594,390.7799987792969,284.7200012207031,55.49839401245117,0.18292236328125,109882
1330.0,387.97552490234375,385.3399963378906,389.4599914550781,391.05999755859375,284.739990234375,55.520389556884766,0.164459228515625,109882
1331.0,388.133056640625,385.3799743652344,389.55999755859375,391.1600036621094,284.91998291015625,55.473541259765625,0.086944580078125,109882
1332.0,388.1287841796875,385.3799743652344,389.5199890136719,391.2799987792969,284.6999816894531,55.61133575439453,0.071197509765625,109882
1333.0,387.924560546875,385.2799987792969,389.3399963378906,391.1199951171875,284.3199768066406,55.695335388183594,0.13543701171875,109882
1334.0,387.7647399902344,385.1999816894531,389.2200012207031,390.9599914550781,284.5799865722656,55.51142883300781,0.215240478515625,109882
1335.0,387.8481750488281,385.3599853515625,389.3599853515625,391.05999755859375,285.2599792480469,55.060523986816406,0.2318115234375,109882
1336.0,387.90966796875,385.3599853515625,389.44000244140625,391.1600036621094,285.03997802734375,55.15177917480469,0.1903076171875,109882
1337.0,387.8542175292969,385.2799987792969,389.41998291015625,391.1600036621094,284.5799865722656,55.625667572021484,0.22576904296875,109882
1338.0,387.9180908203125,385.3199768066406,389.44000244140625,391.1199951171875,284.1449890136719,55.807369232177734,0.221893310546875,109882
1339.0,387.7742614746094,385.2599792480469,389.3199768066406,391.0199890136719,284.8199768066406,55.31008529663086,0.30572509765625,109882
1340.0,387.7698974609375,385.29998779296875,389.2799987792969,391.0,285.6000061035156,54.88282775878906,0.310089111328125,109882
1341.0,387.73834228515625,385.239990234375,389.29998779296875,390.97998046875,285.3800048828125,54.94371032714844,0.341644287109375,109882
1342.0,387.6033935546875,385.239990234375,389.3999938964844,391.0837707519531,285.17999267578125,55.010337829589844,0.3966064453125,109882
1343.0,387.72515869140625,385.29998779296875,389.53997802734375,391.2799987792969,285.1000061035156,55.2132682800293,0.39483642578125,109882
1344.0,387.9776611328125,385.41998291015625,389.5999755859375,391.29998779296875,284.7250061035156,55.55427551269531,0.282318115234375,109882
1345.0,387.8277893066406,385.3199768066406,389.44000244140625,391.1199951171875,284.8399963378906,55.3536262512207,0.292205810546875,109882
1346.0,387.88519287109375,385.2799987792969,389.44000244140625,391.1600036621094,284.2599792480469,55.592430114746094,0.23480224609375,109882
1347.0,387.9140319824219,385.3199768066406,389.41998291015625,391.17999267578125,284.8599853515625,55.159141540527344,0.205963134765625,109882
1348.0,387.8972473144531,385.3399963378906,389.41998291015625,391.1999816894531,284.8399963378906,55.21767807006836,0.24273681640625,109882
1349.0,388.0862731933594,385.44000244140625,389.55999755859375,391.3199768066406,285.18499755859375,55.13862228393555,0.213714599609375,109882
1350.0,388.03350830078125,385.44000244140625,389.51898193359375,391.2200012207031,285.2200012207031,55.23805236816406,0.226470947265625,109882
1351.0,387.9989318847656,385.4599914550781,389.53997802734375,391.239990234375,284.8999938964844,55.57353591918945,0.28106689453125,109882
1352.0,388.0946960449219,385.41998291015625,389.55999755859375,391.2599792480469,284.2599792480469,55.76321029663086,0.165283203125,109882
1353.0,388.23779296875,385.3999938964844,389.55999755859375,391.2200012207031,284.4599914550781,55.72758102416992,0.002197265625,109882
1354.0,388.0472412109375,385.41998291015625,389.53997802734375,391.1637878417969,284.47998046875,55.738704681396484,0.212738037109375,109882
1355.0,388.12750244140625,385.47998046875,389.53997802734375,391.2200012207031,284.5,55.942081451416016,0.23248291015625,109882
1356.0,388.03607177734375,385.44000244140625,389.44000244140625,391.1199951171875,284.55999755859375,55.965335845947266,0.20391845703125,109882
1357.0,388.07305908203125,385.47998046875,389.44000244140625,391.1399841308594,284.0799865722656,56.11960983276367,0.16693115234375,109882
1358.0,388.2519226074219,385.53997802734375,389.47998046875,391.1199951171875,284.1199951171875,56.04560470581055,-0.011932373046875,109882
1359.0,388.0856018066406,385.53997802734375,389.53997802734375,391.1999816894531,284.6000061035156,55.926422119140625,0.214385986328125,109882
1360.0,388.21881103515625,385.5799865722656,389.6199951171875,391.3999938964844,284.41998291015625,55.9536018371582,0.14117431640625,109882
1361.0,388.37744140625,385.6199951171875,389.6999816894531,391.53997802734375,284.739990234375,55.53765869140625,0.022552490234375,109882
1362.0,388.5524597167969,385.67999267578125,389.8599853515625,391.67999267578125,284.4599914550781,55.656856536865234,-0.09246826171875,109882
1363.0,388.53204345703125,385.6199951171875,389.8199768066406,391.55999755859375,284.91998291015625,55.56977844238281,-0.112060546875,109882
1364.0,388.5320129394531,385.5799865722656,389.6999816894531,391.3599853515625,285.44000244140625,55.29524230957031,-0.15203857421875,109882
1365.0,388.33026123046875,385.53997802734375,389.5799865722656,391.3199768066406,285.0050048828125,55.70100402832031,-0.070281982421875,109882
1366.0,388.57354736328125,385.6199951171875,389.7200012207031,391.3999938964844,284.8249816894531,55.772342681884766,-0.173553466796875,109882
1367.0,388.72998046875,385.5,389.7200012207031,391.4237976074219,284.7599792480469,55.583717346191406,-0.410003662109375,109882
1368.0,388.8192138671875,385.57000732421875,389.7599792480469,391.5,284.97998046875,55.46479797363281,-0.39923095703125,109882
1369.0,388.66839599609375,385.6199951171875,389.739990234375,391.41998291015625,285.3800048828125,55.50379943847656,-0.268402099609375,109882
1370.0,388.6964111328125,385.739990234375,389.7599792480469,391.4599914550781,285.18499755859375,55.56696319580078,-0.236419677734375,109882
1371.0,388.749755859375,385.67999267578125,389.7799987792969,391.5799865722656,285.2799987792969,55.39325714111328,-0.229766845703125,109882
1372.0,388.52923583984375,385.5799865722656,389.6999816894531,391.44000244140625,284.97998046875,55.520912170410156,-0.1092529296875,109882
1373.0,388.4618835449219,385.6600036621094,389.8199768066406,391.5,285.91998291015625,55.03196716308594,0.05810546875,109882
1374.0,388.4721374511719,385.739990234375,389.8999938964844,391.5237731933594,286.47998046875,54.795196533203125,0.10784912109375,109882
1375.0,388.3121643066406,385.6600036621094,389.739990234375,391.3999938964844,286.41998291015625,54.8588981628418,0.1478271484375,109882
1376.0,388.4762878417969,385.5999755859375,389.6399841308594,391.3799743652344,285.1650085449219,55.631614685058594,-0.116302490234375,109882
1377.0,388.3587951660156,385.5199890136719,389.55999755859375,391.1600036621094,285.2799987792969,55.446258544921875,-0.038818359375,109882
1378.0,388.2594909667969,385.6999816894531,389.7799987792969,391.3599853515625,285.1999816894531,55.43971633911133,0.20050048828125,109882
1379.0,388.5715637207031,385.79998779296875,389.8999938964844,391.4599914550781,285.739990234375,55.29426193237305,0.048431396484375,109882
1380.0,388.59490966796875,385.7599792480469,389.7599792480469,391.3399963378906,285.8999938964844,55.204524993896484,-0.074920654296875,109882
1381.0,388.48114013671875,385.6999816894531,389.8399963378906,391.5,285.3800048828125,55.292457580566406,0.058837890625,109882
1382.0,388.39569091796875,385.6199951171875,389.7799987792969,391.4037780761719,284.9849853515625,55.46187973022461,0.124298095703125,109882
1383.0,388.3494873046875,385.5799865722656,389.67999267578125,391.2799987792969,285.0,55.56989288330078,0.07049560546875,109882
1384.0,388.29144287109375,385.5999755859375,389.67999267578125,391.29998779296875,284.91998291015625,55.61909103393555,0.1485595703125,109882
1385.0,388.2969055175781,385.7200012207031,389.8599853515625,391.44000244140625,285.41998291015625,55.40213394165039,0.2830810546875,109882
1386.0,388.37213134765625,385.739990234375,389.8399963378906,391.3999938964844,284.9599914550781,55.72219467163086,0.1878662109375,109882
1387.0,388.3863830566406,385.8399963378906,389.8999938964844,391.5199890136719,284.6600036621094,56.06150817871094,0.233612060546875,109882
1388.0,388.3678283691406,385.8399963378906,389.8399963378906,391.5,284.8399963378906,56.0354118347168,0.192169189453125,109882
1389.0,388.4061279296875,385.79998779296875,389.8599853515625,391.5,284.739990234375,55.94752502441406,0.15386962890625,109882
1390.0,388.4654846191406,385.8399963378906,389.97998046875,391.623779296875,284.5199890136719,56.01791763305664,0.19451904296875,109882
1391.0,388.5484619140625,385.8599853515625,390.03997802734375,391.6399841308594,284.79998779296875,55.734275817871094,0.151519775390625,109882
1392.0,388.5450744628906,385.8199768066406,390.0999755859375,391.6600036621094,285.3199768066406,55.34150695800781,0.1749267578125,109882
1393.0,388.6394348144531,385.8599853515625,390.0,391.55999755859375,285.3599853515625,55.49278259277344,0.08056640625,109882
1394.0,388.6873474121094,385.8799743652344,390.0,391.5,285.29998779296875,55.57032775878906,0.0926513671875,109882
1395.0,388.7919921875,385.8799743652344,390.0999755859375,391.6600036621094,285.53997802734375,55.58247756958008,0.027984619140625,109882
1396.0,388.68017578125,385.8199768066406,390.0799865722656,391.6399841308594,285.6449890136719,55.52230453491211,0.099822998046875,109882
1397.0,388.81475830078125,385.8599853515625,390.0999755859375,391.7200012207031,285.47998046875,55.725929260253906,-0.0147705078125,109882
1398.0,388.8323974609375,385.8599853515625,390.05999755859375,391.67999267578125,285.6399841308594,55.3837890625,-0.072418212890625,109882
1399.0,388.6504211425781,385.739990234375,389.91998291015625,391.5199890136719,285.6000061035156,55.325538635253906,0.029571533203125,109882
1400.0,388.5113830566406,385.739990234375,389.8799743652344,391.55999755859375,285.239990234375,55.4803352355957,0.14862060546875,109882
1401.0,388.39678955078125,385.7599792480469,389.8999938964844,391.6600036621094,285.2599792480469,55.4193000793457,0.263214111328125,109882
1402.0,388.38970947265625,385.8199768066406,389.8799743652344,391.5799865722656,285.1399841308594,55.69622802734375,0.270294189453125,109882
1403.0,388.4694519042969,385.94000244140625,389.94000244140625,391.5999755859375,285.3199768066406,55.651329040527344,0.25054931640625,109882
1404.0,388.52239990234375,385.94000244140625,390.0199890136719,391.6199951171875,285.8800048828125,55.22382736206055,0.257598876953125,109882
1405.0,388.55572509765625,385.94000244140625,390.1199951171875,391.7799987792969,285.29998779296875,55.64472198486328,0.2442626953125,109882
1406.0,388.66241455078125,385.91998291015625,390.03997802734375,391.7637939453125,285.0799865722656,55.97639846801758,0.097564697265625,109882
1407.0,388.63153076171875,385.94000244140625,390.03997802734375,391.7599792480469,285.05999755859375,55.96152877807617,0.188446044921875,109882
1408.0,388.566162109375,386.0,390.03997802734375,391.6199951171875,285.17999267578125,55.81306076049805,0.213836669921875,109882
1409.0,388.61358642578125,386.1600036621094,390.239990234375,391.8199768066406,284.91998291015625,56.066402435302734,0.306396484375,109882
1410.0,388.830322265625,386.1600036621094,390.239990234375,391.8799743652344,285.0199890136719,55.964717864990234,0.129669189453125,109882
1411.0,388.8388977050781,386.05999755859375,390.2200012207031,391.8599853515625,284.7799987792969,55.94569396972656,0.06109619140625,109882
1412.0,388.7390441894531,386.0799865722656,390.2599792480469,391.8399963378906,285.1000061035156,55.873165130615234,0.16094970703125,109882
1413.0,388.665771484375,386.03997802734375,390.1600036621094,391.7200012207031,285.1999816894531,55.72663116455078,0.1942138671875,109882
1414.0,388.6956787109375,385.97998046875,390.0799865722656,391.67999267578125,285.2200012207031,55.654727935791016,0.144317626953125,109882
1415.0,388.5185241699219,385.94000244140625,390.0,391.6399841308594,285.0199890136719,55.72079849243164,0.20147705078125,109882
1416.0,388.26904296875,385.94000244140625,389.9599914550781,391.6399841308594,285.1650085449219,55.389976501464844,0.41094970703125,109882
1417.0,388.2460021972656,385.8999938964844,389.9599914550781,391.643798828125,285.17999267578125,55.45086669921875,0.433990478515625,109882
1418.0,388.4045104980469,385.8999938964844,390.05999755859375,391.8199768066406,285.5199890136719,55.44443893432617,0.31549072265625,109882
1419.0,388.8425598144531,386.0999755859375,390.2599792480469,391.97998046875,285.1449890136719,55.581912994384766,0.077423095703125,109882
1420.0,388.7964172363281,386.1600036621094,390.2599792480469,391.9599914550781,285.41998291015625,55.61894226074219,0.123565673828125,109882
1421.0,388.88201904296875,386.1399841308594,390.3399963378906,392.0,285.6999816894531,55.52668762207031,0.09796142578125,109882
1422.0,388.92767333984375,386.05999755859375,390.29998779296875,392.0199890136719,285.56500244140625,55.54648208618164,0.0123291015625,109882
1423.0,389.153076171875,386.05999755859375,390.41998291015625,392.1600036621094,285.7200012207031,55.48368453979492,-0.11309814453125,109882
1424.0,389.24346923828125,386.03997802734375,390.2599792480469,391.97998046875,285.8399963378906,55.218719482421875,-0.323486328125,109882
1425.0,389.2782287597656,386.1399841308594,390.17999267578125,391.8599853515625,285.03997802734375,55.67204666137695,-0.37823486328125,109882
1426.0,389.49969482421875,386.2599792480469,390.3199768066406,391.94000244140625,284.7599792480469,56.16820526123047,-0.439697265625,109882
1427.0,389.3170166015625,386.2599792480469,390.41998291015625,392.0,284.5199890136719,56.22247314453125,-0.197021484375,109882
1428.0,389.5071105957031,386.1999816894531,390.44000244140625,392.0999755859375,284.47998046875,56.122554779052734,-0.36712646484375,109882
1429.0,389.38922119140625,386.1600036621094,390.3389892578125,392.0,284.739990234375,55.88150405883789,-0.309234619140625,109882
1430.0,389.12939453125,386.17999267578125,390.239990234375,391.97998046875,285.2200012207031,55.649696350097656,-0.1494140625,109882
1431.0,389.135986328125,386.0199890136719,390.1600036621094,391.8799743652344,285.1399841308594,55.718910217285156,-0.21600341796875,109882
1432.0,389.15728759765625,386.03997802734375,390.2599792480469,392.0,285.1399841308594,55.52285385131836,-0.197296142578125,109882
1433.0,389.0769958496094,386.05999755859375,390.3199768066406,392.03997802734375,285.2799987792969,55.42509841918945,-0.136993408203125,109882
1434.0,389.0204772949219,386.0999755859375,390.2799987792969,392.0,285.3399963378906,55.302162170410156,-0.080474853515625,109882
1435.0,389.1637878417969,386.2200012207031,390.3799743652344,392.05999755859375,285.47998046875,55.37539291381836,-0.063812255859375,109882
1436.0,389.25152587890625,386.2799987792969,390.3999938964844,391.9599914550781,285.5199890136719,55.189674377441406,-0.091522216796875,109882
1437.0,389.0870361328125,386.17999267578125,390.2799987792969,391.94000244140625,285.8399963378906,55.31427001953125,-0.02703857421875,109882
1438.0,388.8263244628906,386.1399841308594,390.1399841308594,391.8599853515625,285.55999755859375,55.491783142089844,0.05364990234375,109882
1439.0,388.833984375,386.29998779296875,390.1999816894531,391.8599853515625,285.29998779296875,55.53702926635742,0.126007080078125,109882
1440.0,389.2222595214844,386.3799743652344,390.47998046875,392.1399841308594,285.3999938964844,55.68972396850586,-0.062255859375,109882
1441.0,388.9557189941406,386.3599853515625,390.41998291015625,391.97998046875,285.6999816894531,55.71450424194336,0.20428466796875,109882
1442.0,388.8671569824219,386.3199768066406,390.3999938964844,392.0799865722656,285.79998779296875,55.551963806152344,0.252838134765625,109882
1443.0,388.8629455566406,386.1999816894531,390.3199768066406,391.97998046875,285.6999816894531,55.34581756591797,0.177032470703125,109882
1444.0,388.90423583984375,386.1999816894531,390.3599853515625,392.05999755859375,285.3999938964844,55.52385711669922,0.115753173828125,109882
1445.0,388.6902160644531,386.1399841308594,390.3399963378906,392.0799865722656,285.3199768066406,55.78835678100586,0.269775390625,109882
1446.0,388.8626403808594,386.1600036621094,390.4599914550781,392.2200012207031,285.1399841308594,55.78888702392578,0.197357177734375,109882
1447.0,389.009521484375,386.2200012207031,390.5199890136719,392.1399841308594,285.30499267578125,55.670745849609375,0.17047119140625,109882
1448.0,389.1468505859375,386.3199768066406,390.4599914550781,392.1199951171875,285.5799865722656,55.58502197265625,0.013153076171875,109882
1449.0,389.1095886230469,386.3999938964844,390.3999938964844,392.0,285.79998779296875,55.47922134399414,0.0504150390625,109882
1450.0,389.01324462890625,386.3399963378906,390.3599853515625,392.0037841796875,285.6999816894531,55.725311279296875,0.10675048828125,109882
1451.0,388.79852294921875,386.3199768066406,390.3399963378906,392.0199890136719,285.7599792480469,55.679466247558594,0.281463623046875,109882
1452.0,388.75640869140625,386.2599792480469,390.3199768066406,391.9599914550781,285.7799987792969,55.68486022949219,0.2835693359375,109882
1453.0,388.9623107910156,386.2799987792969,390.3999938964844,392.1199951171875,285.4599914550781,56.01849365234375,0.157684326171875,109882
1454.0,389.1294250488281,386.3399963378906,390.44000244140625,392.0799865722656,285.239990234375,56.02293014526367,0.070556640625,109882
1455.0,389.1937255859375,386.44000244140625,390.55999755859375,392.239990234375,285.1999816894531,56.02955627441406,0.10626220703125,109882
1456.0,388.99676513671875,386.3799743652344,390.4599914550781,392.1600036621094,285.6000061035156,55.61466979980469,0.1832275390625,109882
1457.0,388.97137451171875,386.3199768066406,390.41998291015625,392.1399841308594,285.30499267578125,55.83720016479492,0.14862060546875,109882
1458.0,389.0667724609375,386.44000244140625,390.44000244140625,392.2200012207031,284.97998046875,55.99631881713867,0.093231201171875,109882
1459.0,389.1031799316406,386.3599853515625,390.3599853515625,392.05999755859375,284.94000244140625,55.90202331542969,-0.003204345703125,109882
1460.0,389.08251953125,386.3799743652344,390.41998291015625,392.03997802734375,284.8599853515625,55.848514556884766,0.077484130859375,109882
1461.0,389.2060852050781,386.3799743652344,390.41998291015625,392.0799865722656,284.739990234375,55.970603942871094,-0.006103515625,109882
1462.0,389.2898864746094,386.5,390.47998046875,392.2200012207031,284.3999938964844,56.05159378051758,-0.0098876953125,109882
1463.0,389.219482421875,386.4599914550781,390.41998291015625,392.20379638671875,284.68499755859375,55.98284912109375,0.000518798828125,109882
1464.0,389.2568054199219,386.4599914550781,390.41998291015625,392.1600036621094,285.06500244140625,56.051422119140625,-0.05682373046875,109882
1465.0,389.3389892578125,386.3999938964844,390.4599914550781,392.2599792480469,285.5,55.775516510009766,-0.0989990234375,109882
1466.0,389.49298095703125,386.44000244140625,390.55999755859375,392.41998291015625,285.29998779296875,55.79918670654297,-0.1929931640625,109882
1467.0,389.62744140625,386.44000244140625,390.6999816894531,392.5799865722656,285.2599792480469,55.75477981567383,-0.287445068359375,109882
1468.0,389.6152038574219,386.5199890136719,390.6600036621094,392.3999938964844,285.864990234375,55.465171813964844,-0.29522705078125,109882
1469.0,389.354736328125,386.44000244140625,390.6199951171875,392.29998779296875,285.8249816894531,55.59917068481445,-0.134735107421875,109882
1470.0,389.2794494628906,386.4599914550781,390.55999755859375,392.2200012207031,286.0,55.621585845947266,-0.0594482421875,109882
1471.0,389.2705078125,386.3799743652344,390.53997802734375,392.1399841308594,285.79998779296875,55.529541015625,-0.050506591796875,109882
1472.0,389.3290100097656,386.3199768066406,390.53997802734375,392.1999816894531,285.1000061035156,56.10867691040039,-0.089019775390625,109882
1473.0,389.56512451171875,386.3399963378906,390.47998046875,392.1399841308594,285.2799987792969,55.76869201660156,-0.305145263671875,109882
1474.0,389.39361572265625,386.44000244140625,390.47998046875,392.17999267578125,285.29998779296875,55.677093505859375,-0.133636474609375,109882
1475.0,389.4066162109375,386.5,390.67999267578125,392.3199768066406,285.5,55.690391540527344,-0.026641845703125,109882
1476.0,389.61956787109375,386.6999816894531,390.8799743652344,392.55999755859375,285.03997802734375,56.17628479003906,-0.039581298828125,109882
1477.0,389.6433410644531,386.7599792480469,390.97998046875,392.7200012207031,284.97998046875,56.33611297607422,-0.023345947265625,109882
1478.0,389.44036865234375,386.6399841308594,390.79998779296875,392.5,285.3999938964844,55.94389724731445,0.079620361328125,109882
1479.0,389.4058532714844,386.5199890136719,390.6600036621094,392.3599853515625,285.1199951171875,56.00545883178711,-0.02587890625,109882
1480.0,389.5706787109375,386.5199890136719,390.6399841308594,392.3599853515625,284.91998291015625,56.30154037475586,-0.210693359375,109882
1481.0,389.4462890625,386.47998046875,390.5199890136719,392.2599792480469,285.03997802734375,56.07217025756836,-0.1483154296875,109882
1482.0,388.9668273925781,386.44000244140625,390.5,392.2799987792969,285.5,55.967430114746094,0.273162841796875,109882
1483.0,389.3373107910156,386.67999267578125,390.6999816894531,392.3599853515625,286.0,55.51191711425781,0.102691650390625,109882
1484.0,389.3089904785156,386.6199951171875,390.5999755859375,392.2637939453125,285.8800048828125,55.486392974853516,0.07098388671875,109882
1485.0,389.42974853515625,386.67999267578125,390.6199951171875,392.239990234375,286.0199890136719,55.602901458740234,-0.009765625,109882
1486.0,389.2496337890625,386.5799865722656,390.6600036621094,392.3799743652344,285.739990234375,55.76337432861328,0.1103515625,109882
1487.0,389.4718322753906,386.6199951171875,390.7799987792969,392.4599914550781,285.44000244140625,55.697059631347656,0.008148193359375,109882
1488.0,389.4851989746094,386.6199951171875,390.79998779296875,392.47998046875,285.2799987792969,55.597991943359375,-0.02520751953125,109882
1489.0,389.4271240234375,386.6199951171875,390.8199768066406,392.4599914550781,285.17999267578125,55.68640899658203,0.032867431640625,109882
1490.0,389.4421691894531,386.5999755859375,390.8199768066406,392.53997802734375,285.18499755859375,55.70927810668945,-0.04217529296875,109882
1491.0,389.47210693359375,386.5799865722656,390.739990234375,392.53997802734375,285.05999755859375,55.81855773925781,-0.072113037109375,109882
1492.0,389.4213562011719,386.5799865722656,390.67999267578125,392.4599914550781,285.53997802734375,55.700321197509766,-0.061370849609375,109882
1493.0,389.48492431640625,386.53997802734375,390.7200012207031,392.41998291015625,285.364990234375,55.89519119262695,-0.06494140625,109882
1494.0,389.38946533203125,386.5799865722656,390.739990234375,392.3799743652344,284.97998046875,56.190277099609375,0.050537109375,109882
1495.0,389.1946105957031,386.6199951171875,390.6999816894531,392.3199768066406,284.91998291015625,56.1562614440918,0.245391845703125,109882
1496.0,389.33404541015625,386.6999816894531,390.8599853515625,392.5199890136719,285.1000061035156,55.99863815307617,0.2259521484375,109882
1497.0,389.2938537597656,386.6199951171875,390.8599853515625,392.55999755859375,285.3399963378906,55.791683197021484,0.246124267578125,109882
1498.0,389.2964782714844,386.5799865722656,390.7799987792969,392.55999755859375,285.42498779296875,55.71419143676758,0.16351318359375,109882
1499.0,389.32891845703125,386.6600036621094,390.8399963378906,392.6199951171875,285.4599914550781,55.868247985839844,0.191070556640625,109882
1500.0,389.4188537597656,386.739990234375,390.8599853515625,392.5999755859375,285.6600036621094,55.85187911987305,0.1611328125,109882
1501.0,389.2420654296875,386.7799987792969,390.8599853515625,392.5999755859375,285.47998046875,55.953189849853516,0.31793212890625,109882
1502.0,389.3045349121094,386.7599792480469,390.9599914550781,392.6399841308594,285.03997802734375,56.1231575012207,0.315460205078125,109882
1503.0,389.5010681152344,386.7799987792969,391.0,392.7599792480469,285.8199768066406,55.62687683105469,0.19891357421875,109882
1504.0,389.51275634765625,386.6399841308594,390.8599853515625,392.53997802734375,285.97998046875,55.42660903930664,0.007232666015625,109882
1505.0,389.4805908203125,386.6199951171875,390.8799743652344,392.5799865722656,285.29998779296875,55.896915435791016,0.039398193359375,109882
1506.0,389.5567626953125,386.6999816894531,390.97998046875,392.67999267578125,285.4649963378906,55.966094970703125,0.063232421875,109882
1507.0,389.5693359375,386.5999755859375,390.79998779296875,392.5,285.3399963378906,55.859527587890625,-0.0693359375,109882
1508.0,389.4035949707031,386.6199951171875,390.8199768066406,392.47998046875,285.29998779296875,55.98075485229492,0.036407470703125,109882
1509.0,389.37371826171875,386.67999267578125,390.8599853515625,392.53997802734375,285.44000244140625,55.989505767822266,0.086273193359375,109882
1510.0,389.31951904296875,386.67999267578125,390.8599853515625,392.6037902832031,285.67999267578125,55.97428512573242,0.18048095703125,109882
1511.0,389.45001220703125,386.8199768066406,391.05999755859375,392.8199768066406,285.7200012207031,55.86658477783203,0.249969482421875,109882
1512.0,389.32666015625,386.739990234375,391.0199890136719,392.67999267578125,285.8199768066406,55.72423553466797,0.2933349609375,109882
1513.0,389.3622741699219,386.739990234375,391.0199890136719,392.6999816894531,285.7599792480469,55.756221771240234,0.237701416015625,109882
1514.0,389.5588684082031,386.739990234375,391.0799865722656,392.739990234375,285.5,55.900630950927734,0.10113525390625,109882
1515.0,389.6029052734375,386.67999267578125,391.03997802734375,392.8199768066406,285.2599792480469,55.98350143432617,0.07708740234375,109882
1516.0,389.5489501953125,386.67999267578125,390.8799743652344,392.6600036621094,285.4599914550781,55.85523223876953,0.031036376953125,109882
1517.0,389.46783447265625,386.5799865722656,390.79998779296875,392.53997802734375,285.5799865722656,55.60512161254883,0.03216552734375,109882
1518.0,389.62744140625,386.5799865722656,390.7799987792969,392.53997802734375,285.3800048828125,55.91761779785156,-0.16943359375,109882
1519.0,389.72235107421875,386.739990234375,390.8799743652344,392.5799865722656,285.4599914550781,55.97567367553711,-0.142364501953125,109882
1520.0,389.87646484375,386.97998046875,391.17999267578125,392.79998779296875,285.29998779296875,55.99308395385742,-0.036468505859375,109882
1521.0,389.88970947265625,387.05999755859375,391.2799987792969,392.8199768066406,285.8199768066406,55.71244430541992,0.05029296875,109882
1522.0,389.6860656738281,386.79998779296875,391.0799865722656,392.7437744140625,285.7200012207031,55.93166732788086,0.053924560546875,109882
1523.0,389.6750183105469,386.7599792480469,391.03997802734375,392.6999816894531,285.6650085449219,55.97021484375,-0.0150146484375,109882
1524.0,389.7983093261719,386.94000244140625,391.1199951171875,392.8199768066406,286.0199890136719,55.671958923339844,-0.018310546875,109882
1525.0,389.8113098144531,387.0199890136719,391.2200012207031,392.94000244140625,286.0,55.72211837768555,0.048675537109375,109882
1526.0,389.81640625,386.94000244140625,391.0999755859375,392.7599792480469,286.03997802734375,55.6248893737793,-0.036407470703125,109882
1527.0,389.9305725097656,386.8799743652344,391.1399841308594,392.8199768066406,285.7449951171875,55.82057189941406,-0.190582275390625,109882
1528.0,389.81640625,386.91998291015625,391.1600036621094,392.8437805175781,285.1199951171875,56.09497833251953,-0.076416015625,109882
1529.0,389.891357421875,386.97998046875,391.17999267578125,392.79998779296875,285.7250061035156,55.733909606933594,-0.051361083984375,109882
1530.0,389.9018249511719,386.94000244140625,391.1600036621094,392.7437744140625,285.9599914550781,55.659427642822266,-0.08184814453125,109882
1531.0,390.1063232421875,387.0,391.2799987792969,392.9237976074219,285.3999938964844,56.06807327270508,-0.18634033203125,109882
1532.0,390.0591735839844,386.9599914550781,391.2200012207031,392.94000244140625,285.6199951171875,55.99327087402344,-0.079193115234375,109882
1533.0,389.94970703125,386.8599853515625,391.0199890136719,392.67999267578125,285.6399841308594,55.827308654785156,-0.169708251953125,109882
1534.0,389.87701416015625,386.8999938964844,391.0999755859375,392.7200012207031,286.0050048828125,55.64126968383789,-0.057037353515625,109882
1535.0,389.79998779296875,386.8999938964844,391.17999267578125,392.8399963378906,286.1999816894531,55.38988494873047,0.040008544921875,109882
1536.0,389.8921203613281,386.8999938964844,391.1199951171875,392.8399963378906,286.1000061035156,55.414031982421875,-0.092132568359375,109882
1537.0,390.010009765625,387.0,391.29998779296875,393.0199890136719,286.03997802734375,55.598480224609375,-0.07000732421875,109882
1538.0,390.0535583496094,387.0999755859375,391.3199768066406,393.0,286.0799865722656,55.792999267578125,-0.0335693359375,109882
1539.0,389.91851806640625,387.1199951171875,391.17999267578125,392.8399963378906,285.7599792480469,55.91753005981445,0.00146484375,109882
1540.0,389.9427795410156,387.1199951171875,391.17999267578125,392.8399963378906,286.1000061035156,56.063812255859375,-0.022796630859375,109882
1541.0,389.9042663574219,387.0999755859375,391.1999816894531,392.79998779296875,285.864990234375,55.98286056518555,-0.0242919921875,109882
1542.0,389.9067687988281,387.0,391.2599792480469,392.8999938964844,285.885009765625,55.79960250854492,-0.02679443359375,109882
1543.0,389.8480224609375,386.9599914550781,391.3199768066406,393.0,286.2200012207031,55.64776611328125,0.031951904296875,109882
1544.0,389.8916320800781,386.97998046875,391.239990234375,392.97998046875,286.17999267578125,55.69688034057617,-0.0516357421875,109882
1545.0,389.88128662109375,386.97998046875,391.1600036621094,392.8599853515625,286.3199768066406,55.45284652709961,-0.061309814453125,109882
1546.0,390.0489196777344,387.0,391.2200012207031,392.8799743652344,286.55999755859375,55.155792236328125,-0.188934326171875,109882
1547.0,389.85626220703125,386.97998046875,391.1600036621094,392.8799743652344,285.97998046875,55.28961944580078,-0.036285400390625,109882
1548.0,389.6975402832031,386.91998291015625,391.05999755859375,392.8199768066406,285.8800048828125,55.45182800292969,0.0224609375,109882
1549.0,389.5445251464844,387.0,391.05999755859375,392.7200012207031,285.7799987792969,55.55712890625,0.17547607421875,109882
1550.0,389.7450866699219,387.1399841308594,391.2200012207031,392.8199768066406,286.2200012207031,55.46121597290039,0.1549072265625,109882
1551.0,390.01666259765625,387.1999816894531,391.3399963378906,392.9599914550781,285.7049865722656,55.87120819091797,-0.01666259765625,109882
1552.0,390.0212707519531,387.2599792480469,391.3799743652344,393.03997802734375,285.7799987792969,55.97063064575195,0.078704833984375,109882
1553.0,389.96148681640625,387.2799987792969,391.2799987792969,392.8999938964844,285.94000244140625,55.96816635131836,0.0784912109375,109882
1554.0,390.07818603515625,387.3199768066406,391.3799743652344,393.05999755859375,286.0199890136719,56.10307312011719,0.001800537109375,109882
1555.0,390.0289001464844,387.2799987792969,391.3599853515625,393.05999755859375,286.239990234375,55.90550231933594,0.011077880859375,109882
1556.0,389.96380615234375,387.1999816894531,391.3399963378906,393.0,286.3199768066406,55.868812561035156,0.056182861328125,109882
1557.0,389.8729248046875,387.17999267578125,391.29998779296875,392.8799743652344,286.44000244140625,55.83476257324219,0.1270751953125,109882
1558.0,389.5958251953125,387.17999267578125,391.29998779296875,392.91998291015625,286.0199890136719,55.97106170654297,0.364166259765625,109882
1559.0,389.6475830078125,387.239990234375,391.3399963378906,393.05999755859375,286.4599914550781,55.83662414550781,0.3524169921875,109882
1560.0,389.8320007324219,387.2799987792969,391.3599853515625,393.05999755859375,286.8800048828125,55.41910171508789,0.24798583984375,109882
1561.0,389.6711120605469,387.1999816894531,391.29998779296875,393.05999755859375,286.7049865722656,55.38212966918945,0.328887939453125,109882
1562.0,389.7738952636719,387.1600036621094,391.2599792480469,393.0199890136719,286.44000244140625,55.498722076416016,0.18609619140625,109882
1563.0,389.765625,387.0,391.0799865722656,392.8999938964844,286.3399963378906,55.672420501708984,0.054351806640625,109882
1564.0,389.9881286621094,387.0799865722656,391.1999816894531,392.9599914550781,285.91998291015625,55.914756774902344,-0.108154296875,109882
1565.0,389.89111328125,387.1399841308594,391.29998779296875,392.9837951660156,285.5799865722656,56.108211517333984,0.008880615234375,109882
1566.0,389.86212158203125,387.1199951171875,391.3399963378906,393.1199951171875,285.6600036621094,56.125762939453125,0.097869873046875,109882
1567.0,389.8009948730469,387.1399841308594,391.3599853515625,393.17999267578125,285.79998779296875,55.89242935180664,0.15899658203125,109882
1568.0,389.8695983886719,387.3199768066406,391.3599853515625,393.05999755859375,286.3399963378906,55.692222595214844,0.170379638671875,109882
1569.0,389.8240051269531,387.3199768066406,391.29998779296875,392.97998046875,286.6000061035156,55.45033264160156,0.215972900390625,109882
1570.0,389.830078125,387.3799743652344,391.41998291015625,393.03997802734375,286.1600036621094,55.794429779052734,0.34991455078125,109882
1571.0,389.8836364746094,387.3399963378906,391.44000244140625,393.03997802734375,286.0799865722656,55.859825134277344,0.31634521484375,109882
1572.0,390.0620422363281,387.2599792480469,391.41998291015625,393.03997802734375,285.97998046875,55.808292388916016,0.09796142578125,109882
1573.0,390.0199279785156,387.239990234375,391.3399963378906,392.97998046875,285.6399841308594,55.81753921508789,0.06005859375,109882
1574.0,389.9458312988281,387.1999816894531,391.2200012207031,392.9599914550781,285.6600036621094,56.11338806152344,-0.005828857421875,109882
1575.0,389.92279052734375,387.2200012207031,391.1999816894531,392.8799743652344,286.1999816894531,55.766483306884766,0.0172119140625,109882
1576.0,389.8076477050781,387.1600036621094,391.17999267578125,392.8599853515625,286.17999267578125,55.684024810791016,0.132354736328125,109882
1577.0,389.915283203125,387.2200012207031,391.3399963378906,393.1399841308594,285.8199768066406,55.91657638549805,0.084716796875,109882
1578.0,389.9289855957031,387.3399963378906,391.55999755859375,393.3999938964844,285.8399963378906,56.03166198730469,0.251007080078125,109882
1579.0,389.947509765625,387.3599853515625,391.6600036621094,393.3999938964844,286.1650085449219,55.76768112182617,0.312469482421875,109882
1580.0,390.0089111328125,387.3799743652344,391.6199951171875,393.3199768066406,286.54498291015625,55.81134796142578,0.271087646484375,109882
1581.0,389.94366455078125,387.2599792480469,391.3999938964844,393.0799865722656,286.55999755859375,55.65452575683594,0.17633056640625,109882
1582.0,389.9996337890625,387.29998779296875,391.3199768066406,393.0199890136719,286.0,56.171730041503906,0.120361328125,109882
1583.0,389.7919006347656,387.2799987792969,391.2599792480469,392.91998291015625,285.8999938964844,56.215179443359375,0.248077392578125,109882
1584.0,389.8966979980469,387.3599853515625,391.3199768066406,393.0199890136719,285.7250061035156,56.12837219238281,0.203277587890625,109882
1585.0,389.8949279785156,387.29998779296875,391.3399963378906,393.0799865722656,286.1650085449219,55.95504379272461,0.165069580078125,109882
1586.0,389.93121337890625,387.3399963378906,391.3999938964844,393.05999755859375,286.3199768066406,55.96095657348633,0.18878173828125,109882
1587.0,390.06976318359375,387.3599853515625,391.44000244140625,393.0999755859375,286.385009765625,55.767276763916016,0.130218505859375,109882
1588.0,390.2516784667969,387.5,391.6999816894531,393.4599914550781,286.7200012207031,55.483306884765625,0.08831787109375,109882
1589.0,390.205810546875,387.5,391.6199951171875,393.2599792480469,286.6399841308594,55.49631118774414,0.0341796875,109882
1590.0,390.2276306152344,387.4599914550781,391.53997802734375,393.17999267578125,286.79998779296875,55.352420806884766,-0.02764892578125,109882
1591.0,390.201416015625,387.3399963378906,391.44000244140625,393.0999755859375,286.5,55.63839340209961,-0.0814208984375,109882
1592.0,390.09075927734375,387.1999816894531,391.2799987792969,392.94000244140625,286.3599853515625,55.54585266113281,-0.09075927734375,109882
1593.0,390.2248840332031,387.41998291015625,391.47998046875,393.1199951171875,286.4849853515625,55.57847213745117,-0.0048828125,109882
1594.0,390.1708679199219,387.5199890136719,391.5199890136719,393.17999267578125,286.79998779296875,55.372154235839844,0.04913330078125,109882
1595.0,390.1348876953125,387.53997802734375,391.5999755859375,393.2799987792969,286.7250061035156,55.36280059814453,0.16510009765625,109882
1596.0,389.9399719238281,387.47998046875,391.6199951171875,393.3199768066406,286.2799987792969,55.51096725463867,0.360015869140625,109882
1597.0,390.0122375488281,387.53997802734375,391.7599792480469,393.3599853515625,286.5050048828125,55.616539001464844,0.427764892578125,109882
1598.0,390.12677001953125,387.47998046875,391.7200012207031,393.2799987792969,286.739990234375,55.405094146728516,0.293212890625,109882
1599.0,390.1409606933594,387.5199890136719,391.6600036621094,393.3399963378906,286.8599853515625,55.437721252441406,0.219024658203125,109882
1600.0,390.2058410644531,387.4599914550781,391.55999755859375,393.2200012207031,286.3999938964844,55.59592819213867,0.034149169921875,109882
1601.0,390.2945556640625,387.4599914550781,391.5999755859375,393.2599792480469,286.2799987792969,55.66865921020508,0.025421142578125,109882
1602.0,390.12225341796875,387.44000244140625,391.6600036621094,393.3199768066406,286.4599914550781,55.62309265136719,0.177734375,109882
1603.0,390.2673645019531,387.5799865722656,391.8799743652344,393.55999755859375,286.3999938964844,55.81447982788086,0.192626953125,109882
1604.0,390.4662170410156,387.6399841308594,391.8399963378906,393.4599914550781,286.2799987792969,55.802066802978516,-0.026214599609375,109882
1605.0,390.4377746582031,387.7200012207031,391.8599853515625,393.47998046875,286.7599792480469,55.451255798339844,0.042205810546875,109882
1606.0,390.2842712402344,387.67999267578125,391.7200012207031,393.29998779296875,286.8399963378906,55.36201095581055,0.155731201171875,109882
1607.0,390.0858459472656,387.55999755859375,391.6399841308594,393.2799987792969,285.8199768066406,55.74774932861328,0.31414794921875,109882
1608.0,390.11627197265625,387.53997802734375,391.67999267578125,393.47998046875,285.8599853515625,55.79856491088867,0.283721923828125,109882
1609.0,390.20147705078125,387.6199951171875,391.739990234375,393.5199890136719,286.0,55.78257369995117,0.218505859375,109882
1610.0,390.2674255371094,387.6199951171875,391.739990234375,393.47998046875,285.8450012207031,55.924278259277344,0.132568359375,109882
1611.0,390.35662841796875,387.5799865722656,391.739990234375,393.44378662109375,285.6050109863281,56.10443878173828,0.0833740234375,109882
1612.0,390.1933898925781,387.41998291015625,391.7200012207031,393.3999938964844,285.4599914550781,56.12378692626953,0.166595458984375,109882
1613.0,390.20489501953125,387.55999755859375,391.79998779296875,393.4637756347656,285.92498779296875,56.04680633544922,0.195098876953125,109882
1614.0,390.3433532714844,387.6399841308594,391.7799987792969,393.47998046875,286.1399841308594,55.989505767822266,0.096649169921875,109882
1615.0,390.4931640625,387.6600036621094,391.7200012207031,393.44000244140625,286.6399841308594,55.66590881347656,-0.07318115234375,109882
1616.0,390.478759765625,387.55999755859375,391.67999267578125,393.3999938964844,286.67999267578125,55.46888732910156,-0.078765869140625,109882
1617.0,390.4726867675781,387.53997802734375,391.7200012207031,393.44378662109375,286.739990234375,55.61386489868164,-0.07269287109375,109882
1618.0,390.2938232421875,387.5999755859375,391.7799987792969,393.4599914550781,286.5,55.796417236328125,0.166168212890625,109882
1619.0,390.2146301269531,387.5999755859375,391.79998779296875,393.47998046875,286.3399963378906,56.0551643371582,0.245361328125,109882
1620.0,390.38275146484375,387.5999755859375,391.7599792480469,393.3799743652344,286.29998779296875,56.05021667480469,0.09722900390625,109882
1621.0,390.6311950683594,387.739990234375,391.9599914550781,393.53997802734375,285.7200012207031,56.267189025878906,-0.031219482421875,109882
1622.0,390.7586669921875,387.8999938964844,392.0999755859375,393.6600036621094,286.0199890136719,56.11522674560547,-0.038665771484375,109882
1623.0,390.91143798828125,387.94000244140625,392.1399841308594,393.7200012207031,285.92498779296875,56.24016571044922,-0.1114501953125,109882
1624.0,390.7269287109375,387.739990234375,391.8999938964844,393.47998046875,285.67999267578125,56.472206115722656,-0.146942138671875,109882
1625.0,390.4806213378906,387.739990234375,391.8799743652344,393.47998046875,285.2599792480469,56.71749496459961,0.079376220703125,109882
1626.0,390.4379577636719,387.67999267578125,391.8399963378906,393.5,285.6399841308594,56.660457611083984,0.062042236328125,109882
1627.0,390.27764892578125,387.6399841308594,391.79998779296875,393.41998291015625,285.91998291015625,56.11911392211914,0.162353515625,109882
1628.0,390.44476318359375,387.6999816894531,391.91998291015625,393.53997802734375,286.05999755859375,55.916255950927734,0.115234375,109882
1629.0,390.6007995605469,387.739990234375,391.9599914550781,393.6199951171875,286.4049987792969,55.99248123168945,-0.000823974609375,109882
1630.0,390.7412414550781,387.6999816894531,391.94000244140625,393.6199951171875,286.53997802734375,55.88553237915039,-0.08123779296875,109882
1631.0,390.48193359375,387.5999755859375,391.7599792480469,393.53997802734375,286.4599914550781,55.81601333618164,0.01806640625,109882
1632.0,390.606201171875,387.5999755859375,391.6999816894531,393.47998046875,286.6000061035156,55.80763626098633,-0.146209716796875,109882
1633.0,390.7957763671875,387.6999816894531,391.79998779296875,393.6199951171875,286.2599792480469,56.004180908203125,-0.23577880859375,109882
1634.0,390.6819152832031,387.7699890136719,391.8199768066406,393.5,286.6000061035156,55.70671081542969,-0.121917724609375,109882
1635.0,390.6629943847656,387.8199768066406,391.9599914550781,393.6199951171875,286.1999816894531,56.15807342529297,-0.042999267578125,109882
1636.0,390.5087585449219,387.7799987792969,391.9599914550781,393.6199951171875,285.7599792480469,56.43986892700195,0.1312255859375,109882
1637.0,390.4335632324219,387.6600036621094,391.79998779296875,393.41998291015625,285.8599853515625,56.35579299926758,0.066436767578125,109882
1638.0,390.4101867675781,387.5999755859375,391.7599792480469,393.3999938964844,285.97998046875,56.02967834472656,0.069793701171875,109882
1639.0,390.38885498046875,387.739990234375,391.8199768066406,393.5,285.9849853515625,56.05213165283203,0.171142578125,109882
1640.0,390.36883544921875,387.7599792480469,391.8199768066406,393.5,286.2799987792969,55.86116027832031,0.191162109375,109882
1641.0,390.2870178222656,387.7200012207031,391.79998779296875,393.4599914550781,286.3599853515625,55.648189544677734,0.252960205078125,109882
1642.0,390.48028564453125,387.7599792480469,391.8999938964844,393.5999755859375,286.1999816894531,55.94314193725586,0.0596923828125,109882
1643.0,390.3634338378906,387.79998779296875,391.8999938964844,393.6399841308594,286.0199890136719,56.02934646606445,0.176544189453125,109882
1644.0,390.3910217285156,387.79998779296875,391.97998046875,393.6999816894531,286.1600036621094,55.831153869628906,0.288970947265625,109882
1645.0,390.4665832519531,387.91998291015625,392.0999755859375,393.7799987792969,286.2599792480469,55.888736724853516,0.31341552734375,109882
1646.0,390.37640380859375,387.94000244140625,392.0999755859375,393.7599792480469,286.5,55.730438232421875,0.383575439453125,109882
1647.0,390.5834655761719,387.94000244140625,392.0,393.67999267578125,286.53997802734375,55.552852630615234,0.13653564453125,109882
1648.0,390.619140625,388.03997802734375,392.0999755859375,393.739990234375,286.5,55.70700454711914,0.18084716796875,109882
1649.0,390.47760009765625,387.8399963378906,391.9599914550781,393.6600036621094,286.55999755859375,55.8547477722168,0.202392578125,109882
1650.0,390.29888916015625,387.7200012207031,391.8799743652344,393.5999755859375,286.739990234375,55.62139892578125,0.2410888671875,109882
1651.0,390.4931945800781,387.8199768066406,392.0199890136719,393.7237854003906,286.7599792480469,55.694252014160156,0.16680908203125,109882
1652.0,390.6448974609375,387.8399963378906,392.03997802734375,393.7599792480469,286.53997802734375,55.868160247802734,0.015106201171875,109882
1653.0,390.52197265625,387.7599792480469,391.94000244140625,393.5999755859375,286.3399963378906,56.042274475097656,0.03802490234375,109882
1654.0,390.3679504394531,387.739990234375,391.9599914550781,393.6199951171875,286.05999755859375,56.184898376464844,0.192047119140625,109882
1655.0,390.4062805175781,387.8399963378906,392.1399841308594,393.8799743652344,286.05999755859375,56.32087707519531,0.313720703125,109882
1656.0,390.6181945800781,387.97998046875,392.3399963378906,394.0799865722656,286.1449890136719,56.19243240356445,0.241790771484375,109882
1657.0,390.8248596191406,387.97998046875,392.3199768066406,394.0199890136719,286.1399841308594,56.24334716796875,0.035125732421875,109882
1658.0,390.68634033203125,387.91998291015625,392.1999816894531,393.91998291015625,286.29998779296875,56.048851013183594,0.1136474609375,109882
1659.0,390.9309387207031,388.0,392.239990234375,393.91998291015625,286.3199768066406,55.92929458618164,-0.05096435546875,109882
1660.0,390.8778381347656,388.1399841308594,392.29998779296875,393.9599914550781,286.7200012207031,55.657249450683594,0.042144775390625,109882
1661.0,390.864013671875,388.1199951171875,392.29998779296875,393.97998046875,286.3399963378906,56.10786819458008,0.07598876953125,109882
1662.0,390.9746398925781,388.0799865722656,392.3199768066406,393.9599914550781,286.739990234375,55.89206314086914,-0.054656982421875,109882
1663.0,391.0171203613281,388.1399841308594,392.3399963378906,393.94000244140625,287.29998779296875,55.3851432800293,-0.037139892578125,109882
1664.0,390.8146667480469,388.05999755859375,392.3399963378906,394.0,287.44000244140625,55.15345001220703,0.165313720703125,109882
1665.0,390.7537841796875,388.0999755859375,392.3999938964844,394.0237731933594,287.05999755859375,55.4316520690918,0.266204833984375,109882
1666.0,390.8887634277344,388.1600036621094,392.3999938964844,394.0,286.739990234375,55.750404357910156,0.171234130859375,109882
1667.0,390.88623046875,388.17999267578125,392.44000244140625,394.05999755859375,286.79998779296875,56.00637435913086,0.17376708984375,109882
1668.0,391.09893798828125,388.1600036621094,392.41998291015625,394.0999755859375,286.47998046875,56.34440231323242,-0.0589599609375,109882
1669.0,391.05633544921875,388.05999755859375,392.239990234375,393.97998046875,286.7049865722656,56.05855178833008,-0.156341552734375,109882
1670.0,391.0826721191406,388.0,392.2200012207031,393.8799743652344,286.8999938964844,55.73481369018555,-0.222686767578125,109882
1671.0,391.0203857421875,387.97998046875,392.29998779296875,393.9837951660156,286.864990234375,55.57878112792969,-0.140411376953125,109882
1672.0,391.0818786621094,387.97998046875,392.29998779296875,394.05999755859375,286.6000061035156,55.71016311645508,-0.221893310546875,109882
1673.0,391.0787658691406,387.94000244140625,392.1600036621094,393.8999938964844,287.0799865722656,55.6599006652832,-0.278778076171875,109882
1674.0,391.1340026855469,388.05999755859375,392.1399841308594,393.79998779296875,286.7599792480469,55.56194305419922,-0.2340087890625,109882
1675.0,390.98760986328125,388.0199890136719,392.1199951171875,393.7599792480469,287.29998779296875,55.33323669433594,-0.12762451171875,109882
1676.0,390.66741943359375,387.94000244140625,392.1199951171875,393.6999816894531,287.2200012207031,55.24732971191406,0.112579345703125,109882
1677.0,390.6802978515625,388.0199890136719,392.3399963378906,393.9599914550781,286.8399963378906,55.55738830566406,0.219696044921875,109882
1678.0,391.0025329589844,388.1600036621094,392.53997802734375,394.2200012207031,286.47998046875,55.780296325683594,0.057464599609375,109882
1679.0,391.03466796875,388.0799865722656,392.41998291015625,394.0799865722656,285.8800048828125,56.23819351196289,-0.014678955078125,109882
1680.0,391.06768798828125,388.0199890136719,392.2599792480469,393.8799743652344,285.55999755859375,56.657859802246094,-0.127685546875,109882
1681.0,391.20733642578125,387.97998046875,392.29998779296875,393.9599914550781,285.239990234375,56.63841247558594,-0.20733642578125,109882
1682.0,391.0185546875,387.94000244140625,392.29998779296875,393.9599914550781,285.44000244140625,56.51545715332031,-0.03857421875,109882
1683.0,391.0847473144531,387.94000244140625,392.2200012207031,393.94000244140625,285.6600036621094,56.3524284362793,-0.20477294921875,109882
1684.0,390.9682922363281,388.1199951171875,392.2799987792969,393.8799743652344,286.05999755859375,56.182926177978516,0.05169677734375,109882
1685.0,391.0570983886719,388.1999816894531,392.3999938964844,394.03997802734375,286.17999267578125,56.00083541870117,0.002899169921875,109882
1686.0,391.0464172363281,388.3399963378906,392.47998046875,394.1037902832031,286.239990234375,56.17399215698242,0.11358642578125,109882
1687.0,391.16583251953125,388.3399963378906,392.5,394.1600036621094,286.3999938964844,56.06901168823242,0.054168701171875,109882
1688.0,390.7464599609375,388.239990234375,392.3399963378906,393.9599914550781,286.17999267578125,56.0802116394043,0.273529052734375,109882
1689.0,390.81048583984375,388.2200012207031,392.25897216796875,393.91998291015625,285.885009765625,56.12704849243164,0.089508056640625,109882
1690.0,390.89996337890625,388.2599792480469,392.3999938964844,394.0799865722656,286.3599853515625,56.148529052734375,0.060028076171875,109882
1691.0,390.9983215332031,388.239990234375,392.4599914550781,394.1999816894531,286.3399963378906,56.404563903808594,0.02166748046875,109882
1692.0,390.96234130859375,388.1999816894531,392.3599853515625,394.0199890136719,286.3599853515625,56.22328186035156,0.057647705078125,109882
1693.0,390.78485107421875,388.2599792480469,392.4599914550781,394.0999755859375,286.5799865722656,55.9111442565918,0.355133056640625,109882
1694.0,390.7522277832031,388.2599792480469,392.5799865722656,394.17999267578125,286.6600036621094,55.79251480102539,0.44775390625,109882
1695.0,390.7430419921875,388.1399841308594,392.41998291015625,394.05999755859375,286.5199890136719,55.98505783081055,0.31695556640625,109882
1696.0,391.0809631347656,388.17999267578125,392.3999938964844,394.03997802734375,286.239990234375,56.171451568603516,-0.040985107421875,109882
1697.0,391.06854248046875,388.17999267578125,392.41998291015625,394.05999755859375,286.1399841308594,56.193824768066406,-0.008544921875,109882
1698.0,391.0954895019531,388.2599792480469,392.47998046875,394.1600036621094,286.53997802734375,55.980979919433594,0.004486083984375,109882
1699.0,391.3399353027344,388.3799743652344,392.6199951171875,394.3399963378906,286.2599792480469,56.11445617675781,-0.11993408203125,109882
1700.0,391.5538635253906,388.2799987792969,392.4599914550781,394.1399841308594,286.03997802734375,56.19696807861328,-0.433868408203125,109882
1701.0,391.6501159667969,388.3199768066406,392.5,394.1999816894531,286.0,56.339317321777344,-0.43011474609375,109882
1702.0,391.4725646972656,388.29998779296875,392.5199890136719,394.1600036621094,286.6199951171875,55.89967346191406,-0.2725830078125,109882
1703.0,391.3529052734375,388.3199768066406,392.6399841308594,394.2799987792969,286.8199768066406,55.717132568359375,-0.092926025390625,109882
1704.0,391.1283874511719,388.3999938964844,392.5799865722656,394.1999816894531,287.41998291015625,55.44399642944336,0.09161376953125,109882
1705.0,391.017822265625,388.2599792480469,392.3799743652344,393.97998046875,286.8199768066406,55.85900115966797,0.0821533203125,109882
1706.0,391.0060729980469,388.2799987792969,392.5,394.17999267578125,286.1999816894531,56.48759841918945,0.1539306640625,109882
1707.0,391.0299072265625,388.29998779296875,392.55999755859375,394.239990234375,286.4599914550781,56.46051025390625,0.2100830078125,109882
1708.0,391.07403564453125,388.239990234375,392.5,394.2200012207031,286.47998046875,56.265254974365234,0.125946044921875,109882
1709.0,391.1313171386719,388.2599792480469,392.5199890136719,394.1199951171875,286.53997802734375,56.16336441040039,0.06866455078125,109882
1710.0,391.113037109375,388.3999938964844,392.6399841308594,394.239990234375,286.6600036621094,56.2288818359375,0.126953125,109882
1711.0,391.25286865234375,388.3999938964844,392.67999267578125,394.3399963378906,286.53997802734375,56.52611541748047,0.007110595703125,109882
1712.0,391.57269287109375,388.3799743652344,392.6600036621094,394.29998779296875,286.2599792480469,56.6889762878418,-0.272705078125,109882
1713.0,391.865966796875,388.41998291015625,392.7200012207031,394.3799743652344,286.41998291015625,56.52921676635742,-0.5059814453125,109882
1714.0,391.91943359375,388.44000244140625,392.7799987792969,394.5,286.3999938964844,56.3075065612793,-0.49945068359375,109882
1715.0,391.81756591796875,388.4599914550781,392.79998779296875,394.5,286.67999267578125,56.1854248046875,-0.33758544921875,109882
1716.0,391.7018127441406,388.41998291015625,392.8199768066406,394.47998046875,286.7599792480469,55.88556671142578,-0.2418212890625,109882
1717.0,392.0406799316406,388.4599914550781,392.8599853515625,394.5,286.41998291015625,56.29368591308594,-0.480682373046875,109882
1718.0,391.8853759765625,388.44000244140625,392.739990234375,394.3799743652344,286.5199890136719,56.36431884765625,-0.44537353515625,109882
1719.0,391.8485107421875,388.47998046875,392.79998779296875,394.44000244140625,286.4049987792969,56.538997650146484,-0.3685302734375,109882
1720.0,391.694580078125,388.4599914550781,392.67999267578125,394.3399963378906,286.5,56.35737228393555,-0.3345947265625,109882
1721.0,391.46875,388.47998046875,392.6199951171875,394.2799987792969,286.29998779296875,56.44940185546875,-0.128753662109375,109882
1722.0,391.115478515625,388.2200012207031,392.5,394.3199768066406,286.4599914550781,56.01258087158203,0.06451416015625,109882
1723.0,391.1239013671875,388.29998779296875,392.5,394.1999816894531,286.7649841308594,55.818084716796875,0.036102294921875,109882
1724.0,391.2554016113281,388.3599853515625,392.5199890136719,394.2200012207031,286.2799987792969,56.05516052246094,-0.055419921875,109882
1725.0,391.3436279296875,388.3799743652344,392.67999267578125,394.3199768066406,286.0799865722656,56.20280075073242,-0.003631591796875,109882
1726.0,391.35107421875,388.3599853515625,392.6600036621094,394.2799987792969,286.2599792480469,56.1351432800293,-0.011077880859375,109882
1727.0,391.3435974121094,388.3599853515625,392.5799865722656,394.29998779296875,286.1999816894531,56.30559158325195,-0.0836181640625,109882
1728.0,391.48577880859375,388.41998291015625,392.5999755859375,394.17999267578125,286.4599914550781,56.28691864013672,-0.3057861328125,109882
1729.0,391.57794189453125,388.3899841308594,392.53997802734375,394.2599792480469,286.4049987792969,56.14414978027344,-0.377960205078125,109882
1730.0,391.3776550292969,388.41998291015625,392.5799865722656,394.2200012207031,286.44000244140625,55.96177291870117,-0.11767578125,109882
1731.0,391.34124755859375,388.4599914550781,392.7200012207031,394.3799743652344,286.67999267578125,55.905418395996094,-0.001251220703125,109882
1732.0,391.4051818847656,388.5,392.739990234375,394.3799743652344,286.6999816894531,55.86079025268555,0.014801025390625,109882
1733.0,391.7376708984375,388.5199890136719,392.67999267578125,394.41998291015625,286.42498779296875,56.17330551147461,-0.337677001953125,109882
1734.0,391.7239990234375,388.5199890136719,392.6199951171875,394.3599853515625,286.6600036621094,56.07180404663086,-0.42401123046875,109882
1735.0,391.5414733886719,388.44000244140625,392.5799865722656,394.239990234375,286.55999755859375,56.03157424926758,-0.261474609375,109882
1736.0,391.55999755859375,388.47998046875,392.739990234375,394.44000244140625,286.9649963378906,55.84819412231445,-0.180023193359375,109882
1737.0,391.4647216796875,388.4599914550781,392.7200012207031,394.4599914550781,287.41998291015625,55.419010162353516,-0.04473876953125,109882
1738.0,391.6278381347656,388.5,392.8399963378906,394.53997802734375,286.6399841308594,55.90450668334961,-0.10784912109375,109882
1739.0,391.69219970703125,388.6399841308594,393.03997802734375,394.79998779296875,286.2599792480469,56.05515670776367,-0.09222412109375,109882
1740.0,391.6061706542969,388.739990234375,392.9599914550781,394.739990234375,286.6600036621094,55.892181396484375,-0.066192626953125,109882
1741.0,391.80633544921875,388.7200012207031,392.9599914550781,394.7200012207031,286.55999755859375,56.0132942199707,-0.246337890625,109882
1742.0,391.9092102050781,388.6999816894531,392.8799743652344,394.55999755859375,287.05999755859375,55.84682083129883,-0.369232177734375,109882
1743.0,391.8236999511719,388.6600036621094,392.8399963378906,394.5799865722656,286.6199951171875,56.118343353271484,-0.263702392578125,109882
1744.0,391.736083984375,388.55999755859375,392.79998779296875,394.53997802734375,286.6999816894531,56.095645904541016,-0.19610595703125,109882
1745.0,391.85845947265625,388.6399841308594,392.8799743652344,394.7200012207031,286.8199768066406,55.86968231201172,-0.2984619140625,109882
1746.0,391.7383728027344,388.739990234375,392.94000244140625,394.7599792480469,287.2599792480469,55.69439697265625,-0.15838623046875,109882
1747.0,391.46636962890625,388.67999267578125,392.8799743652344,394.6600036621094,287.3599853515625,55.66158676147461,0.053619384765625,109882
1748.0,391.72271728515625,388.67999267578125,392.8399963378906,394.5999755859375,287.6999816894531,55.690521240234375,-0.1627197265625,109882
1749.0,391.9026184082031,388.67999267578125,392.8199768066406,394.5799865722656,287.55999755859375,55.99955368041992,-0.342620849609375,109882
1750.0,391.7793884277344,388.6199951171875,392.7799987792969,394.4599914550781,287.17999267578125,56.191612243652344,-0.299407958984375,109882
1751.0,391.953857421875,388.67999267578125,392.9599914550781,394.67999267578125,286.55999755859375,56.438255310058594,-0.3538818359375,109882
1752.0,391.83917236328125,388.6399841308594,392.8799743652344,394.5799865722656,286.8999938964844,56.209510803222656,-0.21917724609375,109882
1753.0,391.65869140625,388.55999755859375,392.7599792480469,394.44000244140625,287.1000061035156,55.94380187988281,-0.138702392578125,109882
1754.0,391.4729309082031,388.6199951171875,392.8599853515625,394.5199890136719,287.6000061035156,55.77847671508789,0.027069091796875,109882
1755.0,391.438720703125,388.6399841308594,392.8199768066406,394.47998046875,287.7200012207031,55.78649139404297,0.00128173828125,109882
1756.0,391.580322265625,388.7200012207031,392.97998046875,394.67999267578125,287.44000244140625,55.7528076171875,-0.000335693359375,109882
1757.0,391.85797119140625,388.79998779296875,393.0999755859375,394.7799987792969,287.1199951171875,55.79024124145508,-0.157989501953125,109882
1758.0,391.8276672363281,388.6199951171875,392.9599914550781,394.67999267578125,287.1399841308594,55.72831344604492,-0.2476806640625,109882
1759.0,391.9468688964844,388.6600036621094,392.9599914550781,394.6999816894531,287.1600036621094,55.819671630859375,-0.306884765625,109882
1760.0,392.0583190917969,388.6600036621094,392.97998046875,394.6399841308594,286.8599853515625,55.929229736328125,-0.378326416015625,109882
1761.0,392.1920471191406,388.79998779296875,393.0789794921875,394.739990234375,286.6000061035156,56.105628967285156,-0.41204833984375,109882
1762.0,391.9896240234375,388.8199768066406,393.03997802734375,394.6999816894531,287.18499755859375,55.94487762451172,-0.2496337890625,109882
1763.0,392.0994567871094,388.8999938964844,393.0999755859375,394.7599792480469,287.3399963378906,55.961055755615234,-0.27947998046875,109882
1764.0,392.2487487792969,388.9599914550781,393.2200012207031,394.8999938964844,286.7200012207031,56.17926025390625,-0.388763427734375,109882
1765.0,392.1357421875,388.8599853515625,393.05999755859375,394.7200012207031,286.67999267578125,56.0991096496582,-0.375762939453125,109882
1766.0,392.1708068847656,388.67999267578125,392.91998291015625,394.6600036621094,286.03997802734375,56.347503662109375,-0.570831298828125,109882
1767.0,392.107666015625,388.7599792480469,393.03997802734375,394.79998779296875,286.55999755859375,56.230873107910156,-0.36767578125,109882
1768.0,391.97833251953125,388.79998779296875,393.1399841308594,394.8599853515625,286.8199768066406,55.9749755859375,-0.258331298828125,109882
1769.0,392.0921936035156,388.8199768066406,393.0799865722656,394.7799987792969,286.9599914550781,56.00944900512695,-0.352203369140625,109882
1770.0,392.1066589355469,388.8199768066406,393.0799865722656,394.7837829589844,286.8800048828125,56.17446517944336,-0.366668701171875,109882
1771.0,392.16094970703125,388.79998779296875,393.0199890136719,394.7799987792969,287.1600036621094,56.059627532958984,-0.48095703125,109882
1772.0,391.99847412109375,388.8999938964844,393.17999267578125,394.8199768066406,287.55999755859375,55.65134048461914,-0.198486328125,109882
1773.0,391.752197265625,388.79998779296875,393.05999755859375,394.7799987792969,287.1199951171875,55.76226806640625,-0.092193603515625,109882
1774.0,391.95513916015625,388.8599853515625,393.1399841308594,394.8799743652344,287.3399963378906,55.813819885253906,-0.255157470703125,109882
1775.0,392.1085510253906,388.8199768066406,393.0999755859375,394.8199768066406,287.44000244140625,55.677940368652344,-0.368560791015625,109882
1776.0,392.15240478515625,388.79998779296875,393.03997802734375,394.7799987792969,287.2799987792969,55.72023391723633,-0.492401123046875,109882
1777.0,392.2613220214844,388.79998779296875,392.97998046875,394.739990234375,286.8999938964844,55.7562141418457,-0.621337890625,109882
1778.0,392.30377197265625,388.8399963378906,393.05999755859375,394.79998779296875,286.3999938964844,56.221004486083984,-0.583770751953125,109882
1779.0,392.0083923339844,388.8599853515625,393.0999755859375,394.9599914550781,286.7200012207031,56.28232192993164,-0.28839111328125,109882
1780.0,392.01318359375,388.8399963378906,393.1399841308594,394.94000244140625,286.739990234375,56.233089447021484,-0.313201904296875,109882
1781.0,391.9133605957031,388.8599853515625,393.0799865722656,394.8199768066406,286.5799865722656,56.48683166503906,-0.21337890625,109882
1782.0,391.9107971191406,388.6999816894531,392.8999938964844,394.6199951171875,286.3399963378906,56.53218460083008,-0.330810546875,109882
1783.0,392.0569763183594,388.8199768066406,393.1399841308594,394.94000244140625,286.6199951171875,56.612510681152344,-0.2969970703125,109882
1784.0,391.9312744140625,388.8799743652344,393.2200012207031,395.0199890136719,286.3800048828125,56.69015884399414,-0.091278076171875,109882
1785.0,391.9698791503906,388.8999938964844,393.0999755859375,394.8199768066406,286.6600036621094,56.500465393066406,-0.18988037109375,109882
1786.0,392.2276611328125,388.8999938964844,393.03997802734375,394.7200012207031,286.9599914550781,56.10995864868164,-0.507659912109375,109882
1787.0,392.1214599609375,388.94000244140625,393.03997802734375,394.67999267578125,286.8999938964844,56.16435241699219,-0.401458740234375,109882
1788.0,392.0311584472656,388.91998291015625,393.03997802734375,394.6600036621094,287.0,56.13798141479492,-0.27117919921875,109882
1789.0,392.1402282714844,388.8999938964844,393.17999267578125,394.79998779296875,286.97998046875,56.279197692871094,-0.280242919921875,109882
1790.0,392.20831298828125,388.8599853515625,393.2200012207031,394.8799743652344,286.4649963378906,56.33688735961914,-0.368316650390625,109882
1791.0,392.1102294921875,388.8399963378906,393.05999755859375,394.67999267578125,286.7449951171875,56.08351516723633,-0.350250244140625,109882
1792.0,392.193603515625,388.8799743652344,393.1399841308594,394.7599792480469,287.05999755859375,55.83705520629883,-0.433624267578125,109882
1793.0,392.2634582519531,388.9599914550781,393.1399841308594,394.79998779296875,287.1650085449219,55.88867950439453,-0.4434814453125,109882
1794.0,392.05859375,389.0199890136719,393.1600036621094,394.7799987792969,287.239990234375,55.85206985473633,-0.178619384765625,109882
1795.0,392.1900634765625,389.1399841308594,393.29998779296875,394.9599914550781,287.29998779296875,55.99935531616211,-0.15008544921875,109882
1796.0,392.10516357421875,389.0999755859375,393.1999816894531,394.8199768066406,287.3999938964844,55.88966751098633,-0.145172119140625,109882
1797.0,391.9245910644531,388.8999938964844,393.05999755859375,394.7799987792969,287.7250061035156,55.61931228637695,-0.124603271484375,109882
1798.0,391.90313720703125,388.7599792480469,393.0,394.79998779296875,286.8199768066406,56.16804504394531,-0.203155517578125,109882
1799.0,391.6580505371094,388.8599853515625,393.03997802734375,394.7599792480469,286.67999267578125,56.45637893676758,0.06195068359375,109882
1800.0,391.802490234375,388.8799743652344,393.1999816894531,394.8999938964844,286.44500732421875,56.813148498535156,-0.00250244140625,109882
1801.0,391.8301696777344,388.8599853515625,393.1199951171875,394.8399963378906,286.8999938964844,56.43756866455078,-0.090179443359375,109882
1802.0,391.8157043457031,388.97998046875,393.1999816894531,394.8799743652344,286.55999755859375,56.523006439208984,0.044281005859375,109882
1803.0,391.7742004394531,389.05999755859375,393.2599792480469,394.8799743652344,286.7200012207031,56.42164993286133,0.145782470703125,109882
1804.0,391.7481994628906,389.0199890136719,393.239990234375,394.8799743652344,287.0799865722656,56.22639846801758,0.13177490234375,109882
1805.0,392.0222473144531,388.97998046875,393.2599792480469,394.8799743652344,286.97998046875,56.13614273071289,-0.14227294921875,109882
1806.0,392.3531188964844,389.0999755859375,393.3399963378906,395.0,286.8800048828125,56.39029312133789,-0.3331298828125,109882
1807.0,392.22833251953125,389.0999755859375,393.3199768066406,394.94000244140625,287.17999267578125,56.008522033691406,-0.1883544921875,109882
1808.0,392.3689270019531,389.17999267578125,393.3999938964844,395.0199890136719,286.91998291015625,56.32194519042969,-0.268951416015625,109882
1809.0,392.15826416015625,389.3199768066406,393.41998291015625,395.1037902832031,286.94000244140625,56.43842697143555,-0.03826904296875,109882
1810.0,391.8855895996094,389.1399841308594,393.3189697265625,394.97998046875,286.6000061035156,56.5768928527832,0.114410400390625,109882
1811.0,391.82330322265625,389.1399841308594,393.2599792480469,394.8599853515625,286.2850036621094,56.89054870605469,0.15667724609375,109882
1812.0,391.9590148925781,389.17999267578125,393.3799743652344,394.9599914550781,286.6600036621094,56.60276794433594,0.100982666015625,109882
1813.0,392.0166320800781,389.0999755859375,393.41998291015625,395.0799865722656,286.44500732421875,56.596229553222656,-0.016632080078125,109882
1814.0,391.97174072265625,389.0799865722656,393.2799987792969,395.0199890136719,286.2200012207031,56.81352233886719,-0.03173828125,109882
1815.0,391.6568908691406,388.94000244140625,393.03997802734375,394.79998779296875,286.47998046875,56.679264068603516,0.0430908203125,109882
1816.0,391.5594787597656,388.91998291015625,392.97998046875,394.6999816894531,286.1999816894531,56.71303176879883,0.08050537109375,109882
1817.0,391.98297119140625,389.03997802734375,393.1399841308594,394.8199768066406,286.2200012207031,56.897090911865234,-0.202972412109375,109882
1818.0,392.1555480957031,388.9599914550781,393.2200012207031,394.94000244140625,286.8199768066406,56.50563430786133,-0.3355712890625,109882
1819.0,392.29638671875,389.0999755859375,393.3399963378906,395.05999755859375,287.6199951171875,56.0571174621582,-0.35638427734375,109882
1820.0,392.3886413574219,389.17999267578125,393.3799743652344,395.0799865722656,287.6600036621094,56.17409896850586,-0.328643798828125,109882
1821.0,392.4916076660156,389.0999755859375,393.3199768066406,394.94000244140625,287.3999938964844,56.15599822998047,-0.451629638671875,109882
1822.0,392.61322021484375,389.1999816894531,393.3599853515625,394.8799743652344,287.3800048828125,56.131046295166016,-0.51324462890625,109882
1823.0,392.5913391113281,389.3199768066406,393.44000244140625,394.97998046875,287.239990234375,56.28170394897461,-0.411346435546875,109882
1824.0,392.52191162109375,389.55999755859375,393.6999816894531,395.2599792480469,286.9849853515625,56.56679153442383,-0.0819091796875,109882
1825.0,392.6392822265625,389.3599853515625,393.5799865722656,395.1600036621094,287.125,56.63209915161133,-0.319305419921875,109882
1826.0,392.58038330078125,389.3199768066406,393.51898193359375,395.0799865722656,287.1600036621094,56.58297348022461,-0.320404052734375,109882
1827.0,392.45465087890625,389.29998779296875,393.4599914550781,395.05999755859375,287.0199890136719,56.510887145996094,-0.234649658203125,109882
1828.0,392.671630859375,389.3799743652344,393.5199890136719,395.1600036621094,287.1399841308594,56.652488708496094,-0.3736572265625,109882
1829.0,392.57537841796875,389.2599792480469,393.4599914550781,395.0799865722656,287.1600036621094,56.540348052978516,-0.33538818359375,109882
1830.0,392.41802978515625,389.2200012207031,393.44000244140625,395.03997802734375,287.2200012207031,56.38120651245117,-0.278045654296875,109882
1831.0,392.3033447265625,389.2799987792969,393.47998046875,395.03997802734375,287.44000244140625,56.08217239379883,-0.183349609375,109882
1832.0,392.30615234375,389.3799743652344,393.47998046875,395.0199890136719,287.3399963378906,56.07364273071289,-0.12615966796875,109882
1833.0,392.1699523925781,389.29998779296875,393.4599914550781,395.05999755859375,287.1050109863281,56.14076232910156,-0.00994873046875,109882
1834.0,392.2193298339844,389.3199768066406,393.53997802734375,395.1199951171875,287.17999267578125,56.118377685546875,0.020660400390625,109882
1835.0,392.0247802734375,389.2599792480469,393.5,395.0999755859375,287.44000244140625,56.19329833984375,0.135223388671875,109882
1836.0,391.9906921386719,389.3399963378906,393.5799865722656,395.17999267578125,287.7200012207031,56.03337097167969,0.189300537109375,109882
1837.0,392.1496887207031,389.2599792480469,393.44000244140625,395.05999755859375,287.8800048828125,55.68293762207031,-0.0697021484375,109882
1838.0,392.141845703125,389.29998779296875,393.44000244140625,395.0799865722656,287.8399963378906,55.86659240722656,-0.0218505859375,109882
1839.0,392.1120300292969,389.29998779296875,393.4599914550781,395.1199951171875,287.6000061035156,55.97077178955078,0.0279541015625,109882
1840.0,391.8462829589844,389.239990234375,393.3799743652344,395.0199890136719,287.6199951171875,55.978233337402344,0.193695068359375,109882
1841.0,392.0433349609375,389.3599853515625,393.41998291015625,395.03997802734375,287.47998046875,56.09902572631836,0.07666015625,109882
1842.0,392.0828552246094,389.47998046875,393.5799865722656,395.2200012207031,287.2799987792969,56.40949249267578,0.23712158203125,109882
1843.0,392.43994140625,389.55999755859375,393.79998779296875,395.44000244140625,287.1199951171875,56.51085662841797,0.06005859375,109882
1844.0,392.59710693359375,389.47998046875,393.67999267578125,395.3199768066406,286.8800048828125,56.60378646850586,-0.23712158203125,109882
1845.0,392.5498962402344,389.3399963378906,393.44000244140625,395.0799865722656,286.6449890136719,56.819400787353516,-0.409912109375,109882
1846.0,392.55364990234375,389.3399963378906,393.4599914550781,395.1399841308594,286.8199768066406,56.69243240356445,-0.393646240234375,109882
1847.0,392.3631286621094,389.3199768066406,393.44000244140625,395.1399841308594,287.0,56.4730339050293,-0.203125,109882
1848.0,392.5138244628906,389.3999938964844,393.5,395.2200012207031,286.8999938964844,56.57748794555664,-0.2938232421875,109882
1849.0,392.5410461425781,389.41998291015625,393.53997802734375,395.2200012207031,287.0799865722656,56.39691925048828,-0.241058349609375,109882
1850.0,392.5137939453125,389.3999938964844,393.6199951171875,395.3799743652344,286.8599853515625,56.702423095703125,-0.253814697265625,109882
1851.0,392.4365539550781,389.3799743652344,393.6199951171875,395.3599853515625,287.0,56.66773986816406,-0.216552734375,109882
1852.0,392.45196533203125,389.3399963378906,393.5799865722656,395.3199768066406,286.94000244140625,56.522544860839844,-0.231964111328125,109882
1853.0,392.53759765625,389.44000244140625,393.6600036621094,395.2799987792969,287.0199890136719,56.52395248413086,-0.23760986328125,109882
1854.0,392.6116638183594,389.5199890136719,393.67999267578125,395.3399963378906,287.0799865722656,56.73371505737305,-0.211669921875,109882
1855.0,392.4994812011719,389.3799743652344,393.47998046875,395.2599792480469,287.03997802734375,56.75959014892578,-0.29949951171875,109882
1856.0,392.5018310546875,389.29998779296875,393.3799743652344,395.0799865722656,287.18499755859375,56.416107177734375,-0.3818359375,109882
1857.0,392.5426940917969,389.2799987792969,393.3999938964844,395.1399841308594,287.1199951171875,56.452266693115234,-0.46270751953125,109882
1858.0,392.60675048828125,389.3999938964844,393.5199890136719,395.29998779296875,286.8599853515625,56.77580261230469,-0.4267578125,109882
1859.0,392.56201171875,389.3799743652344,393.5799865722656,395.3799743652344,286.8599853515625,56.56284713745117,-0.362030029296875,109882
1860.0,392.9049377441406,389.5199890136719,393.739990234375,395.47998046875,287.1399841308594,56.46467971801758,-0.50494384765625,109882
1861.0,392.9637145996094,389.5799865722656,393.739990234375,395.3599853515625,287.6199951171875,56.343021392822266,-0.483734130859375,109882
1862.0,392.8750915527344,389.5799865722656,393.7599792480469,395.3599853515625,287.2799987792969,56.44253158569336,-0.375091552734375,109882
1863.0,392.81854248046875,389.5999755859375,393.79998779296875,395.3599853515625,286.6000061035156,56.82937240600586,-0.358551025390625,109882
1864.0,392.5636291503906,389.3999938964844,393.5989685058594,395.3199768066406,286.6199951171875,56.7963981628418,-0.28363037109375,109882
1865.0,392.7547302246094,389.44000244140625,393.6999816894531,395.4599914550781,286.6199951171875,56.705238342285156,-0.43475341796875,109882
1866.0,393.16748046875,389.6199951171875,393.8999938964844,395.6999816894531,286.8800048828125,56.69308853149414,-0.60748291015625,109882
1867.0,393.0843811035156,389.6600036621094,393.9599914550781,395.6600036621094,287.17999267578125,56.55239486694336,-0.50439453125,109882
1868.0,393.1089172363281,389.6399841308594,393.8599853515625,395.5037841796875,286.5799865722656,56.8007698059082,-0.568939208984375,109882
1869.0,392.9746398925781,389.6999816894531,393.8199768066406,395.4599914550781,286.7599792480469,56.7291145324707,-0.414642333984375,109882
1870.0,392.8138122558594,389.5799865722656,393.739990234375,395.3999938964844,286.8399963378906,56.577884674072266,-0.333831787109375,109882
1871.0,392.7581787109375,389.55999755859375,393.7200012207031,395.41998291015625,286.7799987792969,56.656166076660156,-0.31817626953125,109882
1872.0,392.62847900390625,389.55999755859375,393.7200012207031,395.44000244140625,286.47998046875,56.750038146972656,-0.20849609375,109882
1873.0,392.7760925292969,389.5799865722656,393.7599792480469,395.4599914550781,286.41998291015625,56.92770004272461,-0.336090087890625,109882
1874.0,393.0841979980469,389.6399841308594,393.8599853515625,395.53997802734375,286.44000244140625,57.045570373535156,-0.544219970703125,109882
1875.0,393.0426025390625,389.6999816894531,393.79998779296875,395.4599914550781,287.0799865722656,57.049652099609375,-0.522613525390625,109882
1876.0,392.9820556640625,389.7200012207031,393.6999816894531,395.30377197265625,286.6199951171875,57.08007049560547,-0.4820556640625,109882
1877.0,392.82354736328125,389.6600036621094,393.6199951171875,395.239990234375,286.3399963378906,57.1685905456543,-0.363555908203125,109882
1878.0,393.0510559082031,389.739990234375,393.7200012207031,395.32379150390625,286.3199768066406,57.059326171875,-0.551055908203125,109882
1879.0,393.03570556640625,389.739990234375,393.8599853515625,395.5,286.6600036621094,56.87866973876953,-0.455718994140625,109882
1880.0,393.18682861328125,389.7599792480469,393.94000244140625,395.6399841308594,286.6399841308594,56.82602310180664,-0.56683349609375,109882
1881.0,393.0997619628906,389.79998779296875,393.9599914550781,395.5199890136719,286.94000244140625,56.68830490112305,-0.43975830078125,109882
1882.0,392.9178466796875,389.7799987792969,394.05999755859375,395.739990234375,287.5199890136719,56.30474090576172,-0.217864990234375,109882
1883.0,392.9588317871094,389.7799987792969,394.1199951171875,395.8399963378906,287.4599914550781,56.271358489990234,-0.218841552734375,109882
1884.0,392.7690734863281,389.7200012207031,393.8199768066406,395.4599914550781,287.239990234375,56.262550354003906,-0.24908447265625,109882
1885.0,392.7132568359375,389.7200012207031,393.79998779296875,395.3399963378906,287.1600036621094,56.40653610229492,-0.15325927734375,109882
1886.0,392.8816223144531,389.79998779296875,393.8999938964844,395.44000244140625,287.5199890136719,56.44041061401367,-0.22161865234375,109882
1887.0,393.16046142578125,389.94000244140625,394.0799865722656,395.6999816894531,287.41998291015625,56.60605239868164,-0.340484619140625,109882
1888.0,392.9546203613281,389.8799743652344,394.1199951171875,395.739990234375,287.3599853515625,56.60779571533203,-0.1146240234375,109882
1889.0,392.8318176269531,389.8799743652344,394.0799865722656,395.6999816894531,287.5,56.500526428222656,-0.07183837890625,109882
1890.0,392.9154968261719,389.8799743652344,394.05999755859375,395.6199951171875,287.6999816894531,56.36285400390625,-0.175506591796875,109882
1891.0,392.69061279296875,389.79998779296875,393.91998291015625,395.53997802734375,287.6000061035156,56.3802604675293,-0.050628662109375,109882
1892.0,392.8091735839844,389.7599792480469,393.8599853515625,395.4599914550781,287.6399841308594,56.47377395629883,-0.209197998046875,109882
1893.0,392.96600341796875,389.7599792480469,393.94000244140625,395.6399841308594,287.1999816894531,56.761104583740234,-0.326019287109375,109882
1894.0,393.0440979003906,389.8199768066406,394.0199890136719,395.6399841308594,287.5199890136719,56.76422882080078,-0.3240966796875,109882
1895.0,392.8424377441406,389.7599792480469,393.9599914550781,395.6399841308594,287.385009765625,56.75608825683594,-0.20245361328125,109882
1896.0,392.6591796875,389.6600036621094,393.8999938964844,395.5799865722656,287.0249938964844,56.93920135498047,-0.11920166015625,109882
1897.0,392.6285705566406,389.6999816894531,393.8599853515625,395.55999755859375,287.6199951171875,56.53057098388672,-0.128570556640625,109882
1898.0,392.6431884765625,389.67999267578125,393.8399963378906,395.55999755859375,287.4599914550781,56.46989822387695,-0.1632080078125,109882
1899.0,392.7738342285156,389.8199768066406,394.0199890136719,395.739990234375,287.79998779296875,56.44915008544922,-0.13385009765625,109882
1900.0,392.9092102050781,389.7799987792969,394.0,395.7200012207031,287.55999755859375,56.643707275390625,-0.289215087890625,109882
1901.0,392.9927062988281,389.79998779296875,393.97998046875,395.6999816894531,287.7200012207031,56.670162200927734,-0.35272216796875,109882
1902.0,393.14703369140625,389.91998291015625,394.05999755859375,395.6600036621094,287.44000244140625,56.83363723754883,-0.40704345703125,109882
1903.0,393.1342468261719,389.94000244140625,394.05999755859375,395.5999755859375,286.8199768066406,57.32192611694336,-0.374267578125,109882
1904.0,392.8160095214844,389.91998291015625,394.0999755859375,395.6399841308594,286.7200012207031,57.180076599121094,-0.0560302734375,109882
1905.0,392.77978515625,389.8199768066406,394.0999755859375,395.739990234375,286.5050048828125,57.17192077636719,-0.019805908203125,109882
1906.0,392.88519287109375,389.7799987792969,393.97998046875,395.6399841308594,286.6000061035156,57.12266540527344,-0.2052001953125,109882
1907.0,392.811279296875,389.8199768066406,394.0199890136719,395.7200012207031,286.4849853515625,57.293861389160156,-0.111297607421875,109882
1908.0,392.8823547363281,389.8999938964844,394.05999755859375,395.67999267578125,286.6000061035156,57.11290740966797,-0.12237548828125,109882
1909.0,392.9301452636719,389.94000244140625,394.03997802734375,395.6600036621094,286.8599853515625,57.09260559082031,-0.170166015625,109882
1910.0,393.2561340332031,390.0,394.1399841308594,395.7599792480469,287.0799865722656,56.90281677246094,-0.4161376953125,109882
1911.0,393.2223205566406,390.0199890136719,394.17999267578125,395.8199768066406,287.1199951171875,56.90226745605469,-0.34234619140625,109882
1912.0,393.2822265625,390.05999755859375,394.2799987792969,395.9599914550781,286.94000244140625,57.184898376464844,-0.322235107421875,109882
1913.0,393.5096130371094,390.0,394.2599792480469,396.0,286.5199890136719,57.154788970947266,-0.54962158203125,109882
1914.0,393.5821228027344,389.9599914550781,394.2200012207031,395.91998291015625,286.47998046875,57.22269058227539,-0.7021484375,109882
1915.0,393.39239501953125,390.0999755859375,394.3199768066406,395.97998046875,286.67999267578125,57.383018493652344,-0.512420654296875,109882
1916.0,393.303466796875,390.0199890136719,394.17999267578125,395.8599853515625,286.6199951171875,57.322872161865234,-0.423492431640625,109882
1917.0,393.1649169921875,389.8999938964844,394.03997802734375,395.7200012207031,286.67999267578125,57.256805419921875,-0.404937744140625,109882
1918.0,393.1620788574219,389.91998291015625,393.94000244140625,395.5799865722656,286.8599853515625,57.10199737548828,-0.44207763671875,109882
1919.0,393.0382385253906,389.8599853515625,393.8399963378906,395.44000244140625,286.8999938964844,57.01852798461914,-0.358245849609375,109882
1920.0,393.1703186035156,389.8999938964844,393.91998291015625,395.5,286.7799987792969,57.239017486572266,-0.490325927734375,109882
1921.0,393.1253662109375,390.03997802734375,394.0999755859375,395.6999816894531,286.67999267578125,57.22847366333008,-0.327392578125,109882
1922.0,393.1718444824219,390.03997802734375,394.2599792480469,395.9599914550781,286.94000244140625,57.15612030029297,-0.311859130859375,109882
1923.0,393.03533935546875,390.0,394.2200012207031,396.03997802734375,286.79998779296875,57.087379455566406,-0.155364990234375,109882
1924.0,393.191650390625,390.0799865722656,394.29998779296875,395.97998046875,287.1199951171875,56.84845733642578,-0.171661376953125,109882
1925.0,393.3516845703125,390.0999755859375,394.2200012207031,395.8399963378906,287.05999755859375,56.607421875,-0.3516845703125,109882
1926.0,393.33575439453125,390.2200012207031,394.29998779296875,395.8999938964844,287.44000244140625,56.39898681640625,-0.2757568359375,109882
1927.0,393.32659912109375,390.1600036621094,394.3799743652344,396.03997802734375,287.364990234375,56.53402328491211,-0.246612548828125,109882
1928.0,393.174072265625,390.0999755859375,394.2200012207031,395.8399963378906,286.79998779296875,56.95564651489258,-0.194091796875,109882
1929.0,393.1717224121094,390.1199951171875,394.1600036621094,395.7200012207031,287.1600036621094,56.94198989868164,-0.271728515625,109882
1930.0,393.2061767578125,390.1199951171875,394.17999267578125,395.8399963378906,287.2599792480469,56.855472564697266,-0.26617431640625,109882
1931.0,393.2046813964844,390.1399841308594,394.29998779296875,395.91998291015625,287.1199951171875,56.92930603027344,-0.1846923828125,109882
1932.0,393.2857360839844,390.1199951171875,394.3199768066406,395.94000244140625,286.97998046875,56.9008903503418,-0.225738525390625,109882
1933.0,393.3021240234375,390.0999755859375,394.29998779296875,395.8999938964844,287.3399963378906,56.539955139160156,-0.26214599609375,109882
1934.0,393.24005126953125,390.0,394.1399841308594,395.739990234375,287.6000061035156,56.23765182495117,-0.360076904296875,109882
1935.0,393.317626953125,390.05999755859375,394.1999816894531,395.79998779296875,287.3599853515625,56.87324905395508,-0.417633056640625,109882
1936.0,393.1533508300781,390.0799865722656,394.1999816894531,395.7599792480469,287.6600036621094,56.64379119873047,-0.233367919921875,109882
1937.0,393.10638427734375,390.03997802734375,394.2200012207031,395.7599792480469,287.0249938964844,56.766746520996094,-0.1663818359375,109882
1938.0,393.1571960449219,390.1600036621094,394.2599792480469,395.8199768066406,287.3999938964844,56.67037582397461,-0.117218017578125,109882
1939.0,393.18756103515625,390.1600036621094,394.239990234375,395.8799743652344,287.44000244140625,56.76383972167969,-0.1475830078125,109882
1940.0,393.2341003417969,390.0799865722656,394.3199768066406,396.1199951171875,287.3999938964844,56.69903564453125,-0.194122314453125,109882
1941.0,393.1782531738281,389.9599914550781,394.2599792480469,396.0,287.3800048828125,56.58723831176758,-0.21826171875,109882
1942.0,393.2520751953125,390.03997802734375,394.3199768066406,396.05999755859375,287.3399963378906,56.84086227416992,-0.2720947265625,109882
1943.0,393.3069152832031,390.0799865722656,394.3199768066406,396.03997802734375,287.5799865722656,56.68812942504883,-0.306915283203125,109882
1944.0,393.2893981933594,390.2799987792969,394.3999938964844,396.05999755859375,288.2799987792969,56.18490982055664,-0.169403076171875,109882
1945.0,393.1923522949219,390.3199768066406,394.47998046875,396.1600036621094,287.8800048828125,56.51631164550781,-0.0523681640625,109882
1946.0,392.9826354980469,390.2200012207031,394.3599853515625,396.03997802734375,287.6999816894531,56.51601791381836,0.037353515625,109882
1947.0,392.9539794921875,390.1600036621094,394.3599853515625,396.0199890136719,287.6600036621094,56.77419662475586,0.10601806640625,109882
1948.0,393.13922119140625,390.29998779296875,394.3999938964844,396.03997802734375,288.0199890136719,56.6600227355957,-0.01922607421875,109882
1949.0,393.3625793457031,390.239990234375,394.44000244140625,396.0799865722656,286.739990234375,57.15797424316406,-0.242584228515625,109882
1950.0,393.3287658691406,390.1600036621094,394.44000244140625,396.1399841308594,286.8599853515625,57.1099853515625,-0.328765869140625,109882
1951.0,393.68212890625,390.3199768066406,394.5799865722656,396.1600036621094,287.0199890136719,56.936588287353516,-0.462127685546875,109882
1952.0,393.65240478515625,390.3199768066406,394.47998046875,396.0199890136719,287.7200012207031,56.655941009521484,-0.512420654296875,109882
1953.0,393.6416931152344,390.3199768066406,394.44000244140625,396.05999755859375,287.4849853515625,56.75031280517578,-0.521697998046875,109882
1954.0,393.72369384765625,390.29998779296875,394.44000244140625,396.1037902832031,286.80499267578125,57.1318244934082,-0.563690185546875,109882
1955.0,393.75775146484375,390.3199768066406,394.53997802734375,396.1600036621094,287.3199768066406,56.93301773071289,-0.537750244140625,109882
1956.0,393.686279296875,390.3399963378906,394.4599914550781,396.1199951171875,287.1999816894531,56.8677864074707,-0.4462890625,109882
1957.0,393.7270202636719,390.3199768066406,394.47998046875,396.1600036621094,286.94000244140625,56.96504592895508,-0.52703857421875,109882
1958.0,393.74072265625,390.3199768066406,394.3799743652344,396.05999755859375,286.7599792480469,56.93571090698242,-0.6407470703125,109882
1959.0,393.7355041503906,390.1999816894531,394.3399963378906,396.0799865722656,286.8450012207031,56.85395431518555,-0.675506591796875,109882
1960.0,393.8276672363281,390.3199768066406,394.5199890136719,396.239990234375,287.1600036621094,56.659698486328125,-0.66766357421875,109882
1961.0,393.89324951171875,390.3799743652344,394.5,396.1637878417969,287.41998291015625,56.72073745727539,-0.7132568359375,109882
1962.0,393.766357421875,390.41998291015625,394.53997802734375,396.0999755859375,287.29998779296875,56.70038986206055,-0.566375732421875,109882
1963.0,393.7311096191406,390.5,394.6199951171875,396.1999816894531,287.1999816894531,56.98395538330078,-0.4111328125,109882
1964.0,393.6340637207031,390.47998046875,394.6999816894531,396.2599792480469,286.8999938964844,57.178043365478516,-0.2940673828125,109882
1965.0,393.57904052734375,390.53997802734375,394.6999816894531,396.29998779296875,287.3800048828125,56.980594635009766,-0.199066162109375,109882
1966.0,393.6833190917969,390.5199890136719,394.6399841308594,396.2200012207031,287.8399963378906,56.75754165649414,-0.34332275390625,109882
1967.0,393.5239562988281,390.47998046875,394.53997802734375,396.05999755859375,287.7250061035156,56.61343002319336,-0.24395751953125,109882
1968.0,393.4181213378906,390.44000244140625,394.5,396.0199890136719,287.9599914550781,56.55488204956055,-0.2181396484375,109882
1969.0,393.3800354003906,390.3799743652344,394.47998046875,396.05999755859375,287.9599914550781,56.55654525756836,-0.1800537109375,109882
1970.0,393.2933044433594,390.3599853515625,394.44000244140625,396.0799865722656,288.1600036621094,56.5978889465332,-0.13330078125,109882
1971.0,393.5862121582031,390.44000244140625,394.53997802734375,396.17999267578125,287.9049987792969,56.74716567993164,-0.38623046875,109882
1972.0,393.5645751953125,390.47998046875,394.5799865722656,396.1999816894531,287.5799865722656,57.033199310302734,-0.3245849609375,109882
1973.0,393.1929626464844,390.3599853515625,394.5,396.03997802734375,287.8599853515625,56.61211013793945,-0.032958984375,109882
1974.0,393.2337341308594,390.3799743652344,394.55999755859375,396.1399841308594,287.4599914550781,56.656898498535156,-0.03375244140625,109882
1975.0,393.5835266113281,390.5,394.6999816894531,396.239990234375,287.79998779296875,56.46732711791992,-0.2435302734375,109882
1976.0,393.8439636230469,390.53997802734375,394.8799743652344,396.41998291015625,287.80499267578125,56.597347259521484,-0.38397216796875,109882
1977.0,393.7655944824219,390.53997802734375,394.7799987792969,396.36376953125,287.79998779296875,56.69700622558594,-0.325592041015625,109882
1978.0,393.7378845214844,390.4599914550781,394.6399841308594,396.3199768066406,288.06500244140625,56.56623458862305,-0.39788818359375,109882
1979.0,393.8556823730469,390.47998046875,394.6399841308594,396.3799743652344,287.9599914550781,56.63161849975586,-0.51568603515625,109882
1980.0,393.865966796875,390.41998291015625,394.55999755859375,396.2599792480469,287.6000061035156,56.90108108520508,-0.585968017578125,109882
1981.0,393.75628662109375,390.5999755859375,394.739990234375,396.3799743652344,287.67999267578125,56.90565490722656,-0.3162841796875,109882
1982.0,393.7684020996094,390.6999816894531,394.79998779296875,396.3199768066406,287.5199890136719,56.968833923339844,-0.208404541015625,109882
1983.0,393.6857604980469,390.67999267578125,394.8199768066406,396.44378662109375,287.8399963378906,56.65126419067383,-0.145782470703125,109882
1984.0,393.5206604003906,390.5999755859375,394.8399963378906,396.47998046875,287.5199890136719,56.684898376464844,-0.020660400390625,109882
1985.0,393.36016845703125,390.5,394.6999816894531,396.3999938964844,287.53997802734375,56.787742614746094,0.039825439453125,109882
1986.0,393.3029479980469,390.44000244140625,394.6199951171875,396.3599853515625,287.03997802734375,57.11653137207031,0.057037353515625,109882
1987.0,393.0587463378906,390.41998291015625,394.47998046875,396.239990234375,287.79998779296875,56.64421081542969,0.20123291015625,109882
1988.0,393.1068115234375,390.41998291015625,394.3599853515625,396.03997802734375,287.8599853515625,56.47413635253906,0.093170166015625,109882
1989.0,393.18707275390625,390.5199890136719,394.44000244140625,396.0237731933594,287.8800048828125,56.55918884277344,0.072906494140625,109882
1990.0,393.1435852050781,390.53997802734375,394.6399841308594,396.1999816894531,287.7799987792969,56.36306381225586,0.23638916015625,109882
1991.0,393.0621032714844,390.6199951171875,394.79998779296875,396.47998046875,287.7649841308594,56.5392951965332,0.357879638671875,109882
1992.0,393.2847900390625,390.5799865722656,394.7799987792969,396.5,287.6399841308594,56.57830810546875,0.115203857421875,109882
1993.0,393.5096130371094,390.5799865722656,394.7599792480469,396.5,287.6000061035156,56.61996078491211,-0.089630126953125,109882
1994.0,393.49908447265625,390.53997802734375,394.6199951171875,396.3399963378906,287.7200012207031,56.44649887084961,-0.159088134765625,109882
1995.0,393.3686828613281,390.3999938964844,394.47998046875,396.1399841308594,287.5799865722656,56.45575714111328,-0.128692626953125,109882
1996.0,393.3806457519531,390.41998291015625,394.47998046875,396.1199951171875,287.3800048828125,56.896995544433594,-0.140655517578125,109882
1997.0,393.6607971191406,390.5199890136719,394.6199951171875,396.2799987792969,287.7200012207031,56.76787185668945,-0.3408203125,109882
1998.0,393.8241271972656,390.6199951171875,394.7599792480469,396.5199890136719,287.3999938964844,56.93490982055664,-0.344146728515625,109882
1999.0,394.0244445800781,390.53997802734375,394.7200012207031,396.47998046875,287.1600036621094,57.27559280395508,-0.584442138671875,109882
2000.0,394.0308837890625,390.5199890136719,394.67999267578125,396.5199890136719,287.17999267578125,56.91879653930664,-0.650909423828125,109882
2001.0,394.016357421875,390.47998046875,394.739990234375,396.5199890136719,287.3800048828125,56.6771354675293,-0.616363525390625,109882
2002.0,393.8720703125,390.5199890136719,394.6199951171875,396.2799987792969,287.2200012207031,56.66252517700195,-0.472076416015625,109882
2003.0,394.0015869140625,390.6399841308594,394.7599792480469,396.3599853515625,287.385009765625,56.70234298706055,-0.5216064453125,109882
2004.0,394.0934143066406,390.55999755859375,394.6399841308594,396.1999816894531,287.7799987792969,56.58197784423828,-0.733428955078125,109882
2005.0,393.88720703125,390.5799865722656,394.5999755859375,396.2200012207031,287.2200012207031,56.984283447265625,-0.547210693359375,109882
2006.0,393.93487548828125,390.6600036621094,394.6999816894531,396.2599792480469,287.0,57.212913513183594,-0.514892578125,109882
2007.0,393.9302673339844,390.7599792480469,394.7599792480469,396.29998779296875,286.7200012207031,57.447059631347656,-0.430267333984375,109882
2008.0,393.79248046875,390.55999755859375,394.5989685058594,396.239990234375,286.91998291015625,57.323123931884766,-0.4324951171875,109882
2009.0,393.845458984375,390.55999755859375,394.6600036621094,396.3399963378906,286.9849853515625,57.33873748779297,-0.465484619140625,109882
2010.0,394.0302429199219,390.6199951171875,394.8199768066406,396.6399841308594,287.2449951171875,57.080413818359375,-0.550262451171875,109882
2011.0,394.0924987792969,390.6999816894531,394.8999938964844,396.7200012207031,287.6650085449219,56.92689895629883,-0.532501220703125,109882
2012.0,394.19903564453125,390.8399963378906,395.1399841308594,397.0,287.6399841308594,56.972782135009766,-0.45904541015625,109882
2013.0,394.2426452636719,390.8199768066406,395.1999816894531,397.0799865722656,287.4599914550781,57.029232025146484,-0.482666015625,109882
2014.0,394.310791015625,390.8599853515625,395.1600036621094,396.8999938964844,287.67999267578125,56.98520278930664,-0.530792236328125,109882
2015.0,394.30810546875,390.94000244140625,395.1199951171875,396.739990234375,288.1199951171875,56.644893646240234,-0.488128662109375,109882
2016.0,394.2806701660156,390.94000244140625,395.1199951171875,396.7200012207031,288.0799865722656,56.671905517578125,-0.460693359375,109882
2017.0,394.2585144042969,390.94000244140625,395.1199951171875,396.6999816894531,288.05999755859375,56.69974899291992,-0.43853759765625,109882
2018.0,394.2314758300781,390.94000244140625,395.0999755859375,396.67999267578125,288.0199890136719,56.72831344604492,-0.4114990234375,109882
2019.0,394.2131652832031,390.94000244140625,395.0999755859375,396.6600036621094,287.9649963378906,56.75771713256836,-0.3931884765625,109882
2020.0,394.1899108886719,390.94000244140625,395.0999755859375,396.6600036621094,287.9599914550781,56.78786087036133,-0.34991455078125,109882
2021.0,394.16748046875,390.94000244140625,395.0799865722656,396.643798828125,287.9599914550781,56.81880569458008,-0.327484130859375,109882
2022.0,394.15252685546875,390.94000244140625,395.0799865722656,396.6600036621094,287.94500732421875,56.850502014160156,-0.312530517578125,109882
2023.0,394.1360168457031,390.94000244140625,395.0799865722656,396.6399841308594,287.9599914550781,56.88301467895508,-0.2960205078125,109882
2024.0,394.12408447265625,390.9599914550781,395.0799865722656,396.6399841308594,287.8999938964844,56.91624450683594,-0.26409912109375,109882
2025.0,394.10137939453125,390.97998046875,395.0999755859375,396.6600036621094,287.8999938964844,56.95030975341797,-0.24139404296875,109882
2026.0,394.082275390625,390.97998046875,395.0999755859375,396.67999267578125,287.8599853515625,56.98509216308594,-0.2222900390625,109882
2027.0,394.04302978515625,390.97998046875,395.1399841308594,396.8599853515625,288.239990234375,56.717628479003906,-0.18304443359375,109882
2028.0,394.20806884765625,391.0199890136719,395.2799987792969,396.8599853515625,288.2599792480469,56.67374801635742,-0.248077392578125,109882
2029.0,394.4010925292969,391.05999755859375,395.29998779296875,396.8837890625,288.2799987792969,56.81938934326172,-0.401092529296875,109882
2030.0,394.29693603515625,390.9599914550781,395.1399841308594,396.8199768066406,287.8999938964844,57.16881561279297,-0.43695068359375,109882
2031.0,394.2632141113281,391.0199890136719,395.1199951171875,396.8199768066406,288.17999267578125,56.88966751098633,-0.4432373046875,109882
2032.0,394.2752990722656,391.1600036621094,395.1999816894531,396.8199768066406,288.0,57.02227020263672,-0.335296630859375,109882
2033.0,394.4581604003906,391.1999816894531,395.2200012207031,396.79998779296875,287.7599792480469,57.11001968383789,-0.398162841796875,109882
2034.0,394.27703857421875,391.05999755859375,395.17999267578125,396.7599792480469,287.8999938964844,57.0516471862793,-0.29705810546875,109882
2035.0,394.29150390625,391.0199890136719,395.0799865722656,396.7599792480469,288.0799865722656,57.105079650878906,-0.4315185546875,109882
2036.0,394.25091552734375,391.0799865722656,395.1199951171875,396.79998779296875,288.2200012207031,56.86275100708008,-0.350921630859375,109882
2037.0,394.0489807128906,391.0199890136719,395.1199951171875,396.6999816894531,288.3399963378906,56.79779052734375,-0.16900634765625,109882
2038.0,394.0793151855469,391.0,395.0799865722656,396.6999816894531,288.1600036621094,56.769405364990234,-0.219329833984375,109882
2039.0,394.06427001953125,391.03997802734375,395.1600036621094,396.7799987792969,287.739990234375,57.046688079833984,-0.144287109375,109882
2040.0,394.01507568359375,391.0799865722656,395.2200012207031,396.8799743652344,288.05999755859375,56.73172378540039,-0.055084228515625,109882
2041.0,394.17047119140625,391.0999755859375,395.1999816894531,396.91998291015625,287.6650085449219,56.95587158203125,-0.23046875,109882
2042.0,394.15325927734375,391.1399841308594,395.29998779296875,396.8799743652344,287.125,57.36139678955078,-0.133270263671875,109882
2043.0,394.2197265625,391.0799865722656,395.1600036621094,396.79998779296875,287.364990234375,57.13917541503906,-0.29974365234375,109882
2044.0,394.2658386230469,391.0799865722656,395.1600036621094,396.7200012207031,287.6650085449219,56.922157287597656,-0.30584716796875,109882
2045.0,394.3840637207031,391.03997802734375,395.1199951171875,396.739990234375,287.5,57.11626434326172,-0.464080810546875,109882
2046.0,394.4275207519531,391.0799865722656,395.1399841308594,396.7599792480469,287.6199951171875,56.84944152832031,-0.507537841796875,109882
2047.0,394.2658386230469,391.05999755859375,395.1600036621094,396.7799987792969,287.7850036621094,56.76944351196289,-0.325836181640625,109882
2048.0,394.201171875,391.05999755859375,395.0799865722656,396.67999267578125,288.239990234375,56.57609939575195,-0.361175537109375,109882
2049.0,394.2801513671875,391.03997802734375,395.0799865722656,396.7599792480469,287.8450012207031,56.721160888671875,-0.440155029296875,109882
2050.0,394.5069885253906,391.1199951171875,395.1999816894531,396.8599853515625,287.5,56.897159576416016,-0.60699462890625,109882
2051.0,394.50665283203125,391.1199951171875,395.239990234375,396.8799743652344,287.8199768066406,56.614891052246094,-0.606658935546875,109882
2052.0,394.45941162109375,391.17999267578125,395.3199768066406,396.91998291015625,287.6000061035156,56.904930114746094,-0.47943115234375,109882
2053.0,394.60113525390625,391.17999267578125,395.3999938964844,397.05999755859375,287.8599853515625,56.85295486450195,-0.5611572265625,109882
2054.0,394.6333923339844,391.239990234375,395.5,397.1600036621094,288.0249938964844,56.76263427734375,-0.55340576171875,109882
2055.0,394.63653564453125,391.3199768066406,395.5,397.17999267578125,287.94000244140625,56.958534240722656,-0.51654052734375,109882
2056.0,394.5751953125,391.1399841308594,395.29998779296875,396.97998046875,288.3599853515625,56.90457534790039,-0.65521240234375,109882
2057.0,394.2923889160156,391.05999755859375,395.1600036621094,396.7200012207031,287.1000061035156,57.35866928100586,-0.39239501953125,109882
2058.0,394.39794921875,391.1399841308594,395.239990234375,396.7799987792969,287.3399963378906,57.218788146972656,-0.377960205078125,109882
2059.0,394.22308349609375,391.1399841308594,395.1999816894531,396.8199768066406,287.67999267578125,57.070709228515625,-0.263092041015625,109882
2060.0,394.27239990234375,391.03997802734375,395.1999816894531,396.8599853515625,287.41998291015625,57.166046142578125,-0.392425537109375,109882
2061.0,394.33447265625,391.17999267578125,395.3599853515625,396.94000244140625,287.44000244140625,57.209129333496094,-0.314483642578125,109882
2062.0,394.31597900390625,391.2599792480469,395.4599914550781,396.97998046875,287.739990234375,56.87908172607422,-0.2760009765625,109882
2063.0,394.5899658203125,391.2799987792969,395.5,397.0799865722656,287.8450012207031,56.93404769897461,-0.449981689453125,109882
2064.0,394.53997802734375,391.3399963378906,395.5,397.0,287.6999816894531,57.214813232421875,-0.339996337890625,109882
2065.0,394.68023681640625,391.2599792480469,395.55999755859375,397.1399841308594,287.739990234375,57.314369201660156,-0.480255126953125,109882
2066.0,394.66485595703125,391.2599792480469,395.55999755859375,397.2200012207031,287.5199890136719,57.25764846801758,-0.504852294921875,109882
2067.0,394.4268798828125,391.1399841308594,395.29998779296875,397.0199890136719,287.1000061035156,57.428016662597656,-0.4268798828125,109882
2068.0,394.3739318847656,391.1600036621094,395.3199768066406,397.0,287.06500244140625,57.37213134765625,-0.393951416015625,109882
2069.0,394.4903869628906,391.2799987792969,395.41998291015625,397.0799865722656,287.364990234375,57.308807373046875,-0.390411376953125,109882
2070.0,394.8291320800781,391.3399963378906,395.6199951171875,397.3799743652344,287.6199951171875,57.38633728027344,-0.589141845703125,109882
2071.0,394.822998046875,391.3199768066406,395.5,397.2200012207031,287.2799987792969,57.65727615356445,-0.602996826171875,109882
2072.0,394.6290283203125,391.29998779296875,395.4599914550781,397.1199951171875,287.1999816894531,57.49190139770508,-0.3890380859375,109882
2073.0,394.9886474609375,391.3599853515625,395.55999755859375,397.2599792480469,287.47998046875,57.39803695678711,-0.668670654296875,109882
2074.0,394.89617919921875,391.3399963378906,395.47998046875,397.1600036621094,287.1399841308594,57.60702896118164,-0.636199951171875,109882
2075.0,394.8493347167969,391.3599853515625,395.44000244140625,397.1600036621094,287.3999938964844,57.45402908325195,-0.58935546875,109882
2076.0,394.92742919921875,391.41998291015625,395.53997802734375,397.2799987792969,288.0799865722656,57.00634765625,-0.587432861328125,109882
2077.0,394.8791198730469,391.3399963378906,395.5,397.3199768066406,287.8399963378906,57.17923355102539,-0.619140625,109882
2078.0,395.05096435546875,391.3399963378906,395.55999755859375,397.44000244140625,287.94000244140625,57.142669677734375,-0.790985107421875,109882
2079.0,395.0738525390625,391.29998779296875,395.53997802734375,397.2599792480469,288.05999755859375,57.081241607666016,-0.813873291015625,109882
2080.0,394.9562683105469,391.29998779296875,395.47998046875,397.2200012207031,287.7599792480469,57.203914642333984,-0.73626708984375,109882
2081.0,394.8152770996094,391.2799987792969,395.47998046875,397.2799987792969,287.6999816894531,57.26100158691406,-0.59527587890625,109882
2082.0,395.0292053222656,391.5199890136719,395.739990234375,397.56378173828125,287.739990234375,57.29786682128906,-0.5692138671875,109882
2083.0,395.25390625,391.47998046875,395.79998779296875,397.6637878417969,287.6199951171875,57.488426208496094,-0.75390625,109882
2084.0,395.06634521484375,391.3799743652344,395.5999755859375,397.3799743652344,288.1999816894531,57.43323516845703,-0.746368408203125,109882
2085.0,394.6527404785156,391.29998779296875,395.4599914550781,397.05999755859375,288.1199951171875,57.235740661621094,-0.4327392578125,109882
2086.0,394.5049133300781,391.3199768066406,395.4599914550781,397.1199951171875,287.91998291015625,57.275482177734375,-0.304931640625,109882
2087.0,394.54296875,391.3799743652344,395.4599914550781,397.1399841308594,288.1399841308594,57.09196090698242,-0.342987060546875,109882
2088.0,394.57171630859375,391.41998291015625,395.5199890136719,397.2599792480469,288.1000061035156,57.23122024536133,-0.311737060546875,109882
2089.0,394.62554931640625,391.29998779296875,395.53997802734375,397.29998779296875,287.97998046875,57.07149124145508,-0.425567626953125,109882
2090.0,394.6949462890625,391.3999938964844,395.53997802734375,397.2799987792969,288.03997802734375,57.13212585449219,-0.434967041015625,109882
2091.0,394.8116149902344,391.44000244140625,395.5999755859375,397.2599792480469,287.79998779296875,57.30445098876953,-0.47161865234375,109882
2092.0,394.8220520019531,391.44000244140625,395.6199951171875,397.2200012207031,288.0799865722656,57.13328170776367,-0.44207763671875,109882
2093.0,394.71490478515625,391.3799743652344,395.55999755859375,397.1600036621094,288.47998046875,57.02496337890625,-0.454925537109375,109882
2094.0,394.6898498535156,391.3999938964844,395.6199951171875,397.29998779296875,287.8199768066406,57.4339714050293,-0.369873046875,109882
2095.0,394.8101501464844,391.5799865722656,395.6999816894531,397.3399963378906,288.29998779296875,56.92005157470703,-0.41015625,109882
2096.0,394.85638427734375,391.5799865722656,395.67999267578125,397.3399963378906,288.29998779296875,56.90108871459961,-0.456390380859375,109882
2097.0,394.9120178222656,391.5999755859375,395.67999267578125,397.2799987792969,287.91998291015625,57.21044921875,-0.472015380859375,109882
2098.0,394.5512390136719,391.53997802734375,395.6199951171875,397.239990234375,288.1399841308594,56.946651458740234,-0.23126220703125,109882
2099.0,394.5610656738281,391.6399841308594,395.7200012207031,397.3599853515625,288.1600036621094,57.090179443359375,-0.141082763671875,109882
2100.0,394.74139404296875,391.6600036621094,395.739990234375,397.3399963378906,288.3800048828125,57.1215705871582,-0.24139404296875,109882
2101.0,394.93670654296875,391.5999755859375,395.79998779296875,397.3599853515625,288.0199890136719,57.475521087646484,-0.416717529296875,109882
2102.0,394.9711608886719,391.5199890136719,395.739990234375,397.44000244140625,287.7049865722656,57.53506851196289,-0.51116943359375,109882
2103.0,395.1164855957031,391.53997802734375,395.739990234375,397.41998291015625,287.7799987792969,57.38925552368164,-0.676483154296875,109882
2104.0,395.0361633300781,391.6600036621094,395.7799987792969,397.41998291015625,287.8599853515625,57.27696990966797,-0.536163330078125,109882
2105.0,394.90264892578125,391.6600036621094,395.79998779296875,397.3837890625,288.2200012207031,56.988929748535156,-0.40264892578125,109882
2106.0,394.8179931640625,391.6199951171875,395.6999816894531,397.2799987792969,288.1000061035156,56.93769073486328,-0.438018798828125,109882
2107.0,394.9764709472656,391.67999267578125,395.79998779296875,397.3599853515625,287.739990234375,57.1865234375,-0.45648193359375,109882
2108.0,395.0668029785156,391.7599792480469,395.8799743652344,397.5037841796875,287.6600036621094,57.213714599609375,-0.48681640625,109882
2109.0,395.067138671875,391.739990234375,395.9189758300781,397.5799865722656,287.5199890136719,57.267860412597656,-0.4671630859375,109882
2110.0,394.9324645996094,391.6999816894531,395.94000244140625,397.6399841308594,287.29998779296875,57.54145812988281,-0.312469482421875,109882
2111.0,395.1835021972656,391.6399841308594,395.94000244140625,397.5999755859375,287.6399841308594,57.35468292236328,-0.54351806640625,109882
2112.0,395.2867126464844,391.6999816894531,395.97998046875,397.5799865722656,287.8599853515625,57.15786361694336,-0.58673095703125,109882
2113.0,395.0252990722656,391.6600036621094,395.97998046875,397.6399841308594,288.0799865722656,57.12293243408203,-0.38531494140625,109882
2114.0,395.0658874511719,391.5199890136719,395.8799743652344,397.5999755859375,288.1199951171875,57.151485443115234,-0.5458984375,109882
2115.0,395.00537109375,391.5799865722656,395.94000244140625,397.5799865722656,288.0,57.24091720581055,-0.3853759765625,109882
2116.0,395.04913330078125,391.5999755859375,395.94000244140625,397.5799865722656,288.41998291015625,56.87150192260742,-0.469146728515625,109882
2117.0,395.1439208984375,391.5199890136719,395.8799743652344,397.6399841308594,288.739990234375,56.84431457519531,-0.6439208984375,109882
2118.0,395.15289306640625,391.55999755859375,395.8199768066406,397.4599914550781,288.3800048828125,56.99281692504883,-0.632904052734375,109882
2119.0,395.1739807128906,391.67999267578125,395.79998779296875,397.3999938964844,288.2799987792969,57.11833190917969,-0.634002685546875,109882
2120.0,395.2340393066406,391.7799987792969,395.97998046875,397.53997802734375,288.7200012207031,56.928321838378906,-0.59405517578125,109882
2121.0,394.95538330078125,391.7200012207031,395.8799743652344,397.5199890136719,288.47998046875,56.8223876953125,-0.375396728515625,109882
2122.0,395.0757141113281,391.6399841308594,395.8199768066406,397.5,288.44000244140625,56.73809814453125,-0.55572509765625,109882
2123.0,394.7952575683594,391.67999267578125,395.8399963378906,397.44000244140625,288.7449951171875,56.52356719970703,-0.255279541015625,109882
2124.0,394.6695251464844,391.67999267578125,395.8599853515625,397.41998291015625,288.4599914550781,56.71257781982422,-0.129547119140625,109882
2125.0,394.90118408203125,391.6199951171875,395.8799743652344,397.5199890136719,287.94000244140625,57.12556838989258,-0.3411865234375,109882
2126.0,395.0404357910156,391.67999267578125,395.9599914550781,397.6199951171875,287.739990234375,57.311920166015625,-0.420440673828125,109882
2127.0,395.0781555175781,391.6600036621094,395.91998291015625,397.6399841308594,287.91998291015625,57.33750534057617,-0.518157958984375,109882
2128.0,394.9766845703125,391.6399841308594,395.8399963378906,397.41998291015625,288.0199890136719,57.17504119873047,-0.4766845703125,109882
2129.0,394.72308349609375,391.53997802734375,395.67999267578125,397.2637939453125,288.2200012207031,56.9160041809082,-0.343109130859375,109882
2130.0,394.6584777832031,391.5799865722656,395.7200012207031,397.3799743652344,288.3999938964844,56.86074447631836,-0.27850341796875,109882
2131.0,394.6453857421875,391.739990234375,395.7799987792969,397.5199890136719,288.364990234375,56.95230484008789,-0.20538330078125,109882
2132.0,394.6809997558594,391.739990234375,395.8399963378906,397.55999755859375,288.3599853515625,57.11800003051758,-0.180999755859375,109882
2133.0,394.91375732421875,391.6999816894531,395.8799743652344,397.53997802734375,287.8599853515625,57.53230285644531,-0.353759765625,109882
2134.0,395.10430908203125,391.6999816894531,395.9599914550781,397.6399841308594,287.6999816894531,57.50564193725586,-0.524322509765625,109882
2135.0,394.86224365234375,391.7200012207031,395.8399963378906,397.47998046875,287.94000244140625,57.29244613647461,-0.38226318359375,109882
2136.0,394.724365234375,391.6999816894531,395.79998779296875,397.4599914550781,288.03997802734375,56.96281814575195,-0.264373779296875,109882
2137.0,394.6387634277344,391.5999755859375,395.6999816894531,397.3599853515625,287.8199768066406,57.160133361816406,-0.23876953125,109882
2138.0,394.7894287109375,391.5999755859375,395.6999816894531,397.3199768066406,288.03997802734375,57.058799743652344,-0.36944580078125,109882
2139.0,395.112060546875,391.79998779296875,395.91998291015625,397.5,288.1999816894531,56.874568939208984,-0.472076416015625,109882
2140.0,395.2226867675781,391.7200012207031,395.8799743652344,397.5,288.1199951171875,56.90635681152344,-0.662689208984375,109882
2141.0,394.9841613769531,391.5999755859375,395.8399963378906,397.5,288.0199890136719,57.01695251464844,-0.564178466796875,109882
2142.0,395.1294250488281,391.79998779296875,396.0999755859375,397.7200012207031,288.2599792480469,57.16617965698242,-0.429443359375,109882
2143.0,394.9989318847656,391.8199768066406,396.0799865722656,397.6199951171875,288.2599792480469,57.0670280456543,-0.21893310546875,109882
2144.0,395.1156921386719,391.79998779296875,395.97998046875,397.55999755859375,287.44000244140625,57.624786376953125,-0.435699462890625,109882
2145.0,395.06744384765625,391.7799987792969,395.97998046875,397.53997802734375,287.6449890136719,57.7416877746582,-0.46746826171875,109882
2146.0,394.8721008300781,391.8399963378906,396.03997802734375,397.6199951171875,287.6999816894531,57.448001861572266,-0.21209716796875,109882
2147.0,395.0045471191406,391.91998291015625,396.0999755859375,397.70379638671875,287.6199951171875,57.363006591796875,-0.24456787109375,109882
2148.0,395.2734069824219,391.97998046875,396.1199951171875,397.7599792480469,287.47998046875,57.449745178222656,-0.473419189453125,109882
2149.0,395.4909362792969,392.0199890136719,396.3199768066406,397.9599914550781,287.1199951171875,57.64677810668945,-0.5909423828125,109882
2150.0,395.60028076171875,392.0199890136719,396.3199768066406,397.9599914550781,287.05999755859375,58.08583450317383,-0.60028076171875,109882
2151.0,395.2906188964844,391.91998291015625,396.1199951171875,397.739990234375,287.3599853515625,57.8735237121582,-0.490631103515625,109882
2152.0,395.1072082519531,391.7799987792969,395.97998046875,397.6399841308594,287.4599914550781,57.77361297607422,-0.46722412109375,109882
2153.0,394.9217224121094,391.7200012207031,395.91998291015625,397.6600036621094,287.5199890136719,57.765052795410156,-0.361724853515625,109882
2154.0,394.8919372558594,391.7599792480469,395.8799743652344,397.67999267578125,287.7799987792969,57.63307571411133,-0.271942138671875,109882
2155.0,395.2770080566406,391.8599853515625,395.97998046875,397.739990234375,287.885009765625,57.59328842163086,-0.61700439453125,109882
2156.0,395.3423156738281,391.8799743652344,396.05999755859375,397.7599792480469,287.6000061035156,57.5583381652832,-0.642333984375,109882
2157.0,395.2774353027344,391.8799743652344,396.05999755859375,397.7637939453125,287.8599853515625,57.383235931396484,-0.537445068359375,109882
2158.0,395.2876892089844,391.7799987792969,396.03997802734375,397.7599792480469,287.7850036621094,57.56826400756836,-0.607696533203125,109882
2159.0,395.1654357910156,391.8599853515625,396.03997802734375,397.6999816894531,287.8599853515625,57.54887771606445,-0.4654541015625,109882
2160.0,395.1052551269531,391.79998779296875,395.97998046875,397.6399841308594,288.2599792480469,57.27140426635742,-0.46527099609375,109882
2161.0,395.1580810546875,391.8399963378906,395.97998046875,397.6399841308594,288.5799865722656,56.90212631225586,-0.47808837890625,109882
2162.0,395.1551818847656,391.8999938964844,396.0,397.6199951171875,288.0799865722656,57.50016784667969,-0.4351806640625,109882
2163.0,395.38104248046875,392.0999755859375,396.239990234375,397.79998779296875,288.1000061035156,57.64115905761719,-0.481048583984375,109882
2164.0,395.3980712890625,392.17999267578125,396.3799743652344,398.0199890136719,288.05999755859375,57.72831726074219,-0.3980712890625,109882
2165.0,395.3737487792969,392.1600036621094,396.2799987792969,398.0799865722656,287.97998046875,57.953453063964844,-0.433746337890625,109882
2166.0,395.45233154296875,392.0999755859375,396.239990234375,397.91998291015625,287.6199951171875,57.92329788208008,-0.552337646484375,109882
2167.0,395.631103515625,392.1600036621094,396.3199768066406,397.97998046875,287.9599914550781,57.65669631958008,-0.631103515625,109882
2168.0,395.6261901855469,392.1600036621094,396.3999938964844,397.9599914550781,287.6600036621094,57.5658073425293,-0.54620361328125,109882
2169.0,395.507080078125,392.0799865722656,396.3399963378906,397.8999938964844,288.2599792480469,57.4528694152832,-0.487091064453125,109882
2170.0,395.303466796875,391.9599914550781,396.1399841308594,397.7799987792969,287.97998046875,57.552528381347656,-0.4434814453125,109882
2171.0,395.34307861328125,392.0199890136719,396.17999267578125,397.8199768066406,287.739990234375,57.689109802246094,-0.48309326171875,109882
2172.0,395.4114990234375,392.1199951171875,396.3399963378906,397.9599914550781,288.1050109863281,57.44668197631836,-0.391510009765625,109882
2173.0,395.3329772949219,392.17999267578125,396.3599853515625,397.94000244140625,288.1399841308594,57.63419723510742,-0.292999267578125,109882
2174.0,395.26275634765625,392.05999755859375,396.17999267578125,397.79998779296875,287.7850036621094,57.72151184082031,-0.40277099609375,109882
2175.0,395.2116394042969,392.05999755859375,396.1600036621094,397.79998779296875,287.9599914550781,57.7386589050293,-0.351654052734375,109882
2176.0,395.546875,392.1199951171875,396.1999816894531,397.8599853515625,287.5799865722656,57.92835998535156,-0.60687255859375,109882
2177.0,395.181640625,392.0,396.0199890136719,397.7599792480469,288.2799987792969,57.49877166748047,-0.38165283203125,109882
2178.0,395.0966491699219,391.97998046875,396.0799865722656,397.7599792480469,288.0,57.503787994384766,-0.296661376953125,109882
2179.0,395.06182861328125,392.0,396.0999755859375,397.7799987792969,287.44000244140625,57.871639251708984,-0.2618408203125,109882
2180.0,395.0082092285156,392.0999755859375,396.1600036621094,397.8599853515625,287.79998779296875,57.67913818359375,-0.12823486328125,109882
2181.0,395.10125732421875,392.17999267578125,396.2599792480469,397.94000244140625,287.97998046875,57.53990936279297,-0.1612548828125,109882
2182.0,395.5201416015625,392.17999267578125,396.3999938964844,398.0199890136719,287.8599853515625,57.49946594238281,-0.440155029296875,109882
2183.0,395.4962158203125,392.239990234375,396.3999938964844,398.0199890136719,287.67999267578125,57.57600784301758,-0.376220703125,109882
2184.0,395.46624755859375,392.2200012207031,396.3999938964844,398.03997802734375,288.1199951171875,57.3687858581543,-0.36627197265625,109882
2185.0,395.3653564453125,392.1600036621094,396.2599792480469,397.91998291015625,288.3249816894531,57.24924850463867,-0.3653564453125,109882
2186.0,395.5164794921875,392.1999816894531,396.44000244140625,397.97998046875,288.05999755859375,57.39924240112305,-0.41650390625,109882
2187.0,395.58074951171875,392.1999816894531,396.3399963378906,397.91998291015625,288.2200012207031,57.36397171020508,-0.520751953125,109882
2188.0,395.3246154785156,392.2200012207031,396.3399963378906,397.8799743652344,288.03997802734375,57.47904968261719,-0.30462646484375,109882
2189.0,395.4393005371094,392.29998779296875,396.3799743652344,397.94000244140625,288.3199768066406,57.33820724487305,-0.339324951171875,109882
2190.0,395.3099670410156,392.2799987792969,396.3199768066406,397.91998291015625,288.7599792480469,57.231231689453125,-0.209991455078125,109882
2191.0,395.40032958984375,392.29998779296875,396.3799743652344,397.9599914550781,288.9599914550781,56.967979431152344,-0.28033447265625,109882
2192.0,395.3663024902344,392.2599792480469,396.3399963378906,398.0199890136719,288.8599853515625,56.951087951660156,-0.266326904296875,109882
2193.0,395.59820556640625,392.2200012207031,396.4599914550781,398.29998779296875,288.7200012207031,56.876434326171875,-0.49822998046875,109882
2194.0,395.58587646484375,392.239990234375,396.47998046875,398.3399963378906,289.05999755859375,56.788028717041016,-0.505889892578125,109882
2195.0,395.7351379394531,392.29998779296875,396.44000244140625,398.2200012207031,288.8999938964844,56.89271545410156,-0.635162353515625,109882
2196.0,395.7249450683594,392.2799987792969,396.3199768066406,398.0,288.7799987792969,56.883087158203125,-0.684967041015625,109882
2197.0,395.609130859375,392.239990234375,396.2200012207031,397.8399963378906,288.7799987792969,56.822025299072266,-0.629150390625,109882
2198.0,395.4824523925781,392.3399963378906,396.29998779296875,397.8599853515625,288.885009765625,56.86528396606445,-0.442474365234375,109882
2199.0,395.51715087890625,392.2599792480469,396.239990234375,397.91998291015625,288.3800048828125,57.13390350341797,-0.557159423828125,109882
2200.0,395.4624328613281,392.2799987792969,396.44000244140625,398.17999267578125,288.4649963378906,57.328094482421875,-0.3824462890625,109882
2201.0,395.6355895996094,392.2599792480469,396.55999755859375,398.3399963378906,288.3999938964844,57.4734001159668,-0.49560546875,109882
2202.0,395.6366882324219,392.2200012207031,396.55999755859375,398.2599792480469,288.2799987792969,57.45810317993164,-0.4967041015625,109882
2203.0,395.5154113769531,392.0799865722656,396.3599853515625,398.0999755859375,288.2200012207031,57.167945861816406,-0.555419921875,109882
2204.0,395.642822265625,392.05999755859375,396.4599914550781,398.2200012207031,288.67999267578125,57.10204315185547,-0.58282470703125,109882
2205.0,395.3588562011719,392.1199951171875,396.41998291015625,398.0799865722656,288.79998779296875,57.16359329223633,-0.3388671875,109882
2206.0,395.26165771484375,392.1999816894531,396.44000244140625,398.1199951171875,288.6199951171875,57.382450103759766,-0.20166015625,109882
2207.0,395.2593688964844,392.2200012207031,396.3599853515625,398.0199890136719,288.47998046875,57.31776809692383,-0.279388427734375,109882
2208.0,395.50146484375,392.239990234375,396.41998291015625,398.05999755859375,288.1999816894531,57.51389694213867,-0.46148681640625,109882
2209.0,395.4284362792969,392.2799987792969,396.41998291015625,398.1600036621094,288.03997802734375,57.57356262207031,-0.388458251953125,109882
2210.0,395.5642395019531,392.2599792480469,396.458984375,398.2200012207031,287.7799987792969,57.809417724609375,-0.4842529296875,109882
2211.0,395.5499572753906,392.239990234375,396.3799743652344,398.0799865722656,288.03997802734375,57.54818344116211,-0.489959716796875,109882
2212.0,395.5889587402344,392.2599792480469,396.5199890136719,398.2200012207031,288.3999938964844,57.37687301635742,-0.448974609375,109882
2213.0,395.68145751953125,392.29998779296875,396.53997802734375,398.239990234375,288.7599792480469,57.25894546508789,-0.541473388671875,109882
2214.0,395.81549072265625,392.239990234375,396.47998046875,398.1999816894531,288.2799987792969,57.51166915893555,-0.71551513671875,109882
2215.0,395.9283447265625,392.239990234375,396.4599914550781,398.0999755859375,288.17999267578125,57.314395904541016,-0.788360595703125,109882
2216.0,395.8332214355469,392.47998046875,396.6399841308594,398.1999816894531,287.7799987792969,57.883384704589844,-0.49322509765625,109882
2217.0,395.7428894042969,392.4599914550781,396.53997802734375,398.0999755859375,287.7799987792969,57.87104415893555,-0.502899169921875,109882
2218.0,395.8001708984375,392.47998046875,396.5999755859375,398.1600036621094,288.0,57.60442352294922,-0.50018310546875,109882
2219.0,395.7901611328125,392.5,396.6199951171875,398.17999267578125,288.44000244140625,57.35948181152344,-0.510162353515625,109882
2220.0,395.871337890625,392.53997802734375,396.6600036621094,398.2837829589844,288.2449951171875,57.530242919921875,-0.531341552734375,109882
2221.0,395.8674621582031,392.47998046875,396.67999267578125,398.2799987792969,288.2799987792969,57.4317626953125,-0.507476806640625,109882
2222.0,395.8540954589844,392.47998046875,396.6999816894531,398.3399963378906,288.0199890136719,57.45567321777344,-0.4541015625,109882
2223.0,395.9018859863281,392.5,396.6399841308594,398.2599792480469,288.29998779296875,57.35847854614258,-0.52191162109375,109882
2224.0,395.647705078125,392.3999938964844,396.47998046875,398.1199951171875,288.4599914550781,57.35074234008789,-0.427703857421875,109882
2225.0,395.5574035644531,392.3799743652344,396.4599914550781,398.1199951171875,288.3800048828125,57.28836441040039,-0.33740234375,109882
2226.0,395.6332702636719,392.44000244140625,396.6199951171875,398.2200012207031,288.3199768066406,57.26899337768555,-0.31329345703125,109882
2227.0,395.7348937988281,392.5799865722656,396.7599792480469,398.3599853515625,288.3599853515625,57.39313507080078,-0.294891357421875,109882
2228.0,395.7572021484375,392.6399841308594,396.7599792480469,398.32379150390625,288.2200012207031,57.55025863647461,-0.297210693359375,109882
2229.0,395.68133544921875,392.47998046875,396.63897705078125,398.29998779296875,288.1600036621094,57.60557174682617,-0.32135009765625,109882
2230.0,395.6180725097656,392.5,396.5799865722656,398.239990234375,288.47998046875,57.249759674072266,-0.318084716796875,109882
2231.0,395.6159362792969,392.41998291015625,396.5199890136719,398.239990234375,288.5249938964844,56.98572540283203,-0.35595703125,109882
2232.0,395.6435241699219,392.4599914550781,396.5999755859375,398.29998779296875,288.4599914550781,57.130531311035156,-0.32354736328125,109882
2233.0,395.5000915527344,392.5,396.5799865722656,398.1999816894531,288.5199890136719,57.26193618774414,-0.200103759765625,109882
2234.0,395.8041687011719,392.5799865722656,396.7599792480469,398.3199768066406,288.5,57.278160095214844,-0.364166259765625,109882
2235.0,395.79473876953125,392.53997802734375,396.67999267578125,398.3199768066406,289.0799865722656,56.81087875366211,-0.414764404296875,109882
2236.0,395.8074645996094,392.53997802734375,396.7599792480469,398.3999938964844,288.4599914550781,57.20575714111328,-0.427490234375,109882
2237.0,395.76885986328125,392.5,396.6600036621094,398.3399963378906,288.239990234375,57.45740509033203,-0.488861083984375,109882
2238.0,395.7453918457031,392.47998046875,396.5999755859375,398.2799987792969,288.2449951171875,57.345672607421875,-0.48541259765625,109882
2239.0,395.8074035644531,392.4599914550781,396.6199951171875,398.239990234375,288.41998291015625,57.03715515136719,-0.4874267578125,109882
2240.0,395.8980407714844,392.41998291015625,396.67999267578125,398.3399963378906,288.5199890136719,57.017269134521484,-0.55804443359375,109882
2241.0,395.9727478027344,392.47998046875,396.7799987792969,398.41998291015625,288.1399841308594,57.336402893066406,-0.552764892578125,109882
2242.0,395.93035888671875,392.4599914550781,396.7200012207031,398.3399963378906,288.06500244140625,57.29507827758789,-0.590362548828125,109882
2243.0,395.9337463378906,392.4599914550781,396.7599792480469,398.5,287.6399841308594,57.6379280090332,-0.55377197265625,109882
2244.0,396.0437316894531,392.53997802734375,396.79998779296875,398.5,287.80499267578125,57.58985900878906,-0.603729248046875,109882
2245.0,395.9969177246094,392.67999267578125,396.8599853515625,398.53997802734375,288.30499267578125,57.396305084228516,-0.456939697265625,109882
2246.0,395.9868469238281,392.6999816894531,396.8199768066406,398.53997802734375,288.2599792480469,57.70941925048828,-0.4068603515625,109882
2247.0,395.8647766113281,392.55999755859375,396.6999816894531,398.3999938964844,288.2649841308594,57.54132080078125,-0.46478271484375,109882
2248.0,395.8036193847656,392.5799865722656,396.6199951171875,398.1600036621094,288.3399963378906,57.48875045776367,-0.42364501953125,109882
2249.0,395.7437438964844,392.55999755859375,396.53997802734375,398.1199951171875,288.2799987792969,57.52145004272461,-0.42376708984375,109882
2250.0,395.6101989746094,392.5,396.5,398.29998779296875,288.6000061035156,57.48336410522461,-0.39019775390625,109882
2251.0,395.7044372558594,392.5999755859375,396.7200012207031,398.5799865722656,288.9049987792969,57.199302673339844,-0.284454345703125,109882
2252.0,396.10791015625,392.67999267578125,396.97998046875,398.7200012207031,288.53997802734375,57.54667282104492,-0.4879150390625,109882
2253.0,396.3591003417969,392.739990234375,397.05999755859375,398.7799987792969,288.54498291015625,57.776981353759766,-0.63909912109375,109882
2254.0,396.3117370605469,392.79998779296875,397.0199890136719,398.739990234375,288.44500732421875,58.0283088684082,-0.61175537109375,109882
2255.0,396.26873779296875,392.8199768066406,396.91998291015625,398.5999755859375,288.1600036621094,58.18489074707031,-0.608734130859375,109882
2256.0,396.1730041503906,392.8599853515625,396.97998046875,398.5999755859375,288.1999816894531,57.9235725402832,-0.4730224609375,109882
2257.0,396.0370788574219,392.7200012207031,396.8999938964844,398.53997802734375,287.8999938964844,57.75997543334961,-0.437103271484375,109882
2258.0,396.0079040527344,392.5999755859375,396.8799743652344,398.5,288.239990234375,57.56412124633789,-0.467926025390625,109882
2259.0,396.1659851074219,392.6199951171875,396.8999938964844,398.5799865722656,288.239990234375,57.85787582397461,-0.626007080078125,109882
2260.0,396.15594482421875,392.739990234375,397.0999755859375,398.6199951171875,288.5,57.73598098754883,-0.4759521484375,109882
2261.0,396.2919616699219,392.8399963378906,397.1399841308594,398.8199768066406,289.0199890136719,57.202239990234375,-0.57196044921875,109882
2262.0,396.35260009765625,392.94000244140625,397.2799987792969,398.94000244140625,289.03997802734375,57.33683395385742,-0.532623291015625,109882
2263.0,396.4689636230469,392.8999938964844,397.1600036621094,398.8399963378906,288.6600036621094,57.78660202026367,-0.728973388671875,109882
2264.0,396.2710266113281,392.7200012207031,396.8999938964844,398.5999755859375,288.1199951171875,57.76533889770508,-0.6910400390625,109882
2265.0,396.1725769042969,392.8999938964844,397.0199890136719,398.6600036621094,288.3599853515625,57.58878707885742,-0.432586669921875,109882
2266.0,396.33038330078125,393.0,397.1199951171875,398.6999816894531,288.6600036621094,57.269981384277344,-0.490386962890625,109882
2267.0,396.2695007324219,392.8599853515625,397.05999755859375,398.67999267578125,288.7599792480469,57.08294677734375,-0.56951904296875,109882
2268.0,396.1665954589844,392.7799987792969,397.0199890136719,398.6999816894531,289.1050109863281,56.909000396728516,-0.506591796875,109882
2269.0,396.0924987792969,392.79998779296875,396.9789733886719,398.6199951171875,289.03997802734375,57.226680755615234,-0.4324951171875,109882
2270.0,396.2939758300781,393.0,397.1600036621094,398.79998779296875,289.1050109863281,57.6981086730957,-0.4739990234375,109882
2271.0,396.1412658691406,392.97998046875,397.05999755859375,398.67999267578125,288.7200012207031,57.547550201416016,-0.341278076171875,109882
2272.0,396.1524658203125,392.97998046875,397.03997802734375,398.67999267578125,288.80499267578125,57.40154266357422,-0.35247802734375,109882
2273.0,396.1416931152344,393.0,397.1399841308594,398.8437805175781,288.6399841308594,57.65989303588867,-0.281707763671875,109882
2274.0,396.3185729980469,393.03997802734375,397.2200012207031,398.8799743652344,288.47998046875,57.83281707763672,-0.378570556640625,109882
2275.0,396.3087463378906,393.0199890136719,397.2599792480469,398.8999938964844,288.1399841308594,58.0802116394043,-0.3487548828125,109882
2276.0,396.29345703125,392.9599914550781,397.1600036621094,398.7799987792969,288.29998779296875,57.839012145996094,-0.4334716796875,109882
2277.0,396.0657958984375,392.91998291015625,397.0,398.623779296875,288.3800048828125,57.71931838989258,-0.3258056640625,109882
2278.0,396.1656799316406,392.94000244140625,397.05999755859375,398.5999755859375,288.1399841308594,58.0599250793457,-0.365692138671875,109882
2279.0,396.1945495605469,392.8999938964844,397.0799865722656,398.6637878417969,287.55999755859375,58.044410705566406,-0.41455078125,109882
2280.0,396.198486328125,392.79998779296875,397.0,398.5799865722656,288.1600036621094,57.90549087524414,-0.51849365234375,109882
2281.0,395.9809875488281,392.8599853515625,396.91998291015625,398.5799865722656,287.97998046875,58.030460357666016,-0.300994873046875,109882
2282.0,396.0369873046875,392.8999938964844,397.0199890136719,398.67999267578125,288.3999938964844,57.91044235229492,-0.316986083984375,109882
2283.0,396.0939025878906,392.7799987792969,397.0,398.6999816894531,288.47998046875,57.7639045715332,-0.43389892578125,109882
2284.0,396.2152099609375,392.8399963378906,397.03997802734375,398.6199951171875,288.29998779296875,57.95972442626953,-0.4752197265625,109882
2285.0,396.128173828125,392.8199768066406,396.97998046875,398.53997802734375,288.1999816894531,57.7834587097168,-0.44818115234375,109882
2286.0,396.0743408203125,392.67999267578125,396.8399963378906,398.5199890136719,288.41998291015625,57.454219818115234,-0.53436279296875,109882
2287.0,396.2309875488281,392.8199768066406,396.94000244140625,398.6199951171875,288.6199951171875,57.42580795288086,-0.610992431640625,109882
2288.0,396.2958068847656,392.91998291015625,397.03997802734375,398.6399841308594,288.8999938964844,57.17022705078125,-0.5958251953125,109882
2289.0,396.06829833984375,392.8999938964844,397.03997802734375,398.5799865722656,288.8599853515625,57.289737701416016,-0.3883056640625,109882
2290.0,396.2679748535156,393.0199890136719,397.3399963378906,398.8999938964844,288.6999816894531,57.611663818359375,-0.38800048828125,109882
2291.0,396.3280334472656,393.03997802734375,397.3199768066406,398.97998046875,288.3800048828125,57.92232894897461,-0.408050537109375,109882
2292.0,396.26702880859375,393.05999755859375,397.2200012207031,398.94000244140625,288.364990234375,57.90545654296875,-0.387054443359375,109882
2293.0,396.5550231933594,393.0,397.239990234375,399.05999755859375,288.3399963378906,57.87504959106445,-0.695037841796875,109882
2294.0,396.5052185058594,392.8399963378906,397.0199890136719,398.8199768066406,288.29998779296875,57.7889518737793,-0.765228271484375,109882
2295.0,396.4361877441406,392.79998779296875,396.91998291015625,398.67999267578125,289.3399963378906,57.072200775146484,-0.756195068359375,109882
2296.0,396.1302795410156,392.739990234375,396.8599853515625,398.55999755859375,289.5199890136719,56.913299560546875,-0.590301513671875,109882
2297.0,396.2322692871094,392.8799743652344,397.03997802734375,398.6999816894531,289.3999938964844,57.102821350097656,-0.53228759765625,109882
2298.0,396.3911437988281,393.0799865722656,397.2799987792969,398.8799743652344,289.6399841308594,57.10678482055664,-0.471160888671875,109882
2299.0,396.33160400390625,393.1199951171875,397.29998779296875,398.91998291015625,289.364990234375,57.282798767089844,-0.3916015625,109882
2300.0,396.53900146484375,393.0199890136719,397.2989807128906,399.17999267578125,289.1999816894531,57.32357406616211,-0.579010009765625,109882
2301.0,396.3164367675781,392.9599914550781,397.17999267578125,398.91998291015625,289.1999816894531,57.24346160888672,-0.41644287109375,109882
2302.0,396.1324462890625,393.0,397.1399841308594,398.8399963378906,289.29998779296875,57.154052734375,-0.292449951171875,109882
2303.0,396.4053039550781,393.0999755859375,397.3189697265625,399.0,289.239990234375,57.30084228515625,-0.485321044921875,109882
2304.0,396.5,393.0199890136719,397.2200012207031,398.8199768066406,288.94000244140625,57.464813232421875,-0.680023193359375,109882
2305.0,396.4473571777344,392.91998291015625,397.1199951171875,398.6999816894531,288.5,57.87559509277344,-0.62738037109375,109882
2306.0,396.24725341796875,392.8399963378906,397.1399841308594,398.8599853515625,288.44000244140625,58.026756286621094,-0.467254638671875,109882
2307.0,396.3083801269531,392.9599914550781,397.29998779296875,398.97998046875,288.1999816894531,58.130619049072266,-0.4884033203125,109882
2308.0,396.1573181152344,392.8799743652344,397.17999267578125,398.8599853515625,288.7200012207031,57.83767318725586,-0.3973388671875,109882
2309.0,396.08123779296875,392.8999938964844,397.0999755859375,398.79998779296875,288.6600036621094,57.66190719604492,-0.301239013671875,109882
2310.0,396.1624450683594,392.94000244140625,397.17999267578125,398.8199768066406,289.17999267578125,57.28867721557617,-0.32244873046875,109882
2311.0,396.6926574707031,393.0199890136719,397.3199768066406,399.0799865722656,289.3599853515625,57.306556701660156,-0.752655029296875,109882
2312.0,396.7847900390625,393.0199890136719,397.3799743652344,399.1600036621094,288.91998291015625,57.45319366455078,-0.8048095703125,109882
2313.0,396.8275146484375,392.97998046875,397.239990234375,399.0999755859375,288.8599853515625,57.5527458190918,-0.88751220703125,109882
2314.0,396.74322509765625,392.94000244140625,397.17999267578125,399.0,288.9049987792969,57.5020751953125,-0.903228759765625,109882
2315.0,396.64056396484375,393.1199951171875,397.2599792480469,399.0,288.8999938964844,57.47934341430664,-0.7205810546875,109882
2316.0,396.6515808105469,393.1999816894531,397.29998779296875,398.97998046875,289.0799865722656,57.477657318115234,-0.631591796875,109882
2317.0,396.65008544921875,393.1199951171875,397.2599792480469,398.94000244140625,289.2799987792969,57.57321548461914,-0.65008544921875,109882
2318.0,396.5394592285156,393.0,397.1999816894531,398.91998291015625,289.0,57.594478607177734,-0.599456787109375,109882
2319.0,396.62322998046875,393.05999755859375,397.3399963378906,399.05999755859375,289.2200012207031,57.31346130371094,-0.563232421875,109882
2320.0,396.48382568359375,393.0999755859375,397.5,399.17999267578125,289.53997802734375,57.135169982910156,-0.403839111328125,109882
2321.0,396.482666015625,393.1199951171875,397.47998046875,399.17999267578125,289.6999816894531,57.21310806274414,-0.402679443359375,109882
2322.0,396.6689758300781,393.1999816894531,397.47998046875,399.1600036621094,288.739990234375,57.56465530395508,-0.5889892578125,109882
2323.0,396.68756103515625,393.1199951171875,397.44000244140625,399.1399841308594,288.91998291015625,57.66547775268555,-0.6475830078125,109882
2324.0,396.73870849609375,393.0999755859375,397.4599914550781,399.17999267578125,289.03997802734375,57.45287322998047,-0.658721923828125,109882
2325.0,396.7284851074219,393.1199951171875,397.3799743652344,399.0999755859375,289.41998291015625,57.13948059082031,-0.70849609375,109882
2326.0,396.5137939453125,393.1199951171875,397.3799743652344,399.0037841796875,289.97998046875,57.04254150390625,-0.45379638671875,109882
2327.0,396.63031005859375,393.17999267578125,397.4599914550781,399.17999267578125,289.7599792480469,57.22985076904297,-0.51031494140625,109882
2328.0,396.8763122558594,393.1999816894531,397.4599914550781,399.1999816894531,289.6600036621094,57.1281852722168,-0.776336669921875,109882
2329.0,397.1198425292969,393.2599792480469,397.55999755859375,399.3599853515625,289.739990234375,57.0759162902832,-0.91986083984375,109882
2330.0,396.8208923339844,393.1999816894531,397.41998291015625,399.2200012207031,289.41998291015625,57.35685348510742,-0.720916748046875,109882
2331.0,396.66473388671875,393.1399841308594,397.2599792480469,399.0199890136719,289.44000244140625,57.4058723449707,-0.704742431640625,109882
2332.0,396.4697570800781,393.239990234375,397.3599853515625,399.0199890136719,289.53997802734375,57.198795318603516,-0.44976806640625,109882
2333.0,396.5071105957031,393.1999816894531,397.41998291015625,399.03997802734375,289.44000244140625,57.055206298828125,-0.4271240234375,109882
2334.0,396.5691223144531,393.1399841308594,397.3999938964844,399.0999755859375,289.1050109863281,57.20258331298828,-0.4891357421875,109882
2335.0,396.5949401855469,393.0799865722656,397.3199768066406,398.97998046875,289.55999755859375,56.985111236572266,-0.534942626953125,109882
2336.0,396.7493591308594,393.03997802734375,397.3199768066406,399.0199890136719,289.55999755859375,57.03409194946289,-0.689361572265625,109882
2337.0,396.5712585449219,393.17999267578125,397.41998291015625,399.0799865722656,289.5199890136719,57.03086471557617,-0.471282958984375,109882
2338.0,396.45330810546875,393.239990234375,397.3999938964844,399.0199890136719,289.4599914550781,57.27552032470703,-0.373321533203125,109882
2339.0,396.4219055175781,393.17999267578125,397.2799987792969,398.8837890625,289.239990234375,57.24894332885742,-0.381927490234375,109882
2340.0,396.41827392578125,393.1399841308594,397.2799987792969,398.8999938964844,289.6600036621094,57.0133056640625,-0.41827392578125,109882
2341.0,396.4735412597656,393.1600036621094,397.3199768066406,398.9599914550781,289.2599792480469,57.021514892578125,-0.473541259765625,109882
2342.0,396.49407958984375,393.2799987792969,397.3799743652344,399.03997802734375,288.94000244140625,57.344905853271484,-0.414093017578125,109882
2343.0,396.6240539550781,393.41998291015625,397.4599914550781,399.17999267578125,289.3399963378906,57.33992385864258,-0.46405029296875,109882
2344.0,396.72027587890625,393.44000244140625,397.5,399.1399841308594,289.2599792480469,57.31473159790039,-0.500274658203125,109882
2345.0,396.77777099609375,393.3799743652344,397.53997802734375,399.0799865722656,288.6399841308594,57.47690963745117,-0.517791748046875,109882
2346.0,396.7320861816406,393.29998779296875,397.53997802734375,399.0799865722656,288.3999938964844,57.6612663269043,-0.5321044921875,109882
2347.0,396.6025390625,393.1999816894531,397.47998046875,399.1199951171875,288.7599792480469,57.516902923583984,-0.4825439453125,109882
2348.0,396.6117858886719,393.0999755859375,397.3999938964844,399.2200012207031,288.6999816894531,57.543827056884766,-0.611785888671875,109882
2349.0,396.69366455078125,393.2799987792969,397.5199890136719,399.1999816894531,289.0050048828125,57.36012649536133,-0.57366943359375,109882
2350.0,396.7667236328125,393.3399963378906,397.5199890136719,399.05999755859375,289.3800048828125,57.17232894897461,-0.566741943359375,109882
2351.0,396.69049072265625,393.3799743652344,397.55999755859375,399.0999755859375,289.3450012207031,57.22283935546875,-0.470489501953125,109882
2352.0,396.6753845214844,393.3399963378906,397.55999755859375,399.2200012207031,289.5,57.09849548339844,-0.495391845703125,109882
2353.0,396.6264953613281,393.3999938964844,397.47998046875,399.05999755859375,289.1600036621094,57.39130401611328,-0.48651123046875,109882
2354.0,396.5380554199219,393.3799743652344,397.3199768066406,398.8999938964844,289.44000244140625,57.218563079833984,-0.438079833984375,109882
2355.0,396.44329833984375,393.3799743652344,397.44000244140625,398.97998046875,289.1999816894531,57.14154052734375,-0.243316650390625,109882
2356.0,396.4858703613281,393.3399963378906,397.5199890136719,399.1199951171875,289.17999267578125,57.133827209472656,-0.265869140625,109882
2357.0,396.592041015625,393.29998779296875,397.53997802734375,399.2799987792969,288.79998779296875,57.4820442199707,-0.372039794921875,109882
2358.0,396.5392150878906,393.2599792480469,397.44000244140625,399.05999755859375,288.41998291015625,57.7530632019043,-0.39923095703125,109882
2359.0,396.755615234375,393.3999938964844,397.55999755859375,399.1999816894531,288.6999816894531,57.87800216674805,-0.45562744140625,109882
2360.0,396.7178955078125,393.47998046875,397.67999267578125,399.29998779296875,288.94000244140625,57.67774963378906,-0.35791015625,109882
2361.0,397.0799560546875,393.5199890136719,397.8199768066406,399.5,288.7850036621094,57.72887420654297,-0.559967041015625,109882
2362.0,396.89202880859375,393.3399963378906,397.5799865722656,399.2200012207031,288.80499267578125,57.58822250366211,-0.572052001953125,109882
2363.0,396.8894958496094,393.4599914550781,397.6199951171875,399.2599792480469,288.8599853515625,57.83429718017578,-0.54949951171875,109882
2364.0,397.15087890625,393.5199890136719,397.7200012207031,399.44000244140625,288.9599914550781,57.88801193237305,-0.73089599609375,109882
2365.0,397.2561340332031,393.5,397.8199768066406,399.6199951171875,289.0199890136719,57.644500732421875,-0.85614013671875,109882
2366.0,397.07159423828125,393.55999755859375,397.8199768066406,399.4599914550781,288.5799865722656,57.80609130859375,-0.651611328125,109882
2367.0,396.9237060546875,393.4599914550781,397.6399841308594,399.29998779296875,288.55999755859375,58.05356979370117,-0.603729248046875,109882
2368.0,396.63372802734375,393.41998291015625,397.55999755859375,399.2799987792969,289.1000061035156,57.676055908203125,-0.373748779296875,109882
2369.0,396.7362976074219,393.2799987792969,397.5999755859375,399.44000244140625,288.8800048828125,57.7301139831543,-0.556304931640625,109882
2370.0,396.7308044433594,393.1600036621094,397.41998291015625,399.2200012207031,289.125,57.48069763183594,-0.690826416015625,109882
2371.0,396.7749938964844,393.2200012207031,397.41998291015625,399.1399841308594,289.3399963378906,57.49991989135742,-0.774993896484375,109882
2372.0,396.9603271484375,393.3799743652344,397.6399841308594,399.3199768066406,289.3199768066406,57.860511779785156,-0.760345458984375,109882
2373.0,396.8068542480469,393.3399963378906,397.6399841308594,399.2599792480469,289.3800048828125,57.7514762878418,-0.58685302734375,109882
2374.0,396.7071228027344,393.2799987792969,397.53997802734375,399.0999755859375,289.6199951171875,57.445865631103516,-0.50714111328125,109882
2375.0,396.50775146484375,393.3999938964844,397.5,399.1199951171875,289.67999267578125,57.31012725830078,-0.3277587890625,109882
2376.0,396.8009338378906,393.5,397.55999755859375,399.1199951171875,288.9849853515625,57.807350158691406,-0.52093505859375,109882
2377.0,396.7896423339844,393.55999755859375,397.6199951171875,399.1399841308594,289.2599792480469,57.606590270996094,-0.44964599609375,109882
2378.0,397.1352844238281,393.6600036621094,397.8599853515625,399.3999938964844,289.53997802734375,57.4882926940918,-0.67529296875,109882
2379.0,397.3086853027344,393.5799865722656,397.94000244140625,399.6999816894531,289.6000061035156,57.56710433959961,-0.7886962890625,109882
2380.0,397.2141418457031,393.5,397.7799987792969,399.5199890136719,289.2449951171875,57.56432342529297,-0.81414794921875,109882
2381.0,396.9443054199219,393.3999938964844,397.5999755859375,399.3799743652344,288.9649963378906,57.62808609008789,-0.684326171875,109882
2382.0,396.9193420410156,393.5199890136719,397.6199951171875,399.3199768066406,289.03997802734375,57.64626693725586,-0.599365234375,109882
2383.0,396.9478454589844,393.6399841308594,397.7599792480469,399.47998046875,289.18499755859375,57.73910140991211,-0.527862548828125,109882
2384.0,396.7580261230469,393.6199951171875,397.6399841308594,399.2799987792969,289.739990234375,57.41730880737305,-0.3780517578125,109882
2385.0,396.8349914550781,393.5199890136719,397.5999755859375,399.3199768066406,290.0199890136719,57.46907424926758,-0.537017822265625,109882
2386.0,397.05926513671875,393.5,397.7389831542969,399.4599914550781,289.47998046875,57.63928985595703,-0.719268798828125,109882
2387.0,396.9411315917969,393.53997802734375,397.7799987792969,399.47998046875,289.2599792480469,57.63151168823242,-0.581146240234375,109882
2388.0,396.7483215332031,393.44000244140625,397.6600036621094,399.3399963378906,289.3999938964844,57.46683120727539,-0.46832275390625,109882
2389.0,396.8477783203125,393.5,397.7599792480469,399.3199768066406,289.0799865722656,57.70280075073242,-0.507781982421875,109882
2390.0,396.7762145996094,393.53997802734375,397.7599792480469,399.29998779296875,288.8399963378906,57.928009033203125,-0.37823486328125,109882
2391.0,396.76287841796875,393.7200012207031,397.8999938964844,399.47998046875,289.1600036621094,57.73638916015625,-0.222900390625,109882
2392.0,396.7715759277344,393.79998779296875,397.8599853515625,399.3999938964844,288.8599853515625,57.96128845214844,-0.19158935546875,109882
2393.0,396.9108581542969,393.6600036621094,397.8599853515625,399.5,289.1600036621094,57.79444122314453,-0.370880126953125,109882
2394.0,397.082763671875,393.6600036621094,397.91998291015625,399.5199890136719,289.05999755859375,57.94891357421875,-0.52276611328125,109882
2395.0,397.0107727050781,393.6600036621094,397.8799743652344,399.55999755859375,288.8800048828125,58.00118637084961,-0.530792236328125,109882
2396.0,396.9093933105469,393.55999755859375,397.6999816894531,399.29998779296875,288.7200012207031,57.965538024902344,-0.58941650390625,109882
2397.0,397.06610107421875,393.67999267578125,397.7799987792969,399.3399963378906,288.47998046875,58.17335891723633,-0.546112060546875,109882
2398.0,397.026123046875,393.6999816894531,397.7599792480469,399.29998779296875,288.5,58.18582534790039,-0.506134033203125,109882
2399.0,397.0183410644531,393.67999267578125,397.8199768066406,399.3999938964844,288.6600036621094,58.251373291015625,-0.518341064453125,109882
2400.0,396.9557189941406,393.7200012207031,397.8799743652344,399.5999755859375,288.79998779296875,57.94268035888672,-0.415740966796875,109882
2401.0,396.9961242675781,393.739990234375,397.9599914550781,399.5799865722656,289.1999816894531,57.75749969482422,-0.35614013671875,109882
2402.0,396.8537902832031,393.6399841308594,397.8399963378906,399.41998291015625,289.239990234375,57.64739990234375,-0.293792724609375,109882
2403.0,397.01361083984375,393.7200012207031,397.94000244140625,399.4599914550781,289.3399963378906,57.518672943115234,-0.39361572265625,109882
2404.0,397.1478271484375,393.79998779296875,398.1600036621094,399.7599792480469,289.41998291015625,57.31209945678711,-0.447845458984375,109882
2405.0,397.31976318359375,393.79998779296875,398.0989685058594,399.6600036621094,289.3199768066406,57.340179443359375,-0.619781494140625,109882
2406.0,397.27734375,393.8599853515625,398.0799865722656,399.70379638671875,289.7200012207031,57.27446365356445,-0.497344970703125,109882
2407.0,397.1332702636719,393.91998291015625,398.05999755859375,399.5999755859375,289.53997802734375,57.51826858520508,-0.353271484375,109882
2408.0,397.0645751953125,393.9599914550781,398.0999755859375,399.68377685546875,289.4599914550781,57.622718811035156,-0.224578857421875,109882
2409.0,397.06787109375,393.91998291015625,398.05999755859375,399.6199951171875,289.4599914550781,57.538326263427734,-0.287872314453125,109882
2410.0,397.17864990234375,393.9599914550781,398.1399841308594,399.79998779296875,289.5799865722656,57.37162780761719,-0.31866455078125,109882
2411.0,397.30950927734375,393.94000244140625,398.0999755859375,399.7200012207031,289.3800048828125,57.75391387939453,-0.429534912109375,109882
2412.0,397.3070983886719,393.8999938964844,398.03997802734375,399.5999755859375,288.8199768066406,57.88346481323242,-0.527099609375,109882
2413.0,397.0525817871094,393.8399963378906,398.0,399.6600036621094,288.8999938964844,57.901145935058594,-0.312591552734375,109882
2414.0,397.0115051269531,393.7799987792969,397.9599914550781,399.5999755859375,289.41998291015625,57.61479949951172,-0.35150146484375,109882
2415.0,396.9661560058594,393.7599792480469,397.91998291015625,399.5799865722656,289.1650085449219,57.679161071777344,-0.366180419921875,109882
2416.0,397.0399169921875,393.739990234375,397.94000244140625,399.5999755859375,289.0199890136719,57.97511672973633,-0.419921875,109882
2417.0,397.1480712890625,393.8199768066406,398.05999755859375,399.67999267578125,289.44000244140625,57.77381134033203,-0.508087158203125,109882
2418.0,397.20343017578125,393.8199768066406,398.0199890136719,399.6999816894531,288.5799865722656,58.22893142700195,-0.563446044921875,109882
2419.0,397.1139221191406,393.8199768066406,398.0199890136719,399.55999755859375,288.3999938964844,58.214881896972656,-0.45391845703125,109882
2420.0,397.3511047363281,393.8199768066406,398.0199890136719,399.5999755859375,288.8599853515625,57.75673294067383,-0.671112060546875,109882
2421.0,397.2641906738281,393.6999816894531,397.94000244140625,399.6399841308594,288.6399841308594,57.7573356628418,-0.62420654296875,109882
2422.0,396.9656677246094,393.6600036621094,397.91998291015625,399.6600036621094,289.3599853515625,57.48390579223633,-0.425689697265625,109882
2423.0,397.14208984375,393.6999816894531,397.94000244140625,399.6999816894531,289.3199768066406,57.46788787841797,-0.562103271484375,109882
2424.0,397.2279052734375,393.8399963378906,398.0,399.67999267578125,289.47998046875,57.49007797241211,-0.54791259765625,109882
2425.0,397.24542236328125,393.8799743652344,398.0199890136719,399.7599792480469,289.6399841308594,57.41997146606445,-0.525421142578125,109882
2426.0,397.20782470703125,393.9599914550781,398.05999755859375,399.6999816894531,289.8800048828125,57.37255096435547,-0.487823486328125,109882
2427.0,397.1749267578125,393.94000244140625,398.1199951171875,399.7799987792969,289.3999938964844,57.56397247314453,-0.394927978515625,109882
2428.0,397.4334716796875,393.9599914550781,398.17999267578125,399.8399963378906,289.0050048828125,57.81712341308594,-0.613494873046875,109882
2429.0,397.4168701171875,394.0199890136719,398.2200012207031,399.8199768066406,289.6199951171875,57.44337463378906,-0.556884765625,109882
2430.0,397.4713439941406,394.0199890136719,398.2200012207031,399.7599792480469,289.8199768066406,57.485374450683594,-0.57135009765625,109882
2431.0,397.2052001953125,393.91998291015625,398.0999755859375,399.6399841308594,289.47998046875,57.590999603271484,-0.425201416015625,109882
2432.0,397.1427917480469,393.8399963378906,398.1199951171875,399.7599792480469,289.3599853515625,57.531593322753906,-0.402801513671875,109882
2433.0,397.12103271484375,393.8999938964844,398.0999755859375,399.7799987792969,289.53997802734375,57.5263557434082,-0.341033935546875,109882
2434.0,397.103515625,393.91998291015625,398.05999755859375,399.6999816894531,289.6199951171875,57.374542236328125,-0.323516845703125,109882
2435.0,397.23773193359375,393.97998046875,398.1999816894531,399.8399963378906,289.47998046875,57.49925994873047,-0.357757568359375,109882
2436.0,397.1363220214844,393.94000244140625,398.1600036621094,399.8599853515625,289.1399841308594,57.825897216796875,-0.336334228515625,109882
2437.0,397.19671630859375,393.8999938964844,398.1399841308594,399.8199768066406,289.1999816894531,57.59461975097656,-0.376739501953125,109882
2438.0,397.3858642578125,393.91998291015625,398.1399841308594,399.7599792480469,289.3800048828125,57.48895263671875,-0.605865478515625,109882
2439.0,397.346435546875,393.8799743652344,398.03997802734375,399.67999267578125,289.3199768066406,57.63601303100586,-0.706451416015625,109882
2440.0,397.13201904296875,393.8599853515625,397.8999938964844,399.4599914550781,289.5799865722656,57.47473907470703,-0.51202392578125,109882
2441.0,397.2447814941406,393.94000244140625,398.0799865722656,399.6199951171875,289.5849914550781,57.62095260620117,-0.46478271484375,109882
2442.0,397.3545837402344,394.05999755859375,398.17999267578125,399.7799987792969,290.0,57.30390167236328,-0.434600830078125,109882
2443.0,397.2149963378906,394.1199951171875,398.1999816894531,399.7599792480469,290.2599792480469,57.136661529541016,-0.295013427734375,109882
2444.0,397.2720947265625,394.1199951171875,398.1600036621094,399.7799987792969,290.1000061035156,57.198326110839844,-0.33209228515625,109882
2445.0,397.4309387207031,394.2200012207031,398.29998779296875,399.94000244140625,290.5799865722656,56.977237701416016,-0.370941162109375,109882
2446.0,397.3556823730469,394.0799865722656,398.2799987792969,399.8999938964844,290.0199890136719,57.31797790527344,-0.335693359375,109882
2447.0,397.5525817871094,394.05999755859375,398.3199768066406,399.91998291015625,289.625,57.54599380493164,-0.552581787109375,109882
2448.0,397.5317077636719,394.0799865722656,398.239990234375,399.7799987792969,289.1600036621094,57.722511291503906,-0.57171630859375,109882
2449.0,397.26336669921875,394.03997802734375,398.198974609375,399.7799987792969,289.44000244140625,57.54893112182617,-0.3433837890625,109882
2450.0,397.1878662109375,394.0199890136719,398.2599792480469,399.8399963378906,289.6600036621094,57.280826568603516,-0.287872314453125,109882
2451.0,397.44891357421875,394.0799865722656,398.3599853515625,399.94000244140625,289.47998046875,57.58982849121094,-0.428924560546875,109882
2452.0,397.50469970703125,394.17999267578125,398.41998291015625,400.0799865722656,289.5799865722656,57.52629089355469,-0.424713134765625,109882
2453.0,397.559814453125,394.2799987792969,398.4599914550781,400.05999755859375,289.6000061035156,57.8154411315918,-0.4598388671875,109882
2454.0,397.6466369628906,394.239990234375,398.3599853515625,400.0199890136719,289.41998291015625,57.92687225341797,-0.586639404296875,109882
2455.0,397.7546081542969,394.1399841308594,398.3599853515625,400.03997802734375,288.97998046875,58.05951690673828,-0.714630126953125,109882
2456.0,397.61572265625,394.03997802734375,398.239990234375,399.91998291015625,289.2799987792969,57.808006286621094,-0.6357421875,109882
2457.0,397.6208801269531,394.03997802734375,398.3799743652344,400.0,289.3399963378906,57.882080078125,-0.580902099609375,109882
2458.0,397.518310546875,394.0799865722656,398.3399963378906,399.9599914550781,289.1999816894531,58.10225296020508,-0.518310546875,109882
2459.0,397.5246276855469,394.1999816894531,398.3599853515625,400.0199890136719,288.6999816894531,58.450958251953125,-0.484649658203125,109882
2460.0,397.5154113769531,394.03997802734375,398.2200012207031,399.8999938964844,288.3599853515625,58.38488006591797,-0.575408935546875,109882
2461.0,397.52374267578125,394.0199890136719,398.2200012207031,399.8799743652344,288.53997802734375,58.111515045166016,-0.54376220703125,109882
2462.0,397.5013732910156,394.0799865722656,398.2200012207031,399.8799743652344,288.6999816894531,57.93291091918945,-0.48138427734375,109882
2463.0,397.66375732421875,394.2200012207031,398.3399963378906,399.9599914550781,288.625,58.26382827758789,-0.583770751953125,109882
2464.0,397.840087890625,394.3599853515625,398.44000244140625,400.0799865722656,288.67999267578125,58.07267379760742,-0.66009521484375,109882
2465.0,397.8199462890625,394.41998291015625,398.53997802734375,400.0999755859375,288.4599914550781,58.35974884033203,-0.5799560546875,109882
2466.0,397.763916015625,394.29998779296875,398.4599914550781,400.03997802734375,288.3999938964844,58.43265151977539,-0.6439208984375,109882
2467.0,397.75848388671875,394.29998779296875,398.5,400.1199951171875,288.5,58.33774948120117,-0.5784912109375,109882
2468.0,397.72467041015625,394.29998779296875,398.5199890136719,400.1199951171875,288.739990234375,58.13588333129883,-0.544677734375,109882
2469.0,397.5442810058594,394.1999816894531,398.41998291015625,400.0837707519531,289.41998291015625,57.598243713378906,-0.504302978515625,109882
2470.0,397.64373779296875,394.1999816894531,398.41998291015625,400.0999755859375,289.2799987792969,57.651851654052734,-0.563751220703125,109882
2471.0,397.6331481933594,394.17999267578125,398.3999938964844,400.0799865722656,289.5,57.67055892944336,-0.573150634765625,109882
2472.0,397.6764221191406,394.1600036621094,398.44000244140625,400.1199951171875,289.55999755859375,57.413570404052734,-0.596435546875,109882
2473.0,397.74652099609375,394.1600036621094,398.4599914550781,400.1600036621094,289.67999267578125,57.50442886352539,-0.64654541015625,109882
2474.0,397.5882263183594,394.17999267578125,398.3999938964844,399.97998046875,289.5849914550781,57.55819320678711,-0.528228759765625,109882
2475.0,397.5099792480469,394.1999816894531,398.44000244140625,400.0199890136719,289.05999755859375,58.030723571777344,-0.389984130859375,109882
2476.0,397.4598083496094,394.1999816894531,398.3999938964844,400.0799865722656,289.55999755859375,57.600250244140625,-0.359832763671875,109882
2477.0,397.6957092285156,394.2200012207031,398.47998046875,400.1999816894531,289.7799987792969,57.46431350708008,-0.515716552734375,109882
2478.0,397.697265625,394.3599853515625,398.5,400.1399841308594,289.8199768066406,57.48280715942383,-0.497283935546875,109882
2479.0,397.5625305175781,394.44000244140625,398.53997802734375,400.1199951171875,289.8599853515625,57.34745407104492,-0.30255126953125,109882
2480.0,397.51251220703125,394.3799743652344,398.55999755859375,400.3399963378906,289.6000061035156,57.436012268066406,-0.292510986328125,109882
2481.0,397.56817626953125,394.2599792480469,398.47998046875,400.3199768066406,289.6399841308594,57.30877685546875,-0.44818115234375,109882
2482.0,397.47674560546875,394.3399963378906,398.41998291015625,400.0999755859375,289.47998046875,57.47314453125,-0.396759033203125,109882
2483.0,397.59210205078125,394.5199890136719,398.6189880371094,400.1999816894531,289.5799865722656,57.41482162475586,-0.312103271484375,109882
2484.0,397.69342041015625,394.41998291015625,398.5799865722656,400.0999755859375,289.6399841308594,57.38669967651367,-0.433441162109375,109882
2485.0,397.81689453125,394.29998779296875,398.55999755859375,400.1199951171875,289.8999938964844,57.28783416748047,-0.556915283203125,109882
2486.0,397.661376953125,394.2200012207031,398.44000244140625,400.0237731933594,290.239990234375,57.033172607421875,-0.48138427734375,109882
2487.0,397.50262451171875,394.2799987792969,398.5,400.1999816894531,290.0199890136719,57.21469497680664,-0.282623291015625,109882
2488.0,397.4693603515625,394.239990234375,398.41998291015625,400.0799865722656,290.04498291015625,57.1533088684082,-0.309356689453125,109882
2489.0,397.5823974609375,394.3399963378906,398.5199890136719,400.1399841308594,290.0799865722656,57.17515563964844,-0.362396240234375,109882
2490.0,397.52752685546875,394.3799743652344,398.6399841308594,400.1999816894531,289.91998291015625,57.234153747558594,-0.28753662109375,109882
2491.0,397.88800048828125,394.53997802734375,398.79998779296875,400.3799743652344,289.7599792480469,57.35116195678711,-0.508026123046875,109882
2492.0,398.02197265625,394.6199951171875,398.8399963378906,400.44000244140625,289.79998779296875,57.51202392578125,-0.5419921875,109882
2493.0,397.9818420410156,394.55999755859375,398.7599792480469,400.44000244140625,289.9599914550781,57.29924774169922,-0.561859130859375,109882
2494.0,397.836669921875,394.41998291015625,398.6199951171875,400.239990234375,290.239990234375,57.052730560302734,-0.53668212890625,109882
2495.0,397.8045959472656,394.44000244140625,398.6600036621094,400.2599792480469,290.5,56.85474395751953,-0.464599609375,109882
2496.0,397.7793273925781,394.3599853515625,398.6199951171875,400.1999816894531,289.7200012207031,57.2857551574707,-0.479339599609375,109882
2497.0,397.9377136230469,394.3199768066406,398.6600036621094,400.3399963378906,289.2599792480469,57.94269561767578,-0.65771484375,109882
2498.0,398.2642822265625,394.47998046875,398.7799987792969,400.44000244140625,289.06500244140625,58.136070251464844,-0.804290771484375,109882
2499.0,398.210205078125,394.41998291015625,398.7599792480469,400.47998046875,288.91998291015625,58.094425201416016,-0.830230712890625,109882
2500.0,397.8877258300781,394.3799743652344,398.6199951171875,400.2200012207031,288.8399963378906,58.158050537109375,-0.62774658203125,109882
2501.0,398.05352783203125,394.5,398.79998779296875,400.3999938964844,288.6449890136719,58.42711639404297,-0.673553466796875,109882
2502.0,398.0854187011719,394.55999755859375,398.739990234375,400.41998291015625,289.29998779296875,58.06880187988281,-0.7054443359375,109882
2503.0,397.98162841796875,394.5799865722656,398.7200012207031,400.3199768066406,289.4599914550781,58.04151916503906,-0.5616455078125,109882
2504.0,398.1603698730469,394.67999267578125,398.8199768066406,400.3999938964844,289.1600036621094,58.16303634643555,-0.620391845703125,109882
2505.0,398.11541748046875,394.6199951171875,398.7599792480469,400.3399963378906,288.8399963378906,58.16092300415039,-0.655426025390625,109882
2506.0,398.0780334472656,394.739990234375,398.8399963378906,400.41998291015625,289.3800048828125,57.801910400390625,-0.55804443359375,109882
2507.0,397.89019775390625,394.5799865722656,398.6399841308594,400.2799987792969,289.8999938964844,57.514617919921875,-0.4501953125,109882
2508.0,397.96075439453125,394.53997802734375,398.6399841308594,400.239990234375,290.1999816894531,57.34144973754883,-0.580780029296875,109882
2509.0,397.86395263671875,394.5799865722656,398.7200012207031,400.3399963378906,289.239990234375,57.793617248535156,-0.403961181640625,109882
2510.0,398.0678405761719,394.5999755859375,398.8799743652344,400.5199890136719,289.1000061035156,58.03079605102539,-0.5478515625,109882
2511.0,398.05377197265625,394.47998046875,398.7200012207031,400.2799987792969,288.8800048828125,58.12239456176758,-0.673797607421875,109882
2512.0,397.9007263183594,394.4599914550781,398.67999267578125,400.2599792480469,289.1199951171875,58.09489822387695,-0.520751953125,109882
2513.0,397.8103332519531,394.5,398.7599792480469,400.32379150390625,289.6600036621094,57.77804183959961,-0.370330810546875,109882
2514.0,398.0426940917969,394.55999755859375,398.8599853515625,400.47998046875,289.1000061035156,58.07982635498047,-0.562713623046875,109882
2515.0,397.9080505371094,394.5799865722656,398.79998779296875,400.41998291015625,289.5,57.90054702758789,-0.408050537109375,109882
2516.0,397.85577392578125,394.5199890136719,398.8399963378906,400.53997802734375,289.56500244140625,57.880271911621094,-0.335784912109375,109882
2517.0,398.01251220703125,394.5999755859375,398.8599853515625,400.47998046875,289.55999755859375,57.86968994140625,-0.4725341796875,109882
2518.0,397.8287048339844,394.5799865722656,398.739990234375,400.3599853515625,289.5199890136719,57.797325134277344,-0.36871337890625,109882
2519.0,397.82647705078125,394.6600036621094,398.7200012207031,400.2200012207031,289.03997802734375,58.07594299316406,-0.366485595703125,109882
2520.0,397.83709716796875,394.5999755859375,398.6399841308594,400.1999816894531,289.17999267578125,57.855018615722656,-0.457122802734375,109882
2521.0,398.0333251953125,394.5199890136719,398.6199951171875,400.2599792480469,288.8800048828125,58.054718017578125,-0.67333984375,109882
2522.0,398.23193359375,394.6999816894531,398.94000244140625,400.47998046875,288.7599792480469,58.50724792480469,-0.6319580078125,109882
2523.0,398.2030944824219,394.5999755859375,398.8199768066406,400.3599853515625,289.1399841308594,58.20930099487305,-0.663116455078125,109882
2524.0,398.28924560546875,394.5199890136719,398.79998779296875,400.3999938964844,289.3399963378906,57.94240951538086,-0.80926513671875,109882
2525.0,398.1710205078125,394.55999755859375,398.8399963378906,400.47998046875,289.29998779296875,57.954959869384766,-0.651031494140625,109882
2526.0,398.0478210449219,394.5199890136719,398.7799987792969,400.3599853515625,289.41998291015625,57.898231506347656,-0.507843017578125,109882
2527.0,398.06097412109375,394.5199890136719,398.7599792480469,400.3399963378906,289.94000244140625,57.62129211425781,-0.56097412109375,109882
2528.0,398.31573486328125,394.6199951171875,398.8599853515625,400.5,289.91998291015625,57.66883850097656,-0.7757568359375,109882
2529.0,398.2320251464844,394.6600036621094,398.8599853515625,400.5,289.5799865722656,58.10022735595703,-0.672027587890625,109882
2530.0,398.2208251953125,394.7799987792969,399.03997802734375,400.5999755859375,289.239990234375,58.459468841552734,-0.520843505859375,109882
2531.0,398.20709228515625,394.79998779296875,399.0799865722656,400.6399841308594,289.1999816894531,58.27133560180664,-0.4071044921875,109882
2532.0,398.0189514160156,394.7799987792969,398.94000244140625,400.5,289.739990234375,57.987945556640625,-0.3189697265625,109882
2533.0,397.95770263671875,394.7799987792969,398.9599914550781,400.53997802734375,289.2799987792969,58.212100982666016,-0.237701416015625,109882
2534.0,398.021240234375,394.7599792480469,398.94000244140625,400.4599914550781,289.41998291015625,58.13874435424805,-0.381256103515625,109882
2535.0,398.07086181640625,394.67999267578125,398.8399963378906,400.41998291015625,289.44000244140625,58.0242919921875,-0.5308837890625,109882
2536.0,398.1031799316406,394.55999755859375,398.8399963378906,400.44000244140625,288.97998046875,58.28582763671875,-0.58319091796875,109882
2537.0,398.20599365234375,394.5799865722656,398.8199768066406,400.3399963378906,288.91998291015625,58.34504699707031,-0.686004638671875,109882
2538.0,398.1830139160156,394.5999755859375,398.8799743652344,400.4599914550781,288.7200012207031,58.624595642089844,-0.623016357421875,109882
2539.0,398.099853515625,394.6600036621094,398.97998046875,400.5799865722656,288.6999816894531,58.58340835571289,-0.4798583984375,109882
2540.0,398.0606384277344,394.7200012207031,399.03997802734375,400.6399841308594,288.8999938964844,58.81596755981445,-0.320648193359375,109882
2541.0,398.0462646484375,394.6999816894531,398.8999938964844,400.47998046875,289.3199768066406,58.4615592956543,-0.466278076171875,109882
2542.0,397.86614990234375,394.6600036621094,398.7989807128906,400.2799987792969,289.3999938964844,58.372825622558594,-0.346160888671875,109882
2543.0,397.8428955078125,394.5999755859375,398.7599792480469,400.2799987792969,289.625,58.17890930175781,-0.382904052734375,109882
2544.0,397.7784729003906,394.6199951171875,398.8199768066406,400.3399963378906,289.6600036621094,57.96348571777344,-0.298492431640625,109882
2545.0,397.89923095703125,394.6199951171875,398.8999938964844,400.5199890136719,289.7799987792969,57.85613250732422,-0.379241943359375,109882
2546.0,397.9103088378906,394.6600036621094,398.8399963378906,400.41998291015625,289.91998291015625,57.764869689941406,-0.370330810546875,109882
2547.0,398.03936767578125,394.67999267578125,398.91998291015625,400.55999755859375,289.54498291015625,58.27553939819336,-0.399383544921875,109882
2548.0,397.99365234375,394.8399963378906,399.0199890136719,400.6199951171875,289.47998046875,58.3040885925293,-0.353668212890625,109882
2549.0,398.1543884277344,394.8199768066406,399.0199890136719,400.5799865722656,289.53997802734375,58.114845275878906,-0.494384765625,109882
2550.0,397.91448974609375,394.7599792480469,398.97998046875,400.5799865722656,289.67999267578125,57.87437057495117,-0.29449462890625,109882
2551.0,398.35693359375,394.8199768066406,399.0999755859375,400.6999816894531,289.44000244140625,58.30305480957031,-0.596954345703125,109882
2552.0,398.4228820800781,394.8199768066406,399.0799865722656,400.5799865722656,288.5249938964844,58.715518951416016,-0.702880859375,109882
2553.0,398.2768859863281,394.8799743652344,399.1199951171875,400.6199951171875,288.79998779296875,58.683597564697266,-0.476898193359375,109882
2554.0,398.41546630859375,394.8799743652344,399.1199951171875,400.67999267578125,288.6399841308594,58.527496337890625,-0.615478515625,109882
2555.0,398.3367614746094,394.739990234375,398.8799743652344,400.5037841796875,288.94000244140625,58.32137680053711,-0.69677734375,109882
2556.0,398.33612060546875,394.739990234375,399.0,400.5999755859375,289.2850036621094,58.27003860473633,-0.6561279296875,109882
2557.0,398.33978271484375,394.6999816894531,398.91998291015625,400.5,289.17999267578125,58.07206344604492,-0.71978759765625,109882
2558.0,398.1202392578125,394.6600036621094,398.7799987792969,400.3999938964844,289.3599853515625,57.82315444946289,-0.6202392578125,109882
2559.0,398.0931701660156,394.67999267578125,398.7799987792969,400.44000244140625,289.79998779296875,57.608097076416016,-0.613189697265625,109882
2560.0,398.1390686035156,394.739990234375,398.8399963378906,400.44000244140625,289.97998046875,57.55461120605469,-0.61907958984375,109882
2561.0,398.0771179199219,394.7599792480469,398.8399963378906,400.44000244140625,289.97998046875,57.46754837036133,-0.517120361328125,109882
2562.0,398.00494384765625,394.7599792480469,398.8199768066406,400.41998291015625,289.6399841308594,57.5637092590332,-0.4449462890625,109882
2563.0,398.1147155761719,394.7799987792969,398.8799743652344,400.5799865722656,290.1199951171875,57.510169982910156,-0.53472900390625,109882
2564.0,398.44598388671875,395.05999755859375,399.2200012207031,400.7200012207031,289.8199768066406,57.721065521240234,-0.545989990234375,109882
2565.0,398.3041687011719,394.8799743652344,399.0799865722656,400.6600036621094,290.1399841308594,57.40888214111328,-0.504180908203125,109882
2566.0,398.0530090332031,394.7799987792969,398.94000244140625,400.5999755859375,289.8399963378906,57.53959655761719,-0.373016357421875,109882
2567.0,398.12615966796875,394.8399963378906,399.0,400.6399841308594,289.41998291015625,58.001712799072266,-0.346160888671875,109882
2568.0,398.25140380859375,394.97998046875,399.1600036621094,400.67999267578125,289.5799865722656,58.2152214050293,-0.39141845703125,109882
2569.0,398.3281555175781,395.0,399.0799865722656,400.6199951171875,289.04498291015625,58.41105651855469,-0.528167724609375,109882
2570.0,398.2383728027344,394.8999938964844,398.9599914550781,400.5199890136719,289.0799865722656,58.251312255859375,-0.498382568359375,109882
2571.0,398.21826171875,394.9599914550781,399.0999755859375,400.6999816894531,289.3599853515625,58.320518493652344,-0.398284912109375,109882
2572.0,398.18170166015625,394.8999938964844,399.0799865722656,400.7599792480469,289.5249938964844,58.25596237182617,-0.3817138671875,109882
2573.0,398.36224365234375,395.0199890136719,399.1600036621094,400.7200012207031,289.47998046875,58.085506439208984,-0.50225830078125,109882
2574.0,398.3536682128906,394.9599914550781,399.1399841308594,400.7799987792969,289.6000061035156,57.9053955078125,-0.57366943359375,109882
2575.0,398.166748046875,394.8399963378906,399.1199951171875,400.7200012207031,289.47998046875,57.99427032470703,-0.466766357421875,109882
2576.0,398.0896301269531,394.8399963378906,398.97998046875,400.5799865722656,289.0199890136719,58.26005172729492,-0.44964599609375,109882
2577.0,398.13739013671875,394.8799743652344,398.97998046875,400.5799865722656,289.7200012207031,57.90713119506836,-0.39739990234375,109882
2578.0,398.30792236328125,395.0199890136719,399.1199951171875,400.6999816894531,289.47998046875,58.254451751708984,-0.44793701171875,109882
2579.0,398.3614501953125,395.0999755859375,399.2200012207031,400.7599792480469,289.3999938964844,58.428504943847656,-0.38348388671875,109882
2580.0,398.3179931640625,395.0999755859375,399.3399963378906,400.8399963378906,289.67999267578125,58.17790222167969,-0.3179931640625,109882
2581.0,398.3887939453125,394.94000244140625,399.2799987792969,400.8599853515625,289.91998291015625,57.87493133544922,-0.46881103515625,109882
2582.0,398.4155578613281,394.97998046875,399.2599792480469,400.79998779296875,289.7649841308594,57.94512939453125,-0.45556640625,109882
2583.0,398.4577941894531,395.1199951171875,399.29998779296875,400.7799987792969,290.0199890136719,57.870208740234375,-0.43780517578125,109882
2584.0,398.4905090332031,395.1399841308594,399.2799987792969,400.8199768066406,290.41998291015625,57.70454788208008,-0.47052001953125,109882
2585.0,398.339599609375,395.05999755859375,399.1600036621094,400.7599792480469,291.2200012207031,57.145320892333984,-0.41961669921875,109882
2586.0,398.45513916015625,395.1600036621094,399.2799987792969,400.8199768066406,290.8599853515625,57.409751892089844,-0.47515869140625,109882
2587.0,398.5928039550781,395.05999755859375,399.3199768066406,400.8599853515625,289.8399963378906,57.698143005371094,-0.672821044921875,109882
2588.0,398.28564453125,395.0199890136719,399.1999816894531,400.8199768066406,289.6600036621094,57.93455123901367,-0.405670166015625,109882
2589.0,398.1971130371094,395.1399841308594,399.17999267578125,400.739990234375,290.5199890136719,57.56166458129883,-0.277130126953125,109882
2590.0,398.2772521972656,395.17999267578125,399.239990234375,400.8399963378906,290.30499267578125,57.86903762817383,-0.297271728515625,109882
2591.0,398.57391357421875,395.1600036621094,399.3599853515625,400.94000244140625,289.864990234375,58.20604705810547,-0.533935546875,109882
2592.0,398.4939270019531,395.05999755859375,399.2799987792969,400.8799743652344,289.9599914550781,57.9693717956543,-0.513946533203125,109882
2593.0,398.4049072265625,394.94000244140625,399.1999816894531,400.8799743652344,290.0799865722656,57.84522247314453,-0.564910888671875,109882
2594.0,398.2724914550781,394.8799743652344,399.0799865722656,400.7599792480469,290.3999938964844,57.55669403076172,-0.532501220703125,109882
2595.0,398.231689453125,394.91998291015625,399.0799865722656,400.739990234375,290.5199890136719,57.37846374511719,-0.43170166015625,109882
2596.0,398.4023132324219,395.0799865722656,399.2799987792969,400.91998291015625,290.6199951171875,57.21757125854492,-0.462310791015625,109882
2597.0,398.35205078125,395.0799865722656,399.2200012207031,400.8999938964844,290.5,57.39509582519531,-0.4920654296875,109882
2598.0,398.31243896484375,395.03997802734375,399.0199890136719,400.6399841308594,290.91998291015625,57.144195556640625,-0.552459716796875,109882
2599.0,398.32366943359375,395.0,399.03997802734375,400.67999267578125,290.2799987792969,57.65439224243164,-0.543670654296875,109882
2600.0,398.34344482421875,394.8999938964844,399.0799865722656,400.7200012207031,290.03997802734375,57.83737564086914,-0.563446044921875,109882
2601.0,398.2152099609375,394.8199768066406,399.0,400.6600036621094,290.3599853515625,57.528045654296875,-0.575225830078125,109882
2602.0,398.1564636230469,394.8399963378906,399.0199890136719,400.739990234375,290.47998046875,57.415802001953125,-0.5164794921875,109882
2603.0,398.5825500488281,394.94000244140625,399.1999816894531,400.94378662109375,290.68499755859375,57.292545318603516,-0.7625732421875,109882
2604.0,398.57574462890625,394.9599914550781,399.2799987792969,400.94000244140625,290.5849914550781,57.32846450805664,-0.675750732421875,109882
2605.0,398.6047668457031,395.0,399.3199768066406,400.9599914550781,290.8999938964844,57.082130432128906,-0.644775390625,109882
2606.0,398.6418151855469,395.0799865722656,399.29998779296875,400.91998291015625,290.6600036621094,57.267391204833984,-0.661834716796875,109882
2607.0,398.67041015625,395.1399841308594,399.3399963378906,400.8999938964844,290.2599792480469,57.48139190673828,-0.67041015625,109882
2608.0,398.81829833984375,395.239990234375,399.53997802734375,401.1600036621094,290.3999938964844,57.53851318359375,-0.69830322265625,109882
2609.0,398.6750793457031,395.2200012207031,399.5,401.0837707519531,290.864990234375,57.30081558227539,-0.615081787109375,109882
2610.0,398.6402587890625,395.0999755859375,399.41998291015625,401.03997802734375,290.8399963378906,57.121944427490234,-0.6402587890625,109882
2611.0,398.6866149902344,395.0999755859375,399.29998779296875,400.8999938964844,290.5199890136719,57.3442497253418,-0.706634521484375,109882
2612.0,398.58099365234375,395.2200012207031,399.29998779296875,400.8399963378906,289.79998779296875,57.89561462402344,-0.52099609375,109882
2613.0,398.5993347167969,395.3199768066406,399.41998291015625,400.8599853515625,289.7449951171875,57.997894287109375,-0.37933349609375,109882
2614.0,398.5220642089844,395.29998779296875,399.3399963378906,400.8599853515625,290.55999755859375,57.489990234375,-0.424102783203125,109882
2615.0,398.7613525390625,395.2799987792969,399.3799743652344,400.91998291015625,290.3399963378906,57.6035041809082,-0.70135498046875,109882
2616.0,398.81463623046875,395.2599792480469,399.41998291015625,401.03997802734375,290.7200012207031,57.36848449707031,-0.69464111328125,109882
2617.0,398.6436462402344,395.2799987792969,399.47998046875,401.1600036621094,290.94000244140625,57.355411529541016,-0.483642578125,109882
2618.0,398.7532958984375,395.3999938964844,399.6399841308594,401.3599853515625,290.3199768066406,57.74189376831055,-0.413299560546875,109882
2619.0,398.93359375,395.3599853515625,399.55999755859375,401.239990234375,290.3199768066406,57.71073532104492,-0.673614501953125,109882
2620.0,398.7871398925781,395.239990234375,399.41998291015625,401.0799865722656,290.44000244140625,57.722145080566406,-0.7071533203125,109882
2621.0,398.66644287109375,395.3399963378906,399.47998046875,401.0799865722656,290.8199768066406,57.54721450805664,-0.54644775390625,109882
2622.0,398.32989501953125,395.3399963378906,399.53997802734375,401.1999816894531,291.1199951171875,57.17174530029297,-0.14990234375,109882
2623.0,398.6692199707031,395.4599914550781,399.6600036621094,401.2799987792969,290.6999816894531,57.455787658691406,-0.3492431640625,109882
2624.0,398.72479248046875,395.47998046875,399.6600036621094,401.239990234375,290.1999816894531,57.73660659790039,-0.36480712890625,109882
2625.0,398.8307189941406,395.44000244140625,399.6600036621094,401.2799987792969,290.17999267578125,57.79515838623047,-0.49072265625,109882
2626.0,398.9664306640625,395.4599914550781,399.6399841308594,401.1600036621094,289.7799987792969,58.12818908691406,-0.626434326171875,109882
2627.0,398.9647216796875,395.41998291015625,399.6199951171875,401.17999267578125,289.6399841308594,58.23555374145508,-0.624725341796875,109882
2628.0,398.85870361328125,395.3999938964844,399.5199890136719,401.03997802734375,290.6000061035156,57.57526779174805,-0.598724365234375,109882
2629.0,398.841552734375,395.3599853515625,399.458984375,401.0,289.7599792480469,58.070003509521484,-0.6015625,109882
2630.0,398.8756408691406,395.3999938964844,399.47998046875,401.0799865722656,289.8599853515625,58.05691909790039,-0.61566162109375,109882
2631.0,398.7344055175781,395.53997802734375,399.5799865722656,401.1600036621094,289.91998291015625,58.19683074951172,-0.434417724609375,109882
2632.0,398.7319641113281,395.5,399.47998046875,401.0437927246094,290.1399841308594,57.973472595214844,-0.431976318359375,109882
2633.0,398.7456970214844,395.3599853515625,399.44000244140625,401.0799865722656,290.03997802734375,58.02247619628906,-0.54571533203125,109882
2634.0,398.670654296875,395.3399963378906,399.44000244140625,401.0799865722656,290.4599914550781,57.63727951049805,-0.510650634765625,109882
2635.0,398.6620788574219,395.3799743652344,399.53997802734375,401.1600036621094,290.3199768066406,57.70527267456055,-0.482086181640625,109882
2636.0,398.7293395996094,395.3999938964844,399.6600036621094,401.239990234375,290.0,57.98708724975586,-0.4493408203125,109882
2637.0,398.7804260253906,395.3799743652344,399.6600036621094,401.2599792480469,289.94500732421875,58.27402114868164,-0.52044677734375,109882
2638.0,398.61492919921875,395.3399963378906,399.5,401.0799865722656,290.67999267578125,57.58199691772461,-0.454925537109375,109882
2639.0,398.66363525390625,395.29998779296875,399.55999755859375,401.1399841308594,290.47998046875,57.47243881225586,-0.483642578125,109882
2640.0,398.94500732421875,395.44000244140625,399.6999816894531,401.2599792480469,290.2200012207031,57.76070022583008,-0.64501953125,109882
2641.0,398.8537292480469,395.5,399.7599792480469,401.3399963378906,290.44500732421875,57.94368362426758,-0.51373291015625,109882
2642.0,398.89971923828125,395.53997802734375,399.67999267578125,401.2200012207031,290.6000061035156,58.24262619018555,-0.53973388671875,109882
2643.0,398.8188781738281,395.44000244140625,399.5199890136719,401.03997802734375,290.42498779296875,58.2743034362793,-0.55889892578125,109882
2644.0,398.8851623535156,395.2799987792969,399.3589782714844,400.9599914550781,290.1650085449219,58.133392333984375,-0.765167236328125,109882
2645.0,399.14923095703125,395.41998291015625,399.53997802734375,401.1600036621094,290.3399963378906,58.16146469116211,-0.869232177734375,109882
2646.0,399.2211608886719,395.44000244140625,399.5999755859375,401.239990234375,290.44000244140625,58.029170989990234,-0.90118408203125,109882
2647.0,398.98529052734375,395.3999938964844,399.5199890136719,401.1199951171875,290.47998046875,58.056190490722656,-0.785308837890625,109882
2648.0,398.8089294433594,395.4599914550781,399.4599914550781,401.0199890136719,291.0,57.8598747253418,-0.58892822265625,109882
2649.0,398.8703308105469,395.41998291015625,399.5999755859375,401.20379638671875,291.5199890136719,57.66533660888672,-0.55035400390625,109882
2650.0,398.9232482910156,395.5999755859375,399.8399963378906,401.3799743652344,291.6399841308594,57.56862258911133,-0.4632568359375,109882
2651.0,399.1221008300781,395.6399841308594,399.79998779296875,401.3599853515625,291.7799987792969,57.50868606567383,-0.642120361328125,109882
2652.0,399.1238098144531,395.5199890136719,399.67999267578125,401.1999816894531,291.3800048828125,57.771263122558594,-0.72381591796875,109882
2653.0,398.8437194824219,395.41998291015625,399.5999755859375,401.2799987792969,290.8599853515625,57.876197814941406,-0.50372314453125,109882
2654.0,399.10076904296875,395.5199890136719,399.6199951171875,401.239990234375,290.8199768066406,57.776248931884766,-0.700775146484375,109882
2655.0,399.11712646484375,395.6399841308594,399.739990234375,401.29998779296875,290.8599853515625,57.78510284423828,-0.657135009765625,109882
2656.0,398.8529357910156,395.5199890136719,399.6199951171875,401.0999755859375,290.7799987792969,57.74663543701172,-0.45294189453125,109882
2657.0,398.95404052734375,395.5199890136719,399.6199951171875,401.1399841308594,290.3199768066406,57.78530502319336,-0.574066162109375,109882
2658.0,398.871337890625,395.5199890136719,399.6399841308594,401.2799987792969,290.1399841308594,57.76441955566406,-0.5113525390625,109882
2659.0,398.94842529296875,395.6999816894531,399.8399963378906,401.5199890136719,290.44000244140625,57.73706817626953,-0.44842529296875,109882
2660.0,399.0500183105469,395.7799987792969,399.7799987792969,401.3199768066406,290.55999755859375,57.57229232788086,-0.490020751953125,109882
2661.0,398.8888244628906,395.6399841308594,399.7599792480469,401.29998779296875,290.2049865722656,57.8304443359375,-0.348846435546875,109882
2662.0,399.0283508300781,395.6199951171875,399.7799987792969,401.3599853515625,290.18499755859375,57.935420989990234,-0.488372802734375,109882
2663.0,398.9683837890625,395.5199890136719,399.7799987792969,401.3799743652344,290.1399841308594,58.03024673461914,-0.4884033203125,109882
2664.0,399.042236328125,395.6999816894531,399.91998291015625,401.41998291015625,289.9599914550781,58.0467414855957,-0.4222412109375,109882
2665.0,398.9853515625,395.7200012207031,400.0,401.5799865722656,290.41998291015625,57.75975799560547,-0.325347900390625,109882
2666.0,399.0825500488281,395.6199951171875,399.8399963378906,401.44000244140625,289.9599914550781,57.93830108642578,-0.522552490234375,109882
2667.0,398.70550537109375,395.5799865722656,399.6600036621094,401.17999267578125,290.05999755859375,57.900718688964844,-0.2855224609375,109882
2668.0,398.9692077636719,395.6199951171875,399.79998779296875,401.3199768066406,289.7799987792969,58.080711364746094,-0.409210205078125,109882
2669.0,398.8411560058594,395.5999755859375,399.7799987792969,401.3599853515625,289.7250061035156,58.11952209472656,-0.341156005859375,109882
2670.0,398.805419921875,395.5799865722656,399.8199768066406,401.47998046875,290.1999816894531,57.718170166015625,-0.26544189453125,109882
2671.0,398.7456970214844,395.47998046875,399.739990234375,401.41998291015625,289.8399963378906,57.93212890625,-0.325714111328125,109882
2672.0,398.7401123046875,395.55999755859375,399.7799987792969,401.41998291015625,289.6999816894531,58.28404998779297,-0.30010986328125,109882
2673.0,398.88482666015625,395.6600036621094,399.8599853515625,401.41998291015625,289.3999938964844,58.68622589111328,-0.38482666015625,109882
2674.0,398.8861999511719,395.55999755859375,399.67999267578125,401.3199768066406,289.6000061035156,58.53693771362305,-0.4862060546875,109882
2675.0,398.93707275390625,395.5799865722656,399.6600036621094,401.2799987792969,289.4599914550781,58.31412124633789,-0.557098388671875,109882
2676.0,398.9002685546875,395.67999267578125,399.6999816894531,401.2599792480469,289.67999267578125,58.298221588134766,-0.440277099609375,109882
2677.0,399.0550537109375,395.6600036621094,399.739990234375,401.3199768066406,289.3599853515625,58.30949783325195,-0.5550537109375,109882
2678.0,399.2596435546875,395.6999816894531,399.8799743652344,401.47998046875,289.7200012207031,58.31298065185547,-0.679656982421875,109882
2679.0,399.26776123046875,395.6999816894531,399.9389953613281,401.53997802734375,289.5799865722656,58.44496154785156,-0.707763671875,109882
2680.0,399.26025390625,395.6999816894531,399.8799743652344,401.44000244140625,289.6600036621094,58.359615325927734,-0.740264892578125,109882
2681.0,399.1895751953125,395.7200012207031,399.8999938964844,401.47998046875,289.79998779296875,58.44821548461914,-0.669586181640625,109882
2682.0,399.3623352050781,395.6399841308594,399.8199768066406,401.41998291015625,289.7250061035156,58.39717483520508,-0.862335205078125,109882
2683.0,399.5273742675781,395.6199951171875,399.94000244140625,401.5799865722656,289.864990234375,58.23938751220703,-1.00738525390625,109882
2684.0,399.45709228515625,395.6399841308594,399.8599853515625,401.55999755859375,289.4599914550781,58.736942291259766,-0.937103271484375,109882
2685.0,399.1296691894531,395.6199951171875,399.8199768066406,401.4599914550781,289.6999816894531,58.838504791259766,-0.649688720703125,109882
2686.0,399.2179260253906,395.5799865722656,399.8599853515625,401.5199890136719,289.739990234375,58.60108947753906,-0.737945556640625,109882
2687.0,399.16497802734375,395.53997802734375,399.8799743652344,401.5199890136719,289.2850036621094,58.581233978271484,-0.66497802734375,109882
2688.0,399.1685485839844,395.6399841308594,399.8199768066406,401.3999938964844,289.8599853515625,58.2536506652832,-0.628570556640625,109882
2689.0,399.1361083984375,395.6199951171875,399.6999816894531,401.3599853515625,290.125,58.01295852661133,-0.676116943359375,109882
2690.0,399.1545715332031,395.6399841308594,399.7799987792969,401.3599853515625,290.6199951171875,58.04515838623047,-0.5745849609375,109882
2691.0,399.1511535644531,395.7200012207031,399.8599853515625,401.5,290.2799987792969,58.21638107299805,-0.551177978515625,109882
2692.0,399.3352966308594,395.8199768066406,400.03997802734375,401.67999267578125,289.91998291015625,58.232391357421875,-0.63531494140625,109882
2693.0,399.1731872558594,395.79998779296875,399.97998046875,401.53997802734375,289.55999755859375,58.47629928588867,-0.47320556640625,109882
2694.0,399.3296203613281,395.7599792480469,400.0,401.55999755859375,289.6399841308594,58.46477127075195,-0.629638671875,109882
2695.0,399.16766357421875,395.6999816894531,399.91998291015625,401.53997802734375,289.97998046875,58.36869812011719,-0.54766845703125,109882
2696.0,399.22210693359375,395.7200012207031,399.8999938964844,401.5199890136719,290.29998779296875,58.36783218383789,-0.68212890625,109882
2697.0,399.2398681640625,395.79998779296875,399.9599914550781,401.6600036621094,290.1600036621094,58.51377487182617,-0.639892578125,109882
2698.0,399.1559143066406,395.6999816894531,399.8799743652344,401.47998046875,290.44000244140625,58.1185188293457,-0.595916748046875,109882
2699.0,399.25653076171875,395.7799987792969,400.03997802734375,401.6999816894531,291.0799865722656,57.636234283447266,-0.63653564453125,109882
2700.0,399.1256408691406,395.7200012207031,399.9599914550781,401.5799865722656,291.2599792480469,57.453948974609375,-0.525665283203125,109882
2701.0,399.15240478515625,395.8399963378906,400.0,401.5799865722656,290.9599914550781,57.69404602050781,-0.452423095703125,109882
2702.0,399.1089782714844,395.7599792480469,399.8999938964844,401.44000244140625,291.17999267578125,57.627410888671875,-0.468994140625,109882
2703.0,399.1492919921875,395.79998779296875,399.9599914550781,401.47998046875,290.7200012207031,57.826507568359375,-0.489288330078125,109882
2704.0,399.3278503417969,395.8799743652344,400.1399841308594,401.6399841308594,290.7799987792969,57.85749816894531,-0.50787353515625,109882
2705.0,399.17559814453125,395.8199768066406,400.0999755859375,401.67999267578125,290.3800048828125,57.96855545043945,-0.395599365234375,109882
2706.0,399.0783996582031,395.7200012207031,399.9599914550781,401.5199890136719,290.3999938964844,57.92157745361328,-0.478424072265625,109882
2707.0,399.1960754394531,395.8399963378906,400.0799865722656,401.6399841308594,290.41998291015625,58.047760009765625,-0.456085205078125,109882
2708.0,399.333984375,395.8799743652344,400.1399841308594,401.6600036621094,290.44000244140625,57.94788360595703,-0.553985595703125,109882
2709.0,399.34881591796875,395.9599914550781,400.2599792480469,401.7799987792969,290.6399841308594,57.793914794921875,-0.448822021484375,109882
2710.0,399.1283264160156,395.8999938964844,400.1999816894531,401.82379150390625,290.67999267578125,57.885780334472656,-0.268341064453125,109882
2711.0,399.2402038574219,395.91998291015625,400.1600036621094,401.79998779296875,290.47998046875,57.87226486206055,-0.380218505859375,109882
2712.0,399.3332824707031,395.67999267578125,399.97998046875,401.739990234375,290.6600036621094,57.697994232177734,-0.67327880859375,109882
2713.0,399.361083984375,395.5999755859375,399.8799743652344,401.6399841308594,290.79998779296875,57.60576629638672,-0.7410888671875,109882
2714.0,399.2134094238281,395.6999816894531,399.8799743652344,401.53997802734375,290.44500732421875,57.89641571044922,-0.613433837890625,109882
2715.0,399.7572326660156,395.7799987792969,400.1399841308594,401.8799743652344,289.7599792480469,58.32640075683594,-1.0372314453125,109882
2716.0,399.5973205566406,395.79998779296875,400.0999755859375,401.7200012207031,290.739990234375,57.74873733520508,-0.917327880859375,109882
2717.0,399.501220703125,395.8599853515625,400.0199890136719,401.5999755859375,290.6000061035156,57.85051727294922,-0.82122802734375,109882
2718.0,399.6285705566406,395.94000244140625,400.17999267578125,401.8799743652344,290.6399841308594,58.00371170043945,-0.828582763671875,109882
2719.0,399.8187255859375,395.8599853515625,400.17999267578125,402.03997802734375,290.44000244140625,58.008689880371094,-1.038726806640625,109882
2720.0,399.6576843261719,395.8999938964844,400.1199951171875,401.9037780761719,290.6000061035156,57.755943298339844,-0.857696533203125,109882
2721.0,399.7774658203125,396.03997802734375,400.2599792480469,401.97998046875,290.1399841308594,58.036434173583984,-0.817474365234375,109882
2722.0,399.4299011230469,395.97998046875,399.97998046875,401.6600036621094,290.4599914550781,57.83479309082031,-0.64990234375,109882
2723.0,399.54150390625,395.94000244140625,400.0,401.91998291015625,290.7799987792969,57.61702346801758,-0.801513671875,109882
2724.0,399.5838928222656,396.0199890136719,400.1199951171875,401.8599853515625,291.0,57.383766174316406,-0.763916015625,109882
2725.0,399.5063781738281,396.03997802734375,400.1999816894531,401.8999938964844,290.739990234375,57.560367584228516,-0.646392822265625,109882
2726.0,399.52545166015625,396.05999755859375,400.2200012207031,401.8999938964844,291.05999755859375,57.43879318237305,-0.58544921875,109882
2727.0,399.5107421875,395.9599914550781,400.1600036621094,401.79998779296875,290.8599853515625,57.58909225463867,-0.670745849609375,109882
2728.0,399.4942321777344,395.94000244140625,400.1199951171875,401.67999267578125,290.79998779296875,57.48442077636719,-0.694244384765625,109882
2729.0,399.6033020019531,396.0799865722656,400.2599792480469,401.8199768066406,290.97998046875,57.418678283691406,-0.663299560546875,109882
2730.0,399.5374755859375,396.1600036621094,400.2799987792969,401.91998291015625,291.5,57.09236145019531,-0.5374755859375,109882
2731.0,399.5169982910156,396.1399841308594,400.3199768066406,401.8599853515625,290.97998046875,57.605186462402344,-0.516998291015625,109882
2732.0,399.4794616699219,396.1399841308594,400.29998779296875,401.8399963378906,290.739990234375,57.81211471557617,-0.479461669921875,109882
2733.0,399.43194580078125,396.0799865722656,400.2200012207031,401.7799987792969,290.8199768066406,57.692169189453125,-0.491943359375,109882
2734.0,399.4341125488281,396.0199890136719,400.1600036621094,401.739990234375,291.0050048828125,57.56934356689453,-0.55413818359375,109882
2735.0,399.518798828125,396.0799865722656,400.239990234375,401.79998779296875,290.97998046875,57.61416244506836,-0.538818359375,109882
2736.0,399.4834289550781,396.0799865722656,400.2200012207031,401.7599792480469,290.8800048828125,57.714561462402344,-0.563446044921875,109882
2737.0,399.5794372558594,396.05999755859375,400.2599792480469,401.8199768066406,290.79998779296875,57.72725296020508,-0.639434814453125,109882
2738.0,399.5709228515625,396.0999755859375,400.29998779296875,401.8799743652344,290.739990234375,57.83945083618164,-0.63092041015625,109882
2739.0,399.5240783691406,396.0,400.29998779296875,401.91998291015625,290.5,57.960662841796875,-0.64410400390625,109882
2740.0,399.5118103027344,396.0999755859375,400.3199768066406,402.0799865722656,290.1600036621094,58.139137268066406,-0.55181884765625,109882
2741.0,399.4175109863281,396.1199951171875,400.29998779296875,401.97998046875,290.3199768066406,58.1824951171875,-0.417510986328125,109882
2742.0,399.46978759765625,396.0999755859375,400.2599792480469,401.7799987792969,290.1600036621094,58.20419692993164,-0.48980712890625,109882
2743.0,399.3431396484375,395.9599914550781,400.1600036621094,401.739990234375,290.6199951171875,57.911251068115234,-0.483154296875,109882
2744.0,399.3433532714844,396.0199890136719,400.1600036621094,401.7799987792969,290.8800048828125,57.8663444519043,-0.483367919921875,109882
2745.0,399.2803649902344,396.0199890136719,400.1399841308594,401.7200012207031,290.7799987792969,58.05903625488281,-0.44036865234375,109882
2746.0,399.35345458984375,396.03997802734375,400.17999267578125,401.739990234375,290.8999938964844,57.98679733276367,-0.473480224609375,109882
2747.0,399.151611328125,396.05999755859375,400.0999755859375,401.6600036621094,290.29998779296875,58.33531188964844,-0.271636962890625,109882
2748.0,399.4147033691406,396.2599792480469,400.3799743652344,401.9599914550781,290.2599792480469,58.322532653808594,-0.294708251953125,109882
2749.0,399.43829345703125,396.2200012207031,400.4599914550781,402.0999755859375,290.44000244140625,58.287017822265625,-0.31829833984375,109882
2750.0,399.5439758300781,396.17999267578125,400.41998291015625,401.97998046875,290.739990234375,57.96738052368164,-0.4639892578125,109882
2751.0,399.515869140625,396.17999267578125,400.44000244140625,402.0,290.5799865722656,57.97074508666992,-0.435882568359375,109882
2752.0,399.6065368652344,396.1999816894531,400.47998046875,402.0999755859375,291.1999816894531,57.78532409667969,-0.506561279296875,109882
2753.0,399.54144287109375,396.0799865722656,400.3199768066406,402.0,291.06500244140625,57.81926345825195,-0.6214599609375,109882
2754.0,399.4512939453125,396.0199890136719,400.1600036621094,401.7799987792969,291.29998779296875,57.54274368286133,-0.691314697265625,109882
2755.0,399.6017761230469,396.1399841308594,400.3199768066406,402.0,290.7599792480469,57.99901580810547,-0.64178466796875,109882
2756.0,399.7250671386719,396.2200012207031,400.4599914550781,402.0999755859375,291.0199890136719,57.87147521972656,-0.665069580078125,109882
2757.0,399.5356750488281,396.2799987792969,400.5,402.17999267578125,291.04498291015625,57.79057693481445,-0.4556884765625,109882
2758.0,399.4691162109375,396.3999938964844,400.55999755859375,402.1199951171875,291.239990234375,57.764095306396484,-0.2291259765625,109882
2759.0,399.8360595703125,396.3399963378906,400.5799865722656,402.1399841308594,291.0249938964844,57.80126190185547,-0.636077880859375,109882
2760.0,400.091796875,396.2599792480469,400.6399841308594,402.2637939453125,290.91998291015625,57.77956008911133,-0.891815185546875,109882
2761.0,399.9541320800781,396.2200012207031,400.53997802734375,402.17999267578125,290.9049987792969,57.697174072265625,-0.79412841796875,109882
2762.0,399.94915771484375,396.29998779296875,400.55999755859375,402.2200012207031,290.7799987792969,57.893638610839844,-0.809173583984375,109882
2763.0,399.83294677734375,396.3599853515625,400.5799865722656,402.20379638671875,290.739990234375,58.010677337646484,-0.59295654296875,109882
2764.0,399.789306640625,396.3399963378906,400.53997802734375,402.1600036621094,290.47998046875,57.97899627685547,-0.60931396484375,109882
2765.0,399.7015686035156,396.1999816894531,400.3999938964844,402.0037841796875,290.7049865722656,57.888431549072266,-0.62158203125,109882
2766.0,399.5845947265625,396.0799865722656,400.2200012207031,401.8199768066406,291.2799987792969,57.57034683227539,-0.624603271484375,109882
2767.0,399.6879577636719,396.2200012207031,400.3799743652344,401.8837890625,290.79998779296875,57.982696533203125,-0.60797119140625,109882
2768.0,399.7135314941406,396.2799987792969,400.53997802734375,402.1600036621094,291.0849914550781,57.77880096435547,-0.4935302734375,109882
2769.0,399.7763977050781,396.17999267578125,400.5,402.1199951171875,290.55999755859375,58.211612701416016,-0.63641357421875,109882
2770.0,399.8100891113281,396.2799987792969,400.47998046875,402.0199890136719,290.5799865722656,58.30009841918945,-0.67010498046875,109882
2771.0,399.99993896484375,396.3399963378906,400.55999755859375,402.1199951171875,291.0,57.81472396850586,-0.779937744140625,109882
2772.0,399.9003601074219,396.3599853515625,400.6399841308594,402.2799987792969,291.06500244140625,57.59438705444336,-0.660369873046875,109882
2773.0,399.93804931640625,396.4599914550781,400.7799987792969,402.3599853515625,290.8399963378906,57.83345031738281,-0.598052978515625,109882
2774.0,399.9059753417969,396.41998291015625,400.6600036621094,402.1999816894531,290.8199768066406,58.162132263183594,-0.56597900390625,109882
2775.0,400.0322570800781,396.5,400.7599792480469,402.3599853515625,290.8999938964844,58.23539733886719,-0.63226318359375,109882
2776.0,400.01580810546875,396.44000244140625,400.6999816894531,402.4599914550781,290.53997802734375,58.33267593383789,-0.695831298828125,109882
2777.0,399.77734375,396.3599853515625,400.5199890136719,402.1199951171875,290.7799987792969,58.124637603759766,-0.557342529296875,109882
2778.0,399.83447265625,396.41998291015625,400.5199890136719,402.1199951171875,290.6000061035156,58.25314712524414,-0.634490966796875,109882
2779.0,399.8866271972656,396.3399963378906,400.5,402.17999267578125,290.3800048828125,58.49964904785156,-0.74664306640625,109882
2780.0,400.02569580078125,396.3599853515625,400.6399841308594,402.3199768066406,290.29998779296875,58.67230224609375,-0.7257080078125,109882
2781.0,399.9109802246094,396.3999938964844,400.5999755859375,402.2200012207031,290.6600036621094,58.59566116333008,-0.59100341796875,109882
2782.0,399.8828430175781,396.41998291015625,400.6399841308594,402.2200012207031,289.6600036621094,58.78479766845703,-0.5428466796875,109882
2783.0,399.31549072265625,396.2799987792969,400.5199890136719,402.2799987792969,289.8800048828125,58.5201301574707,-0.135498046875,109882
2784.0,399.7366638183594,396.41998291015625,400.6199951171875,402.2599792480469,290.1999816894531,58.360233306884766,-0.41668701171875,109882
2785.0,399.869140625,396.41998291015625,400.5,402.1199951171875,290.94000244140625,57.91122817993164,-0.589141845703125,109882
2786.0,399.7139587402344,396.3399963378906,400.41998291015625,402.0199890136719,290.79998779296875,57.81919479370117,-0.51397705078125,109882
2787.0,399.785400390625,396.41998291015625,400.53997802734375,402.0999755859375,290.2850036621094,58.233619689941406,-0.525421142578125,109882
2788.0,399.9207763671875,396.3599853515625,400.55999755859375,402.1999816894531,290.739990234375,58.14327621459961,-0.660797119140625,109882
2789.0,399.88287353515625,396.3799743652344,400.6999816894531,402.3399963378906,291.03997802734375,57.774497985839844,-0.52288818359375,109882
2790.0,400.1678466796875,396.41998291015625,400.7799987792969,402.44000244140625,290.6600036621094,57.9839973449707,-0.74786376953125,109882
2791.0,400.02239990234375,396.29998779296875,400.6399841308594,402.2599792480469,290.53997802734375,57.974365234375,-0.682403564453125,109882
2792.0,399.98712158203125,396.53997802734375,400.79998779296875,402.41998291015625,291.1000061035156,57.8060302734375,-0.547119140625,109882
2793.0,400.1789245605469,396.5999755859375,400.8799743652344,402.5199890136719,291.1000061035156,57.87920379638672,-0.698944091796875,109882
2794.0,400.25970458984375,396.6399841308594,400.9599914550781,402.5999755859375,290.8800048828125,57.89287185668945,-0.69970703125,109882
2795.0,400.24078369140625,396.55999755859375,400.8199768066406,402.47998046875,290.94000244140625,57.80010223388672,-0.780792236328125,109882
2796.0,399.9640808105469,396.47998046875,400.6999816894531,402.3999938964844,290.91998291015625,57.82032775878906,-0.604095458984375,109882
2797.0,400.13531494140625,396.53997802734375,400.6999816894531,402.3199768066406,290.7250061035156,57.976226806640625,-0.77532958984375,109882
2798.0,400.1622009277344,396.55999755859375,400.7200012207031,402.3399963378906,290.6399841308594,58.0345573425293,-0.76220703125,109882
2799.0,400.08746337890625,396.29998779296875,400.5999755859375,402.29998779296875,290.80499267578125,57.93190383911133,-0.807464599609375,109882
2800.0,400.0984191894531,396.3599853515625,400.5999755859375,402.239990234375,290.55999755859375,57.99953842163086,-0.7784423828125,109882
2801.0,400.025146484375,396.5199890136719,400.6399841308594,402.239990234375,290.53997802734375,58.04154586791992,-0.6651611328125,109882
2802.0,400.20703125,396.47998046875,400.5999755859375,402.3399963378906,290.53997802734375,58.05030059814453,-0.927032470703125,109882
2803.0,400.0438232421875,396.3999938964844,400.5999755859375,402.3399963378906,290.9599914550781,57.71135711669922,-0.783843994140625,109882
2804.0,399.98748779296875,396.4599914550781,400.6600036621094,402.3199768066406,290.8599853515625,57.706241607666016,-0.5675048828125,109882
2805.0,400.0093688964844,396.5,400.6999816894531,402.2200012207031,291.03997802734375,57.752777099609375,-0.589385986328125,109882
2806.0,399.90106201171875,396.44000244140625,400.6600036621094,402.239990234375,290.6199951171875,57.976619720458984,-0.501068115234375,109882
2807.0,399.96881103515625,396.5199890136719,400.8189697265625,402.44000244140625,290.05999755859375,58.42808532714844,-0.588836669921875,109882
2808.0,400.2278137207031,396.55999755859375,400.8799743652344,402.5,289.8199768066406,58.682350158691406,-0.82781982421875,109882
2809.0,400.0567321777344,396.4599914550781,400.67999267578125,402.3199768066406,290.17999267578125,58.68532943725586,-0.756744384765625,109882
2810.0,400.02862548828125,396.5,400.53997802734375,402.17999267578125,289.9599914550781,58.82727813720703,-0.78863525390625,109882
2811.0,399.9662170410156,396.4599914550781,400.6399841308594,402.2599792480469,290.44000244140625,58.61387252807617,-0.666229248046875,109882
2812.0,399.98284912109375,396.47998046875,400.7200012207031,402.2799987792969,290.5,58.26512908935547,-0.662872314453125,109882
2813.0,399.9277648925781,396.47998046875,400.7200012207031,402.3599853515625,290.3800048828125,58.37837600708008,-0.5877685546875,109882
2814.0,399.86578369140625,396.47998046875,400.6600036621094,402.2599792480469,290.5799865722656,58.3331298828125,-0.525787353515625,109882
2815.0,400.0424499511719,396.53997802734375,400.7799987792969,402.44000244140625,290.06500244140625,58.78474426269531,-0.58245849609375,109882
2816.0,400.04541015625,396.5199890136719,400.8199768066406,402.47998046875,290.6449890136719,58.395233154296875,-0.62542724609375,109882
2817.0,399.8072204589844,396.5199890136719,400.6199951171875,402.29998779296875,291.1000061035156,57.97629165649414,-0.5272216796875,109882
2818.0,399.9327392578125,396.6399841308594,400.7599792480469,402.3999938964844,291.1399841308594,57.95041275024414,-0.472747802734375,109882
2819.0,400.12091064453125,396.79998779296875,401.03997802734375,402.53997802734375,291.47998046875,57.623329162597656,-0.460906982421875,109882
2820.0,400.13018798828125,396.67999267578125,400.97998046875,402.5,291.54498291015625,57.545345306396484,-0.53021240234375,109882
2821.0,400.13128662109375,396.7200012207031,401.03997802734375,402.5799865722656,291.239990234375,58.110660552978516,-0.491302490234375,109882
2822.0,400.0821228027344,396.6600036621094,400.91998291015625,402.53997802734375,291.0,58.00102615356445,-0.542144775390625,109882
2823.0,399.9990539550781,396.5199890136719,400.7200012207031,402.3599853515625,290.9599914550781,57.96054458618164,-0.6590576171875,109882
2824.0,399.9079895019531,396.5,400.6600036621094,402.3199768066406,291.1199951171875,57.91706848144531,-0.5679931640625,109882
2825.0,399.9735107421875,396.6600036621094,400.739990234375,402.2799987792969,291.05999755859375,57.8325080871582,-0.513519287109375,109882
2826.0,400.1418151855469,396.6999816894531,400.8399963378906,402.3999938964844,291.1399841308594,57.923152923583984,-0.641815185546875,109882
2827.0,400.2555236816406,396.79998779296875,401.0,402.53997802734375,291.47998046875,57.65235137939453,-0.59552001953125,109882
2828.0,400.2929992675781,396.7200012207031,401.0199890136719,402.53997802734375,291.8999938964844,57.513126373291016,-0.613006591796875,109882
2829.0,400.22589111328125,396.7200012207031,400.97998046875,402.53997802734375,291.79998779296875,57.592918395996094,-0.585906982421875,109882
2830.0,400.1307373046875,396.6999816894531,400.8999938964844,402.5199890136719,291.29998779296875,58.00828170776367,-0.550750732421875,109882
2831.0,400.31011962890625,396.7200012207031,400.9599914550781,402.47998046875,290.67999267578125,58.27524948120117,-0.630126953125,109882
2832.0,400.32318115234375,396.6999816894531,400.91998291015625,402.44000244140625,290.2200012207031,58.302093505859375,-0.683197021484375,109882
2833.0,400.1973876953125,396.7200012207031,400.94000244140625,402.5,290.7599792480469,58.256168365478516,-0.557403564453125,109882
2834.0,400.2926025390625,396.8399963378906,401.0199890136719,402.55999755859375,291.0799865722656,58.20176696777344,-0.61260986328125,109882
2835.0,400.1907043457031,396.739990234375,400.8999938964844,402.47998046875,291.2799987792969,57.980934143066406,-0.590728759765625,109882
2836.0,400.073486328125,396.7200012207031,400.8799743652344,402.44000244140625,291.239990234375,57.985557556152344,-0.4735107421875,109882
2837.0,399.9805908203125,396.67999267578125,400.9599914550781,402.6199951171875,291.2799987792969,57.965091705322266,-0.400604248046875,109882
2838.0,399.9522705078125,396.7599792480469,401.0199890136719,402.6199951171875,291.41998291015625,57.926910400390625,-0.372283935546875,109882
2839.0,400.0416564941406,396.8999938964844,401.0,402.53997802734375,291.6000061035156,57.77996063232422,-0.361663818359375,109882
2840.0,400.2574462890625,396.8399963378906,401.03997802734375,402.6199951171875,291.1600036621094,58.07743453979492,-0.57745361328125,109882
2841.0,400.44415283203125,396.8999938964844,401.1399841308594,402.6999816894531,291.44000244140625,57.826786041259766,-0.624176025390625,109882
2842.0,400.3146057128906,396.8599853515625,401.1399841308594,402.6999816894531,291.3800048828125,57.667236328125,-0.55462646484375,109882
2843.0,400.3499755859375,396.8799743652344,401.1199951171875,402.79998779296875,291.5,57.74543380737305,-0.54998779296875,109882
2844.0,400.3824462890625,396.8399963378906,401.05999755859375,402.6600036621094,291.3399963378906,57.92927169799805,-0.6424560546875,109882
2845.0,400.2785949707031,396.7799987792969,401.03997802734375,402.67999267578125,290.9599914550781,58.03977584838867,-0.598602294921875,109882
2846.0,400.48565673828125,396.8199768066406,401.239990234375,402.8199768066406,290.53997802734375,58.150360107421875,-0.705657958984375,109882
2847.0,400.5469665527344,396.7799987792969,401.2799987792969,402.91998291015625,290.3399963378906,58.38852310180664,-0.70697021484375,109882
2848.0,400.7230529785156,396.7599792480469,401.1999816894531,402.94378662109375,290.1000061035156,58.46539306640625,-0.94305419921875,109882
2849.0,400.65582275390625,396.8799743652344,401.1999816894531,402.8399963378906,290.2599792480469,58.46157455444336,-0.8558349609375,109882
2850.0,400.29754638671875,396.8999938964844,401.1600036621094,402.739990234375,290.0199890136719,58.73025894165039,-0.55755615234375,109882
2851.0,400.4503479003906,396.94000244140625,401.1999816894531,402.79998779296875,290.05999755859375,58.77586364746094,-0.650360107421875,109882
2852.0,400.4721374511719,396.8399963378906,401.1600036621094,402.739990234375,290.3199768066406,58.4927864074707,-0.712158203125,109882
2853.0,400.2973937988281,396.8199768066406,401.1999816894531,402.79998779296875,290.4599914550781,58.50779724121094,-0.51739501953125,109882
2854.0,400.4250183105469,396.8599853515625,401.2799987792969,402.9599914550781,290.5199890136719,58.626991271972656,-0.625030517578125,109882
2855.0,400.712890625,396.8599853515625,401.3199768066406,403.0,290.2250061035156,58.77334213256836,-0.932891845703125,109882
2856.0,400.78826904296875,396.79998779296875,401.2599792480469,402.8999938964844,290.1199951171875,58.65587615966797,-0.98828125,109882
2857.0,400.4583740234375,396.8199768066406,401.1399841308594,402.7599792480469,290.29998779296875,58.65739440917969,-0.65838623046875,109882
2858.0,400.1700744628906,396.8199768066406,401.05999755859375,402.6199951171875,290.6000061035156,58.365203857421875,-0.39007568359375,109882
2859.0,400.18426513671875,396.8999938964844,401.1199951171875,402.6600036621094,290.55999755859375,58.439613342285156,-0.32427978515625,109882
2860.0,400.3081970214844,396.8399963378906,401.2799987792969,402.8399963378906,290.30499267578125,58.55784225463867,-0.448211669921875,109882
2861.0,400.25775146484375,396.8199768066406,401.3599853515625,402.94000244140625,290.55999755859375,58.39483642578125,-0.437774658203125,109882
2862.0,400.25738525390625,396.8999938964844,401.2200012207031,402.8799743652344,290.94000244140625,58.14389419555664,-0.497406005859375,109882
2863.0,400.32269287109375,396.8999938964844,401.0999755859375,402.7200012207031,290.8199768066406,58.19553756713867,-0.58270263671875,109882
2864.0,400.42034912109375,396.97998046875,401.1999816894531,402.7799987792969,291.1000061035156,57.9937744140625,-0.540374755859375,109882
2865.0,400.3098449707031,397.1199951171875,401.2599792480469,402.7637939453125,291.3800048828125,57.83959197998047,-0.309844970703125,109882
2866.0,400.4186706542969,397.1999816894531,401.29998779296875,402.8999938964844,291.44000244140625,57.863712310791016,-0.398681640625,109882
2867.0,400.43115234375,397.0999755859375,401.1999816894531,402.79998779296875,291.3599853515625,57.95494079589844,-0.531158447265625,109882
2868.0,400.7779235839844,397.0799865722656,401.2200012207031,402.8799743652344,290.8800048828125,58.3248176574707,-0.81793212890625,109882
2869.0,400.9898986816406,397.1600036621094,401.3999938964844,403.1399841308594,290.7449951171875,58.561546325683594,-0.909912109375,109882
2870.0,400.710205078125,397.1399841308594,401.3599853515625,403.1199951171875,290.6600036621094,58.721561431884766,-0.710205078125,109882
2871.0,400.65576171875,397.0799865722656,401.3399963378906,403.0037841796875,290.6600036621094,58.48373031616211,-0.67578125,109882
2872.0,400.6957092285156,397.05999755859375,401.2599792480469,402.9599914550781,290.8999938964844,58.48583221435547,-0.715728759765625,109882
2873.0,400.6765441894531,397.05999755859375,401.2599792480469,402.97998046875,290.8800048828125,58.427490234375,-0.756561279296875,109882
2874.0,400.5721130371094,397.03997802734375,401.2200012207031,402.94000244140625,290.8399963378906,58.383392333984375,-0.672119140625,109882
2875.0,400.7093811035156,397.1600036621094,401.3799743652344,402.97998046875,290.7599792480469,58.413665771484375,-0.649383544921875,109882
2876.0,400.7095031738281,397.1600036621094,401.41998291015625,403.03997802734375,290.67999267578125,58.49602127075195,-0.669525146484375,109882
2877.0,400.4964599609375,397.0199890136719,401.2200012207031,402.8399963378906,290.6600036621094,58.56907272338867,-0.57647705078125,109882
2878.0,400.46441650390625,397.0199890136719,401.2200012207031,402.8199768066406,290.7200012207031,58.492549896240234,-0.5244140625,109882
2879.0,400.3930969238281,397.03997802734375,401.2200012207031,402.8199768066406,290.5199890136719,58.46337890625,-0.473114013671875,109882
2880.0,400.3555603027344,397.0799865722656,401.2200012207031,402.8199768066406,289.94500732421875,58.62020492553711,-0.39556884765625,109882
2881.0,400.6455993652344,397.0199890136719,401.1600036621094,402.8399963378906,289.47998046875,58.609161376953125,-0.74560546875,109882
2882.0,400.5104064941406,396.9599914550781,401.2200012207031,402.8599853515625,289.7599792480469,58.49733352661133,-0.6904296875,109882
2883.0,400.3609924316406,396.9599914550781,401.1999816894531,402.8399963378906,290.625,58.23677062988281,-0.561004638671875,109882
2884.0,400.3573913574219,397.0199890136719,401.3399963378906,402.97998046875,290.1999816894531,58.598670959472656,-0.439422607421875,109882
2885.0,400.4382019042969,397.05999755859375,401.3999938964844,403.0199890136719,289.6600036621094,59.14645767211914,-0.458221435546875,109882
2886.0,400.4946594238281,397.0999755859375,401.3199768066406,402.97998046875,290.0,58.98170471191406,-0.514678955078125,109882
2887.0,400.7763977050781,397.1199951171875,401.3199768066406,403.0799865722656,290.3199768066406,58.761810302734375,-0.81640625,109882
2888.0,400.6972351074219,396.97998046875,401.17999267578125,402.8999938964844,290.47998046875,58.57613754272461,-0.837249755859375,109882
2889.0,400.4975280761719,397.05999755859375,401.29998779296875,402.8999938964844,290.6199951171875,58.628944396972656,-0.517547607421875,109882
2890.0,400.3115539550781,397.05999755859375,401.2799987792969,402.94000244140625,290.6600036621094,58.34687042236328,-0.331573486328125,109882
2891.0,400.236083984375,396.9599914550781,401.1600036621094,402.8599853515625,291.4599914550781,57.951202392578125,-0.43609619140625,109882
2892.0,400.5455017089844,396.8799743652344,401.239990234375,402.97998046875,291.8199768066406,57.68545150756836,-0.685516357421875,109882
2893.0,400.5278625488281,396.8799743652344,401.3199768066406,403.0199890136719,291.2799987792969,57.97120666503906,-0.607879638671875,109882
2894.0,400.6870422363281,396.97998046875,401.4599914550781,403.0999755859375,290.67999267578125,58.41663360595703,-0.707061767578125,109882
2895.0,400.7218322753906,397.0199890136719,401.3399963378906,402.91998291015625,290.67999267578125,58.58723831176758,-0.741851806640625,109882
2896.0,400.8294372558594,397.0999755859375,401.3199768066406,402.8399963378906,290.8249816894531,58.436790466308594,-0.8094482421875,109882
2897.0,401.1741943359375,397.3199768066406,401.5999755859375,403.239990234375,291.1999816894531,58.37040710449219,-0.954193115234375,109882
2898.0,400.92047119140625,397.2599792480469,401.5,403.1600036621094,290.9599914550781,58.50587463378906,-0.780487060546875,109882
2899.0,400.758544921875,397.2200012207031,401.5199890136719,403.17999267578125,291.0799865722656,58.21443557739258,-0.6385498046875,109882
2900.0,400.731689453125,397.1999816894531,401.55999755859375,403.2799987792969,291.3199768066406,57.970977783203125,-0.571685791015625,109882
2901.0,400.96923828125,397.4599914550781,401.7599792480469,403.3599853515625,291.53997802734375,57.951236724853516,-0.629241943359375,109882
2902.0,401.1204833984375,397.4599914550781,401.8199768066406,403.3799743652344,291.0,58.463993072509766,-0.6405029296875,109882
2903.0,400.9743347167969,397.3399963378906,401.5799865722656,403.2599792480469,291.29998779296875,58.30214309692383,-0.674346923828125,109882
2904.0,400.8206481933594,397.2799987792969,401.5199890136719,403.05999755859375,291.3399963378906,58.28096389770508,-0.5606689453125,109882
2905.0,400.8114318847656,397.3199768066406,401.5999755859375,403.1600036621094,291.0199890136719,58.5542106628418,-0.511444091796875,109882
2906.0,400.84710693359375,397.3999938964844,401.6999816894531,403.2799987792969,290.739990234375,58.70954132080078,-0.48712158203125,109882
2907.0,401.04620361328125,397.3599853515625,401.6600036621094,403.3399963378906,291.0199890136719,58.429500579833984,-0.706207275390625,109882
2908.0,401.2913513183594,397.3199768066406,401.6199951171875,403.29998779296875,291.1399841308594,58.31276321411133,-0.931365966796875,109882
2909.0,401.0895690917969,397.1600036621094,401.41998291015625,403.06378173828125,291.1399841308594,58.3715934753418,-0.9495849609375,109882
2910.0,400.9379577636719,397.1999816894531,401.3799743652344,403.03997802734375,290.9849853515625,58.366939544677734,-0.897979736328125,109882
2911.0,401.13275146484375,397.29998779296875,401.55999755859375,403.239990234375,291.1199951171875,58.34931564331055,-0.9527587890625,109882
2912.0,400.82720947265625,397.2599792480469,401.6399841308594,403.3599853515625,291.0799865722656,58.16685485839844,-0.567230224609375,109882
2913.0,400.94427490234375,397.239990234375,401.5999755859375,403.2599792480469,290.8800048828125,58.46065139770508,-0.724273681640625,109882
2914.0,400.8548889160156,397.3399963378906,401.5199890136719,403.0799865722656,291.1199951171875,58.30410385131836,-0.59490966796875,109882
2915.0,400.3895263671875,397.2799987792969,401.3599853515625,402.8199768066406,291.6600036621094,57.857078552246094,-0.26953125,109882
2916.0,400.492919921875,397.3399963378906,401.44000244140625,402.8999938964844,291.6399841308594,57.864173889160156,-0.232940673828125,109882
2917.0,400.4858703613281,397.3599853515625,401.5799865722656,403.05999755859375,292.0050048828125,57.43888473510742,-0.1458740234375,109882
2918.0,400.4748229980469,397.239990234375,401.53997802734375,403.1999816894531,292.1999816894531,57.36631393432617,-0.27484130859375,109882
2919.0,400.6158447265625,397.1999816894531,401.3799743652344,403.0799865722656,291.8999938964844,57.75202178955078,-0.495849609375,109882
2920.0,400.77801513671875,397.2599792480469,401.5,403.1399841308594,291.7799987792969,57.80194854736328,-0.558013916015625,109882
2921.0,400.5505065917969,397.17999267578125,401.44000244140625,402.97998046875,291.6999816894531,57.9654426574707,-0.430511474609375,109882
2922.0,400.3511657714844,397.1399841308594,401.3599853515625,402.91998291015625,291.8599853515625,57.867130279541016,-0.351165771484375,109882
2923.0,400.5013122558594,397.17999267578125,401.3399963378906,402.8799743652344,291.68499755859375,57.97895812988281,-0.461334228515625,109882
2924.0,400.8009033203125,397.1999816894531,401.47998046875,403.0999755859375,291.3199768066406,58.2674674987793,-0.640899658203125,109882
2925.0,400.79010009765625,397.0999755859375,401.3799743652344,403.0999755859375,290.79998779296875,58.50802230834961,-0.69012451171875,109882
2926.0,400.87225341796875,397.239990234375,401.55999755859375,403.239990234375,290.97998046875,58.52800369262695,-0.712249755859375,109882
2927.0,400.85076904296875,397.3799743652344,401.7200012207031,403.3799743652344,291.1399841308594,58.38859176635742,-0.55078125,109882
2928.0,400.90618896484375,397.3799743652344,401.6999816894531,403.3599853515625,291.5199890136719,58.08119201660156,-0.586212158203125,109882
2929.0,401.1025085449219,397.5,401.6999816894531,403.3999938964844,291.29998779296875,58.31471252441406,-0.7225341796875,109882
2930.0,401.100830078125,397.55999755859375,401.7799987792969,403.41998291015625,290.9849853515625,58.49113464355469,-0.640838623046875,109882
2931.0,401.0624694824219,397.5,401.6999816894531,403.3599853515625,291.239990234375,58.34567642211914,-0.642486572265625,109882
2932.0,400.96807861328125,397.41998291015625,401.5989685058594,403.1999816894531,291.5799865722656,58.15717315673828,-0.648101806640625,109882
2933.0,400.861083984375,397.3999938964844,401.5999755859375,403.1600036621094,291.3800048828125,58.164764404296875,-0.56109619140625,109882
2934.0,400.6885681152344,397.41998291015625,401.5999755859375,403.17999267578125,291.7200012207031,58.1303825378418,-0.388580322265625,109882
2935.0,400.8390197753906,397.3599853515625,401.5,403.1999816894531,291.47998046875,58.37431716918945,-0.6190185546875,109882
2936.0,400.8456726074219,397.2799987792969,401.4599914550781,403.2200012207031,291.6999816894531,58.20627975463867,-0.76568603515625,109882
2937.0,400.9988708496094,397.29998779296875,401.53997802734375,403.2799987792969,291.29998779296875,58.5510139465332,-0.818878173828125,109882
2938.0,401.1986999511719,397.55999755859375,401.8399963378906,403.5199890136719,291.3399963378906,58.6513557434082,-0.73870849609375,109882
2939.0,401.1117858886719,397.6199951171875,401.97998046875,403.6199951171875,291.8800048828125,58.4362907409668,-0.511810302734375,109882
2940.0,401.0391540527344,397.55999755859375,401.91998291015625,403.4599914550781,291.8199768066406,58.400386810302734,-0.5191650390625,109882
2941.0,401.0360412597656,397.5,401.6999816894531,403.3199768066406,290.7200012207031,58.93145751953125,-0.676055908203125,109882
2942.0,400.8516845703125,397.41998291015625,401.65899658203125,403.143798828125,291.05999755859375,58.61238479614258,-0.571685791015625,109882
2943.0,400.8582458496094,397.3799743652344,401.6399841308594,403.1600036621094,291.47998046875,58.46551513671875,-0.5782470703125,109882
2944.0,400.932373046875,397.5199890136719,401.67999267578125,403.1999816894531,291.55999755859375,58.46207046508789,-0.552398681640625,109882
2945.0,400.9187927246094,397.5799865722656,401.6600036621094,403.2200012207031,292.05999755859375,58.29459762573242,-0.478790283203125,109882
2946.0,401.162841796875,397.5799865722656,401.7599792480469,403.29998779296875,291.5,58.46607208251953,-0.662841796875,109882
2947.0,400.9991760253906,397.55999755859375,401.739990234375,403.3199768066406,290.5799865722656,58.85260772705078,-0.559173583984375,109882
2948.0,400.7945556640625,397.5999755859375,401.739990234375,403.2599792480469,291.1199951171875,58.563690185546875,-0.35455322265625,109882
2949.0,400.78662109375,397.6300048828125,401.8199768066406,403.3799743652344,291.5199890136719,58.16830062866211,-0.266632080078125,109882
2950.0,400.8450927734375,397.5999755859375,401.79998779296875,403.3599853515625,291.6000061035156,58.205074310302734,-0.287109375,109882
2951.0,400.9098815917969,397.53997802734375,401.6600036621094,403.2599792480469,291.739990234375,58.22322463989258,-0.44989013671875,109882
2952.0,401.1611633300781,397.6399841308594,401.8199768066406,403.41998291015625,291.6399841308594,58.13142013549805,-0.563201904296875,109882
2953.0,401.070556640625,397.6600036621094,401.79998779296875,403.3999938964844,291.3800048828125,58.297183990478516,-0.490570068359375,109882
2954.0,400.8974304199219,397.5999755859375,401.79998779296875,403.3799743652344,291.17999267578125,58.42140579223633,-0.31744384765625,109882
2955.0,400.8910827636719,397.55999755859375,401.6999816894531,403.2799987792969,291.5199890136719,58.38426971435547,-0.411102294921875,109882
2956.0,400.9132080078125,397.3999938964844,401.6199951171875,403.20379638671875,291.53997802734375,58.13431930541992,-0.533233642578125,109882
2957.0,400.91583251953125,397.4599914550781,401.6600036621094,403.1999816894531,291.5199890136719,58.18132019042969,-0.475830078125,109882
2958.0,401.02374267578125,397.53997802734375,401.7200012207031,403.2200012207031,291.92498779296875,58.13664245605469,-0.54376220703125,109882
2959.0,401.0611877441406,397.47998046875,401.6399841308594,403.1999816894531,291.44000244140625,58.567543029785156,-0.641204833984375,109882
2960.0,401.05596923828125,397.5799865722656,401.7200012207031,403.2200012207031,291.55999755859375,58.51011276245117,-0.595977783203125,109882
2961.0,401.0581970214844,397.5799865722656,401.7200012207031,403.239990234375,291.3999938964844,58.615482330322266,-0.638214111328125,109882
2962.0,401.1315612792969,397.67999267578125,401.8199768066406,403.3599853515625,291.864990234375,58.415157318115234,-0.611572265625,109882
2963.0,401.1175231933594,397.53997802734375,401.6999816894531,403.2799987792969,291.47998046875,58.57585144042969,-0.677520751953125,109882
2964.0,401.0167236328125,397.53997802734375,401.67999267578125,403.2599792480469,291.3999938964844,58.75543975830078,-0.556732177734375,109882
2965.0,401.2145080566406,397.6199951171875,401.8199768066406,403.3399963378906,290.8199768066406,59.06220626831055,-0.674530029296875,109882
2966.0,401.03912353515625,397.6600036621094,401.8999938964844,403.4599914550781,290.79998779296875,58.97366714477539,-0.43914794921875,109882
2967.0,401.1835632324219,397.6399841308594,401.94000244140625,403.5199890136719,290.8249816894531,58.96645736694336,-0.5435791015625,109882
2968.0,401.2991027832031,397.6999816894531,402.0199890136719,403.6199951171875,290.9049987792969,58.86540603637695,-0.65911865234375,109882
2969.0,401.2974548339844,397.7200012207031,402.03997802734375,403.6600036621094,290.739990234375,59.09386444091797,-0.657470703125,109882
2970.0,400.9987487792969,397.7799987792969,402.0199890136719,403.6999816894531,290.7599792480469,59.13368225097656,-0.378753662109375,109882
2971.0,400.9400329589844,397.6999816894531,401.8999938964844,403.5999755859375,291.6000061035156,58.497398376464844,-0.380035400390625,109882
2972.0,400.7082824707031,397.55999755859375,401.7599792480469,403.4599914550781,291.6199951171875,58.310935974121094,-0.288299560546875,109882
2973.0,400.8503723144531,397.53997802734375,401.6600036621094,403.3199768066406,291.54498291015625,58.45972442626953,-0.47039794921875,109882
2974.0,400.88348388671875,397.5199890136719,401.67999267578125,403.3399963378906,291.5249938964844,58.26061248779297,-0.503509521484375,109882
2975.0,401.2262878417969,397.55999755859375,401.8999938964844,403.5799865722656,291.7200012207031,58.2107048034668,-0.706298828125,109882
2976.0,401.3546142578125,397.6399841308594,401.9599914550781,403.67999267578125,291.7599792480469,58.030155181884766,-0.774627685546875,109882
2977.0,401.4108581542969,397.6600036621094,401.94000244140625,403.6999816894531,290.8199768066406,58.45384216308594,-0.83087158203125,109882
2978.0,401.25347900390625,397.6199951171875,401.79998779296875,403.53997802734375,290.9599914550781,58.475555419921875,-0.8134765625,109882
2979.0,401.6029968261719,397.6600036621094,401.9599914550781,403.6600036621094,291.0050048828125,58.51545715332031,-1.02301025390625,109882
2980.0,401.4588317871094,397.7200012207031,401.97998046875,403.5999755859375,291.3399963378906,58.401615142822266,-0.81884765625,109882
2981.0,401.127685546875,397.739990234375,401.97998046875,403.55999755859375,291.1650085449219,58.27198791503906,-0.487701416015625,109882
2982.0,401.22442626953125,397.7200012207031,402.0199890136719,403.6399841308594,291.8199768066406,58.28799057006836,-0.564422607421875,109882
2983.0,401.27691650390625,397.7200012207031,402.0199890136719,403.67999267578125,291.55999755859375,58.538795471191406,-0.616912841796875,109882
2984.0,401.419189453125,397.6399841308594,401.958984375,403.67999267578125,291.55999755859375,58.33469009399414,-0.779205322265625,109882
2985.0,401.5626525878906,397.6600036621094,401.9599914550781,403.739990234375,291.5799865722656,58.32141876220703,-0.8626708984375,109882
2986.0,401.64947509765625,397.7599792480469,401.97998046875,403.8199768066406,292.0249938964844,58.04684829711914,-0.929473876953125,109882
2987.0,401.5519714355469,397.79998779296875,401.9599914550781,403.7200012207031,291.7799987792969,58.14422607421875,-0.85198974609375,109882
2988.0,401.3101501464844,397.7599792480469,401.91998291015625,403.53997802734375,291.55999755859375,58.00432586669922,-0.630157470703125,109882
2989.0,401.4736633300781,397.739990234375,402.0,403.7200012207031,291.5050048828125,58.01914596557617,-0.81365966796875,109882
2990.0,401.44415283203125,397.8199768066406,402.0999755859375,403.7599792480469,291.8599853515625,57.97972869873047,-0.624176025390625,109882
2991.0,401.4281005859375,397.9599914550781,402.239990234375,403.8199768066406,291.8599853515625,58.1667366027832,-0.468109130859375,109882
2992.0,401.46820068359375,398.0,402.2389831542969,403.79998779296875,291.94000244140625,58.1234130859375,-0.508209228515625,109882
2993.0,401.5586853027344,398.0199890136719,402.17999267578125,403.7599792480469,291.6000061035156,58.354312896728516,-0.638702392578125,109882
2994.0,401.6674499511719,398.0199890136719,402.239990234375,403.8999938964844,291.7649841308594,58.21989822387695,-0.747467041015625,109882
2995.0,401.467529296875,397.8799743652344,402.1999816894531,403.94000244140625,291.7799987792969,58.31154251098633,-0.66754150390625,109882
2996.0,401.5086669921875,397.9599914550781,402.2599792480469,403.8599853515625,291.2850036621094,58.70134735107422,-0.668670654296875,109882
2997.0,401.2984619140625,397.8599853515625,402.1600036621094,403.7200012207031,291.1399841308594,58.90573501586914,-0.49847412109375,109882
2998.0,401.2049560546875,397.91998291015625,402.1399841308594,403.7200012207031,291.42498779296875,58.58122253417969,-0.364959716796875,109882
2999.0,401.2029724121094,397.79998779296875,401.97998046875,403.55999755859375,291.47998046875,58.648345947265625,-0.50299072265625,109882
3000.0,401.3094482421875,397.79998779296875,402.1600036621094,403.739990234375,290.9599914550781,58.86639404296875,-0.549468994140625,109882
3001.0,401.16473388671875,397.7599792480469,402.1399841308594,403.7200012207031,291.1600036621094,58.62010192871094,-0.444732666015625,109882
3002.0,401.0118713378906,397.739990234375,402.03997802734375,403.6999816894531,291.68499755859375,58.150535583496094,-0.391876220703125,109882
3003.0,401.0406188964844,397.7799987792969,402.0,403.67999267578125,291.5799865722656,58.44757080078125,-0.500640869140625,109882
3004.0,401.55975341796875,397.8999938964844,402.1999816894531,403.91998291015625,291.17999267578125,59.03658676147461,-0.779754638671875,109882
3005.0,401.49932861328125,397.8399963378906,402.05999755859375,403.67999267578125,291.1999816894531,58.973365783691406,-0.779327392578125,109882
3006.0,401.2826843261719,397.7599792480469,401.9599914550781,403.5799865722656,291.2200012207031,58.71320724487305,-0.662689208984375,109882
3007.0,401.2613830566406,397.7200012207031,401.94000244140625,403.55999755859375,291.3199768066406,58.57229232788086,-0.681396484375,109882
3008.0,401.4378356933594,397.7599792480469,402.0199890136719,403.67999267578125,291.0050048828125,58.83427810668945,-0.7978515625,109882
3009.0,401.3333435058594,397.8799743652344,402.1600036621094,403.7599792480469,291.29998779296875,58.641910552978516,-0.61334228515625,109882
3010.0,401.572265625,398.05999755859375,402.29998779296875,403.94000244140625,291.7850036621094,58.4422607421875,-0.63226318359375,109882
3011.0,401.6121826171875,397.8999938964844,402.1399841308594,403.7799987792969,291.6399841308594,58.41326141357422,-0.752197265625,109882
3012.0,401.4757080078125,397.91998291015625,402.05999755859375,403.7200012207031,291.7799987792969,58.27883529663086,-0.67572021484375,109882
3013.0,401.4687194824219,397.9599914550781,402.2200012207031,403.91998291015625,291.79998779296875,58.27336120605469,-0.62872314453125,109882
3014.0,401.57965087890625,398.0799865722656,402.3599853515625,404.05999755859375,292.0,58.34715270996094,-0.6396484375,109882
3015.0,401.36724853515625,398.03997802734375,402.2599792480469,403.91998291015625,291.67999267578125,58.71657943725586,-0.467254638671875,109882
3016.0,401.3756408691406,398.0199890136719,402.2200012207031,403.91998291015625,291.1600036621094,58.87533187866211,-0.49566650390625,109882
3017.0,401.3780212402344,398.03997802734375,402.2200012207031,403.8999938964844,291.1999816894531,58.83945846557617,-0.498046875,109882
3018.0,401.3817443847656,398.03997802734375,402.2200012207031,403.8599853515625,291.2599792480469,58.80414962768555,-0.4837646484375,109882
3019.0,401.3898620605469,398.03997802734375,402.2200012207031,403.8399963378906,291.2799987792969,58.76956558227539,-0.4898681640625,109882
3020.0,401.3861083984375,398.03997802734375,402.2200012207031,403.8199768066406,291.3199768066406,58.73561096191406,-0.486114501953125,109882
3021.0,401.3996887207031,398.03997802734375,402.239990234375,403.8199768066406,291.3599853515625,58.702266693115234,-0.479705810546875,109882
3022.0,401.4014587402344,398.05999755859375,402.239990234375,403.79998779296875,291.41998291015625,58.6695442199707,-0.481475830078125,109882
3023.0,401.41845703125,398.05999755859375,402.239990234375,403.79998779296875,291.44000244140625,58.63749313354492,-0.49847412109375,109882
3024.0,401.4223937988281,398.05999755859375,402.239990234375,403.79998779296875,291.5199890136719,58.606117248535156,-0.482391357421875,109882
3025.0,401.4422912597656,398.05999755859375,402.2599792480469,403.79998779296875,291.53997802734375,58.575408935546875,-0.502288818359375,109882
3026.0,401.4563293457031,398.05999755859375,402.2599792480469,403.8199768066406,291.55999755859375,58.54526901245117,-0.516326904296875,109882
3027.0,401.46112060546875,398.05999755859375,402.2799987792969,403.8399963378906,291.6000061035156,58.51585388183594,-0.5211181640625,109882
3028.0,401.39422607421875,398.0199890136719,402.17999267578125,403.739990234375,291.739990234375,58.51945877075195,-0.514251708984375,109882
3029.0,401.3677673339844,398.05999755859375,402.2200012207031,403.739990234375,291.6399841308594,58.42654800415039,-0.4677734375,109882
3030.0,401.39117431640625,398.03997802734375,402.239990234375,403.7799987792969,292.0849914550781,58.368717193603516,-0.451171875,109882
3031.0,401.2320251464844,398.03997802734375,402.2200012207031,403.7200012207031,292.1399841308594,58.28239822387695,-0.292022705078125,109882
3032.0,401.2447814941406,398.03997802734375,402.17999267578125,403.6600036621094,292.1000061035156,58.423526763916016,-0.324798583984375,109882
3033.0,401.3669738769531,398.0,402.1999816894531,403.7200012207031,291.94000244140625,58.52436447143555,-0.46697998046875,109882
3034.0,401.58099365234375,398.03997802734375,402.29998779296875,403.79998779296875,291.2599792480469,58.975555419921875,-0.621002197265625,109882
3035.0,401.52044677734375,398.1999816894531,402.3999938964844,403.8599853515625,291.1000061035156,59.07822799682617,-0.42047119140625,109882
3036.0,401.7151794433594,398.3999938964844,402.44000244140625,403.9599914550781,291.17999267578125,59.10504913330078,-0.49517822265625,109882
3037.0,401.6725158691406,398.2799987792969,402.3199768066406,403.8799743652344,291.0199890136719,59.118343353271484,-0.53253173828125,109882
3038.0,401.7460021972656,398.1199951171875,402.2200012207031,403.8437805175781,291.91998291015625,58.635929107666016,-0.746002197265625,109882
3039.0,401.6625061035156,398.1199951171875,402.3399963378906,403.8999938964844,291.7599792480469,58.905555725097656,-0.64251708984375,109882
3040.0,401.4394226074219,398.17999267578125,402.3599853515625,403.8599853515625,291.67999267578125,58.67509078979492,-0.379425048828125,109882
3041.0,401.4287414550781,398.2200012207031,402.44000244140625,403.97998046875,291.3199768066406,58.75804901123047,-0.28875732421875,109882
3042.0,401.49993896484375,398.2799987792969,402.5999755859375,404.1600036621094,291.1399841308594,58.838294982910156,-0.25994873046875,109882
3043.0,401.5103454589844,398.1600036621094,402.47998046875,404.05999755859375,291.47998046875,59.00507736206055,-0.370361328125,109882
3044.0,401.3628234863281,398.0999755859375,402.29998779296875,403.9599914550781,291.67999267578125,59.00572204589844,-0.322845458984375,109882
3045.0,401.5188293457031,398.0999755859375,402.3599853515625,403.9599914550781,291.3999938964844,59.094512939453125,-0.478851318359375,109882
3046.0,401.634521484375,398.2799987792969,402.5799865722656,404.0799865722656,291.239990234375,59.134422302246094,-0.45452880859375,109882
3047.0,401.79052734375,398.29998779296875,402.5199890136719,404.03997802734375,291.2599792480469,59.140480041503906,-0.61053466796875,109882
3048.0,401.6595764160156,398.17999267578125,402.2799987792969,403.86376953125,291.6399841308594,58.81831359863281,-0.679595947265625,109882
3049.0,401.7084655761719,398.2599792480469,402.41998291015625,404.0,291.6199951171875,58.81582260131836,-0.588470458984375,109882
3050.0,401.7869873046875,398.2200012207031,402.41998291015625,404.0199890136719,291.6600036621094,58.762413024902344,-0.68701171875,109882
3051.0,401.70013427734375,398.2599792480469,402.5799865722656,404.1399841308594,291.8399963378906,58.613712310791016,-0.60015869140625,109882
3052.0,401.7735290527344,398.2799987792969,402.5999755859375,404.2200012207031,292.47998046875,58.31746292114258,-0.613525390625,109882
3053.0,401.5732727050781,398.2200012207031,402.41998291015625,404.0799865722656,292.1999816894531,58.208492279052734,-0.55328369140625,109882
3054.0,401.561767578125,398.2599792480469,402.3599853515625,403.91998291015625,291.97998046875,58.27719497680664,-0.50177001953125,109882
3055.0,401.47857666015625,398.2599792480469,402.3399963378906,403.8999938964844,292.05999755859375,58.39909362792969,-0.4185791015625,109882
3056.0,401.5722961425781,398.3399963378906,402.5,404.0,292.1000061035156,58.5418815612793,-0.372314453125,109882
3057.0,401.5703430175781,398.2200012207031,402.3799743652344,403.9599914550781,291.67999267578125,58.579078674316406,-0.43035888671875,109882
3058.0,401.6419677734375,398.2799987792969,402.4599914550781,404.03997802734375,291.8999938964844,58.48690414428711,-0.481964111328125,109882
3059.0,401.7304382324219,398.3199768066406,402.47998046875,404.17999267578125,292.1399841308594,58.3632926940918,-0.65045166015625,109882
3060.0,401.8597717285156,398.2599792480469,402.53997802734375,404.239990234375,291.79998779296875,58.65477752685547,-0.739776611328125,109882
3061.0,401.83477783203125,398.1399841308594,402.3799743652344,404.05999755859375,291.7799987792969,58.84738540649414,-0.85479736328125,109882
3062.0,401.7630920410156,398.0799865722656,402.29998779296875,403.94000244140625,291.47998046875,58.9258918762207,-0.8031005859375,109882
3063.0,401.8133239746094,398.239990234375,402.5,404.05999755859375,292.1199951171875,58.534629821777344,-0.6533203125,109882
3064.0,401.6463928222656,398.2799987792969,402.5,404.1199951171875,291.94000244140625,58.69730758666992,-0.50640869140625,109882
3065.0,401.7737731933594,398.3399963378906,402.6399841308594,404.2599792480469,291.17999267578125,59.21062469482422,-0.55377197265625,109882
3066.0,401.7668762207031,398.3999938964844,402.6199951171875,404.2200012207031,291.29998779296875,59.15366744995117,-0.466888427734375,109882
3067.0,401.8273620605469,398.3599853515625,402.5799865722656,404.143798828125,291.5,58.89973831176758,-0.50738525390625,109882
3068.0,401.9188537597656,398.3599853515625,402.6199951171875,404.239990234375,291.6000061035156,58.74557876586914,-0.578857421875,109882
3069.0,401.87591552734375,398.5,402.6600036621094,404.1999816894531,292.1600036621094,58.42471694946289,-0.495941162109375,109882
3070.0,401.97406005859375,398.44000244140625,402.67999267578125,404.1999816894531,292.05999755859375,58.486358642578125,-0.634063720703125,109882
3071.0,401.9078674316406,398.3599853515625,402.6600036621094,404.3399963378906,291.1999816894531,58.849212646484375,-0.607879638671875,109882
3072.0,401.872802734375,398.41998291015625,402.67999267578125,404.2599792480469,291.6399841308594,58.69206619262695,-0.472808837890625,109882
3073.0,401.83282470703125,398.5,402.739990234375,404.29998779296875,291.4599914550781,58.90549087524414,-0.432830810546875,109882
3074.0,401.9319763183594,398.5999755859375,402.67999267578125,404.1999816894531,292.03997802734375,58.91366195678711,-0.511993408203125,109882
3075.0,401.8734436035156,398.47998046875,402.5799865722656,404.0799865722656,291.55999755859375,59.000274658203125,-0.553466796875,109882
3076.0,401.9295959472656,398.4599914550781,402.6999816894531,404.2799987792969,291.3199768066406,59.090858459472656,-0.54962158203125,109882
3077.0,401.7239685058594,398.3399963378906,402.6789855957031,404.2799987792969,291.3450012207031,58.904605865478516,-0.40399169921875,109882
3078.0,401.8031005859375,398.3399963378906,402.67999267578125,404.2599792480469,291.8399963378906,58.46138000488281,-0.483123779296875,109882
3079.0,401.85296630859375,398.3399963378906,402.5999755859375,404.1999816894531,291.80499267578125,58.44739532470703,-0.572967529296875,109882
3080.0,401.715087890625,398.3599853515625,402.67999267578125,404.3199768066406,291.9599914550781,58.346309661865234,-0.41510009765625,109882
3081.0,401.59429931640625,398.3399963378906,402.55999755859375,404.1999816894531,292.2599792480469,58.035011291503906,-0.374298095703125,109882
3082.0,401.5603332519531,398.3999938964844,402.5199890136719,404.05999755859375,292.3800048828125,58.07090759277344,-0.320343017578125,109882
3083.0,401.8197326660156,398.4599914550781,402.53997802734375,404.05999755859375,292.05999755859375,58.34111404418945,-0.53973388671875,109882
3084.0,401.8648986816406,398.47998046875,402.6199951171875,404.1999816894531,292.1600036621094,58.36833572387695,-0.48492431640625,109882
3085.0,401.6102600097656,398.4599914550781,402.6199951171875,404.1600036621094,292.05999755859375,58.45566940307617,-0.23028564453125,109882
3086.0,401.4808349609375,398.44000244140625,402.5999755859375,404.239990234375,292.2449951171875,58.27848434448242,-0.18084716796875,109882
3087.0,401.5447692871094,398.44000244140625,402.53997802734375,404.1999816894531,292.3800048828125,58.20603942871094,-0.2647705078125,109882
3088.0,401.61102294921875,398.5,402.6199951171875,404.17999267578125,292.05999755859375,58.57400131225586,-0.271026611328125,109882
3089.0,401.79998779296875,398.5799865722656,402.6600036621094,404.2200012207031,291.92498779296875,58.61836242675781,-0.3599853515625,109882
3090.0,401.73126220703125,398.47998046875,402.6399841308594,404.239990234375,291.94000244140625,58.66876983642578,-0.351287841796875,109882
3091.0,401.6902770996094,398.41998291015625,402.6399841308594,404.1199951171875,291.79998779296875,58.484500885009766,-0.310302734375,109882
3092.0,401.8374328613281,398.3799743652344,402.5999755859375,404.0999755859375,291.8199768066406,58.34257507324219,-0.537445068359375,109882
3093.0,401.9044189453125,398.5199890136719,402.67999267578125,404.239990234375,291.67999267578125,58.32299041748047,-0.564422607421875,109882
3094.0,401.93133544921875,398.5799865722656,402.7200012207031,404.3599853515625,291.8800048828125,58.38739776611328,-0.551361083984375,109882
3095.0,401.9227294921875,398.47998046875,402.6399841308594,404.29998779296875,291.8450012207031,58.53668975830078,-0.62274169921875,109882
3096.0,401.8797607421875,398.3199768066406,402.5,404.1600036621094,291.8999938964844,58.50603485107422,-0.679779052734375,109882
3097.0,401.7327575683594,398.44000244140625,402.55999755859375,404.0999755859375,291.739990234375,58.76626205444336,-0.492767333984375,109882
3098.0,401.7511901855469,398.41998291015625,402.47998046875,404.0199890136719,291.67999267578125,58.72480010986328,-0.511199951171875,109882
3099.0,401.8218994140625,398.3999938964844,402.55999755859375,404.1600036621094,291.6999816894531,58.684932708740234,-0.52191162109375,109882
3100.0,401.83343505859375,398.5199890136719,402.7200012207031,404.2200012207031,292.53997802734375,58.203582763671875,-0.493438720703125,109882
3101.0,401.9650573730469,398.4599914550781,402.739990234375,404.3399963378906,291.97998046875,58.261680603027344,-0.605072021484375,109882
3102.0,402.2416687011719,398.53997802734375,402.8399963378906,404.4599914550781,292.5849914550781,58.2960205078125,-0.801666259765625,109882
3103.0,402.3361511230469,398.55999755859375,402.7799987792969,404.44000244140625,291.8199768066406,58.788047790527344,-0.87615966796875,109882
3104.0,402.1524658203125,398.3599853515625,402.5,404.17999267578125,291.53997802734375,58.79896545410156,-0.872467041015625,109882
3105.0,401.86138916015625,398.2799987792969,402.5799865722656,404.2799987792969,291.80499267578125,58.590267181396484,-0.62139892578125,109882
3106.0,402.1468811035156,398.44000244140625,402.7599792480469,404.44000244140625,292.1000061035156,58.28361129760742,-0.74688720703125,109882
3107.0,402.2726745605469,398.5,402.79998779296875,404.3599853515625,291.97998046875,58.35725021362305,-0.832672119140625,109882
3108.0,402.3994445800781,398.44000244140625,402.7599792480469,404.3799743652344,292.0199890136719,58.49486541748047,-0.99945068359375,109882
3109.0,402.20135498046875,398.4599914550781,402.7200012207031,404.2799987792969,292.3399963378906,58.1641731262207,-0.84136962890625,109882
3110.0,402.1856384277344,398.55999755859375,402.79998779296875,404.3599853515625,291.864990234375,58.54530715942383,-0.765655517578125,109882
3111.0,402.131103515625,398.5199890136719,402.6399841308594,404.3199768066406,291.3999938964844,58.81219482421875,-0.791107177734375,109882
3112.0,402.36883544921875,398.6199951171875,402.739990234375,404.4599914550781,292.29998779296875,58.293052673339844,-0.9288330078125,109882
3113.0,402.4734802246094,398.5999755859375,402.739990234375,404.44000244140625,292.2799987792969,58.30513381958008,-1.01348876953125,109882
3114.0,402.6806335449219,398.6199951171875,402.8189697265625,404.5999755859375,292.3450012207031,58.46623611450195,-1.140655517578125,109882
3115.0,402.4784851074219,398.55999755859375,402.8199768066406,404.53997802734375,292.3399963378906,58.57752227783203,-0.978485107421875,109882
3116.0,402.3779602050781,398.6999816894531,402.97998046875,404.67999267578125,292.0,58.74281692504883,-0.817962646484375,109882
3117.0,402.7096252441406,398.7799987792969,403.2200012207031,404.8799743652344,291.7799987792969,58.70094299316406,-0.94964599609375,109882
3118.0,402.3754577636719,398.6999816894531,403.0,404.6600036621094,291.47998046875,58.967567443847656,-0.755462646484375,109882
3119.0,402.1535339355469,398.53997802734375,402.7599792480469,404.3799743652344,291.41998291015625,58.97774887084961,-0.713531494140625,109882
3120.0,402.1861572265625,398.55999755859375,402.67999267578125,404.3399963378906,291.7250061035156,58.745697021484375,-0.786163330078125,109882
3121.0,402.2154235839844,398.6199951171875,402.79998779296875,404.44000244140625,291.79998779296875,58.6615104675293,-0.675445556640625,109882
3122.0,402.3363952636719,398.53997802734375,402.7799987792969,404.5199890136719,292.1999816894531,58.30403137207031,-0.796417236328125,109882
3123.0,402.4605712890625,398.5999755859375,402.8399963378906,404.5,292.1999816894531,58.343414306640625,-0.92059326171875,109882
3124.0,402.8294677734375,398.6999816894531,403.03997802734375,404.8199768066406,292.2200012207031,58.4268684387207,-1.189483642578125,109882
3125.0,402.7796630859375,398.7200012207031,403.0199890136719,404.67999267578125,292.4049987792969,58.36879348754883,-1.119659423828125,109882
3126.0,402.4290771484375,398.5999755859375,402.8399963378906,404.5199890136719,292.3399963378906,58.5991096496582,-0.9490966796875,109882
3127.0,402.3149719238281,398.6999816894531,402.91998291015625,404.5799865722656,291.94000244140625,58.82844543457031,-0.814971923828125,109882
3128.0,402.28118896484375,398.79998779296875,403.0199890136719,404.5799865722656,291.5,58.94318389892578,-0.581207275390625,109882
3129.0,402.43682861328125,398.8399963378906,403.1399841308594,404.7200012207031,291.9599914550781,58.682823181152344,-0.596832275390625,109882
3130.0,402.3279113769531,398.7799987792969,403.1600036621094,404.79998779296875,292.3800048828125,58.39387130737305,-0.54791259765625,109882
3131.0,402.43603515625,398.7200012207031,403.0199890136719,404.7200012207031,291.94500732421875,58.61296081542969,-0.776031494140625,109882
3132.0,402.365966796875,398.6199951171875,402.8399963378906,404.5199890136719,292.2200012207031,58.5349006652832,-0.845977783203125,109882
3133.0,402.19207763671875,398.5799865722656,402.7799987792969,404.3799743652344,292.0199890136719,58.65206527709961,-0.732086181640625,109882
3134.0,402.3896789550781,398.6999816894531,402.91998291015625,404.4599914550781,291.79998779296875,58.8018684387207,-0.8096923828125,109882
3135.0,402.2237243652344,398.79998779296875,402.94000244140625,404.5799865722656,291.8599853515625,58.78179168701172,-0.52374267578125,109882
3136.0,402.3907165527344,398.8999938964844,403.0789794921875,404.6399841308594,292.1449890136719,58.61622619628906,-0.6107177734375,109882
3137.0,402.35906982421875,398.8199768066406,403.0199890136719,404.53997802734375,292.1650085449219,58.400917053222656,-0.6790771484375,109882
3138.0,402.349609375,398.6199951171875,402.8599853515625,404.44000244140625,291.8800048828125,58.39176940917969,-0.829620361328125,109882
3139.0,402.20550537109375,398.5799865722656,402.7989807128906,404.3399963378906,291.91998291015625,58.64647674560547,-0.72552490234375,109882
3140.0,402.05377197265625,398.5799865722656,402.79998779296875,404.44000244140625,292.1199951171875,58.77081298828125,-0.57379150390625,109882
3141.0,401.8974914550781,398.5,402.739990234375,404.3799743652344,292.1000061035156,58.555179595947266,-0.477508544921875,109882
3142.0,401.9861755371094,398.5199890136719,402.79998779296875,404.4599914550781,292.3199768066406,58.585533142089844,-0.52618408203125,109882
3143.0,402.0837707519531,398.7200012207031,402.94000244140625,404.5,292.44500732421875,58.470909118652344,-0.5037841796875,109882
3144.0,402.2325134277344,398.8399963378906,403.03997802734375,404.5799865722656,292.6000061035156,58.42519760131836,-0.572509765625,109882
3145.0,402.4854431152344,398.8599853515625,403.0199890136719,404.623779296875,292.6199951171875,58.24128341674805,-0.78546142578125,109882
3146.0,402.5294494628906,398.7799987792969,402.94000244140625,404.6199951171875,292.53997802734375,58.19966125488281,-0.849456787109375,109882
3147.0,402.5085754394531,398.79998779296875,403.0,404.5999755859375,292.5,58.31584548950195,-0.80859375,109882
3148.0,402.4947814941406,398.8199768066406,403.05999755859375,404.67999267578125,292.53997802734375,58.46300506591797,-0.77679443359375,109882
3149.0,402.47528076171875,398.7799987792969,403.0199890136719,404.6399841308594,291.8199768066406,58.935829162597656,-0.7952880859375,109882
3150.0,402.5113525390625,398.8199768066406,403.03997802734375,404.6399841308594,292.17999267578125,58.76696014404297,-0.791351318359375,109882
3151.0,402.4660949707031,398.8999938964844,403.1399841308594,404.6600036621094,291.8599853515625,58.822181701660156,-0.70611572265625,109882
3152.0,402.3202209472656,398.9599914550781,403.1600036621094,404.6199951171875,291.8199768066406,58.768821716308594,-0.500244140625,109882
3153.0,402.3750915527344,399.05999755859375,403.29998779296875,404.7437744140625,291.8599853515625,58.96111297607422,-0.375091552734375,109882
3154.0,402.43426513671875,398.9599914550781,403.1600036621094,404.7799987792969,291.6199951171875,59.18024444580078,-0.4942626953125,109882
3155.0,402.1371154785156,398.79998779296875,402.9599914550781,404.55999755859375,291.79998779296875,59.07179260253906,-0.457122802734375,109882
3156.0,402.32916259765625,398.7799987792969,403.0199890136719,404.53997802734375,291.6600036621094,58.8127555847168,-0.70916748046875,109882
3157.0,402.1548156738281,398.739990234375,402.97998046875,404.5799865722656,291.2049865722656,58.96466064453125,-0.554840087890625,109882
3158.0,402.3038024902344,398.8399963378906,403.03997802734375,404.53997802734375,291.6000061035156,58.8797492980957,-0.60382080078125,109882
3159.0,402.503173828125,398.8799743652344,403.2200012207031,404.7599792480469,291.8399963378906,58.74968719482422,-0.723175048828125,109882
3160.0,402.5021667480469,398.8399963378906,403.1999816894531,404.8399963378906,291.5799865722656,59.038978576660156,-0.72216796875,109882
3161.0,402.6187744140625,398.8599853515625,403.1999816894531,404.91998291015625,291.6199951171875,59.05539321899414,-0.778778076171875,109882
3162.0,402.65203857421875,398.8799743652344,403.239990234375,404.8999938964844,291.41998291015625,59.24289321899414,-0.772064208984375,109882
3163.0,402.51104736328125,398.8999938964844,403.1600036621094,404.8199768066406,291.3199768066406,59.36949920654297,-0.671051025390625,109882
3164.0,402.2992248535156,398.8799743652344,403.1399841308594,404.7599792480469,291.17999267578125,59.352195739746094,-0.51922607421875,109882
3165.0,402.4210510253906,398.9599914550781,403.2200012207031,404.7799987792969,291.5,59.234336853027344,-0.52105712890625,109882
3166.0,402.3658752441406,399.0799865722656,403.2599792480469,404.8599853515625,292.04498291015625,59.281002044677734,-0.4058837890625,109882
3167.0,402.5432434082031,399.1999816894531,403.3399963378906,404.8799743652344,291.739990234375,59.20405578613281,-0.52325439453125,109882
3168.0,402.4446105957031,399.1199951171875,403.239990234375,404.739990234375,291.6000061035156,59.230167388916016,-0.464630126953125,109882
3169.0,402.74786376953125,399.1399841308594,403.29998779296875,404.8999938964844,291.41998291015625,59.31028366088867,-0.7078857421875,109882
3170.0,402.48358154296875,399.0999755859375,403.2799987792969,404.80377197265625,291.91998291015625,59.11935043334961,-0.523590087890625,109882
3171.0,402.3820495605469,399.0799865722656,403.3199768066406,404.8999938964844,292.0799865722656,58.90200424194336,-0.362060546875,109882
3172.0,402.5808410644531,399.0199890136719,403.3999938964844,404.91998291015625,292.1399841308594,58.84978485107422,-0.540863037109375,109882
3173.0,402.4015808105469,399.05999755859375,403.3199768066406,404.8199768066406,291.8999938964844,59.07902526855469,-0.401580810546875,109882
3174.0,402.7849426269531,399.05999755859375,403.3399963378906,404.9599914550781,292.17999267578125,58.90581130981445,-0.804962158203125,109882
3175.0,402.962158203125,399.1600036621094,403.4599914550781,405.0999755859375,292.2799987792969,58.93045425415039,-0.90216064453125,109882
3176.0,402.8210144042969,399.0999755859375,403.3199768066406,404.8799743652344,292.3999938964844,58.79603958129883,-0.821014404296875,109882
3177.0,402.7314147949219,398.94000244140625,403.1600036621094,404.79998779296875,292.0,58.93722152709961,-0.931427001953125,109882
3178.0,402.781005859375,398.9599914550781,403.1999816894531,404.8799743652344,291.3399963378906,59.32267379760742,-0.9210205078125,109882
3179.0,402.9217529296875,399.1199951171875,403.29998779296875,404.8799743652344,291.7599792480469,59.14609146118164,-0.88177490234375,109882
3180.0,402.9366760253906,399.1199951171875,403.3799743652344,405.0999755859375,291.91998291015625,59.07748031616211,-0.896697998046875,109882
3181.0,402.8674621582031,399.0799865722656,403.3799743652344,405.1600036621094,291.5799865722656,59.25627517700195,-0.867462158203125,109882
3182.0,402.8804931640625,399.1199951171875,403.44000244140625,405.0799865722656,291.8800048828125,59.309383392333984,-0.9005126953125,109882
3183.0,402.7126159667969,399.17999267578125,403.3999938964844,405.0999755859375,291.3599853515625,59.55030059814453,-0.692626953125,109882
3184.0,402.70263671875,399.1399841308594,403.3999938964844,405.05999755859375,291.2200012207031,59.31874084472656,-0.622650146484375,109882
3185.0,402.78680419921875,399.17999267578125,403.4599914550781,405.1399841308594,291.05999755859375,59.39200210571289,-0.726806640625,109882
3186.0,402.6514587402344,399.03997802734375,403.3799743652344,405.17999267578125,291.44500732421875,59.16992950439453,-0.711456298828125,109882
3187.0,402.99560546875,399.1600036621094,403.6199951171875,405.44000244140625,291.5199890136719,59.085445404052734,-0.8756103515625,109882
3188.0,403.0859375,399.1999816894531,403.5799865722656,405.239990234375,291.67999267578125,59.042667388916016,-0.945953369140625,109882
3189.0,403.13604736328125,399.2799987792969,403.6199951171875,405.3199768066406,292.1600036621094,58.85921096801758,-0.916046142578125,109882
3190.0,403.00531005859375,399.29998779296875,403.55999755859375,405.3399963378906,292.239990234375,58.81465148925781,-0.76531982421875,109882
3191.0,402.8880920410156,399.239990234375,403.5199890136719,405.2599792480469,291.9649963378906,59.22200393676758,-0.6881103515625,109882
3192.0,402.9679870605469,399.3399963378906,403.7200012207031,405.3599853515625,291.4649963378906,59.477909088134766,-0.64801025390625,109882
3193.0,403.34283447265625,399.3399963378906,403.739990234375,405.3999938964844,291.2200012207031,59.71467208862305,-0.98284912109375,109882
3194.0,403.2173767089844,399.2799987792969,403.5799865722656,405.2200012207031,291.1000061035156,59.65223693847656,-0.9573974609375,109882
3195.0,403.1528015136719,399.2799987792969,403.6199951171875,405.239990234375,291.6399841308594,59.58332061767578,-0.872802734375,109882
3196.0,402.92706298828125,399.1399841308594,403.47998046875,405.0837707519531,291.97998046875,59.083740234375,-0.80706787109375,109882
3197.0,402.8294677734375,399.0999755859375,403.3999938964844,405.05999755859375,292.44000244140625,58.8351936340332,-0.749481201171875,109882
3198.0,402.9034118652344,399.1199951171875,403.41998291015625,405.1399841308594,292.5799865722656,58.68376541137695,-0.783416748046875,109882
3199.0,402.94696044921875,399.1600036621094,403.5199890136719,405.239990234375,292.1600036621094,59.001888275146484,-0.806976318359375,109882
3200.0,402.8378601074219,399.2599792480469,403.5,405.0999755859375,292.6999816894531,58.877601623535156,-0.657867431640625,109882
3201.0,402.892578125,399.3199768066406,403.5199890136719,405.0799865722656,291.8999938964844,59.12767791748047,-0.692596435546875,109882
3202.0,402.8207702636719,399.3399963378906,403.55999755859375,405.0799865722656,292.1600036621094,59.21781539916992,-0.560791015625,109882
3203.0,402.853759765625,399.3799743652344,403.5999755859375,405.1399841308594,292.1399841308594,59.21688461303711,-0.533782958984375,109882
3204.0,402.6886901855469,399.3199768066406,403.5999755859375,405.1999816894531,292.05999755859375,59.103515625,-0.40869140625,109882
3205.0,402.7453308105469,399.29998779296875,403.6399841308594,405.3199768066406,292.1000061035156,58.8745002746582,-0.445343017578125,109882
3206.0,402.73431396484375,399.1999816894531,403.44000244140625,405.05999755859375,292.05999755859375,58.94190216064453,-0.63433837890625,109882
3207.0,402.55438232421875,399.17999267578125,403.2799987792969,404.8599853515625,291.7799987792969,59.174922943115234,-0.534393310546875,109882
3208.0,402.39697265625,399.1399841308594,403.3399963378906,404.8399963378906,291.6399841308594,59.124027252197266,-0.35699462890625,109882
3209.0,402.3898010253906,399.2599792480469,403.44000244140625,405.0,292.0849914550781,59.12126541137695,-0.1898193359375,109882
3210.0,402.5044860839844,399.3399963378906,403.5799865722656,405.1199951171875,292.5199890136719,58.67341995239258,-0.264495849609375,109882
3211.0,402.66680908203125,399.3599853515625,403.7200012207031,405.30377197265625,291.94000244140625,59.11412811279297,-0.3668212890625,109882
3212.0,402.6896057128906,399.29998779296875,403.5999755859375,405.1637878417969,292.0199890136719,59.20243835449219,-0.42962646484375,109882
3213.0,402.5723876953125,399.1999816894531,403.3999938964844,405.03997802734375,292.4599914550781,58.81483459472656,-0.472412109375,109882
3214.0,402.42529296875,399.239990234375,403.29998779296875,404.8399963378906,292.7799987792969,58.38050079345703,-0.38531494140625,109882
3215.0,402.5250244140625,399.1999816894531,403.3599853515625,404.8999938964844,292.53997802734375,58.590118408203125,-0.425048828125,109882
3216.0,402.557861328125,399.2200012207031,403.4599914550781,404.94000244140625,292.29998779296875,58.827266693115234,-0.397857666015625,109882
3217.0,402.6174011230469,399.239990234375,403.53997802734375,405.03997802734375,292.47998046875,58.673465728759766,-0.4573974609375,109882
3218.0,402.7618408203125,399.3599853515625,403.6600036621094,405.1199951171875,292.6650085449219,58.69646453857422,-0.481842041015625,109882
3219.0,402.889892578125,399.3999938964844,403.6600036621094,405.2200012207031,292.55999755859375,58.7960205078125,-0.549896240234375,109882
3220.0,402.7183837890625,399.2799987792969,403.47998046875,405.05999755859375,292.7799987792969,58.65564727783203,-0.53839111328125,109882
3221.0,402.9199523925781,399.29998779296875,403.6399841308594,405.239990234375,292.7200012207031,58.86109924316406,-0.63995361328125,109882
3222.0,402.9292907714844,399.1600036621094,403.4599914550781,405.0999755859375,292.68499755859375,58.77180480957031,-0.769287109375,109882
3223.0,402.91583251953125,399.2200012207031,403.5,405.0799865722656,292.8249816894531,58.683265686035156,-0.755828857421875,109882
3224.0,402.89984130859375,399.29998779296875,403.5199890136719,405.0799865722656,292.3599853515625,58.7485237121582,-0.65985107421875,109882
3225.0,402.8820495605469,399.3199768066406,403.5,405.05999755859375,292.625,58.567474365234375,-0.642059326171875,109882
3226.0,402.9159851074219,399.2799987792969,403.55999755859375,405.1399841308594,292.4049987792969,58.680641174316406,-0.69598388671875,109882
3227.0,402.9817199707031,399.3199768066406,403.6999816894531,405.29998779296875,292.6399841308594,58.69877624511719,-0.70172119140625,109882
3228.0,403.0772705078125,399.3799743652344,403.739990234375,405.2799987792969,292.4849853515625,58.838645935058594,-0.697296142578125,109882
3229.0,403.0533142089844,399.3399963378906,403.6999816894531,405.29998779296875,292.47998046875,58.73513412475586,-0.7733154296875,109882
3230.0,402.96502685546875,399.41998291015625,403.7799987792969,405.44000244140625,292.5199890136719,58.91412353515625,-0.60504150390625,109882
3231.0,402.69268798828125,399.41998291015625,403.6399841308594,405.1600036621094,292.6600036621094,58.65037155151367,-0.372711181640625,109882
3232.0,403.07763671875,399.5199890136719,403.7799987792969,405.3199768066406,292.2850036621094,59.16340255737305,-0.63763427734375,109882
3233.0,403.3966979980469,399.3799743652344,403.7799987792969,405.5199890136719,292.2799987792969,59.15502166748047,-1.0167236328125,109882
3234.0,403.5863342285156,399.5,403.8199768066406,405.5799865722656,292.17999267578125,59.181793212890625,-1.1263427734375,109882
3235.0,403.688232421875,399.5799865722656,403.9599914550781,405.6199951171875,291.9599914550781,59.36575698852539,-1.0882568359375,109882
3236.0,403.2745361328125,399.41998291015625,403.6999816894531,405.2799987792969,291.91998291015625,59.23651885986328,-0.83453369140625,109882
3237.0,403.223388671875,399.3999938964844,403.67999267578125,405.2437744140625,292.1399841308594,59.09032440185547,-0.80340576171875,109882
3238.0,403.4391784667969,399.44000244140625,403.67999267578125,405.32379150390625,292.05999755859375,59.12727737426758,-1.0592041015625,109882
3239.0,403.3524475097656,399.4599914550781,403.7799987792969,405.3799743652344,292.1199951171875,59.0205078125,-0.95245361328125,109882
3240.0,403.2879943847656,399.44000244140625,403.79998779296875,405.44000244140625,292.1000061035156,58.98588180541992,-0.847991943359375,109882
3241.0,403.4875793457031,399.5999755859375,403.9599914550781,405.4599914550781,291.8199768066406,59.28971481323242,-0.867584228515625,109882
3242.0,403.4515075683594,399.6399841308594,403.97998046875,405.53997802734375,291.6399841308594,59.48603820800781,-0.79150390625,109882
3243.0,403.1361389160156,399.5799865722656,403.79998779296875,405.3999938964844,291.8999938964844,59.43746566772461,-0.636138916015625,109882
3244.0,402.9390869140625,399.4599914550781,403.67999267578125,405.2799987792969,292.5,58.9117546081543,-0.539093017578125,109882
3245.0,402.8902282714844,399.44000244140625,403.5799865722656,405.1600036621094,291.8249816894531,59.068702697753906,-0.590240478515625,109882
3246.0,403.0686340332031,399.4599914550781,403.8199768066406,405.3999938964844,292.0199890136719,59.04276657104492,-0.628631591796875,109882
3247.0,402.95989990234375,399.3999938964844,403.6999816894531,405.3399963378906,292.3599853515625,58.8739013671875,-0.5399169921875,109882
3248.0,402.9258117675781,399.47998046875,403.7200012207031,405.3799743652344,292.47998046875,58.837467193603516,-0.52581787109375,109882
3249.0,402.8633728027344,399.53997802734375,403.6999816894531,405.2799987792969,292.3999938964844,59.08607482910156,-0.423370361328125,109882
3250.0,402.9516906738281,399.53997802734375,403.739990234375,405.29998779296875,292.239990234375,59.0991096496582,-0.471710205078125,109882
3251.0,402.8654479980469,399.55999755859375,403.8399963378906,405.3599853515625,292.7799987792969,58.72254180908203,-0.305450439453125,109882
3252.0,403.0067138671875,399.5799865722656,403.91998291015625,405.5199890136719,292.6600036621094,58.83415222167969,-0.38671875,109882
3253.0,403.51959228515625,399.6399841308594,403.91998291015625,405.5799865722656,291.67999267578125,59.45879364013672,-0.879608154296875,109882
3254.0,403.36297607421875,399.5199890136719,403.8199768066406,405.5799865722656,291.7799987792969,59.370628356933594,-0.842987060546875,109882
3255.0,403.3312683105469,399.6199951171875,403.8599853515625,405.5,291.4599914550781,59.62730026245117,-0.771270751953125,109882
3256.0,403.2391052246094,399.6399841308594,403.8199768066406,405.47998046875,291.30499267578125,59.76950454711914,-0.65911865234375,109882
3257.0,403.1467590332031,399.6399841308594,403.8199768066406,405.5037841796875,291.6199951171875,59.46222686767578,-0.586761474609375,109882
3258.0,403.06304931640625,399.5,403.6999816894531,405.3199768066406,292.3800048828125,59.03489685058594,-0.663055419921875,109882
3259.0,403.0119934082031,399.53997802734375,403.67999267578125,405.2200012207031,291.8599853515625,59.131351470947266,-0.61199951171875,109882
3260.0,402.9868469238281,399.5199890136719,403.5799865722656,405.0999755859375,291.8800048828125,59.301700592041016,-0.58685302734375,109882
3261.0,402.67047119140625,399.41998291015625,403.47998046875,405.0799865722656,292.0,59.17686080932617,-0.410491943359375,109882
3262.0,402.5869445800781,399.47998046875,403.67999267578125,405.239990234375,292.1199951171875,58.99306106567383,-0.226959228515625,109882
3263.0,402.6600036621094,399.41998291015625,403.6399841308594,405.2599792480469,292.44000244140625,58.77810287475586,-0.300018310546875,109882
3264.0,402.73455810546875,399.3999938964844,403.55999755859375,405.17999267578125,292.3800048828125,58.75582504272461,-0.414581298828125,109882
3265.0,402.9260559082031,399.3999938964844,403.55999755859375,405.17999267578125,292.3199768066406,58.747188568115234,-0.6060791015625,109882
3266.0,403.0998229980469,399.4599914550781,403.6999816894531,405.2799987792969,292.1999816894531,58.8471794128418,-0.7198486328125,109882
3267.0,403.10882568359375,399.4599914550781,403.6999816894531,405.3199768066406,291.7799987792969,59.101646423339844,-0.728851318359375,109882
3268.0,403.30987548828125,399.53997802734375,403.6399841308594,405.3799743652344,291.7200012207031,59.19407653808594,-0.969879150390625,109882
3269.0,403.1835632324219,399.6199951171875,403.7200012207031,405.29998779296875,292.17999267578125,58.82880401611328,-0.763580322265625,109882
3270.0,403.18438720703125,399.5799865722656,403.7599792480469,405.3999938964844,292.3199768066406,58.91043472290039,-0.744384765625,109882
3271.0,403.4480895996094,399.6600036621094,403.91998291015625,405.5237731933594,291.67999267578125,59.3702278137207,-0.888092041015625,109882
3272.0,403.34857177734375,399.6999816894531,403.9599914550781,405.55999755859375,291.41998291015625,59.491050720214844,-0.708587646484375,109882
3273.0,403.29736328125,399.6399841308594,403.91998291015625,405.55999755859375,291.3450012207031,59.5135383605957,-0.73736572265625,109882
3274.0,403.1217041015625,399.5999755859375,403.8799743652344,405.5199890136719,291.7599792480469,59.35194396972656,-0.6217041015625,109882
3275.0,403.06866455078125,399.6199951171875,403.91998291015625,405.5,291.6000061035156,59.38727569580078,-0.488677978515625,109882
3276.0,403.3009948730469,399.7200012207031,404.05999755859375,405.6999816894531,291.55999755859375,59.37937545776367,-0.6409912109375,109882
3277.0,403.26922607421875,399.7200012207031,403.94000244140625,405.55999755859375,291.8599853515625,59.351627349853516,-0.66925048828125,109882
3278.0,403.1141052246094,399.6600036621094,403.7599792480469,405.3599853515625,292.2799987792969,59.03721618652344,-0.634124755859375,109882
3279.0,403.0602111816406,399.5799865722656,403.6600036621094,405.3199768066406,292.6600036621094,58.84529113769531,-0.68023681640625,109882
3280.0,403.1832275390625,399.6199951171875,403.7599792480469,405.239990234375,291.8999938964844,59.341068267822266,-0.7032470703125,109882
3281.0,402.9372253417969,399.55999755859375,403.6600036621094,405.1999816894531,292.7200012207031,58.74409103393555,-0.5372314453125,109882
3282.0,403.1002197265625,399.6399841308594,403.7799987792969,405.3799743652344,292.4599914550781,58.664710998535156,-0.640228271484375,109882
3283.0,402.9604187011719,399.5199890136719,403.6999816894531,405.3199768066406,291.79998779296875,59.138343811035156,-0.600433349609375,109882
3284.0,403.02471923828125,399.5,403.7599792480469,405.3799743652344,292.0799865722656,59.27320861816406,-0.604736328125,109882
3285.0,403.28338623046875,399.67999267578125,404.0,405.67999267578125,292.47998046875,59.2216796875,-0.66339111328125,109882
3286.0,403.3773498535156,399.6999816894531,404.0999755859375,405.739990234375,292.5,59.33942794799805,-0.837371826171875,109882
3287.0,403.485595703125,399.8199768066406,404.1600036621094,405.7799987792969,292.3450012207031,59.4107551574707,-0.765594482421875,109882
3288.0,403.33404541015625,399.8399963378906,404.1999816894531,405.8199768066406,292.0199890136719,59.24002456665039,-0.5340576171875,109882
3289.0,403.38348388671875,399.8999938964844,404.17999267578125,405.67999267578125,292.05999755859375,59.12590408325195,-0.543487548828125,109882
3290.0,403.56488037109375,399.8399963378906,404.1199951171875,405.68377685546875,291.8800048828125,59.26604461669922,-0.764892578125,109882
3291.0,403.48614501953125,399.67999267578125,404.0199890136719,405.6399841308594,292.5249938964844,59.00824737548828,-0.786163330078125,109882
3292.0,403.5021667480469,399.67999267578125,404.1600036621094,405.7799987792969,291.79998779296875,59.185482025146484,-0.7421875,109882
3293.0,403.4613952636719,399.7599792480469,404.1600036621094,405.7237854003906,291.739990234375,59.46613693237305,-0.681396484375,109882
3294.0,403.6422424316406,399.8599853515625,404.2799987792969,405.8999938964844,291.8249816894531,59.290061950683594,-0.76226806640625,109882
3295.0,403.4377136230469,399.7599792480469,404.0799865722656,405.67999267578125,292.2599792480469,59.08233642578125,-0.757720947265625,109882
3296.0,403.29510498046875,399.6399841308594,403.8199768066406,405.44000244140625,292.7200012207031,58.635581970214844,-0.775115966796875,109882
3297.0,403.3250732421875,399.739990234375,403.9599914550781,405.5199890136719,292.5,58.86765670776367,-0.705078125,109882
3298.0,403.31640625,399.8399963378906,404.0199890136719,405.55999755859375,292.44000244140625,58.82126235961914,-0.576416015625,109882
3299.0,403.1561279296875,399.8199768066406,403.8799743652344,405.3999938964844,292.8199768066406,58.57946014404297,-0.51812744140625,109882
3300.0,403.14019775390625,399.7799987792969,403.8399963378906,405.41998291015625,292.8999938964844,58.51589584350586,-0.500213623046875,109882
3301.0,403.03936767578125,399.6600036621094,403.7799987792969,405.3799743652344,293.1399841308594,58.30198669433594,-0.55938720703125,109882
3302.0,403.0317687988281,399.6600036621094,403.7799987792969,405.41998291015625,292.8599853515625,58.43689727783203,-0.551788330078125,109882
3303.0,403.3977355957031,399.7200012207031,403.8799743652344,405.4599914550781,292.8399963378906,58.387977600097656,-0.777740478515625,109882
3304.0,403.5208740234375,399.7200012207031,404.05999755859375,405.6399841308594,292.7200012207031,58.32707595825195,-0.84088134765625,109882
3305.0,403.2958984375,399.67999267578125,404.0,405.6399841308594,293.1399841308594,58.155006408691406,-0.715911865234375,109882
3306.0,403.1999816894531,399.8799743652344,404.1199951171875,405.7599792480469,293.1999816894531,58.212337493896484,-0.47998046875,109882
3307.0,403.4393005371094,399.94000244140625,404.1999816894531,405.8399963378906,292.97998046875,58.51120376586914,-0.61932373046875,109882
3308.0,403.3972473144531,399.8599853515625,404.1199951171875,405.7200012207031,292.79998779296875,58.710147857666016,-0.63726806640625,109882
3309.0,403.1923522949219,399.79998779296875,404.03997802734375,405.55999755859375,292.94000244140625,58.50377655029297,-0.452362060546875,109882
3310.0,403.35089111328125,399.7799987792969,404.1199951171875,405.79998779296875,292.68499755859375,58.93611145019531,-0.570892333984375,109882
3311.0,403.55255126953125,399.7799987792969,404.0999755859375,405.7599792480469,292.9599914550781,59.02117156982422,-0.852569580078125,109882
3312.0,403.52508544921875,399.7599792480469,403.97998046875,405.67999267578125,292.3800048828125,59.23942565917969,-0.885101318359375,109882
3313.0,403.3944396972656,399.6999816894531,403.8999938964844,405.5999755859375,292.5,59.07695770263672,-0.814453125,109882
3314.0,403.4267272949219,399.7599792480469,403.91998291015625,405.6199951171875,292.94000244140625,58.822139739990234,-0.826751708984375,109882
3315.0,403.5372314453125,399.79998779296875,403.94000244140625,405.6199951171875,292.6399841308594,59.11440658569336,-0.937255859375,109882
3316.0,403.6365966796875,399.7599792480469,403.94000244140625,405.5999755859375,292.79998779296875,59.16315460205078,-1.0166015625,109882
3317.0,403.635986328125,399.8399963378906,404.0799865722656,405.739990234375,292.3199768066406,59.194496154785156,-0.855987548828125,109882
3318.0,403.5244445800781,399.91998291015625,404.1399841308594,405.8199768066406,292.05999755859375,59.25767517089844,-0.6844482421875,109882
3319.0,403.52960205078125,399.97998046875,404.2599792480469,405.9599914550781,291.5799865722656,59.724586486816406,-0.589599609375,109882
3320.0,403.69036865234375,400.0999755859375,404.3399963378906,405.97998046875,291.8199768066406,59.72372055053711,-0.69036865234375,109882
3321.0,403.9335021972656,400.0799865722656,404.44000244140625,406.03997802734375,292.239990234375,59.651084899902344,-0.893524169921875,109882
3322.0,403.92486572265625,400.0799865722656,404.3599853515625,405.97998046875,292.739990234375,59.25376892089844,-0.904876708984375,109882
3323.0,403.6932067871094,399.97998046875,404.239990234375,405.8799743652344,292.3199768066406,59.45476531982422,-0.793212890625,109882
3324.0,403.4970703125,399.97998046875,404.17999267578125,405.7799987792969,292.47998046875,59.32777786254883,-0.6370849609375,109882
3325.0,403.53631591796875,400.0,404.1600036621094,405.6999816894531,292.6199951171875,58.97508239746094,-0.736328125,109882
3326.0,403.5912780761719,400.03997802734375,404.2200012207031,405.8399963378906,292.05999755859375,59.459800720214844,-0.6912841796875,109882
3327.0,403.46331787109375,399.8999938964844,404.1199951171875,405.739990234375,292.1199951171875,59.432308197021484,-0.643341064453125,109882
3328.0,403.44970703125,399.91998291015625,404.1999816894531,405.8599853515625,292.1999816894531,59.250511169433594,-0.569732666015625,109882
3329.0,403.4518737792969,399.91998291015625,404.1600036621094,405.7599792480469,292.47998046875,59.07616424560547,-0.651885986328125,109882
3330.0,403.35504150390625,399.91998291015625,404.1399841308594,405.7200012207031,292.3999938964844,59.412925720214844,-0.5550537109375,109882
3331.0,403.3206481933594,399.79998779296875,404.0,405.55999755859375,292.5,59.40546798706055,-0.62066650390625,109882
3332.0,403.46490478515625,399.8799743652344,404.0799865722656,405.53997802734375,292.79998779296875,59.17106628417969,-0.644927978515625,109882
3333.0,403.4397277832031,399.8999938964844,404.0999755859375,405.53997802734375,292.9049987792969,58.879005432128906,-0.6197509765625,109882
3334.0,403.4219055175781,399.8599853515625,404.0999755859375,405.6199951171875,292.2850036621094,59.34931182861328,-0.66192626953125,109882
3335.0,403.23040771484375,399.94000244140625,404.17999267578125,405.7799987792969,292.2599792480469,59.41618347167969,-0.410430908203125,109882
3336.0,403.2806701660156,399.8999938964844,404.1999816894531,405.8399963378906,292.7799987792969,59.160987854003906,-0.440673828125,109882
3337.0,403.404052734375,399.9599914550781,404.239990234375,405.8399963378906,292.7049865722656,59.174293518066406,-0.48406982421875,109882
3338.0,403.4066162109375,400.0,404.29998779296875,405.8799743652344,292.7599792480469,59.038578033447266,-0.446624755859375,109882
3339.0,403.50030517578125,400.0799865722656,404.3399963378906,405.8799743652344,292.739990234375,58.97086715698242,-0.540313720703125,109882
3340.0,403.4392395019531,400.05999755859375,404.2599792480469,405.82379150390625,292.8999938964844,58.82575988769531,-0.519256591796875,109882
3341.0,403.347900390625,400.1399841308594,404.2599792480469,405.79998779296875,292.6399841308594,59.14039611816406,-0.367919921875,109882
3342.0,403.34246826171875,400.1999816894531,404.29998779296875,405.7200012207031,292.47998046875,59.289066314697266,-0.282470703125,109882
3343.0,403.4842224121094,400.1999816894531,404.3799743652344,405.8999938964844,292.7599792480469,59.15239715576172,-0.34423828125,109882
3344.0,403.8467102050781,400.2200012207031,404.41998291015625,405.91998291015625,292.42498779296875,59.07881546020508,-0.70672607421875,109882
3345.0,403.62017822265625,400.03997802734375,404.2799987792969,405.7799987792969,293.0199890136719,58.80332565307617,-0.62017822265625,109882
3346.0,403.6352233886719,400.2200012207031,404.4599914550781,406.03997802734375,293.1600036621094,59.27983474731445,-0.395233154296875,109882
3347.0,403.71661376953125,400.1399841308594,404.3599853515625,405.97998046875,292.7200012207031,59.43376922607422,-0.6566162109375,109882
3348.0,403.49267578125,400.03997802734375,404.239990234375,405.8399963378906,292.8800048828125,59.1067008972168,-0.57269287109375,109882
3349.0,403.6424255371094,400.1399841308594,404.3999938964844,405.9599914550781,293.6399841308594,58.48273468017578,-0.662445068359375,109882
3350.0,403.93280029296875,400.0999755859375,404.3999938964844,406.0199890136719,293.17999267578125,58.66092300415039,-0.912811279296875,109882
3351.0,403.91796875,400.1199951171875,404.3599853515625,405.9599914550781,293.2799987792969,58.494873046875,-0.85797119140625,109882
3352.0,403.3481140136719,400.03997802734375,404.1999816894531,405.739990234375,293.1600036621094,58.533836364746094,-0.4681396484375,109882
3353.0,403.4478759765625,400.0799865722656,404.3399963378906,406.0,293.3599853515625,58.568687438964844,-0.4678955078125,109882
3354.0,403.7174377441406,400.2200012207031,404.3999938964844,405.94000244140625,292.6600036621094,59.05942153930664,-0.637451171875,109882
3355.0,403.6065673828125,400.1600036621094,404.2799987792969,405.739990234375,292.6000061035156,59.15056228637695,-0.6065673828125,109882
3356.0,403.81256103515625,400.1399841308594,404.3999938964844,405.8999938964844,293.18499755859375,58.70166778564453,-0.732574462890625,109882
3357.0,403.80694580078125,400.1399841308594,404.53997802734375,406.1999816894531,292.6999816894531,58.882728576660156,-0.646942138671875,109882
3358.0,403.8433837890625,400.17999267578125,404.44000244140625,406.1399841308594,292.6600036621094,58.98528289794922,-0.743408203125,109882
3359.0,403.8747863769531,400.1600036621094,404.3999938964844,406.0799865722656,292.3249816894531,59.2377815246582,-0.754791259765625,109882
3360.0,403.81549072265625,400.29998779296875,404.55999755859375,406.0999755859375,292.6000061035156,59.30086135864258,-0.615509033203125,109882
3361.0,403.9945373535156,400.3799743652344,404.6600036621094,406.1999816894531,292.1000061035156,59.66841125488281,-0.71453857421875,109882
3362.0,403.6332702636719,400.239990234375,404.47998046875,406.05999755859375,292.5050048828125,59.209510803222656,-0.513275146484375,109882
3363.0,403.77801513671875,400.1600036621094,404.3999938964844,405.97998046875,292.7599792480469,58.74540328979492,-0.758026123046875,109882
3364.0,403.7992858886719,400.17999267578125,404.3399963378906,405.94000244140625,292.3199768066406,58.98245620727539,-0.759307861328125,109882
3365.0,403.6885070800781,400.1399841308594,404.2799987792969,405.8199768066406,292.3199768066406,59.06987762451172,-0.688507080078125,109882
3366.0,403.7201843261719,400.17999267578125,404.3799743652344,405.8599853515625,292.7200012207031,58.88319396972656,-0.660186767578125,109882
3367.0,403.74993896484375,400.2599792480469,404.5199890136719,406.05999755859375,292.53997802734375,59.05573654174805,-0.589935302734375,109882
3368.0,403.4391784667969,400.1399841308594,404.3799743652344,405.94000244140625,292.5799865722656,58.924564361572266,-0.399200439453125,109882
3369.0,403.4017028808594,400.17999267578125,404.29998779296875,405.7799987792969,292.3999938964844,59.03783416748047,-0.361724853515625,109882
3370.0,403.6407775878906,400.3199768066406,404.41998291015625,405.94000244140625,292.4649963378906,59.27714157104492,-0.520782470703125,109882
3371.0,403.646240234375,400.2799987792969,404.44000244140625,405.8999938964844,292.1650085449219,59.47458267211914,-0.486236572265625,109882
3372.0,403.6750183105469,400.2200012207031,404.44000244140625,405.94000244140625,292.1399841308594,59.43796157836914,-0.5350341796875,109882
3373.0,404.0248718261719,400.2799987792969,404.67999267578125,406.2799987792969,292.79998779296875,59.233455657958984,-0.724884033203125,109882
3374.0,404.4494934082031,400.3399963378906,404.8599853515625,406.4599914550781,292.6600036621094,59.515525817871094,-1.06951904296875,109882
3375.0,404.2234191894531,400.17999267578125,404.6600036621094,406.29998779296875,292.2799987792969,59.49951934814453,-0.983428955078125,109882
3376.0,404.1124572753906,400.0999755859375,404.53997802734375,406.1999816894531,292.3800048828125,59.657806396484375,-0.992462158203125,109882
3377.0,403.9974670410156,400.2799987792969,404.47998046875,406.1199951171875,291.8199768066406,59.98221969604492,-0.877471923828125,109882
3378.0,404.2454833984375,400.3599853515625,404.6199951171875,406.3599853515625,291.94000244140625,59.8446159362793,-0.965484619140625,109882
3379.0,404.2667236328125,400.29998779296875,404.67999267578125,406.47998046875,292.0799865722656,59.8065071105957,-0.946746826171875,109882
3380.0,404.7226867675781,400.2799987792969,404.8599853515625,406.7799987792969,291.79998779296875,59.872718811035156,-1.302703857421875,109882
3381.0,404.38568115234375,400.4599914550781,404.8799743652344,406.6199951171875,291.8399963378906,59.886356353759766,-0.90570068359375,109882
3382.0,404.4644775390625,400.44000244140625,404.79998779296875,406.47998046875,291.94000244140625,59.53999328613281,-0.9844970703125,109882
3383.0,404.4976806640625,400.3799743652344,404.6399841308594,406.41998291015625,291.8800048828125,59.65041732788086,-1.117706298828125,109882
3384.0,404.23016357421875,400.3799743652344,404.6199951171875,406.3799743652344,292.239990234375,59.4762077331543,-0.890167236328125,109882
3385.0,404.0887756347656,400.3399963378906,404.6999816894531,406.3399963378906,292.3800048828125,59.47529983520508,-0.80877685546875,109882
3386.0,404.1504821777344,400.1999816894531,404.5999755859375,406.29998779296875,291.9849853515625,59.527137756347656,-0.910491943359375,109882
3387.0,403.9253234863281,400.17999267578125,404.55999755859375,406.2200012207031,291.8599853515625,59.84064865112305,-0.725341796875,109882
3388.0,404.0622863769531,400.5199890136719,404.8199768066406,406.4837951660156,292.3399963378906,59.8843879699707,-0.562286376953125,109882
3389.0,404.20611572265625,400.44000244140625,404.8399963378906,406.53997802734375,292.9599914550781,59.43394088745117,-0.7861328125,109882
3390.0,404.3980407714844,400.29998779296875,404.67999267578125,406.41998291015625,292.6600036621094,59.17967224121094,-1.098052978515625,109882
3391.0,404.55877685546875,400.3399963378906,404.739990234375,406.55999755859375,292.1399841308594,59.62375259399414,-1.178802490234375,109882
3392.0,404.3416442871094,400.3399963378906,404.53997802734375,406.2599792480469,292.1999816894531,59.62208938598633,-1.0616455078125,109882
3393.0,404.2802429199219,400.3999938964844,404.6199951171875,406.2200012207031,292.5799865722656,59.297889709472656,-1.000244140625,109882
3394.0,404.4493713378906,400.55999755859375,404.8199768066406,406.44000244140625,292.5199890136719,59.446250915527344,-0.949371337890625,109882
3395.0,404.6700744628906,400.53997802734375,404.8799743652344,406.53997802734375,292.41998291015625,59.41455841064453,-1.130096435546875,109882
3396.0,404.7933044433594,400.41998291015625,404.8999938964844,406.67999267578125,292.47998046875,59.40975570678711,-1.313323974609375,109882
3397.0,404.2084655761719,400.3399963378906,404.67999267578125,406.4599914550781,292.29998779296875,59.71444320678711,-0.908477783203125,109882
3398.0,403.8374938964844,400.2200012207031,404.47998046875,406.239990234375,292.7799987792969,59.19965362548828,-0.717498779296875,109882
3399.0,404.1772155761719,400.1600036621094,404.53997802734375,406.29998779296875,293.0,58.8941764831543,-1.0172119140625,109882
3400.0,404.2558288574219,400.2799987792969,404.739990234375,406.5199890136719,292.91998291015625,58.73642349243164,-0.975830078125,109882
3401.0,404.2995910644531,400.3799743652344,404.8999938964844,406.67999267578125,292.7799987792969,58.86330032348633,-0.89959716796875,109882
3402.0,404.38067626953125,400.47998046875,404.91998291015625,406.6399841308594,292.8599853515625,58.905704498291016,-0.920684814453125,109882
3403.0,404.4870910644531,400.5199890136719,404.94000244140625,406.5799865722656,292.6999816894531,59.08946228027344,-1.027099609375,109882
3404.0,404.41644287109375,400.4599914550781,404.8799743652344,406.6399841308594,292.6600036621094,59.392860412597656,-0.9964599609375,109882
3405.0,404.30877685546875,400.4599914550781,404.7599792480469,406.3999938964844,292.55999755859375,59.60033416748047,-0.908782958984375,109882
3406.0,404.07977294921875,400.3999938964844,404.5999755859375,406.239990234375,292.54498291015625,59.462188720703125,-0.739776611328125,109882
3407.0,403.9277038574219,400.3599853515625,404.55999755859375,406.239990234375,293.0799865722656,59.0650749206543,-0.687713623046875,109882
3408.0,404.2043151855469,400.41998291015625,404.67999267578125,406.29998779296875,293.05999755859375,59.33702087402344,-0.86431884765625,109882
3409.0,403.96710205078125,400.3799743652344,404.55999755859375,406.0999755859375,293.05999755859375,59.08392333984375,-0.72711181640625,109882
3410.0,403.9335021972656,400.44000244140625,404.5,406.0999755859375,292.8999938964844,59.03721618652344,-0.693511962890625,109882
3411.0,403.7599792480469,400.4599914550781,404.5199890136719,406.1199951171875,292.8599853515625,59.14714050292969,-0.53997802734375,109882
3412.0,403.8697509765625,400.6399841308594,404.79998779296875,406.3799743652344,292.6999816894531,59.31563949584961,-0.409759521484375,109882
3413.0,404.10418701171875,400.5,404.7799987792969,406.47998046875,292.9599914550781,59.11907958984375,-0.644195556640625,109882
3414.0,404.4158935546875,400.53997802734375,404.8399963378906,406.5437927246094,292.97998046875,59.208213806152344,-0.9359130859375,109882
3415.0,404.4559631347656,400.6600036621094,405.0,406.5799865722656,292.5199890136719,59.71315383911133,-0.8759765625,109882
3416.0,404.4408874511719,400.6999816894531,405.0199890136719,406.6199951171875,292.5,59.642852783203125,-0.7808837890625,109882
3417.0,404.4491271972656,400.6399841308594,405.0,406.6399841308594,292.8800048828125,59.496891021728516,-0.849151611328125,109882
3418.0,404.1921691894531,400.53997802734375,404.739990234375,406.3599853515625,292.3800048828125,60.077152252197266,-0.772186279296875,109882
3419.0,404.13775634765625,400.5999755859375,404.739990234375,406.3199768066406,292.5799865722656,59.65179443359375,-0.7177734375,109882
3420.0,404.0982666015625,400.6399841308594,404.8399963378906,406.3399963378906,292.97998046875,59.28281021118164,-0.6182861328125,109882
3421.0,404.2984924316406,400.7599792480469,405.0199890136719,406.55999755859375,293.0,59.579742431640625,-0.618499755859375,109882
3422.0,404.1526794433594,400.6600036621094,404.8999938964844,406.3999938964844,293.1399841308594,59.32510757446289,-0.552703857421875,109882
3423.0,403.9719543457031,400.6199951171875,404.8199768066406,406.3199768066406,293.385009765625,58.954444885253906,-0.471954345703125,109882
3424.0,404.1446533203125,400.55999755859375,404.8599853515625,406.3799743652344,293.1000061035156,58.98567581176758,-0.6446533203125,109882
3425.0,404.12738037109375,400.5999755859375,405.0199890136719,406.55999755859375,293.67999267578125,58.581207275390625,-0.5673828125,109882
3426.0,404.10479736328125,400.6600036621094,405.05999755859375,406.6199951171875,293.625,58.690185546875,-0.464813232421875,109882
3427.0,403.8934326171875,400.5199890136719,404.79998779296875,406.29998779296875,293.239990234375,58.8646354675293,-0.433441162109375,109882
3428.0,404.07794189453125,400.6600036621094,404.97998046875,406.5,293.0199890136719,59.09831619262695,-0.39996337890625,109882
3429.0,404.12506103515625,400.6199951171875,404.8599853515625,406.3399963378906,292.9849853515625,59.146324157714844,-0.52508544921875,109882
3430.0,404.0876159667969,400.47998046875,404.739990234375,406.17999267578125,293.2799987792969,58.89406204223633,-0.607635498046875,109882
3431.0,404.21881103515625,400.5,404.79998779296875,406.3399963378906,293.0,59.18641662597656,-0.73883056640625,109882
3432.0,404.40008544921875,400.6600036621094,405.03997802734375,406.6600036621094,292.6999816894531,59.41339874267578,-0.680084228515625,109882
3433.0,404.4304504394531,400.7200012207031,405.1199951171875,406.7599792480469,292.739990234375,59.739253997802734,-0.690460205078125,109882
3434.0,404.4188537597656,400.739990234375,405.0,406.6199951171875,292.5,59.731929779052734,-0.738861083984375,109882
3435.0,404.440185546875,400.67999267578125,404.8999938964844,406.53997802734375,293.06500244140625,59.63142776489258,-0.860198974609375,109882
3436.0,404.36981201171875,400.739990234375,404.9599914550781,406.55999755859375,292.67999267578125,59.544334411621094,-0.709808349609375,109882
3437.0,404.3577575683594,400.7599792480469,404.91998291015625,406.4599914550781,292.6399841308594,59.347740173339844,-0.7177734375,109882
3438.0,404.3227844238281,400.739990234375,404.9599914550781,406.5199890136719,293.0199890136719,59.11480712890625,-0.68280029296875,109882
3439.0,404.27935791015625,400.79998779296875,404.9599914550781,406.55999755859375,292.55999755859375,59.52214813232422,-0.65936279296875,109882
3440.0,404.5519104003906,400.739990234375,405.05999755859375,406.739990234375,293.1000061035156,59.135009765625,-0.91192626953125,109882
3441.0,404.5302734375,400.6399841308594,405.0199890136719,406.7200012207031,293.41998291015625,58.83065414428711,-0.9302978515625,109882
3442.0,404.6764831542969,400.7200012207031,405.17999267578125,406.8599853515625,293.30499267578125,59.123897552490234,-0.91650390625,109882
3443.0,404.7422180175781,400.8199768066406,405.3799743652344,407.05999755859375,292.6999816894531,59.444740295410156,-0.84222412109375,109882
3444.0,404.73028564453125,400.7200012207031,405.17999267578125,406.94000244140625,292.7200012207031,59.32942199707031,-0.970306396484375,109882
3445.0,404.4823303222656,400.5999755859375,404.8799743652344,406.5999755859375,293.1650085449219,58.936485290527344,-0.96234130859375,109882
3446.0,404.5027770996094,400.6600036621094,404.9599914550781,406.67999267578125,293.5249938964844,58.98688507080078,-0.962799072265625,109882
3447.0,404.5015563964844,400.6199951171875,404.94000244140625,406.6399841308594,293.6000061035156,59.012123107910156,-0.941558837890625,109882
3448.0,404.4890441894531,400.5799865722656,404.9599914550781,406.6600036621094,293.2449951171875,59.06283187866211,-0.9090576171875,109882
3449.0,404.40472412109375,400.7200012207031,405.0199890136719,406.6600036621094,293.17999267578125,59.16537857055664,-0.744720458984375,109882
3450.0,404.1552734375,400.6999816894531,404.8999938964844,406.5999755859375,293.2049865722656,59.194915771484375,-0.59527587890625,109882
3451.0,404.34381103515625,400.6999816894531,405.05999755859375,406.8399963378906,293.2200012207031,59.207061767578125,-0.74383544921875,109882
3452.0,404.5867004394531,400.7200012207031,405.0999755859375,406.79998779296875,293.3999938964844,59.229549407958984,-0.94671630859375,109882
3453.0,404.3888244628906,400.6999816894531,405.05999755859375,406.6600036621094,293.67999267578125,59.07064437866211,-0.708831787109375,109882
3454.0,404.3075866699219,400.6199951171875,405.03997802734375,406.6600036621094,293.42498779296875,59.10100555419922,-0.687591552734375,109882
3455.0,404.1780090332031,400.6399841308594,405.03997802734375,406.6999816894531,293.739990234375,58.96485137939453,-0.558013916015625,109882
3456.0,404.3167419433594,400.5999755859375,405.1199951171875,406.7599792480469,293.6399841308594,59.04511642456055,-0.65673828125,109882
3457.0,404.676513671875,400.67999267578125,405.1999816894531,406.8199768066406,293.2200012207031,59.219749450683594,-0.976531982421875,109882
3458.0,404.67327880859375,400.6600036621094,405.0999755859375,406.7599792480469,293.239990234375,59.1331672668457,-1.013275146484375,109882
3459.0,404.6169128417969,400.739990234375,405.0799865722656,406.7599792480469,292.8999938964844,59.34191131591797,-0.9569091796875,109882
3460.0,404.5316162109375,400.7799987792969,404.97998046875,406.6600036621094,293.55999755859375,59.17375564575195,-0.931640625,109882
3461.0,404.4836120605469,400.67999267578125,405.0,406.67999267578125,293.1199951171875,59.12975311279297,-0.90362548828125,109882
3462.0,404.8251647949219,400.8199768066406,405.1600036621094,406.8399963378906,292.7850036621094,59.369869232177734,-1.025177001953125,109882
3463.0,404.8488464355469,401.0,405.2599792480469,406.8399963378906,293.04498291015625,59.429969787597656,-0.88885498046875,109882
3464.0,404.9067077636719,400.94000244140625,405.239990234375,406.8799743652344,292.6600036621094,59.50521469116211,-0.966705322265625,109882
3465.0,404.7088317871094,400.97998046875,405.29998779296875,406.94000244140625,293.17999267578125,59.378746032714844,-0.6888427734375,109882
3466.0,404.64996337890625,400.91998291015625,405.2200012207031,406.97998046875,293.3800048828125,59.28584671020508,-0.7099609375,109882
3467.0,404.7559814453125,400.94000244140625,405.3199768066406,406.97998046875,293.6999816894531,58.98295593261719,-0.7760009765625,109882
3468.0,404.86102294921875,401.0199890136719,405.4599914550781,407.05999755859375,293.2799987792969,59.42052459716797,-0.801025390625,109882
3469.0,404.76446533203125,400.9599914550781,405.41998291015625,407.03997802734375,293.47998046875,59.36280822753906,-0.76446533203125,109882
3470.0,404.58917236328125,400.8399963378906,405.2799987792969,406.9599914550781,293.53997802734375,59.29220962524414,-0.669189453125,109882
3471.0,404.3841247558594,400.7799987792969,405.17999267578125,406.8199768066406,293.54498291015625,59.240631103515625,-0.6241455078125,109882
3472.0,404.3468933105469,400.7599792480469,405.03997802734375,406.643798828125,292.9599914550781,59.3818359375,-0.6868896484375,109882
3473.0,404.3570861816406,400.8599853515625,405.1399841308594,406.67999267578125,292.94000244140625,59.462162017822266,-0.557098388671875,109882
3474.0,404.21435546875,400.739990234375,405.0199890136719,406.56378173828125,293.47998046875,58.99153518676758,-0.574371337890625,109882
3475.0,404.29144287109375,400.8599853515625,405.0,406.5999755859375,293.5249938964844,59.053810119628906,-0.571441650390625,109882
3476.0,404.57470703125,400.8999938964844,405.17999267578125,406.8599853515625,293.53997802734375,58.88722610473633,-0.754730224609375,109882
3477.0,404.96441650390625,400.8999938964844,405.2799987792969,407.0037841796875,293.44000244140625,58.909217834472656,-1.064422607421875,109882
3478.0,405.02178955078125,401.0199890136719,405.41998291015625,407.1199951171875,293.239990234375,59.03077697753906,-1.001800537109375,109882
3479.0,405.10247802734375,401.05999755859375,405.4599914550781,407.2200012207031,292.91998291015625,59.423675537109375,-1.0625,109882
3480.0,404.887451171875,400.9599914550781,405.2799987792969,406.97998046875,293.1000061035156,59.34021759033203,-0.987457275390625,109882
3481.0,404.95965576171875,400.79998779296875,405.2599792480469,407.03997802734375,292.8199768066406,59.56829071044922,-1.15966796875,109882
3482.0,404.76641845703125,400.8199768066406,405.2599792480469,407.03997802734375,292.739990234375,59.75091552734375,-1.046417236328125,109882
3483.0,404.7431945800781,400.78997802734375,405.17999267578125,406.91998291015625,292.79998779296875,59.777042388916016,-1.063201904296875,109882
3484.0,404.7002258300781,400.739990234375,405.1999816894531,406.8399963378906,292.6399841308594,59.90298080444336,-1.020233154296875,109882
3485.0,404.64013671875,400.739990234375,405.0999755859375,406.8199768066406,292.94000244140625,59.739627838134766,-0.96014404296875,109882
3486.0,404.74395751953125,400.8599853515625,405.1600036621094,406.8799743652344,292.6600036621094,59.91276168823242,-0.963958740234375,109882
3487.0,404.4792175292969,400.8599853515625,405.05999755859375,406.6399841308594,293.2799987792969,59.37177276611328,-0.739227294921875,109882
3488.0,404.80657958984375,400.8599853515625,405.0799865722656,406.79998779296875,293.2200012207031,59.192996978759766,-1.06658935546875,109882
3489.0,405.0173645019531,400.9599914550781,405.239990234375,407.1199951171875,292.8599853515625,59.61168670654297,-1.097381591796875,109882
3490.0,404.69561767578125,400.94000244140625,405.2200012207031,407.0799865722656,292.8800048828125,59.493282318115234,-0.795623779296875,109882
3491.0,404.7581481933594,401.03997802734375,405.4599914550781,407.17999267578125,292.53997802734375,59.801124572753906,-0.698150634765625,109882
3492.0,405.04071044921875,401.0199890136719,405.5,407.2200012207031,292.2799987792969,59.99777603149414,-0.980712890625,109882
3493.0,404.7361145019531,400.8799743652344,405.2599792480469,406.9599914550781,292.94000244140625,59.625614166259766,-0.876129150390625,109882
3494.0,404.90008544921875,400.91998291015625,405.2599792480469,406.91998291015625,292.97998046875,59.61917495727539,-1.020111083984375,109882
3495.0,404.9506530761719,401.0,405.3199768066406,406.9599914550781,292.30499267578125,59.87373352050781,-0.99066162109375,109882
3496.0,405.06683349609375,400.97998046875,405.29998779296875,407.0199890136719,292.6000061035156,59.55522537231445,-1.166839599609375,109882
3497.0,405.298828125,401.0199890136719,405.3799743652344,407.0799865722656,292.885009765625,59.180015563964844,-1.398834228515625,109882
3498.0,405.3076477050781,401.1199951171875,405.55999755859375,407.1999816894531,292.55999755859375,59.5838508605957,-1.187652587890625,109882
3499.0,405.2062072753906,401.1199951171875,405.5199890136719,407.17999267578125,292.42498779296875,59.65162658691406,-1.166229248046875,109882
3500.0,405.0671691894531,401.0999755859375,405.47998046875,407.1199951171875,292.29998779296875,59.675140380859375,-1.04718017578125,109882
3501.0,405.0863952636719,401.0799865722656,405.41998291015625,407.0199890136719,292.53997802734375,59.616214752197266,-1.06640625,109882
3502.0,405.1002197265625,401.17999267578125,405.47998046875,407.0799865722656,292.41998291015625,59.76074981689453,-0.980224609375,109882
3503.0,405.0447692871094,401.239990234375,405.53997802734375,407.0237731933594,292.5,59.754493713378906,-0.804779052734375,109882
3504.0,404.9486999511719,401.239990234375,405.5199890136719,407.05999755859375,292.29998779296875,59.76947021484375,-0.688720703125,109882
3505.0,405.0998229980469,401.29998779296875,405.5799865722656,407.1999816894531,292.6600036621094,59.53959655761719,-0.83984375,109882
3506.0,405.05999755859375,401.239990234375,405.55999755859375,407.17999267578125,293.2599792480469,59.17741394042969,-0.800018310546875,109882
3507.0,404.79071044921875,401.1399841308594,405.5,407.1199951171875,293.17999267578125,59.1701545715332,-0.630706787109375,109882
3508.0,404.680908203125,401.1600036621094,405.3799743652344,406.94000244140625,293.3399963378906,59.00473403930664,-0.5809326171875,109882
3509.0,404.7527160644531,401.05999755859375,405.29998779296875,406.8799743652344,293.17999267578125,59.100276947021484,-0.692718505859375,109882
3510.0,404.6855163574219,401.0,405.2599792480469,406.8599853515625,293.1999816894531,59.27787399291992,-0.705535888671875,109882
3511.0,404.5662841796875,401.0,405.1399841308594,406.6600036621094,292.6999816894531,59.47438430786133,-0.64630126953125,109882
3512.0,404.4242248535156,401.0,405.05999755859375,406.6600036621094,293.0,59.358760833740234,-0.54425048828125,109882
3513.0,404.4418029785156,400.9599914550781,405.05999755859375,406.6600036621094,292.8999938964844,59.502201080322266,-0.56182861328125,109882
3514.0,404.3761291503906,401.0,405.239990234375,406.79998779296875,293.03997802734375,59.11258316040039,-0.436126708984375,109882
3515.0,404.5055847167969,401.1199951171875,405.44000244140625,406.97998046875,293.1600036621094,59.26527404785156,-0.405609130859375,109882
3516.0,404.7513427734375,401.17999267578125,405.41998291015625,406.94000244140625,292.8399963378906,59.60514831542969,-0.671356201171875,109882
3517.0,404.488037109375,401.0799865722656,405.2200012207031,406.6999816894531,292.4599914550781,59.7270622253418,-0.528045654296875,109882
3518.0,404.30389404296875,401.05999755859375,405.17999267578125,406.739990234375,293.0799865722656,59.42945861816406,-0.44390869140625,109882
3519.0,404.569580078125,401.0999755859375,405.239990234375,406.7599792480469,292.6199951171875,59.834442138671875,-0.589599609375,109882
3520.0,404.6307067871094,401.0799865722656,405.3399963378906,406.8999938964844,292.91998291015625,59.52676773071289,-0.590728759765625,109882
3521.0,404.6913757324219,401.0799865722656,405.3999938964844,406.94000244140625,292.8249816894531,59.56406021118164,-0.591400146484375,109882
3522.0,404.73187255859375,401.0899658203125,405.47998046875,407.05999755859375,293.1000061035156,59.469696044921875,-0.651885986328125,109882
3523.0,404.7289733886719,401.03997802734375,405.3799743652344,407.05999755859375,293.67999267578125,59.09089279174805,-0.728973388671875,109882
3524.0,404.6868896484375,401.1399841308594,405.44000244140625,407.0799865722656,293.8800048828125,58.96781539916992,-0.666900634765625,109882
3525.0,404.60223388671875,401.0999755859375,405.41998291015625,406.97998046875,293.5199890136719,59.22027587890625,-0.582244873046875,109882
3526.0,404.65057373046875,401.0999755859375,405.4189758300781,407.05999755859375,293.1399841308594,59.50657272338867,-0.590576171875,109882
3527.0,404.6900634765625,401.0799865722656,405.29998779296875,406.8999938964844,293.3599853515625,59.30573654174805,-0.7100830078125,109882
3528.0,404.65753173828125,401.1399841308594,405.3799743652344,406.94000244140625,293.6050109863281,59.30388259887695,-0.5975341796875,109882
3529.0,404.74822998046875,401.17999267578125,405.41998291015625,406.91998291015625,293.4599914550781,59.211952209472656,-0.64825439453125,109882
3530.0,404.69293212890625,401.0999755859375,405.3599853515625,406.97998046875,293.47998046875,59.067073822021484,-0.69293212890625,109882
3531.0,404.5133972167969,401.1399841308594,405.2599792480469,406.8599853515625,293.0249938964844,59.350833892822266,-0.55340576171875,109882
3532.0,404.84246826171875,401.239990234375,405.47998046875,407.05999755859375,292.79998779296875,59.64955520629883,-0.7044677734375,109882
3533.0,404.9153747558594,401.239990234375,405.5199890136719,407.03997802734375,292.9599914550781,59.64516067504883,-0.75537109375,109882
3534.0,404.97283935546875,401.239990234375,405.5199890136719,407.03997802734375,292.8999938964844,59.79668045043945,-0.772857666015625,109882
3535.0,404.95184326171875,401.1399841308594,405.5199890136719,407.0999755859375,293.29998779296875,59.59646987915039,-0.85186767578125,109882
3536.0,405.0449523925781,401.0999755859375,405.5799865722656,407.2599792480469,292.91998291015625,59.7761344909668,-0.90496826171875,109882
3537.0,405.0845947265625,401.1199951171875,405.5999755859375,407.2599792480469,293.30499267578125,59.43000793457031,-0.884613037109375,109882
3538.0,404.9331359863281,401.17999267578125,405.5999755859375,407.1600036621094,293.1999816894531,59.49147033691406,-0.713134765625,109882
3539.0,404.6571960449219,401.17999267578125,405.4599914550781,407.05999755859375,293.47998046875,59.190025329589844,-0.537200927734375,109882
3540.0,404.81121826171875,401.2599792480469,405.5,407.05999755859375,293.68499755859375,58.98068618774414,-0.591217041015625,109882
3541.0,404.90142822265625,401.3799743652344,405.67999267578125,407.17999267578125,292.97998046875,59.60022735595703,-0.54144287109375,109882
3542.0,404.7892150878906,401.3399963378906,405.5799865722656,407.03997802734375,293.1199951171875,59.60285568237305,-0.489227294921875,109882
3543.0,404.58099365234375,401.29998779296875,405.4599914550781,406.9599914550781,293.17999267578125,59.37711715698242,-0.360992431640625,109882
3544.0,404.6456604003906,401.17999267578125,405.47998046875,407.0199890136719,293.6399841308594,58.96902084350586,-0.545684814453125,109882
3545.0,404.6995849609375,401.17999267578125,405.4599914550781,407.0,293.8800048828125,58.89938735961914,-0.559600830078125,109882
3546.0,404.7173767089844,401.2200012207031,405.47998046875,407.0199890136719,293.3999938964844,59.14212417602539,-0.537384033203125,109882
3547.0,404.9073791503906,401.29998779296875,405.5789794921875,407.1037902832031,292.94000244140625,59.51803207397461,-0.62738037109375,109882
3548.0,405.1106872558594,401.3199768066406,405.67999267578125,407.1600036621094,292.9599914550781,59.619781494140625,-0.77069091796875,109882
3549.0,405.2178955078125,401.29998779296875,405.6600036621094,407.1600036621094,293.29998779296875,59.41796112060547,-0.91790771484375,109882
3550.0,404.9395751953125,401.239990234375,405.5199890136719,407.05999755859375,293.6000061035156,59.091209411621094,-0.739593505859375,109882
3551.0,405.0771484375,401.41998291015625,405.5999755859375,407.1399841308594,294.0,59.03270721435547,-0.757171630859375,109882
3552.0,405.13616943359375,401.55999755859375,405.6999816894531,407.1999816894531,293.6449890136719,59.2177848815918,-0.7161865234375,109882
3553.0,405.07183837890625,401.5199890136719,405.67999267578125,407.1600036621094,293.5199890136719,59.27037811279297,-0.6318359375,109882
3554.0,405.0823974609375,401.44000244140625,405.739990234375,407.2200012207031,293.44000244140625,59.44185256958008,-0.64239501953125,109882
3555.0,405.0127258300781,401.3799743652344,405.6399841308594,407.17999267578125,292.7200012207031,59.71641540527344,-0.67474365234375,109882
3556.0,404.8636779785156,401.3399963378906,405.5999755859375,407.1399841308594,293.1199951171875,59.795143127441406,-0.543701171875,109882
3557.0,404.729248046875,401.3799743652344,405.6399841308594,407.1399841308594,292.94000244140625,59.81537628173828,-0.409271240234375,109882
3558.0,404.8962707519531,401.3999938964844,405.739990234375,407.3599853515625,292.8199768066406,60.0389404296875,-0.51629638671875,109882
3559.0,405.0211486816406,401.2599792480469,405.6199951171875,407.2799987792969,292.7799987792969,59.85090637207031,-0.74114990234375,109882
3560.0,404.7564697265625,401.29998779296875,405.55999755859375,407.0799865722656,293.1000061035156,59.59904861450195,-0.536468505859375,109882
3561.0,404.8409729003906,401.3799743652344,405.6199951171875,407.0799865722656,293.3249816894531,59.60586166381836,-0.600982666015625,109882
3562.0,404.7210998535156,401.3999938964844,405.5999755859375,407.0999755859375,293.05999755859375,59.66947937011719,-0.481109619140625,109882
3563.0,404.9576416015625,401.3399963378906,405.6199951171875,407.239990234375,293.0849914550781,59.58857345581055,-0.757659912109375,109882
3564.0,405.00244140625,401.3399963378906,405.6199951171875,407.2200012207031,293.3399963378906,59.27219772338867,-0.802459716796875,109882
3565.0,405.0472106933594,401.3599853515625,405.6399841308594,407.1399841308594,293.53997802734375,59.12638854980469,-0.7672119140625,109882
3566.0,404.97015380859375,401.3599853515625,405.6999816894531,407.2599792480469,293.3800048828125,59.378177642822266,-0.630157470703125,109882
3567.0,404.8152770996094,401.3799743652344,405.5999755859375,407.239990234375,293.6050109863281,59.336769104003906,-0.515289306640625,109882
3568.0,404.90179443359375,401.3399963378906,405.53997802734375,407.29998779296875,293.1650085449219,59.518714904785156,-0.681793212890625,109882
3569.0,404.9641418457031,401.3399963378906,405.6399841308594,407.3437805175781,293.8399963378906,59.004730224609375,-0.70416259765625,109882
3570.0,405.1192321777344,401.3999938964844,405.91998291015625,407.5999755859375,293.67999267578125,59.05806350708008,-0.7392578125,109882
3571.0,405.37786865234375,401.41998291015625,405.8599853515625,407.53997802734375,293.2649841308594,59.48799514770508,-0.917877197265625,109882
3572.0,405.5107116699219,401.41998291015625,405.8599853515625,407.55999755859375,292.8599853515625,59.755916595458984,-1.010711669921875,109882
3573.0,405.6081237792969,401.41998291015625,405.79998779296875,407.47998046875,292.7250061035156,59.91364288330078,-1.188140869140625,109882
3574.0,405.5584716796875,401.6399841308594,406.05999755859375,407.6199951171875,293.0199890136719,59.777503967285156,-0.858489990234375,109882
3575.0,405.30322265625,401.5799865722656,405.94000244140625,407.47998046875,293.1999816894531,59.825130462646484,-0.723236083984375,109882
3576.0,405.0415344238281,401.5199890136719,405.8599853515625,407.3999938964844,292.885009765625,60.013484954833984,-0.52154541015625,109882
3577.0,405.0448303222656,401.47998046875,405.8399963378906,407.3399963378906,292.91998291015625,59.707515716552734,-0.5848388671875,109882
3578.0,405.0509948730469,401.41998291015625,405.7599792480469,407.3199768066406,293.0799865722656,59.4610710144043,-0.691009521484375,109882
3579.0,404.8259582519531,401.4599914550781,405.6199951171875,407.1399841308594,293.47998046875,59.21236801147461,-0.585968017578125,109882
3580.0,405.2847595214844,401.53997802734375,405.739990234375,407.3399963378906,293.3999938964844,59.50878143310547,-0.884765625,109882
3581.0,405.5316467285156,401.5999755859375,405.94000244140625,407.53997802734375,292.80499267578125,59.823238372802734,-0.991668701171875,109882
3582.0,405.5439147949219,401.6999816894531,406.1199951171875,407.739990234375,292.97998046875,59.860923767089844,-0.9039306640625,109882
3583.0,405.65386962890625,401.6999816894531,406.1600036621094,407.739990234375,292.9599914550781,59.87761306762695,-0.933868408203125,109882
3584.0,405.2956848144531,401.5999755859375,406.0199890136719,407.6199951171875,292.8199768066406,59.876808166503906,-0.65570068359375,109882
3585.0,405.1966857910156,401.5,405.8799743652344,407.47998046875,292.7599792480469,60.084266662597656,-0.696685791015625,109882
3586.0,405.3193054199219,401.47998046875,405.91998291015625,407.53997802734375,292.6999816894531,60.17384719848633,-0.819305419921875,109882
3587.0,405.1985168457031,401.55999755859375,405.8999938964844,407.41998291015625,292.8599853515625,59.96156311035156,-0.67852783203125,109882
3588.0,405.074462890625,401.5999755859375,405.8399963378906,407.3999938964844,293.2649841308594,59.644527435302734,-0.574462890625,109882
3589.0,405.0920104980469,401.53997802734375,405.8599853515625,407.3999938964844,293.30499267578125,59.887943267822266,-0.612030029296875,109882
3590.0,404.99542236328125,401.4599914550781,405.79998779296875,407.3437805175781,292.7200012207031,59.87496566772461,-0.535430908203125,109882
3591.0,404.97662353515625,401.47998046875,405.8199768066406,407.3799743652344,292.5799865722656,59.81685256958008,-0.4586181640625,109882
3592.0,405.04998779296875,401.53997802734375,405.8999938964844,407.41998291015625,292.8800048828125,59.67208480834961,-0.45001220703125,109882
3593.0,405.0194091796875,401.55999755859375,405.8999938964844,407.41998291015625,292.55999755859375,59.982608795166016,-0.45941162109375,109882
3594.0,405.0473937988281,401.6399841308594,406.0199890136719,407.5837707519531,293.0849914550781,59.69319534301758,-0.367401123046875,109882
3595.0,405.03253173828125,401.739990234375,406.03997802734375,407.5999755859375,292.8599853515625,59.90545654296875,-0.332550048828125,109882
3596.0,405.05950927734375,401.8399963378906,406.0999755859375,407.623779296875,292.7599792480469,60.04975128173828,-0.339508056640625,109882
3597.0,405.00714111328125,401.7799987792969,406.0999755859375,407.67999267578125,293.1449890136719,59.67705535888672,-0.287139892578125,109882
3598.0,405.1148376464844,401.7200012207031,406.03997802734375,407.53997802734375,293.3199768066406,59.412994384765625,-0.434844970703125,109882
3599.0,405.12188720703125,401.5999755859375,406.0,407.44000244140625,293.2599792480469,59.43332290649414,-0.50189208984375,109882
3600.0,404.91192626953125,401.5,405.8399963378906,407.2799987792969,293.41998291015625,59.28234100341797,-0.471923828125,109882
3601.0,405.26165771484375,401.55999755859375,406.0,407.55999755859375,293.1600036621094,59.597938537597656,-0.66168212890625,109882
3602.0,405.2872314453125,401.53997802734375,405.9599914550781,407.5199890136719,293.5,59.5284423828125,-0.687255859375,109882
3603.0,405.1689453125,401.6600036621094,406.0,407.5199890136719,293.6199951171875,59.4197883605957,-0.528961181640625,109882
3604.0,405.1140441894531,401.7200012207031,406.05999755859375,407.5999755859375,293.67999267578125,59.23826599121094,-0.434051513671875,109882
3605.0,405.2899169921875,401.7799987792969,406.1199951171875,407.6600036621094,293.5199890136719,59.247962951660156,-0.629913330078125,109882
3606.0,405.3918151855469,401.8599853515625,406.1999816894531,407.6399841308594,294.17999267578125,58.94266891479492,-0.591827392578125,109882
3607.0,405.32196044921875,401.6999816894531,405.94000244140625,407.4599914550781,293.8399963378906,59.18599319458008,-0.681976318359375,109882
3608.0,405.248779296875,401.6600036621094,405.8399963378906,407.3999938964844,293.3800048828125,59.35638427734375,-0.668792724609375,109882
3609.0,405.2096862792969,401.5799865722656,405.94000244140625,407.5199890136719,292.6399841308594,59.47365951538086,-0.62969970703125,109882
3610.0,405.3153076171875,401.7200012207031,406.0799865722656,407.5999755859375,292.8599853515625,59.62404251098633,-0.595306396484375,109882
3611.0,405.4671325683594,401.6600036621094,406.0799865722656,407.5999755859375,292.6600036621094,59.558624267578125,-0.74713134765625,109882
3612.0,405.1632080078125,401.5999755859375,405.94000244140625,407.44000244140625,294.1999816894531,58.885528564453125,-0.60321044921875,109882
3613.0,405.36260986328125,401.6999816894531,405.97998046875,407.5999755859375,293.91998291015625,59.20783615112305,-0.782623291015625,109882
3614.0,405.3824768066406,401.67999267578125,406.0199890136719,407.739990234375,293.8249816894531,59.4520149230957,-0.72247314453125,109882
3615.0,405.28839111328125,401.6999816894531,406.03997802734375,407.6999816894531,293.7599792480469,59.646183013916016,-0.66839599609375,109882
3616.0,405.3793029785156,401.6999816894531,406.05999755859375,407.6399841308594,293.2599792480469,59.7406120300293,-0.71929931640625,109882
3617.0,405.15313720703125,401.6399841308594,405.91998291015625,407.5799865722656,293.239990234375,59.74152374267578,-0.6131591796875,109882
3618.0,405.3016662597656,401.7200012207031,406.03997802734375,407.7599792480469,293.1199951171875,59.743553161621094,-0.6016845703125,109882
3619.0,405.2861328125,401.7799987792969,406.0,407.55999755859375,293.17999267578125,59.5067253112793,-0.646148681640625,109882
3620.0,405.1702880859375,401.739990234375,406.0199890136719,407.6199951171875,293.4599914550781,59.46663284301758,-0.5703125,109882
3621.0,405.22344970703125,401.739990234375,406.0799865722656,407.6199951171875,293.885009765625,59.1542854309082,-0.48345947265625,109882
3622.0,405.498779296875,401.8599853515625,406.17999267578125,407.6600036621094,293.9599914550781,59.28679656982422,-0.6387939453125,109882
3623.0,405.5055847167969,401.8999938964844,406.2200012207031,407.7200012207031,293.5199890136719,59.694217681884766,-0.6055908203125,109882
3624.0,405.2970886230469,401.79998779296875,406.1199951171875,407.6399841308594,293.4599914550781,59.70525360107422,-0.497100830078125,109882
3625.0,405.2168273925781,401.8399963378906,406.17999267578125,407.6399841308594,294.0799865722656,58.958431243896484,-0.33685302734375,109882
3626.0,405.29608154296875,401.8999938964844,406.05999755859375,407.5437927246094,293.8399963378906,59.25520706176758,-0.476104736328125,109882
3627.0,405.3511047363281,401.8999938964844,406.0,407.4837951660156,293.29998779296875,59.59974670410156,-0.57110595703125,109882
3628.0,405.3531799316406,401.91998291015625,406.1399841308594,407.6399841308594,293.5799865722656,59.69365310668945,-0.493194580078125,109882
3629.0,405.40216064453125,401.79998779296875,406.0799865722656,407.6199951171875,292.9599914550781,60.06179428100586,-0.642181396484375,109882
3630.0,405.1938781738281,401.5999755859375,405.8999938964844,407.44000244140625,293.2799987792969,59.5124626159668,-0.6138916015625,109882
3631.0,405.14129638671875,401.7599792480469,406.0799865722656,407.5999755859375,293.8999938964844,59.210845947265625,-0.4613037109375,109882
3632.0,405.1382141113281,401.8199768066406,406.0999755859375,407.6399841308594,294.1000061035156,58.916717529296875,-0.35821533203125,109882
3633.0,405.1917419433594,401.7799987792969,405.97998046875,407.47998046875,293.94500732421875,59.05625915527344,-0.49176025390625,109882
3634.0,405.45916748046875,401.8799743652344,406.1399841308594,407.6399841308594,293.9599914550781,59.053592681884766,-0.639190673828125,109882
3635.0,405.4784851074219,401.8999938964844,406.239990234375,407.7599792480469,294.29998779296875,58.9598274230957,-0.5985107421875,109882
3636.0,405.42706298828125,401.9599914550781,406.2599792480469,407.7799987792969,294.2799987792969,59.06637191772461,-0.507080078125,109882
3637.0,405.6780700683594,402.03997802734375,406.3599853515625,407.8999938964844,294.0199890136719,59.127471923828125,-0.638092041015625,109882
3638.0,405.5235900878906,402.0199890136719,406.29998779296875,407.8199768066406,294.2799987792969,58.907264709472656,-0.583587646484375,109882
3639.0,405.56134033203125,402.0,406.2599792480469,407.8799743652344,294.2200012207031,58.814693450927734,-0.721343994140625,109882
3640.0,405.5890197753906,401.8399963378906,406.1399841308594,407.68377685546875,294.17999267578125,59.01856994628906,-0.849029541015625,109882
3641.0,405.7222900390625,401.79998779296875,406.0999755859375,407.6999816894531,293.94000244140625,59.35325622558594,-1.002288818359375,109882
3642.0,405.4233093261719,401.67999267578125,405.94000244140625,407.55999755859375,293.41998291015625,59.38015365600586,-0.823333740234375,109882
3643.0,405.34051513671875,401.55999755859375,405.79998779296875,407.47998046875,293.5,59.295372009277344,-0.84051513671875,109882
3644.0,405.6157531738281,401.6999816894531,406.03997802734375,407.7599792480469,293.8999938964844,59.03792190551758,-0.935760498046875,109882
3645.0,405.5248718261719,401.91998291015625,406.2799987792969,407.8399963378906,293.91998291015625,59.06965637207031,-0.664886474609375,109882
3646.0,405.53582763671875,401.8799743652344,406.239990234375,407.79998779296875,293.6999816894531,59.32648468017578,-0.715850830078125,109882
3647.0,405.47381591796875,401.91998291015625,406.1999816894531,407.7799987792969,294.1199951171875,59.072288513183594,-0.633819580078125,109882
3648.0,405.2947998046875,402.0,406.2200012207031,407.739990234375,293.97998046875,59.299503326416016,-0.434814453125,109882
3649.0,405.36688232421875,401.9599914550781,406.13897705078125,407.739990234375,293.7599792480469,59.80729293823242,-0.546905517578125,109882
3650.0,405.40673828125,401.8399963378906,406.1199951171875,407.8599853515625,293.44000244140625,59.75571823120117,-0.626739501953125,109882
3651.0,405.51007080078125,401.8199768066406,406.2200012207031,407.8599853515625,293.47998046875,59.624202728271484,-0.730072021484375,109882
3652.0,405.4087219238281,401.739990234375,406.1199951171875,407.7799987792969,293.56500244140625,59.59095764160156,-0.728729248046875,109882
3653.0,405.44024658203125,401.7599792480469,406.05999755859375,407.6399841308594,293.97998046875,59.309593200683594,-0.76025390625,109882
3654.0,405.39373779296875,401.7799987792969,405.94000244140625,407.4599914550781,294.29998779296875,59.09391403198242,-0.753753662109375,109882
3655.0,405.5029296875,401.94000244140625,406.0999755859375,407.6600036621094,294.3800048828125,58.95332717895508,-0.742950439453125,109882
3656.0,405.432861328125,401.9599914550781,406.1399841308594,407.7200012207031,294.29998779296875,59.194053649902344,-0.652862548828125,109882
3657.0,405.5709228515625,401.8599853515625,406.1999816894531,407.8599853515625,294.55999755859375,59.207027435302734,-0.790924072265625,109882
3658.0,405.7872314453125,402.03997802734375,406.5799865722656,408.29998779296875,294.5799865722656,59.20412826538086,-0.667236328125,109882
3659.0,405.8949279785156,402.29998779296875,406.7599792480469,408.3599853515625,294.29998779296875,59.35840606689453,-0.554931640625,109882
3660.0,405.8728332519531,402.2799987792969,406.6199951171875,408.17999267578125,294.03997802734375,59.6582145690918,-0.61285400390625,109882
3661.0,405.60723876953125,402.239990234375,406.44000244140625,407.8799743652344,293.8399963378906,59.53269958496094,-0.447235107421875,109882
3662.0,405.4835510253906,402.1600036621094,406.41998291015625,407.94000244140625,293.8199768066406,59.46019744873047,-0.423553466796875,109882
3663.0,405.4836730957031,401.9599914550781,406.17999267578125,407.7200012207031,293.2599792480469,59.6529426574707,-0.563690185546875,109882
3664.0,405.4117126464844,401.8599853515625,406.0,407.53997802734375,293.7799987792969,59.29111099243164,-0.6517333984375,109882
3665.0,405.36358642578125,401.97998046875,406.1399841308594,407.5799865722656,294.0050048828125,59.240989685058594,-0.483612060546875,109882
3666.0,405.5766906738281,401.94000244140625,406.2200012207031,407.7200012207031,294.1600036621094,59.15452194213867,-0.69671630859375,109882
3667.0,405.7979431152344,401.94000244140625,406.3399963378906,407.8599853515625,293.7599792480469,59.365821838378906,-0.83795166015625,109882
3668.0,405.5768737792969,401.91998291015625,406.3599853515625,407.8199768066406,294.03997802734375,59.139339447021484,-0.61688232421875,109882
3669.0,405.59149169921875,401.8999938964844,406.3799743652344,407.91998291015625,293.67999267578125,59.42564392089844,-0.571502685546875,109882
3670.0,405.63275146484375,401.9599914550781,406.3999938964844,407.97998046875,293.17999267578125,59.74098205566406,-0.63275146484375,109882
3671.0,405.4244079589844,401.8799743652344,406.2200012207031,407.8399963378906,293.55999755859375,59.55524444580078,-0.54443359375,109882
3672.0,405.4088439941406,401.8999938964844,406.1600036621094,407.739990234375,293.6600036621094,59.2943115234375,-0.548858642578125,109882
3673.0,405.29998779296875,401.97998046875,406.2200012207031,407.7799987792969,293.8800048828125,59.132991790771484,-0.3800048828125,109882
3674.0,405.4620361328125,402.05999755859375,406.3199768066406,407.7799987792969,293.3999938964844,59.62907028198242,-0.4620361328125,109882
3675.0,405.568115234375,402.05999755859375,406.1999816894531,407.6600036621094,293.97998046875,59.451908111572266,-0.608123779296875,109882
3676.0,405.5743103027344,402.0999755859375,406.2200012207031,407.67999267578125,293.8249816894531,59.47208786010742,-0.594329833984375,109882
3677.0,405.696533203125,402.1199951171875,406.3799743652344,407.91998291015625,293.739990234375,59.51488494873047,-0.63653564453125,109882
3678.0,405.6736755371094,402.1199951171875,406.3999938964844,407.91998291015625,293.2599792480469,59.73426818847656,-0.613677978515625,109882
3679.0,405.8387451171875,402.2599792480469,406.47998046875,407.97998046875,293.5199890136719,59.7969856262207,-0.678741455078125,109882
3680.0,405.8678894042969,402.2200012207031,406.4599914550781,407.91998291015625,292.91998291015625,60.177886962890625,-0.747894287109375,109882
3681.0,405.72943115234375,402.05999755859375,406.29998779296875,407.7799987792969,293.5799865722656,59.738426208496094,-0.72943115234375,109882
3682.0,405.7217712402344,402.0,406.29998779296875,407.8399963378906,293.53997802734375,59.600345611572266,-0.76177978515625,109882
3683.0,405.6046447753906,401.94000244140625,406.239990234375,407.7599792480469,293.5,59.73960494995117,-0.684661865234375,109882
3684.0,405.7095947265625,401.91998291015625,406.2599792480469,407.79998779296875,293.29998779296875,59.909767150878906,-0.76959228515625,109882
3685.0,405.6803894042969,401.8999938964844,406.239990234375,407.8799743652344,293.1199951171875,59.97270965576172,-0.7803955078125,109882
3686.0,405.6337585449219,402.0199890136719,406.3599853515625,407.8999938964844,293.1600036621094,59.948177337646484,-0.633758544921875,109882
3687.0,405.6421203613281,402.0799865722656,406.41998291015625,408.0,293.7850036621094,59.423954010009766,-0.62213134765625,109882
3688.0,405.5429382324219,402.0799865722656,406.44000244140625,407.9599914550781,293.97998046875,59.063255310058594,-0.502960205078125,109882
3689.0,405.5462951660156,402.0999755859375,406.5,408.1399841308594,293.739990234375,59.44365310668945,-0.446319580078125,109882
3690.0,405.6354675292969,402.1399841308594,406.4599914550781,408.0999755859375,293.8199768066406,59.39735412597656,-0.55548095703125,109882
3691.0,405.6853332519531,402.0799865722656,406.41998291015625,408.05999755859375,294.1600036621094,59.05821990966797,-0.66534423828125,109882
3692.0,405.6084899902344,402.0799865722656,406.3399963378906,408.0,293.68499755859375,59.23918151855469,-0.64849853515625,109882
3693.0,405.4755859375,402.0799865722656,406.44000244140625,408.0799865722656,293.3599853515625,59.56983947753906,-0.455596923828125,109882
3694.0,405.4704284667969,402.1399841308594,406.47998046875,408.0999755859375,294.0,59.3679084777832,-0.39044189453125,109882
3695.0,405.58538818359375,402.1999816894531,406.4599914550781,408.0999755859375,294.1199951171875,59.159637451171875,-0.505401611328125,109882
3696.0,406.2262268066406,402.1999816894531,406.55999755859375,408.3399963378906,293.8599853515625,59.2441520690918,-1.106231689453125,109882
3697.0,406.3844909667969,402.3199768066406,406.739990234375,408.3999938964844,294.0199890136719,59.54232406616211,-1.084503173828125,109882
3698.0,406.3188171386719,402.2799987792969,406.7799987792969,408.5199890136719,293.7649841308594,59.66238021850586,-0.97882080078125,109882
3699.0,406.31060791015625,402.3599853515625,406.7200012207031,408.3799743652344,293.55999755859375,59.68205642700195,-0.930633544921875,109882
3700.0,406.169189453125,402.3799743652344,406.739990234375,408.44000244140625,293.67999267578125,59.71754837036133,-0.72918701171875,109882
3701.0,406.38861083984375,402.3799743652344,406.8189697265625,408.5199890136719,293.8199768066406,59.86907958984375,-0.9486083984375,109882
3702.0,406.3407897949219,402.29998779296875,406.7599792480469,408.3999938964844,293.53997802734375,60.29625701904297,-0.9608154296875,109882
3703.0,406.1563720703125,402.1600036621094,406.6399841308594,408.2599792480469,293.3199768066406,60.23014450073242,-0.896392822265625,109882
3704.0,406.0731201171875,402.0799865722656,406.44000244140625,408.0799865722656,293.47998046875,60.07894515991211,-0.953125,109882
3705.0,406.2555236816406,402.239990234375,406.53997802734375,408.17999267578125,293.6399841308594,60.00539016723633,-0.97552490234375,109882
3706.0,406.21826171875,402.2599792480469,406.5999755859375,408.29998779296875,293.41998291015625,59.98149108886719,-0.938262939453125,109882
3707.0,406.3401794433594,402.1999816894531,406.6600036621094,408.4599914550781,293.7799987792969,59.466251373291016,-1.160186767578125,109882
3708.0,406.4637145996094,402.239990234375,406.67999267578125,408.5,294.1000061035156,59.232025146484375,-1.223724365234375,109882
3709.0,406.4198913574219,402.44000244140625,406.8799743652344,408.56378173828125,294.3399963378906,59.10839080810547,-0.979888916015625,109882
3710.0,406.2693176269531,402.5999755859375,407.0,408.5799865722656,294.0199890136719,59.47494888305664,-0.669342041015625,109882
3711.0,406.39898681640625,402.53997802734375,406.94000244140625,408.6600036621094,294.44000244140625,59.24635696411133,-0.819000244140625,109882
3712.0,406.1016845703125,402.3399963378906,406.8399963378906,408.739990234375,294.1999816894531,59.45415115356445,-0.701690673828125,109882
3713.0,406.1367492675781,402.3399963378906,406.739990234375,408.53997802734375,294.1600036621094,59.54008483886719,-0.8167724609375,109882
3714.0,406.3009033203125,402.3399963378906,406.7599792480469,408.5,293.7649841308594,59.827423095703125,-0.920928955078125,109882
3715.0,406.4275207519531,402.5199890136719,406.8799743652344,408.53997802734375,294.0,59.81532669067383,-0.887542724609375,109882
3716.0,405.9743347167969,402.4599914550781,406.6999816894531,408.2200012207031,294.0799865722656,59.47707748413086,-0.554351806640625,109882
3717.0,406.015380859375,402.3799743652344,406.6600036621094,408.1999816894531,294.1399841308594,59.40179443359375,-0.635406494140625,109882
3718.0,406.1999206542969,402.47998046875,406.7799987792969,408.3399963378906,294.4049987792969,59.25895309448242,-0.659942626953125,109882
3719.0,406.08526611328125,402.53997802734375,406.7599792480469,408.239990234375,293.8800048828125,59.37568664550781,-0.565277099609375,109882
3720.0,406.05560302734375,402.41998291015625,406.5999755859375,408.05999755859375,294.3599853515625,59.31935119628906,-0.655609130859375,109882
3721.0,405.97412109375,402.3999938964844,406.53997802734375,408.0199890136719,294.67999267578125,59.08699035644531,-0.67413330078125,109882
3722.0,406.1423645019531,402.3799743652344,406.6399841308594,408.3199768066406,294.1199951171875,59.489749908447266,-0.782379150390625,109882
3723.0,406.1166076660156,402.3599853515625,406.7200012207031,408.3799743652344,293.47998046875,59.82646942138672,-0.776611328125,109882
3724.0,405.93603515625,402.3599853515625,406.6600036621094,408.17999267578125,293.97998046875,59.61698532104492,-0.596038818359375,109882
3725.0,405.7985534667969,402.3399963378906,406.5799865722656,408.05999755859375,293.8599853515625,59.563270568847656,-0.498565673828125,109882
3726.0,405.96539306640625,402.3399963378906,406.6399841308594,408.17999267578125,293.8599853515625,59.7374267578125,-0.625396728515625,109882
3727.0,405.8470458984375,402.3599853515625,406.55999755859375,408.0799865722656,294.2599792480469,59.653648376464844,-0.6070556640625,109882
3728.0,405.87847900390625,402.3399963378906,406.5199890136719,408.0,293.8599853515625,59.576114654541016,-0.658477783203125,109882
3729.0,405.8861999511719,402.3799743652344,406.5799865722656,408.05999755859375,294.1999816894531,59.378692626953125,-0.56622314453125,109882
3730.0,405.6877746582031,402.29998779296875,406.5,407.97998046875,294.0,59.57188034057617,-0.42779541015625,109882
3731.0,405.6154479980469,402.29998779296875,406.41998291015625,407.8999938964844,294.1199951171875,59.73101043701172,-0.41546630859375,109882
3732.0,405.7792663574219,402.2799987792969,406.4599914550781,407.94000244140625,294.41998291015625,59.474483489990234,-0.57928466796875,109882
3733.0,405.7716979980469,402.2799987792969,406.53997802734375,408.0,294.29998779296875,59.43798828125,-0.57171630859375,109882
3734.0,405.8569641113281,402.239990234375,406.47998046875,408.0199890136719,294.1199951171875,59.56432342529297,-0.71697998046875,109882
3735.0,406.14544677734375,402.2799987792969,406.5999755859375,408.17999267578125,294.3999938964844,59.398345947265625,-0.90545654296875,109882
3736.0,406.0206298828125,402.3599853515625,406.7200012207031,408.3799743652344,294.4599914550781,59.475643157958984,-0.72064208984375,109882
3737.0,406.05023193359375,402.3599853515625,406.79998779296875,408.3999938964844,294.54498291015625,59.400299072265625,-0.710235595703125,109882
3738.0,406.16595458984375,402.44000244140625,406.8399963378906,408.44000244140625,294.8800048828125,59.07341003417969,-0.72796630859375,109882
3739.0,406.19390869140625,402.44000244140625,406.8799743652344,408.5199890136719,295.1000061035156,58.80335235595703,-0.673919677734375,109882
3740.0,405.9992980957031,402.3999938964844,406.739990234375,408.3199768066406,294.7799987792969,59.12327575683594,-0.639312744140625,109882
3741.0,405.9377136230469,402.3799743652344,406.5799865722656,408.1999816894531,294.29998779296875,59.389625549316406,-0.677734375,109882
3742.0,405.9643249511719,402.41998291015625,406.67999267578125,408.2799987792969,294.3199768066406,59.090850830078125,-0.64434814453125,109882
3743.0,406.1850280761719,402.5,406.91998291015625,408.53997802734375,294.3599853515625,59.02060317993164,-0.705047607421875,109882
3744.0,406.2560729980469,402.5199890136719,406.94000244140625,408.55999755859375,294.53997802734375,59.077720642089844,-0.736083984375,109882
3745.0,406.034423828125,402.29998779296875,406.8199768066406,408.41998291015625,294.7799987792969,58.99677276611328,-0.6744384765625,109882
3746.0,405.99371337890625,402.3199768066406,406.8199768066406,408.3199768066406,294.44000244140625,59.2136116027832,-0.57373046875,109882
3747.0,406.2093505859375,402.3399963378906,406.739990234375,408.3999938964844,294.2799987792969,59.310020446777344,-0.76934814453125,109882
3748.0,406.2876892089844,402.2599792480469,406.5799865722656,408.239990234375,294.4599914550781,59.292823791503906,-1.0277099609375,109882
3749.0,406.4322204589844,402.3599853515625,406.6999816894531,408.2799987792969,294.1399841308594,59.37092208862305,-1.072235107421875,109882
3750.0,406.4889221191406,402.3999938964844,406.7799987792969,408.41998291015625,294.3599853515625,59.43345260620117,-1.08892822265625,109882
3751.0,406.70147705078125,402.5199890136719,406.94000244140625,408.5799865722656,294.05999755859375,59.6786003112793,-1.12347412109375,109882
3752.0,406.7151184082031,402.47998046875,406.97998046875,408.7200012207031,293.8199768066406,59.970584869384766,-1.175140380859375,109882
3753.0,406.75201416015625,402.55999755859375,407.05999755859375,408.79998779296875,293.2599792480469,60.175270080566406,-1.15203857421875,109882
3754.0,406.4534606933594,402.53997802734375,407.0,408.6600036621094,293.739990234375,59.94413375854492,-0.9334716796875,109882
3755.0,406.57891845703125,402.47998046875,407.05999755859375,408.7200012207031,293.8399963378906,59.75894546508789,-0.97894287109375,109882
3756.0,406.4974670410156,402.5,407.13897705078125,408.8599853515625,293.7200012207031,59.77674102783203,-0.83746337890625,109882
3757.0,406.5383605957031,402.6199951171875,407.1199951171875,408.7799987792969,293.8599853515625,59.74017333984375,-0.818359375,109882
3758.0,406.5414123535156,402.6199951171875,407.0999755859375,408.67999267578125,293.55999755859375,60.03584671020508,-0.861419677734375,109882
3759.0,406.3983459472656,402.53997802734375,407.0,408.5999755859375,293.5799865722656,59.91538619995117,-0.858367919921875,109882
3760.0,406.2631530761719,402.5999755859375,406.94000244140625,408.5799865722656,293.6999816894531,59.72593307495117,-0.723175048828125,109882
3761.0,406.16375732421875,402.6199951171875,406.8999938964844,408.5199890136719,294.3399963378906,59.43296432495117,-0.623779296875,109882
3762.0,406.43145751953125,402.6199951171875,407.0199890136719,408.7200012207031,294.0799865722656,59.56393814086914,-0.791473388671875,109882
3763.0,406.361328125,402.55999755859375,406.97998046875,408.5999755859375,293.79998779296875,59.66869354248047,-0.7413330078125,109882
3764.0,406.2463073730469,402.55999755859375,407.05999755859375,408.53997802734375,293.8199768066406,59.52872848510742,-0.566314697265625,109882
3765.0,406.16510009765625,402.5799865722656,407.05999755859375,408.55999755859375,293.79998779296875,59.612144470214844,-0.485107421875,109882
3766.0,405.9535827636719,402.44000244140625,406.8399963378906,408.3799743652344,293.739990234375,59.60874557495117,-0.49359130859375,109882
3767.0,406.16021728515625,402.5199890136719,406.8399963378906,408.3399963378906,294.2200012207031,59.644691467285156,-0.6202392578125,109882
3768.0,406.0357360839844,402.5,406.739990234375,408.239990234375,294.94000244140625,59.130859375,-0.595733642578125,109882
3769.0,405.9367370605469,402.5799865722656,406.8399963378906,408.3799743652344,294.6999816894531,59.26369094848633,-0.456756591796875,109882
3770.0,406.0897521972656,402.6399841308594,407.0199890136719,408.5999755859375,294.1199951171875,59.73051071166992,-0.44976806640625,109882
3771.0,406.1658020019531,402.5799865722656,406.9789733886719,408.67999267578125,293.5849914550781,59.91814422607422,-0.605804443359375,109882
3772.0,406.2386779785156,402.53997802734375,406.94000244140625,408.55999755859375,293.56500244140625,59.93112564086914,-0.71868896484375,109882
3773.0,406.0669860839844,402.4599914550781,406.7799987792969,408.47998046875,294.0,59.6927375793457,-0.626983642578125,109882
3774.0,406.1287841796875,402.5199890136719,406.79998779296875,408.3799743652344,293.8399963378906,59.76592254638672,-0.668792724609375,109882
3775.0,406.3057556152344,402.5199890136719,406.7599792480469,408.2799987792969,293.8800048828125,59.92272186279297,-0.84576416015625,109882
3776.0,406.3106994628906,402.3999938964844,406.5999755859375,408.1399841308594,293.5199890136719,60.10816192626953,-0.950714111328125,109882
3777.0,406.4299621582031,402.47998046875,406.79998779296875,408.47998046875,293.91998291015625,59.998046875,-0.969970703125,109882
3778.0,406.6781921386719,402.6399841308594,407.0199890136719,408.7599792480469,293.67999267578125,60.229251861572266,-1.0181884765625,109882
3779.0,406.3487243652344,402.5999755859375,406.7799987792969,408.29998779296875,294.03997802734375,60.10190963745117,-0.808746337890625,109882
3780.0,406.4227600097656,402.53997802734375,406.8399963378906,408.3799743652344,294.0199890136719,60.13737869262695,-0.882781982421875,109882
3781.0,406.5125427246094,402.53997802734375,406.94000244140625,408.56378173828125,293.8800048828125,60.02328109741211,-0.912567138671875,109882
3782.0,406.2754821777344,402.5999755859375,407.01898193359375,408.7799987792969,293.3999938964844,60.15739059448242,-0.615478515625,109882
3783.0,405.997314453125,402.53997802734375,406.8799743652344,408.47998046875,293.8399963378906,60.01802062988281,-0.45733642578125,109882
3784.0,405.8755798339844,402.53997802734375,406.75897216796875,408.2599792480469,294.1999816894531,59.605979919433594,-0.435577392578125,109882
3785.0,406.0719909667969,402.5799865722656,406.8599853515625,408.3599853515625,294.05999755859375,59.78801345825195,-0.532012939453125,109882
3786.0,406.0632019042969,402.5199890136719,406.8199768066406,408.29998779296875,294.3399963378906,59.682369232177734,-0.563201904296875,109882
3787.0,406.328125,402.53997802734375,407.0999755859375,408.739990234375,293.67999267578125,60.151798248291016,-0.64813232421875,109882
3788.0,406.3169250488281,402.6600036621094,407.0799865722656,408.739990234375,293.67999267578125,60.1165771484375,-0.616943359375,109882
3789.0,406.4258728027344,402.7200012207031,407.0999755859375,408.6199951171875,293.55999755859375,60.03154373168945,-0.72589111328125,109882
3790.0,406.5946044921875,402.67999267578125,407.0999755859375,408.5999755859375,293.7649841308594,59.858909606933594,-0.834625244140625,109882
3791.0,406.2266845703125,402.6600036621094,406.97998046875,408.5,293.7799987792969,59.64677429199219,-0.586700439453125,109882
3792.0,406.2447204589844,402.739990234375,407.03997802734375,408.55999755859375,293.885009765625,59.66106033325195,-0.54473876953125,109882
3793.0,406.2928161621094,402.8799743652344,407.1999816894531,408.67999267578125,294.3800048828125,59.50421905517578,-0.432830810546875,109882
3794.0,406.4946594238281,402.7799987792969,407.1600036621094,408.67999267578125,294.7799987792969,59.303558349609375,-0.6746826171875,109882
3795.0,406.4492492675781,402.5,406.97998046875,408.53997802734375,294.91998291015625,58.99080276489258,-0.849273681640625,109882
3796.0,406.5573425292969,402.55999755859375,407.0199890136719,408.6999816894531,294.29998779296875,59.321624755859375,-0.877349853515625,109882
3797.0,406.7406921386719,402.6399841308594,407.0,408.6399841308594,293.8399963378906,59.7733154296875,-1.1007080078125,109882
3798.0,406.6116943359375,402.55999755859375,407.05999755859375,408.6399841308594,293.5199890136719,60.127437591552734,-0.93170166015625,109882
3799.0,406.80548095703125,402.6199951171875,407.2200012207031,408.8199768066406,293.3199768066406,60.14715576171875,-0.965484619140625,109882
3800.0,406.6800842285156,402.5799865722656,407.0799865722656,408.6999816894531,293.3199768066406,60.30918502807617,-0.940093994140625,109882
3801.0,406.9574890136719,402.7200012207031,407.1999816894531,408.9599914550781,293.7599792480469,59.86278533935547,-1.13751220703125,109882
3802.0,407.14068603515625,402.7200012207031,407.2799987792969,408.9599914550781,293.8199768066406,59.77681350708008,-1.260711669921875,109882
3803.0,406.69915771484375,402.79998779296875,407.239990234375,408.7799987792969,294.03997802734375,59.730106353759766,-0.83917236328125,109882
3804.0,406.5351867675781,402.79998779296875,407.2599792480469,408.79998779296875,294.0,59.734764099121094,-0.6951904296875,109882
3805.0,406.5298156738281,402.91998291015625,407.2599792480469,408.79998779296875,293.8999938964844,59.764015197753906,-0.609832763671875,109882
3806.0,406.5511779785156,402.7799987792969,407.1199951171875,408.6999816894531,293.97998046875,59.865055084228516,-0.711181640625,109882
3807.0,406.58905029296875,402.7799987792969,407.1189880371094,408.67999267578125,294.2799987792969,59.861412048339844,-0.769073486328125,109882
3808.0,406.4183044433594,402.79998779296875,407.0799865722656,408.6600036621094,294.239990234375,59.79634094238281,-0.59832763671875,109882
3809.0,406.467041015625,402.8999938964844,407.239990234375,408.8199768066406,294.03997802734375,60.17911148071289,-0.54705810546875,109882
3810.0,406.670654296875,403.0,407.3599853515625,408.8599853515625,294.0050048828125,60.19375991821289,-0.650665283203125,109882
3811.0,406.6295471191406,403.03997802734375,407.44000244140625,408.8999938964844,294.80499267578125,59.450416564941406,-0.569549560546875,109882
3812.0,406.5147705078125,402.94000244140625,407.3599853515625,408.8999938964844,293.8599853515625,59.81312942504883,-0.554779052734375,109882
3813.0,406.6169128417969,403.0199890136719,407.47998046875,409.05999755859375,294.1000061035156,59.85370635986328,-0.558929443359375,109882
3814.0,406.4827575683594,402.97998046875,407.3999938964844,409.0199890136719,294.17999267578125,59.820152282714844,-0.442779541015625,109882
3815.0,406.3544616699219,402.8399963378906,407.2200012207031,408.7200012207031,294.3199768066406,59.473793029785156,-0.4544677734375,109882
3816.0,406.5312194824219,402.9599914550781,407.3399963378906,408.7799987792969,294.68499755859375,59.422298431396484,-0.591217041015625,109882
3817.0,406.56585693359375,402.8999938964844,407.3399963378906,408.8599853515625,294.53997802734375,59.603328704833984,-0.685882568359375,109882
3818.0,406.50787353515625,402.8199768066406,407.1999816894531,408.739990234375,294.7049865722656,59.37307357788086,-0.687896728515625,109882
3819.0,406.779541015625,402.8999938964844,407.3599853515625,408.91998291015625,294.8800048828125,59.48259735107422,-0.799560546875,109882
3820.0,406.704833984375,402.8799743652344,407.3799743652344,409.0,294.8800048828125,59.296932220458984,-0.804840087890625,109882
3821.0,406.763916015625,402.7599792480469,407.2799987792969,408.9837951660156,294.5050048828125,59.25738525390625,-0.923919677734375,109882
3822.0,406.9114990234375,402.739990234375,407.3399963378906,409.03997802734375,294.0199890136719,59.329994201660156,-1.011505126953125,109882
3823.0,406.87841796875,402.739990234375,407.2599792480469,408.8399963378906,294.1399841308594,59.5191650390625,-0.978424072265625,109882
3824.0,406.8805847167969,402.739990234375,407.2200012207031,408.79998779296875,294.06500244140625,59.75128173828125,-1.04058837890625,109882
3825.0,406.8795166015625,402.8599853515625,407.3399963378906,408.91998291015625,294.3999938964844,59.701053619384766,-0.95953369140625,109882
3826.0,406.8536376953125,402.9599914550781,407.3399963378906,408.8799743652344,294.5,59.29076385498047,-0.8736572265625,109882
3827.0,406.9549560546875,403.05999755859375,407.4599914550781,409.03997802734375,294.8199768066406,59.1269416809082,-0.934967041015625,109882
3828.0,406.8763732910156,403.05999755859375,407.4189758300781,409.0,294.41998291015625,59.46871566772461,-0.85638427734375,109882
3829.0,406.6927490234375,403.0,407.2799987792969,408.79998779296875,294.29998779296875,59.724185943603516,-0.732757568359375,109882
3830.0,406.7321472167969,402.91998291015625,407.17999267578125,408.739990234375,293.9049987792969,59.87224578857422,-0.8521728515625,109882
3831.0,407.1476135253906,402.8999938964844,407.29998779296875,408.8999938964844,293.8399963378906,60.127132415771484,-1.167633056640625,109882
3832.0,407.1190185546875,402.8599853515625,407.3199768066406,408.8599853515625,293.8999938964844,59.92919921875,-1.1390380859375,109882
3833.0,406.95648193359375,402.8799743652344,407.17999267578125,408.7599792480469,294.1999816894531,59.66841125488281,-1.0364990234375,109882
3834.0,406.88861083984375,402.94000244140625,407.239990234375,408.79998779296875,293.91998291015625,59.88594055175781,-0.9486083984375,109882
3835.0,406.8599853515625,402.9599914550781,407.239990234375,408.8399963378906,294.03997802734375,59.88786697387695,-0.899993896484375,109882
3836.0,407.13397216796875,403.03997802734375,407.5,409.0799865722656,294.3399963378906,59.55213928222656,-0.973968505859375,109882
3837.0,407.1568908691406,402.95001220703125,407.47998046875,409.1399841308594,294.6000061035156,59.24222946166992,-1.056915283203125,109882
3838.0,407.1241760253906,402.8999938964844,407.47998046875,409.17999267578125,294.94000244140625,59.00790023803711,-1.064178466796875,109882
3839.0,407.03363037109375,402.94000244140625,407.53997802734375,409.2237854003906,294.6199951171875,59.21897506713867,-0.953643798828125,109882
3840.0,406.9947814941406,403.03997802734375,407.53997802734375,409.2200012207031,294.7599792480469,59.33404541015625,-0.914794921875,109882
3841.0,406.96282958984375,403.1600036621094,407.5799865722656,409.18377685546875,294.7799987792969,59.33755111694336,-0.802825927734375,109882
3842.0,406.924072265625,403.17999267578125,407.53997802734375,409.1399841308594,294.8199768066406,59.28316879272461,-0.764068603515625,109882
3843.0,407.1914978027344,403.239990234375,407.6600036621094,409.2799987792969,295.29998779296875,58.96466064453125,-0.891510009765625,109882
3844.0,407.25567626953125,403.3399963378906,407.7989807128906,409.3799743652344,295.03997802734375,59.305416107177734,-0.815673828125,109882
3845.0,407.0834655761719,403.2799987792969,407.6199951171875,409.1999816894531,294.6000061035156,59.881893157958984,-0.723480224609375,109882
3846.0,406.6900329589844,403.0799865722656,407.41998291015625,408.97998046875,294.3599853515625,59.87342071533203,-0.550048828125,109882
3847.0,406.81927490234375,403.1399841308594,407.5199890136719,409.1600036621094,294.8399963378906,59.6881217956543,-0.619293212890625,109882
3848.0,406.86199951171875,403.1600036621094,407.53997802734375,409.0999755859375,294.8999938964844,59.42526626586914,-0.662017822265625,109882
3849.0,406.9084777832031,403.1600036621094,407.6199951171875,409.1199951171875,294.94000244140625,59.37657928466797,-0.64849853515625,109882
3850.0,407.01043701171875,403.17999267578125,407.5999755859375,409.0999755859375,294.6399841308594,59.5656852722168,-0.77044677734375,109882
3851.0,406.8636474609375,403.03997802734375,407.47998046875,409.0,293.8999938964844,59.93645095825195,-0.763671875,109882
3852.0,406.7206726074219,403.0999755859375,407.5199890136719,409.0199890136719,294.17999267578125,59.889190673828125,-0.540679931640625,109882
3853.0,406.6206970214844,403.0799865722656,407.47998046875,409.0799865722656,294.6199951171875,59.60293960571289,-0.480712890625,109882
3854.0,406.7416687011719,403.17999267578125,407.4599914550781,408.94000244140625,294.3599853515625,59.667503356933594,-0.54168701171875,109882
3855.0,406.64410400390625,403.05999755859375,407.3599853515625,408.79998779296875,294.5,59.48013687133789,-0.52410888671875,109882
3856.0,406.5911560058594,403.1399841308594,407.41998291015625,408.8599853515625,294.91998291015625,59.34373092651367,-0.451171875,109882
3857.0,406.5766296386719,403.1999816894531,407.5999755859375,409.1399841308594,294.91998291015625,59.26329040527344,-0.336639404296875,109882
3858.0,406.7578125,403.17999267578125,407.5799865722656,409.1600036621094,294.94500732421875,59.157962799072266,-0.57781982421875,109882
3859.0,407.19390869140625,403.1999816894531,407.67999267578125,409.29998779296875,294.625,59.32228088378906,-0.95391845703125,109882
3860.0,407.2530822753906,403.2799987792969,407.6999816894531,409.3799743652344,294.7599792480469,59.349403381347656,-0.93310546875,109882
3861.0,407.0078430175781,403.3199768066406,407.79998779296875,409.3799743652344,295.1199951171875,59.1950798034668,-0.62786865234375,109882
3862.0,407.2964782714844,403.3399963378906,407.91998291015625,409.55999755859375,295.17999267578125,59.263771057128906,-0.876495361328125,109882
3863.0,407.28533935546875,403.2200012207031,407.7599792480469,409.44000244140625,295.55999755859375,59.01875305175781,-0.965362548828125,109882
3864.0,407.2016906738281,403.1399841308594,407.6399841308594,409.3199768066406,295.1050109863281,59.26245880126953,-0.981689453125,109882
3865.0,407.3734436035156,403.0999755859375,407.67999267578125,409.4599914550781,294.8800048828125,59.522457122802734,-1.133453369140625,109882
3866.0,407.4138488769531,403.0199890136719,407.6199951171875,409.3799743652344,294.94000244140625,59.5161018371582,-1.2138671875,109882
3867.0,407.3096923828125,403.0199890136719,407.5799865722656,409.3199768066406,295.03997802734375,59.49945831298828,-1.149688720703125,109882
3868.0,407.1804504394531,403.0799865722656,407.6199951171875,409.3199768066406,295.0199890136719,59.49583435058594,-0.98046875,109882
3869.0,407.20947265625,403.1399841308594,407.5,409.1999816894531,294.17999267578125,60.027992248535156,-1.049468994140625,109882
3870.0,407.1224365234375,403.1600036621094,407.47998046875,409.1399841308594,294.41998291015625,59.98959732055664,-0.982452392578125,109882
3871.0,407.0688171386719,403.1399841308594,407.67999267578125,409.3599853515625,294.17999267578125,60.083003997802734,-0.788818359375,109882
3872.0,407.1177062988281,403.239990234375,407.79998779296875,409.4599914550781,294.3199768066406,60.080867767333984,-0.71771240234375,109882
3873.0,407.1923828125,403.239990234375,407.7599792480469,409.3799743652344,294.5,59.8929328918457,-0.8323974609375,109882
3874.0,407.1494140625,403.2200012207031,407.67999267578125,409.2599792480469,294.739990234375,59.62920379638672,-0.809417724609375,109882
3875.0,407.06915283203125,403.3399963378906,407.7799987792969,409.3999938964844,294.5799865722656,59.95709228515625,-0.669158935546875,109882
3876.0,407.7367858886719,403.4599914550781,408.03997802734375,409.8799743652344,295.239990234375,59.54058074951172,-1.136810302734375,109882
3877.0,407.02398681640625,403.1999816894531,407.5799865722656,409.1600036621094,295.1650085449219,59.32010269165039,-0.803985595703125,109882
3878.0,406.7444152832031,403.0999755859375,407.41998291015625,408.97998046875,295.239990234375,59.07343673706055,-0.644439697265625,109882
3879.0,406.6831359863281,403.2200012207031,407.5199890136719,409.05999755859375,295.239990234375,58.927101135253906,-0.54315185546875,109882
3880.0,406.77874755859375,403.2799987792969,407.6199951171875,409.0999755859375,294.79998779296875,59.32023620605469,-0.498748779296875,109882
3881.0,406.7316589355469,403.239990234375,407.6199951171875,409.2200012207031,294.2649841308594,59.5218391418457,-0.53167724609375,109882
3882.0,406.7830505371094,403.2599792480469,407.5999755859375,409.17999267578125,294.2049865722656,59.61277389526367,-0.5230712890625,109882
3883.0,406.8042907714844,403.1399841308594,407.47998046875,409.03997802734375,294.3199768066406,59.52180862426758,-0.624298095703125,109882
3884.0,406.8280029296875,403.1600036621094,407.5999755859375,409.1999816894531,294.6399841308594,59.568016052246094,-0.5880126953125,109882
3885.0,406.95867919921875,403.239990234375,407.6399841308594,409.0999755859375,294.2799987792969,59.94028854370117,-0.678680419921875,109882
3886.0,406.9641418457031,403.3599853515625,407.7200012207031,409.17999267578125,294.17999267578125,60.12083435058594,-0.58416748046875,109882
3887.0,406.8591613769531,403.3399963378906,407.6399841308594,409.0799865722656,294.3199768066406,59.933372497558594,-0.5391845703125,109882
3888.0,406.9630432128906,403.3799743652344,407.79998779296875,409.3999938964844,294.3399963378906,59.88628387451172,-0.523040771484375,109882
3889.0,406.930908203125,403.3599853515625,407.9599914550781,409.5999755859375,294.5799865722656,59.80832290649414,-0.410919189453125,109882
3890.0,407.1603698730469,403.3999938964844,407.94000244140625,409.6399841308594,294.5,59.93292999267578,-0.620391845703125,109882
3891.0,407.2494812011719,403.3399963378906,407.8199768066406,409.5,294.47998046875,59.8553466796875,-0.811492919921875,109882
3892.0,407.1936950683594,403.3399963378906,407.8399963378906,409.29998779296875,294.5799865722656,59.57313537597656,-0.73370361328125,109882
3893.0,407.2804870605469,403.29998779296875,407.7200012207031,409.29998779296875,294.53997802734375,59.548728942871094,-0.94049072265625,109882
3894.0,407.0914306640625,403.2599792480469,407.6199951171875,409.1399841308594,294.91998291015625,59.27391815185547,-0.871429443359375,109882
3895.0,407.0782775878906,403.17999267578125,407.47998046875,409.0999755859375,294.3199768066406,59.64289093017578,-0.93829345703125,109882
3896.0,407.1077880859375,403.239990234375,407.55999755859375,409.0999755859375,294.8599853515625,59.75294494628906,-0.887786865234375,109882
3897.0,406.9698791503906,403.239990234375,407.5799865722656,409.0799865722656,295.05999755859375,59.784603118896484,-0.7498779296875,109882
3898.0,407.0668029785156,403.29998779296875,407.6600036621094,409.1999816894531,295.3999938964844,59.57856369018555,-0.826812744140625,109882
3899.0,406.9048767089844,403.41998291015625,407.79998779296875,409.3999938964844,294.79998779296875,59.85470199584961,-0.5048828125,109882
3900.0,406.9286193847656,403.44000244140625,408.05999755859375,409.80377197265625,295.3599853515625,59.57512283325195,-0.388641357421875,109882
3901.0,406.9340515136719,403.3799743652344,407.7599792480469,409.55999755859375,294.6199951171875,59.77508544921875,-0.59405517578125,109882
3902.0,406.865234375,403.3599853515625,407.6600036621094,409.3399963378906,294.53997802734375,59.83244705200195,-0.56524658203125,109882
3903.0,406.8995056152344,403.3799743652344,407.67999267578125,409.2599792480469,294.739990234375,59.7283821105957,-0.55950927734375,109882
3904.0,406.95257568359375,403.3599853515625,407.7200012207031,409.3399963378906,295.0,59.553409576416016,-0.632598876953125,109882
3905.0,407.450927734375,403.41998291015625,407.91998291015625,409.6399841308594,294.7799987792969,59.869468688964844,-0.970947265625,109882
3906.0,407.46942138671875,403.3799743652344,407.8399963378906,409.4599914550781,294.7250061035156,59.86602020263672,-1.0494384765625,109882
3907.0,407.4295959472656,403.3199768066406,407.7799987792969,409.41998291015625,294.6000061035156,59.77195358276367,-1.069610595703125,109882
3908.0,407.3509521484375,403.3999938964844,407.7799987792969,409.3999938964844,294.6999816894531,59.69914245605469,-1.030975341796875,109882
3909.0,407.3316955566406,403.44000244140625,407.7200012207031,409.3399963378906,294.06500244140625,60.35475540161133,-0.95172119140625,109882
3910.0,407.5570068359375,403.44000244140625,407.8399963378906,409.55999755859375,294.239990234375,60.05602264404297,-1.0770263671875,109882
3911.0,407.61248779296875,403.5,407.97998046875,409.6999816894531,295.0,59.74091720581055,-0.9945068359375,109882
3912.0,407.4178466796875,403.53997802734375,408.03997802734375,409.5999755859375,295.1600036621094,59.788368225097656,-0.7978515625,109882
3913.0,407.4849548339844,403.44000244140625,407.91998291015625,409.5199890136719,295.1000061035156,59.559608459472656,-0.924957275390625,109882
3914.0,407.2949523925781,403.47998046875,407.8999938964844,409.5199890136719,294.8599853515625,59.647090911865234,-0.814971923828125,109882
3915.0,407.3302307128906,403.47998046875,407.8399963378906,409.55999755859375,294.739990234375,59.72478485107422,-0.890228271484375,109882
3916.0,407.34027099609375,403.55999755859375,407.8799743652344,409.5199890136719,295.1399841308594,59.64903259277344,-0.84027099609375,109882
3917.0,407.5149230957031,403.53997802734375,407.91998291015625,409.55999755859375,294.5199890136719,59.79059600830078,-0.974945068359375,109882
3918.0,407.46429443359375,403.41998291015625,407.8999938964844,409.5199890136719,294.54498291015625,59.7681884765625,-0.96429443359375,109882
3919.0,407.2481689453125,403.4599914550781,407.8599853515625,409.3999938964844,295.05999755859375,59.32286834716797,-0.70819091796875,109882
3920.0,407.1958923339844,403.5199890136719,407.8399963378906,409.4599914550781,295.3199768066406,59.22813034057617,-0.655914306640625,109882
3921.0,407.22833251953125,403.41998291015625,407.739990234375,409.3999938964844,295.239990234375,59.26968002319336,-0.86834716796875,109882
3922.0,407.43902587890625,403.3999938964844,407.8999938964844,409.7599792480469,295.239990234375,59.36960983276367,-0.95904541015625,109882
3923.0,407.440185546875,403.4599914550781,407.8799743652344,409.6399841308594,294.739990234375,59.69068908691406,-0.960205078125,109882
3924.0,407.1395263671875,403.5199890136719,407.79998779296875,409.3799743652344,295.03997802734375,59.409000396728516,-0.6595458984375,109882
3925.0,406.9749755859375,403.53997802734375,407.8199768066406,409.29998779296875,295.1199951171875,59.05567169189453,-0.41497802734375,109882
3926.0,407.1063232421875,403.4599914550781,407.8799743652344,409.41998291015625,295.1000061035156,59.165771484375,-0.50634765625,109882
3927.0,407.22247314453125,403.44000244140625,407.8199768066406,409.3399963378906,295.0799865722656,59.3165397644043,-0.74249267578125,109882
3928.0,407.12017822265625,403.6199951171875,407.8599853515625,409.3399963378906,295.1000061035156,59.32197952270508,-0.50018310546875,109882
3929.0,407.3471374511719,403.7200012207031,407.9599914550781,409.44000244140625,295.239990234375,59.299503326416016,-0.64715576171875,109882
3930.0,407.46832275390625,403.7200012207031,408.1199951171875,409.7599792480469,295.29998779296875,59.107666015625,-0.708343505859375,109882
3931.0,407.4764709472656,403.67999267578125,408.0799865722656,409.7599792480469,294.8599853515625,59.62611389160156,-0.736480712890625,109882
3932.0,407.3287353515625,403.6199951171875,408.0199890136719,409.7200012207031,295.0,59.78238296508789,-0.628753662109375,109882
3933.0,407.3043518066406,403.6600036621094,408.05999755859375,409.67999267578125,294.91998291015625,59.76780319213867,-0.6043701171875,109882
3934.0,407.27789306640625,403.6999816894531,408.1199951171875,409.7799987792969,294.8399963378906,59.8703498840332,-0.517913818359375,109882
3935.0,407.683349609375,403.5799865722656,408.0199890136719,409.8437805175781,294.8399963378906,59.763145446777344,-0.983367919921875,109882
3936.0,407.5757141113281,403.67999267578125,407.91998291015625,409.6199951171875,294.5,59.880455017089844,-0.93572998046875,109882
3937.0,407.2902526855469,403.6399841308594,407.8799743652344,409.4599914550781,294.8199768066406,59.596290588378906,-0.690277099609375,109882
3938.0,407.1654052734375,403.47998046875,407.8399963378906,409.41998291015625,294.8399963378906,59.624359130859375,-0.6854248046875,109882
3939.0,407.1119079589844,403.44000244140625,407.8599853515625,409.4599914550781,294.6000061035156,59.72904968261719,-0.671905517578125,109882
3940.0,407.2426452636719,403.5,408.05999755859375,409.6600036621094,294.8800048828125,59.677581787109375,-0.642669677734375,109882
3941.0,407.26263427734375,403.55999755859375,407.97998046875,409.55999755859375,294.9599914550781,59.65898132324219,-0.682647705078125,109882
3942.0,407.1307067871094,403.5799865722656,407.8999938964844,409.44000244140625,295.1600036621094,59.6162109375,-0.55072021484375,109882
3943.0,407.08270263671875,403.5199890136719,407.8399963378906,409.47998046875,295.05999755859375,59.53126525878906,-0.58270263671875,109882
3944.0,407.21673583984375,403.5,407.8799743652344,409.5199890136719,295.2799987792969,59.510135650634766,-0.65673828125,109882
3945.0,407.24810791015625,403.6399841308594,407.9599914550781,409.47998046875,295.3599853515625,59.27405548095703,-0.568115234375,109882
3946.0,407.4263916015625,403.7200012207031,408.03997802734375,409.5,295.1199951171875,59.31407165527344,-0.726409912109375,109882
3947.0,407.329345703125,403.7200012207031,408.0999755859375,409.67999267578125,295.03997802734375,59.47068405151367,-0.629364013671875,109882
3948.0,407.2370910644531,403.5799865722656,407.91998291015625,409.5199890136719,294.8199768066406,59.6480598449707,-0.6571044921875,109882
3949.0,407.20849609375,403.6199951171875,407.97998046875,409.5,294.2799987792969,59.908748626708984,-0.628509521484375,109882
3950.0,407.2483825683594,403.6399841308594,407.97998046875,409.5037841796875,294.8999938964844,59.671539306640625,-0.66839599609375,109882
3951.0,407.2830505371094,403.67999267578125,408.0999755859375,409.6600036621094,294.8999938964844,59.756656646728516,-0.603057861328125,109882
3952.0,407.2236633300781,403.6199951171875,407.97998046875,409.53997802734375,294.94000244140625,59.821475982666016,-0.58367919921875,109882
3953.0,407.3117370605469,403.6199951171875,408.0199890136719,409.67999267578125,295.1199951171875,59.559234619140625,-0.6717529296875,109882
3954.0,407.3779602050781,403.6999816894531,408.1199951171875,409.6999816894531,294.8399963378906,59.66202163696289,-0.677978515625,109882
3955.0,407.263671875,403.6199951171875,408.03997802734375,409.5999755859375,294.5199890136719,59.73418426513672,-0.683685302734375,109882
3956.0,407.37628173828125,403.67999267578125,408.0799865722656,409.67999267578125,294.885009765625,59.58757400512695,-0.676300048828125,109882
3957.0,407.27764892578125,403.739990234375,408.05999755859375,409.67999267578125,294.8800048828125,59.662025451660156,-0.577667236328125,109882
3958.0,407.1717529296875,403.6600036621094,408.0,409.5,294.8800048828125,59.60799789428711,-0.57177734375,109882
3959.0,407.25531005859375,403.6999816894531,408.0999755859375,409.5799865722656,295.0,59.666019439697266,-0.535308837890625,109882
3960.0,407.3084716796875,403.8399963378906,408.2599792480469,409.7200012207031,295.1000061035156,59.4957389831543,-0.428497314453125,109882
3961.0,407.2531433105469,403.8599853515625,408.2599792480469,409.7200012207031,295.03997802734375,59.668888092041016,-0.43316650390625,109882
3962.0,407.2278137207031,403.8799743652344,408.2200012207031,409.7200012207031,295.18499755859375,59.65742492675781,-0.4078369140625,109882
3963.0,407.5243225097656,403.8999938964844,408.198974609375,409.7200012207031,295.44000244140625,59.496673583984375,-0.684326171875,109882
3964.0,407.31903076171875,403.6999816894531,408.03997802734375,409.55999755859375,295.3599853515625,59.43586730957031,-0.619049072265625,109882
3965.0,407.6414794921875,403.6999816894531,408.1999816894531,409.8799743652344,295.7200012207031,59.057674407958984,-0.861480712890625,109882
3966.0,407.59002685546875,403.79998779296875,408.3599853515625,410.0199890136719,295.8199768066406,59.019962310791016,-0.770050048828125,109882
3967.0,407.4848327636719,403.8799743652344,408.2799987792969,409.8799743652344,295.739990234375,59.336788177490234,-0.564849853515625,109882
3968.0,407.63623046875,403.8799743652344,408.17999267578125,409.7599792480469,295.2599792480469,59.46925354003906,-0.756256103515625,109882
3969.0,407.6661682128906,403.8399963378906,408.1600036621094,409.79998779296875,295.2599792480469,59.33618927001953,-0.866180419921875,109882
3970.0,407.6730041503906,403.7599792480469,408.1399841308594,409.8599853515625,295.2599792480469,59.24916076660156,-0.933013916015625,109882
3971.0,407.3927307128906,403.7599792480469,408.1999816894531,409.7599792480469,295.6399841308594,59.061729431152344,-0.63275146484375,109882
3972.0,407.7945556640625,404.0,408.3599853515625,409.8999938964844,295.53997802734375,59.16279983520508,-0.7945556640625,109882
3973.0,407.59112548828125,403.94000244140625,408.2200012207031,409.8199768066406,295.6199951171875,59.25152587890625,-0.711151123046875,109882
3974.0,407.59295654296875,403.79998779296875,408.0799865722656,409.67999267578125,295.4599914550781,59.37595748901367,-0.812957763671875,109882
3975.0,407.8433837890625,403.8599853515625,408.239990234375,409.8599853515625,295.0050048828125,59.622840881347656,-0.92340087890625,109882
3976.0,407.78070068359375,403.8999938964844,408.29998779296875,409.8799743652344,294.7799987792969,59.57707977294922,-0.8406982421875,109882
3977.0,407.6710510253906,403.94000244140625,408.29998779296875,409.91998291015625,294.7200012207031,59.68456268310547,-0.731048583984375,109882
3978.0,407.9481506347656,403.94000244140625,408.3399963378906,410.03997802734375,294.7599792480469,59.72820281982422,-0.968170166015625,109882
3979.0,407.76959228515625,403.8999938964844,408.0999755859375,409.739990234375,295.385009765625,59.34636688232422,-0.929595947265625,109882
3980.0,407.54718017578125,403.91998291015625,408.0799865722656,409.6999816894531,295.4599914550781,59.322994232177734,-0.68719482421875,109882
3981.0,407.69439697265625,404.0199890136719,408.2799987792969,409.8999938964844,295.5,59.348636627197266,-0.69439697265625,109882
3982.0,407.54833984375,403.8799743652344,408.17999267578125,409.7599792480469,295.739990234375,59.117881774902344,-0.648345947265625,109882
3983.0,407.51904296875,403.8199768066406,408.1199951171875,409.67999267578125,295.5849914550781,58.96122741699219,-0.699066162109375,109882
3984.0,407.5171813964844,403.8199768066406,408.1399841308594,409.67999267578125,295.44000244140625,59.23344421386719,-0.657196044921875,109882
3985.0,407.3808898925781,403.8399963378906,408.2200012207031,409.80377197265625,295.53997802734375,59.42810821533203,-0.520904541015625,109882
3986.0,407.57989501953125,403.97998046875,408.3799743652344,409.91998291015625,295.5199890136719,59.4613037109375,-0.59991455078125,109882
3987.0,407.538818359375,403.8999938964844,408.239990234375,409.6999816894531,295.44000244140625,59.31403732299805,-0.59881591796875,109882
3988.0,407.5174560546875,403.8399963378906,408.1600036621094,409.6199951171875,295.3249816894531,59.458675384521484,-0.657470703125,109882
3989.0,407.287109375,403.7799987792969,408.0199890136719,409.53997802734375,295.239990234375,59.521087646484375,-0.507110595703125,109882
3990.0,407.4764404296875,403.7599792480469,408.0999755859375,409.7200012207031,295.47998046875,59.36252212524414,-0.696441650390625,109882
3991.0,407.39141845703125,403.8199768066406,408.17999267578125,409.8799743652344,296.2599792480469,58.91791534423828,-0.5914306640625,109882
3992.0,407.858154296875,404.0199890136719,408.3999938964844,410.0,296.1449890136719,59.07492446899414,-0.81817626953125,109882
3993.0,408.0440368652344,404.05999755859375,408.53997802734375,410.1199951171875,295.7599792480469,59.20455551147461,-0.944061279296875,109882
3994.0,408.4462890625,403.91998291015625,408.47998046875,410.2599792480469,295.54498291015625,59.3268928527832,-1.38629150390625,109882
3995.0,408.2770080566406,404.0,408.4789733886719,410.17999267578125,295.3599853515625,59.539649963378906,-1.237030029296875,109882
3996.0,408.0741882324219,403.91998291015625,408.3799743652344,410.0,295.3999938964844,59.429054260253906,-1.094207763671875,109882
3997.0,408.07464599609375,404.03997802734375,408.55999755859375,410.2200012207031,295.8199768066406,59.28422927856445,-0.934661865234375,109882
3998.0,407.89727783203125,403.91998291015625,408.47998046875,410.0799865722656,295.41998291015625,59.071678161621094,-0.817291259765625,109882
3999.0,407.7159729003906,403.7799987792969,408.3399963378906,409.97998046875,295.1199951171875,59.33502197265625,-0.7559814453125,109882
4000.0,407.62188720703125,403.8599853515625,408.3399963378906,409.8599853515625,295.4049987792969,59.38517761230469,-0.64190673828125,109882
4001.0,407.6948547363281,403.8799743652344,408.3199768066406,409.8399963378906,295.5,59.23328399658203,-0.754852294921875,109882
4002.0,407.7961730957031,403.91998291015625,408.3599853515625,409.9237976074219,295.30499267578125,59.34156799316406,-0.796173095703125,109882
4003.0,407.8525085449219,404.0,408.3599853515625,409.9599914550781,295.0199890136719,59.494632720947266,-0.852508544921875,109882
4004.0,407.8331604003906,404.0,408.44000244140625,409.97998046875,295.8599853515625,59.18647766113281,-0.81317138671875,109882
4005.0,408.09075927734375,404.03997802734375,408.5199890136719,410.1399841308594,295.739990234375,59.11684036254883,-0.950775146484375,109882
4006.0,407.9576721191406,403.8999938964844,408.3599853515625,410.05999755859375,295.67999267578125,59.11994171142578,-0.977691650390625,109882
4007.0,407.89013671875,403.97998046875,408.41998291015625,410.0999755859375,295.6399841308594,59.193153381347656,-0.85015869140625,109882
4008.0,407.8945617675781,404.03997802734375,408.41998291015625,410.05999755859375,295.7799987792969,59.149681091308594,-0.794586181640625,109882
4009.0,407.771728515625,404.0199890136719,408.3199768066406,409.91998291015625,295.41998291015625,59.38195037841797,-0.71173095703125,109882
4010.0,407.84991455078125,404.1600036621094,408.55999755859375,410.1399841308594,295.17999267578125,59.671627044677734,-0.669921875,109882
4011.0,408.2518615722656,404.1600036621094,408.5999755859375,410.2799987792969,295.3399963378906,59.549217224121094,-1.011871337890625,109882
4012.0,408.4192810058594,404.1399841308594,408.6999816894531,410.3999938964844,295.2649841308594,59.59784698486328,-1.119293212890625,109882
4013.0,408.0536804199219,404.03997802734375,408.6199951171875,410.3799743652344,294.6999816894531,59.64606475830078,-0.85369873046875,109882
4014.0,407.89031982421875,403.9599914550781,408.47998046875,410.123779296875,295.1399841308594,59.491661071777344,-0.79034423828125,109882
4015.0,407.88262939453125,404.03997802734375,408.53997802734375,410.239990234375,294.739990234375,59.68946838378906,-0.78265380859375,109882
4016.0,407.8609313964844,404.0,408.41998291015625,410.0999755859375,294.739990234375,59.74740219116211,-0.760955810546875,109882
4017.0,407.4601745605469,403.9599914550781,408.29998779296875,409.97998046875,295.4599914550781,59.43681335449219,-0.480194091796875,109882
4018.0,407.60357666015625,403.97998046875,408.3399963378906,409.8437805175781,295.47998046875,59.31591796875,-0.5635986328125,109882
4019.0,407.58868408203125,404.0,408.5,410.0,295.7200012207031,59.08211898803711,-0.508697509765625,109882
4020.0,407.676513671875,404.0199890136719,408.4599914550781,410.03997802734375,295.5849914550781,59.1137809753418,-0.656524658203125,109882
4021.0,407.7210693359375,404.0999755859375,408.47998046875,410.03997802734375,295.1050109863281,59.727352142333984,-0.641082763671875,109882
4022.0,407.63580322265625,404.1399841308594,408.5199890136719,410.05999755859375,295.0,59.74992752075195,-0.53582763671875,109882
4023.0,407.81634521484375,404.2599792480469,408.6199951171875,410.1199951171875,295.239990234375,59.57716751098633,-0.6363525390625,109882
4024.0,407.82159423828125,404.2799987792969,408.5,410.03997802734375,295.29998779296875,59.48593521118164,-0.661590576171875,109882
4025.0,407.9970703125,404.29998779296875,408.6999816894531,410.239990234375,295.3599853515625,59.59626388549805,-0.677093505859375,109882
4026.0,408.141845703125,404.1999816894531,408.79998779296875,410.3799743652344,294.9599914550781,59.915775299072266,-0.821868896484375,109882
4027.0,408.0921630859375,404.0799865722656,408.6199951171875,410.2599792480469,294.864990234375,59.90982437133789,-0.932159423828125,109882
4028.0,407.8684387207031,404.0799865722656,408.44000244140625,410.05999755859375,295.5799865722656,59.40756607055664,-0.808441162109375,109882
4029.0,407.81048583984375,404.1999816894531,408.44000244140625,410.0199890136719,295.6050109863281,59.459388732910156,-0.71051025390625,109882
4030.0,407.7821960449219,404.1999816894531,408.47998046875,410.0,295.3999938964844,59.679931640625,-0.6422119140625,109882
4031.0,407.7352600097656,404.3599853515625,408.55999755859375,410.0999755859375,295.6399841308594,59.70559310913086,-0.5152587890625,109882
4032.0,407.71563720703125,404.2599792480469,408.5199890136719,410.0199890136719,295.239990234375,59.82624053955078,-0.515655517578125,109882
4033.0,407.8796691894531,404.1600036621094,408.5199890136719,410.1199951171875,295.44000244140625,59.495765686035156,-0.699676513671875,109882
4034.0,407.8598937988281,404.0799865722656,408.55999755859375,410.1999816894531,295.2250061035156,59.63747787475586,-0.679901123046875,109882
4035.0,407.8461608886719,404.1600036621094,408.5799865722656,410.1399841308594,295.0799865722656,60.071434020996094,-0.62615966796875,109882
4036.0,407.7608337402344,404.17999267578125,408.55999755859375,410.0999755859375,295.1399841308594,59.818485260009766,-0.54083251953125,109882
4037.0,407.8142395019531,404.0999755859375,408.55999755859375,410.1037902832031,295.1199951171875,59.700889587402344,-0.6142578125,109882
4038.0,407.754150390625,404.0199890136719,408.41998291015625,409.9599914550781,295.17999267578125,59.55795669555664,-0.754150390625,109882
4039.0,407.7464904785156,403.94000244140625,408.1999816894531,409.7799987792969,295.0,59.754005432128906,-0.86651611328125,109882
4040.0,407.8285827636719,404.17999267578125,408.5,410.0199890136719,294.97998046875,59.72229766845703,-0.728607177734375,109882
4041.0,407.9795837402344,404.239990234375,408.7200012207031,410.3799743652344,295.1999816894531,59.69072341918945,-0.679595947265625,109882
4042.0,408.0742492675781,404.2599792480469,408.6600036621094,410.29998779296875,295.2799987792969,59.56599044799805,-0.774261474609375,109882
4043.0,407.862060546875,404.17999267578125,408.5199890136719,410.0999755859375,295.2200012207031,59.461341857910156,-0.68206787109375,109882
4044.0,407.81903076171875,404.1399841308594,408.4599914550781,410.0199890136719,295.1399841308594,59.51737594604492,-0.659027099609375,109882
4045.0,407.7773132324219,404.1399841308594,408.5,410.05999755859375,295.7599792480469,59.30832290649414,-0.57733154296875,109882
4046.0,407.87603759765625,404.17999267578125,408.53997802734375,410.0437927246094,295.7449951171875,59.30949783325195,-0.676055908203125,109882
4047.0,407.8953857421875,404.3599853515625,408.7200012207031,410.2599792480469,295.7200012207031,59.54725646972656,-0.575408935546875,109882
4048.0,407.8655700683594,404.3399963378906,408.67999267578125,410.3199768066406,295.6399841308594,59.362510681152344,-0.6055908203125,109882
4049.0,408.01068115234375,404.29998779296875,408.7799987792969,410.53997802734375,295.7200012207031,59.484371185302734,-0.670684814453125,109882
4050.0,408.17449951171875,404.5199890136719,409.0,410.5199890136719,295.239990234375,59.847267150878906,-0.57452392578125,109882
4051.0,408.32342529296875,404.53997802734375,408.91998291015625,410.3399963378906,295.0799865722656,59.90010452270508,-0.70343017578125,109882
4052.0,408.1189270019531,404.3199768066406,408.7200012207031,410.2599792480469,294.739990234375,60.076759338378906,-0.71893310546875,109882
4053.0,407.95220947265625,404.17999267578125,408.5999755859375,410.0999755859375,295.1050109863281,59.649375915527344,-0.71221923828125,109882
4054.0,407.85089111328125,404.239990234375,408.6399841308594,410.2200012207031,295.0050048828125,59.77935028076172,-0.61090087890625,109882
4055.0,407.8035888671875,404.1199951171875,408.47998046875,410.0999755859375,294.8800048828125,59.72952651977539,-0.74359130859375,109882
4056.0,408.0782165527344,404.1999816894531,408.6789855957031,410.3399963378906,295.2200012207031,59.563175201416016,-0.87823486328125,109882
4057.0,408.2501220703125,404.17999267578125,408.6399841308594,410.3399963378906,295.4599914550781,59.58167266845703,-1.030120849609375,109882
4058.0,408.21856689453125,404.0999755859375,408.53997802734375,410.2599792480469,295.53997802734375,59.31563949584961,-1.058563232421875,109882
4059.0,408.19482421875,404.0999755859375,408.55999755859375,410.2799987792969,295.6199951171875,59.28658676147461,-0.974822998046875,109882
