Time,TC1_tip,TC2,TC3,TC4,TC5,TC6,TC7,TC8,TC9,TC10,h,flux,abs,surf
0.0,366.86,368.42,369.04,370.37,370.16,372.66,371.27,371.67,371.0,356.9,0.1575,19400,3,0.98
1.0,366.72,368.41,369.06,370.39,370.17,372.66,371.13,371.6,370.96,356.87,0.1575,19400,3,0.98
2.0,366.62,368.39,369.08,370.4,370.18,372.66,371.04,371.57,370.92,356.87,0.1575,19400,3,0.98
3.0,366.56,368.37,369.09,370.42,370.18,372.64,370.98,371.54,370.86,356.93,0.1575,19400,3,0.98
4.0,366.5,368.36,369.1,370.43,370.19,372.63,370.93,371.54,370.76,357.02,0.1575,19400,3,0.98
5.0,366.44,368.36,369.11,370.45,370.2,372.61,370.9,371.53,370.68,357.1,0.1575,19400,3,0.98
6.0,366.39,368.36,369.12,370.45,370.2,372.59,370.89,371.52,370.63,357.15,0.1575,19400,3,0.98
7.0,366.33,368.35,369.13,370.47,370.21,372.59,370.89,371.53,370.6,357.2,0.1575,19400,3,0.98
8.0,366.26,368.35,369.14,370.48,370.21,372.59,370.86,371.55,370.56,357.23,0.1575,19400,3,0.98
9.0,366.18,368.34,369.15,370.5,370.2,372.59,370.84,371.56,370.55,357.27,0.1575,19400,3,0.98
10.0,366.06,368.35,369.17,370.5,370.21,372.57,370.83,371.57,370.61,357.3,0.1575,19400,3,0.98
11.0,365.94,368.33,369.17,370.51,370.2,372.57,370.8,371.57,370.67,357.3,0.1575,19400,3,0.98
12.0,365.89,368.32,369.18,370.51,370.2,372.57,370.8,371.56,370.72,357.3,0.1575,19400,3,0.98
13.0,365.82,368.32,369.18,370.51,370.19,372.57,370.78,371.56,370.75,357.3,0.1575,19400,3,0.98
14.0,365.76,368.3,369.17,370.52,370.19,372.57,370.76,371.55,370.77,357.32,0.1575,19400,3,0.98
15.0,365.71,368.29,369.18,370.52,370.19,372.56,370.78,371.56,370.83,357.36,0.1575,19400,3,0.98
16.0,365.67,368.27,369.18,370.53,370.19,372.56,370.78,371.55,370.82,357.39,0.1575,19400,3,0.98
17.0,365.61,368.25,369.19,370.53,370.18,372.55,370.78,371.55,370.78,357.42,0.1575,19400,3,0.98
18.0,365.57,368.24,369.18,370.52,370.19,372.55,370.78,371.55,370.76,357.43,0.1575,19400,3,0.98
19.0,365.5,368.21,369.18,370.52,370.18,372.54,370.77,371.55,370.76,357.45,0.1575,19400,3,0.98
20.0,365.43,368.18,369.17,370.53,370.18,372.54,370.73,371.56,370.88,357.47,0.1575,19400,3,0.98
21.0,365.35,368.13,369.17,370.59,370.2,372.52,370.74,371.56,371.02,357.42,0.1575,19400,3,0.98
22.0,365.24,368.06,369.21,370.69,370.23,372.5,370.88,371.71,371.23,357.38,0.1575,19400,3,0.98
23.0,365.24,368.07,369.25,370.73,370.26,372.52,370.96,371.88,371.44,357.36,0.1575,19400,3,0.98
24.0,365.45,368.15,369.29,370.72,370.3,372.55,371.02,371.94,371.58,357.35,0.1575,19400,3,0.98
25.0,365.74,368.15,369.27,370.76,370.36,372.61,371.1,372.05,371.68,357.31,0.1575,19400,3,0.98
26.0,366.08,368.22,369.28,370.8,370.42,372.64,371.15,372.12,371.7,357.26,0.1575,19400,3,0.98
27.0,366.55,368.47,369.31,370.86,370.49,372.68,371.23,372.16,371.66,357.2,0.1575,19400,3,0.98
28.0,367.11,368.59,369.39,370.92,370.58,372.73,371.26,372.15,371.6,357.1,0.1575,19400,3,0.98
29.0,367.5,368.69,369.52,370.99,370.68,372.79,371.28,372.1,371.49,356.98,0.1575,19400,3,0.98
30.0,367.7,368.75,369.57,371.05,370.76,372.83,371.29,372.07,371.42,356.91,0.1575,19400,3,0.98
31.0,367.83,368.83,369.6,371.12,370.81,372.9,371.45,372.03,371.34,356.83,0.1575,19400,3,0.98
32.0,367.95,368.9,369.64,371.18,370.86,372.95,371.67,372.16,371.28,356.75,0.1575,19400,3,0.98
33.0,368.1,368.99,369.69,371.25,370.91,373.01,371.74,372.31,371.26,356.63,0.1575,19400,3,0.98
34.0,368.21,369.05,369.74,371.31,370.96,373.09,371.88,372.32,371.3,356.55,0.1575,19400,3,0.98
35.0,368.22,369.09,369.76,371.34,371.01,373.14,372.39,372.32,371.37,356.51,0.1575,19400,3,0.98
36.0,368.29,369.13,369.77,371.36,371.03,373.21,372.44,372.4,371.41,356.43,0.1575,19400,3,0.98
37.0,368.29,369.16,369.8,371.37,371.05,373.26,372.34,372.43,371.47,356.29,0.1575,19400,3,0.98
38.0,368.27,369.18,369.86,371.37,371.06,373.3,372.23,372.53,371.49,356.14,0.1575,19400,3,0.98
39.0,368.23,369.19,369.92,371.37,371.05,373.33,372.13,372.57,371.49,356.03,0.1575,19400,3,0.98
40.0,368.19,369.22,369.97,371.38,371.05,373.32,372.02,372.57,371.48,355.91,0.1575,19400,3,0.98
41.0,368.14,369.27,370.03,371.39,371.04,373.33,371.9,372.54,371.47,355.83,0.1575,19400,3,0.98
42.0,368.08,369.31,370.07,371.4,371.04,373.31,371.82,372.45,371.45,355.78,0.1575,19400,3,0.98
43.0,368.02,369.35,370.12,371.4,371.02,373.3,371.73,372.34,371.41,355.72,0.1575,19400,3,0.98
44.0,367.95,369.38,370.14,371.4,371.02,373.28,371.65,372.25,371.36,355.7,0.1575,19400,3,0.98
45.0,367.87,369.4,370.15,371.4,371.0,373.26,371.58,372.2,371.28,355.67,0.1575,19400,3,0.98
46.0,367.75,369.44,370.17,371.39,371.0,373.25,371.5,372.14,371.19,355.63,0.1575,19400,3,0.98
47.0,367.62,369.45,370.18,371.39,371.0,373.24,371.42,372.14,371.1,355.61,0.1575,19400,3,0.98
48.0,367.53,369.45,370.18,371.37,370.97,373.23,371.38,372.12,371.01,355.59,0.1575,19400,3,0.98
49.0,367.45,369.45,370.18,371.36,370.97,373.2,371.34,372.1,370.9,355.56,0.1575,19400,3,0.98
50.0,367.38,369.43,370.17,371.36,370.96,373.19,371.32,372.09,370.82,355.54,0.1575,19400,3,0.98
51.0,367.33,369.42,370.18,371.36,370.95,373.18,371.3,372.1,370.77,355.5,0.1575,19400,3,0.98
52.0,367.29,369.4,370.16,371.36,370.94,373.17,371.29,372.12,370.74,355.43,0.1575,19400,3,0.98
53.0,367.24,369.37,370.15,371.35,370.92,373.16,371.28,372.14,370.62,355.34,0.1575,19400,3,0.98
54.0,367.2,369.36,370.15,371.34,370.91,373.16,371.26,372.13,370.44,355.25,0.1575,19400,3,0.98
55.0,367.15,369.32,370.13,371.32,370.88,373.14,371.24,372.13,370.13,355.14,0.1575,19400,3,0.98
56.0,367.09,369.31,370.13,371.31,370.87,373.14,371.24,372.11,369.95,355.04,0.1575,19400,3,0.98
57.0,367.01,369.29,370.11,371.29,370.85,373.12,371.23,372.1,369.95,354.98,0.1575,19400,3,0.98
58.0,366.96,369.29,370.1,371.27,370.84,373.11,371.23,372.08,370.01,354.91,0.1575,19400,3,0.98
59.0,366.9,369.28,370.11,371.25,370.83,373.1,371.22,372.06,370.1,354.85,0.1575,19400,3,0.98
60.0,366.84,369.27,370.1,371.23,370.82,373.08,371.21,372.04,370.2,354.77,0.1575,19400,3,0.98
61.0,366.78,369.26,370.09,371.22,370.81,373.07,371.2,372.02,370.21,354.69,0.1575,19400,3,0.98
62.0,366.74,369.25,370.09,371.22,370.8,373.05,371.2,372.02,370.2,354.61,0.1575,19400,3,0.98
63.0,366.69,369.23,370.09,371.2,370.78,373.03,371.19,372.02,370.19,354.49,0.1575,19400,3,0.98
64.0,366.6,369.2,370.09,371.18,370.76,373.02,371.18,372.01,370.17,354.33,0.1575,19400,3,0.98
65.0,366.5,369.17,370.08,371.18,370.74,373.01,371.17,372.02,370.02,354.18,0.1575,19400,3,0.98
66.0,366.44,369.14,370.07,371.17,370.73,373.0,371.15,372.01,369.92,354.09,0.1575,19400,3,0.98
67.0,366.4,369.14,370.08,371.17,370.73,373.0,371.15,372.0,370.03,353.99,0.1575,19400,3,0.98
68.0,366.45,369.12,370.07,371.18,370.71,373.01,371.19,372.03,370.28,353.91,0.1575,19400,3,0.98
69.0,366.45,369.08,370.07,371.18,370.73,373.01,371.18,372.01,370.52,353.94,0.1575,19400,3,0.98
70.0,366.52,368.94,370.07,371.18,370.74,373.01,371.16,371.96,370.7,354.04,0.1575,19400,3,0.98
71.0,366.64,368.85,370.05,371.18,370.74,373.0,371.09,371.89,370.8,354.17,0.1575,19400,3,0.98
72.0,366.92,368.8,370.04,371.17,370.75,372.98,371.03,371.79,370.85,354.34,0.1575,19400,3,0.98
73.0,367.39,369.04,370.04,371.16,370.76,372.96,370.92,371.7,370.88,354.62,0.1575,19400,3,0.98
74.0,367.84,369.23,370.02,371.11,370.76,372.94,370.84,371.61,370.83,354.87,0.1575,19400,3,0.98
75.0,368.08,369.31,369.99,371.08,370.72,372.91,370.73,371.57,370.76,354.97,0.1575,19400,3,0.98
76.0,368.3,369.42,369.95,371.02,370.65,372.86,370.62,371.49,370.67,355.03,0.1575,19400,3,0.98
77.0,368.5,369.52,369.94,370.96,370.6,372.78,370.54,371.39,370.56,355.06,0.1575,19400,3,0.98
78.0,368.68,369.59,369.97,370.93,370.55,372.72,370.46,371.31,370.45,355.04,0.1575,19400,3,0.98
79.0,368.83,369.64,369.96,370.89,370.5,372.64,370.37,371.21,370.35,355.02,0.1575,19400,3,0.98
80.0,368.98,369.65,369.96,370.87,370.45,372.58,370.31,371.11,370.22,355.01,0.1575,19400,3,0.98
81.0,369.11,369.72,369.99,370.83,370.41,372.52,370.27,371.0,370.13,355.0,0.1575,19400,3,0.98
82.0,369.27,369.74,369.99,370.8,370.34,372.46,370.18,370.89,369.97,354.93,0.1575,19400,3,0.98
83.0,369.39,369.74,369.96,370.75,370.27,372.4,370.08,370.79,369.79,354.83,0.1575,19400,3,0.98
84.0,369.46,369.71,369.93,370.74,370.25,372.37,370.01,370.72,369.69,354.75,0.1575,19400,3,0.98
85.0,369.49,369.68,369.9,370.7,370.21,372.31,369.95,370.67,369.62,354.68,0.1575,19400,3,0.98
86.0,369.48,369.64,369.88,370.67,370.18,372.26,369.9,370.62,369.57,354.58,0.1575,19400,3,0.98
87.0,369.47,369.61,369.85,370.64,370.15,372.21,369.87,370.59,369.51,354.46,0.1575,19400,3,0.98
88.0,369.46,369.59,369.83,370.62,370.12,372.16,369.85,370.55,369.46,354.32,0.1575,19400,3,0.98
89.0,369.43,369.59,369.82,370.6,370.1,372.12,369.84,370.53,369.42,354.15,0.1575,19400,3,0.98
90.0,369.4,369.58,369.8,370.58,370.08,372.07,369.81,370.49,369.35,353.96,0.1575,19400,3,0.98
91.0,369.3,369.53,369.75,370.57,370.04,372.04,369.75,370.47,369.22,353.66,0.1575,19400,3,0.98
92.0,369.2,369.51,369.72,370.56,370.01,372.0,369.68,370.43,369.04,353.31,0.1575,19400,3,0.98
93.0,369.14,369.52,369.7,370.54,369.98,371.95,369.65,370.35,368.84,353.03,0.1575,19400,3,0.98
94.0,369.1,369.54,369.68,370.53,369.96,371.89,369.6,370.24,368.54,352.84,0.1575,19400,3,0.98
95.0,369.03,369.52,369.66,370.51,369.94,371.83,369.53,370.16,368.26,352.72,0.1575,19400,3,0.98
96.0,369.0,369.51,369.65,370.5,369.92,371.77,369.46,370.09,368.07,352.65,0.1575,19400,3,0.98
97.0,368.96,369.51,369.64,370.49,369.9,371.74,369.43,370.04,367.96,352.59,0.1575,19400,3,0.98
98.0,368.91,369.49,369.64,370.49,369.89,371.71,369.4,370.04,367.88,352.56,0.1575,19400,3,0.98
99.0,368.88,369.5,369.62,370.48,369.87,371.69,369.39,370.03,367.8,352.48,0.1575,19400,3,0.98
100.0,368.82,369.5,369.61,370.45,369.84,371.66,369.39,370.03,367.64,352.38,0.1575,19400,3,0.98
101.0,368.76,369.5,369.59,370.44,369.81,371.64,369.39,369.99,367.47,352.25,0.1575,19400,3,0.98
102.0,368.71,369.51,369.6,370.42,369.81,371.62,369.39,369.88,367.38,352.18,0.1575,19400,3,0.98
103.0,368.66,369.51,369.6,370.4,369.78,371.62,369.38,369.79,367.34,352.1,0.1575,19400,3,0.98
104.0,368.6,369.49,369.6,370.38,369.76,371.6,369.36,369.72,367.36,352.01,0.1575,19400,3,0.98
105.0,368.55,369.49,369.59,370.35,369.75,371.59,369.33,369.66,367.4,351.92,0.1575,19400,3,0.98
106.0,368.51,369.47,369.59,370.31,369.72,371.58,369.32,369.62,367.45,351.81,0.1575,19400,3,0.98
107.0,368.49,369.44,369.58,370.28,369.68,371.54,369.27,369.6,367.48,351.68,0.1575,19400,3,0.98
108.0,368.49,369.41,369.57,370.24,369.66,371.5,369.24,369.63,367.53,351.62,0.1575,19400,3,0.98
109.0,368.47,369.37,369.55,370.21,369.62,371.46,369.2,369.64,367.55,351.55,0.1575,19400,3,0.98
110.0,368.42,369.33,369.53,370.17,369.57,371.43,369.12,369.63,367.53,351.49,0.1575,19400,3,0.98
111.0,368.36,369.3,369.51,370.12,369.54,371.38,369.07,369.61,367.52,351.45,0.1575,19400,3,0.98
112.0,368.26,369.27,369.49,370.08,369.5,371.35,369.03,369.61,367.5,351.42,0.1575,19400,3,0.98
113.0,368.16,369.22,369.47,370.01,369.46,371.31,368.99,369.59,367.49,351.39,0.1575,19400,3,0.98
114.0,368.08,369.18,369.45,369.94,369.4,371.27,368.97,369.58,367.49,351.36,0.1575,19400,3,0.98
115.0,367.97,369.13,369.42,369.89,369.34,371.26,368.95,369.48,367.51,351.32,0.1575,19400,3,0.98
116.0,367.9,369.09,369.39,369.84,369.29,371.23,368.93,369.41,367.53,351.29,0.1575,19400,3,0.98
117.0,367.85,369.07,369.36,369.79,369.24,371.17,368.91,369.36,367.6,351.25,0.1575,19400,3,0.98
118.0,367.75,368.99,369.3,369.73,369.16,371.11,368.81,369.33,367.67,351.16,0.1575,19400,3,0.98
119.0,367.76,368.84,369.21,369.7,369.07,371.07,368.67,369.27,367.7,351.16,0.1575,19400,3,0.98
120.0,367.89,368.75,369.15,369.64,369.02,371.01,368.62,369.2,367.7,351.24,0.1575,19400,3,0.98
121.0,367.95,368.66,369.09,369.59,368.98,370.94,368.58,369.17,367.68,351.38,0.1575,19400,3,0.98
122.0,368.0,368.63,369.04,369.53,368.94,370.88,368.53,369.1,367.63,351.54,0.1575,19400,3,0.98
123.0,368.07,368.63,368.97,369.48,368.88,370.83,368.48,369.04,367.58,351.66,0.1575,19400,3,0.98
124.0,368.13,368.61,368.9,369.45,368.84,370.79,368.43,368.98,367.57,351.72,0.1575,19400,3,0.98
125.0,368.18,368.55,368.83,369.39,368.79,370.74,368.38,368.92,367.51,351.74,0.1575,19400,3,0.98
126.0,368.19,368.49,368.77,369.32,368.74,370.67,368.33,368.84,367.42,351.75,0.1575,19400,3,0.98
127.0,368.26,368.41,368.7,369.27,368.67,370.62,368.24,368.77,367.32,351.72,0.1575,19400,3,0.98
128.0,368.35,368.37,368.61,369.22,368.59,370.56,368.13,368.69,367.22,351.71,0.1575,19400,3,0.98
129.0,368.4,368.35,368.56,369.16,368.55,370.49,368.05,368.59,367.17,351.72,0.1575,19400,3,0.98
130.0,368.42,368.33,368.52,369.1,368.49,370.44,367.99,368.52,367.12,351.7,0.1575,19400,3,0.98
131.0,368.43,368.32,368.49,369.04,368.43,370.38,367.93,368.44,367.09,351.68,0.1575,19400,3,0.98
132.0,368.42,368.29,368.44,368.97,368.39,370.31,367.88,368.34,367.03,351.68,0.1575,19400,3,0.98
133.0,368.42,368.26,368.41,368.93,368.35,370.26,367.83,368.28,366.95,351.68,0.1575,19400,3,0.98
134.0,368.41,368.23,368.37,368.88,368.3,370.21,367.77,368.24,366.89,351.72,0.1575,19400,3,0.98
135.0,368.41,368.21,368.33,368.83,368.25,370.15,367.73,368.21,366.83,351.76,0.1575,19400,3,0.98
136.0,368.39,368.17,368.28,368.78,368.19,370.09,367.67,368.15,366.73,351.73,0.1575,19400,3,0.98
137.0,368.38,368.13,368.22,368.74,368.12,370.04,367.6,368.1,366.66,351.68,0.1575,19400,3,0.98
138.0,368.36,368.11,368.19,368.7,368.09,369.99,367.55,368.02,366.65,351.64,0.1575,19400,3,0.98
139.0,368.35,368.07,368.16,368.66,368.04,369.92,367.47,367.93,366.59,351.59,0.1575,19400,3,0.98
140.0,368.33,368.05,368.12,368.62,367.99,369.88,367.4,367.87,366.52,351.55,0.1575,19400,3,0.98
141.0,368.32,368.04,368.08,368.58,367.96,369.83,367.34,367.8,366.47,351.5,0.1575,19400,3,0.98
142.0,368.29,368.0,368.06,368.54,367.92,369.77,367.32,367.75,366.44,351.5,0.1575,19400,3,0.98
143.0,368.27,367.97,368.02,368.49,367.87,369.71,367.29,367.67,366.41,351.5,0.1575,19400,3,0.98
144.0,368.25,367.96,368.0,368.44,367.83,369.66,367.25,367.66,366.4,351.5,0.1575,19400,3,0.98
145.0,368.25,367.92,367.96,368.42,367.78,369.63,367.18,367.63,366.33,351.52,0.1575,19400,3,0.98
146.0,368.24,367.9,367.91,368.37,367.71,369.58,367.12,367.58,366.29,351.53,0.1575,19400,3,0.98
147.0,368.22,367.9,367.89,368.34,367.68,369.53,367.08,367.58,366.27,351.48,0.1575,19400,3,0.98
148.0,368.2,367.88,367.86,368.31,367.64,369.49,367.01,367.55,366.27,351.37,0.1575,19400,3,0.98
149.0,368.17,367.89,367.84,368.27,367.6,369.43,367.0,367.49,366.24,351.21,0.1575,19400,3,0.98
150.0,368.14,367.88,367.82,368.24,367.56,369.38,366.97,367.44,366.21,351.06,0.1575,19400,3,0.98
151.0,368.11,367.86,367.8,368.21,367.54,369.35,366.93,367.4,366.16,350.97,0.1575,19400,3,0.98
152.0,368.09,367.85,367.78,368.18,367.51,369.31,366.89,367.42,366.11,350.89,0.1575,19400,3,0.98
153.0,368.06,367.85,367.75,368.14,367.46,369.26,366.85,367.39,366.06,350.82,0.1575,19400,3,0.98
154.0,368.03,367.84,367.75,368.14,367.44,369.24,366.77,367.32,366.05,350.67,0.1575,19400,3,0.98
155.0,367.98,367.82,367.72,368.11,367.38,369.18,366.62,367.31,366.07,350.47,0.1575,19400,3,0.98
156.0,367.95,367.81,367.69,368.07,367.35,369.12,366.54,367.29,366.11,350.32,0.1575,19400,3,0.98
157.0,367.92,367.8,367.67,368.05,367.33,369.05,366.48,367.25,366.15,350.17,0.1575,19400,3,0.98
158.0,367.89,367.78,367.65,368.01,367.29,368.98,366.43,367.24,366.16,350.03,0.1575,19400,3,0.98
159.0,367.85,367.77,367.61,367.98,367.26,368.91,366.4,367.22,366.15,349.9,0.1575,19400,3,0.98
160.0,367.82,367.76,367.59,367.94,367.21,368.84,366.4,367.2,366.14,349.77,0.1575,19400,3,0.98
161.0,367.77,367.74,367.56,367.91,367.13,368.8,366.41,367.22,366.15,349.66,0.1575,19400,3,0.98
162.0,367.71,367.71,367.54,367.83,367.08,368.74,366.4,367.21,366.14,349.55,0.1575,19400,3,0.98
163.0,367.63,367.54,367.42,367.74,366.98,368.69,366.43,367.19,366.09,349.5,0.1575,19400,3,0.98
164.0,367.57,367.36,367.33,367.66,366.9,368.66,366.43,367.17,366.09,349.57,0.1575,19400,3,0.98
165.0,367.5,367.27,367.28,367.6,366.86,368.64,366.41,367.13,366.05,349.63,0.1575,19400,3,0.98
166.0,367.46,367.2,367.22,367.56,366.83,368.63,366.4,367.09,366.02,349.68,0.1575,19400,3,0.98
167.0,367.42,367.14,367.16,367.52,366.79,368.6,366.36,367.03,365.95,349.72,0.1575,19400,3,0.98
168.0,367.38,367.08,367.12,367.47,366.76,368.58,366.34,366.98,365.89,349.77,0.1575,19400,3,0.98
169.0,367.36,367.05,367.08,367.44,366.73,368.55,366.31,366.9,365.81,349.84,0.1575,19400,3,0.98
170.0,367.36,367.02,367.05,367.41,366.71,368.53,366.27,366.85,365.74,349.9,0.1575,19400,3,0.98
171.0,367.36,366.99,367.02,367.37,366.69,368.5,366.25,366.81,365.69,349.95,0.1575,19400,3,0.98
172.0,367.35,366.93,366.95,367.34,366.63,368.46,366.18,366.77,365.5,349.91,0.1575,19400,3,0.98
173.0,367.31,366.88,366.89,367.31,366.6,368.44,366.1,366.72,365.32,349.82,0.1575,19400,3,0.98
174.0,367.31,366.86,366.87,367.29,366.59,368.42,366.06,366.63,365.2,349.71,0.1575,19400,3,0.98
175.0,367.28,366.84,366.83,367.27,366.56,368.39,366.04,366.56,365.1,349.62,0.1575,19400,3,0.98
176.0,367.28,366.83,366.81,367.24,366.54,368.35,366.03,366.49,365.01,349.53,0.1575,19400,3,0.98
177.0,367.25,366.82,366.8,367.21,366.52,368.32,366.01,366.43,364.96,349.43,0.1575,19400,3,0.98
178.0,367.23,366.8,366.77,367.19,366.49,368.28,365.98,366.38,364.91,349.26,0.1575,19400,3,0.98
179.0,367.19,366.78,366.73,367.17,366.46,368.25,365.94,366.31,364.88,349.07,0.1575,19400,3,0.98
180.0,367.17,366.77,366.72,367.14,366.44,368.22,365.91,366.28,364.8,348.87,0.1575,19400,3,0.98
181.0,367.14,366.76,366.69,367.13,366.4,368.19,365.9,366.3,364.63,348.54,0.1575,19400,3,0.98
182.0,367.1,366.74,366.67,367.11,366.36,368.17,365.89,366.32,364.57,348.26,0.1575,19400,3,0.98
183.0,367.07,366.73,366.65,367.1,366.35,368.13,365.89,366.35,364.57,348.13,0.1575,19400,3,0.98
184.0,367.06,366.72,366.63,367.08,366.32,368.09,365.86,366.37,364.58,348.04,0.1575,19400,3,0.98
185.0,367.04,366.71,366.62,367.05,366.27,368.07,365.84,366.34,364.6,347.95,0.1575,19400,3,0.98
186.0,367.02,366.7,366.61,366.99,366.21,368.03,365.81,366.25,364.62,347.87,0.1575,19400,3,0.98
187.0,366.99,366.69,366.6,366.94,366.16,368.0,365.78,366.13,364.66,347.76,0.1575,19400,3,0.98
188.0,366.97,366.69,366.59,366.91,366.12,367.96,365.73,366.03,364.66,347.64,0.1575,19400,3,0.98
189.0,366.94,366.67,366.58,366.88,366.07,367.92,365.65,365.95,364.65,347.52,0.1575,19400,3,0.98
190.0,366.86,366.61,366.53,366.82,365.97,367.85,365.51,365.91,364.62,347.28,0.1575,19400,3,0.98
191.0,366.77,366.5,366.44,366.73,365.88,367.78,365.43,365.94,364.65,347.22,0.1575,19400,3,0.98
192.0,366.74,366.43,366.38,366.69,365.84,367.72,365.43,365.93,364.68,347.3,0.1575,19400,3,0.98
193.0,366.72,366.37,366.32,366.63,365.81,367.69,365.42,365.91,364.68,347.41,0.1575,19400,3,0.98
194.0,366.69,366.31,366.26,366.6,365.77,367.66,365.37,365.89,364.66,347.52,0.1575,19400,3,0.98
195.0,366.67,366.27,366.23,366.55,365.76,367.62,365.35,365.88,364.65,347.66,0.1575,19400,3,0.98
196.0,366.64,366.22,366.18,366.52,365.72,367.6,365.34,365.88,364.65,347.8,0.1575,19400,3,0.98
197.0,366.62,366.17,366.13,366.49,365.7,367.58,365.31,365.87,364.64,347.92,0.1575,19400,3,0.98
198.0,366.61,366.14,366.1,366.46,365.69,367.55,365.28,365.82,364.66,347.99,0.1575,19400,3,0.98
199.0,366.59,366.1,366.05,366.43,365.66,367.52,365.25,365.79,364.62,348.07,0.1575,19400,3,0.98
200.0,366.56,366.05,365.99,366.38,365.63,367.48,365.2,365.76,364.53,348.18,0.1575,19400,3,0.98
201.0,366.54,366.03,365.96,366.35,365.59,367.45,365.18,365.72,364.46,348.27,0.1575,19400,3,0.98
202.0,366.51,366.0,365.93,366.32,365.57,367.42,365.15,365.68,364.4,348.34,0.1575,19400,3,0.98
203.0,366.5,365.98,365.9,366.31,365.56,367.4,365.13,365.65,364.35,348.37,0.1575,19400,3,0.98
204.0,366.49,365.96,365.87,366.28,365.53,367.38,365.1,365.58,364.29,348.4,0.1575,19400,3,0.98
205.0,366.47,365.93,365.86,366.26,365.53,367.35,365.08,365.5,364.26,348.41,0.1575,19400,3,0.98
206.0,366.45,365.93,365.83,366.23,365.51,367.32,365.05,365.41,364.23,348.38,0.1575,19400,3,0.98
207.0,366.44,365.9,365.8,366.21,365.5,367.29,365.02,365.33,364.21,348.33,0.1575,19400,3,0.98
208.0,366.42,365.89,365.78,366.19,365.47,367.26,364.98,365.29,364.15,348.21,0.1575,19400,3,0.98
209.0,366.39,365.87,365.75,366.17,365.44,367.24,364.92,365.24,364.14,348.08,0.1575,19400,3,0.98
210.0,366.37,365.86,365.73,366.16,365.43,367.22,364.91,365.22,364.13,347.98,0.1575,19400,3,0.98
211.0,366.36,365.85,365.72,366.14,365.41,367.19,364.91,365.21,364.08,347.87,0.1575,19400,3,0.98
212.0,366.35,365.85,365.7,366.09,365.39,367.16,364.89,365.22,363.99,347.72,0.1575,19400,3,0.98
213.0,366.33,365.83,365.68,366.01,365.34,367.14,364.89,365.26,363.88,347.58,0.1575,19400,3,0.98
214.0,366.31,365.83,365.66,365.93,365.29,367.11,364.88,365.3,363.83,347.43,0.1575,19400,3,0.98
215.0,366.27,365.81,365.63,365.87,365.23,367.09,364.88,365.33,363.84,347.28,0.1575,19400,3,0.98
216.0,366.25,365.8,365.62,365.8,365.16,367.06,364.89,365.38,363.89,347.13,0.1575,19400,3,0.98
217.0,366.22,365.76,365.58,365.75,365.06,367.03,364.9,365.39,363.97,346.98,0.1575,19400,3,0.98
218.0,366.15,365.69,365.5,365.67,364.95,366.98,364.9,365.41,364.0,346.88,0.1575,19400,3,0.98
219.0,366.1,365.64,365.44,365.61,364.91,366.95,364.91,365.42,364.01,346.83,0.1575,19400,3,0.98
220.0,366.05,365.6,365.37,365.56,364.86,366.94,364.9,365.45,364.02,346.75,0.1575,19400,3,0.98
221.0,365.98,365.54,365.31,365.5,364.81,366.91,364.89,365.45,364.0,346.61,0.1575,19400,3,0.98
222.0,365.93,365.47,365.26,365.47,364.78,366.9,364.88,365.44,363.97,346.43,0.1575,19400,3,0.98
223.0,365.88,365.4,365.21,365.43,364.76,366.89,364.87,365.44,363.89,346.28,0.1575,19400,3,0.98
224.0,365.84,365.33,365.18,365.39,364.75,366.87,364.85,365.41,363.81,346.17,0.1575,19400,3,0.98
225.0,365.78,365.27,365.14,365.37,364.73,366.85,364.81,365.33,363.71,346.09,0.1575,19400,3,0.98
226.0,365.71,365.2,365.07,365.35,364.72,366.82,364.68,365.25,363.58,346.12,0.1575,19400,3,0.98
227.0,365.62,365.1,365.02,365.32,364.7,366.78,364.57,365.16,363.58,346.36,0.1575,19400,3,0.98
228.0,365.58,365.04,364.98,365.32,364.68,366.73,364.49,365.07,363.6,346.54,0.1575,19400,3,0.98
229.0,365.56,365.0,364.95,365.3,364.67,366.68,364.42,364.99,363.62,346.73,0.1575,19400,3,0.98
230.0,365.54,364.96,364.92,365.27,364.64,366.63,364.36,364.91,363.55,346.84,0.1575,19400,3,0.98
231.0,365.52,364.94,364.89,365.26,364.61,366.6,364.32,364.86,363.52,346.96,0.1575,19400,3,0.98
232.0,365.5,364.92,364.86,365.23,364.58,366.55,364.26,364.8,363.51,347.11,0.1575,19400,3,0.98
233.0,365.48,364.89,364.83,365.2,364.57,366.51,364.22,364.76,363.51,347.25,0.1575,19400,3,0.98
234.0,365.47,364.89,364.81,365.18,364.54,366.47,364.19,364.72,363.49,347.35,0.1575,19400,3,0.98
235.0,365.44,364.86,364.77,365.16,364.49,366.42,364.14,364.69,363.49,347.51,0.1575,19400,3,0.98
236.0,365.43,364.84,364.74,365.13,364.46,366.38,364.07,364.65,363.47,347.67,0.1575,19400,3,0.98
237.0,365.4,364.81,364.7,365.1,364.42,366.33,364.02,364.59,363.41,347.72,0.1575,19400,3,0.98
238.0,365.38,364.8,364.68,365.09,364.39,366.29,363.99,364.55,363.33,347.69,0.1575,19400,3,0.98
239.0,365.37,364.79,364.67,365.06,364.37,366.26,363.96,364.49,363.26,347.61,0.1575,19400,3,0.98
240.0,365.33,364.76,364.63,365.03,364.34,366.22,363.93,364.46,363.19,347.47,0.1575,19400,3,0.98
241.0,365.31,364.75,364.61,365.01,364.31,366.18,363.9,364.39,363.11,347.32,0.1575,19400,3,0.98
242.0,365.3,364.74,364.6,364.98,364.29,366.13,363.84,364.28,362.97,347.12,0.1575,19400,3,0.98
243.0,365.28,364.73,364.57,364.96,364.27,366.1,363.81,364.2,362.81,346.9,0.1575,19400,3,0.98
244.0,365.26,364.72,364.56,364.94,364.24,366.06,363.75,364.13,362.53,346.49,0.1575,19400,3,0.98
245.0,365.24,364.7,364.54,364.92,364.21,366.03,363.68,364.04,362.15,346.07,0.1575,19400,3,0.98
246.0,365.23,364.69,364.53,364.9,364.19,366.0,363.62,363.94,361.95,345.77,0.1575,19400,3,0.98
247.0,365.21,364.68,364.51,364.88,364.16,365.96,363.56,363.87,361.76,345.54,0.1575,19400,3,0.98
248.0,365.19,364.67,364.49,364.86,364.13,365.92,363.51,363.85,361.56,345.38,0.1575,19400,3,0.98
249.0,365.16,364.65,364.47,364.84,364.1,365.88,363.45,363.81,361.42,345.23,0.1575,19400,3,0.98
250.0,365.15,364.64,364.46,364.83,364.08,365.84,363.41,363.81,361.38,345.12,0.1575,19400,3,0.98
251.0,365.13,364.63,364.44,364.81,364.05,365.81,363.38,363.8,361.4,345.0,0.1575,19400,3,0.98
252.0,365.12,364.6,364.43,364.78,364.02,365.79,363.35,363.74,361.45,344.88,0.1575,19400,3,0.98
253.0,365.08,364.56,364.4,364.76,363.98,365.76,363.23,363.61,361.39,344.66,0.1575,19400,3,0.98
254.0,365.07,364.54,364.38,364.73,363.93,365.73,363.2,363.52,361.15,344.37,0.1575,19400,3,0.98
255.0,365.06,364.53,364.37,364.7,363.89,365.7,363.23,363.52,361.03,344.12,0.1575,19400,3,0.98
256.0,365.04,364.5,364.33,364.67,363.84,365.68,363.2,363.55,360.99,343.91,0.1575,19400,3,0.98
257.0,365.02,364.46,364.3,364.62,363.81,365.63,363.14,363.54,361.03,343.85,0.1575,19400,3,0.98
258.0,364.99,364.41,364.26,364.58,363.79,365.59,363.1,363.52,361.15,343.9,0.1575,19400,3,0.98
259.0,364.96,364.38,364.25,364.56,363.77,365.56,363.06,363.48,361.32,344.01,0.1575,19400,3,0.98
260.0,364.94,364.36,364.23,364.52,363.74,365.52,363.05,363.45,361.49,344.14,0.1575,19400,3,0.98
261.0,364.9,364.31,364.19,364.49,363.71,365.48,363.05,363.44,361.65,344.26,0.1575,19400,3,0.98
262.0,364.85,364.24,364.13,364.42,363.64,365.43,363.02,363.43,361.81,344.36,0.1575,19400,3,0.98
263.0,364.8,364.19,364.07,364.37,363.58,365.39,362.94,363.38,361.92,344.45,0.1575,19400,3,0.98
264.0,364.77,364.15,364.05,364.32,363.54,365.35,362.92,363.34,361.87,344.53,0.1575,19400,3,0.98
265.0,364.73,364.1,364.0,364.27,363.51,365.3,362.93,363.33,361.82,344.65,0.1575,19400,3,0.98
266.0,364.7,364.07,363.96,364.25,363.48,365.28,362.93,363.34,361.83,344.77,0.1575,19400,3,0.98
267.0,364.67,364.04,363.93,364.2,363.45,365.26,362.92,363.34,361.88,344.89,0.1575,19400,3,0.98
268.0,364.65,364.0,363.89,364.17,363.43,365.23,362.91,363.35,361.93,345.01,0.1575,19400,3,0.98
269.0,364.61,363.97,363.87,364.14,363.4,365.21,362.87,363.37,361.95,345.1,0.1575,19400,3,0.98
270.0,364.6,363.95,363.83,364.1,363.37,365.18,362.85,363.39,362.0,345.11,0.1575,19400,3,0.98
271.0,364.56,363.92,363.79,364.07,363.34,365.15,362.84,363.42,362.07,345.02,0.1575,19400,3,0.98
272.0,364.53,363.89,363.73,364.05,363.3,365.13,362.82,363.48,362.13,344.94,0.1575,19400,3,0.98
273.0,364.5,363.87,363.7,364.03,363.27,365.1,362.81,363.47,362.1,344.86,0.1575,19400,3,0.98
274.0,364.48,363.85,363.68,364.0,363.24,365.06,362.81,363.4,362.09,344.77,0.1575,19400,3,0.98
275.0,364.47,363.84,363.65,363.99,363.2,365.0,362.8,363.36,362.1,344.6,0.1575,19400,3,0.98
276.0,364.44,363.82,363.63,363.98,363.16,364.93,362.78,363.36,362.09,344.42,0.1575,19400,3,0.98
277.0,364.42,363.79,363.61,363.97,363.11,364.85,362.75,363.36,362.08,344.22,0.1575,19400,3,0.98
278.0,364.38,363.77,363.57,363.95,363.04,364.79,362.7,363.34,362.05,344.03,0.1575,19400,3,0.98
279.0,364.33,363.74,363.52,363.92,362.97,364.74,362.66,363.31,361.99,343.87,0.1575,19400,3,0.98
280.0,364.26,363.67,363.44,363.91,362.92,364.71,362.61,363.31,361.89,343.79,0.1575,19400,3,0.98
281.0,364.14,363.49,363.35,363.86,362.91,364.7,362.58,363.28,361.81,343.87,0.1575,19400,3,0.98
282.0,364.04,363.38,363.31,363.81,362.9,364.69,362.53,363.2,361.78,344.0,0.1575,19400,3,0.98
283.0,363.97,363.31,363.27,363.75,362.87,364.67,362.49,363.14,361.72,344.18,0.1575,19400,3,0.98
284.0,363.91,363.24,363.22,363.7,362.84,364.65,362.47,363.11,361.71,344.35,0.1575,19400,3,0.98
285.0,363.87,363.2,363.19,363.64,362.82,364.64,362.45,363.06,361.73,344.54,0.1575,19400,3,0.98
286.0,363.83,363.16,363.14,363.59,362.8,364.62,362.4,363.02,361.74,344.7,0.1575,19400,3,0.98
287.0,363.8,363.13,363.11,363.55,362.78,364.59,362.36,362.99,361.73,344.81,0.1575,19400,3,0.98
288.0,363.75,363.09,363.07,363.51,362.75,364.58,362.31,362.92,361.69,344.92,0.1575,19400,3,0.98
289.0,363.71,363.06,363.02,363.47,362.7,364.55,362.27,362.85,361.61,345.03,0.1575,19400,3,0.98
290.0,363.67,363.03,362.99,363.43,362.66,364.52,362.21,362.8,361.47,345.04,0.1575,19400,3,0.98
291.0,363.66,363.02,362.96,363.4,362.66,364.5,362.2,362.78,361.41,345.1,0.1575,19400,3,0.98
292.0,363.64,363.01,362.94,363.38,362.63,364.46,362.17,362.74,361.39,345.18,0.1575,19400,3,0.98
293.0,363.63,362.99,362.91,363.34,362.6,364.43,362.11,362.68,361.36,345.25,0.1575,19400,3,0.98
294.0,363.61,362.98,362.89,363.32,362.58,364.4,362.08,362.59,361.33,345.29,0.1575,19400,3,0.98
295.0,363.6,362.97,362.87,363.3,362.56,364.35,362.06,362.48,361.29,345.3,0.1575,19400,3,0.98
296.0,363.59,362.95,362.86,363.27,362.54,364.3,362.04,362.41,361.26,345.3,0.1575,19400,3,0.98
297.0,363.58,362.95,362.84,363.23,362.52,364.24,362.01,362.36,361.22,345.26,0.1575,19400,3,0.98
298.0,363.56,362.94,362.81,363.21,362.49,364.22,361.94,362.31,361.14,345.15,0.1575,19400,3,0.98
299.0,363.56,362.93,362.79,363.18,362.46,364.17,361.87,362.16,361.02,345.0,0.1575,19400,3,0.98
300.0,363.54,362.93,362.78,363.16,362.44,364.12,361.79,362.04,360.91,344.86,0.1575,19400,3,0.98
301.0,363.53,362.92,362.77,363.15,362.43,364.1,361.74,361.99,360.81,344.73,0.1575,19400,3,0.98
302.0,363.52,362.91,362.75,363.13,362.42,364.03,361.67,361.96,360.74,344.58,0.1575,19400,3,0.98
303.0,363.5,362.86,362.73,363.11,362.4,363.95,361.61,361.97,360.7,344.45,0.1575,19400,3,0.98
304.0,363.48,362.83,362.73,363.1,362.38,363.9,361.59,362.02,360.7,344.34,0.1575,19400,3,0.98
305.0,363.44,362.8,362.71,363.1,362.36,363.86,361.58,362.09,360.7,344.24,0.1575,19400,3,0.98
306.0,363.41,362.77,362.71,363.1,362.36,363.82,361.58,362.13,360.7,344.13,0.1575,19400,3,0.98
307.0,363.33,362.7,362.68,363.09,362.33,363.78,361.59,362.16,360.69,343.91,0.1575,19400,3,0.98
308.0,363.22,362.59,362.64,363.09,362.31,363.76,361.6,362.17,360.66,343.73,0.1575,19400,3,0.98
309.0,363.12,362.49,362.59,363.06,362.27,363.75,361.58,362.19,360.66,343.69,0.1575,19400,3,0.98
310.0,363.03,362.42,362.53,363.01,362.25,363.73,361.56,362.19,360.67,343.68,0.1575,19400,3,0.98
311.0,362.95,362.35,362.48,362.97,362.21,363.72,361.55,362.19,360.67,343.6,0.1575,19400,3,0.98
312.0,362.87,362.29,362.43,362.91,362.18,363.7,361.53,362.19,360.65,343.5,0.1575,19400,3,0.98
313.0,362.81,362.24,362.39,362.86,362.14,363.71,361.54,362.17,360.61,343.45,0.1575,19400,3,0.98
314.0,362.79,362.19,362.35,362.81,362.09,363.7,361.52,362.07,360.57,343.45,0.1575,19400,3,0.98
315.0,362.76,362.18,362.3,362.79,362.07,363.69,361.48,362.03,360.54,343.47,0.1575,19400,3,0.98
316.0,362.74,362.17,362.25,362.76,362.01,363.69,361.4,361.97,360.49,343.6,0.1575,19400,3,0.98
317.0,362.73,362.16,362.21,362.71,361.96,363.67,361.34,361.94,360.42,343.76,0.1575,19400,3,0.98
318.0,362.73,362.15,362.18,362.67,361.93,363.64,361.3,361.85,360.39,343.88,0.1575,19400,3,0.98
319.0,362.72,362.13,362.15,362.64,361.9,363.63,361.28,361.77,360.34,344.0,0.1575,19400,3,0.98
320.0,362.72,362.11,362.12,362.6,361.87,363.58,361.26,361.76,360.29,344.06,0.1575,19400,3,0.98
321.0,362.72,362.1,362.11,362.56,361.84,363.54,361.24,361.71,360.25,344.08,0.1575,19400,3,0.98
322.0,362.71,362.09,362.07,362.54,361.8,363.51,361.22,361.72,360.17,344.09,0.1575,19400,3,0.98
323.0,362.7,362.06,362.05,362.51,361.77,363.47,361.21,361.72,360.15,344.04,0.1575,19400,3,0.98
324.0,362.7,362.05,362.02,362.47,361.73,363.43,361.18,361.69,360.13,343.78,0.1575,19400,3,0.98
325.0,362.69,362.04,361.99,362.44,361.68,363.39,361.12,361.64,360.04,343.36,0.1575,19400,3,0.98
326.0,362.67,362.03,361.98,362.41,361.65,363.36,361.09,361.57,359.94,343.09,0.1575,19400,3,0.98
327.0,362.67,362.01,361.94,362.38,361.61,363.32,361.04,361.5,359.8,342.84,0.1575,19400,3,0.98
328.0,362.66,362.0,361.93,362.35,361.58,363.28,361.01,361.44,359.63,342.64,0.1575,19400,3,0.98
329.0,362.65,361.99,361.92,362.33,361.57,363.26,360.99,361.4,359.49,342.49,0.1575,19400,3,0.98
330.0,362.64,361.98,361.89,362.3,361.52,363.24,360.95,361.4,359.39,342.36,0.1575,19400,3,0.98
331.0,362.63,361.97,361.87,362.24,361.5,363.2,360.94,361.42,359.36,342.25,0.1575,19400,3,0.98
332.0,362.61,361.96,361.84,362.18,361.44,363.18,360.87,361.37,359.38,342.1,0.1575,19400,3,0.98
333.0,362.59,361.95,361.8,362.11,361.39,363.16,360.8,361.34,359.37,342.05,0.1575,19400,3,0.98
334.0,362.54,361.89,361.76,362.06,361.35,363.14,360.77,361.32,359.42,342.15,0.1575,19400,3,0.98
335.0,362.49,361.81,361.73,362.04,361.31,363.11,360.74,361.25,359.46,342.32,0.1575,19400,3,0.98
336.0,362.46,361.76,361.7,362.02,361.3,363.1,360.72,361.2,359.45,342.43,0.1575,19400,3,0.98
337.0,362.43,361.74,361.68,362.01,361.28,363.06,360.69,361.13,359.44,342.54,0.1575,19400,3,0.98
338.0,362.4,361.71,361.65,361.99,361.25,363.03,360.63,361.02,359.39,342.6,0.1575,19400,3,0.98
339.0,362.36,361.69,361.62,361.97,361.23,362.99,360.58,360.97,359.4,342.63,0.1575,19400,3,0.98
340.0,362.33,361.66,361.58,361.96,361.2,362.96,360.5,360.91,359.35,342.65,0.1575,19400,3,0.98
341.0,362.31,361.63,361.56,361.93,361.18,362.92,360.48,360.89,359.34,342.71,0.1575,19400,3,0.98
342.0,362.29,361.61,361.52,361.9,361.15,362.88,360.5,360.91,359.34,342.78,0.1575,19400,3,0.98
343.0,362.27,361.56,361.49,361.88,361.12,362.84,360.49,360.93,359.35,342.91,0.1575,19400,3,0.98
344.0,362.23,361.52,361.44,361.85,361.08,362.8,360.47,360.94,359.32,343.01,0.1575,19400,3,0.98
345.0,362.2,361.49,361.41,361.81,361.05,362.77,360.44,360.95,359.27,343.02,0.1575,19400,3,0.98
346.0,362.18,361.47,361.4,361.77,361.02,362.75,360.42,360.94,359.23,342.99,0.1575,19400,3,0.98
347.0,362.15,361.45,361.38,361.74,361.0,362.73,360.39,360.9,359.14,342.94,0.1575,19400,3,0.98
348.0,362.12,361.42,361.35,361.72,360.98,362.71,360.38,360.86,359.04,342.87,0.1575,19400,3,0.98
349.0,362.11,361.41,361.35,361.7,360.97,362.7,360.38,360.84,358.91,342.75,0.1575,19400,3,0.98
350.0,362.09,361.39,361.34,361.7,360.96,362.69,360.36,360.83,358.79,342.61,0.1575,19400,3,0.98
351.0,362.06,361.38,361.32,361.67,360.94,362.67,360.3,360.81,358.64,342.44,0.1575,19400,3,0.98
352.0,362.04,361.37,361.27,361.65,360.91,362.66,360.2,360.78,358.39,342.14,0.1575,19400,3,0.98
353.0,362.01,361.34,361.22,361.61,360.85,362.61,360.17,360.67,358.23,341.78,0.1575,19400,3,0.98
354.0,362.0,361.29,361.18,361.57,360.8,362.55,360.15,360.58,358.22,341.61,0.1575,19400,3,0.98
355.0,361.97,361.24,361.14,361.51,360.75,362.46,360.13,360.49,358.29,341.51,0.1575,19400,3,0.98
356.0,361.95,361.19,361.1,361.46,360.68,362.39,360.07,360.45,358.44,341.48,0.1575,19400,3,0.98
357.0,361.9,361.15,361.07,361.43,360.64,362.35,360.01,360.42,358.56,341.52,0.1575,19400,3,0.98
358.0,361.87,361.12,361.03,361.38,360.6,362.3,359.95,360.36,358.68,341.58,0.1575,19400,3,0.98
359.0,361.82,361.08,360.99,361.33,360.57,362.27,359.93,360.31,358.74,341.67,0.1575,19400,3,0.98
360.0,361.78,361.04,360.97,361.28,360.53,362.24,359.92,360.34,358.78,341.77,0.1575,19400,3,0.98
361.0,361.73,360.99,360.92,361.25,360.48,362.21,359.9,360.3,358.82,341.87,0.1575,19400,3,0.98
362.0,361.68,360.94,360.87,361.21,360.44,362.18,359.86,360.3,358.82,341.91,0.1575,19400,3,0.98
363.0,361.65,360.91,360.84,361.16,360.42,362.14,359.83,360.28,358.82,341.94,0.1575,19400,3,0.98
364.0,361.63,360.88,360.81,361.15,360.38,362.12,359.76,360.25,358.79,341.95,0.1575,19400,3,0.98
365.0,361.59,360.86,360.79,361.11,360.35,362.08,359.72,360.22,358.77,341.92,0.1575,19400,3,0.98
366.0,361.55,360.82,360.75,361.07,360.31,362.05,359.67,360.19,358.72,341.87,0.1575,19400,3,0.98
367.0,361.52,360.81,360.73,361.03,360.3,362.01,359.63,360.11,358.67,341.87,0.1575,19400,3,0.98
368.0,361.51,360.77,360.7,360.99,360.28,361.98,359.58,360.02,358.6,341.85,0.1575,19400,3,0.98
369.0,361.47,360.74,360.67,360.97,360.25,361.95,359.55,360.01,358.58,341.85,0.1575,19400,3,0.98
370.0,361.41,360.69,360.63,360.96,360.21,361.91,359.52,360.04,358.5,341.83,0.1575,19400,3,0.98
371.0,361.38,360.67,360.59,360.93,360.18,361.9,359.53,360.07,358.47,341.78,0.1575,19400,3,0.98
372.0,361.35,360.65,360.57,360.92,360.14,361.88,359.53,360.11,358.46,341.68,0.1575,19400,3,0.98
373.0,361.33,360.63,360.55,360.9,360.12,361.86,359.54,360.13,358.47,341.54,0.1575,19400,3,0.98
374.0,361.3,360.6,360.52,360.88,360.09,361.85,359.53,360.14,358.47,341.39,0.1575,19400,3,0.98
375.0,361.29,360.58,360.49,360.86,360.06,361.84,359.53,360.12,358.45,341.23,0.1575,19400,3,0.98
376.0,361.27,360.56,360.47,360.84,360.03,361.8,359.56,360.12,358.42,341.05,0.1575,19400,3,0.98
377.0,361.25,360.54,360.45,360.82,360.02,361.78,359.57,360.14,358.42,340.85,0.1575,19400,3,0.98
378.0,361.21,360.51,360.44,360.8,360.0,361.74,359.59,360.16,358.4,340.6,0.1575,19400,3,0.98
379.0,361.16,360.48,360.4,360.79,359.98,361.72,359.59,360.17,358.38,340.24,0.1575,19400,3,0.98
380.0,361.08,360.45,360.37,360.78,359.97,361.69,359.61,360.14,358.36,339.97,0.1575,19400,3,0.98
381.0,361.0,360.42,360.34,360.76,359.95,361.67,359.6,360.15,358.34,339.84,0.1575,19400,3,0.98
382.0,360.93,360.37,360.31,360.74,359.94,361.66,359.55,360.16,358.35,339.75,0.1575,19400,3,0.98
383.0,360.86,360.35,360.27,360.72,359.95,361.66,359.46,360.16,358.34,339.67,0.1575,19400,3,0.98
384.0,360.77,360.28,360.21,360.69,359.94,361.65,359.32,360.1,358.32,339.57,0.1575,19400,3,0.98
385.0,360.69,360.16,360.13,360.68,359.93,361.65,359.32,360.05,358.33,339.44,0.1575,19400,3,0.98
386.0,360.57,360.0,360.06,360.63,359.9,361.62,359.32,359.96,358.33,339.38,0.1575,19400,3,0.98
387.0,360.53,359.9,360.0,360.55,359.87,361.59,359.29,359.89,358.34,339.44,0.1575,19400,3,0.98
388.0,360.5,359.83,359.94,360.5,359.81,361.55,359.25,359.82,358.35,339.68,0.1575,19400,3,0.98
389.0,360.48,359.8,359.9,360.44,359.74,361.5,359.19,359.78,358.37,339.95,0.1575,19400,3,0.98
390.0,360.47,359.78,359.87,360.39,359.69,361.45,359.16,359.74,358.36,340.09,0.1575,19400,3,0.98
391.0,360.46,359.77,359.84,360.34,359.65,361.4,359.14,359.7,358.31,340.19,0.1575,19400,3,0.98
392.0,360.46,359.77,359.81,360.32,359.61,361.37,359.09,359.68,358.24,340.26,0.1575,19400,3,0.98
393.0,360.44,359.76,359.78,360.26,359.57,361.33,359.05,359.61,358.17,340.28,0.1575,19400,3,0.98
394.0,360.44,359.75,359.76,360.22,359.53,361.28,359.0,359.53,358.11,340.31,0.1575,19400,3,0.98
395.0,360.43,359.74,359.73,360.18,359.49,361.24,358.96,359.47,358.07,340.36,0.1575,19400,3,0.98
396.0,360.43,359.71,359.7,360.14,359.46,361.22,358.92,359.42,358.05,340.44,0.1575,19400,3,0.98
397.0,360.41,359.7,359.66,360.11,359.4,361.18,358.86,359.39,358.0,340.58,0.1575,19400,3,0.98
398.0,360.39,359.68,359.62,360.06,359.35,361.14,358.85,359.38,357.97,340.69,0.1575,19400,3,0.98
399.0,360.38,359.67,359.6,360.05,359.33,361.12,358.84,359.36,357.98,340.7,0.1575,19400,3,0.98
400.0,360.37,359.65,359.58,360.03,359.29,361.09,358.83,359.37,358.01,340.59,0.1575,19400,3,0.98
401.0,360.35,359.64,359.55,360.0,359.25,361.07,358.82,359.34,358.04,340.36,0.1575,19400,3,0.98
402.0,360.34,359.63,359.53,359.96,359.23,361.05,358.8,359.33,358.04,340.03,0.1575,19400,3,0.98
403.0,360.33,359.61,359.5,359.93,359.2,361.02,358.79,359.35,357.99,339.62,0.1575,19400,3,0.98
404.0,360.32,359.61,359.49,359.9,359.19,361.0,358.79,359.35,357.93,339.19,0.1575,19400,3,0.98
405.0,360.3,359.61,359.48,359.87,359.16,360.98,358.74,359.35,357.81,338.74,0.1575,19400,3,0.98
406.0,360.26,359.58,359.46,359.84,359.13,360.97,358.61,359.32,357.59,338.14,0.1575,19400,3,0.98
407.0,360.18,359.56,359.43,359.81,359.1,360.95,358.53,359.29,357.49,337.55,0.1575,19400,3,0.98
408.0,360.14,359.51,359.41,359.78,359.07,360.92,358.49,359.26,357.48,337.16,0.1575,19400,3,0.98
409.0,360.07,359.45,359.38,359.75,359.05,360.89,358.44,359.21,357.41,336.77,0.1575,19400,3,0.98
410.0,360.03,359.41,359.35,359.71,359.02,360.85,358.44,359.17,357.35,336.44,0.1575,19400,3,0.98
411.0,360.0,359.37,359.32,359.68,358.99,360.83,358.45,359.2,357.31,336.15,0.1575,19400,3,0.98
412.0,359.96,359.3,359.29,359.64,358.95,360.8,358.47,359.21,357.29,335.89,0.1575,19400,3,0.98
413.0,359.92,359.24,359.25,359.62,358.91,360.79,358.49,359.23,357.31,335.66,0.1575,19400,3,0.98
414.0,359.87,359.19,359.18,359.57,358.9,360.76,358.51,359.25,357.34,335.46,0.1575,19400,3,0.98
415.0,359.77,359.09,359.09,359.52,358.86,360.72,358.52,359.26,357.37,335.13,0.1575,19400,3,0.98
416.0,359.69,358.98,359.01,359.48,358.83,360.69,358.52,359.26,357.36,334.74,0.1575,19400,3,0.98
417.0,359.64,358.9,358.95,359.45,358.81,360.66,358.51,359.24,357.32,334.5,0.1575,19400,3,0.98
418.0,359.58,358.86,358.91,359.41,358.79,360.63,358.51,359.19,357.26,334.27,0.1575,19400,3,0.98
419.0,359.51,358.81,358.88,359.39,358.77,360.58,358.49,359.14,357.19,334.08,0.1575,19400,3,0.98
420.0,359.46,358.76,358.86,359.37,358.76,360.56,358.46,359.08,357.12,333.89,0.1575,19400,3,0.98
421.0,359.41,358.71,358.83,359.35,358.73,360.53,358.42,359.02,357.05,333.66,0.1575,19400,3,0.98
422.0,359.38,358.66,358.81,359.32,358.71,360.49,358.37,358.95,356.98,333.4,0.1575,19400,3,0.98
423.0,359.36,358.65,358.77,359.3,358.68,360.46,358.31,358.91,356.85,333.0,0.1575,19400,3,0.98
424.0,359.36,358.64,358.74,359.29,358.64,360.43,358.25,358.86,356.69,332.59,0.1575,19400,3,0.98
425.0,359.36,358.64,358.71,359.26,358.61,360.39,358.23,358.85,356.59,332.37,0.1575,19400,3,0.98
426.0,359.37,358.67,358.68,359.24,358.58,360.37,358.2,358.83,356.5,332.17,0.1575,19400,3,0.98
427.0,359.39,358.71,358.68,359.22,358.56,360.34,358.18,358.83,356.42,332.02,0.1575,19400,3,0.98
428.0,359.39,358.73,358.63,359.19,358.52,360.32,358.16,358.82,356.36,331.87,0.1575,19400,3,0.98
429.0,359.39,358.73,358.61,359.15,358.48,360.28,358.15,358.81,356.29,331.71,0.1575,19400,3,0.98
430.0,359.41,358.78,358.62,359.17,358.48,360.3,358.28,359.01,356.33,331.59,0.1575,19400,3,0.98
431.0,359.48,358.9,358.67,359.21,358.49,360.33,358.45,359.24,356.47,331.52,0.1575,19400,3,0.98
432.0,359.55,359.03,358.74,359.29,358.53,360.38,358.65,359.43,356.65,331.53,0.1575,19400,3,0.98
433.0,359.65,359.22,358.84,359.39,358.62,360.46,358.9,359.61,356.93,331.67,0.1575,19400,3,0.98
434.0,359.74,359.41,358.95,359.46,358.72,360.51,359.15,359.73,357.2,331.87,0.1575,19400,3,0.98
435.0,359.82,359.51,359.03,359.54,358.81,360.56,359.24,359.88,357.38,332.0,0.1575,19400,3,0.98
436.0,359.9,359.61,359.11,359.67,358.9,360.61,359.3,360.02,357.55,332.11,0.1575,19400,3,0.98
437.0,359.95,359.7,359.18,359.76,358.98,360.66,359.38,360.13,357.69,332.19,0.1575,19400,3,0.98
438.0,360.01,359.78,359.25,359.86,359.07,360.71,359.46,360.24,357.81,332.27,0.1575,19400,3,0.98
439.0,360.05,359.85,359.31,359.97,359.15,360.76,359.54,360.29,357.93,332.33,0.1575,19400,3,0.98
440.0,360.09,359.92,359.38,360.06,359.24,360.8,359.62,360.24,358.05,332.38,0.1575,19400,3,0.98
441.0,360.12,359.98,359.43,360.13,359.31,360.85,359.67,360.21,358.16,332.42,0.1575,19400,3,0.98
442.0,360.18,360.08,359.51,360.23,359.45,360.93,359.76,360.22,358.29,332.47,0.1575,19400,3,0.98
443.0,360.25,360.18,359.57,360.32,359.56,361.03,359.89,360.28,358.34,332.59,0.1575,19400,3,0.98
444.0,360.3,360.23,359.63,360.4,359.64,361.14,359.99,360.36,358.36,332.74,0.1575,19400,3,0.98
445.0,360.36,360.27,359.69,360.47,359.7,361.22,360.1,360.44,358.39,332.9,0.1575,19400,3,0.98
446.0,360.41,360.28,359.74,360.53,359.72,361.27,360.22,360.53,358.43,333.04,0.1575,19400,3,0.98
447.0,360.45,360.31,359.79,360.6,359.71,361.31,360.32,360.66,358.51,333.2,0.1575,19400,3,0.98
448.0,360.49,360.32,359.83,360.64,359.71,361.32,360.35,360.75,358.55,333.37,0.1575,19400,3,0.98
449.0,360.51,360.32,359.87,360.69,359.71,361.33,360.34,360.79,358.56,333.54,0.1575,19400,3,0.98
450.0,360.53,360.29,359.91,360.74,359.73,361.33,360.36,360.73,358.59,333.72,0.1575,19400,3,0.98
451.0,360.52,360.18,359.96,360.78,359.78,361.36,360.27,360.65,358.7,333.97,0.1575,19400,3,0.98
452.0,360.52,360.08,359.97,360.82,359.85,361.38,360.1,360.54,358.82,334.23,0.1575,19400,3,0.98
453.0,360.51,360.06,359.96,360.86,359.9,361.42,360.01,360.42,358.88,334.39,0.1575,19400,3,0.98
454.0,360.51,360.05,359.95,360.87,359.95,361.45,359.97,360.37,358.97,334.56,0.1575,19400,3,0.98
455.0,360.54,360.08,359.91,360.88,359.99,361.46,360.02,360.33,359.06,334.71,0.1575,19400,3,0.98
456.0,360.58,360.11,359.88,360.87,360.0,361.48,360.08,360.28,359.14,334.84,0.1575,19400,3,0.98
457.0,360.61,360.15,359.85,360.86,360.0,361.5,360.1,360.28,359.18,334.94,0.1575,19400,3,0.98
458.0,360.65,360.16,359.83,360.85,359.97,361.48,360.11,360.33,359.21,335.01,0.1575,19400,3,0.98
459.0,360.69,360.11,359.83,360.82,359.96,361.47,360.13,360.46,359.23,335.06,0.1575,19400,3,0.98
460.0,360.75,360.03,359.82,360.79,359.88,361.46,360.2,360.61,359.28,335.13,0.1575,19400,3,0.98
461.0,360.82,360.0,359.82,360.76,359.79,361.45,360.27,360.65,359.28,335.21,0.1575,19400,3,0.98
462.0,360.86,360.0,359.82,360.73,359.74,361.46,360.32,360.61,359.27,335.28,0.1575,19400,3,0.98
463.0,360.88,360.02,359.82,360.69,359.69,361.46,360.33,360.52,359.27,335.35,0.1575,19400,3,0.98
464.0,360.91,360.06,359.81,360.66,359.67,361.48,360.32,360.47,359.25,335.43,0.1575,19400,3,0.98
465.0,360.93,360.07,359.8,360.62,359.64,361.48,360.31,360.43,359.2,335.53,0.1575,19400,3,0.98
466.0,360.94,360.08,359.8,360.59,359.64,361.47,360.3,360.4,359.14,335.66,0.1575,19400,3,0.98
467.0,360.91,360.09,359.81,360.59,359.64,361.45,360.29,360.36,359.08,335.8,0.1575,19400,3,0.98
468.0,360.89,360.08,359.79,360.58,359.65,361.45,360.27,360.31,358.95,336.04,0.1575,19400,3,0.98
469.0,360.89,360.09,359.77,360.6,359.67,361.44,360.23,360.24,358.82,336.26,0.1575,19400,3,0.98
470.0,360.9,360.09,359.77,360.63,359.7,361.47,360.22,360.16,358.72,336.41,0.1575,19400,3,0.98
471.0,360.92,360.09,359.75,360.67,359.73,361.51,360.19,360.13,358.61,336.52,0.1575,19400,3,0.98
472.0,360.95,360.09,359.76,360.68,359.78,361.54,360.19,360.11,358.5,336.63,0.1575,19400,3,0.98
473.0,360.98,360.1,359.76,360.71,359.83,361.57,360.2,360.09,358.43,336.7,0.1575,19400,3,0.98
474.0,361.01,360.11,359.75,360.72,359.87,361.57,360.23,360.1,358.39,336.77,0.1575,19400,3,0.98
475.0,361.04,360.12,359.74,360.72,359.9,361.55,360.29,360.15,358.39,336.85,0.1575,19400,3,0.98
476.0,361.08,360.12,359.72,360.71,359.92,361.56,360.33,360.24,358.4,336.91,0.1575,19400,3,0.98
477.0,361.12,360.1,359.68,360.69,359.93,361.54,360.34,360.4,358.42,336.97,0.1575,19400,3,0.98
478.0,361.15,360.11,359.65,360.67,359.94,361.51,360.28,360.54,358.45,337.12,0.1575,19400,3,0.98
479.0,361.16,360.11,359.63,360.65,359.95,361.46,360.18,360.61,358.49,337.29,0.1575,19400,3,0.98
480.0,361.15,360.1,359.63,360.64,359.95,361.43,360.13,360.61,358.54,337.42,0.1575,19400,3,0.98
481.0,361.15,360.11,359.64,360.6,359.97,361.41,360.11,360.56,358.61,337.56,0.1575,19400,3,0.98
482.0,361.15,360.13,359.64,360.6,359.98,361.42,360.11,360.51,358.67,337.68,0.1575,19400,3,0.98
483.0,361.15,360.17,359.64,360.59,359.99,361.42,360.13,360.47,358.75,337.78,0.1575,19400,3,0.98
484.0,361.12,360.2,359.64,360.59,359.99,361.41,360.12,360.42,358.78,337.85,0.1575,19400,3,0.98
485.0,361.07,360.18,359.63,360.6,359.99,361.4,360.08,360.38,358.81,337.91,0.1575,19400,3,0.98
486.0,361.04,360.16,359.64,360.6,360.0,361.43,360.08,360.46,358.85,338.01,0.1575,19400,3,0.98
487.0,360.98,360.1,359.65,360.61,360.02,361.45,360.16,360.55,358.9,338.19,0.1575,19400,3,0.98
488.0,360.95,360.08,359.68,360.63,360.05,361.49,360.22,360.52,358.95,338.41,0.1575,19400,3,0.98
489.0,360.95,360.07,359.68,360.65,360.06,361.53,360.26,360.41,358.97,338.55,0.1575,19400,3,0.98
490.0,360.93,360.08,359.7,360.64,360.07,361.56,360.31,360.39,359.01,338.69,0.1575,19400,3,0.98
491.0,360.9,360.08,359.71,360.63,360.08,361.6,360.36,360.45,359.02,338.85,0.1575,19400,3,0.98
492.0,360.8,360.09,359.75,360.62,360.09,361.65,360.4,360.54,359.01,339.01,0.1575,19400,3,0.98
493.0,360.7,360.07,359.76,360.6,360.09,361.67,360.41,360.59,359.0,339.19,0.1575,19400,3,0.98
494.0,360.61,360.05,359.79,360.54,360.08,361.64,360.35,360.67,358.97,339.35,0.1575,19400,3,0.98
495.0,360.55,360.02,359.79,360.53,360.05,361.59,360.24,360.71,358.97,339.5,0.1575,19400,3,0.98
496.0,360.54,360.01,359.8,360.5,359.99,361.54,360.11,360.68,359.03,339.71,0.1575,19400,3,0.98
497.0,360.56,359.97,359.82,360.49,359.88,361.52,360.02,360.65,359.08,339.93,0.1575,19400,3,0.98
498.0,360.57,359.91,359.84,360.47,359.81,361.45,359.99,360.63,359.1,340.05,0.1575,19400,3,0.98
499.0,360.57,359.86,359.86,360.43,359.73,361.4,359.97,360.61,359.08,340.19,0.1575,19400,3,0.98
500.0,360.54,359.81,359.88,360.41,359.67,361.35,359.89,360.59,359.05,340.31,0.1575,19400,3,0.98
501.0,360.51,359.78,359.87,360.38,359.61,361.31,359.83,360.6,359.03,340.43,0.1575,19400,3,0.98
502.0,360.48,359.75,359.85,360.33,359.57,361.28,359.78,360.61,359.01,340.55,0.1575,19400,3,0.98
503.0,360.48,359.76,359.82,360.29,359.53,361.25,359.73,360.62,358.99,340.66,0.1575,19400,3,0.98
504.0,360.51,359.77,359.79,360.27,359.49,361.23,359.72,360.62,358.96,340.82,0.1575,19400,3,0.98
505.0,360.56,359.78,359.74,360.25,359.46,361.19,359.73,360.59,358.97,340.97,0.1575,19400,3,0.98
506.0,360.6,359.79,359.72,360.25,359.45,361.16,359.75,360.55,359.0,341.03,0.1575,19400,3,0.98
507.0,360.63,359.81,359.69,360.25,359.44,361.14,359.76,360.52,359.08,341.1,0.1575,19400,3,0.98
508.0,360.64,359.81,359.65,360.26,359.44,361.11,359.77,360.51,359.16,341.15,0.1575,19400,3,0.98
509.0,360.64,359.79,359.59,360.25,359.42,361.11,359.76,360.48,359.23,341.19,0.1575,19400,3,0.98
510.0,360.63,359.75,359.54,360.27,359.42,361.13,359.79,360.44,359.31,341.24,0.1575,19400,3,0.98
511.0,360.63,359.72,359.51,360.28,359.43,361.14,359.82,360.4,359.36,341.32,0.1575,19400,3,0.98
512.0,360.62,359.68,359.48,360.27,359.46,361.16,359.84,360.36,359.41,341.38,0.1575,19400,3,0.98
513.0,360.59,359.67,359.44,360.27,359.48,361.19,359.84,360.32,359.45,341.44,0.1575,19400,3,0.98
514.0,360.5,359.62,359.42,360.26,359.56,361.2,359.83,360.23,359.5,341.54,0.1575,19400,3,0.98
515.0,360.41,359.55,359.39,360.25,359.6,361.21,359.81,360.18,359.43,341.67,0.1575,19400,3,0.98
516.0,360.35,359.5,359.36,360.24,359.61,361.19,359.82,360.12,359.36,341.76,0.1575,19400,3,0.98
517.0,360.3,359.43,359.34,360.24,359.63,361.17,359.85,360.08,359.28,341.83,0.1575,19400,3,0.98
518.0,360.27,359.37,359.32,360.25,359.63,361.15,359.89,360.08,359.21,341.9,0.1575,19400,3,0.98
519.0,360.29,359.34,359.28,360.24,359.65,361.13,359.94,360.13,359.16,341.94,0.1575,19400,3,0.98
520.0,360.31,359.31,359.24,360.21,359.65,361.11,359.98,360.23,359.11,341.95,0.1575,19400,3,0.98
521.0,360.34,359.31,359.23,360.18,359.67,361.09,360.02,360.25,359.08,341.96,0.1575,19400,3,0.98
522.0,360.37,359.33,359.21,360.16,359.67,361.08,360.03,360.2,358.96,341.95,0.1575,19400,3,0.98
523.0,360.42,359.34,359.18,360.12,359.68,361.06,360.03,360.1,358.8,341.94,0.1575,19400,3,0.98
524.0,360.45,359.38,359.15,360.08,359.69,361.07,360.04,360.02,358.71,341.97,0.1575,19400,3,0.98
525.0,360.46,359.41,359.15,360.04,359.7,361.07,360.04,359.97,358.65,342.0,0.1575,19400,3,0.98
526.0,360.45,359.42,359.15,360.03,359.7,361.08,360.04,359.87,358.59,342.03,0.1575,19400,3,0.98
527.0,360.45,359.42,359.15,360.02,359.71,361.1,360.01,359.78,358.58,342.06,0.1575,19400,3,0.98
528.0,360.4,359.37,359.18,360.02,359.71,361.11,360.02,359.79,358.59,342.09,0.1575,19400,3,0.98
529.0,360.37,359.31,359.19,360.03,359.71,361.12,360.02,359.81,358.59,342.11,0.1575,19400,3,0.98
530.0,360.34,359.29,359.21,360.03,359.69,361.13,360.02,359.8,358.6,342.12,0.1575,19400,3,0.98
531.0,360.26,359.3,359.19,360.03,359.65,361.15,360.05,359.86,358.58,342.14,0.1575,19400,3,0.98
532.0,360.16,359.28,359.15,360.03,359.63,361.15,360.09,359.95,358.56,342.17,0.1575,19400,3,0.98
533.0,360.08,359.28,359.09,359.99,359.62,361.17,360.12,360.11,358.55,342.18,0.1575,19400,3,0.98
534.0,360.03,359.29,359.03,359.95,359.59,361.18,360.13,360.25,358.54,342.18,0.1575,19400,3,0.98
535.0,360.04,359.27,358.99,359.9,359.58,361.17,360.14,360.38,358.56,342.19,0.1575,19400,3,0.98
536.0,360.04,359.23,358.97,359.85,359.56,361.19,360.12,360.46,358.6,342.2,0.1575,19400,3,0.98
537.0,360.02,359.15,358.96,359.83,359.53,361.2,360.07,360.43,358.65,342.21,0.1575,19400,3,0.98
538.0,359.99,359.07,358.96,359.81,359.5,361.2,360.03,360.38,358.72,342.23,0.1575,19400,3,0.98
539.0,359.95,358.97,358.96,359.82,359.46,361.2,359.98,360.35,358.8,342.24,0.1575,19400,3,0.98
540.0,359.91,358.89,358.98,359.8,359.44,361.2,359.94,360.3,358.87,342.26,0.1575,19400,3,0.98
541.0,359.79,358.76,359.02,359.79,359.41,361.19,359.93,360.25,358.94,342.3,0.1575,19400,3,0.98
542.0,359.68,358.63,359.07,359.77,359.39,361.19,359.97,360.21,358.99,342.34,0.1575,19400,3,0.98
543.0,359.61,358.58,359.07,359.74,359.37,361.17,359.99,360.14,358.98,342.37,0.1575,19400,3,0.98
544.0,359.58,358.57,359.06,359.71,359.34,361.15,359.97,360.03,358.95,342.44,0.1575,19400,3,0.98
545.0,359.56,358.56,359.01,359.68,359.33,361.14,359.93,359.94,358.89,342.53,0.1575,19400,3,0.98
546.0,359.55,358.54,358.94,359.66,359.31,361.14,359.89,359.91,358.84,342.63,0.1575,19400,3,0.98
547.0,359.56,358.49,358.88,359.65,359.3,361.13,359.86,359.9,358.82,342.72,0.1575,19400,3,0.98
548.0,359.59,358.46,358.84,359.65,359.28,361.14,359.85,359.87,358.8,342.79,0.1575,19400,3,0.98
549.0,359.61,358.44,358.8,359.64,359.26,361.15,359.81,359.8,358.73,342.82,0.1575,19400,3,0.98
550.0,359.68,358.48,358.79,359.65,359.24,361.16,359.76,359.71,358.65,342.86,0.1575,19400,3,0.98
551.0,359.67,358.49,358.8,359.67,359.23,361.16,359.7,359.63,358.62,342.86,0.1575,19400,3,0.98
552.0,359.65,358.49,358.81,359.67,359.24,361.16,359.67,359.6,358.63,342.85,0.1575,19400,3,0.98
553.0,359.6,358.48,358.82,359.68,359.22,361.18,359.62,359.58,358.67,342.85,0.1575,19400,3,0.98
554.0,359.54,358.47,358.83,359.69,359.21,361.18,359.54,359.63,358.67,342.82,0.1575,19400,3,0.98
555.0,359.47,358.45,358.84,359.69,359.2,361.2,359.5,359.71,358.66,342.82,0.1575,19400,3,0.98
556.0,359.41,358.42,358.85,359.68,359.18,361.21,359.52,359.75,358.64,342.84,0.1575,19400,3,0.98
557.0,359.37,358.4,358.86,359.68,359.16,361.22,359.51,359.77,358.59,342.87,0.1575,19400,3,0.98
558.0,359.35,358.41,358.87,359.66,359.14,361.2,359.46,359.77,358.57,342.89,0.1575,19400,3,0.98
559.0,359.31,358.44,358.9,359.65,359.13,361.17,359.44,359.81,358.48,342.89,0.1575,19400,3,0.98
560.0,359.29,358.5,358.93,359.64,359.11,361.16,359.5,359.85,358.33,342.89,0.1575,19400,3,0.98
561.0,359.29,358.54,358.95,359.59,359.11,361.14,359.55,359.9,358.23,342.91,0.1575,19400,3,0.98
562.0,359.28,358.6,358.96,359.55,359.11,361.13,359.56,360.02,358.19,342.94,0.1575,19400,3,0.98
563.0,359.28,358.64,358.95,359.52,359.09,361.11,359.57,360.12,358.21,342.97,0.1575,19400,3,0.98
564.0,359.31,358.67,358.96,359.51,359.08,361.09,359.61,360.11,358.28,342.99,0.1575,19400,3,0.98
565.0,359.31,358.65,358.97,359.51,359.07,361.05,359.69,360.09,358.38,343.01,0.1575,19400,3,0.98
566.0,359.29,358.61,358.99,359.52,359.06,361.02,359.79,360.1,358.45,343.01,0.1575,19400,3,0.98
567.0,359.27,358.47,358.98,359.54,359.08,361.01,359.91,360.12,358.46,343.02,0.1575,19400,3,0.98
568.0,359.24,358.34,358.99,359.53,359.1,360.97,360.0,360.18,358.43,343.06,0.1575,19400,3,0.98
569.0,359.19,358.23,358.97,359.52,359.11,360.95,360.03,360.26,358.38,343.12,0.1575,19400,3,0.98
570.0,359.14,358.16,358.97,359.52,359.12,360.93,360.06,360.31,358.31,343.18,0.1575,19400,3,0.98
571.0,359.11,358.14,358.96,359.52,359.13,360.91,360.07,360.33,358.25,343.23,0.1575,19400,3,0.98
572.0,359.08,358.14,358.94,359.5,359.12,360.91,360.05,360.31,358.12,343.28,0.1575,19400,3,0.98
573.0,359.07,358.17,358.91,359.46,359.12,360.9,360.03,360.24,357.99,343.32,0.1575,19400,3,0.98
574.0,359.06,358.18,358.89,359.42,359.1,360.91,359.98,360.2,357.88,343.36,0.1575,19400,3,0.98
575.0,359.04,358.21,358.86,359.38,359.09,360.92,359.92,360.17,357.83,343.4,0.1575,19400,3,0.98
576.0,359.02,358.22,358.83,359.35,359.08,360.93,359.86,360.17,357.77,343.43,0.1575,19400,3,0.98
577.0,359.04,358.24,358.83,359.33,359.06,360.93,359.82,360.2,357.71,343.5,0.1575,19400,3,0.98
578.0,359.05,358.22,358.85,359.34,359.04,360.93,359.82,360.23,357.64,343.54,0.1575,19400,3,0.98
579.0,359.07,358.19,358.84,359.35,359.02,360.92,359.82,360.22,357.59,343.55,0.1575,19400,3,0.98
580.0,359.11,358.17,358.83,359.36,359.02,360.89,359.79,360.12,357.56,343.54,0.1575,19400,3,0.98
581.0,359.14,358.17,358.84,359.38,359.03,360.88,359.79,360.08,357.56,343.53,0.1575,19400,3,0.98
582.0,359.11,358.15,358.84,359.39,359.03,360.87,359.77,360.02,357.58,343.53,0.1575,19400,3,0.98
583.0,359.07,358.09,358.84,359.4,359.03,360.86,359.75,359.98,357.62,343.57,0.1575,19400,3,0.98
584.0,359.05,358.01,358.84,359.39,359.03,360.85,359.72,359.99,357.69,343.61,0.1575,19400,3,0.98
585.0,359.06,357.95,358.84,359.4,359.04,360.85,359.72,359.97,357.78,343.66,0.1575,19400,3,0.98
586.0,359.07,357.9,358.86,359.41,359.02,360.85,359.72,359.99,357.89,343.73,0.1575,19400,3,0.98
587.0,359.03,357.9,358.86,359.42,359.01,360.83,359.74,360.02,357.9,343.75,0.1575,19400,3,0.98
588.0,359.0,357.93,358.86,359.43,358.98,360.81,359.76,360.06,357.88,343.74,0.1575,19400,3,0.98
589.0,358.98,357.96,358.87,359.43,358.98,360.79,359.81,360.15,357.9,343.71,0.1575,19400,3,0.98
590.0,358.98,358.0,358.88,359.43,358.97,360.77,359.86,360.2,357.96,343.67,0.1575,19400,3,0.98
591.0,358.99,358.04,358.9,359.43,358.96,360.78,359.89,360.2,357.97,343.6,0.1575,19400,3,0.98
592.0,359.02,358.07,358.92,359.42,358.97,360.78,359.93,360.2,357.99,343.56,0.1575,19400,3,0.98
593.0,359.03,358.11,358.92,359.41,358.96,360.79,359.93,360.16,357.97,343.51,0.1575,19400,3,0.98
594.0,359.05,358.1,358.93,359.41,358.97,360.82,359.92,360.1,357.99,343.45,0.1575,19400,3,0.98
595.0,359.11,358.11,358.94,359.42,358.98,360.82,359.91,360.07,357.95,343.38,0.1575,19400,3,0.98
596.0,359.18,358.09,358.93,359.42,358.99,360.85,359.94,360.03,357.83,343.29,0.1575,19400,3,0.98
597.0,359.21,358.06,358.94,359.43,358.98,360.86,359.98,360.01,357.73,343.21,0.1575,19400,3,0.98
598.0,359.23,358.06,358.96,359.44,358.99,360.89,360.01,360.04,357.63,343.13,0.1575,19400,3,0.98
599.0,359.22,358.06,358.97,359.45,359.02,360.92,360.04,360.07,357.51,343.04,0.1575,19400,3,0.98
600.0,359.18,357.96,358.97,359.45,359.03,360.95,360.05,360.02,357.38,342.92,0.1575,19400,3,0.98
601.0,359.09,357.9,358.98,359.45,359.04,360.99,360.08,360.01,357.25,342.81,0.1575,19400,3,0.98
602.0,359.02,357.87,358.98,359.47,359.06,361.02,360.08,360.03,357.2,342.75,0.1575,19400,3,0.98
603.0,358.97,357.86,358.96,359.49,359.08,361.05,360.01,360.1,357.18,342.74,0.1575,19400,3,0.98
604.0,358.96,357.88,358.96,359.5,359.11,361.06,359.86,360.11,357.2,342.77,0.1575,19400,3,0.98
605.0,358.97,357.9,358.97,359.52,359.13,361.06,359.76,360.07,357.23,342.79,0.1575,19400,3,0.98
606.0,358.98,357.95,358.98,359.53,359.15,361.05,359.68,360.02,357.28,342.8,0.1575,19400,3,0.98
607.0,358.97,357.95,358.99,359.55,359.18,361.05,359.64,360.0,357.34,342.8,0.1575,19400,3,0.98
608.0,358.98,357.93,359.0,359.57,359.19,361.05,359.63,360.04,357.35,342.77,0.1575,19400,3,0.98
609.0,358.98,357.91,359.01,359.59,359.21,361.04,359.65,360.06,357.36,342.77,0.1575,19400,3,0.98
610.0,358.98,357.88,359.0,359.58,359.24,361.04,359.7,360.05,357.4,342.78,0.1575,19400,3,0.98
611.0,358.94,357.84,358.96,359.56,359.26,361.04,359.74,360.06,357.48,342.79,0.1575,19400,3,0.98
612.0,358.84,357.75,358.91,359.53,359.27,361.04,359.79,360.08,357.68,342.82,0.1575,19400,3,0.98
613.0,358.71,357.62,358.88,359.49,359.27,361.05,359.82,360.13,357.92,342.87,0.1575,19400,3,0.98
614.0,358.68,357.55,358.87,359.45,359.25,361.03,359.8,360.15,358.09,342.92,0.1575,19400,3,0.98
615.0,358.65,357.52,358.86,359.41,359.23,361.02,359.8,360.12,358.24,342.99,0.1575,19400,3,0.98
616.0,358.65,357.49,358.85,359.38,359.2,361.02,359.8,360.05,358.35,343.04,0.1575,19400,3,0.98
617.0,358.62,357.47,358.84,359.33,359.18,360.99,359.81,359.92,358.43,343.09,0.1575,19400,3,0.98
618.0,358.58,357.48,358.84,359.28,359.15,360.95,359.78,359.77,358.48,343.1,0.1575,19400,3,0.98
619.0,358.57,357.51,358.85,359.23,359.13,360.91,359.76,359.67,358.55,343.11,0.1575,19400,3,0.98
620.0,358.56,357.54,358.86,359.19,359.1,360.87,359.74,359.58,358.57,343.09,0.1575,19400,3,0.98
621.0,358.59,357.56,358.88,359.13,359.04,360.81,359.73,359.49,358.47,343.07,0.1575,19400,3,0.98
622.0,358.63,357.58,358.9,359.1,358.99,360.76,359.73,359.48,358.26,343.06,0.1575,19400,3,0.98
623.0,358.69,357.6,358.92,359.06,358.95,360.7,359.7,359.49,357.96,343.06,0.1575,19400,3,0.98
624.0,358.75,357.58,358.92,359.02,358.91,360.66,359.66,359.52,357.64,343.06,0.1575,19400,3,0.98
625.0,358.79,357.54,358.92,359.0,358.87,360.63,359.56,359.53,357.34,343.06,0.1575,19400,3,0.98
626.0,358.83,357.51,358.91,358.97,358.84,360.6,359.44,359.62,357.11,343.05,0.1575,19400,3,0.98
627.0,358.85,357.49,358.91,358.94,358.79,360.59,359.33,359.79,356.96,343.03,0.1575,19400,3,0.98
628.0,358.89,357.49,358.9,358.93,358.7,360.58,359.27,359.91,356.83,342.96,0.1575,19400,3,0.98
629.0,358.91,357.5,358.88,358.92,358.62,360.56,359.27,360.01,356.7,342.9,0.1575,19400,3,0.98
630.0,358.98,357.5,358.87,358.91,358.54,360.55,359.3,360.04,356.58,342.83,0.1575,19400,3,0.98
631.0,358.99,357.51,358.86,358.88,358.5,360.54,359.34,360.0,356.53,342.81,0.1575,19400,3,0.98
632.0,358.96,357.49,358.85,358.85,358.51,360.54,359.39,359.83,356.51,342.8,0.1575,19400,3,0.98
633.0,358.98,357.47,358.86,358.86,358.52,360.57,359.45,359.69,356.48,342.79,0.1575,19400,3,0.98
634.0,359.0,357.46,358.87,358.86,358.54,360.59,359.5,359.61,356.45,342.74,0.1575,19400,3,0.98
635.0,359.05,357.43,358.86,358.87,358.56,360.61,359.52,359.6,356.43,342.67,0.1575,19400,3,0.98
636.0,359.07,357.38,358.85,358.87,358.58,360.63,359.54,359.66,356.4,342.58,0.1575,19400,3,0.98
637.0,359.12,357.34,358.84,358.89,358.6,360.65,359.53,359.7,356.36,342.48,0.1575,19400,3,0.98
638.0,359.16,357.27,358.82,358.89,358.63,360.68,359.46,359.75,356.35,342.41,0.1575,19400,3,0.98
639.0,359.2,357.22,358.81,358.92,358.64,360.71,359.4,359.75,356.34,342.33,0.1575,19400,3,0.98
640.0,359.21,357.18,358.79,358.96,358.63,360.73,359.46,359.76,356.36,342.23,0.1575,19400,3,0.98
641.0,359.2,357.18,358.78,359.0,358.62,360.75,359.55,359.8,356.48,342.16,0.1575,19400,3,0.98
642.0,359.18,357.15,358.78,359.06,358.61,360.75,359.6,359.83,356.58,342.16,0.1575,19400,3,0.98
643.0,359.2,357.12,358.78,359.1,358.63,360.77,359.64,359.82,356.67,342.18,0.1575,19400,3,0.98
644.0,359.24,357.09,358.77,359.11,358.63,360.77,359.65,359.82,356.72,342.21,0.1575,19400,3,0.98
645.0,359.29,357.1,358.77,359.14,358.64,360.78,359.67,359.89,356.8,342.26,0.1575,19400,3,0.98
646.0,359.3,357.11,358.76,359.16,358.65,360.79,359.69,359.97,356.84,342.31,0.1575,19400,3,0.98
647.0,359.31,357.14,358.77,359.18,358.68,360.78,359.73,360.04,356.91,342.37,0.1575,19400,3,0.98
648.0,359.26,357.19,358.77,359.19,358.71,360.76,359.79,360.11,357.0,342.48,0.1575,19400,3,0.98
649.0,359.19,357.22,358.76,359.2,358.73,360.74,359.84,360.15,357.05,342.57,0.1575,19400,3,0.98
650.0,359.15,357.24,358.76,359.22,358.75,360.73,359.87,360.2,357.08,342.59,0.1575,19400,3,0.98
651.0,359.05,357.22,358.75,359.24,358.78,360.73,359.9,360.21,357.11,342.59,0.1575,19400,3,0.98
652.0,358.96,357.17,358.75,359.28,358.78,360.71,359.9,360.25,357.16,342.6,0.1575,19400,3,0.98
653.0,358.86,357.11,358.74,359.3,358.78,360.69,359.92,360.27,357.24,342.6,0.1575,19400,3,0.98
654.0,358.79,357.07,358.73,359.32,358.79,360.71,359.93,360.29,357.35,342.63,0.1575,19400,3,0.98
655.0,358.76,357.06,358.73,359.32,358.79,360.71,359.92,360.3,357.44,342.65,0.1575,19400,3,0.98
656.0,358.75,357.07,358.75,359.31,358.8,360.71,359.94,360.36,357.45,342.65,0.1575,19400,3,0.98
657.0,358.72,357.09,358.75,359.31,358.83,360.69,359.98,360.43,357.49,342.67,0.1575,19400,3,0.98
658.0,358.66,357.1,358.74,359.29,358.83,360.67,360.0,360.45,357.58,342.65,0.1575,19400,3,0.98
659.0,358.64,357.12,358.75,359.28,358.83,360.64,360.0,360.4,357.63,342.63,0.1575,19400,3,0.98
660.0,358.62,357.16,358.75,359.27,358.83,360.62,360.0,360.29,357.61,342.61,0.1575,19400,3,0.98
661.0,358.61,357.19,358.75,359.26,358.83,360.6,360.03,360.21,357.56,342.59,0.1575,19400,3,0.98
662.0,358.61,357.21,358.76,359.25,358.82,360.6,360.05,360.2,357.51,342.59,0.1575,19400,3,0.98
663.0,358.61,357.19,358.77,359.25,358.81,360.6,360.07,360.27,357.48,342.6,0.1575,19400,3,0.98
664.0,358.62,357.17,358.77,359.24,358.82,360.61,360.08,360.34,357.49,342.6,0.1575,19400,3,0.98
665.0,358.62,357.14,358.78,359.22,358.83,360.61,360.1,360.38,357.53,342.62,0.1575,19400,3,0.98
666.0,358.65,357.12,358.77,359.21,358.85,360.61,360.07,360.42,357.49,342.62,0.1575,19400,3,0.98
667.0,358.69,357.11,358.76,359.19,358.85,360.61,360.01,360.45,357.32,342.65,0.1575,19400,3,0.98
668.0,358.74,357.14,358.76,359.17,358.85,360.6,359.96,360.45,357.23,342.69,0.1575,19400,3,0.98
669.0,358.8,357.17,358.74,359.17,358.84,360.6,359.93,360.47,357.18,342.74,0.1575,19400,3,0.98
670.0,358.85,357.18,358.7,359.17,358.82,360.63,359.91,360.42,357.17,342.78,0.1575,19400,3,0.98
671.0,358.86,357.18,358.68,359.2,358.81,360.65,359.89,360.35,357.17,342.81,0.1575,19400,3,0.98
672.0,358.82,357.16,358.66,359.23,358.81,360.68,359.87,360.31,357.2,342.86,0.1575,19400,3,0.98
673.0,358.8,357.12,358.64,359.27,358.79,360.69,359.87,360.28,357.22,342.92,0.1575,19400,3,0.98
674.0,358.8,357.07,358.63,359.29,358.8,360.68,359.91,360.26,357.22,342.97,0.1575,19400,3,0.98
675.0,358.81,357.05,358.61,359.29,358.82,360.67,359.96,360.23,357.19,342.99,0.1575,19400,3,0.98
676.0,358.86,357.04,358.6,359.32,358.86,360.67,359.96,360.19,357.15,343.0,0.1575,19400,3,0.98
677.0,358.89,357.03,358.6,359.35,358.9,360.67,359.97,360.14,357.14,343.02,0.1575,19400,3,0.98
678.0,358.88,356.99,358.61,359.38,358.91,360.69,359.99,360.1,357.17,343.04,0.1575,19400,3,0.98
679.0,358.87,356.95,358.61,359.4,358.93,360.72,360.0,360.1,357.24,343.07,0.1575,19400,3,0.98
680.0,358.83,356.93,358.61,359.43,358.93,360.75,359.98,360.15,357.28,343.07,0.1575,19400,3,0.98
681.0,358.8,356.93,358.61,359.46,358.94,360.78,359.99,360.19,357.28,343.05,0.1575,19400,3,0.98
682.0,358.79,356.93,358.62,359.46,358.95,360.78,359.99,360.2,357.24,343.03,0.1575,19400,3,0.98
683.0,358.78,356.93,358.62,359.46,358.96,360.77,360.0,360.2,357.17,343.01,0.1575,19400,3,0.98
684.0,358.76,356.92,358.64,359.45,358.98,360.76,360.03,360.2,356.96,342.96,0.1575,19400,3,0.98
685.0,358.69,356.85,358.64,359.43,358.97,360.74,360.04,360.22,356.71,342.9,0.1575,19400,3,0.98
686.0,358.63,356.82,358.66,359.42,358.95,360.72,360.04,360.23,356.59,342.89,0.1575,19400,3,0.98
687.0,358.58,356.83,358.68,359.42,358.93,360.67,360.03,360.2,356.52,342.91,0.1575,19400,3,0.98
688.0,358.54,356.82,358.67,359.4,358.91,360.63,360.02,360.22,356.51,342.97,0.1575,19400,3,0.98
689.0,358.47,356.82,358.66,359.4,358.88,360.62,359.97,360.26,356.55,343.06,0.1575,19400,3,0.98
690.0,358.4,356.83,358.67,359.38,358.88,360.6,359.98,360.25,356.61,343.16,0.1575,19400,3,0.98
691.0,358.36,356.84,358.67,359.38,358.87,360.6,359.97,360.25,356.69,343.25,0.1575,19400,3,0.98
692.0,358.31,356.85,358.66,359.35,358.87,360.61,359.95,360.22,356.81,343.31,0.1575,19400,3,0.98
693.0,358.27,356.88,358.67,359.34,358.86,360.61,359.93,360.18,356.96,343.4,0.1575,19400,3,0.98
694.0,358.24,356.91,358.68,359.35,358.87,360.64,359.95,360.13,357.1,343.48,0.1575,19400,3,0.98
695.0,358.25,356.92,358.68,359.34,358.88,360.66,359.96,360.12,357.23,343.5,0.1575,19400,3,0.98
696.0,358.29,356.91,358.68,359.34,358.89,360.7,359.95,360.14,357.3,343.54,0.1575,19400,3,0.98
697.0,358.35,356.87,358.7,359.34,358.88,360.72,359.93,360.15,357.33,343.57,0.1575,19400,3,0.98
698.0,358.45,356.81,358.7,359.36,358.85,360.76,359.87,360.16,357.37,343.58,0.1575,19400,3,0.98
699.0,358.54,356.75,358.7,359.37,358.85,360.77,359.81,360.21,357.46,343.59,0.1575,19400,3,0.98
700.0,358.59,356.74,358.73,359.38,358.85,360.78,359.7,360.26,357.59,343.6,0.1575,19400,3,0.98
701.0,358.61,356.74,358.73,359.39,358.86,360.78,359.7,360.31,357.73,343.59,0.1575,19400,3,0.98
702.0,358.58,356.79,358.71,359.4,358.85,360.76,359.83,360.32,357.89,343.6,0.1575,19400,3,0.98
703.0,358.55,356.83,358.7,359.42,358.85,360.75,359.91,360.39,357.93,343.61,0.1575,19400,3,0.98
704.0,358.55,356.86,358.68,359.44,358.83,360.73,359.95,360.44,357.88,343.6,0.1575,19400,3,0.98
705.0,358.59,356.87,358.68,359.43,358.83,360.71,359.99,360.47,357.87,343.57,0.1575,19400,3,0.98
706.0,358.63,356.85,358.67,359.41,358.81,360.7,360.02,360.49,357.86,343.55,0.1575,19400,3,0.98
707.0,358.64,356.81,358.68,359.41,358.8,360.69,360.04,360.5,357.82,343.51,0.1575,19400,3,0.98
708.0,358.65,356.78,358.68,359.38,358.8,360.69,360.08,360.51,357.76,343.51,0.1575,19400,3,0.98
709.0,358.66,356.74,358.68,359.36,358.78,360.68,360.09,360.51,357.72,343.49,0.1575,19400,3,0.98
710.0,358.66,356.73,358.67,359.34,358.77,360.68,360.09,360.54,357.7,343.48,0.1575,19400,3,0.98
711.0,358.68,356.74,358.66,359.34,358.76,360.67,360.1,360.57,357.66,343.46,0.1575,19400,3,0.98
712.0,358.71,356.77,358.64,359.35,358.74,360.68,360.11,360.61,357.61,343.44,0.1575,19400,3,0.98
713.0,358.72,356.78,358.65,359.35,358.75,360.68,360.11,360.61,357.62,343.45,0.1575,19400,3,0.98
714.0,358.71,356.78,358.65,359.35,358.76,360.67,360.08,360.61,357.65,343.44,0.1575,19400,3,0.98
715.0,358.7,356.81,358.65,359.34,358.78,360.68,360.05,360.61,357.68,343.44,0.1575,19400,3,0.98
716.0,358.67,356.83,358.67,359.32,358.8,360.67,360.0,360.63,357.74,343.44,0.1575,19400,3,0.98
717.0,358.65,356.83,358.67,359.31,358.8,360.67,359.95,360.62,357.7,343.44,0.1575,19400,3,0.98
718.0,358.6,356.79,358.67,359.29,358.83,360.67,359.9,360.62,357.56,343.44,0.1575,19400,3,0.98
719.0,358.6,356.77,358.67,359.27,358.84,360.68,359.86,360.6,357.37,343.46,0.1575,19400,3,0.98
720.0,358.65,356.71,358.65,359.26,358.86,360.7,359.81,360.59,357.07,343.49,0.1575,19400,3,0.98
721.0,358.71,356.72,358.63,359.25,358.86,360.71,359.78,360.57,356.8,343.51,0.1575,19400,3,0.98
722.0,358.73,356.75,358.62,359.22,358.84,360.72,359.77,360.54,356.63,343.53,0.1575,19400,3,0.98
723.0,358.75,356.79,358.61,359.2,358.83,360.74,359.76,360.49,356.49,343.53,0.1575,19400,3,0.98
724.0,358.7,356.82,358.62,359.18,358.8,360.75,359.74,360.28,356.39,343.52,0.1575,19400,3,0.98
725.0,358.65,356.85,358.63,359.17,358.77,360.77,359.73,360.1,356.35,343.53,0.1575,19400,3,0.98
726.0,358.62,356.88,358.65,359.16,358.76,360.78,359.73,360.13,356.35,343.53,0.1575,19400,3,0.98
727.0,358.57,356.91,358.66,359.15,358.74,360.79,359.7,360.16,356.36,343.54,0.1575,19400,3,0.98
728.0,358.54,356.92,358.66,359.14,358.71,360.78,359.69,360.16,356.39,343.54,0.1575,19400,3,0.98
729.0,358.46,356.93,358.68,359.15,358.65,360.78,359.52,360.14,356.48,343.57,0.1575,19400,3,0.98
730.0,358.39,356.94,358.71,359.14,358.61,360.74,359.34,360.04,356.55,343.62,0.1575,19400,3,0.98
731.0,358.33,356.93,358.68,359.13,358.59,360.71,359.31,359.92,356.62,343.68,0.1575,19400,3,0.98
732.0,358.32,356.94,358.66,359.13,358.59,360.68,359.33,359.86,356.75,343.77,0.1575,19400,3,0.98
733.0,358.31,356.93,358.62,359.1,358.56,360.64,359.41,359.85,356.86,343.86,0.1575,19400,3,0.98
734.0,358.29,356.93,358.6,359.08,358.56,360.6,359.53,359.87,357.01,343.95,0.1575,19400,3,0.98
735.0,358.25,356.91,358.56,359.04,358.54,360.57,359.63,359.93,357.15,344.02,0.1575,19400,3,0.98
736.0,358.21,356.9,358.53,359.0,358.52,360.55,359.69,359.99,357.26,344.06,0.1575,19400,3,0.98
737.0,358.16,356.87,358.53,358.98,358.5,360.54,359.74,360.0,357.38,344.09,0.1575,19400,3,0.98
738.0,358.09,356.85,358.53,358.95,358.47,360.51,359.79,360.03,357.57,344.1,0.1575,19400,3,0.98
739.0,358.12,356.83,358.54,358.94,358.43,360.49,359.82,360.09,357.75,344.11,0.1575,19400,3,0.98
740.0,358.16,356.81,358.56,358.95,358.42,360.48,359.84,360.15,357.87,344.13,0.1575,19400,3,0.98
741.0,358.22,356.79,358.57,358.95,358.4,360.47,359.85,360.18,357.99,344.18,0.1575,19400,3,0.98
742.0,358.29,356.77,358.59,358.96,358.41,360.46,359.88,360.22,358.1,344.23,0.1575,19400,3,0.98
743.0,358.33,356.73,358.61,358.98,358.41,360.45,359.9,360.26,358.21,344.28,0.1575,19400,3,0.98
744.0,358.36,356.71,358.61,358.99,358.42,360.46,359.94,360.27,358.33,344.34,0.1575,19400,3,0.98
745.0,358.4,356.74,358.62,358.99,358.44,360.45,359.96,360.29,358.42,344.38,0.1575,19400,3,0.98
746.0,358.42,356.76,358.63,358.99,358.46,360.45,359.96,360.26,358.48,344.42,0.1575,19400,3,0.98
747.0,358.48,356.75,358.63,359.0,358.52,360.45,359.98,360.25,358.57,344.46,0.1575,19400,3,0.98
748.0,358.51,356.75,358.64,359.01,358.57,360.46,359.98,360.23,358.65,344.51,0.1575,19400,3,0.98
749.0,358.51,356.77,358.66,359.02,358.61,360.47,359.97,360.25,358.68,344.55,0.1575,19400,3,0.98
750.0,358.51,356.81,358.67,359.04,358.63,360.48,359.93,360.27,358.7,344.6,0.1575,19400,3,0.98
751.0,358.48,356.84,358.69,359.04,358.65,360.51,359.87,360.29,358.69,344.65,0.1575,19400,3,0.98
752.0,358.47,356.88,358.69,359.05,358.66,360.53,359.89,360.29,358.64,344.7,0.1575,19400,3,0.98
753.0,358.49,356.91,358.7,359.07,358.68,360.55,359.92,360.3,358.57,344.71,0.1575,19400,3,0.98
754.0,358.54,356.93,358.72,359.08,358.68,360.57,359.94,360.31,358.51,344.68,0.1575,19400,3,0.98
755.0,358.57,356.95,358.75,359.08,358.7,360.58,359.97,360.31,358.44,344.64,0.1575,19400,3,0.98
756.0,358.56,356.93,358.76,359.07,358.65,360.58,359.97,360.29,358.32,344.56,0.1575,19400,3,0.98
757.0,358.48,356.89,358.78,359.04,358.61,360.55,359.96,360.28,358.11,344.52,0.1575,19400,3,0.98
758.0,358.47,356.89,358.8,359.02,358.61,360.54,359.95,360.26,357.92,344.51,0.1575,19400,3,0.98
759.0,358.45,356.89,358.82,359.02,358.58,360.52,359.9,360.25,357.77,344.49,0.1575,19400,3,0.98
760.0,358.43,356.87,358.81,359.02,358.57,360.51,359.82,360.23,357.63,344.47,0.1575,19400,3,0.98
761.0,358.42,356.86,358.82,359.03,358.57,360.5,359.77,360.22,357.55,344.43,0.1575,19400,3,0.98
762.0,358.43,356.8,358.79,359.04,358.57,360.47,359.71,360.21,357.5,344.38,0.1575,19400,3,0.98
763.0,358.44,356.74,358.76,359.05,358.57,360.47,359.68,360.17,357.47,344.33,0.1575,19400,3,0.98
764.0,358.44,356.72,358.75,359.08,358.58,360.49,359.66,360.1,357.4,344.31,0.1575,19400,3,0.98
765.0,358.42,356.71,358.72,359.09,358.61,360.49,359.66,360.01,357.26,344.28,0.1575,19400,3,0.98
766.0,358.42,356.73,358.71,359.1,358.64,360.52,359.71,359.92,357.1,344.29,0.1575,19400,3,0.98
767.0,358.41,356.77,358.71,359.12,358.66,360.55,359.77,359.85,357.03,344.35,0.1575,19400,3,0.98
768.0,358.35,356.8,358.68,359.13,358.68,360.57,359.79,359.82,356.97,344.39,0.1575,19400,3,0.98
769.0,358.28,356.79,358.67,359.12,358.69,360.58,359.8,359.88,356.98,344.45,0.1575,19400,3,0.98
770.0,358.23,356.78,358.66,359.12,358.69,360.6,359.8,359.97,357.04,344.52,0.1575,19400,3,0.98
771.0,358.19,356.73,358.66,359.12,358.69,360.62,359.82,360.08,357.15,344.58,0.1575,19400,3,0.98
772.0,358.14,356.68,358.66,359.13,358.69,360.65,359.84,360.16,357.27,344.64,0.1575,19400,3,0.98
773.0,358.07,356.63,358.65,359.13,358.68,360.66,359.85,360.18,357.37,344.67,0.1575,19400,3,0.98
774.0,358.06,356.59,358.64,359.15,358.65,360.68,359.88,360.19,357.51,344.75,0.1575,19400,3,0.98
775.0,358.13,356.57,358.62,359.16,358.63,360.69,359.94,360.19,357.69,344.84,0.1575,19400,3,0.98
776.0,358.19,356.57,358.63,359.16,358.61,360.71,359.97,360.22,357.81,344.9,0.1575,19400,3,0.98
777.0,358.25,356.56,358.62,359.17,358.61,360.7,360.01,360.26,357.91,344.93,0.1575,19400,3,0.98
778.0,358.27,356.55,358.63,359.18,358.6,360.68,360.01,360.31,357.98,344.98,0.1575,19400,3,0.98
779.0,358.27,356.54,358.63,359.19,358.6,360.66,360.02,360.34,358.02,345.0,0.1575,19400,3,0.98
780.0,358.27,356.56,358.64,359.2,358.59,360.63,360.03,360.39,358.03,345.01,0.1575,19400,3,0.98
781.0,358.3,356.59,358.65,359.23,358.61,360.6,360.05,360.47,358.04,345.03,0.1575,19400,3,0.98
782.0,358.36,356.62,358.65,359.24,358.61,360.56,360.05,360.53,358.04,345.04,0.1575,19400,3,0.98
783.0,358.41,356.64,358.66,359.25,358.63,360.53,360.06,360.55,357.93,345.01,0.1575,19400,3,0.98
784.0,358.42,356.66,358.68,359.23,358.66,360.5,360.07,360.54,357.71,344.97,0.1575,19400,3,0.98
785.0,358.43,356.65,358.7,359.22,358.66,360.49,360.07,360.55,357.51,344.96,0.1575,19400,3,0.98
786.0,358.42,356.64,358.72,359.21,358.67,360.46,360.07,360.53,357.28,344.95,0.1575,19400,3,0.98
787.0,358.43,356.61,358.73,359.22,358.67,360.45,360.04,360.49,357.07,344.96,0.1575,19400,3,0.98
788.0,358.43,356.6,358.73,359.25,358.66,360.42,359.98,360.45,356.92,344.99,0.1575,19400,3,0.98
789.0,358.45,356.6,358.74,359.28,358.68,360.42,359.93,360.38,356.8,344.99,0.1575,19400,3,0.98
790.0,358.5,356.61,358.76,359.3,358.69,360.43,359.85,360.36,356.71,344.96,0.1575,19400,3,0.98
791.0,358.56,356.62,358.77,359.3,358.71,360.44,359.76,360.36,356.63,344.9,0.1575,19400,3,0.98
792.0,358.67,356.63,358.78,359.31,358.74,360.44,359.72,360.33,356.53,344.75,0.1575,19400,3,0.98
793.0,358.74,356.64,358.79,359.33,358.76,360.44,359.69,360.26,356.44,344.56,0.1575,19400,3,0.98
794.0,358.74,356.63,358.8,359.32,358.79,360.43,359.67,360.18,356.4,344.44,0.1575,19400,3,0.98
795.0,358.75,356.62,358.82,359.32,358.78,360.43,359.64,360.1,356.4,344.37,0.1575,19400,3,0.98
796.0,358.77,356.59,358.83,359.33,358.78,360.43,359.6,360.05,356.41,344.32,0.1575,19400,3,0.98
797.0,358.78,356.58,358.83,359.34,358.79,360.45,359.57,360.0,356.42,344.28,0.1575,19400,3,0.98
798.0,358.79,356.59,358.83,359.34,358.79,360.46,359.52,359.95,356.44,344.25,0.1575,19400,3,0.98
799.0,358.79,356.59,358.84,359.34,358.8,360.49,359.52,359.92,356.5,344.22,0.1575,19400,3,0.98
800.0,358.8,356.62,358.84,359.35,358.81,360.52,359.51,359.9,356.55,344.17,0.1575,19400,3,0.98
801.0,358.73,356.6,358.83,359.36,358.85,360.55,359.49,359.9,356.57,344.15,0.1575,19400,3,0.98
802.0,358.64,356.59,358.81,359.37,358.88,360.57,359.54,359.86,356.54,344.11,0.1575,19400,3,0.98
803.0,358.62,356.6,358.81,359.38,358.89,360.6,359.6,359.81,356.46,344.1,0.1575,19400,3,0.98
804.0,358.57,356.61,358.81,359.39,358.91,360.63,359.65,359.74,356.39,344.06,0.1575,19400,3,0.98
805.0,358.49,356.63,358.81,359.4,358.92,360.65,359.71,359.74,356.35,344.03,0.1575,19400,3,0.98
806.0,358.4,356.65,358.82,359.4,358.94,360.67,359.76,359.79,356.32,344.01,0.1575,19400,3,0.98
807.0,358.34,356.65,358.83,359.39,358.96,360.69,359.8,359.81,356.35,344.03,0.1575,19400,3,0.98
808.0,358.28,356.64,358.82,359.38,358.96,360.72,359.82,359.84,356.42,344.07,0.1575,19400,3,0.98
809.0,358.2,356.65,358.82,359.37,358.98,360.73,359.86,359.89,356.53,344.14,0.1575,19400,3,0.98
810.0,358.12,356.64,358.83,359.37,358.96,360.75,359.88,359.95,356.68,344.21,0.1575,19400,3,0.98
811.0,358.1,356.61,358.83,359.35,358.94,360.76,359.89,360.0,356.8,344.22,0.1575,19400,3,0.98
812.0,358.15,356.58,358.82,359.35,358.93,360.77,359.92,360.02,356.88,344.2,0.1575,19400,3,0.98
813.0,358.19,356.55,358.82,359.35,358.91,360.76,359.94,360.07,357.0,344.19,0.1575,19400,3,0.98
814.0,358.25,356.48,358.8,359.36,358.89,360.75,359.94,360.15,357.14,344.18,0.1575,19400,3,0.98
815.0,358.33,356.46,358.78,359.36,358.86,360.74,359.94,360.26,357.3,344.17,0.1575,19400,3,0.98
816.0,358.36,356.42,358.73,359.37,358.82,360.72,359.92,360.34,357.47,344.15,0.1575,19400,3,0.98
817.0,358.37,356.41,358.7,359.36,358.79,360.68,359.92,360.38,357.64,344.11,0.1575,19400,3,0.98
818.0,358.35,356.42,358.65,359.35,358.76,360.64,359.94,360.38,357.8,344.07,0.1575,19400,3,0.98
819.0,358.27,356.43,358.6,359.33,358.73,360.62,359.94,360.39,358.03,344.05,0.1575,19400,3,0.98
820.0,358.21,356.46,358.57,359.3,358.71,360.58,359.94,360.4,358.23,344.05,0.1575,19400,3,0.98
821.0,358.19,356.48,358.55,359.29,358.7,360.57,359.94,360.4,358.31,344.04,0.1575,19400,3,0.98
822.0,358.19,356.5,358.55,359.25,358.69,360.54,359.94,360.38,358.38,344.06,0.1575,19400,3,0.98
823.0,358.23,356.5,358.54,359.22,358.69,360.5,359.9,360.37,358.41,344.1,0.1575,19400,3,0.98
824.0,358.25,356.51,358.56,359.21,358.69,360.47,359.89,360.33,358.41,344.14,0.1575,19400,3,0.98
825.0,358.27,356.53,358.57,359.2,358.69,360.46,359.87,360.28,358.41,344.18,0.1575,19400,3,0.98
826.0,358.29,356.54,358.59,359.19,358.68,360.45,359.86,360.28,358.38,344.2,0.1575,19400,3,0.98
827.0,358.32,356.57,358.6,359.17,358.69,360.45,359.85,360.29,358.33,344.21,0.1575,19400,3,0.98
828.0,358.44,356.63,358.63,359.16,358.7,360.44,359.86,360.3,358.27,344.26,0.1575,19400,3,0.98
829.0,358.51,356.67,358.64,359.17,358.7,360.44,359.83,360.29,358.27,344.31,0.1575,19400,3,0.98
830.0,358.51,356.67,358.67,359.18,358.7,360.45,359.75,360.24,358.28,344.33,0.1575,19400,3,0.98
831.0,358.48,356.69,358.68,359.19,358.71,360.45,359.73,360.2,358.27,344.35,0.1575,19400,3,0.98
832.0,358.48,356.68,358.71,359.2,358.73,360.48,359.77,360.17,358.21,344.35,0.1575,19400,3,0.98
833.0,358.51,356.68,358.72,359.21,358.74,360.5,359.82,360.16,358.1,344.33,0.1575,19400,3,0.98
834.0,358.53,356.64,358.75,359.22,358.76,360.52,359.87,360.22,358.04,344.32,0.1575,19400,3,0.98
835.0,358.52,356.61,358.77,359.22,358.76,360.54,359.95,360.25,358.01,344.3,0.1575,19400,3,0.98
836.0,358.45,356.6,358.79,359.22,358.77,360.57,359.98,360.24,357.98,344.25,0.1575,19400,3,0.98
837.0,358.34,356.6,358.8,359.22,358.77,360.61,360.02,360.19,357.97,344.2,0.1575,19400,3,0.98
838.0,358.28,356.61,358.81,359.22,358.78,360.63,360.09,360.1,357.98,344.15,0.1575,19400,3,0.98
839.0,358.29,356.61,358.82,359.2,358.79,360.64,360.12,360.07,357.96,344.11,0.1575,19400,3,0.98
840.0,358.31,356.62,358.83,359.21,358.8,360.67,360.15,360.06,357.94,344.07,0.1575,19400,3,0.98
841.0,358.33,356.6,358.85,359.21,358.82,360.69,360.16,360.05,357.92,344.05,0.1575,19400,3,0.98
842.0,358.34,356.57,358.86,359.22,358.83,360.71,360.16,360.05,357.91,344.05,0.1575,19400,3,0.98
843.0,358.38,356.52,358.85,359.23,358.84,360.73,360.16,360.1,357.9,344.08,0.1575,19400,3,0.98
844.0,358.4,356.48,358.85,359.25,358.86,360.75,360.14,360.18,357.86,344.11,0.1575,19400,3,0.98
845.0,358.38,356.44,358.83,359.27,358.86,360.74,360.11,360.29,357.8,344.16,0.1575,19400,3,0.98
846.0,358.28,356.43,358.82,359.31,358.86,360.73,360.02,360.41,357.69,344.25,0.1575,19400,3,0.98
847.0,358.19,356.45,358.8,359.33,358.86,360.71,359.93,360.46,357.68,344.33,0.1575,19400,3,0.98
848.0,358.17,356.49,358.79,359.34,358.85,360.68,359.88,360.5,357.74,344.39,0.1575,19400,3,0.98
849.0,358.16,356.52,358.78,359.34,358.86,360.65,359.83,360.47,357.84,344.41,0.1575,19400,3,0.98
850.0,358.16,356.51,358.77,359.34,358.85,360.63,359.84,360.45,357.93,344.43,0.1575,19400,3,0.98
851.0,358.22,356.46,358.77,359.34,358.84,360.6,359.89,360.39,358.04,344.47,0.1575,19400,3,0.98
852.0,358.26,356.44,358.76,359.34,358.81,360.59,359.95,360.34,358.17,344.51,0.1575,19400,3,0.98
853.0,358.28,356.44,358.76,359.35,358.81,360.58,359.98,360.33,358.3,344.57,0.1575,19400,3,0.98
854.0,358.3,356.47,358.77,359.35,358.81,360.57,360.01,360.33,358.42,344.62,0.1575,19400,3,0.98
855.0,358.34,356.52,358.78,359.35,358.82,360.58,360.03,360.33,358.51,344.66,0.1575,19400,3,0.98
856.0,358.42,356.53,358.8,359.36,358.83,360.59,360.0,360.33,358.62,344.67,0.1575,19400,3,0.98
857.0,358.45,356.52,358.81,359.35,358.82,360.59,359.97,360.33,358.69,344.66,0.1575,19400,3,0.98
858.0,358.49,356.53,358.81,359.35,358.82,360.6,359.93,360.37,358.76,344.65,0.1575,19400,3,0.98
859.0,358.53,356.54,358.8,359.35,358.81,360.6,359.89,360.41,358.8,344.63,0.1575,19400,3,0.98
860.0,358.55,356.58,358.8,359.35,358.78,360.59,359.9,360.45,358.82,344.62,0.1575,19400,3,0.98
861.0,358.52,356.62,358.81,359.36,358.78,360.58,359.93,360.46,358.82,344.62,0.1575,19400,3,0.98
862.0,358.49,356.66,358.81,359.37,358.77,360.57,359.97,360.5,358.81,344.6,0.1575,19400,3,0.98
863.0,358.44,356.71,358.79,359.38,358.76,360.55,360.02,360.52,358.8,344.63,0.1575,19400,3,0.98
864.0,358.45,356.8,358.79,359.38,358.78,360.53,360.08,360.54,358.79,344.67,0.1575,19400,3,0.98
865.0,358.49,356.85,358.79,359.38,358.8,360.49,360.11,360.52,358.73,344.71,0.1575,19400,3,0.98
866.0,358.5,356.84,358.79,359.38,358.82,360.46,360.12,360.48,358.6,344.7,0.1575,19400,3,0.98
867.0,358.49,356.78,358.79,359.38,358.84,360.42,360.12,360.47,358.44,344.69,0.1575,19400,3,0.98
868.0,358.5,356.76,358.81,359.38,358.85,360.41,360.12,360.51,358.3,344.64,0.1575,19400,3,0.98
869.0,358.49,356.74,358.82,359.4,358.87,360.41,360.1,360.53,358.16,344.57,0.1575,19400,3,0.98
870.0,358.45,356.73,358.84,359.42,358.88,360.42,360.1,360.55,358.03,344.49,0.1575,19400,3,0.98
871.0,358.41,356.71,358.86,359.42,358.87,360.44,360.07,360.5,357.9,344.4,0.1575,19400,3,0.98
872.0,358.38,356.67,358.88,359.43,358.87,360.44,360.07,360.44,357.76,344.34,0.1575,19400,3,0.98
873.0,358.35,356.63,358.88,359.43,358.85,360.45,360.05,360.44,357.59,344.29,0.1575,19400,3,0.98
874.0,358.32,356.61,358.86,359.44,358.84,360.44,360.0,360.43,357.53,344.24,0.1575,19400,3,0.98
875.0,358.31,356.6,358.85,359.44,358.85,360.45,359.98,360.4,357.55,344.21,0.1575,19400,3,0.98
876.0,358.3,356.6,358.85,359.45,358.85,360.48,359.99,360.34,357.57,344.15,0.1575,19400,3,0.98
877.0,358.28,356.58,358.83,359.45,358.84,360.51,360.0,360.3,357.59,344.1,0.1575,19400,3,0.98
878.0,358.29,356.59,358.83,359.45,358.87,360.52,360.03,360.32,357.64,344.08,0.1575,19400,3,0.98
879.0,358.32,356.58,358.83,359.45,358.88,360.54,360.05,360.34,357.71,344.05,0.1575,19400,3,0.98
880.0,358.37,356.59,358.83,359.46,358.9,360.56,360.09,360.41,357.77,344.04,0.1575,19400,3,0.98
881.0,358.43,356.6,358.81,359.46,358.9,360.57,360.1,360.49,357.86,344.03,0.1575,19400,3,0.98
882.0,358.49,356.6,358.77,359.46,358.89,360.58,360.14,360.52,358.04,344.04,0.1575,19400,3,0.98
883.0,358.49,356.56,358.75,359.46,358.92,360.58,360.15,360.56,358.27,344.04,0.1575,19400,3,0.98
884.0,358.43,356.54,358.73,359.46,358.93,360.58,360.13,360.58,358.41,344.05,0.1575,19400,3,0.98
885.0,358.37,356.55,358.72,359.46,358.94,360.59,360.1,360.6,358.52,344.06,0.1575,19400,3,0.98
886.0,358.34,356.58,358.72,359.45,358.96,360.6,360.08,360.61,358.6,344.05,0.1575,19400,3,0.98
887.0,358.31,356.61,358.72,359.43,358.98,360.63,360.05,360.63,358.61,344.04,0.1575,19400,3,0.98
888.0,358.28,356.62,358.75,359.42,358.99,360.65,360.01,360.62,358.6,344.03,0.1575,19400,3,0.98
889.0,358.27,356.62,358.76,359.42,358.99,360.66,360.03,360.59,358.52,344.01,0.1575,19400,3,0.98
890.0,358.25,356.63,358.76,359.4,358.99,360.66,360.07,360.58,358.44,344.01,0.1575,19400,3,0.98
891.0,358.21,356.59,358.77,359.38,358.98,360.66,360.11,360.61,358.39,344.04,0.1575,19400,3,0.98
892.0,358.19,356.55,358.77,359.36,358.98,360.65,360.15,360.64,358.41,344.07,0.1575,19400,3,0.98
893.0,358.17,356.5,358.77,359.35,358.98,360.64,360.17,360.65,358.43,344.1,0.1575,19400,3,0.98
894.0,358.17,356.49,358.77,359.35,358.96,360.62,360.16,360.63,358.48,344.13,0.1575,19400,3,0.98
895.0,358.18,356.47,358.77,359.35,358.94,360.6,360.16,360.58,358.55,344.17,0.1575,19400,3,0.98
896.0,358.2,356.47,358.75,359.36,358.93,360.59,360.15,360.51,358.62,344.2,0.1575,19400,3,0.98
897.0,358.22,356.44,358.73,359.37,358.9,360.57,360.14,360.47,358.67,344.21,0.1575,19400,3,0.98
898.0,358.21,356.44,358.72,359.36,358.88,360.58,360.12,360.47,358.7,344.22,0.1575,19400,3,0.98
899.0,358.2,356.42,358.72,359.36,358.87,360.6,360.12,360.52,358.72,344.25,0.1575,19400,3,0.98
900.0,358.17,356.4,358.7,359.34,358.83,360.63,360.08,360.55,358.74,344.26,0.1575,19400,3,0.98
901.0,358.17,356.39,358.69,359.31,358.8,360.65,360.02,360.56,358.76,344.26,0.1575,19400,3,0.98
902.0,358.21,356.4,358.69,359.27,358.8,360.67,360.01,360.57,358.79,344.27,0.1575,19400,3,0.98
903.0,358.25,356.42,358.68,359.23,358.78,360.68,359.99,360.58,358.82,344.24,0.1575,19400,3,0.98
904.0,358.26,356.46,358.65,359.21,358.76,360.69,359.98,360.6,358.86,344.18,0.1575,19400,3,0.98
905.0,358.27,356.48,358.66,359.19,358.76,360.69,359.98,360.62,358.89,344.12,0.1575,19400,3,0.98
906.0,358.27,356.51,358.67,359.18,358.74,360.69,359.97,360.65,358.89,344.05,0.1575,19400,3,0.98
907.0,358.27,356.52,358.66,359.17,358.74,360.69,359.95,360.68,358.88,344.02,0.1575,19400,3,0.98
908.0,358.28,356.53,358.67,359.17,358.73,360.68,359.93,360.7,358.85,344.02,0.1575,19400,3,0.98
909.0,358.35,356.55,358.68,359.15,358.74,360.69,359.93,360.68,358.82,344.07,0.1575,19400,3,0.98
910.0,358.41,356.54,358.68,359.13,358.74,360.68,359.93,360.64,358.82,344.08,0.1575,19400,3,0.98
911.0,358.42,356.52,358.69,359.12,358.75,360.68,359.92,360.62,358.81,344.07,0.1575,19400,3,0.98
912.0,358.42,356.48,358.68,359.12,358.74,360.69,359.9,360.61,358.76,344.06,0.1575,19400,3,0.98
913.0,358.4,356.45,358.68,359.1,358.73,360.7,359.87,360.62,358.65,344.05,0.1575,19400,3,0.98
914.0,358.37,356.44,358.68,359.08,358.7,360.7,359.84,360.63,358.46,344.05,0.1575,19400,3,0.98
915.0,358.36,356.46,358.7,359.07,358.68,360.68,359.8,360.57,358.18,344.05,0.1575,19400,3,0.98
916.0,358.36,356.46,358.7,359.05,358.66,360.66,359.8,360.42,357.94,344.08,0.1575,19400,3,0.98
917.0,358.38,356.46,358.7,359.04,358.64,360.62,359.83,360.22,357.74,344.12,0.1575,19400,3,0.98
918.0,358.39,356.5,358.68,359.02,358.61,360.57,359.88,360.18,357.56,344.19,0.1575,19400,3,0.98
919.0,358.3,356.57,358.68,359.01,358.57,360.55,359.92,360.22,357.44,344.26,0.1575,19400,3,0.98
920.0,358.22,356.62,358.66,358.99,358.56,360.51,359.95,360.29,357.4,344.3,0.1575,19400,3,0.98
921.0,358.17,356.64,358.66,358.98,358.55,360.48,359.97,360.34,357.36,344.32,0.1575,19400,3,0.98
922.0,358.15,356.66,358.67,358.98,358.56,360.47,359.99,360.35,357.33,344.35,0.1575,19400,3,0.98
923.0,358.14,356.66,358.68,358.97,358.57,360.46,360.0,360.38,357.32,344.38,0.1575,19400,3,0.98
924.0,358.16,356.64,358.69,358.96,358.58,360.45,360.01,360.38,357.33,344.39,0.1575,19400,3,0.98
925.0,358.17,356.62,358.7,358.97,358.59,360.44,360.0,360.38,357.36,344.39,0.1575,19400,3,0.98
926.0,358.19,356.61,358.69,358.99,358.59,360.45,359.97,360.39,357.45,344.39,0.1575,19400,3,0.98
927.0,358.23,356.63,358.69,359.0,358.6,360.45,359.94,360.34,357.69,344.38,0.1575,19400,3,0.98
928.0,358.25,356.63,358.68,359.01,358.6,360.45,359.9,360.31,357.97,344.37,0.1575,19400,3,0.98
929.0,358.26,356.63,358.69,359.01,358.6,360.47,359.88,360.3,358.14,344.37,0.1575,19400,3,0.98
930.0,358.31,356.64,358.69,358.97,358.6,360.46,359.83,360.3,358.29,344.36,0.1575,19400,3,0.98
931.0,358.38,356.65,358.71,358.95,358.61,360.45,359.77,360.31,358.42,344.35,0.1575,19400,3,0.98
932.0,358.44,356.64,358.74,358.93,358.62,360.44,359.71,360.35,358.52,344.32,0.1575,19400,3,0.98
933.0,358.48,356.65,358.75,358.94,358.62,360.43,359.67,360.37,358.6,344.31,0.1575,19400,3,0.98
934.0,358.51,356.66,358.76,358.93,358.63,360.41,359.65,360.36,358.66,344.3,0.1575,19400,3,0.98
935.0,358.53,356.6,358.75,358.93,358.64,360.4,359.7,360.34,358.73,344.28,0.1575,19400,3,0.98
936.0,358.56,356.51,358.77,358.94,358.65,360.39,359.82,360.28,358.77,344.22,0.1575,19400,3,0.98
937.0,358.56,356.49,358.77,358.95,358.64,360.4,359.89,360.26,358.73,344.15,0.1575,19400,3,0.98
938.0,358.52,356.52,358.78,358.95,358.64,360.4,359.93,360.31,358.7,344.13,0.1575,19400,3,0.98
939.0,358.46,356.52,358.77,358.96,358.63,360.4,359.95,360.35,358.67,344.09,0.1575,19400,3,0.98
940.0,358.41,356.51,358.78,358.96,358.61,360.4,359.98,360.36,358.69,344.05,0.1575,19400,3,0.98
941.0,358.37,356.51,358.77,358.98,358.59,360.41,360.01,360.37,358.71,344.03,0.1575,19400,3,0.98
942.0,358.38,356.5,358.75,358.99,358.58,360.4,360.02,360.41,358.74,344.01,0.1575,19400,3,0.98
943.0,358.42,356.45,358.75,359.01,358.57,360.4,360.01,360.43,358.76,343.97,0.1575,19400,3,0.98
944.0,358.46,356.43,358.75,359.02,358.57,360.41,359.99,360.39,358.74,343.94,0.1575,19400,3,0.98
945.0,358.45,356.46,358.74,359.02,358.57,360.42,359.99,360.35,358.69,343.86,0.1575,19400,3,0.98
946.0,358.36,356.53,358.71,359.02,358.59,360.45,360.04,360.33,358.64,343.77,0.1575,19400,3,0.98
947.0,358.31,356.56,358.71,359.04,358.61,360.48,360.06,360.32,358.57,343.71,0.1575,19400,3,0.98
948.0,358.29,356.59,358.7,359.05,358.63,360.51,360.09,360.36,358.51,343.66,0.1575,19400,3,0.98
949.0,358.29,356.62,358.7,359.08,358.64,360.52,360.1,360.44,358.45,343.59,0.1575,19400,3,0.98
950.0,358.33,356.64,358.69,359.09,358.65,360.53,360.08,360.48,358.38,343.53,0.1575,19400,3,0.98
951.0,358.38,356.66,358.68,359.11,358.66,360.54,360.06,360.49,358.36,343.48,0.1575,19400,3,0.98
952.0,358.44,356.64,358.67,359.12,358.67,360.54,360.01,360.49,358.37,343.43,0.1575,19400,3,0.98
953.0,358.51,356.59,358.66,359.12,358.68,360.54,359.95,360.47,358.36,343.38,0.1575,19400,3,0.98
954.0,358.52,356.53,358.65,359.14,358.68,360.55,359.84,360.44,358.19,343.36,0.1575,19400,3,0.98
955.0,358.48,356.49,358.61,359.15,358.69,360.55,359.74,360.31,357.88,343.34,0.1575,19400,3,0.98
956.0,358.46,356.48,358.62,359.16,358.72,360.55,359.69,360.15,357.65,343.33,0.1575,19400,3,0.98
957.0,358.44,356.49,358.63,359.17,358.73,360.54,359.67,360.05,357.46,343.31,0.1575,19400,3,0.98
958.0,358.41,356.52,358.62,359.17,358.75,360.54,359.7,359.96,357.3,343.32,0.1575,19400,3,0.98
959.0,358.39,356.52,358.61,359.18,358.76,360.55,359.75,359.91,357.21,343.34,0.1575,19400,3,0.98
960.0,358.38,356.51,358.6,359.18,358.76,360.56,359.79,359.89,357.15,343.36,0.1575,19400,3,0.98
961.0,358.34,356.49,358.58,359.18,358.77,360.57,359.81,359.88,357.1,343.37,0.1575,19400,3,0.98
962.0,358.29,356.45,358.57,359.18,358.78,360.58,359.83,359.89,357.07,343.39,0.1575,19400,3,0.98
963.0,358.2,356.44,358.56,359.17,358.78,360.59,359.83,359.92,357.04,343.4,0.1575,19400,3,0.98
964.0,358.16,356.45,358.56,359.16,358.78,360.59,359.84,359.95,357.08,343.4,0.1575,19400,3,0.98
965.0,358.16,356.45,358.55,359.13,358.78,360.59,359.84,360.02,357.12,343.36,0.1575,19400,3,0.98
966.0,358.14,356.42,358.54,359.12,358.76,360.58,359.83,360.1,357.1,343.31,0.1575,19400,3,0.98
967.0,358.12,356.41,358.51,359.11,358.74,360.58,359.86,360.18,357.02,343.27,0.1575,19400,3,0.98
968.0,358.11,356.42,358.51,359.11,358.73,360.58,359.88,360.21,356.94,343.25,0.1575,19400,3,0.98
969.0,358.14,356.42,358.51,359.09,358.72,360.56,359.92,360.2,356.93,343.26,0.1575,19400,3,0.98
970.0,358.18,356.41,358.52,359.06,358.71,360.54,359.94,360.2,356.94,343.3,0.1575,19400,3,0.98
971.0,358.19,356.41,358.52,359.03,358.69,360.54,359.96,360.22,357.0,343.35,0.1575,19400,3,0.98
972.0,358.21,356.44,358.54,359.0,358.7,360.53,359.98,360.25,357.21,343.4,0.1575,19400,3,0.98
973.0,358.22,356.43,358.56,358.98,358.68,360.52,359.97,360.28,357.42,343.41,0.1575,19400,3,0.98
974.0,358.24,356.43,358.57,358.95,358.65,360.5,359.95,360.27,357.54,343.4,0.1575,19400,3,0.98
975.0,358.24,356.39,358.55,358.92,358.6,360.48,359.84,360.14,357.57,343.39,0.1575,19400,3,0.98
976.0,358.21,356.31,358.48,358.83,358.52,360.41,359.71,359.94,357.51,343.33,0.1575,19400,3,0.98
977.0,358.15,356.21,358.4,358.74,358.44,360.31,359.53,359.73,357.4,343.23,0.1575,19400,3,0.98
978.0,358.04,356.1,358.31,358.63,358.33,360.18,359.34,359.54,357.23,343.08,0.1575,19400,3,0.98
979.0,357.89,355.96,358.21,358.51,358.22,360.03,359.15,359.35,356.97,342.9,0.1575,19400,3,0.98
980.0,357.74,355.86,358.12,358.39,358.13,359.89,358.98,359.19,356.58,342.7,0.1575,19400,3,0.98
981.0,357.5,355.72,357.97,358.29,357.98,359.77,358.73,359.01,355.92,342.37,0.1575,19400,3,0.98
982.0,357.29,355.59,357.83,358.2,357.86,359.69,358.49,358.89,355.3,342.06,0.1575,19400,3,0.98
983.0,357.17,355.51,357.73,358.1,357.77,359.57,358.33,358.68,354.96,341.88,0.1575,19400,3,0.98
984.0,357.08,355.44,357.64,358.0,357.69,359.47,358.19,358.43,354.71,341.71,0.1575,19400,3,0.98
985.0,357.03,355.39,357.57,357.92,357.61,359.36,358.06,358.16,354.51,341.53,0.1575,19400,3,0.98
986.0,357.01,355.33,357.48,357.83,357.52,359.27,357.95,357.97,354.31,341.32,0.1575,19400,3,0.98
987.0,357.0,355.29,357.4,357.77,357.44,359.2,357.83,357.88,354.07,341.11,0.1575,19400,3,0.98
988.0,356.98,355.24,357.32,357.69,357.35,359.11,357.72,357.79,353.88,340.9,0.1575,19400,3,0.98
989.0,356.95,355.19,357.25,357.64,357.29,359.06,357.62,357.74,353.8,340.69,0.1575,19400,3,0.98
990.0,356.86,355.09,357.15,357.58,357.19,358.99,357.49,357.68,353.75,340.39,0.1575,19400,3,0.98
991.0,356.75,355.02,357.07,357.51,357.1,358.91,357.36,357.63,353.62,340.08,0.1575,19400,3,0.98
992.0,356.71,355.0,357.01,357.45,357.04,358.84,357.28,357.58,353.48,339.87,0.1575,19400,3,0.98
993.0,356.68,354.98,356.97,357.39,356.99,358.77,357.21,357.54,353.35,339.67,0.1575,19400,3,0.98
994.0,356.64,354.94,356.92,357.32,356.93,358.7,357.14,357.45,353.24,339.47,0.1575,19400,3,0.98
995.0,356.6,354.9,356.88,357.26,356.88,358.63,357.08,357.35,353.1,339.26,0.1575,19400,3,0.98
996.0,356.54,354.87,356.84,357.22,356.82,358.58,357.02,357.29,352.94,339.06,0.1575,19400,3,0.98
997.0,356.48,354.81,356.79,357.17,356.77,358.53,356.95,357.21,352.78,338.86,0.1575,19400,3,0.98
998.0,356.43,354.77,356.75,357.11,356.72,358.47,356.89,357.15,352.67,338.67,0.1575,19400,3,0.98
999.0,356.34,354.75,356.7,357.06,356.65,358.41,356.81,357.1,352.57,338.41,0.1575,19400,3,0.98
1000.0,356.24,354.7,356.65,357.01,356.59,358.35,356.75,357.04,352.58,338.17,0.1575,19400,3,0.98
1001.0,356.2,354.63,356.61,356.98,356.54,358.32,356.7,357.0,352.66,338.04,0.1575,19400,3,0.98
1002.0,356.15,354.61,356.58,356.95,356.51,358.27,356.66,356.93,352.74,337.91,0.1575,19400,3,0.98
1003.0,356.11,354.61,356.55,356.9,356.47,358.23,356.63,356.87,352.78,337.79,0.1575,19400,3,0.98
1004.0,356.07,354.6,356.53,356.86,356.43,358.18,356.6,356.8,352.69,337.67,0.1575,19400,3,0.98
1005.0,356.05,354.61,356.51,356.82,356.4,358.14,356.54,356.76,352.65,337.55,0.1575,19400,3,0.98
1006.0,356.04,354.61,356.47,356.77,356.36,358.09,356.51,356.74,352.71,337.42,0.1575,19400,3,0.98
1007.0,356.04,354.62,356.46,356.74,356.33,358.05,356.47,356.72,352.78,337.28,0.1575,19400,3,0.98
1008.0,356.02,354.62,356.43,356.69,356.28,358.0,356.45,356.67,352.87,337.04,0.1575,19400,3,0.98
1009.0,355.97,354.63,356.41,356.65,356.22,357.96,356.41,356.63,352.94,336.77,0.1575,19400,3,0.98
1010.0,355.95,354.63,356.39,356.63,356.19,357.93,356.38,356.63,352.98,336.6,0.1575,19400,3,0.98
1011.0,355.94,354.63,356.37,356.59,356.17,357.88,356.36,356.62,353.01,336.43,0.1575,19400,3,0.98
1012.0,355.92,354.63,356.36,356.55,356.12,357.85,356.33,356.61,353.02,336.24,0.1575,19400,3,0.98
1013.0,355.91,354.63,356.35,356.51,356.08,357.81,356.3,356.59,352.99,336.0,0.1575,19400,3,0.98
1014.0,355.88,354.62,356.33,356.48,356.05,357.77,356.27,356.56,352.95,335.74,0.1575,19400,3,0.98
1015.0,355.85,354.57,356.32,356.44,356.01,357.73,356.25,356.52,352.85,335.47,0.1575,19400,3,0.98
1016.0,355.81,354.51,356.3,356.42,355.98,357.7,356.24,356.47,352.74,335.22,0.1575,19400,3,0.98
1017.0,355.75,354.49,356.28,356.39,355.95,357.66,356.2,356.42,352.62,334.87,0.1575,19400,3,0.98
1018.0,355.71,354.49,356.25,356.37,355.91,357.63,356.16,356.4,352.48,334.54,0.1575,19400,3,0.98
1019.0,355.69,354.49,356.24,356.34,355.88,357.6,356.13,356.37,352.36,334.37,0.1575,19400,3,0.98
1020.0,355.7,354.5,356.22,356.33,355.86,357.57,356.11,356.33,352.28,334.21,0.1575,19400,3,0.98
1021.0,355.7,354.5,356.21,356.3,355.85,357.55,356.09,356.24,352.23,334.08,0.1575,19400,3,0.98
1022.0,355.68,354.5,356.2,356.29,355.83,357.54,356.05,356.22,352.17,333.95,0.1575,19400,3,0.98
1023.0,355.65,354.49,356.19,356.28,355.81,357.52,356.02,356.23,352.06,333.82,0.1575,19400,3,0.98
1024.0,355.63,354.46,356.17,356.27,355.78,357.5,355.99,356.22,351.94,333.68,0.1575,19400,3,0.98
1025.0,355.62,354.44,356.16,356.26,355.76,357.49,355.98,356.21,351.82,333.58,0.1575,19400,3,0.98
1026.0,355.62,354.42,356.15,356.25,355.74,357.47,355.97,356.19,351.69,333.49,0.1575,19400,3,0.98
1027.0,355.6,354.38,356.13,356.24,355.73,357.44,355.92,356.15,351.64,333.41,0.1575,19400,3,0.98
1028.0,355.59,354.36,356.12,356.24,355.71,357.42,355.88,356.05,351.62,333.32,0.1575,19400,3,0.98
1029.0,355.56,354.35,356.11,356.23,355.7,357.4,355.87,355.87,351.61,333.21,0.1575,19400,3,0.98
1030.0,355.54,354.34,356.09,356.22,355.69,357.39,355.85,355.75,351.6,333.09,0.1575,19400,3,0.98
1031.0,355.52,354.34,356.08,356.22,355.68,357.38,355.8,355.71,351.62,332.98,0.1575,19400,3,0.98
1032.0,355.52,354.35,356.08,356.21,355.67,357.36,355.75,355.68,351.66,332.83,0.1575,19400,3,0.98
1033.0,355.49,354.35,356.06,356.2,355.66,357.35,355.71,355.68,351.6,332.65,0.1575,19400,3,0.98
1034.0,355.49,354.37,356.05,356.19,355.66,357.33,355.68,355.73,351.53,332.42,0.1575,19400,3,0.98
1035.0,355.49,354.37,356.04,356.2,355.64,357.32,355.67,355.79,351.44,332.11,0.1575,19400,3,0.98
1036.0,355.46,354.34,356.02,356.18,355.62,357.3,355.67,355.84,351.37,331.8,0.1575,19400,3,0.98
1037.0,355.44,354.34,356.0,356.18,355.62,357.29,355.67,355.86,351.4,331.6,0.1575,19400,3,0.98
1038.0,355.43,354.33,355.98,356.18,355.62,357.28,355.69,355.87,351.36,331.38,0.1575,19400,3,0.98
1039.0,355.42,354.33,355.97,356.17,355.61,357.27,355.69,355.9,351.28,331.19,0.1575,19400,3,0.98
1040.0,355.41,354.31,355.97,356.16,355.6,357.26,355.69,355.92,351.16,331.03,0.1575,19400,3,0.98
1041.0,355.37,354.3,355.95,356.15,355.59,357.24,355.7,355.94,351.05,330.88,0.1575,19400,3,0.98
1042.0,355.33,354.28,355.92,356.14,355.58,357.22,355.68,355.96,350.97,330.73,0.1575,19400,3,0.98
1043.0,355.29,354.31,355.92,356.13,355.57,357.21,355.69,355.97,350.91,330.57,0.1575,19400,3,0.98
1044.0,355.23,354.3,355.9,356.12,355.56,357.2,355.68,355.98,350.9,330.29,0.1575,19400,3,0.98
1045.0,355.18,354.27,355.88,356.11,355.55,357.19,355.67,355.98,350.91,330.02,0.1575,19400,3,0.98
1046.0,355.17,354.25,355.87,356.1,355.54,357.19,355.67,355.99,350.95,329.85,0.1575,19400,3,0.98
1047.0,355.15,354.26,355.86,356.09,355.53,357.18,355.67,356.0,351.02,329.69,0.1575,19400,3,0.98
1048.0,355.14,354.26,355.84,356.08,355.52,357.17,355.67,356.0,351.05,329.51,0.1575,19400,3,0.98
1049.0,355.13,354.26,355.83,356.07,355.51,357.17,355.66,356.0,351.0,329.39,0.1575,19400,3,0.98
1050.0,355.13,354.26,355.82,356.05,355.5,357.15,355.66,355.94,351.02,329.22,0.1575,19400,3,0.98
1051.0,355.12,354.27,355.8,356.03,355.49,357.13,355.65,355.92,351.07,329.12,0.1575,19400,3,0.98
1052.0,355.14,354.28,355.8,356.02,355.48,357.13,355.65,355.9,351.09,329.02,0.1575,19400,3,0.98
1053.0,355.15,354.3,355.79,356.0,355.45,357.12,355.63,355.89,351.04,328.81,0.1575,19400,3,0.98
1054.0,355.15,354.28,355.77,355.98,355.43,357.1,355.62,355.88,350.95,328.6,0.1575,19400,3,0.98
1055.0,355.15,354.28,355.78,355.97,355.42,357.1,355.62,355.87,350.88,328.47,0.1575,19400,3,0.98
1056.0,355.14,354.29,355.76,355.96,355.41,357.09,355.61,355.85,350.84,328.38,0.1575,19400,3,0.98
1057.0,355.14,354.29,355.76,355.94,355.39,357.08,355.61,355.85,350.81,328.31,0.1575,19400,3,0.98
1058.0,355.14,354.29,355.75,355.93,355.37,357.08,355.59,355.85,350.77,328.26,0.1575,19400,3,0.98
1059.0,355.11,354.28,355.74,355.92,355.35,357.07,355.56,355.86,350.81,328.23,0.1575,19400,3,0.98
1060.0,355.08,354.28,355.74,355.91,355.34,357.06,355.54,355.87,350.92,328.2,0.1575,19400,3,0.98
1061.0,355.05,354.27,355.72,355.91,355.33,357.05,355.51,355.88,351.01,328.15,0.1575,19400,3,0.98
1062.0,355.01,354.23,355.72,355.88,355.31,357.03,355.45,355.87,351.15,328.06,0.1575,19400,3,0.98
1063.0,354.93,354.16,355.7,355.87,355.28,357.02,355.42,355.85,351.2,327.97,0.1575,19400,3,0.98
1064.0,354.86,354.11,355.7,355.84,355.26,357.0,355.41,355.83,351.11,327.91,0.1575,19400,3,0.98
1065.0,354.82,354.11,355.69,355.82,355.25,356.99,355.41,355.81,350.93,327.85,0.1575,19400,3,0.98
1066.0,354.8,354.12,355.68,355.81,355.23,356.97,355.4,355.78,350.7,327.79,0.1575,19400,3,0.98
1067.0,354.76,354.13,355.67,355.79,355.2,356.94,355.4,355.75,350.55,327.73,0.1575,19400,3,0.98
1068.0,354.72,354.12,355.67,355.79,355.2,356.92,355.39,355.73,350.45,327.65,0.1575,19400,3,0.98
1069.0,354.69,354.1,355.65,355.77,355.17,356.9,355.39,355.72,350.34,327.55,0.1575,19400,3,0.98
1070.0,354.67,354.08,355.63,355.75,355.16,356.88,355.38,355.69,350.24,327.44,0.1575,19400,3,0.98
1071.0,354.64,354.06,355.6,355.73,355.12,356.86,355.37,355.66,350.17,327.24,0.1575,19400,3,0.98
1072.0,354.62,354.06,355.57,355.72,355.09,356.83,355.35,355.61,350.16,327.03,0.1575,19400,3,0.98
1073.0,354.63,354.06,355.55,355.7,355.07,356.8,355.35,355.57,350.19,326.96,0.1575,19400,3,0.98
1074.0,354.64,354.04,355.53,355.69,355.05,356.76,355.32,355.47,350.22,326.9,0.1575,19400,3,0.98
1075.0,354.65,354.03,355.51,355.67,355.02,356.71,355.3,355.29,350.21,326.82,0.1575,19400,3,0.98
1076.0,354.64,354.01,355.49,355.64,354.97,356.65,355.26,355.19,350.22,326.7,0.1575,19400,3,0.98
1077.0,354.63,353.99,355.47,355.62,354.94,356.6,355.2,355.1,350.25,326.55,0.1575,19400,3,0.98
1078.0,354.62,353.97,355.46,355.59,354.9,356.56,355.14,355.02,350.21,326.39,0.1575,19400,3,0.98
1079.0,354.61,353.94,355.43,355.54,354.87,356.53,355.06,354.94,350.16,326.23,0.1575,19400,3,0.98
1080.0,354.62,353.91,355.41,355.5,354.81,356.52,354.95,354.94,350.07,325.97,0.1575,19400,3,0.98
1081.0,354.62,353.89,355.38,355.44,354.75,356.49,354.87,354.92,350.02,325.79,0.1575,19400,3,0.98
1082.0,354.65,353.9,355.36,355.38,354.72,356.47,354.84,354.91,350.04,325.73,0.1575,19400,3,0.98
1083.0,354.65,353.88,355.32,355.34,354.66,356.44,354.81,354.93,350.07,325.68,0.1575,19400,3,0.98
1084.0,354.66,353.87,355.3,355.29,354.64,356.42,354.79,354.91,350.1,325.64,0.1575,19400,3,0.98
1085.0,354.67,353.86,355.27,355.26,354.61,356.4,354.73,354.86,350.02,325.58,0.1575,19400,3,0.98
1086.0,354.67,353.84,355.23,355.23,354.6,356.37,354.69,354.86,349.95,325.52,0.1575,19400,3,0.98
1087.0,354.66,353.82,355.19,355.21,354.57,356.36,354.63,354.88,349.9,325.45,0.1575,19400,3,0.98
1088.0,354.64,353.78,355.15,355.19,354.55,356.32,354.57,354.91,349.78,325.39,0.1575,19400,3,0.98
1089.0,354.63,353.75,355.1,355.17,354.53,356.3,354.54,354.94,349.63,325.3,0.1575,19400,3,0.98
1090.0,354.6,353.72,355.04,355.15,354.48,356.27,354.51,354.83,349.56,325.18,0.1575,19400,3,0.98
1091.0,354.56,353.71,355.01,355.12,354.47,356.24,354.5,354.83,349.58,325.08,0.1575,19400,3,0.98
1092.0,354.54,353.68,354.99,355.1,354.45,356.22,354.48,354.87,349.6,324.97,0.1575,19400,3,0.98
1093.0,354.52,353.67,354.97,355.08,354.43,356.21,354.48,354.89,349.59,324.89,0.1575,19400,3,0.98
1094.0,354.49,353.66,354.94,355.08,354.41,356.21,354.5,354.89,349.59,324.8,0.1575,19400,3,0.98
1095.0,354.48,353.66,354.93,355.05,354.4,356.18,354.51,354.88,349.63,324.7,0.1575,19400,3,0.98
1096.0,354.47,353.68,354.91,355.04,354.38,356.17,354.52,354.85,349.73,324.6,0.1575,19400,3,0.98
1097.0,354.46,353.68,354.9,355.02,354.37,356.14,354.52,354.79,349.84,324.49,0.1575,19400,3,0.98
1098.0,354.45,353.67,354.88,355.03,354.35,356.12,354.52,354.74,350.04,324.4,0.1575,19400,3,0.98
1099.0,354.43,353.67,354.86,355.02,354.34,356.11,354.48,354.7,350.16,324.35,0.1575,19400,3,0.98
1100.0,354.4,353.64,354.85,355.01,354.33,356.09,354.46,354.66,350.1,324.33,0.1575,19400,3,0.98
1101.0,354.41,353.62,354.84,355.01,354.32,356.08,354.44,354.65,349.99,324.3,0.1575,19400,3,0.98
1102.0,354.4,353.59,354.82,355.0,354.31,356.07,354.42,354.63,349.88,324.22,0.1575,19400,3,0.98
1103.0,354.39,353.57,354.81,354.98,354.3,356.06,354.42,354.61,349.75,324.1,0.1575,19400,3,0.98
1104.0,354.38,353.56,354.8,354.95,354.29,356.05,354.42,354.61,349.55,323.96,0.1575,19400,3,0.98
1105.0,354.38,353.59,354.79,354.93,354.29,356.04,354.42,354.63,349.27,323.8,0.1575,19400,3,0.98
1106.0,354.38,353.6,354.76,354.9,354.27,356.03,354.41,354.64,349.01,323.6,0.1575,19400,3,0.98
1107.0,354.36,353.61,354.73,354.88,354.26,356.03,354.4,354.67,348.61,323.3,0.1575,19400,3,0.98
1108.0,354.34,353.62,354.69,354.87,354.23,356.02,354.38,354.68,348.43,323.08,0.1575,19400,3,0.98
1109.0,354.32,353.63,354.66,354.85,354.22,356.0,354.32,354.7,348.39,322.94,0.1575,19400,3,0.98
1110.0,354.29,353.62,354.62,354.83,354.19,355.99,354.25,354.71,348.39,322.83,0.1575,19400,3,0.98
1111.0,354.28,353.62,354.61,354.82,354.17,355.95,354.17,354.7,348.38,322.7,0.1575,19400,3,0.98
1112.0,354.27,353.62,354.59,354.79,354.16,355.92,354.09,354.66,348.33,322.57,0.1575,19400,3,0.98
1113.0,354.26,353.62,354.57,354.77,354.15,355.88,354.03,354.55,348.34,322.46,0.1575,19400,3,0.98
1114.0,354.25,353.62,354.56,354.77,354.14,355.85,354.0,354.35,348.45,322.42,0.1575,19400,3,0.98
1115.0,354.24,353.61,354.55,354.76,354.12,355.8,353.98,354.23,348.67,322.46,0.1575,19400,3,0.98
1116.0,354.23,353.6,354.54,354.73,354.1,355.74,353.91,354.02,349.11,322.54,0.1575,19400,3,0.98
1117.0,354.23,353.58,354.52,354.71,354.08,355.69,353.81,353.82,349.6,322.59,0.1575,19400,3,0.98
1118.0,354.23,353.58,354.51,354.69,354.06,355.63,353.74,353.69,349.96,322.61,0.1575,19400,3,0.98
1119.0,354.22,353.57,354.5,354.68,354.05,355.58,353.69,353.59,350.28,322.63,0.1575,19400,3,0.98
1120.0,354.23,353.57,354.51,354.66,354.04,355.53,353.65,353.52,350.56,322.64,0.1575,19400,3,0.98
1121.0,354.23,353.57,354.49,354.66,354.01,355.51,353.63,353.52,350.78,322.64,0.1575,19400,3,0.98
1122.0,354.22,353.56,354.48,354.66,353.96,355.49,353.61,353.55,350.94,322.64,0.1575,19400,3,0.98
1123.0,354.22,353.55,354.48,354.61,353.9,355.44,353.58,353.6,351.04,322.62,0.1575,19400,3,0.98
1124.0,354.21,353.53,354.46,354.57,353.85,355.42,353.56,353.64,351.12,322.58,0.1575,19400,3,0.98
1125.0,354.19,353.51,354.44,354.51,353.77,355.38,353.52,353.68,351.17,322.5,0.1575,19400,3,0.98
1126.0,354.19,353.5,354.43,354.45,353.7,355.34,353.53,353.71,351.16,322.38,0.1575,19400,3,0.98
1127.0,354.19,353.48,354.42,354.38,353.64,355.32,353.53,353.73,351.11,322.34,0.1575,19400,3,0.98
1128.0,354.18,353.46,354.41,354.3,353.6,355.28,353.54,353.74,351.04,322.36,0.1575,19400,3,0.98
1129.0,354.16,353.44,354.38,354.28,353.55,355.26,353.53,353.74,350.95,322.41,0.1575,19400,3,0.98
1130.0,354.14,353.44,354.36,354.22,353.5,355.22,353.52,353.73,350.88,322.47,0.1575,19400,3,0.98
1131.0,354.12,353.42,354.33,354.17,353.48,355.19,353.49,353.71,350.85,322.5,0.1575,19400,3,0.98
1132.0,354.1,353.39,354.29,354.13,353.43,355.17,353.47,353.7,350.8,322.47,0.1575,19400,3,0.98
1133.0,354.07,353.36,354.24,354.1,353.4,355.14,353.45,353.73,350.75,322.47,0.1575,19400,3,0.98
1134.0,354.04,353.33,354.18,354.07,353.37,355.1,353.44,353.74,350.69,322.46,0.1575,19400,3,0.98
1135.0,353.99,353.29,354.12,354.04,353.32,355.09,353.42,353.76,350.66,322.42,0.1575,19400,3,0.98
1136.0,353.96,353.25,354.09,354.04,353.31,355.08,353.41,353.76,350.63,322.35,0.1575,19400,3,0.98
1137.0,353.94,353.22,354.05,354.02,353.28,355.05,353.41,353.75,350.58,322.25,0.1575,19400,3,0.98
1138.0,353.91,353.2,354.04,354.0,353.27,355.03,353.4,353.73,350.54,322.13,0.1575,19400,3,0.98
1139.0,353.89,353.18,354.01,353.98,353.27,355.02,353.39,353.7,350.45,322.02,0.1575,19400,3,0.98
1140.0,353.87,353.17,353.99,353.97,353.24,355.01,353.39,353.66,350.24,321.91,0.1575,19400,3,0.98
1141.0,353.83,353.15,353.97,353.96,353.21,354.98,353.37,353.59,349.8,321.78,0.1575,19400,3,0.98
1142.0,353.82,353.13,353.94,353.95,353.2,354.97,353.35,353.52,349.26,321.66,0.1575,19400,3,0.98
1143.0,353.78,353.11,353.92,353.94,353.18,354.96,353.32,353.48,348.57,321.49,0.1575,19400,3,0.98
1144.0,353.73,353.09,353.89,353.93,353.17,354.95,353.3,353.46,348.1,321.4,0.1575,19400,3,0.98
1145.0,353.71,353.07,353.87,353.92,353.16,354.95,353.29,353.31,347.95,321.38,0.1575,19400,3,0.98
1146.0,353.67,353.06,353.86,353.9,353.16,354.94,353.26,353.06,347.89,321.36,0.1575,19400,3,0.98
1147.0,353.63,353.05,353.84,353.89,353.15,354.93,353.26,352.92,347.89,321.36,0.1575,19400,3,0.98
1148.0,353.6,353.03,353.82,353.88,353.15,354.91,353.23,352.97,347.93,321.39,0.1575,19400,3,0.98
1149.0,353.57,353.03,353.79,353.87,353.14,354.88,353.19,353.03,348.01,321.43,0.1575,19400,3,0.98
1150.0,353.55,353.01,353.76,353.87,353.14,354.86,353.15,353.06,348.08,321.47,0.1575,19400,3,0.98
1151.0,353.51,352.99,353.72,353.86,353.13,354.83,353.1,353.09,348.18,321.5,0.1575,19400,3,0.98
1152.0,353.48,352.97,353.7,353.84,353.12,354.8,353.03,353.12,348.23,321.45,0.1575,19400,3,0.98
1153.0,353.45,352.93,353.65,353.82,353.1,354.77,353.0,353.16,348.28,321.33,0.1575,19400,3,0.98
1154.0,353.43,352.92,353.62,353.79,353.07,354.74,352.98,353.2,348.26,321.21,0.1575,19400,3,0.98
1155.0,353.4,352.89,353.58,353.77,353.05,354.72,352.94,353.22,348.17,321.06,0.1575,19400,3,0.98
1156.0,353.39,352.87,353.54,353.74,353.01,354.69,352.92,353.09,348.06,320.9,0.1575,19400,3,0.98
1157.0,353.37,352.85,353.5,353.72,352.99,354.67,352.89,352.97,347.98,320.74,0.1575,19400,3,0.98
1158.0,353.36,352.81,353.47,353.71,352.97,354.66,352.89,352.82,347.94,320.63,0.1575,19400,3,0.98
1159.0,353.34,352.8,353.44,353.69,352.94,354.64,352.88,352.75,347.87,320.56,0.1575,19400,3,0.98
1160.0,353.32,352.77,353.41,353.67,352.93,354.63,352.87,352.72,347.81,320.53,0.1575,19400,3,0.98
1161.0,353.29,352.72,353.37,353.66,352.89,354.61,352.86,352.75,347.76,320.47,0.1575,19400,3,0.98
1162.0,353.28,352.68,353.34,353.64,352.88,354.6,352.85,352.82,347.72,320.37,0.1575,19400,3,0.98
1163.0,353.27,352.66,353.33,353.62,352.87,354.58,352.84,352.87,347.6,320.26,0.1575,19400,3,0.98
1164.0,353.25,352.62,353.31,353.61,352.86,354.57,352.81,352.91,347.5,320.13,0.1575,19400,3,0.98
1165.0,353.24,352.59,353.29,353.59,352.85,354.55,352.77,352.94,347.44,319.98,0.1575,19400,3,0.98
1166.0,353.23,352.55,353.29,353.56,352.84,354.53,352.75,352.97,347.4,319.81,0.1575,19400,3,0.98
1167.0,353.23,352.51,353.26,353.54,352.83,354.51,352.72,352.99,347.44,319.66,0.1575,19400,3,0.98
1168.0,353.21,352.49,353.25,353.52,352.81,354.5,352.7,353.0,347.5,319.56,0.1575,19400,3,0.98
1169.0,353.18,352.47,353.23,353.51,352.8,354.48,352.71,352.99,347.6,319.52,0.1575,19400,3,0.98
1170.0,353.15,352.46,353.21,353.49,352.77,354.46,352.7,353.0,347.74,319.52,0.1575,19400,3,0.98
1171.0,353.13,352.47,353.19,353.46,352.76,354.44,352.7,353.0,347.9,319.51,0.1575,19400,3,0.98
1172.0,353.11,352.46,353.17,353.45,352.75,354.42,352.68,353.0,347.99,319.51,0.1575,19400,3,0.98
1173.0,353.09,352.46,353.13,353.43,352.73,354.38,352.67,352.98,348.07,319.54,0.1575,19400,3,0.98
1174.0,353.07,352.45,353.12,353.42,352.7,354.34,352.65,352.97,348.12,319.55,0.1575,19400,3,0.98
1175.0,353.05,352.43,353.1,353.41,352.67,354.31,352.64,352.96,348.19,319.55,0.1575,19400,3,0.98
1176.0,353.05,352.41,353.08,353.38,352.64,354.27,352.63,352.94,348.13,319.5,0.1575,19400,3,0.98
1177.0,353.01,352.39,353.06,353.37,352.6,354.24,352.61,352.92,348.01,319.46,0.1575,19400,3,0.98
1178.0,352.99,352.35,353.03,353.35,352.57,354.22,352.6,352.92,347.89,319.39,0.1575,19400,3,0.98
1179.0,352.94,352.3,353.01,353.33,352.56,354.2,352.53,352.91,347.93,319.24,0.1575,19400,3,0.98
1180.0,352.9,352.26,352.98,353.31,352.53,354.17,352.49,352.9,348.07,319.06,0.1575,19400,3,0.98
1181.0,352.86,352.24,352.97,353.3,352.52,354.15,352.46,352.89,348.14,318.92,0.1575,19400,3,0.98
1182.0,352.85,352.24,352.96,353.27,352.5,354.14,352.47,352.89,348.19,318.79,0.1575,19400,3,0.98
1183.0,352.81,352.23,352.94,353.25,352.48,354.12,352.45,352.87,348.23,318.66,0.1575,19400,3,0.98
1184.0,352.79,352.23,352.91,353.22,352.46,354.11,352.43,352.86,348.31,318.56,0.1575,19400,3,0.98
1185.0,352.78,352.23,352.91,353.21,352.44,354.1,352.42,352.85,348.38,318.51,0.1575,19400,3,0.98
1186.0,352.75,352.23,352.89,353.18,352.42,354.08,352.4,352.85,348.4,318.52,0.1575,19400,3,0.98
1187.0,352.74,352.21,352.87,353.16,352.4,354.05,352.36,352.84,348.42,318.56,0.1575,19400,3,0.98
1188.0,352.7,352.19,352.85,353.13,352.36,354.01,352.29,352.82,348.58,318.68,0.1575,19400,3,0.98
1189.0,352.68,352.18,352.82,353.1,352.33,353.96,352.17,352.79,348.81,318.81,0.1575,19400,3,0.98
1190.0,352.66,352.16,352.8,353.07,352.3,353.92,352.11,352.73,348.96,318.87,0.1575,19400,3,0.98
1191.0,352.64,352.14,352.78,353.06,352.28,353.89,352.07,352.65,349.1,318.93,0.1575,19400,3,0.98
1192.0,352.62,352.12,352.75,353.04,352.25,353.87,352.01,352.56,349.22,319.01,0.1575,19400,3,0.98
1193.0,352.6,352.11,352.73,353.01,352.21,353.84,351.94,352.44,349.32,319.11,0.1575,19400,3,0.98
1194.0,352.58,352.1,352.7,352.99,352.18,353.8,351.88,352.35,349.41,319.2,0.1575,19400,3,0.98
1195.0,352.56,352.07,352.67,352.95,352.14,353.76,351.82,352.29,349.49,319.27,0.1575,19400,3,0.98
1196.0,352.55,352.06,352.64,352.91,352.11,353.73,351.78,352.23,349.53,319.35,0.1575,19400,3,0.98
1197.0,352.52,352.03,352.6,352.86,352.06,353.71,351.71,352.18,349.55,319.47,0.1575,19400,3,0.98
1198.0,352.5,352.01,352.56,352.82,352.0,353.68,351.66,352.13,349.57,319.59,0.1575,19400,3,0.98
1199.0,352.45,351.98,352.51,352.78,351.96,353.65,351.63,352.07,349.6,319.66,0.1575,19400,3,0.98
1200.0,352.41,351.95,352.46,352.73,351.92,353.61,351.61,351.99,349.63,319.74,0.1575,19400,3,0.98
1201.0,352.37,351.92,352.4,352.68,351.89,353.57,351.59,351.93,349.68,319.82,0.1575,19400,3,0.98
1202.0,352.34,351.89,352.35,352.64,351.86,353.54,351.54,351.91,349.7,319.88,0.1575,19400,3,0.98
1203.0,352.3,351.86,352.32,352.59,351.83,353.5,351.51,351.91,349.73,319.93,0.1575,19400,3,0.98
1204.0,352.27,351.83,352.3,352.55,351.81,353.46,351.49,351.92,349.74,319.97,0.1575,19400,3,0.98
1205.0,352.25,351.81,352.27,352.51,351.79,353.43,351.47,351.93,349.73,320.0,0.1575,19400,3,0.98
1206.0,352.21,351.75,352.23,352.48,351.74,353.4,351.44,351.95,349.77,320.01,0.1575,19400,3,0.98
1207.0,352.19,351.71,352.18,352.46,351.7,353.37,351.41,351.96,349.78,319.97,0.1575,19400,3,0.98
1208.0,352.19,351.68,352.13,352.43,351.69,353.34,351.39,351.96,349.77,319.93,0.1575,19400,3,0.98
1209.0,352.16,351.65,352.1,352.4,351.66,353.31,351.37,351.94,349.72,319.89,0.1575,19400,3,0.98
1210.0,352.14,351.63,352.06,352.39,351.64,353.3,351.35,351.94,349.67,319.85,0.1575,19400,3,0.98
1211.0,352.11,351.61,352.04,352.36,351.62,353.28,351.35,351.93,349.59,319.8,0.1575,19400,3,0.98
1212.0,352.08,351.59,352.02,352.35,351.6,353.26,351.36,351.93,349.47,319.71,0.1575,19400,3,0.98
1213.0,352.05,351.56,352.0,352.34,351.59,353.25,351.36,351.93,349.34,319.62,0.1575,19400,3,0.98
1214.0,352.02,351.53,351.97,352.31,351.57,353.23,351.36,351.93,349.18,319.54,0.1575,19400,3,0.98
1215.0,352.0,351.51,351.95,352.29,351.54,353.21,351.35,351.92,349.0,319.4,0.1575,19400,3,0.98
1216.0,351.97,351.48,351.91,352.26,351.51,353.19,351.34,351.92,348.94,319.24,0.1575,19400,3,0.98
1217.0,351.93,351.46,351.9,352.24,351.5,353.18,351.33,351.92,348.94,319.13,0.1575,19400,3,0.98
1218.0,351.91,351.45,351.88,352.22,351.49,353.16,351.3,351.9,348.93,319.01,0.1575,19400,3,0.98
1219.0,351.89,351.44,351.87,352.19,351.48,353.14,351.29,351.89,348.92,318.9,0.1575,19400,3,0.98
1220.0,351.86,351.42,351.85,352.18,351.47,353.13,351.29,351.88,348.88,318.79,0.1575,19400,3,0.98
1221.0,351.84,351.4,351.83,352.16,351.44,353.11,351.28,351.87,348.83,318.7,0.1575,19400,3,0.98
1222.0,351.82,351.38,351.8,352.14,351.42,353.08,351.28,351.86,348.75,318.59,0.1575,19400,3,0.98
1223.0,351.81,351.37,351.78,352.12,351.41,353.07,351.27,351.83,348.65,318.47,0.1575,19400,3,0.98
1224.0,351.79,351.34,351.76,352.1,351.4,353.06,351.25,351.8,348.48,318.31,0.1575,19400,3,0.98
1225.0,351.78,351.32,351.73,352.08,351.37,353.04,351.24,351.76,348.22,318.16,0.1575,19400,3,0.98
1226.0,351.77,351.3,351.72,352.06,351.35,353.02,351.22,351.71,347.98,318.07,0.1575,19400,3,0.98
1227.0,351.75,351.29,351.71,352.04,351.33,353.01,351.19,351.68,347.65,318.01,0.1575,19400,3,0.98
1228.0,351.74,351.27,351.69,352.01,351.31,352.99,351.15,351.64,347.33,317.99,0.1575,19400,3,0.98
1229.0,351.74,351.24,351.67,351.98,351.3,352.96,351.1,351.61,347.02,318.0,0.1575,19400,3,0.98
1230.0,351.74,351.22,351.66,351.96,351.28,352.94,351.06,351.56,346.71,318.06,0.1575,19400,3,0.98
1231.0,351.72,351.22,351.65,351.94,351.26,352.91,351.01,351.53,346.42,318.14,0.1575,19400,3,0.98
1232.0,351.69,351.2,351.63,351.93,351.23,352.9,350.97,351.49,346.26,318.23,0.1575,19400,3,0.98
1233.0,351.66,351.19,351.6,351.91,351.19,352.88,350.93,351.45,346.32,318.35,0.1575,19400,3,0.98
1234.0,351.61,351.17,351.56,351.9,351.16,352.86,350.93,351.42,346.49,318.45,0.1575,19400,3,0.98
1235.0,351.59,351.16,351.55,351.89,351.15,352.85,350.92,351.39,346.6,318.48,0.1575,19400,3,0.98
1236.0,351.55,351.13,351.53,351.88,351.13,352.82,350.91,351.36,346.7,318.49,0.1575,19400,3,0.98
1237.0,351.53,351.1,351.5,351.85,351.12,352.79,350.88,351.34,346.81,318.49,0.1575,19400,3,0.98
1238.0,351.51,351.08,351.49,351.83,351.11,352.78,350.86,351.3,346.91,318.48,0.1575,19400,3,0.98
1239.0,351.49,351.04,351.47,351.83,351.1,352.75,350.84,351.25,347.01,318.42,0.1575,19400,3,0.98
1240.0,351.46,351.01,351.44,351.81,351.09,352.72,350.82,351.19,347.05,318.36,0.1575,19400,3,0.98
1241.0,351.44,350.98,351.41,351.81,351.07,352.71,350.8,351.15,347.14,318.28,0.1575,19400,3,0.98
1242.0,351.42,350.93,351.37,351.79,351.06,352.69,350.76,351.09,347.27,318.21,0.1575,19400,3,0.98
1243.0,351.4,350.9,351.34,351.75,351.05,352.67,350.75,351.03,347.32,318.22,0.1575,19400,3,0.98
1244.0,351.39,350.88,351.3,351.72,351.04,352.66,350.74,350.99,347.34,318.23,0.1575,19400,3,0.98
1245.0,351.37,350.86,351.26,351.68,351.0,352.64,350.7,350.96,347.32,318.25,0.1575,19400,3,0.98
1246.0,351.35,350.85,351.24,351.65,350.99,352.63,350.69,350.95,347.29,318.29,0.1575,19400,3,0.98
1247.0,351.33,350.82,351.2,351.61,350.96,352.61,350.65,350.89,347.24,318.32,0.1575,19400,3,0.98
1248.0,351.3,350.81,351.18,351.59,350.94,352.6,350.64,350.89,347.14,318.35,0.1575,19400,3,0.98
1249.0,351.28,350.79,351.15,351.56,350.9,352.58,350.6,350.85,347.01,318.34,0.1575,19400,3,0.98
1250.0,351.24,350.76,351.13,351.52,350.87,352.56,350.58,350.83,346.88,318.3,0.1575,19400,3,0.98
1251.0,351.2,350.72,351.1,351.48,350.82,352.55,350.56,350.85,346.64,318.17,0.1575,19400,3,0.98
1252.0,351.17,350.68,351.06,351.43,350.78,352.53,350.55,350.85,346.48,317.98,0.1575,19400,3,0.98
1253.0,351.15,350.66,351.03,351.4,350.76,352.51,350.54,350.89,346.44,317.87,0.1575,19400,3,0.98
1254.0,351.12,350.63,351.01,351.36,350.73,352.49,350.54,350.91,346.42,317.76,0.1575,19400,3,0.98
1255.0,351.1,350.59,350.98,351.34,350.7,352.49,350.52,350.92,346.4,317.67,0.1575,19400,3,0.98
1256.0,351.08,350.58,350.96,351.3,350.67,352.46,350.52,350.92,346.42,317.56,0.1575,19400,3,0.98
1257.0,351.05,350.56,350.92,351.27,350.64,352.44,350.5,350.93,346.46,317.44,0.1575,19400,3,0.98
1258.0,351.02,350.53,350.89,351.25,350.61,352.42,350.49,350.93,346.52,317.29,0.1575,19400,3,0.98
1259.0,350.99,350.52,350.88,351.23,350.58,352.4,350.48,350.88,346.57,317.11,0.1575,19400,3,0.98
1260.0,350.97,350.49,350.85,351.2,350.55,352.37,350.47,350.81,346.57,316.84,0.1575,19400,3,0.98
1261.0,350.94,350.46,350.83,351.18,350.49,352.34,350.45,350.74,346.5,316.63,0.1575,19400,3,0.98
1262.0,350.93,350.44,350.8,351.15,350.46,352.31,350.42,350.71,346.43,316.55,0.1575,19400,3,0.98
1263.0,350.91,350.42,350.78,351.13,350.44,352.29,350.38,350.64,346.38,316.52,0.1575,19400,3,0.98
1264.0,350.9,350.41,350.77,351.1,350.41,352.25,350.35,350.58,346.34,316.52,0.1575,19400,3,0.98
1265.0,350.89,350.38,350.74,351.08,350.38,352.2,350.32,350.52,346.3,316.53,0.1575,19400,3,0.98
1266.0,350.87,350.37,350.72,351.06,350.35,352.17,350.29,350.47,346.28,316.54,0.1575,19400,3,0.98
1267.0,350.87,350.35,350.7,351.03,350.33,352.14,350.27,350.45,346.29,316.53,0.1575,19400,3,0.98
1268.0,350.85,350.33,350.68,351.02,350.31,352.11,350.26,350.45,346.33,316.49,0.1575,19400,3,0.98
1269.0,350.85,350.29,350.64,351.0,350.28,352.09,350.23,350.44,346.38,316.37,0.1575,19400,3,0.98
1270.0,350.82,350.26,350.61,350.98,350.26,352.07,350.2,350.4,346.39,316.23,0.1575,19400,3,0.98
1271.0,350.8,350.25,350.59,350.96,350.24,352.04,350.18,350.35,346.35,316.13,0.1575,19400,3,0.98
1272.0,350.78,350.23,350.56,350.94,350.23,352.01,350.17,350.34,346.25,316.04,0.1575,19400,3,0.98
1273.0,350.76,350.23,350.54,350.91,350.22,351.98,350.15,350.34,346.03,315.99,0.1575,19400,3,0.98
1274.0,350.74,350.22,350.52,350.89,350.19,351.97,350.13,350.36,345.84,315.94,0.1575,19400,3,0.98
1275.0,350.73,350.21,350.49,350.87,350.18,351.95,350.1,350.38,345.65,315.88,0.1575,19400,3,0.98
1276.0,350.72,350.21,350.49,350.85,350.16,351.94,350.08,350.4,345.39,315.82,0.1575,19400,3,0.98
1277.0,350.71,350.2,350.47,350.81,350.13,351.92,350.06,350.4,345.14,315.74,0.1575,19400,3,0.98
1278.0,350.69,350.19,350.45,350.78,350.1,351.91,350.04,350.38,344.99,315.65,0.1575,19400,3,0.98
1279.0,350.67,350.19,350.43,350.75,350.05,351.88,350.02,350.34,344.99,315.57,0.1575,19400,3,0.98
1280.0,350.66,350.19,350.42,350.73,350.02,351.86,350.0,350.33,345.03,315.51,0.1575,19400,3,0.98
1281.0,350.63,350.18,350.39,350.71,350.0,351.8,349.96,350.32,345.08,315.44,0.1575,19400,3,0.98
1282.0,350.61,350.17,350.38,350.68,349.98,351.74,349.92,350.29,345.16,315.35,0.1575,19400,3,0.98
1283.0,350.6,350.15,350.37,350.66,349.96,351.71,349.89,350.28,345.25,315.27,0.1575,19400,3,0.98
1284.0,350.58,350.11,350.35,350.65,349.93,351.68,349.84,350.25,345.27,315.15,0.1575,19400,3,0.98
1285.0,350.55,350.07,350.34,350.62,349.92,351.65,349.79,350.2,345.22,315.01,0.1575,19400,3,0.98
1286.0,350.53,350.03,350.3,350.61,349.9,351.62,349.73,350.1,345.21,314.83,0.1575,19400,3,0.98
1287.0,350.48,350.0,350.27,350.6,349.88,351.6,349.68,349.96,345.23,314.68,0.1575,19400,3,0.98
1288.0,350.44,349.96,350.25,350.57,349.86,351.57,349.64,349.88,345.25,314.58,0.1575,19400,3,0.98
1289.0,350.4,349.93,350.22,350.55,349.84,351.56,349.63,349.82,345.28,314.51,0.1575,19400,3,0.98
1290.0,350.37,349.89,350.19,350.52,349.83,351.55,349.61,349.79,345.31,314.45,0.1575,19400,3,0.98
1291.0,350.32,349.85,350.15,350.5,349.8,351.53,349.58,349.74,345.38,314.43,0.1575,19400,3,0.98
1292.0,350.29,349.84,350.12,350.47,349.79,351.5,349.57,349.72,345.48,314.41,0.1575,19400,3,0.98
1293.0,350.27,349.81,350.09,350.44,349.78,351.48,349.56,349.69,345.58,314.4,0.1575,19400,3,0.98
1294.0,350.25,349.78,350.05,350.42,349.75,351.46,349.54,349.7,345.6,314.39,0.1575,19400,3,0.98
1295.0,350.24,349.75,350.01,350.38,349.72,351.43,349.52,349.7,345.6,314.35,0.1575,19400,3,0.98
1296.0,350.23,349.73,349.98,350.36,349.69,351.42,349.5,349.71,345.62,314.28,0.1575,19400,3,0.98
1297.0,350.21,349.71,349.94,350.34,349.65,351.39,349.44,349.7,345.63,314.22,0.1575,19400,3,0.98
1298.0,350.16,349.67,349.91,350.31,349.61,351.36,349.41,349.68,345.67,314.32,0.1575,19400,3,0.98
1299.0,349.98,349.65,349.86,350.28,349.58,351.33,349.39,349.65,345.73,314.52,0.1575,19400,3,0.98
1300.0,349.87,349.62,349.81,350.24,349.55,351.3,349.35,349.6,345.8,314.87,0.1575,19400,3,0.98
1301.0,349.76,349.56,349.76,350.17,349.53,351.27,349.32,349.56,345.9,315.38,0.1575,19400,3,0.98
1302.0,349.7,349.53,349.72,350.14,349.5,351.24,349.31,349.55,346.0,315.95,0.1575,19400,3,0.98
1303.0,349.67,349.49,349.68,350.1,349.47,351.2,349.29,349.55,346.07,316.49,0.1575,19400,3,0.98
1304.0,349.66,349.41,349.61,350.07,349.42,351.17,349.25,349.55,346.15,317.23,0.1575,19400,3,0.98
1305.0,349.62,349.33,349.53,350.03,349.37,351.14,349.18,349.53,346.22,317.87,0.1575,19400,3,0.98
1306.0,349.59,349.28,349.48,349.99,349.34,351.1,349.12,349.48,346.26,318.19,0.1575,19400,3,0.98
1307.0,349.56,349.24,349.42,349.95,349.32,351.07,349.08,349.48,346.29,318.45,0.1575,19400,3,0.98
1308.0,349.46,349.18,349.38,349.9,349.29,351.03,349.03,349.47,346.3,318.61,0.1575,19400,3,0.98
1309.0,349.31,349.1,349.31,349.85,349.25,350.99,348.94,349.45,346.29,318.7,0.1575,19400,3,0.98
