window,t_input_start,t_input_end,t_target,MAE_K,TC1_actual,TC2_actual,TC3_actual,TC4_actual,TC5_actual,TC6_actual,TC7_actual,TC8_actual,TC9_actual,TC10_actual,TC1_pred,TC2_pred,TC3_pred,TC4_pred,TC5_pred,TC6_pred,TC7_pred,TC8_pred,TC9_pred,TC10_pred
0,0.0,19.0,919.0,1.154,361.48,361.07,360.71,361.14,360.51,362.19,360.82,360.99,358.78,336.81,360.6,362.69,362.96,362.53,361.35,361.12,361.36,360.47,358.36,338.82
1,1.0,20.0,920.0,1.175,361.41,360.9,360.66,361.13,360.51,362.19,360.78,361.08,358.8,336.96,360.56,362.67,362.95,362.53,361.35,361.12,361.36,360.47,358.28,338.79
2,2.0,21.0,921.0,1.182,361.3,360.76,360.62,361.14,360.51,362.19,360.7,361.11,358.76,337.05,360.52,362.63,362.94,362.52,361.34,361.13,361.38,360.51,358.16,338.75
3,3.0,22.0,922.0,1.173,361.24,360.68,360.58,361.14,360.52,362.19,360.66,361.1,358.63,337.1,360.48,362.61,362.93,362.5,361.35,361.12,361.39,360.53,358.09,338.69
4,4.0,23.0,923.0,1.163,361.18,360.61,360.55,361.11,360.5,362.17,360.62,361.06,358.51,337.15,360.46,362.6,362.91,362.48,361.35,361.08,361.39,360.53,358.03,338.63
5,5.0,24.0,924.0,1.133,361.12,360.58,360.51,361.1,360.49,362.13,360.61,360.92,358.46,337.24,360.43,362.58,362.9,362.47,361.33,361.08,361.4,360.54,358.03,338.62
6,6.0,25.0,925.0,1.089,361.07,360.6,360.46,361.1,360.51,362.06,360.61,360.74,358.47,337.35,360.41,362.57,362.89,362.48,361.33,361.08,361.41,360.54,358.11,338.63
7,7.0,26.0,926.0,1.054,361.01,360.65,360.41,361.09,360.51,362.01,360.61,360.63,358.51,337.47,360.39,362.57,362.87,362.45,361.33,361.08,361.42,360.54,358.2,338.67
8,8.0,27.0,927.0,1.038,360.98,360.68,360.35,361.08,360.51,361.95,360.59,360.5,358.56,337.58,360.38,362.56,362.87,362.46,361.34,361.07,361.44,360.54,358.29,338.72
9,9.0,28.0,928.0,1.044,360.98,360.65,360.28,361.06,360.5,361.89,360.57,360.44,358.64,337.7,360.36,362.53,362.88,362.46,361.34,361.09,361.44,360.54,358.34,338.75
10,10.0,29.0,929.0,1.062,361.01,360.58,360.18,361.04,360.47,361.86,360.54,360.41,358.72,337.85,360.31,362.51,362.85,362.45,361.34,361.1,361.44,360.54,358.43,338.81
11,11.0,30.0,930.0,1.077,361.03,360.49,360.1,361.03,360.42,361.84,360.49,360.37,358.78,337.97,360.29,362.49,362.84,362.44,361.33,361.11,361.46,360.53,358.58,338.88
12,12.0,31.0,931.0,1.07,361.01,360.47,360.06,361.05,360.4,361.81,360.46,360.32,358.8,338.04,360.23,362.41,362.84,362.44,361.35,361.13,361.53,360.57,358.79,338.9
13,13.0,32.0,932.0,1.124,360.97,360.44,360.02,361.05,360.38,361.8,360.43,360.24,358.83,338.09,360.22,362.33,362.84,362.42,361.37,361.14,361.65,360.76,359.02,338.93
14,14.0,33.0,933.0,1.148,360.9,360.42,359.97,361.04,360.36,361.78,360.43,360.19,358.88,338.11,360.31,362.3,362.83,362.42,361.37,361.18,361.69,360.86,359.22,339.0
15,15.0,34.0,934.0,1.17,360.81,360.39,359.96,360.99,360.35,361.76,360.46,360.11,358.94,338.12,360.56,362.36,362.84,362.44,361.41,361.21,361.77,360.92,359.37,339.11
16,16.0,35.0,935.0,1.184,360.73,360.36,359.93,360.95,360.34,361.73,360.5,360.1,359.01,338.12,360.8,362.47,362.81,362.46,361.43,361.24,361.78,360.94,359.46,339.24
17,17.0,36.0,936.0,1.267,360.66,360.33,359.92,360.89,360.32,361.69,360.53,360.21,359.01,338.1,361.16,362.7,362.8,362.49,361.47,361.3,361.83,360.93,359.51,339.36
18,18.0,37.0,937.0,1.346,360.6,360.31,359.92,360.81,360.3,361.66,360.53,360.35,358.9,338.07,361.44,362.79,362.81,362.53,361.51,361.36,361.94,360.95,359.5,339.47
19,19.0,38.0,938.0,1.467,360.52,360.26,359.93,360.73,360.29,361.66,360.49,360.39,358.55,338.02,361.78,362.84,362.81,362.56,361.56,361.41,362.03,360.95,359.48,339.58
20,20.0,39.0,939.0,1.571,360.48,360.21,359.96,360.65,360.27,361.66,360.43,360.36,358.25,338.02,362.09,362.93,362.83,362.58,361.59,361.45,362.08,360.97,359.43,339.64
21,21.0,40.0,940.0,1.637,360.46,360.2,359.97,360.6,360.26,361.66,360.4,360.32,358.21,338.09,362.51,363.08,362.88,362.61,361.65,361.5,362.05,360.96,359.33,339.63
22,22.0,41.0,941.0,1.689,360.48,360.2,359.97,360.53,360.23,361.66,360.41,360.33,358.22,338.16,362.91,363.31,362.96,362.65,361.71,361.56,362.06,360.95,359.22,339.55
23,23.0,42.0,942.0,1.726,360.5,360.19,359.99,360.47,360.19,361.66,360.42,360.34,358.28,338.22,363.16,363.55,363.02,362.71,361.76,361.59,362.04,360.93,359.16,339.46
24,24.0,43.0,943.0,1.777,360.5,360.19,359.99,360.44,360.15,361.68,360.44,360.35,358.31,338.29,363.49,363.77,363.1,362.77,361.83,361.65,362.05,360.9,359.09,339.4
25,25.0,44.0,944.0,1.803,360.52,360.21,359.99,360.42,360.11,361.71,360.48,360.37,358.37,338.39,363.81,363.93,363.18,362.83,361.87,361.67,362.04,360.87,358.98,339.34
26,26.0,45.0,945.0,1.811,360.54,360.21,359.99,360.43,360.08,361.73,360.51,360.4,358.43,338.48,364.03,364.09,363.26,362.88,361.91,361.69,362.04,360.8,358.85,339.27
27,27.0,46.0,946.0,1.831,360.56,360.25,359.99,360.43,360.05,361.74,360.52,360.41,358.52,338.58,364.29,364.26,363.36,362.94,361.96,361.71,362.04,360.72,358.76,339.24
28,28.0,47.0,947.0,1.861,360.53,360.27,359.99,360.43,360.04,361.73,360.52,360.41,358.59,338.66,364.52,364.45,363.46,363.0,362.0,361.73,362.04,360.72,358.65,339.2
29,29.0,48.0,948.0,1.942,360.48,360.28,360.0,360.44,360.04,361.73,360.52,360.42,358.56,338.73,364.83,364.7,363.64,363.07,362.08,361.76,362.06,360.69,358.46,339.12
30,30.0,49.0,949.0,1.994,360.46,360.27,360.01,360.46,360.02,361.75,360.52,360.43,358.44,338.74,365.08,364.91,363.77,363.11,362.13,361.74,362.04,360.66,358.27,338.96
31,31.0,50.0,950.0,2.007,360.44,360.26,360.01,360.49,360.02,361.75,360.53,360.47,358.31,338.75,365.2,365.0,363.86,363.14,362.18,361.74,362.02,360.64,358.16,338.84
32,32.0,51.0,951.0,2.038,360.44,360.25,360.01,360.53,360.01,361.77,360.54,360.54,358.24,338.76,365.29,365.1,363.96,363.19,362.21,361.76,362.01,360.62,358.02,338.68
33,33.0,52.0,952.0,2.089,360.42,360.21,360.03,360.54,360.0,361.76,360.55,360.61,358.23,338.79,365.34,365.18,364.03,363.21,362.24,361.75,362.01,360.6,357.88,338.54
34,34.0,53.0,953.0,2.159,360.44,360.19,360.03,360.57,360.0,361.77,360.54,360.74,358.26,338.85,365.37,365.25,364.1,363.24,362.27,361.75,362.0,360.59,357.76,338.4
35,35.0,54.0,954.0,2.226,360.45,360.16,360.03,360.57,359.99,361.78,360.52,360.84,358.29,338.91,365.37,365.31,364.17,363.25,362.29,361.74,361.99,360.54,357.69,338.25
36,36.0,55.0,955.0,2.278,360.46,360.16,360.0,360.59,359.98,361.8,360.53,360.85,358.35,338.97,365.37,365.33,364.22,363.28,362.3,361.75,361.98,360.46,357.6,338.15
37,37.0,56.0,956.0,2.314,360.41,360.12,359.99,360.6,359.98,361.81,360.52,360.85,358.39,339.04,365.36,365.34,364.26,363.28,362.32,361.74,361.95,360.44,357.55,338.11
38,38.0,57.0,957.0,2.339,360.33,360.02,359.98,360.59,359.97,361.83,360.51,360.86,358.39,339.12,365.3,365.36,364.31,363.28,362.34,361.73,361.9,360.44,357.52,338.2
39,39.0,58.0,958.0,2.352,360.29,359.98,359.95,360.6,359.97,361.85,360.52,360.87,358.42,339.2,365.25,365.39,364.38,363.29,362.36,361.75,361.84,360.43,357.49,338.34
40,40.0,59.0,959.0,2.343,360.27,359.94,359.93,360.6,359.95,361.84,360.53,360.84,358.46,339.27,365.2,365.39,364.41,363.29,362.38,361.77,361.8,360.44,357.55,338.45
41,41.0,60.0,960.0,2.324,360.26,359.93,359.91,360.61,359.95,361.84,360.53,360.77,358.52,339.35,365.15,365.38,364.43,363.31,362.39,361.81,361.76,360.43,357.69,338.54
42,42.0,61.0,961.0,2.296,360.28,359.92,359.89,360.61,359.97,361.83,360.52,360.71,358.56,339.44,365.09,365.37,364.44,363.32,362.42,361.82,361.72,360.45,357.83,338.64
43,43.0,62.0,962.0,2.288,360.28,359.9,359.85,360.63,359.97,361.81,360.49,360.65,358.61,339.54,365.04,365.35,364.45,363.32,362.43,361.84,361.69,360.47,357.96,338.68
44,44.0,63.0,963.0,2.301,360.3,359.88,359.8,360.62,359.98,361.78,360.49,360.62,358.62,339.66,364.99,365.38,364.47,363.34,362.45,361.87,361.69,360.48,358.07,338.66
45,45.0,64.0,964.0,2.323,360.32,359.85,359.75,360.61,359.99,361.75,360.49,360.59,358.63,339.81,364.94,365.4,364.5,363.35,362.45,361.88,361.67,360.5,358.11,338.61
46,46.0,65.0,965.0,2.374,360.39,359.77,359.65,360.58,359.99,361.7,360.43,360.52,358.67,340.02,364.91,365.44,364.54,363.35,362.46,361.9,361.66,360.52,358.11,338.59
47,47.0,66.0,966.0,2.446,360.46,359.72,359.56,360.55,359.96,361.67,360.32,360.43,358.68,340.22,364.9,365.5,364.59,363.37,362.46,361.94,361.65,360.54,358.12,338.6
48,48.0,67.0,967.0,2.495,360.49,359.69,359.5,360.52,359.93,361.62,360.26,360.34,358.64,340.34,364.89,365.54,364.61,363.39,362.46,361.98,361.62,360.55,358.15,338.58
49,49.0,68.0,968.0,2.521,360.56,359.67,359.45,360.48,359.9,361.6,360.23,360.28,358.57,340.44,364.86,365.57,364.63,363.42,362.48,362.01,361.62,360.55,358.21,338.56
50,50.0,69.0,969.0,2.529,360.63,359.66,359.38,360.46,359.87,361.58,360.22,360.22,358.45,340.52,364.82,365.57,364.66,363.43,362.49,362.03,361.61,360.54,358.23,338.57
51,51.0,70.0,970.0,2.54,360.66,359.65,359.33,360.42,359.83,361.53,360.21,360.17,358.33,340.59,364.75,365.59,364.68,363.44,362.51,362.06,361.6,360.54,358.27,338.61
52,52.0,71.0,971.0,2.567,360.69,359.62,359.3,360.4,359.8,361.48,360.18,360.12,358.24,340.66,364.68,365.58,364.7,363.44,362.52,362.1,361.58,360.54,358.31,338.63
53,53.0,72.0,972.0,2.605,360.71,359.59,359.29,360.37,359.77,361.44,360.13,360.08,358.16,340.76,364.62,365.58,364.7,363.44,362.52,362.11,361.58,360.53,358.35,338.6
54,54.0,73.0,973.0,2.631,360.71,359.56,359.29,360.35,359.74,361.4,360.09,360.07,358.09,340.87,364.53,365.55,364.71,363.42,362.52,362.12,361.56,360.51,358.37,338.56
55,55.0,74.0,974.0,2.667,360.65,359.51,359.3,360.33,359.69,361.37,360.02,360.07,358.05,341.02,364.47,365.52,364.69,363.4,362.5,362.12,361.55,360.51,358.41,338.54
56,56.0,75.0,975.0,2.688,360.55,359.46,359.3,360.32,359.63,361.37,359.93,360.08,358.09,341.11,364.38,365.46,364.67,363.38,362.5,362.12,361.57,360.5,358.51,338.58
57,57.0,76.0,976.0,2.689,360.5,359.42,359.32,360.31,359.59,361.36,359.89,360.09,358.14,341.14,364.31,365.39,364.65,363.36,362.48,362.11,361.57,360.49,358.6,338.61
58,58.0,77.0,977.0,2.685,360.47,359.38,359.34,360.29,359.56,361.36,359.87,360.09,358.17,341.15,364.26,365.34,364.63,363.34,362.47,362.1,361.58,360.5,358.65,338.63
59,59.0,78.0,978.0,2.691,360.43,359.34,359.34,360.27,359.52,361.34,359.87,360.09,358.17,341.15,364.22,365.29,364.62,363.33,362.47,362.08,361.59,360.5,358.68,338.64
60,60.0,79.0,979.0,2.688,360.39,359.33,359.32,360.25,359.5,361.32,359.88,360.09,358.09,341.12,364.15,365.25,364.61,363.31,362.44,362.05,361.59,360.51,358.69,338.66
61,61.0,80.0,980.0,2.694,360.34,359.32,359.3,360.2,359.48,361.3,359.93,360.16,357.99,341.08,364.08,365.21,364.57,363.29,362.44,362.04,361.61,360.57,358.71,338.64
62,62.0,81.0,981.0,2.684,360.3,359.36,359.29,360.17,359.49,361.28,359.95,360.26,357.93,341.05,364.0,365.17,364.55,363.27,362.43,362.04,361.63,360.65,358.74,338.67
63,63.0,82.0,982.0,2.682,360.24,359.43,359.25,360.16,359.49,361.27,359.97,360.26,357.9,341.04,363.92,365.14,364.52,363.26,362.43,362.05,361.64,360.7,358.76,338.67
64,64.0,83.0,983.0,2.707,360.19,359.48,359.23,360.15,359.52,361.26,360.03,360.06,357.88,341.04,363.85,365.1,364.5,363.27,362.44,362.07,361.67,360.76,358.8,338.63
65,65.0,84.0,984.0,2.73,360.17,359.45,359.21,360.14,359.58,361.24,360.08,359.92,357.86,341.06,363.74,365.05,364.47,363.28,362.44,362.1,361.69,360.79,358.86,338.53
66,66.0,85.0,985.0,2.749,360.16,359.4,359.19,360.13,359.6,361.25,360.11,359.87,357.86,341.11,363.65,365.01,364.44,363.28,362.43,362.11,361.7,360.8,358.91,338.4
67,67.0,86.0,986.0,2.762,360.12,359.33,359.17,360.12,359.62,361.27,360.15,359.85,357.88,341.16,363.6,364.98,364.42,363.29,362.44,362.13,361.7,360.81,358.93,338.31
68,68.0,87.0,987.0,2.759,360.08,359.28,359.18,360.12,359.65,361.3,360.21,359.89,357.94,341.22,363.55,364.96,364.41,363.3,362.45,362.14,361.71,360.81,358.95,338.24
69,69.0,88.0,988.0,2.745,360.02,359.24,359.2,360.12,359.68,361.34,360.25,359.93,358.03,341.27,363.52,364.94,364.39,363.31,362.45,362.16,361.72,360.81,358.91,338.21
70,70.0,89.0,989.0,2.734,359.96,359.25,359.2,360.13,359.7,361.37,360.2,359.93,358.13,341.32,363.49,364.92,364.37,363.31,362.45,362.16,361.73,360.81,358.88,338.22
71,71.0,90.0,990.0,2.713,359.94,359.27,359.23,360.12,359.72,361.43,360.13,359.94,358.22,341.34,363.45,364.9,364.36,363.32,362.45,362.16,361.74,360.79,358.86,338.25
72,72.0,91.0,991.0,2.69,359.89,359.32,359.24,360.12,359.72,361.49,360.08,359.94,358.3,341.35,363.43,364.88,364.34,363.32,362.46,362.16,361.75,360.78,358.81,338.27
73,73.0,92.0,992.0,2.666,359.84,359.38,359.27,360.13,359.73,361.53,360.01,359.9,358.42,341.34,363.39,364.87,364.33,363.31,362.47,362.16,361.75,360.76,358.75,338.27
74,74.0,93.0,993.0,2.642,359.84,359.39,359.31,360.11,359.73,361.57,359.93,359.88,358.51,341.33,363.33,364.84,364.32,363.31,362.48,362.15,361.77,360.75,358.7,338.3
75,75.0,94.0,994.0,2.617,359.85,359.4,359.35,360.11,359.73,361.58,359.9,359.84,358.51,341.34,363.25,364.81,364.29,363.31,362.46,362.14,361.75,360.74,358.65,338.29
76,76.0,95.0,995.0,2.608,359.85,359.41,359.39,360.12,359.73,361.59,359.82,359.84,358.45,341.36,363.2,364.8,364.26,363.29,362.46,362.12,361.77,360.74,358.61,338.32
77,77.0,96.0,996.0,2.607,359.83,359.39,359.44,360.13,359.73,361.57,359.69,359.85,358.35,341.4,363.11,364.78,364.24,363.26,362.45,362.11,361.77,360.72,358.54,338.34
78,78.0,97.0,997.0,2.615,359.79,359.36,359.48,360.12,359.71,361.55,359.61,359.88,358.25,341.43,363.08,364.77,364.24,363.25,362.43,362.09,361.78,360.71,358.46,338.33
79,79.0,98.0,998.0,2.611,359.75,359.35,359.54,360.11,359.7,361.51,359.58,359.9,358.14,341.45,362.99,364.76,364.23,363.22,362.43,362.08,361.73,360.71,358.4,338.31
80,80.0,99.0,999.0,2.629,359.71,359.34,359.57,360.07,359.7,361.47,359.59,359.91,358.02,341.47,362.96,364.73,364.21,363.22,362.42,362.1,361.77,360.71,358.4,338.33
81,81.0,100.0,1000.0,2.637,359.69,359.34,359.56,360.04,359.69,361.43,359.65,359.91,357.89,341.49,362.9,364.74,364.21,363.12,362.42,362.09,361.82,360.72,358.47,338.42
82,82.0,101.0,1001.0,2.66,359.64,359.27,359.5,360.01,359.66,361.38,359.75,359.97,357.8,341.52,362.83,364.72,364.21,363.18,362.41,362.09,361.78,360.72,358.48,338.36
83,83.0,102.0,1002.0,2.67,359.6,359.2,359.44,360.0,359.61,361.33,359.84,360.04,357.79,341.56,362.79,364.67,364.19,363.17,362.4,362.08,361.77,360.73,358.59,338.39
84,84.0,103.0,1003.0,2.669,359.6,359.18,359.41,359.99,359.58,361.31,359.88,360.13,357.8,341.6,362.72,364.65,364.18,363.16,362.37,362.09,361.76,360.75,358.72,338.43
85,85.0,104.0,1004.0,2.679,359.58,359.16,359.37,359.98,359.55,361.26,359.91,360.24,357.81,341.64,362.68,364.63,364.18,363.15,362.37,362.1,361.76,360.77,358.83,338.45
86,86.0,105.0,1005.0,2.687,359.6,359.1,359.34,359.98,359.52,361.23,359.92,360.34,357.85,341.7,362.63,364.6,364.17,363.2,362.36,362.11,361.76,360.78,358.94,338.48
87,87.0,106.0,1006.0,2.706,359.6,359.01,359.31,359.98,359.51,361.2,359.92,360.35,357.86,341.78,362.61,364.59,364.15,363.15,362.35,362.11,361.77,360.81,359.02,338.52
88,88.0,107.0,1007.0,2.726,359.64,358.96,359.28,359.99,359.5,361.19,359.91,360.32,357.87,341.84,362.61,364.56,364.16,363.13,362.34,362.1,361.73,360.84,359.06,338.46
89,89.0,108.0,1008.0,2.759,359.66,358.93,359.26,359.98,359.48,361.21,359.9,360.23,357.81,341.9,362.62,364.55,364.16,363.09,362.35,362.1,361.75,360.86,359.09,338.42
90,90.0,109.0,1009.0,2.76,359.68,358.91,359.25,359.98,359.47,361.23,359.91,360.17,357.77,341.94,362.49,364.53,364.15,363.11,362.34,362.1,361.76,360.88,359.06,338.38
91,91.0,110.0,1010.0,2.751,359.66,358.86,359.24,359.97,359.43,361.23,359.97,360.13,357.83,341.97,362.45,364.51,364.15,363.09,362.34,362.1,361.76,360.89,358.94,338.36
92,92.0,111.0,1011.0,2.73,359.56,358.8,359.26,359.99,359.39,361.24,360.05,360.15,357.91,341.99,362.41,364.48,364.14,363.08,362.33,362.1,361.76,360.89,358.8,338.33
93,93.0,112.0,1012.0,2.72,359.51,358.76,359.27,359.99,359.36,361.22,360.08,360.21,357.96,342.02,362.37,364.45,364.15,363.07,362.34,362.11,361.79,360.88,358.76,338.36
94,94.0,113.0,1013.0,2.715,359.45,358.71,359.29,360.0,359.33,361.2,360.11,360.24,357.97,342.05,362.33,364.43,364.13,363.08,362.34,362.1,361.78,360.87,358.77,338.42
95,95.0,114.0,1014.0,2.724,359.39,358.66,359.29,360.0,359.29,361.17,360.14,360.24,358.01,342.09,362.31,364.4,364.13,363.07,362.33,362.11,361.78,360.88,358.79,338.47
96,96.0,115.0,1015.0,2.722,359.37,358.62,359.32,359.99,359.25,361.15,360.17,360.25,358.04,342.14,362.27,364.36,364.13,363.05,362.33,362.11,361.78,360.86,358.82,338.49
97,97.0,116.0,1016.0,2.721,359.37,358.61,359.36,359.96,359.21,361.13,360.21,360.27,358.08,342.18,362.24,364.34,364.12,363.06,362.34,362.12,361.78,360.86,358.87,338.49
98,98.0,117.0,1017.0,2.726,359.36,358.59,359.37,359.95,359.17,361.12,360.23,360.32,358.1,342.23,362.21,364.31,364.13,363.06,362.34,362.11,361.79,360.85,358.92,338.49
99,99.0,118.0,1018.0,2.733,359.35,358.59,359.4,359.92,359.13,361.09,360.25,360.37,358.11,342.33,362.19,364.3,364.12,363.04,362.33,362.11,361.8,360.85,358.94,338.47
100,100.0,119.0,1019.0,2.734,359.34,358.62,359.43,359.92,359.08,361.06,360.31,360.41,358.19,342.5,362.16,364.27,364.12,363.04,362.34,362.1,361.81,360.83,358.95,338.43
101,101.0,120.0,1020.0,2.73,359.36,358.64,359.45,359.93,359.04,361.04,360.35,360.41,358.29,342.66,362.1,364.23,364.11,363.04,362.34,362.1,361.81,360.81,358.99,338.37
102,102.0,121.0,1021.0,2.732,359.37,358.66,359.46,359.95,359.02,361.03,360.36,360.36,358.39,342.76,362.05,364.19,364.09,363.03,362.32,362.08,361.81,360.82,359.08,338.31
103,103.0,122.0,1022.0,2.735,359.39,358.69,359.48,359.96,359.02,361.0,360.37,360.31,358.47,342.87,362.03,364.18,364.08,363.02,362.32,362.06,361.83,360.81,359.11,338.27
104,104.0,123.0,1023.0,2.739,359.45,358.72,359.49,359.98,359.02,360.98,360.35,360.25,358.53,342.98,362.01,364.18,364.08,363.01,362.32,362.06,361.82,360.82,359.13,338.23
105,105.0,124.0,1024.0,2.738,359.49,358.75,359.49,359.99,359.03,360.95,360.32,360.22,358.57,343.07,361.97,364.17,364.07,363.0,362.32,362.04,361.83,360.82,359.11,338.21
106,106.0,125.0,1025.0,2.739,359.42,358.79,359.48,360.0,359.06,360.93,360.29,360.21,358.61,343.14,361.94,364.16,364.05,362.99,362.31,362.05,361.83,360.84,359.08,338.22
107,107.0,126.0,1026.0,2.739,359.37,358.81,359.5,360.01,359.1,360.9,360.27,360.21,358.64,343.19,361.91,364.15,364.06,362.99,362.33,362.06,361.85,360.85,359.08,338.26
108,108.0,127.0,1027.0,2.742,359.31,358.8,359.5,360.0,359.13,360.85,360.22,360.25,358.66,343.22,361.88,364.14,364.04,362.99,362.32,362.08,361.84,360.85,359.09,338.31
109,109.0,128.0,1028.0,2.76,359.24,358.73,359.48,359.99,359.21,360.82,360.13,360.3,358.63,343.25,361.85,364.13,364.04,363.0,362.32,362.08,361.84,360.84,359.12,338.34
110,110.0,129.0,1029.0,2.771,359.22,358.68,359.44,359.97,359.27,360.8,360.01,360.41,358.63,343.31,361.81,364.1,364.02,363.0,362.33,362.1,361.84,360.84,359.18,338.38
111,111.0,130.0,1030.0,2.767,359.22,358.67,359.4,359.95,359.27,360.77,359.98,360.51,358.66,343.35,361.75,364.05,364.0,363.0,362.33,362.13,361.83,360.84,359.23,338.41
112,112.0,131.0,1031.0,2.761,359.22,358.67,359.37,359.93,359.27,360.78,360.04,360.52,358.69,343.38,361.7,364.05,363.99,363.0,362.32,362.12,361.83,360.85,359.27,338.42
113,113.0,132.0,1032.0,2.764,359.21,358.66,359.33,359.89,359.25,360.79,360.08,360.52,358.73,343.41,361.65,364.05,363.98,362.98,362.33,362.1,361.84,360.87,359.29,338.41
114,114.0,133.0,1033.0,2.761,359.24,358.66,359.32,359.85,359.23,360.81,360.11,360.52,358.79,343.41,361.63,364.05,363.98,362.97,362.32,362.09,361.85,360.92,359.26,338.35
115,115.0,134.0,1034.0,2.749,359.25,358.69,359.31,359.84,359.23,360.83,360.12,360.52,358.84,343.42,361.62,364.06,363.97,362.97,362.32,362.08,361.86,360.98,359.14,338.3
116,116.0,135.0,1035.0,2.736,359.24,358.72,359.3,359.85,359.23,360.86,360.14,360.54,358.85,343.48,361.62,364.04,363.97,362.95,362.32,362.08,361.86,361.02,359.03,338.29
117,117.0,136.0,1036.0,2.719,359.21,358.77,359.32,359.84,359.23,360.88,360.18,360.58,358.87,343.57,361.6,364.03,363.96,362.95,362.32,362.07,361.87,361.05,358.97,338.32
118,118.0,137.0,1037.0,2.706,359.2,358.83,359.34,359.84,359.24,360.91,360.19,360.64,358.9,343.7,361.59,364.02,363.96,362.94,362.34,362.07,361.87,361.07,358.97,338.38
119,119.0,138.0,1038.0,2.716,359.22,358.81,359.35,359.84,359.28,360.94,360.11,360.64,358.9,343.86,361.54,363.98,363.95,362.94,362.33,362.07,361.88,361.09,359.09,338.48
120,120.0,139.0,1039.0,2.731,359.25,358.77,359.37,359.85,359.31,360.97,360.04,360.54,358.89,343.97,361.47,363.91,363.93,362.94,362.32,362.07,361.88,361.09,359.24,338.53
121,121.0,140.0,1040.0,2.763,359.27,358.74,359.37,359.86,359.35,360.99,359.98,360.39,358.85,344.1,361.44,363.89,363.92,362.92,362.32,362.07,361.88,361.09,359.31,338.52
122,122.0,141.0,1041.0,2.791,359.3,358.72,359.36,359.87,359.37,361.03,359.92,360.28,358.77,344.2,361.4,363.86,363.91,362.91,362.33,362.08,361.89,361.1,359.33,338.47
123,123.0,142.0,1042.0,2.809,359.32,358.68,359.34,359.88,359.42,361.05,359.9,360.22,358.66,344.28,361.37,363.82,363.9,362.92,362.31,362.07,361.89,361.1,359.32,338.42
124,124.0,143.0,1043.0,2.826,359.32,358.63,359.32,359.89,359.45,361.09,359.93,360.19,358.57,344.31,361.34,363.78,363.89,362.91,362.31,362.08,361.9,361.13,359.37,338.38
125,125.0,144.0,1044.0,2.828,359.34,358.6,359.29,359.89,359.47,361.13,359.98,360.19,358.49,344.34,361.33,363.77,363.86,362.9,362.32,362.07,361.9,361.14,359.42,338.4
126,126.0,145.0,1045.0,2.835,359.35,358.58,359.27,359.89,359.48,361.16,360.02,360.18,358.41,344.35,361.32,363.74,363.85,362.91,362.31,362.07,361.93,361.17,359.47,338.42
127,127.0,146.0,1046.0,2.841,359.29,358.57,359.25,359.88,359.48,361.2,360.08,360.17,358.29,344.33,361.31,363.73,363.83,362.88,362.31,362.06,361.96,361.2,359.48,338.46
128,128.0,147.0,1047.0,2.855,359.23,358.53,359.25,359.85,359.48,361.23,360.12,360.14,358.22,344.33,361.29,363.72,363.8,362.88,362.31,362.06,362.01,361.31,359.38,338.5
129,129.0,148.0,1048.0,2.867,359.16,358.44,359.25,359.84,359.48,361.26,360.13,360.12,358.26,344.32,361.29,363.71,363.78,362.87,362.29,362.07,362.07,361.41,359.33,338.53
130,130.0,149.0,1049.0,2.87,359.1,358.36,359.27,359.8,359.48,361.29,360.17,360.15,358.35,344.34,361.27,363.71,363.77,362.85,362.3,362.06,362.1,361.45,359.34,338.52
131,131.0,150.0,1050.0,2.869,359.03,358.27,359.28,359.79,359.47,361.31,360.17,360.2,358.44,344.35,361.24,363.7,363.75,362.84,362.29,362.08,362.12,361.41,359.36,338.49
132,132.0,151.0,1051.0,2.864,358.97,358.21,359.29,359.76,359.46,361.32,360.16,360.27,358.53,344.38,361.21,363.69,363.73,362.84,362.3,362.11,362.11,361.35,359.4,338.51
133,133.0,152.0,1052.0,2.856,358.93,358.17,359.32,359.74,359.46,361.32,360.14,360.37,358.63,344.42,361.18,363.67,363.73,362.86,362.3,362.15,362.12,361.3,359.44,338.53
134,134.0,153.0,1053.0,2.846,358.9,358.17,359.35,359.74,359.45,361.31,360.14,360.49,358.71,344.44,361.16,363.65,363.74,362.87,362.34,362.18,362.12,361.27,359.51,338.56
135,135.0,154.0,1054.0,2.836,358.88,358.18,359.39,359.74,359.44,361.29,360.15,360.53,358.76,344.47,361.13,363.63,363.74,362.86,362.35,362.2,362.12,361.25,359.53,338.56
136,136.0,155.0,1055.0,2.816,358.85,358.25,359.43,359.74,359.43,361.26,360.16,360.51,358.83,344.53,361.1,363.6,363.74,362.85,362.34,362.24,362.14,361.22,359.45,338.58
137,137.0,156.0,1056.0,2.796,358.82,358.31,359.46,359.74,359.41,361.23,360.16,360.45,358.9,344.6,361.07,363.58,363.72,362.85,362.34,362.24,362.18,361.19,359.25,338.58
138,138.0,157.0,1057.0,2.807,358.82,358.32,359.47,359.74,359.4,361.22,360.11,360.39,358.97,344.67,361.05,363.57,363.71,362.83,362.34,362.24,362.26,361.22,359.19,338.57
139,139.0,158.0,1058.0,2.824,358.85,358.33,359.47,359.72,359.38,361.21,360.07,360.3,359.02,344.74,361.02,363.56,363.71,362.81,362.34,362.23,362.31,361.25,359.18,338.54
140,140.0,159.0,1059.0,2.846,358.87,358.32,359.46,359.71,359.35,361.19,360.01,360.26,359.02,344.8,360.99,363.54,363.68,362.8,362.33,362.25,362.33,361.28,359.17,338.52
141,141.0,160.0,1060.0,2.858,358.9,358.3,359.45,359.7,359.33,361.19,359.98,360.29,358.95,344.83,360.97,363.48,363.68,362.8,362.34,362.25,362.36,361.34,359.12,338.5
142,142.0,161.0,1061.0,2.874,358.92,358.23,359.43,359.7,359.3,361.16,359.96,360.3,358.84,344.81,360.94,363.4,363.66,362.81,362.35,362.27,362.38,361.37,359.08,338.49
143,143.0,162.0,1062.0,2.873,358.94,358.19,359.41,359.72,359.28,361.16,359.95,360.32,358.69,344.79,360.9,363.32,363.62,362.78,362.34,362.27,362.37,361.42,359.09,338.52
144,144.0,163.0,1063.0,2.878,358.98,358.19,359.39,359.72,359.26,361.14,359.97,360.33,358.55,344.77,360.84,363.29,363.6,362.79,362.35,362.28,362.37,361.44,359.11,338.53
145,145.0,164.0,1064.0,2.874,358.96,358.21,359.35,359.75,359.23,361.13,360.02,360.34,358.44,344.69,360.77,363.27,363.58,362.78,362.35,362.28,362.36,361.44,359.18,338.53
146,146.0,165.0,1065.0,2.89,358.9,358.16,359.28,359.77,359.21,361.11,360.11,360.32,358.37,344.61,360.68,363.24,363.57,362.77,362.35,362.3,362.36,361.45,359.28,338.5
147,147.0,166.0,1066.0,2.911,358.86,358.12,359.25,359.78,359.21,361.1,360.15,360.3,358.31,344.55,360.64,363.27,363.56,362.78,362.37,362.33,362.37,361.44,359.33,338.44
148,148.0,167.0,1067.0,2.928,358.84,358.09,359.21,359.81,359.22,361.07,360.18,360.29,358.3,344.5,360.63,363.33,363.57,362.78,362.38,362.35,362.38,361.44,359.33,338.4
149,149.0,168.0,1068.0,2.928,358.84,358.06,359.18,359.83,359.24,361.04,360.2,360.3,358.36,344.46,360.62,363.36,363.56,362.77,362.39,362.35,362.4,361.45,359.32,338.36
150,150.0,169.0,1069.0,2.917,358.86,358.05,359.16,359.83,359.27,361.02,360.22,360.31,358.44,344.42,360.6,363.36,363.56,362.77,362.4,362.35,362.42,361.49,359.31,338.36
151,151.0,170.0,1070.0,2.896,358.88,358.07,359.15,359.82,359.31,361.0,360.22,360.3,358.47,344.38,360.58,363.35,363.55,362.75,362.38,362.33,362.43,361.5,359.27,338.34
152,152.0,171.0,1071.0,2.893,358.9,358.07,359.13,359.79,359.34,361.02,360.22,360.26,358.47,344.34,360.55,363.34,363.55,362.74,362.39,362.33,362.44,361.52,359.26,338.34
153,153.0,172.0,1072.0,2.887,358.91,358.08,359.12,359.74,359.36,361.03,360.21,360.21,358.46,344.3,360.53,363.31,363.55,362.73,362.38,362.32,362.44,361.55,359.22,338.36
154,154.0,173.0,1073.0,2.897,358.85,358.05,359.11,359.73,359.36,361.05,360.21,360.18,358.41,344.29,360.51,363.31,363.55,362.73,362.39,362.32,362.43,361.58,359.21,338.4
155,155.0,174.0,1074.0,2.893,358.8,358.05,359.11,359.72,359.34,361.06,360.21,360.16,358.42,344.26,360.5,363.29,363.55,362.71,362.41,362.31,362.44,361.62,359.16,338.45
156,156.0,175.0,1075.0,2.875,358.79,358.11,359.12,359.71,359.33,361.08,360.19,360.13,358.46,344.25,360.48,363.28,363.55,362.71,362.41,362.34,362.45,361.64,359.06,338.48
157,157.0,176.0,1076.0,2.862,358.8,358.19,359.13,359.67,359.33,361.11,360.15,360.1,358.51,344.25,360.48,363.28,363.54,362.72,362.41,362.37,362.44,361.62,359.01,338.51
158,158.0,177.0,1077.0,2.865,358.82,358.22,359.13,359.64,359.32,361.13,360.12,360.03,358.56,344.27,360.46,363.26,363.55,362.72,362.44,362.38,362.45,361.59,359.01,338.5
159,159.0,178.0,1078.0,2.876,358.85,358.26,359.1,359.61,359.31,361.15,360.09,359.93,358.64,344.32,360.43,363.26,363.55,362.73,362.43,362.4,362.44,361.57,359.03,338.47
160,160.0,179.0,1079.0,2.872,358.9,358.27,359.1,359.59,359.32,361.15,360.09,359.87,358.74,344.37,360.37,363.24,363.54,362.72,362.44,362.43,362.44,361.56,359.07,338.43
161,161.0,180.0,1080.0,2.878,358.94,358.24,359.08,359.57,359.31,361.15,360.09,359.86,358.84,344.41,360.34,363.22,363.54,362.72,362.45,362.43,362.44,361.62,359.11,338.42
162,162.0,181.0,1081.0,2.884,358.97,358.17,359.07,359.55,359.3,361.13,360.11,359.85,358.94,344.45,360.31,363.19,363.52,362.7,362.45,362.43,362.44,361.65,359.15,338.37
163,163.0,182.0,1082.0,2.902,358.97,358.04,359.04,359.52,359.29,361.11,360.15,359.85,359.07,344.53,360.29,363.17,363.5,362.7,362.44,362.44,362.46,361.67,359.2,338.34
164,164.0,183.0,1083.0,2.935,358.96,357.85,359.0,359.48,359.28,361.09,360.19,359.8,359.13,344.6,360.26,363.12,363.48,362.68,362.45,362.42,362.47,361.68,359.24,338.29
165,165.0,184.0,1084.0,2.944,358.98,357.78,358.99,359.45,359.28,361.07,360.21,359.72,359.13,344.63,360.23,363.1,363.45,362.67,362.46,362.44,362.47,361.66,359.21,338.27
166,166.0,185.0,1085.0,2.95,359.0,357.74,358.98,359.45,359.28,361.07,360.21,359.73,359.07,344.67,360.22,363.1,363.47,362.66,362.46,362.45,362.48,361.64,359.18,338.31
167,167.0,186.0,1086.0,2.954,359.02,357.71,358.97,359.44,359.27,361.06,360.2,359.78,358.94,344.67,360.22,363.1,363.46,362.66,362.47,362.48,362.47,361.64,359.09,338.34
168,168.0,187.0,1087.0,2.956,359.05,357.67,358.98,359.46,359.26,361.07,360.2,359.82,358.82,344.69,360.2,363.12,363.47,362.67,362.49,362.51,362.47,361.62,359.02,338.37
169,169.0,188.0,1088.0,2.951,359.08,357.66,359.0,359.47,359.25,361.08,360.21,359.9,358.74,344.71,360.23,363.12,363.48,362.68,362.5,362.52,362.47,361.6,359.01,338.4
170,170.0,189.0,1089.0,2.945,359.11,357.63,359.0,359.47,359.23,361.1,360.19,360.01,358.66,344.71,360.22,363.1,363.45,362.67,362.51,362.53,362.45,361.58,359.03,338.4
171,171.0,190.0,1090.0,2.946,359.15,357.57,359.03,359.46,359.2,361.13,360.15,360.11,358.57,344.68,360.21,363.1,363.46,362.66,362.51,362.54,362.44,361.56,359.06,338.4
172,172.0,191.0,1091.0,2.96,359.25,357.48,359.03,359.46,359.13,361.14,360.12,360.18,358.47,344.65,360.21,363.07,363.45,362.66,362.51,362.55,362.45,361.56,359.13,338.38
173,173.0,192.0,1092.0,2.977,359.34,357.45,359.01,359.47,359.07,361.16,360.13,360.19,358.4,344.67,360.2,363.05,363.44,362.67,362.51,362.55,362.44,361.57,359.23,338.34
174,174.0,193.0,1093.0,2.988,359.39,357.46,358.99,359.49,359.03,361.19,360.16,360.22,358.37,344.68,360.19,363.02,363.44,362.66,362.53,362.55,362.44,361.58,359.4,338.3
175,175.0,194.0,1094.0,3.008,359.41,357.5,358.99,359.52,359.0,361.19,360.19,360.22,358.3,344.72,360.16,363.0,363.44,362.67,362.53,362.57,362.44,361.61,359.54,338.28
176,176.0,195.0,1095.0,3.015,359.42,357.55,358.98,359.53,358.97,361.17,360.2,360.26,358.27,344.71,360.13,362.98,363.43,362.68,362.54,362.57,362.45,361.64,359.67,338.3
177,177.0,196.0,1096.0,3.016,359.42,357.6,358.98,359.55,358.93,361.15,360.23,360.3,358.24,344.7,360.11,362.96,363.43,362.66,362.55,362.59,362.49,361.66,359.75,338.35
178,178.0,197.0,1097.0,3.034,359.42,357.64,358.98,359.53,358.89,361.1,360.21,360.23,358.2,344.68,360.08,362.94,363.41,362.67,362.56,362.6,362.51,361.69,359.81,338.42
179,179.0,198.0,1098.0,3.067,359.4,357.66,358.96,359.54,358.86,361.06,360.1,360.14,358.09,344.62,360.06,362.92,363.39,362.67,362.56,362.63,362.56,361.75,359.79,338.48
180,180.0,199.0,1099.0,3.095,359.36,357.7,358.94,359.53,358.81,361.04,360.02,360.11,357.88,344.55,360.05,362.89,363.38,362.68,362.57,362.65,362.6,361.8,359.71,338.52
181,181.0,200.0,1100.0,3.136,359.27,357.79,358.91,359.51,358.78,361.03,360.0,360.07,357.56,344.48,360.04,362.9,363.37,362.68,362.57,362.67,362.63,361.85,359.62,338.53
182,182.0,201.0,1101.0,3.167,359.19,357.84,358.87,359.5,358.76,361.03,359.96,360.05,357.33,344.4,360.02,362.89,363.36,362.68,362.6,362.7,362.68,361.89,359.51,338.52
183,183.0,202.0,1102.0,3.177,359.13,357.86,358.85,359.48,358.76,361.04,359.97,360.07,357.26,344.4,359.93,362.9,363.35,362.67,362.61,362.72,362.71,361.92,359.43,338.46
184,184.0,203.0,1103.0,3.17,359.1,357.87,358.85,359.47,358.77,361.04,359.96,360.12,357.23,344.37,359.88,362.89,363.36,362.66,362.62,362.72,362.72,361.91,359.39,338.41
185,185.0,204.0,1104.0,3.158,359.05,357.87,358.86,359.46,358.8,361.04,359.95,360.21,357.2,344.35,359.85,362.84,363.35,362.66,362.63,362.73,362.72,361.92,359.34,338.37
186,186.0,205.0,1105.0,3.158,358.99,357.86,358.87,359.46,358.83,361.02,359.93,360.25,357.15,344.33,359.81,362.8,363.36,362.66,362.63,362.76,362.72,361.92,359.3,338.35
187,187.0,206.0,1106.0,3.164,358.94,357.85,358.89,359.46,358.87,361.01,359.94,360.21,357.07,344.3,359.79,362.78,363.35,362.66,362.64,362.77,362.71,361.91,359.31,338.34
188,188.0,207.0,1107.0,3.172,358.92,357.83,358.92,359.46,358.9,360.99,359.95,360.15,357.01,344.27,359.79,362.78,363.35,362.66,362.64,362.75,362.72,361.9,359.33,338.33
189,189.0,208.0,1108.0,3.185,358.91,357.79,358.94,359.46,358.93,360.96,360.0,360.1,356.97,344.24,359.79,362.79,363.35,362.67,362.65,362.76,362.72,361.91,359.38,338.34
190,190.0,209.0,1109.0,3.164,358.92,357.78,358.98,359.48,358.97,360.91,360.06,360.07,357.03,344.22,359.79,362.79,363.33,362.67,362.65,362.76,362.72,361.92,359.39,338.39
191,191.0,210.0,1110.0,3.13,358.9,357.84,359.03,359.5,359.02,360.86,360.1,360.06,357.12,344.2,359.78,362.76,363.33,362.67,362.64,362.76,362.72,361.92,359.44,338.48
192,192.0,211.0,1111.0,3.11,358.86,357.88,359.07,359.51,359.05,360.8,360.11,360.08,357.11,344.2,359.74,362.73,363.33,362.67,362.64,362.75,362.72,361.91,359.44,338.55
193,193.0,212.0,1112.0,3.095,358.81,357.88,359.1,359.53,359.08,360.75,360.12,360.1,357.13,344.2,359.74,362.71,363.32,362.67,362.64,362.75,362.73,361.9,359.36,338.57
194,194.0,213.0,1113.0,3.077,358.78,357.84,359.13,359.55,359.1,360.73,360.1,360.11,357.16,344.21,359.7,362.69,363.3,362.66,362.63,362.73,362.74,361.88,359.3,338.57
195,195.0,214.0,1114.0,3.067,358.73,357.8,359.16,359.56,359.12,360.72,360.06,360.1,357.22,344.24,359.68,362.68,363.29,362.66,362.63,362.73,362.74,361.86,359.2,338.57
196,196.0,215.0,1115.0,3.059,358.66,357.76,359.19,359.57,359.13,360.74,360.02,360.11,357.3,344.26,359.66,362.68,363.28,362.66,362.64,362.71,362.75,361.84,359.18,338.57
197,197.0,216.0,1116.0,3.061,358.62,357.71,359.21,359.59,359.13,360.77,360.0,360.13,357.38,344.31,359.64,362.67,363.26,362.64,362.64,362.72,362.73,361.89,359.19,338.54
198,198.0,217.0,1117.0,3.072,358.6,357.7,359.22,359.61,359.13,360.78,359.96,360.16,357.44,344.37,359.63,362.67,363.25,362.65,362.64,362.73,362.71,361.92,359.26,338.52
199,199.0,218.0,1118.0,3.093,358.62,357.67,359.2,359.65,359.11,360.77,359.96,360.19,357.49,344.48,359.63,362.68,363.25,362.65,362.67,362.75,362.72,361.93,359.35,338.54
200,200.0,219.0,1119.0,3.099,358.65,357.66,359.2,359.67,359.1,360.75,359.96,360.21,357.51,344.58,359.63,362.67,363.23,362.67,362.68,362.78,362.72,361.91,359.39,338.56
201,201.0,220.0,1120.0,3.121,358.66,357.67,359.21,359.66,359.08,360.73,359.92,360.23,357.48,344.63,359.61,362.67,363.22,362.68,362.7,362.82,362.8,361.88,359.45,338.61
202,202.0,221.0,1121.0,3.146,358.63,357.63,359.23,359.62,359.06,360.72,359.92,360.26,357.46,344.66,359.6,362.65,363.22,362.69,362.73,362.84,362.81,361.9,359.52,338.62
203,203.0,222.0,1122.0,3.17,358.58,357.56,359.26,359.59,359.04,360.7,359.91,360.26,357.45,344.71,359.57,362.62,363.21,362.69,362.73,362.87,362.8,361.93,359.55,338.64
204,204.0,223.0,1123.0,3.191,358.53,357.49,359.28,359.54,359.03,360.7,359.92,360.26,357.45,344.77,359.55,362.6,363.22,362.7,362.74,362.89,362.81,361.95,359.53,338.66
205,205.0,224.0,1124.0,3.2,358.5,357.45,359.29,359.5,359.0,360.7,359.92,360.26,357.41,344.81,359.53,362.59,363.21,362.7,362.74,362.88,362.83,361.96,359.48,338.7
206,206.0,225.0,1125.0,3.212,358.48,357.43,359.31,359.47,358.98,360.68,359.92,360.25,357.35,344.85,359.51,362.59,363.21,362.69,362.74,362.9,362.83,361.97,359.43,338.73
207,207.0,226.0,1126.0,3.239,358.45,357.41,359.3,359.46,358.96,360.65,359.9,360.23,357.3,344.94,359.48,362.57,363.22,362.69,362.76,362.91,362.84,361.99,359.42,338.76
208,208.0,227.0,1127.0,3.281,358.42,357.38,359.29,359.46,358.96,360.63,359.76,360.18,357.31,345.05,359.46,362.57,363.21,362.69,362.76,362.92,362.86,362.0,359.47,338.78
209,209.0,228.0,1128.0,3.319,358.42,357.36,359.28,359.45,358.94,360.6,359.67,360.11,357.29,345.14,359.44,362.55,363.21,362.67,362.75,362.92,362.88,362.01,359.52,338.78
210,210.0,229.0,1129.0,3.326,358.44,357.32,359.27,359.47,358.93,360.59,359.69,360.07,357.24,345.17,359.44,362.53,363.19,362.66,362.76,362.92,362.89,362.01,359.49,338.78
211,211.0,230.0,1130.0,3.332,358.46,357.27,359.27,359.48,358.91,360.59,359.74,360.03,357.22,345.17,359.43,362.53,363.18,362.66,362.76,362.93,362.91,362.02,359.52,338.81
212,212.0,231.0,1131.0,3.323,358.48,357.26,359.27,359.48,358.9,360.59,359.8,360.01,357.29,345.14,359.43,362.51,363.18,362.65,362.77,362.95,362.92,362.01,359.62,338.87
213,213.0,232.0,1132.0,3.31,358.51,357.24,359.26,359.48,358.87,360.6,359.86,360.06,357.37,345.09,359.43,362.5,363.19,362.66,362.79,362.95,362.93,361.99,359.73,338.91
214,214.0,233.0,1133.0,3.293,358.54,357.21,359.25,359.49,358.86,360.62,359.89,360.11,357.45,345.03,359.44,362.5,363.18,362.66,362.79,362.98,362.92,361.99,359.82,338.96
215,215.0,234.0,1134.0,3.274,358.55,357.19,359.23,359.48,358.85,360.63,359.93,360.17,357.52,344.98,359.42,362.48,363.18,362.66,362.81,362.99,362.91,361.97,359.88,338.99
216,216.0,235.0,1135.0,3.265,358.56,357.19,359.22,359.48,358.83,360.64,359.98,360.19,357.51,344.93,359.4,362.48,363.17,362.67,362.81,363.02,362.91,361.97,359.93,339.04
217,217.0,236.0,1136.0,3.247,358.58,357.19,359.17,359.48,358.83,360.65,360.06,360.21,357.52,344.89,359.38,362.47,363.17,362.66,362.82,363.02,362.89,361.96,359.93,339.05
218,218.0,237.0,1137.0,3.231,358.61,357.18,359.12,359.48,358.85,360.65,360.09,360.22,357.6,344.84,359.36,362.47,363.17,362.66,362.84,363.02,362.93,361.96,359.92,339.06
219,219.0,238.0,1138.0,3.231,358.64,357.19,359.07,359.48,358.87,360.66,360.07,360.18,357.64,344.81,359.33,362.47,363.15,362.65,362.85,363.03,362.97,361.97,359.93,339.04
220,220.0,239.0,1139.0,3.233,358.68,357.22,359.05,359.48,358.9,360.66,360.03,360.11,357.66,344.79,359.31,362.51,363.15,362.64,362.85,363.02,362.98,361.96,359.92,339.02
221,221.0,240.0,1140.0,3.234,358.7,357.23,359.04,359.49,358.92,360.67,360.0,360.03,357.7,344.77,359.3,362.51,363.16,362.64,362.86,363.03,363.0,361.96,359.89,339.01
222,222.0,241.0,1141.0,3.233,358.69,357.28,359.03,359.5,358.93,360.68,359.96,359.98,357.75,344.74,359.3,362.51,363.17,362.65,362.87,363.06,363.02,361.98,359.84,339.0
223,223.0,242.0,1142.0,3.248,358.67,357.31,359.03,359.49,358.95,360.7,359.92,359.97,357.77,344.72,359.29,362.47,363.17,362.65,362.88,363.09,363.03,362.03,359.94,338.97
224,224.0,243.0,1143.0,3.252,358.61,357.33,359.02,359.49,358.97,360.72,359.9,359.99,357.81,344.71,359.27,362.42,363.17,362.66,362.88,363.13,363.05,362.05,359.98,338.95
225,225.0,244.0,1144.0,3.247,358.57,357.36,359.02,359.47,358.98,360.76,359.91,360.02,357.83,344.71,359.27,362.41,363.16,362.66,362.89,363.14,363.08,362.07,359.96,338.97
226,226.0,245.0,1145.0,3.242,358.56,357.34,359.01,359.45,359.01,360.82,359.94,360.07,357.82,344.73,359.27,362.39,363.16,362.66,362.89,363.15,363.12,362.1,359.96,338.98
227,227.0,246.0,1146.0,3.24,358.57,357.31,359.02,359.44,359.02,360.85,359.98,360.1,357.81,344.79,359.24,362.34,363.15,362.65,362.91,363.16,363.15,362.13,359.96,338.98
228,228.0,247.0,1147.0,3.207,358.56,357.29,359.04,359.44,359.03,360.89,360.04,360.11,357.81,344.82,359.19,362.21,363.15,362.65,362.92,363.15,363.15,362.15,359.86,338.96
229,229.0,248.0,1148.0,3.179,358.54,357.31,359.04,359.43,359.04,360.93,360.08,360.1,357.84,344.86,359.15,362.13,363.14,362.66,362.92,363.15,363.14,362.13,359.77,338.94
230,230.0,249.0,1149.0,3.168,358.51,357.33,359.06,359.42,359.05,360.96,360.13,360.11,357.82,344.9,359.13,362.13,363.14,362.65,362.93,363.13,363.13,362.12,359.71,338.9
231,231.0,250.0,1150.0,3.163,358.47,357.34,359.07,359.43,359.05,360.97,360.19,360.15,357.78,344.94,359.1,362.17,363.12,362.64,362.93,363.11,363.13,362.09,359.71,338.85
232,232.0,251.0,1151.0,3.157,358.41,357.32,359.08,359.44,359.06,361.0,360.24,360.25,357.75,344.98,359.08,362.21,363.13,362.62,362.92,363.07,363.15,362.09,359.7,338.83
233,233.0,252.0,1152.0,3.148,358.36,357.29,359.09,359.45,359.05,361.02,360.25,360.37,357.75,345.04,359.05,362.23,363.12,362.61,362.91,363.05,363.12,362.09,359.68,338.81
234,234.0,253.0,1153.0,3.14,358.34,357.28,359.1,359.45,359.05,361.03,360.23,360.46,357.77,345.09,359.03,362.27,363.12,362.59,362.92,363.05,363.13,362.08,359.65,338.83
235,235.0,254.0,1154.0,3.129,358.3,357.27,359.11,359.46,359.05,361.03,360.16,360.52,357.8,345.16,358.99,362.27,363.11,362.59,362.92,363.03,363.12,362.08,359.55,338.84
236,236.0,255.0,1155.0,3.106,358.29,357.28,359.13,359.47,359.06,361.02,360.04,360.57,357.89,345.24,358.93,362.25,363.1,362.58,362.92,363.03,363.11,362.14,359.37,338.85
237,237.0,256.0,1156.0,3.083,358.3,357.29,359.12,359.49,359.06,361.02,360.0,360.56,358.01,345.3,358.9,362.24,363.08,362.58,362.94,363.04,363.1,362.18,359.19,338.86
238,238.0,257.0,1157.0,3.075,358.31,357.28,359.1,359.49,359.06,361.02,359.97,360.54,358.13,345.36,358.9,362.23,363.07,362.58,362.94,363.04,363.11,362.18,359.13,338.87
239,239.0,258.0,1158.0,3.067,358.37,357.28,359.09,359.5,359.05,361.02,359.94,360.46,358.28,345.43,358.9,362.21,363.06,362.58,362.96,363.04,363.11,362.15,359.09,338.86
240,240.0,259.0,1159.0,3.051,358.41,357.28,359.09,359.51,359.04,361.02,359.96,360.41,358.44,345.48,358.9,362.2,363.05,362.58,362.96,363.05,363.11,362.14,359.07,338.87
241,241.0,260.0,1160.0,3.049,358.42,357.24,359.09,359.5,359.03,361.0,360.01,360.4,358.55,345.52,358.92,362.19,363.05,362.59,362.98,363.06,363.11,362.13,359.02,338.85
242,242.0,261.0,1161.0,3.041,358.45,357.23,359.1,359.48,359.02,360.98,360.0,360.39,358.62,345.54,358.93,362.19,363.04,362.58,362.99,363.06,363.1,362.11,358.97,338.82
243,243.0,262.0,1162.0,3.046,358.46,357.22,359.11,359.46,359.01,360.98,359.99,360.38,358.66,345.53,358.94,362.19,363.04,362.58,362.99,363.06,363.11,362.09,359.01,338.81
244,244.0,263.0,1163.0,3.051,358.46,357.24,359.12,359.42,358.99,360.99,359.99,360.37,358.71,345.53,358.95,362.19,363.02,362.58,363.0,363.05,363.15,362.07,359.06,338.8
245,245.0,264.0,1164.0,3.044,358.45,357.26,359.14,359.38,358.99,361.0,359.96,360.37,358.8,345.52,358.94,362.17,363.01,362.58,363.01,363.07,363.2,362.08,359.06,338.84
246,246.0,265.0,1165.0,3.038,358.45,357.28,359.17,359.31,358.96,361.02,359.93,360.38,358.86,345.52,358.91,362.16,362.99,362.57,363.02,363.07,363.23,362.13,359.01,338.87
247,247.0,266.0,1166.0,3.033,358.49,357.31,359.16,359.26,358.96,361.05,359.81,360.43,358.92,345.5,358.9,362.14,362.99,362.57,363.02,363.09,363.25,362.16,358.99,338.89
248,248.0,267.0,1167.0,3.034,358.54,357.35,359.16,359.2,358.96,361.07,359.63,360.48,358.97,345.47,358.88,362.13,363.0,362.57,363.04,363.08,363.26,362.19,358.98,338.91
249,249.0,268.0,1168.0,3.042,358.57,357.36,359.17,359.14,358.97,361.08,359.5,360.49,359.01,345.44,358.87,362.13,362.99,362.57,363.04,363.1,363.26,362.19,358.98,338.92
250,250.0,269.0,1169.0,3.055,358.6,357.38,359.17,359.11,358.98,361.08,359.41,360.47,359.07,345.4,358.84,362.11,362.99,362.57,363.05,363.14,363.26,362.19,358.93,338.94
251,251.0,270.0,1170.0,3.056,358.65,357.4,359.18,359.1,358.99,361.05,359.4,360.42,359.1,345.36,358.82,362.11,362.99,362.58,363.07,363.17,363.25,362.17,358.91,338.95
252,252.0,271.0,1171.0,3.039,358.7,357.42,359.19,359.08,359.01,361.04,359.42,360.38,359.1,345.31,358.8,362.1,362.98,362.57,363.06,363.17,363.25,362.13,358.89,338.95
253,253.0,272.0,1172.0,3.0,358.8,357.41,359.22,359.07,359.04,361.02,359.51,360.35,359.01,345.22,358.79,362.11,362.98,362.57,363.07,363.19,363.22,362.1,358.9,338.95
254,254.0,273.0,1173.0,2.982,358.88,357.43,359.25,359.08,359.07,361.01,359.6,360.37,358.85,345.14,358.77,362.11,362.98,362.58,363.08,363.2,363.18,362.07,358.96,338.93
255,255.0,274.0,1174.0,2.99,358.93,357.44,359.25,359.11,359.09,361.01,359.68,360.41,358.71,345.09,358.74,362.1,362.98,362.58,363.11,363.23,363.15,362.09,359.04,338.95
256,256.0,275.0,1175.0,3.012,359.02,357.46,359.24,359.13,359.1,361.01,359.73,360.44,358.52,345.02,358.74,362.1,363.0,362.59,363.13,363.25,363.15,362.14,359.1,338.99
257,257.0,276.0,1176.0,3.022,359.1,357.43,359.25,359.16,359.1,361.02,359.76,360.46,358.36,344.95,358.72,362.08,362.98,362.59,363.12,363.26,363.13,362.15,359.14,339.03
258,258.0,277.0,1177.0,3.042,359.2,357.37,359.24,359.2,359.1,361.03,359.8,360.49,358.26,344.89,358.69,362.07,363.0,362.59,363.13,363.26,363.14,362.16,359.23,339.06
259,259.0,278.0,1178.0,3.059,359.29,357.32,359.23,359.22,359.09,361.04,359.87,360.51,358.2,344.86,358.69,362.07,362.98,362.59,363.13,363.27,363.15,362.18,359.32,339.08
260,260.0,279.0,1179.0,3.071,359.33,357.26,359.22,359.26,359.07,361.03,359.93,360.54,358.19,344.85,358.67,362.06,362.98,362.58,363.14,363.27,363.15,362.2,359.41,339.1
261,261.0,280.0,1180.0,3.078,359.28,357.18,359.23,359.31,359.05,361.02,359.99,360.56,358.17,344.87,358.65,362.04,362.99,362.59,363.15,363.27,363.16,362.2,359.49,339.1
262,262.0,281.0,1181.0,3.074,359.14,357.14,359.24,359.33,359.04,361.0,360.03,360.57,358.16,344.9,358.62,362.03,362.97,362.58,363.14,363.28,363.16,362.21,359.54,339.09
263,263.0,282.0,1182.0,3.079,359.03,357.12,359.23,359.36,359.03,360.99,360.06,360.55,358.18,344.92,358.6,362.01,362.97,362.59,363.15,363.27,363.19,362.23,359.65,339.1
264,264.0,283.0,1183.0,3.099,359.04,357.12,359.22,359.37,359.02,360.98,360.08,360.49,358.25,344.92,358.57,362.01,362.97,362.59,363.18,363.3,363.23,362.24,359.71,339.08
265,265.0,284.0,1184.0,3.113,359.05,357.13,359.21,359.39,359.0,360.97,360.08,360.47,358.33,344.93,358.57,361.99,362.97,362.58,363.2,363.32,363.26,362.27,359.75,339.04
266,266.0,285.0,1185.0,3.12,358.99,357.14,359.2,359.38,358.98,360.96,360.09,360.47,358.41,344.93,358.54,361.97,362.97,362.59,363.19,363.33,363.3,362.3,359.8,339.0
267,267.0,286.0,1186.0,3.125,358.91,357.17,359.18,359.39,358.97,360.95,360.11,360.47,358.49,344.96,358.53,361.97,362.98,362.61,363.2,363.36,363.34,362.35,359.83,338.99
268,268.0,287.0,1187.0,3.121,358.8,357.19,359.14,359.39,358.96,360.94,360.1,360.49,358.56,345.0,358.51,361.96,362.96,362.6,363.21,363.35,363.36,362.41,359.83,338.98
269,269.0,288.0,1188.0,3.111,358.7,357.21,359.09,359.4,358.94,360.92,360.12,360.53,358.65,345.05,358.5,361.95,362.96,362.6,363.22,363.37,363.37,362.46,359.8,339.03
270,270.0,289.0,1189.0,3.093,358.62,357.24,359.06,359.41,358.93,360.91,360.15,360.55,358.73,345.13,358.5,361.95,362.96,362.59,363.23,363.37,363.38,362.46,359.79,339.07
271,271.0,290.0,1190.0,3.093,358.5,357.21,359.0,359.39,358.87,360.88,360.18,360.56,358.83,345.23,358.49,361.95,362.96,362.6,363.23,363.39,363.37,362.46,359.77,339.12
272,272.0,291.0,1191.0,3.116,358.4,357.17,358.94,359.39,358.8,360.86,360.19,360.56,358.86,345.31,358.46,361.95,362.95,362.59,363.25,363.38,363.35,362.45,359.78,339.15
273,273.0,292.0,1192.0,3.133,358.35,357.17,358.91,359.38,358.76,360.83,360.18,360.55,358.82,345.34,358.44,361.94,362.95,362.6,363.25,363.38,363.35,362.43,359.76,339.16
274,274.0,293.0,1193.0,3.151,358.3,357.18,358.87,359.36,358.72,360.81,360.16,360.54,358.79,345.38,358.43,361.93,362.94,362.6,363.25,363.37,363.34,362.4,359.77,339.15
275,275.0,294.0,1194.0,3.174,358.28,357.22,358.84,359.34,358.68,360.77,360.13,360.51,358.8,345.42,358.41,361.91,362.94,362.6,363.26,363.38,363.35,362.37,359.77,339.1
276,276.0,295.0,1195.0,3.186,358.24,357.26,358.84,359.32,358.65,360.75,360.1,360.47,358.85,345.45,358.4,361.91,362.94,362.59,363.26,363.38,363.37,362.35,359.75,339.06
277,277.0,296.0,1196.0,3.192,358.24,357.27,358.82,359.3,358.62,360.73,360.07,360.45,358.91,345.44,358.38,361.9,362.94,362.59,363.26,363.37,363.37,362.37,359.66,338.94
278,278.0,297.0,1197.0,3.195,358.25,357.24,358.79,359.28,358.61,360.7,360.05,360.42,358.98,345.39,358.36,361.9,362.94,362.59,363.26,363.36,363.41,362.4,359.54,338.85
279,279.0,298.0,1198.0,3.188,358.26,357.21,358.77,359.27,358.6,360.69,360.05,360.38,359.02,345.36,358.35,361.88,362.92,362.58,363.27,363.36,363.43,362.42,359.39,338.83
280,280.0,299.0,1199.0,3.197,358.27,357.16,358.74,359.26,358.58,360.66,359.99,360.35,359.03,345.35,358.34,361.87,362.93,362.59,363.27,363.35,363.46,362.42,359.27,338.84
281,281.0,300.0,1200.0,3.168,358.3,357.13,358.73,359.25,358.6,360.64,359.96,360.31,359.08,345.35,358.31,361.83,362.92,362.57,363.27,363.36,363.46,362.42,359.14,338.96
282,282.0,301.0,1201.0,3.155,358.28,357.1,358.73,359.25,358.6,360.62,359.95,360.31,359.15,345.34,358.28,361.82,362.91,362.56,363.28,363.37,363.45,362.41,359.21,339.08
283,283.0,302.0,1202.0,3.155,358.26,357.08,358.75,359.26,358.62,360.61,359.96,360.33,359.2,345.36,358.27,361.8,362.9,362.58,363.29,363.37,363.44,362.41,359.33,339.13
284,284.0,303.0,1203.0,3.168,358.23,357.07,358.78,359.27,358.64,360.58,359.98,360.31,359.22,345.38,358.26,361.8,362.91,362.58,363.3,363.4,363.43,362.4,359.46,339.17
285,285.0,304.0,1204.0,3.181,358.17,357.04,358.79,359.29,358.65,360.55,360.02,360.3,359.23,345.41,358.25,361.79,362.89,362.58,363.3,363.41,363.43,362.39,359.57,339.17
286,286.0,305.0,1205.0,3.179,358.17,357.04,358.82,359.32,358.69,360.52,360.04,360.29,359.25,345.44,358.22,361.78,362.91,362.58,363.32,363.42,363.42,362.38,359.63,339.18
287,287.0,306.0,1206.0,3.175,358.21,357.04,358.83,359.33,358.72,360.51,360.03,360.3,359.24,345.46,358.21,361.76,362.89,362.6,363.32,363.45,363.41,362.36,359.68,339.19
288,288.0,307.0,1207.0,3.186,358.25,357.03,358.84,359.33,358.75,360.5,360.05,360.31,359.23,345.47,358.19,361.76,362.9,362.59,363.34,363.46,363.43,362.32,359.7,339.14
289,289.0,308.0,1208.0,3.199,358.3,357.02,358.86,359.31,358.78,360.49,360.04,360.34,359.13,345.46,358.18,361.76,362.89,362.59,363.34,363.47,363.43,362.31,359.7,339.11
290,290.0,309.0,1209.0,3.215,358.3,357.0,358.85,359.33,358.78,360.48,360.02,360.36,359.03,345.41,358.14,361.75,362.87,362.59,363.34,363.47,363.44,362.35,359.67,339.07
291,291.0,310.0,1210.0,3.214,358.29,357.0,358.85,359.36,358.79,360.47,360.04,360.38,358.97,345.38,358.12,361.73,362.86,362.58,363.34,363.49,363.46,362.37,359.67,339.06
292,292.0,311.0,1211.0,3.221,358.28,357.02,358.85,359.38,358.81,360.46,360.06,360.35,358.84,345.35,358.09,361.71,362.86,362.6,363.35,363.5,363.49,362.4,359.65,339.11
293,293.0,312.0,1212.0,3.243,358.29,357.0,358.85,359.39,358.82,360.45,360.05,360.3,358.61,345.3,358.08,361.71,362.86,362.59,363.35,363.51,363.5,362.42,359.63,339.18
294,294.0,313.0,1213.0,3.266,358.34,356.95,358.86,359.4,358.83,360.45,360.07,360.29,358.36,345.25,358.06,361.7,362.85,362.59,363.37,363.52,363.5,362.43,359.62,339.24
295,295.0,314.0,1214.0,3.287,358.44,356.93,358.89,359.42,358.85,360.47,360.09,360.28,358.12,345.2,358.06,361.69,362.86,362.61,363.37,363.55,363.48,362.44,359.61,339.28
296,296.0,315.0,1215.0,3.315,358.51,356.92,358.9,359.42,358.85,360.5,360.09,360.31,357.9,345.17,358.05,361.67,362.88,362.63,363.4,363.59,363.48,362.43,359.63,339.3
297,297.0,316.0,1216.0,3.325,358.56,356.94,358.94,359.45,358.86,360.52,360.09,360.35,357.76,345.14,358.06,361.67,362.88,362.65,363.42,363.63,363.47,362.4,359.68,339.28
298,298.0,317.0,1217.0,3.332,358.57,356.95,358.99,359.47,358.9,360.53,360.07,360.37,357.66,345.12,358.04,361.65,362.88,362.66,363.43,363.64,363.46,362.42,359.72,339.26
299,299.0,318.0,1218.0,3.356,358.55,356.93,359.02,359.51,358.94,360.56,360.07,360.36,357.64,345.12,358.01,361.62,362.88,362.67,363.44,363.65,363.47,362.52,359.86,339.2
300,300.0,319.0,1219.0,3.388,358.53,356.92,359.03,359.54,358.98,360.58,360.05,360.29,357.64,345.09,357.94,361.58,362.87,362.66,363.45,363.64,363.56,362.63,359.97,339.13
301,301.0,320.0,1220.0,3.378,358.49,356.9,359.03,359.56,358.99,360.6,359.99,360.21,357.69,345.06,357.88,361.45,362.84,362.62,363.45,363.62,363.51,362.64,360.07,339.12
302,302.0,321.0,1221.0,3.37,358.49,356.91,359.04,359.58,359.01,360.63,359.95,360.21,357.75,345.03,358.02,361.5,362.86,362.64,363.48,363.63,363.54,362.59,360.19,339.16
303,303.0,322.0,1222.0,3.344,358.49,356.9,359.05,359.59,359.01,360.66,359.94,360.25,357.82,344.98,358.46,361.72,362.92,362.65,363.51,363.64,363.54,362.57,360.34,339.24
304,304.0,323.0,1223.0,3.407,358.48,356.9,359.07,359.6,359.01,360.67,359.93,360.27,357.89,344.94,359.01,361.97,362.95,362.69,363.54,363.65,363.45,362.57,360.46,339.33
305,305.0,324.0,1224.0,3.447,358.47,356.91,359.09,359.6,358.99,360.7,359.85,360.3,357.97,344.9,359.56,362.18,362.96,362.67,363.55,363.64,363.32,362.46,360.5,339.39
306,306.0,325.0,1225.0,3.489,358.47,356.92,359.09,359.6,358.98,360.75,359.76,360.35,358.06,344.83,360.11,362.36,362.97,362.69,363.54,363.61,363.3,362.4,360.47,339.4
307,307.0,326.0,1226.0,3.52,358.47,356.91,359.09,359.61,358.95,360.79,359.85,360.38,358.16,344.71,360.59,362.63,362.98,362.7,363.54,363.58,363.27,362.39,360.41,339.39
308,308.0,327.0,1227.0,3.603,358.47,356.89,359.08,359.6,358.94,360.82,359.98,360.39,358.22,344.61,361.38,363.11,363.06,362.69,363.52,363.55,363.26,362.33,360.28,339.37
309,309.0,328.0,1228.0,3.71,358.46,356.87,359.06,359.6,358.95,360.86,360.03,360.4,358.26,344.57,362.1,363.64,363.21,362.66,363.5,363.55,363.31,362.24,360.16,339.35
310,310.0,329.0,1229.0,3.763,358.44,356.84,359.04,359.6,358.95,360.89,360.07,360.44,358.33,344.53,362.52,363.9,363.3,362.64,363.5,363.53,363.37,362.2,360.06,339.32
311,311.0,330.0,1230.0,3.813,358.43,356.83,359.04,359.6,358.96,360.91,360.08,360.49,358.39,344.53,362.87,364.13,363.41,362.63,363.49,363.54,363.4,362.17,359.92,339.24
312,312.0,331.0,1231.0,3.86,358.42,356.83,359.03,359.6,358.96,360.94,360.09,360.55,358.41,344.53,363.09,364.32,363.51,362.6,363.5,363.54,363.51,362.15,359.8,339.12
313,313.0,332.0,1232.0,3.913,358.41,356.83,359.05,359.59,358.98,360.95,360.1,360.61,358.39,344.58,363.25,364.49,363.6,362.62,363.51,363.56,363.6,362.13,359.68,338.98
314,314.0,333.0,1233.0,3.991,358.4,356.85,359.07,359.58,358.99,360.97,360.11,360.66,358.4,344.61,363.4,364.64,363.69,362.63,363.55,363.59,364.0,362.1,359.58,338.85
315,315.0,334.0,1234.0,4.041,358.41,356.84,359.09,359.57,359.0,360.99,360.1,360.7,358.45,344.65,363.54,364.72,363.75,362.66,363.58,363.62,364.18,362.07,359.49,338.69
316,316.0,335.0,1235.0,4.065,358.38,356.85,359.12,359.57,359.03,361.01,360.13,360.75,358.46,344.69,363.62,364.8,363.84,362.7,363.64,363.66,364.1,362.07,359.43,338.6
317,317.0,336.0,1236.0,4.093,358.29,356.88,359.16,359.57,359.06,361.03,360.15,360.79,358.37,344.7,363.65,364.83,363.87,362.74,363.69,363.68,363.94,362.08,359.57,338.51
318,318.0,337.0,1237.0,4.121,358.25,356.88,359.16,359.55,359.06,361.04,360.15,360.82,358.28,344.69,363.65,364.86,363.89,362.78,363.75,363.69,363.78,362.1,359.71,338.49
319,319.0,338.0,1238.0,4.119,358.22,356.88,359.17,359.53,359.04,361.05,360.19,360.85,358.17,344.67,363.65,364.91,363.91,362.82,363.79,363.68,363.66,362.0,359.75,338.54
320,320.0,339.0,1239.0,4.096,358.18,356.87,359.17,359.52,359.04,361.06,360.24,360.87,358.06,344.66,363.64,364.94,363.91,362.82,363.81,363.62,363.56,361.91,359.71,338.6
321,321.0,340.0,1240.0,4.086,358.17,356.85,359.16,359.5,359.0,361.06,360.26,360.88,357.97,344.67,363.63,364.96,363.92,362.82,363.84,363.57,363.47,361.84,359.65,338.67
322,322.0,341.0,1241.0,4.058,358.17,356.84,359.14,359.49,358.97,361.08,360.27,360.88,358.0,344.68,363.61,364.99,363.94,362.84,363.84,363.55,363.37,361.77,359.55,338.71
323,323.0,342.0,1242.0,4.027,358.16,356.84,359.14,359.47,358.96,361.06,360.29,360.85,358.16,344.7,363.59,365.0,363.92,362.85,363.85,363.52,363.32,361.73,359.45,338.73
324,324.0,343.0,1243.0,3.989,358.15,356.85,359.13,359.46,358.94,361.04,360.33,360.87,358.38,344.73,363.56,365.01,363.93,362.83,363.88,363.5,363.28,361.71,359.35,338.74
325,325.0,344.0,1244.0,3.955,358.16,356.87,359.13,359.44,358.92,361.01,360.36,360.88,358.69,344.79,363.54,365.05,363.94,362.84,363.9,363.53,363.21,361.71,359.25,338.74
326,326.0,345.0,1245.0,3.909,358.2,356.89,359.13,359.43,358.92,360.97,360.39,360.88,358.95,344.86,363.47,365.06,363.98,362.87,363.9,363.57,363.13,361.71,359.12,338.81
327,327.0,346.0,1246.0,3.896,358.21,356.94,359.14,359.41,358.93,360.92,360.4,360.85,359.07,344.89,363.4,365.06,364.03,362.88,363.89,363.61,363.06,361.73,358.96,338.9
328,328.0,347.0,1247.0,3.909,358.23,356.98,359.14,359.41,358.97,360.87,360.42,360.84,359.17,344.91,363.33,365.07,364.06,362.89,363.88,363.63,363.01,361.75,358.8,338.96
329,329.0,348.0,1248.0,3.916,358.27,357.02,359.15,359.4,359.01,360.84,360.43,360.83,359.25,344.94,363.28,365.07,364.11,362.89,363.88,363.65,362.98,361.76,358.68,339.03
330,330.0,349.0,1249.0,3.914,358.33,357.04,359.14,359.4,359.03,360.8,360.41,360.82,359.31,344.95,363.22,365.08,364.15,362.89,363.86,363.67,362.94,361.78,358.63,339.12
331,331.0,350.0,1250.0,3.909,358.41,357.06,359.14,359.4,359.06,360.77,360.4,360.81,359.37,344.98,363.17,365.08,364.18,362.9,363.86,363.72,362.92,361.79,358.65,339.19
332,332.0,351.0,1251.0,3.903,358.49,357.04,359.15,359.42,359.08,360.78,360.38,360.81,359.41,345.0,363.12,365.09,364.21,362.93,363.86,363.76,362.9,361.8,358.67,339.23
333,333.0,352.0,1252.0,3.886,358.59,357.0,359.15,359.44,359.1,360.8,360.38,360.8,359.43,345.02,363.05,365.08,364.23,362.95,363.85,363.79,362.87,361.79,358.7,339.23
334,334.0,353.0,1253.0,3.874,358.7,356.88,359.15,359.48,359.12,360.83,360.34,360.82,359.39,345.03,362.99,365.08,364.25,362.97,363.84,363.8,362.85,361.79,358.72,339.21
335,335.0,354.0,1254.0,3.854,358.81,356.8,359.14,359.52,359.12,360.84,360.31,360.85,359.38,345.04,362.89,365.08,364.26,362.97,363.82,363.8,362.82,361.78,358.75,339.17
336,336.0,355.0,1255.0,3.844,358.88,356.78,359.13,359.52,359.12,360.84,360.28,360.85,359.41,345.05,362.8,365.08,364.29,362.97,363.8,363.77,362.81,361.77,358.81,339.1
337,337.0,356.0,1256.0,3.849,358.87,356.75,359.11,359.53,359.13,360.84,360.24,360.87,359.47,345.07,362.72,365.07,364.28,362.96,363.78,363.74,362.78,361.8,358.83,339.03
338,338.0,357.0,1257.0,3.864,358.81,356.72,359.08,359.53,359.12,360.86,360.18,360.86,359.5,345.09,362.66,365.06,364.29,362.94,363.77,363.71,362.78,361.82,358.85,338.97
339,339.0,358.0,1258.0,3.882,358.77,356.72,359.07,359.51,359.12,360.88,360.15,360.8,359.55,345.15,362.6,365.05,364.28,362.95,363.75,363.67,362.76,361.86,358.83,338.96
340,340.0,359.0,1259.0,3.891,358.75,356.74,359.06,359.51,359.12,360.89,360.17,360.75,359.58,345.23,362.52,365.02,364.27,362.93,363.74,363.63,362.76,361.92,358.76,338.95
341,341.0,360.0,1260.0,3.893,358.76,356.75,359.04,359.51,359.1,360.91,360.18,360.7,359.57,345.28,362.46,365.02,364.29,362.92,363.73,363.61,362.77,361.94,358.76,338.96
342,342.0,361.0,1261.0,3.884,358.76,356.77,359.03,359.51,359.09,360.93,360.21,360.68,359.55,345.34,362.4,365.0,364.29,362.94,363.74,363.61,362.78,361.95,358.8,338.97
343,343.0,362.0,1262.0,3.873,358.74,356.83,359.02,359.51,359.1,360.94,360.23,360.68,359.51,345.41,362.35,364.99,364.31,362.95,363.74,363.6,362.8,361.96,358.84,339.01
344,344.0,363.0,1263.0,3.86,358.65,356.84,359.04,359.51,359.11,360.94,360.23,360.69,359.52,345.46,362.28,364.95,364.32,362.96,363.75,363.61,362.81,361.93,358.92,339.06
345,345.0,364.0,1264.0,3.858,358.59,356.83,359.05,359.5,359.11,360.93,360.2,360.71,359.52,345.48,362.21,364.94,364.34,362.97,363.77,363.62,362.8,361.91,358.95,339.11
346,346.0,365.0,1265.0,3.852,358.56,356.84,359.07,359.51,359.12,360.92,360.21,360.75,359.56,345.48,362.18,364.92,364.34,362.98,363.78,363.64,362.78,361.9,358.94,339.1
347,347.0,366.0,1266.0,3.861,358.55,356.8,359.08,359.52,359.13,360.92,360.2,360.78,359.61,345.49,362.16,364.92,364.35,363.0,363.79,363.64,362.77,361.87,358.91,339.1
348,348.0,367.0,1267.0,3.87,358.53,356.77,359.09,359.54,359.14,360.91,360.19,360.78,359.68,345.52,362.12,364.9,364.34,363.01,363.8,363.64,362.77,361.84,358.88,339.1
349,349.0,368.0,1268.0,3.875,358.47,356.76,359.08,359.57,359.15,360.92,360.18,360.8,359.74,345.56,362.07,364.9,364.34,363.0,363.82,363.63,362.76,361.81,358.84,339.13
350,350.0,369.0,1269.0,3.874,358.47,356.73,359.09,359.58,359.16,360.93,360.19,360.81,359.79,345.55,362.02,364.91,364.34,363.01,363.82,363.61,362.76,361.83,358.78,339.17
351,351.0,370.0,1270.0,3.857,358.43,356.71,359.1,359.6,359.18,360.94,360.2,360.82,359.8,345.54,361.94,364.9,364.34,363.01,363.82,363.62,362.73,361.84,358.76,339.23
352,352.0,371.0,1271.0,3.831,358.38,356.74,359.12,359.61,359.18,360.96,360.15,360.81,359.69,345.49,361.89,364.88,364.34,363.01,363.83,363.62,362.74,361.84,358.79,339.3
353,353.0,372.0,1272.0,3.782,358.31,356.76,359.13,359.62,359.18,360.96,360.09,360.79,359.52,345.45,361.8,364.87,364.33,363.02,363.84,363.63,362.72,361.85,358.92,339.44
354,354.0,373.0,1273.0,3.74,358.27,356.77,359.13,359.62,359.17,360.95,360.06,360.77,359.38,345.42,361.71,364.85,364.36,363.03,363.86,363.63,362.72,361.84,359.09,339.56
355,355.0,374.0,1274.0,3.718,358.26,356.77,359.14,359.63,359.16,360.94,360.09,360.68,359.27,345.39,361.65,364.83,364.36,363.04,363.88,363.66,362.72,361.84,359.17,339.62
356,356.0,375.0,1275.0,3.709,358.29,356.78,359.14,359.62,359.16,360.92,360.13,360.62,359.13,345.36,361.61,364.79,364.36,363.06,363.89,363.68,362.71,361.83,359.25,339.66
357,357.0,376.0,1276.0,3.721,358.26,356.79,359.14,359.61,359.15,360.92,360.13,360.63,358.97,345.35,361.56,364.78,364.37,363.05,363.9,363.71,362.71,361.8,359.28,339.7
358,358.0,377.0,1277.0,3.751,358.24,356.79,359.14,359.59,359.15,360.92,360.06,360.63,358.8,345.33,361.55,364.75,364.39,363.07,363.92,363.73,362.71,361.82,359.31,339.73
359,359.0,378.0,1278.0,3.77,358.21,356.75,359.14,359.57,359.15,360.93,360.04,360.63,358.63,345.33,361.52,364.71,364.39,363.07,363.91,363.75,362.71,361.82,359.3,339.76
360,360.0,379.0,1279.0,3.782,358.15,356.71,359.16,359.53,359.14,360.93,360.07,360.66,358.49,345.35,361.5,364.67,364.39,363.08,363.91,363.74,362.71,361.82,359.25,339.77
361,361.0,380.0,1280.0,3.777,358.07,356.72,359.19,359.5,359.12,360.94,360.13,360.72,358.42,345.36,361.5,364.65,364.39,363.08,363.91,363.74,362.72,361.83,359.2,339.78
362,362.0,381.0,1281.0,3.762,358.04,356.74,359.2,359.47,359.1,360.93,360.18,360.76,358.41,345.36,361.49,364.62,364.39,363.06,363.91,363.71,362.72,361.84,359.19,339.84
363,363.0,382.0,1282.0,3.739,358.06,356.76,359.21,359.43,359.12,360.9,360.23,360.8,358.46,345.33,361.45,364.6,364.39,363.06,363.89,363.7,362.73,361.85,359.24,339.87
364,364.0,383.0,1283.0,3.722,358.07,356.78,359.22,359.42,359.12,360.87,360.26,360.82,358.5,345.28,361.42,364.57,364.38,363.05,363.89,363.66,362.74,361.88,359.31,339.9
365,365.0,384.0,1284.0,3.723,358.05,356.78,359.22,359.4,359.11,360.83,360.28,360.83,358.53,345.22,361.38,364.56,364.38,363.05,363.88,363.67,362.73,361.93,359.38,339.92
366,366.0,385.0,1285.0,3.722,358.05,356.79,359.21,359.39,359.12,360.79,360.3,360.81,358.53,345.15,361.33,364.56,364.38,363.05,363.89,363.67,362.74,361.95,359.45,339.95
367,367.0,386.0,1286.0,3.735,358.05,356.81,359.2,359.34,359.11,360.75,360.28,360.75,358.48,345.08,361.28,364.55,364.37,363.05,363.89,363.65,362.74,361.96,359.51,339.97
368,368.0,387.0,1287.0,3.733,358.09,356.79,359.18,359.31,359.09,360.72,360.27,360.73,358.45,345.03,361.23,364.53,364.38,363.05,363.88,363.64,362.75,361.95,359.52,340.01
369,369.0,388.0,1288.0,3.72,358.15,356.74,359.15,359.26,359.06,360.7,360.28,360.74,358.44,344.96,361.18,364.51,364.36,363.05,363.88,363.64,362.74,361.92,359.55,340.07
370,370.0,389.0,1289.0,3.708,358.24,356.72,359.1,359.21,359.02,360.66,360.26,360.76,358.48,344.85,361.13,364.5,364.37,363.06,363.85,363.62,362.76,361.89,359.58,340.09
371,371.0,390.0,1290.0,3.703,358.3,356.71,359.07,359.19,358.96,360.63,360.17,360.74,358.51,344.76,361.07,364.49,364.37,363.03,363.83,363.59,362.76,361.85,359.61,340.04
372,372.0,391.0,1291.0,3.694,358.33,356.71,359.07,359.15,358.92,360.61,360.13,360.7,358.51,344.71,361.01,364.46,364.35,363.01,363.8,363.53,362.76,361.83,359.6,339.99
373,373.0,392.0,1292.0,3.677,358.35,356.72,359.08,359.13,358.89,360.61,360.1,360.67,358.52,344.67,360.97,364.46,364.33,362.98,363.77,363.48,362.77,361.82,359.57,339.96
374,374.0,393.0,1293.0,3.657,358.38,356.75,359.09,359.12,358.86,360.6,360.11,360.65,358.56,344.66,360.94,364.44,364.33,362.96,363.75,363.44,362.76,361.79,359.57,339.95
375,375.0,394.0,1294.0,3.629,358.42,356.76,359.09,359.12,358.84,360.61,360.13,360.63,358.62,344.64,360.91,364.43,364.32,362.94,363.73,363.41,362.75,361.79,359.56,339.95
376,376.0,395.0,1295.0,3.607,358.45,356.77,359.07,359.15,358.82,360.62,360.15,360.62,358.7,344.67,360.89,364.4,364.3,362.93,363.73,363.39,362.75,361.76,359.55,339.95
377,377.0,396.0,1296.0,3.592,358.48,356.76,359.05,359.18,358.8,360.63,360.15,360.61,358.77,344.67,360.86,364.38,364.3,362.94,363.72,363.37,362.75,361.75,359.55,339.94
378,378.0,397.0,1297.0,3.573,358.51,356.77,359.03,359.21,358.79,360.65,360.16,360.6,358.83,344.69,360.83,364.37,364.3,362.92,363.71,363.37,362.75,361.74,359.54,339.94
379,379.0,398.0,1298.0,3.569,358.5,356.8,358.98,359.21,358.77,360.67,360.18,360.57,358.85,344.69,360.81,364.35,364.3,362.92,363.72,363.36,362.77,361.73,359.53,339.96
380,380.0,399.0,1299.0,3.566,358.42,356.78,358.93,359.22,358.78,360.68,360.23,360.5,358.91,344.65,360.78,364.31,364.29,362.92,363.71,363.35,362.79,361.74,359.53,339.96
381,381.0,400.0,1300.0,3.566,358.36,356.75,358.89,359.23,358.79,360.68,360.24,360.45,358.95,344.63,360.74,364.27,364.28,362.91,363.69,363.34,362.81,361.77,359.55,339.98
382,382.0,401.0,1301.0,3.566,358.3,356.72,358.88,359.26,358.81,360.69,360.23,360.46,358.97,344.64,360.7,364.26,364.27,362.92,363.68,363.32,362.82,361.77,359.57,339.99
383,383.0,402.0,1302.0,3.558,358.25,356.71,358.88,359.3,358.84,360.69,360.21,360.53,358.98,344.64,360.66,364.24,364.26,362.91,363.69,363.32,362.82,361.79,359.59,339.95
384,384.0,403.0,1303.0,3.555,358.21,356.72,358.89,359.33,358.86,360.68,360.21,360.62,358.93,344.62,360.64,364.24,364.27,362.91,363.68,363.3,362.82,361.83,359.61,339.92
385,385.0,404.0,1304.0,3.546,358.17,356.73,358.9,359.36,358.87,360.68,360.22,360.66,358.89,344.6,360.6,364.22,364.26,362.9,363.69,363.3,362.81,361.86,359.59,339.89
386,386.0,405.0,1305.0,3.529,358.16,356.74,358.94,359.37,358.88,360.67,360.22,360.68,358.86,344.6,360.57,364.21,364.25,362.88,363.68,363.29,362.81,361.87,359.51,339.85
387,387.0,406.0,1306.0,3.52,358.1,356.72,358.97,359.39,358.88,360.66,360.19,360.68,358.86,344.57,360.51,364.19,364.23,362.87,363.68,363.28,362.82,361.87,359.43,339.79
388,388.0,407.0,1307.0,3.513,358.01,356.7,358.99,359.39,358.89,360.67,360.17,360.68,358.89,344.53,360.49,364.17,364.22,362.85,363.67,363.26,362.82,361.86,359.36,339.72
389,389.0,408.0,1308.0,3.509,357.94,356.71,359.01,359.39,358.88,360.68,360.17,360.71,358.9,344.5,360.44,364.15,364.22,362.83,363.67,363.26,362.83,361.87,359.29,339.58
390,390.0,409.0,1309.0,3.5,357.91,356.73,359.0,359.39,358.87,360.7,360.16,360.71,358.92,344.47,360.41,364.11,364.21,362.82,363.67,363.26,362.82,361.87,359.21,339.46
391,391.0,410.0,1310.0,3.492,357.9,356.74,359.0,359.4,358.87,360.72,360.17,360.7,358.9,344.42,360.39,364.1,364.2,362.81,363.67,363.26,362.83,361.88,359.13,339.37
392,392.0,411.0,1311.0,3.489,357.88,356.75,359.0,359.4,358.85,360.75,360.18,360.66,358.82,344.4,360.37,364.08,364.19,362.8,363.69,363.27,362.82,361.86,359.0,339.29
393,393.0,412.0,1312.0,3.497,357.89,356.77,358.99,359.43,358.82,360.76,360.17,360.58,358.66,344.36,360.34,364.06,364.19,362.78,363.68,363.25,362.83,361.84,358.92,339.22
394,394.0,413.0,1313.0,3.518,357.9,356.79,358.99,359.46,358.82,360.77,360.19,360.49,358.45,344.34,360.33,364.04,364.19,362.79,363.69,363.26,362.84,361.84,358.86,339.15
395,395.0,414.0,1314.0,3.543,357.89,356.79,358.99,359.47,358.81,360.78,360.18,360.38,358.27,344.32,360.31,364.04,364.18,362.77,363.69,363.26,362.84,361.83,358.81,339.06
396,396.0,415.0,1315.0,3.567,357.91,356.76,359.01,359.5,358.81,360.78,360.17,360.28,358.04,344.27,360.28,364.01,364.17,362.77,363.68,363.26,362.85,361.8,358.82,338.98
397,397.0,416.0,1316.0,3.587,357.9,356.73,359.04,359.51,358.83,360.78,360.19,360.25,357.88,344.21,360.25,363.95,364.17,362.76,363.67,363.27,362.85,361.8,358.88,338.84
398,398.0,417.0,1317.0,3.575,357.88,356.74,359.07,359.52,358.85,360.8,360.22,360.27,357.82,344.19,360.14,363.73,364.1,362.74,363.66,363.3,362.9,361.79,359.0,338.65
399,399.0,418.0,1318.0,3.56,357.85,356.75,359.1,359.53,358.89,360.8,360.22,360.29,357.75,344.17,360.14,363.5,364.01,362.73,363.68,363.32,362.88,361.79,359.12,338.55
400,400.0,419.0,1319.0,3.581,357.83,356.77,359.12,359.53,358.91,360.83,360.15,360.32,357.73,344.17,360.4,363.45,363.99,362.73,363.71,363.32,362.85,361.75,359.19,338.57
401,401.0,420.0,1320.0,3.621,357.83,356.79,359.15,359.51,358.93,360.85,360.06,360.39,357.73,344.17,360.77,363.63,364.03,362.73,363.72,363.33,362.75,361.75,359.26,338.69
402,402.0,421.0,1321.0,3.649,357.82,356.79,359.14,359.49,358.93,360.88,360.01,360.46,357.76,344.19,361.21,363.88,364.07,362.72,363.71,363.34,362.62,361.59,359.27,338.83
403,403.0,422.0,1322.0,3.668,357.82,356.81,359.16,359.47,358.94,360.9,360.0,360.48,357.81,344.2,361.73,364.09,364.1,362.66,363.67,363.32,362.5,361.48,359.25,338.92
404,404.0,423.0,1323.0,3.661,357.8,356.84,359.16,359.45,358.95,360.92,360.05,360.48,357.84,344.24,362.16,364.17,364.07,362.62,363.63,363.28,362.37,361.34,359.2,338.99
405,405.0,424.0,1324.0,3.661,357.8,356.83,359.17,359.44,358.94,360.92,360.11,360.47,357.88,344.28,362.58,364.28,364.07,362.56,363.57,363.26,362.29,361.2,359.14,339.05
406,406.0,425.0,1325.0,3.651,357.84,356.8,359.18,359.45,358.92,360.93,360.22,360.47,358.0,344.37,362.94,364.43,364.08,362.47,363.51,363.22,362.21,361.09,359.06,339.05
407,407.0,426.0,1326.0,3.664,357.86,356.75,359.19,359.44,358.89,360.93,360.31,360.43,358.16,344.44,363.47,364.63,364.08,362.4,363.41,363.19,362.1,360.98,358.89,338.99
408,408.0,427.0,1327.0,3.691,357.87,356.73,359.21,359.43,358.85,360.91,360.34,360.38,358.27,344.48,363.91,364.84,364.1,362.38,363.35,363.2,361.98,360.89,358.71,338.94
409,409.0,428.0,1328.0,3.683,357.89,356.72,359.22,359.43,358.83,360.92,360.33,360.38,358.35,344.49,364.12,365.0,364.13,362.35,363.33,363.16,361.87,360.78,358.61,338.95
410,410.0,429.0,1329.0,3.662,357.91,356.7,359.24,359.44,358.82,360.91,360.3,360.4,358.41,344.48,364.29,365.06,364.14,362.32,363.3,363.14,361.73,360.69,358.53,338.93
411,411.0,430.0,1330.0,3.646,357.91,356.7,359.26,359.43,358.81,360.9,360.27,360.39,358.47,344.47,364.42,365.09,364.17,362.31,363.27,363.1,361.65,360.57,358.45,338.93
412,412.0,431.0,1331.0,3.646,357.92,356.72,359.28,359.43,358.81,360.9,360.25,360.35,358.51,344.44,364.56,365.14,364.18,362.28,363.25,363.04,361.55,360.46,358.37,338.91
413,413.0,432.0,1332.0,3.658,357.93,356.72,359.29,359.42,358.8,360.91,360.24,360.33,358.55,344.42,364.71,365.2,364.22,362.29,363.22,362.98,361.43,360.32,358.29,338.85
414,414.0,433.0,1333.0,3.686,357.95,356.76,359.3,359.39,358.8,360.92,360.24,360.34,358.59,344.39,364.85,365.28,364.24,362.28,363.18,362.91,361.33,360.22,358.2,338.76
415,415.0,434.0,1334.0,3.696,357.98,356.79,359.31,359.37,358.78,360.92,360.23,360.37,358.57,344.28,364.95,365.34,364.22,362.26,363.14,362.85,361.25,360.13,358.08,338.68
416,416.0,435.0,1335.0,3.689,357.99,356.81,359.32,359.34,358.76,360.91,360.28,360.39,358.47,344.17,365.01,365.39,364.23,362.23,363.07,362.77,361.19,360.07,357.92,338.62
417,417.0,436.0,1336.0,3.692,358.01,356.79,359.33,359.32,358.75,360.89,360.29,360.42,358.35,344.08,365.06,365.44,364.24,362.18,362.99,362.66,361.13,359.99,357.7,338.57
418,418.0,437.0,1337.0,3.677,358.05,356.77,359.33,359.31,358.76,360.87,360.3,360.47,358.23,344.04,365.08,365.44,364.21,362.1,362.92,362.54,361.08,359.91,357.54,338.51
419,419.0,438.0,1338.0,3.66,358.11,356.77,359.33,359.31,358.77,360.86,360.33,360.51,358.13,343.99,365.1,365.44,364.21,362.04,362.86,362.42,361.04,359.83,357.38,338.44
420,420.0,439.0,1339.0,3.646,358.15,356.76,359.32,359.31,358.78,360.86,360.33,360.51,358.06,343.98,365.1,365.41,364.19,361.97,362.79,362.31,360.99,359.76,357.24,338.34
421,421.0,440.0,1340.0,3.633,358.2,356.77,359.32,359.31,358.81,360.85,360.35,360.5,358.0,343.97,365.11,365.39,364.17,361.9,362.75,362.17,360.96,359.67,357.12,338.19
422,422.0,441.0,1341.0,3.635,358.25,356.76,359.33,359.31,358.84,360.87,360.37,360.47,357.95,343.98,365.14,365.41,364.16,361.86,362.7,362.11,360.93,359.62,357.03,337.98
423,423.0,442.0,1342.0,3.63,358.38,356.76,359.32,359.33,358.89,360.89,360.38,360.45,357.91,344.01,365.15,365.42,364.15,361.79,362.64,362.01,360.88,359.53,356.92,337.72
424,424.0,443.0,1343.0,3.635,358.43,356.75,359.31,359.35,358.93,360.91,360.36,360.46,357.9,344.02,365.12,365.43,364.15,361.73,362.61,361.92,360.84,359.46,356.83,337.49
425,425.0,444.0,1344.0,3.657,358.43,356.75,359.3,359.36,358.96,360.92,360.35,360.48,357.88,344.04,365.07,365.44,364.14,361.7,362.56,361.87,360.76,359.4,356.73,337.17
426,426.0,445.0,1345.0,3.69,358.38,356.76,359.3,359.39,358.99,360.93,360.35,360.49,357.85,344.05,365.03,365.44,364.17,361.69,362.54,361.83,360.69,359.29,356.63,336.86
427,427.0,446.0,1346.0,3.729,358.32,356.74,359.29,359.39,359.0,360.93,360.31,360.48,357.81,344.09,365.01,365.43,364.17,361.66,362.52,361.81,360.66,359.22,356.52,336.64
428,428.0,447.0,1347.0,3.773,358.25,356.67,359.27,359.42,359.0,360.95,360.26,360.45,357.77,344.11,364.98,365.43,364.17,361.64,362.5,361.78,360.65,359.16,356.34,336.43
429,429.0,448.0,1348.0,3.811,358.18,356.64,359.25,359.44,358.98,360.96,360.18,360.43,357.69,344.12,364.94,365.43,364.17,361.62,362.47,361.74,360.62,359.1,356.18,336.21
430,430.0,449.0,1349.0,3.838,358.12,356.63,359.24,359.44,358.99,360.97,360.15,360.44,357.62,344.13,364.91,365.44,364.17,361.58,362.45,361.68,360.59,358.99,356.1,336.01
431,431.0,450.0,1350.0,3.865,358.01,356.63,359.22,359.46,358.98,360.98,360.12,360.48,357.55,344.12,364.87,365.45,364.16,361.56,362.42,361.66,360.57,358.89,356.06,335.83
432,432.0,451.0,1351.0,3.867,357.94,356.64,359.21,359.45,358.97,360.98,360.11,360.47,357.49,344.07,364.81,365.47,364.15,361.53,362.4,361.63,360.5,358.81,356.06,335.67
433,433.0,452.0,1352.0,3.869,357.9,356.68,359.21,359.44,358.96,360.99,360.12,360.45,357.53,343.99,364.72,365.47,364.15,361.51,362.38,361.63,360.41,358.78,356.02,335.45
434,434.0,453.0,1353.0,3.87,357.89,356.74,359.19,359.44,358.97,361.0,360.16,360.44,357.62,343.91,364.6,365.48,364.15,361.49,362.36,361.61,360.36,358.76,355.95,335.23
435,435.0,454.0,1354.0,3.875,357.88,356.78,359.18,359.43,358.97,361.0,360.18,360.41,357.68,343.89,364.53,365.48,364.15,361.47,362.35,361.61,360.35,358.73,355.91,335.1
436,436.0,455.0,1355.0,3.873,357.89,356.8,359.16,359.43,358.97,361.01,360.21,360.4,357.68,343.86,364.44,365.47,364.14,361.46,362.33,361.63,360.35,358.69,355.86,335.01
437,437.0,456.0,1356.0,3.869,357.91,356.82,359.15,359.43,358.96,361.0,360.25,360.43,357.62,343.85,364.37,365.47,364.12,361.45,362.33,361.62,360.34,358.65,355.82,334.92
438,438.0,457.0,1357.0,3.854,357.95,356.85,359.14,359.43,358.97,361.0,360.26,360.47,357.56,343.87,364.33,365.44,364.1,361.43,362.32,361.58,360.31,358.62,355.79,334.86
439,439.0,458.0,1358.0,3.849,357.95,356.87,359.12,359.44,358.97,361.0,360.26,360.51,357.54,343.9,364.33,365.4,364.06,361.42,362.32,361.54,360.27,358.61,355.82,334.77
440,440.0,459.0,1359.0,3.858,357.95,356.88,359.11,359.44,358.96,361.0,360.24,360.56,357.56,343.96,364.36,365.39,364.04,361.41,362.31,361.53,360.21,358.61,355.9,334.71
441,441.0,460.0,1360.0,3.867,357.94,356.89,359.09,359.44,358.96,361.01,360.21,360.57,357.59,344.05,364.37,365.37,364.03,361.43,362.28,361.53,360.14,358.65,355.97,334.67
442,442.0,461.0,1361.0,3.872,357.95,356.91,359.1,359.43,358.96,361.01,360.22,360.59,357.58,344.14,364.39,365.36,364.02,361.42,362.22,361.57,360.06,358.7,356.07,334.59
443,443.0,462.0,1362.0,3.888,357.97,356.92,359.12,359.42,358.95,361.0,360.23,360.62,357.6,344.21,364.4,365.33,363.99,361.4,362.15,361.62,359.98,358.73,356.14,334.43
444,444.0,463.0,1363.0,3.901,358.0,356.95,359.13,359.4,358.93,361.0,360.21,360.62,357.64,344.28,364.4,365.31,363.99,361.36,362.15,361.66,359.91,358.79,356.2,334.3
445,445.0,464.0,1364.0,3.921,358.02,356.96,359.12,359.37,358.91,360.98,360.19,360.63,357.67,344.33,364.4,365.3,364.0,361.32,362.15,361.71,359.87,358.82,356.24,334.19
446,446.0,465.0,1365.0,3.94,358.05,356.95,359.11,359.35,358.88,360.96,360.18,360.59,357.69,344.38,364.39,365.27,364.0,361.28,362.15,361.77,359.85,358.84,356.26,334.05
447,447.0,466.0,1366.0,3.975,358.07,356.89,359.09,359.32,358.85,360.93,360.19,360.57,357.74,344.42,364.36,365.26,364.0,361.26,362.15,361.81,359.85,358.84,356.27,333.9
448,448.0,467.0,1367.0,4.01,358.11,356.85,359.09,359.28,358.82,360.91,360.22,360.58,357.79,344.45,364.3,365.24,364.01,361.24,362.16,361.87,359.84,358.84,356.28,333.73
449,449.0,468.0,1368.0,4.033,358.15,356.84,359.08,359.26,358.79,360.88,360.23,360.61,357.83,344.48,364.2,365.21,364.0,361.23,362.16,361.91,359.82,358.83,356.29,333.57
450,450.0,469.0,1369.0,4.059,358.17,356.81,359.08,359.24,358.77,360.85,360.25,360.64,357.9,344.49,364.15,365.18,363.99,361.23,362.17,361.94,359.78,358.83,356.33,333.48
451,451.0,470.0,1370.0,4.098,358.16,356.77,359.06,359.23,358.75,360.84,360.26,360.68,358.08,344.49,364.11,365.15,363.99,361.22,362.17,361.99,359.73,358.85,356.38,333.39
452,452.0,471.0,1371.0,4.133,358.13,356.74,359.04,359.22,358.73,360.84,360.27,360.74,358.26,344.47,364.03,365.09,363.96,361.24,362.2,362.05,359.68,358.86,356.48,333.26
453,453.0,472.0,1372.0,4.15,358.13,356.72,359.05,359.21,358.72,360.83,360.27,360.79,358.32,344.43,363.99,365.01,363.93,361.25,362.2,362.11,359.62,358.84,356.55,333.12
454,454.0,473.0,1373.0,4.154,358.16,356.71,359.05,359.2,358.73,360.83,360.3,360.83,358.32,344.4,363.97,364.97,363.89,361.25,362.22,362.13,359.58,358.83,356.58,333.06
455,455.0,474.0,1374.0,4.158,358.19,356.7,359.05,359.22,358.74,360.83,360.33,360.86,358.33,344.39,363.95,364.93,363.84,361.25,362.22,362.15,359.55,358.81,356.59,333.0
456,456.0,475.0,1375.0,4.159,358.24,356.72,359.06,359.23,358.74,360.84,360.36,360.86,358.34,344.4,363.91,364.89,363.81,361.25,362.24,362.17,359.51,358.75,356.59,332.96
457,457.0,476.0,1376.0,4.146,358.3,356.72,359.06,359.25,358.76,360.86,360.37,360.83,358.35,344.4,363.85,364.85,363.78,361.25,362.24,362.19,359.48,358.72,356.59,332.91
458,458.0,477.0,1377.0,4.143,358.35,356.73,359.04,359.28,358.76,360.86,360.37,360.79,358.37,344.41,363.77,364.83,363.75,361.24,362.25,362.21,359.44,358.65,356.59,332.87
459,459.0,478.0,1378.0,4.132,358.39,356.74,359.04,359.31,358.78,360.88,360.38,360.8,358.37,344.42,363.68,364.79,363.72,361.22,362.26,362.22,359.38,358.59,356.59,332.83
460,460.0,479.0,1379.0,4.114,358.39,356.77,359.04,359.34,358.83,360.89,360.4,360.8,358.31,344.45,363.52,364.7,363.67,361.21,362.25,362.24,359.31,358.55,356.57,332.75
461,461.0,480.0,1380.0,4.099,358.4,356.82,359.06,359.36,358.9,360.9,360.41,360.79,358.28,344.5,363.4,364.56,363.63,361.22,362.26,362.28,359.25,358.49,356.55,332.61
462,462.0,481.0,1381.0,4.106,358.4,356.82,359.06,359.39,358.92,360.91,360.4,360.8,358.27,344.54,363.37,364.47,363.61,361.21,362.28,362.31,359.22,358.46,356.55,332.47
463,463.0,482.0,1382.0,4.121,358.42,356.81,359.06,359.43,358.95,360.92,360.38,360.82,358.29,344.54,363.4,364.42,363.58,361.21,362.29,362.35,359.16,358.47,356.53,332.32
464,464.0,483.0,1383.0,4.143,358.44,356.8,359.08,359.46,358.98,360.92,360.38,360.82,358.33,344.55,363.47,364.39,363.56,361.2,362.31,362.39,359.12,358.48,356.5,332.18
465,465.0,484.0,1384.0,4.166,358.48,356.8,359.07,359.46,359.0,360.91,360.39,360.79,358.41,344.56,363.5,364.35,363.54,361.19,362.32,362.4,359.08,358.51,356.46,332.03
466,466.0,485.0,1385.0,4.186,358.51,356.82,359.06,359.46,359.01,360.89,360.37,360.76,358.46,344.59,363.54,364.31,363.5,361.18,362.34,362.42,359.03,358.52,356.43,331.87
467,467.0,486.0,1386.0,4.215,358.51,356.83,359.06,359.46,359.01,360.87,360.38,360.79,358.5,344.61,363.57,364.27,363.47,361.17,362.34,362.43,358.97,358.51,356.42,331.73
468,468.0,487.0,1387.0,4.24,358.5,356.85,359.05,359.48,359.02,360.86,360.37,360.8,358.55,344.61,363.61,364.26,363.45,361.15,362.33,362.42,358.93,358.5,356.37,331.6
469,469.0,488.0,1388.0,4.282,358.4,356.85,359.05,359.48,358.99,360.84,360.38,360.8,358.61,344.63,363.64,364.24,363.44,361.13,362.34,362.41,358.88,358.48,356.34,331.5
470,470.0,489.0,1389.0,4.332,358.28,356.76,359.01,359.49,358.96,360.83,360.38,360.79,358.6,344.66,363.65,364.24,363.38,361.12,362.32,362.41,358.83,358.44,356.28,331.36
471,471.0,490.0,1390.0,4.358,358.19,356.71,358.97,359.49,358.93,360.83,360.38,360.78,358.57,344.69,363.62,364.2,363.32,361.11,362.29,362.42,358.77,358.42,356.21,331.29
472,472.0,491.0,1391.0,4.375,358.13,356.7,358.94,359.47,358.92,360.83,360.4,360.78,358.51,344.71,363.57,364.19,363.3,361.07,362.27,362.41,358.7,358.38,356.11,331.29
473,473.0,492.0,1392.0,4.363,358.07,356.71,358.91,359.44,358.9,360.82,360.38,360.75,358.41,344.73,363.45,364.1,363.25,361.06,362.26,362.4,358.6,358.31,355.99,331.41
474,474.0,493.0,1393.0,4.319,358.02,356.72,358.87,359.43,358.89,360.82,360.37,360.72,358.32,344.72,363.34,364.01,363.22,361.01,362.24,362.4,358.56,358.25,355.98,331.61
475,475.0,494.0,1394.0,4.258,357.98,356.74,358.83,359.42,358.88,360.83,360.35,360.67,358.22,344.72,363.23,363.97,363.17,360.95,362.2,362.37,358.54,358.18,355.97,331.9
476,476.0,495.0,1395.0,4.195,357.96,356.75,358.81,359.42,358.87,360.84,360.33,360.59,358.14,344.74,363.18,363.9,363.12,360.87,362.17,362.33,358.49,358.09,356.0,332.19
477,477.0,496.0,1396.0,4.127,357.94,356.75,358.78,359.4,358.86,360.84,360.28,360.5,358.06,344.78,363.15,363.81,363.05,360.78,362.12,362.29,358.44,358.02,356.05,332.48
478,478.0,497.0,1397.0,4.054,357.95,356.78,358.79,359.37,358.88,360.83,360.24,360.49,357.93,344.85,363.22,363.71,362.93,360.74,362.05,362.27,358.34,357.97,356.11,332.86
479,479.0,498.0,1398.0,4.002,357.97,356.79,358.81,359.34,358.88,360.85,360.18,360.55,357.8,344.93,363.33,363.62,362.81,360.68,361.99,362.24,358.23,357.94,356.13,333.16
480,480.0,499.0,1399.0,3.985,357.98,356.8,358.84,359.31,358.88,360.84,360.15,360.61,357.74,344.97,363.42,363.58,362.75,360.61,361.95,362.22,358.15,357.89,356.14,333.31
481,481.0,500.0,1400.0,3.954,357.97,356.75,358.84,359.27,358.85,360.79,360.03,360.42,357.62,344.96,363.51,363.56,362.69,360.55,361.95,362.21,358.05,357.82,356.15,333.47
482,482.0,501.0,1401.0,3.919,357.92,356.63,358.81,359.18,358.78,360.71,359.86,360.18,357.44,344.87,363.58,363.51,362.64,360.5,361.92,362.2,357.93,357.78,356.16,333.61
483,483.0,502.0,1402.0,3.897,357.82,356.48,358.76,359.12,358.69,360.65,359.67,360.02,357.2,344.74,363.65,363.48,362.6,360.44,361.91,362.2,357.82,357.72,356.13,333.75
484,484.0,503.0,1403.0,3.869,357.71,356.33,358.7,359.02,358.6,360.54,359.51,359.79,356.9,344.57,363.67,363.45,362.55,360.39,361.88,362.19,357.68,357.65,356.13,333.86
485,485.0,504.0,1404.0,3.836,357.62,356.17,358.63,358.9,358.5,360.41,359.34,359.55,356.6,344.38,363.69,363.41,362.51,360.36,361.87,362.18,357.55,357.64,356.13,333.97
486,486.0,505.0,1405.0,3.804,357.54,356.03,358.55,358.77,358.4,360.29,359.19,359.33,356.29,344.2,363.69,363.35,362.47,360.3,361.83,362.16,357.44,357.6,356.09,334.06
487,487.0,506.0,1406.0,3.805,357.43,355.87,358.41,358.64,358.25,360.16,358.94,359.12,355.85,343.9,363.72,363.32,362.43,360.26,361.82,362.14,357.35,357.56,356.06,334.14
488,488.0,507.0,1407.0,3.836,357.35,355.73,358.25,358.52,358.1,360.04,358.69,358.93,355.5,343.61,363.76,363.3,362.39,360.23,361.77,362.09,357.27,357.49,355.99,334.16
489,489.0,508.0,1408.0,3.859,357.3,355.65,358.16,358.41,358.0,359.93,358.55,358.76,355.33,343.43,363.76,363.26,362.37,360.21,361.71,362.05,357.18,357.42,355.9,334.04
490,490.0,509.0,1409.0,3.876,357.27,355.57,358.09,358.34,357.93,359.86,358.41,358.67,355.17,343.24,363.76,363.26,362.36,360.19,361.67,362.01,357.17,357.39,355.85,333.88
491,491.0,510.0,1410.0,3.9,357.22,355.5,358.0,358.22,357.83,359.76,358.22,358.56,354.99,343.02,363.77,363.26,362.35,360.17,361.63,361.95,357.19,357.32,355.79,333.67
492,492.0,511.0,1411.0,3.914,357.16,355.45,357.94,358.12,357.76,359.66,358.1,358.46,354.81,342.81,363.77,363.3,362.35,360.15,361.55,361.87,357.26,357.27,355.68,333.47
493,493.0,512.0,1412.0,3.903,357.12,355.42,357.87,358.03,357.68,359.58,357.96,358.36,354.62,342.57,363.77,363.35,362.35,360.11,361.45,361.75,357.33,357.19,355.46,333.25
494,494.0,513.0,1413.0,3.891,357.04,355.37,357.79,357.93,357.59,359.49,357.86,358.25,354.5,342.35,363.76,363.38,362.36,360.04,361.35,361.6,357.41,357.05,355.18,333.05
495,495.0,514.0,1414.0,3.853,356.95,355.31,357.68,357.87,357.48,359.41,357.72,358.18,354.43,342.02,363.75,363.43,362.35,359.98,361.24,361.43,357.49,356.94,354.91,332.93
496,496.0,515.0,1415.0,3.809,356.87,355.22,357.56,357.8,357.38,359.34,357.58,358.06,354.4,341.73,363.73,363.48,362.31,359.88,361.12,361.25,357.54,356.81,354.74,332.87
497,497.0,516.0,1416.0,3.767,356.79,355.18,357.5,357.75,357.31,359.28,357.51,357.97,354.41,341.55,363.67,363.49,362.27,359.79,361.0,361.06,357.54,356.7,354.62,332.87
498,498.0,517.0,1417.0,3.736,356.7,355.14,357.45,357.68,357.25,359.2,357.43,357.78,354.43,341.39,363.64,363.51,362.23,359.69,360.9,360.9,357.52,356.51,354.46,332.88
499,499.0,518.0,1418.0,3.723,356.63,355.1,357.39,357.62,357.2,359.12,357.34,357.64,354.45,341.22,363.61,363.51,362.2,359.61,360.82,360.79,357.51,356.43,354.37,332.92
500,500.0,519.0,1419.0,3.693,356.55,355.08,357.34,357.57,357.14,359.05,357.27,357.57,354.48,341.05,363.55,363.49,362.18,359.49,360.71,360.63,357.54,356.42,354.37,332.98
501,501.0,520.0,1420.0,3.653,356.49,355.06,357.29,357.52,357.09,358.98,357.2,357.51,354.49,340.89,363.51,363.47,362.11,359.38,360.6,360.48,357.55,356.42,354.39,333.04
502,502.0,521.0,1421.0,3.621,356.45,355.05,357.24,357.47,357.04,358.91,357.15,357.45,354.45,340.72,363.5,363.44,362.05,359.28,360.53,360.35,357.56,356.38,354.37,333.06
503,503.0,522.0,1422.0,3.583,356.4,355.05,357.21,357.42,357.0,358.84,357.08,357.4,354.33,340.53,363.49,363.42,361.98,359.2,360.45,360.26,357.57,356.35,354.37,333.16
504,504.0,523.0,1423.0,3.577,356.35,355.03,357.16,357.4,356.95,358.8,357.01,357.35,354.1,340.33,363.48,363.4,361.92,359.12,360.4,360.2,357.57,356.31,354.38,333.25
505,505.0,524.0,1424.0,3.573,356.3,355.0,357.1,357.36,356.88,358.74,356.91,357.16,353.74,340.04,363.47,363.37,361.86,359.05,360.37,360.15,357.55,356.29,354.37,333.33
506,506.0,525.0,1425.0,3.563,356.23,354.93,357.05,357.31,356.83,358.68,356.79,356.92,353.49,339.81,363.45,363.3,361.78,359.01,360.32,360.14,357.48,356.29,354.35,333.34
507,507.0,526.0,1426.0,3.553,356.15,354.87,357.0,357.27,356.78,358.62,356.72,356.76,353.44,339.68,363.43,363.23,361.7,358.98,360.31,360.16,357.4,356.3,354.34,333.31
508,508.0,527.0,1427.0,3.567,356.1,354.81,356.97,357.23,356.76,358.57,356.67,356.7,353.46,339.56,363.44,363.18,361.67,358.98,360.34,360.23,357.33,356.31,354.4,333.28
509,509.0,528.0,1428.0,3.588,356.06,354.76,356.93,357.2,356.72,358.52,356.62,356.68,353.47,339.44,363.46,363.13,361.65,358.99,360.37,360.3,357.24,356.29,354.45,333.25
510,510.0,529.0,1429.0,3.599,356.05,354.73,356.9,357.17,356.69,358.47,356.58,356.69,353.49,339.32,363.47,363.06,361.62,359.0,360.41,360.38,357.16,356.3,354.5,333.24
511,511.0,530.0,1430.0,3.614,356.03,354.71,356.87,357.14,356.66,358.43,356.53,356.71,353.51,339.21,363.49,363.02,361.6,359.02,360.46,360.46,357.04,356.29,354.55,333.25
512,512.0,531.0,1431.0,3.616,356.03,354.71,356.84,357.1,356.62,358.39,356.51,356.78,353.52,339.09,363.49,362.95,361.57,359.03,360.48,360.52,356.93,356.26,354.59,333.29
513,513.0,532.0,1432.0,3.617,355.99,354.72,356.8,357.06,356.57,358.35,356.48,356.84,353.49,338.88,363.49,362.89,361.56,359.05,360.5,360.58,356.87,356.29,354.61,333.35
514,514.0,533.0,1433.0,3.601,355.97,354.7,356.77,357.03,356.54,358.31,356.47,356.91,353.36,338.69,363.45,362.83,361.52,359.03,360.48,360.57,356.78,356.3,354.62,333.42
515,515.0,534.0,1434.0,3.58,355.95,354.69,356.75,357.0,356.49,358.27,356.47,356.96,353.32,338.58,363.43,362.78,361.47,358.99,360.44,360.54,356.73,356.3,354.63,333.51
516,516.0,535.0,1435.0,3.567,355.95,354.67,356.72,356.97,356.46,358.24,356.47,356.99,353.3,338.45,363.42,362.76,361.44,358.96,360.41,360.48,356.72,356.24,354.64,333.57
517,517.0,536.0,1436.0,3.544,355.96,354.67,356.72,356.95,356.44,358.21,356.48,357.02,353.3,338.31,363.41,362.76,361.41,358.91,360.37,360.41,356.7,356.14,354.6,333.58
518,518.0,537.0,1437.0,3.517,355.96,354.66,356.7,356.93,356.4,358.18,356.49,357.02,353.33,338.16,363.39,362.75,361.39,358.86,360.34,360.35,356.68,356.04,354.51,333.59
519,519.0,538.0,1438.0,3.474,355.96,354.66,356.68,356.92,356.38,358.16,356.52,357.03,353.37,338.0,363.38,362.74,361.36,358.81,360.29,360.28,356.67,356.03,354.42,333.56
520,520.0,539.0,1439.0,3.446,355.97,354.66,356.66,356.89,356.35,358.13,356.5,356.98,353.33,337.85,363.38,362.73,361.32,358.78,360.22,360.21,356.67,356.01,354.36,333.55
521,521.0,540.0,1440.0,3.401,355.97,354.68,356.66,356.86,356.34,358.09,356.5,356.82,353.28,337.69,363.35,362.71,361.29,358.73,360.17,360.13,356.68,355.97,354.29,333.5
522,522.0,541.0,1441.0,3.368,355.96,354.71,356.64,356.85,356.31,358.05,356.43,356.72,353.22,337.53,363.33,362.7,361.24,358.66,360.12,360.05,356.71,355.93,354.2,333.48
523,523.0,542.0,1442.0,3.334,355.96,354.7,356.62,356.83,356.25,358.02,356.32,356.64,353.19,337.26,363.31,362.69,361.2,358.59,360.06,359.98,356.72,355.91,354.14,333.45
524,524.0,543.0,1443.0,3.292,355.95,354.59,356.61,356.8,356.2,357.98,356.23,356.53,353.14,336.96,363.28,362.65,361.14,358.53,360.0,359.91,356.68,355.83,354.08,333.51
525,525.0,544.0,1444.0,3.267,355.9,354.5,356.6,356.77,356.17,357.97,356.14,356.47,353.17,336.81,363.27,362.62,361.1,358.49,359.96,359.86,356.63,355.76,353.99,333.55
526,526.0,545.0,1445.0,3.242,355.84,354.5,356.58,356.71,356.13,357.93,356.07,356.41,353.23,336.64,363.24,362.59,361.06,358.45,359.93,359.84,356.59,355.76,353.97,333.54
527,527.0,546.0,1446.0,3.222,355.8,354.54,356.57,356.65,356.09,357.91,355.97,356.39,353.31,336.47,363.21,362.55,361.05,358.42,359.92,359.81,356.53,355.72,353.92,333.5
528,528.0,547.0,1447.0,3.19,355.79,354.57,356.56,356.62,356.05,357.87,355.92,356.38,353.38,336.29,363.18,362.52,361.02,358.37,359.88,359.75,356.48,355.6,353.85,333.47
529,529.0,548.0,1448.0,3.144,355.8,354.59,356.54,356.6,356.02,357.84,355.9,356.39,353.42,336.08,363.15,362.5,360.97,358.32,359.84,359.7,356.42,355.57,353.81,333.45
530,530.0,549.0,1449.0,3.11,355.8,354.62,356.53,356.58,356.0,357.81,355.91,356.38,353.44,335.92,363.12,362.48,360.94,358.27,359.8,359.65,356.4,355.51,353.76,333.42
531,531.0,550.0,1450.0,3.092,355.8,354.6,356.51,356.57,355.98,357.78,355.89,356.39,353.44,335.75,363.09,362.47,360.91,358.23,359.77,359.59,356.35,355.43,353.69,333.32
532,532.0,551.0,1451.0,3.078,355.8,354.58,356.48,356.56,355.95,357.76,355.91,356.39,353.38,335.51,363.06,362.45,360.88,358.19,359.71,359.53,356.31,355.39,353.62,333.07
533,533.0,552.0,1452.0,3.09,355.79,354.57,356.44,356.55,355.93,357.73,355.95,356.41,353.28,335.3,363.03,362.44,360.84,358.15,359.67,359.48,356.29,355.35,353.54,332.66
534,534.0,553.0,1453.0,3.085,355.78,354.58,356.43,356.54,355.9,357.72,355.99,356.42,353.2,335.16,362.99,362.43,360.8,358.1,359.62,359.44,356.27,355.35,353.45,332.37
535,535.0,554.0,1454.0,3.092,355.76,354.59,356.42,356.52,355.88,357.7,356.02,356.42,353.12,335.05,362.98,362.44,360.78,358.07,359.59,359.39,356.29,355.35,353.35,332.07
536,536.0,555.0,1455.0,3.092,355.74,354.59,356.41,356.5,355.86,357.67,356.05,356.43,353.09,334.91,362.98,362.41,360.75,358.04,359.58,359.38,356.28,355.37,353.21,331.76
537,537.0,556.0,1456.0,3.095,355.72,354.58,356.41,356.46,355.85,357.64,356.08,356.4,353.08,334.76,362.96,362.41,360.73,358.0,359.56,359.38,356.29,355.41,352.98,331.48
538,538.0,557.0,1457.0,3.119,355.69,354.56,356.39,356.43,355.82,357.63,356.09,356.34,353.05,334.63,362.96,362.38,360.71,357.99,359.57,359.4,356.28,355.43,352.86,331.22
539,539.0,558.0,1458.0,3.141,355.65,354.57,356.37,356.42,355.79,357.62,356.08,356.33,353.03,334.51,362.95,362.39,360.71,357.98,359.58,359.41,356.29,355.43,352.83,331.01
540,540.0,559.0,1459.0,3.166,355.63,354.57,356.33,356.39,355.77,357.61,356.03,356.34,353.02,334.38,362.96,362.37,360.7,357.97,359.6,359.42,356.31,355.45,352.81,330.82
541,541.0,560.0,1460.0,3.168,355.63,354.57,356.29,356.37,355.75,357.61,355.99,356.33,353.01,334.23,362.94,362.37,360.68,357.96,359.58,359.41,356.31,355.48,352.8,330.65
542,542.0,561.0,1461.0,3.177,355.62,354.53,356.26,356.36,355.74,357.59,355.95,356.33,352.94,334.11,362.93,362.37,360.67,357.94,359.57,359.39,356.36,355.52,352.8,330.48
543,543.0,562.0,1462.0,3.178,355.63,354.49,356.23,356.33,355.72,357.58,355.88,356.33,352.89,333.99,362.9,362.37,360.63,357.92,359.54,359.33,356.37,355.54,352.75,330.34
544,544.0,563.0,1463.0,3.168,355.63,354.47,356.21,356.32,355.71,357.57,355.85,356.34,352.86,333.86,362.87,362.36,360.61,357.89,359.53,359.31,356.36,355.57,352.69,330.28
545,545.0,564.0,1464.0,3.176,355.62,354.46,356.19,356.31,355.71,357.54,355.84,356.31,352.88,333.72,362.86,362.33,360.59,357.89,359.54,359.3,356.35,355.53,352.62,330.2
546,546.0,565.0,1465.0,3.174,355.61,354.45,356.15,356.3,355.7,357.53,355.84,356.29,352.87,333.6,362.85,362.29,360.57,357.87,359.54,359.3,356.32,355.53,352.57,330.09
547,547.0,566.0,1466.0,3.16,355.6,354.42,356.13,356.3,355.68,357.52,355.86,356.27,352.79,333.51,362.83,362.25,360.53,357.85,359.55,359.32,356.27,355.55,352.52,329.99
548,548.0,567.0,1467.0,3.157,355.59,354.38,356.1,356.27,355.67,357.5,355.86,356.28,352.76,333.44,362.81,362.2,360.49,357.86,359.58,359.37,356.11,355.59,352.47,329.89
549,549.0,568.0,1468.0,3.138,355.57,354.35,356.08,356.23,355.66,357.48,355.88,356.24,352.71,333.36,362.79,362.13,360.45,357.84,359.62,359.43,355.92,355.62,352.42,329.8
550,550.0,569.0,1469.0,3.152,355.53,354.33,356.05,356.2,355.64,357.45,355.86,356.21,352.7,333.27,362.77,362.03,360.39,357.83,359.68,359.51,355.7,355.69,352.4,329.73
551,551.0,570.0,1470.0,3.157,355.48,354.31,356.04,356.18,355.63,357.44,355.81,356.19,352.73,333.18,362.72,361.89,360.29,357.83,359.75,359.63,355.42,355.78,352.48,329.69
552,552.0,571.0,1471.0,3.135,355.43,354.28,356.03,356.17,355.62,357.43,355.75,356.11,352.69,333.07,362.7,361.75,360.16,357.82,359.81,359.74,355.17,355.89,352.58,329.65
553,553.0,572.0,1472.0,3.106,355.4,354.29,356.01,356.16,355.61,357.43,355.74,356.1,352.64,332.93,362.65,361.61,360.04,357.75,359.85,359.81,354.94,356.01,352.61,329.6
554,554.0,573.0,1473.0,3.089,355.38,354.3,356.01,356.16,355.61,357.42,355.78,356.1,352.59,332.82,362.56,361.41,359.88,357.67,359.86,359.86,354.62,356.07,352.73,329.6
555,555.0,574.0,1474.0,3.078,355.36,354.28,356.0,356.14,355.59,357.42,355.81,356.05,352.5,332.69,362.42,361.16,359.7,357.57,359.83,359.87,354.31,356.13,352.89,329.67
556,556.0,575.0,1475.0,3.041,355.33,354.28,356.0,356.13,355.59,357.42,355.85,355.99,352.38,332.57,362.27,360.89,359.51,357.43,359.81,359.82,353.99,356.16,353.03,329.8
557,557.0,576.0,1476.0,2.993,355.31,354.28,355.99,356.12,355.58,357.41,355.87,355.95,352.27,332.44,362.15,360.67,359.33,357.29,359.74,359.73,353.73,356.19,353.07,329.93
558,558.0,577.0,1477.0,2.925,355.31,354.28,355.98,356.12,355.57,357.41,355.88,355.97,352.12,332.29,362.02,360.48,359.15,357.15,359.65,359.64,353.49,356.23,353.05,330.04
559,559.0,578.0,1478.0,2.818,355.31,354.27,355.97,356.11,355.56,357.4,355.79,356.01,351.97,332.03,361.87,360.28,358.95,357.02,359.53,359.54,353.26,356.28,352.99,330.24
560,560.0,579.0,1479.0,2.71,355.31,354.25,355.96,356.11,355.54,357.4,355.68,356.03,351.84,331.75,361.72,360.1,358.75,356.87,359.4,359.42,353.04,356.36,352.9,330.37
561,561.0,580.0,1480.0,2.641,355.31,354.25,355.95,356.1,355.52,357.38,355.66,355.98,351.77,331.54,361.6,359.95,358.58,356.75,359.29,359.29,352.84,356.44,352.78,330.38
562,562.0,581.0,1481.0,2.577,355.32,354.24,355.94,356.08,355.52,357.36,355.63,355.9,351.72,331.32,361.48,359.81,358.42,356.63,359.19,359.17,352.67,356.54,352.68,330.35
563,563.0,582.0,1482.0,2.507,355.3,354.21,355.92,356.07,355.5,357.36,355.53,355.87,351.69,331.1,361.37,359.72,358.29,356.53,359.1,359.04,352.53,356.6,352.56,330.32
564,564.0,583.0,1483.0,2.44,355.27,354.21,355.9,356.06,355.48,357.34,355.46,355.87,351.66,330.9,361.27,359.63,358.18,356.43,359.02,358.93,352.43,356.64,352.43,330.28
565,565.0,584.0,1484.0,2.373,355.26,354.19,355.87,356.04,355.47,357.32,355.42,355.88,351.65,330.73,361.17,359.54,358.06,356.35,358.93,358.81,352.32,356.67,352.27,330.23
566,566.0,585.0,1485.0,2.307,355.24,354.18,355.86,356.03,355.46,357.29,355.42,355.92,351.64,330.57,361.07,359.45,357.96,356.26,358.88,358.71,352.24,356.67,352.14,330.2
567,567.0,586.0,1486.0,2.253,355.23,354.17,355.82,356.02,355.43,357.27,355.44,355.94,351.66,330.41,360.98,359.37,357.89,356.22,358.82,358.61,352.19,356.63,352.06,330.18
568,568.0,587.0,1487.0,2.211,355.22,354.15,355.8,356.01,355.4,357.25,355.46,355.97,351.69,330.21,360.96,359.32,357.86,356.19,358.8,358.56,352.15,356.57,352.01,330.21
569,569.0,588.0,1488.0,2.23,355.21,354.16,355.79,356.0,355.38,357.23,355.48,356.0,351.71,330.05,360.95,359.29,357.86,356.23,358.79,358.59,352.1,356.49,352.0,330.24
570,570.0,589.0,1489.0,2.261,355.22,354.16,355.78,355.99,355.36,357.21,355.49,356.03,351.69,329.98,361.02,359.3,357.93,356.28,358.84,358.66,352.1,356.32,352.03,330.27
571,571.0,590.0,1490.0,2.324,355.21,354.15,355.76,355.98,355.34,357.19,355.51,356.05,351.7,329.88,361.16,359.34,358.05,356.36,358.91,358.77,352.15,356.09,352.1,330.36
572,572.0,591.0,1491.0,2.438,355.2,354.15,355.75,355.98,355.34,357.18,355.53,356.07,351.76,329.77,361.32,359.44,358.22,356.47,359.0,358.91,352.27,355.86,352.22,330.47
573,573.0,592.0,1492.0,2.58,355.2,354.13,355.74,355.97,355.33,357.17,355.54,356.09,351.83,329.67,361.53,359.61,358.43,356.61,359.1,359.06,352.48,355.59,352.39,330.54
574,574.0,593.0,1493.0,2.719,355.18,354.07,355.73,355.96,355.31,357.16,355.53,356.06,351.85,329.59,361.73,359.81,358.63,356.72,359.17,359.19,352.74,355.26,352.56,330.63
575,575.0,594.0,1494.0,2.805,355.16,354.05,355.72,355.93,355.3,357.14,355.54,355.94,351.83,329.53,361.89,360.01,358.8,356.8,359.19,359.23,353.01,355.05,352.67,330.7
576,576.0,595.0,1495.0,2.84,355.14,354.04,355.72,355.9,355.29,357.13,355.49,355.85,351.8,329.46,362.0,360.14,358.89,356.84,359.17,359.24,353.22,354.95,352.73,330.71
577,577.0,596.0,1496.0,2.854,355.12,354.04,355.7,355.89,355.26,357.1,355.38,355.81,351.74,329.38,362.05,360.26,358.95,356.83,359.09,359.2,353.34,354.85,352.75,330.65
578,578.0,597.0,1497.0,2.846,355.09,354.05,355.69,355.88,355.25,357.08,355.34,355.81,351.67,329.29,362.07,360.32,358.94,356.8,359.01,359.12,353.44,354.77,352.71,330.55
579,579.0,598.0,1498.0,2.856,355.07,354.06,355.67,355.85,355.24,357.04,355.34,355.82,351.64,329.27,362.1,360.37,358.96,356.75,358.95,359.04,353.49,354.68,352.69,330.55
580,580.0,599.0,1499.0,2.837,355.04,354.08,355.67,355.84,355.23,357.01,355.35,355.85,351.67,329.28,362.09,360.37,358.93,356.71,358.89,358.97,353.51,354.66,352.66,330.52
581,581.0,600.0,1500.0,2.801,355.03,354.09,355.66,355.82,355.22,356.99,355.36,355.86,351.74,329.29,362.09,360.37,358.91,356.66,358.85,358.91,353.52,354.72,352.61,330.45
582,582.0,601.0,1501.0,2.769,355.02,354.09,355.63,355.79,355.19,356.95,355.36,355.87,351.82,329.28,362.1,360.37,358.89,356.62,358.81,358.86,353.55,354.77,352.54,330.36
583,583.0,602.0,1502.0,2.744,355.01,354.1,355.59,355.76,355.18,356.92,355.36,355.86,351.88,329.27,362.1,360.36,358.85,356.58,358.78,358.82,353.55,354.79,352.53,330.24
584,584.0,603.0,1503.0,2.717,355.0,354.12,355.57,355.73,355.15,356.89,355.36,355.83,351.94,329.2,362.09,360.34,358.83,356.53,358.75,358.79,353.54,354.81,352.52,330.08
585,585.0,604.0,1504.0,2.682,354.99,354.11,355.55,355.69,355.13,356.86,355.36,355.79,351.96,329.15,362.09,360.31,358.79,356.48,358.72,358.73,353.53,354.83,352.42,329.92
586,586.0,605.0,1505.0,2.682,354.99,354.11,355.53,355.65,355.1,356.84,355.37,355.75,351.95,329.0,362.1,360.28,358.74,356.43,358.69,358.72,353.48,354.84,352.45,329.79
587,587.0,606.0,1506.0,2.686,354.99,354.11,355.52,355.63,355.06,356.82,355.35,355.74,351.91,328.82,362.08,360.25,358.68,356.39,358.67,358.69,353.42,354.87,352.48,329.68
588,588.0,607.0,1507.0,2.696,354.98,354.12,355.51,355.62,355.04,356.82,355.35,355.76,351.81,328.68,362.08,360.2,358.63,356.33,358.66,358.68,353.34,354.9,352.48,329.6
589,589.0,608.0,1508.0,2.708,354.98,354.11,355.49,355.6,355.03,356.79,355.34,355.71,351.65,328.52,362.09,360.14,358.57,356.28,358.65,358.69,353.23,354.91,352.42,329.51
590,590.0,609.0,1509.0,2.708,354.99,354.12,355.48,355.58,355.01,356.78,355.32,355.63,351.44,328.36,362.05,360.09,358.5,356.24,358.64,358.69,353.15,354.94,352.35,329.43
591,591.0,610.0,1510.0,2.713,354.99,354.12,355.47,355.58,354.98,356.77,355.3,355.55,351.16,328.18,362.04,360.0,358.43,356.2,358.63,358.68,353.06,354.96,352.27,329.3
592,592.0,611.0,1511.0,2.717,354.99,354.13,355.45,355.56,354.97,356.77,355.28,355.46,350.89,327.99,362.04,359.94,358.34,356.14,358.62,358.65,352.95,355.01,352.23,329.18
593,593.0,612.0,1512.0,2.718,354.97,354.12,355.43,355.54,354.96,356.76,355.25,355.44,350.68,327.82,362.03,359.87,358.27,356.09,358.59,358.62,352.87,355.04,352.18,329.04
594,594.0,613.0,1513.0,2.71,354.94,354.06,355.4,355.53,354.93,356.75,355.23,355.45,350.6,327.57,362.01,359.78,358.18,356.03,358.56,358.56,352.74,355.09,352.06,328.87
595,595.0,614.0,1514.0,2.662,354.87,353.99,355.37,355.52,354.89,356.74,355.19,355.45,350.74,327.39,361.97,359.66,358.07,355.93,358.52,358.49,352.59,355.18,351.92,328.7
596,596.0,615.0,1515.0,2.585,354.83,353.97,355.36,355.5,354.87,356.73,355.19,355.46,350.87,327.29,361.89,359.52,357.93,355.86,358.42,358.4,352.35,355.27,351.74,328.47
597,597.0,616.0,1516.0,2.521,354.79,353.95,355.34,355.48,354.83,356.71,355.16,355.48,351.0,327.21,361.77,359.33,357.77,355.77,358.34,358.32,352.1,355.35,351.63,328.39
598,598.0,617.0,1517.0,2.473,354.77,353.93,355.33,355.47,354.8,356.7,355.15,355.49,351.09,327.12,361.68,359.17,357.65,355.67,358.29,358.23,351.95,355.42,351.57,328.41
599,599.0,618.0,1518.0,2.409,354.74,353.92,355.31,355.45,354.75,356.67,355.12,355.5,351.18,327.0,361.52,358.97,357.48,355.54,358.22,358.11,351.74,355.54,351.45,328.4
600,600.0,619.0,1519.0,2.334,354.73,353.91,355.31,355.43,354.73,356.65,355.11,355.5,351.3,326.91,361.33,358.72,357.26,355.38,358.13,357.96,351.52,355.68,351.27,328.32
601,601.0,620.0,1520.0,2.327,354.7,353.9,355.29,355.42,354.71,356.64,355.09,355.51,351.42,326.82,361.13,358.51,357.07,355.24,358.05,357.78,351.36,355.82,351.06,328.19
602,602.0,621.0,1521.0,2.315,354.69,353.9,355.28,355.41,354.69,356.62,355.08,355.5,351.52,326.7,360.92,358.31,356.89,355.11,357.94,357.59,351.18,355.92,350.8,328.05
603,603.0,622.0,1522.0,2.293,354.66,353.92,355.27,355.39,354.67,356.6,355.07,355.49,351.61,326.61,360.69,358.12,356.7,354.99,357.83,357.4,351.03,356.02,350.55,327.89
604,604.0,623.0,1523.0,2.267,354.65,353.93,355.27,355.38,354.65,356.58,355.04,355.47,351.67,326.45,360.45,357.94,356.54,354.9,357.72,357.22,350.91,356.1,350.35,327.78
605,605.0,624.0,1524.0,2.26,354.64,353.92,355.24,355.37,354.63,356.57,355.01,355.44,351.68,326.28,360.28,357.79,356.42,354.82,357.62,357.07,350.81,356.11,350.07,327.66
606,606.0,625.0,1525.0,2.228,354.66,353.94,355.24,355.36,354.62,356.55,354.99,355.39,351.62,326.17,360.1,357.63,356.3,354.74,357.54,356.9,350.72,356.11,349.85,327.61
607,607.0,626.0,1526.0,2.205,354.65,353.92,355.23,355.35,354.6,356.53,354.94,355.35,351.53,326.05,359.92,357.51,356.21,354.68,357.46,356.74,350.64,356.16,349.71,327.57
608,608.0,627.0,1527.0,2.175,354.63,353.88,355.22,355.34,354.57,356.52,354.91,355.34,351.42,325.92,359.73,357.37,356.13,354.6,357.37,356.53,350.53,356.2,349.58,327.53
609,609.0,628.0,1528.0,2.158,354.64,353.85,355.22,355.34,354.57,356.5,354.89,355.32,351.3,325.82,359.49,357.19,356.02,354.54,357.24,356.28,350.44,356.25,349.45,327.49
610,610.0,629.0,1529.0,2.149,354.61,353.8,355.19,355.33,354.55,356.48,354.86,355.32,351.24,325.73,359.22,357.01,355.92,354.47,357.12,356.03,350.39,356.3,349.35,327.45
611,611.0,630.0,1530.0,2.132,354.59,353.79,355.18,355.32,354.55,356.45,354.84,355.3,351.24,325.65,358.93,356.82,355.82,354.44,356.98,355.76,350.34,356.33,349.25,327.44
612,612.0,631.0,1531.0,2.128,354.54,353.75,355.12,355.31,354.53,356.44,354.74,355.29,351.28,325.56,358.63,356.61,355.75,354.39,356.87,355.47,350.3,356.3,349.14,327.43
613,613.0,632.0,1532.0,2.104,354.49,353.71,355.06,355.28,354.5,356.41,354.62,355.25,351.23,325.46,358.34,356.41,355.68,354.36,356.76,355.18,350.25,356.24,349.01,327.33
614,614.0,633.0,1533.0,2.063,354.46,353.7,355.01,355.25,354.49,356.38,354.57,355.25,351.09,325.41,358.12,356.25,355.63,354.34,356.67,354.96,350.23,356.25,348.91,327.18
615,615.0,634.0,1534.0,2.047,354.45,353.67,354.95,355.21,354.46,356.37,354.53,355.23,350.98,325.36,358.02,356.15,355.58,354.33,356.64,354.88,350.25,356.26,348.81,327.13
616,616.0,635.0,1535.0,2.079,354.45,353.66,354.9,355.18,354.45,356.36,354.52,355.21,350.97,325.33,358.19,356.19,355.58,354.3,356.68,355.0,350.2,356.23,348.81,327.2
617,617.0,636.0,1536.0,2.112,354.45,353.63,354.86,355.14,354.43,356.34,354.5,355.18,351.06,325.33,358.4,356.29,355.59,354.29,356.74,355.17,350.22,356.16,348.87,327.33
618,618.0,637.0,1537.0,2.147,354.45,353.61,354.82,355.11,354.42,356.32,354.5,355.17,351.19,325.34,358.54,356.34,355.58,354.27,356.8,355.28,350.22,356.15,348.88,327.4
619,619.0,638.0,1538.0,2.168,354.45,353.6,354.78,355.07,354.39,356.28,354.5,355.15,351.35,325.35,358.59,356.33,355.57,354.24,356.79,355.27,350.21,356.15,348.88,327.38
620,620.0,639.0,1539.0,2.174,354.44,353.59,354.76,355.05,354.38,356.26,354.49,355.13,351.52,325.37,358.55,356.27,355.54,354.22,356.78,355.2,350.22,356.16,348.83,327.26
621,621.0,640.0,1540.0,2.187,354.41,353.58,354.73,355.02,354.34,356.22,354.5,355.12,351.69,325.38,358.47,356.2,355.51,354.2,356.75,355.11,350.23,356.19,348.72,327.14
622,622.0,641.0,1541.0,2.2,354.39,353.57,354.69,355.0,354.32,356.2,354.5,355.1,351.77,325.37,358.38,356.11,355.48,354.17,356.72,355.02,350.23,356.23,348.57,327.04
623,623.0,642.0,1542.0,2.201,354.37,353.57,354.67,354.98,354.31,356.18,354.5,355.07,351.74,325.33,358.34,356.06,355.44,354.14,356.7,354.96,350.24,356.24,348.4,326.89
624,624.0,643.0,1543.0,2.183,354.35,353.56,354.66,354.96,354.28,356.17,354.5,355.07,351.66,325.29,358.31,356.02,355.42,354.13,356.68,354.92,350.26,356.25,348.28,326.66
625,625.0,644.0,1544.0,2.186,354.31,353.54,354.64,354.93,354.26,356.15,354.5,355.05,351.55,325.21,358.37,356.04,355.41,354.11,356.7,354.96,350.25,356.26,348.18,326.47
626,626.0,645.0,1545.0,2.192,354.27,353.5,354.62,354.92,354.24,356.12,354.5,355.01,351.38,325.13,358.46,356.08,355.41,354.09,356.74,355.02,350.24,356.24,348.01,326.2
627,627.0,646.0,1546.0,2.204,354.23,353.47,354.6,354.88,354.21,356.1,354.49,354.97,351.2,325.07,358.58,356.12,355.42,354.06,356.78,355.1,350.2,356.23,347.76,325.91
628,628.0,647.0,1547.0,2.212,354.19,353.46,354.59,354.86,354.2,356.07,354.47,354.92,351.05,325.02,358.67,356.15,355.41,354.03,356.79,355.16,350.16,356.2,347.44,325.62
629,629.0,648.0,1548.0,2.21,354.17,353.46,354.58,354.84,354.18,356.04,354.46,354.9,350.89,324.93,358.75,356.17,355.4,354.0,356.78,355.21,350.1,356.17,347.25,325.39
630,630.0,649.0,1549.0,2.186,354.12,353.44,354.55,354.81,354.15,356.01,354.44,354.88,350.6,324.8,358.78,356.16,355.38,353.95,356.75,355.22,350.06,356.1,347.18,325.17
631,631.0,650.0,1550.0,2.149,354.09,353.43,354.55,354.79,354.11,355.97,354.41,354.86,350.27,324.65,358.73,356.09,355.35,353.89,356.71,355.14,350.02,356.06,347.14,324.97
632,632.0,651.0,1551.0,2.094,354.06,353.42,354.54,354.79,354.09,355.95,354.38,354.84,350.05,324.55,358.51,355.94,355.29,353.83,356.59,354.93,349.89,356.02,347.15,324.72
633,633.0,652.0,1552.0,2.03,354.05,353.41,354.54,354.77,354.08,355.93,354.37,354.82,349.93,324.44,358.16,355.7,355.22,353.76,356.43,354.63,349.83,355.99,347.15,324.51
634,634.0,653.0,1553.0,1.997,354.02,353.41,354.53,354.77,354.05,355.9,354.34,354.79,349.88,324.33,357.84,355.44,355.17,353.69,356.32,354.32,349.84,356.0,347.1,324.39
635,635.0,654.0,1554.0,1.956,354.01,353.41,354.51,354.75,354.03,355.88,354.31,354.77,349.68,324.2,357.56,355.17,355.11,353.61,356.23,354.03,349.86,356.04,347.04,324.31
636,636.0,655.0,1555.0,1.898,354.02,353.4,354.5,354.74,354.01,355.85,354.29,354.75,349.4,324.07,357.17,354.88,355.06,353.55,356.13,353.69,349.9,356.11,346.96,324.22
637,637.0,656.0,1556.0,1.841,354.01,353.39,354.49,354.75,353.99,355.84,354.27,354.73,349.1,323.94,356.56,354.5,355.02,353.48,356.02,353.17,349.9,356.2,346.79,324.04
638,638.0,657.0,1557.0,1.789,353.99,353.38,354.49,354.72,353.97,355.82,354.26,354.71,348.82,323.82,355.73,354.06,355.09,353.36,355.95,352.51,349.86,356.25,346.62,323.74
639,639.0,658.0,1558.0,1.809,353.98,353.36,354.48,354.71,353.95,355.79,354.23,354.68,348.61,323.7,354.89,353.65,355.23,353.21,355.98,351.86,349.66,356.25,346.43,323.35
640,640.0,659.0,1559.0,1.839,353.97,353.35,354.46,354.69,353.92,355.76,354.2,354.65,348.47,323.5,354.31,353.29,355.31,353.07,356.05,351.31,349.4,356.24,346.31,323.11
641,641.0,660.0,1560.0,1.905,353.93,353.33,354.45,354.67,353.91,355.74,354.16,354.62,348.43,323.35,354.03,353.05,355.42,353.0,356.12,351.03,349.15,356.34,346.29,323.11
642,642.0,661.0,1561.0,1.978,353.91,353.32,354.44,354.66,353.88,355.72,354.14,354.58,348.51,323.25,354.04,352.93,355.66,352.98,356.24,351.01,348.92,356.46,346.37,323.2
643,643.0,662.0,1562.0,2.077,353.9,353.31,354.43,354.64,353.87,355.7,354.11,354.55,348.68,323.17,354.15,352.86,355.95,352.97,356.32,351.09,348.7,356.58,346.49,323.36
644,644.0,663.0,1563.0,2.176,353.88,353.29,354.4,354.62,353.85,355.67,354.06,354.54,348.86,323.09,354.32,352.79,356.22,352.94,356.39,351.2,348.55,356.71,346.65,323.53
645,645.0,664.0,1564.0,2.248,353.87,353.27,354.39,354.61,353.82,355.66,353.96,354.53,349.02,323.03,354.45,352.78,356.43,352.94,356.44,351.27,348.4,356.77,346.75,323.64
646,646.0,665.0,1565.0,2.301,353.86,353.26,354.36,354.59,353.81,355.62,353.89,354.5,349.18,322.98,354.56,352.79,356.57,352.94,356.47,351.3,348.25,356.83,346.82,323.66
647,647.0,666.0,1566.0,2.325,353.86,353.23,354.35,354.59,353.8,355.6,353.83,354.47,349.23,322.92,354.62,352.82,356.63,352.94,356.47,351.3,348.14,356.8,346.84,323.69
648,648.0,667.0,1567.0,2.318,353.85,353.23,354.32,354.57,353.78,355.58,353.78,354.43,348.95,322.88,354.64,352.8,356.63,352.94,356.45,351.27,348.07,356.79,346.81,323.71
649,649.0,668.0,1568.0,2.294,353.85,353.21,354.29,354.56,353.76,355.55,353.75,354.4,348.63,322.81,354.59,352.72,356.56,352.92,356.4,351.24,348.04,356.72,346.73,323.74
650,650.0,669.0,1569.0,2.289,353.85,353.21,354.27,354.54,353.76,355.53,353.75,354.36,348.44,322.74,354.52,352.63,356.48,352.89,356.34,351.19,347.99,356.62,346.66,323.8
651,651.0,670.0,1570.0,2.292,353.86,353.2,354.27,354.53,353.75,355.5,353.74,354.33,348.41,322.68,354.45,352.55,356.4,352.87,356.3,351.12,348.02,356.55,346.6,323.88
652,652.0,671.0,1571.0,2.315,353.85,353.18,354.24,354.52,353.74,355.48,353.72,354.25,348.52,322.6,354.37,352.46,356.29,352.84,356.25,351.06,348.05,356.51,346.55,323.96
653,653.0,672.0,1572.0,2.334,353.85,353.18,354.22,354.5,353.73,355.46,353.69,354.2,348.67,322.49,354.28,352.37,356.15,352.81,356.19,350.98,348.09,356.45,346.48,323.99
654,654.0,673.0,1573.0,2.351,353.84,353.17,354.21,354.47,353.71,355.44,353.67,354.13,348.72,322.35,354.2,352.31,356.05,352.75,356.15,350.89,348.12,356.4,346.41,323.97
655,655.0,674.0,1574.0,2.353,353.84,353.16,354.18,354.44,353.7,355.41,353.66,354.04,348.64,322.2,354.12,352.24,355.95,352.71,356.1,350.8,348.13,356.33,346.36,323.91
656,656.0,675.0,1575.0,2.352,353.82,353.15,354.16,354.43,353.68,355.39,353.64,353.97,348.5,322.04,354.06,352.2,355.87,352.68,356.06,350.74,348.13,356.27,346.27,323.84
657,657.0,676.0,1576.0,2.352,353.81,353.14,354.14,354.41,353.66,355.37,353.63,353.89,348.32,321.86,354.02,352.13,355.81,352.63,356.02,350.69,348.11,356.18,346.22,323.75
658,658.0,677.0,1577.0,2.354,353.79,353.11,354.1,354.38,353.63,355.33,353.61,353.81,348.18,321.72,353.97,352.09,355.78,352.6,355.99,350.64,348.05,356.13,346.19,323.67
659,659.0,678.0,1578.0,2.367,353.78,353.12,354.1,354.36,353.62,355.28,353.62,353.71,348.14,321.63,353.93,352.03,355.72,352.56,355.95,350.6,348.01,356.08,346.14,323.65
660,660.0,679.0,1579.0,2.385,353.77,353.11,354.07,354.34,353.58,355.24,353.6,353.64,348.14,321.56,353.86,351.96,355.65,352.53,355.89,350.56,347.94,356.04,346.09,323.67
661,661.0,680.0,1580.0,2.396,353.77,353.1,354.05,354.32,353.52,355.2,353.58,353.63,348.15,321.49,353.83,351.92,355.59,352.48,355.87,350.5,347.93,355.99,346.07,323.68
662,662.0,681.0,1581.0,2.394,353.76,353.1,354.04,354.3,353.46,355.16,353.53,353.63,348.14,321.47,353.78,351.88,355.51,352.44,355.84,350.43,347.94,355.99,346.03,323.67
663,663.0,682.0,1582.0,2.392,353.75,353.08,354.02,354.28,353.4,355.12,353.48,353.64,348.19,321.45,353.73,351.85,355.44,352.4,355.82,350.37,347.97,355.98,345.98,323.59
664,664.0,683.0,1583.0,2.408,353.75,353.09,354.01,354.25,353.34,355.08,353.43,353.59,348.31,321.43,353.72,351.83,355.41,352.36,355.79,350.33,347.99,356.01,345.94,323.48
665,665.0,684.0,1584.0,2.428,353.75,353.09,354.0,354.23,353.3,355.05,353.39,353.48,348.5,321.38,353.72,351.8,355.4,352.33,355.78,350.3,348.03,356.07,345.93,323.28
666,666.0,685.0,1585.0,2.455,353.72,353.07,353.97,354.21,353.23,355.04,353.36,353.39,348.71,321.33,353.73,351.76,355.4,352.3,355.78,350.28,348.05,356.1,345.91,323.1
667,667.0,686.0,1586.0,2.444,353.72,353.06,353.94,354.2,353.19,355.02,353.31,353.36,348.77,321.36,353.73,351.74,355.4,352.29,355.77,350.28,348.07,356.14,345.84,322.83
668,668.0,687.0,1587.0,2.437,353.71,353.05,353.92,354.17,353.17,355.01,353.28,353.42,348.8,321.41,353.75,351.69,355.4,352.26,355.76,350.27,348.05,356.16,345.74,322.64
669,669.0,688.0,1588.0,2.438,353.7,353.04,353.9,354.16,353.16,355.0,353.25,353.49,348.9,321.47,353.77,351.66,355.41,352.24,355.76,350.27,348.0,356.14,345.66,322.49
670,670.0,689.0,1589.0,2.453,353.69,353.03,353.88,354.14,353.14,354.98,353.23,353.51,349.04,321.51,353.78,351.56,355.42,352.23,355.75,350.27,347.9,356.08,345.61,322.36
671,671.0,690.0,1590.0,2.48,353.67,353.02,353.85,354.12,353.13,354.93,353.18,353.47,349.16,321.51,353.8,351.5,355.45,352.2,355.76,350.28,347.81,356.08,345.56,322.27
672,672.0,691.0,1591.0,2.501,353.64,352.99,353.83,354.1,353.12,354.92,353.13,353.45,349.24,321.5,353.81,351.43,355.48,352.19,355.75,350.28,347.78,356.09,345.48,322.19
673,673.0,692.0,1592.0,2.517,353.61,352.97,353.81,354.08,353.1,354.86,353.09,353.42,349.25,321.46,353.8,351.39,355.53,352.17,355.75,350.27,347.78,356.14,345.37,322.08
674,674.0,693.0,1593.0,2.519,353.56,352.95,353.8,354.05,353.1,354.82,353.07,353.41,349.23,321.43,353.79,351.38,355.56,352.15,355.77,350.28,347.78,356.12,345.23,321.96
675,675.0,694.0,1594.0,2.526,353.53,352.92,353.78,354.04,353.09,354.79,353.03,353.41,349.14,321.32,353.77,351.36,355.58,352.12,355.76,350.28,347.74,356.1,345.08,321.84
676,676.0,695.0,1595.0,2.535,353.49,352.9,353.74,354.02,353.06,354.75,352.99,353.45,349.05,321.27,353.69,351.27,355.54,352.07,355.75,350.27,347.68,356.14,344.91,321.73
677,677.0,696.0,1596.0,2.551,353.45,352.88,353.73,353.99,353.06,354.73,352.98,353.41,349.07,321.26,353.6,351.19,355.5,352.0,355.74,350.26,347.65,356.2,344.88,321.71
678,678.0,697.0,1597.0,2.562,353.43,352.87,353.7,353.96,353.03,354.7,352.94,353.37,349.13,321.24,353.55,351.17,355.48,351.94,355.74,350.26,347.6,356.25,345.03,321.75
679,679.0,698.0,1598.0,2.575,353.4,352.86,353.68,353.94,353.01,354.69,352.93,353.35,349.23,321.2,353.49,351.13,355.46,351.88,355.73,350.25,347.5,356.28,345.19,321.72
680,680.0,699.0,1599.0,2.579,353.37,352.83,353.65,353.9,352.97,354.67,352.89,353.21,349.31,321.13,353.43,351.12,355.44,351.82,355.71,350.22,347.43,356.27,345.34,321.61
681,681.0,700.0,1600.0,2.579,353.35,352.83,353.64,353.85,352.96,354.66,352.85,353.17,349.4,321.06,353.38,351.12,355.42,351.76,355.71,350.2,347.31,356.22,345.44,321.5
682,682.0,701.0,1601.0,2.579,353.33,352.81,353.59,353.78,352.91,354.65,352.83,353.2,349.5,320.98,353.33,351.18,355.4,351.7,355.67,350.18,347.16,356.15,345.52,321.4
683,683.0,702.0,1602.0,2.581,353.31,352.8,353.55,353.73,352.9,354.63,352.83,353.22,349.6,320.93,353.31,351.26,355.39,351.63,355.65,350.17,347.03,356.11,345.61,321.36
684,684.0,703.0,1603.0,2.581,353.3,352.77,353.51,353.69,352.87,354.63,352.81,353.23,349.66,320.9,353.32,351.38,355.37,351.58,355.62,350.15,346.89,356.03,345.67,321.39
685,685.0,704.0,1604.0,2.595,353.26,352.74,353.45,353.65,352.84,354.61,352.77,353.23,349.75,320.87,353.31,351.48,355.31,351.53,355.56,350.16,346.76,355.97,345.67,321.53
686,686.0,705.0,1605.0,2.621,353.22,352.69,353.38,353.63,352.81,354.59,352.75,353.23,349.84,320.76,353.3,351.59,355.25,351.48,355.51,350.18,346.67,355.91,345.67,321.72
687,687.0,706.0,1606.0,2.64,353.17,352.65,353.34,353.6,352.79,354.59,352.75,353.22,349.87,320.62,353.31,351.68,355.21,351.45,355.46,350.19,346.6,355.87,345.67,321.82
688,688.0,707.0,1607.0,2.646,353.13,352.6,353.31,353.57,352.78,354.58,352.76,353.21,349.86,320.49,353.29,351.76,355.16,351.43,355.42,350.2,346.57,355.86,345.63,321.86
689,689.0,708.0,1608.0,2.654,353.09,352.57,353.28,353.54,352.74,354.56,352.76,353.21,349.8,320.38,353.29,351.8,355.12,351.39,355.37,350.2,346.52,355.81,345.54,321.86
690,690.0,709.0,1609.0,2.647,353.05,352.53,353.24,353.5,352.73,354.55,352.77,353.21,349.72,320.34,353.3,351.86,355.07,351.35,355.33,350.2,346.47,355.74,345.49,321.88
691,691.0,710.0,1610.0,2.627,353.01,352.5,353.22,353.48,352.71,354.53,352.77,353.23,349.6,320.3,353.3,351.92,355.04,351.33,355.3,350.21,346.44,355.66,345.43,321.89
692,692.0,711.0,1611.0,2.608,352.94,352.46,353.19,353.45,352.69,354.5,352.77,353.24,349.53,320.3,353.32,351.98,354.98,351.32,355.25,350.24,346.42,355.6,345.4,321.93
693,693.0,712.0,1612.0,2.603,352.88,352.42,353.17,353.44,352.68,354.49,352.76,353.25,349.51,320.29,353.33,352.04,354.96,351.31,355.22,350.24,346.4,355.55,345.37,321.98
694,694.0,713.0,1613.0,2.616,352.8,352.35,353.13,353.41,352.64,354.46,352.73,353.25,349.56,320.24,353.34,352.05,354.93,351.3,355.18,350.22,346.38,355.5,345.34,322.05
695,695.0,714.0,1614.0,2.645,352.74,352.31,353.11,353.39,352.6,354.44,352.69,353.26,349.59,320.11,353.33,352.03,354.9,351.29,355.13,350.19,346.34,355.5,345.35,322.18
696,696.0,715.0,1615.0,2.681,352.71,352.3,353.08,353.37,352.57,354.4,352.66,353.25,349.6,319.99,353.32,351.94,354.89,351.25,355.09,350.12,346.3,355.48,345.38,322.3
697,697.0,716.0,1616.0,2.716,352.69,352.29,353.06,353.34,352.55,354.37,352.65,353.23,349.56,319.86,353.3,351.84,354.87,351.21,355.05,350.0,346.26,355.44,345.38,322.37
698,698.0,717.0,1617.0,2.751,352.68,352.29,353.04,353.31,352.52,354.35,352.63,353.22,349.48,319.72,353.27,351.75,354.86,351.16,355.03,349.9,346.22,355.44,345.36,322.42
699,699.0,718.0,1618.0,2.77,352.67,352.28,353.03,353.29,352.5,354.32,352.61,353.21,349.36,319.61,353.24,351.66,354.85,351.12,354.98,349.81,346.16,355.43,345.35,322.45
700,700.0,719.0,1619.0,2.795,352.66,352.27,353.01,353.27,352.47,354.31,352.58,353.19,349.26,319.53,353.21,351.57,354.83,351.07,354.94,349.71,346.12,355.43,345.3,322.49
701,701.0,720.0,1620.0,2.812,352.66,352.27,352.99,353.24,352.45,354.27,352.55,353.16,349.17,319.48,353.18,351.48,354.82,351.01,354.9,349.6,346.11,355.44,345.26,322.48
702,702.0,721.0,1621.0,2.832,352.64,352.23,352.95,353.21,352.42,354.24,352.51,353.1,349.07,319.35,353.16,351.38,354.81,350.98,354.85,349.52,346.11,355.44,345.21,322.46
703,703.0,722.0,1622.0,2.855,352.64,352.19,352.93,353.18,352.38,354.22,352.48,353.06,348.98,319.19,353.11,351.29,354.77,350.91,354.8,349.41,346.08,355.45,345.07,322.33
704,704.0,723.0,1623.0,2.864,352.62,352.15,352.9,353.16,352.37,354.2,352.47,353.03,348.92,319.1,353.03,351.19,354.72,350.86,354.75,349.32,346.05,355.44,344.87,322.11
705,705.0,724.0,1624.0,2.854,352.61,352.12,352.88,353.13,352.34,354.18,352.44,353.02,348.89,319.0,352.94,351.14,354.65,350.82,354.72,349.26,346.05,355.41,344.75,321.92
706,706.0,725.0,1625.0,2.848,352.59,352.1,352.85,353.12,352.31,354.16,352.42,353.01,348.9,318.89,352.88,351.12,354.6,350.77,354.7,349.23,346.03,355.34,344.63,321.7
707,707.0,726.0,1626.0,2.828,352.58,352.08,352.81,353.1,352.3,354.15,352.39,353.0,348.92,318.78,352.82,351.08,354.53,350.74,354.7,349.21,346.04,355.21,344.54,321.47
708,708.0,727.0,1627.0,2.829,352.56,352.07,352.79,353.08,352.27,354.13,352.37,352.98,348.92,318.7,352.81,351.03,354.49,350.71,354.67,349.21,346.04,355.14,344.37,321.28
709,709.0,728.0,1628.0,2.846,352.55,352.07,352.77,353.07,352.26,354.1,352.34,352.97,348.92,318.66,352.81,350.97,354.46,350.67,354.68,349.18,346.06,355.15,344.21,321.16
710,710.0,729.0,1629.0,2.86,352.54,352.05,352.73,353.04,352.24,354.08,352.29,352.96,348.88,318.61,352.8,350.9,354.43,350.64,354.66,349.17,346.07,355.17,344.04,321.08
711,711.0,730.0,1630.0,2.877,352.51,352.03,352.69,353.02,352.21,354.05,352.25,352.94,348.84,318.51,352.76,350.83,354.4,350.59,354.66,349.14,346.07,355.11,343.88,321.01
712,712.0,731.0,1631.0,2.9,352.46,352.0,352.65,353.0,352.17,354.01,352.22,352.91,348.84,318.36,352.75,350.81,354.39,350.57,354.66,349.13,346.0,355.04,343.79,320.93
713,713.0,732.0,1632.0,2.911,352.41,351.98,352.64,352.96,352.17,353.97,352.23,352.88,348.83,318.21,352.69,350.76,354.37,350.53,354.65,349.1,345.92,354.95,343.69,320.79
714,714.0,733.0,1633.0,2.92,352.38,351.96,352.61,352.95,352.15,353.95,352.2,352.85,348.82,318.05,352.65,350.74,354.35,350.48,354.6,349.06,345.91,354.91,343.64,320.68
715,715.0,734.0,1634.0,2.937,352.36,351.93,352.59,352.93,352.14,353.92,352.19,352.83,348.82,317.9,352.63,350.73,354.33,350.43,354.56,349.02,345.88,354.88,343.57,320.64
716,716.0,735.0,1635.0,2.947,352.33,351.91,352.59,352.9,352.11,353.9,352.16,352.78,348.85,317.77,352.62,350.78,354.31,350.39,354.53,349.03,345.8,354.86,343.57,320.6
717,717.0,736.0,1636.0,2.948,352.32,351.89,352.57,352.87,352.09,353.88,352.14,352.72,348.92,317.67,352.61,350.87,354.26,350.33,354.48,349.03,345.75,354.81,343.55,320.52
718,718.0,737.0,1637.0,2.947,352.29,351.86,352.54,352.85,352.06,353.85,352.12,352.64,348.98,317.59,352.59,350.94,354.19,350.27,354.43,349.04,345.67,354.8,343.62,320.47
719,719.0,738.0,1638.0,2.922,352.27,351.84,352.52,352.83,352.04,353.83,352.1,352.59,349.05,317.56,352.56,351.01,354.13,350.23,354.37,349.1,345.62,354.79,343.8,320.46
720,720.0,739.0,1639.0,2.884,352.25,351.81,352.48,352.8,352.0,353.81,352.06,352.54,349.13,317.51,352.53,351.14,354.04,350.22,354.33,349.18,345.61,354.75,343.99,320.49
721,721.0,740.0,1640.0,2.84,352.24,351.78,352.44,352.78,351.96,353.8,352.02,352.51,349.14,317.44,352.49,351.25,353.94,350.2,354.25,349.29,345.56,354.68,344.15,320.56
722,722.0,741.0,1641.0,2.776,352.24,351.77,352.41,352.75,351.94,353.77,352.01,352.49,349.12,317.36,352.45,351.39,353.83,350.2,354.18,349.39,345.55,354.57,344.27,320.56
723,723.0,742.0,1642.0,2.714,352.23,351.75,352.38,352.7,351.91,353.74,351.99,352.49,349.07,317.27,352.44,351.55,353.76,350.22,354.11,349.5,345.55,354.49,344.37,320.55
724,724.0,743.0,1643.0,2.673,352.23,351.74,352.35,352.68,351.89,353.73,351.97,352.5,349.0,317.2,352.44,351.65,353.7,350.22,354.06,349.57,345.55,354.42,344.4,320.55
725,725.0,744.0,1644.0,2.645,352.23,351.73,352.32,352.66,351.86,353.71,351.94,352.5,348.89,317.14,352.43,351.71,353.65,350.23,354.02,349.62,345.52,354.41,344.41,320.55
726,726.0,745.0,1645.0,2.626,352.23,351.73,352.29,352.62,351.84,353.68,351.93,352.5,348.79,317.08,352.43,351.77,353.61,350.24,353.99,349.66,345.49,354.37,344.41,320.55
727,727.0,746.0,1646.0,2.612,352.22,351.72,352.27,352.58,351.81,353.66,351.9,352.48,348.72,317.01,352.42,351.81,353.57,350.24,353.96,349.69,345.48,354.32,344.42,320.53
728,728.0,747.0,1647.0,2.613,352.22,351.71,352.24,352.57,351.78,353.64,351.89,352.47,348.67,316.93,352.43,351.85,353.55,350.23,353.93,349.7,345.46,354.27,344.41,320.49
729,729.0,748.0,1648.0,2.612,352.21,351.71,352.21,352.53,351.75,353.62,351.86,352.43,348.61,316.83,352.42,351.87,353.53,350.22,353.89,349.68,345.44,354.19,344.38,320.46
730,730.0,749.0,1649.0,2.601,352.22,351.7,352.18,352.51,351.72,353.59,351.82,352.4,348.53,316.76,352.4,351.88,353.49,350.23,353.87,349.69,345.39,354.12,344.33,320.42
731,731.0,750.0,1650.0,2.595,352.22,351.7,352.17,352.47,351.7,353.56,351.79,352.34,348.46,316.74,352.39,351.87,353.48,350.21,353.84,349.67,345.31,354.08,344.29,320.37
732,732.0,751.0,1651.0,2.589,352.19,351.69,352.14,352.45,351.68,353.54,351.77,352.28,348.38,316.74,352.37,351.86,353.44,350.21,353.79,349.64,345.27,354.04,344.24,320.34
733,733.0,752.0,1652.0,2.582,352.15,351.68,352.13,352.42,351.66,353.52,351.73,352.21,348.27,316.74,352.37,351.86,353.41,350.19,353.76,349.62,345.23,353.95,344.2,320.33
734,734.0,753.0,1653.0,2.571,352.12,351.65,352.11,352.39,351.63,353.48,351.69,352.16,348.17,316.75,352.35,351.83,353.4,350.18,353.75,349.58,345.19,353.89,344.17,320.31
735,735.0,754.0,1654.0,2.559,352.09,351.63,352.09,352.36,351.62,353.43,351.67,352.14,348.12,316.78,352.33,351.81,353.38,350.15,353.72,349.53,345.17,353.85,344.16,320.27
736,736.0,755.0,1655.0,2.557,352.07,351.59,352.08,352.35,351.6,353.4,351.65,352.13,348.11,316.77,352.31,351.76,353.36,350.12,353.69,349.48,345.15,353.85,344.13,320.2
737,737.0,756.0,1656.0,2.562,352.05,351.58,352.06,352.33,351.58,353.37,351.63,352.11,348.13,316.74,352.3,351.72,353.35,350.1,353.67,349.43,345.13,353.85,344.07,320.13
738,738.0,757.0,1657.0,2.568,352.04,351.55,352.05,352.3,351.57,353.33,351.61,352.1,348.14,316.69,352.28,351.67,353.33,350.05,353.66,349.37,345.12,353.82,343.99,320.09
739,739.0,758.0,1658.0,2.567,352.03,351.54,352.04,352.28,351.54,353.3,351.58,352.08,348.12,316.66,352.24,351.62,353.3,350.0,353.63,349.3,345.1,353.76,343.85,319.98
