/Users/bhuvan/Library/Python/3.9/lib/python/site-packages/urllib3/__init__.py:35: NotOpenSSLWarning: urllib3 v2 only supports OpenSSL 1.1.1+, currently the 'ssl' module is compiled with 'LibreSSL 2.8.3'. See: https://github.com/urllib3/urllib3/issues/3020
  warnings.warn(

================================================================================
STARTING SWEEP: TC11 (11 SENSORS)
================================================================================

====================================================================================================
HORIZON SWEEP: Fixed Sequence Length L=20
====================================================================================================

================================================================================
RUNNING SINGLE EXPERIMENT WITH PROFILES: L=20, H=60
================================================================================
Config updated: L=20, H=60
   Output dir: output/new_theoretical_TC11_L20_H60
   Run tag: new_theoretical_TC11_L20_H60
   Paper fig dir: output/new_theoretical_TC11_L20_H60/paper_figs
Using device: mps

Loading datasets for L=20, H=60...
Found 23 CSV files
Split: 15 train, 4 val, 4 test files
Fitting scalers on 15 valid training files
Scalers fitted and saved successfully
Generated 7280 train sequences from 15 files
Dataset initialized with 7280 sequences for train split
Input shape: time_series [20, 12], static_params [4]
Output shape: [11]
Power data: Dictionary with unscaled time/temps for power calculation
Prediction horizon: 60 (60 steps ahead)

==================================================
DATASET STATISTICS
==================================================
Files: 15 train, 4 val, 4 test
Valid files: 15, Invalid: 0
Training sequences: 7280
Prediction horizon: 60 (60 steps ahead)
Target calculation: Sequence end + 60 timesteps
Min sequence length required: 80
Data quality issues:
  - Files with outliers: 15
  - Files too short: 0
  - Files with missing data: 0
  - Median timestep: 1000.0 ms
==================================================

Found 23 CSV files
Split: 15 train, 4 val, 4 test files
Generated 1832 val sequences from 4 files
Dataset initialized with 1832 sequences for val split
Input shape: time_series [20, 12], static_params [4]
Output shape: [11]
Power data: Dictionary with unscaled time/temps for power calculation
Prediction horizon: 60 (60 steps ahead)
Loaded pre-fitted scalers from models_TC11
Found 23 CSV files
Split: 15 train, 4 val, 4 test files
Generated 2638 test sequences from 4 files
Dataset initialized with 2638 sequences for test split
Input shape: time_series [20, 12], static_params [4]
Output shape: [11]
Power data: Dictionary with unscaled time/temps for power calculation
Prediction horizon: 60 (60 steps ahead)
Loaded pre-fitted scalers from models_TC11
Validating horizon consistency...
Horizon validation passed for prediction_horizon=60
Horizon validation passed for prediction_horizon=60
Horizon validation passed for prediction_horizon=60
Building model for L=20, H=60 (num_outputs=10, bin_target=True)...

Training model for L=20, H=60 (max_epochs=200, patience=40)...
  Epoch 1/200 — val_mae=0.9795  smooth=0.9795  best=0.9795  patience=0/40  lr=3.00e-05
  Epoch 11/200 — val_mae=0.3182  smooth=0.4529  best=0.4529  patience=0/40  lr=3.00e-04
  Epoch 21/200 — val_mae=0.2891  smooth=0.3168  best=0.3168  patience=0/40  lr=2.98e-04
  Epoch 31/200 — val_mae=0.2475  smooth=0.2780  best=0.2733  patience=2/40  lr=2.92e-04
  Epoch 41/200 — val_mae=0.1952  smooth=0.2384  best=0.2374  patience=4/40  lr=2.82e-04
  Epoch 51/200 — val_mae=0.1824  smooth=0.2065  best=0.2050  patience=2/40  lr=2.68e-04
  Epoch 61/200 — val_mae=0.1797  smooth=0.1771  best=0.1744  patience=1/40  lr=2.52e-04
  Epoch 71/200 — val_mae=0.1598  smooth=0.1658  best=0.1441  patience=2/40  lr=2.32e-04
  Epoch 81/200 — val_mae=0.1310  smooth=0.1373  best=0.1365  patience=1/40  lr=2.11e-04
  Epoch 91/200 — val_mae=0.1276  smooth=0.1400  best=0.1365  patience=11/40  lr=1.87e-04
  Epoch 101/200 — val_mae=0.0993  smooth=0.1081  best=0.1081  patience=0/40  lr=1.63e-04
  Epoch 111/200 — val_mae=0.0987  smooth=0.1077  best=0.1049  patience=9/40  lr=1.38e-04
  Epoch 121/200 — val_mae=0.0935  smooth=0.0978  best=0.0978  patience=0/40  lr=1.14e-04
  Epoch 131/200 — val_mae=0.0917  smooth=0.0894  best=0.0891  patience=1/40  lr=9.04e-05
  Epoch 141/200 — val_mae=0.0888  smooth=0.0853  best=0.0837  patience=1/40  lr=6.87e-05
  Epoch 151/200 — val_mae=0.0787  smooth=0.0800  best=0.0800  patience=0/40  lr=4.92e-05
  Epoch 161/200 — val_mae=0.0745  smooth=0.0752  best=0.0750  patience=2/40  lr=3.25e-05
  Epoch 171/200 — val_mae=0.0697  smooth=0.0716  best=0.0713  patience=2/40  lr=1.90e-05
  Epoch 181/200 — val_mae=0.0705  smooth=0.0692  best=0.0692  patience=0/40  lr=9.10e-06
  Epoch 191/200 — val_mae=0.0685  smooth=0.0676  best=0.0676  patience=0/40  lr=3.04e-06

Evaluating best model for L=20, H=60 (best epoch=191)...

TEST SET EVALUATION (UNSCALED - HORIZON = 60 steps):
   MAE:  1.78 K
   RMSE: 4.40 K
   R²:   0.905774
   Physics Loss: 0.000000
   Constraint Loss: 0.000000
   Power Balance Loss: 0.000000
   Per-sensor MAE (K): TC1=1.14  TC2=0.95  TC3=0.91  TC4=0.93  TC5=1.06  TC6=1.07  TC7=1.17  TC8=1.70  TC9=3.55  TC10=5.34
   Per-file:
      MAE=  2.93 K  RMSE=  6.94  R2= 0.8997  n=  852  h6_flux88_abs0_surf1_790s - Sheet1.csv
      MAE=  1.78 K  RMSE=  2.51  R2= 0.5539  n=  836  h6_flux88_abs0_surf0_longRun_762s - Sheet1.csv
      MAE=  0.80 K  RMSE=  2.85  R2= 0.9511  n=  513  h6_flux88_abs92_surf0_648s - Sheet3.csv
      MAE=  0.70 K  RMSE=  1.03  R2= 0.9597  n=  437  h6_flux88_abs20_surf0_781s - Sheet2.csv

Generating profile plots for each test file (H=60)...
Extracting ACTUAL test file information...
Found test dataset: TempSequenceDataset
Found 4 test files in dataset.current_files
Found 2638 sample indices
Successfully mapped 2638 samples to ACTUAL filenames
First 5 sample-to-filename mappings:
   Sample 0: h6_flux88_abs0_surf0_longRun_762s - Sheet1.csv
   Sample 1: h6_flux88_abs0_surf0_longRun_762s - Sheet1.csv
   Sample 2: h6_flux88_abs0_surf0_longRun_762s - Sheet1.csv
   Sample 3: h6_flux88_abs0_surf0_longRun_762s - Sheet1.csv
   Sample 4: h6_flux88_abs0_surf0_longRun_762s - Sheet1.csv
File: h6_flux88_abs0_surf0_longRun_762s - Sheet1.csv
Time stamp: 468.0s
Actual:
[360.8  361.14 362.83 362.87 363.55 363.99 364.   363.52 358.89 352.6 ]
Predicted:
[360.94 361.14 362.47 362.79 363.88 364.12 363.96 363.4  358.78 353.3 ]
----------------------------------------
Saved profile plot: output/new_theoretical_TC11_L20_H60/profile_plots_H60/h6_flux88_abs0_surf0_longRun_762s - Sheet1_H60_profiles.png
File: h6_flux88_abs20_surf0_781s - Sheet2.csv
Time stamp: 403.0s
Actual:
[352.52 355.64 359.76 362.32 365.35 367.64 368.64 370.32 365.63 359.04]
Predicted:
[353.18 356.12 359.98 362.01 364.52 367.22 368.2  370.26 365.68 359.04]
----------------------------------------
Saved profile plot: output/new_theoretical_TC11_L20_H60/profile_plots_H60/h6_flux88_abs20_surf0_781s - Sheet2_H60_profiles.png
File: h6_flux88_abs0_surf1_790s - Sheet1.csv
Time stamp: 512.0s
Actual:
[361.87 361.82 363.   363.11 364.15 364.34 364.03 364.54 357.28 297.23]
Predicted:
[361.94 361.78 362.79 363.08 364.11 364.52 364.   364.17 356.81 297.44]
----------------------------------------
Saved profile plot: output/new_theoretical_TC11_L20_H60/profile_plots_H60/h6_flux88_abs0_surf1_790s - Sheet1_H60_profiles.png
File: h6_flux88_abs92_surf0_648s - Sheet3.csv
Time stamp: 426.0s
Actual:
[345.12 349.   353.09 354.48 356.34 358.26 361.13 376.06 390.35 397.16]
Predicted:
[345.37 349.18 353.2  354.58 356.47 358.43 361.28 376.19 390.32 397.15]
----------------------------------------
Saved profile plot: output/new_theoretical_TC11_L20_H60/profile_plots_H60/h6_flux88_abs92_surf0_648s - Sheet3_H60_profiles.png
Profile plots for horizon 60 saved to: output/new_theoretical_TC11_L20_H60/profile_plots_H60

============================================================
POWER BALANCE ANALYSIS (HORIZON = 60 steps)
============================================================
Samples analyzed: 512
Prediction horizon: 60 steps

INCOMING POWER STATISTICS:
  Mean: 217.91 W
  Std:  0.00 W
  Min:  217.91 W
  Max:  217.91 W

TOTAL ACTUAL POWER (sum of 9 bins):
  Mean: 18.34 W
  Std:  13.53 W
  Min:  -16.04 W
  Max:  41.99 W

TOTAL PREDICTED POWER (sum of 9 bins):
  Mean: 10.58 W
  Std:  41.44 W
  Min:  -122.82 W
  Max:  52.76 W

POWER BALANCE RATIOS:
  Actual/Incoming ratio - Mean: 0.084, Std: 0.062
  Predicted/Incoming ratio - Mean: 0.049, Std: 0.190

ENERGY CONSERVATION VIOLATIONS:
  Actual power > incoming: 0/512 (0.0%)
  Predicted power > incoming: 0/512 (0.0%)

SUCCESS: Real power data extracted and analyzed (horizon = 60 steps)!
Performance metrics saved to CSV: output/new_theoretical_TC11_L20_H60/performance_metrics.csv

================================================================================
RUNNING SINGLE EXPERIMENT WITH PROFILES: L=20, H=180
================================================================================
Config updated: L=20, H=180
   Output dir: output/new_theoretical_TC11_L20_H180
   Run tag: new_theoretical_TC11_L20_H180
   Paper fig dir: output/new_theoretical_TC11_L20_H180/paper_figs
Using device: mps

Loading datasets for L=20, H=180...
Found 23 CSV files
Split: 15 train, 4 val, 4 test files
Fitting scalers on 15 valid training files
Scalers fitted and saved successfully
Generated 5480 train sequences from 15 files
Dataset initialized with 5480 sequences for train split
Input shape: time_series [20, 12], static_params [4]
Output shape: [11]
Power data: Dictionary with unscaled time/temps for power calculation
Prediction horizon: 180 (180 steps ahead)

==================================================
DATASET STATISTICS
==================================================
Files: 15 train, 4 val, 4 test
Valid files: 15, Invalid: 0
Training sequences: 5480
Prediction horizon: 180 (180 steps ahead)
Target calculation: Sequence end + 180 timesteps
Min sequence length required: 200
Data quality issues:
  - Files with outliers: 15
  - Files too short: 0
  - Files with missing data: 0
  - Median timestep: 1000.0 ms
==================================================

Found 23 CSV files
Split: 15 train, 4 val, 4 test files
Generated 1352 val sequences from 4 files
Dataset initialized with 1352 sequences for val split
Input shape: time_series [20, 12], static_params [4]
Output shape: [11]
Power data: Dictionary with unscaled time/temps for power calculation
Prediction horizon: 180 (180 steps ahead)
Loaded pre-fitted scalers from models_TC11
Found 23 CSV files
Split: 15 train, 4 val, 4 test files
Generated 2158 test sequences from 4 files
Dataset initialized with 2158 sequences for test split
Input shape: time_series [20, 12], static_params [4]
Output shape: [11]
Power data: Dictionary with unscaled time/temps for power calculation
Prediction horizon: 180 (180 steps ahead)
Loaded pre-fitted scalers from models_TC11
Validating horizon consistency...
Horizon validation passed for prediction_horizon=180
Horizon validation passed for prediction_horizon=180
Horizon validation passed for prediction_horizon=180
Building model for L=20, H=180 (num_outputs=10, bin_target=True)...

Training model for L=20, H=180 (max_epochs=200, patience=40)...
  Epoch 1/200 — val_mae=1.2010  smooth=1.2010  best=1.2010  patience=0/40  lr=3.00e-05
  Epoch 11/200 — val_mae=0.3840  smooth=0.4487  best=0.4487  patience=0/40  lr=3.00e-04
  Epoch 21/200 — val_mae=0.3286  smooth=0.3492  best=0.3490  patience=1/40  lr=2.98e-04
  Epoch 31/200 — val_mae=0.2508  smooth=0.2538  best=0.2525  patience=1/40  lr=2.92e-04
  Epoch 41/200 — val_mae=0.2507  smooth=0.2412  best=0.2412  patience=0/40  lr=2.82e-04
  Epoch 51/200 — val_mae=0.2062  smooth=0.1977  best=0.1924  patience=1/40  lr=2.68e-04
  Epoch 61/200 — val_mae=0.1843  smooth=0.1848  best=0.1848  patience=0/40  lr=2.52e-04
  Epoch 71/200 — val_mae=0.1548  smooth=0.1780  best=0.1742  patience=2/40  lr=2.32e-04
  Epoch 81/200 — val_mae=0.1437  smooth=0.1544  best=0.1544  patience=0/40  lr=2.11e-04
  Epoch 91/200 — val_mae=0.1269  smooth=0.1412  best=0.1406  patience=2/40  lr=1.87e-04
  Epoch 101/200 — val_mae=0.1683  smooth=0.1394  best=0.1293  patience=1/40  lr=1.63e-04
  Epoch 111/200 — val_mae=0.1228  smooth=0.1279  best=0.1279  patience=0/40  lr=1.38e-04
  Epoch 121/200 — val_mae=0.1146  smooth=0.1188  best=0.1186  patience=1/40  lr=1.14e-04
  Epoch 131/200 — val_mae=0.0960  smooth=0.1055  best=0.1055  patience=0/40  lr=9.04e-05
  Epoch 141/200 — val_mae=0.0963  smooth=0.1011  best=0.0968  patience=4/40  lr=6.87e-05
  Epoch 151/200 — val_mae=0.0902  smooth=0.0915  best=0.0907  patience=1/40  lr=4.92e-05
  Epoch 161/200 — val_mae=0.0900  smooth=0.0865  best=0.0842  patience=2/40  lr=3.25e-05
  Epoch 171/200 — val_mae=0.0784  smooth=0.0788  best=0.0788  patience=0/40  lr=1.90e-05
  Epoch 181/200 — val_mae=0.0762  smooth=0.0774  best=0.0774  patience=0/40  lr=9.10e-06
  Epoch 191/200 — val_mae=0.0773  smooth=0.0770  best=0.0765  patience=6/40  lr=3.04e-06

Evaluating best model for L=20, H=180 (best epoch=200)...

TEST SET EVALUATION (UNSCALED - HORIZON = 180 steps):
   MAE:  3.38 K
   RMSE: 7.31 K
   R²:   0.763620
   Physics Loss: 0.000000
   Constraint Loss: 0.000000
   Power Balance Loss: 0.000000
   Per-sensor MAE (K): TC1=1.94  TC2=1.75  TC3=1.71  TC4=1.75  TC5=1.91  TC6=2.12  TC7=2.41  TC8=3.09  TC9=5.69  TC10=11.42
   Per-file:
      MAE=  6.18 K  RMSE= 11.81  R2= 0.7233  n=  732  h6_flux88_abs0_surf1_790s - Sheet1.csv
      MAE=  3.32 K  RMSE=  4.42  R2= 0.3173  n=  317  h6_flux88_abs20_surf0_781s - Sheet2.csv
      MAE=  1.65 K  RMSE=  2.00  R2= 0.6975  n=  716  h6_flux88_abs0_surf0_longRun_762s - Sheet1.csv
      MAE=  1.36 K  RMSE=  3.33  R2= 0.9453  n=  393  h6_flux88_abs92_surf0_648s - Sheet3.csv

Generating profile plots for each test file (H=180)...
Extracting ACTUAL test file information...
Found test dataset: TempSequenceDataset
Found 4 test files in dataset.current_files
Found 2158 sample indices
Successfully mapped 2158 samples to ACTUAL filenames
First 5 sample-to-filename mappings:
   Sample 0: h6_flux88_abs0_surf0_longRun_762s - Sheet1.csv
   Sample 1: h6_flux88_abs0_surf0_longRun_762s - Sheet1.csv
   Sample 2: h6_flux88_abs0_surf0_longRun_762s - Sheet1.csv
   Sample 3: h6_flux88_abs0_surf0_longRun_762s - Sheet1.csv
   Sample 4: h6_flux88_abs0_surf0_longRun_762s - Sheet1.csv
File: h6_flux88_abs0_surf0_longRun_762s - Sheet1.csv
Time stamp: 549.0s
Actual:
[361.1  361.53 363.24 363.36 364.13 364.66 364.52 364.03 359.45 353.32]
Predicted:
[361.79 361.92 363.33 363.35 364.13 364.79 364.81 364.06 359.2  352.74]
----------------------------------------
Saved profile plot: output/new_theoretical_TC11_L20_H180/profile_plots_H180/h6_flux88_abs0_surf0_longRun_762s - Sheet1_H180_profiles.png
File: h6_flux88_abs20_surf0_781s - Sheet2.csv
Time stamp: 253.0s
Actual:
[354.5  356.74 359.64 361.2  363.43 365.1  365.84 367.41 362.03 355.43]
Predicted:
[357.52 358.67 360.82 361.31 362.6  363.12 363.37 365.6  360.69 352.67]
----------------------------------------
Saved profile plot: output/new_theoretical_TC11_L20_H180/profile_plots_H180/h6_flux88_abs20_surf0_781s - Sheet2_H180_profiles.png
File: h6_flux88_abs0_surf1_790s - Sheet1.csv
Time stamp: 551.0s
Actual:
[361.99 362.18 363.5  363.67 364.68 365.   364.79 365.22 358.25 298.78]
Predicted:
[362.34 361.79 362.9  363.3  364.21 364.35 363.74 363.76 356.17 298.98]
----------------------------------------
Saved profile plot: output/new_theoretical_TC11_L20_H180/profile_plots_H180/h6_flux88_abs0_surf1_790s - Sheet1_H180_profiles.png
File: h6_flux88_abs92_surf0_648s - Sheet3.csv
Time stamp: 563.0s
Actual:
[342.84 347.2  351.96 353.84 356.42 359.42 363.68 373.36 371.06 356.28]
Predicted:
[343.2  347.33 352.06 353.7  356.27 359.39 363.92 373.53 371.52 354.84]
----------------------------------------
Saved profile plot: output/new_theoretical_TC11_L20_H180/profile_plots_H180/h6_flux88_abs92_surf0_648s - Sheet3_H180_profiles.png
Profile plots for horizon 180 saved to: output/new_theoretical_TC11_L20_H180/profile_plots_H180

============================================================
POWER BALANCE ANALYSIS (HORIZON = 180 steps)
============================================================
Samples analyzed: 512
Prediction horizon: 180 steps

INCOMING POWER STATISTICS:
  Mean: 217.91 W
  Std:  0.00 W
  Min:  217.91 W
  Max:  217.91 W

TOTAL ACTUAL POWER (sum of 9 bins):
  Mean: 20.38 W
  Std:  9.31 W
  Min:  3.56 W
  Max:  35.39 W

TOTAL PREDICTED POWER (sum of 9 bins):
  Mean: 11.34 W
  Std:  19.00 W
  Min:  -32.27 W
  Max:  36.38 W

POWER BALANCE RATIOS:
  Actual/Incoming ratio - Mean: 0.094, Std: 0.043
  Predicted/Incoming ratio - Mean: 0.052, Std: 0.087

ENERGY CONSERVATION VIOLATIONS:
  Actual power > incoming: 0/512 (0.0%)
  Predicted power > incoming: 0/512 (0.0%)

SUCCESS: Real power data extracted and analyzed (horizon = 180 steps)!
Performance metrics saved to CSV: output/new_theoretical_TC11_L20_H180/performance_metrics.csv

================================================================================
RUNNING SINGLE EXPERIMENT WITH PROFILES: L=20, H=300
================================================================================
Config updated: L=20, H=300
   Output dir: output/new_theoretical_TC11_L20_H300
   Run tag: new_theoretical_TC11_L20_H300
   Paper fig dir: output/new_theoretical_TC11_L20_H300/paper_figs
Using device: mps

Loading datasets for L=20, H=300...
Found 23 CSV files
Split: 15 train, 4 val, 4 test files
Fitting scalers on 15 valid training files
Scalers fitted and saved successfully
Generated 3680 train sequences from 15 files
Dataset initialized with 3680 sequences for train split
Input shape: time_series [20, 12], static_params [4]
Output shape: [11]
Power data: Dictionary with unscaled time/temps for power calculation
Prediction horizon: 300 (300 steps ahead)

==================================================
DATASET STATISTICS
==================================================
Files: 15 train, 4 val, 4 test
Valid files: 15, Invalid: 0
Training sequences: 3680
Prediction horizon: 300 (300 steps ahead)
Target calculation: Sequence end + 300 timesteps
Min sequence length required: 320
Data quality issues:
  - Files with outliers: 15
  - Files too short: 0
  - Files with missing data: 0
  - Median timestep: 1000.0 ms
==================================================

Found 23 CSV files
Split: 15 train, 4 val, 4 test files
Generated 872 val sequences from 4 files
Dataset initialized with 872 sequences for val split
Input shape: time_series [20, 12], static_params [4]
Output shape: [11]
Power data: Dictionary with unscaled time/temps for power calculation
Prediction horizon: 300 (300 steps ahead)
Loaded pre-fitted scalers from models_TC11
Found 23 CSV files
Split: 15 train, 4 val, 4 test files
Generated 1678 test sequences from 4 files
Dataset initialized with 1678 sequences for test split
Input shape: time_series [20, 12], static_params [4]
Output shape: [11]
Power data: Dictionary with unscaled time/temps for power calculation
Prediction horizon: 300 (300 steps ahead)
Loaded pre-fitted scalers from models_TC11
Validating horizon consistency...
Horizon validation passed for prediction_horizon=300
Horizon validation passed for prediction_horizon=300
Horizon validation passed for prediction_horizon=300
Building model for L=20, H=300 (num_outputs=10, bin_target=True)...

Training model for L=20, H=300 (max_epochs=200, patience=40)...
  Epoch 1/200 — val_mae=1.7020  smooth=1.7020  best=1.7020  patience=0/40  lr=3.00e-05
  Epoch 11/200 — val_mae=0.6112  smooth=0.5830  best=0.5786  patience=1/40  lr=3.00e-04
  Epoch 21/200 — val_mae=0.3482  smooth=0.4271  best=0.4271  patience=0/40  lr=2.98e-04
  Epoch 31/200 — val_mae=0.2968  smooth=0.3015  best=0.3000  patience=1/40  lr=2.92e-04
  Epoch 41/200 — val_mae=0.2726  smooth=0.2854  best=0.2769  patience=4/40  lr=2.82e-04
  Epoch 51/200 — val_mae=0.2609  smooth=0.2536  best=0.2536  patience=0/40  lr=2.68e-04
  Epoch 61/200 — val_mae=0.2667  smooth=0.2497  best=0.2320  patience=4/40  lr=2.52e-04
  Epoch 71/200 — val_mae=0.1987  smooth=0.2287  best=0.2074  patience=3/40  lr=2.32e-04
  Epoch 81/200 — val_mae=0.2247  smooth=0.2060  best=0.2047  patience=3/40  lr=2.11e-04
  Epoch 91/200 — val_mae=0.2199  smooth=0.2168  best=0.1968  patience=2/40  lr=1.87e-04
  Epoch 101/200 — val_mae=0.2113  smooth=0.2359  best=0.1968  patience=12/40  lr=1.63e-04
  Epoch 111/200 — val_mae=0.1662  smooth=0.1798  best=0.1798  patience=0/40  lr=1.38e-04
  Epoch 121/200 — val_mae=0.1789  smooth=0.1869  best=0.1787  patience=7/40  lr=1.14e-04
  Epoch 131/200 — val_mae=0.1668  smooth=0.1698  best=0.1646  patience=2/40  lr=9.04e-05
  Epoch 141/200 — val_mae=0.1529  smooth=0.1544  best=0.1544  patience=0/40  lr=6.87e-05
  Epoch 151/200 — val_mae=0.1569  smooth=0.1589  best=0.1536  patience=4/40  lr=4.92e-05
  Epoch 161/200 — val_mae=0.1510  smooth=0.1492  best=0.1457  patience=3/40  lr=3.25e-05
  Epoch 171/200 — val_mae=0.1454  smooth=0.1451  best=0.1409  patience=3/40  lr=1.90e-05
  Epoch 181/200 — val_mae=0.1398  smooth=0.1354  best=0.1332  patience=3/40  lr=9.10e-06
  Epoch 191/200 — val_mae=0.1314  smooth=0.1301  best=0.1297  patience=2/40  lr=3.04e-06

Evaluating best model for L=20, H=300 (best epoch=194)...

TEST SET EVALUATION (UNSCALED - HORIZON = 300 steps):
   MAE:  4.25 K
   RMSE: 7.10 K
   R²:   0.756133
   Physics Loss: 0.000000
   Constraint Loss: 0.000000
   Power Balance Loss: 0.000000
   Per-sensor MAE (K): TC1=2.81  TC2=2.45  TC3=2.27  TC4=2.35  TC5=2.63  TC6=2.77  TC7=3.34  TC8=4.28  TC9=7.41  TC10=12.24
   Per-file:
      MAE=  6.06 K  RMSE= 10.10  R2= 0.7589  n=  612  h6_flux88_abs0_surf1_790s - Sheet1.csv
      MAE=  4.77 K  RMSE=  5.95  R2=-0.0614  n=  197  h6_flux88_abs20_surf0_781s - Sheet2.csv
      MAE=  3.26 K  RMSE=  4.16  R2=-0.4160  n=  596  h6_flux88_abs0_surf0_longRun_762s - Sheet1.csv
      MAE=  1.99 K  RMSE=  4.21  R2= 0.9220  n=  273  h6_flux88_abs92_surf0_648s - Sheet3.csv

Generating profile plots for each test file (H=300)...
Extracting ACTUAL test file information...
Found test dataset: TempSequenceDataset
Found 4 test files in dataset.current_files
Found 1678 sample indices
Successfully mapped 1678 samples to ACTUAL filenames
First 5 sample-to-filename mappings:
   Sample 0: h6_flux88_abs0_surf0_longRun_762s - Sheet1.csv
   Sample 1: h6_flux88_abs0_surf0_longRun_762s - Sheet1.csv
   Sample 2: h6_flux88_abs0_surf0_longRun_762s - Sheet1.csv
   Sample 3: h6_flux88_abs0_surf0_longRun_762s - Sheet1.csv
   Sample 4: h6_flux88_abs0_surf0_longRun_762s - Sheet1.csv
File: h6_flux88_abs0_surf0_longRun_762s - Sheet1.csv
Time stamp: 527.0s
Actual:
[361.36 361.63 363.12 363.   363.88 364.82 365.12 364.44 359.5  353.32]
Predicted:
[361.64 362.14 363.36 363.16 363.83 364.8  364.82 364.44 359.47 351.83]
----------------------------------------
Saved profile plot: output/new_theoretical_TC11_L20_H300/profile_plots_H300/h6_flux88_abs0_surf0_longRun_762s - Sheet1_H300_profiles.png
File: h6_flux88_abs20_surf0_781s - Sheet2.csv
Time stamp: 391.0s
Actual:
[352.62 355.69 359.75 362.22 365.19 367.44 368.43 370.1  365.4  358.9 ]
Predicted:
[359.13 360.34 361.83 362.65 363.83 364.51 365.17 366.79 361.72 357.6 ]
----------------------------------------
Saved profile plot: output/new_theoretical_TC11_L20_H300/profile_plots_H300/h6_flux88_abs20_surf0_781s - Sheet2_H300_profiles.png
File: h6_flux88_abs0_surf1_790s - Sheet1.csv
Time stamp: 632.0s
Actual:
[363.22 363.32 364.62 364.7  365.68 366.31 366.42 366.82 359.84 300.94]
Predicted:
[362.42 362.64 364.25 364.75 365.47 365.9  365.8  365.48 355.37 300.92]
----------------------------------------
Saved profile plot: output/new_theoretical_TC11_L20_H300/profile_plots_H300/h6_flux88_abs0_surf1_790s - Sheet1_H300_profiles.png
File: h6_flux88_abs92_surf0_648s - Sheet3.csv
Time stamp: 575.0s
Actual:
[342.87 347.2  351.96 353.88 356.53 359.6  363.88 371.77 366.77 352.68]
Predicted:
[343.54 347.71 352.27 354.14 356.64 359.72 364.15 372.14 366.74 352.65]
----------------------------------------
Saved profile plot: output/new_theoretical_TC11_L20_H300/profile_plots_H300/h6_flux88_abs92_surf0_648s - Sheet3_H300_profiles.png
Profile plots for horizon 300 saved to: output/new_theoretical_TC11_L20_H300/profile_plots_H300

============================================================
POWER BALANCE ANALYSIS (HORIZON = 300 steps)
============================================================
Samples analyzed: 512
Prediction horizon: 300 steps

INCOMING POWER STATISTICS:
  Mean: 217.91 W
  Std:  0.00 W
  Min:  217.91 W
  Max:  217.91 W

TOTAL ACTUAL POWER (sum of 9 bins):
  Mean: 22.65 W
  Std:  6.95 W
  Min:  7.16 W
  Max:  32.94 W

TOTAL PREDICTED POWER (sum of 9 bins):
  Mean: -2.86 W
  Std:  22.41 W
  Min:  -40.08 W
  Max:  28.09 W

POWER BALANCE RATIOS:
  Actual/Incoming ratio - Mean: 0.104, Std: 0.032
  Predicted/Incoming ratio - Mean: -0.013, Std: 0.103

ENERGY CONSERVATION VIOLATIONS:
  Actual power > incoming: 0/512 (0.0%)
  Predicted power > incoming: 0/512 (0.0%)

SUCCESS: Real power data extracted and analyzed (horizon = 300 steps)!
Performance metrics saved to CSV: output/new_theoretical_TC11_L20_H300/performance_metrics.csv

================================================================================
RUNNING SINGLE EXPERIMENT WITH PROFILES: L=20, H=480
================================================================================
Config updated: L=20, H=480
   Output dir: output/new_theoretical_TC11_L20_H480
   Run tag: new_theoretical_TC11_L20_H480
   Paper fig dir: output/new_theoretical_TC11_L20_H480/paper_figs
Using device: mps

Loading datasets for L=20, H=480...
Found 23 CSV files
Split: 15 train, 4 val, 4 test files
Warning: data/output_with_TC11/h6_flux78_abs0_surf1_newSalt_505s - Sheet3.csv too short (490 rows), minimum required: 500
Warning: data/output_with_TC11/h6_flux88_abs0_wr_surf0_632s - Sheet1.csv too short (491 rows), minimum required: 500
Warning: data/output_with_TC11/h6_flux73_abs0_surf0_newSalt_398s - Sheet1.csv too short (488 rows), minimum required: 500
Warning: data/output_with_TC11/h6_flux73_abs0_surf1_660s - Sheet1.csv too short (477 rows), minimum required: 500
Fitting scalers on 11 valid training files
Scalers fitted and saved successfully
Warning: data/output_with_TC11/h6_flux78_abs0_surf1_newSalt_505s - Sheet3.csv too short (490 rows), minimum required: 500
Warning: data/output_with_TC11/h6_flux88_abs0_wr_surf0_632s - Sheet1.csv too short (491 rows), minimum required: 500
Warning: data/output_with_TC11/h6_flux73_abs0_surf0_newSalt_398s - Sheet1.csv too short (488 rows), minimum required: 500
Warning: data/output_with_TC11/h6_flux73_abs0_surf1_660s - Sheet1.csv too short (477 rows), minimum required: 500
Generated 1073 train sequences from 15 files
Dataset initialized with 1073 sequences for train split
Input shape: time_series [20, 12], static_params [4]
Output shape: [11]
Power data: Dictionary with unscaled time/temps for power calculation
Prediction horizon: 480 (480 steps ahead)

==================================================
DATASET STATISTICS
==================================================
Files: 15 train, 4 val, 4 test
Valid files: 11, Invalid: 0
Training sequences: 1073
Prediction horizon: 480 (480 steps ahead)
Target calculation: Sequence end + 480 timesteps
Min sequence length required: 500
Data quality issues:
  - Files with outliers: 11
  - Files too short: 8
  - Files with missing data: 0
  - Median timestep: 1000.0 ms
==================================================

Found 23 CSV files
Split: 15 train, 4 val, 4 test files
Generated 152 val sequences from 4 files
Dataset initialized with 152 sequences for val split
Input shape: time_series [20, 12], static_params [4]
Output shape: [11]
Power data: Dictionary with unscaled time/temps for power calculation
Prediction horizon: 480 (480 steps ahead)
Loaded pre-fitted scalers from models_TC11
Found 23 CSV files
Split: 15 train, 4 val, 4 test files
Generated 958 test sequences from 4 files
Dataset initialized with 958 sequences for test split
Input shape: time_series [20, 12], static_params [4]
Output shape: [11]
Power data: Dictionary with unscaled time/temps for power calculation
Prediction horizon: 480 (480 steps ahead)
Loaded pre-fitted scalers from models_TC11
Validating horizon consistency...
Horizon validation passed for prediction_horizon=480
Horizon validation passed for prediction_horizon=480
Horizon validation passed for prediction_horizon=480
Building model for L=20, H=480 (num_outputs=10, bin_target=True)...

Training model for L=20, H=480 (max_epochs=200, patience=40)...
  Epoch 1/200 — val_mae=3.9406  smooth=3.9406  best=3.9406  patience=0/40  lr=3.00e-05
  Epoch 11/200 — val_mae=1.3619  smooth=1.5869  best=1.5869  patience=0/40  lr=3.00e-04
  Epoch 21/200 — val_mae=1.1759  smooth=1.1340  best=1.1307  patience=1/40  lr=2.98e-04
  Epoch 31/200 — val_mae=0.9438  smooth=0.9127  best=0.9061  patience=1/40  lr=2.92e-04
  Epoch 41/200 — val_mae=0.9109  smooth=0.8943  best=0.8805  patience=1/40  lr=2.82e-04
  Epoch 51/200 — val_mae=0.9000  smooth=0.8748  best=0.8393  patience=5/40  lr=2.68e-04
  Epoch 61/200 — val_mae=0.8769  smooth=0.9163  best=0.8393  patience=15/40  lr=2.52e-04
  Epoch 71/200 — val_mae=0.9669  smooth=0.9069  best=0.8393  patience=25/40  lr=2.32e-04
  Epoch 81/200 — val_mae=0.9193  smooth=0.9164  best=0.8393  patience=35/40  lr=2.11e-04
  Epoch 86/200 — val_mae=0.8960  smooth=0.9570  best=0.8393  patience=40/40  lr=1.99e-04

[Early Stop] Smoothed val_mae no improvement for 40 epochs. Stopping at epoch 86.


Evaluating best model for L=20, H=480 (best epoch=46)...

TEST SET EVALUATION (UNSCALED - HORIZON = 480 steps):
   MAE:  3.40 K
   RMSE: 6.03 K
   R²:   0.818292
   Physics Loss: 0.000000
   Constraint Loss: 0.000000
   Power Balance Loss: 0.000000
   Per-sensor MAE (K): TC1=2.24  TC2=1.95  TC3=1.83  TC4=1.82  TC5=1.75  TC6=2.08  TC7=2.22  TC8=3.35  TC9=6.31  TC10=10.44
   Per-file:
      MAE=  7.14 K  RMSE=  9.09  R2=-0.8996  n=   17  h6_flux88_abs20_surf0_781s - Sheet2.csv
      MAE=  5.44 K  RMSE=  8.25  R2= 0.8241  n=  432  h6_flux88_abs0_surf1_790s - Sheet1.csv
      MAE=  2.54 K  RMSE=  5.23  R2= 0.8089  n=   93  h6_flux88_abs92_surf0_648s - Sheet3.csv
      MAE=  1.32 K  RMSE=  1.89  R2= 0.6674  n=  416  h6_flux88_abs0_surf0_longRun_762s - Sheet1.csv

Generating profile plots for each test file (H=480)...
Extracting ACTUAL test file information...
Found test dataset: TempSequenceDataset
Found 4 test files in dataset.current_files
Found 958 sample indices
Successfully mapped 958 samples to ACTUAL filenames
First 5 sample-to-filename mappings:
   Sample 0: h6_flux88_abs0_surf0_longRun_762s - Sheet1.csv
   Sample 1: h6_flux88_abs0_surf0_longRun_762s - Sheet1.csv
   Sample 2: h6_flux88_abs0_surf0_longRun_762s - Sheet1.csv
   Sample 3: h6_flux88_abs0_surf0_longRun_762s - Sheet1.csv
   Sample 4: h6_flux88_abs0_surf0_longRun_762s - Sheet1.csv
File: h6_flux88_abs0_surf0_longRun_762s - Sheet1.csv
Time stamp: 659.0s
Actual:
[362.22 362.48 363.88 363.88 364.71 365.46 365.65 365.33 361.07 354.73]
Predicted:
[361.83 362.19 364.26 364.23 365.49 366.11 366.1  366.07 360.31 355.64]
----------------------------------------
Saved profile plot: output/new_theoretical_TC11_L20_H480/profile_plots_H480/h6_flux88_abs0_surf0_longRun_762s - Sheet1_H480_profiles.png
File: h6_flux88_abs20_surf0_781s - Sheet2.csv
Time stamp: 505.0s
Actual:
[351.66 355.22 360.   363.19 366.73 369.34 370.47 372.15 367.48 358.98]
Predicted:
[356.53 357.08 359.43 360.62 361.01 362.14 362.17 364.61 355.55 340.62]
----------------------------------------
Saved profile plot: output/new_theoretical_TC11_L20_H480/profile_plots_H480/h6_flux88_abs20_surf0_781s - Sheet2_H480_profiles.png
File: h6_flux88_abs0_surf1_790s - Sheet1.csv
Time stamp: 871.0s
Actual:
[362.99 363.44 364.73 364.59 365.52 365.77 365.24 363.36 352.84 295.96]
Predicted:
[359.83 360.78 362.94 363.13 363.92 363.9  363.23 361.64 350.93 293.53]
----------------------------------------
Saved profile plot: output/new_theoretical_TC11_L20_H480/profile_plots_H480/h6_flux88_abs0_surf1_790s - Sheet1_H480_profiles.png
File: h6_flux88_abs92_surf0_648s - Sheet3.csv
Time stamp: 529.0s
Actual:
[342.94 347.26 351.9  353.7  356.11 358.87 362.94 377.4  385.87 371.62]
Predicted:
[344.39 348.88 353.13 354.52 356.91 359.89 363.51 377.58 385.32 371.43]
----------------------------------------
Saved profile plot: output/new_theoretical_TC11_L20_H480/profile_plots_H480/h6_flux88_abs92_surf0_648s - Sheet3_H480_profiles.png
Profile plots for horizon 480 saved to: output/new_theoretical_TC11_L20_H480/profile_plots_H480

============================================================
POWER BALANCE ANALYSIS (HORIZON = 480 steps)
============================================================
Samples analyzed: 512
Prediction horizon: 480 steps

INCOMING POWER STATISTICS:
  Mean: 217.91 W
  Std:  0.00 W
  Min:  217.91 W
  Max:  217.91 W

TOTAL ACTUAL POWER (sum of 9 bins):
  Mean: 20.03 W
  Std:  14.08 W
  Min:  -22.09 W
  Max:  56.73 W

TOTAL PREDICTED POWER (sum of 9 bins):
  Mean: 18.95 W
  Std:  10.24 W
  Min:  -16.75 W
  Max:  28.91 W

POWER BALANCE RATIOS:
  Actual/Incoming ratio - Mean: 0.092, Std: 0.065
  Predicted/Incoming ratio - Mean: 0.087, Std: 0.047

ENERGY CONSERVATION VIOLATIONS:
  Actual power > incoming: 0/512 (0.0%)
  Predicted power > incoming: 0/512 (0.0%)

SUCCESS: Real power data extracted and analyzed (horizon = 480 steps)!
Performance metrics saved to CSV: output/new_theoretical_TC11_L20_H480/performance_metrics.csv

================================================================================
RUNNING SINGLE EXPERIMENT WITH PROFILES: L=20, H=600
================================================================================
Config updated: L=20, H=600
   Output dir: output/new_theoretical_TC11_L20_H600
   Run tag: new_theoretical_TC11_L20_H600
   Paper fig dir: output/new_theoretical_TC11_L20_H600/paper_figs
Using device: mps

Loading datasets for L=20, H=600...
Found 23 CSV files
Split: 15 train, 4 val, 4 test files
Warning: data/output_with_TC11/h6_flux73_abs0_surf0_868s - Sheet1.csv too short (530 rows), minimum required: 620
Warning: data/output_with_TC11/h6_flux88_abs92_mr_surf0_580s - Sheet1.csv too short (580 rows), minimum required: 620
Warning: data/output_with_TC11/h6_flux78_abs0_surf0_450s - Sheet3.csv too short (527 rows), minimum required: 620
Warning: data/output_with_TC11/h6_flux78_abs0_surf1_newSalt_505s - Sheet3.csv too short (490 rows), minimum required: 620
Warning: data/output_with_TC11/h6_flux88_abs0_surf0_800s - Sheet2.csv too short (580 rows), minimum required: 620
Warning: data/output_with_TC11/h6_flux88_abs0_wr_surf0_632s - Sheet1.csv too short (491 rows), minimum required: 620
Warning: data/output_with_TC11/h6_flux73_abs0_surf0_newSalt_398s - Sheet1.csv too short (488 rows), minimum required: 620
Warning: data/output_with_TC11/h6_flux88_abs0_surf1_newSalt_689s - Sheet1.csv too short (589 rows), minimum required: 620
Warning: data/output_with_TC11/h6_flux78_abs0_surf1_newSalt_851s - Sheet2.csv too short (519 rows), minimum required: 620
Warning: data/output_with_TC11/h6_flux78_abs0_surf0_745s - Sheet1.csv too short (586 rows), minimum required: 620
Warning: data/output_with_TC11/h6_flux73_abs0_surf1_660s - Sheet1.csv too short (477 rows), minimum required: 620
Fitting scalers on 4 valid training files
Scalers fitted and saved successfully
Warning: data/output_with_TC11/h6_flux73_abs0_surf0_868s - Sheet1.csv too short (530 rows), minimum required: 620
Warning: data/output_with_TC11/h6_flux88_abs92_mr_surf0_580s - Sheet1.csv too short (580 rows), minimum required: 620
Warning: data/output_with_TC11/h6_flux78_abs0_surf0_450s - Sheet3.csv too short (527 rows), minimum required: 620
Warning: data/output_with_TC11/h6_flux78_abs0_surf1_newSalt_505s - Sheet3.csv too short (490 rows), minimum required: 620
Warning: data/output_with_TC11/h6_flux88_abs0_surf0_800s - Sheet2.csv too short (580 rows), minimum required: 620
Warning: data/output_with_TC11/h6_flux88_abs0_wr_surf0_632s - Sheet1.csv too short (491 rows), minimum required: 620
Warning: data/output_with_TC11/h6_flux73_abs0_surf0_newSalt_398s - Sheet1.csv too short (488 rows), minimum required: 620
Warning: data/output_with_TC11/h6_flux88_abs0_surf1_newSalt_689s - Sheet1.csv too short (589 rows), minimum required: 620
Warning: data/output_with_TC11/h6_flux78_abs0_surf1_newSalt_851s - Sheet2.csv too short (519 rows), minimum required: 620
Warning: data/output_with_TC11/h6_flux78_abs0_surf0_745s - Sheet1.csv too short (586 rows), minimum required: 620
Warning: data/output_with_TC11/h6_flux73_abs0_surf1_660s - Sheet1.csv too short (477 rows), minimum required: 620
Generated 323 train sequences from 15 files
Dataset initialized with 323 sequences for train split
Input shape: time_series [20, 12], static_params [4]
Output shape: [11]
Power data: Dictionary with unscaled time/temps for power calculation
Prediction horizon: 600 (600 steps ahead)

==================================================
DATASET STATISTICS
==================================================
Files: 15 train, 4 val, 4 test
Valid files: 4, Invalid: 0
Training sequences: 323
Prediction horizon: 600 (600 steps ahead)
Target calculation: Sequence end + 600 timesteps
Min sequence length required: 620
Data quality issues:
  - Files with outliers: 4
  - Files too short: 22
  - Files with missing data: 0
  - Median timestep: 1000.0 ms
==================================================

Found 23 CSV files
Split: 15 train, 4 val, 4 test files
Warning: data/output_with_TC11/h6_flux78_abs0_surf0_745s - Sheet1.csv too short (586 rows), minimum required: 620
Warning: data/output_with_TC11/h6_flux88_abs92_mr_surf0_580s - Sheet1.csv too short (580 rows), minimum required: 620
Warning: data/output_with_TC11/h6_flux73_abs0_surf0_868s - Sheet1.csv too short (530 rows), minimum required: 620
Warning: data/output_with_TC11/h6_flux78_abs0_surf0_450s - Sheet3.csv too short (527 rows), minimum required: 620
Generated 0 val sequences from 4 files
Dataset initialized with 0 sequences for val split
Input shape: time_series [20, 12], static_params [4]
Output shape: [11]
Power data: Dictionary with unscaled time/temps for power calculation
Prediction horizon: 600 (600 steps ahead)
Loaded pre-fitted scalers from models_TC11
Found 23 CSV files
Split: 15 train, 4 val, 4 test files
Warning: data/output_with_TC11/h6_flux88_abs20_surf0_781s - Sheet2.csv too short (521 rows), minimum required: 620
Warning: data/output_with_TC11/h6_flux88_abs92_surf0_648s - Sheet3.csv too short (592 rows), minimum required: 620
Generated 608 test sequences from 4 files
Dataset initialized with 608 sequences for test split
Input shape: time_series [20, 12], static_params [4]
Output shape: [11]
Power data: Dictionary with unscaled time/temps for power calculation
Prediction horizon: 600 (600 steps ahead)
Loaded pre-fitted scalers from models_TC11
Validating horizon consistency...
Horizon validation passed for prediction_horizon=600
Horizon validation issues found:
  - No valid sequences found for horizon 600
Horizon validation passed for prediction_horizon=600

[WARNING] H=600: Validation dataset is EMPTY. Early stopping and model selection will be based on TRAIN loss — expect overfitting. Consider reducing the horizon or adding more data.
Building model for L=20, H=600 (num_outputs=10, bin_target=True)...

Training model for L=20, H=600 (max_epochs=200, patience=40)...

[WARNING] Validation loader produced ZERO batches for this horizon. val_mae_unscaled is being set equal to train_mae_unscaled — best-model selection and early stopping are UNRELIABLE. Consider increasing data or reducing the prediction horizon.

  Epoch 1/200 — val_mae=4.7590  smooth=4.7590  best=4.7590  patience=0/40  lr=3.00e-05

[WARNING] Validation loader produced ZERO batches for this horizon. val_mae_unscaled is being set equal to train_mae_unscaled — best-model selection and early stopping are UNRELIABLE. Consider increasing data or reducing the prediction horizon.


[WARNING] Validation loader produced ZERO batches for this horizon. val_mae_unscaled is being set equal to train_mae_unscaled — best-model selection and early stopping are UNRELIABLE. Consider increasing data or reducing the prediction horizon.


[WARNING] Validation loader produced ZERO batches for this horizon. val_mae_unscaled is being set equal to train_mae_unscaled — best-model selection and early stopping are UNRELIABLE. Consider increasing data or reducing the prediction horizon.


[WARNING] Validation loader produced ZERO batches for this horizon. val_mae_unscaled is being set equal to train_mae_unscaled — best-model selection and early stopping are UNRELIABLE. Consider increasing data or reducing the prediction horizon.


[WARNING] Validation loader produced ZERO batches for this horizon. val_mae_unscaled is being set equal to train_mae_unscaled — best-model selection and early stopping are UNRELIABLE. Consider increasing data or reducing the prediction horizon.


[WARNING] Validation loader produced ZERO batches for this horizon. val_mae_unscaled is being set equal to train_mae_unscaled — best-model selection and early stopping are UNRELIABLE. Consider increasing data or reducing the prediction horizon.


[WARNING] Validation loader produced ZERO batches for this horizon. val_mae_unscaled is being set equal to train_mae_unscaled — best-model selection and early stopping are UNRELIABLE. Consider increasing data or reducing the prediction horizon.


[WARNING] Validation loader produced ZERO batches for this horizon. val_mae_unscaled is being set equal to train_mae_unscaled — best-model selection and early stopping are UNRELIABLE. Consider increasing data or reducing the prediction horizon.


[WARNING] Validation loader produced ZERO batches for this horizon. val_mae_unscaled is being set equal to train_mae_unscaled — best-model selection and early stopping are UNRELIABLE. Consider increasing data or reducing the prediction horizon.


[WARNING] Validation loader produced ZERO batches for this horizon. val_mae_unscaled is being set equal to train_mae_unscaled — best-model selection and early stopping are UNRELIABLE. Consider increasing data or reducing the prediction horizon.

  Epoch 11/200 — val_mae=0.9956  smooth=1.1199  best=1.1199  patience=0/40  lr=3.00e-04

[WARNING] Validation loader produced ZERO batches for this horizon. val_mae_unscaled is being set equal to train_mae_unscaled — best-model selection and early stopping are UNRELIABLE. Consider increasing data or reducing the prediction horizon.


[WARNING] Validation loader produced ZERO batches for this horizon. val_mae_unscaled is being set equal to train_mae_unscaled — best-model selection and early stopping are UNRELIABLE. Consider increasing data or reducing the prediction horizon.


[WARNING] Validation loader produced ZERO batches for this horizon. val_mae_unscaled is being set equal to train_mae_unscaled — best-model selection and early stopping are UNRELIABLE. Consider increasing data or reducing the prediction horizon.


[WARNING] Validation loader produced ZERO batches for this horizon. val_mae_unscaled is being set equal to train_mae_unscaled — best-model selection and early stopping are UNRELIABLE. Consider increasing data or reducing the prediction horizon.


[WARNING] Validation loader produced ZERO batches for this horizon. val_mae_unscaled is being set equal to train_mae_unscaled — best-model selection and early stopping are UNRELIABLE. Consider increasing data or reducing the prediction horizon.


[WARNING] Validation loader produced ZERO batches for this horizon. val_mae_unscaled is being set equal to train_mae_unscaled — best-model selection and early stopping are UNRELIABLE. Consider increasing data or reducing the prediction horizon.


[WARNING] Validation loader produced ZERO batches for this horizon. val_mae_unscaled is being set equal to train_mae_unscaled — best-model selection and early stopping are UNRELIABLE. Consider increasing data or reducing the prediction horizon.


[WARNING] Validation loader produced ZERO batches for this horizon. val_mae_unscaled is being set equal to train_mae_unscaled — best-model selection and early stopping are UNRELIABLE. Consider increasing data or reducing the prediction horizon.


[WARNING] Validation loader produced ZERO batches for this horizon. val_mae_unscaled is being set equal to train_mae_unscaled — best-model selection and early stopping are UNRELIABLE. Consider increasing data or reducing the prediction horizon.


[WARNING] Validation loader produced ZERO batches for this horizon. val_mae_unscaled is being set equal to train_mae_unscaled — best-model selection and early stopping are UNRELIABLE. Consider increasing data or reducing the prediction horizon.

  Epoch 21/200 — val_mae=0.7451  smooth=0.7767  best=0.7767  patience=0/40  lr=2.98e-04

[WARNING] Validation loader produced ZERO batches for this horizon. val_mae_unscaled is being set equal to train_mae_unscaled — best-model selection and early stopping are UNRELIABLE. Consider increasing data or reducing the prediction horizon.


[WARNING] Validation loader produced ZERO batches for this horizon. val_mae_unscaled is being set equal to train_mae_unscaled — best-model selection and early stopping are UNRELIABLE. Consider increasing data or reducing the prediction horizon.


[WARNING] Validation loader produced ZERO batches for this horizon. val_mae_unscaled is being set equal to train_mae_unscaled — best-model selection and early stopping are UNRELIABLE. Consider increasing data or reducing the prediction horizon.


[WARNING] Validation loader produced ZERO batches for this horizon. val_mae_unscaled is being set equal to train_mae_unscaled — best-model selection and early stopping are UNRELIABLE. Consider increasing data or reducing the prediction horizon.


[WARNING] Validation loader produced ZERO batches for this horizon. val_mae_unscaled is being set equal to train_mae_unscaled — best-model selection and early stopping are UNRELIABLE. Consider increasing data or reducing the prediction horizon.


[WARNING] Validation loader produced ZERO batches for this horizon. val_mae_unscaled is being set equal to train_mae_unscaled — best-model selection and early stopping are UNRELIABLE. Consider increasing data or reducing the prediction horizon.


[WARNING] Validation loader produced ZERO batches for this horizon. val_mae_unscaled is being set equal to train_mae_unscaled — best-model selection and early stopping are UNRELIABLE. Consider increasing data or reducing the prediction horizon.


[WARNING] Validation loader produced ZERO batches for this horizon. val_mae_unscaled is being set equal to train_mae_unscaled — best-model selection and early stopping are UNRELIABLE. Consider increasing data or reducing the prediction horizon.


[WARNING] Validation loader produced ZERO batches for this horizon. val_mae_unscaled is being set equal to train_mae_unscaled — best-model selection and early stopping are UNRELIABLE. Consider increasing data or reducing the prediction horizon.


[WARNING] Validation loader produced ZERO batches for this horizon. val_mae_unscaled is being set equal to train_mae_unscaled — best-model selection and early stopping are UNRELIABLE. Consider increasing data or reducing the prediction horizon.

  Epoch 31/200 — val_mae=0.6483  smooth=0.6419  best=0.6419  patience=0/40  lr=2.92e-04

[WARNING] Validation loader produced ZERO batches for this horizon. val_mae_unscaled is being set equal to train_mae_unscaled — best-model selection and early stopping are UNRELIABLE. Consider increasing data or reducing the prediction horizon.


[WARNING] Validation loader produced ZERO batches for this horizon. val_mae_unscaled is being set equal to train_mae_unscaled — best-model selection and early stopping are UNRELIABLE. Consider increasing data or reducing the prediction horizon.


[WARNING] Validation loader produced ZERO batches for this horizon. val_mae_unscaled is being set equal to train_mae_unscaled — best-model selection and early stopping are UNRELIABLE. Consider increasing data or reducing the prediction horizon.


[WARNING] Validation loader produced ZERO batches for this horizon. val_mae_unscaled is being set equal to train_mae_unscaled — best-model selection and early stopping are UNRELIABLE. Consider increasing data or reducing the prediction horizon.


[WARNING] Validation loader produced ZERO batches for this horizon. val_mae_unscaled is being set equal to train_mae_unscaled — best-model selection and early stopping are UNRELIABLE. Consider increasing data or reducing the prediction horizon.


[WARNING] Validation loader produced ZERO batches for this horizon. val_mae_unscaled is being set equal to train_mae_unscaled — best-model selection and early stopping are UNRELIABLE. Consider increasing data or reducing the prediction horizon.


[WARNING] Validation loader produced ZERO batches for this horizon. val_mae_unscaled is being set equal to train_mae_unscaled — best-model selection and early stopping are UNRELIABLE. Consider increasing data or reducing the prediction horizon.


[WARNING] Validation loader produced ZERO batches for this horizon. val_mae_unscaled is being set equal to train_mae_unscaled — best-model selection and early stopping are UNRELIABLE. Consider increasing data or reducing the prediction horizon.


[WARNING] Validation loader produced ZERO batches for this horizon. val_mae_unscaled is being set equal to train_mae_unscaled — best-model selection and early stopping are UNRELIABLE. Consider increasing data or reducing the prediction horizon.


[WARNING] Validation loader produced ZERO batches for this horizon. val_mae_unscaled is being set equal to train_mae_unscaled — best-model selection and early stopping are UNRELIABLE. Consider increasing data or reducing the prediction horizon.

  Epoch 41/200 — val_mae=0.5497  smooth=0.5687  best=0.5687  patience=0/40  lr=2.82e-04

[WARNING] Validation loader produced ZERO batches for this horizon. val_mae_unscaled is being set equal to train_mae_unscaled — best-model selection and early stopping are UNRELIABLE. Consider increasing data or reducing the prediction horizon.


[WARNING] Validation loader produced ZERO batches for this horizon. val_mae_unscaled is being set equal to train_mae_unscaled — best-model selection and early stopping are UNRELIABLE. Consider increasing data or reducing the prediction horizon.


[WARNING] Validation loader produced ZERO batches for this horizon. val_mae_unscaled is being set equal to train_mae_unscaled — best-model selection and early stopping are UNRELIABLE. Consider increasing data or reducing the prediction horizon.


[WARNING] Validation loader produced ZERO batches for this horizon. val_mae_unscaled is being set equal to train_mae_unscaled — best-model selection and early stopping are UNRELIABLE. Consider increasing data or reducing the prediction horizon.


[WARNING] Validation loader produced ZERO batches for this horizon. val_mae_unscaled is being set equal to train_mae_unscaled — best-model selection and early stopping are UNRELIABLE. Consider increasing data or reducing the prediction horizon.


[WARNING] Validation loader produced ZERO batches for this horizon. val_mae_unscaled is being set equal to train_mae_unscaled — best-model selection and early stopping are UNRELIABLE. Consider increasing data or reducing the prediction horizon.


[WARNING] Validation loader produced ZERO batches for this horizon. val_mae_unscaled is being set equal to train_mae_unscaled — best-model selection and early stopping are UNRELIABLE. Consider increasing data or reducing the prediction horizon.


[WARNING] Validation loader produced ZERO batches for this horizon. val_mae_unscaled is being set equal to train_mae_unscaled — best-model selection and early stopping are UNRELIABLE. Consider increasing data or reducing the prediction horizon.


[WARNING] Validation loader produced ZERO batches for this horizon. val_mae_unscaled is being set equal to train_mae_unscaled — best-model selection and early stopping are UNRELIABLE. Consider increasing data or reducing the prediction horizon.


[WARNING] Validation loader produced ZERO batches for this horizon. val_mae_unscaled is being set equal to train_mae_unscaled — best-model selection and early stopping are UNRELIABLE. Consider increasing data or reducing the prediction horizon.

  Epoch 51/200 — val_mae=0.4962  smooth=0.5107  best=0.5107  patience=0/40  lr=2.68e-04

[WARNING] Validation loader produced ZERO batches for this horizon. val_mae_unscaled is being set equal to train_mae_unscaled — best-model selection and early stopping are UNRELIABLE. Consider increasing data or reducing the prediction horizon.


[WARNING] Validation loader produced ZERO batches for this horizon. val_mae_unscaled is being set equal to train_mae_unscaled — best-model selection and early stopping are UNRELIABLE. Consider increasing data or reducing the prediction horizon.


[WARNING] Validation loader produced ZERO batches for this horizon. val_mae_unscaled is being set equal to train_mae_unscaled — best-model selection and early stopping are UNRELIABLE. Consider increasing data or reducing the prediction horizon.


[WARNING] Validation loader produced ZERO batches for this horizon. val_mae_unscaled is being set equal to train_mae_unscaled — best-model selection and early stopping are UNRELIABLE. Consider increasing data or reducing the prediction horizon.


[WARNING] Validation loader produced ZERO batches for this horizon. val_mae_unscaled is being set equal to train_mae_unscaled — best-model selection and early stopping are UNRELIABLE. Consider increasing data or reducing the prediction horizon.


[WARNING] Validation loader produced ZERO batches for this horizon. val_mae_unscaled is being set equal to train_mae_unscaled — best-model selection and early stopping are UNRELIABLE. Consider increasing data or reducing the prediction horizon.


[WARNING] Validation loader produced ZERO batches for this horizon. val_mae_unscaled is being set equal to train_mae_unscaled — best-model selection and early stopping are UNRELIABLE. Consider increasing data or reducing the prediction horizon.


[WARNING] Validation loader produced ZERO batches for this horizon. val_mae_unscaled is being set equal to train_mae_unscaled — best-model selection and early stopping are UNRELIABLE. Consider increasing data or reducing the prediction horizon.


[WARNING] Validation loader produced ZERO batches for this horizon. val_mae_unscaled is being set equal to train_mae_unscaled — best-model selection and early stopping are UNRELIABLE. Consider increasing data or reducing the prediction horizon.


[WARNING] Validation loader produced ZERO batches for this horizon. val_mae_unscaled is being set equal to train_mae_unscaled — best-model selection and early stopping are UNRELIABLE. Consider increasing data or reducing the prediction horizon.

  Epoch 61/200 — val_mae=0.4673  smooth=0.4805  best=0.4805  patience=0/40  lr=2.52e-04

[WARNING] Validation loader produced ZERO batches for this horizon. val_mae_unscaled is being set equal to train_mae_unscaled — best-model selection and early stopping are UNRELIABLE. Consider increasing data or reducing the prediction horizon.


[WARNING] Validation loader produced ZERO batches for this horizon. val_mae_unscaled is being set equal to train_mae_unscaled — best-model selection and early stopping are UNRELIABLE. Consider increasing data or reducing the prediction horizon.


[WARNING] Validation loader produced ZERO batches for this horizon. val_mae_unscaled is being set equal to train_mae_unscaled — best-model selection and early stopping are UNRELIABLE. Consider increasing data or reducing the prediction horizon.


[WARNING] Validation loader produced ZERO batches for this horizon. val_mae_unscaled is being set equal to train_mae_unscaled — best-model selection and early stopping are UNRELIABLE. Consider increasing data or reducing the prediction horizon.


[WARNING] Validation loader produced ZERO batches for this horizon. val_mae_unscaled is being set equal to train_mae_unscaled — best-model selection and early stopping are UNRELIABLE. Consider increasing data or reducing the prediction horizon.


[WARNING] Validation loader produced ZERO batches for this horizon. val_mae_unscaled is being set equal to train_mae_unscaled — best-model selection and early stopping are UNRELIABLE. Consider increasing data or reducing the prediction horizon.


[WARNING] Validation loader produced ZERO batches for this horizon. val_mae_unscaled is being set equal to train_mae_unscaled — best-model selection and early stopping are UNRELIABLE. Consider increasing data or reducing the prediction horizon.


[WARNING] Validation loader produced ZERO batches for this horizon. val_mae_unscaled is being set equal to train_mae_unscaled — best-model selection and early stopping are UNRELIABLE. Consider increasing data or reducing the prediction horizon.


[WARNING] Validation loader produced ZERO batches for this horizon. val_mae_unscaled is being set equal to train_mae_unscaled — best-model selection and early stopping are UNRELIABLE. Consider increasing data or reducing the prediction horizon.


[WARNING] Validation loader produced ZERO batches for this horizon. val_mae_unscaled is being set equal to train_mae_unscaled — best-model selection and early stopping are UNRELIABLE. Consider increasing data or reducing the prediction horizon.

  Epoch 71/200 — val_mae=0.4412  smooth=0.4512  best=0.4512  patience=0/40  lr=2.32e-04

[WARNING] Validation loader produced ZERO batches for this horizon. val_mae_unscaled is being set equal to train_mae_unscaled — best-model selection and early stopping are UNRELIABLE. Consider increasing data or reducing the prediction horizon.


[WARNING] Validation loader produced ZERO batches for this horizon. val_mae_unscaled is being set equal to train_mae_unscaled — best-model selection and early stopping are UNRELIABLE. Consider increasing data or reducing the prediction horizon.


[WARNING] Validation loader produced ZERO batches for this horizon. val_mae_unscaled is being set equal to train_mae_unscaled — best-model selection and early stopping are UNRELIABLE. Consider increasing data or reducing the prediction horizon.


[WARNING] Validation loader produced ZERO batches for this horizon. val_mae_unscaled is being set equal to train_mae_unscaled — best-model selection and early stopping are UNRELIABLE. Consider increasing data or reducing the prediction horizon.


[WARNING] Validation loader produced ZERO batches for this horizon. val_mae_unscaled is being set equal to train_mae_unscaled — best-model selection and early stopping are UNRELIABLE. Consider increasing data or reducing the prediction horizon.


[WARNING] Validation loader produced ZERO batches for this horizon. val_mae_unscaled is being set equal to train_mae_unscaled — best-model selection and early stopping are UNRELIABLE. Consider increasing data or reducing the prediction horizon.


[WARNING] Validation loader produced ZERO batches for this horizon. val_mae_unscaled is being set equal to train_mae_unscaled — best-model selection and early stopping are UNRELIABLE. Consider increasing data or reducing the prediction horizon.


[WARNING] Validation loader produced ZERO batches for this horizon. val_mae_unscaled is being set equal to train_mae_unscaled — best-model selection and early stopping are UNRELIABLE. Consider increasing data or reducing the prediction horizon.


[WARNING] Validation loader produced ZERO batches for this horizon. val_mae_unscaled is being set equal to train_mae_unscaled — best-model selection and early stopping are UNRELIABLE. Consider increasing data or reducing the prediction horizon.


[WARNING] Validation loader produced ZERO batches for this horizon. val_mae_unscaled is being set equal to train_mae_unscaled — best-model selection and early stopping are UNRELIABLE. Consider increasing data or reducing the prediction horizon.

  Epoch 81/200 — val_mae=0.4188  smooth=0.4307  best=0.4307  patience=0/40  lr=2.11e-04

[WARNING] Validation loader produced ZERO batches for this horizon. val_mae_unscaled is being set equal to train_mae_unscaled — best-model selection and early stopping are UNRELIABLE. Consider increasing data or reducing the prediction horizon.


[WARNING] Validation loader produced ZERO batches for this horizon. val_mae_unscaled is being set equal to train_mae_unscaled — best-model selection and early stopping are UNRELIABLE. Consider increasing data or reducing the prediction horizon.


[WARNING] Validation loader produced ZERO batches for this horizon. val_mae_unscaled is being set equal to train_mae_unscaled — best-model selection and early stopping are UNRELIABLE. Consider increasing data or reducing the prediction horizon.


[WARNING] Validation loader produced ZERO batches for this horizon. val_mae_unscaled is being set equal to train_mae_unscaled — best-model selection and early stopping are UNRELIABLE. Consider increasing data or reducing the prediction horizon.


[WARNING] Validation loader produced ZERO batches for this horizon. val_mae_unscaled is being set equal to train_mae_unscaled — best-model selection and early stopping are UNRELIABLE. Consider increasing data or reducing the prediction horizon.


[WARNING] Validation loader produced ZERO batches for this horizon. val_mae_unscaled is being set equal to train_mae_unscaled — best-model selection and early stopping are UNRELIABLE. Consider increasing data or reducing the prediction horizon.


[WARNING] Validation loader produced ZERO batches for this horizon. val_mae_unscaled is being set equal to train_mae_unscaled — best-model selection and early stopping are UNRELIABLE. Consider increasing data or reducing the prediction horizon.


[WARNING] Validation loader produced ZERO batches for this horizon. val_mae_unscaled is being set equal to train_mae_unscaled — best-model selection and early stopping are UNRELIABLE. Consider increasing data or reducing the prediction horizon.


[WARNING] Validation loader produced ZERO batches for this horizon. val_mae_unscaled is being set equal to train_mae_unscaled — best-model selection and early stopping are UNRELIABLE. Consider increasing data or reducing the prediction horizon.


[WARNING] Validation loader produced ZERO batches for this horizon. val_mae_unscaled is being set equal to train_mae_unscaled — best-model selection and early stopping are UNRELIABLE. Consider increasing data or reducing the prediction horizon.

  Epoch 91/200 — val_mae=0.4025  smooth=0.4162  best=0.4135  patience=3/40  lr=1.87e-04

[WARNING] Validation loader produced ZERO batches for this horizon. val_mae_unscaled is being set equal to train_mae_unscaled — best-model selection and early stopping are UNRELIABLE. Consider increasing data or reducing the prediction horizon.


[WARNING] Validation loader produced ZERO batches for this horizon. val_mae_unscaled is being set equal to train_mae_unscaled — best-model selection and early stopping are UNRELIABLE. Consider increasing data or reducing the prediction horizon.


[WARNING] Validation loader produced ZERO batches for this horizon. val_mae_unscaled is being set equal to train_mae_unscaled — best-model selection and early stopping are UNRELIABLE. Consider increasing data or reducing the prediction horizon.


[WARNING] Validation loader produced ZERO batches for this horizon. val_mae_unscaled is being set equal to train_mae_unscaled — best-model selection and early stopping are UNRELIABLE. Consider increasing data or reducing the prediction horizon.


[WARNING] Validation loader produced ZERO batches for this horizon. val_mae_unscaled is being set equal to train_mae_unscaled — best-model selection and early stopping are UNRELIABLE. Consider increasing data or reducing the prediction horizon.


[WARNING] Validation loader produced ZERO batches for this horizon. val_mae_unscaled is being set equal to train_mae_unscaled — best-model selection and early stopping are UNRELIABLE. Consider increasing data or reducing the prediction horizon.


[WARNING] Validation loader produced ZERO batches for this horizon. val_mae_unscaled is being set equal to train_mae_unscaled — best-model selection and early stopping are UNRELIABLE. Consider increasing data or reducing the prediction horizon.


[WARNING] Validation loader produced ZERO batches for this horizon. val_mae_unscaled is being set equal to train_mae_unscaled — best-model selection and early stopping are UNRELIABLE. Consider increasing data or reducing the prediction horizon.


[WARNING] Validation loader produced ZERO batches for this horizon. val_mae_unscaled is being set equal to train_mae_unscaled — best-model selection and early stopping are UNRELIABLE. Consider increasing data or reducing the prediction horizon.


[WARNING] Validation loader produced ZERO batches for this horizon. val_mae_unscaled is being set equal to train_mae_unscaled — best-model selection and early stopping are UNRELIABLE. Consider increasing data or reducing the prediction horizon.

  Epoch 101/200 — val_mae=0.3788  smooth=0.3900  best=0.3900  patience=0/40  lr=1.63e-04

[WARNING] Validation loader produced ZERO batches for this horizon. val_mae_unscaled is being set equal to train_mae_unscaled — best-model selection and early stopping are UNRELIABLE. Consider increasing data or reducing the prediction horizon.


[WARNING] Validation loader produced ZERO batches for this horizon. val_mae_unscaled is being set equal to train_mae_unscaled — best-model selection and early stopping are UNRELIABLE. Consider increasing data or reducing the prediction horizon.


[WARNING] Validation loader produced ZERO batches for this horizon. val_mae_unscaled is being set equal to train_mae_unscaled — best-model selection and early stopping are UNRELIABLE. Consider increasing data or reducing the prediction horizon.


[WARNING] Validation loader produced ZERO batches for this horizon. val_mae_unscaled is being set equal to train_mae_unscaled — best-model selection and early stopping are UNRELIABLE. Consider increasing data or reducing the prediction horizon.


[WARNING] Validation loader produced ZERO batches for this horizon. val_mae_unscaled is being set equal to train_mae_unscaled — best-model selection and early stopping are UNRELIABLE. Consider increasing data or reducing the prediction horizon.


[WARNING] Validation loader produced ZERO batches for this horizon. val_mae_unscaled is being set equal to train_mae_unscaled — best-model selection and early stopping are UNRELIABLE. Consider increasing data or reducing the prediction horizon.


[WARNING] Validation loader produced ZERO batches for this horizon. val_mae_unscaled is being set equal to train_mae_unscaled — best-model selection and early stopping are UNRELIABLE. Consider increasing data or reducing the prediction horizon.


[WARNING] Validation loader produced ZERO batches for this horizon. val_mae_unscaled is being set equal to train_mae_unscaled — best-model selection and early stopping are UNRELIABLE. Consider increasing data or reducing the prediction horizon.


[WARNING] Validation loader produced ZERO batches for this horizon. val_mae_unscaled is being set equal to train_mae_unscaled — best-model selection and early stopping are UNRELIABLE. Consider increasing data or reducing the prediction horizon.


[WARNING] Validation loader produced ZERO batches for this horizon. val_mae_unscaled is being set equal to train_mae_unscaled — best-model selection and early stopping are UNRELIABLE. Consider increasing data or reducing the prediction horizon.

  Epoch 111/200 — val_mae=0.3879  smooth=0.3896  best=0.3823  patience=3/40  lr=1.38e-04

[WARNING] Validation loader produced ZERO batches for this horizon. val_mae_unscaled is being set equal to train_mae_unscaled — best-model selection and early stopping are UNRELIABLE. Consider increasing data or reducing the prediction horizon.


[WARNING] Validation loader produced ZERO batches for this horizon. val_mae_unscaled is being set equal to train_mae_unscaled — best-model selection and early stopping are UNRELIABLE. Consider increasing data or reducing the prediction horizon.


[WARNING] Validation loader produced ZERO batches for this horizon. val_mae_unscaled is being set equal to train_mae_unscaled — best-model selection and early stopping are UNRELIABLE. Consider increasing data or reducing the prediction horizon.


[WARNING] Validation loader produced ZERO batches for this horizon. val_mae_unscaled is being set equal to train_mae_unscaled — best-model selection and early stopping are UNRELIABLE. Consider increasing data or reducing the prediction horizon.


[WARNING] Validation loader produced ZERO batches for this horizon. val_mae_unscaled is being set equal to train_mae_unscaled — best-model selection and early stopping are UNRELIABLE. Consider increasing data or reducing the prediction horizon.


[WARNING] Validation loader produced ZERO batches for this horizon. val_mae_unscaled is being set equal to train_mae_unscaled — best-model selection and early stopping are UNRELIABLE. Consider increasing data or reducing the prediction horizon.


[WARNING] Validation loader produced ZERO batches for this horizon. val_mae_unscaled is being set equal to train_mae_unscaled — best-model selection and early stopping are UNRELIABLE. Consider increasing data or reducing the prediction horizon.


[WARNING] Validation loader produced ZERO batches for this horizon. val_mae_unscaled is being set equal to train_mae_unscaled — best-model selection and early stopping are UNRELIABLE. Consider increasing data or reducing the prediction horizon.


[WARNING] Validation loader produced ZERO batches for this horizon. val_mae_unscaled is being set equal to train_mae_unscaled — best-model selection and early stopping are UNRELIABLE. Consider increasing data or reducing the prediction horizon.


[WARNING] Validation loader produced ZERO batches for this horizon. val_mae_unscaled is being set equal to train_mae_unscaled — best-model selection and early stopping are UNRELIABLE. Consider increasing data or reducing the prediction horizon.

  Epoch 121/200 — val_mae=0.3706  smooth=0.3683  best=0.3683  patience=0/40  lr=1.14e-04

[WARNING] Validation loader produced ZERO batches for this horizon. val_mae_unscaled is being set equal to train_mae_unscaled — best-model selection and early stopping are UNRELIABLE. Consider increasing data or reducing the prediction horizon.


[WARNING] Validation loader produced ZERO batches for this horizon. val_mae_unscaled is being set equal to train_mae_unscaled — best-model selection and early stopping are UNRELIABLE. Consider increasing data or reducing the prediction horizon.


[WARNING] Validation loader produced ZERO batches for this horizon. val_mae_unscaled is being set equal to train_mae_unscaled — best-model selection and early stopping are UNRELIABLE. Consider increasing data or reducing the prediction horizon.


[WARNING] Validation loader produced ZERO batches for this horizon. val_mae_unscaled is being set equal to train_mae_unscaled — best-model selection and early stopping are UNRELIABLE. Consider increasing data or reducing the prediction horizon.


[WARNING] Validation loader produced ZERO batches for this horizon. val_mae_unscaled is being set equal to train_mae_unscaled — best-model selection and early stopping are UNRELIABLE. Consider increasing data or reducing the prediction horizon.


[WARNING] Validation loader produced ZERO batches for this horizon. val_mae_unscaled is being set equal to train_mae_unscaled — best-model selection and early stopping are UNRELIABLE. Consider increasing data or reducing the prediction horizon.


[WARNING] Validation loader produced ZERO batches for this horizon. val_mae_unscaled is being set equal to train_mae_unscaled — best-model selection and early stopping are UNRELIABLE. Consider increasing data or reducing the prediction horizon.


[WARNING] Validation loader produced ZERO batches for this horizon. val_mae_unscaled is being set equal to train_mae_unscaled — best-model selection and early stopping are UNRELIABLE. Consider increasing data or reducing the prediction horizon.


[WARNING] Validation loader produced ZERO batches for this horizon. val_mae_unscaled is being set equal to train_mae_unscaled — best-model selection and early stopping are UNRELIABLE. Consider increasing data or reducing the prediction horizon.


[WARNING] Validation loader produced ZERO batches for this horizon. val_mae_unscaled is being set equal to train_mae_unscaled — best-model selection and early stopping are UNRELIABLE. Consider increasing data or reducing the prediction horizon.

  Epoch 131/200 — val_mae=0.3475  smooth=0.3641  best=0.3581  patience=8/40  lr=9.04e-05

[WARNING] Validation loader produced ZERO batches for this horizon. val_mae_unscaled is being set equal to train_mae_unscaled — best-model selection and early stopping are UNRELIABLE. Consider increasing data or reducing the prediction horizon.


[WARNING] Validation loader produced ZERO batches for this horizon. val_mae_unscaled is being set equal to train_mae_unscaled — best-model selection and early stopping are UNRELIABLE. Consider increasing data or reducing the prediction horizon.


[WARNING] Validation loader produced ZERO batches for this horizon. val_mae_unscaled is being set equal to train_mae_unscaled — best-model selection and early stopping are UNRELIABLE. Consider increasing data or reducing the prediction horizon.


[WARNING] Validation loader produced ZERO batches for this horizon. val_mae_unscaled is being set equal to train_mae_unscaled — best-model selection and early stopping are UNRELIABLE. Consider increasing data or reducing the prediction horizon.


[WARNING] Validation loader produced ZERO batches for this horizon. val_mae_unscaled is being set equal to train_mae_unscaled — best-model selection and early stopping are UNRELIABLE. Consider increasing data or reducing the prediction horizon.


[WARNING] Validation loader produced ZERO batches for this horizon. val_mae_unscaled is being set equal to train_mae_unscaled — best-model selection and early stopping are UNRELIABLE. Consider increasing data or reducing the prediction horizon.


[WARNING] Validation loader produced ZERO batches for this horizon. val_mae_unscaled is being set equal to train_mae_unscaled — best-model selection and early stopping are UNRELIABLE. Consider increasing data or reducing the prediction horizon.


[WARNING] Validation loader produced ZERO batches for this horizon. val_mae_unscaled is being set equal to train_mae_unscaled — best-model selection and early stopping are UNRELIABLE. Consider increasing data or reducing the prediction horizon.


[WARNING] Validation loader produced ZERO batches for this horizon. val_mae_unscaled is being set equal to train_mae_unscaled — best-model selection and early stopping are UNRELIABLE. Consider increasing data or reducing the prediction horizon.


[WARNING] Validation loader produced ZERO batches for this horizon. val_mae_unscaled is being set equal to train_mae_unscaled — best-model selection and early stopping are UNRELIABLE. Consider increasing data or reducing the prediction horizon.

  Epoch 141/200 — val_mae=0.3540  smooth=0.3631  best=0.3537  patience=5/40  lr=6.87e-05

[WARNING] Validation loader produced ZERO batches for this horizon. val_mae_unscaled is being set equal to train_mae_unscaled — best-model selection and early stopping are UNRELIABLE. Consider increasing data or reducing the prediction horizon.


[WARNING] Validation loader produced ZERO batches for this horizon. val_mae_unscaled is being set equal to train_mae_unscaled — best-model selection and early stopping are UNRELIABLE. Consider increasing data or reducing the prediction horizon.


[WARNING] Validation loader produced ZERO batches for this horizon. val_mae_unscaled is being set equal to train_mae_unscaled — best-model selection and early stopping are UNRELIABLE. Consider increasing data or reducing the prediction horizon.


[WARNING] Validation loader produced ZERO batches for this horizon. val_mae_unscaled is being set equal to train_mae_unscaled — best-model selection and early stopping are UNRELIABLE. Consider increasing data or reducing the prediction horizon.


[WARNING] Validation loader produced ZERO batches for this horizon. val_mae_unscaled is being set equal to train_mae_unscaled — best-model selection and early stopping are UNRELIABLE. Consider increasing data or reducing the prediction horizon.


[WARNING] Validation loader produced ZERO batches for this horizon. val_mae_unscaled is being set equal to train_mae_unscaled — best-model selection and early stopping are UNRELIABLE. Consider increasing data or reducing the prediction horizon.


[WARNING] Validation loader produced ZERO batches for this horizon. val_mae_unscaled is being set equal to train_mae_unscaled — best-model selection and early stopping are UNRELIABLE. Consider increasing data or reducing the prediction horizon.


[WARNING] Validation loader produced ZERO batches for this horizon. val_mae_unscaled is being set equal to train_mae_unscaled — best-model selection and early stopping are UNRELIABLE. Consider increasing data or reducing the prediction horizon.


[WARNING] Validation loader produced ZERO batches for this horizon. val_mae_unscaled is being set equal to train_mae_unscaled — best-model selection and early stopping are UNRELIABLE. Consider increasing data or reducing the prediction horizon.


[WARNING] Validation loader produced ZERO batches for this horizon. val_mae_unscaled is being set equal to train_mae_unscaled — best-model selection and early stopping are UNRELIABLE. Consider increasing data or reducing the prediction horizon.

  Epoch 151/200 — val_mae=0.3461  smooth=0.3496  best=0.3496  patience=0/40  lr=4.92e-05

[WARNING] Validation loader produced ZERO batches for this horizon. val_mae_unscaled is being set equal to train_mae_unscaled — best-model selection and early stopping are UNRELIABLE. Consider increasing data or reducing the prediction horizon.


[WARNING] Validation loader produced ZERO batches for this horizon. val_mae_unscaled is being set equal to train_mae_unscaled — best-model selection and early stopping are UNRELIABLE. Consider increasing data or reducing the prediction horizon.


[WARNING] Validation loader produced ZERO batches for this horizon. val_mae_unscaled is being set equal to train_mae_unscaled — best-model selection and early stopping are UNRELIABLE. Consider increasing data or reducing the prediction horizon.


[WARNING] Validation loader produced ZERO batches for this horizon. val_mae_unscaled is being set equal to train_mae_unscaled — best-model selection and early stopping are UNRELIABLE. Consider increasing data or reducing the prediction horizon.


[WARNING] Validation loader produced ZERO batches for this horizon. val_mae_unscaled is being set equal to train_mae_unscaled — best-model selection and early stopping are UNRELIABLE. Consider increasing data or reducing the prediction horizon.


[WARNING] Validation loader produced ZERO batches for this horizon. val_mae_unscaled is being set equal to train_mae_unscaled — best-model selection and early stopping are UNRELIABLE. Consider increasing data or reducing the prediction horizon.


[WARNING] Validation loader produced ZERO batches for this horizon. val_mae_unscaled is being set equal to train_mae_unscaled — best-model selection and early stopping are UNRELIABLE. Consider increasing data or reducing the prediction horizon.


[WARNING] Validation loader produced ZERO batches for this horizon. val_mae_unscaled is being set equal to train_mae_unscaled — best-model selection and early stopping are UNRELIABLE. Consider increasing data or reducing the prediction horizon.


[WARNING] Validation loader produced ZERO batches for this horizon. val_mae_unscaled is being set equal to train_mae_unscaled — best-model selection and early stopping are UNRELIABLE. Consider increasing data or reducing the prediction horizon.


[WARNING] Validation loader produced ZERO batches for this horizon. val_mae_unscaled is being set equal to train_mae_unscaled — best-model selection and early stopping are UNRELIABLE. Consider increasing data or reducing the prediction horizon.

  Epoch 161/200 — val_mae=0.3535  smooth=0.3523  best=0.3448  patience=6/40  lr=3.25e-05

[WARNING] Validation loader produced ZERO batches for this horizon. val_mae_unscaled is being set equal to train_mae_unscaled — best-model selection and early stopping are UNRELIABLE. Consider increasing data or reducing the prediction horizon.


[WARNING] Validation loader produced ZERO batches for this horizon. val_mae_unscaled is being set equal to train_mae_unscaled — best-model selection and early stopping are UNRELIABLE. Consider increasing data or reducing the prediction horizon.


[WARNING] Validation loader produced ZERO batches for this horizon. val_mae_unscaled is being set equal to train_mae_unscaled — best-model selection and early stopping are UNRELIABLE. Consider increasing data or reducing the prediction horizon.


[WARNING] Validation loader produced ZERO batches for this horizon. val_mae_unscaled is being set equal to train_mae_unscaled — best-model selection and early stopping are UNRELIABLE. Consider increasing data or reducing the prediction horizon.


[WARNING] Validation loader produced ZERO batches for this horizon. val_mae_unscaled is being set equal to train_mae_unscaled — best-model selection and early stopping are UNRELIABLE. Consider increasing data or reducing the prediction horizon.


[WARNING] Validation loader produced ZERO batches for this horizon. val_mae_unscaled is being set equal to train_mae_unscaled — best-model selection and early stopping are UNRELIABLE. Consider increasing data or reducing the prediction horizon.


[WARNING] Validation loader produced ZERO batches for this horizon. val_mae_unscaled is being set equal to train_mae_unscaled — best-model selection and early stopping are UNRELIABLE. Consider increasing data or reducing the prediction horizon.


[WARNING] Validation loader produced ZERO batches for this horizon. val_mae_unscaled is being set equal to train_mae_unscaled — best-model selection and early stopping are UNRELIABLE. Consider increasing data or reducing the prediction horizon.


[WARNING] Validation loader produced ZERO batches for this horizon. val_mae_unscaled is being set equal to train_mae_unscaled — best-model selection and early stopping are UNRELIABLE. Consider increasing data or reducing the prediction horizon.


[WARNING] Validation loader produced ZERO batches for this horizon. val_mae_unscaled is being set equal to train_mae_unscaled — best-model selection and early stopping are UNRELIABLE. Consider increasing data or reducing the prediction horizon.

  Epoch 171/200 — val_mae=0.3290  smooth=0.3448  best=0.3398  patience=3/40  lr=1.90e-05

[WARNING] Validation loader produced ZERO batches for this horizon. val_mae_unscaled is being set equal to train_mae_unscaled — best-model selection and early stopping are UNRELIABLE. Consider increasing data or reducing the prediction horizon.


[WARNING] Validation loader produced ZERO batches for this horizon. val_mae_unscaled is being set equal to train_mae_unscaled — best-model selection and early stopping are UNRELIABLE. Consider increasing data or reducing the prediction horizon.


[WARNING] Validation loader produced ZERO batches for this horizon. val_mae_unscaled is being set equal to train_mae_unscaled — best-model selection and early stopping are UNRELIABLE. Consider increasing data or reducing the prediction horizon.


[WARNING] Validation loader produced ZERO batches for this horizon. val_mae_unscaled is being set equal to train_mae_unscaled — best-model selection and early stopping are UNRELIABLE. Consider increasing data or reducing the prediction horizon.


[WARNING] Validation loader produced ZERO batches for this horizon. val_mae_unscaled is being set equal to train_mae_unscaled — best-model selection and early stopping are UNRELIABLE. Consider increasing data or reducing the prediction horizon.


[WARNING] Validation loader produced ZERO batches for this horizon. val_mae_unscaled is being set equal to train_mae_unscaled — best-model selection and early stopping are UNRELIABLE. Consider increasing data or reducing the prediction horizon.


[WARNING] Validation loader produced ZERO batches for this horizon. val_mae_unscaled is being set equal to train_mae_unscaled — best-model selection and early stopping are UNRELIABLE. Consider increasing data or reducing the prediction horizon.


[WARNING] Validation loader produced ZERO batches for this horizon. val_mae_unscaled is being set equal to train_mae_unscaled — best-model selection and early stopping are UNRELIABLE. Consider increasing data or reducing the prediction horizon.


[WARNING] Validation loader produced ZERO batches for this horizon. val_mae_unscaled is being set equal to train_mae_unscaled — best-model selection and early stopping are UNRELIABLE. Consider increasing data or reducing the prediction horizon.


[WARNING] Validation loader produced ZERO batches for this horizon. val_mae_unscaled is being set equal to train_mae_unscaled — best-model selection and early stopping are UNRELIABLE. Consider increasing data or reducing the prediction horizon.

  Epoch 181/200 — val_mae=0.3415  smooth=0.3424  best=0.3398  patience=13/40  lr=9.10e-06

[WARNING] Validation loader produced ZERO batches for this horizon. val_mae_unscaled is being set equal to train_mae_unscaled — best-model selection and early stopping are UNRELIABLE. Consider increasing data or reducing the prediction horizon.


[WARNING] Validation loader produced ZERO batches for this horizon. val_mae_unscaled is being set equal to train_mae_unscaled — best-model selection and early stopping are UNRELIABLE. Consider increasing data or reducing the prediction horizon.


[WARNING] Validation loader produced ZERO batches for this horizon. val_mae_unscaled is being set equal to train_mae_unscaled — best-model selection and early stopping are UNRELIABLE. Consider increasing data or reducing the prediction horizon.


[WARNING] Validation loader produced ZERO batches for this horizon. val_mae_unscaled is being set equal to train_mae_unscaled — best-model selection and early stopping are UNRELIABLE. Consider increasing data or reducing the prediction horizon.


[WARNING] Validation loader produced ZERO batches for this horizon. val_mae_unscaled is being set equal to train_mae_unscaled — best-model selection and early stopping are UNRELIABLE. Consider increasing data or reducing the prediction horizon.


[WARNING] Validation loader produced ZERO batches for this horizon. val_mae_unscaled is being set equal to train_mae_unscaled — best-model selection and early stopping are UNRELIABLE. Consider increasing data or reducing the prediction horizon.


[WARNING] Validation loader produced ZERO batches for this horizon. val_mae_unscaled is being set equal to train_mae_unscaled — best-model selection and early stopping are UNRELIABLE. Consider increasing data or reducing the prediction horizon.


[WARNING] Validation loader produced ZERO batches for this horizon. val_mae_unscaled is being set equal to train_mae_unscaled — best-model selection and early stopping are UNRELIABLE. Consider increasing data or reducing the prediction horizon.


[WARNING] Validation loader produced ZERO batches for this horizon. val_mae_unscaled is being set equal to train_mae_unscaled — best-model selection and early stopping are UNRELIABLE. Consider increasing data or reducing the prediction horizon.


[WARNING] Validation loader produced ZERO batches for this horizon. val_mae_unscaled is being set equal to train_mae_unscaled — best-model selection and early stopping are UNRELIABLE. Consider increasing data or reducing the prediction horizon.

  Epoch 191/200 — val_mae=0.3457  smooth=0.3381  best=0.3363  patience=2/40  lr=3.04e-06

[WARNING] Validation loader produced ZERO batches for this horizon. val_mae_unscaled is being set equal to train_mae_unscaled — best-model selection and early stopping are UNRELIABLE. Consider increasing data or reducing the prediction horizon.


[WARNING] Validation loader produced ZERO batches for this horizon. val_mae_unscaled is being set equal to train_mae_unscaled — best-model selection and early stopping are UNRELIABLE. Consider increasing data or reducing the prediction horizon.


[WARNING] Validation loader produced ZERO batches for this horizon. val_mae_unscaled is being set equal to train_mae_unscaled — best-model selection and early stopping are UNRELIABLE. Consider increasing data or reducing the prediction horizon.


[WARNING] Validation loader produced ZERO batches for this horizon. val_mae_unscaled is being set equal to train_mae_unscaled — best-model selection and early stopping are UNRELIABLE. Consider increasing data or reducing the prediction horizon.


[WARNING] Validation loader produced ZERO batches for this horizon. val_mae_unscaled is being set equal to train_mae_unscaled — best-model selection and early stopping are UNRELIABLE. Consider increasing data or reducing the prediction horizon.


[WARNING] Validation loader produced ZERO batches for this horizon. val_mae_unscaled is being set equal to train_mae_unscaled — best-model selection and early stopping are UNRELIABLE. Consider increasing data or reducing the prediction horizon.


[WARNING] Validation loader produced ZERO batches for this horizon. val_mae_unscaled is being set equal to train_mae_unscaled — best-model selection and early stopping are UNRELIABLE. Consider increasing data or reducing the prediction horizon.


[WARNING] Validation loader produced ZERO batches for this horizon. val_mae_unscaled is being set equal to train_mae_unscaled — best-model selection and early stopping are UNRELIABLE. Consider increasing data or reducing the prediction horizon.


[WARNING] Validation loader produced ZERO batches for this horizon. val_mae_unscaled is being set equal to train_mae_unscaled — best-model selection and early stopping are UNRELIABLE. Consider increasing data or reducing the prediction horizon.


Evaluating best model for L=20, H=600 (best epoch=189)...

TEST SET EVALUATION (UNSCALED - HORIZON = 600 steps):
   MAE:  6.52 K
   RMSE: 8.75 K
   R²:   0.636995
   Physics Loss: 0.000000
   Constraint Loss: 0.000000
   Power Balance Loss: 0.000000
   Per-sensor MAE (K): TC1=4.03  TC2=3.47  TC3=3.81  TC4=4.04  TC5=4.04  TC6=4.57  TC7=5.36  TC8=7.15  TC9=13.86  TC10=14.92
   Per-file:
      MAE=  7.68 K  RMSE= 10.89  R2= 0.6951  n=  312  h6_flux88_abs0_surf1_790s - Sheet1.csv
      MAE=  5.31 K  RMSE=  5.70  R2=-2.2229  n=  296  h6_flux88_abs0_surf0_longRun_762s - Sheet1.csv

Generating profile plots for each test file (H=600)...
Extracting ACTUAL test file information...
Found test dataset: TempSequenceDataset
Found 4 test files in dataset.current_files
Found 608 sample indices
Successfully mapped 608 samples to ACTUAL filenames
First 5 sample-to-filename mappings:
   Sample 0: h6_flux88_abs0_surf0_longRun_762s - Sheet1.csv
   Sample 1: h6_flux88_abs0_surf0_longRun_762s - Sheet1.csv
   Sample 2: h6_flux88_abs0_surf0_longRun_762s - Sheet1.csv
   Sample 3: h6_flux88_abs0_surf0_longRun_762s - Sheet1.csv
   Sample 4: h6_flux88_abs0_surf0_longRun_762s - Sheet1.csv
File: h6_flux88_abs0_surf0_longRun_762s - Sheet1.csv
Time stamp: 841.0s
Actual:
[363.46 363.78 365.3  365.16 366.28 367.04 366.76 366.04 361.66 356.01]
Predicted:
[357.85 360.11 361.02 360.97 362.   362.4  361.99 361.57 356.09 355.55]
----------------------------------------
Saved profile plot: output/new_theoretical_TC11_L20_H600/profile_plots_H600/h6_flux88_abs0_surf0_longRun_762s - Sheet1_H600_profiles.png
File: h6_flux88_abs0_surf1_790s - Sheet1.csv
Time stamp: 922.0s
Actual:
[363.02 363.63 364.76 364.54 365.15 365.17 364.52 362.34 348.31 290.16]
Predicted:
[360.61 360.83 362.4  362.3  363.21 363.5  363.25 361.74 345.5  286.55]
----------------------------------------
Saved profile plot: output/new_theoretical_TC11_L20_H600/profile_plots_H600/h6_flux88_abs0_surf1_790s - Sheet1_H600_profiles.png
Profile plots for horizon 600 saved to: output/new_theoretical_TC11_L20_H600/profile_plots_H600

============================================================
POWER BALANCE ANALYSIS (HORIZON = 600 steps)
============================================================
Samples analyzed: 512
Prediction horizon: 600 steps

INCOMING POWER STATISTICS:
  Mean: 217.91 W
  Std:  0.00 W
  Min:  217.91 W
  Max:  217.91 W

TOTAL ACTUAL POWER (sum of 9 bins):
  Mean: 24.55 W
  Std:  14.69 W
  Min:  -6.52 W
  Max:  71.98 W

TOTAL PREDICTED POWER (sum of 9 bins):
  Mean: -8.10 W
  Std:  4.88 W
  Min:  -29.53 W
  Max:  5.04 W

POWER BALANCE RATIOS:
  Actual/Incoming ratio - Mean: 0.113, Std: 0.067
  Predicted/Incoming ratio - Mean: -0.037, Std: 0.022

ENERGY CONSERVATION VIOLATIONS:
  Actual power > incoming: 0/512 (0.0%)
  Predicted power > incoming: 0/512 (0.0%)

SUCCESS: Real power data extracted and analyzed (horizon = 600 steps)!
Performance metrics saved to CSV: output/new_theoretical_TC11_L20_H600/performance_metrics.csv
Sweep results saved to: output/sweeps_experiments/seq20_new_theoretical_TC11_horizon_sweep.csv
Consolidated sweep results saved to: output/sweeps_experiments/consolidated_horizon_sweep_results.csv

Successfully completed TC11 Sweep!

================================================================================
STARTING SWEEP: TC10 (10 SENSORS)
================================================================================

====================================================================================================
HORIZON SWEEP: Fixed Sequence Length L=20
====================================================================================================

================================================================================
RUNNING SINGLE EXPERIMENT WITH PROFILES: L=20, H=60
================================================================================
Config updated: L=20, H=60
   Output dir: output/new_theoretical_TC10_L20_H60
   Run tag: new_theoretical_TC10_L20_H60
   Paper fig dir: output/new_theoretical_TC10_L20_H60/paper_figs
Using device: mps

Loading datasets for L=20, H=60...
Found 48 CSV files
Split: 36 train, 9 val, 3 test files
Fitting scalers on 36 valid training files
Scalers fitted and saved successfully
Generated 30386 train sequences from 36 files
Dataset initialized with 30386 sequences for train split
Input shape: time_series [20, 11], static_params [4]
Output shape: [10]
Power data: Dictionary with unscaled time/temps for power calculation
Prediction horizon: 60 (60 steps ahead)

==================================================
DATASET STATISTICS
==================================================
Files: 36 train, 9 val, 3 test
Valid files: 36, Invalid: 0
Training sequences: 30386
Prediction horizon: 60 (60 steps ahead)
Target calculation: Sequence end + 60 timesteps
Min sequence length required: 80
Data quality issues:
  - Files with outliers: 6
  - Files too short: 0
  - Files with missing data: 0
  - Median timestep: 1000.0 ms
==================================================

Found 48 CSV files
Split: 36 train, 9 val, 3 test files
Generated 8036 val sequences from 9 files
Dataset initialized with 8036 sequences for val split
Input shape: time_series [20, 11], static_params [4]
Output shape: [10]
Power data: Dictionary with unscaled time/temps for power calculation
Prediction horizon: 60 (60 steps ahead)
Loaded pre-fitted scalers from models_TC10
Found 48 CSV files
Split: 36 train, 9 val, 3 test files
Generated 8354 test sequences from 3 files
Dataset initialized with 8354 sequences for test split
Input shape: time_series [20, 11], static_params [4]
Output shape: [10]
Power data: Dictionary with unscaled time/temps for power calculation
Prediction horizon: 60 (60 steps ahead)
Loaded pre-fitted scalers from models_TC10
Validating horizon consistency...
Horizon validation passed for prediction_horizon=60
Horizon validation passed for prediction_horizon=60
Horizon validation passed for prediction_horizon=60
Building model for L=20, H=60 (num_outputs=9, bin_target=True)...

Training model for L=20, H=60 (max_epochs=200, patience=40)...
  Epoch 1/200 — val_mae=2.5723  smooth=2.5723  best=2.5723  patience=0/40  lr=3.00e-05
  Epoch 11/200 — val_mae=0.6426  smooth=0.9553  best=0.9553  patience=0/40  lr=3.00e-04
  Epoch 21/200 — val_mae=0.6154  smooth=0.7595  best=0.6071  patience=6/40  lr=2.98e-04
  Epoch 31/200 — val_mae=0.8029  smooth=1.2028  best=0.5904  patience=7/40  lr=2.92e-04
  Epoch 41/200 — val_mae=1.4192  smooth=0.9218  best=0.5904  patience=17/40  lr=2.82e-04
  Epoch 51/200 — val_mae=0.5525  smooth=0.6739  best=0.5904  patience=27/40  lr=2.68e-04
  Epoch 61/200 — val_mae=1.0455  smooth=0.8878  best=0.5904  patience=37/40  lr=2.52e-04
  Epoch 64/200 — val_mae=0.6207  smooth=0.7983  best=0.5904  patience=40/40  lr=2.46e-04

[Early Stop] Smoothed val_mae no improvement for 40 epochs. Stopping at epoch 64.


Evaluating best model for L=20, H=60 (best epoch=24)...

TEST SET EVALUATION (UNSCALED - HORIZON = 60 steps):
   MAE:  0.68 K
   RMSE: 1.02 K
   R²:   0.997526
   Physics Loss: 0.000000
   Constraint Loss: 0.000000
   Power Balance Loss: 0.000000
   Per-sensor MAE (K): TC1=0.79  TC2=1.09  TC3=0.99  TC4=0.37  TC5=0.46  TC6=0.46  TC7=0.48  TC8=0.55  TC9=0.97
   Per-file:
      MAE=  1.88 K  RMSE=  2.39  R2= 0.7849  n=  883  h6_flux88_abs0_surf1_790s - Sheet1.csv
      MAE=  0.69 K  RMSE=  0.85  R2= 0.9990  n= 3665  h6_flux88_abs92_surf0_longRun_618s - Sheet1.csv
      MAE=  0.40 K  RMSE=  0.52  R2= 0.9985  n= 3806  h6_flux88_abs20_surf0_longRun_612s - Sheet2.csv

Generating profile plots for each test file (H=60)...
Extracting ACTUAL test file information...
Found test dataset: TempSequenceDataset
Found 3 test files in dataset.current_files
Found 8354 sample indices
Successfully mapped 8354 samples to ACTUAL filenames
First 5 sample-to-filename mappings:
   Sample 0: h6_flux88_abs92_surf0_longRun_618s - Sheet1.csv
   Sample 1: h6_flux88_abs92_surf0_longRun_618s - Sheet1.csv
   Sample 2: h6_flux88_abs92_surf0_longRun_618s - Sheet1.csv
   Sample 3: h6_flux88_abs92_surf0_longRun_618s - Sheet1.csv
   Sample 4: h6_flux88_abs92_surf0_longRun_618s - Sheet1.csv
File: h6_flux88_abs92_surf0_longRun_618s - Sheet1.csv
Time stamp: 2169.0s
Actual:
[327.91 334.15 343.12 350.95 361.3  372.67 383.52 403.52 416.82]
Predicted:
[328.84 335.29 344.13 351.13 361.63 372.96 383.67 403.44 416.84]
----------------------------------------
Error during evaluation: x and y must have same first dimension, but have shapes (9,) and (10,)

================================================================================
RUNNING SINGLE EXPERIMENT WITH PROFILES: L=20, H=180
================================================================================
Config updated: L=20, H=180
   Output dir: output/new_theoretical_TC10_L20_H180
   Run tag: new_theoretical_TC10_L20_H180
   Paper fig dir: output/new_theoretical_TC10_L20_H180/paper_figs
Using device: mps

Loading datasets for L=20, H=180...
Found 48 CSV files
Split: 36 train, 9 val, 3 test files
Fitting scalers on 36 valid training files
Scalers fitted and saved successfully
Generated 26066 train sequences from 36 files
Dataset initialized with 26066 sequences for train split
Input shape: time_series [20, 11], static_params [4]
Output shape: [10]
Power data: Dictionary with unscaled time/temps for power calculation
Prediction horizon: 180 (180 steps ahead)

==================================================
DATASET STATISTICS
==================================================
Files: 36 train, 9 val, 3 test
Valid files: 36, Invalid: 0
Training sequences: 26066
Prediction horizon: 180 (180 steps ahead)
Target calculation: Sequence end + 180 timesteps
Min sequence length required: 200
Data quality issues:
  - Files with outliers: 6
  - Files too short: 0
  - Files with missing data: 0
  - Median timestep: 1000.0 ms
==================================================

Found 48 CSV files
Split: 36 train, 9 val, 3 test files
Generated 6956 val sequences from 9 files
Dataset initialized with 6956 sequences for val split
Input shape: time_series [20, 11], static_params [4]
Output shape: [10]
Power data: Dictionary with unscaled time/temps for power calculation
Prediction horizon: 180 (180 steps ahead)
Loaded pre-fitted scalers from models_TC10
Found 48 CSV files
Split: 36 train, 9 val, 3 test files
Generated 7994 test sequences from 3 files
Dataset initialized with 7994 sequences for test split
Input shape: time_series [20, 11], static_params [4]
Output shape: [10]
Power data: Dictionary with unscaled time/temps for power calculation
Prediction horizon: 180 (180 steps ahead)
Loaded pre-fitted scalers from models_TC10
Validating horizon consistency...
Horizon validation passed for prediction_horizon=180
Horizon validation passed for prediction_horizon=180
Horizon validation passed for prediction_horizon=180
Building model for L=20, H=180 (num_outputs=9, bin_target=True)...

Training model for L=20, H=180 (max_epochs=200, patience=40)...
  Epoch 1/200 — val_mae=3.1400  smooth=3.1400  best=3.1400  patience=0/40  lr=3.00e-05
  Epoch 11/200 — val_mae=1.9179  smooth=1.5208  best=1.3367  patience=2/40  lr=3.00e-04
  Epoch 21/200 — val_mae=1.6332  smooth=1.2155  best=1.1809  patience=1/40  lr=2.98e-04
  Epoch 31/200 — val_mae=1.1871  smooth=1.1862  best=1.0218  patience=3/40  lr=2.92e-04
  Epoch 41/200 — val_mae=1.5559  smooth=1.0194  best=0.8725  patience=3/40  lr=2.82e-04
  Epoch 51/200 — val_mae=0.7382  smooth=0.8664  best=0.8664  patience=0/40  lr=2.68e-04
  Epoch 61/200 — val_mae=1.6881  smooth=1.0100  best=0.8328  patience=1/40  lr=2.52e-04
  Epoch 71/200 — val_mae=0.8030  smooth=0.8202  best=0.7219  patience=5/40  lr=2.32e-04
  Epoch 81/200 — val_mae=0.6303  smooth=0.6673  best=0.6673  patience=0/40  lr=2.11e-04
  Epoch 91/200 — val_mae=0.6595  smooth=0.6634  best=0.6558  patience=1/40  lr=1.87e-04
  Epoch 101/200 — val_mae=0.7059  smooth=0.7403  best=0.6171  patience=7/40  lr=1.63e-04
  Epoch 111/200 — val_mae=0.5739  smooth=0.6470  best=0.6171  patience=17/40  lr=1.38e-04
  Epoch 121/200 — val_mae=0.6029  smooth=0.5966  best=0.5966  patience=0/40  lr=1.14e-04
  Epoch 131/200 — val_mae=0.5630  smooth=0.5940  best=0.5762  patience=3/40  lr=9.04e-05
  Epoch 141/200 — val_mae=0.5308  smooth=0.5677  best=0.5677  patience=0/40  lr=6.87e-05
  Epoch 151/200 — val_mae=0.5608  smooth=0.5461  best=0.5296  patience=6/40  lr=4.92e-05
  Epoch 161/200 — val_mae=0.5079  smooth=0.5293  best=0.5293  patience=0/40  lr=3.25e-05
  Epoch 171/200 — val_mae=0.5327  smooth=0.5433  best=0.5244  patience=6/40  lr=1.90e-05
  Epoch 181/200 — val_mae=0.5709  smooth=0.5682  best=0.5244  patience=16/40  lr=9.10e-06
  Epoch 191/200 — val_mae=0.5677  smooth=0.5662  best=0.5244  patience=26/40  lr=3.04e-06

Evaluating best model for L=20, H=180 (best epoch=165)...

TEST SET EVALUATION (UNSCALED - HORIZON = 180 steps):
   MAE:  3.37 K
   RMSE: 20.88 K
   R²:   -0.000249
   Physics Loss: 0.000000
   Constraint Loss: 0.000000
   Power Balance Loss: 0.000000
   Per-sensor MAE (K): TC1=3.25  TC2=3.06  TC3=3.01  TC4=2.92  TC5=2.89  TC6=2.66  TC7=2.79  TC8=3.42  TC9=6.33
   Per-file:
      MAE=  5.71 K  RMSE= 30.43  R2=-4.2966  n= 3686  h6_flux88_abs20_surf0_longRun_612s - Sheet2.csv
      MAE=  4.30 K  RMSE=  5.99  R2=-0.5498  n=  763  h6_flux88_abs0_surf1_790s - Sheet1.csv
      MAE=  0.73 K  RMSE=  3.52  R2= 0.9829  n= 3545  h6_flux88_abs92_surf0_longRun_618s - Sheet1.csv

Generating profile plots for each test file (H=180)...
Extracting ACTUAL test file information...
Found test dataset: TempSequenceDataset
Found 3 test files in dataset.current_files
Found 7994 sample indices
Successfully mapped 7994 samples to ACTUAL filenames
First 5 sample-to-filename mappings:
   Sample 0: h6_flux88_abs92_surf0_longRun_618s - Sheet1.csv
   Sample 1: h6_flux88_abs92_surf0_longRun_618s - Sheet1.csv
   Sample 2: h6_flux88_abs92_surf0_longRun_618s - Sheet1.csv
   Sample 3: h6_flux88_abs92_surf0_longRun_618s - Sheet1.csv
   Sample 4: h6_flux88_abs92_surf0_longRun_618s - Sheet1.csv
File: h6_flux88_abs92_surf0_longRun_618s - Sheet1.csv
Time stamp: 2682.0s
Actual:
[325.31 332.16 342.25 351.32 362.9  375.32 386.68 406.46 419.24]
Predicted:
[325.44 332.16 342.34 351.27 362.83 375.35 386.88 406.55 419.21]
----------------------------------------
Error during evaluation: x and y must have same first dimension, but have shapes (9,) and (10,)

================================================================================
RUNNING SINGLE EXPERIMENT WITH PROFILES: L=20, H=300
================================================================================
Config updated: L=20, H=300
   Output dir: output/new_theoretical_TC10_L20_H300
   Run tag: new_theoretical_TC10_L20_H300
   Paper fig dir: output/new_theoretical_TC10_L20_H300/paper_figs
Using device: mps

Loading datasets for L=20, H=300...
Found 48 CSV files
Split: 36 train, 9 val, 3 test files
Fitting scalers on 36 valid training files
Scalers fitted and saved successfully
Generated 21746 train sequences from 36 files
Dataset initialized with 21746 sequences for train split
Input shape: time_series [20, 11], static_params [4]
Output shape: [10]
Power data: Dictionary with unscaled time/temps for power calculation
Prediction horizon: 300 (300 steps ahead)

==================================================
DATASET STATISTICS
==================================================
Files: 36 train, 9 val, 3 test
Valid files: 36, Invalid: 0
Training sequences: 21746
Prediction horizon: 300 (300 steps ahead)
Target calculation: Sequence end + 300 timesteps
Min sequence length required: 320
Data quality issues:
  - Files with outliers: 6
  - Files too short: 0
  - Files with missing data: 0
  - Median timestep: 1000.0 ms
==================================================

Found 48 CSV files
Split: 36 train, 9 val, 3 test files
Generated 5876 val sequences from 9 files
Dataset initialized with 5876 sequences for val split
Input shape: time_series [20, 11], static_params [4]
Output shape: [10]
Power data: Dictionary with unscaled time/temps for power calculation
Prediction horizon: 300 (300 steps ahead)
Loaded pre-fitted scalers from models_TC10
Found 48 CSV files
Split: 36 train, 9 val, 3 test files
Generated 7634 test sequences from 3 files
Dataset initialized with 7634 sequences for test split
Input shape: time_series [20, 11], static_params [4]
Output shape: [10]
Power data: Dictionary with unscaled time/temps for power calculation
Prediction horizon: 300 (300 steps ahead)
Loaded pre-fitted scalers from models_TC10
Validating horizon consistency...
Horizon validation passed for prediction_horizon=300
Horizon validation passed for prediction_horizon=300
Horizon validation passed for prediction_horizon=300
Building model for L=20, H=300 (num_outputs=9, bin_target=True)...

Training model for L=20, H=300 (max_epochs=200, patience=40)...
  Epoch 1/200 — val_mae=3.3719  smooth=3.3719  best=3.3719  patience=0/40  lr=3.00e-05
  Epoch 11/200 — val_mae=1.9299  smooth=1.7489  best=1.7078  patience=1/40  lr=3.00e-04
  Epoch 21/200 — val_mae=1.4327  smooth=1.8284  best=1.6968  patience=7/40  lr=2.98e-04
  Epoch 31/200 — val_mae=1.0218  smooth=1.4981  best=1.4981  patience=0/40  lr=2.92e-04
  Epoch 41/200 — val_mae=1.2359  smooth=1.5152  best=1.1369  patience=4/40  lr=2.82e-04
  Epoch 51/200 — val_mae=1.1395  smooth=1.2806  best=1.1369  patience=14/40  lr=2.68e-04
  Epoch 61/200 — val_mae=0.8883  smooth=1.0759  best=1.0712  patience=4/40  lr=2.52e-04
  Epoch 71/200 — val_mae=0.9335  smooth=0.9768  best=0.9007  patience=3/40  lr=2.32e-04
  Epoch 81/200 — val_mae=0.8490  smooth=0.8712  best=0.8570  patience=2/40  lr=2.11e-04
  Epoch 91/200 — val_mae=1.6483  smooth=1.1927  best=0.8323  patience=8/40  lr=1.87e-04
  Epoch 101/200 — val_mae=1.1309  smooth=1.0087  best=0.8323  patience=18/40  lr=1.63e-04
  Epoch 111/200 — val_mae=0.7312  smooth=0.9041  best=0.8323  patience=28/40  lr=1.38e-04
  Epoch 121/200 — val_mae=0.7380  smooth=0.7951  best=0.7807  patience=2/40  lr=1.14e-04
  Epoch 131/200 — val_mae=0.6254  smooth=0.7105  best=0.7088  patience=4/40  lr=9.04e-05
  Epoch 141/200 — val_mae=0.6108  smooth=0.6644  best=0.6644  patience=0/40  lr=6.87e-05
  Epoch 151/200 — val_mae=0.6392  smooth=0.6974  best=0.6223  patience=8/40  lr=4.92e-05
  Epoch 161/200 — val_mae=0.6361  smooth=0.6554  best=0.6223  patience=18/40  lr=3.25e-05
  Epoch 171/200 — val_mae=0.6032  smooth=0.6093  best=0.6093  patience=0/40  lr=1.90e-05
  Epoch 181/200 — val_mae=0.5954  smooth=0.5918  best=0.5918  patience=0/40  lr=9.10e-06
  Epoch 191/200 — val_mae=0.5787  smooth=0.5833  best=0.5825  patience=2/40  lr=3.04e-06

Evaluating best model for L=20, H=300 (best epoch=196)...

TEST SET EVALUATION (UNSCALED - HORIZON = 300 steps):
   MAE:  1.02 K
   RMSE: 2.56 K
   R²:   0.985436
   Physics Loss: 0.000000
   Constraint Loss: 0.000000
   Power Balance Loss: 0.000000
   Per-sensor MAE (K): TC1=0.71  TC2=0.71  TC3=0.55  TC4=0.68  TC5=0.73  TC6=0.76  TC7=0.86  TC8=1.45  TC9=2.68
   Per-file:
      MAE=  3.90 K  RMSE=  5.49  R2=-1.2784  n=  643  h6_flux88_abs0_surf1_790s - Sheet1.csv
      MAE=  0.77 K  RMSE=  1.07  R2= 0.9934  n= 3566  h6_flux88_abs20_surf0_longRun_612s - Sheet2.csv
      MAE=  0.73 K  RMSE=  2.78  R2= 0.9896  n= 3425  h6_flux88_abs92_surf0_longRun_618s - Sheet1.csv

Generating profile plots for each test file (H=300)...
Extracting ACTUAL test file information...
Found test dataset: TempSequenceDataset
Found 3 test files in dataset.current_files
Found 7634 sample indices
Successfully mapped 7634 samples to ACTUAL filenames
First 5 sample-to-filename mappings:
   Sample 0: h6_flux88_abs92_surf0_longRun_618s - Sheet1.csv
   Sample 1: h6_flux88_abs92_surf0_longRun_618s - Sheet1.csv
   Sample 2: h6_flux88_abs92_surf0_longRun_618s - Sheet1.csv
   Sample 3: h6_flux88_abs92_surf0_longRun_618s - Sheet1.csv
   Sample 4: h6_flux88_abs92_surf0_longRun_618s - Sheet1.csv
File: h6_flux88_abs92_surf0_longRun_618s - Sheet1.csv
Time stamp: 3033.0s
Actual:
[324.04 331.22 341.88 351.61 363.84 376.78 388.38 407.86 419.8 ]
Predicted:
[324.16 330.91 341.88 351.57 363.81 376.72 388.35 407.92 419.67]
----------------------------------------
Error during evaluation: x and y must have same first dimension, but have shapes (9,) and (10,)

================================================================================
RUNNING SINGLE EXPERIMENT WITH PROFILES: L=20, H=480
================================================================================
Config updated: L=20, H=480
   Output dir: output/new_theoretical_TC10_L20_H480
   Run tag: new_theoretical_TC10_L20_H480
   Paper fig dir: output/new_theoretical_TC10_L20_H480/paper_figs
Using device: mps

Loading datasets for L=20, H=480...
Found 48 CSV files
Split: 36 train, 9 val, 3 test files
Warning: data/processed_H6/h6_flux73_abs0_surf1_660s - Sheet1.csv too short (477 rows), minimum required: 500
Warning: data/processed_H6/h6_flux88_abs0_wr_surf0_632s - Sheet1.csv too short (491 rows), minimum required: 500
Warning: data/processed_H6/h6_flux73_abs0_surf1_754s - Sheet3.csv too short (494 rows), minimum required: 500
Warning: data/processed_H6/h6_flux78_abs0_surf0_newSalt_641s - Sheet1.csv too short (484 rows), minimum required: 500
Warning: data/processed_H6/h6_flux73_abs0_surf0_newSalt_398s - Sheet1.csv too short (488 rows), minimum required: 500
Fitting scalers on 31 valid training files
Scalers fitted and saved successfully
Warning: data/processed_H6/h6_flux73_abs0_surf1_660s - Sheet1.csv too short (477 rows), minimum required: 500
Warning: data/processed_H6/h6_flux88_abs0_wr_surf0_632s - Sheet1.csv too short (491 rows), minimum required: 500
Warning: data/processed_H6/h6_flux73_abs0_surf1_754s - Sheet3.csv too short (494 rows), minimum required: 500
Warning: data/processed_H6/h6_flux78_abs0_surf0_newSalt_641s - Sheet1.csv too short (484 rows), minimum required: 500
Warning: data/processed_H6/h6_flux73_abs0_surf0_newSalt_398s - Sheet1.csv too short (488 rows), minimum required: 500
Generated 15336 train sequences from 36 files
Dataset initialized with 15336 sequences for train split
Input shape: time_series [20, 11], static_params [4]
Output shape: [10]
Power data: Dictionary with unscaled time/temps for power calculation
Prediction horizon: 480 (480 steps ahead)

==================================================
DATASET STATISTICS
==================================================
Files: 36 train, 9 val, 3 test
Valid files: 31, Invalid: 0
Training sequences: 15336
Prediction horizon: 480 (480 steps ahead)
Target calculation: Sequence end + 480 timesteps
Min sequence length required: 500
Data quality issues:
  - Files with outliers: 4
  - Files too short: 10
  - Files with missing data: 0
  - Median timestep: 1000.0 ms
==================================================

Found 48 CSV files
Split: 36 train, 9 val, 3 test files
Warning: data/processed_H6/h6_flux88_abs0_wr_surf0_632s - Sheet1.csv too short (491 rows), minimum required: 500
Warning: data/processed_H6/h6_flux78_abs0_surf0_newSalt_641s - Sheet1.csv too short (484 rows), minimum required: 500
Generated 4285 val sequences from 9 files
Dataset initialized with 4285 sequences for val split
Input shape: time_series [20, 11], static_params [4]
Output shape: [10]
Power data: Dictionary with unscaled time/temps for power calculation
Prediction horizon: 480 (480 steps ahead)
Loaded pre-fitted scalers from models_TC10
Found 48 CSV files
Split: 36 train, 9 val, 3 test files
Generated 7094 test sequences from 3 files
Dataset initialized with 7094 sequences for test split
Input shape: time_series [20, 11], static_params [4]
Output shape: [10]
Power data: Dictionary with unscaled time/temps for power calculation
Prediction horizon: 480 (480 steps ahead)
Loaded pre-fitted scalers from models_TC10
Validating horizon consistency...
Horizon validation passed for prediction_horizon=480
Horizon validation passed for prediction_horizon=480
Horizon validation passed for prediction_horizon=480
Building model for L=20, H=480 (num_outputs=9, bin_target=True)...

Training model for L=20, H=480 (max_epochs=200, patience=40)...
  Epoch 1/200 — val_mae=4.1834  smooth=4.1834  best=4.1834  patience=0/40  lr=3.00e-05
  Epoch 11/200 — val_mae=2.9694  smooth=2.0064  best=1.8484  patience=1/40  lr=3.00e-04
  Epoch 21/200 — val_mae=1.6881  smooth=1.8075  best=1.8075  patience=0/40  lr=2.98e-04
  Epoch 31/200 — val_mae=2.4740  smooth=1.7802  best=1.4412  patience=4/40  lr=2.92e-04
  Epoch 41/200 — val_mae=1.3722  smooth=1.3876  best=1.3876  patience=0/40  lr=2.82e-04
  Epoch 51/200 — val_mae=1.8158  smooth=1.4609  best=1.2358  patience=7/40  lr=2.68e-04
  Epoch 61/200 — val_mae=1.8075  smooth=1.4861  best=1.2358  patience=17/40  lr=2.52e-04
  Epoch 71/200 — val_mae=1.0614  smooth=1.1922  best=1.1922  patience=0/40  lr=2.32e-04
  Epoch 81/200 — val_mae=1.2026  smooth=1.2243  best=1.0843  patience=6/40  lr=2.11e-04
  Epoch 91/200 — val_mae=1.0385  smooth=1.2044  best=1.0797  patience=8/40  lr=1.87e-04
  Epoch 101/200 — val_mae=1.0476  smooth=0.9777  best=0.9423  patience=1/40  lr=1.63e-04
  Epoch 111/200 — val_mae=0.8097  smooth=0.9815  best=0.9167  patience=3/40  lr=1.38e-04
  Epoch 121/200 — val_mae=0.8426  smooth=0.8544  best=0.8276  patience=2/40  lr=1.14e-04
  Epoch 131/200 — val_mae=0.8610  smooth=0.7847  best=0.7807  patience=1/40  lr=9.04e-05
  Epoch 141/200 — val_mae=0.7128  smooth=0.7302  best=0.7302  patience=0/40  lr=6.87e-05
  Epoch 151/200 — val_mae=0.7395  smooth=0.7375  best=0.7204  patience=8/40  lr=4.92e-05
  Epoch 161/200 — val_mae=0.6328  smooth=0.6744  best=0.6744  patience=0/40  lr=3.25e-05
  Epoch 171/200 — val_mae=0.6836  smooth=0.6665  best=0.6635  patience=9/40  lr=1.90e-05
  Epoch 181/200 — val_mae=0.6476  smooth=0.6614  best=0.6614  patience=0/40  lr=9.10e-06
  Epoch 191/200 — val_mae=0.6433  smooth=0.6491  best=0.6491  patience=0/40  lr=3.04e-06

Evaluating best model for L=20, H=480 (best epoch=191)...

TEST SET EVALUATION (UNSCALED - HORIZON = 480 steps):
   MAE:  1.86 K
   RMSE: 10.32 K
   R²:   0.774238
   Physics Loss: 0.000000
   Constraint Loss: 0.000000
   Power Balance Loss: 0.000000
   Per-sensor MAE (K): TC1=1.80  TC2=1.44  TC3=1.33  TC4=1.63  TC5=1.79  TC6=1.82  TC7=1.85  TC8=2.04  TC9=3.05
   Per-file:
      MAE=  3.33 K  RMSE=  4.24  R2=-0.5954  n=  463  h6_flux88_abs0_surf1_790s - Sheet1.csv
      MAE=  2.87 K  RMSE= 14.69  R2=-0.2692  n= 3386  h6_flux88_abs20_surf0_longRun_612s - Sheet2.csv
      MAE=  0.60 K  RMSE=  2.29  R2= 0.9932  n= 3245  h6_flux88_abs92_surf0_longRun_618s - Sheet1.csv

Generating profile plots for each test file (H=480)...
Extracting ACTUAL test file information...
Found test dataset: TempSequenceDataset
Found 3 test files in dataset.current_files
Found 7094 sample indices
Successfully mapped 7094 samples to ACTUAL filenames
First 5 sample-to-filename mappings:
   Sample 0: h6_flux88_abs92_surf0_longRun_618s - Sheet1.csv
   Sample 1: h6_flux88_abs92_surf0_longRun_618s - Sheet1.csv
   Sample 2: h6_flux88_abs92_surf0_longRun_618s - Sheet1.csv
   Sample 3: h6_flux88_abs92_surf0_longRun_618s - Sheet1.csv
   Sample 4: h6_flux88_abs92_surf0_longRun_618s - Sheet1.csv
File: h6_flux88_abs92_surf0_longRun_618s - Sheet1.csv
Time stamp: 1486.0s
Actual:
[332.88 338.16 345.22 350.71 358.58 367.7  377.24 397.36 411.7 ]
Predicted:
[333.   338.17 345.32 350.59 358.47 367.76 377.41 397.66 411.6 ]
----------------------------------------
Error during evaluation: x and y must have same first dimension, but have shapes (9,) and (10,)

================================================================================
RUNNING SINGLE EXPERIMENT WITH PROFILES: L=20, H=600
================================================================================
Config updated: L=20, H=600
   Output dir: output/new_theoretical_TC10_L20_H600
   Run tag: new_theoretical_TC10_L20_H600
   Paper fig dir: output/new_theoretical_TC10_L20_H600/paper_figs
Using device: mps

Loading datasets for L=20, H=600...
Found 48 CSV files
Split: 36 train, 9 val, 3 test files
Warning: data/processed_H6/h6_flux78_abs0_surf1_newSalt_851s - Sheet2.csv too short (554 rows), minimum required: 620
Warning: data/processed_H6/h6_flux73_abs0_surf1_660s - Sheet1.csv too short (477 rows), minimum required: 620
Warning: data/processed_H6/h6_flux88_abs92_surf0_628s - Sheet4.csv too short (538 rows), minimum required: 620
Warning: data/processed_H6/h6_flux78_abs0_surf0_450s - Sheet3.csv too short (527 rows), minimum required: 620
Warning: data/processed_H6/h6_flux88_abs20_wr_surf0_734s - Sheet1.csv too short (501 rows), minimum required: 620
Warning: data/processed_H6/h6_flux88_abs0_wr_surf0_632s - Sheet1.csv too short (491 rows), minimum required: 620
Warning: data/processed_H6/h6_flux73_abs0_surf0_868s - Sheet1.csv too short (530 rows), minimum required: 620
Warning: data/processed_H6/h6_flux73_abs0_surf0_429s - Sheet2.csv too short (534 rows), minimum required: 620
Warning: data/processed_H6/h6_flux73_abs0_surf1_754s - Sheet3.csv too short (494 rows), minimum required: 620
Warning: data/processed_H6/h6_flux88_abs92_surf0_630s - Sheet2.csv too short (617 rows), minimum required: 620
Warning: data/processed_H6/h6_flux78_abs0_surf0_523s - Sheet2.csv too short (516 rows), minimum required: 620
Warning: data/processed_H6/h6_flux78_abs0_surf0_newSalt_641s - Sheet1.csv too short (484 rows), minimum required: 620
Warning: data/processed_H6/h6_flux88_abs20_surf0_651s - Sheet4.csv too short (505 rows), minimum required: 620
Warning: data/processed_H6/h6_flux88_abs20_mr_surf0_537s - Sheet1.csv too short (503 rows), minimum required: 620
Warning: data/processed_H6/h6_flux88_abs20_surf1_830s - Sheet2.csv too short (514 rows), minimum required: 620
Warning: data/processed_H6/h6_flux73_abs0_surf0_newSalt_398s - Sheet1.csv too short (488 rows), minimum required: 620
Warning: data/processed_H6/h6_flux88_abs92_mr_surf0_580s - Sheet1.csv too short (589 rows), minimum required: 620
Warning: data/processed_H6/h6_flux88_abs92_wr_surf0_835s - Sheet1.csv too short (516 rows), minimum required: 620
Warning: data/processed_H6/h6_flux88_abs0_surf0_800s - Sheet1.csv too short (568 rows), minimum required: 620
Warning: data/processed_H6/h6_flux88_abs20_surf0_781s - Sheet2.csv too short (521 rows), minimum required: 620
Warning: data/processed_H6/h6_flux88_abs0_surf1_newSalt_689s - Sheet1.csv too short (594 rows), minimum required: 620
Warning: data/processed_H6/h6_flux88_abs92_surf0_598s - Sheet1.csv too short (528 rows), minimum required: 620
Warning: data/processed_H6/h6_flux88_abs0_graphDisc_surf0_759s - Sheet1.csv too short (507 rows), minimum required: 620
Fitting scalers on 13 valid training files
Scalers fitted and saved successfully
Warning: data/processed_H6/h6_flux78_abs0_surf1_newSalt_851s - Sheet2.csv too short (554 rows), minimum required: 620
Warning: data/processed_H6/h6_flux73_abs0_surf1_660s - Sheet1.csv too short (477 rows), minimum required: 620
Warning: data/processed_H6/h6_flux88_abs92_surf0_628s - Sheet4.csv too short (538 rows), minimum required: 620
Warning: data/processed_H6/h6_flux78_abs0_surf0_450s - Sheet3.csv too short (527 rows), minimum required: 620
Warning: data/processed_H6/h6_flux88_abs20_wr_surf0_734s - Sheet1.csv too short (501 rows), minimum required: 620
Warning: data/processed_H6/h6_flux88_abs0_wr_surf0_632s - Sheet1.csv too short (491 rows), minimum required: 620
Warning: data/processed_H6/h6_flux73_abs0_surf0_868s - Sheet1.csv too short (530 rows), minimum required: 620
Warning: data/processed_H6/h6_flux73_abs0_surf0_429s - Sheet2.csv too short (534 rows), minimum required: 620
Warning: data/processed_H6/h6_flux73_abs0_surf1_754s - Sheet3.csv too short (494 rows), minimum required: 620
Warning: data/processed_H6/h6_flux88_abs92_surf0_630s - Sheet2.csv too short (617 rows), minimum required: 620
Warning: data/processed_H6/h6_flux78_abs0_surf0_523s - Sheet2.csv too short (516 rows), minimum required: 620
Warning: data/processed_H6/h6_flux78_abs0_surf0_newSalt_641s - Sheet1.csv too short (484 rows), minimum required: 620
Warning: data/processed_H6/h6_flux88_abs20_surf0_651s - Sheet4.csv too short (505 rows), minimum required: 620
Warning: data/processed_H6/h6_flux88_abs20_mr_surf0_537s - Sheet1.csv too short (503 rows), minimum required: 620
Warning: data/processed_H6/h6_flux88_abs20_surf1_830s - Sheet2.csv too short (514 rows), minimum required: 620
Warning: data/processed_H6/h6_flux73_abs0_surf0_newSalt_398s - Sheet1.csv too short (488 rows), minimum required: 620
Warning: data/processed_H6/h6_flux88_abs92_mr_surf0_580s - Sheet1.csv too short (589 rows), minimum required: 620
Warning: data/processed_H6/h6_flux88_abs92_wr_surf0_835s - Sheet1.csv too short (516 rows), minimum required: 620
Warning: data/processed_H6/h6_flux88_abs0_surf0_800s - Sheet1.csv too short (568 rows), minimum required: 620
Warning: data/processed_H6/h6_flux88_abs20_surf0_781s - Sheet2.csv too short (521 rows), minimum required: 620
Warning: data/processed_H6/h6_flux88_abs0_surf1_newSalt_689s - Sheet1.csv too short (594 rows), minimum required: 620
Warning: data/processed_H6/h6_flux88_abs92_surf0_598s - Sheet1.csv too short (528 rows), minimum required: 620
Warning: data/processed_H6/h6_flux88_abs0_graphDisc_surf0_759s - Sheet1.csv too short (507 rows), minimum required: 620
Generated 13110 train sequences from 36 files
Dataset initialized with 13110 sequences for train split
Input shape: time_series [20, 11], static_params [4]
Output shape: [10]
Power data: Dictionary with unscaled time/temps for power calculation
Prediction horizon: 600 (600 steps ahead)

==================================================
DATASET STATISTICS
==================================================
Files: 36 train, 9 val, 3 test
Valid files: 13, Invalid: 0
Training sequences: 13110
Prediction horizon: 600 (600 steps ahead)
Target calculation: Sequence end + 600 timesteps
Min sequence length required: 620
Data quality issues:
  - Files with outliers: 0
  - Files too short: 46
  - Files with missing data: 0
  - Median timestep: 1000.0 ms
==================================================

Found 48 CSV files
Split: 36 train, 9 val, 3 test files
Warning: data/processed_H6/h6_flux73_abs0_surf0_429s - Sheet2.csv too short (534 rows), minimum required: 620
Warning: data/processed_H6/h6_flux88_abs92_mr_surf0_580s - Sheet1.csv too short (589 rows), minimum required: 620
Warning: data/processed_H6/h6_flux88_abs92_surf0_630s - Sheet2.csv too short (617 rows), minimum required: 620
Warning: data/processed_H6/h6_flux88_abs0_wr_surf0_632s - Sheet1.csv too short (491 rows), minimum required: 620
Warning: data/processed_H6/h6_flux78_abs0_surf0_newSalt_641s - Sheet1.csv too short (484 rows), minimum required: 620
Warning: data/processed_H6/h6_flux73_abs0_surf0_868s - Sheet1.csv too short (530 rows), minimum required: 620
Generated 3657 val sequences from 9 files
Dataset initialized with 3657 sequences for val split
Input shape: time_series [20, 11], static_params [4]
Output shape: [10]
Power data: Dictionary with unscaled time/temps for power calculation
Prediction horizon: 600 (600 steps ahead)
Loaded pre-fitted scalers from models_TC10
Found 48 CSV files
Split: 36 train, 9 val, 3 test files
Generated 6734 test sequences from 3 files
Dataset initialized with 6734 sequences for test split
Input shape: time_series [20, 11], static_params [4]
Output shape: [10]
Power data: Dictionary with unscaled time/temps for power calculation
Prediction horizon: 600 (600 steps ahead)
Loaded pre-fitted scalers from models_TC10
Validating horizon consistency...
Horizon validation passed for prediction_horizon=600
Horizon validation passed for prediction_horizon=600
Horizon validation passed for prediction_horizon=600
Building model for L=20, H=600 (num_outputs=9, bin_target=True)...

Training model for L=20, H=600 (max_epochs=200, patience=40)...
  Epoch 1/200 — val_mae=6.5202  smooth=6.5202  best=6.5202  patience=0/40  lr=3.00e-05
  Epoch 11/200 — val_mae=5.2820  smooth=4.4674  best=3.9889  patience=4/40  lr=3.00e-04
  Epoch 21/200 — val_mae=2.0819  smooth=3.2360  best=2.9048  patience=5/40  lr=2.98e-04
  Epoch 31/200 — val_mae=1.7252  smooth=1.7894  best=1.5643  patience=4/40  lr=2.92e-04
  Epoch 41/200 — val_mae=1.3394  smooth=2.2066  best=1.5643  patience=14/40  lr=2.82e-04
  Epoch 51/200 — val_mae=3.0336  smooth=1.9777  best=1.1864  patience=6/40  lr=2.68e-04
  Epoch 61/200 — val_mae=1.4882  smooth=1.3669  best=1.1864  patience=16/40  lr=2.52e-04
  Epoch 71/200 — val_mae=1.0879  smooth=1.5312  best=1.1864  patience=26/40  lr=2.32e-04
  Epoch 81/200 — val_mae=1.2040  smooth=1.2856  best=1.1864  patience=36/40  lr=2.11e-04
  Epoch 85/200 — val_mae=1.5307  smooth=1.3888  best=1.1864  patience=40/40  lr=2.01e-04

[Early Stop] Smoothed val_mae no improvement for 40 epochs. Stopping at epoch 85.


Evaluating best model for L=20, H=600 (best epoch=45)...

TEST SET EVALUATION (UNSCALED - HORIZON = 600 steps):
   MAE:  3.16 K
   RMSE: 14.92 K
   R²:   0.544203
   Physics Loss: 0.000000
   Constraint Loss: 0.000000
   Power Balance Loss: 0.000000
   Per-sensor MAE (K): TC1=2.76  TC2=2.39  TC3=2.77  TC4=3.02  TC5=3.04  TC6=3.33  TC7=3.25  TC8=3.30  TC9=4.60
   Per-file:
      MAE=  5.74 K  RMSE=  8.05  R2=-4.0089  n=  343  h6_flux88_abs0_surf1_790s - Sheet1.csv
      MAE=  5.10 K  RMSE= 21.21  R2=-1.6781  n= 3266  h6_flux88_abs20_surf0_longRun_612s - Sheet2.csv
      MAE=  0.85 K  RMSE=  1.40  R2= 0.9975  n= 3125  h6_flux88_abs92_surf0_longRun_618s - Sheet1.csv

Generating profile plots for each test file (H=600)...
Extracting ACTUAL test file information...
Found test dataset: TempSequenceDataset
Found 3 test files in dataset.current_files
Found 6734 sample indices
Successfully mapped 6734 samples to ACTUAL filenames
First 5 sample-to-filename mappings:
   Sample 0: h6_flux88_abs92_surf0_longRun_618s - Sheet1.csv
   Sample 1: h6_flux88_abs92_surf0_longRun_618s - Sheet1.csv
   Sample 2: h6_flux88_abs92_surf0_longRun_618s - Sheet1.csv
   Sample 3: h6_flux88_abs92_surf0_longRun_618s - Sheet1.csv
   Sample 4: h6_flux88_abs92_surf0_longRun_618s - Sheet1.csv
File: h6_flux88_abs92_surf0_longRun_618s - Sheet1.csv
Time stamp: 1883.0s
Actual:
[329.68 335.52 343.78 350.74 360.19 370.78 381.21 401.36 415.1 ]
Predicted:
[329.62 335.62 343.62 350.38 359.9  370.94 381.09 401.64 415.06]
----------------------------------------
Error during evaluation: x and y must have same first dimension, but have shapes (9,) and (10,)

================================================================================
RUNNING SINGLE EXPERIMENT WITH PROFILES: L=20, H=900
================================================================================
Config updated: L=20, H=900
   Output dir: output/new_theoretical_TC10_L20_H900
   Run tag: new_theoretical_TC10_L20_H900
   Paper fig dir: output/new_theoretical_TC10_L20_H900/paper_figs
Using device: mps

Loading datasets for L=20, H=900...
Found 48 CSV files
Split: 36 train, 9 val, 3 test files
Warning: data/processed_H6/h6_flux78_abs0_surf1_newSalt_851s - Sheet2.csv too short (554 rows), minimum required: 920
Warning: data/processed_H6/h6_flux88_abs0_surf1_491s - Sheet3.csv too short (695 rows), minimum required: 920
Warning: data/processed_H6/h6_flux88_abs20_surf1_675s - Sheet3.csv too short (662 rows), minimum required: 920
Warning: data/processed_H6/h6_flux73_abs0_surf1_660s - Sheet1.csv too short (477 rows), minimum required: 920
Warning: data/processed_H6/h6_flux88_abs92_surf0_628s - Sheet4.csv too short (538 rows), minimum required: 920
Warning: data/processed_H6/h6_flux78_abs0_surf0_450s - Sheet3.csv too short (527 rows), minimum required: 920
Warning: data/processed_H6/h6_flux88_abs20_wr_surf0_734s - Sheet1.csv too short (501 rows), minimum required: 920
Warning: data/processed_H6/h6_flux88_abs0_wr_surf0_632s - Sheet1.csv too short (491 rows), minimum required: 920
Warning: data/processed_H6/h6_flux73_abs0_surf0_868s - Sheet1.csv too short (530 rows), minimum required: 920
Warning: data/processed_H6/h6_flux73_abs0_surf0_429s - Sheet2.csv too short (534 rows), minimum required: 920
Warning: data/processed_H6/h6_flux88_abs0_surf1_545s - Sheet2.csv too short (745 rows), minimum required: 920
Warning: data/processed_H6/h6_flux73_abs0_surf1_754s - Sheet3.csv too short (494 rows), minimum required: 920
Warning: data/processed_H6/h6_flux88_abs92_surf0_630s - Sheet2.csv too short (617 rows), minimum required: 920
Warning: data/processed_H6/h6_flux78_abs0_surf0_523s - Sheet2.csv too short (516 rows), minimum required: 920
Warning: data/processed_H6/h6_flux78_abs0_surf0_newSalt_641s - Sheet1.csv too short (484 rows), minimum required: 920
Warning: data/processed_H6/h6_flux88_abs20_surf0_651s - Sheet4.csv too short (505 rows), minimum required: 920
Warning: data/processed_H6/h6_flux88_abs20_mr_surf0_537s - Sheet1.csv too short (503 rows), minimum required: 920
Warning: data/processed_H6/h6_flux88_abs20_surf1_830s - Sheet2.csv too short (514 rows), minimum required: 920
Warning: data/processed_H6/h6_flux88_abs92_surf0_648s - Sheet3.csv too short (620 rows), minimum required: 920
Warning: data/processed_H6/h6_flux73_abs0_surf0_newSalt_398s - Sheet1.csv too short (488 rows), minimum required: 920
Warning: data/processed_H6/h6_flux88_abs92_mr_surf0_580s - Sheet1.csv too short (589 rows), minimum required: 920
Warning: data/processed_H6/h6_flux88_abs92_wr_surf0_835s - Sheet1.csv too short (516 rows), minimum required: 920
Warning: data/processed_H6/h6_flux88_abs0_surf0_800s - Sheet1.csv too short (568 rows), minimum required: 920
Warning: data/processed_H6/h6_flux88_abs20_surf0_781s - Sheet2.csv too short (521 rows), minimum required: 920
Warning: data/processed_H6/h6_flux88_abs0_surf1_newSalt_573s - Sheet2.csv too short (716 rows), minimum required: 920
Warning: data/processed_H6/h6_flux78_abs0_surf1_newSalt_466s - Sheet1.csv too short (692 rows), minimum required: 920
Warning: data/processed_H6/h6_flux88_abs0_surf1_newSalt_689s - Sheet1.csv too short (594 rows), minimum required: 920
Warning: data/processed_H6/h6_flux78_abs0_surf0_745s - Sheet1.csv too short (641 rows), minimum required: 920
Warning: data/processed_H6/h6_flux88_abs92_surf0_598s - Sheet1.csv too short (528 rows), minimum required: 920
Warning: data/processed_H6/h6_flux88_abs0_graphDisc_surf0_759s - Sheet1.csv too short (507 rows), minimum required: 920
Fitting scalers on 6 valid training files
Scalers fitted and saved successfully
Warning: data/processed_H6/h6_flux78_abs0_surf1_newSalt_851s - Sheet2.csv too short (554 rows), minimum required: 920
Warning: data/processed_H6/h6_flux88_abs0_surf1_491s - Sheet3.csv too short (695 rows), minimum required: 920
Warning: data/processed_H6/h6_flux88_abs20_surf1_675s - Sheet3.csv too short (662 rows), minimum required: 920
Warning: data/processed_H6/h6_flux73_abs0_surf1_660s - Sheet1.csv too short (477 rows), minimum required: 920
Warning: data/processed_H6/h6_flux88_abs92_surf0_628s - Sheet4.csv too short (538 rows), minimum required: 920
Warning: data/processed_H6/h6_flux78_abs0_surf0_450s - Sheet3.csv too short (527 rows), minimum required: 920
Warning: data/processed_H6/h6_flux88_abs20_wr_surf0_734s - Sheet1.csv too short (501 rows), minimum required: 920
Warning: data/processed_H6/h6_flux88_abs0_wr_surf0_632s - Sheet1.csv too short (491 rows), minimum required: 920
Warning: data/processed_H6/h6_flux73_abs0_surf0_868s - Sheet1.csv too short (530 rows), minimum required: 920
Warning: data/processed_H6/h6_flux73_abs0_surf0_429s - Sheet2.csv too short (534 rows), minimum required: 920
Warning: data/processed_H6/h6_flux88_abs0_surf1_545s - Sheet2.csv too short (745 rows), minimum required: 920
Warning: data/processed_H6/h6_flux73_abs0_surf1_754s - Sheet3.csv too short (494 rows), minimum required: 920
Warning: data/processed_H6/h6_flux88_abs92_surf0_630s - Sheet2.csv too short (617 rows), minimum required: 920
Warning: data/processed_H6/h6_flux78_abs0_surf0_523s - Sheet2.csv too short (516 rows), minimum required: 920
Warning: data/processed_H6/h6_flux78_abs0_surf0_newSalt_641s - Sheet1.csv too short (484 rows), minimum required: 920
Warning: data/processed_H6/h6_flux88_abs20_surf0_651s - Sheet4.csv too short (505 rows), minimum required: 920
Warning: data/processed_H6/h6_flux88_abs20_mr_surf0_537s - Sheet1.csv too short (503 rows), minimum required: 920
Warning: data/processed_H6/h6_flux88_abs20_surf1_830s - Sheet2.csv too short (514 rows), minimum required: 920
Warning: data/processed_H6/h6_flux88_abs92_surf0_648s - Sheet3.csv too short (620 rows), minimum required: 920
Warning: data/processed_H6/h6_flux73_abs0_surf0_newSalt_398s - Sheet1.csv too short (488 rows), minimum required: 920
Warning: data/processed_H6/h6_flux88_abs92_mr_surf0_580s - Sheet1.csv too short (589 rows), minimum required: 920
Warning: data/processed_H6/h6_flux88_abs92_wr_surf0_835s - Sheet1.csv too short (516 rows), minimum required: 920
Warning: data/processed_H6/h6_flux88_abs0_surf0_800s - Sheet1.csv too short (568 rows), minimum required: 920
Warning: data/processed_H6/h6_flux88_abs20_surf0_781s - Sheet2.csv too short (521 rows), minimum required: 920
Warning: data/processed_H6/h6_flux88_abs0_surf1_newSalt_573s - Sheet2.csv too short (716 rows), minimum required: 920
Warning: data/processed_H6/h6_flux78_abs0_surf1_newSalt_466s - Sheet1.csv too short (692 rows), minimum required: 920
Warning: data/processed_H6/h6_flux88_abs0_surf1_newSalt_689s - Sheet1.csv too short (594 rows), minimum required: 920
Warning: data/processed_H6/h6_flux78_abs0_surf0_745s - Sheet1.csv too short (641 rows), minimum required: 920
Warning: data/processed_H6/h6_flux88_abs92_surf0_598s - Sheet1.csv too short (528 rows), minimum required: 920
Warning: data/processed_H6/h6_flux88_abs0_graphDisc_surf0_759s - Sheet1.csv too short (507 rows), minimum required: 920
Generated 10872 train sequences from 36 files
Dataset initialized with 10872 sequences for train split
Input shape: time_series [20, 11], static_params [4]
Output shape: [10]
Power data: Dictionary with unscaled time/temps for power calculation
Prediction horizon: 900 (900 steps ahead)

==================================================
DATASET STATISTICS
==================================================
Files: 36 train, 9 val, 3 test
Valid files: 6, Invalid: 0
Training sequences: 10872
Prediction horizon: 900 (900 steps ahead)
Target calculation: Sequence end + 900 timesteps
Min sequence length required: 920
Data quality issues:
  - Files with outliers: 0
  - Files too short: 60
  - Files with missing data: 0
  - Median timestep: 1000.0 ms
==================================================

Found 48 CSV files
Split: 36 train, 9 val, 3 test files
Warning: data/processed_H6/h6_flux73_abs0_surf0_429s - Sheet2.csv too short (534 rows), minimum required: 920
Warning: data/processed_H6/h6_flux88_abs92_mr_surf0_580s - Sheet1.csv too short (589 rows), minimum required: 920
Warning: data/processed_H6/h6_flux88_abs92_surf0_630s - Sheet2.csv too short (617 rows), minimum required: 920
Warning: data/processed_H6/h6_flux88_abs0_surf1_491s - Sheet3.csv too short (695 rows), minimum required: 920
Warning: data/processed_H6/h6_flux88_abs0_wr_surf0_632s - Sheet1.csv too short (491 rows), minimum required: 920
Warning: data/processed_H6/h6_flux78_abs0_surf0_newSalt_641s - Sheet1.csv too short (484 rows), minimum required: 920
Warning: data/processed_H6/h6_flux88_abs0_surf1_545s - Sheet2.csv too short (745 rows), minimum required: 920
Warning: data/processed_H6/h6_flux73_abs0_surf0_868s - Sheet1.csv too short (530 rows), minimum required: 920
Generated 3155 val sequences from 9 files
Dataset initialized with 3155 sequences for val split
Input shape: time_series [20, 11], static_params [4]
Output shape: [10]
Power data: Dictionary with unscaled time/temps for power calculation
Prediction horizon: 900 (900 steps ahead)
Loaded pre-fitted scalers from models_TC10
Found 48 CSV files
Split: 36 train, 9 val, 3 test files
Generated 5834 test sequences from 3 files
Dataset initialized with 5834 sequences for test split
Input shape: time_series [20, 11], static_params [4]
Output shape: [10]
Power data: Dictionary with unscaled time/temps for power calculation
Prediction horizon: 900 (900 steps ahead)
Loaded pre-fitted scalers from models_TC10
Validating horizon consistency...
Horizon validation passed for prediction_horizon=900
Horizon validation passed for prediction_horizon=900
Horizon validation passed for prediction_horizon=900
Building model for L=20, H=900 (num_outputs=9, bin_target=True)...

Training model for L=20, H=900 (max_epochs=200, patience=40)...
  Epoch 1/200 — val_mae=9.3748  smooth=9.3748  best=9.3748  patience=0/40  lr=3.00e-05
  Epoch 11/200 — val_mae=11.8255  smooth=5.3920  best=4.2620  patience=1/40  lr=3.00e-04
  Epoch 21/200 — val_mae=1.5855  smooth=2.7995  best=2.7995  patience=0/40  lr=2.98e-04
  Epoch 31/200 — val_mae=1.2218  smooth=2.5043  best=1.6047  patience=4/40  lr=2.92e-04
  Epoch 41/200 — val_mae=1.1904  smooth=2.3857  best=1.6047  patience=14/40  lr=2.82e-04
  Epoch 51/200 — val_mae=3.3518  smooth=3.0666  best=1.6047  patience=24/40  lr=2.68e-04
  Epoch 61/200 — val_mae=1.0251  smooth=1.9124  best=1.6047  patience=34/40  lr=2.52e-04
  Epoch 67/200 — val_mae=1.1336  smooth=1.7799  best=1.6047  patience=40/40  lr=2.40e-04

[Early Stop] Smoothed val_mae no improvement for 40 epochs. Stopping at epoch 67.


Evaluating best model for L=20, H=900 (best epoch=27)...

TEST SET EVALUATION (UNSCALED - HORIZON = 900 steps):
   MAE:  2.49 K
   RMSE: 5.53 K
   R²:   0.942487
   Physics Loss: 0.000000
   Constraint Loss: 0.000000
   Power Balance Loss: 0.000000
   Per-sensor MAE (K): TC1=3.01  TC2=2.04  TC3=1.10  TC4=1.78  TC5=2.66  TC6=2.80  TC7=2.60  TC8=2.97  TC9=3.46
   Per-file:
      MAE= 35.10 K  RMSE= 41.11  R2=-60.2917  n=   43  h6_flux88_abs0_surf1_790s - Sheet1.csv
      MAE=  2.69 K  RMSE=  5.54  R2= 0.8122  n= 2966  h6_flux88_abs20_surf0_longRun_612s - Sheet2.csv
      MAE=  1.78 K  RMSE=  2.30  R2= 0.9937  n= 2825  h6_flux88_abs92_surf0_longRun_618s - Sheet1.csv

Generating profile plots for each test file (H=900)...
Extracting ACTUAL test file information...
Found test dataset: TempSequenceDataset
Found 3 test files in dataset.current_files
Found 5834 sample indices
Successfully mapped 5834 samples to ACTUAL filenames
First 5 sample-to-filename mappings:
   Sample 0: h6_flux88_abs92_surf0_longRun_618s - Sheet1.csv
   Sample 1: h6_flux88_abs92_surf0_longRun_618s - Sheet1.csv
   Sample 2: h6_flux88_abs92_surf0_longRun_618s - Sheet1.csv
   Sample 3: h6_flux88_abs92_surf0_longRun_618s - Sheet1.csv
   Sample 4: h6_flux88_abs92_surf0_longRun_618s - Sheet1.csv
File: h6_flux88_abs92_surf0_longRun_618s - Sheet1.csv
Time stamp: 2513.0s
Actual:
[326.07 332.73 342.48 351.19 362.4  374.52 385.74 405.6  418.48]
Predicted:
[323.65 331.07 342.13 349.9  360.25 374.8  385.97 405.62 418.51]
----------------------------------------
Error during evaluation: x and y must have same first dimension, but have shapes (9,) and (10,)
Sweep results saved to: output/sweeps_experiments/seq20_new_theoretical_TC10_horizon_sweep.csv
Consolidated sweep results saved to: output/sweeps_experiments/consolidated_horizon_sweep_results.csv

Successfully completed TC10 Sweep!
