######################################################################
# HORIZON H=180  (seeds [123, 42, 7])
######################################################################

================================================================================
RUNNING SINGLE EXPERIMENT WITH PROFILES: L=20, H=180
================================================================================
Config updated: L=20, H=180
   Output dir: output/tc10_all_H180_s123_L20_H180
   Run tag: tc10_all_H180_s123_L20_H180
   Paper fig dir: output/tc10_all_H180_s123_L20_H180/paper_figs
Using device: mps

Loading datasets for L=20, H=180...
Found 52 CSV files
Split: 39 train, 10 val, 3 test files
Fitting scalers on 39 valid training files
Scalers fitted and saved successfully
Generated 32011 train sequences from 39 files
Dataset initialized with 32011 sequences for train split
Input shape: time_series [20, 11], static_params [4]
Output shape: [10]
Power data: Dictionary with unscaled time/temps for power calculation
Prediction horizon: 180 (180 steps ahead)

==================================================
DATASET STATISTICS
==================================================
Files: 39 train, 10 val, 3 test
Valid files: 39, Invalid: 0
Training sequences: 32011
Prediction horizon: 180 (180 steps ahead)
Target calculation: Sequence end + 180 timesteps
Min sequence length required: 200
Data quality issues:
  - Files with outliers: 0
  - Files too short: 0
  - Files with missing data: 0
  - Median timestep: 1000.0 ms
==================================================

Found 52 CSV files
Split: 39 train, 10 val, 3 test files
Generated 4869 val sequences from 10 files
Dataset initialized with 4869 sequences for val split
Input shape: time_series [20, 11], static_params [4]
Output shape: [10]
Power data: Dictionary with unscaled time/temps for power calculation
Prediction horizon: 180 (180 steps ahead)
Loaded pre-fitted scalers from ../models_TC10
Found 52 CSV files
Split: 39 train, 10 val, 3 test files
Generated 8880 test sequences from 3 files
Dataset initialized with 8880 sequences for test split
Input shape: time_series [20, 11], static_params [4]
Output shape: [10]
Power data: Dictionary with unscaled time/temps for power calculation
Prediction horizon: 180 (180 steps ahead)
Loaded pre-fitted scalers from ../models_TC10
Validating horizon consistency...
Horizon validation passed for prediction_horizon=180
Horizon validation passed for prediction_horizon=180
Horizon validation passed for prediction_horizon=180
Building model for L=20, H=180 (num_outputs=10, bin_target=False)...

Training model for L=20, H=180 (max_epochs=300, patience=50)...
  Epoch 1/300 — val_mae=11.1300  smooth=11.1300  best=11.1300  patience=0/50  lr=3.00e-05
  Epoch 11/300 — val_mae=14.4780  smooth=16.7434  best=11.1300  patience=10/50  lr=3.00e-04
  Epoch 21/300 — val_mae=17.8319  smooth=17.4904  best=11.1300  patience=20/50  lr=2.99e-04
  Epoch 31/300 — val_mae=18.0033  smooth=17.4836  best=11.1300  patience=30/50  lr=2.97e-04
  Epoch 41/300 — val_mae=19.7098  smooth=18.2128  best=11.1300  patience=40/50  lr=2.92e-04
  Epoch 51/300 — val_mae=18.6533  smooth=17.5489  best=11.1300  patience=50/50  lr=2.86e-04

[Early Stop] Smoothed val_mae no improvement for 50 epochs. Stopping at epoch 51.


Evaluating best model for L=20, H=180 (best epoch=1)...

TEST SET EVALUATION (UNSCALED - HORIZON = 180 steps):
   MAE:  4.46 K
   RMSE: 5.93 K
   R²:   0.916832
   Physics Loss: 0.000000
   Constraint Loss: 0.000000
   Power Balance Loss: 0.000000
   Per-sensor MAE (K): TC1=6.10  TC2=3.35  TC3=3.79  TC4=3.77  TC5=4.17  TC6=2.65  TC7=4.85  TC8=4.26  TC9=6.50  TC10=5.12
   Per-file:
      MAE=  5.36 K  RMSE=  7.00  R2= 0.9432  n= 3545  h6_flux88_abs92_surf0_longRun_618s - Sheet1.csv
      MAE=  4.94 K  RMSE=  6.44  R2= 0.5289  n= 1460  h6_flux73_abs0_surf0_longRun_1658s - Sheet1.csv
      MAE=  3.44 K  RMSE=  4.48  R2= 0.7378  n= 3875  h6_flux88_abs0_surf0_longRun_762s - Sheet1.csv

TEST SET EVALUATION (UNSCALED - HORIZON = 180 steps):
   MAE:  4.46 K
   RMSE: 5.93 K
   R²:   0.916832
   Physics Loss: 7.388003
   Constraint Loss: 0.000000
   Power Balance Loss: 207.793718
   Per-sensor MAE (K): TC1=6.10  TC2=3.35  TC3=3.79  TC4=3.77  TC5=4.17  TC6=2.65  TC7=4.85  TC8=4.26  TC9=6.50  TC10=5.12
   Per-file:
      MAE=  5.36 K  RMSE=  7.00  R2= 0.9432  n= 3545  h6_flux88_abs92_surf0_longRun_618s - Sheet1.csv
      MAE=  4.94 K  RMSE=  6.44  R2= 0.5289  n= 1460  h6_flux73_abs0_surf0_longRun_1658s - Sheet1.csv
      MAE=  3.44 K  RMSE=  4.48  R2= 0.7378  n= 3875  h6_flux88_abs0_surf0_longRun_762s - Sheet1.csv
[REPRO-CHECK OK] H=180: in-run 4.4565 == reloaded 4.4565 K

Generating profile plots for each test file (H=180)...
Extracting ACTUAL test file information...
Found test dataset: TempSequenceDataset
Found 3 test files in dataset.current_files
Found 8880 sample indices
Successfully mapped 8880 samples to ACTUAL filenames
First 5 sample-to-filename mappings:
   Sample 0: h6_flux73_abs0_surf0_longRun_1658s - Sheet1.csv
   Sample 1: h6_flux73_abs0_surf0_longRun_1658s - Sheet1.csv
   Sample 2: h6_flux73_abs0_surf0_longRun_1658s - Sheet1.csv
   Sample 3: h6_flux73_abs0_surf0_longRun_1658s - Sheet1.csv
   Sample 4: h6_flux73_abs0_surf0_longRun_1658s - Sheet1.csv
File: h6_flux73_abs0_surf0_longRun_1658s - Sheet1.csv
Time stamp: 1282.0s
Actual:
[358.06 356.76 359.21 359.43 359.12 360.9  360.23 360.8  358.46 345.33]
Predicted:
[352.9  355.4  360.7  359.34 360.42 360.7  354.95 360.82 358.59 345.12]
----------------------------------------
Saved profile plot: output/tc10_all_H180_s123_L20_H180/profile_plots_H180/h6_flux73_abs0_surf0_longRun_1658s - Sheet1_H180_profiles.png
File: h6_flux88_abs0_surf0_longRun_762s - Sheet1.csv
Time stamp: 1442.0s
Actual:
[369.84 367.46 369.76 370.26 370.05 371.66 371.64 371.97 370.08 362.84]
Predicted:
[371.06 372.25 369.57 372.14 369.8  371.92 368.29 372.15 370.04 362.24]
----------------------------------------
Saved profile plot: output/tc10_all_H180_s123_L20_H180/profile_plots_H180/h6_flux88_abs0_surf0_longRun_762s - Sheet1_H180_profiles.png
File: h6_flux88_abs92_surf0_longRun_618s - Sheet1.csv
Time stamp: 671.0s
Actual:
[341.38 343.32 349.38 352.46 353.41 358.53 361.05 369.26 397.25 400.31]
Predicted:
[341.13 342.93 348.59 351.79 358.08 358.81 364.24 373.86 397.01 400.55]
----------------------------------------
Saved profile plot: output/tc10_all_H180_s123_L20_H180/profile_plots_H180/h6_flux88_abs92_surf0_longRun_618s - Sheet1_H180_profiles.png
Profile plots for horizon 180 saved to: output/tc10_all_H180_s123_L20_H180/profile_plots_H180

============================================================
POWER BALANCE ANALYSIS (HORIZON = 180 steps)
============================================================
Samples analyzed: 512
Prediction horizon: 180 steps

INCOMING POWER STATISTICS:
  Mean: 163.22 W
  Std:  0.00 W
  Min:  163.22 W
  Max:  163.22 W

TOTAL ACTUAL POWER (sum of 9 bins):
  Mean: -51.17 W
  Std:  58.26 W
  Min:  -141.88 W
  Max:  12.90 W

TOTAL PREDICTED POWER (sum of 9 bins):
  Mean: -57.67 W
  Std:  12.64 W
  Min:  -97.40 W
  Max:  -17.99 W

POWER BALANCE RATIOS:
  Actual/Incoming ratio - Mean: -0.314, Std: 0.357
  Predicted/Incoming ratio - Mean: -0.353, Std: 0.077

ENERGY CONSERVATION VIOLATIONS:
  Actual power > incoming: 0/512 (0.0%)
  Predicted power > incoming: 0/512 (0.0%)

SUCCESS: Real power data extracted and analyzed (horizon = 180 steps)!
Performance metrics saved to CSV: output/tc10_all_H180_s123_L20_H180/performance_metrics.csv
  H=180 seed=123: run1_abs0=6.22  762_abs0=9.09  abs92_618=8.47   mean=7.92

================================================================================
RUNNING SINGLE EXPERIMENT WITH PROFILES: L=20, H=180
================================================================================
Config updated: L=20, H=180
   Output dir: output/tc10_all_H180_s42_L20_H180
   Run tag: tc10_all_H180_s42_L20_H180
   Paper fig dir: output/tc10_all_H180_s42_L20_H180/paper_figs
Using device: mps

Loading datasets for L=20, H=180...
Found 52 CSV files
Split: 39 train, 10 val, 3 test files
Fitting scalers on 39 valid training files
Scalers fitted and saved successfully
Generated 32011 train sequences from 39 files
Dataset initialized with 32011 sequences for train split
Input shape: time_series [20, 11], static_params [4]
Output shape: [10]
Power data: Dictionary with unscaled time/temps for power calculation
Prediction horizon: 180 (180 steps ahead)

==================================================
DATASET STATISTICS
==================================================
Files: 39 train, 10 val, 3 test
Valid files: 39, Invalid: 0
Training sequences: 32011
Prediction horizon: 180 (180 steps ahead)
Target calculation: Sequence end + 180 timesteps
Min sequence length required: 200
Data quality issues:
  - Files with outliers: 0
  - Files too short: 0
  - Files with missing data: 0
  - Median timestep: 1000.0 ms
==================================================

Found 52 CSV files
Split: 39 train, 10 val, 3 test files
Generated 4869 val sequences from 10 files
Dataset initialized with 4869 sequences for val split
Input shape: time_series [20, 11], static_params [4]
Output shape: [10]
Power data: Dictionary with unscaled time/temps for power calculation
Prediction horizon: 180 (180 steps ahead)
Loaded pre-fitted scalers from ../models_TC10
Found 52 CSV files
Split: 39 train, 10 val, 3 test files
Generated 8880 test sequences from 3 files
Dataset initialized with 8880 sequences for test split
Input shape: time_series [20, 11], static_params [4]
Output shape: [10]
Power data: Dictionary with unscaled time/temps for power calculation
Prediction horizon: 180 (180 steps ahead)
Loaded pre-fitted scalers from ../models_TC10
Validating horizon consistency...
Horizon validation passed for prediction_horizon=180
Horizon validation passed for prediction_horizon=180
Horizon validation passed for prediction_horizon=180
Building model for L=20, H=180 (num_outputs=10, bin_target=False)...

Training model for L=20, H=180 (max_epochs=300, patience=50)...
  Epoch 1/300 — val_mae=12.7277  smooth=12.7277  best=12.7277  patience=0/50  lr=3.00e-05
  Epoch 11/300 — val_mae=15.9047  smooth=15.9136  best=12.1885  patience=9/50  lr=3.00e-04
  Epoch 21/300 — val_mae=16.9863  smooth=17.0005  best=12.1885  patience=19/50  lr=2.99e-04
  Epoch 31/300 — val_mae=17.0266  smooth=16.8307  best=12.1885  patience=29/50  lr=2.97e-04
  Epoch 41/300 — val_mae=18.1915  smooth=18.0495  best=12.1885  patience=39/50  lr=2.92e-04
  Epoch 51/300 — val_mae=17.3939  smooth=17.6268  best=12.1885  patience=49/50  lr=2.86e-04
  Epoch 52/300 — val_mae=15.7214  smooth=17.1281  best=12.1885  patience=50/50  lr=2.85e-04

[Early Stop] Smoothed val_mae no improvement for 50 epochs. Stopping at epoch 52.


Evaluating best model for L=20, H=180 (best epoch=2)...

TEST SET EVALUATION (UNSCALED - HORIZON = 180 steps):
   MAE:  3.49 K
   RMSE: 4.23 K
   R²:   0.957546
   Physics Loss: 0.000000
   Constraint Loss: 0.000000
   Power Balance Loss: 0.000000
   Per-sensor MAE (K): TC1=2.69  TC2=4.46  TC3=3.46  TC4=3.51  TC5=3.01  TC6=3.14  TC7=2.23  TC8=3.10  TC9=4.15  TC10=5.20
   Per-file:
      MAE=  4.39 K  RMSE=  4.98  R2= 0.9712  n= 3545  h6_flux88_abs92_surf0_longRun_618s - Sheet1.csv
      MAE=  3.68 K  RMSE=  4.63  R2= 0.7563  n= 1460  h6_flux73_abs0_surf0_longRun_1658s - Sheet1.csv
      MAE=  2.61 K  RMSE=  3.21  R2= 0.8654  n= 3875  h6_flux88_abs0_surf0_longRun_762s - Sheet1.csv

TEST SET EVALUATION (UNSCALED - HORIZON = 180 steps):
   MAE:  3.49 K
   RMSE: 4.23 K
   R²:   0.957546
   Physics Loss: 4.714282
   Constraint Loss: 0.000000
   Power Balance Loss: 206.503936
   Per-sensor MAE (K): TC1=2.69  TC2=4.46  TC3=3.46  TC4=3.51  TC5=3.01  TC6=3.14  TC7=2.23  TC8=3.10  TC9=4.15  TC10=5.20
   Per-file:
      MAE=  4.39 K  RMSE=  4.98  R2= 0.9712  n= 3545  h6_flux88_abs92_surf0_longRun_618s - Sheet1.csv
      MAE=  3.68 K  RMSE=  4.63  R2= 0.7563  n= 1460  h6_flux73_abs0_surf0_longRun_1658s - Sheet1.csv
      MAE=  2.61 K  RMSE=  3.21  R2= 0.8654  n= 3875  h6_flux88_abs0_surf0_longRun_762s - Sheet1.csv
[REPRO-CHECK OK] H=180: in-run 3.4944 == reloaded 3.4944 K

Generating profile plots for each test file (H=180)...
Extracting ACTUAL test file information...
Found test dataset: TempSequenceDataset
Found 3 test files in dataset.current_files
Found 8880 sample indices
Successfully mapped 8880 samples to ACTUAL filenames
First 5 sample-to-filename mappings:
   Sample 0: h6_flux73_abs0_surf0_longRun_1658s - Sheet1.csv
   Sample 1: h6_flux73_abs0_surf0_longRun_1658s - Sheet1.csv
   Sample 2: h6_flux73_abs0_surf0_longRun_1658s - Sheet1.csv
   Sample 3: h6_flux73_abs0_surf0_longRun_1658s - Sheet1.csv
   Sample 4: h6_flux73_abs0_surf0_longRun_1658s - Sheet1.csv
File: h6_flux73_abs0_surf0_longRun_1658s - Sheet1.csv
Time stamp: 932.0s
Actual:
[360.97 360.44 360.02 361.05 360.38 361.8  360.43 360.24 358.83 338.09]
Predicted:
[359.59 360.39 361.14 361.36 362.91 363.83 360.13 359.72 363.9  337.31]
----------------------------------------
Saved profile plot: output/tc10_all_H180_s42_L20_H180/profile_plots_H180/h6_flux73_abs0_surf0_longRun_1658s - Sheet1_H180_profiles.png
File: h6_flux88_abs0_surf0_longRun_762s - Sheet1.csv
Time stamp: 3911.0s
Actual:
[386.99 384.52 387.69 387.58 387.49 389.2  389.22 389.27 389.6  382.02]
Predicted:
[386.71 383.85 387.25 390.17 386.08 390.41 388.95 388.27 392.15 379.6 ]
----------------------------------------
Saved profile plot: output/tc10_all_H180_s42_L20_H180/profile_plots_H180/h6_flux88_abs0_surf0_longRun_762s - Sheet1_H180_profiles.png
File: h6_flux88_abs92_surf0_longRun_618s - Sheet1.csv
Time stamp: 322.0s
Actual:
[348.55 349.64 354.32 355.94 355.95 358.53 357.89 361.2  383.41 387.07]
Predicted:
[346.05 351.23 354.72 354.32 355.59 359.11 359.69 362.91 374.78 387.84]
----------------------------------------
Saved profile plot: output/tc10_all_H180_s42_L20_H180/profile_plots_H180/h6_flux88_abs92_surf0_longRun_618s - Sheet1_H180_profiles.png
Profile plots for horizon 180 saved to: output/tc10_all_H180_s42_L20_H180/profile_plots_H180

============================================================
POWER BALANCE ANALYSIS (HORIZON = 180 steps)
============================================================
Samples analyzed: 512
Prediction horizon: 180 steps

INCOMING POWER STATISTICS:
  Mean: 163.22 W
  Std:  0.00 W
  Min:  163.22 W
  Max:  163.22 W

TOTAL ACTUAL POWER (sum of 9 bins):
  Mean: -51.17 W
  Std:  58.26 W
  Min:  -141.88 W
  Max:  12.90 W

TOTAL PREDICTED POWER (sum of 9 bins):
  Mean: -72.86 W
  Std:  10.06 W
  Min:  -106.34 W
  Max:  -36.45 W

POWER BALANCE RATIOS:
  Actual/Incoming ratio - Mean: -0.314, Std: 0.357
  Predicted/Incoming ratio - Mean: -0.446, Std: 0.062

ENERGY CONSERVATION VIOLATIONS:
  Actual power > incoming: 0/512 (0.0%)
  Predicted power > incoming: 0/512 (0.0%)

SUCCESS: Real power data extracted and analyzed (horizon = 180 steps)!
Performance metrics saved to CSV: output/tc10_all_H180_s42_L20_H180/performance_metrics.csv
  H=180 seed=42: run1_abs0=4.10  762_abs0=3.34  abs92_618=5.38   mean=4.27

================================================================================
RUNNING SINGLE EXPERIMENT WITH PROFILES: L=20, H=180
================================================================================
Config updated: L=20, H=180
   Output dir: output/tc10_all_H180_s7_L20_H180
   Run tag: tc10_all_H180_s7_L20_H180
   Paper fig dir: output/tc10_all_H180_s7_L20_H180/paper_figs
Using device: mps

Loading datasets for L=20, H=180...
Found 52 CSV files
Split: 39 train, 10 val, 3 test files
Fitting scalers on 39 valid training files
Scalers fitted and saved successfully
Generated 32011 train sequences from 39 files
Dataset initialized with 32011 sequences for train split
Input shape: time_series [20, 11], static_params [4]
Output shape: [10]
Power data: Dictionary with unscaled time/temps for power calculation
Prediction horizon: 180 (180 steps ahead)

==================================================
DATASET STATISTICS
==================================================
Files: 39 train, 10 val, 3 test
Valid files: 39, Invalid: 0
Training sequences: 32011
Prediction horizon: 180 (180 steps ahead)
Target calculation: Sequence end + 180 timesteps
Min sequence length required: 200
Data quality issues:
  - Files with outliers: 0
  - Files too short: 0
  - Files with missing data: 0
  - Median timestep: 1000.0 ms
==================================================

Found 52 CSV files
Split: 39 train, 10 val, 3 test files
Generated 4869 val sequences from 10 files
Dataset initialized with 4869 sequences for val split
Input shape: time_series [20, 11], static_params [4]
Output shape: [10]
Power data: Dictionary with unscaled time/temps for power calculation
Prediction horizon: 180 (180 steps ahead)
Loaded pre-fitted scalers from ../models_TC10
Found 52 CSV files
Split: 39 train, 10 val, 3 test files
Generated 8880 test sequences from 3 files
Dataset initialized with 8880 sequences for test split
Input shape: time_series [20, 11], static_params [4]
Output shape: [10]
Power data: Dictionary with unscaled time/temps for power calculation
Prediction horizon: 180 (180 steps ahead)
Loaded pre-fitted scalers from ../models_TC10
Validating horizon consistency...
Horizon validation passed for prediction_horizon=180
Horizon validation passed for prediction_horizon=180
Horizon validation passed for prediction_horizon=180
Building model for L=20, H=180 (num_outputs=10, bin_target=False)...

Training model for L=20, H=180 (max_epochs=300, patience=50)...
  Epoch 1/300 — val_mae=14.7672  smooth=14.7672  best=14.7672  patience=0/50  lr=3.00e-05
  Epoch 11/300 — val_mae=17.9710  smooth=16.6744  best=13.2452  patience=8/50  lr=3.00e-04
  Epoch 21/300 — val_mae=17.3025  smooth=17.0322  best=13.2452  patience=18/50  lr=2.99e-04
  Epoch 31/300 — val_mae=17.0399  smooth=17.5902  best=13.2452  patience=28/50  lr=2.97e-04
  Epoch 41/300 — val_mae=18.1797  smooth=17.6757  best=13.2452  patience=38/50  lr=2.92e-04
  Epoch 51/300 — val_mae=17.7383  smooth=17.6390  best=13.2452  patience=48/50  lr=2.86e-04
  Epoch 53/300 — val_mae=17.4485  smooth=17.6868  best=13.2452  patience=50/50  lr=2.85e-04

[Early Stop] Smoothed val_mae no improvement for 50 epochs. Stopping at epoch 53.


Evaluating best model for L=20, H=180 (best epoch=3)...

TEST SET EVALUATION (UNSCALED - HORIZON = 180 steps):
   MAE:  2.11 K
   RMSE: 2.68 K
   R²:   0.982969
   Physics Loss: 0.000000
   Constraint Loss: 0.000000
   Power Balance Loss: 0.000000
   Per-sensor MAE (K): TC1=1.96  TC2=1.81  TC3=1.51  TC4=2.26  TC5=2.02  TC6=1.82  TC7=2.73  TC8=1.91  TC9=2.62  TC10=2.49
   Per-file:
      MAE=  3.12 K  RMSE=  3.93  R2= 0.8245  n= 1460  h6_flux73_abs0_surf0_longRun_1658s - Sheet1.csv
      MAE=  2.20 K  RMSE=  2.73  R2= 0.9914  n= 3545  h6_flux88_abs92_surf0_longRun_618s - Sheet1.csv
      MAE=  1.65 K  RMSE=  1.96  R2= 0.9495  n= 3875  h6_flux88_abs0_surf0_longRun_762s - Sheet1.csv

TEST SET EVALUATION (UNSCALED - HORIZON = 180 steps):
   MAE:  2.11 K
   RMSE: 2.68 K
   R²:   0.982969
   Physics Loss: 3.054493
   Constraint Loss: 0.000000
   Power Balance Loss: 207.021399
   Per-sensor MAE (K): TC1=1.96  TC2=1.81  TC3=1.51  TC4=2.26  TC5=2.02  TC6=1.82  TC7=2.73  TC8=1.91  TC9=2.62  TC10=2.49
   Per-file:
      MAE=  3.12 K  RMSE=  3.93  R2= 0.8245  n= 1460  h6_flux73_abs0_surf0_longRun_1658s - Sheet1.csv
      MAE=  2.20 K  RMSE=  2.73  R2= 0.9914  n= 3545  h6_flux88_abs92_surf0_longRun_618s - Sheet1.csv
      MAE=  1.65 K  RMSE=  1.96  R2= 0.9495  n= 3875  h6_flux88_abs0_surf0_longRun_762s - Sheet1.csv
[REPRO-CHECK OK] H=180: in-run 2.1124 == reloaded 2.1124 K

Generating profile plots for each test file (H=180)...
Extracting ACTUAL test file information...
Found test dataset: TempSequenceDataset
Found 3 test files in dataset.current_files
Found 8880 sample indices
Successfully mapped 8880 samples to ACTUAL filenames
First 5 sample-to-filename mappings:
   Sample 0: h6_flux73_abs0_surf0_longRun_1658s - Sheet1.csv
   Sample 1: h6_flux73_abs0_surf0_longRun_1658s - Sheet1.csv
   Sample 2: h6_flux73_abs0_surf0_longRun_1658s - Sheet1.csv
   Sample 3: h6_flux73_abs0_surf0_longRun_1658s - Sheet1.csv
   Sample 4: h6_flux73_abs0_surf0_longRun_1658s - Sheet1.csv
File: h6_flux73_abs0_surf0_longRun_1658s - Sheet1.csv
Time stamp: 942.0s
Actual:
[360.5  360.19 359.99 360.47 360.19 361.66 360.42 360.34 358.28 338.22]
Predicted:
[362.24 359.36 359.27 360.65 360.75 361.09 360.03 361.51 356.64 338.41]
----------------------------------------
Saved profile plot: output/tc10_all_H180_s7_L20_H180/profile_plots_H180/h6_flux73_abs0_surf0_longRun_1658s - Sheet1_H180_profiles.png
File: h6_flux88_abs0_surf0_longRun_762s - Sheet1.csv
Time stamp: 1140.0s
Actual:
[366.51 364.68 367.94 367.99 367.76 369.39 369.55 370.25 368.1  361.13]
Predicted:
[366.47 363.41 367.97 369.19 367.21 371.37 367.83 368.34 367.78 361.31]
----------------------------------------
Saved profile plot: output/tc10_all_H180_s7_L20_H180/profile_plots_H180/h6_flux88_abs0_surf0_longRun_762s - Sheet1_H180_profiles.png
File: h6_flux88_abs92_surf0_longRun_618s - Sheet1.csv
Time stamp: 2048.0s
Actual:
[326.84 330.44 338.96 347.75 353.91 367.75 376.03 389.12 416.2  416.37]
Predicted:
[328.27 329.98 337.99 346.55 354.56 367.63 371.14 388.89 416.15 416.5 ]
----------------------------------------
Saved profile plot: output/tc10_all_H180_s7_L20_H180/profile_plots_H180/h6_flux88_abs92_surf0_longRun_618s - Sheet1_H180_profiles.png
Profile plots for horizon 180 saved to: output/tc10_all_H180_s7_L20_H180/profile_plots_H180

============================================================
POWER BALANCE ANALYSIS (HORIZON = 180 steps)
============================================================
Samples analyzed: 512
Prediction horizon: 180 steps

INCOMING POWER STATISTICS:
  Mean: 163.22 W
  Std:  0.00 W
  Min:  163.22 W
  Max:  163.22 W

TOTAL ACTUAL POWER (sum of 9 bins):
  Mean: -51.17 W
  Std:  58.26 W
  Min:  -141.88 W
  Max:  12.90 W

TOTAL PREDICTED POWER (sum of 9 bins):
  Mean: -67.66 W
  Std:  7.60 W
  Min:  -91.56 W
  Max:  -44.27 W

POWER BALANCE RATIOS:
  Actual/Incoming ratio - Mean: -0.314, Std: 0.357
  Predicted/Incoming ratio - Mean: -0.415, Std: 0.047

ENERGY CONSERVATION VIOLATIONS:
  Actual power > incoming: 0/512 (0.0%)
  Predicted power > incoming: 0/512 (0.0%)

SUCCESS: Real power data extracted and analyzed (horizon = 180 steps)!
Performance metrics saved to CSV: output/tc10_all_H180_s7_L20_H180/performance_metrics.csv
  H=180 seed=7: run1_abs0=3.53  762_abs0=2.40  abs92_618=2.54   mean=2.83
  >>> H=180 WINNER seed=7  mean=2.83 K  -> output/tc10_best_L20_H180

######################################################################
# HORIZON H=300  (seeds [123, 42, 7])
######################################################################

================================================================================
RUNNING SINGLE EXPERIMENT WITH PROFILES: L=20, H=300
================================================================================
Config updated: L=20, H=300
   Output dir: output/tc10_all_H300_s123_L20_H300
   Run tag: tc10_all_H300_s123_L20_H300
   Paper fig dir: output/tc10_all_H300_s123_L20_H300/paper_figs
Using device: mps

Loading datasets for L=20, H=300...
Found 52 CSV files
Split: 39 train, 10 val, 3 test files
Fitting scalers on 39 valid training files
Scalers fitted and saved successfully
Generated 27331 train sequences from 39 files
Dataset initialized with 27331 sequences for train split
Input shape: time_series [20, 11], static_params [4]
Output shape: [10]
Power data: Dictionary with unscaled time/temps for power calculation
Prediction horizon: 300 (300 steps ahead)

==================================================
DATASET STATISTICS
==================================================
Files: 39 train, 10 val, 3 test
Valid files: 39, Invalid: 0
Training sequences: 27331
Prediction horizon: 300 (300 steps ahead)
Target calculation: Sequence end + 300 timesteps
Min sequence length required: 320
Data quality issues:
  - Files with outliers: 0
  - Files too short: 0
  - Files with missing data: 0
  - Median timestep: 1000.0 ms
==================================================

Found 52 CSV files
Split: 39 train, 10 val, 3 test files
Generated 3669 val sequences from 10 files
Dataset initialized with 3669 sequences for val split
Input shape: time_series [20, 11], static_params [4]
Output shape: [10]
Power data: Dictionary with unscaled time/temps for power calculation
Prediction horizon: 300 (300 steps ahead)
Loaded pre-fitted scalers from ../models_TC10
Found 52 CSV files
Split: 39 train, 10 val, 3 test files
Generated 8520 test sequences from 3 files
Dataset initialized with 8520 sequences for test split
Input shape: time_series [20, 11], static_params [4]
Output shape: [10]
Power data: Dictionary with unscaled time/temps for power calculation
Prediction horizon: 300 (300 steps ahead)
Loaded pre-fitted scalers from ../models_TC10
Validating horizon consistency...
Horizon validation passed for prediction_horizon=300
Horizon validation passed for prediction_horizon=300
Horizon validation passed for prediction_horizon=300
Building model for L=20, H=300 (num_outputs=10, bin_target=False)...

Training model for L=20, H=300 (max_epochs=300, patience=50)...
  Epoch 1/300 — val_mae=15.5310  smooth=15.5310  best=15.5310  patience=0/50  lr=3.00e-05
  Epoch 11/300 — val_mae=26.6762  smooth=26.4174  best=15.1791  patience=9/50  lr=3.00e-04
  Epoch 21/300 — val_mae=27.9850  smooth=27.9234  best=15.1791  patience=19/50  lr=2.99e-04
  Epoch 31/300 — val_mae=27.0867  smooth=27.3707  best=15.1791  patience=29/50  lr=2.97e-04
  Epoch 41/300 — val_mae=28.3781  smooth=28.0623  best=15.1791  patience=39/50  lr=2.92e-04
  Epoch 51/300 — val_mae=27.6060  smooth=27.4079  best=15.1791  patience=49/50  lr=2.86e-04
  Epoch 52/300 — val_mae=27.8332  smooth=27.3254  best=15.1791  patience=50/50  lr=2.85e-04

[Early Stop] Smoothed val_mae no improvement for 50 epochs. Stopping at epoch 52.


Evaluating best model for L=20, H=300 (best epoch=2)...

TEST SET EVALUATION (UNSCALED - HORIZON = 300 steps):
   MAE:  2.99 K
   RMSE: 4.10 K
   R²:   0.961352
   Physics Loss: 0.000000
   Constraint Loss: 0.000000
   Power Balance Loss: 0.000000
   Per-sensor MAE (K): TC1=2.98  TC2=2.12  TC3=2.02  TC4=2.20  TC5=3.84  TC6=2.48  TC7=2.42  TC8=2.94  TC9=4.43  TC10=4.48
   Per-file:
      MAE=  4.65 K  RMSE=  5.81  R2= 0.5812  n= 1340  h6_flux73_abs0_surf0_longRun_1658s - Sheet1.csv
      MAE=  3.44 K  RMSE=  4.59  R2= 0.9762  n= 3425  h6_flux88_abs92_surf0_longRun_618s - Sheet1.csv
      MAE=  1.98 K  RMSE=  2.63  R2= 0.9042  n= 3755  h6_flux88_abs0_surf0_longRun_762s - Sheet1.csv

TEST SET EVALUATION (UNSCALED - HORIZON = 300 steps):
   MAE:  2.99 K
   RMSE: 4.10 K
   R²:   0.961352
   Physics Loss: 2.974629
   Constraint Loss: 0.000000
   Power Balance Loss: 209.426838
   Per-sensor MAE (K): TC1=2.98  TC2=2.12  TC3=2.02  TC4=2.20  TC5=3.84  TC6=2.48  TC7=2.42  TC8=2.94  TC9=4.43  TC10=4.48
   Per-file:
      MAE=  4.65 K  RMSE=  5.81  R2= 0.5812  n= 1340  h6_flux73_abs0_surf0_longRun_1658s - Sheet1.csv
      MAE=  3.44 K  RMSE=  4.59  R2= 0.9762  n= 3425  h6_flux88_abs92_surf0_longRun_618s - Sheet1.csv
      MAE=  1.98 K  RMSE=  2.63  R2= 0.9042  n= 3755  h6_flux88_abs0_surf0_longRun_762s - Sheet1.csv
[REPRO-CHECK OK] H=300: in-run 2.9890 == reloaded 2.9890 K

Generating profile plots for each test file (H=300)...
Extracting ACTUAL test file information...
Found test dataset: TempSequenceDataset
Found 3 test files in dataset.current_files
Found 8520 sample indices
Successfully mapped 8520 samples to ACTUAL filenames
First 5 sample-to-filename mappings:
   Sample 0: h6_flux73_abs0_surf0_longRun_1658s - Sheet1.csv
   Sample 1: h6_flux73_abs0_surf0_longRun_1658s - Sheet1.csv
   Sample 2: h6_flux73_abs0_surf0_longRun_1658s - Sheet1.csv
   Sample 3: h6_flux73_abs0_surf0_longRun_1658s - Sheet1.csv
   Sample 4: h6_flux73_abs0_surf0_longRun_1658s - Sheet1.csv
File: h6_flux73_abs0_surf0_longRun_1658s - Sheet1.csv
Time stamp: 1055.0s
Actual:
[358.85 358.25 359.43 359.74 359.43 361.26 360.16 360.51 358.83 344.53]
Predicted:
[359.42 356.84 360.85 363.16 359.78 357.6  359.21 359.25 355.82 344.55]
----------------------------------------
Saved profile plot: output/tc10_all_H300_s123_L20_H300/profile_plots_H300/h6_flux73_abs0_surf0_longRun_1658s - Sheet1_H300_profiles.png
File: h6_flux88_abs0_surf0_longRun_762s - Sheet1.csv
Time stamp: 4042.0s
Actual:
[387.5  385.32 388.37 388.52 388.14 389.73 389.8  390.55 389.51 382.02]
Predicted:
[388.99 386.61 388.67 389.28 387.71 389.29 388.86 389.94 389.52 382.36]
----------------------------------------
Saved profile plot: output/tc10_all_H300_s123_L20_H300/profile_plots_H300/h6_flux88_abs0_surf0_longRun_762s - Sheet1_H300_profiles.png
File: h6_flux88_abs92_surf0_longRun_618s - Sheet1.csv
Time stamp: 1640.0s
Actual:
[329.93 333.12 340.93 348.23 353.12 365.3  372.62 385.14 412.99 413.85]
Predicted:
[333.54 332.19 338.94 347.24 349.26 364.   372.7  385.52 412.17 413.99]
----------------------------------------
Saved profile plot: output/tc10_all_H300_s123_L20_H300/profile_plots_H300/h6_flux88_abs92_surf0_longRun_618s - Sheet1_H300_profiles.png
Profile plots for horizon 300 saved to: output/tc10_all_H300_s123_L20_H300/profile_plots_H300

============================================================
POWER BALANCE ANALYSIS (HORIZON = 300 steps)
============================================================
Samples analyzed: 512
Prediction horizon: 300 steps

INCOMING POWER STATISTICS:
  Mean: 163.22 W
  Std:  0.00 W
  Min:  163.22 W
  Max:  163.22 W

TOTAL ACTUAL POWER (sum of 9 bins):
  Mean: -65.79 W
  Std:  52.27 W
  Min:  -134.88 W
  Max:  14.11 W

TOTAL PREDICTED POWER (sum of 9 bins):
  Mean: -67.72 W
  Std:  6.34 W
  Min:  -89.56 W
  Max:  -47.02 W

POWER BALANCE RATIOS:
  Actual/Incoming ratio - Mean: -0.403, Std: 0.320
  Predicted/Incoming ratio - Mean: -0.415, Std: 0.039

ENERGY CONSERVATION VIOLATIONS:
  Actual power > incoming: 0/512 (0.0%)
  Predicted power > incoming: 0/512 (0.0%)

SUCCESS: Real power data extracted and analyzed (horizon = 300 steps)!
Performance metrics saved to CSV: output/tc10_all_H300_s123_L20_H300/performance_metrics.csv
  H=300 seed=123: run1_abs0=4.47  762_abs0=3.93  abs92_618=5.96   mean=4.79

================================================================================
RUNNING SINGLE EXPERIMENT WITH PROFILES: L=20, H=300
================================================================================
Config updated: L=20, H=300
   Output dir: output/tc10_all_H300_s42_L20_H300
   Run tag: tc10_all_H300_s42_L20_H300
   Paper fig dir: output/tc10_all_H300_s42_L20_H300/paper_figs
Using device: mps

Loading datasets for L=20, H=300...
Found 52 CSV files
Split: 39 train, 10 val, 3 test files
Fitting scalers on 39 valid training files
Scalers fitted and saved successfully
Generated 27331 train sequences from 39 files
Dataset initialized with 27331 sequences for train split
Input shape: time_series [20, 11], static_params [4]
Output shape: [10]
Power data: Dictionary with unscaled time/temps for power calculation
Prediction horizon: 300 (300 steps ahead)

==================================================
DATASET STATISTICS
==================================================
Files: 39 train, 10 val, 3 test
Valid files: 39, Invalid: 0
Training sequences: 27331
Prediction horizon: 300 (300 steps ahead)
Target calculation: Sequence end + 300 timesteps
Min sequence length required: 320
Data quality issues:
  - Files with outliers: 0
  - Files too short: 0
  - Files with missing data: 0
  - Median timestep: 1000.0 ms
==================================================

Found 52 CSV files
Split: 39 train, 10 val, 3 test files
Generated 3669 val sequences from 10 files
Dataset initialized with 3669 sequences for val split
Input shape: time_series [20, 11], static_params [4]
Output shape: [10]
Power data: Dictionary with unscaled time/temps for power calculation
Prediction horizon: 300 (300 steps ahead)
Loaded pre-fitted scalers from ../models_TC10
Found 52 CSV files
Split: 39 train, 10 val, 3 test files
Generated 8520 test sequences from 3 files
Dataset initialized with 8520 sequences for test split
Input shape: time_series [20, 11], static_params [4]
Output shape: [10]
Power data: Dictionary with unscaled time/temps for power calculation
Prediction horizon: 300 (300 steps ahead)
Loaded pre-fitted scalers from ../models_TC10
Validating horizon consistency...
Horizon validation passed for prediction_horizon=300
Horizon validation passed for prediction_horizon=300
Horizon validation passed for prediction_horizon=300
Building model for L=20, H=300 (num_outputs=10, bin_target=False)...

Training model for L=20, H=300 (max_epochs=300, patience=50)...
  Epoch 1/300 — val_mae=16.7281  smooth=16.7281  best=16.7281  patience=0/50  lr=3.00e-05
  Epoch 11/300 — val_mae=27.6257  smooth=25.9861  best=16.5786  patience=9/50  lr=3.00e-04
  Epoch 21/300 — val_mae=26.8096  smooth=28.1862  best=16.5786  patience=19/50  lr=2.99e-04
  Epoch 31/300 — val_mae=27.4188  smooth=27.8161  best=16.5786  patience=29/50  lr=2.97e-04
  Epoch 41/300 — val_mae=27.4078  smooth=27.6979  best=16.5786  patience=39/50  lr=2.92e-04
  Epoch 51/300 — val_mae=27.8781  smooth=27.5981  best=16.5786  patience=49/50  lr=2.86e-04
  Epoch 52/300 — val_mae=27.9418  smooth=27.8335  best=16.5786  patience=50/50  lr=2.85e-04

[Early Stop] Smoothed val_mae no improvement for 50 epochs. Stopping at epoch 52.


Evaluating best model for L=20, H=300 (best epoch=2)...

TEST SET EVALUATION (UNSCALED - HORIZON = 300 steps):
   MAE:  3.92 K
   RMSE: 4.86 K
   R²:   0.945778
   Physics Loss: 0.000000
   Constraint Loss: 0.000000
   Power Balance Loss: 0.000000
   Per-sensor MAE (K): TC1=3.10  TC2=3.15  TC3=3.31  TC4=3.91  TC5=4.18  TC6=4.69  TC7=3.34  TC8=3.96  TC9=4.22  TC10=5.32
   Per-file:
      MAE=  5.18 K  RMSE=  5.90  R2= 0.9609  n= 3425  h6_flux88_abs92_surf0_longRun_618s - Sheet1.csv
      MAE=  4.86 K  RMSE=  6.08  R2= 0.5425  n= 1340  h6_flux73_abs0_surf0_longRun_1658s - Sheet1.csv
      MAE=  2.43 K  RMSE=  2.95  R2= 0.8790  n= 3755  h6_flux88_abs0_surf0_longRun_762s - Sheet1.csv

TEST SET EVALUATION (UNSCALED - HORIZON = 300 steps):
   MAE:  3.92 K
   RMSE: 4.86 K
   R²:   0.945778
   Physics Loss: 3.432190
   Constraint Loss: 0.000000
   Power Balance Loss: 203.420742
   Per-sensor MAE (K): TC1=3.10  TC2=3.15  TC3=3.31  TC4=3.91  TC5=4.18  TC6=4.69  TC7=3.34  TC8=3.96  TC9=4.22  TC10=5.32
   Per-file:
      MAE=  5.18 K  RMSE=  5.90  R2= 0.9609  n= 3425  h6_flux88_abs92_surf0_longRun_618s - Sheet1.csv
      MAE=  4.86 K  RMSE=  6.08  R2= 0.5425  n= 1340  h6_flux73_abs0_surf0_longRun_1658s - Sheet1.csv
      MAE=  2.43 K  RMSE=  2.95  R2= 0.8790  n= 3755  h6_flux88_abs0_surf0_longRun_762s - Sheet1.csv
[REPRO-CHECK OK] H=300: in-run 3.9172 == reloaded 3.9172 K

Generating profile plots for each test file (H=300)...
Extracting ACTUAL test file information...
Found test dataset: TempSequenceDataset
Found 3 test files in dataset.current_files
Found 8520 sample indices
Successfully mapped 8520 samples to ACTUAL filenames
First 5 sample-to-filename mappings:
   Sample 0: h6_flux73_abs0_surf0_longRun_1658s - Sheet1.csv
   Sample 1: h6_flux73_abs0_surf0_longRun_1658s - Sheet1.csv
   Sample 2: h6_flux73_abs0_surf0_longRun_1658s - Sheet1.csv
   Sample 3: h6_flux73_abs0_surf0_longRun_1658s - Sheet1.csv
   Sample 4: h6_flux73_abs0_surf0_longRun_1658s - Sheet1.csv
File: h6_flux73_abs0_surf0_longRun_1658s - Sheet1.csv
Time stamp: 996.0s
Actual:
[359.83 359.39 359.44 360.13 359.73 361.57 359.69 359.85 358.35 341.4 ]
Predicted:
[359.55 360.99 354.77 355.34 359.44 363.13 359.13 361.3  359.98 340.77]
----------------------------------------
Saved profile plot: output/tc10_all_H300_s42_L20_H300/profile_plots_H300/h6_flux73_abs0_surf0_longRun_1658s - Sheet1_H300_profiles.png
File: h6_flux88_abs0_surf0_longRun_762s - Sheet1.csv
Time stamp: 2556.0s
Actual:
[378.36 376.04 379.17 379.23 379.1  380.37 380.57 380.98 380.33 372.84]
Predicted:
[375.67 372.94 378.19 380.78 378.93 381.61 380.48 379.6  379.77 372.42]
----------------------------------------
Saved profile plot: output/tc10_all_H300_s42_L20_H300/profile_plots_H300/h6_flux88_abs0_surf0_longRun_762s - Sheet1_H300_profiles.png
File: h6_flux88_abs92_surf0_longRun_618s - Sheet1.csv
Time stamp: 385.0s
Actual:
[346.94 348.23 353.32 355.16 355.34 358.28 358.09 362.49 386.68 390.45]
Predicted:
[348.72 348.4  351.24 353.64 353.72 351.64 357.24 362.16 383.43 380.56]
----------------------------------------
Saved profile plot: output/tc10_all_H300_s42_L20_H300/profile_plots_H300/h6_flux88_abs92_surf0_longRun_618s - Sheet1_H300_profiles.png
Profile plots for horizon 300 saved to: output/tc10_all_H300_s42_L20_H300/profile_plots_H300

============================================================
POWER BALANCE ANALYSIS (HORIZON = 300 steps)
============================================================
Samples analyzed: 512
Prediction horizon: 300 steps

INCOMING POWER STATISTICS:
  Mean: 163.22 W
  Std:  0.00 W
  Min:  163.22 W
  Max:  163.22 W

TOTAL ACTUAL POWER (sum of 9 bins):
  Mean: -65.79 W
  Std:  52.27 W
  Min:  -134.88 W
  Max:  14.11 W

TOTAL PREDICTED POWER (sum of 9 bins):
  Mean: -89.88 W
  Std:  7.22 W
  Min:  -114.04 W
  Max:  -64.80 W

POWER BALANCE RATIOS:
  Actual/Incoming ratio - Mean: -0.403, Std: 0.320
  Predicted/Incoming ratio - Mean: -0.551, Std: 0.044

ENERGY CONSERVATION VIOLATIONS:
  Actual power > incoming: 0/512 (0.0%)
  Predicted power > incoming: 0/512 (0.0%)

SUCCESS: Real power data extracted and analyzed (horizon = 300 steps)!
Performance metrics saved to CSV: output/tc10_all_H300_s42_L20_H300/performance_metrics.csv
  H=300 seed=42: run1_abs0=5.90  762_abs0=3.13  abs92_618=5.59   mean=4.87

================================================================================
RUNNING SINGLE EXPERIMENT WITH PROFILES: L=20, H=300
================================================================================
Config updated: L=20, H=300
   Output dir: output/tc10_all_H300_s7_L20_H300
   Run tag: tc10_all_H300_s7_L20_H300
   Paper fig dir: output/tc10_all_H300_s7_L20_H300/paper_figs
Using device: mps

Loading datasets for L=20, H=300...
Found 52 CSV files
Split: 39 train, 10 val, 3 test files
Fitting scalers on 39 valid training files
Scalers fitted and saved successfully
Generated 27331 train sequences from 39 files
Dataset initialized with 27331 sequences for train split
Input shape: time_series [20, 11], static_params [4]
Output shape: [10]
Power data: Dictionary with unscaled time/temps for power calculation
Prediction horizon: 300 (300 steps ahead)

==================================================
DATASET STATISTICS
==================================================
Files: 39 train, 10 val, 3 test
Valid files: 39, Invalid: 0
Training sequences: 27331
Prediction horizon: 300 (300 steps ahead)
Target calculation: Sequence end + 300 timesteps
Min sequence length required: 320
Data quality issues:
  - Files with outliers: 0
  - Files too short: 0
  - Files with missing data: 0
  - Median timestep: 1000.0 ms
==================================================

Found 52 CSV files
Split: 39 train, 10 val, 3 test files
Generated 3669 val sequences from 10 files
Dataset initialized with 3669 sequences for val split
Input shape: time_series [20, 11], static_params [4]
Output shape: [10]
Power data: Dictionary with unscaled time/temps for power calculation
Prediction horizon: 300 (300 steps ahead)
Loaded pre-fitted scalers from ../models_TC10
Found 52 CSV files
Split: 39 train, 10 val, 3 test files
Generated 8520 test sequences from 3 files
Dataset initialized with 8520 sequences for test split
Input shape: time_series [20, 11], static_params [4]
Output shape: [10]
Power data: Dictionary with unscaled time/temps for power calculation
Prediction horizon: 300 (300 steps ahead)
Loaded pre-fitted scalers from ../models_TC10
Validating horizon consistency...
Horizon validation passed for prediction_horizon=300
Horizon validation passed for prediction_horizon=300
Horizon validation passed for prediction_horizon=300
Building model for L=20, H=300 (num_outputs=10, bin_target=False)...

Training model for L=20, H=300 (max_epochs=300, patience=50)...
  Epoch 1/300 — val_mae=18.2059  smooth=18.2059  best=18.2059  patience=0/50  lr=3.00e-05
  Epoch 11/300 — val_mae=27.5284  smooth=26.5142  best=17.5254  patience=9/50  lr=3.00e-04
  Epoch 21/300 — val_mae=26.8298  smooth=27.4140  best=17.5254  patience=19/50  lr=2.99e-04
  Epoch 31/300 — val_mae=28.6664  smooth=27.8370  best=17.5254  patience=29/50  lr=2.97e-04
  Epoch 41/300 — val_mae=25.7302  smooth=26.4599  best=17.5254  patience=39/50  lr=2.92e-04
  Epoch 51/300 — val_mae=27.4423  smooth=27.8336  best=17.5254  patience=49/50  lr=2.86e-04
  Epoch 52/300 — val_mae=27.4398  smooth=27.7557  best=17.5254  patience=50/50  lr=2.85e-04

[Early Stop] Smoothed val_mae no improvement for 50 epochs. Stopping at epoch 52.


Evaluating best model for L=20, H=300 (best epoch=2)...

TEST SET EVALUATION (UNSCALED - HORIZON = 300 steps):
   MAE:  2.83 K
   RMSE: 3.68 K
   R²:   0.968983
   Physics Loss: 0.000000
   Constraint Loss: 0.000000
   Power Balance Loss: 0.000000
   Per-sensor MAE (K): TC1=2.34  TC2=1.78  TC3=3.25  TC4=2.44  TC5=2.94  TC6=3.03  TC7=4.33  TC8=1.95  TC9=2.86  TC10=3.44
   Per-file:
      MAE=  4.69 K  RMSE=  5.92  R2= 0.5651  n= 1340  h6_flux73_abs0_surf0_longRun_1658s - Sheet1.csv
      MAE=  2.70 K  RMSE=  3.38  R2= 0.9872  n= 3425  h6_flux88_abs92_surf0_longRun_618s - Sheet1.csv
      MAE=  2.30 K  RMSE=  2.78  R2= 0.8925  n= 3755  h6_flux88_abs0_surf0_longRun_762s - Sheet1.csv

TEST SET EVALUATION (UNSCALED - HORIZON = 300 steps):
   MAE:  2.83 K
   RMSE: 3.68 K
   R²:   0.968983
   Physics Loss: 2.743226
   Constraint Loss: 0.000000
   Power Balance Loss: 198.932455
   Per-sensor MAE (K): TC1=2.34  TC2=1.78  TC3=3.25  TC4=2.44  TC5=2.94  TC6=3.03  TC7=4.33  TC8=1.95  TC9=2.86  TC10=3.44
   Per-file:
      MAE=  4.69 K  RMSE=  5.92  R2= 0.5651  n= 1340  h6_flux73_abs0_surf0_longRun_1658s - Sheet1.csv
      MAE=  2.70 K  RMSE=  3.38  R2= 0.9872  n= 3425  h6_flux88_abs92_surf0_longRun_618s - Sheet1.csv
      MAE=  2.30 K  RMSE=  2.78  R2= 0.8925  n= 3755  h6_flux88_abs0_surf0_longRun_762s - Sheet1.csv
[REPRO-CHECK OK] H=300: in-run 2.8343 == reloaded 2.8343 K

Generating profile plots for each test file (H=300)...
Extracting ACTUAL test file information...
Found test dataset: TempSequenceDataset
Found 3 test files in dataset.current_files
Found 8520 sample indices
Successfully mapped 8520 samples to ACTUAL filenames
First 5 sample-to-filename mappings:
   Sample 0: h6_flux73_abs0_surf0_longRun_1658s - Sheet1.csv
   Sample 1: h6_flux73_abs0_surf0_longRun_1658s - Sheet1.csv
   Sample 2: h6_flux73_abs0_surf0_longRun_1658s - Sheet1.csv
   Sample 3: h6_flux73_abs0_surf0_longRun_1658s - Sheet1.csv
   Sample 4: h6_flux73_abs0_surf0_longRun_1658s - Sheet1.csv
File: h6_flux73_abs0_surf0_longRun_1658s - Sheet1.csv
Time stamp: 1017.0s
Actual:
[359.36 358.59 359.37 359.95 359.17 361.12 360.23 360.32 358.1  342.23]
Predicted:
[366.15 358.03 356.8  361.51 359.52 361.43 362.61 359.34 358.09 342.89]
----------------------------------------
Saved profile plot: output/tc10_all_H300_s7_L20_H300/profile_plots_H300/h6_flux73_abs0_surf0_longRun_1658s - Sheet1_H300_profiles.png
File: h6_flux88_abs0_surf0_longRun_762s - Sheet1.csv
Time stamp: 866.0s
Actual:
[365.04 362.76 365.26 365.67 365.49 367.41 366.84 367.07 365.72 358.4 ]
Predicted:
[364.42 361.83 365.5  366.63 365.4  370.29 365.19 365.99 366.49 360.33]
----------------------------------------
Saved profile plot: output/tc10_all_H300_s7_L20_H300/profile_plots_H300/h6_flux88_abs0_surf0_longRun_762s - Sheet1_H300_profiles.png
File: h6_flux88_abs92_surf0_longRun_618s - Sheet1.csv
Time stamp: 1829.0s
Actual:
[328.35 331.74 339.92 347.95 353.48 366.49 374.28 387.12 414.78 416.16]
Predicted:
[329.9  332.64 339.02 348.   358.97 366.45 372.75 386.35 414.46 417.84]
----------------------------------------
Saved profile plot: output/tc10_all_H300_s7_L20_H300/profile_plots_H300/h6_flux88_abs92_surf0_longRun_618s - Sheet1_H300_profiles.png
Profile plots for horizon 300 saved to: output/tc10_all_H300_s7_L20_H300/profile_plots_H300

============================================================
POWER BALANCE ANALYSIS (HORIZON = 300 steps)
============================================================
Samples analyzed: 512
Prediction horizon: 300 steps

INCOMING POWER STATISTICS:
  Mean: 163.22 W
  Std:  0.00 W
  Min:  163.22 W
  Max:  163.22 W

TOTAL ACTUAL POWER (sum of 9 bins):
  Mean: -65.79 W
  Std:  52.27 W
  Min:  -134.88 W
  Max:  14.11 W

TOTAL PREDICTED POWER (sum of 9 bins):
  Mean: -72.43 W
  Std:  6.99 W
  Min:  -94.65 W
  Max:  -48.55 W

POWER BALANCE RATIOS:
  Actual/Incoming ratio - Mean: -0.403, Std: 0.320
  Predicted/Incoming ratio - Mean: -0.444, Std: 0.043

ENERGY CONSERVATION VIOLATIONS:
  Actual power > incoming: 0/512 (0.0%)
  Predicted power > incoming: 0/512 (0.0%)

SUCCESS: Real power data extracted and analyzed (horizon = 300 steps)!
Performance metrics saved to CSV: output/tc10_all_H300_s7_L20_H300/performance_metrics.csv
  H=300 seed=7: run1_abs0=5.41  762_abs0=1.89  abs92_618=3.48   mean=3.59
  >>> H=300 WINNER seed=7  mean=3.59 K  -> output/tc10_best_L20_H300

######################################################################
# HORIZON H=480  (seeds [123, 42, 7])
######################################################################

================================================================================
RUNNING SINGLE EXPERIMENT WITH PROFILES: L=20, H=480
================================================================================
Config updated: L=20, H=480
   Output dir: output/tc10_all_H480_s123_L20_H480
   Run tag: tc10_all_H480_s123_L20_H480
   Paper fig dir: output/tc10_all_H480_s123_L20_H480/paper_figs
Using device: mps

Loading datasets for L=20, H=480...
Found 52 CSV files
Split: 39 train, 10 val, 3 test files
Warning: ../data/processed_H6/h6_flux78_abs0_surf0_newSalt_641s - Sheet1.csv too short (484 rows), minimum required: 500
Warning: ../data/processed_H6/h6_flux88_abs20_surf0_699s - Sheet1.csv too short (445 rows), minimum required: 500
Warning: ../data/processed_H6/h6_flux73_abs0_surf1_754s - Sheet3.csv too short (494 rows), minimum required: 500
Warning: ../data/processed_H6/h6_flux73_abs0_surf0_newSalt_398s - Sheet1.csv too short (488 rows), minimum required: 500
Warning: ../data/processed_H6/h6_flux78_abs0_surf1_newSalt_505s - Sheet3.csv too short (490 rows), minimum required: 500
Warning: ../data/processed_H6/h6_flux88_abs0_wr_surf0_632s - Sheet1.csv too short (491 rows), minimum required: 500
Fitting scalers on 33 valid training files
Scalers fitted and saved successfully
Warning: ../data/processed_H6/h6_flux78_abs0_surf0_newSalt_641s - Sheet1.csv too short (484 rows), minimum required: 500
Warning: ../data/processed_H6/h6_flux88_abs20_surf0_699s - Sheet1.csv too short (445 rows), minimum required: 500
Warning: ../data/processed_H6/h6_flux73_abs0_surf1_754s - Sheet3.csv too short (494 rows), minimum required: 500
Warning: ../data/processed_H6/h6_flux73_abs0_surf0_newSalt_398s - Sheet1.csv too short (488 rows), minimum required: 500
Warning: ../data/processed_H6/h6_flux78_abs0_surf1_newSalt_505s - Sheet3.csv too short (490 rows), minimum required: 500
Warning: ../data/processed_H6/h6_flux88_abs0_wr_surf0_632s - Sheet1.csv too short (491 rows), minimum required: 500
Generated 20413 train sequences from 39 files
Dataset initialized with 20413 sequences for train split
Input shape: time_series [20, 11], static_params [4]
Output shape: [10]
Power data: Dictionary with unscaled time/temps for power calculation
Prediction horizon: 480 (480 steps ahead)

==================================================
DATASET STATISTICS
==================================================
Files: 39 train, 10 val, 3 test
Valid files: 33, Invalid: 0
Training sequences: 20413
Prediction horizon: 480 (480 steps ahead)
Target calculation: Sequence end + 480 timesteps
Min sequence length required: 500
Data quality issues:
  - Files with outliers: 0
  - Files too short: 12
  - Files with missing data: 0
  - Median timestep: 1000.0 ms
==================================================

Found 52 CSV files
Split: 39 train, 10 val, 3 test files
Warning: ../data/processed_H6/h6_flux88_abs0_mr_surf0_617s - Sheet1.csv too short (496 rows), minimum required: 500
Warning: ../data/processed_H6/h6_flux73_abs0_surf1_660s - Sheet1.csv too short (477 rows), minimum required: 500
Generated 1894 val sequences from 10 files
Dataset initialized with 1894 sequences for val split
Input shape: time_series [20, 11], static_params [4]
Output shape: [10]
Power data: Dictionary with unscaled time/temps for power calculation
Prediction horizon: 480 (480 steps ahead)
Loaded pre-fitted scalers from ../models_TC10
Found 52 CSV files
Split: 39 train, 10 val, 3 test files
Generated 7980 test sequences from 3 files
Dataset initialized with 7980 sequences for test split
Input shape: time_series [20, 11], static_params [4]
Output shape: [10]
Power data: Dictionary with unscaled time/temps for power calculation
Prediction horizon: 480 (480 steps ahead)
Loaded pre-fitted scalers from ../models_TC10
Validating horizon consistency...
Horizon validation passed for prediction_horizon=480
Horizon validation passed for prediction_horizon=480
Horizon validation passed for prediction_horizon=480
Building model for L=20, H=480 (num_outputs=10, bin_target=False)...

Training model for L=20, H=480 (max_epochs=300, patience=50)...
  Epoch 1/300 — val_mae=23.2714  smooth=23.2714  best=23.2714  patience=0/50  lr=3.00e-05
  Epoch 11/300 — val_mae=51.0880  smooth=49.1817  best=23.2714  patience=10/50  lr=3.00e-04
  Epoch 21/300 — val_mae=50.9839  smooth=50.4007  best=23.2714  patience=20/50  lr=2.99e-04
  Epoch 31/300 — val_mae=51.0527  smooth=50.9636  best=23.2714  patience=30/50  lr=2.97e-04
  Epoch 41/300 — val_mae=49.3127  smooth=49.8297  best=23.2714  patience=40/50  lr=2.92e-04
  Epoch 51/300 — val_mae=49.4279  smooth=49.3491  best=23.2714  patience=50/50  lr=2.86e-04

[Early Stop] Smoothed val_mae no improvement for 50 epochs. Stopping at epoch 51.


Evaluating best model for L=20, H=480 (best epoch=1)...

TEST SET EVALUATION (UNSCALED - HORIZON = 480 steps):
   MAE:  6.39 K
   RMSE: 8.17 K
   R²:   0.853945
   Physics Loss: 0.000000
   Constraint Loss: 0.000000
   Power Balance Loss: 0.000000
   Per-sensor MAE (K): TC1=6.95  TC2=7.89  TC3=5.73  TC4=4.58  TC5=5.19  TC6=5.63  TC7=9.63  TC8=5.58  TC9=5.78  TC10=6.95
   Per-file:
      MAE=  7.50 K  RMSE=  9.73  R2=-0.5229  n= 1160  h6_flux73_abs0_surf0_longRun_1658s - Sheet1.csv
      MAE=  6.66 K  RMSE=  8.43  R2= 0.9232  n= 3245  h6_flux88_abs92_surf0_longRun_618s - Sheet1.csv
      MAE=  5.79 K  RMSE=  7.33  R2= 0.1756  n= 3575  h6_flux88_abs0_surf0_longRun_762s - Sheet1.csv

TEST SET EVALUATION (UNSCALED - HORIZON = 480 steps):
   MAE:  6.39 K
   RMSE: 8.17 K
   R²:   0.853945
   Physics Loss: 3.838602
   Constraint Loss: 0.000000
   Power Balance Loss: 206.228186
   Per-sensor MAE (K): TC1=6.95  TC2=7.89  TC3=5.73  TC4=4.58  TC5=5.19  TC6=5.63  TC7=9.63  TC8=5.58  TC9=5.78  TC10=6.95
   Per-file:
      MAE=  7.50 K  RMSE=  9.73  R2=-0.5229  n= 1160  h6_flux73_abs0_surf0_longRun_1658s - Sheet1.csv
      MAE=  6.66 K  RMSE=  8.43  R2= 0.9232  n= 3245  h6_flux88_abs92_surf0_longRun_618s - Sheet1.csv
      MAE=  5.79 K  RMSE=  7.33  R2= 0.1756  n= 3575  h6_flux88_abs0_surf0_longRun_762s - Sheet1.csv
[REPRO-CHECK OK] H=480: in-run 6.3920 == reloaded 6.3920 K

Generating profile plots for each test file (H=480)...
Extracting ACTUAL test file information...
Found test dataset: TempSequenceDataset
Found 3 test files in dataset.current_files
Found 7980 sample indices
Successfully mapped 7980 samples to ACTUAL filenames
First 5 sample-to-filename mappings:
   Sample 0: h6_flux73_abs0_surf0_longRun_1658s - Sheet1.csv
   Sample 1: h6_flux73_abs0_surf0_longRun_1658s - Sheet1.csv
   Sample 2: h6_flux73_abs0_surf0_longRun_1658s - Sheet1.csv
   Sample 3: h6_flux73_abs0_surf0_longRun_1658s - Sheet1.csv
   Sample 4: h6_flux73_abs0_surf0_longRun_1658s - Sheet1.csv
File: h6_flux73_abs0_surf0_longRun_1658s - Sheet1.csv
Time stamp: 591.0s
Actual:
[368.9  368.19 368.28 368.67 368.01 369.87 367.48 367.97 366.59 351.07]
Predicted:
[367.83 366.75 369.92 372.44 365.55 369.24 363.56 364.05 365.55 346.24]
----------------------------------------
Saved profile plot: output/tc10_all_H480_s123_L20_H480/profile_plots_H480/h6_flux73_abs0_surf0_longRun_1658s - Sheet1_H480_profiles.png
File: h6_flux88_abs0_surf0_longRun_762s - Sheet1.csv
Time stamp: 3757.0s
Actual:
[385.73 383.54 386.84 387.09 386.84 388.27 388.21 388.57 388.71 381.71]
Predicted:
[375.05 382.91 386.55 385.7  386.63 382.67 384.65 388.66 388.04 381.34]
----------------------------------------
Saved profile plot: output/tc10_all_H480_s123_L20_H480/profile_plots_H480/h6_flux88_abs0_surf0_longRun_762s - Sheet1_H480_profiles.png
File: h6_flux88_abs92_surf0_longRun_618s - Sheet1.csv
Time stamp: 922.0s
Actual:
[337.76 340.12 346.56 350.73 352.69 360.06 364.47 374.55 403.24 406.44]
Predicted:
[332.87 340.16 341.03 353.92 357.58 361.23 362.71 376.86 402.75 405.97]
----------------------------------------
Saved profile plot: output/tc10_all_H480_s123_L20_H480/profile_plots_H480/h6_flux88_abs92_surf0_longRun_618s - Sheet1_H480_profiles.png
Profile plots for horizon 480 saved to: output/tc10_all_H480_s123_L20_H480/profile_plots_H480

============================================================
POWER BALANCE ANALYSIS (HORIZON = 480 steps)
============================================================
Samples analyzed: 512
Prediction horizon: 480 steps

INCOMING POWER STATISTICS:
  Mean: 163.22 W
  Std:  0.00 W
  Min:  163.22 W
  Max:  163.22 W

TOTAL ACTUAL POWER (sum of 9 bins):
  Mean: -79.26 W
  Std:  27.59 W
  Min:  -119.01 W
  Max:  -18.30 W

TOTAL PREDICTED POWER (sum of 9 bins):
  Mean: -58.66 W
  Std:  16.05 W
  Min:  -90.46 W
  Max:  -14.92 W

POWER BALANCE RATIOS:
  Actual/Incoming ratio - Mean: -0.486, Std: 0.169
  Predicted/Incoming ratio - Mean: -0.359, Std: 0.098

ENERGY CONSERVATION VIOLATIONS:
  Actual power > incoming: 0/512 (0.0%)
  Predicted power > incoming: 0/512 (0.0%)

SUCCESS: Real power data extracted and analyzed (horizon = 480 steps)!
Performance metrics saved to CSV: output/tc10_all_H480_s123_L20_H480/performance_metrics.csv
  H=480 seed=123: run1_abs0=7.59  762_abs0=26.34  abs92_618=10.25   mean=14.73

================================================================================
RUNNING SINGLE EXPERIMENT WITH PROFILES: L=20, H=480
================================================================================
Config updated: L=20, H=480
   Output dir: output/tc10_all_H480_s42_L20_H480
   Run tag: tc10_all_H480_s42_L20_H480
   Paper fig dir: output/tc10_all_H480_s42_L20_H480/paper_figs
Using device: mps

Loading datasets for L=20, H=480...
Found 52 CSV files
Split: 39 train, 10 val, 3 test files
Warning: ../data/processed_H6/h6_flux78_abs0_surf0_newSalt_641s - Sheet1.csv too short (484 rows), minimum required: 500
Warning: ../data/processed_H6/h6_flux88_abs20_surf0_699s - Sheet1.csv too short (445 rows), minimum required: 500
Warning: ../data/processed_H6/h6_flux73_abs0_surf1_754s - Sheet3.csv too short (494 rows), minimum required: 500
Warning: ../data/processed_H6/h6_flux73_abs0_surf0_newSalt_398s - Sheet1.csv too short (488 rows), minimum required: 500
Warning: ../data/processed_H6/h6_flux78_abs0_surf1_newSalt_505s - Sheet3.csv too short (490 rows), minimum required: 500
Warning: ../data/processed_H6/h6_flux88_abs0_wr_surf0_632s - Sheet1.csv too short (491 rows), minimum required: 500
Fitting scalers on 33 valid training files
Scalers fitted and saved successfully
Warning: ../data/processed_H6/h6_flux78_abs0_surf0_newSalt_641s - Sheet1.csv too short (484 rows), minimum required: 500
Warning: ../data/processed_H6/h6_flux88_abs20_surf0_699s - Sheet1.csv too short (445 rows), minimum required: 500
Warning: ../data/processed_H6/h6_flux73_abs0_surf1_754s - Sheet3.csv too short (494 rows), minimum required: 500
Warning: ../data/processed_H6/h6_flux73_abs0_surf0_newSalt_398s - Sheet1.csv too short (488 rows), minimum required: 500
Warning: ../data/processed_H6/h6_flux78_abs0_surf1_newSalt_505s - Sheet3.csv too short (490 rows), minimum required: 500
Warning: ../data/processed_H6/h6_flux88_abs0_wr_surf0_632s - Sheet1.csv too short (491 rows), minimum required: 500
Generated 20413 train sequences from 39 files
Dataset initialized with 20413 sequences for train split
Input shape: time_series [20, 11], static_params [4]
Output shape: [10]
Power data: Dictionary with unscaled time/temps for power calculation
Prediction horizon: 480 (480 steps ahead)

==================================================
DATASET STATISTICS
==================================================
Files: 39 train, 10 val, 3 test
Valid files: 33, Invalid: 0
Training sequences: 20413
Prediction horizon: 480 (480 steps ahead)
Target calculation: Sequence end + 480 timesteps
Min sequence length required: 500
Data quality issues:
  - Files with outliers: 0
  - Files too short: 12
  - Files with missing data: 0
  - Median timestep: 1000.0 ms
==================================================

Found 52 CSV files
Split: 39 train, 10 val, 3 test files
Warning: ../data/processed_H6/h6_flux88_abs0_mr_surf0_617s - Sheet1.csv too short (496 rows), minimum required: 500
Warning: ../data/processed_H6/h6_flux73_abs0_surf1_660s - Sheet1.csv too short (477 rows), minimum required: 500
Generated 1894 val sequences from 10 files
Dataset initialized with 1894 sequences for val split
Input shape: time_series [20, 11], static_params [4]
Output shape: [10]
Power data: Dictionary with unscaled time/temps for power calculation
Prediction horizon: 480 (480 steps ahead)
Loaded pre-fitted scalers from ../models_TC10
Found 52 CSV files
Split: 39 train, 10 val, 3 test files
Generated 7980 test sequences from 3 files
Dataset initialized with 7980 sequences for test split
Input shape: time_series [20, 11], static_params [4]
Output shape: [10]
Power data: Dictionary with unscaled time/temps for power calculation
Prediction horizon: 480 (480 steps ahead)
Loaded pre-fitted scalers from ../models_TC10
Validating horizon consistency...
Horizon validation passed for prediction_horizon=480
Horizon validation passed for prediction_horizon=480
Horizon validation passed for prediction_horizon=480
Building model for L=20, H=480 (num_outputs=10, bin_target=False)...

Training model for L=20, H=480 (max_epochs=300, patience=50)...
  Epoch 1/300 — val_mae=24.6306  smooth=24.6306  best=24.6306  patience=0/50  lr=3.00e-05
  Epoch 11/300 — val_mae=52.4326  smooth=48.8436  best=24.6306  patience=10/50  lr=3.00e-04
  Epoch 21/300 — val_mae=49.3366  smooth=51.8007  best=24.6306  patience=20/50  lr=2.99e-04
  Epoch 31/300 — val_mae=51.7569  smooth=51.1313  best=24.6306  patience=30/50  lr=2.97e-04
  Epoch 41/300 — val_mae=50.2006  smooth=50.3620  best=24.6306  patience=40/50  lr=2.92e-04
  Epoch 51/300 — val_mae=49.6036  smooth=49.9195  best=24.6306  patience=50/50  lr=2.86e-04

[Early Stop] Smoothed val_mae no improvement for 50 epochs. Stopping at epoch 51.


Evaluating best model for L=20, H=480 (best epoch=1)...

TEST SET EVALUATION (UNSCALED - HORIZON = 480 steps):
   MAE:  6.98 K
   RMSE: 8.95 K
   R²:   0.824493
   Physics Loss: 0.000000
   Constraint Loss: 0.000000
   Power Balance Loss: 0.000000
   Per-sensor MAE (K): TC1=7.10  TC2=8.51  TC3=6.63  TC4=7.53  TC5=9.28  TC6=6.51  TC7=3.61  TC8=7.24  TC9=6.73  TC10=6.65
   Per-file:
      MAE=  9.82 K  RMSE= 12.35  R2=-1.4531  n= 1160  h6_flux73_abs0_surf0_longRun_1658s - Sheet1.csv
      MAE=  7.98 K  RMSE=  9.70  R2= 0.8983  n= 3245  h6_flux88_abs92_surf0_longRun_618s - Sheet1.csv
      MAE=  5.15 K  RMSE=  6.64  R2= 0.3236  n= 3575  h6_flux88_abs0_surf0_longRun_762s - Sheet1.csv

TEST SET EVALUATION (UNSCALED - HORIZON = 480 steps):
   MAE:  6.98 K
   RMSE: 8.95 K
   R²:   0.824493
   Physics Loss: 3.811632
   Constraint Loss: 0.000000
   Power Balance Loss: 200.036795
   Per-sensor MAE (K): TC1=7.10  TC2=8.51  TC3=6.63  TC4=7.53  TC5=9.28  TC6=6.51  TC7=3.61  TC8=7.24  TC9=6.73  TC10=6.65
   Per-file:
      MAE=  9.82 K  RMSE= 12.35  R2=-1.4531  n= 1160  h6_flux73_abs0_surf0_longRun_1658s - Sheet1.csv
      MAE=  7.98 K  RMSE=  9.70  R2= 0.8983  n= 3245  h6_flux88_abs92_surf0_longRun_618s - Sheet1.csv
      MAE=  5.15 K  RMSE=  6.64  R2= 0.3236  n= 3575  h6_flux88_abs0_surf0_longRun_762s - Sheet1.csv
[REPRO-CHECK OK] H=480: in-run 6.9777 == reloaded 6.9777 K

Generating profile plots for each test file (H=480)...
Extracting ACTUAL test file information...
Found test dataset: TempSequenceDataset
Found 3 test files in dataset.current_files
Found 7980 sample indices
Successfully mapped 7980 samples to ACTUAL filenames
First 5 sample-to-filename mappings:
   Sample 0: h6_flux73_abs0_surf0_longRun_1658s - Sheet1.csv
   Sample 1: h6_flux73_abs0_surf0_longRun_1658s - Sheet1.csv
   Sample 2: h6_flux73_abs0_surf0_longRun_1658s - Sheet1.csv
   Sample 3: h6_flux73_abs0_surf0_longRun_1658s - Sheet1.csv
   Sample 4: h6_flux73_abs0_surf0_longRun_1658s - Sheet1.csv
File: h6_flux73_abs0_surf0_longRun_1658s - Sheet1.csv
Time stamp: 676.0s
Actual:
[366.34 365.54 365.61 365.88 365.17 366.91 364.56 364.92 363.44 346.82]
Predicted:
[348.99 361.09 358.94 365.01 356.33 363.78 363.61 362.53 367.89 346.86]
----------------------------------------
Saved profile plot: output/tc10_all_H480_s42_L20_H480/profile_plots_H480/h6_flux73_abs0_surf0_longRun_1658s - Sheet1_H480_profiles.png
File: h6_flux88_abs0_surf0_longRun_762s - Sheet1.csv
Time stamp: 2875.0s
Actual:
[380.3  378.12 381.04 381.44 381.2  382.74 382.57 383.04 383.13 375.53]
Predicted:
[388.38 377.05 378.   381.41 385.55 380.51 381.22 381.46 383.84 372.32]
----------------------------------------
Saved profile plot: output/tc10_all_H480_s42_L20_H480/profile_plots_H480/h6_flux88_abs0_surf0_longRun_762s - Sheet1_H480_profiles.png
File: h6_flux88_abs92_surf0_longRun_618s - Sheet1.csv
Time stamp: 2958.0s
Actual:
[322.1  326.47 336.31 347.59 355.53 371.76 381.27 394.88 420.39 420.34]
Predicted:
[320.16 333.87 339.12 341.82 366.95 374.9  386.59 394.61 415.59 424.03]
----------------------------------------
Saved profile plot: output/tc10_all_H480_s42_L20_H480/profile_plots_H480/h6_flux88_abs92_surf0_longRun_618s - Sheet1_H480_profiles.png
Profile plots for horizon 480 saved to: output/tc10_all_H480_s42_L20_H480/profile_plots_H480

============================================================
POWER BALANCE ANALYSIS (HORIZON = 480 steps)
============================================================
Samples analyzed: 512
Prediction horizon: 480 steps

INCOMING POWER STATISTICS:
  Mean: 163.22 W
  Std:  0.00 W
  Min:  163.22 W
  Max:  163.22 W

TOTAL ACTUAL POWER (sum of 9 bins):
  Mean: -79.26 W
  Std:  27.59 W
  Min:  -119.01 W
  Max:  -18.30 W

TOTAL PREDICTED POWER (sum of 9 bins):
  Mean: -91.95 W
  Std:  10.83 W
  Min:  -117.19 W
  Max:  -58.11 W

POWER BALANCE RATIOS:
  Actual/Incoming ratio - Mean: -0.486, Std: 0.169
  Predicted/Incoming ratio - Mean: -0.563, Std: 0.066

ENERGY CONSERVATION VIOLATIONS:
  Actual power > incoming: 0/512 (0.0%)
  Predicted power > incoming: 0/512 (0.0%)

SUCCESS: Real power data extracted and analyzed (horizon = 480 steps)!
Performance metrics saved to CSV: output/tc10_all_H480_s42_L20_H480/performance_metrics.csv
  H=480 seed=42: run1_abs0=10.77  762_abs0=15.97  abs92_618=9.33   mean=12.02

================================================================================
RUNNING SINGLE EXPERIMENT WITH PROFILES: L=20, H=480
================================================================================
Config updated: L=20, H=480
   Output dir: output/tc10_all_H480_s7_L20_H480
   Run tag: tc10_all_H480_s7_L20_H480
   Paper fig dir: output/tc10_all_H480_s7_L20_H480/paper_figs
Using device: mps

Loading datasets for L=20, H=480...
Found 52 CSV files
Split: 39 train, 10 val, 3 test files
Warning: ../data/processed_H6/h6_flux78_abs0_surf0_newSalt_641s - Sheet1.csv too short (484 rows), minimum required: 500
Warning: ../data/processed_H6/h6_flux88_abs20_surf0_699s - Sheet1.csv too short (445 rows), minimum required: 500
Warning: ../data/processed_H6/h6_flux73_abs0_surf1_754s - Sheet3.csv too short (494 rows), minimum required: 500
Warning: ../data/processed_H6/h6_flux73_abs0_surf0_newSalt_398s - Sheet1.csv too short (488 rows), minimum required: 500
Warning: ../data/processed_H6/h6_flux78_abs0_surf1_newSalt_505s - Sheet3.csv too short (490 rows), minimum required: 500
Warning: ../data/processed_H6/h6_flux88_abs0_wr_surf0_632s - Sheet1.csv too short (491 rows), minimum required: 500
Fitting scalers on 33 valid training files
Scalers fitted and saved successfully
Warning: ../data/processed_H6/h6_flux78_abs0_surf0_newSalt_641s - Sheet1.csv too short (484 rows), minimum required: 500
Warning: ../data/processed_H6/h6_flux88_abs20_surf0_699s - Sheet1.csv too short (445 rows), minimum required: 500
Warning: ../data/processed_H6/h6_flux73_abs0_surf1_754s - Sheet3.csv too short (494 rows), minimum required: 500
Warning: ../data/processed_H6/h6_flux73_abs0_surf0_newSalt_398s - Sheet1.csv too short (488 rows), minimum required: 500
Warning: ../data/processed_H6/h6_flux78_abs0_surf1_newSalt_505s - Sheet3.csv too short (490 rows), minimum required: 500
Warning: ../data/processed_H6/h6_flux88_abs0_wr_surf0_632s - Sheet1.csv too short (491 rows), minimum required: 500
Generated 20413 train sequences from 39 files
Dataset initialized with 20413 sequences for train split
Input shape: time_series [20, 11], static_params [4]
Output shape: [10]
Power data: Dictionary with unscaled time/temps for power calculation
Prediction horizon: 480 (480 steps ahead)

==================================================
DATASET STATISTICS
==================================================
Files: 39 train, 10 val, 3 test
Valid files: 33, Invalid: 0
Training sequences: 20413
Prediction horizon: 480 (480 steps ahead)
Target calculation: Sequence end + 480 timesteps
Min sequence length required: 500
Data quality issues:
  - Files with outliers: 0
  - Files too short: 12
  - Files with missing data: 0
  - Median timestep: 1000.0 ms
==================================================

Found 52 CSV files
Split: 39 train, 10 val, 3 test files
Warning: ../data/processed_H6/h6_flux88_abs0_mr_surf0_617s - Sheet1.csv too short (496 rows), minimum required: 500
Warning: ../data/processed_H6/h6_flux73_abs0_surf1_660s - Sheet1.csv too short (477 rows), minimum required: 500
Generated 1894 val sequences from 10 files
Dataset initialized with 1894 sequences for val split
Input shape: time_series [20, 11], static_params [4]
Output shape: [10]
Power data: Dictionary with unscaled time/temps for power calculation
Prediction horizon: 480 (480 steps ahead)
Loaded pre-fitted scalers from ../models_TC10
Found 52 CSV files
Split: 39 train, 10 val, 3 test files
Generated 7980 test sequences from 3 files
Dataset initialized with 7980 sequences for test split
Input shape: time_series [20, 11], static_params [4]
Output shape: [10]
Power data: Dictionary with unscaled time/temps for power calculation
Prediction horizon: 480 (480 steps ahead)
Loaded pre-fitted scalers from ../models_TC10
Validating horizon consistency...
Horizon validation passed for prediction_horizon=480
Horizon validation passed for prediction_horizon=480
Horizon validation passed for prediction_horizon=480
Building model for L=20, H=480 (num_outputs=10, bin_target=False)...

Training model for L=20, H=480 (max_epochs=300, patience=50)...
  Epoch 1/300 — val_mae=29.9689  smooth=29.9689  best=29.9689  patience=0/50  lr=3.00e-05
  Epoch 11/300 — val_mae=50.8910  smooth=49.6803  best=29.9689  patience=10/50  lr=3.00e-04
  Epoch 21/300 — val_mae=51.5918  smooth=51.6197  best=29.9689  patience=20/50  lr=2.99e-04
  Epoch 31/300 — val_mae=49.3844  smooth=51.4956  best=29.9689  patience=30/50  lr=2.97e-04
  Epoch 41/300 — val_mae=52.4116  smooth=50.5663  best=29.9689  patience=40/50  lr=2.92e-04
  Epoch 51/300 — val_mae=49.0382  smooth=49.8099  best=29.9689  patience=50/50  lr=2.86e-04

[Early Stop] Smoothed val_mae no improvement for 50 epochs. Stopping at epoch 51.


Evaluating best model for L=20, H=480 (best epoch=1)...

TEST SET EVALUATION (UNSCALED - HORIZON = 480 steps):
   MAE:  6.14 K
   RMSE: 8.19 K
   R²:   0.853289
   Physics Loss: 0.000000
   Constraint Loss: 0.000000
   Power Balance Loss: 0.000000
   Per-sensor MAE (K): TC1=9.36  TC2=4.36  TC3=7.16  TC4=6.53  TC5=5.69  TC6=3.86  TC7=4.96  TC8=9.03  TC9=5.46  TC10=5.02
   Per-file:
      MAE=  8.36 K  RMSE= 10.50  R2=-0.7711  n= 1160  h6_flux73_abs0_surf0_longRun_1658s - Sheet1.csv
      MAE=  5.98 K  RMSE=  7.66  R2= 0.0992  n= 3575  h6_flux88_abs0_surf0_longRun_762s - Sheet1.csv
      MAE=  5.54 K  RMSE=  7.80  R2= 0.9343  n= 3245  h6_flux88_abs92_surf0_longRun_618s - Sheet1.csv

TEST SET EVALUATION (UNSCALED - HORIZON = 480 steps):
   MAE:  6.14 K
   RMSE: 8.19 K
   R²:   0.853289
   Physics Loss: 3.864815
   Constraint Loss: 0.000000
   Power Balance Loss: 201.399132
   Per-sensor MAE (K): TC1=9.36  TC2=4.36  TC3=7.16  TC4=6.53  TC5=5.69  TC6=3.86  TC7=4.96  TC8=9.03  TC9=5.46  TC10=5.02
   Per-file:
      MAE=  8.36 K  RMSE= 10.50  R2=-0.7711  n= 1160  h6_flux73_abs0_surf0_longRun_1658s - Sheet1.csv
      MAE=  5.98 K  RMSE=  7.66  R2= 0.0992  n= 3575  h6_flux88_abs0_surf0_longRun_762s - Sheet1.csv
      MAE=  5.54 K  RMSE=  7.80  R2= 0.9343  n= 3245  h6_flux88_abs92_surf0_longRun_618s - Sheet1.csv
[REPRO-CHECK OK] H=480: in-run 6.1433 == reloaded 6.1433 K

Generating profile plots for each test file (H=480)...
Extracting ACTUAL test file information...
Found test dataset: TempSequenceDataset
Found 3 test files in dataset.current_files
Found 7980 sample indices
Successfully mapped 7980 samples to ACTUAL filenames
First 5 sample-to-filename mappings:
   Sample 0: h6_flux73_abs0_surf0_longRun_1658s - Sheet1.csv
   Sample 1: h6_flux73_abs0_surf0_longRun_1658s - Sheet1.csv
   Sample 2: h6_flux73_abs0_surf0_longRun_1658s - Sheet1.csv
   Sample 3: h6_flux73_abs0_surf0_longRun_1658s - Sheet1.csv
   Sample 4: h6_flux73_abs0_surf0_longRun_1658s - Sheet1.csv
File: h6_flux73_abs0_surf0_longRun_1658s - Sheet1.csv
Time stamp: 1429.0s
Actual:
[356.05 354.73 356.9  357.17 356.69 358.47 356.58 356.69 353.49 339.32]
Predicted:
[357.94 354.06 356.51 352.68 357.64 361.27 351.74 351.33 354.81 328.88]
----------------------------------------
Saved profile plot: output/tc10_all_H480_s7_L20_H480/profile_plots_H480/h6_flux73_abs0_surf0_longRun_1658s - Sheet1_H480_profiles.png
File: h6_flux88_abs0_surf0_longRun_762s - Sheet1.csv
Time stamp: 893.0s
Actual:
[364.83 362.72 365.7  365.92 365.79 367.39 366.91 367.09 365.96 358.66]
Predicted:
[354.71 357.92 363.72 368.63 367.27 368.51 365.2  369.57 366.18 357.32]
----------------------------------------
Saved profile plot: output/tc10_all_H480_s7_L20_H480/profile_plots_H480/h6_flux88_abs0_surf0_longRun_762s - Sheet1_H480_profiles.png
File: h6_flux88_abs92_surf0_longRun_618s - Sheet1.csv
Time stamp: 2936.0s
Actual:
[322.16 326.53 336.34 347.57 355.49 371.67 381.14 394.76 420.27 419.63]
Predicted:
[319.39 324.22 328.92 346.91 356.63 372.46 380.43 393.94 416.5  423.35]
----------------------------------------
Saved profile plot: output/tc10_all_H480_s7_L20_H480/profile_plots_H480/h6_flux88_abs92_surf0_longRun_618s - Sheet1_H480_profiles.png
Profile plots for horizon 480 saved to: output/tc10_all_H480_s7_L20_H480/profile_plots_H480

============================================================
POWER BALANCE ANALYSIS (HORIZON = 480 steps)
============================================================
Samples analyzed: 512
Prediction horizon: 480 steps

INCOMING POWER STATISTICS:
  Mean: 163.22 W
  Std:  0.00 W
  Min:  163.22 W
  Max:  163.22 W

TOTAL ACTUAL POWER (sum of 9 bins):
  Mean: -79.26 W
  Std:  27.59 W
  Min:  -119.01 W
  Max:  -18.30 W

TOTAL PREDICTED POWER (sum of 9 bins):
  Mean: -48.05 W
  Std:  11.52 W
  Min:  -80.65 W
  Max:  -13.65 W

POWER BALANCE RATIOS:
  Actual/Incoming ratio - Mean: -0.486, Std: 0.169
  Predicted/Incoming ratio - Mean: -0.294, Std: 0.071

ENERGY CONSERVATION VIOLATIONS:
  Actual power > incoming: 0/512 (0.0%)
  Predicted power > incoming: 0/512 (0.0%)

SUCCESS: Real power data extracted and analyzed (horizon = 480 steps)!
Performance metrics saved to CSV: output/tc10_all_H480_s7_L20_H480/performance_metrics.csv
  H=480 seed=7: run1_abs0=9.33  762_abs0=12.33  abs92_618=8.20   mean=9.96
  >>> H=480 WINNER seed=7  mean=9.96 K  -> output/tc10_best_L20_H480

######################################################################
# HORIZON H=600  (seeds [123, 42, 7])
######################################################################

================================================================================
RUNNING SINGLE EXPERIMENT WITH PROFILES: L=20, H=600
================================================================================
Config updated: L=20, H=600
   Output dir: output/tc10_all_H600_s123_L20_H600
   Run tag: tc10_all_H600_s123_L20_H600
   Paper fig dir: output/tc10_all_H600_s123_L20_H600/paper_figs
Using device: mps

Loading datasets for L=20, H=600...
Found 52 CSV files
Split: 39 train, 10 val, 3 test files
Warning: ../data/processed_H6/h6_flux78_abs0_surf0_newSalt_641s - Sheet1.csv too short (484 rows), minimum required: 620
Warning: ../data/processed_H6/h6_flux88_abs92_surf0_630s - Sheet2.csv too short (617 rows), minimum required: 620
Warning: ../data/processed_H6/h6_flux88_abs92_surf0_628s - Sheet4.csv too short (538 rows), minimum required: 620
Warning: ../data/processed_H6/h6_flux88_abs0_graphDisc_surf0_759s - Sheet1.csv too short (507 rows), minimum required: 620
Warning: ../data/processed_H6/h6_flux88_abs20_mr_surf0_537s - Sheet1.csv too short (503 rows), minimum required: 620
Warning: ../data/processed_H6/h6_flux88_abs20_surf0_699s - Sheet1.csv too short (445 rows), minimum required: 620
Warning: ../data/processed_H6/h6_flux73_abs0_surf1_754s - Sheet3.csv too short (494 rows), minimum required: 620
Warning: ../data/processed_H6/h6_flux73_abs0_surf0_newSalt_398s - Sheet1.csv too short (488 rows), minimum required: 620
Warning: ../data/processed_H6/h6_flux88_abs20_surf1_830s - Sheet2.csv too short (514 rows), minimum required: 620
Warning: ../data/processed_H6/h6_flux88_abs20_wr_surf0_734s - Sheet1.csv too short (501 rows), minimum required: 620
Warning: ../data/processed_H6/h6_flux78_abs0_surf1_newSalt_505s - Sheet3.csv too short (490 rows), minimum required: 620
Warning: ../data/processed_H6/h6_flux78_abs0_surf1_newSalt_851s - Sheet2.csv too short (554 rows), minimum required: 620
Warning: ../data/processed_H6/h6_flux88_abs20_surf0_651s - Sheet4.csv too short (505 rows), minimum required: 620
Warning: ../data/processed_H6/h6_flux88_abs0_wr_surf0_632s - Sheet1.csv too short (491 rows), minimum required: 620
Warning: ../data/processed_H6/h6_flux73_abs0_surf0_429s - Sheet2.csv too short (534 rows), minimum required: 620
Warning: ../data/processed_H6/h6_flux88_abs92_surf0_598s - Sheet1.csv too short (528 rows), minimum required: 620
Warning: ../data/processed_H6/h6_flux88_abs20_surf0_389s - Sheet3.csv too short (524 rows), minimum required: 620
Warning: ../data/processed_H6/h6_flux88_abs0_surf1_newSalt_689s - Sheet1.csv too short (594 rows), minimum required: 620
Warning: ../data/processed_H6/h6_flux78_abs0_surf0_523s - Sheet2.csv too short (516 rows), minimum required: 620
Warning: ../data/processed_H6/h6_flux88_abs0_surf0_800s - Sheet1.csv too short (568 rows), minimum required: 620
Warning: ../data/processed_H6/h6_flux73_abs0_surf0_868s - Sheet1.csv too short (530 rows), minimum required: 620
Warning: ../data/processed_H6/h6_flux88_abs20_surf0_781s - Sheet2.csv too short (521 rows), minimum required: 620
Fitting scalers on 17 valid training files
Scalers fitted and saved successfully
Warning: ../data/processed_H6/h6_flux78_abs0_surf0_newSalt_641s - Sheet1.csv too short (484 rows), minimum required: 620
Warning: ../data/processed_H6/h6_flux88_abs92_surf0_630s - Sheet2.csv too short (617 rows), minimum required: 620
Warning: ../data/processed_H6/h6_flux88_abs92_surf0_628s - Sheet4.csv too short (538 rows), minimum required: 620
Warning: ../data/processed_H6/h6_flux88_abs0_graphDisc_surf0_759s - Sheet1.csv too short (507 rows), minimum required: 620
Warning: ../data/processed_H6/h6_flux88_abs20_mr_surf0_537s - Sheet1.csv too short (503 rows), minimum required: 620
Warning: ../data/processed_H6/h6_flux88_abs20_surf0_699s - Sheet1.csv too short (445 rows), minimum required: 620
Warning: ../data/processed_H6/h6_flux73_abs0_surf1_754s - Sheet3.csv too short (494 rows), minimum required: 620
Warning: ../data/processed_H6/h6_flux73_abs0_surf0_newSalt_398s - Sheet1.csv too short (488 rows), minimum required: 620
Warning: ../data/processed_H6/h6_flux88_abs20_surf1_830s - Sheet2.csv too short (514 rows), minimum required: 620
Warning: ../data/processed_H6/h6_flux88_abs20_wr_surf0_734s - Sheet1.csv too short (501 rows), minimum required: 620
Warning: ../data/processed_H6/h6_flux78_abs0_surf1_newSalt_505s - Sheet3.csv too short (490 rows), minimum required: 620
Warning: ../data/processed_H6/h6_flux78_abs0_surf1_newSalt_851s - Sheet2.csv too short (554 rows), minimum required: 620
Warning: ../data/processed_H6/h6_flux88_abs20_surf0_651s - Sheet4.csv too short (505 rows), minimum required: 620
Warning: ../data/processed_H6/h6_flux88_abs0_wr_surf0_632s - Sheet1.csv too short (491 rows), minimum required: 620
Warning: ../data/processed_H6/h6_flux73_abs0_surf0_429s - Sheet2.csv too short (534 rows), minimum required: 620
Warning: ../data/processed_H6/h6_flux88_abs92_surf0_598s - Sheet1.csv too short (528 rows), minimum required: 620
Warning: ../data/processed_H6/h6_flux88_abs20_surf0_389s - Sheet3.csv too short (524 rows), minimum required: 620
Warning: ../data/processed_H6/h6_flux88_abs0_surf1_newSalt_689s - Sheet1.csv too short (594 rows), minimum required: 620
Warning: ../data/processed_H6/h6_flux78_abs0_surf0_523s - Sheet2.csv too short (516 rows), minimum required: 620
Warning: ../data/processed_H6/h6_flux88_abs0_surf0_800s - Sheet1.csv too short (568 rows), minimum required: 620
Warning: ../data/processed_H6/h6_flux73_abs0_surf0_868s - Sheet1.csv too short (530 rows), minimum required: 620
Warning: ../data/processed_H6/h6_flux88_abs20_surf0_781s - Sheet2.csv too short (521 rows), minimum required: 620
Generated 17803 train sequences from 39 files
Dataset initialized with 17803 sequences for train split
Input shape: time_series [20, 11], static_params [4]
Output shape: [10]
Power data: Dictionary with unscaled time/temps for power calculation
Prediction horizon: 600 (600 steps ahead)

==================================================
DATASET STATISTICS
==================================================
Files: 39 train, 10 val, 3 test
Valid files: 17, Invalid: 0
Training sequences: 17803
Prediction horizon: 600 (600 steps ahead)
Target calculation: Sequence end + 600 timesteps
Min sequence length required: 620
Data quality issues:
  - Files with outliers: 0
  - Files too short: 44
  - Files with missing data: 0
  - Median timestep: 1000.0 ms
==================================================

Found 52 CSV files
Split: 39 train, 10 val, 3 test files
Warning: ../data/processed_H6/h6_flux78_abs0_surf0_450s - Sheet3.csv too short (527 rows), minimum required: 620
Warning: ../data/processed_H6/h6_flux88_abs0_mr_surf0_617s - Sheet1.csv too short (496 rows), minimum required: 620
Warning: ../data/processed_H6/h6_flux88_abs92_wr_surf0_835s - Sheet1.csv too short (516 rows), minimum required: 620
Warning: ../data/processed_H6/h6_flux73_abs0_surf1_660s - Sheet1.csv too short (477 rows), minimum required: 620
Warning: ../data/processed_H6/h6_flux88_abs92_mr_surf0_580s - Sheet1.csv too short (589 rows), minimum required: 620
Warning: ../data/processed_H6/h6_flux88_abs20_surf1_613s - Sheet1.csv too short (509 rows), minimum required: 620
Generated 1269 val sequences from 10 files
Dataset initialized with 1269 sequences for val split
Input shape: time_series [20, 11], static_params [4]
Output shape: [10]
Power data: Dictionary with unscaled time/temps for power calculation
Prediction horizon: 600 (600 steps ahead)
Loaded pre-fitted scalers from ../models_TC10
Found 52 CSV files
Split: 39 train, 10 val, 3 test files
Generated 7620 test sequences from 3 files
Dataset initialized with 7620 sequences for test split
Input shape: time_series [20, 11], static_params [4]
Output shape: [10]
Power data: Dictionary with unscaled time/temps for power calculation
Prediction horizon: 600 (600 steps ahead)
Loaded pre-fitted scalers from ../models_TC10
Validating horizon consistency...
Horizon validation passed for prediction_horizon=600
Horizon validation passed for prediction_horizon=600
Horizon validation passed for prediction_horizon=600
Building model for L=20, H=600 (num_outputs=10, bin_target=False)...

Training model for L=20, H=600 (max_epochs=300, patience=50)...
  Epoch 1/300 — val_mae=27.6391  smooth=27.6391  best=27.6391  patience=0/50  lr=3.00e-05
  Epoch 11/300 — val_mae=77.0022  smooth=74.5091  best=27.6391  patience=10/50  lr=3.00e-04
  Epoch 21/300 — val_mae=70.4829  smooth=72.2306  best=27.6391  patience=20/50  lr=2.99e-04
  Epoch 31/300 — val_mae=73.5965  smooth=74.1862  best=27.6391  patience=30/50  lr=2.97e-04
  Epoch 41/300 — val_mae=71.3581  smooth=71.4682  best=27.6391  patience=40/50  lr=2.92e-04
  Epoch 51/300 — val_mae=70.9504  smooth=70.8779  best=27.6391  patience=50/50  lr=2.86e-04

[Early Stop] Smoothed val_mae no improvement for 50 epochs. Stopping at epoch 51.


Evaluating best model for L=20, H=600 (best epoch=1)...

TEST SET EVALUATION (UNSCALED - HORIZON = 600 steps):
   MAE:  7.88 K
   RMSE: 11.38 K
   R²:   0.725104
   Physics Loss: 0.000000
   Constraint Loss: 0.000000
   Power Balance Loss: 0.000000
   Per-sensor MAE (K): TC1=7.48  TC2=8.46  TC3=6.52  TC4=5.97  TC5=6.62  TC6=7.19  TC7=7.54  TC8=11.62  TC9=7.53  TC10=9.92
   Per-file:
      MAE= 12.38 K  RMSE= 15.26  R2=-3.2811  n= 1040  h6_flux73_abs0_surf0_longRun_1658s - Sheet1.csv
      MAE=  7.52 K  RMSE= 11.80  R2=-1.2947  n= 3455  h6_flux88_abs0_surf0_longRun_762s - Sheet1.csv
      MAE=  6.79 K  RMSE=  9.18  R2= 0.9110  n= 3125  h6_flux88_abs92_surf0_longRun_618s - Sheet1.csv

TEST SET EVALUATION (UNSCALED - HORIZON = 600 steps):
   MAE:  7.88 K
   RMSE: 11.38 K
   R²:   0.725104
   Physics Loss: 4.230819
   Constraint Loss: 0.000000
   Power Balance Loss: 214.070595
   Per-sensor MAE (K): TC1=7.48  TC2=8.46  TC3=6.52  TC4=5.97  TC5=6.62  TC6=7.19  TC7=7.54  TC8=11.62  TC9=7.53  TC10=9.92
   Per-file:
      MAE= 12.38 K  RMSE= 15.26  R2=-3.2811  n= 1040  h6_flux73_abs0_surf0_longRun_1658s - Sheet1.csv
      MAE=  7.52 K  RMSE= 11.80  R2=-1.2947  n= 3455  h6_flux88_abs0_surf0_longRun_762s - Sheet1.csv
      MAE=  6.79 K  RMSE=  9.18  R2= 0.9110  n= 3125  h6_flux88_abs92_surf0_longRun_618s - Sheet1.csv
[REPRO-CHECK OK] H=600: in-run 7.8839 == reloaded 7.8839 K

Generating profile plots for each test file (H=600)...
Extracting ACTUAL test file information...
Found test dataset: TempSequenceDataset
Found 3 test files in dataset.current_files
Found 7620 sample indices
Successfully mapped 7620 samples to ACTUAL filenames
First 5 sample-to-filename mappings:
   Sample 0: h6_flux73_abs0_surf0_longRun_1658s - Sheet1.csv
   Sample 1: h6_flux73_abs0_surf0_longRun_1658s - Sheet1.csv
   Sample 2: h6_flux73_abs0_surf0_longRun_1658s - Sheet1.csv
   Sample 3: h6_flux73_abs0_surf0_longRun_1658s - Sheet1.csv
   Sample 4: h6_flux73_abs0_surf0_longRun_1658s - Sheet1.csv
File: h6_flux73_abs0_surf0_longRun_1658s - Sheet1.csv
Time stamp: 1387.0s
Actual:
[358.5  356.85 359.05 359.48 359.02 360.86 360.37 360.8  358.55 344.61]
Predicted:
[364.01 358.69 353.66 364.59 347.55 356.77 351.35 370.09 356.03 349.43]
----------------------------------------
Saved profile plot: output/tc10_all_H600_s123_L20_H600/profile_plots_H600/h6_flux73_abs0_surf0_longRun_1658s - Sheet1_H600_profiles.png
File: h6_flux88_abs0_surf0_longRun_762s - Sheet1.csv
Time stamp: 3739.0s
Actual:
[386.02 383.6  386.97 386.12 386.74 388.25 387.23 388.43 387.82 380.63]
Predicted:
[384.97 383.87 385.7  383.85 386.38 384.52 385.74 385.34 386.89 380.06]
----------------------------------------
Saved profile plot: output/tc10_all_H600_s123_L20_H600/profile_plots_H600/h6_flux88_abs0_surf0_longRun_762s - Sheet1_H600_profiles.png
File: h6_flux88_abs92_surf0_longRun_618s - Sheet1.csv
Time stamp: 1829.0s
Actual:
[328.35 331.74 339.92 347.95 353.48 366.49 374.28 387.12 414.78 416.16]
Predicted:
[327.75 324.33 338.16 344.8  353.91 364.02 373.45 388.85 411.16 415.22]
----------------------------------------
Saved profile plot: output/tc10_all_H600_s123_L20_H600/profile_plots_H600/h6_flux88_abs92_surf0_longRun_618s - Sheet1_H600_profiles.png
Profile plots for horizon 600 saved to: output/tc10_all_H600_s123_L20_H600/profile_plots_H600

============================================================
POWER BALANCE ANALYSIS (HORIZON = 600 steps)
============================================================
Samples analyzed: 512
Prediction horizon: 600 steps

INCOMING POWER STATISTICS:
  Mean: 163.22 W
  Std:  0.00 W
  Min:  163.22 W
  Max:  163.22 W

TOTAL ACTUAL POWER (sum of 9 bins):
  Mean: -77.55 W
  Std:  13.64 W
  Min:  -93.95 W
  Max:  -41.69 W

TOTAL PREDICTED POWER (sum of 9 bins):
  Mean: -20.67 W
  Std:  18.74 W
  Min:  -65.51 W
  Max:  21.45 W

POWER BALANCE RATIOS:
  Actual/Incoming ratio - Mean: -0.475, Std: 0.084
  Predicted/Incoming ratio - Mean: -0.127, Std: 0.115

ENERGY CONSERVATION VIOLATIONS:
  Actual power > incoming: 0/512 (0.0%)
  Predicted power > incoming: 0/512 (0.0%)

SUCCESS: Real power data extracted and analyzed (horizon = 600 steps)!
Performance metrics saved to CSV: output/tc10_all_H600_s123_L20_H600/performance_metrics.csv
  H=600 seed=123: run1_abs0=11.10  762_abs0=35.73  abs92_618=11.29   mean=19.37

================================================================================
RUNNING SINGLE EXPERIMENT WITH PROFILES: L=20, H=600
================================================================================
Config updated: L=20, H=600
   Output dir: output/tc10_all_H600_s42_L20_H600
   Run tag: tc10_all_H600_s42_L20_H600
   Paper fig dir: output/tc10_all_H600_s42_L20_H600/paper_figs
Using device: mps

Loading datasets for L=20, H=600...
Found 52 CSV files
Split: 39 train, 10 val, 3 test files
Warning: ../data/processed_H6/h6_flux78_abs0_surf0_newSalt_641s - Sheet1.csv too short (484 rows), minimum required: 620
Warning: ../data/processed_H6/h6_flux88_abs92_surf0_630s - Sheet2.csv too short (617 rows), minimum required: 620
Warning: ../data/processed_H6/h6_flux88_abs92_surf0_628s - Sheet4.csv too short (538 rows), minimum required: 620
Warning: ../data/processed_H6/h6_flux88_abs0_graphDisc_surf0_759s - Sheet1.csv too short (507 rows), minimum required: 620
Warning: ../data/processed_H6/h6_flux88_abs20_mr_surf0_537s - Sheet1.csv too short (503 rows), minimum required: 620
Warning: ../data/processed_H6/h6_flux88_abs20_surf0_699s - Sheet1.csv too short (445 rows), minimum required: 620
Warning: ../data/processed_H6/h6_flux73_abs0_surf1_754s - Sheet3.csv too short (494 rows), minimum required: 620
Warning: ../data/processed_H6/h6_flux73_abs0_surf0_newSalt_398s - Sheet1.csv too short (488 rows), minimum required: 620
Warning: ../data/processed_H6/h6_flux88_abs20_surf1_830s - Sheet2.csv too short (514 rows), minimum required: 620
Warning: ../data/processed_H6/h6_flux88_abs20_wr_surf0_734s - Sheet1.csv too short (501 rows), minimum required: 620
Warning: ../data/processed_H6/h6_flux78_abs0_surf1_newSalt_505s - Sheet3.csv too short (490 rows), minimum required: 620
Warning: ../data/processed_H6/h6_flux78_abs0_surf1_newSalt_851s - Sheet2.csv too short (554 rows), minimum required: 620
Warning: ../data/processed_H6/h6_flux88_abs20_surf0_651s - Sheet4.csv too short (505 rows), minimum required: 620
Warning: ../data/processed_H6/h6_flux88_abs0_wr_surf0_632s - Sheet1.csv too short (491 rows), minimum required: 620
Warning: ../data/processed_H6/h6_flux73_abs0_surf0_429s - Sheet2.csv too short (534 rows), minimum required: 620
Warning: ../data/processed_H6/h6_flux88_abs92_surf0_598s - Sheet1.csv too short (528 rows), minimum required: 620
Warning: ../data/processed_H6/h6_flux88_abs20_surf0_389s - Sheet3.csv too short (524 rows), minimum required: 620
Warning: ../data/processed_H6/h6_flux88_abs0_surf1_newSalt_689s - Sheet1.csv too short (594 rows), minimum required: 620
Warning: ../data/processed_H6/h6_flux78_abs0_surf0_523s - Sheet2.csv too short (516 rows), minimum required: 620
Warning: ../data/processed_H6/h6_flux88_abs0_surf0_800s - Sheet1.csv too short (568 rows), minimum required: 620
Warning: ../data/processed_H6/h6_flux73_abs0_surf0_868s - Sheet1.csv too short (530 rows), minimum required: 620
Warning: ../data/processed_H6/h6_flux88_abs20_surf0_781s - Sheet2.csv too short (521 rows), minimum required: 620
Fitting scalers on 17 valid training files
Scalers fitted and saved successfully
Warning: ../data/processed_H6/h6_flux78_abs0_surf0_newSalt_641s - Sheet1.csv too short (484 rows), minimum required: 620
Warning: ../data/processed_H6/h6_flux88_abs92_surf0_630s - Sheet2.csv too short (617 rows), minimum required: 620
Warning: ../data/processed_H6/h6_flux88_abs92_surf0_628s - Sheet4.csv too short (538 rows), minimum required: 620
Warning: ../data/processed_H6/h6_flux88_abs0_graphDisc_surf0_759s - Sheet1.csv too short (507 rows), minimum required: 620
Warning: ../data/processed_H6/h6_flux88_abs20_mr_surf0_537s - Sheet1.csv too short (503 rows), minimum required: 620
Warning: ../data/processed_H6/h6_flux88_abs20_surf0_699s - Sheet1.csv too short (445 rows), minimum required: 620
Warning: ../data/processed_H6/h6_flux73_abs0_surf1_754s - Sheet3.csv too short (494 rows), minimum required: 620
Warning: ../data/processed_H6/h6_flux73_abs0_surf0_newSalt_398s - Sheet1.csv too short (488 rows), minimum required: 620
Warning: ../data/processed_H6/h6_flux88_abs20_surf1_830s - Sheet2.csv too short (514 rows), minimum required: 620
Warning: ../data/processed_H6/h6_flux88_abs20_wr_surf0_734s - Sheet1.csv too short (501 rows), minimum required: 620
Warning: ../data/processed_H6/h6_flux78_abs0_surf1_newSalt_505s - Sheet3.csv too short (490 rows), minimum required: 620
Warning: ../data/processed_H6/h6_flux78_abs0_surf1_newSalt_851s - Sheet2.csv too short (554 rows), minimum required: 620
Warning: ../data/processed_H6/h6_flux88_abs20_surf0_651s - Sheet4.csv too short (505 rows), minimum required: 620
Warning: ../data/processed_H6/h6_flux88_abs0_wr_surf0_632s - Sheet1.csv too short (491 rows), minimum required: 620
Warning: ../data/processed_H6/h6_flux73_abs0_surf0_429s - Sheet2.csv too short (534 rows), minimum required: 620
Warning: ../data/processed_H6/h6_flux88_abs92_surf0_598s - Sheet1.csv too short (528 rows), minimum required: 620
Warning: ../data/processed_H6/h6_flux88_abs20_surf0_389s - Sheet3.csv too short (524 rows), minimum required: 620
Warning: ../data/processed_H6/h6_flux88_abs0_surf1_newSalt_689s - Sheet1.csv too short (594 rows), minimum required: 620
Warning: ../data/processed_H6/h6_flux78_abs0_surf0_523s - Sheet2.csv too short (516 rows), minimum required: 620
Warning: ../data/processed_H6/h6_flux88_abs0_surf0_800s - Sheet1.csv too short (568 rows), minimum required: 620
Warning: ../data/processed_H6/h6_flux73_abs0_surf0_868s - Sheet1.csv too short (530 rows), minimum required: 620
Warning: ../data/processed_H6/h6_flux88_abs20_surf0_781s - Sheet2.csv too short (521 rows), minimum required: 620
Generated 17803 train sequences from 39 files
Dataset initialized with 17803 sequences for train split
Input shape: time_series [20, 11], static_params [4]
Output shape: [10]
Power data: Dictionary with unscaled time/temps for power calculation
Prediction horizon: 600 (600 steps ahead)

==================================================
DATASET STATISTICS
==================================================
Files: 39 train, 10 val, 3 test
Valid files: 17, Invalid: 0
Training sequences: 17803
Prediction horizon: 600 (600 steps ahead)
Target calculation: Sequence end + 600 timesteps
Min sequence length required: 620
Data quality issues:
  - Files with outliers: 0
  - Files too short: 44
  - Files with missing data: 0
  - Median timestep: 1000.0 ms
==================================================

Found 52 CSV files
Split: 39 train, 10 val, 3 test files
Warning: ../data/processed_H6/h6_flux78_abs0_surf0_450s - Sheet3.csv too short (527 rows), minimum required: 620
Warning: ../data/processed_H6/h6_flux88_abs0_mr_surf0_617s - Sheet1.csv too short (496 rows), minimum required: 620
Warning: ../data/processed_H6/h6_flux88_abs92_wr_surf0_835s - Sheet1.csv too short (516 rows), minimum required: 620
Warning: ../data/processed_H6/h6_flux73_abs0_surf1_660s - Sheet1.csv too short (477 rows), minimum required: 620
Warning: ../data/processed_H6/h6_flux88_abs92_mr_surf0_580s - Sheet1.csv too short (589 rows), minimum required: 620
Warning: ../data/processed_H6/h6_flux88_abs20_surf1_613s - Sheet1.csv too short (509 rows), minimum required: 620
Generated 1269 val sequences from 10 files
Dataset initialized with 1269 sequences for val split
Input shape: time_series [20, 11], static_params [4]
Output shape: [10]
Power data: Dictionary with unscaled time/temps for power calculation
Prediction horizon: 600 (600 steps ahead)
Loaded pre-fitted scalers from ../models_TC10
Found 52 CSV files
Split: 39 train, 10 val, 3 test files
Generated 7620 test sequences from 3 files
Dataset initialized with 7620 sequences for test split
Input shape: time_series [20, 11], static_params [4]
Output shape: [10]
Power data: Dictionary with unscaled time/temps for power calculation
Prediction horizon: 600 (600 steps ahead)
Loaded pre-fitted scalers from ../models_TC10
Validating horizon consistency...
Horizon validation passed for prediction_horizon=600
Horizon validation passed for prediction_horizon=600
Horizon validation passed for prediction_horizon=600
Building model for L=20, H=600 (num_outputs=10, bin_target=False)...

Training model for L=20, H=600 (max_epochs=300, patience=50)...
  Epoch 1/300 — val_mae=25.5228  smooth=25.5228  best=25.5228  patience=0/50  lr=3.00e-05
  Epoch 11/300 — val_mae=75.6131  smooth=75.9393  best=25.5228  patience=10/50  lr=3.00e-04
  Epoch 21/300 — val_mae=71.9097  smooth=72.3481  best=25.5228  patience=20/50  lr=2.99e-04
  Epoch 31/300 — val_mae=68.6570  smooth=69.4574  best=25.5228  patience=30/50  lr=2.97e-04
  Epoch 41/300 — val_mae=68.7994  smooth=68.7876  best=25.5228  patience=40/50  lr=2.92e-04
  Epoch 51/300 — val_mae=77.0792  smooth=70.2510  best=25.5228  patience=50/50  lr=2.86e-04

[Early Stop] Smoothed val_mae no improvement for 50 epochs. Stopping at epoch 51.


Evaluating best model for L=20, H=600 (best epoch=1)...

TEST SET EVALUATION (UNSCALED - HORIZON = 600 steps):
   MAE:  8.98 K
   RMSE: 11.96 K
   R²:   0.696207
   Physics Loss: 0.000000
   Constraint Loss: 0.000000
   Power Balance Loss: 0.000000
   Per-sensor MAE (K): TC1=5.89  TC2=7.51  TC3=6.59  TC4=8.11  TC5=8.60  TC6=12.10  TC7=5.70  TC8=15.15  TC9=10.60  TC10=9.59
   Per-file:
      MAE= 12.09 K  RMSE= 16.46  R2=-3.9800  n= 1040  h6_flux73_abs0_surf0_longRun_1658s - Sheet1.csv
      MAE=  8.96 K  RMSE= 11.67  R2=-1.2454  n= 3455  h6_flux88_abs0_surf0_longRun_762s - Sheet1.csv
      MAE=  7.97 K  RMSE= 10.40  R2= 0.8858  n= 3125  h6_flux88_abs92_surf0_longRun_618s - Sheet1.csv

TEST SET EVALUATION (UNSCALED - HORIZON = 600 steps):
   MAE:  8.98 K
   RMSE: 11.96 K
   R²:   0.696207
   Physics Loss: 4.959728
   Constraint Loss: 0.000000
   Power Balance Loss: 197.602727
   Per-sensor MAE (K): TC1=5.89  TC2=7.51  TC3=6.59  TC4=8.11  TC5=8.60  TC6=12.10  TC7=5.70  TC8=15.15  TC9=10.60  TC10=9.59
   Per-file:
      MAE= 12.09 K  RMSE= 16.46  R2=-3.9800  n= 1040  h6_flux73_abs0_surf0_longRun_1658s - Sheet1.csv
      MAE=  8.96 K  RMSE= 11.67  R2=-1.2454  n= 3455  h6_flux88_abs0_surf0_longRun_762s - Sheet1.csv
      MAE=  7.97 K  RMSE= 10.40  R2= 0.8858  n= 3125  h6_flux88_abs92_surf0_longRun_618s - Sheet1.csv
[REPRO-CHECK OK] H=600: in-run 8.9845 == reloaded 8.9845 K

Generating profile plots for each test file (H=600)...
Extracting ACTUAL test file information...
Found test dataset: TempSequenceDataset
Found 3 test files in dataset.current_files
Found 7620 sample indices
Successfully mapped 7620 samples to ACTUAL filenames
First 5 sample-to-filename mappings:
   Sample 0: h6_flux73_abs0_surf0_longRun_1658s - Sheet1.csv
   Sample 1: h6_flux73_abs0_surf0_longRun_1658s - Sheet1.csv
   Sample 2: h6_flux73_abs0_surf0_longRun_1658s - Sheet1.csv
   Sample 3: h6_flux73_abs0_surf0_longRun_1658s - Sheet1.csv
   Sample 4: h6_flux73_abs0_surf0_longRun_1658s - Sheet1.csv
File: h6_flux73_abs0_surf0_longRun_1658s - Sheet1.csv
Time stamp: 789.0s
Actual:
[362.45 361.71 361.81 362.14 361.42 363.16 360.78 361.27 359.78 342.43]
Predicted:
[363.17 354.78 361.41 362.05 358.36 363.23 365.92 359.89 380.79 356.13]
----------------------------------------
Saved profile plot: output/tc10_all_H600_s42_L20_H600/profile_plots_H600/h6_flux73_abs0_surf0_longRun_1658s - Sheet1_H600_profiles.png
File: h6_flux88_abs0_surf0_longRun_762s - Sheet1.csv
Time stamp: 1679.0s
Actual:
[371.25 369.22 372.43 372.36 372.13 374.02 374.   374.52 372.15 364.99]
Predicted:
[371.7  368.53 372.01 372.95 371.42 373.49 373.75 357.19 371.   353.65]
----------------------------------------
Saved profile plot: output/tc10_all_H600_s42_L20_H600/profile_plots_H600/h6_flux88_abs0_surf0_longRun_762s - Sheet1_H600_profiles.png
File: h6_flux88_abs92_surf0_longRun_618s - Sheet1.csv
Time stamp: 1525.0s
Actual:
[331.   334.08 341.65 348.44 352.95 364.52 371.52 383.79 411.83 412.84]
Predicted:
[330.47 335.04 341.79 352.57 359.37 378.64 372.55 393.24 402.61 412.77]
----------------------------------------
Saved profile plot: output/tc10_all_H600_s42_L20_H600/profile_plots_H600/h6_flux88_abs92_surf0_longRun_618s - Sheet1_H600_profiles.png
Profile plots for horizon 600 saved to: output/tc10_all_H600_s42_L20_H600/profile_plots_H600

============================================================
POWER BALANCE ANALYSIS (HORIZON = 600 steps)
============================================================
Samples analyzed: 512
Prediction horizon: 600 steps

INCOMING POWER STATISTICS:
  Mean: 163.22 W
  Std:  0.00 W
  Min:  163.22 W
  Max:  163.22 W

TOTAL ACTUAL POWER (sum of 9 bins):
  Mean: -77.55 W
  Std:  13.64 W
  Min:  -93.95 W
  Max:  -41.69 W

TOTAL PREDICTED POWER (sum of 9 bins):
  Mean: -50.89 W
  Std:  14.75 W
  Min:  -89.98 W
  Max:  -10.22 W

POWER BALANCE RATIOS:
  Actual/Incoming ratio - Mean: -0.475, Std: 0.084
  Predicted/Incoming ratio - Mean: -0.312, Std: 0.090

ENERGY CONSERVATION VIOLATIONS:
  Actual power > incoming: 0/512 (0.0%)
  Predicted power > incoming: 0/512 (0.0%)

SUCCESS: Real power data extracted and analyzed (horizon = 600 steps)!
Performance metrics saved to CSV: output/tc10_all_H600_s42_L20_H600/performance_metrics.csv
  H=600 seed=42: run1_abs0=14.62  762_abs0=24.58  abs92_618=9.62   mean=16.27

================================================================================
RUNNING SINGLE EXPERIMENT WITH PROFILES: L=20, H=600
================================================================================
Config updated: L=20, H=600
   Output dir: output/tc10_all_H600_s7_L20_H600
   Run tag: tc10_all_H600_s7_L20_H600
   Paper fig dir: output/tc10_all_H600_s7_L20_H600/paper_figs
Using device: mps

Loading datasets for L=20, H=600...
Found 52 CSV files
Split: 39 train, 10 val, 3 test files
Warning: ../data/processed_H6/h6_flux78_abs0_surf0_newSalt_641s - Sheet1.csv too short (484 rows), minimum required: 620
Warning: ../data/processed_H6/h6_flux88_abs92_surf0_630s - Sheet2.csv too short (617 rows), minimum required: 620
Warning: ../data/processed_H6/h6_flux88_abs92_surf0_628s - Sheet4.csv too short (538 rows), minimum required: 620
Warning: ../data/processed_H6/h6_flux88_abs0_graphDisc_surf0_759s - Sheet1.csv too short (507 rows), minimum required: 620
Warning: ../data/processed_H6/h6_flux88_abs20_mr_surf0_537s - Sheet1.csv too short (503 rows), minimum required: 620
Warning: ../data/processed_H6/h6_flux88_abs20_surf0_699s - Sheet1.csv too short (445 rows), minimum required: 620
Warning: ../data/processed_H6/h6_flux73_abs0_surf1_754s - Sheet3.csv too short (494 rows), minimum required: 620
Warning: ../data/processed_H6/h6_flux73_abs0_surf0_newSalt_398s - Sheet1.csv too short (488 rows), minimum required: 620
Warning: ../data/processed_H6/h6_flux88_abs20_surf1_830s - Sheet2.csv too short (514 rows), minimum required: 620
Warning: ../data/processed_H6/h6_flux88_abs20_wr_surf0_734s - Sheet1.csv too short (501 rows), minimum required: 620
Warning: ../data/processed_H6/h6_flux78_abs0_surf1_newSalt_505s - Sheet3.csv too short (490 rows), minimum required: 620
Warning: ../data/processed_H6/h6_flux78_abs0_surf1_newSalt_851s - Sheet2.csv too short (554 rows), minimum required: 620
Warning: ../data/processed_H6/h6_flux88_abs20_surf0_651s - Sheet4.csv too short (505 rows), minimum required: 620
Warning: ../data/processed_H6/h6_flux88_abs0_wr_surf0_632s - Sheet1.csv too short (491 rows), minimum required: 620
Warning: ../data/processed_H6/h6_flux73_abs0_surf0_429s - Sheet2.csv too short (534 rows), minimum required: 620
Warning: ../data/processed_H6/h6_flux88_abs92_surf0_598s - Sheet1.csv too short (528 rows), minimum required: 620
Warning: ../data/processed_H6/h6_flux88_abs20_surf0_389s - Sheet3.csv too short (524 rows), minimum required: 620
Warning: ../data/processed_H6/h6_flux88_abs0_surf1_newSalt_689s - Sheet1.csv too short (594 rows), minimum required: 620
Warning: ../data/processed_H6/h6_flux78_abs0_surf0_523s - Sheet2.csv too short (516 rows), minimum required: 620
Warning: ../data/processed_H6/h6_flux88_abs0_surf0_800s - Sheet1.csv too short (568 rows), minimum required: 620
Warning: ../data/processed_H6/h6_flux73_abs0_surf0_868s - Sheet1.csv too short (530 rows), minimum required: 620
Warning: ../data/processed_H6/h6_flux88_abs20_surf0_781s - Sheet2.csv too short (521 rows), minimum required: 620
Fitting scalers on 17 valid training files
Scalers fitted and saved successfully
Warning: ../data/processed_H6/h6_flux78_abs0_surf0_newSalt_641s - Sheet1.csv too short (484 rows), minimum required: 620
Warning: ../data/processed_H6/h6_flux88_abs92_surf0_630s - Sheet2.csv too short (617 rows), minimum required: 620
Warning: ../data/processed_H6/h6_flux88_abs92_surf0_628s - Sheet4.csv too short (538 rows), minimum required: 620
Warning: ../data/processed_H6/h6_flux88_abs0_graphDisc_surf0_759s - Sheet1.csv too short (507 rows), minimum required: 620
Warning: ../data/processed_H6/h6_flux88_abs20_mr_surf0_537s - Sheet1.csv too short (503 rows), minimum required: 620
Warning: ../data/processed_H6/h6_flux88_abs20_surf0_699s - Sheet1.csv too short (445 rows), minimum required: 620
Warning: ../data/processed_H6/h6_flux73_abs0_surf1_754s - Sheet3.csv too short (494 rows), minimum required: 620
Warning: ../data/processed_H6/h6_flux73_abs0_surf0_newSalt_398s - Sheet1.csv too short (488 rows), minimum required: 620
Warning: ../data/processed_H6/h6_flux88_abs20_surf1_830s - Sheet2.csv too short (514 rows), minimum required: 620
Warning: ../data/processed_H6/h6_flux88_abs20_wr_surf0_734s - Sheet1.csv too short (501 rows), minimum required: 620
Warning: ../data/processed_H6/h6_flux78_abs0_surf1_newSalt_505s - Sheet3.csv too short (490 rows), minimum required: 620
Warning: ../data/processed_H6/h6_flux78_abs0_surf1_newSalt_851s - Sheet2.csv too short (554 rows), minimum required: 620
Warning: ../data/processed_H6/h6_flux88_abs20_surf0_651s - Sheet4.csv too short (505 rows), minimum required: 620
Warning: ../data/processed_H6/h6_flux88_abs0_wr_surf0_632s - Sheet1.csv too short (491 rows), minimum required: 620
Warning: ../data/processed_H6/h6_flux73_abs0_surf0_429s - Sheet2.csv too short (534 rows), minimum required: 620
Warning: ../data/processed_H6/h6_flux88_abs92_surf0_598s - Sheet1.csv too short (528 rows), minimum required: 620
Warning: ../data/processed_H6/h6_flux88_abs20_surf0_389s - Sheet3.csv too short (524 rows), minimum required: 620
Warning: ../data/processed_H6/h6_flux88_abs0_surf1_newSalt_689s - Sheet1.csv too short (594 rows), minimum required: 620
Warning: ../data/processed_H6/h6_flux78_abs0_surf0_523s - Sheet2.csv too short (516 rows), minimum required: 620
Warning: ../data/processed_H6/h6_flux88_abs0_surf0_800s - Sheet1.csv too short (568 rows), minimum required: 620
Warning: ../data/processed_H6/h6_flux73_abs0_surf0_868s - Sheet1.csv too short (530 rows), minimum required: 620
Warning: ../data/processed_H6/h6_flux88_abs20_surf0_781s - Sheet2.csv too short (521 rows), minimum required: 620
Generated 17803 train sequences from 39 files
Dataset initialized with 17803 sequences for train split
Input shape: time_series [20, 11], static_params [4]
Output shape: [10]
Power data: Dictionary with unscaled time/temps for power calculation
Prediction horizon: 600 (600 steps ahead)

==================================================
DATASET STATISTICS
==================================================
Files: 39 train, 10 val, 3 test
Valid files: 17, Invalid: 0
Training sequences: 17803
Prediction horizon: 600 (600 steps ahead)
Target calculation: Sequence end + 600 timesteps
Min sequence length required: 620
Data quality issues:
  - Files with outliers: 0
  - Files too short: 44
  - Files with missing data: 0
  - Median timestep: 1000.0 ms
==================================================

Found 52 CSV files
Split: 39 train, 10 val, 3 test files
Warning: ../data/processed_H6/h6_flux78_abs0_surf0_450s - Sheet3.csv too short (527 rows), minimum required: 620
Warning: ../data/processed_H6/h6_flux88_abs0_mr_surf0_617s - Sheet1.csv too short (496 rows), minimum required: 620
Warning: ../data/processed_H6/h6_flux88_abs92_wr_surf0_835s - Sheet1.csv too short (516 rows), minimum required: 620
Warning: ../data/processed_H6/h6_flux73_abs0_surf1_660s - Sheet1.csv too short (477 rows), minimum required: 620
Warning: ../data/processed_H6/h6_flux88_abs92_mr_surf0_580s - Sheet1.csv too short (589 rows), minimum required: 620
Warning: ../data/processed_H6/h6_flux88_abs20_surf1_613s - Sheet1.csv too short (509 rows), minimum required: 620
Generated 1269 val sequences from 10 files
Dataset initialized with 1269 sequences for val split
Input shape: time_series [20, 11], static_params [4]
Output shape: [10]
Power data: Dictionary with unscaled time/temps for power calculation
Prediction horizon: 600 (600 steps ahead)
Loaded pre-fitted scalers from ../models_TC10
Found 52 CSV files
Split: 39 train, 10 val, 3 test files
Generated 7620 test sequences from 3 files
Dataset initialized with 7620 sequences for test split
Input shape: time_series [20, 11], static_params [4]
Output shape: [10]
Power data: Dictionary with unscaled time/temps for power calculation
Prediction horizon: 600 (600 steps ahead)
Loaded pre-fitted scalers from ../models_TC10
Validating horizon consistency...
Horizon validation passed for prediction_horizon=600
Horizon validation passed for prediction_horizon=600
Horizon validation passed for prediction_horizon=600
Building model for L=20, H=600 (num_outputs=10, bin_target=False)...

Training model for L=20, H=600 (max_epochs=300, patience=50)...
  Epoch 1/300 — val_mae=39.0512  smooth=39.0512  best=39.0512  patience=0/50  lr=3.00e-05
  Epoch 11/300 — val_mae=74.3441  smooth=74.6994  best=39.0512  patience=10/50  lr=3.00e-04
  Epoch 21/300 — val_mae=72.6248  smooth=72.7117  best=39.0512  patience=20/50  lr=2.99e-04
  Epoch 31/300 — val_mae=73.3515  smooth=72.0563  best=39.0512  patience=30/50  lr=2.97e-04
  Epoch 41/300 — val_mae=70.7293  smooth=71.8934  best=39.0512  patience=40/50  lr=2.92e-04
  Epoch 51/300 — val_mae=70.1817  smooth=72.6196  best=39.0512  patience=50/50  lr=2.86e-04

[Early Stop] Smoothed val_mae no improvement for 50 epochs. Stopping at epoch 51.


Evaluating best model for L=20, H=600 (best epoch=1)...

TEST SET EVALUATION (UNSCALED - HORIZON = 600 steps):
   MAE:  7.78 K
   RMSE: 10.25 K
   R²:   0.776748
   Physics Loss: 0.000000
   Constraint Loss: 0.000000
   Power Balance Loss: 0.000000
   Per-sensor MAE (K): TC1=7.47  TC2=7.78  TC3=8.98  TC4=5.15  TC5=8.14  TC6=5.18  TC7=7.40  TC8=7.28  TC9=11.81  TC10=8.59
   Per-file:
      MAE= 10.61 K  RMSE= 13.32  R2=-2.2615  n= 1040  h6_flux73_abs0_surf0_longRun_1658s - Sheet1.csv
      MAE=  7.41 K  RMSE=  9.90  R2= 0.8965  n= 3125  h6_flux88_abs92_surf0_longRun_618s - Sheet1.csv
      MAE=  7.25 K  RMSE=  9.48  R2=-0.4816  n= 3455  h6_flux88_abs0_surf0_longRun_762s - Sheet1.csv

TEST SET EVALUATION (UNSCALED - HORIZON = 600 steps):
   MAE:  7.78 K
   RMSE: 10.25 K
   R²:   0.776748
   Physics Loss: 4.173396
   Constraint Loss: 0.000000
   Power Balance Loss: 213.824446
   Per-sensor MAE (K): TC1=7.47  TC2=7.78  TC3=8.98  TC4=5.15  TC5=8.14  TC6=5.18  TC7=7.40  TC8=7.28  TC9=11.81  TC10=8.59
   Per-file:
      MAE= 10.61 K  RMSE= 13.32  R2=-2.2615  n= 1040  h6_flux73_abs0_surf0_longRun_1658s - Sheet1.csv
      MAE=  7.41 K  RMSE=  9.90  R2= 0.8965  n= 3125  h6_flux88_abs92_surf0_longRun_618s - Sheet1.csv
      MAE=  7.25 K  RMSE=  9.48  R2=-0.4816  n= 3455  h6_flux88_abs0_surf0_longRun_762s - Sheet1.csv
[REPRO-CHECK OK] H=600: in-run 7.7788 == reloaded 7.7788 K

Generating profile plots for each test file (H=600)...
Extracting ACTUAL test file information...
Found test dataset: TempSequenceDataset
Found 3 test files in dataset.current_files
Found 7620 sample indices
Successfully mapped 7620 samples to ACTUAL filenames
First 5 sample-to-filename mappings:
   Sample 0: h6_flux73_abs0_surf0_longRun_1658s - Sheet1.csv
   Sample 1: h6_flux73_abs0_surf0_longRun_1658s - Sheet1.csv
   Sample 2: h6_flux73_abs0_surf0_longRun_1658s - Sheet1.csv
   Sample 3: h6_flux73_abs0_surf0_longRun_1658s - Sheet1.csv
   Sample 4: h6_flux73_abs0_surf0_longRun_1658s - Sheet1.csv
File: h6_flux73_abs0_surf0_longRun_1658s - Sheet1.csv
Time stamp: 721.0s
Actual:
[364.74 363.97 363.94 364.27 363.53 365.41 363.12 363.74 362.39 346.13]
Predicted:
[367.39 362.1  359.67 360.76 361.86 365.83 374.12 361.91 369.1  360.05]
----------------------------------------
Saved profile plot: output/tc10_all_H600_s7_L20_H600/profile_plots_H600/h6_flux73_abs0_surf0_longRun_1658s - Sheet1_H600_profiles.png
File: h6_flux88_abs0_surf0_longRun_762s - Sheet1.csv
Time stamp: 841.0s
Actual:
[364.85 362.08 365.47 365.12 365.21 367.36 366.73 366.78 365.29 358.02]
Predicted:
[359.84 358.26 359.12 363.9  365.33 369.43 365.56 366.87 362.29 363.15]
----------------------------------------
Saved profile plot: output/tc10_all_H600_s7_L20_H600/profile_plots_H600/h6_flux88_abs0_surf0_longRun_762s - Sheet1_H600_profiles.png
File: h6_flux88_abs92_surf0_longRun_618s - Sheet1.csv
Time stamp: 2050.0s
Actual:
[326.82 330.43 338.96 347.74 353.92 367.77 376.06 389.14 416.23 416.57]
Predicted:
[322.67 320.43 330.76 348.08 352.59 367.58 368.   389.44 414.24 415.11]
----------------------------------------
Saved profile plot: output/tc10_all_H600_s7_L20_H600/profile_plots_H600/h6_flux88_abs92_surf0_longRun_618s - Sheet1_H600_profiles.png
Profile plots for horizon 600 saved to: output/tc10_all_H600_s7_L20_H600/profile_plots_H600

============================================================
POWER BALANCE ANALYSIS (HORIZON = 600 steps)
============================================================
Samples analyzed: 512
Prediction horizon: 600 steps

INCOMING POWER STATISTICS:
  Mean: 163.22 W
  Std:  0.00 W
  Min:  163.22 W
  Max:  163.22 W

TOTAL ACTUAL POWER (sum of 9 bins):
  Mean: -77.55 W
  Std:  13.64 W
  Min:  -93.95 W
  Max:  -41.69 W

TOTAL PREDICTED POWER (sum of 9 bins):
  Mean: -54.66 W
  Std:  11.56 W
  Min:  -84.70 W
  Max:  -21.29 W

POWER BALANCE RATIOS:
  Actual/Incoming ratio - Mean: -0.475, Std: 0.084
  Predicted/Incoming ratio - Mean: -0.335, Std: 0.071

ENERGY CONSERVATION VIOLATIONS:
  Actual power > incoming: 0/512 (0.0%)
  Predicted power > incoming: 0/512 (0.0%)

SUCCESS: Real power data extracted and analyzed (horizon = 600 steps)!
Performance metrics saved to CSV: output/tc10_all_H600_s7_L20_H600/performance_metrics.csv
  H=600 seed=7: run1_abs0=11.76  762_abs0=37.80  abs92_618=11.12   mean=20.22
  >>> H=600 WINNER seed=42  mean=16.27 K  -> output/tc10_best_L20_H600

######################################################################
# HORIZON H=900  (seeds [123, 42, 7])
######################################################################

================================================================================
RUNNING SINGLE EXPERIMENT WITH PROFILES: L=20, H=900
================================================================================
Config updated: L=20, H=900
   Output dir: output/tc10_all_H900_s123_L20_H900
   Run tag: tc10_all_H900_s123_L20_H900
   Paper fig dir: output/tc10_all_H900_s123_L20_H900/paper_figs
Using device: mps

Loading datasets for L=20, H=900...
Found 52 CSV files
Split: 39 train, 10 val, 3 test files
Warning: ../data/processed_H6/h6_flux78_abs0_surf0_newSalt_641s - Sheet1.csv too short (484 rows), minimum required: 920
Warning: ../data/processed_H6/h6_flux88_abs92_surf0_630s - Sheet2.csv too short (617 rows), minimum required: 920
Warning: ../data/processed_H6/h6_flux88_abs92_surf0_628s - Sheet4.csv too short (538 rows), minimum required: 920
Warning: ../data/processed_H6/h6_flux88_abs0_graphDisc_surf0_759s - Sheet1.csv too short (507 rows), minimum required: 920
Warning: ../data/processed_H6/h6_flux88_abs0_surf1_545s - Sheet2.csv too short (745 rows), minimum required: 920
Warning: ../data/processed_H6/h6_flux88_abs0_surf1_491s - Sheet3.csv too short (695 rows), minimum required: 920
Warning: ../data/processed_H6/h6_flux88_abs20_mr_surf0_537s - Sheet1.csv too short (503 rows), minimum required: 920
Warning: ../data/processed_H6/h6_flux78_abs0_surf0_745s - Sheet1.csv too short (641 rows), minimum required: 920
Warning: ../data/processed_H6/h6_flux88_abs20_surf0_699s - Sheet1.csv too short (445 rows), minimum required: 920
Warning: ../data/processed_H6/h6_flux73_abs0_surf1_754s - Sheet3.csv too short (494 rows), minimum required: 920
Warning: ../data/processed_H6/h6_flux73_abs0_surf0_newSalt_398s - Sheet1.csv too short (488 rows), minimum required: 920
Warning: ../data/processed_H6/h6_flux88_abs20_surf1_830s - Sheet2.csv too short (514 rows), minimum required: 920
Warning: ../data/processed_H6/h6_flux88_abs20_wr_surf0_734s - Sheet1.csv too short (501 rows), minimum required: 920
Warning: ../data/processed_H6/h6_flux88_abs92_surf0_648s - Sheet3.csv too short (620 rows), minimum required: 920
Warning: ../data/processed_H6/h6_flux78_abs0_surf1_newSalt_505s - Sheet3.csv too short (490 rows), minimum required: 920
Warning: ../data/processed_H6/h6_flux73_abs0_surf1_868s - Sheet2.csv too short (835 rows), minimum required: 920
Warning: ../data/processed_H6/h6_flux78_abs0_surf1_newSalt_851s - Sheet2.csv too short (554 rows), minimum required: 920
Warning: ../data/processed_H6/h6_flux88_abs0_surf0_longRun_643s - Sheet3.csv too short (868 rows), minimum required: 920
Warning: ../data/processed_H6/h6_flux88_abs20_surf0_651s - Sheet4.csv too short (505 rows), minimum required: 920
Warning: ../data/processed_H6/h6_flux88_abs0_wr_surf0_632s - Sheet1.csv too short (491 rows), minimum required: 920
Warning: ../data/processed_H6/h6_flux73_abs0_surf0_429s - Sheet2.csv too short (534 rows), minimum required: 920
Warning: ../data/processed_H6/h6_flux88_abs92_surf0_598s - Sheet1.csv too short (528 rows), minimum required: 920
Warning: ../data/processed_H6/h6_flux88_abs20_surf0_389s - Sheet3.csv too short (524 rows), minimum required: 920
Warning: ../data/processed_H6/h6_flux88_abs0_surf1_newSalt_689s - Sheet1.csv too short (594 rows), minimum required: 920
Warning: ../data/processed_H6/h6_flux78_abs0_surf0_523s - Sheet2.csv too short (516 rows), minimum required: 920
Warning: ../data/processed_H6/h6_flux73_abs0_surf0_511s - Sheet3.csv too short (621 rows), minimum required: 920
Warning: ../data/processed_H6/h6_flux88_abs0_surf0_800s - Sheet1.csv too short (568 rows), minimum required: 920
Warning: ../data/processed_H6/h6_flux73_abs0_surf0_868s - Sheet1.csv too short (530 rows), minimum required: 920
Warning: ../data/processed_H6/h6_flux88_abs20_surf0_781s - Sheet2.csv too short (521 rows), minimum required: 920
Warning: ../data/processed_H6/h6_flux88_abs20_surf1_675s - Sheet3.csv too short (662 rows), minimum required: 920
Fitting scalers on 9 valid training files
Scalers fitted and saved successfully
Warning: ../data/processed_H6/h6_flux78_abs0_surf0_newSalt_641s - Sheet1.csv too short (484 rows), minimum required: 920
Warning: ../data/processed_H6/h6_flux88_abs92_surf0_630s - Sheet2.csv too short (617 rows), minimum required: 920
Warning: ../data/processed_H6/h6_flux88_abs92_surf0_628s - Sheet4.csv too short (538 rows), minimum required: 920
Warning: ../data/processed_H6/h6_flux88_abs0_graphDisc_surf0_759s - Sheet1.csv too short (507 rows), minimum required: 920
Warning: ../data/processed_H6/h6_flux88_abs0_surf1_545s - Sheet2.csv too short (745 rows), minimum required: 920
Warning: ../data/processed_H6/h6_flux88_abs0_surf1_491s - Sheet3.csv too short (695 rows), minimum required: 920
Warning: ../data/processed_H6/h6_flux88_abs20_mr_surf0_537s - Sheet1.csv too short (503 rows), minimum required: 920
Warning: ../data/processed_H6/h6_flux78_abs0_surf0_745s - Sheet1.csv too short (641 rows), minimum required: 920
Warning: ../data/processed_H6/h6_flux88_abs20_surf0_699s - Sheet1.csv too short (445 rows), minimum required: 920
Warning: ../data/processed_H6/h6_flux73_abs0_surf1_754s - Sheet3.csv too short (494 rows), minimum required: 920
Warning: ../data/processed_H6/h6_flux73_abs0_surf0_newSalt_398s - Sheet1.csv too short (488 rows), minimum required: 920
Warning: ../data/processed_H6/h6_flux88_abs20_surf1_830s - Sheet2.csv too short (514 rows), minimum required: 920
Warning: ../data/processed_H6/h6_flux88_abs20_wr_surf0_734s - Sheet1.csv too short (501 rows), minimum required: 920
Warning: ../data/processed_H6/h6_flux88_abs92_surf0_648s - Sheet3.csv too short (620 rows), minimum required: 920
Warning: ../data/processed_H6/h6_flux78_abs0_surf1_newSalt_505s - Sheet3.csv too short (490 rows), minimum required: 920
Warning: ../data/processed_H6/h6_flux73_abs0_surf1_868s - Sheet2.csv too short (835 rows), minimum required: 920
Warning: ../data/processed_H6/h6_flux78_abs0_surf1_newSalt_851s - Sheet2.csv too short (554 rows), minimum required: 920
Warning: ../data/processed_H6/h6_flux88_abs0_surf0_longRun_643s - Sheet3.csv too short (868 rows), minimum required: 920
Warning: ../data/processed_H6/h6_flux88_abs20_surf0_651s - Sheet4.csv too short (505 rows), minimum required: 920
Warning: ../data/processed_H6/h6_flux88_abs0_wr_surf0_632s - Sheet1.csv too short (491 rows), minimum required: 920
Warning: ../data/processed_H6/h6_flux73_abs0_surf0_429s - Sheet2.csv too short (534 rows), minimum required: 920
Warning: ../data/processed_H6/h6_flux88_abs92_surf0_598s - Sheet1.csv too short (528 rows), minimum required: 920
Warning: ../data/processed_H6/h6_flux88_abs20_surf0_389s - Sheet3.csv too short (524 rows), minimum required: 920
Warning: ../data/processed_H6/h6_flux88_abs0_surf1_newSalt_689s - Sheet1.csv too short (594 rows), minimum required: 920
Warning: ../data/processed_H6/h6_flux78_abs0_surf0_523s - Sheet2.csv too short (516 rows), minimum required: 920
Warning: ../data/processed_H6/h6_flux73_abs0_surf0_511s - Sheet3.csv too short (621 rows), minimum required: 920
Warning: ../data/processed_H6/h6_flux88_abs0_surf0_800s - Sheet1.csv too short (568 rows), minimum required: 920
Warning: ../data/processed_H6/h6_flux73_abs0_surf0_868s - Sheet1.csv too short (530 rows), minimum required: 920
Warning: ../data/processed_H6/h6_flux88_abs20_surf0_781s - Sheet2.csv too short (521 rows), minimum required: 920
Warning: ../data/processed_H6/h6_flux88_abs20_surf1_675s - Sheet3.csv too short (662 rows), minimum required: 920
Generated 14368 train sequences from 39 files
Dataset initialized with 14368 sequences for train split
Input shape: time_series [20, 11], static_params [4]
Output shape: [10]
Power data: Dictionary with unscaled time/temps for power calculation
Prediction horizon: 900 (900 steps ahead)

==================================================
DATASET STATISTICS
==================================================
Files: 39 train, 10 val, 3 test
Valid files: 9, Invalid: 0
Training sequences: 14368
Prediction horizon: 900 (900 steps ahead)
Target calculation: Sequence end + 900 timesteps
Min sequence length required: 920
Data quality issues:
  - Files with outliers: 0
  - Files too short: 60
  - Files with missing data: 0
  - Median timestep: 1000.0 ms
==================================================

Found 52 CSV files
Split: 39 train, 10 val, 3 test files
Warning: ../data/processed_H6/h6_flux78_abs0_surf0_450s - Sheet3.csv too short (527 rows), minimum required: 920
Warning: ../data/processed_H6/h6_flux88_abs0_mr_surf0_617s - Sheet1.csv too short (496 rows), minimum required: 920
Warning: ../data/processed_H6/h6_flux88_abs92_wr_surf0_835s - Sheet1.csv too short (516 rows), minimum required: 920
Warning: ../data/processed_H6/h6_flux73_abs0_surf1_660s - Sheet1.csv too short (477 rows), minimum required: 920
Warning: ../data/processed_H6/h6_flux88_abs92_mr_surf0_580s - Sheet1.csv too short (589 rows), minimum required: 920
Warning: ../data/processed_H6/h6_flux78_abs0_surf1_newSalt_466s - Sheet1.csv too short (692 rows), minimum required: 920
Warning: ../data/processed_H6/h6_flux88_abs0_surf1_newSalt_573s - Sheet2.csv too short (716 rows), minimum required: 920
Warning: ../data/processed_H6/h6_flux88_abs20_surf1_613s - Sheet1.csv too short (509 rows), minimum required: 920
Generated 499 val sequences from 10 files
Dataset initialized with 499 sequences for val split
Input shape: time_series [20, 11], static_params [4]
Output shape: [10]
Power data: Dictionary with unscaled time/temps for power calculation
Prediction horizon: 900 (900 steps ahead)
Loaded pre-fitted scalers from ../models_TC10
Found 52 CSV files
Split: 39 train, 10 val, 3 test files
Generated 6720 test sequences from 3 files
Dataset initialized with 6720 sequences for test split
Input shape: time_series [20, 11], static_params [4]
Output shape: [10]
Power data: Dictionary with unscaled time/temps for power calculation
Prediction horizon: 900 (900 steps ahead)
Loaded pre-fitted scalers from ../models_TC10
Validating horizon consistency...
Horizon validation passed for prediction_horizon=900
Horizon validation passed for prediction_horizon=900
Horizon validation passed for prediction_horizon=900
Building model for L=20, H=900 (num_outputs=10, bin_target=False)...

Training model for L=20, H=900 (max_epochs=300, patience=50)...
  Epoch 1/300 — val_mae=48.6346  smooth=48.6346  best=48.6346  patience=0/50  lr=3.00e-05
  Epoch 11/300 — val_mae=93.0711  smooth=106.2249  best=48.6346  patience=10/50  lr=3.00e-04
  Epoch 21/300 — val_mae=158.0576  smooth=91.6874  best=48.6346  patience=20/50  lr=2.99e-04
  Epoch 31/300 — val_mae=128.3923  smooth=112.0555  best=48.6346  patience=30/50  lr=2.97e-04
  Epoch 41/300 — val_mae=123.6665  smooth=117.1328  best=48.6346  patience=40/50  lr=2.92e-04
  Epoch 51/300 — val_mae=146.6545  smooth=135.5798  best=48.6346  patience=50/50  lr=2.86e-04

[Early Stop] Smoothed val_mae no improvement for 50 epochs. Stopping at epoch 51.


Evaluating best model for L=20, H=900 (best epoch=1)...

TEST SET EVALUATION (UNSCALED - HORIZON = 900 steps):
   MAE:  15.74 K
   RMSE: 24.19 K
   R²:   -0.160560
   Physics Loss: 0.000000
   Constraint Loss: 0.000000
   Power Balance Loss: 0.000000
   Per-sensor MAE (K): TC1=16.95  TC2=13.55  TC3=15.50  TC4=14.49  TC5=18.11  TC6=16.78  TC7=13.87  TC8=18.67  TC9=18.05  TC10=11.47
   Per-file:
      MAE= 21.65 K  RMSE= 32.24  R2=-19.7777  n= 3155  h6_flux88_abs0_surf0_longRun_762s - Sheet1.csv
      MAE= 14.09 K  RMSE= 17.83  R2=-5.3462  n=  740  h6_flux73_abs0_surf0_longRun_1658s - Sheet1.csv
      MAE=  9.58 K  RMSE= 12.14  R2= 0.8524  n= 2825  h6_flux88_abs92_surf0_longRun_618s - Sheet1.csv

TEST SET EVALUATION (UNSCALED - HORIZON = 900 steps):
   MAE:  15.74 K
   RMSE: 24.19 K
   R²:   -0.160560
   Physics Loss: 5.537412
   Constraint Loss: 0.000000
   Power Balance Loss: 230.313131
   Per-sensor MAE (K): TC1=16.95  TC2=13.55  TC3=15.50  TC4=14.49  TC5=18.11  TC6=16.78  TC7=13.87  TC8=18.67  TC9=18.05  TC10=11.47
   Per-file:
      MAE= 21.65 K  RMSE= 32.24  R2=-19.7777  n= 3155  h6_flux88_abs0_surf0_longRun_762s - Sheet1.csv
      MAE= 14.09 K  RMSE= 17.83  R2=-5.3462  n=  740  h6_flux73_abs0_surf0_longRun_1658s - Sheet1.csv
      MAE=  9.58 K  RMSE= 12.14  R2= 0.8524  n= 2825  h6_flux88_abs92_surf0_longRun_618s - Sheet1.csv
[REPRO-CHECK OK] H=900: in-run 15.7443 == reloaded 15.7443 K

Generating profile plots for each test file (H=900)...
Extracting ACTUAL test file information...
Found test dataset: TempSequenceDataset
Found 3 test files in dataset.current_files
Found 6720 sample indices
Successfully mapped 6720 samples to ACTUAL filenames
First 5 sample-to-filename mappings:
   Sample 0: h6_flux73_abs0_surf0_longRun_1658s - Sheet1.csv
   Sample 1: h6_flux73_abs0_surf0_longRun_1658s - Sheet1.csv
   Sample 2: h6_flux73_abs0_surf0_longRun_1658s - Sheet1.csv
   Sample 3: h6_flux73_abs0_surf0_longRun_1658s - Sheet1.csv
   Sample 4: h6_flux73_abs0_surf0_longRun_1658s - Sheet1.csv
File: h6_flux73_abs0_surf0_longRun_1658s - Sheet1.csv
Time stamp: 1189.0s
Actual:
[358.62 357.24 359.06 359.41 358.93 360.91 360.15 360.55 358.73 345.13]
Predicted:
[357.61 358.42 356.62 360.13 353.59 349.96 350.59 369.43 358.69 340.  ]
----------------------------------------
Saved profile plot: output/tc10_all_H900_s123_L20_H900/profile_plots_H900/h6_flux73_abs0_surf0_longRun_1658s - Sheet1_H900_profiles.png
File: h6_flux88_abs0_surf0_longRun_762s - Sheet1.csv
Time stamp: 2420.0s
Actual:
[376.95 374.94 378.11 378.26 377.99 379.46 379.38 380.11 378.24 371.22]
Predicted:
[378.51 373.39 364.92 369.22 352.7  381.07 369.48 380.53 377.59 381.94]
----------------------------------------
Saved profile plot: output/tc10_all_H900_s123_L20_H900/profile_plots_H900/h6_flux88_abs0_surf0_longRun_762s - Sheet1_H900_profiles.png
File: h6_flux88_abs92_surf0_longRun_618s - Sheet1.csv
Time stamp: 1542.0s
Actual:
[330.83 333.92 341.54 348.41 352.98 364.65 371.68 384.01 412.01 413.22]
Predicted:
[325.81 337.11 333.56 356.21 353.11 368.12 374.85 380.92 427.17 414.68]
----------------------------------------
Saved profile plot: output/tc10_all_H900_s123_L20_H900/profile_plots_H900/h6_flux88_abs92_surf0_longRun_618s - Sheet1_H900_profiles.png
Profile plots for horizon 900 saved to: output/tc10_all_H900_s123_L20_H900/profile_plots_H900

============================================================
POWER BALANCE ANALYSIS (HORIZON = 900 steps)
============================================================
Samples analyzed: 512
Prediction horizon: 900 steps

INCOMING POWER STATISTICS:
  Mean: 163.22 W
  Std:  0.00 W
  Min:  163.22 W
  Max:  163.22 W

TOTAL ACTUAL POWER (sum of 9 bins):
  Mean: -59.86 W
  Std:  2.31 W
  Min:  -62.92 W
  Max:  -52.42 W

TOTAL PREDICTED POWER (sum of 9 bins):
  Mean: -76.53 W
  Std:  7.07 W
  Min:  -102.81 W
  Max:  -52.28 W

POWER BALANCE RATIOS:
  Actual/Incoming ratio - Mean: -0.367, Std: 0.014
  Predicted/Incoming ratio - Mean: -0.469, Std: 0.043

ENERGY CONSERVATION VIOLATIONS:
  Actual power > incoming: 0/512 (0.0%)
  Predicted power > incoming: 0/512 (0.0%)

SUCCESS: Real power data extracted and analyzed (horizon = 900 steps)!
Performance metrics saved to CSV: output/tc10_all_H900_s123_L20_H900/performance_metrics.csv
  H=900 seed=123: run1_abs0=12.47  762_abs0=50.07  abs92_618=13.51   mean=25.35

================================================================================
RUNNING SINGLE EXPERIMENT WITH PROFILES: L=20, H=900
================================================================================
Config updated: L=20, H=900
   Output dir: output/tc10_all_H900_s42_L20_H900
   Run tag: tc10_all_H900_s42_L20_H900
   Paper fig dir: output/tc10_all_H900_s42_L20_H900/paper_figs
Using device: mps

Loading datasets for L=20, H=900...
Found 52 CSV files
Split: 39 train, 10 val, 3 test files
Warning: ../data/processed_H6/h6_flux78_abs0_surf0_newSalt_641s - Sheet1.csv too short (484 rows), minimum required: 920
Warning: ../data/processed_H6/h6_flux88_abs92_surf0_630s - Sheet2.csv too short (617 rows), minimum required: 920
Warning: ../data/processed_H6/h6_flux88_abs92_surf0_628s - Sheet4.csv too short (538 rows), minimum required: 920
Warning: ../data/processed_H6/h6_flux88_abs0_graphDisc_surf0_759s - Sheet1.csv too short (507 rows), minimum required: 920
Warning: ../data/processed_H6/h6_flux88_abs0_surf1_545s - Sheet2.csv too short (745 rows), minimum required: 920
Warning: ../data/processed_H6/h6_flux88_abs0_surf1_491s - Sheet3.csv too short (695 rows), minimum required: 920
Warning: ../data/processed_H6/h6_flux88_abs20_mr_surf0_537s - Sheet1.csv too short (503 rows), minimum required: 920
Warning: ../data/processed_H6/h6_flux78_abs0_surf0_745s - Sheet1.csv too short (641 rows), minimum required: 920
Warning: ../data/processed_H6/h6_flux88_abs20_surf0_699s - Sheet1.csv too short (445 rows), minimum required: 920
Warning: ../data/processed_H6/h6_flux73_abs0_surf1_754s - Sheet3.csv too short (494 rows), minimum required: 920
Warning: ../data/processed_H6/h6_flux73_abs0_surf0_newSalt_398s - Sheet1.csv too short (488 rows), minimum required: 920
Warning: ../data/processed_H6/h6_flux88_abs20_surf1_830s - Sheet2.csv too short (514 rows), minimum required: 920
Warning: ../data/processed_H6/h6_flux88_abs20_wr_surf0_734s - Sheet1.csv too short (501 rows), minimum required: 920
Warning: ../data/processed_H6/h6_flux88_abs92_surf0_648s - Sheet3.csv too short (620 rows), minimum required: 920
Warning: ../data/processed_H6/h6_flux78_abs0_surf1_newSalt_505s - Sheet3.csv too short (490 rows), minimum required: 920
Warning: ../data/processed_H6/h6_flux73_abs0_surf1_868s - Sheet2.csv too short (835 rows), minimum required: 920
Warning: ../data/processed_H6/h6_flux78_abs0_surf1_newSalt_851s - Sheet2.csv too short (554 rows), minimum required: 920
Warning: ../data/processed_H6/h6_flux88_abs0_surf0_longRun_643s - Sheet3.csv too short (868 rows), minimum required: 920
Warning: ../data/processed_H6/h6_flux88_abs20_surf0_651s - Sheet4.csv too short (505 rows), minimum required: 920
Warning: ../data/processed_H6/h6_flux88_abs0_wr_surf0_632s - Sheet1.csv too short (491 rows), minimum required: 920
Warning: ../data/processed_H6/h6_flux73_abs0_surf0_429s - Sheet2.csv too short (534 rows), minimum required: 920
Warning: ../data/processed_H6/h6_flux88_abs92_surf0_598s - Sheet1.csv too short (528 rows), minimum required: 920
Warning: ../data/processed_H6/h6_flux88_abs20_surf0_389s - Sheet3.csv too short (524 rows), minimum required: 920
Warning: ../data/processed_H6/h6_flux88_abs0_surf1_newSalt_689s - Sheet1.csv too short (594 rows), minimum required: 920
Warning: ../data/processed_H6/h6_flux78_abs0_surf0_523s - Sheet2.csv too short (516 rows), minimum required: 920
Warning: ../data/processed_H6/h6_flux73_abs0_surf0_511s - Sheet3.csv too short (621 rows), minimum required: 920
Warning: ../data/processed_H6/h6_flux88_abs0_surf0_800s - Sheet1.csv too short (568 rows), minimum required: 920
Warning: ../data/processed_H6/h6_flux73_abs0_surf0_868s - Sheet1.csv too short (530 rows), minimum required: 920
Warning: ../data/processed_H6/h6_flux88_abs20_surf0_781s - Sheet2.csv too short (521 rows), minimum required: 920
Warning: ../data/processed_H6/h6_flux88_abs20_surf1_675s - Sheet3.csv too short (662 rows), minimum required: 920
Fitting scalers on 9 valid training files
Scalers fitted and saved successfully
Warning: ../data/processed_H6/h6_flux78_abs0_surf0_newSalt_641s - Sheet1.csv too short (484 rows), minimum required: 920
Warning: ../data/processed_H6/h6_flux88_abs92_surf0_630s - Sheet2.csv too short (617 rows), minimum required: 920
Warning: ../data/processed_H6/h6_flux88_abs92_surf0_628s - Sheet4.csv too short (538 rows), minimum required: 920
Warning: ../data/processed_H6/h6_flux88_abs0_graphDisc_surf0_759s - Sheet1.csv too short (507 rows), minimum required: 920
Warning: ../data/processed_H6/h6_flux88_abs0_surf1_545s - Sheet2.csv too short (745 rows), minimum required: 920
Warning: ../data/processed_H6/h6_flux88_abs0_surf1_491s - Sheet3.csv too short (695 rows), minimum required: 920
Warning: ../data/processed_H6/h6_flux88_abs20_mr_surf0_537s - Sheet1.csv too short (503 rows), minimum required: 920
Warning: ../data/processed_H6/h6_flux78_abs0_surf0_745s - Sheet1.csv too short (641 rows), minimum required: 920
Warning: ../data/processed_H6/h6_flux88_abs20_surf0_699s - Sheet1.csv too short (445 rows), minimum required: 920
Warning: ../data/processed_H6/h6_flux73_abs0_surf1_754s - Sheet3.csv too short (494 rows), minimum required: 920
Warning: ../data/processed_H6/h6_flux73_abs0_surf0_newSalt_398s - Sheet1.csv too short (488 rows), minimum required: 920
Warning: ../data/processed_H6/h6_flux88_abs20_surf1_830s - Sheet2.csv too short (514 rows), minimum required: 920
Warning: ../data/processed_H6/h6_flux88_abs20_wr_surf0_734s - Sheet1.csv too short (501 rows), minimum required: 920
Warning: ../data/processed_H6/h6_flux88_abs92_surf0_648s - Sheet3.csv too short (620 rows), minimum required: 920
Warning: ../data/processed_H6/h6_flux78_abs0_surf1_newSalt_505s - Sheet3.csv too short (490 rows), minimum required: 920
Warning: ../data/processed_H6/h6_flux73_abs0_surf1_868s - Sheet2.csv too short (835 rows), minimum required: 920
Warning: ../data/processed_H6/h6_flux78_abs0_surf1_newSalt_851s - Sheet2.csv too short (554 rows), minimum required: 920
Warning: ../data/processed_H6/h6_flux88_abs0_surf0_longRun_643s - Sheet3.csv too short (868 rows), minimum required: 920
Warning: ../data/processed_H6/h6_flux88_abs20_surf0_651s - Sheet4.csv too short (505 rows), minimum required: 920
Warning: ../data/processed_H6/h6_flux88_abs0_wr_surf0_632s - Sheet1.csv too short (491 rows), minimum required: 920
Warning: ../data/processed_H6/h6_flux73_abs0_surf0_429s - Sheet2.csv too short (534 rows), minimum required: 920
Warning: ../data/processed_H6/h6_flux88_abs92_surf0_598s - Sheet1.csv too short (528 rows), minimum required: 920
Warning: ../data/processed_H6/h6_flux88_abs20_surf0_389s - Sheet3.csv too short (524 rows), minimum required: 920
Warning: ../data/processed_H6/h6_flux88_abs0_surf1_newSalt_689s - Sheet1.csv too short (594 rows), minimum required: 920
Warning: ../data/processed_H6/h6_flux78_abs0_surf0_523s - Sheet2.csv too short (516 rows), minimum required: 920
Warning: ../data/processed_H6/h6_flux73_abs0_surf0_511s - Sheet3.csv too short (621 rows), minimum required: 920
Warning: ../data/processed_H6/h6_flux88_abs0_surf0_800s - Sheet1.csv too short (568 rows), minimum required: 920
Warning: ../data/processed_H6/h6_flux73_abs0_surf0_868s - Sheet1.csv too short (530 rows), minimum required: 920
Warning: ../data/processed_H6/h6_flux88_abs20_surf0_781s - Sheet2.csv too short (521 rows), minimum required: 920
Warning: ../data/processed_H6/h6_flux88_abs20_surf1_675s - Sheet3.csv too short (662 rows), minimum required: 920
Generated 14368 train sequences from 39 files
Dataset initialized with 14368 sequences for train split
Input shape: time_series [20, 11], static_params [4]
Output shape: [10]
Power data: Dictionary with unscaled time/temps for power calculation
Prediction horizon: 900 (900 steps ahead)

==================================================
DATASET STATISTICS
==================================================
Files: 39 train, 10 val, 3 test
Valid files: 9, Invalid: 0
Training sequences: 14368
Prediction horizon: 900 (900 steps ahead)
Target calculation: Sequence end + 900 timesteps
Min sequence length required: 920
Data quality issues:
  - Files with outliers: 0
  - Files too short: 60
  - Files with missing data: 0
  - Median timestep: 1000.0 ms
==================================================

Found 52 CSV files
Split: 39 train, 10 val, 3 test files
Warning: ../data/processed_H6/h6_flux78_abs0_surf0_450s - Sheet3.csv too short (527 rows), minimum required: 920
Warning: ../data/processed_H6/h6_flux88_abs0_mr_surf0_617s - Sheet1.csv too short (496 rows), minimum required: 920
Warning: ../data/processed_H6/h6_flux88_abs92_wr_surf0_835s - Sheet1.csv too short (516 rows), minimum required: 920
Warning: ../data/processed_H6/h6_flux73_abs0_surf1_660s - Sheet1.csv too short (477 rows), minimum required: 920
Warning: ../data/processed_H6/h6_flux88_abs92_mr_surf0_580s - Sheet1.csv too short (589 rows), minimum required: 920
Warning: ../data/processed_H6/h6_flux78_abs0_surf1_newSalt_466s - Sheet1.csv too short (692 rows), minimum required: 920
Warning: ../data/processed_H6/h6_flux88_abs0_surf1_newSalt_573s - Sheet2.csv too short (716 rows), minimum required: 920
Warning: ../data/processed_H6/h6_flux88_abs20_surf1_613s - Sheet1.csv too short (509 rows), minimum required: 920
Generated 499 val sequences from 10 files
Dataset initialized with 499 sequences for val split
Input shape: time_series [20, 11], static_params [4]
Output shape: [10]
Power data: Dictionary with unscaled time/temps for power calculation
Prediction horizon: 900 (900 steps ahead)
Loaded pre-fitted scalers from ../models_TC10
Found 52 CSV files
Split: 39 train, 10 val, 3 test files
Generated 6720 test sequences from 3 files
Dataset initialized with 6720 sequences for test split
Input shape: time_series [20, 11], static_params [4]
Output shape: [10]
Power data: Dictionary with unscaled time/temps for power calculation
Prediction horizon: 900 (900 steps ahead)
Loaded pre-fitted scalers from ../models_TC10
Validating horizon consistency...
Horizon validation passed for prediction_horizon=900
Horizon validation passed for prediction_horizon=900
Horizon validation passed for prediction_horizon=900
Building model for L=20, H=900 (num_outputs=10, bin_target=False)...

Training model for L=20, H=900 (max_epochs=300, patience=50)...
  Epoch 1/300 — val_mae=35.4634  smooth=35.4634  best=35.4634  patience=0/50  lr=3.00e-05
  Epoch 11/300 — val_mae=86.3229  smooth=140.2973  best=35.4634  patience=10/50  lr=3.00e-04
  Epoch 21/300 — val_mae=217.4398  smooth=208.2527  best=35.4634  patience=20/50  lr=2.99e-04
  Epoch 31/300 — val_mae=200.1832  smooth=179.8469  best=35.4634  patience=30/50  lr=2.97e-04
  Epoch 41/300 — val_mae=172.0319  smooth=169.5876  best=35.4634  patience=40/50  lr=2.92e-04
  Epoch 51/300 — val_mae=153.2323  smooth=166.0753  best=35.4634  patience=50/50  lr=2.86e-04

[Early Stop] Smoothed val_mae no improvement for 50 epochs. Stopping at epoch 51.


Evaluating best model for L=20, H=900 (best epoch=1)...

TEST SET EVALUATION (UNSCALED - HORIZON = 900 steps):
   MAE:  14.26 K
   RMSE: 22.06 K
   R²:   0.034775
   Physics Loss: 0.000000
   Constraint Loss: 0.000000
   Power Balance Loss: 0.000000
   Per-sensor MAE (K): TC1=13.43  TC2=13.84  TC3=12.19  TC4=11.26  TC5=12.85  TC6=14.29  TC7=9.10  TC8=22.49  TC9=19.43  TC10=13.76
   Per-file:
      MAE= 18.79 K  RMSE= 28.64  R2=-15.3979  n= 3155  h6_flux88_abs0_surf0_longRun_762s - Sheet1.csv
      MAE= 12.92 K  RMSE= 17.85  R2=-5.3652  n=  740  h6_flux73_abs0_surf0_longRun_1658s - Sheet1.csv
      MAE=  9.56 K  RMSE= 12.56  R2= 0.8422  n= 2825  h6_flux88_abs92_surf0_longRun_618s - Sheet1.csv

TEST SET EVALUATION (UNSCALED - HORIZON = 900 steps):
   MAE:  14.26 K
   RMSE: 22.06 K
   R²:   0.034775
   Physics Loss: 5.382617
   Constraint Loss: 0.000000
   Power Balance Loss: 227.814859
   Per-sensor MAE (K): TC1=13.43  TC2=13.84  TC3=12.19  TC4=11.26  TC5=12.85  TC6=14.29  TC7=9.10  TC8=22.49  TC9=19.43  TC10=13.76
   Per-file:
      MAE= 18.79 K  RMSE= 28.64  R2=-15.3979  n= 3155  h6_flux88_abs0_surf0_longRun_762s - Sheet1.csv
      MAE= 12.92 K  RMSE= 17.85  R2=-5.3652  n=  740  h6_flux73_abs0_surf0_longRun_1658s - Sheet1.csv
      MAE=  9.56 K  RMSE= 12.56  R2= 0.8422  n= 2825  h6_flux88_abs92_surf0_longRun_618s - Sheet1.csv
[REPRO-CHECK OK] H=900: in-run 14.2636 == reloaded 14.2636 K

Generating profile plots for each test file (H=900)...
Extracting ACTUAL test file information...
Found test dataset: TempSequenceDataset
Found 3 test files in dataset.current_files
Found 6720 sample indices
Successfully mapped 6720 samples to ACTUAL filenames
First 5 sample-to-filename mappings:
   Sample 0: h6_flux73_abs0_surf0_longRun_1658s - Sheet1.csv
   Sample 1: h6_flux73_abs0_surf0_longRun_1658s - Sheet1.csv
   Sample 2: h6_flux73_abs0_surf0_longRun_1658s - Sheet1.csv
   Sample 3: h6_flux73_abs0_surf0_longRun_1658s - Sheet1.csv
   Sample 4: h6_flux73_abs0_surf0_longRun_1658s - Sheet1.csv
File: h6_flux73_abs0_surf0_longRun_1658s - Sheet1.csv
Time stamp: 1156.0s
Actual:
[358.3  357.29 359.12 359.49 359.06 361.02 360.   360.56 358.01 345.3 ]
Predicted:
[356.84 355.3  357.47 357.78 353.84 360.91 350.48 357.03 359.17 348.53]
----------------------------------------
Saved profile plot: output/tc10_all_H900_s42_L20_H900/profile_plots_H900/h6_flux73_abs0_surf0_longRun_1658s - Sheet1_H900_profiles.png
File: h6_flux88_abs0_surf0_longRun_762s - Sheet1.csv
Time stamp: 3137.0s
Actual:
[381.96 380.05 383.04 383.18 382.9  384.3  384.41 385.1  385.19 377.67]
Predicted:
[379.8  379.31 382.04 386.11 383.39 392.16 386.44 360.15 387.93 374.3 ]
----------------------------------------
Saved profile plot: output/tc10_all_H900_s42_L20_H900/profile_plots_H900/h6_flux88_abs0_surf0_longRun_762s - Sheet1_H900_profiles.png
File: h6_flux88_abs92_surf0_longRun_618s - Sheet1.csv
Time stamp: 3601.0s
Actual:
[320.09 324.87 335.37 347.77 356.53 373.74 383.65 397.37 421.91 420.54]
Predicted:
[318.14 331.56 343.53 347.93 357.01 382.1  388.59 401.75 417.07 422.18]
----------------------------------------
Saved profile plot: output/tc10_all_H900_s42_L20_H900/profile_plots_H900/h6_flux88_abs92_surf0_longRun_618s - Sheet1_H900_profiles.png
Profile plots for horizon 900 saved to: output/tc10_all_H900_s42_L20_H900/profile_plots_H900

============================================================
POWER BALANCE ANALYSIS (HORIZON = 900 steps)
============================================================
Samples analyzed: 512
Prediction horizon: 900 steps

INCOMING POWER STATISTICS:
  Mean: 163.22 W
  Std:  0.00 W
  Min:  163.22 W
  Max:  163.22 W

TOTAL ACTUAL POWER (sum of 9 bins):
  Mean: -59.86 W
  Std:  2.31 W
  Min:  -62.92 W
  Max:  -52.42 W

TOTAL PREDICTED POWER (sum of 9 bins):
  Mean: -79.97 W
  Std:  10.06 W
  Min:  -109.17 W
  Max:  -49.85 W

POWER BALANCE RATIOS:
  Actual/Incoming ratio - Mean: -0.367, Std: 0.014
  Predicted/Incoming ratio - Mean: -0.490, Std: 0.062

ENERGY CONSERVATION VIOLATIONS:
  Actual power > incoming: 0/512 (0.0%)
  Predicted power > incoming: 0/512 (0.0%)

SUCCESS: Real power data extracted and analyzed (horizon = 900 steps)!
Performance metrics saved to CSV: output/tc10_all_H900_s42_L20_H900/performance_metrics.csv
  H=900 seed=42: run1_abs0=15.13  762_abs0=37.29  abs92_618=10.60   mean=21.01

================================================================================
RUNNING SINGLE EXPERIMENT WITH PROFILES: L=20, H=900
================================================================================
Config updated: L=20, H=900
   Output dir: output/tc10_all_H900_s7_L20_H900
   Run tag: tc10_all_H900_s7_L20_H900
   Paper fig dir: output/tc10_all_H900_s7_L20_H900/paper_figs
Using device: mps

Loading datasets for L=20, H=900...
Found 52 CSV files
Split: 39 train, 10 val, 3 test files
Warning: ../data/processed_H6/h6_flux78_abs0_surf0_newSalt_641s - Sheet1.csv too short (484 rows), minimum required: 920
Warning: ../data/processed_H6/h6_flux88_abs92_surf0_630s - Sheet2.csv too short (617 rows), minimum required: 920
Warning: ../data/processed_H6/h6_flux88_abs92_surf0_628s - Sheet4.csv too short (538 rows), minimum required: 920
Warning: ../data/processed_H6/h6_flux88_abs0_graphDisc_surf0_759s - Sheet1.csv too short (507 rows), minimum required: 920
Warning: ../data/processed_H6/h6_flux88_abs0_surf1_545s - Sheet2.csv too short (745 rows), minimum required: 920
Warning: ../data/processed_H6/h6_flux88_abs0_surf1_491s - Sheet3.csv too short (695 rows), minimum required: 920
Warning: ../data/processed_H6/h6_flux88_abs20_mr_surf0_537s - Sheet1.csv too short (503 rows), minimum required: 920
Warning: ../data/processed_H6/h6_flux78_abs0_surf0_745s - Sheet1.csv too short (641 rows), minimum required: 920
Warning: ../data/processed_H6/h6_flux88_abs20_surf0_699s - Sheet1.csv too short (445 rows), minimum required: 920
Warning: ../data/processed_H6/h6_flux73_abs0_surf1_754s - Sheet3.csv too short (494 rows), minimum required: 920
Warning: ../data/processed_H6/h6_flux73_abs0_surf0_newSalt_398s - Sheet1.csv too short (488 rows), minimum required: 920
Warning: ../data/processed_H6/h6_flux88_abs20_surf1_830s - Sheet2.csv too short (514 rows), minimum required: 920
Warning: ../data/processed_H6/h6_flux88_abs20_wr_surf0_734s - Sheet1.csv too short (501 rows), minimum required: 920
Warning: ../data/processed_H6/h6_flux88_abs92_surf0_648s - Sheet3.csv too short (620 rows), minimum required: 920
Warning: ../data/processed_H6/h6_flux78_abs0_surf1_newSalt_505s - Sheet3.csv too short (490 rows), minimum required: 920
Warning: ../data/processed_H6/h6_flux73_abs0_surf1_868s - Sheet2.csv too short (835 rows), minimum required: 920
Warning: ../data/processed_H6/h6_flux78_abs0_surf1_newSalt_851s - Sheet2.csv too short (554 rows), minimum required: 920
Warning: ../data/processed_H6/h6_flux88_abs0_surf0_longRun_643s - Sheet3.csv too short (868 rows), minimum required: 920
Warning: ../data/processed_H6/h6_flux88_abs20_surf0_651s - Sheet4.csv too short (505 rows), minimum required: 920
Warning: ../data/processed_H6/h6_flux88_abs0_wr_surf0_632s - Sheet1.csv too short (491 rows), minimum required: 920
Warning: ../data/processed_H6/h6_flux73_abs0_surf0_429s - Sheet2.csv too short (534 rows), minimum required: 920
Warning: ../data/processed_H6/h6_flux88_abs92_surf0_598s - Sheet1.csv too short (528 rows), minimum required: 920
Warning: ../data/processed_H6/h6_flux88_abs20_surf0_389s - Sheet3.csv too short (524 rows), minimum required: 920
Warning: ../data/processed_H6/h6_flux88_abs0_surf1_newSalt_689s - Sheet1.csv too short (594 rows), minimum required: 920
Warning: ../data/processed_H6/h6_flux78_abs0_surf0_523s - Sheet2.csv too short (516 rows), minimum required: 920
Warning: ../data/processed_H6/h6_flux73_abs0_surf0_511s - Sheet3.csv too short (621 rows), minimum required: 920
Warning: ../data/processed_H6/h6_flux88_abs0_surf0_800s - Sheet1.csv too short (568 rows), minimum required: 920
Warning: ../data/processed_H6/h6_flux73_abs0_surf0_868s - Sheet1.csv too short (530 rows), minimum required: 920
Warning: ../data/processed_H6/h6_flux88_abs20_surf0_781s - Sheet2.csv too short (521 rows), minimum required: 920
Warning: ../data/processed_H6/h6_flux88_abs20_surf1_675s - Sheet3.csv too short (662 rows), minimum required: 920
Fitting scalers on 9 valid training files
Scalers fitted and saved successfully
Warning: ../data/processed_H6/h6_flux78_abs0_surf0_newSalt_641s - Sheet1.csv too short (484 rows), minimum required: 920
Warning: ../data/processed_H6/h6_flux88_abs92_surf0_630s - Sheet2.csv too short (617 rows), minimum required: 920
Warning: ../data/processed_H6/h6_flux88_abs92_surf0_628s - Sheet4.csv too short (538 rows), minimum required: 920
Warning: ../data/processed_H6/h6_flux88_abs0_graphDisc_surf0_759s - Sheet1.csv too short (507 rows), minimum required: 920
Warning: ../data/processed_H6/h6_flux88_abs0_surf1_545s - Sheet2.csv too short (745 rows), minimum required: 920
Warning: ../data/processed_H6/h6_flux88_abs0_surf1_491s - Sheet3.csv too short (695 rows), minimum required: 920
Warning: ../data/processed_H6/h6_flux88_abs20_mr_surf0_537s - Sheet1.csv too short (503 rows), minimum required: 920
Warning: ../data/processed_H6/h6_flux78_abs0_surf0_745s - Sheet1.csv too short (641 rows), minimum required: 920
Warning: ../data/processed_H6/h6_flux88_abs20_surf0_699s - Sheet1.csv too short (445 rows), minimum required: 920
Warning: ../data/processed_H6/h6_flux73_abs0_surf1_754s - Sheet3.csv too short (494 rows), minimum required: 920
Warning: ../data/processed_H6/h6_flux73_abs0_surf0_newSalt_398s - Sheet1.csv too short (488 rows), minimum required: 920
Warning: ../data/processed_H6/h6_flux88_abs20_surf1_830s - Sheet2.csv too short (514 rows), minimum required: 920
Warning: ../data/processed_H6/h6_flux88_abs20_wr_surf0_734s - Sheet1.csv too short (501 rows), minimum required: 920
Warning: ../data/processed_H6/h6_flux88_abs92_surf0_648s - Sheet3.csv too short (620 rows), minimum required: 920
Warning: ../data/processed_H6/h6_flux78_abs0_surf1_newSalt_505s - Sheet3.csv too short (490 rows), minimum required: 920
Warning: ../data/processed_H6/h6_flux73_abs0_surf1_868s - Sheet2.csv too short (835 rows), minimum required: 920
Warning: ../data/processed_H6/h6_flux78_abs0_surf1_newSalt_851s - Sheet2.csv too short (554 rows), minimum required: 920
Warning: ../data/processed_H6/h6_flux88_abs0_surf0_longRun_643s - Sheet3.csv too short (868 rows), minimum required: 920
Warning: ../data/processed_H6/h6_flux88_abs20_surf0_651s - Sheet4.csv too short (505 rows), minimum required: 920
Warning: ../data/processed_H6/h6_flux88_abs0_wr_surf0_632s - Sheet1.csv too short (491 rows), minimum required: 920
Warning: ../data/processed_H6/h6_flux73_abs0_surf0_429s - Sheet2.csv too short (534 rows), minimum required: 920
Warning: ../data/processed_H6/h6_flux88_abs92_surf0_598s - Sheet1.csv too short (528 rows), minimum required: 920
Warning: ../data/processed_H6/h6_flux88_abs20_surf0_389s - Sheet3.csv too short (524 rows), minimum required: 920
Warning: ../data/processed_H6/h6_flux88_abs0_surf1_newSalt_689s - Sheet1.csv too short (594 rows), minimum required: 920
Warning: ../data/processed_H6/h6_flux78_abs0_surf0_523s - Sheet2.csv too short (516 rows), minimum required: 920
Warning: ../data/processed_H6/h6_flux73_abs0_surf0_511s - Sheet3.csv too short (621 rows), minimum required: 920
Warning: ../data/processed_H6/h6_flux88_abs0_surf0_800s - Sheet1.csv too short (568 rows), minimum required: 920
Warning: ../data/processed_H6/h6_flux73_abs0_surf0_868s - Sheet1.csv too short (530 rows), minimum required: 920
Warning: ../data/processed_H6/h6_flux88_abs20_surf0_781s - Sheet2.csv too short (521 rows), minimum required: 920
Warning: ../data/processed_H6/h6_flux88_abs20_surf1_675s - Sheet3.csv too short (662 rows), minimum required: 920
Generated 14368 train sequences from 39 files
Dataset initialized with 14368 sequences for train split
Input shape: time_series [20, 11], static_params [4]
Output shape: [10]
Power data: Dictionary with unscaled time/temps for power calculation
Prediction horizon: 900 (900 steps ahead)

==================================================
DATASET STATISTICS
==================================================
Files: 39 train, 10 val, 3 test
Valid files: 9, Invalid: 0
Training sequences: 14368
Prediction horizon: 900 (900 steps ahead)
Target calculation: Sequence end + 900 timesteps
Min sequence length required: 920
Data quality issues:
  - Files with outliers: 0
  - Files too short: 60
  - Files with missing data: 0
  - Median timestep: 1000.0 ms
==================================================

Found 52 CSV files
Split: 39 train, 10 val, 3 test files
Warning: ../data/processed_H6/h6_flux78_abs0_surf0_450s - Sheet3.csv too short (527 rows), minimum required: 920
Warning: ../data/processed_H6/h6_flux88_abs0_mr_surf0_617s - Sheet1.csv too short (496 rows), minimum required: 920
Warning: ../data/processed_H6/h6_flux88_abs92_wr_surf0_835s - Sheet1.csv too short (516 rows), minimum required: 920
Warning: ../data/processed_H6/h6_flux73_abs0_surf1_660s - Sheet1.csv too short (477 rows), minimum required: 920
Warning: ../data/processed_H6/h6_flux88_abs92_mr_surf0_580s - Sheet1.csv too short (589 rows), minimum required: 920
Warning: ../data/processed_H6/h6_flux78_abs0_surf1_newSalt_466s - Sheet1.csv too short (692 rows), minimum required: 920
Warning: ../data/processed_H6/h6_flux88_abs0_surf1_newSalt_573s - Sheet2.csv too short (716 rows), minimum required: 920
Warning: ../data/processed_H6/h6_flux88_abs20_surf1_613s - Sheet1.csv too short (509 rows), minimum required: 920
Generated 499 val sequences from 10 files
Dataset initialized with 499 sequences for val split
Input shape: time_series [20, 11], static_params [4]
Output shape: [10]
Power data: Dictionary with unscaled time/temps for power calculation
Prediction horizon: 900 (900 steps ahead)
Loaded pre-fitted scalers from ../models_TC10
Found 52 CSV files
Split: 39 train, 10 val, 3 test files
Generated 6720 test sequences from 3 files
Dataset initialized with 6720 sequences for test split
Input shape: time_series [20, 11], static_params [4]
Output shape: [10]
Power data: Dictionary with unscaled time/temps for power calculation
Prediction horizon: 900 (900 steps ahead)
Loaded pre-fitted scalers from ../models_TC10
Validating horizon consistency...
Horizon validation passed for prediction_horizon=900
Horizon validation passed for prediction_horizon=900
Horizon validation passed for prediction_horizon=900
Building model for L=20, H=900 (num_outputs=10, bin_target=False)...

Training model for L=20, H=900 (max_epochs=300, patience=50)...
  Epoch 1/300 — val_mae=73.1518  smooth=73.1518  best=73.1518  patience=0/50  lr=3.00e-05
  Epoch 11/300 — val_mae=157.3677  smooth=106.1136  best=63.3621  patience=9/50  lr=3.00e-04
  Epoch 21/300 — val_mae=199.7272  smooth=173.5091  best=63.3621  patience=19/50  lr=2.99e-04
  Epoch 31/300 — val_mae=154.6273  smooth=108.9467  best=63.3621  patience=29/50  lr=2.97e-04
  Epoch 41/300 — val_mae=158.6158  smooth=160.0365  best=63.3621  patience=39/50  lr=2.92e-04
  Epoch 51/300 — val_mae=182.3738  smooth=162.0356  best=63.3621  patience=49/50  lr=2.86e-04
  Epoch 52/300 — val_mae=162.0825  smooth=163.9221  best=63.3621  patience=50/50  lr=2.85e-04

[Early Stop] Smoothed val_mae no improvement for 50 epochs. Stopping at epoch 52.


Evaluating best model for L=20, H=900 (best epoch=2)...

TEST SET EVALUATION (UNSCALED - HORIZON = 900 steps):
   MAE:  7.61 K
   RMSE: 12.78 K
   R²:   0.675882
   Physics Loss: 0.000000
   Constraint Loss: 0.000000
   Power Balance Loss: 0.000000
   Per-sensor MAE (K): TC1=7.06  TC2=7.60  TC3=6.39  TC4=6.31  TC5=6.42  TC6=5.93  TC7=10.87  TC8=8.84  TC9=9.64  TC10=7.05
   Per-file:
      MAE= 17.46 K  RMSE= 22.89  R2=-9.4621  n=  740  h6_flux73_abs0_surf0_longRun_1658s - Sheet1.csv
      MAE=  7.56 K  RMSE= 13.63  R2=-2.7124  n= 3155  h6_flux88_abs0_surf0_longRun_762s - Sheet1.csv
      MAE=  5.08 K  RMSE=  6.63  R2= 0.9560  n= 2825  h6_flux88_abs92_surf0_longRun_618s - Sheet1.csv

TEST SET EVALUATION (UNSCALED - HORIZON = 900 steps):
   MAE:  7.61 K
   RMSE: 12.78 K
   R²:   0.675882
   Physics Loss: 2.656272
   Constraint Loss: 0.000000
   Power Balance Loss: 208.238574
   Per-sensor MAE (K): TC1=7.06  TC2=7.60  TC3=6.39  TC4=6.31  TC5=6.42  TC6=5.93  TC7=10.87  TC8=8.84  TC9=9.64  TC10=7.05
   Per-file:
      MAE= 17.46 K  RMSE= 22.89  R2=-9.4621  n=  740  h6_flux73_abs0_surf0_longRun_1658s - Sheet1.csv
      MAE=  7.56 K  RMSE= 13.63  R2=-2.7124  n= 3155  h6_flux88_abs0_surf0_longRun_762s - Sheet1.csv
      MAE=  5.08 K  RMSE=  6.63  R2= 0.9560  n= 2825  h6_flux88_abs92_surf0_longRun_618s - Sheet1.csv
[REPRO-CHECK OK] H=900: in-run 7.6105 == reloaded 7.6105 K

Generating profile plots for each test file (H=900)...
Extracting ACTUAL test file information...
Found test dataset: TempSequenceDataset
Found 3 test files in dataset.current_files
Found 6720 sample indices
Successfully mapped 6720 samples to ACTUAL filenames
First 5 sample-to-filename mappings:
   Sample 0: h6_flux73_abs0_surf0_longRun_1658s - Sheet1.csv
   Sample 1: h6_flux73_abs0_surf0_longRun_1658s - Sheet1.csv
   Sample 2: h6_flux73_abs0_surf0_longRun_1658s - Sheet1.csv
   Sample 3: h6_flux73_abs0_surf0_longRun_1658s - Sheet1.csv
   Sample 4: h6_flux73_abs0_surf0_longRun_1658s - Sheet1.csv
File: h6_flux73_abs0_surf0_longRun_1658s - Sheet1.csv
Time stamp: 991.0s
Actual:
[359.89 359.32 359.24 360.12 359.72 361.49 360.08 359.94 358.3  341.35]
Predicted:
[365.53 360.54 357.26 358.44 361.28 360.14 357.92 358.41 356.45 341.42]
----------------------------------------
Saved profile plot: output/tc10_all_H900_s7_L20_H900/profile_plots_H900/h6_flux73_abs0_surf0_longRun_1658s - Sheet1_H900_profiles.png
File: h6_flux88_abs0_surf0_longRun_762s - Sheet1.csv
Time stamp: 3921.0s
Actual:
[386.76 384.7  387.69 387.71 387.52 389.36 389.29 390.01 389.93 382.82]
Predicted:
[386.47 382.6  388.76 387.61 388.7  388.85 393.8  394.18 394.04 378.41]
----------------------------------------
Saved profile plot: output/tc10_all_H900_s7_L20_H900/profile_plots_H900/h6_flux88_abs0_surf0_longRun_762s - Sheet1_H900_profiles.png
File: h6_flux88_abs92_surf0_longRun_618s - Sheet1.csv
Time stamp: 2543.0s
Actual:
[323.89 327.97 337.28 347.59 354.83 370.16 379.15 392.64 418.83 418.26]
Predicted:
[324.5  330.52 336.64 345.13 350.42 370.62 369.53 397.42 417.46 418.38]
----------------------------------------
Saved profile plot: output/tc10_all_H900_s7_L20_H900/profile_plots_H900/h6_flux88_abs92_surf0_longRun_618s - Sheet1_H900_profiles.png
Profile plots for horizon 900 saved to: output/tc10_all_H900_s7_L20_H900/profile_plots_H900

============================================================
POWER BALANCE ANALYSIS (HORIZON = 900 steps)
============================================================
Samples analyzed: 512
Prediction horizon: 900 steps

INCOMING POWER STATISTICS:
  Mean: 163.22 W
  Std:  0.00 W
  Min:  163.22 W
  Max:  163.22 W

TOTAL ACTUAL POWER (sum of 9 bins):
  Mean: -59.86 W
  Std:  2.31 W
  Min:  -62.92 W
  Max:  -52.42 W

TOTAL PREDICTED POWER (sum of 9 bins):
  Mean: -61.77 W
  Std:  8.74 W
  Min:  -93.64 W
  Max:  -43.20 W

POWER BALANCE RATIOS:
  Actual/Incoming ratio - Mean: -0.367, Std: 0.014
  Predicted/Incoming ratio - Mean: -0.378, Std: 0.054

ENERGY CONSERVATION VIOLATIONS:
  Actual power > incoming: 0/512 (0.0%)
  Predicted power > incoming: 0/512 (0.0%)

SUCCESS: Real power data extracted and analyzed (horizon = 900 steps)!
Performance metrics saved to CSV: output/tc10_all_H900_s7_L20_H900/performance_metrics.csv
  H=900 seed=7: run1_abs0=16.21  762_abs0=16.04  abs92_618=5.43   mean=12.56
  >>> H=900 WINNER seed=7  mean=12.56 K  -> output/tc10_best_L20_H900

######################################################################
# HORIZON H=60  (seeds [123, 42, 7])
######################################################################

================================================================================
RUNNING SINGLE EXPERIMENT WITH PROFILES: L=20, H=60
================================================================================
Config updated: L=20, H=60
   Output dir: output/tc10_all_H60_s123_L20_H60
   Run tag: tc10_all_H60_s123_L20_H60
   Paper fig dir: output/tc10_all_H60_s123_L20_H60/paper_figs
Using device: mps

Loading datasets for L=20, H=60...
Found 52 CSV files
Split: 39 train, 10 val, 3 test files
Fitting scalers on 39 valid training files
Scalers fitted and saved successfully
Generated 36691 train sequences from 39 files
Dataset initialized with 36691 sequences for train split
Input shape: time_series [20, 11], static_params [4]
Output shape: [10]
Power data: Dictionary with unscaled time/temps for power calculation
Prediction horizon: 60 (60 steps ahead)

==================================================
DATASET STATISTICS
==================================================
Files: 39 train, 10 val, 3 test
Valid files: 39, Invalid: 0
Training sequences: 36691
Prediction horizon: 60 (60 steps ahead)
Target calculation: Sequence end + 60 timesteps
Min sequence length required: 80
Data quality issues:
  - Files with outliers: 0
  - Files too short: 0
  - Files with missing data: 0
  - Median timestep: 1000.0 ms
==================================================

Found 52 CSV files
Split: 39 train, 10 val, 3 test files
Generated 6069 val sequences from 10 files
Dataset initialized with 6069 sequences for val split
Input shape: time_series [20, 11], static_params [4]
Output shape: [10]
Power data: Dictionary with unscaled time/temps for power calculation
Prediction horizon: 60 (60 steps ahead)
Loaded pre-fitted scalers from ../models_TC10
Found 52 CSV files
Split: 39 train, 10 val, 3 test files
Generated 9240 test sequences from 3 files
Dataset initialized with 9240 sequences for test split
Input shape: time_series [20, 11], static_params [4]
Output shape: [10]
Power data: Dictionary with unscaled time/temps for power calculation
Prediction horizon: 60 (60 steps ahead)
Loaded pre-fitted scalers from ../models_TC10
Validating horizon consistency...
Horizon validation passed for prediction_horizon=60
Horizon validation passed for prediction_horizon=60
Horizon validation passed for prediction_horizon=60
Building model for L=20, H=60 (num_outputs=10, bin_target=False)...

Training model for L=20, H=60 (max_epochs=300, patience=50)...
  Epoch 1/300 — val_mae=6.2595  smooth=6.2595  best=6.2595  patience=0/50  lr=3.00e-05
  Epoch 11/300 — val_mae=6.8474  smooth=6.8492  best=5.8427  patience=8/50  lr=3.00e-04
  Epoch 21/300 — val_mae=7.4095  smooth=6.3891  best=3.8023  patience=3/50  lr=2.99e-04
  Epoch 31/300 — val_mae=6.5246  smooth=7.4829  best=3.8023  patience=13/50  lr=2.97e-04
  Epoch 41/300 — val_mae=8.1455  smooth=7.9922  best=3.8023  patience=23/50  lr=2.92e-04
  Epoch 51/300 — val_mae=6.3893  smooth=7.6566  best=3.8023  patience=33/50  lr=2.86e-04
  Epoch 61/300 — val_mae=8.1190  smooth=7.6608  best=3.8023  patience=43/50  lr=2.79e-04
  Epoch 68/300 — val_mae=4.6752  smooth=6.1727  best=3.8023  patience=50/50  lr=2.72e-04

[Early Stop] Smoothed val_mae no improvement for 50 epochs. Stopping at epoch 68.


Evaluating best model for L=20, H=60 (best epoch=18)...

TEST SET EVALUATION (UNSCALED - HORIZON = 60 steps):
   MAE:  0.89 K
   RMSE: 1.22 K
   R²:   0.996336
   Physics Loss: 0.000000
   Constraint Loss: 0.000000
   Power Balance Loss: 0.000000
   Per-sensor MAE (K): TC1=1.04  TC2=0.90  TC3=0.66  TC4=0.68  TC5=0.78  TC6=0.68  TC7=0.71  TC8=0.64  TC9=1.11  TC10=1.65
   Per-file:
      MAE=  1.54 K  RMSE=  1.91  R2= 0.9605  n= 1580  h6_flux73_abs0_surf0_longRun_1658s - Sheet1.csv
      MAE=  0.85 K  RMSE=  1.04  R2= 0.9864  n= 3995  h6_flux88_abs0_surf0_longRun_762s - Sheet1.csv
      MAE=  0.64 K  RMSE=  1.00  R2= 0.9988  n= 3665  h6_flux88_abs92_surf0_longRun_618s - Sheet1.csv

TEST SET EVALUATION (UNSCALED - HORIZON = 60 steps):
   MAE:  0.89 K
   RMSE: 1.22 K
   R²:   0.996336
   Physics Loss: 3.928930
   Constraint Loss: 0.000000
   Power Balance Loss: 196.820741
   Per-sensor MAE (K): TC1=1.04  TC2=0.90  TC3=0.66  TC4=0.68  TC5=0.78  TC6=0.68  TC7=0.71  TC8=0.64  TC9=1.11  TC10=1.65
   Per-file:
      MAE=  1.54 K  RMSE=  1.91  R2= 0.9605  n= 1580  h6_flux73_abs0_surf0_longRun_1658s - Sheet1.csv
      MAE=  0.85 K  RMSE=  1.04  R2= 0.9864  n= 3995  h6_flux88_abs0_surf0_longRun_762s - Sheet1.csv
      MAE=  0.64 K  RMSE=  1.00  R2= 0.9988  n= 3665  h6_flux88_abs92_surf0_longRun_618s - Sheet1.csv
[REPRO-CHECK OK] H=60: in-run 0.8857 == reloaded 0.8857 K

Generating profile plots for each test file (H=60)...
Extracting ACTUAL test file information...
Found test dataset: TempSequenceDataset
Found 3 test files in dataset.current_files
Found 9240 sample indices
Successfully mapped 9240 samples to ACTUAL filenames
First 5 sample-to-filename mappings:
   Sample 0: h6_flux73_abs0_surf0_longRun_1658s - Sheet1.csv
   Sample 1: h6_flux73_abs0_surf0_longRun_1658s - Sheet1.csv
   Sample 2: h6_flux73_abs0_surf0_longRun_1658s - Sheet1.csv
   Sample 3: h6_flux73_abs0_surf0_longRun_1658s - Sheet1.csv
   Sample 4: h6_flux73_abs0_surf0_longRun_1658s - Sheet1.csv
File: h6_flux73_abs0_surf0_longRun_1658s - Sheet1.csv
Time stamp: 1221.0s
Actual:
[358.49 356.91 359.04 359.58 359.01 360.63 359.95 360.21 357.75 345.03]
Predicted:
[358.85 357.43 359.36 358.62 359.17 359.71 358.42 360.39 357.95 343.02]
----------------------------------------
Saved profile plot: output/tc10_all_H60_s123_L20_H60/profile_plots_H60/h6_flux73_abs0_surf0_longRun_1658s - Sheet1_H60_profiles.png
File: h6_flux88_abs0_surf0_longRun_762s - Sheet1.csv
Time stamp: 177.0s
Actual:
[361.45 359.95 361.25 361.51 361.21 363.32 361.23 362.67 362.24 352.52]
Predicted:
[361.44 359.98 361.05 361.57 362.15 363.68 360.83 362.46 362.19 352.35]
----------------------------------------
Saved profile plot: output/tc10_all_H60_s123_L20_H60/profile_plots_H60/h6_flux88_abs0_surf0_longRun_762s - Sheet1_H60_profiles.png
File: h6_flux88_abs92_surf0_longRun_618s - Sheet1.csv
Time stamp: 3208.0s
Actual:
[321.26 325.78 335.91 347.64 355.97 372.65 382.31 395.97 420.92 419.5 ]
Predicted:
[321.17 326.14 335.67 347.1  355.96 373.11 382.38 396.32 421.36 419.35]
----------------------------------------
Saved profile plot: output/tc10_all_H60_s123_L20_H60/profile_plots_H60/h6_flux88_abs92_surf0_longRun_618s - Sheet1_H60_profiles.png
Profile plots for horizon 60 saved to: output/tc10_all_H60_s123_L20_H60/profile_plots_H60

============================================================
POWER BALANCE ANALYSIS (HORIZON = 60 steps)
============================================================
Samples analyzed: 512
Prediction horizon: 60 steps

INCOMING POWER STATISTICS:
  Mean: 163.22 W
  Std:  0.00 W
  Min:  163.22 W
  Max:  163.22 W

TOTAL ACTUAL POWER (sum of 9 bins):
  Mean: -35.60 W
  Std:  61.78 W
  Min:  -152.94 W
  Max:  39.28 W

TOTAL PREDICTED POWER (sum of 9 bins):
  Mean: -38.78 W
  Std:  19.74 W
  Min:  -85.88 W
  Max:  17.48 W

POWER BALANCE RATIOS:
  Actual/Incoming ratio - Mean: -0.218, Std: 0.379
  Predicted/Incoming ratio - Mean: -0.238, Std: 0.121

ENERGY CONSERVATION VIOLATIONS:
  Actual power > incoming: 0/512 (0.0%)
  Predicted power > incoming: 0/512 (0.0%)

SUCCESS: Real power data extracted and analyzed (horizon = 60 steps)!
Performance metrics saved to CSV: output/tc10_all_H60_s123_L20_H60/performance_metrics.csv
  H=60 seed=123: run1_abs0=1.41  762_abs0=2.10  abs92_618=2.79   mean=2.10

================================================================================
RUNNING SINGLE EXPERIMENT WITH PROFILES: L=20, H=60
================================================================================
Config updated: L=20, H=60
   Output dir: output/tc10_all_H60_s42_L20_H60
   Run tag: tc10_all_H60_s42_L20_H60
   Paper fig dir: output/tc10_all_H60_s42_L20_H60/paper_figs
Using device: mps

Loading datasets for L=20, H=60...
Found 52 CSV files
Split: 39 train, 10 val, 3 test files
Fitting scalers on 39 valid training files
Scalers fitted and saved successfully
Generated 36691 train sequences from 39 files
Dataset initialized with 36691 sequences for train split
Input shape: time_series [20, 11], static_params [4]
Output shape: [10]
Power data: Dictionary with unscaled time/temps for power calculation
Prediction horizon: 60 (60 steps ahead)

==================================================
DATASET STATISTICS
==================================================
Files: 39 train, 10 val, 3 test
Valid files: 39, Invalid: 0
Training sequences: 36691
Prediction horizon: 60 (60 steps ahead)
Target calculation: Sequence end + 60 timesteps
Min sequence length required: 80
Data quality issues:
  - Files with outliers: 0
  - Files too short: 0
  - Files with missing data: 0
  - Median timestep: 1000.0 ms
==================================================

Found 52 CSV files
Split: 39 train, 10 val, 3 test files
Generated 6069 val sequences from 10 files
Dataset initialized with 6069 sequences for val split
Input shape: time_series [20, 11], static_params [4]
Output shape: [10]
Power data: Dictionary with unscaled time/temps for power calculation
Prediction horizon: 60 (60 steps ahead)
Loaded pre-fitted scalers from ../models_TC10
Found 52 CSV files
Split: 39 train, 10 val, 3 test files
Generated 9240 test sequences from 3 files
Dataset initialized with 9240 sequences for test split
Input shape: time_series [20, 11], static_params [4]
Output shape: [10]
Power data: Dictionary with unscaled time/temps for power calculation
Prediction horizon: 60 (60 steps ahead)
Loaded pre-fitted scalers from ../models_TC10
Validating horizon consistency...
Horizon validation passed for prediction_horizon=60
Horizon validation passed for prediction_horizon=60
Horizon validation passed for prediction_horizon=60
Building model for L=20, H=60 (num_outputs=10, bin_target=False)...

Training model for L=20, H=60 (max_epochs=300, patience=50)...
  Epoch 1/300 — val_mae=6.4460  smooth=6.4460  best=6.4460  patience=0/50  lr=3.00e-05
  Epoch 11/300 — val_mae=3.0680  smooth=5.6885  best=5.6885  patience=0/50  lr=3.00e-04
  Epoch 21/300 — val_mae=6.9830  smooth=7.0629  best=5.1007  patience=9/50  lr=2.99e-04
  Epoch 31/300 — val_mae=6.7088  smooth=6.2804  best=5.1007  patience=19/50  lr=2.97e-04
  Epoch 41/300 — val_mae=4.9442  smooth=6.9668  best=5.1007  patience=29/50  lr=2.92e-04
  Epoch 51/300 — val_mae=8.3681  smooth=8.3293  best=5.1007  patience=39/50  lr=2.86e-04
  Epoch 61/300 — val_mae=8.4340  smooth=8.4920  best=5.1007  patience=49/50  lr=2.79e-04
  Epoch 62/300 — val_mae=8.8363  smooth=8.5660  best=5.1007  patience=50/50  lr=2.78e-04

[Early Stop] Smoothed val_mae no improvement for 50 epochs. Stopping at epoch 62.


Evaluating best model for L=20, H=60 (best epoch=12)...

TEST SET EVALUATION (UNSCALED - HORIZON = 60 steps):
   MAE:  1.16 K
   RMSE: 1.46 K
   R²:   0.994808
   Physics Loss: 0.000000
   Constraint Loss: 0.000000
   Power Balance Loss: 0.000000
   Per-sensor MAE (K): TC1=1.00  TC2=0.96  TC3=0.50  TC4=1.73  TC5=1.66  TC6=1.23  TC7=1.37  TC8=0.68  TC9=1.04  TC10=1.45
   Per-file:
      MAE=  1.55 K  RMSE=  2.00  R2= 0.9569  n= 1580  h6_flux73_abs0_surf0_longRun_1658s - Sheet1.csv
      MAE=  1.09 K  RMSE=  1.29  R2= 0.9980  n= 3665  h6_flux88_abs92_surf0_longRun_618s - Sheet1.csv
      MAE=  1.07 K  RMSE=  1.35  R2= 0.9775  n= 3995  h6_flux88_abs0_surf0_longRun_762s - Sheet1.csv

TEST SET EVALUATION (UNSCALED - HORIZON = 60 steps):
   MAE:  1.16 K
   RMSE: 1.46 K
   R²:   0.994808
   Physics Loss: 4.869156
   Constraint Loss: 0.000000
   Power Balance Loss: 231.554882
   Per-sensor MAE (K): TC1=1.00  TC2=0.96  TC3=0.50  TC4=1.73  TC5=1.66  TC6=1.23  TC7=1.37  TC8=0.68  TC9=1.04  TC10=1.45
   Per-file:
      MAE=  1.55 K  RMSE=  2.00  R2= 0.9569  n= 1580  h6_flux73_abs0_surf0_longRun_1658s - Sheet1.csv
      MAE=  1.09 K  RMSE=  1.29  R2= 0.9980  n= 3665  h6_flux88_abs92_surf0_longRun_618s - Sheet1.csv
      MAE=  1.07 K  RMSE=  1.35  R2= 0.9775  n= 3995  h6_flux88_abs0_surf0_longRun_762s - Sheet1.csv
[REPRO-CHECK OK] H=60: in-run 1.1613 == reloaded 1.1613 K

Generating profile plots for each test file (H=60)...
Extracting ACTUAL test file information...
Found test dataset: TempSequenceDataset
Found 3 test files in dataset.current_files
Found 9240 sample indices
Successfully mapped 9240 samples to ACTUAL filenames
First 5 sample-to-filename mappings:
   Sample 0: h6_flux73_abs0_surf0_longRun_1658s - Sheet1.csv
   Sample 1: h6_flux73_abs0_surf0_longRun_1658s - Sheet1.csv
   Sample 2: h6_flux73_abs0_surf0_longRun_1658s - Sheet1.csv
   Sample 3: h6_flux73_abs0_surf0_longRun_1658s - Sheet1.csv
   Sample 4: h6_flux73_abs0_surf0_longRun_1658s - Sheet1.csv
File: h6_flux73_abs0_surf0_longRun_1658s - Sheet1.csv
Time stamp: 1118.0s
Actual:
[358.62 357.67 359.2  359.65 359.11 360.77 359.96 360.19 357.49 344.48]
Predicted:
[357.69 357.32 360.22 360.16 359.09 359.88 359.59 358.14 357.16 342.34]
----------------------------------------
Saved profile plot: output/tc10_all_H60_s42_L20_H60/profile_plots_H60/h6_flux73_abs0_surf0_longRun_1658s - Sheet1_H60_profiles.png
File: h6_flux88_abs0_surf0_longRun_762s - Sheet1.csv
Time stamp: 3995.0s
Actual:
[387.19 385.05 388.04 387.79 387.73 389.61 389.67 390.05 390.09 382.79]
Predicted:
[386.48 384.88 388.05 386.03 386.49 388.71 388.44 390.07 390.36 383.06]
----------------------------------------
Saved profile plot: output/tc10_all_H60_s42_L20_H60/profile_plots_H60/h6_flux88_abs0_surf0_longRun_762s - Sheet1_H60_profiles.png
File: h6_flux88_abs92_surf0_longRun_618s - Sheet1.csv
Time stamp: 2812.0s
Actual:
[322.63 326.93 336.57 347.54 355.23 371.2  380.54 394.13 419.81 418.34]
Predicted:
[322.35 328.13 336.61 346.53 354.01 372.57 379.5  394.66 419.2  417.99]
----------------------------------------
Saved profile plot: output/tc10_all_H60_s42_L20_H60/profile_plots_H60/h6_flux88_abs92_surf0_longRun_618s - Sheet1_H60_profiles.png
Profile plots for horizon 60 saved to: output/tc10_all_H60_s42_L20_H60/profile_plots_H60

============================================================
POWER BALANCE ANALYSIS (HORIZON = 60 steps)
============================================================
Samples analyzed: 512
Prediction horizon: 60 steps

INCOMING POWER STATISTICS:
  Mean: 163.22 W
  Std:  0.00 W
  Min:  163.22 W
  Max:  163.22 W

TOTAL ACTUAL POWER (sum of 9 bins):
  Mean: -35.60 W
  Std:  61.78 W
  Min:  -152.94 W
  Max:  39.28 W

TOTAL PREDICTED POWER (sum of 9 bins):
  Mean: -74.61 W
  Std:  18.12 W
  Min:  -121.47 W
  Max:  -12.39 W

POWER BALANCE RATIOS:
  Actual/Incoming ratio - Mean: -0.218, Std: 0.379
  Predicted/Incoming ratio - Mean: -0.457, Std: 0.111

ENERGY CONSERVATION VIOLATIONS:
  Actual power > incoming: 0/512 (0.0%)
  Predicted power > incoming: 0/512 (0.0%)

SUCCESS: Real power data extracted and analyzed (horizon = 60 steps)!
Performance metrics saved to CSV: output/tc10_all_H60_s42_L20_H60/performance_metrics.csv
  H=60 seed=42: run1_abs0=1.39  762_abs0=1.30  abs92_618=1.52   mean=1.41

================================================================================
RUNNING SINGLE EXPERIMENT WITH PROFILES: L=20, H=60
================================================================================
Config updated: L=20, H=60
   Output dir: output/tc10_all_H60_s7_L20_H60
   Run tag: tc10_all_H60_s7_L20_H60
   Paper fig dir: output/tc10_all_H60_s7_L20_H60/paper_figs
Using device: mps

Loading datasets for L=20, H=60...
Found 52 CSV files
Split: 39 train, 10 val, 3 test files
Fitting scalers on 39 valid training files
Scalers fitted and saved successfully
Generated 36691 train sequences from 39 files
Dataset initialized with 36691 sequences for train split
Input shape: time_series [20, 11], static_params [4]
Output shape: [10]
Power data: Dictionary with unscaled time/temps for power calculation
Prediction horizon: 60 (60 steps ahead)

==================================================
DATASET STATISTICS
==================================================
Files: 39 train, 10 val, 3 test
Valid files: 39, Invalid: 0
Training sequences: 36691
Prediction horizon: 60 (60 steps ahead)
Target calculation: Sequence end + 60 timesteps
Min sequence length required: 80
Data quality issues:
  - Files with outliers: 0
  - Files too short: 0
  - Files with missing data: 0
  - Median timestep: 1000.0 ms
==================================================

Found 52 CSV files
Split: 39 train, 10 val, 3 test files
Generated 6069 val sequences from 10 files
Dataset initialized with 6069 sequences for val split
Input shape: time_series [20, 11], static_params [4]
Output shape: [10]
Power data: Dictionary with unscaled time/temps for power calculation
Prediction horizon: 60 (60 steps ahead)
Loaded pre-fitted scalers from ../models_TC10
Found 52 CSV files
Split: 39 train, 10 val, 3 test files
Generated 9240 test sequences from 3 files
Dataset initialized with 9240 sequences for test split
Input shape: time_series [20, 11], static_params [4]
Output shape: [10]
Power data: Dictionary with unscaled time/temps for power calculation
Prediction horizon: 60 (60 steps ahead)
Loaded pre-fitted scalers from ../models_TC10
Validating horizon consistency...
Horizon validation passed for prediction_horizon=60
Horizon validation passed for prediction_horizon=60
Horizon validation passed for prediction_horizon=60
Building model for L=20, H=60 (num_outputs=10, bin_target=False)...

Training model for L=20, H=60 (max_epochs=300, patience=50)...
  Epoch 1/300 — val_mae=5.8061  smooth=5.8061  best=5.8061  patience=0/50  lr=3.00e-05
  Epoch 11/300 — val_mae=3.6057  smooth=5.9170  best=5.0902  patience=9/50  lr=3.00e-04
  Epoch 21/300 — val_mae=8.5390  smooth=7.5109  best=4.2861  patience=6/50  lr=2.99e-04
  Epoch 31/300 — val_mae=6.9783  smooth=7.1921  best=4.2861  patience=16/50  lr=2.97e-04
  Epoch 41/300 — val_mae=6.5305  smooth=8.1174  best=4.2861  patience=26/50  lr=2.92e-04
  Epoch 51/300 — val_mae=8.4035  smooth=6.6412  best=4.2861  patience=36/50  lr=2.86e-04
  Epoch 61/300 — val_mae=6.3449  smooth=6.7002  best=4.2861  patience=46/50  lr=2.79e-04
  Epoch 65/300 — val_mae=6.9212  smooth=7.0975  best=4.2861  patience=50/50  lr=2.75e-04

[Early Stop] Smoothed val_mae no improvement for 50 epochs. Stopping at epoch 65.


Evaluating best model for L=20, H=60 (best epoch=15)...

TEST SET EVALUATION (UNSCALED - HORIZON = 60 steps):
   MAE:  1.41 K
   RMSE: 1.94 K
   R²:   0.990808
   Physics Loss: 0.000000
   Constraint Loss: 0.000000
   Power Balance Loss: 0.000000
   Per-sensor MAE (K): TC1=1.64  TC2=1.18  TC3=0.97  TC4=2.31  TC5=1.14  TC6=1.48  TC7=1.27  TC8=0.95  TC9=1.26  TC10=1.94
   Per-file:
      MAE=  1.75 K  RMSE=  2.47  R2= 0.9927  n= 3665  h6_flux88_abs92_surf0_longRun_618s - Sheet1.csv
      MAE=  1.23 K  RMSE=  1.68  R2= 0.9696  n= 1580  h6_flux73_abs0_surf0_longRun_1658s - Sheet1.csv
      MAE=  1.18 K  RMSE=  1.41  R2= 0.9753  n= 3995  h6_flux88_abs0_surf0_longRun_762s - Sheet1.csv

TEST SET EVALUATION (UNSCALED - HORIZON = 60 steps):
   MAE:  1.41 K
   RMSE: 1.94 K
   R²:   0.990808
   Physics Loss: 5.961355
   Constraint Loss: 0.000000
   Power Balance Loss: 182.392028
   Per-sensor MAE (K): TC1=1.64  TC2=1.18  TC3=0.97  TC4=2.31  TC5=1.14  TC6=1.48  TC7=1.27  TC8=0.95  TC9=1.26  TC10=1.94
   Per-file:
      MAE=  1.75 K  RMSE=  2.47  R2= 0.9927  n= 3665  h6_flux88_abs92_surf0_longRun_618s - Sheet1.csv
      MAE=  1.23 K  RMSE=  1.68  R2= 0.9696  n= 1580  h6_flux73_abs0_surf0_longRun_1658s - Sheet1.csv
      MAE=  1.18 K  RMSE=  1.41  R2= 0.9753  n= 3995  h6_flux88_abs0_surf0_longRun_762s - Sheet1.csv
[REPRO-CHECK OK] H=60: in-run 1.4136 == reloaded 1.4136 K

Generating profile plots for each test file (H=60)...
Extracting ACTUAL test file information...
Found test dataset: TempSequenceDataset
Found 3 test files in dataset.current_files
Found 9240 sample indices
Successfully mapped 9240 samples to ACTUAL filenames
First 5 sample-to-filename mappings:
   Sample 0: h6_flux73_abs0_surf0_longRun_1658s - Sheet1.csv
   Sample 1: h6_flux73_abs0_surf0_longRun_1658s - Sheet1.csv
   Sample 2: h6_flux73_abs0_surf0_longRun_1658s - Sheet1.csv
   Sample 3: h6_flux73_abs0_surf0_longRun_1658s - Sheet1.csv
   Sample 4: h6_flux73_abs0_surf0_longRun_1658s - Sheet1.csv
File: h6_flux73_abs0_surf0_longRun_1658s - Sheet1.csv
Time stamp: 1408.0s
Actual:
[357.3  355.65 358.16 358.41 358.   359.93 358.55 358.76 355.33 343.43]
Predicted:
[356.61 354.8  357.87 358.29 357.96 359.68 359.04 359.17 355.41 343.59]
----------------------------------------
Saved profile plot: output/tc10_all_H60_s7_L20_H60/profile_plots_H60/h6_flux73_abs0_surf0_longRun_1658s - Sheet1_H60_profiles.png
File: h6_flux88_abs0_surf0_longRun_762s - Sheet1.csv
Time stamp: 1646.0s
Actual:
[371.44 369.1  372.27 372.27 372.24 373.63 373.73 373.96 371.91 364.62]
Predicted:
[373.66 369.47 372.5  373.59 372.22 374.97 374.32 373.66 372.32 365.21]
----------------------------------------
Saved profile plot: output/tc10_all_H60_s7_L20_H60/profile_plots_H60/h6_flux88_abs0_surf0_longRun_762s - Sheet1_H60_profiles.png
File: h6_flux88_abs92_surf0_longRun_618s - Sheet1.csv
Time stamp: 857.0s
Actual:
[338.63 340.9  347.25 351.07 352.8  359.59 363.57 373.25 401.87 404.36]
Predicted:
[339.94 341.53 347.15 351.5  353.81 359.09 362.88 373.46 402.11 403.75]
----------------------------------------
Saved profile plot: output/tc10_all_H60_s7_L20_H60/profile_plots_H60/h6_flux88_abs92_surf0_longRun_618s - Sheet1_H60_profiles.png
Profile plots for horizon 60 saved to: output/tc10_all_H60_s7_L20_H60/profile_plots_H60

============================================================
POWER BALANCE ANALYSIS (HORIZON = 60 steps)
============================================================
Samples analyzed: 512
Prediction horizon: 60 steps

INCOMING POWER STATISTICS:
  Mean: 163.22 W
  Std:  0.00 W
  Min:  163.22 W
  Max:  163.22 W

TOTAL ACTUAL POWER (sum of 9 bins):
  Mean: -35.60 W
  Std:  61.78 W
  Min:  -152.94 W
  Max:  39.28 W

TOTAL PREDICTED POWER (sum of 9 bins):
  Mean: -70.52 W
  Std:  18.93 W
  Min:  -118.05 W
  Max:  -16.45 W

POWER BALANCE RATIOS:
  Actual/Incoming ratio - Mean: -0.218, Std: 0.379
  Predicted/Incoming ratio - Mean: -0.432, Std: 0.116

ENERGY CONSERVATION VIOLATIONS:
  Actual power > incoming: 0/512 (0.0%)
  Predicted power > incoming: 0/512 (0.0%)

SUCCESS: Real power data extracted and analyzed (horizon = 60 steps)!
Performance metrics saved to CSV: output/tc10_all_H60_s7_L20_H60/performance_metrics.csv
  H=60 seed=7: run1_abs0=1.22  762_abs0=1.10  abs92_618=2.10   mean=1.48
  >>> H=60 WINNER seed=42  mean=1.41 K  -> output/tc10_best_L20_H60


==============================================================================
FINAL TC10 BEST LADDER (held-out fresh MAE, K)
==============================================================================
    H  minutes  seed  run1_abs0   762_abs0  abs92_618
   60      1.0    42       1.39       1.30       1.52
  180      3.0     7       3.53       2.40       2.54
  300      5.0     7       5.41       1.89       3.48
  480      8.0     7       9.33      12.33       8.20
  600     10.0    42      14.62      24.58       9.62
  900     15.0     7      16.21      16.04       5.43

DONE. summary -> tc10_best_summary.json, ladder -> tc10_best_ladder.csv
