time,ir_center,ir_bulk,ir_p95,ir_p99,ir_p25,ir_std,ir_grad,ir_area
1.0,378.243896484375,372.97998046875,378.1999816894531,380.3577880859375,261.8199768066406,66.15432739257812,-1.56390380859375,108112
2.0,379.6231384277344,374.17999267578125,379.3599853515625,381.7799987792969,264.3399963378906,65.46493530273438,-1.78314208984375,108112
3.0,380.07342529296875,374.8999938964844,380.2200012207031,382.6600036621094,266.41998291015625,64.90232849121094,-1.47344970703125,108112
4.0,380.2095031738281,375.3999938964844,380.8399963378906,383.41998291015625,268.0199890136719,64.46392822265625,-1.009521484375,108112
5.0,380.8229675292969,375.8599853515625,381.3599853515625,383.8399963378906,269.7749938964844,63.85416030883789,-1.142974853515625,108112
6.0,381.5260925292969,376.2599792480469,381.97998046875,384.3777770996094,271.3999938964844,63.380958557128906,-1.32611083984375,108112
7.0,382.2266540527344,376.53997802734375,382.55999755859375,385.0199890136719,272.53497314453125,63.12565612792969,-1.50665283203125,108112
8.0,383.0133056640625,377.1199951171875,383.0799865722656,385.6999816894531,273.4549865722656,62.99840545654297,-1.733306884765625,108112
9.0,383.888671875,377.5199890136719,383.6600036621094,386.5199890136719,274.67999267578125,62.735774993896484,-2.0286865234375,108112
10.0,384.46435546875,377.94000244140625,384.03997802734375,387.1600036621094,275.7599792480469,62.42184066772461,-2.28436279296875,108112
11.0,384.86016845703125,378.8599853515625,384.7200012207031,387.7200012207031,276.6999816894531,62.419464111328125,-1.960174560546875,108112
12.0,385.98577880859375,379.55999755859375,385.5799865722656,388.3999938964844,277.3800048828125,62.370933532714844,-2.225799560546875,108112
13.0,386.523193359375,380.1600036621094,386.2200012207031,388.79998779296875,278.44000244140625,62.1839599609375,-2.10321044921875,108112
14.0,386.9951477050781,380.7200012207031,386.7200012207031,389.2599792480469,279.47998046875,62.03547286987305,-2.03515625,108112
15.0,387.6271667480469,381.7599792480469,387.2799987792969,389.6600036621094,280.3999938964844,62.09120559692383,-1.9871826171875,108112
16.0,388.202392578125,382.6600036621094,387.6999816894531,390.1600036621094,281.29998779296875,61.96433639526367,-2.002410888671875,108112
17.0,388.6751403808594,383.0999755859375,388.0999755859375,390.6199951171875,282.2599792480469,61.80589294433594,-2.055145263671875,108112
18.0,388.9140319824219,383.4599914550781,388.3999938964844,390.94000244140625,283.0199890136719,61.669944763183594,-2.0140380859375,108112
19.0,389.4551086425781,383.8199768066406,388.9599914550781,391.41998291015625,284.0199890136719,61.52992248535156,-2.05511474609375,108112
20.0,389.87628173828125,384.4599914550781,389.5199890136719,391.8599853515625,284.6399841308594,61.568389892578125,-1.89630126953125,108112
21.0,390.4126281738281,384.94000244140625,390.1399841308594,392.5,284.875,61.82356643676758,-1.872650146484375,108112
22.0,391.12420654296875,385.2799987792969,390.7799987792969,393.1999816894531,285.17999267578125,61.927555084228516,-2.02423095703125,108112
23.0,392.1115417480469,385.5999755859375,391.4599914550781,394.0999755859375,285.6999816894531,61.96267318725586,-2.431549072265625,108112
24.0,392.596923828125,386.1199951171875,391.8999938964844,394.6199951171875,286.2799987792969,61.960975646972656,-2.4769287109375,108112
25.0,392.6820983886719,386.47998046875,392.239990234375,394.739990234375,286.91497802734375,61.87975311279297,-2.22210693359375,108112
26.0,392.4374694824219,387.03997802734375,392.3999938964844,394.6600036621094,287.8800048828125,61.60930252075195,-1.61749267578125,108112
27.0,392.6488342285156,387.3399963378906,392.8199768066406,395.0,288.4549865722656,61.52530288696289,-1.468841552734375,108112
28.0,393.1016540527344,387.739990234375,393.3399963378906,395.53997802734375,288.6000061035156,61.60828399658203,-1.421661376953125,108112
29.0,393.5699157714844,388.17999267578125,393.6999816894531,395.8199768066406,288.9549865722656,61.72441482543945,-1.529937744140625,108112
30.0,394.0199890136719,388.53997802734375,393.739990234375,396.03997802734375,289.2799987792969,61.75253677368164,-1.839996337890625,108112
31.0,394.6562194824219,389.0199890136719,394.239990234375,396.5999755859375,289.47998046875,61.899131774902344,-1.976226806640625,108112
32.0,395.3418273925781,389.55999755859375,394.7200012207031,397.1399841308594,289.91497802734375,62.04894256591797,-2.221832275390625,108112
33.0,395.79888916015625,389.8999938964844,395.1199951171875,397.5199890136719,290.41497802734375,61.91828536987305,-2.29888916015625,108112
34.0,396.05181884765625,390.3399963378906,395.5199890136719,397.7799987792969,290.9549865722656,61.994232177734375,-2.1318359375,108112
35.0,396.3231506347656,390.94000244140625,395.8799743652344,398.1177978515625,291.53997802734375,61.85928726196289,-1.92315673828125,108112
36.0,396.4767761230469,391.2599792480469,396.239990234375,398.29998779296875,292.0,61.76443099975586,-1.736785888671875,108112
37.0,396.9012451171875,391.5,396.8599853515625,398.97998046875,292.44000244140625,61.79191589355469,-1.701263427734375,108112
38.0,397.1703186035156,391.8799743652344,397.239990234375,399.4599914550781,292.6999816894531,61.89481735229492,-1.65032958984375,108112
39.0,397.7076110839844,392.1600036621094,398.0,400.2799987792969,293.1949768066406,61.968563079833984,-1.527618408203125,108112
40.0,398.00042724609375,392.55999755859375,398.44000244140625,400.8399963378906,293.17498779296875,62.087799072265625,-1.40045166015625,108112
41.0,398.2940673828125,393.0999755859375,398.5,400.7799987792969,293.6199951171875,61.91067123413086,-1.474090576171875,108112
42.0,398.7545166015625,393.41998291015625,398.91998291015625,401.23779296875,294.3800048828125,61.741973876953125,-1.474517822265625,108112
43.0,398.9902038574219,393.8599853515625,399.55999755859375,401.5999755859375,294.9599914550781,61.76288986206055,-1.210205078125,108112
44.0,399.387451171875,394.239990234375,399.9599914550781,402.0,295.3399963378906,61.691612243652344,-1.20745849609375,108112
45.0,399.83538818359375,394.6999816894531,400.5799865722656,402.6199951171875,295.53997802734375,61.792686462402344,-1.055389404296875,108112
46.0,400.1976318359375,394.91998291015625,400.9599914550781,403.44000244140625,295.8800048828125,62.05221176147461,-1.15765380859375,108112
47.0,400.61260986328125,395.3399963378906,401.2599792480469,403.44000244140625,296.2549743652344,62.14889144897461,-1.25262451171875,108112
48.0,400.93115234375,395.8399963378906,401.6399841308594,403.79998779296875,296.91998291015625,62.075313568115234,-1.051177978515625,108112
49.0,401.40863037109375,396.55999755859375,402.0199890136719,404.05999755859375,297.2799987792969,62.00285720825195,-1.04864501953125,108112
50.0,401.7471008300781,396.8799743652344,402.2599792480469,404.41998291015625,297.67999267578125,61.958641052246094,-1.147125244140625,108112
51.0,401.974365234375,397.3199768066406,402.3999938964844,404.4599914550781,297.97998046875,61.98680114746094,-1.154388427734375,108112
52.0,402.47503662109375,397.97998046875,402.79998779296875,404.79998779296875,298.1949768066406,62.16259765625,-1.095062255859375,108112
53.0,402.9249267578125,398.3599853515625,403.17999267578125,405.0799865722656,298.3999938964844,62.373477935791016,-1.224945068359375,108112
54.0,403.46270751953125,398.7200012207031,403.6399841308594,405.5999755859375,298.5199890136719,62.525901794433594,-1.302703857421875,108112
55.0,403.6876525878906,398.9599914550781,403.97998046875,405.97998046875,298.9599914550781,62.57902526855469,-1.2276611328125,108112
56.0,404.0300598144531,399.47998046875,404.5,406.73779296875,299.2799987792969,62.7479362487793,-1.050079345703125,108112
57.0,404.49200439453125,399.7799987792969,405.1600036621094,407.29998779296875,299.1399841308594,62.955726623535156,-0.912017822265625,108112
58.0,404.7404479980469,400.0199890136719,405.5999755859375,407.8999938964844,299.3949890136719,62.956756591796875,-0.820465087890625,108112
59.0,405.3260803222656,400.29998779296875,405.79998779296875,408.2599792480469,299.6349792480469,63.007083892822266,-1.208099365234375,108112
60.0,405.8883972167969,400.6999816894531,406.2599792480469,408.6199951171875,300.1399841308594,62.970848083496094,-1.328399658203125,108112
61.0,406.3016357421875,401.0799865722656,406.8399963378906,409.03997802734375,300.6600036621094,62.900840759277344,-1.221649169921875,108112
62.0,406.47210693359375,401.5199890136719,407.17999267578125,409.6399841308594,300.7799987792969,62.91987991333008,-0.93212890625,108112
63.0,406.8009033203125,401.8799743652344,407.6089782714844,409.91998291015625,300.9749755859375,63.04252243041992,-0.840911865234375,108112
64.0,407.5278015136719,402.29998779296875,408.29998779296875,410.3777770996094,301.41497802734375,63.01579284667969,-1.027801513671875,108112
65.0,407.7040710449219,402.3799743652344,408.6889953613281,411.0,302.0,62.9377555847168,-1.006072998046875,108112
66.0,407.975830078125,403.0199890136719,408.8599853515625,411.0999755859375,301.8999938964844,63.14652633666992,-0.91583251953125,108112
67.0,408.7645568847656,403.3399963378906,409.3999938964844,411.5999755859375,302.17999267578125,63.095558166503906,-1.224578857421875,108112
68.0,409.24334716796875,403.7200012207031,409.7599792480469,412.08001708984375,302.3999938964844,63.26880645751953,-1.363372802734375,108112
69.0,409.1695556640625,404.1199951171875,409.8289794921875,412.29998779296875,302.7799987792969,63.306236267089844,-1.089569091796875,108112
70.0,409.7674560546875,404.5799865722656,410.5,412.58001708984375,302.8199768066406,63.46524429321289,-1.067474365234375,108112
71.0,410.2748107910156,405.17999267578125,410.7599792480469,412.82000732421875,302.7599792480469,63.646629333496094,-1.154815673828125,108112
72.0,410.5230407714844,405.4599914550781,410.94000244140625,412.97998046875,303.03997802734375,63.72576141357422,-1.2430419921875,108112
73.0,411.0942077636719,405.47998046875,411.03997802734375,413.65997314453125,303.17999267578125,63.79789733886719,-1.75421142578125,108112
74.0,410.75067138671875,405.8799743652344,411.05999755859375,413.32000732421875,303.6600036621094,63.60799026489258,-1.230682373046875,108112
75.0,411.0833435058594,406.41998291015625,411.6199951171875,413.55999755859375,303.8199768066406,63.6945915222168,-1.043365478515625,108112
76.0,411.25299072265625,406.5199890136719,411.7799987792969,413.719970703125,304.2549743652344,63.6467399597168,-1.032989501953125,108112
77.0,411.2213134765625,406.44000244140625,412.1199951171875,414.260009765625,304.3599853515625,63.535091400146484,-0.841339111328125,108112
78.0,411.91082763671875,406.8599853515625,412.719970703125,414.8399658203125,304.6600036621094,63.622581481933594,-1.010833740234375,108112
79.0,412.1162109375,406.9599914550781,412.8800048828125,415.29998779296875,304.85498046875,63.72218704223633,-1.07623291015625,108112
80.0,412.4746398925781,407.2799987792969,413.2289733886719,415.39996337890625,305.0799865722656,63.79184341430664,-1.054656982421875,108112
81.0,412.91815185546875,407.6199951171875,413.5,415.6400146484375,305.2200012207031,63.88475799560547,-1.29815673828125,108112
82.0,412.8057556152344,407.8999938964844,413.739990234375,415.82000732421875,305.5799865722656,63.79715347290039,-0.885772705078125,108112
83.0,413.430419921875,408.1199951171875,414.05999755859375,416.219970703125,305.44000244140625,64.0321273803711,-1.11041259765625,108112
84.0,413.23626708984375,408.3599853515625,414.3399658203125,416.55999755859375,305.7200012207031,63.92748260498047,-0.67626953125,108112
85.0,413.9762878417969,408.47998046875,414.70001220703125,416.89776611328125,305.8399963378906,63.9846076965332,-1.196319580078125,108112
86.0,413.8803405761719,408.6399841308594,414.6400146484375,416.8599853515625,306.239990234375,63.938175201416016,-1.200347900390625,108112
87.0,414.5809631347656,408.9599914550781,415.3399658203125,417.739990234375,306.1600036621094,64.11077117919922,-1.080963134765625,108112
88.0,414.6170654296875,409.29998779296875,415.44000244140625,417.55999755859375,306.2149963378906,64.19358825683594,-1.05706787109375,108112
89.0,414.868408203125,409.5799865722656,415.5999755859375,417.94000244140625,306.29998779296875,64.2872314453125,-1.0284423828125,108112
90.0,414.99896240234375,409.97998046875,415.47998046875,417.6177978515625,306.29998779296875,64.41847229003906,-1.0789794921875,108112
91.0,415.81414794921875,410.1399841308594,415.91998291015625,418.15997314453125,306.739990234375,64.37267303466797,-1.6341552734375,108112
92.0,416.279541015625,410.3599853515625,416.3399658203125,418.719970703125,306.614990234375,64.51957702636719,-1.71954345703125,108112
93.0,415.98095703125,410.79998779296875,416.41998291015625,418.6199951171875,306.9599914550781,64.55867767333984,-1.18096923828125,108112
94.0,416.08245849609375,411.1399841308594,416.719970703125,418.9599609375,306.9599914550781,64.5545654296875,-1.00244140625,108112
95.0,416.8082275390625,411.41998291015625,417.3399658203125,419.67999267578125,307.1399841308594,64.68058776855469,-1.24822998046875,108112
96.0,416.9443359375,411.5199890136719,417.32000732421875,419.5,307.7599792480469,64.42518615722656,-1.38433837890625,108112
97.0,417.4361572265625,411.6399841308594,417.8399658203125,419.94000244140625,308.1600036621094,64.41615295410156,-1.49615478515625,108112
98.0,417.8568420410156,411.91998291015625,418.1400146484375,420.44000244140625,308.1949768066406,64.5317153930664,-1.676849365234375,108112
99.0,417.4957275390625,412.219970703125,418.05999755859375,420.47998046875,308.44000244140625,64.52971649169922,-1.19573974609375,108112
100.0,417.6768493652344,412.51995849609375,418.41998291015625,420.65997314453125,308.3599853515625,64.56632232666016,-1.016876220703125,108112
101.0,417.7959289550781,412.27996826171875,418.70001220703125,421.1199951171875,308.6000061035156,64.5908432006836,-1.055938720703125,108112
102.0,418.29315185546875,412.5999755859375,418.67999267578125,421.01995849609375,308.91497802734375,64.45439147949219,-1.41314697265625,108112
103.0,418.0242004394531,412.79998779296875,418.41998291015625,420.5,309.2799987792969,64.4543685913086,-1.264190673828125,108112
104.0,418.33392333984375,412.91998291015625,418.77996826171875,420.97998046875,309.55499267578125,64.44602966308594,-1.37396240234375,108112
105.0,417.94927978515625,413.1400146484375,419.01995849609375,421.29779052734375,309.79998779296875,64.34783935546875,-0.769287109375,108112
106.0,418.6322937011719,413.32000732421875,419.55999755859375,421.82000732421875,309.7200012207031,64.51734924316406,-1.052276611328125,108112
107.0,419.0256652832031,413.4599609375,419.739990234375,421.97998046875,310.0149841308594,64.5369873046875,-1.305694580078125,108112
108.0,418.5989685058594,413.44000244140625,419.67999267578125,421.91998291015625,310.1600036621094,64.37711334228516,-0.958953857421875,108112
109.0,419.14886474609375,413.94000244140625,420.1199951171875,422.17999267578125,310.0999755859375,64.602783203125,-0.92889404296875,108112
110.0,419.89593505859375,414.1400146484375,420.08001708984375,422.39996337890625,310.3999938964844,64.6492691040039,-1.657958984375,108112
111.0,419.61505126953125,414.4599609375,420.15997314453125,422.5999755859375,310.53997802734375,64.80496978759766,-1.11505126953125,108112
112.0,420.07269287109375,414.6199951171875,420.20001220703125,422.739990234375,310.6399841308594,64.86163330078125,-1.47271728515625,108112
113.0,420.4374084472656,414.44000244140625,420.6199951171875,422.97998046875,310.6549987792969,64.76190185546875,-1.677398681640625,108112
114.0,420.63946533203125,414.47998046875,421.08001708984375,423.55999755859375,310.375,64.91024780273438,-1.51947021484375,108112
115.0,420.3160705566406,414.79998779296875,421.29998779296875,423.760009765625,310.44000244140625,65.06867218017578,-0.896087646484375,108112
116.0,420.6701965332031,415.01995849609375,421.53997802734375,424.1199951171875,310.4949951171875,65.0816650390625,-1.070220947265625,108112
117.0,420.37359619140625,415.219970703125,421.239990234375,423.8800048828125,311.1600036621094,64.83902740478516,-0.8536376953125,108112
118.0,420.4273986816406,415.27996826171875,421.15997314453125,423.260009765625,311.41497802734375,64.66033935546875,-1.107391357421875,108112
119.0,421.1654052734375,415.32000732421875,421.260009765625,423.5999755859375,311.94000244140625,64.65037536621094,-1.72540283203125,108112
120.0,421.3233947753906,415.51995849609375,421.58001708984375,424.0,311.55499267578125,64.861083984375,-1.603424072265625,108112
121.0,420.840576171875,415.8599853515625,421.6199951171875,423.79998779296875,311.85498046875,64.82669067382812,-0.9805908203125,108112
122.0,421.0046691894531,416.0999755859375,421.760009765625,423.739990234375,311.91497802734375,64.82701110839844,-0.944671630859375,108112
123.0,421.75433349609375,416.219970703125,422.0999755859375,424.219970703125,312.29998779296875,64.77864837646484,-1.434326171875,108112
124.0,421.4139709472656,416.239990234375,422.1400146484375,424.44000244140625,312.614990234375,64.6382827758789,-1.093963623046875,108112
125.0,422.0376892089844,416.44000244140625,422.760009765625,425.0,312.6349792480469,64.71719360351562,-1.237701416015625,108112
126.0,421.72637939453125,416.219970703125,422.719970703125,424.97998046875,312.97998046875,64.58033752441406,-1.0263671875,108112
127.0,421.89068603515625,416.39996337890625,422.70001220703125,425.03997802734375,312.9599914550781,64.64141082763672,-1.230712890625,108112
128.0,422.3309020996094,416.94000244140625,422.65997314453125,425.01995849609375,313.05499267578125,64.67756652832031,-1.450897216796875,108112
129.0,422.20916748046875,417.03997802734375,422.67999267578125,424.8800048828125,313.5149841308594,64.55604553222656,-1.3092041015625,108112
130.0,422.9622802734375,417.47998046875,423.1199951171875,425.47998046875,313.0799865722656,64.9205551147461,-1.44232177734375,108112
131.0,423.00640869140625,417.5,423.15997314453125,425.29998779296875,313.3199768066406,64.82876586914062,-1.52642822265625,108112
132.0,423.0894775390625,417.58001708984375,423.55999755859375,425.77996826171875,313.7799987792969,64.74698638916016,-1.3494873046875,108112
133.0,423.49957275390625,417.5999755859375,423.8399658203125,426.08001708984375,314.05999755859375,64.6227798461914,-1.599609375,108112
134.0,423.6570739746094,417.6199951171875,424.08001708984375,426.44000244140625,314.2599792480469,64.72770690917969,-1.577056884765625,108112
135.0,423.4261779785156,418.0,423.97998046875,426.20001220703125,314.44000244140625,64.71505737304688,-1.286163330078125,108112
136.0,423.41278076171875,418.15997314453125,424.3599853515625,426.5,314.3599853515625,64.82439422607422,-1.0128173828125,108112
137.0,424.3394470214844,418.08001708984375,425.05999755859375,427.53997802734375,314.3399963378906,64.87291717529297,-1.359466552734375,108112
138.0,424.82305908203125,418.4599609375,425.219970703125,427.77996826171875,314.3399963378906,65.09490966796875,-1.5230712890625,108112
139.0,424.579833984375,418.82000732421875,424.91998291015625,427.739990234375,314.4599914550781,65.27571868896484,-1.37982177734375,108112
140.0,424.6657409667969,418.67999267578125,425.0999755859375,427.8399658203125,314.9949951171875,64.99925231933594,-1.485748291015625,108112
141.0,424.7162780761719,418.739990234375,425.17999267578125,427.39996337890625,315.0199890136719,64.84490203857422,-1.416290283203125,108112
142.0,424.45318603515625,418.77996826171875,425.3800048828125,427.82000732421875,315.1999816894531,64.67583465576172,-1.11322021484375,108112
143.0,424.2604675292969,418.89996337890625,425.239990234375,427.8399658203125,315.2799987792969,64.81686401367188,-0.960479736328125,108112
144.0,424.4444885253906,418.97998046875,425.5,428.03997802734375,315.47998046875,64.92806243896484,-0.984527587890625,108112
145.0,425.1776428222656,419.260009765625,425.70001220703125,428.05999755859375,315.47998046875,64.94825744628906,-1.477630615234375,108112
146.0,425.13006591796875,419.51995849609375,425.760009765625,427.91998291015625,315.8999938964844,64.7697525024414,-1.29010009765625,108112
147.0,424.971435546875,419.58001708984375,425.8599853515625,428.1400146484375,315.7799987792969,64.79910278320312,-1.0914306640625,108112
148.0,425.65203857421875,419.79998779296875,426.51995849609375,429.0999755859375,315.9599914550781,64.84586334228516,-1.132080078125,108112
149.0,425.9521484375,419.760009765625,426.8599853515625,429.51995849609375,315.91998291015625,64.7386474609375,-1.212158203125,108112
150.0,426.2351989746094,419.67999267578125,427.1199951171875,429.4599609375,316.35498046875,64.61322021484375,-1.375213623046875,108112
151.0,426.4693908691406,419.9599609375,427.0,429.41998291015625,316.2200012207031,64.73120880126953,-1.609405517578125,108112
152.0,426.65997314453125,420.15997314453125,427.3399658203125,430.0999755859375,316.17999267578125,64.87641906738281,-1.321990966796875,108112
153.0,426.714111328125,420.65997314453125,427.4599609375,430.27996826171875,316.0199890136719,65.04850769042969,-1.0941162109375,108112
154.0,426.96234130859375,420.67999267578125,427.239990234375,429.89996337890625,316.239990234375,65.06877899169922,-1.60235595703125,108112
155.0,426.7742614746094,420.739990234375,426.9289855957031,429.47998046875,316.0199890136719,65.2186508178711,-1.674285888671875,108112
156.0,426.4151611328125,420.91998291015625,427.03997802734375,429.47998046875,316.3199768066406,65.0798568725586,-1.11517333984375,108112
157.0,426.84234619140625,421.08001708984375,427.15997314453125,429.15997314453125,316.6600036621094,65.0365982055664,-1.42236328125,108112
158.0,427.23980712890625,421.29998779296875,427.260009765625,429.239990234375,316.53997802734375,65.03604888916016,-1.6798095703125,108112
159.0,426.95550537109375,421.3399658203125,427.4599609375,429.997802734375,316.5,65.18154907226562,-1.33551025390625,108112
160.0,427.436767578125,421.3599853515625,427.6400146484375,430.39996337890625,316.5,65.27422332763672,-1.5968017578125,108112
161.0,427.1686706542969,421.17999267578125,427.94000244140625,430.3399658203125,316.2549743652344,65.29203033447266,-1.228668212890625,108112
162.0,427.28448486328125,421.3399658203125,428.17999267578125,430.53997802734375,316.5799865722656,65.19652557373047,-1.18450927734375,108112
163.0,426.91009521484375,421.47998046875,427.89996337890625,430.32000732421875,317.05999755859375,65.05463409423828,-1.03009033203125,108112
164.0,427.27862548828125,421.719970703125,428.0999755859375,430.41998291015625,317.3800048828125,65.0030746459961,-1.15863037109375,108112
165.0,427.07330322265625,421.70001220703125,427.9599609375,430.239990234375,317.3399963378906,64.89813995361328,-1.0333251953125,108112
166.0,427.83233642578125,421.719970703125,428.1199951171875,430.6199951171875,317.7349853515625,64.94316101074219,-1.65234375,108112
167.0,427.9689636230469,421.9599609375,428.27996826171875,430.4599609375,317.85498046875,65.09945678710938,-1.569000244140625,108112
168.0,427.7016906738281,422.08001708984375,428.15997314453125,430.44000244140625,318.0999755859375,65.13020324707031,-1.381683349609375,108112
169.0,427.329345703125,422.0,428.05999755859375,430.239990234375,318.1999816894531,65.01200103759766,-1.02935791015625,108112
170.0,428.3844909667969,422.0999755859375,428.79998779296875,431.3399658203125,317.7799987792969,65.23942565917969,-1.524505615234375,108112
171.0,428.2640075683594,422.15997314453125,428.8399658203125,431.3800048828125,318.1949768066406,65.17176818847656,-1.484039306640625,108112
172.0,428.7821960449219,422.44000244140625,429.1400146484375,431.3800048828125,318.2200012207031,65.17365264892578,-1.622222900390625,108112
173.0,429.0057678222656,422.55999755859375,429.1400146484375,431.4599609375,318.2799987792969,65.26273345947266,-1.845794677734375,108112
174.0,428.3658142089844,422.58001708984375,429.260009765625,431.5,318.41998291015625,65.27857971191406,-1.165802001953125,108112
175.0,429.09393310546875,422.79998779296875,429.5999755859375,432.15997314453125,318.1549987792969,65.63788604736328,-1.49395751953125,108112
176.0,429.2259826660156,423.1199951171875,429.67999267578125,432.3599853515625,318.0999755859375,65.82430267333984,-1.425994873046875,108112
177.0,428.9991149902344,423.219970703125,429.5,432.0999755859375,318.3199768066406,65.78752899169922,-1.339141845703125,108112
178.0,429.5254821777344,423.44000244140625,429.719970703125,432.260009765625,318.6399841308594,65.6905288696289,-1.645477294921875,108112
179.0,429.5486145019531,423.6400146484375,429.67999267578125,432.05999755859375,318.85498046875,65.65296173095703,-1.628631591796875,108112
180.0,429.3431091308594,423.66998291015625,429.739990234375,431.82000732421875,318.8949890136719,65.57759094238281,-1.383148193359375,108112
181.0,429.3665771484375,423.67999267578125,430.208984375,432.51995849609375,318.97998046875,65.44428253173828,-1.04656982421875,108112
182.0,430.5064392089844,423.8599853515625,430.53997802734375,433.08001708984375,318.7599792480469,65.54603576660156,-1.846466064453125,108112
183.0,430.5246887207031,423.8599853515625,430.739990234375,433.51995849609375,318.6199951171875,65.70214080810547,-1.844696044921875,108112
184.0,430.1098327636719,423.91998291015625,430.7489929199219,433.41998291015625,318.79498291015625,65.74834442138672,-1.329864501953125,108112
185.0,429.69342041015625,423.5999755859375,430.6400146484375,433.05780029296875,319.1399841308594,65.56434631347656,-1.23345947265625,108112
186.0,430.06988525390625,423.77996826171875,430.719970703125,433.27996826171875,319.2799987792969,65.49917602539062,-1.44989013671875,108112
187.0,430.86968994140625,423.91998291015625,431.27996826171875,433.8599853515625,319.3999938964844,65.4981689453125,-1.74969482421875,108112
188.0,430.5940246582031,424.32000732421875,431.0,433.6378173828125,319.47998046875,65.57418060302734,-1.534027099609375,108112
189.0,430.8209533691406,424.8800048828125,431.0999755859375,433.55999755859375,319.53997802734375,65.7757568359375,-1.440948486328125,108112
190.0,431.0787048339844,425.219970703125,431.32000732421875,433.27996826171875,319.2799987792969,65.8545150756836,-1.438690185546875,108112
191.0,431.3578796386719,425.39996337890625,431.5,433.65997314453125,319.3149719238281,66.0456314086914,-1.557891845703125,108112
192.0,431.0926513671875,425.20001220703125,431.3800048828125,433.65997314453125,319.3599853515625,66.00611114501953,-1.49267578125,108112
193.0,430.5901794433594,425.15997314453125,431.1199951171875,433.239990234375,319.67999267578125,65.77835845947266,-1.230194091796875,108112
194.0,430.99102783203125,424.91998291015625,431.3599853515625,433.719970703125,319.9749755859375,65.79666137695312,-1.571044921875,108112
195.0,431.20867919921875,425.08001708984375,431.53997802734375,433.9599609375,320.1600036621094,65.69705963134766,-1.648681640625,108112
196.0,431.1440124511719,425.01995849609375,431.719970703125,434.1199951171875,320.239990234375,65.63971710205078,-1.444000244140625,108112
197.0,431.6917419433594,425.239990234375,431.79998779296875,434.17999267578125,320.44000244140625,65.66571807861328,-1.831756591796875,108112
198.0,431.5314025878906,425.44000244140625,431.8800048828125,434.15777587890625,320.67999267578125,65.56348419189453,-1.591400146484375,108112
199.0,431.83917236328125,425.6400146484375,432.239990234375,434.58001708984375,320.6399841308594,65.69127655029297,-1.57916259765625,108112
200.0,431.2333068847656,425.65997314453125,431.8599853515625,434.219970703125,320.7799987792969,65.70195007324219,-1.233306884765625,108112
201.0,431.45233154296875,425.6400146484375,431.8399658203125,434.32000732421875,320.9549865722656,65.67110443115234,-1.47235107421875,108112
202.0,431.9103698730469,425.719970703125,432.1400146484375,434.32000732421875,321.03997802734375,65.56057739257812,-1.670379638671875,108112
203.0,431.63580322265625,425.94000244140625,432.0999755859375,434.3599853515625,321.41497802734375,65.5001220703125,-1.41583251953125,108112
204.0,431.37957763671875,425.8399658203125,432.17999267578125,434.5999755859375,321.67999267578125,65.35956573486328,-1.099609375,108112
205.0,432.0312805175781,425.739990234375,432.51995849609375,434.91998291015625,321.47998046875,65.50399780273438,-1.571319580078125,108112
206.0,431.98748779296875,425.89996337890625,432.4599609375,434.719970703125,321.5,65.5230941772461,-1.5474853515625,108112
207.0,431.7791442871094,425.94000244140625,432.6400146484375,435.08001708984375,322.05999755859375,65.29861450195312,-1.239166259765625,108112
208.0,432.13330078125,425.91998291015625,432.67999267578125,434.89996337890625,321.8599853515625,65.35943603515625,-1.45330810546875,108112
209.0,432.3931579589844,425.89996337890625,433.0,435.3800048828125,322.1199951171875,65.3369140625,-1.633148193359375,108112
210.0,432.3069763183594,426.0999755859375,432.94000244140625,435.239990234375,321.94000244140625,65.44084167480469,-1.426971435546875,108112
211.0,432.1044006347656,426.29998779296875,432.8800048828125,435.1400146484375,322.1600036621094,65.35616302490234,-1.264434814453125,108112
212.0,432.88970947265625,426.5,433.17999267578125,435.3599853515625,321.94000244140625,65.28429412841797,-1.64971923828125,108112
213.0,432.63238525390625,426.55999755859375,433.32000732421875,435.69781494140625,322.1600036621094,65.30836486816406,-1.29241943359375,108112
214.0,432.84332275390625,426.9599609375,433.20001220703125,435.65997314453125,321.79998779296875,65.67666625976562,-1.443359375,108112
215.0,433.1146545410156,427.20001220703125,433.3599853515625,435.82000732421875,321.8199768066406,65.81061553955078,-1.494659423828125,108112
216.0,433.5192565917969,427.15997314453125,433.70001220703125,436.3599853515625,321.9549865722656,65.80408477783203,-1.579254150390625,108112
217.0,433.02386474609375,426.91998291015625,433.65997314453125,436.260009765625,322.1199951171875,65.6764144897461,-1.38385009765625,108112
218.0,432.8154296875,427.05999755859375,433.51995849609375,435.94000244140625,322.1199951171875,65.54292297363281,-1.2154541015625,108112
219.0,433.30517578125,426.8800048828125,433.5999755859375,436.239990234375,322.41497802734375,65.6004409790039,-1.62518310546875,108112
220.0,433.84539794921875,427.15997314453125,433.94000244140625,436.6400146484375,322.17498779296875,65.95150756835938,-1.86541748046875,108112
221.0,433.47930908203125,427.44000244140625,434.1199951171875,436.51995849609375,321.94000244140625,66.01788330078125,-1.279296875,108112
222.0,434.0647888183594,427.27996826171875,434.39996337890625,436.6400146484375,321.9749755859375,65.89044189453125,-1.704803466796875,108112
223.0,433.89178466796875,427.219970703125,434.219970703125,436.55780029296875,322.0199890136719,65.75920104980469,-1.7117919921875,108112
224.0,433.60955810546875,427.4599609375,434.15997314453125,436.41998291015625,321.9599914550781,65.85763549804688,-1.4295654296875,108112
225.0,433.3810119628906,427.70001220703125,434.03997802734375,436.239990234375,322.1399841308594,65.85614776611328,-1.201019287109375,108112
226.0,434.63775634765625,427.91998291015625,434.6199951171875,437.0999755859375,322.0799865722656,65.89714813232422,-1.937744140625,108112
227.0,434.760498046875,427.9599609375,434.91998291015625,437.3399658203125,321.8999938964844,66.10688781738281,-1.802520751953125,108112
228.0,433.98095703125,427.9599609375,434.67999267578125,437.08001708984375,322.4549865722656,65.8521728515625,-1.240966796875,108112
229.0,434.31536865234375,427.82000732421875,434.89996337890625,437.44000244140625,322.7799987792969,65.82064819335938,-1.495361328125,108112
230.0,434.05718994140625,427.65997314453125,435.1400146484375,437.7177734375,322.739990234375,65.74132537841797,-1.1572265625,108112
231.0,434.8082275390625,427.719970703125,435.8399658203125,438.3800048828125,322.7200012207031,65.68168640136719,-1.3482666015625,108112
232.0,434.1928405761719,427.79998779296875,435.3800048828125,437.760009765625,322.7749938964844,65.678466796875,-1.092864990234375,108112
233.0,433.7710876464844,428.20001220703125,435.03997802734375,437.47998046875,322.91998291015625,65.7132568359375,-0.891082763671875,108112
234.0,434.61358642578125,428.6199951171875,435.15997314453125,437.4599609375,322.8199768066406,65.96349334716797,-1.41357421875,108112
235.0,435.2167663574219,428.8599853515625,435.219970703125,437.67999267578125,323.03997802734375,66.15467834472656,-1.896759033203125,108112
236.0,434.64459228515625,429.05999755859375,435.1199951171875,437.82000732421875,322.8800048828125,66.33602142333984,-1.20458984375,108112
237.0,435.1133117675781,428.94000244140625,435.3599853515625,437.97998046875,322.9599914550781,66.2337875366211,-1.513336181640625,108112
238.0,435.2987976074219,428.97998046875,435.55999755859375,438.01995849609375,323.3199768066406,66.13156127929688,-1.678802490234375,108112
239.0,435.8244323730469,429.239990234375,435.70001220703125,438.3399658203125,323.3999938964844,66.30693054199219,-1.984466552734375,108112
240.0,435.9025573730469,429.1400146484375,436.17999267578125,438.82000732421875,323.239990234375,66.29190826416016,-1.762542724609375,108112
241.0,435.6938781738281,429.0999755859375,436.03997802734375,438.6400146484375,323.0199890136719,66.4271011352539,-1.593902587890625,108112
242.0,435.3223876953125,429.17999267578125,435.67999267578125,438.5977783203125,323.0999755859375,66.43937683105469,-1.50238037109375,108112
243.0,436.0757751464844,428.97998046875,436.20001220703125,439.05999755859375,323.1600036621094,66.3738784790039,-2.015777587890625,108112
244.0,436.08660888671875,429.0999755859375,436.1400146484375,439.239990234375,322.93499755859375,66.5332260131836,-2.006591796875,108112
245.0,435.73956298828125,429.260009765625,436.219970703125,439.3599853515625,322.9949951171875,66.54878234863281,-1.5595703125,108112
246.0,435.8369140625,429.55999755859375,436.219970703125,438.55999755859375,323.0799865722656,66.48340606689453,-1.53692626953125,108112
247.0,436.1907653808594,429.47998046875,436.219970703125,438.5977783203125,323.05999755859375,66.52100372314453,-1.950775146484375,108112
248.0,435.8207092285156,429.5,436.17999267578125,438.760009765625,323.1999816894531,66.48075866699219,-1.600738525390625,108112
249.0,435.6280212402344,429.41998291015625,436.1199951171875,438.760009765625,323.6199951171875,66.20690155029297,-1.528045654296875,108112
250.0,436.4341735839844,429.5,436.58001708984375,439.20001220703125,323.6199951171875,66.23614501953125,-1.874176025390625,108112
251.0,435.759521484375,429.65997314453125,436.27996826171875,439.05999755859375,323.8399963378906,66.31214141845703,-1.33953857421875,108112
252.0,435.7690124511719,429.65997314453125,436.239990234375,438.760009765625,324.03997802734375,66.17821502685547,-1.469024658203125,108112
253.0,436.62677001953125,429.79998779296875,436.8800048828125,439.15997314453125,323.7200012207031,66.43302154541016,-1.78680419921875,108112
254.0,436.9387512207031,430.15997314453125,437.05999755859375,439.6400146484375,323.7149963378906,66.4920654296875,-1.778778076171875,108112
255.0,437.2588806152344,430.27996826171875,437.39996337890625,440.239990234375,323.5999755859375,66.4998550415039,-1.878875732421875,108112
256.0,436.7472839355469,430.32000732421875,437.5999755859375,440.2578125,323.97998046875,66.31394958496094,-1.287322998046875,108112
257.0,437.21484375,430.20001220703125,438.1199951171875,440.9599609375,324.2799987792969,66.24315643310547,-1.39483642578125,108112
258.0,436.9948425292969,430.41998291015625,437.6199951171875,440.6400146484375,324.3199768066406,66.26685333251953,-1.454864501953125,108112
259.0,437.0865783691406,430.3399658203125,437.3599853515625,440.51995849609375,324.2549743652344,66.3332290649414,-1.806610107421875,108112
260.0,437.1539306640625,430.41998291015625,437.6089782714844,440.39996337890625,324.41998291015625,66.26473999023438,-1.57391357421875,108112
261.0,437.5069580078125,430.5999755859375,437.8399658203125,440.3800048828125,324.03497314453125,66.42559814453125,-1.7469482421875,108112
262.0,437.2983703613281,430.67999267578125,437.47998046875,439.8800048828125,324.239990234375,66.36882781982422,-1.798370361328125,108112
263.0,436.4228820800781,430.79998779296875,437.01995849609375,439.47998046875,324.4599914550781,66.29658508300781,-1.222869873046875,108112
264.0,436.64007568359375,431.0,437.1199951171875,439.53997802734375,324.5749816894531,66.23522186279297,-1.30010986328125,108112
265.0,437.32843017578125,431.239990234375,437.44000244140625,439.5977783203125,324.29998779296875,66.42603302001953,-1.68841552734375,108112
266.0,436.8846435546875,431.17999267578125,437.260009765625,439.41998291015625,324.35498046875,66.52201843261719,-1.36468505859375,108112
267.0,437.0182800292969,430.9599609375,437.3599853515625,439.47998046875,324.6199951171875,66.38216400146484,-1.538299560546875,108112
268.0,437.4739074707031,430.97998046875,437.4089660644531,439.91778564453125,324.8199768066406,66.37677764892578,-1.953948974609375,108112
269.0,436.9577941894531,431.0999755859375,437.29998779296875,439.65997314453125,324.94000244140625,66.35308837890625,-1.497833251953125,108112
270.0,436.6147155761719,431.08001708984375,437.5,439.82000732421875,325.19000244140625,66.18428802490234,-1.094757080078125,108112
271.0,437.6843566894531,431.1400146484375,438.03997802734375,440.67999267578125,324.8949890136719,66.4194564819336,-1.564361572265625,108112
272.0,437.8636779785156,431.17999267578125,438.0,440.58001708984375,324.8800048828125,66.4783935546875,-1.783660888671875,108112
273.0,438.035888671875,431.239990234375,438.05999755859375,440.55999755859375,324.739990234375,66.66358184814453,-1.95587158203125,108112
274.0,438.44219970703125,431.55999755859375,438.3800048828125,441.1400146484375,325.0099792480469,66.65640258789062,-1.98223876953125,108112
275.0,438.7091369628906,431.58001708984375,438.58001708984375,441.29998779296875,324.7799987792969,66.86206817626953,-2.149139404296875,108112
276.0,439.0172119140625,431.67999267578125,438.67999267578125,441.51995849609375,324.53997802734375,67.02696228027344,-2.33721923828125,108112
277.0,438.681884765625,431.94000244140625,438.58001708984375,441.3599853515625,324.8800048828125,67.00287628173828,-1.94189453125,108112
278.0,437.9786682128906,432.15997314453125,438.17999267578125,440.51995849609375,324.9599914550781,66.92082214355469,-1.438690185546875,108112
279.0,437.5572509765625,432.01995849609375,438.0999755859375,440.5,325.3599853515625,66.4744873046875,-1.25726318359375,108112
280.0,438.2658996582031,431.79998779296875,438.41998291015625,441.08001708984375,325.2149963378906,66.45954132080078,-1.725921630859375,108112
281.0,438.75457763671875,431.8800048828125,438.8599853515625,441.3800048828125,325.1399841308594,66.74119567871094,-1.95458984375,108112
282.0,438.8352966308594,432.0,439.20001220703125,442.44000244140625,325.0199890136719,66.96562957763672,-1.675323486328125,108112
283.0,438.88543701171875,431.97998046875,439.27996826171875,441.97998046875,325.4949951171875,66.80435943603516,-1.66546630859375,108112
284.0,439.2086486816406,432.1199951171875,439.1199951171875,441.8599853515625,325.2599792480469,66.76537322998047,-1.988677978515625,108112
285.0,438.7705993652344,432.3599853515625,438.97998046875,441.32000732421875,325.3599853515625,66.77729034423828,-1.670623779296875,108112
286.0,439.25628662109375,432.15997314453125,439.29998779296875,442.0,325.3800048828125,66.72394561767578,-1.918304443359375,108112
287.0,439.07977294921875,432.3399658203125,439.17999267578125,442.05999755859375,325.41998291015625,66.81165313720703,-1.759765625,108112
288.0,438.67138671875,432.44000244140625,439.14898681640625,441.8778076171875,325.7599792480469,66.72710418701172,-1.39141845703125,108112
289.0,438.51751708984375,432.29998779296875,439.41998291015625,441.91998291015625,325.79998779296875,66.74317932128906,-1.17755126953125,108112
290.0,438.8051452636719,432.58001708984375,439.32000732421875,441.58001708984375,326.0199890136719,66.73063659667969,-1.445159912109375,108112
291.0,438.9913635253906,432.8399658203125,439.32000732421875,441.79998779296875,325.79998779296875,66.79842376708984,-1.511383056640625,108112
292.0,439.63641357421875,432.77996826171875,439.8399658203125,442.55999755859375,325.3999938964844,67.02323150634766,-1.79644775390625,108112
293.0,440.1632080078125,432.89996337890625,440.08001708984375,442.53997802734375,325.2799987792969,67.17253875732422,-2.14324951171875,108112
294.0,439.9256591796875,433.08001708984375,440.01995849609375,442.6199951171875,325.6549987792969,67.15243530273438,-1.82568359375,108112
295.0,439.4239501953125,433.17999267578125,439.719970703125,442.51995849609375,325.6999816894531,67.11624145507812,-1.48394775390625,108112
296.0,439.9057922363281,433.3800048828125,439.8399658203125,442.3399658203125,325.3999938964844,67.23884582519531,-1.805816650390625,108112
297.0,440.4637756347656,433.51995849609375,440.39996337890625,442.91998291015625,325.44000244140625,67.39505004882812,-2.023773193359375,108112
298.0,440.37103271484375,433.5,440.27996826171875,443.08001708984375,325.6949768066406,67.30976867675781,-1.89105224609375,108112
299.0,440.3839416503906,433.67999267578125,440.5,442.8599853515625,325.614990234375,67.38069915771484,-1.723968505859375,108112
300.0,441.07330322265625,433.94000244140625,440.8800048828125,443.260009765625,325.6600036621094,67.40410614013672,-2.13330078125,108112
301.0,440.7684631347656,433.91998291015625,440.739990234375,443.0999755859375,325.97998046875,67.31681060791016,-1.948455810546875,108112
302.0,440.49835205078125,433.82000732421875,440.8399658203125,443.6400146484375,325.8599853515625,67.40284729003906,-1.578369140625,108112
303.0,440.80767822265625,434.03997802734375,440.8800048828125,443.47998046875,325.91998291015625,67.51856994628906,-1.7476806640625,108112
304.0,441.10284423828125,434.03997802734375,440.91998291015625,443.6199951171875,326.1999816894531,67.41455078125,-2.10284423828125,108112
305.0,440.6627502441406,434.1199951171875,440.94000244140625,443.29998779296875,326.3800048828125,67.30416107177734,-1.682769775390625,108112
306.0,440.82666015625,434.15997314453125,441.1199951171875,443.67999267578125,326.35498046875,67.33097839355469,-1.66668701171875,108112
307.0,440.5504455566406,434.1199951171875,440.91998291015625,443.47998046875,326.739990234375,67.13954162597656,-1.590484619140625,108112
308.0,440.5235900878906,434.32000732421875,440.739990234375,442.91998291015625,326.6999816894531,67.0670394897461,-1.623626708984375,108112
309.0,440.92742919921875,434.3800048828125,441.05999755859375,443.260009765625,326.41998291015625,67.34296417236328,-1.7474365234375,108112
310.0,441.3123779296875,434.27996826171875,441.239990234375,444.08001708984375,326.4599914550781,67.34822845458984,-2.0523681640625,108112
311.0,441.31951904296875,434.260009765625,441.2889709472656,443.79998779296875,326.2200012207031,67.41021728515625,-2.01953125,108112
312.0,441.0523376464844,434.239990234375,441.239990234375,443.760009765625,326.53997802734375,67.1075668334961,-1.772369384765625,108112
313.0,440.8813171386719,434.3399658203125,441.239990234375,444.05999755859375,326.5199890136719,67.18655395507812,-1.521331787109375,108112
314.0,441.5502014160156,434.47998046875,441.58001708984375,444.5,326.2349853515625,67.47321319580078,-1.850189208984375,108112
315.0,441.7360534667969,434.53997802734375,441.719970703125,444.3399658203125,326.3199768066406,67.447021484375,-1.936065673828125,108112
316.0,441.341064453125,434.41998291015625,441.3800048828125,443.8599853515625,326.1399841308594,67.50975036621094,-2.0010986328125,108112
317.0,441.33795166015625,434.8800048828125,441.58001708984375,444.01995849609375,326.47998046875,67.48104858398438,-1.61798095703125,108112
318.0,441.616943359375,434.89996337890625,441.65997314453125,444.08001708984375,326.6399841308594,67.41278839111328,-1.85693359375,108112
319.0,441.9007873535156,434.79998779296875,441.8599853515625,444.3800048828125,326.7349853515625,67.41433715820312,-2.060821533203125,108112
320.0,441.52069091796875,435.0,441.51995849609375,443.739990234375,326.7549743652344,67.54267883300781,-1.78070068359375,108112
321.0,441.665283203125,434.9599609375,441.77996826171875,444.239990234375,326.85498046875,67.42203521728516,-1.76531982421875,108112
322.0,442.76708984375,434.70001220703125,442.5,445.39996337890625,326.8800048828125,67.27144622802734,-2.34710693359375,108112
323.0,442.54638671875,434.89996337890625,442.4599609375,445.47998046875,327.1199951171875,67.39929962158203,-2.22637939453125,108112
324.0,441.78839111328125,434.9599609375,442.17999267578125,445.65997314453125,326.8199768066406,67.40802001953125,-1.56842041015625,108112
325.0,442.25885009765625,435.01995849609375,442.53997802734375,445.260009765625,326.8599853515625,67.33800506591797,-1.87884521484375,108112
326.0,441.859375,434.89996337890625,442.260009765625,444.8399658203125,326.91998291015625,67.18152618408203,-1.67938232421875,108112
327.0,441.8008117675781,434.8599853515625,442.05999755859375,444.6400146484375,327.3149719238281,67.18427276611328,-1.840850830078125,108112
328.0,441.8668518066406,435.27996826171875,442.1199951171875,444.58001708984375,327.44000244140625,67.26696014404297,-1.666839599609375,108112
329.0,442.16815185546875,435.3599853515625,442.1400146484375,444.719970703125,327.9599914550781,67.16365814208984,-1.94818115234375,108112
330.0,442.54803466796875,435.3800048828125,442.719970703125,445.0999755859375,327.7200012207031,67.22530364990234,-1.8680419921875,108112
331.0,442.5714416503906,435.51995849609375,442.79998779296875,445.70001220703125,327.6999816894531,67.28817749023438,-1.631439208984375,108112
332.0,442.57763671875,435.44000244140625,442.760009765625,445.67999267578125,327.7599792480469,67.34343719482422,-1.7176513671875,108112
333.0,442.20196533203125,435.55999755859375,442.27996826171875,444.81781005859375,327.7200012207031,67.25440979003906,-1.72198486328125,108112
334.0,441.7729187011719,435.44000244140625,442.239990234375,444.760009765625,328.0199890136719,67.10978698730469,-1.472930908203125,108112
335.0,442.6858215332031,435.55999755859375,442.53997802734375,444.94000244140625,327.67999267578125,67.43382263183594,-2.105804443359375,108112
336.0,442.0846862792969,435.67999267578125,442.5,444.91998291015625,327.97998046875,67.2410659790039,-1.524688720703125,108112
337.0,442.78594970703125,435.5,442.77996826171875,445.39996337890625,327.8800048828125,67.29706573486328,-1.9859619140625,108112
338.0,443.2550048828125,435.58001708984375,442.8599853515625,445.6199951171875,327.67999267578125,67.41836547851562,-2.33502197265625,108112
339.0,443.2273254394531,435.65997314453125,443.39996337890625,446.39996337890625,327.5799865722656,67.59355926513672,-1.867340087890625,108112
340.0,443.6188049316406,435.79998779296875,443.70001220703125,446.7578125,327.5,67.6239242553711,-2.038787841796875,108112
341.0,443.995849609375,436.03997802734375,443.6400146484375,446.5999755859375,327.3199768066406,67.74217987060547,-2.43585205078125,108112
342.0,443.455810546875,436.27996826171875,443.41998291015625,446.219970703125,327.5999755859375,67.71641540527344,-1.975830078125,108112
343.0,443.8868408203125,436.3599853515625,443.70001220703125,446.15997314453125,327.53997802734375,67.72039031982422,-2.286865234375,108112
344.0,443.560791015625,436.44000244140625,443.5999755859375,446.0999755859375,327.6949768066406,67.62596130371094,-2.00079345703125,108112
345.0,443.383544921875,436.3599853515625,443.6199951171875,446.5,327.8199768066406,67.59255981445312,-1.80352783203125,108112
346.0,443.6924743652344,436.3800048828125,444.0999755859375,447.01995849609375,327.6600036621094,67.53108978271484,-1.772491455078125,108112
347.0,444.5845947265625,436.3800048828125,444.719970703125,447.57781982421875,327.53997802734375,67.54183197021484,-2.14459228515625,108112
348.0,444.7652587890625,436.47998046875,444.8399658203125,447.6400146484375,327.53997802734375,67.65875244140625,-2.2852783203125,108112
349.0,444.079833984375,436.6199951171875,444.5999755859375,447.51995849609375,327.8149719238281,67.64925384521484,-1.7398681640625,108112
350.0,444.2497863769531,436.41998291015625,444.4599609375,447.27996826171875,327.6600036621094,67.618408203125,-2.029815673828125,108112
351.0,444.4544982910156,436.94000244140625,444.17999267578125,446.8399658203125,327.8999938964844,67.64434051513672,-2.194488525390625,108112
352.0,443.87384033203125,437.15997314453125,444.03997802734375,446.6400146484375,328.05999755859375,67.59394836425781,-1.63385009765625,108112
353.0,443.3247375488281,437.1199951171875,443.77996826171875,446.15997314453125,328.239990234375,67.4042739868164,-1.404754638671875,108112
354.0,444.3318176269531,436.79998779296875,444.47998046875,446.8399658203125,328.0749816894531,67.46726989746094,-2.011810302734375,108112
355.0,443.5224609375,436.70001220703125,443.9599609375,446.32000732421875,328.094970703125,67.49784088134766,-1.5625,108112
356.0,443.43975830078125,436.97998046875,443.6400146484375,446.260009765625,327.91497802734375,67.6727066040039,-1.55975341796875,108112
357.0,443.6390686035156,436.9599609375,443.77996826171875,446.41998291015625,328.1399841308594,67.55278015136719,-1.719085693359375,108112
358.0,443.4275207519531,437.07000732421875,443.739990234375,446.4599609375,328.05999755859375,67.62684631347656,-1.487518310546875,108112
359.0,444.28216552734375,437.47998046875,444.41998291015625,446.82000732421875,328.03997802734375,67.8181381225586,-1.80218505859375,108112
360.0,444.23565673828125,437.3800048828125,444.20001220703125,446.760009765625,327.9549865722656,67.95110321044922,-1.9156494140625,108112
361.0,443.95672607421875,437.39996337890625,444.01995849609375,446.47998046875,328.0999755859375,67.78559875488281,-1.73675537109375,108112
362.0,444.5867004394531,437.260009765625,444.51995849609375,447.0,327.9599914550781,67.9739761352539,-2.086700439453125,108112
363.0,444.42572021484375,437.5999755859375,444.44000244140625,447.15777587890625,327.9599914550781,68.15856170654297,-1.7657470703125,108112
364.0,444.6740417480469,437.5,444.55999755859375,447.39996337890625,328.17498779296875,68.10049438476562,-2.014068603515625,108112
365.0,444.55853271484375,437.3499755859375,444.5999755859375,447.08001708984375,328.3599853515625,67.87083435058594,-2.0185546875,108112
366.0,444.9012756347656,437.53997802734375,444.719970703125,447.73779296875,328.79998779296875,67.77243041992188,-2.161285400390625,108112
367.0,444.48370361328125,437.6400146484375,444.5999755859375,447.39996337890625,329.1600036621094,67.6048583984375,-1.84368896484375,108112
368.0,444.6133117675781,437.760009765625,444.8800048828125,447.51995849609375,329.2200012207031,67.60286712646484,-1.793304443359375,108112
369.0,445.4835205078125,437.8599853515625,445.4599609375,448.29998779296875,328.8999938964844,67.81930541992188,-2.16351318359375,108112
370.0,445.63568115234375,437.70001220703125,445.51995849609375,448.20001220703125,328.47998046875,67.92224884033203,-2.27569580078125,108112
371.0,445.0444030761719,437.77996826171875,445.17999267578125,447.89996337890625,328.67999267578125,67.7768325805664,-1.824432373046875,108112
372.0,445.1970520019531,437.82000732421875,445.239990234375,447.89996337890625,329.0,67.75362396240234,-2.017059326171875,108112
373.0,444.5039978027344,437.6199951171875,444.82000732421875,447.77996826171875,329.44000244140625,67.51543426513672,-1.704010009765625,108112
374.0,444.8785400390625,438.08001708984375,444.94000244140625,447.41998291015625,329.41998291015625,67.65901947021484,-1.8985595703125,108112
375.0,444.64556884765625,438.08001708984375,444.70001220703125,447.260009765625,329.29498291015625,67.8587875366211,-1.74560546875,108112
376.0,445.05633544921875,437.89996337890625,445.08001708984375,447.89996337890625,328.8999938964844,68.05863189697266,-2.016357421875,108112
377.0,445.88482666015625,437.82000732421875,445.47998046875,448.65997314453125,328.7599792480469,68.11605072021484,-2.50482177734375,108112
378.0,445.3538818359375,438.1400146484375,445.239990234375,448.01995849609375,328.6600036621094,68.22554779052734,-2.07391357421875,108112
379.0,445.49615478515625,438.08001708984375,445.51995849609375,448.4599609375,329.094970703125,68.02548217773438,-2.076171875,108112
380.0,445.4397277832031,438.0,445.53997802734375,448.53997802734375,328.91497802734375,68.05049896240234,-2.019744873046875,108112
381.0,445.59814453125,438.29998779296875,445.58001708984375,448.55999755859375,329.0149841308594,68.2304458618164,-2.05816650390625,108112
382.0,445.1409606933594,438.27996826171875,445.32000732421875,447.8599853515625,328.9599914550781,68.0762710571289,-1.802978515625,108112
383.0,445.314697265625,438.08001708984375,445.39996337890625,448.219970703125,329.29998779296875,67.92420959472656,-2.03472900390625,108112
384.0,445.6080017089844,438.260009765625,445.38897705078125,448.39996337890625,328.9949951171875,68.21215057373047,-2.088043212890625,108112
385.0,445.5129699707031,438.41998291015625,445.44000244140625,447.8577880859375,328.8199768066406,68.24853515625,-2.012969970703125,108112
386.0,446.279541015625,438.3399658203125,446.03997802734375,448.32000732421875,328.8999938964844,68.14602661132812,-2.4395751953125,108112
387.0,446.05792236328125,438.5999755859375,445.82000732421875,448.39996337890625,328.8149719238281,68.1686019897461,-2.2579345703125,108112
388.0,445.5650939941406,438.70001220703125,445.6199951171875,448.20001220703125,328.6999816894531,68.06561279296875,-1.865081787109375,108112
389.0,446.7515869140625,438.79998779296875,446.32000732421875,449.1400146484375,328.7749938964844,68.34687805175781,-2.5316162109375,108112
390.0,446.2687683105469,438.719970703125,446.15997314453125,449.0999755859375,329.0799865722656,68.15432739257812,-2.108795166015625,108112
391.0,445.8497009277344,438.8399658203125,446.01995849609375,448.53997802734375,329.4549865722656,67.95945739746094,-1.849700927734375,108112
392.0,445.6900939941406,438.91998291015625,445.91998291015625,448.719970703125,329.4749755859375,68.04119873046875,-1.730133056640625,108112
393.0,445.39935302734375,438.66998291015625,445.82000732421875,448.39996337890625,329.47998046875,67.97631072998047,-1.65936279296875,108112
394.0,445.0971984863281,438.6400146484375,445.6199951171875,448.01995849609375,329.53497314453125,67.86100006103516,-1.537200927734375,108112
395.0,446.5191650390625,438.82000732421875,446.55999755859375,449.17999267578125,329.53997802734375,67.86872863769531,-2.21917724609375,108112
396.0,446.9113464355469,438.97998046875,446.82000732421875,449.739990234375,329.3599853515625,68.11106872558594,-2.291351318359375,108112
397.0,446.9979553222656,439.0,447.03997802734375,450.1400146484375,329.3599853515625,68.18480682373047,-2.037994384765625,108112
398.0,447.21368408203125,439.239990234375,447.03997802734375,450.0,329.2749938964844,68.31970977783203,-2.25372314453125,108112
399.0,447.398193359375,439.219970703125,447.01995849609375,449.8399658203125,329.44000244140625,68.17353057861328,-2.5181884765625,108112
400.0,447.5647277832031,439.260009765625,447.239990234375,450.260009765625,329.29498291015625,68.42202758789062,-2.524749755859375,108112
401.0,447.3014831542969,439.29998779296875,447.17999267578125,450.260009765625,329.3800048828125,68.45963287353516,-2.301483154296875,108112
402.0,447.0091552734375,439.58001708984375,446.97998046875,450.17999267578125,329.3199768066406,68.50995635986328,-2.0291748046875,108112
403.0,447.4982604980469,439.9599609375,447.3599853515625,450.03778076171875,329.3199768066406,68.64463806152344,-2.138275146484375,108112
404.0,447.185791015625,439.5999755859375,447.219970703125,449.8599853515625,329.739990234375,68.22759246826172,-2.14581298828125,108112
405.0,447.2131652832031,439.739990234375,447.3800048828125,450.01995849609375,329.4599914550781,68.29547882080078,-1.933197021484375,108112
406.0,447.4203186035156,439.8800048828125,447.27996826171875,450.20001220703125,329.6600036621094,68.31011199951172,-2.140350341796875,108112
407.0,447.5794372558594,439.739990234375,447.239990234375,450.27996826171875,329.67999267578125,68.3875961303711,-2.299468994140625,108112
408.0,447.3169250488281,439.91998291015625,447.17999267578125,449.51995849609375,329.9599914550781,68.24822235107422,-2.196929931640625,108112
409.0,447.3123779296875,440.05999755859375,447.15997314453125,449.53997802734375,329.8399963378906,68.2591781616211,-2.13238525390625,108112
410.0,447.7103271484375,440.3599853515625,447.55999755859375,450.07781982421875,329.6600036621094,68.32945251464844,-2.15032958984375,108112
411.0,447.42913818359375,440.1199951171875,447.70001220703125,450.53997802734375,329.8149719238281,68.2149658203125,-1.82916259765625,108112
412.0,448.7000732421875,440.15997314453125,448.3689880371094,451.29998779296875,329.7799987792969,68.39688873291016,-2.62005615234375,108112
413.0,448.8650207519531,440.01995849609375,448.5999755859375,451.89996337890625,329.44000244140625,68.59198760986328,-2.625030517578125,108112
414.0,449.20208740234375,440.260009765625,448.58001708984375,451.739990234375,329.7799987792969,68.65096282958984,-2.84210205078125,108112
415.0,448.6724548339844,440.58001708984375,448.32000732421875,451.0999755859375,329.67999267578125,68.61894989013672,-2.472442626953125,108112
416.0,448.11199951171875,440.77996826171875,447.97998046875,450.4599609375,329.8599853515625,68.4492416381836,-2.052001953125,108112
417.0,447.0702819824219,440.5,447.6199951171875,450.15997314453125,330.2799987792969,68.07294464111328,-1.490264892578125,108112
418.0,448.11956787109375,440.239990234375,448.3399658203125,451.1400146484375,330.6349792480469,67.98380279541016,-2.03955078125,108112
419.0,448.6802978515625,440.32000732421875,448.55999755859375,451.51995849609375,330.29998779296875,68.12138366699219,-2.32232666015625,108112
420.0,448.4931945800781,440.3800048828125,448.4599609375,451.3377685546875,330.1949768066406,68.19697570800781,-2.293182373046875,108112
421.0,448.1139221191406,440.53997802734375,448.17999267578125,450.65997314453125,330.3199768066406,68.20003509521484,-2.093963623046875,108112
422.0,448.5913391113281,440.70001220703125,448.4599609375,451.0999755859375,330.114990234375,68.38150787353516,-2.271331787109375,108112
423.0,449.2549133300781,440.53997802734375,448.77996826171875,451.70001220703125,330.1399841308594,68.51181030273438,-2.654937744140625,108112
424.0,449.5911865234375,440.8399658203125,448.760009765625,451.739990234375,330.03997802734375,68.61798095703125,-2.951171875,108112
425.0,449.05072021484375,441.260009765625,448.65997314453125,451.39996337890625,330.239990234375,68.76476287841797,-2.3707275390625,108112
426.0,448.43634033203125,441.239990234375,448.3800048828125,450.91998291015625,330.5749816894531,68.6823959350586,-1.95635986328125,108112
427.0,448.89984130859375,441.44000244140625,448.719970703125,451.260009765625,330.5799865722656,68.68971252441406,-2.13983154296875,108112
428.0,448.6891784667969,441.1400146484375,448.739990234375,451.4599609375,330.8599853515625,68.31922912597656,-2.069183349609375,108112
429.0,448.931884765625,440.91998291015625,448.82000732421875,451.5999755859375,330.7799987792969,68.30845642089844,-2.2918701171875,108112
430.0,449.0943298339844,441.27996826171875,448.9599609375,451.6199951171875,330.875,68.54943084716797,-2.214324951171875,108112
431.0,448.8364562988281,441.3800048828125,448.82000732421875,451.17999267578125,330.875,68.43215942382812,-2.096466064453125,108112
432.0,448.8155212402344,441.47998046875,448.739990234375,451.29779052734375,331.3349914550781,68.31392669677734,-2.115509033203125,108112
433.0,449.1557312011719,441.32000732421875,448.94000244140625,451.82000732421875,331.1999816894531,68.52323150634766,-2.315765380859375,108112
434.0,448.4345703125,441.4599609375,448.65997314453125,451.27777099609375,331.2200012207031,68.43064880371094,-1.75457763671875,108112
435.0,449.5692443847656,441.3399658203125,449.219970703125,451.91998291015625,331.3349914550781,68.45022583007812,-2.529266357421875,108112
436.0,449.5313415527344,441.20001220703125,449.3399658203125,452.3599853515625,331.3999938964844,68.58221435546875,-2.391326904296875,108112
437.0,449.2188415527344,441.32000732421875,449.1199951171875,451.8599853515625,331.5799865722656,68.34915924072266,-2.238861083984375,108112
438.0,449.2777099609375,441.44000244140625,449.39996337890625,452.08001708984375,331.6600036621094,68.30200958251953,-2.0577392578125,108112
439.0,449.24151611328125,441.3800048828125,449.1400146484375,451.8599853515625,331.7799987792969,68.21475219726562,-2.18353271484375,108112
440.0,448.7447814941406,441.39996337890625,448.70001220703125,451.260009765625,331.7200012207031,68.24696350097656,-2.084808349609375,108112
441.0,448.9102783203125,441.6199951171875,448.8599853515625,451.27996826171875,331.53997802734375,68.3884506225586,-2.0302734375,108112
442.0,449.49468994140625,441.739990234375,449.17999267578125,451.82000732421875,331.2599792480469,68.56083679199219,-2.294677734375,108112
443.0,449.7862548828125,441.55999755859375,449.5690002441406,452.65997314453125,331.41998291015625,68.57080841064453,-2.3262939453125,108112
444.0,449.7379150390625,441.8599853515625,449.65997314453125,452.79998779296875,331.3800048828125,68.57886505126953,-2.137939453125,108112
445.0,449.85028076171875,441.91998291015625,449.77996826171875,452.7177734375,331.3199768066406,68.62039947509766,-2.23028564453125,108112
446.0,450.0590515136719,441.70001220703125,449.89996337890625,452.957763671875,331.41998291015625,68.76461791992188,-2.359039306640625,108112
447.0,449.8656311035156,441.94000244140625,449.739990234375,452.79998779296875,331.3599853515625,68.79959106445312,-2.145660400390625,108112
448.0,449.8553771972656,442.20001220703125,449.6199951171875,452.1400146484375,331.4599914550781,68.65340423583984,-2.235382080078125,108112
449.0,449.562255859375,442.1199951171875,449.5,452.1400146484375,331.7149963378906,68.53981018066406,-2.04229736328125,108112
450.0,449.4078674316406,442.0,449.29998779296875,452.1199951171875,331.91998291015625,68.32617950439453,-2.1298828125,108112
451.0,449.75,441.94000244140625,449.6199951171875,452.44000244140625,332.2599792480469,68.21112823486328,-2.25,108112
452.0,449.64410400390625,441.8699951171875,449.53997802734375,452.47998046875,332.0799865722656,68.16834259033203,-2.22412109375,108112
453.0,449.3482360839844,441.89996337890625,449.3599853515625,452.31781005859375,332.2200012207031,68.21186065673828,-2.048248291015625,108112
454.0,449.4289245605469,441.8599853515625,449.5,452.219970703125,332.2599792480469,68.2553482055664,-2.108917236328125,108112
455.0,449.24774169921875,442.01995849609375,449.27996826171875,451.8599853515625,332.0149841308594,68.44091033935547,-2.00775146484375,108112
456.0,450.1698913574219,442.15997314453125,449.77996826171875,452.6378173828125,331.8199768066406,68.68933868408203,-2.429901123046875,108112
457.0,450.708251953125,442.3399658203125,450.1199951171875,453.20001220703125,331.9599914550781,68.68183898925781,-2.68829345703125,108112
458.0,450.46234130859375,442.6199951171875,450.1400146484375,453.29998779296875,332.03997802734375,68.69158935546875,-2.32232666015625,108112
459.0,450.1661376953125,442.39996337890625,450.32000732421875,453.239990234375,332.1199951171875,68.6281967163086,-1.96612548828125,108112
460.0,450.8638000488281,442.41998291015625,450.65997314453125,453.94000244140625,331.8199768066406,68.7118148803711,-2.443817138671875,108112
461.0,450.24713134765625,442.6199951171875,450.3800048828125,453.5999755859375,332.1600036621094,68.65423583984375,-1.90716552734375,108112
462.0,450.1134948730469,442.51995849609375,450.01995849609375,453.239990234375,332.05999755859375,68.60155487060547,-2.073516845703125,108112
463.0,449.7860107421875,442.3800048828125,449.89996337890625,452.53997802734375,332.17999267578125,68.45576477050781,-1.88604736328125,108112
464.0,449.03955078125,442.55999755859375,449.4599609375,452.0,332.2799987792969,68.33625030517578,-1.4615478515625,108112
465.0,450.1297912597656,442.5999755859375,449.8800048828125,452.3800048828125,332.2200012207031,68.4856185913086,-2.269805908203125,108112
466.0,450.5768127441406,442.4599609375,450.239990234375,453.5,331.97998046875,68.55632019042969,-2.438812255859375,108112
467.0,451.1439514160156,442.51995849609375,450.8599853515625,453.739990234375,331.7749938964844,68.63948822021484,-2.563934326171875,108112
468.0,451.38525390625,442.8399658203125,451.0,453.77996826171875,331.9599914550781,68.70136260986328,-2.5252685546875,108112
469.0,451.326416015625,442.739990234375,451.15997314453125,454.03997802734375,332.05999755859375,68.70201110839844,-2.38641357421875,108112
470.0,451.78680419921875,443.0,451.53997802734375,454.4599609375,331.91998291015625,68.82749938964844,-2.44683837890625,108112
471.0,451.5859069824219,443.27996826171875,451.239990234375,454.239990234375,332.1199951171875,68.93148803710938,-2.305938720703125,108112
472.0,451.98052978515625,443.32000732421875,451.58001708984375,454.77996826171875,331.9599914550781,69.0179214477539,-2.52056884765625,108112
473.0,451.87310791015625,443.6400146484375,451.58001708984375,454.70001220703125,332.0,69.01396179199219,-2.37310791015625,108112
474.0,451.90826416015625,443.4599609375,451.39996337890625,454.3599853515625,331.739990234375,69.24738311767578,-2.5882568359375,108112
475.0,451.223388671875,443.55999755859375,451.1400146484375,453.70001220703125,331.5999755859375,69.10493469238281,-2.1234130859375,108112
476.0,451.6614074707031,443.6400146484375,451.239990234375,453.94000244140625,331.7149963378906,69.18187713623047,-2.481414794921875,108112
477.0,452.1034240722656,443.4599609375,451.58001708984375,454.47998046875,331.9749755859375,69.07373046875,-2.743438720703125,108112
478.0,452.1481628417969,443.3800048828125,451.8599853515625,454.77996826171875,332.29998779296875,68.96783447265625,-2.568145751953125,108112
479.0,452.20172119140625,443.6199951171875,451.719970703125,454.760009765625,332.0999755859375,69.16523742675781,-2.56170654296875,108112
480.0,452.81793212890625,443.39996337890625,452.239990234375,455.32000732421875,331.875,69.34203338623047,-2.8779296875,108112
481.0,452.4346618652344,443.44000244140625,452.1400146484375,455.1199951171875,332.3199768066406,69.17963409423828,-2.574676513671875,108112
482.0,452.24102783203125,443.53997802734375,451.8800048828125,454.65997314453125,332.1949768066406,69.16705322265625,-2.52105712890625,108112
483.0,452.2264099121094,443.8599853515625,452.05999755859375,454.6400146484375,332.3199768066406,69.19586944580078,-2.386444091796875,108112
484.0,452.45635986328125,443.97998046875,452.29998779296875,455.05999755859375,332.3199768066406,69.0780258178711,-2.33636474609375,108112
485.0,452.57147216796875,443.58001708984375,452.5,455.58001708984375,332.5799865722656,68.76201629638672,-2.4114990234375,108112
486.0,452.5418701171875,443.55999755859375,452.8599853515625,455.97998046875,332.7799987792969,68.66643524169922,-2.2818603515625,108112
487.0,453.04730224609375,443.47998046875,453.17999267578125,456.39996337890625,332.8999938964844,68.71322631835938,-2.54730224609375,108112
488.0,453.17266845703125,443.55999755859375,453.32000732421875,456.5,332.55999755859375,68.95613098144531,-2.47265625,108112
489.0,453.5616455078125,443.5,453.41998291015625,456.739990234375,332.6199951171875,68.87118530273438,-2.681640625,108112
490.0,453.57080078125,443.97998046875,453.5999755859375,456.8599853515625,332.67498779296875,68.94976043701172,-2.37078857421875,108112
491.0,453.179931640625,444.5,453.01995849609375,456.03778076171875,332.97998046875,68.90211486816406,-2.25994873046875,108112
492.0,453.4068603515625,444.6199951171875,453.15997314453125,455.97998046875,332.91998291015625,69.0427017211914,-2.4268798828125,108112
493.0,452.9527282714844,444.69000244140625,453.0,455.4599609375,332.97998046875,68.89033508300781,-2.112762451171875,108112
494.0,453.2209167480469,444.65997314453125,452.8800048828125,455.51995849609375,333.2549743652344,68.86615753173828,-2.520904541015625,108112
495.0,453.2193603515625,444.79998779296875,452.79998779296875,455.53997802734375,333.3199768066406,68.87158966064453,-2.4793701171875,108112
496.0,453.6243896484375,444.77996826171875,452.89996337890625,455.97998046875,332.7799987792969,69.17774200439453,-2.784423828125,108112
497.0,453.74285888671875,444.65997314453125,453.08001708984375,456.3399658203125,332.7599792480469,69.23269653320312,-2.8028564453125,108112
498.0,453.78253173828125,444.65997314453125,453.20001220703125,456.29998779296875,332.79998779296875,69.1306381225586,-2.78253173828125,108112
499.0,454.19970703125,444.5,453.6199951171875,456.89776611328125,332.7599792480469,69.1155776977539,-2.939697265625,108112
500.0,453.81842041015625,444.8399658203125,453.44000244140625,456.70001220703125,332.5149841308594,69.3321762084961,-2.55841064453125,108112
501.0,454.0013427734375,444.8599853515625,453.5,456.6378173828125,332.79498291015625,69.3082046508789,-2.80133056640625,108112
502.0,453.8274230957031,444.91998291015625,453.44000244140625,456.47998046875,332.93499755859375,69.23101043701172,-2.587432861328125,108112
503.0,453.8211669921875,444.89996337890625,453.3599853515625,456.17779541015625,332.8149719238281,69.34081268310547,-2.64117431640625,108112
504.0,453.468994140625,444.6199951171875,453.01995849609375,456.3599853515625,333.1349792480469,69.1419677734375,-2.54901123046875,108112
505.0,453.40380859375,444.65997314453125,453.08001708984375,456.27996826171875,333.2599792480469,69.18385314941406,-2.40380859375,108112
506.0,453.306396484375,444.8599853515625,453.1199951171875,456.01995849609375,333.5199890136719,69.10144805908203,-2.346435546875,108112
507.0,453.87164306640625,444.760009765625,453.3399658203125,456.44000244140625,333.53997802734375,69.19976806640625,-2.77166748046875,108112
508.0,454.07440185546875,444.97998046875,453.51995849609375,456.29998779296875,333.3399963378906,69.23262023925781,-2.75439453125,108112
509.0,454.36962890625,444.8800048828125,453.6199951171875,456.4599609375,333.114990234375,69.33879089355469,-2.94964599609375,108112
510.0,454.0977783203125,445.0,453.6400146484375,456.23779296875,332.9599914550781,69.40744018554688,-2.67779541015625,108112
511.0,453.71868896484375,445.0,453.47998046875,456.15997314453125,333.0,69.2884521484375,-2.418701171875,108112
512.0,453.8371276855469,445.05999755859375,453.44000244140625,456.05999755859375,332.6999816894531,69.27288055419922,-2.577117919921875,108112
513.0,454.2113342285156,445.05999755859375,453.8599853515625,456.67999267578125,332.9599914550781,69.28324127197266,-2.551361083984375,108112
514.0,454.4873046875,445.3599853515625,454.0999755859375,457.1199951171875,333.2749938964844,69.32586669921875,-2.66729736328125,108112
515.0,454.86993408203125,445.27996826171875,454.47998046875,457.55999755859375,333.0999755859375,69.39349365234375,-2.86993408203125,108112
516.0,454.70086669921875,445.3399658203125,454.3800048828125,457.55999755859375,333.239990234375,69.38379669189453,-2.8009033203125,108112
517.0,454.20867919921875,445.55999755859375,454.1400146484375,456.97998046875,333.2599792480469,69.30187225341797,-2.36871337890625,108112
518.0,454.8172912597656,445.55999755859375,454.41998291015625,457.53997802734375,332.7200012207031,69.40966796875,-2.717315673828125,108112
519.0,454.45648193359375,445.3800048828125,454.15997314453125,457.15997314453125,333.0749816894531,69.40877532958984,-2.57647705078125,108112
520.0,454.34747314453125,445.39996337890625,453.9289855957031,456.8599853515625,333.53997802734375,69.25460815429688,-2.5675048828125,108112
521.0,454.0259094238281,445.51995849609375,453.739990234375,456.6400146484375,333.6399841308594,69.08294677734375,-2.365936279296875,108112
522.0,453.3205871582031,445.65997314453125,453.27996826171875,455.6177978515625,333.91998291015625,68.83097839355469,-2.100616455078125,108112
523.0,453.5211181640625,445.5999755859375,453.260009765625,455.67999267578125,333.9749755859375,68.85111236572266,-2.32110595703125,108112
524.0,454.0482177734375,445.5,453.719970703125,456.47998046875,334.0199890136719,69.05284881591797,-2.46820068359375,108112
525.0,454.0577087402344,445.5,453.739990234375,456.5999755859375,334.17999267578125,68.97378540039062,-2.537750244140625,108112
526.0,454.2142639160156,445.67999267578125,453.8399658203125,456.9599609375,333.8999938964844,69.11434173583984,-2.454254150390625,108112
527.0,453.83538818359375,445.65997314453125,453.760009765625,456.53997802734375,334.03497314453125,69.04283142089844,-2.19537353515625,108112
528.0,454.119140625,445.6099853515625,453.82000732421875,456.91998291015625,334.239990234375,69.01122283935547,-2.379150390625,108112
529.0,454.64593505859375,445.739990234375,454.0999755859375,457.0999755859375,334.3349914550781,69.02826690673828,-2.7259521484375,108112
530.0,454.83807373046875,445.9599609375,454.15997314453125,457.03997802734375,334.0999755859375,69.23951721191406,-2.818115234375,108112
531.0,454.34490966796875,445.89996337890625,453.8800048828125,456.39996337890625,333.9749755859375,69.14472961425781,-2.62493896484375,108112
532.0,455.0544128417969,445.97998046875,454.29998779296875,456.89996337890625,334.0,69.18292999267578,-2.974395751953125,108112
533.0,455.63470458984375,445.739990234375,454.6400146484375,458.08001708984375,333.67498779296875,69.40602111816406,-3.314697265625,108112
534.0,455.4811096191406,445.8800048828125,454.6199951171875,458.05999755859375,333.53997802734375,69.49420166015625,-3.061126708984375,108112
535.0,455.5622253417969,446.08001708984375,454.89996337890625,457.65997314453125,333.7549743652344,69.47264862060547,-2.862213134765625,108112
536.0,455.498046875,445.82000732421875,454.8399658203125,457.5,333.8800048828125,69.3243408203125,-2.95806884765625,108112
537.0,455.73565673828125,445.91998291015625,454.89996337890625,457.97998046875,334.0749816894531,69.368408203125,-3.05767822265625,108112
538.0,455.2365417480469,446.0,454.719970703125,457.79998779296875,334.0,69.42779541015625,-2.656524658203125,108112
539.0,455.5645446777344,446.0999755859375,454.8399658203125,457.91998291015625,333.8149719238281,69.63707733154297,-2.884552001953125,108112
540.0,455.7804260253906,446.27996826171875,455.03997802734375,458.39996337890625,333.7799987792969,69.78501892089844,-2.960418701171875,108112
541.0,455.51708984375,446.4599609375,455.03997802734375,458.497802734375,334.29498291015625,69.72967529296875,-2.797119140625,108112
542.0,455.3578796386719,446.41998291015625,455.1400146484375,458.39996337890625,334.3349914550781,69.54747009277344,-2.537872314453125,108112
543.0,455.2301940917969,446.3399658203125,455.0999755859375,458.32000732421875,334.6199951171875,69.25432586669922,-2.550201416015625,108112
544.0,455.50030517578125,446.3399658203125,455.5999755859375,458.8599853515625,334.85498046875,69.13590240478516,-2.54034423828125,108112
545.0,455.86859130859375,446.239990234375,455.77996826171875,459.01995849609375,334.9549865722656,68.97145080566406,-2.6685791015625,108112
546.0,455.7714538574219,446.27996826171875,455.5999755859375,458.9599609375,334.91998291015625,69.1246109008789,-2.771453857421875,108112
547.0,455.7015075683594,446.53997802734375,455.32000732421875,458.47998046875,334.47998046875,69.47905731201172,-2.701507568359375,108112
548.0,455.72625732421875,446.55999755859375,455.3399658203125,458.5,334.4599914550781,69.47806549072266,-2.706298828125,108112
549.0,455.7674255371094,446.5999755859375,455.3599853515625,458.5,334.41998291015625,69.47738647460938,-2.747467041015625,108112
550.0,455.8045959472656,446.6199951171875,455.3800048828125,458.5,334.3949890136719,69.47705841064453,-2.744598388671875,108112
551.0,455.8320007324219,446.65997314453125,455.39996337890625,458.51995849609375,334.3999938964844,69.47710418701172,-2.751983642578125,108112
552.0,455.87744140625,446.67999267578125,455.41998291015625,458.55780029296875,334.3800048828125,69.47745513916016,-2.7774658203125,108112
553.0,455.91259765625,446.70001220703125,455.44000244140625,458.55999755859375,334.3599853515625,69.47814178466797,-2.7725830078125,108112
554.0,455.94677734375,446.719970703125,455.4599609375,458.5999755859375,334.44000244140625,69.47917175292969,-2.78680419921875,108112
555.0,455.9947204589844,446.739990234375,455.47998046875,458.6199951171875,334.3999938964844,69.48057556152344,-2.794708251953125,108112
556.0,456.0256652832031,446.760009765625,455.5,458.65997314453125,334.41497802734375,69.48229217529297,-2.805694580078125,108112
557.0,456.0696716308594,446.79998779296875,455.53997802734375,458.69781494140625,334.3599853515625,69.4843521118164,-2.829681396484375,108112
558.0,456.11297607421875,446.8399658203125,455.53997802734375,458.719970703125,334.375,69.48676300048828,-2.8330078125,108112
559.0,456.0820617675781,446.9599609375,455.53997802734375,458.17999267578125,334.5199890136719,69.57405090332031,-2.802093505859375,108112
560.0,455.92852783203125,446.91998291015625,455.5889892578125,458.0,334.55999755859375,69.39450073242188,-2.56854248046875,108112
561.0,455.7060852050781,447.219970703125,455.29998779296875,457.77996826171875,334.5999755859375,69.37745666503906,-2.566070556640625,108112
562.0,456.3232116699219,447.219970703125,455.77996826171875,458.8599853515625,334.2599792480469,69.63485717773438,-2.703216552734375,108112
563.0,456.8877868652344,447.1400146484375,456.1400146484375,459.3800048828125,334.739990234375,69.60296630859375,-3.067779541015625,108112
564.0,456.3477478027344,447.05999755859375,455.91998291015625,458.94000244140625,335.0799865722656,69.52902221679688,-2.687774658203125,108112
565.0,455.9702453613281,447.219970703125,455.5,458.39996337890625,335.17999267578125,69.41161346435547,-2.610260009765625,108112
566.0,456.5935974121094,447.20001220703125,456.05999755859375,458.9599609375,334.79998779296875,69.59744262695312,-2.773590087890625,108112
567.0,457.50030517578125,446.89996337890625,456.5,460.219970703125,334.94000244140625,69.61732482910156,-3.600341796875,108112
568.0,456.603271484375,447.08001708984375,456.32000732421875,459.719970703125,334.8399963378906,69.5836181640625,-2.80328369140625,108112
569.0,457.0831298828125,447.1400146484375,456.55999755859375,459.81781005859375,334.4599914550781,69.81871032714844,-2.983154296875,108112
570.0,456.55572509765625,447.29998779296875,456.1199951171875,458.94000244140625,334.44000244140625,69.90753936767578,-2.7357177734375,108112
571.0,456.7812805175781,447.6199951171875,456.20001220703125,458.91998291015625,334.3949890136719,70.01020050048828,-2.741302490234375,108112
572.0,457.0703125,447.51995849609375,456.27996826171875,459.1400146484375,334.7799987792969,69.83870697021484,-3.01031494140625,108112
573.0,456.5732421875,447.53997802734375,456.17999267578125,458.8399658203125,335.0999755859375,69.66458129882812,-2.65325927734375,108112
574.0,456.5271911621094,447.58001708984375,456.20001220703125,458.91998291015625,334.97998046875,69.72047424316406,-2.487213134765625,108112
575.0,456.6206359863281,447.70001220703125,456.219970703125,459.44000244140625,335.0999755859375,69.78297424316406,-2.540618896484375,108112
576.0,457.0516052246094,447.9599609375,456.4599609375,459.39996337890625,335.0199890136719,69.84580993652344,-2.751617431640625,108112
577.0,457.6077880859375,447.94000244140625,456.79998779296875,459.82000732421875,335.1199951171875,69.83990478515625,-3.1077880859375,108112
578.0,457.7097473144531,447.739990234375,456.8599853515625,460.47998046875,335.05999755859375,69.84553527832031,-3.329742431640625,108112
579.0,457.7143859863281,447.44000244140625,457.05999755859375,460.739990234375,334.6349792480469,69.92369842529297,-3.334381103515625,108112
580.0,457.476806640625,447.8399658203125,456.91998291015625,459.97998046875,334.6999816894531,69.98487091064453,-2.8768310546875,108112
581.0,457.1561279296875,447.7099914550781,456.719970703125,459.3399658203125,334.594970703125,69.91791534423828,-2.776123046875,108112
582.0,457.5152282714844,447.67999267578125,456.8800048828125,459.8800048828125,334.5199890136719,69.98047637939453,-2.935211181640625,108112
583.0,457.5675964355469,448.05999755859375,457.0,459.739990234375,334.6399841308594,70.0910873413086,-2.727630615234375,108112
584.0,457.91094970703125,448.3399658203125,457.17999267578125,460.08001708984375,334.5999755859375,70.09227752685547,-2.91094970703125,108112
585.0,457.7654113769531,448.53997802734375,457.239990234375,460.260009765625,334.85498046875,70.17713928222656,-2.745452880859375,108112
586.0,457.892578125,448.39996337890625,457.17999267578125,460.0999755859375,334.7200012207031,70.29032135009766,-2.91259765625,108112
587.0,457.2249755859375,448.29998779296875,456.94000244140625,459.77996826171875,335.094970703125,70.07979583740234,-2.44500732421875,108112
588.0,457.1877746582031,448.39996337890625,456.79998779296875,459.79998779296875,335.4949951171875,69.8208999633789,-2.507781982421875,108112
589.0,457.0809631347656,448.44000244140625,456.70001220703125,459.29998779296875,335.5199890136719,69.77110290527344,-2.561004638671875,108112
590.0,457.8374328613281,447.97998046875,456.94000244140625,460.17999267578125,334.97998046875,69.9526138305664,-3.097442626953125,108112
591.0,457.99871826171875,448.17999267578125,457.17999267578125,460.77996826171875,334.875,70.14037322998047,-3.1787109375,108112
592.0,457.6961975097656,448.3800048828125,457.08001708984375,460.03997802734375,335.1199951171875,70.14244079589844,-2.916229248046875,108112
593.0,456.9150695800781,448.41998291015625,456.719970703125,459.97998046875,335.53497314453125,69.81702423095703,-2.375091552734375,108112
594.0,457.4072265625,448.219970703125,457.0,460.29998779296875,335.47998046875,69.82244873046875,-2.667236328125,108112
595.0,457.6904296875,448.32000732421875,457.1400146484375,460.17779541015625,335.1399841308594,70.00935363769531,-2.79046630859375,108112
596.0,457.6865234375,448.53997802734375,457.1400146484375,460.0999755859375,335.0199890136719,70.01021575927734,-2.7265625,108112
597.0,457.7016906738281,448.3399658203125,457.1199951171875,459.89776611328125,335.17999267578125,69.85165405273438,-2.821685791015625,108112
598.0,457.684326171875,448.27996826171875,457.05999755859375,459.79998779296875,335.47998046875,69.70199584960938,-2.8863525390625,108112
599.0,457.51641845703125,448.27996826171875,457.05999755859375,459.6199951171875,335.6399841308594,69.77015686035156,-2.65643310546875,108112
600.0,457.59991455078125,448.3599853515625,457.1400146484375,459.77996826171875,335.7799987792969,69.69963836669922,-2.63995361328125,108112
601.0,457.9877624511719,448.55999755859375,457.260009765625,460.0999755859375,335.94000244140625,69.71540832519531,-2.887786865234375,108112
602.0,458.0261535644531,448.67999267578125,457.260009765625,460.239990234375,335.41998291015625,69.95169830322266,-2.946136474609375,108112
603.0,458.0397644042969,448.719970703125,457.219970703125,460.20001220703125,335.5199890136719,69.92788696289062,-3.079803466796875,108112
604.0,458.7835388183594,448.6400146484375,457.89996337890625,461.1400146484375,335.1399841308594,70.0439224243164,-3.223541259765625,108112
605.0,458.5724792480469,448.47998046875,457.94000244140625,461.3800048828125,335.55999755859375,69.8466567993164,-2.972503662109375,108112
606.0,457.7906799316406,448.3399658203125,457.5999755859375,460.6400146484375,335.79498291015625,69.62227630615234,-2.530670166015625,108112
607.0,458.4444274902344,448.44000244140625,458.15997314453125,461.53997802734375,335.4949951171875,69.81723022460938,-2.724456787109375,108112
608.0,457.8563537597656,448.0999755859375,457.5,461.0,335.67498779296875,69.7143325805664,-2.716339111328125,108112
609.0,458.12518310546875,447.91998291015625,457.53997802734375,461.05999755859375,335.8199768066406,69.8116683959961,-2.88519287109375,108112
610.0,457.7727966308594,448.55999755859375,457.41998291015625,460.55999755859375,336.3800048828125,69.73324584960938,-2.572784423828125,108112
611.0,457.9161071777344,448.6400146484375,457.44000244140625,460.3399658203125,336.29998779296875,69.7428207397461,-2.716094970703125,108112
612.0,458.10931396484375,448.55999755859375,457.719970703125,460.79998779296875,336.0799865722656,69.87940216064453,-2.76934814453125,108112
613.0,458.2439270019531,448.70001220703125,457.8399658203125,461.0999755859375,335.97998046875,70.00880432128906,-2.803924560546875,108112
614.0,458.36004638671875,448.79998779296875,457.760009765625,461.17999267578125,335.5799865722656,70.1656723022461,-2.840087890625,108112
615.0,458.24639892578125,449.03997802734375,457.5,460.47998046875,335.67999267578125,70.19381713867188,-2.9464111328125,108112
616.0,458.323486328125,449.15997314453125,457.6199951171875,460.67999267578125,335.5799865722656,70.39166259765625,-2.863525390625,108112
617.0,458.16455078125,449.08001708984375,457.5999755859375,460.260009765625,335.3999938964844,70.26494598388672,-2.8045654296875,108112
618.0,458.4186096191406,449.219970703125,457.8399658203125,460.8399658203125,334.97998046875,70.28551483154297,-2.740631103515625,108112
619.0,458.09466552734375,449.239990234375,457.55999755859375,460.3599853515625,335.7349853515625,70.05166625976562,-2.6746826171875,108112
620.0,458.2067565917969,449.03997802734375,457.67999267578125,460.719970703125,336.3199768066406,69.71195220947266,-2.766754150390625,108112
621.0,457.6919860839844,449.1199951171875,457.32000732421875,460.3399658203125,335.9749755859375,69.7496566772461,-2.472015380859375,108112
622.0,457.80706787109375,449.05999755859375,457.27996826171875,460.39996337890625,335.97998046875,69.80081176757812,-2.6470947265625,108112
623.0,457.96807861328125,449.0,457.53997802734375,460.67999267578125,336.17999267578125,69.83023834228516,-2.58807373046875,108112
624.0,458.0166931152344,449.1400146484375,457.5,460.39996337890625,336.3999938964844,69.69681549072266,-2.616729736328125,108112
625.0,457.9557189941406,449.29998779296875,457.58001708984375,460.47998046875,336.2599792480469,69.77837371826172,-2.515716552734375,108112
626.0,458.7820129394531,449.15997314453125,457.94000244140625,461.20001220703125,335.739990234375,70.11661529541016,-3.022003173828125,108112
627.0,458.44207763671875,449.260009765625,457.8800048828125,460.55999755859375,335.7799987792969,70.0708999633789,-2.7821044921875,108112
628.0,458.5903625488281,449.5,458.05999755859375,460.55999755859375,335.53997802734375,70.1642074584961,-2.810394287109375,108112
629.0,458.6088562011719,449.3599853515625,458.03997802734375,460.6199951171875,335.8199768066406,70.04935455322266,-2.828887939453125,108112
630.0,458.1728820800781,449.32000732421875,457.760009765625,460.6400146484375,335.6600036621094,70.02777099609375,-2.614898681640625,108112
631.0,458.2749328613281,449.0999755859375,457.89996337890625,460.91998291015625,335.7799987792969,69.98941802978516,-2.674957275390625,108112
632.0,458.030029296875,449.20001220703125,457.6400146484375,460.67999267578125,335.8800048828125,69.9983139038086,-2.59002685546875,108112
633.0,458.0731201171875,449.239990234375,457.58001708984375,460.65997314453125,336.1399841308594,69.9784164428711,-2.693115234375,108112
634.0,457.96307373046875,449.219970703125,457.6199951171875,460.6400146484375,336.55999755859375,69.730224609375,-2.5230712890625,108112
635.0,458.73126220703125,449.3800048828125,458.03997802734375,461.15997314453125,336.1199951171875,70.09300231933594,-2.9312744140625,108112
636.0,458.7711486816406,449.5,458.1400146484375,461.01995849609375,336.2799987792969,70.12726593017578,-2.871185302734375,108112
637.0,458.7625427246094,449.39996337890625,458.17999267578125,461.1400146484375,336.0,70.2599868774414,-2.822540283203125,108112
638.0,458.563720703125,449.6199951171875,458.0,461.0,335.91998291015625,70.26739501953125,-2.6837158203125,108112
639.0,459.217041015625,449.32000732421875,458.4599609375,461.6199951171875,335.94000244140625,70.25299835205078,-3.1170654296875,108112
640.0,459.0002136230469,449.3800048828125,458.5999755859375,461.51995849609375,336.2149963378906,70.1416244506836,-2.760223388671875,108112
641.0,458.98529052734375,449.27996826171875,458.3800048828125,461.39996337890625,336.05999755859375,70.30880737304688,-2.8253173828125,108112
642.0,458.8813171386719,449.17999267578125,458.44000244140625,461.53997802734375,336.3800048828125,70.23294830322266,-2.641326904296875,108112
643.0,458.6185607910156,449.3399658203125,458.260009765625,461.260009765625,336.03997802734375,70.1401138305664,-2.558563232421875,108112
644.0,458.539794921875,449.4599609375,458.3399658203125,461.27996826171875,336.2799987792969,69.95255279541016,-2.4398193359375,108112
645.0,459.04833984375,449.29998779296875,458.39996337890625,461.8399658203125,336.2799987792969,70.1698989868164,-2.9083251953125,108112
646.0,458.70574951171875,449.44000244140625,458.1400146484375,461.32000732421875,336.41998291015625,70.11910247802734,-2.74578857421875,108112
647.0,458.77435302734375,449.58001708984375,458.3599853515625,461.15997314453125,336.5,70.15787506103516,-2.65435791015625,108112
648.0,458.6411437988281,449.44000244140625,458.1199951171875,461.15997314453125,336.3599853515625,70.06316375732422,-2.681182861328125,108112
649.0,458.5933837890625,449.51995849609375,458.15997314453125,461.01995849609375,336.594970703125,69.94251251220703,-2.65338134765625,108112
650.0,458.84820556640625,449.4599609375,458.27996826171875,461.260009765625,336.4949951171875,70.02208709716797,-2.86822509765625,108112
651.0,458.6160583496094,449.44000244140625,458.3599853515625,461.29998779296875,336.6399841308594,69.80548095703125,-2.536041259765625,108112
652.0,458.3039245605469,449.3599853515625,458.03997802734375,461.27996826171875,336.7749938964844,69.74236297607422,-2.423919677734375,108112
653.0,458.2509765625,449.65997314453125,457.94000244140625,461.03997802734375,336.739990234375,69.7427978515625,-2.3909912109375,108112
654.0,458.0177001953125,449.67999267578125,457.8800048828125,460.77996826171875,337.0149841308594,69.56969451904297,-2.2576904296875,108112
655.0,458.6203308105469,449.77996826171875,458.239990234375,461.05999755859375,337.0799865722656,69.7698745727539,-2.580352783203125,108112
656.0,458.8570556640625,449.65997314453125,458.3800048828125,461.44000244140625,337.0,69.86393737792969,-2.737060546875,108112
657.0,458.7283935546875,449.77996826171875,458.2889709472656,461.29998779296875,337.1199951171875,69.88613891601562,-2.56842041015625,108112
658.0,459.0774230957031,449.94000244140625,458.3599853515625,461.44000244140625,336.7349853515625,70.08120727539062,-2.877410888671875,108112
659.0,459.5126953125,449.8800048828125,458.8599853515625,462.1199951171875,336.44000244140625,70.27577209472656,-2.99273681640625,108112
660.0,459.9303283691406,449.719970703125,459.32000732421875,462.91998291015625,336.41998291015625,70.25422668457031,-3.170318603515625,108112
661.0,459.9915771484375,449.53997802734375,459.53997802734375,463.05999755859375,336.3599853515625,70.15116882324219,-3.13360595703125,108112
662.0,460.0128479003906,449.260009765625,459.55999755859375,463.1199951171875,336.2699890136719,70.18730926513672,-3.112884521484375,108112
663.0,459.9874267578125,449.3599853515625,459.5,462.8399658203125,336.41497802734375,69.99188232421875,-3.04742431640625,108112
664.0,459.4943542480469,449.27996826171875,459.51995849609375,462.89996337890625,336.3349914550781,70.01300811767578,-2.674346923828125,108112
665.0,459.8386535644531,449.58001708984375,459.5999755859375,462.79998779296875,336.3199768066406,70.10163116455078,-2.778656005859375,108112
666.0,460.1470031738281,449.739990234375,459.70001220703125,462.719970703125,336.594970703125,70.18118286132812,-2.927032470703125,108112
667.0,460.0301513671875,449.8800048828125,459.5999755859375,462.3800048828125,336.1600036621094,70.3490982055664,-2.83013916015625,108112
668.0,460.1764831542969,449.8599853515625,459.47998046875,462.3800048828125,336.17999267578125,70.33863067626953,-3.036468505859375,108112
669.0,459.81195068359375,450.05999755859375,459.29998779296875,461.9599609375,336.3199768066406,70.33229064941406,-2.85198974609375,108112
670.0,459.80096435546875,450.1199951171875,459.3489685058594,462.1400146484375,336.55999755859375,70.25237274169922,-2.70098876953125,108112
671.0,459.5127258300781,450.219970703125,458.97998046875,461.94000244140625,336.614990234375,70.12418365478516,-2.672760009765625,108112
672.0,460.00946044921875,450.30999755859375,459.239990234375,462.32000732421875,336.3199768066406,70.32357788085938,-2.88946533203125,108112
673.0,460.320556640625,450.39996337890625,459.5999755859375,462.55999755859375,336.4749755859375,70.3107681274414,-3.04058837890625,108112
674.0,460.11590576171875,450.51995849609375,459.65997314453125,462.6400146484375,336.4749755859375,70.25570678710938,-2.7159423828125,108112
675.0,459.950439453125,450.58001708984375,459.44000244140625,462.55999755859375,336.41998291015625,70.39295959472656,-2.73046875,108112
676.0,458.953369140625,450.260009765625,458.6199951171875,461.6199951171875,336.6199951171875,70.20027160644531,-2.43341064453125,108112
677.0,459.6740417480469,450.3800048828125,459.1400146484375,461.91998291015625,336.7799987792969,70.23921203613281,-2.774078369140625,108112
678.0,459.9541015625,450.15997314453125,459.32000732421875,462.3399658203125,336.8199768066406,70.31829833984375,-2.994140625,108112
679.0,460.43804931640625,450.1199951171875,459.3399658203125,462.77996826171875,336.41497802734375,70.46871948242188,-3.47808837890625,108112
680.0,460.15985107421875,450.219970703125,459.219970703125,462.6199951171875,336.1999816894531,70.45518493652344,-3.27984619140625,108112
681.0,460.0598449707031,450.5,459.41998291015625,462.39996337890625,336.1600036621094,70.4257583618164,-2.939849853515625,108112
682.0,460.4157409667969,450.27996826171875,459.8599853515625,463.17999267578125,336.2599792480469,70.28355407714844,-2.975738525390625,108112
683.0,460.18890380859375,450.01995849609375,460.0,463.32000732421875,336.3399963378906,70.20053100585938,-2.82891845703125,108112
684.0,460.1618957519531,450.260009765625,460.0,463.260009765625,336.4599914550781,70.296142578125,-2.701934814453125,108112
685.0,459.9660949707031,450.3800048828125,459.82000732421875,462.719970703125,336.53997802734375,70.18770599365234,-2.586090087890625,108112
686.0,460.3391418457031,450.3399658203125,459.97998046875,463.15997314453125,336.4949951171875,70.0596694946289,-2.799163818359375,108112
687.0,460.6439514160156,450.27996826171875,460.3399658203125,463.67999267578125,336.5199890136719,70.08353424072266,-2.803985595703125,108112
688.0,459.9015197753906,450.20001220703125,459.8399658203125,463.05999755859375,336.5,70.0008544921875,-2.501556396484375,108112
689.0,460.35009765625,450.20001220703125,460.15997314453125,463.41998291015625,336.5799865722656,70.03275299072266,-2.69012451171875,108112
690.0,460.2659912109375,450.47998046875,459.9599609375,462.739990234375,336.7349853515625,69.96431732177734,-2.6259765625,108112
691.0,459.5912170410156,450.6400146484375,459.6400146484375,462.260009765625,336.4949951171875,70.10208129882812,-2.251251220703125,108112
692.0,460.444580078125,450.94000244140625,460.1199951171875,462.82000732421875,336.3199768066406,70.37770080566406,-2.5845947265625,108112
693.0,460.9520568847656,451.05999755859375,460.3800048828125,463.4599609375,336.17999267578125,70.60381317138672,-2.832061767578125,108112
694.0,460.556884765625,450.8800048828125,460.29998779296875,463.39996337890625,336.6349792480469,70.36150360107422,-2.63690185546875,108112
695.0,459.89385986328125,450.89996337890625,459.77996826171875,462.760009765625,336.8800048828125,70.15525817871094,-2.3538818359375,108112
696.0,460.1290588378906,451.0,459.6199951171875,462.3399658203125,337.05999755859375,69.98731231689453,-2.729095458984375,108112
697.0,460.2588806152344,451.29998779296875,459.94000244140625,462.65997314453125,336.8399963378906,70.2142105102539,-2.578887939453125,108112
698.0,461.4168701171875,451.0999755859375,460.55999755859375,463.739990234375,336.9599914550781,70.27867126464844,-3.296875,108112
699.0,461.2104797363281,451.0,460.55999755859375,463.6400146484375,336.79998779296875,70.22154235839844,-3.070465087890625,108112
700.0,460.9942321777344,451.08001708984375,460.3599853515625,463.239990234375,336.739990234375,70.31289672851562,-2.994232177734375,108112
701.0,460.5447692871094,451.1199951171875,459.9599609375,462.94000244140625,336.8999938964844,70.25025939941406,-2.864776611328125,108112
702.0,460.9643249511719,451.219970703125,460.260009765625,463.27996826171875,336.9549865722656,70.30463409423828,-3.044342041015625,108112
703.0,460.77001953125,451.3599853515625,460.27996826171875,463.239990234375,336.875,70.38783264160156,-2.7900390625,108112
704.0,460.1118469238281,451.17999267578125,459.8599853515625,462.89996337890625,337.5199890136719,70.10374450683594,-2.511871337890625,108112
705.0,459.7390441894531,451.0999755859375,459.41998291015625,462.457763671875,337.47998046875,69.93538665771484,-2.479034423828125,108112
706.0,459.8503112792969,451.08001708984375,459.4599609375,462.260009765625,337.6600036621094,69.82587432861328,-2.590301513671875,108112
707.0,460.76318359375,451.05999755859375,459.8800048828125,462.94000244140625,337.3599853515625,70.12979888916016,-3.023193359375,108112
708.0,460.44598388671875,451.01995849609375,459.82000732421875,462.77996826171875,337.16998291015625,70.19156646728516,-2.7860107421875,108112
709.0,459.7551574707031,450.8800048828125,459.6400146484375,462.70001220703125,337.4749755859375,69.8511734008789,-2.355194091796875,108112
710.0,459.6737976074219,450.94000244140625,459.67999267578125,462.70001220703125,337.7749938964844,69.72417449951172,-2.313812255859375,108112
711.0,459.9676818847656,450.97998046875,459.67999267578125,463.03997802734375,337.5999755859375,69.89035034179688,-2.507720947265625,108112
712.0,459.855224609375,451.1199951171875,459.65997314453125,462.8599853515625,337.6399841308594,70.00163269042969,-2.375244140625,108112
713.0,460.4463195800781,451.0,460.01995849609375,463.0977783203125,337.3949890136719,70.18386840820312,-2.686309814453125,108112
714.0,461.2117919921875,451.05999755859375,460.39996337890625,463.6400146484375,337.1999816894531,70.4130630493164,-3.15179443359375,108112
715.0,461.3808898925781,451.05999755859375,460.5,464.03997802734375,337.1600036621094,70.46011352539062,-3.280914306640625,108112
716.0,461.418212890625,451.32000732421875,460.6400146484375,464.0,337.3399963378906,70.38777923583984,-3.11822509765625,108112
717.0,461.0357360839844,451.15997314453125,460.53997802734375,463.65997314453125,337.3599853515625,70.43123626708984,-2.835723876953125,108112
718.0,460.9095458984375,451.01995849609375,460.32000732421875,463.41998291015625,337.3999938964844,70.27452850341797,-2.9295654296875,108112
719.0,460.54736328125,451.260009765625,460.29998779296875,463.1400146484375,337.3999938964844,70.33320617675781,-2.52740478515625,108112
720.0,460.34991455078125,451.32000732421875,460.219970703125,462.97998046875,337.7599792480469,70.25601959228516,-2.409912109375,108112
721.0,461.4334411621094,451.1199951171875,460.77996826171875,463.91998291015625,337.5799865722656,70.18757629394531,-3.093475341796875,108112
722.0,461.4887390136719,451.260009765625,460.77996826171875,463.91998291015625,337.55499267578125,70.26307678222656,-3.028778076171875,108112
723.0,461.819091796875,451.29998779296875,461.1400146484375,464.5,337.47998046875,70.4181900024414,-3.11907958984375,108112
724.0,462.028564453125,451.5,461.3399658203125,464.70001220703125,337.1399841308594,70.74346160888672,-3.1685791015625,108112
725.0,462.13861083984375,451.44000244140625,461.260009765625,464.67999267578125,337.0149841308594,70.7849349975586,-3.358642578125,108112
726.0,462.0326232910156,451.53997802734375,461.27996826171875,464.3778076171875,336.9549865722656,70.83013916015625,-3.232635498046875,108112
727.0,462.14739990234375,451.3800048828125,461.44000244140625,464.58001708984375,337.05999755859375,70.82807922363281,-3.2474365234375,108112
728.0,461.7646789550781,451.29998779296875,461.1400146484375,464.17999267578125,337.5,70.52482604980469,-3.064666748046875,108112
729.0,461.3063659667969,451.15997314453125,460.91998291015625,464.20001220703125,337.5149841308594,70.46660614013672,-2.766387939453125,108112
730.0,461.52642822265625,451.32000732421875,460.79998779296875,464.01995849609375,337.2749938964844,70.65925598144531,-3.06646728515625,108112
731.0,461.5418701171875,451.39996337890625,461.01995849609375,464.27996826171875,337.03997802734375,70.57150268554688,-2.921875,108112
732.0,461.7828369140625,451.53997802734375,461.1400146484375,464.219970703125,337.1549987792969,70.62593841552734,-3.00286865234375,108112
733.0,461.9853820800781,451.70001220703125,461.239990234375,464.1400146484375,337.239990234375,70.8082504272461,-3.125396728515625,108112
734.0,462.695556640625,451.3800048828125,461.77996826171875,464.58001708984375,337.0199890136719,70.79127502441406,-3.53558349609375,108112
735.0,462.07232666015625,451.53997802734375,461.39996337890625,464.17999267578125,337.594970703125,70.49397277832031,-3.17236328125,108112
736.0,462.15570068359375,451.67999267578125,461.3800048828125,464.41778564453125,337.4749755859375,70.41163635253906,-3.11572265625,108112
737.0,462.62030029296875,451.97998046875,462.01995849609375,465.41778564453125,337.3800048828125,70.64555358886719,-3.060302734375,108112
738.0,462.4405212402344,451.91998291015625,461.89996337890625,465.32000732421875,337.44000244140625,70.55194854736328,-2.940521240234375,108112
739.0,461.7899169921875,452.0999755859375,461.05999755859375,464.47998046875,337.3399963378906,70.52861022949219,-2.98992919921875,108112
740.0,462.0557861328125,452.0999755859375,461.3599853515625,464.43780517578125,337.03997802734375,70.66610717773438,-3.03582763671875,108112
741.0,461.9600830078125,452.32000732421875,461.3399658203125,464.03997802734375,337.1999816894531,70.68517303466797,-2.92010498046875,108112
742.0,462.2506103515625,452.29998779296875,461.5999755859375,464.41778564453125,337.2200012207031,70.81053924560547,-2.9906005859375,108112
743.0,462.70556640625,452.32000732421875,461.97998046875,464.67999267578125,337.1549987792969,70.83749389648438,-3.12554931640625,108112
744.0,462.78924560546875,452.39996337890625,461.97998046875,464.8599853515625,337.0199890136719,70.9105224609375,-3.1292724609375,108112
745.0,462.6004333496094,452.53997802734375,462.01995849609375,465.239990234375,337.17999267578125,70.93252563476562,-2.920440673828125,108112
746.0,462.41339111328125,452.58001708984375,461.8800048828125,465.219970703125,337.29998779296875,70.90737915039062,-2.8734130859375,108112
747.0,463.0226745605469,452.44000244140625,462.239990234375,465.51995849609375,337.739990234375,70.77783203125,-3.242706298828125,108112
748.0,463.119873046875,452.39996337890625,462.3399658203125,465.51995849609375,337.94000244140625,70.68321228027344,-3.161895751953125,108112
749.0,462.99609375,452.44000244140625,462.17999267578125,465.17999267578125,338.0,70.67166137695312,-3.1561279296875,108112
750.0,463.1556091308594,452.55999755859375,462.239990234375,465.20001220703125,337.44000244140625,70.86700439453125,-3.195648193359375,108112
751.0,463.2269592285156,452.6400146484375,462.1400146484375,465.3599853515625,337.6949768066406,70.80648040771484,-3.346954345703125,108112
752.0,462.761962890625,452.55999755859375,462.15997314453125,465.219970703125,337.8800048828125,70.69246673583984,-2.8819580078125,108112
753.0,462.2625427246094,452.82000732421875,461.70001220703125,464.6400146484375,337.8599853515625,70.76338195800781,-2.742584228515625,108112
754.0,462.8614807128906,452.94000244140625,462.0999755859375,464.91998291015625,337.739990234375,70.96692657470703,-3.001495361328125,108112
755.0,463.4991760253906,452.8800048828125,462.58001708984375,465.79998779296875,337.7599792480469,71.03287506103516,-3.259185791015625,108112
756.0,463.4662780761719,452.760009765625,462.77996826171875,466.15997314453125,337.67999267578125,70.97126007080078,-3.106292724609375,108112
757.0,463.1451721191406,452.8599853515625,462.32000732421875,465.55999755859375,337.7799987792969,70.95426940917969,-3.125213623046875,108112
758.0,463.0177307128906,452.70001220703125,462.29998779296875,465.17779541015625,337.7799987792969,70.9167251586914,-3.037750244140625,108112
759.0,462.60400390625,452.5999755859375,461.8800048828125,464.77996826171875,338.0149841308594,70.64810180664062,-3.0040283203125,108112
760.0,462.00750732421875,452.6199951171875,461.51995849609375,464.65997314453125,338.375,70.6324234008789,-2.62750244140625,108112
761.0,462.88763427734375,452.67999267578125,461.9599609375,465.20001220703125,338.53997802734375,70.60140991210938,-3.169647216796875,108112
762.0,463.0762939453125,452.70001220703125,462.219970703125,465.65997314453125,338.0749816894531,70.85700225830078,-3.1962890625,108112
763.0,462.7779846191406,452.8599853515625,461.94000244140625,464.997802734375,338.17498779296875,70.8180160522461,-3.058013916015625,108112
764.0,462.4421691894531,452.9599609375,461.82000732421875,464.6199951171875,338.05499267578125,70.73171997070312,-2.842193603515625,108112
765.0,462.3754577636719,452.94000244140625,461.6400146484375,464.6199951171875,337.94000244140625,70.77891540527344,-2.875457763671875,108112
766.0,462.2825012207031,452.8800048828125,461.739990234375,464.47998046875,337.8599853515625,70.82337188720703,-2.762542724609375,108112
767.0,462.84552001953125,452.82000732421875,462.03997802734375,465.03997802734375,337.91998291015625,70.98340606689453,-3.1455078125,108112
768.0,463.2354736328125,452.9599609375,462.4599609375,465.6199951171875,337.6949768066406,71.32154083251953,-3.115478515625,108112
769.0,463.6748962402344,452.719970703125,462.58001708984375,466.08001708984375,337.7200012207031,71.36022186279297,-3.574920654296875,108112
770.0,463.05126953125,452.8599853515625,462.29998779296875,465.58001708984375,338.1199951171875,71.08676147460938,-3.09130859375,108112
771.0,462.8330993652344,452.91998291015625,462.20001220703125,465.53997802734375,338.0999755859375,71.05693054199219,-2.993133544921875,108112
772.0,463.3038635253906,452.79998779296875,462.27996826171875,465.97998046875,338.1999816894531,71.02393341064453,-3.423858642578125,108112
773.0,463.2081298828125,452.55999755859375,462.39996337890625,465.91998291015625,338.239990234375,71.0711441040039,-3.2481689453125,108112
774.0,462.8241882324219,452.67999267578125,462.1199951171875,465.3599853515625,338.41497802734375,70.88671112060547,-3.006195068359375,108112
775.0,462.974853515625,452.82000732421875,462.27996826171875,465.53997802734375,338.4599914550781,70.94078063964844,-3.03485107421875,108112
776.0,463.02618408203125,452.97998046875,462.32000732421875,465.79998779296875,338.239990234375,70.92124938964844,-3.06622314453125,108112
777.0,463.8874816894531,452.760009765625,463.0999755859375,466.73779296875,338.3599853515625,70.91278076171875,-3.527496337890625,108112
778.0,464.1605224609375,452.760009765625,463.3599853515625,466.89776611328125,338.3800048828125,70.90442657470703,-3.54052734375,108112
779.0,463.6617126464844,452.8399658203125,463.219970703125,466.5,338.3199768066406,70.81177520751953,-3.001739501953125,108112
780.0,463.64251708984375,452.9599609375,463.0,466.0999755859375,338.55999755859375,70.74811553955078,-3.08251953125,108112
781.0,463.8355712890625,453.08001708984375,463.1199951171875,466.53997802734375,338.35498046875,70.93045806884766,-3.13555908203125,108112
782.0,464.07879638671875,453.3599853515625,463.239990234375,466.4599609375,338.3999938964844,70.9927978515625,-3.23883056640625,108112
783.0,463.91986083984375,453.29998779296875,463.08001708984375,466.20001220703125,338.0,71.14054107666016,-3.29986572265625,108112
784.0,463.7952575683594,453.1199951171875,463.0,466.239990234375,337.94000244140625,71.0521011352539,-3.215240478515625,108112
785.0,463.77264404296875,452.89996337890625,463.03997802734375,466.3800048828125,338.0,71.01176452636719,-3.192626953125,108112
786.0,463.5687561035156,453.0999755859375,462.79998779296875,465.8599853515625,337.6199951171875,71.03998565673828,-3.168792724609375,108112
787.0,463.87249755859375,453.3399658203125,463.0999755859375,465.94000244140625,337.91497802734375,71.05297088623047,-3.2125244140625,108112
788.0,463.9481506347656,453.1400146484375,463.239990234375,466.03997802734375,337.94000244140625,71.13230895996094,-3.128143310546875,108112
789.0,464.143798828125,453.260009765625,463.3800048828125,466.0999755859375,338.0,71.00149536132812,-3.205810546875,108112
790.0,463.95367431640625,453.0999755859375,463.219970703125,465.97998046875,338.3599853515625,70.98580932617188,-3.1737060546875,108112
791.0,463.33050537109375,453.20001220703125,462.79998779296875,465.739990234375,338.594970703125,70.89437866210938,-2.83050537109375,108112
792.0,463.04315185546875,453.39996337890625,462.6199951171875,465.6400146484375,338.94000244140625,70.69831848144531,-2.6231689453125,108112
793.0,463.8294982910156,453.3599853515625,463.08001708984375,466.32000732421875,338.739990234375,70.82475280761719,-3.089508056640625,108112
794.0,463.1026916503906,453.08001708984375,462.3399658203125,465.51995849609375,338.8349914550781,70.67524719238281,-3.082733154296875,108112
795.0,463.351318359375,453.32000732421875,462.6199951171875,465.77996826171875,338.7599792480469,70.93989562988281,-3.05133056640625,108112
796.0,463.8740234375,453.44000244140625,463.1199951171875,466.32000732421875,338.53997802734375,71.10403442382812,-3.114013671875,108112
797.0,463.6490478515625,453.41998291015625,463.0999755859375,466.4599609375,338.6600036621094,70.9256591796875,-2.7890625,108112
798.0,462.5640563964844,453.53997802734375,462.82000732421875,466.3399658203125,339.0999755859375,70.70698547363281,-2.004058837890625,108112
799.0,462.88958740234375,453.53997802734375,462.89996337890625,466.17999267578125,338.3199768066406,70.84246826171875,-2.36962890625,108112
800.0,462.90167236328125,453.39996337890625,462.8599853515625,465.9599609375,338.17999267578125,70.92172241210938,-2.40167236328125,108112
801.0,463.5,453.3399658203125,463.1400146484375,466.1400146484375,338.3399963378906,70.92127990722656,-2.760009765625,108112
802.0,463.7563781738281,453.20001220703125,463.03997802734375,466.1199951171875,338.3999938964844,70.9298095703125,-3.136383056640625,108112
803.0,463.49163818359375,453.0,462.8599853515625,465.91998291015625,338.5149841308594,70.989013671875,-3.13165283203125,108112
804.0,462.71258544921875,453.20001220703125,462.27996826171875,465.17999267578125,338.8599853515625,70.6634521484375,-2.734619140625,108112
805.0,462.1724548339844,453.219970703125,461.89996337890625,464.79998779296875,339.1199951171875,70.49141693115234,-2.472442626953125,108112
806.0,463.172607421875,453.17999267578125,462.65997314453125,465.82000732421875,339.0799865722656,70.63370513916016,-2.7926025390625,108112
807.0,463.6702575683594,453.239990234375,462.89996337890625,465.94000244140625,338.94000244140625,70.7116470336914,-3.110260009765625,108112
808.0,463.9986572265625,453.65997314453125,462.91998291015625,466.1177978515625,338.7599792480469,70.89624786376953,-3.29864501953125,108112
809.0,463.5401611328125,453.6400146484375,462.77996826171875,465.70001220703125,338.6399841308594,70.89095306396484,-3.02020263671875,108112
810.0,463.5279235839844,453.5899963378906,462.82000732421875,465.82000732421875,339.094970703125,70.76792907714844,-3.007965087890625,108112
811.0,463.2687072753906,453.58001708984375,462.6400146484375,465.70001220703125,339.53997802734375,70.41227722167969,-2.848724365234375,108112
812.0,463.3660583496094,453.44000244140625,462.51995849609375,465.39996337890625,339.1999816894531,70.5442886352539,-3.086090087890625,108112
813.0,462.7973327636719,453.719970703125,462.4599609375,465.29998779296875,339.05499267578125,70.67597961425781,-2.537322998046875,108112
814.0,463.1453552246094,453.89996337890625,462.65997314453125,465.44000244140625,339.2549743652344,70.65113830566406,-2.645355224609375,108112
815.0,463.2552185058594,453.8399658203125,462.76898193359375,465.53778076171875,339.5999755859375,70.56478118896484,-2.675201416015625,108112
816.0,463.2262878417969,453.8499755859375,462.58001708984375,465.55780029296875,339.739990234375,70.40156555175781,-2.806304931640625,108112
817.0,463.22662353515625,453.92999267578125,462.70001220703125,465.6199951171875,339.6600036621094,70.50764465332031,-2.72662353515625,108112
818.0,463.7083740234375,453.79998779296875,462.94000244140625,466.03997802734375,339.5999755859375,70.6092300415039,-3.1083984375,108112
819.0,463.5391540527344,453.8800048828125,463.03997802734375,466.01995849609375,339.5749816894531,70.60621643066406,-2.759185791015625,108112
820.0,463.3072814941406,453.8399658203125,462.8800048828125,465.760009765625,339.8999938964844,70.29011535644531,-2.687286376953125,108112
821.0,463.3627624511719,453.82000732421875,462.8800048828125,465.70001220703125,339.8199768066406,70.34954833984375,-2.722747802734375,108112
822.0,463.4606018066406,454.08001708984375,463.0,466.03997802734375,340.0,70.3968276977539,-2.740631103515625,108112
823.0,463.34881591796875,453.94000244140625,462.6400146484375,465.94000244140625,339.91998291015625,70.4136962890625,-2.9288330078125,108112
824.0,463.097900390625,453.9599609375,462.5,465.55999755859375,339.91998291015625,70.4712905883789,-2.7379150390625,108112
825.0,463.24468994140625,454.15997314453125,462.6199951171875,465.58001708984375,339.875,70.45699310302734,-2.8046875,108112
826.0,464.1760559082031,454.15997314453125,463.239990234375,466.55999755859375,339.55999755859375,70.69795227050781,-3.296051025390625,108112
827.0,464.49493408203125,454.0999755859375,463.6289978027344,466.93780517578125,339.3399963378906,70.77627563476562,-3.294921875,108112
828.0,464.5453796386719,454.1400146484375,463.70001220703125,466.79779052734375,339.7549743652344,70.7710952758789,-3.165374755859375,108112
829.0,464.5516357421875,454.20001220703125,463.8399658203125,466.719970703125,339.9599914550781,70.80856323242188,-3.0516357421875,108112
830.0,464.8477783203125,454.1400146484375,463.97998046875,466.91998291015625,340.03997802734375,70.63236999511719,-3.247802734375,108112
831.0,465.1550598144531,454.03997802734375,464.17999267578125,467.41998291015625,339.6199951171875,70.6112060546875,-3.455047607421875,108112
832.0,465.663330078125,453.8599853515625,464.739990234375,468.27996826171875,339.7200012207031,70.60882568359375,-3.5633544921875,108112
833.0,465.60455322265625,453.8599853515625,464.8800048828125,468.4599609375,339.6999816894531,70.62757873535156,-3.36456298828125,108112
834.0,465.3962707519531,453.8399658203125,464.739990234375,468.27996826171875,339.5199890136719,70.76387786865234,-3.216278076171875,108112
835.0,463.42047119140625,453.8599853515625,463.47998046875,466.51995849609375,339.739990234375,70.41272735595703,-2.260498046875,108112
836.0,463.3880310058594,453.94000244140625,463.739990234375,466.9599609375,339.7599792480469,70.28356170654297,-2.088043212890625,108112
837.0,463.38824462890625,454.15997314453125,463.27996826171875,466.27996826171875,339.7799987792969,70.23056030273438,-2.42828369140625,108112
838.0,463.5347595214844,454.239990234375,463.20001220703125,466.1378173828125,339.91497802734375,70.26642608642578,-2.616790771484375,108112
839.0,464.22869873046875,454.15997314453125,463.6289978027344,466.67999267578125,339.53997802734375,70.54794311523438,-2.9287109375,108112
840.0,464.62451171875,454.17999267578125,463.67999267578125,466.91998291015625,339.5199890136719,70.7588882446289,-3.2445068359375,108112
841.0,465.1090087890625,454.29998779296875,464.260009765625,467.70001220703125,339.4599914550781,70.84307861328125,-3.30902099609375,108112
842.0,465.7442321777344,454.17999267578125,464.719970703125,468.15997314453125,338.9949951171875,71.12023162841797,-3.606231689453125,108112
843.0,466.0391845703125,454.17999267578125,465.0999755859375,468.6400146484375,339.0,71.17552185058594,-3.5792236328125,108112
844.0,465.58056640625,454.27996826171875,464.5999755859375,468.17999267578125,339.1349792480469,71.17514038085938,-3.54058837890625,108112
845.0,465.5480041503906,453.8800048828125,464.739990234375,468.4599609375,339.2749938964844,70.9796142578125,-3.488006591796875,108112
846.0,465.9839782714844,453.89996337890625,465.03997802734375,468.5999755859375,339.0999755859375,71.0717544555664,-3.584014892578125,108112
847.0,465.2659606933594,453.94000244140625,464.58001708984375,467.6199951171875,339.0999755859375,70.91375732421875,-3.185943603515625,108112
848.0,465.74420166015625,454.1199951171875,464.79998779296875,468.0,339.03497314453125,71.02169036865234,-3.4642333984375,108112
849.0,465.63104248046875,454.0,464.719970703125,467.8399658203125,339.1199951171875,71.08918762207031,-3.49102783203125,108112
850.0,465.7178649902344,454.05999755859375,464.8399658203125,467.97998046875,339.29998779296875,71.07209014892578,-3.417877197265625,108112
851.0,465.91888427734375,454.1400146484375,464.8599853515625,468.1199951171875,339.29998779296875,71.11776733398438,-3.57891845703125,108112
852.0,466.1537780761719,454.260009765625,465.08001708984375,468.6199951171875,339.114990234375,71.32298278808594,-3.593780517578125,108112
853.0,465.8845520019531,454.53997802734375,465.260009765625,468.3399658203125,339.2149963378906,71.26543426513672,-3.164581298828125,108112
854.0,465.2146911621094,454.65997314453125,464.55999755859375,467.8778076171875,339.47998046875,71.06546020507812,-2.994720458984375,108112
855.0,465.7889404296875,454.79998779296875,464.9599609375,468.260009765625,339.03997802734375,71.42301177978516,-3.24896240234375,108112
856.0,465.2347412109375,454.58001708984375,464.70001220703125,467.89996337890625,339.3800048828125,71.15731811523438,-2.9947509765625,108112
857.0,465.0864562988281,454.3599853515625,464.6400146484375,468.08001708984375,339.55499267578125,71.03572082519531,-3.006439208984375,108112
858.0,465.39801025390625,454.4599609375,464.719970703125,468.20001220703125,339.5749816894531,71.0737075805664,-3.15802001953125,108112
859.0,464.6283874511719,454.6400146484375,464.0999755859375,467.41998291015625,339.8399963378906,70.85595703125,-2.848419189453125,108112
860.0,465.1448669433594,454.719970703125,464.4599609375,467.8599853515625,339.5199890136719,70.99067687988281,-3.164886474609375,108112
861.0,465.6479797363281,454.70001220703125,464.82000732421875,468.17999267578125,339.4949951171875,71.17759704589844,-3.248016357421875,108112
862.0,465.5675964355469,454.77996826171875,464.8399658203125,467.79998779296875,339.5149841308594,71.18040466308594,-3.167633056640625,108112
863.0,465.2914123535156,454.760009765625,464.70001220703125,468.03997802734375,339.8999938964844,71.11180877685547,-2.971405029296875,108112
864.0,465.159912109375,454.97998046875,464.51995849609375,467.51995849609375,340.0999755859375,70.94096374511719,-2.97991943359375,108112
865.0,465.71099853515625,454.89996337890625,464.91998291015625,468.08001708984375,339.6349792480469,71.26551055908203,-3.23101806640625,108112
866.0,465.4847106933594,455.15997314453125,464.67999267578125,467.82000732421875,339.6399841308594,71.31640625,-3.124725341796875,108112
867.0,465.3423767089844,454.9599609375,464.760009765625,467.67999267578125,339.9749755859375,71.03264617919922,-3.022369384765625,108112
868.0,465.8550720214844,454.65997314453125,465.260009765625,468.9599609375,339.6999816894531,71.10176086425781,-3.335113525390625,108112
869.0,466.17340087890625,454.53997802734375,465.27996826171875,468.55999755859375,339.6549987792969,71.21817779541016,-3.43341064453125,108112
870.0,466.3760986328125,454.47998046875,465.39996337890625,468.67999267578125,340.0,71.14799499511719,-3.5361328125,108112
871.0,466.20062255859375,454.55999755859375,465.15997314453125,468.3800048828125,340.0799865722656,71.10295104980469,-3.58062744140625,108112
872.0,466.1692810058594,454.67999267578125,465.1400146484375,468.20001220703125,339.8599853515625,71.12217712402344,-3.529266357421875,108112
873.0,465.8525390625,454.6199951171875,465.17999267578125,468.219970703125,339.8399963378906,71.10306549072266,-3.19256591796875,108112
874.0,465.33563232421875,454.6400146484375,465.05999755859375,468.39996337890625,340.0999755859375,70.91517639160156,-2.795654296875,108112
875.0,465.3646240234375,454.8599853515625,464.9599609375,468.260009765625,339.9549865722656,70.96985626220703,-2.84466552734375,108112
876.0,465.3932189941406,454.8399658203125,465.0999755859375,468.27996826171875,340.094970703125,70.83405303955078,-2.833221435546875,108112
877.0,465.4189758300781,454.89996337890625,465.0,468.3599853515625,340.0,70.75267791748047,-2.918975830078125,108112
878.0,466.4228820800781,454.6199951171875,465.65997314453125,469.41998291015625,339.8599853515625,71.00663757324219,-3.422882080078125,108112
879.0,466.6896667480469,454.79998779296875,465.65997314453125,469.219970703125,339.5999755859375,71.24535369873047,-3.649688720703125,108112
880.0,466.8112487792969,454.97998046875,465.67999267578125,469.08001708984375,339.67999267578125,71.23722839355469,-3.671234130859375,108112
881.0,466.5618591308594,455.05999755859375,465.58001708984375,468.89996337890625,339.6600036621094,71.19599914550781,-3.481842041015625,108112
882.0,466.7160949707031,454.94000244140625,465.82000732421875,469.39996337890625,339.55999755859375,71.2595443725586,-3.496124267578125,108112
883.0,466.8750305175781,454.91998291015625,466.05999755859375,469.4599609375,339.1999816894531,71.31124114990234,-3.455047607421875,108112
884.0,466.5,455.15997314453125,465.719970703125,468.8800048828125,339.6399841308594,71.26210021972656,-3.20001220703125,108112
885.0,466.5408020019531,455.15997314453125,465.55999755859375,468.82000732421875,339.5999755859375,71.32350158691406,-3.420806884765625,108112
886.0,466.70379638671875,455.219970703125,465.67999267578125,468.8599853515625,339.4549865722656,71.34358215332031,-3.44378662109375,108112
887.0,466.5004577636719,455.39996337890625,465.5999755859375,469.1400146484375,339.6399841308594,71.43262481689453,-3.260467529296875,108112
888.0,466.4335632324219,455.3599853515625,465.65997314453125,469.260009765625,339.67498779296875,71.59870147705078,-3.253570556640625,108112
889.0,466.8227233886719,455.219970703125,465.77996826171875,469.4599609375,339.2799987792969,71.65326690673828,-3.642730712890625,108112
890.0,467.0484924316406,455.08001708984375,465.9599609375,469.39996337890625,339.5149841308594,71.5142593383789,-3.728485107421875,108112
891.0,466.7306823730469,455.08001708984375,465.8399658203125,469.05999755859375,340.0749816894531,71.24360656738281,-3.470672607421875,108112
892.0,467.0625915527344,455.01995849609375,465.9689636230469,469.51995849609375,340.1549987792969,71.128662109375,-3.662628173828125,108112
893.0,467.11297607421875,455.05999755859375,466.260009765625,469.760009765625,339.739990234375,71.41316223144531,-3.51300048828125,108112
894.0,466.15631103515625,455.0899963378906,465.3800048828125,468.739990234375,339.7149963378906,71.31763458251953,-3.19635009765625,108112
895.0,465.8925476074219,455.30999755859375,465.3089904785156,468.3599853515625,339.9949951171875,71.25453186035156,-2.972564697265625,108112
896.0,466.38153076171875,455.3800048828125,465.5,468.51776123046875,340.17999267578125,71.13919830322266,-3.301513671875,108112
897.0,465.73614501953125,455.29998779296875,465.1400146484375,468.3800048828125,340.0999755859375,71.1281509399414,-2.75616455078125,108112
898.0,466.2471008300781,455.51995849609375,465.4599609375,468.3399658203125,339.9599914550781,71.35063171386719,-3.087127685546875,108112
899.0,466.5740051269531,455.760009765625,465.5,468.8399658203125,339.55999755859375,71.6698989868164,-3.354034423828125,108112
900.0,466.79205322265625,455.58001708984375,465.70001220703125,469.15997314453125,339.739990234375,71.58071899414062,-3.4920654296875,108112
901.0,466.774169921875,455.58001708984375,465.67999267578125,469.0,339.4599914550781,71.60688018798828,-3.49420166015625,108112
902.0,466.9566345214844,455.5999755859375,465.8800048828125,469.05999755859375,339.6600036621094,71.49742889404297,-3.476654052734375,108112
903.0,467.014892578125,455.58001708984375,466.01995849609375,469.20001220703125,339.8599853515625,71.47122955322266,-3.43487548828125,108112
904.0,467.4703674316406,455.5999755859375,466.20001220703125,469.73779296875,339.5799865722656,71.602294921875,-3.850372314453125,108112
905.0,467.07421875,455.67999267578125,466.03997802734375,469.39996337890625,339.8949890136719,71.46649169921875,-3.57421875,108112
906.0,466.9660949707031,455.760009765625,466.03997802734375,469.29998779296875,340.0,71.65721130371094,-3.446136474609375,108112
907.0,467.18817138671875,455.739990234375,466.1199951171875,469.53997802734375,339.6999816894531,71.71044158935547,-3.4881591796875,108112
908.0,466.8999328613281,455.67999267578125,465.9599609375,469.20001220703125,339.91998291015625,71.55859375,-3.339935302734375,108112
909.0,466.7894287109375,455.9599609375,466.05999755859375,469.44000244140625,340.2149963378906,71.35667419433594,-3.16943359375,108112
910.0,466.8988037109375,455.65997314453125,466.05999755859375,469.41998291015625,340.239990234375,71.2763442993164,-3.35882568359375,108112
911.0,466.873779296875,455.77996826171875,466.1400146484375,469.53997802734375,340.1549987792969,71.36546325683594,-3.17376708984375,108112
912.0,467.3387145996094,455.739990234375,466.39996337890625,469.6199951171875,340.1600036621094,71.29046630859375,-3.458709716796875,108112
913.0,467.3825988769531,455.65997314453125,466.32000732421875,469.6199951171875,340.1399841308594,71.2688980102539,-3.562591552734375,108112
914.0,467.1758728027344,455.67999267578125,466.08001708984375,469.4599609375,340.1199951171875,71.37145233154297,-3.615875244140625,108112
915.0,466.980712890625,455.82000732421875,465.9599609375,469.01995849609375,340.05999755859375,71.28450775146484,-3.480712890625,108112
916.0,467.18768310546875,455.739990234375,466.1199951171875,469.05999755859375,340.1399841308594,71.18257904052734,-3.54766845703125,108112
917.0,467.8887939453125,455.9599609375,466.65997314453125,470.27996826171875,340.0,71.4817886352539,-3.82879638671875,108112
918.0,468.0999450683594,455.91998291015625,467.260009765625,470.91998291015625,339.7749938964844,71.6368408203125,-3.759979248046875,108112
919.0,468.4236755371094,455.8599853515625,467.41998291015625,471.260009765625,339.93499755859375,71.49382019042969,-3.943695068359375,108112
920.0,468.2098388671875,455.5999755859375,467.3599853515625,471.0999755859375,340.41998291015625,71.21138000488281,-3.829833984375,108112
921.0,468.3093566894531,455.65997314453125,467.3800048828125,471.03997802734375,340.239990234375,71.45988464355469,-3.709381103515625,108112
922.0,468.18316650390625,455.8399658203125,467.1400146484375,470.69781494140625,339.9599914550781,71.7217788696289,-3.72320556640625,108112
923.0,467.2703857421875,455.91998291015625,466.4599609375,469.6400146484375,340.44000244140625,71.275146484375,-3.2904052734375,108112
924.0,468.1277160644531,455.70001220703125,466.8800048828125,470.51995849609375,340.3399963378906,71.28034973144531,-3.947723388671875,108112
925.0,467.7201232910156,455.79998779296875,466.8599853515625,470.47998046875,340.5799865722656,71.26128387451172,-3.440155029296875,108112
926.0,467.9602966308594,455.82000732421875,467.01995849609375,470.55999755859375,340.2599792480469,71.57862091064453,-3.560333251953125,108112
927.0,467.79339599609375,455.72998046875,466.8599853515625,470.17999267578125,340.5799865722656,71.35243225097656,-3.493408203125,108112
928.0,467.6209411621094,455.739990234375,466.58001708984375,469.8399658203125,340.6949768066406,71.34962463378906,-3.600982666015625,108112
929.0,467.73553466796875,455.82000732421875,466.77996826171875,470.08001708984375,340.55999755859375,71.47188568115234,-3.5355224609375,108112
930.0,468.1842956542969,455.82000732421875,467.0,470.58001708984375,340.2549743652344,71.70289611816406,-3.744293212890625,108112
931.0,468.22222900390625,455.8399658203125,466.82000732421875,470.41998291015625,340.2799987792969,71.69757080078125,-4.022216796875,108112
932.0,468.2948913574219,456.01995849609375,467.05999755859375,470.67779541015625,339.8199768066406,71.7923812866211,-3.874908447265625,108112
933.0,468.1728515625,455.739990234375,466.97998046875,470.739990234375,339.3399963378906,71.94869995117188,-3.932861328125,108112
934.0,468.35748291015625,456.05999755859375,467.20001220703125,470.739990234375,339.79998779296875,71.96654510498047,-3.8175048828125,108112
935.0,468.1966247558594,456.239990234375,467.20001220703125,470.7578125,340.1399841308594,71.77332305908203,-3.596649169921875,108112
936.0,468.0309143066406,456.27996826171875,467.08001708984375,470.97998046875,339.9949951171875,71.72957611083984,-3.530914306640625,108112
937.0,467.47760009765625,456.27996826171875,466.719970703125,470.15997314453125,340.0749816894531,71.61355590820312,-3.297607421875,108112
938.0,466.9529113769531,456.29998779296875,466.47998046875,469.70001220703125,340.0,71.53722381591797,-2.872894287109375,108112
939.0,467.6717224121094,456.15997314453125,466.79998779296875,470.32000732421875,339.8800048828125,71.80992889404297,-3.351715087890625,108112
940.0,467.0074157714844,456.05999755859375,466.20001220703125,469.55999755859375,340.41998291015625,71.52733612060547,-3.147430419921875,108112
941.0,467.19683837890625,456.03997802734375,466.29998779296875,469.760009765625,340.5,71.4574966430664,-3.27685546875,108112
942.0,467.5025329589844,456.260009765625,466.70001220703125,469.760009765625,340.1549987792969,71.54248809814453,-3.242523193359375,108112
943.0,467.7720642089844,456.4599609375,466.9599609375,470.20001220703125,339.7599792480469,71.72624969482422,-3.332061767578125,108112
944.0,468.47674560546875,456.55999755859375,467.3399658203125,470.8800048828125,339.8999938964844,71.95401000976562,-3.71673583984375,108112
945.0,468.63653564453125,456.3800048828125,467.4599609375,471.0,339.8399963378906,71.88555145263672,-3.81854248046875,108112
946.0,468.6983337402344,456.219970703125,467.6689758300781,471.01995849609375,340.239990234375,71.63134002685547,-3.720367431640625,108112
947.0,468.68634033203125,456.260009765625,467.77996826171875,471.47998046875,340.5799865722656,71.39952850341797,-3.746337890625,108112
948.0,468.63665771484375,456.44000244140625,467.739990234375,471.4599609375,340.8800048828125,71.25713348388672,-3.67669677734375,108112
949.0,468.667236328125,456.260009765625,467.79998779296875,471.67999267578125,340.91998291015625,71.19451141357422,-3.74725341796875,108112
950.0,468.64093017578125,456.20001220703125,467.8599853515625,471.67999267578125,341.3399963378906,71.10289764404297,-3.740966796875,108112
951.0,468.3711242675781,455.97998046875,467.77996826171875,471.3399658203125,341.17999267578125,71.1762466430664,-3.471160888671875,108112
952.0,468.34326171875,456.1199951171875,467.8800048828125,471.3800048828125,341.03997802734375,71.16734313964844,-3.30328369140625,108112
953.0,468.499267578125,456.01995849609375,467.9289855957031,471.3399658203125,340.739990234375,71.32784271240234,-3.3992919921875,108112
954.0,468.4945373535156,456.15997314453125,467.5999755859375,470.94000244140625,340.7799987792969,71.35205078125,-3.534576416015625,108112
955.0,468.3929748535156,456.4599609375,467.51995849609375,470.5999755859375,340.3399963378906,71.44754028320312,-3.433013916015625,108112
956.0,468.61962890625,456.79998779296875,467.4599609375,470.67999267578125,340.2599792480469,71.70946502685547,-3.59967041015625,108112
957.0,468.88653564453125,456.70001220703125,467.67999267578125,471.0999755859375,340.594970703125,71.71878814697266,-3.92657470703125,108112
958.0,469.0129699707031,456.6300048828125,467.77996826171875,471.219970703125,340.2599792480469,71.78093719482422,-3.932952880859375,108112
959.0,468.2090148925781,456.5999755859375,467.08001708984375,470.27996826171875,340.2200012207031,71.74281311035156,-3.609039306640625,108112
960.0,468.3455505371094,456.79998779296875,467.29998779296875,470.58001708984375,340.44000244140625,71.82291412353516,-3.485565185546875,108112
961.0,468.9559020996094,456.53997802734375,467.719970703125,471.20001220703125,340.4749755859375,71.9005126953125,-3.835906982421875,108112
962.0,468.6880798339844,456.94000244140625,467.51995849609375,470.65997314453125,340.875,71.7451171875,-3.568084716796875,108112
963.0,468.8869934082031,457.17999267578125,467.67999267578125,470.79998779296875,340.55999755859375,71.72063446044922,-3.607025146484375,108112
964.0,468.6275329589844,457.1199951171875,467.6199951171875,470.6199951171875,340.5799865722656,71.7734146118164,-3.387542724609375,108112
965.0,468.9414978027344,456.79998779296875,467.739990234375,471.20001220703125,340.3599853515625,71.89107513427734,-3.721527099609375,108112
966.0,469.0815734863281,456.6199951171875,467.79998779296875,471.260009765625,340.3349914550781,71.77325439453125,-3.881561279296875,108112
967.0,469.2137756347656,456.5999755859375,467.9599609375,471.219970703125,339.9599914550781,71.95295715332031,-3.873809814453125,108112
968.0,469.53057861328125,456.65997314453125,468.1199951171875,471.4599609375,339.97998046875,72.04749298095703,-4.03057861328125,108112
969.0,468.97161865234375,456.760009765625,467.6400146484375,471.0977783203125,340.1600036621094,71.93731689453125,-3.85162353515625,108112
970.0,469.0845947265625,456.39996337890625,467.6400146484375,471.260009765625,340.5749816894531,71.70272827148438,-4.1046142578125,108112
971.0,468.8472595214844,456.719970703125,467.58001708984375,470.77996826171875,340.739990234375,71.52536010742188,-3.707244873046875,108112
972.0,468.25,456.82000732421875,467.1400146484375,470.47998046875,340.79498291015625,71.46664428710938,-3.510009765625,108112
973.0,468.6842346191406,456.760009765625,467.5999755859375,471.219970703125,340.79998779296875,71.49919128417969,-3.644256591796875,108112
974.0,468.72979736328125,456.5999755859375,467.67999267578125,470.97998046875,340.6399841308594,71.60205078125,-3.58978271484375,108112
975.0,468.9317321777344,456.6199951171875,467.91998291015625,471.08001708984375,340.8999938964844,71.56664276123047,-3.471771240234375,108112
976.0,468.67529296875,456.6400146484375,467.70001220703125,471.0,341.1199951171875,71.33859252929688,-3.455322265625,108112
977.0,469.3808898925781,456.51995849609375,468.05999755859375,471.6199951171875,340.6600036621094,71.69719696044922,-3.900909423828125,108112
978.0,469.5138244628906,456.51995849609375,468.1199951171875,471.739990234375,340.7599792480469,71.70677947998047,-4.013824462890625,108112
979.0,468.618896484375,456.70001220703125,467.5999755859375,470.8800048828125,340.91497802734375,71.58692932128906,-3.45892333984375,108112
980.0,468.70550537109375,456.77996826171875,467.719970703125,471.1199951171875,341.2549743652344,71.42813110351562,-3.5054931640625,108112
981.0,468.86724853515625,456.70001220703125,467.77996826171875,471.239990234375,341.0749816894531,71.43067932128906,-3.667236328125,108112
982.0,468.5499267578125,456.91998291015625,467.5,470.89776611328125,340.8999938964844,71.5858383178711,-3.409912109375,108112
983.0,468.966552734375,457.0,467.8399658203125,471.39996337890625,340.9549865722656,71.77472686767578,-3.64654541015625,108112
984.0,469.0275573730469,457.15997314453125,467.77996826171875,471.3399658203125,341.2799987792969,71.67244720458984,-3.667572021484375,108112
985.0,468.1824951171875,457.05999755859375,467.47998046875,470.89996337890625,341.17999267578125,71.45967102050781,-3.08251953125,108112
986.0,468.56585693359375,456.97998046875,467.8800048828125,471.497802734375,341.0799865722656,71.59636688232422,-3.1658935546875,108112
987.0,469.7573547363281,456.8800048828125,468.53997802734375,472.29998779296875,340.9599914550781,71.74531555175781,-3.897369384765625,108112
988.0,469.6003723144531,456.760009765625,468.41998291015625,472.1177978515625,340.8349914550781,71.69139099121094,-3.800384521484375,108112
989.0,469.599365234375,456.94000244140625,468.4289855957031,472.0999755859375,340.7200012207031,71.78306579589844,-3.83935546875,108112
990.0,469.7013854980469,457.17999267578125,468.41998291015625,472.17999267578125,340.2599792480469,72.07002258300781,-3.921417236328125,108112
991.0,469.89764404296875,456.8399658203125,468.5489807128906,472.3800048828125,340.2799987792969,71.99821472167969,-4.09765625,108112
992.0,469.5439453125,456.82000732421875,468.32000732421875,471.91998291015625,340.875,71.7549819946289,-3.845947265625,108112
993.0,469.103271484375,456.8399658203125,468.05999755859375,471.65997314453125,341.094970703125,71.5528335571289,-3.623291015625,108112
994.0,468.2666015625,456.8399658203125,467.53997802734375,471.01995849609375,341.17999267578125,71.46749114990234,-3.20660400390625,108112
995.0,469.1622009277344,456.7099914550781,468.0999755859375,471.51995849609375,341.1399841308594,71.5001220703125,-3.722198486328125,108112
996.0,468.5187683105469,456.8800048828125,467.6400146484375,471.0999755859375,341.2599792480469,71.52487182617188,-3.278778076171875,108112
997.0,468.58319091796875,457.05999755859375,467.6289978027344,470.82000732421875,341.5799865722656,71.51029205322266,-3.34320068359375,108112
998.0,468.5433654785156,456.89996337890625,467.67999267578125,470.91998291015625,341.6600036621094,71.36155700683594,-3.343353271484375,108112
999.0,468.4312438964844,456.9599609375,467.70001220703125,471.17999267578125,341.5999755859375,71.27511596679688,-3.111236572265625,108112
1000.0,468.7987976074219,457.08001708984375,467.8399658203125,471.27996826171875,341.41998291015625,71.38978576660156,-3.358795166015625,108112
1001.0,469.0429992675781,456.91998291015625,468.05999755859375,471.43780517578125,341.7799987792969,71.26812744140625,-3.462982177734375,108112
1002.0,469.00994873046875,457.219970703125,467.91998291015625,471.03778076171875,341.6399841308594,71.39978790283203,-3.52996826171875,108112
1003.0,469.3323669433594,457.3399658203125,468.03997802734375,471.5999755859375,341.5999755859375,71.52423858642578,-3.732391357421875,108112
1004.0,469.3875427246094,457.27996826171875,468.260009765625,471.957763671875,341.55999755859375,71.57987976074219,-3.727569580078125,108112
1005.0,468.944091796875,457.4599609375,468.219970703125,471.82000732421875,341.614990234375,71.52296447753906,-3.28411865234375,108112
1006.0,469.29510498046875,457.55999755859375,468.3599853515625,471.8599853515625,341.4599914550781,71.65306091308594,-3.51513671875,108112
1007.0,469.26763916015625,457.47998046875,468.5,471.8399658203125,341.47998046875,71.72278594970703,-3.40765380859375,108112
1008.0,468.8516540527344,457.58001708984375,468.20001220703125,471.27996826171875,341.4749755859375,71.64130401611328,-3.211639404296875,108112
1009.0,469.4770812988281,457.39996337890625,468.58001708984375,471.58001708984375,341.05999755859375,71.85182189941406,-3.477081298828125,108112
1010.0,469.4371337890625,457.44000244140625,468.5999755859375,471.760009765625,341.17999267578125,71.70608520507812,-3.39715576171875,108112
1011.0,469.5101318359375,457.3800048828125,468.67999267578125,472.0999755859375,341.53997802734375,71.4991226196289,-3.41015625,108112
1012.0,469.1722412109375,457.05999755859375,468.3599853515625,471.8599853515625,341.7149963378906,71.35250854492188,-3.292236328125,108112
1013.0,469.2815246582031,457.01995849609375,468.239990234375,471.67999267578125,341.8199768066406,71.29387664794922,-3.541534423828125,108112
1014.0,469.3421325683594,457.32000732421875,468.239990234375,471.27996826171875,341.8800048828125,71.46629333496094,-3.602142333984375,108112
1015.0,469.45782470703125,457.44000244140625,468.219970703125,471.65997314453125,341.6999816894531,71.47765350341797,-3.6998291015625,108112
1016.0,469.67974853515625,457.4599609375,468.51995849609375,471.8778076171875,341.3199768066406,71.70280456542969,-3.67974853515625,108112
1017.0,469.7327575683594,457.719970703125,468.760009765625,472.32000732421875,341.0799865722656,71.84871673583984,-3.532745361328125,108112
1018.0,469.8669738769531,457.51995849609375,468.91998291015625,472.53997802734375,341.3949890136719,71.70662689208984,-3.606964111328125,108112
1019.0,470.04791259765625,457.44000244140625,469.05999755859375,472.77996826171875,341.67498779296875,71.49189758300781,-3.7679443359375,108112
1020.0,470.0553283691406,457.5,469.29998779296875,473.05780029296875,341.0199890136719,71.7720718383789,-3.675323486328125,108112
1021.0,469.73681640625,457.39996337890625,469.17999267578125,472.82000732421875,340.8800048828125,71.91451263427734,-3.3768310546875,108112
1022.0,469.6075134277344,457.05999755859375,469.0,472.47998046875,340.94000244140625,71.76801300048828,-3.427520751953125,108112
1023.0,469.26141357421875,457.47998046875,468.5,471.65997314453125,341.2749938964844,71.71145629882812,-3.3414306640625,108112
1024.0,469.6020202636719,457.6400146484375,468.739990234375,472.1400146484375,340.97998046875,71.78968048095703,-3.462005615234375,108112
1025.0,469.44805908203125,457.6199951171875,468.739990234375,472.03997802734375,341.2599792480469,71.73786926269531,-3.22808837890625,108112
1026.0,469.6114807128906,457.8800048828125,468.91998291015625,472.3599853515625,341.6199951171875,71.60030364990234,-3.271514892578125,108112
1027.0,469.94012451171875,457.79998779296875,469.239990234375,472.79998779296875,341.8599853515625,71.49156951904297,-3.46014404296875,108112
1028.0,470.00164794921875,457.77996826171875,469.3599853515625,472.8399658203125,342.0149841308594,71.3782958984375,-3.44366455078125,108112
1029.0,469.8197937011719,457.82000732421875,469.29998779296875,472.70001220703125,342.1999816894531,71.195556640625,-3.239776611328125,108112
1030.0,470.087646484375,457.67999267578125,469.51995849609375,473.0,342.0199890136719,71.17403411865234,-3.38763427734375,108112
1031.0,470.4025573730469,457.67999267578125,469.89996337890625,473.3800048828125,342.2799987792969,71.0829849243164,-3.442596435546875,108112
1032.0,470.46856689453125,457.65997314453125,470.01995849609375,473.58001708984375,342.41998291015625,71.1895980834961,-3.48858642578125,108112
1033.0,470.4118957519531,457.79998779296875,470.0,473.51995849609375,342.05499267578125,71.47208404541016,-3.351898193359375,108112
1034.0,470.5323486328125,457.6400146484375,470.1400146484375,473.58001708984375,341.91497802734375,71.4687728881836,-3.37237548828125,108112
1035.0,470.2771301269531,457.51995849609375,469.5999755859375,473.0,341.6199951171875,71.55467224121094,-3.477142333984375,108112
1036.0,470.6126403808594,457.53997802734375,469.6199951171875,473.1199951171875,341.7799987792969,71.60111999511719,-3.792633056640625,108112
1037.0,470.441650390625,457.55999755859375,469.67999267578125,473.239990234375,342.1399841308594,71.50515747070312,-3.441650390625,108112
1038.0,470.0892639160156,457.6400146484375,469.44000244140625,472.8599853515625,342.29998779296875,71.34634399414062,-3.289276123046875,108112
1039.0,470.7171325683594,457.70001220703125,469.70001220703125,472.97998046875,342.17999267578125,71.40544128417969,-3.777130126953125,108112
1040.0,470.2750549316406,457.8399658203125,469.5,472.51995849609375,342.1600036621094,71.45513916015625,-3.355072021484375,108112
1041.0,470.0767822265625,457.97998046875,469.29998779296875,472.477783203125,342.35498046875,71.35602569580078,-3.29681396484375,108112
1042.0,469.6603698730469,457.94000244140625,469.0,472.260009765625,342.29998779296875,71.30338287353516,-3.100372314453125,108112
1043.0,469.11749267578125,457.91998291015625,468.58001708984375,471.719970703125,342.3199768066406,71.26041412353516,-2.89752197265625,108112
1044.0,469.1057434082031,458.0,468.6199951171875,471.3599853515625,342.44000244140625,71.21887969970703,-2.885772705078125,108112
1045.0,469.75341796875,458.17999267578125,468.79998779296875,471.8399658203125,342.2200012207031,71.41963958740234,-3.31341552734375,108112
1046.0,470.3355712890625,458.08001708984375,469.20001220703125,472.32000732421875,342.44000244140625,71.49435424804688,-3.6156005859375,108112
1047.0,470.65606689453125,458.0,469.3599853515625,472.6199951171875,342.4599914550781,71.61123657226562,-3.8360595703125,108112
1048.0,469.6062316894531,457.8800048828125,468.760009765625,471.77777099609375,342.1999816894531,71.5758056640625,-3.226226806640625,108112
1049.0,469.3985900878906,457.739990234375,468.53997802734375,471.91998291015625,342.3999938964844,71.4085693359375,-3.318572998046875,108112
1050.0,469.2478332519531,457.8800048828125,468.53997802734375,471.8599853515625,342.5199890136719,71.38058471679688,-3.147857666015625,108112
1051.0,469.9206237792969,457.8399658203125,468.82000732421875,472.239990234375,342.3999938964844,71.45872497558594,-3.640655517578125,108112
1052.0,470.46649169921875,458.03997802734375,469.08001708984375,472.6199951171875,341.9549865722656,71.7499771118164,-4.00653076171875,108112
1053.0,470.8423156738281,457.97998046875,469.5,473.260009765625,342.0199890136719,71.91514587402344,-4.082305908203125,108112
1054.0,470.48736572265625,457.9599609375,469.2889709472656,472.8800048828125,341.97998046875,71.84313201904297,-3.827392578125,108112
1055.0,470.0218200683594,458.01995849609375,468.8800048828125,472.1199951171875,341.94000244140625,71.66255950927734,-3.621856689453125,108112
1056.0,470.41204833984375,458.20001220703125,469.20001220703125,472.82000732421875,341.55999755859375,71.98812103271484,-3.7320556640625,108112
1057.0,470.8622741699219,458.20001220703125,469.55999755859375,473.0999755859375,341.53997802734375,72.12686920166016,-4.022308349609375,108112
1058.0,470.8204345703125,458.15997314453125,469.5999755859375,473.03778076171875,341.5999755859375,72.2363510131836,-3.8204345703125,108112
1059.0,470.4801330566406,458.1199951171875,469.3399658203125,472.6400146484375,341.739990234375,72.02655029296875,-3.700164794921875,108112
1060.0,470.6007080078125,457.80999755859375,469.3399658203125,472.739990234375,341.55999755859375,72.06580352783203,-3.90069580078125,108112
1061.0,471.2934265136719,457.53997802734375,469.8800048828125,473.41998291015625,341.44000244140625,72.23566436767578,-4.233428955078125,108112
1062.0,471.3378601074219,457.8399658203125,469.97998046875,473.55999755859375,341.3599853515625,72.21781158447266,-4.17987060546875,108112
1063.0,471.0644836425781,458.01995849609375,469.9599609375,473.41998291015625,341.6199951171875,72.15281677246094,-3.784515380859375,108112
1064.0,471.0902099609375,458.1199951171875,469.94000244140625,473.27996826171875,341.5799865722656,72.29865264892578,-3.77020263671875,108112
1065.0,471.0660400390625,458.17999267578125,469.82000732421875,472.8800048828125,341.41998291015625,72.15721893310547,-3.86602783203125,108112
1066.0,470.60748291015625,458.41998291015625,469.51995849609375,472.6199951171875,341.80999755859375,71.93244171142578,-3.66748046875,108112
1067.0,470.4124755859375,458.20001220703125,469.3399658203125,472.43780517578125,342.0,71.85662841796875,-3.552490234375,108112
1068.0,470.5578308105469,458.239990234375,469.47998046875,472.47998046875,342.0799865722656,71.89624786376953,-3.557830810546875,108112
1069.0,470.688720703125,458.01995849609375,469.4599609375,472.65997314453125,341.7799987792969,72.10781860351562,-3.708740234375,108112
1070.0,470.68084716796875,458.17999267578125,469.5999755859375,472.67999267578125,341.79998779296875,72.0459976196289,-3.600830078125,108112
1071.0,471.0409851074219,458.32000732421875,469.91998291015625,473.58001708984375,341.6549987792969,72.15618133544922,-3.860992431640625,108112
1072.0,471.4476623535156,458.3599853515625,470.15997314453125,474.05999755859375,341.3399963378906,72.22805786132812,-4.147674560546875,108112
1073.0,471.36492919921875,458.219970703125,470.20001220703125,474.239990234375,341.47998046875,72.06116485595703,-4.1649169921875,108112
1074.0,471.61224365234375,458.05999755859375,470.3399658203125,474.260009765625,341.3999938964844,72.24934387207031,-4.332275390625,108112
1075.0,471.0190734863281,458.260009765625,470.0999755859375,473.91778564453125,341.5,72.18783569335938,-3.779083251953125,108112
1076.0,470.7591857910156,458.239990234375,469.760009765625,473.3599853515625,341.47998046875,72.1551513671875,-3.539215087890625,108112
1077.0,470.4928894042969,458.32000732421875,469.47998046875,473.03997802734375,341.8599853515625,71.95431518554688,-3.492889404296875,108112
1078.0,470.8995666503906,458.3800048828125,469.760009765625,473.260009765625,341.94000244140625,72.03174591064453,-3.659576416015625,108112
1079.0,470.3556213378906,458.41998291015625,469.5,473.29998779296875,341.9599914550781,71.81745147705078,-3.355621337890625,108112
1080.0,469.86016845703125,458.15997314453125,469.260009765625,472.94000244140625,342.2349853515625,71.5579605102539,-3.22015380859375,108112
1081.0,469.37445068359375,458.239990234375,469.08001708984375,472.6400146484375,342.1399841308594,71.57235717773438,-2.83447265625,108112
1082.0,469.53363037109375,458.219970703125,469.17999267578125,472.58001708984375,341.9599914550781,71.71121978759766,-2.9736328125,108112
1083.0,469.85791015625,458.29998779296875,469.20001220703125,472.31781005859375,341.7200012207031,71.86575317382812,-3.17791748046875,108112
1084.0,470.2882385253906,458.5,469.47998046875,472.4599609375,341.4949951171875,71.91604614257812,-3.368255615234375,108112
1085.0,471.2327575683594,458.47998046875,470.1199951171875,473.6400146484375,341.53497314453125,72.03697967529297,-3.792755126953125,108112
1086.0,470.4819030761719,458.51995849609375,469.65997314453125,473.03997802734375,341.739990234375,71.92906951904297,-3.361907958984375,108112
1087.0,470.3406066894531,458.67999267578125,469.44000244140625,472.8599853515625,341.5749816894531,71.90016174316406,-3.380645751953125,108112
1088.0,471.0550537109375,458.6199951171875,470.0999755859375,473.47998046875,341.6600036621094,71.94779205322266,-3.61505126953125,108112
1089.0,470.9179382324219,458.219970703125,469.8599853515625,473.3599853515625,342.0199890136719,71.827392578125,-3.697967529296875,108112
1090.0,470.60693359375,458.17999267578125,469.6289978027344,473.0999755859375,342.0799865722656,71.80055236816406,-3.4869384765625,108112
1091.0,470.5644226074219,458.260009765625,469.5,472.67999267578125,342.0799865722656,71.84848022460938,-3.544464111328125,108112
1092.0,470.49700927734375,458.79998779296875,469.4599609375,472.5999755859375,341.9549865722656,72.01538848876953,-3.43701171875,108112
1093.0,470.675048828125,458.760009765625,469.67999267578125,473.1199951171875,341.8999938964844,72.19083404541016,-3.43505859375,108112
1094.0,470.7845458984375,458.6400146484375,469.79998779296875,473.3599853515625,341.5799865722656,72.3477783203125,-3.46453857421875,108112
1095.0,469.9187316894531,458.29998779296875,469.05999755859375,472.32000732421875,342.17999267578125,71.95905303955078,-3.318756103515625,108112
1096.0,469.93243408203125,458.3399658203125,469.03997802734375,472.17999267578125,342.3800048828125,71.75686645507812,-3.3724365234375,108112
1097.0,470.7991638183594,458.3599853515625,469.53997802734375,472.739990234375,342.1600036621094,71.77925109863281,-3.819183349609375,108112
1098.0,470.88800048828125,458.53997802734375,469.6689758300781,472.94000244140625,342.3399963378906,71.76627349853516,-3.8079833984375,108112
1099.0,471.33477783203125,458.44000244140625,470.239990234375,473.65997314453125,342.7799987792969,71.73505401611328,-3.73480224609375,108112
1100.0,470.79083251953125,458.8399658203125,469.91998291015625,473.03997802734375,342.53997802734375,71.93342590332031,-3.33087158203125,108112
1101.0,471.1613464355469,458.91998291015625,469.8800048828125,473.1199951171875,342.3399963378906,72.15177917480469,-3.701385498046875,108112
1102.0,470.6819152832031,459.0999755859375,469.47998046875,472.9599609375,342.4599914550781,71.85419464111328,-3.601898193359375,108112
1103.0,471.26507568359375,458.79998779296875,469.739990234375,473.6400146484375,342.2200012207031,71.93598937988281,-4.22509765625,108112
1104.0,471.4683532714844,458.5999755859375,470.01995849609375,473.89996337890625,341.97998046875,71.9822998046875,-4.168365478515625,108112
1105.0,471.6025390625,458.3399658203125,470.1400146484375,474.0,341.6549987792969,71.95967102050781,-4.2425537109375,108112
1106.0,470.8018798828125,458.44000244140625,469.58001708984375,473.239990234375,342.1199951171875,71.6578369140625,-3.86187744140625,108112
1107.0,471.45611572265625,458.239990234375,470.03997802734375,473.89996337890625,342.0,71.80828094482422,-4.19610595703125,108112
1108.0,471.59698486328125,458.219970703125,470.3800048828125,473.5999755859375,342.0999755859375,71.8326644897461,-3.87701416015625,108112
1109.0,471.9915466308594,458.39996337890625,470.79998779296875,473.9599609375,341.8800048828125,72.17578125,-3.891571044921875,108112
1110.0,471.9994812011719,458.6199951171875,470.760009765625,474.27996826171875,342.05999755859375,72.24996948242188,-3.959503173828125,108112
1111.0,472.3298645019531,458.51995849609375,470.79998779296875,474.47998046875,342.0199890136719,72.2350845336914,-4.349884033203125,108112
1112.0,472.2493896484375,458.6400146484375,470.79998779296875,474.3577880859375,342.1600036621094,72.14599609375,-4.22943115234375,108112
1113.0,472.20489501953125,458.8800048828125,470.89996337890625,474.5,342.4599914550781,72.22159576416016,-4.02490234375,108112
1114.0,471.8848571777344,458.8599853515625,470.82000732421875,474.239990234375,342.5799865722656,72.08379364013672,-3.744842529296875,108112
1115.0,472.31982421875,458.91998291015625,471.1400146484375,474.8800048828125,342.29498291015625,72.20331573486328,-3.85986328125,108112
1116.0,471.6785583496094,458.9599609375,470.58001708984375,474.0999755859375,342.3399963378906,72.13434600830078,-3.618560791015625,108112
1117.0,471.7637023925781,458.8599853515625,470.53997802734375,474.239990234375,342.29998779296875,72.12312316894531,-3.883697509765625,108112
1118.0,472.2729797363281,458.97998046875,470.97998046875,474.44000244140625,342.41998291015625,72.16529083251953,-3.933013916015625,108112
1119.0,471.8138122558594,458.97998046875,470.67999267578125,473.9599609375,342.55999755859375,72.0739517211914,-3.753814697265625,108112
1120.0,470.8832702636719,459.17999267578125,470.17999267578125,473.4599609375,343.0199890136719,71.83677673339844,-3.083282470703125,108112
1121.0,470.76593017578125,459.32000732421875,469.97998046875,473.1378173828125,342.8599853515625,71.86813354492188,-3.14593505859375,108112
1122.0,470.796875,459.3800048828125,469.719970703125,473.03997802734375,342.91998291015625,71.74083709716797,-3.37689208984375,108112
1123.0,470.873291015625,459.17999267578125,469.82000732421875,473.15997314453125,343.1349792480469,71.72811889648438,-3.373291015625,108112
1124.0,470.4445495605469,459.260009765625,469.65997314453125,472.8800048828125,343.239990234375,71.62464904785156,-3.144561767578125,108112
1125.0,471.0406494140625,459.44000244140625,470.15997314453125,473.3399658203125,342.8999938964844,71.76472473144531,-3.400634765625,108112
1126.0,471.1457824707031,459.29998779296875,470.0999755859375,473.5,342.7349853515625,71.89563751220703,-3.425811767578125,108112
1127.0,471.3896789550781,459.39996337890625,470.1400146484375,473.6199951171875,342.9599914550781,71.99562072753906,-3.629669189453125,108112
1128.0,471.8308410644531,459.47998046875,470.39996337890625,473.89996337890625,342.8599853515625,71.8897476196289,-3.990875244140625,108112
1129.0,471.4130859375,459.39996337890625,470.0999755859375,473.27996826171875,342.614990234375,71.89824676513672,-3.73309326171875,108112
1130.0,471.1905517578125,459.47998046875,470.08001708984375,473.51995849609375,342.79998779296875,71.87765502929688,-3.61053466796875,108112
1131.0,471.4146423339844,459.51995849609375,470.3599853515625,473.760009765625,342.41998291015625,72.11997985839844,-3.534637451171875,108112
1132.0,471.6150207519531,459.41998291015625,470.47998046875,473.8577880859375,342.1999816894531,72.14669799804688,-3.655059814453125,108112
1133.0,472.37646484375,459.239990234375,470.91998291015625,474.70001220703125,342.29998779296875,72.22660064697266,-4.136474609375,108112
1134.0,471.7677307128906,459.1199951171875,470.58001708984375,474.01995849609375,342.8399963378906,72.05487823486328,-3.687713623046875,108112
1135.0,470.9939270019531,459.239990234375,469.97998046875,473.39996337890625,343.0799865722656,71.76321411132812,-3.373931884765625,108112
1136.0,470.8497314453125,459.41998291015625,469.97998046875,473.17999267578125,342.8149719238281,71.98226928710938,-3.26971435546875,108112
1137.0,471.3110046386719,459.58001708984375,470.1199951171875,473.58001708984375,342.8599853515625,72.003662109375,-3.571014404296875,108112
1138.0,471.47601318359375,459.41998291015625,470.219970703125,473.8599853515625,342.7200012207031,72.03152465820312,-3.73602294921875,108112
1139.0,471.27435302734375,459.29998779296875,470.08001708984375,473.239990234375,342.6199951171875,71.878662109375,-3.65435791015625,108112
1140.0,471.9529113769531,459.27996826171875,470.51995849609375,474.0,342.6999816894531,71.8914794921875,-4.032928466796875,108112
1141.0,471.0931091308594,459.29998779296875,470.20001220703125,473.260009765625,342.67999267578125,71.78894805908203,-3.353118896484375,108112
1142.0,470.7075500488281,459.260009765625,469.77996826171875,473.01995849609375,342.67999267578125,71.77668762207031,-3.347564697265625,108112
1143.0,470.625244140625,459.01995849609375,469.8800048828125,473.3800048828125,342.8599853515625,71.7205581665039,-3.3272705078125,108112
1144.0,471.3019714355469,459.29998779296875,470.17999267578125,473.6400146484375,342.5799865722656,71.92530822753906,-3.582000732421875,108112
1145.0,471.6967468261719,459.219970703125,470.39996337890625,473.8399658203125,342.6600036621094,71.96383666992188,-3.796783447265625,108112
1146.0,472.3299255371094,459.15997314453125,470.89996337890625,474.58001708984375,342.2799987792969,72.27124786376953,-4.089935302734375,108112
1147.0,472.50897216796875,459.27996826171875,470.91998291015625,474.4599609375,342.5999755859375,72.29264831542969,-4.22900390625,108112
1148.0,472.3443603515625,459.3599853515625,470.9599609375,474.219970703125,342.41497802734375,72.28056335449219,-3.90435791015625,108112
1149.0,472.45062255859375,458.97998046875,471.0999755859375,474.239990234375,342.5799865722656,72.25698852539062,-3.95062255859375,108112
1150.0,472.690185546875,459.01995849609375,471.41998291015625,474.47998046875,342.47998046875,72.22736358642578,-3.91021728515625,108112
1151.0,472.39361572265625,459.08001708984375,471.15997314453125,474.3399658203125,342.6600036621094,72.20172119140625,-3.8336181640625,108112
1152.0,471.50299072265625,459.05999755859375,470.5999755859375,474.01995849609375,343.1199951171875,71.7901611328125,-3.4630126953125,108112
1153.0,471.1501159667969,459.17999267578125,470.448974609375,474.05999755859375,343.0999755859375,71.8202896118164,-3.050140380859375,108112
1154.0,471.1065368652344,459.219970703125,470.3599853515625,473.9599609375,343.1600036621094,71.62812042236328,-3.226531982421875,108112
1155.0,471.0636901855469,459.27996826171875,470.44000244140625,473.760009765625,343.0199890136719,71.83895111083984,-3.103729248046875,108112
1156.0,471.8011474609375,459.17999267578125,470.739990234375,473.8599853515625,342.8599853515625,71.9868392944336,-3.5411376953125,108112
1157.0,472.2032775878906,459.19000244140625,471.01995849609375,474.1199951171875,342.7200012207031,72.09293365478516,-3.683319091796875,108112
1158.0,472.7137451171875,459.29998779296875,471.260009765625,474.5,342.2599792480469,72.21549224853516,-4.03375244140625,108112
1159.0,472.8323974609375,459.55999755859375,471.239990234375,474.7177734375,342.3399963378906,72.2872314453125,-4.29241943359375,108112
1160.0,473.0234069824219,459.39996337890625,471.47998046875,474.9599609375,342.5,72.18134307861328,-4.283416748046875,108112
1161.0,472.5204162597656,459.20001220703125,471.219970703125,474.70001220703125,342.7200012207031,72.06028747558594,-3.980438232421875,108112
1162.0,471.8178405761719,459.239990234375,470.739990234375,474.1199951171875,342.41998291015625,72.1808853149414,-3.617828369140625,108112
1163.0,471.8408508300781,459.42999267578125,470.5999755859375,473.997802734375,342.3599853515625,72.2696762084961,-3.680877685546875,108112
1164.0,472.40032958984375,459.39996337890625,470.8399658203125,474.6199951171875,342.2599792480469,72.48324584960938,-4.120361328125,108112
1165.0,473.06500244140625,459.40997314453125,471.41998291015625,475.27996826171875,342.2549743652344,72.59884643554688,-4.34503173828125,108112
1166.0,472.746337890625,459.3399658203125,471.3800048828125,474.8399658203125,342.5999755859375,72.36426544189453,-4.00634765625,108112
1167.0,472.713134765625,459.27996826171875,471.32000732421875,474.97998046875,342.6199951171875,72.2396469116211,-4.0931396484375,108112
1168.0,472.3765563964844,459.29998779296875,471.01995849609375,474.70001220703125,342.6999816894531,72.22753143310547,-3.976593017578125,108112
1169.0,472.3063049316406,459.17999267578125,471.01995849609375,474.65997314453125,342.739990234375,72.29153442382812,-3.866302490234375,108112
1170.0,472.4463806152344,459.27996826171875,471.17999267578125,474.65777587890625,342.4949951171875,72.33287811279297,-3.806365966796875,108112
1171.0,472.8970642089844,459.39996337890625,471.5,475.08001708984375,342.0199890136719,72.46917724609375,-4.057098388671875,108112
1172.0,473.4791259765625,459.6199951171875,472.0999755859375,476.08001708984375,341.91998291015625,72.67107391357422,-4.359130859375,108112
1173.0,474.0312194824219,459.8599853515625,472.55999755859375,476.760009765625,342.0199890136719,72.61349487304688,-4.551239013671875,108112
1174.0,473.886962890625,459.739990234375,472.5999755859375,476.4599609375,342.0799865722656,72.47664642333984,-4.22698974609375,108112
1175.0,473.4010925292969,459.77996826171875,472.5,476.39776611328125,342.1999816894531,72.57117462158203,-3.901092529296875,108112
1176.0,473.370849609375,459.91998291015625,472.1089782714844,475.89996337890625,341.8399963378906,72.74861907958984,-4.09088134765625,108112
1177.0,473.6981201171875,459.65997314453125,472.20001220703125,475.82000732421875,341.8800048828125,72.81444549560547,-4.37811279296875,108112
1178.0,472.8507385253906,459.58001708984375,471.67999267578125,475.17999267578125,341.8149719238281,72.73155975341797,-3.990753173828125,108112
1179.0,473.211181640625,459.67999267578125,471.94000244140625,475.67999267578125,341.5999755859375,72.81401062011719,-4.251220703125,108112
1180.0,472.9528503417969,459.65997314453125,471.77996826171875,475.219970703125,341.9599914550781,72.66228485107422,-3.852874755859375,108112
1181.0,472.89739990234375,459.70001220703125,471.760009765625,475.17999267578125,342.47998046875,72.4699478149414,-3.8173828125,108112
1182.0,472.91668701171875,459.58001708984375,471.70001220703125,475.15997314453125,342.2799987792969,72.58843994140625,-3.876708984375,108112
1183.0,473.0343017578125,459.82000732421875,471.77996826171875,475.41998291015625,342.17999267578125,72.5876693725586,-3.934326171875,108112
1184.0,473.11138916015625,459.760009765625,471.67999267578125,475.15997314453125,342.29998779296875,72.64506530761719,-4.0513916015625,108112
1185.0,472.9586181640625,459.4599609375,471.67999267578125,475.0,342.8399963378906,72.41521453857422,-3.87860107421875,108112
1186.0,471.8214416503906,459.55999755859375,470.94000244140625,474.08001708984375,343.0,72.11936950683594,-3.401458740234375,108112
1187.0,471.5457458496094,459.89996337890625,470.6199951171875,473.89996337890625,342.6999816894531,72.36228942871094,-3.345733642578125,108112
1188.0,471.28741455078125,459.8800048828125,470.3800048828125,473.70001220703125,342.7200012207031,72.30585479736328,-3.2474365234375,108112
1189.0,472.00762939453125,459.5,470.8800048828125,474.32000732421875,342.8399963378906,72.31299591064453,-3.607666015625,108112
1190.0,472.07086181640625,459.3399658203125,471.0,474.3399658203125,342.9949951171875,72.18333435058594,-3.65087890625,108112
1191.0,472.4259948730469,459.29998779296875,471.17999267578125,474.79998779296875,342.6949768066406,72.43646240234375,-3.886016845703125,108112
1192.0,472.8368225097656,459.5999755859375,471.44000244140625,475.20001220703125,342.41497802734375,72.64567565917969,-4.076812744140625,108112
1193.0,472.7491149902344,459.219970703125,471.3599853515625,475.03997802734375,342.05999755859375,72.6407241821289,-4.069122314453125,108112
1194.0,472.4017028808594,459.260009765625,471.29998779296875,474.67999267578125,342.3599853515625,72.41706085205078,-3.701690673828125,108112
1195.0,471.8033447265625,459.39996337890625,471.0,474.3399658203125,342.55999755859375,72.21315002441406,-3.28338623046875,108112
1196.0,472.3160705566406,459.55999755859375,471.3599853515625,474.44000244140625,342.2200012207031,72.42417907714844,-3.536102294921875,108112
1197.0,472.54046630859375,459.94000244140625,471.58001708984375,474.91998291015625,342.29498291015625,72.65227508544922,-3.50048828125,108112
1198.0,471.3765563964844,459.91998291015625,470.739990234375,473.82000732421875,342.67498779296875,72.22057342529297,-3.136566162109375,108112
1199.0,471.76654052734375,460.05999755859375,470.9599609375,474.239990234375,342.5199890136719,72.44725799560547,-3.26654052734375,108112
1200.0,472.7796936035156,459.79998779296875,471.55999755859375,475.17999267578125,342.41497802734375,72.69119262695312,-3.841705322265625,108112
1201.0,471.7649230957031,459.79998779296875,470.82000732421875,474.1199951171875,342.3199768066406,72.54887390136719,-3.444915771484375,108112
1202.0,471.7930603027344,459.89996337890625,470.79998779296875,474.01995849609375,342.375,72.61775970458984,-3.433074951171875,108112
1203.0,471.9842529296875,459.82000732421875,470.8599853515625,474.1400146484375,342.0,72.66608428955078,-3.66424560546875,108112
1204.0,472.35882568359375,459.79998779296875,471.239990234375,474.67999267578125,341.7599792480469,72.83409881591797,-3.6988525390625,108112
1205.0,472.78369140625,459.53997802734375,471.4599609375,475.03997802734375,342.1199951171875,72.72758483886719,-4.063720703125,108112
1206.0,472.9685363769531,459.3399658203125,471.47998046875,475.1199951171875,341.9949951171875,72.7341537475586,-4.268524169921875,108112
1207.0,472.7274475097656,459.5999755859375,471.3800048828125,474.91998291015625,342.2149963378906,72.59839630126953,-4.047454833984375,108112
1208.0,473.1152648925781,459.58001708984375,471.55999755859375,475.47998046875,341.9549865722656,72.69429016113281,-4.375274658203125,108112
1209.0,473.1670227050781,459.6400146484375,471.97998046875,475.5999755859375,342.03997802734375,72.88276672363281,-3.987030029296875,108112
1210.0,473.2309265136719,459.8399658203125,472.17999267578125,475.8399658203125,342.239990234375,72.86506652832031,-3.850921630859375,108112
1211.0,472.9891357421875,460.01995849609375,471.97998046875,475.3399658203125,342.2149963378906,72.93721008300781,-3.629150390625,108112
1212.0,473.1036071777344,459.9599609375,471.8599853515625,475.39996337890625,342.3149719238281,72.79098510742188,-3.823638916015625,108112
1213.0,473.33538818359375,459.79998779296875,472.1199951171875,475.79998779296875,342.3149719238281,72.6932144165039,-3.9154052734375,108112
1214.0,472.6169128417969,459.8599853515625,471.5999755859375,474.94000244140625,342.53997802734375,72.45001983642578,-3.556915283203125,108112
1215.0,473.0052490234375,459.94000244140625,471.79998779296875,475.3399658203125,342.1999816894531,72.62973022460938,-3.82525634765625,108112
1216.0,472.9931945800781,459.4599609375,471.67999267578125,475.29998779296875,342.0799865722656,72.66807556152344,-4.093231201171875,108112
1217.0,471.8282165527344,459.6199951171875,470.94000244140625,474.17999267578125,342.6600036621094,72.37590026855469,-3.348236083984375,108112
1218.0,471.67315673828125,459.52996826171875,470.8599853515625,474.20001220703125,342.6549987792969,72.32047271728516,-3.33319091796875,108112
1219.0,472.6379089355469,459.3800048828125,471.3800048828125,475.1177978515625,342.239990234375,72.43177032470703,-3.957916259765625,108112
1220.0,472.76873779296875,459.5999755859375,471.53997802734375,474.94000244140625,342.53997802734375,72.43267059326172,-3.76873779296875,108112
1221.0,472.38946533203125,459.9599609375,471.15997314453125,474.6400146484375,342.8599853515625,72.29837036132812,-3.66949462890625,108112
1222.0,472.66302490234375,460.0999755859375,471.3599853515625,474.6400146484375,342.91998291015625,72.39225006103516,-3.78302001953125,108112
1223.0,472.6051940917969,460.219970703125,471.4599609375,474.8399658203125,342.94000244140625,72.30269622802734,-3.645233154296875,108112
1224.0,473.04107666015625,460.3599853515625,471.739990234375,475.20001220703125,342.6999816894531,72.63195037841797,-3.841064453125,108112
1225.0,473.20074462890625,460.3599853515625,471.91998291015625,475.47998046875,342.5799865722656,72.64154052734375,-3.86077880859375,108112
1226.0,472.7159729003906,460.17999267578125,471.79998779296875,475.0,342.6999816894531,72.4004135131836,-3.455963134765625,108112
1227.0,472.9613342285156,460.20001220703125,471.9599609375,475.3800048828125,342.6399841308594,72.40462493896484,-3.621368408203125,108112
1228.0,472.45037841796875,460.17999267578125,471.41998291015625,474.55999755859375,342.5799865722656,72.48676300048828,-3.49041748046875,108112
1229.0,472.9173278808594,459.97998046875,471.760009765625,475.03997802734375,342.17999267578125,72.72401428222656,-3.677337646484375,108112
1230.0,472.9488525390625,459.94000244140625,471.79998779296875,475.0999755859375,342.6199951171875,72.5748519897461,-3.7088623046875,108112
1231.0,472.89208984375,460.239990234375,471.94000244140625,475.1400146484375,342.5199890136719,72.66962432861328,-3.5321044921875,108112
1232.0,472.61456298828125,460.1400146484375,471.8599853515625,475.17999267578125,342.53497314453125,72.65740966796875,-3.3345947265625,108112
1233.0,472.2425231933594,460.08001708984375,471.41998291015625,474.55999755859375,343.0199890136719,72.32257843017578,-3.282562255859375,108112
1234.0,472.20745849609375,460.27996826171875,471.3800048828125,474.53997802734375,343.0999755859375,72.36861419677734,-3.36749267578125,108112
1235.0,472.3715515136719,460.4599609375,471.39996337890625,474.5999755859375,342.91497802734375,72.48167419433594,-3.351593017578125,108112
1236.0,472.7954406738281,460.20001220703125,471.65997314453125,474.89996337890625,342.8599853515625,72.60317993164062,-3.675445556640625,108112
1237.0,472.9088134765625,460.260009765625,471.70001220703125,475.05999755859375,342.9599914550781,72.6715087890625,-3.768798828125,108112
1238.0,474.0005798339844,460.1199951171875,472.5999755859375,476.29998779296875,342.9599914550781,72.7503662109375,-4.320587158203125,108112
1239.0,473.9093322753906,460.01995849609375,472.55999755859375,476.29998779296875,342.6600036621094,72.84107971191406,-4.211334228515625,108112
1240.0,473.7758483886719,460.32000732421875,472.3399658203125,476.08001708984375,342.67999267578125,72.91223907470703,-4.255889892578125,108112
1241.0,473.7589111328125,460.20001220703125,472.27996826171875,475.79998779296875,342.67999267578125,72.83484649658203,-4.138916015625,108112
1242.0,473.33648681640625,460.32000732421875,471.97998046875,475.3800048828125,342.6600036621094,72.68567657470703,-3.83648681640625,108112
1243.0,473.3587646484375,460.44000244140625,472.01995849609375,475.51995849609375,342.53997802734375,72.84082794189453,-3.83880615234375,108112
1244.0,473.4131164550781,460.3800048828125,471.8800048828125,475.51995849609375,342.739990234375,72.78516387939453,-4.013153076171875,108112
1245.0,473.4232482910156,460.17999267578125,472.0,475.51995849609375,342.8800048828125,72.70150756835938,-4.003265380859375,108112
1246.0,472.4727478027344,460.27996826171875,471.55999755859375,474.8800048828125,342.9949951171875,72.45464324951172,-3.392730712890625,108112
1247.0,471.62847900390625,460.219970703125,471.0999755859375,474.3800048828125,343.2599792480469,72.17025756835938,-2.910491943359375,108112
1248.0,472.31878662109375,460.08001708984375,471.3800048828125,474.77996826171875,343.1999816894531,72.33244323730469,-3.3787841796875,108112
1249.0,472.01739501953125,460.08001708984375,471.20001220703125,475.0,343.2799987792969,72.16266632080078,-3.17742919921875,108112
1250.0,471.880615234375,460.239990234375,471.0889892578125,474.67999267578125,343.3199768066406,72.07257080078125,-3.18060302734375,108112
1251.0,471.330078125,460.1199951171875,470.719970703125,474.05999755859375,343.6199951171875,72.00071716308594,-2.9500732421875,108112
1252.0,471.8900451660156,460.239990234375,470.82000732421875,474.260009765625,343.2599792480469,72.22889709472656,-3.510040283203125,108112
1253.0,472.3739013671875,460.1199951171875,471.17999267578125,474.41998291015625,343.05999755859375,72.419921875,-3.69390869140625,108112
1254.0,472.5116882324219,459.97998046875,471.44000244140625,474.70001220703125,343.3199768066406,72.30162048339844,-3.611724853515625,108112
1255.0,472.77056884765625,459.94000244140625,471.53997802734375,475.17999267578125,343.3999938964844,72.20674133300781,-3.8505859375,108112
1256.0,472.83740234375,459.8800048828125,471.44000244140625,475.3778076171875,343.4599914550781,72.22579193115234,-4.13739013671875,108112
1257.0,472.7843322753906,459.97998046875,471.55999755859375,475.3399658203125,343.3199768066406,72.37196350097656,-3.904327392578125,108112
1258.0,473.1817932128906,459.69000244140625,471.97998046875,475.6199951171875,343.4599914550781,72.34092712402344,-3.941802978515625,108112
1259.0,473.3067321777344,459.8599853515625,472.01995849609375,475.67999267578125,343.1600036621094,72.44904327392578,-3.946746826171875,108112
1260.0,473.28369140625,460.239990234375,472.05999755859375,475.739990234375,343.239990234375,72.59258270263672,-3.845703125,108112
1261.0,472.8399658203125,460.51995849609375,471.708984375,475.29998779296875,343.2599792480469,72.4215316772461,-3.739990234375,108112
1262.0,473.04052734375,460.67999267578125,471.79998779296875,475.5,343.3800048828125,72.3698501586914,-3.98052978515625,108112
1263.0,473.8668212890625,460.6400146484375,472.53997802734375,476.27996826171875,343.03997802734375,72.4676284790039,-4.18682861328125,108112
1264.0,473.92095947265625,460.6400146484375,472.6199951171875,476.51995849609375,343.0799865722656,72.60235595703125,-4.16094970703125,108112
1265.0,473.99298095703125,460.39996337890625,472.55999755859375,476.5,343.0799865722656,72.58275604248047,-4.25299072265625,108112
1266.0,473.89617919921875,460.32000732421875,472.4599609375,476.29779052734375,343.0199890136719,72.67535400390625,-4.13616943359375,108112
1267.0,473.48724365234375,460.39996337890625,472.239990234375,475.70001220703125,343.3149719238281,72.41261291503906,-3.84722900390625,108112
1268.0,473.74798583984375,460.27996826171875,472.29998779296875,475.9599609375,343.4599914550781,72.34131622314453,-4.16796875,108112
1269.0,474.43389892578125,460.32000732421875,472.8800048828125,476.77996826171875,343.1199951171875,72.5267105102539,-4.4559326171875,108112
1270.0,474.4534606933594,460.29998779296875,473.05999755859375,476.9599609375,342.9749755859375,72.57441711425781,-4.353485107421875,108112
1271.0,474.5826416015625,460.17999267578125,473.260009765625,477.239990234375,342.8599853515625,72.59101867675781,-4.3226318359375,108112
1272.0,474.3748474121094,460.55999755859375,473.0889892578125,476.8399658203125,342.8399963378906,72.6628189086914,-4.114837646484375,108112
1273.0,473.9739990234375,460.5,472.91998291015625,476.51776123046875,342.8599853515625,72.55559539794922,-3.81402587890625,108112
1274.0,474.2790222167969,460.6400146484375,473.0,476.5999755859375,343.05999755859375,72.58035278320312,-4.019012451171875,108112
1275.0,473.86639404296875,460.6400146484375,472.8599853515625,476.3800048828125,343.0799865722656,72.51888275146484,-3.62640380859375,108112
1276.0,473.78607177734375,460.65997314453125,472.70001220703125,476.3399658203125,343.4949951171875,72.35787963867188,-3.76611328125,108112
1277.0,474.2878112792969,460.6199951171875,472.97998046875,476.6199951171875,343.3999938964844,72.53585052490234,-3.987823486328125,108112
1278.0,474.32965087890625,460.719970703125,473.1199951171875,476.6400146484375,343.3399963378906,72.59651947021484,-3.8896484375,108112
1279.0,473.8836975097656,460.70001220703125,472.6199951171875,476.1400146484375,343.3399963378906,72.5615234375,-3.883697509765625,108112
1280.0,473.59674072265625,460.6199951171875,472.3599853515625,475.8599853515625,343.6399841308594,72.40433502197266,-3.83673095703125,108112
1281.0,473.5450134277344,460.739990234375,472.448974609375,475.8599853515625,343.6349792480469,72.47628021240234,-3.685028076171875,108112
1282.0,473.2122802734375,460.6400146484375,472.239990234375,475.6400146484375,343.7799987792969,72.25328826904297,-3.4923095703125,108112
1283.0,473.0127868652344,460.67999267578125,472.1400146484375,475.53997802734375,343.8399963378906,72.28456115722656,-3.392791748046875,108112
1284.0,472.9283142089844,460.5,472.1400146484375,475.3599853515625,343.8599853515625,72.33468627929688,-3.388336181640625,108112
1285.0,473.6263122558594,460.3399658203125,472.67999267578125,476.05999755859375,343.91998291015625,72.25569915771484,-3.566314697265625,108112
1286.0,473.45037841796875,460.39996337890625,472.39996337890625,475.8800048828125,343.7749938964844,72.44245910644531,-3.5723876953125,108112
1287.0,473.3646240234375,460.15997314453125,472.29998779296875,475.77996826171875,343.91998291015625,72.28260040283203,-3.6046142578125,108112
1288.0,473.80938720703125,460.27996826171875,472.55999755859375,476.53997802734375,343.8399963378906,72.29520416259766,-3.9893798828125,108112
1289.0,474.4249572753906,460.44000244140625,473.0,476.9599609375,343.8599853515625,72.40131378173828,-4.246978759765625,108112
1290.0,473.3266906738281,460.70001220703125,472.41998291015625,475.8599853515625,344.05499267578125,72.245849609375,-3.426727294921875,108112
1291.0,473.13848876953125,461.1199951171875,472.3800048828125,475.79998779296875,343.739990234375,72.38973999023438,-3.218505859375,108112
1292.0,473.5740051269531,461.05999755859375,472.739990234375,475.8800048828125,343.5,72.59864807128906,-3.354034423828125,108112
1293.0,473.96142578125,460.9599609375,472.760009765625,476.1400146484375,343.0199890136719,72.51856994628906,-3.741455078125,108112
1294.0,474.1961975097656,461.0,472.8800048828125,476.5,343.7599792480469,72.38114166259766,-4.036224365234375,108112
1295.0,474.46307373046875,460.8599853515625,473.219970703125,477.219970703125,343.8199768066406,72.40447998046875,-4.22308349609375,108112
1296.0,474.6558837890625,460.53997802734375,473.3399658203125,477.51995849609375,343.239990234375,72.68858337402344,-4.4359130859375,108112
1297.0,474.0118408203125,460.3399658203125,472.6199951171875,476.39996337890625,343.17498779296875,72.5194320678711,-4.15185546875,108112
1298.0,474.52947998046875,460.4599609375,473.01995849609375,476.719970703125,343.44000244140625,72.31423950195312,-4.26947021484375,108112
1299.0,474.0419616699219,460.760009765625,472.89996337890625,476.20001220703125,343.5199890136719,72.48170471191406,-3.761993408203125,108112
1300.0,474.4170227050781,461.01995849609375,473.1400146484375,476.6400146484375,343.375,72.66017150878906,-3.957061767578125,108112
1301.0,474.0006103515625,461.05999755859375,472.760009765625,476.239990234375,343.6600036621094,72.45297241210938,-3.7806396484375,108112
1302.0,473.616943359375,461.08001708984375,472.55999755859375,475.8399658203125,343.7349853515625,72.35240936279297,-3.57696533203125,108112
1303.0,473.96868896484375,460.92999267578125,472.739990234375,476.219970703125,343.6399841308594,72.45594024658203,-3.7886962890625,108112
1304.0,474.2742004394531,460.6400146484375,472.94000244140625,476.3399658203125,343.47998046875,72.50559997558594,-4.034210205078125,108112
1305.0,474.8414306640625,460.53997802734375,473.4889831542969,477.3399658203125,342.8149719238281,72.76024627685547,-4.40142822265625,108112
1306.0,474.4721374511719,460.8800048828125,473.239990234375,477.05999755859375,343.1399841308594,72.52273559570312,-4.112152099609375,108112
1307.0,474.6123046875,460.8800048828125,473.260009765625,476.91998291015625,343.9599914550781,72.29256439208984,-4.07232666015625,108112
1308.0,474.8955078125,460.91998291015625,473.5,477.01995849609375,343.6399841308594,72.42154693603516,-4.155517578125,108112
1309.0,474.9815368652344,460.739990234375,473.760009765625,477.51995849609375,343.739990234375,72.244384765625,-4.001556396484375,108112
1310.0,474.49639892578125,460.77996826171875,473.51995849609375,477.51995849609375,343.8599853515625,72.09265899658203,-3.79638671875,108112
1311.0,473.9127502441406,460.8399658203125,473.0999755859375,476.89996337890625,344.0199890136719,72.00675201416016,-3.632781982421875,108112
1312.0,474.8013916015625,460.8599853515625,473.79998779296875,477.77996826171875,344.1549987792969,72.05489349365234,-4.161376953125,108112
1313.0,475.31683349609375,460.69000244140625,474.1199951171875,478.1199951171875,343.6399841308594,72.33831024169922,-4.31683349609375,108112
1314.0,474.99102783203125,460.67999267578125,473.67999267578125,477.58001708984375,343.97998046875,72.23942565917969,-4.1910400390625,108112
1315.0,474.3812561035156,460.760009765625,473.3399658203125,477.17999267578125,344.1600036621094,72.18695831298828,-3.841278076171875,108112
1316.0,475.2541809082031,460.67999267578125,473.94000244140625,477.82000732421875,343.8199768066406,72.3875732421875,-4.194183349609375,108112
1317.0,475.46051025390625,460.760009765625,474.0,477.77996826171875,343.53997802734375,72.65922546386719,-4.4205322265625,108112
1318.0,475.52008056640625,460.739990234375,473.89996337890625,477.67999267578125,343.6600036621094,72.50243377685547,-4.64007568359375,108112
1319.0,475.1263732910156,460.6199951171875,473.739990234375,477.3399658203125,343.97998046875,72.29803466796875,-4.166412353515625,108112
1320.0,474.4122619628906,460.51995849609375,473.27996826171875,476.79998779296875,344.2200012207031,72.23942565917969,-3.832244873046875,108112
1321.0,474.4952392578125,460.77996826171875,473.32000732421875,476.67999267578125,343.8999938964844,72.4659652709961,-3.875244140625,108112
1322.0,474.5201721191406,460.91998291015625,473.39996337890625,476.89996337890625,343.7799987792969,72.60343170166016,-3.780181884765625,108112
1323.0,474.17535400390625,461.03997802734375,473.0999755859375,476.6177978515625,344.0749816894531,72.36119079589844,-3.6353759765625,108112
1324.0,474.6983337402344,460.9599609375,473.5,477.08001708984375,343.79498291015625,72.43335723876953,-3.878326416015625,108112
1325.0,475.07073974609375,461.17999267578125,473.8599853515625,477.20001220703125,343.7599792480469,72.72589111328125,-3.85076904296875,108112
1326.0,474.57818603515625,461.1199951171875,473.53997802734375,476.82000732421875,343.91998291015625,72.72267150878906,-3.61822509765625,108112
1327.0,473.974853515625,461.39996337890625,473.01995849609375,475.89996337890625,343.5,72.74053955078125,-3.41485595703125,108112
1328.0,474.8053283691406,461.58001708984375,473.58001708984375,477.17999267578125,343.5799865722656,72.73507690429688,-3.905364990234375,108112
1329.0,475.0704650878906,461.55999755859375,473.6199951171875,477.47998046875,343.5999755859375,72.79466247558594,-4.270477294921875,108112
1330.0,475.3406066894531,461.739990234375,473.8800048828125,477.6199951171875,343.47998046875,73.01924133300781,-4.300628662109375,108112
1331.0,475.1907043457031,461.39996337890625,473.8800048828125,477.5999755859375,342.9549865722656,72.93968200683594,-4.150726318359375,108112
1332.0,474.79290771484375,461.53997802734375,473.6199951171875,477.58001708984375,343.53997802734375,72.54216003417969,-4.034912109375,108112
1333.0,475.0155334472656,461.4599609375,473.9599609375,477.977783203125,343.8599853515625,72.46389770507812,-3.995574951171875,108112
1334.0,475.0635070800781,461.47998046875,474.1199951171875,478.08001708984375,344.0,72.5302734375,-3.943511962890625,108112
1335.0,475.0281982421875,461.239990234375,474.0999755859375,477.94000244140625,343.8399963378906,72.59102630615234,-3.88818359375,108112
1336.0,474.6651611328125,461.03997802734375,473.9599609375,477.719970703125,343.7200012207031,72.35874938964844,-3.64520263671875,108112
1337.0,474.8929748535156,461.1400146484375,474.0999755859375,477.8599853515625,343.5,72.41926574707031,-3.772979736328125,108112
1338.0,474.8017272949219,461.05999755859375,473.94000244140625,477.739990234375,343.6549987792969,72.3826904296875,-3.861724853515625,108112
1339.0,474.9869384765625,460.97998046875,473.9599609375,477.47998046875,343.53997802734375,72.4779281616211,-3.80694580078125,108112
1340.0,475.0504455566406,460.79998779296875,473.8399658203125,477.457763671875,343.6349792480469,72.45553588867188,-3.930450439453125,108112
1341.0,474.5350646972656,460.6400146484375,473.4599609375,476.89996337890625,343.91998291015625,72.33186340332031,-3.655059814453125,108112
1342.0,474.42950439453125,461.1400146484375,473.39996337890625,476.8800048828125,343.8349914550781,72.46124267578125,-3.58953857421875,108112
1343.0,474.8908386230469,461.3399658203125,473.70001220703125,477.29998779296875,343.67999267578125,72.58504486083984,-3.910858154296875,108112
1344.0,475.1977844238281,461.47998046875,473.97998046875,477.58001708984375,343.7599792480469,72.66698455810547,-3.997772216796875,108112
1345.0,475.2066650390625,461.67999267578125,474.17999267578125,477.8800048828125,343.6399841308594,72.71361541748047,-3.80670166015625,108112
1346.0,475.2103271484375,461.55999755859375,474.01995849609375,477.47998046875,343.47998046875,72.7884521484375,-3.9703369140625,108112
1347.0,475.4297180175781,461.55999755859375,474.15997314453125,477.739990234375,343.5999755859375,72.83458709716797,-4.049713134765625,108112
1348.0,474.82598876953125,461.5999755859375,473.739990234375,477.17999267578125,344.1600036621094,72.6841812133789,-3.70599365234375,108112
1349.0,475.1016540527344,461.55999755859375,473.77996826171875,477.41998291015625,343.91998291015625,72.73471069335938,-4.001678466796875,108112
1350.0,475.4411315917969,461.3800048828125,474.01995849609375,477.79998779296875,343.55999755859375,72.92073059082031,-4.281158447265625,108112
1351.0,475.7065734863281,461.20001220703125,474.29998779296875,478.08001708984375,343.8349914550781,72.81936645507812,-4.286590576171875,108112
1352.0,475.5165710449219,461.239990234375,474.15997314453125,477.79998779296875,343.8999938964844,72.78507232666016,-4.056610107421875,108112
1353.0,475.4330749511719,461.01995849609375,474.1199951171875,477.82000732421875,343.739990234375,72.73677825927734,-4.073089599609375,108112
1354.0,475.0527648925781,461.219970703125,474.03997802734375,477.79998779296875,343.5999755859375,72.71861267089844,-3.732757568359375,108112
1355.0,475.06793212890625,461.1400146484375,474.0999755859375,477.82000732421875,343.44000244140625,72.81549072265625,-3.789947509765625,108112
1356.0,475.3887634277344,461.20001220703125,474.27996826171875,477.97998046875,343.43499755859375,72.81710052490234,-3.928802490234375,108112
1357.0,475.3187255859375,461.3399658203125,474.0999755859375,477.719970703125,343.0,72.97491455078125,-3.91876220703125,108112
1358.0,474.84979248046875,461.51995849609375,473.77996826171875,477.0999755859375,342.9599914550781,73.09253692626953,-3.6697998046875,108112
1359.0,475.0341491699219,461.41998291015625,473.8599853515625,477.5999755859375,343.5,72.91473388671875,-3.894134521484375,108112
1360.0,475.52130126953125,461.4599609375,474.219970703125,478.03997802734375,343.1999816894531,73.1343994140625,-4.101318359375,108112
1361.0,475.3758544921875,461.55999755859375,474.08001708984375,477.67999267578125,343.55499267578125,73.01428985595703,-3.85589599609375,108112
1362.0,475.4652404785156,461.41998291015625,474.0999755859375,477.77996826171875,343.55999755859375,73.00357818603516,-4.005279541015625,108112
1363.0,475.2668762207031,461.41998291015625,474.1199951171875,477.82000732421875,343.6199951171875,72.97380065917969,-3.746917724609375,108112
1364.0,474.1302795410156,461.5999755859375,473.44000244140625,477.0,343.7200012207031,72.70166778564453,-3.090301513671875,108112
1365.0,474.48980712890625,461.70001220703125,473.6400146484375,477.44000244140625,343.53997802734375,72.74860382080078,-3.34979248046875,108112
1366.0,475.08917236328125,461.47998046875,473.89996337890625,477.9599609375,343.614990234375,72.82041931152344,-3.98919677734375,108112
1367.0,474.6617126464844,461.5999755859375,473.6199951171875,477.53997802734375,343.5749816894531,72.84383392333984,-3.761749267578125,108112
1368.0,474.2229309082031,461.39996337890625,473.32000732421875,476.8577880859375,343.6199951171875,72.78453826904297,-3.422943115234375,108112
1369.0,473.67816162109375,461.27996826171875,472.89996337890625,476.03997802734375,343.90997314453125,72.55665588378906,-3.378173828125,108112
1370.0,473.9386291503906,461.739990234375,473.1289978027344,476.51995849609375,343.7749938964844,72.7309799194336,-3.380645751953125,108112
1371.0,474.7478332519531,461.39996337890625,473.51995849609375,477.44000244140625,343.8149719238281,72.8022689819336,-3.967864990234375,108112
1372.0,474.41400146484375,461.3599853515625,473.5,477.1400146484375,343.6999816894531,72.7208023071289,-3.57403564453125,108112
1373.0,475.3561096191406,461.4599609375,474.29998779296875,477.739990234375,343.239990234375,72.9662857055664,-3.836151123046875,108112
1374.0,475.5855407714844,461.41998291015625,474.4599609375,478.0999755859375,343.17999267578125,72.98027801513672,-3.985565185546875,108112
1375.0,475.9617004394531,461.5999755859375,474.719970703125,478.58001708984375,342.97998046875,73.04254150390625,-4.143707275390625,108112
1376.0,475.5585021972656,461.82000732421875,474.41998291015625,478.27996826171875,342.739990234375,73.0843276977539,-4.118499755859375,108112
1377.0,475.3551025390625,461.55999755859375,474.4689636230469,478.239990234375,343.0,72.87626647949219,-3.8951416015625,108112
1378.0,475.3710632324219,461.51995849609375,474.64898681640625,478.3599853515625,343.6399841308594,72.5892562866211,-3.751068115234375,108112
1379.0,475.1915588378906,461.8399658203125,474.5,478.15997314453125,343.93499755859375,72.50994873046875,-3.611541748046875,108112
1380.0,475.42523193359375,461.719970703125,474.47998046875,478.2177734375,343.8199768066406,72.67351531982422,-3.80523681640625,108112
1381.0,475.302490234375,461.58001708984375,474.15997314453125,477.9599609375,344.0149841308594,72.61844635009766,-3.88250732421875,108112
1382.0,474.37030029296875,461.47998046875,473.41998291015625,476.8599853515625,343.8199768066406,72.41181945800781,-3.53033447265625,108112
1383.0,474.4169921875,461.51995849609375,473.55999755859375,476.55999755859375,343.8999938964844,72.48291778564453,-3.47698974609375,108112
1384.0,474.5265808105469,461.44000244140625,473.53997802734375,476.79998779296875,343.93499755859375,72.49468994140625,-3.586578369140625,108112
1385.0,474.01251220703125,461.4599609375,473.29998779296875,476.5999755859375,344.3999938964844,72.35123443603516,-3.25250244140625,108112
1386.0,474.2909240722656,461.51995849609375,473.5999755859375,476.8577880859375,344.3399963378906,72.46834564208984,-3.252960205078125,108112
1387.0,474.3497314453125,461.5,473.47998046875,476.5,344.3399963378906,72.3919677734375,-3.48974609375,108112
1388.0,474.789306640625,461.39996337890625,473.760009765625,477.0,344.614990234375,72.38944244384766,-3.6893310546875,108112
1389.0,475.52252197265625,461.3599853515625,474.260009765625,477.5999755859375,343.79998779296875,72.72504425048828,-4.02252197265625,108112
1390.0,475.0301513671875,461.1400146484375,473.8399658203125,477.19781494140625,344.1299743652344,72.52770233154297,-3.8101806640625,108112
1391.0,475.1967468261719,461.41998291015625,474.15997314453125,477.5999755859375,343.8999938964844,72.64306640625,-3.736785888671875,108112
1392.0,474.712890625,461.51995849609375,473.67999267578125,477.1400146484375,344.1399841308594,72.53832244873047,-3.67291259765625,108112
1393.0,474.0861511230469,461.58001708984375,473.44000244140625,476.5999755859375,344.6949768066406,72.29633331298828,-3.246185302734375,108112
1394.0,474.6637268066406,461.65997314453125,473.58001708984375,476.8800048828125,344.7200012207031,72.29087829589844,-3.683746337890625,108112
1395.0,474.88824462890625,461.6400146484375,473.70001220703125,477.0999755859375,344.4599914550781,72.47348022460938,-3.728271484375,108112
1396.0,475.00762939453125,461.8399658203125,473.70001220703125,476.9599609375,344.7349853515625,72.45829010009766,-3.82763671875,108112
1397.0,475.35662841796875,462.03997802734375,474.15997314453125,477.760009765625,344.7349853515625,72.43684387207031,-3.796630859375,108112
1398.0,475.6921081542969,461.8599853515625,474.53997802734375,478.43780517578125,344.44000244140625,72.53807067871094,-4.052093505859375,108112
1399.0,475.3678283691406,461.5999755859375,474.739990234375,478.719970703125,344.5,72.29016876220703,-3.527862548828125,108112
1400.0,475.3867492675781,461.8599853515625,474.8599853515625,478.739990234375,344.6199951171875,72.3459701538086,-3.426788330078125,108112
1401.0,475.6649169921875,462.0,475.1400146484375,478.9599609375,344.3149719238281,72.5281753540039,-3.60491943359375,108112
1402.0,476.0583801269531,462.0,474.9599609375,478.77996826171875,343.7749938964844,72.79619598388672,-3.978363037109375,108112
1403.0,476.28564453125,461.719970703125,475.03997802734375,478.67999267578125,343.7349853515625,72.9129638671875,-4.045654296875,108112
1404.0,476.3135681152344,461.44000244140625,474.8800048828125,478.4599609375,343.5199890136719,72.90121459960938,-4.273590087890625,108112
1405.0,475.6745910644531,461.44000244140625,474.44000244140625,477.93780517578125,343.79998779296875,72.80502319335938,-3.914581298828125,108112
1406.0,476.1383972167969,461.77996826171875,474.58001708984375,478.239990234375,344.0,72.847900390625,-4.238433837890625,108112
1407.0,476.2364196777344,461.82000732421875,474.760009765625,478.20001220703125,344.17498779296875,72.68194580078125,-4.156402587890625,108112
1408.0,476.03533935546875,461.719970703125,474.65997314453125,478.1199951171875,343.97998046875,72.755126953125,-4.03533935546875,108112
1409.0,475.9437561035156,461.58001708984375,474.47998046875,478.03997802734375,344.0799865722656,72.66345977783203,-4.123748779296875,108112
1410.0,476.735107421875,461.89996337890625,475.1400146484375,478.8778076171875,343.7200012207031,73.0048828125,-4.3951416015625,108112
1411.0,476.7655334472656,461.82000732421875,475.15997314453125,478.82000732421875,343.8599853515625,72.97981262207031,-4.405548095703125,108112
1412.0,475.7653503417969,461.6199951171875,474.47998046875,477.8399658203125,344.1999816894531,72.64122772216797,-3.945343017578125,108112
1413.0,476.20709228515625,461.70001220703125,474.8599853515625,478.32000732421875,344.6600036621094,72.63153839111328,-4.007080078125,108112
1414.0,476.50360107421875,461.91998291015625,474.91998291015625,478.32000732421875,344.2799987792969,72.84392547607422,-4.24359130859375,108112
1415.0,476.481689453125,462.01995849609375,474.77996826171875,478.29998779296875,344.1199951171875,72.90676879882812,-4.42169189453125,108112
1416.0,476.2210388183594,461.97998046875,474.79998779296875,478.03997802734375,344.1349792480469,72.84741973876953,-4.101043701171875,108112
1417.0,476.2403869628906,462.260009765625,474.79998779296875,478.477783203125,344.17999267578125,72.69220733642578,-4.140411376953125,108112
1418.0,476.6319274902344,462.219970703125,475.239990234375,479.17999267578125,344.1399841308594,72.81166076660156,-4.333953857421875,108112
1419.0,477.19720458984375,462.20001220703125,475.6199951171875,479.8399658203125,344.05499267578125,72.90738677978516,-4.7972412109375,108112
1420.0,477.0136413574219,462.53997802734375,475.5,479.53997802734375,344.2200012207031,72.83629608154297,-4.573638916015625,108112
1421.0,476.8487243652344,462.6400146484375,475.39996337890625,479.53997802734375,343.8399963378906,73.11583709716797,-4.428741455078125,108112
1422.0,476.75335693359375,462.3599853515625,475.3399658203125,479.41998291015625,344.35498046875,72.80897521972656,-4.39337158203125,108112
1423.0,476.95135498046875,462.1400146484375,475.719970703125,479.760009765625,344.3399963378906,72.6981201171875,-4.411376953125,108112
1424.0,477.1891174316406,462.15997314453125,475.70001220703125,479.55999755859375,344.17999267578125,72.69026184082031,-4.529144287109375,108112
1425.0,477.0303649902344,462.05999755859375,475.65997314453125,479.39996337890625,344.0,72.89897918701172,-4.310394287109375,108112
1426.0,476.9736633300781,462.05999755859375,475.58001708984375,479.219970703125,344.6600036621094,72.77601623535156,-4.133697509765625,108112
1427.0,476.1375427246094,462.08001708984375,475.0,478.3399658203125,345.03497314453125,72.4498519897461,-3.757537841796875,108112
1428.0,476.6254577636719,461.91998291015625,475.239990234375,478.8800048828125,344.5799865722656,72.5799331665039,-4.185455322265625,108112
1429.0,476.82818603515625,461.5999755859375,475.32000732421875,479.20001220703125,344.375,72.63719177246094,-4.60821533203125,108112
1430.0,476.7416687011719,461.77996826171875,475.27996826171875,479.03997802734375,344.05499267578125,72.82754516601562,-4.401702880859375,108112
1431.0,476.36346435546875,461.58001708984375,474.8800048828125,478.77996826171875,344.5,72.63667297363281,-4.4635009765625,108112
1432.0,475.3666687011719,461.91998291015625,474.239990234375,477.8800048828125,344.91998291015625,72.34857940673828,-3.866668701171875,108112
1433.0,474.2840576171875,461.6400146484375,473.5,477.0999755859375,344.8599853515625,72.0428237915039,-3.36407470703125,108112
1434.0,473.6920471191406,461.77996826171875,473.32000732421875,476.91998291015625,345.03497314453125,71.93526458740234,-2.892059326171875,108112
1435.0,474.1772155761719,462.08001708984375,473.47998046875,477.0999755859375,345.2200012207031,71.96776580810547,-3.137237548828125,108112
1436.0,475.12115478515625,461.82000732421875,474.01995849609375,477.82000732421875,345.3149719238281,72.0064468383789,-3.68115234375,108112
1437.0,475.6295471191406,461.79998779296875,474.44000244140625,478.17779541015625,345.3599853515625,72.18582916259766,-3.809539794921875,108112
1438.0,475.7237548828125,461.97998046875,474.5,478.0,345.47998046875,72.26583099365234,-3.84375,108112
1439.0,475.4879455566406,462.01995849609375,474.32000732421875,478.01995849609375,345.1549987792969,72.39237213134766,-3.727935791015625,108112
1440.0,476.2734375,462.05999755859375,474.70001220703125,478.5,345.239990234375,72.36575317382812,-4.35345458984375,108112
1441.0,475.8511047363281,462.0,474.6199951171875,478.0999755859375,344.8800048828125,72.28237915039062,-3.931121826171875,108112
1442.0,475.15557861328125,461.760009765625,474.03997802734375,477.719970703125,345.1399841308594,72.10923767089844,-3.81561279296875,108112
1443.0,474.6325378417969,461.79998779296875,473.70001220703125,477.1199951171875,345.05999755859375,72.00765228271484,-3.472564697265625,108112
1444.0,474.4751892089844,461.91998291015625,473.67999267578125,476.9599609375,345.0199890136719,72.03030395507812,-3.315216064453125,108112
1445.0,474.6031188964844,461.77996826171875,473.6400146484375,476.8800048828125,345.05999755859375,72.09303283691406,-3.583160400390625,108112
1446.0,474.8333740234375,461.6400146484375,473.65997314453125,476.8800048828125,344.94000244140625,72.13633728027344,-3.77337646484375,108112
1447.0,475.7518615722656,461.8599853515625,474.29998779296875,477.9599609375,344.67999267578125,72.52569580078125,-4.151885986328125,108112
1448.0,476.1842956542969,461.58001708984375,474.6199951171875,478.5999755859375,344.239990234375,72.65379333496094,-4.464324951171875,108112
1449.0,476.4671936035156,461.739990234375,474.77996826171875,478.82000732421875,344.1999816894531,72.77186584472656,-4.62921142578125,108112
1450.0,475.98846435546875,461.94000244140625,474.4599609375,478.260009765625,344.29998779296875,72.5345230102539,-4.20849609375,108112
1451.0,475.9801940917969,461.67999267578125,474.6199951171875,478.219970703125,344.1999816894531,72.62018585205078,-4.020233154296875,108112
1452.0,475.6646728515625,461.719970703125,474.27996826171875,477.719970703125,344.739990234375,72.30200958251953,-4.00469970703125,108112
1453.0,476.3587646484375,461.82000732421875,474.82000732421875,478.3599853515625,344.5,72.50173950195312,-4.31878662109375,108112
1454.0,476.5169982910156,461.8399658203125,474.89996337890625,478.51995849609375,344.5149841308594,72.62556457519531,-4.297027587890625,108112
1455.0,476.47576904296875,461.91998291015625,474.760009765625,478.65997314453125,344.3199768066406,72.70989227294922,-4.435791015625,108112
1456.0,476.55914306640625,461.82000732421875,474.91998291015625,478.8399658203125,344.55999755859375,72.66056060791016,-4.4791259765625,108112
1457.0,475.810546875,461.719970703125,474.3399658203125,478.1199951171875,345.17498779296875,72.26113891601562,-4.1705322265625,108112
1458.0,475.1764221191406,461.70001220703125,474.0,477.47998046875,345.1600036621094,72.16668701171875,-3.936431884765625,108112
1459.0,475.78387451171875,462.08001708984375,474.5999755859375,477.77996826171875,344.5199890136719,72.59803771972656,-3.8438720703125,108112
1460.0,476.2500915527344,462.15997314453125,475.1199951171875,478.79998779296875,344.47998046875,72.54277801513672,-3.870086669921875,108112
1461.0,476.1712951660156,461.9599609375,474.94000244140625,478.5999755859375,344.5999755859375,72.6969985961914,-3.951324462890625,108112
1462.0,476.1370544433594,461.55999755859375,474.82000732421875,478.65997314453125,344.8999938964844,72.594482421875,-4.097076416015625,108112
1463.0,475.7583312988281,461.41998291015625,474.55999755859375,478.29998779296875,344.9749755859375,72.47579193115234,-3.858367919921875,108112
1464.0,475.5481262207031,461.719970703125,474.4599609375,478.01995849609375,345.2799987792969,72.38461303710938,-3.608123779296875,108112
1465.0,475.12750244140625,461.9599609375,474.1199951171875,477.55999755859375,345.0799865722656,72.43651580810547,-3.48748779296875,108112
1466.0,474.71466064453125,462.39996337890625,473.8399658203125,477.219970703125,344.7599792480469,72.56819915771484,-3.314697265625,108112
1467.0,475.41510009765625,462.55999755859375,474.32000732421875,477.91998291015625,344.6399841308594,72.68216705322266,-3.6151123046875,108112
1468.0,476.24151611328125,462.27996826171875,474.94000244140625,478.6199951171875,344.5999755859375,72.67754364013672,-4.0615234375,108112
1469.0,476.233642578125,462.1400146484375,475.05999755859375,479.0,344.4949951171875,72.52732849121094,-4.05364990234375,108112
1470.0,476.48980712890625,462.05999755859375,475.29998779296875,479.3399658203125,344.3599853515625,72.69292449951172,-4.10980224609375,108112
1471.0,475.8925476074219,462.44000244140625,474.8599853515625,478.44000244140625,344.17498779296875,72.83748626708984,-3.692535400390625,108112
1472.0,476.49114990234375,462.39996337890625,475.0999755859375,478.65997314453125,344.1600036621094,72.9303207397461,-4.0911865234375,108112
1473.0,475.73583984375,462.22998046875,474.55999755859375,477.97998046875,344.6999816894531,72.59990692138672,-3.755859375,108112
1474.0,476.093505859375,462.219970703125,474.5999755859375,478.219970703125,344.8599853515625,72.56810760498047,-4.15350341796875,108112
1475.0,476.1808166503906,462.55999755859375,475.03997802734375,478.77777099609375,344.67999267578125,72.66696166992188,-3.820831298828125,108112
1476.0,476.72021484375,462.65997314453125,475.3599853515625,479.08001708984375,344.3800048828125,72.91321563720703,-4.16021728515625,108112
1477.0,476.1885986328125,462.6199951171875,475.1400146484375,478.6199951171875,344.614990234375,72.9089584350586,-3.78863525390625,108112
1478.0,476.0384826660156,462.239990234375,474.8399658203125,478.3399658203125,344.7799987792969,72.63546752929688,-3.778472900390625,108112
1479.0,476.3755798339844,462.17999267578125,475.08001708984375,478.58001708984375,345.0149841308594,72.67798614501953,-3.955596923828125,108112
1480.0,476.6673278808594,462.0999755859375,475.239990234375,478.77996826171875,345.05999755859375,72.71810913085938,-4.227325439453125,108112
1481.0,476.9327697753906,462.15997314453125,475.47998046875,479.03997802734375,344.7749938964844,72.67676544189453,-4.292755126953125,108112
1482.0,476.2633056640625,462.0999755859375,475.05999755859375,478.41998291015625,344.8199768066406,72.44542694091797,-3.94329833984375,108112
1483.0,475.3485107421875,462.32000732421875,474.65997314453125,477.97998046875,345.1999816894531,72.2641372680664,-3.18853759765625,108112
1484.0,476.0325622558594,461.97998046875,474.9599609375,478.41998291015625,345.03997802734375,72.3569107055664,-3.692596435546875,108112
1485.0,475.9586486816406,462.17999267578125,474.760009765625,478.1199951171875,344.8199768066406,72.49126434326172,-3.738677978515625,108112
1486.0,476.2723693847656,462.01995849609375,474.9599609375,478.29998779296875,344.5749816894531,72.57535552978516,-3.892364501953125,108112
1487.0,476.3023986816406,461.8800048828125,474.9599609375,478.3800048828125,344.6399841308594,72.43313598632812,-4.062408447265625,108112
1488.0,476.80859375,462.219970703125,475.41998291015625,479.1378173828125,344.5999755859375,72.6316146850586,-4.14862060546875,108112
1489.0,477.6617431640625,462.27996826171875,476.03997802734375,480.1199951171875,344.1399841308594,72.8087387084961,-4.561767578125,108112
1490.0,477.6673278808594,462.239990234375,476.1199951171875,480.32000732421875,343.9949951171875,72.92182922363281,-4.707366943359375,108112
1491.0,477.32061767578125,462.01995849609375,475.77996826171875,479.70001220703125,344.17999267578125,73.02071380615234,-4.5206298828125,108112
1492.0,476.5334167480469,462.01995849609375,475.3599853515625,478.760009765625,344.5799865722656,72.76444244384766,-3.833404541015625,108112
1493.0,476.25030517578125,462.05999755859375,475.05999755859375,478.3599853515625,344.8599853515625,72.57122039794922,-3.850341796875,108112
1494.0,476.8575744628906,462.01995849609375,475.51995849609375,478.8800048828125,344.67999267578125,72.74456024169922,-4.157562255859375,108112
1495.0,477.34869384765625,462.29998779296875,475.97998046875,479.239990234375,344.5999755859375,72.93315887451172,-4.10870361328125,108112
1496.0,477.1225891113281,462.47998046875,475.53997802734375,479.08001708984375,344.8149719238281,72.72476959228516,-4.302581787109375,108112
1497.0,476.6871032714844,462.41998291015625,475.219970703125,478.6400146484375,345.0999755859375,72.5711898803711,-4.127105712890625,108112
1498.0,476.67144775390625,462.3800048828125,475.20001220703125,478.760009765625,345.0,72.59062957763672,-4.19146728515625,108112
1499.0,476.14862060546875,462.32000732421875,474.8800048828125,478.08001708984375,344.7549743652344,72.46142578125,-3.80865478515625,108112
1500.0,475.97247314453125,462.4599609375,474.67999267578125,478.1199951171875,344.8800048828125,72.5211410522461,-3.8125,108112
1501.0,475.93804931640625,462.70001220703125,474.82000732421875,478.39996337890625,344.6600036621094,72.68363189697266,-3.71807861328125,108112
1502.0,477.0852966308594,462.0999755859375,475.4599609375,479.3800048828125,344.41497802734375,72.84162902832031,-4.525299072265625,108112
1503.0,477.2796630859375,462.32000732421875,475.6400146484375,479.82000732421875,344.1999816894531,73.03453826904297,-4.61968994140625,108112
1504.0,477.32379150390625,462.47998046875,475.77996826171875,479.6199951171875,344.3599853515625,73.04808807373047,-4.44378662109375,108112
1505.0,476.70166015625,462.719970703125,475.20001220703125,478.9599609375,344.41497802734375,72.84541320800781,-4.2216796875,108112
1506.0,477.0013427734375,462.6099853515625,475.44000244140625,479.29998779296875,344.3800048828125,72.96121215820312,-4.361328125,108112
1507.0,477.3139953613281,462.39996337890625,475.739990234375,479.79998779296875,344.7549743652344,72.858154296875,-4.594024658203125,108112
1508.0,476.8110656738281,462.3499755859375,475.55999755859375,479.44000244140625,344.67999267578125,72.80496978759766,-4.171051025390625,108112
1509.0,476.2543640136719,462.27996826171875,475.0,478.6400146484375,344.6399841308594,72.67386627197266,-3.934356689453125,108112
1510.0,476.3388977050781,461.97998046875,474.97998046875,478.39996337890625,344.6399841308594,72.61015319824219,-4.038909912109375,108112
1511.0,476.2704162597656,462.08001708984375,474.91998291015625,478.44000244140625,345.114990234375,72.56654357910156,-4.010406494140625,108112
1512.0,477.0611877441406,462.05999755859375,475.39996337890625,479.08001708984375,344.55999755859375,72.99406433105469,-4.481170654296875,108112
1513.0,477.022216796875,462.15997314453125,475.55999755859375,479.03997802734375,344.4599914550781,73.04837036132812,-4.22222900390625,108112
1514.0,477.5913391113281,462.27996826171875,475.79998779296875,479.53997802734375,343.97998046875,73.22279357910156,-4.611358642578125,108112
1515.0,477.6231994628906,461.9599609375,476.03997802734375,479.65997314453125,344.17999267578125,73.15682983398438,-4.463226318359375,108112
1516.0,477.404052734375,462.1199951171875,475.8399658203125,479.39996337890625,344.8199768066406,72.97096252441406,-4.3260498046875,108112
1517.0,477.26239013671875,462.15997314453125,475.739990234375,479.3399658203125,344.7200012207031,72.82938385009766,-4.28240966796875,108112
1518.0,477.2505187988281,462.239990234375,475.89996337890625,479.739990234375,344.91497802734375,72.79225158691406,-4.270538330078125,108112
1519.0,476.927001953125,462.29998779296875,475.67999267578125,479.3800048828125,344.739990234375,72.78645324707031,-3.98699951171875,108112
1520.0,477.3712463378906,462.41998291015625,475.97998046875,479.55999755859375,344.5999755859375,73.05379486083984,-4.231231689453125,108112
1521.0,477.0780334472656,462.44000244140625,476.0,479.65997314453125,344.8399963378906,72.98310852050781,-3.938018798828125,108112
1522.0,476.42327880859375,462.5,475.3599853515625,478.79998779296875,345.05999755859375,72.86566162109375,-3.7232666015625,108112
1523.0,477.1750183105469,462.20001220703125,475.82000732421875,479.3377685546875,344.9599914550781,72.8492660522461,-4.095001220703125,108112
1524.0,477.7093505859375,462.32000732421875,476.0999755859375,480.0999755859375,344.5999755859375,73.15840911865234,-4.609375,108112
1525.0,477.4518737792969,462.3800048828125,475.97998046875,479.8599853515625,345.0199890136719,72.96492004394531,-4.331878662109375,108112
1526.0,477.61004638671875,462.51995849609375,476.1199951171875,480.239990234375,344.5,73.20527648925781,-4.4100341796875,108112
1527.0,477.4735412597656,462.55999755859375,476.15997314453125,480.0,344.5,73.2045669555664,-4.133575439453125,108112
1528.0,477.222412109375,462.5,476.01995849609375,479.65997314453125,344.8599853515625,73.03582000732422,-4.04241943359375,108112
1529.0,476.9764404296875,462.32000732421875,475.6199951171875,479.47998046875,344.91998291015625,72.92271423339844,-4.2364501953125,108112
1530.0,476.678466796875,462.4599609375,475.3399658203125,479.3577880859375,344.8399963378906,73.0232162475586,-4.15850830078125,108112
1531.0,476.88653564453125,462.17999267578125,475.51995849609375,479.3800048828125,345.0,73.0377197265625,-4.1865234375,108112
1532.0,476.51727294921875,462.32000732421875,475.3599853515625,478.82000732421875,344.8999938964844,73.1038589477539,-3.8572998046875,108112
1533.0,476.78546142578125,462.44000244140625,475.47998046875,479.32000732421875,344.53997802734375,73.08645629882812,-4.08544921875,108112
1534.0,477.0054016113281,462.27996826171875,475.719970703125,479.41998291015625,344.29998779296875,73.15939331054688,-4.085418701171875,108112
1535.0,477.6393737792969,462.39996337890625,476.03997802734375,480.1199951171875,344.53497314453125,73.31961822509766,-4.639373779296875,108112
1536.0,477.9411315917969,462.5999755859375,476.20001220703125,480.0,344.2149963378906,73.46466064453125,-4.641143798828125,108112
1537.0,477.5650939941406,462.39996337890625,476.01995849609375,479.8377685546875,344.94000244140625,73.06510925292969,-4.405120849609375,108112
1538.0,476.71966552734375,462.39996337890625,475.58001708984375,479.03997802734375,345.3349914550781,72.89042663574219,-3.7796630859375,108112
1539.0,476.4715576171875,462.44000244140625,475.3800048828125,478.6199951171875,345.17999267578125,72.88707733154297,-3.65155029296875,108112
1540.0,476.96514892578125,462.6400146484375,475.8399658203125,479.03997802734375,344.8399963378906,73.0423812866211,-3.80517578125,108112
1541.0,477.625244140625,462.77996826171875,476.0,479.6400146484375,344.6399841308594,73.17171478271484,-4.5052490234375,108112
1542.0,477.5742492675781,462.719970703125,475.97998046875,479.55999755859375,344.2799987792969,73.33531951904297,-4.434234619140625,108112
1543.0,477.2079162597656,462.719970703125,475.79998779296875,479.27996826171875,344.67999267578125,73.18510437011719,-4.087921142578125,108112
1544.0,476.75299072265625,462.47998046875,475.58001708984375,479.08001708984375,344.6600036621094,73.15151977539062,-3.81298828125,108112
1545.0,476.63775634765625,462.55999755859375,475.44000244140625,479.1199951171875,345.0199890136719,72.82752990722656,-3.89776611328125,108112
1546.0,475.6870422363281,462.32000732421875,474.6689758300781,478.4599609375,345.1999816894531,72.75608825683594,-3.427032470703125,108112
1547.0,475.4371643066406,462.239990234375,474.3800048828125,478.239990234375,345.0799865722656,72.69892120361328,-3.597198486328125,108112
1548.0,476.0321044921875,462.3599853515625,474.760009765625,478.58001708984375,345.0799865722656,72.87451934814453,-3.912109375,108112
1549.0,476.0914001464844,462.20001220703125,474.760009765625,478.719970703125,345.239990234375,72.7203369140625,-4.051422119140625,108112
1550.0,475.8617858886719,462.17999267578125,474.79998779296875,478.58001708984375,345.5799865722656,72.5378646850586,-3.701812744140625,108112
1551.0,476.4468078613281,462.27996826171875,474.89996337890625,478.70001220703125,345.3599853515625,72.73726654052734,-4.266815185546875,108112
1552.0,476.60003662109375,462.260009765625,475.29998779296875,478.8399658203125,345.1199951171875,72.86868286132812,-3.98004150390625,108112
1553.0,476.33551025390625,462.29998779296875,475.15997314453125,478.65777587890625,344.91998291015625,72.91214752197266,-3.8955078125,108112
1554.0,477.1789855957031,462.219970703125,475.67999267578125,479.47998046875,345.05999755859375,72.88214874267578,-4.519012451171875,108112
1555.0,476.98095703125,462.239990234375,475.5999755859375,479.0,344.5749816894531,72.95128631591797,-4.260986328125,108112
1556.0,476.79608154296875,462.260009765625,475.3599853515625,479.17999267578125,344.94000244140625,72.90142059326172,-4.33612060546875,108112
1557.0,477.001220703125,462.27996826171875,475.65997314453125,479.4599609375,345.0149841308594,72.73948669433594,-4.34124755859375,108112
1558.0,477.3951721191406,462.32000732421875,476.1199951171875,479.8800048828125,344.6999816894531,73.06954956054688,-4.135162353515625,108112
1559.0,477.2314147949219,462.3599853515625,475.9599609375,479.44000244140625,345.1600036621094,72.95743560791016,-4.013427734375,108112
1560.0,477.5592956542969,462.03997802734375,476.17999267578125,479.67779541015625,345.44000244140625,72.83794403076172,-4.199310302734375,108112
1561.0,477.2841796875,462.0999755859375,476.0,479.4599609375,345.3149719238281,72.78666687011719,-4.064208984375,108112
1562.0,476.5420227050781,462.15997314453125,475.5,479.05999755859375,345.4749755859375,72.63732147216797,-3.682037353515625,108112
1563.0,476.91497802734375,462.15997314453125,475.7489929199219,478.97998046875,345.2599792480469,72.56437683105469,-3.89501953125,108112
1564.0,476.5290832519531,462.3599853515625,475.3399658203125,478.89996337890625,345.7599792480469,72.34098052978516,-3.769073486328125,108112
1565.0,477.3856201171875,462.47998046875,476.03997802734375,479.8800048828125,345.05999755859375,72.76732635498047,-4.1456298828125,108112
1566.0,477.4739685058594,462.47998046875,475.94000244140625,479.77996826171875,344.7599792480469,73.0102767944336,-4.393951416015625,108112
1567.0,477.8449401855469,462.51995849609375,476.208984375,480.239990234375,344.739990234375,73.1215591430664,-4.564971923828125,108112
1568.0,477.7394104003906,462.6199951171875,476.260009765625,480.08001708984375,344.7599792480469,73.22848510742188,-4.259429931640625,108112
1569.0,477.47454833984375,462.44000244140625,475.97998046875,479.58001708984375,345.2799987792969,72.87548065185547,-4.3145751953125,108112
1570.0,476.7915954589844,462.739990234375,475.53997802734375,478.94000244140625,345.5149841308594,72.6540756225586,-3.911590576171875,108112
1571.0,477.3243103027344,462.67999267578125,476.03997802734375,479.39996337890625,345.2799987792969,72.65628051757812,-4.144317626953125,108112
1572.0,477.556396484375,462.27996826171875,476.239990234375,479.6378173828125,345.0999755859375,72.77852630615234,-4.1763916015625,108112
1573.0,477.6618347167969,462.15997314453125,476.239990234375,479.91998291015625,345.0799865722656,72.89022827148438,-4.341827392578125,108112
1574.0,477.876220703125,462.3599853515625,476.3399658203125,480.32000732421875,345.05999755859375,72.85779571533203,-4.55621337890625,108112
1575.0,477.50927734375,462.65997314453125,476.219970703125,480.0,344.7799987792969,72.91302490234375,-4.289306640625,108112
1576.0,477.5144958496094,462.44000244140625,476.08001708984375,479.8399658203125,344.6499938964844,72.9671401977539,-4.334503173828125,108112
1577.0,477.480712890625,462.51995849609375,476.03997802734375,479.53997802734375,344.85498046875,72.88971710205078,-4.28070068359375,108112
1578.0,477.4921875,462.5,476.1199951171875,479.58001708984375,345.0199890136719,72.80235290527344,-4.19219970703125,108112
1579.0,478.32464599609375,462.8399658203125,476.88897705078125,480.53997802734375,344.97998046875,72.88590240478516,-4.4246826171875,108112
1580.0,477.4587707519531,462.739990234375,476.3399658203125,479.8599853515625,344.9599914550781,72.86177062988281,-3.898773193359375,108112
1581.0,477.6511535644531,462.67999267578125,476.3399658203125,479.94000244140625,344.93499755859375,72.90292358398438,-4.191192626953125,108112
1582.0,477.63372802734375,462.65997314453125,476.219970703125,479.719970703125,345.0,72.99263763427734,-4.2137451171875,108112
1583.0,477.5994567871094,462.239990234375,476.17999267578125,479.8399658203125,345.03997802734375,72.94268798828125,-4.319488525390625,108112
1584.0,478.0053405761719,462.70001220703125,476.5,480.01995849609375,344.53997802734375,73.26334381103516,-4.345367431640625,108112
1585.0,477.9797668457031,462.739990234375,476.5999755859375,479.8399658203125,344.67999267578125,73.13199615478516,-4.219757080078125,108112
1586.0,477.6904602050781,462.760009765625,476.4599609375,479.6400146484375,344.67999267578125,73.0843734741211,-4.030487060546875,108112
1587.0,476.957275390625,462.51995849609375,475.9599609375,479.17999267578125,344.9949951171875,72.84681701660156,-3.65728759765625,108112
1588.0,477.1494445800781,462.719970703125,476.01995849609375,479.239990234375,344.97998046875,72.96858978271484,-3.849456787109375,108112
1589.0,477.63409423828125,462.739990234375,476.219970703125,479.8399658203125,344.7149963378906,73.19639587402344,-4.15411376953125,108112
1590.0,477.70880126953125,462.8599853515625,476.219970703125,479.79998779296875,344.79498291015625,73.28509521484375,-4.1488037109375,108112
1591.0,477.4440002441406,462.72998046875,475.97998046875,479.4599609375,345.1199951171875,72.93667602539062,-4.123992919921875,108112
1592.0,477.59979248046875,462.760009765625,476.219970703125,479.79998779296875,344.7200012207031,73.2198486328125,-4.11981201171875,108112
1593.0,478.029541015625,462.5999755859375,476.53997802734375,480.29998779296875,344.375,73.48685455322266,-4.36956787109375,108112
1594.0,477.6466369628906,462.32000732421875,476.17999267578125,479.77996826171875,344.29998779296875,73.54203033447266,-4.266632080078125,108112
1595.0,477.7777099609375,462.219970703125,476.20001220703125,480.0,344.4599914550781,73.44422149658203,-4.417724609375,108112
1596.0,477.5364074707031,462.5,476.01995849609375,479.53997802734375,344.6949768066406,73.22583770751953,-4.296417236328125,108112
1597.0,477.4604797363281,462.53997802734375,475.9599609375,479.4599609375,344.7549743652344,73.19082641601562,-4.280487060546875,108112
1598.0,477.3888854980469,462.58001708984375,475.91998291015625,479.3778076171875,344.8199768066406,73.15603637695312,-4.228912353515625,108112
1599.0,477.3173522949219,462.5999755859375,475.8800048828125,479.27996826171875,344.85498046875,73.12162017822266,-4.157379150390625,108112
1600.0,477.2467956542969,462.6099853515625,475.8599853515625,479.239990234375,344.8800048828125,73.08741760253906,-4.146820068359375,108112
1601.0,477.1859436035156,462.6400146484375,475.82000732421875,479.19781494140625,344.9599914550781,73.053466796875,-4.105926513671875,108112
1602.0,477.11822509765625,462.67999267578125,475.77996826171875,479.1400146484375,344.9949951171875,73.01978302001953,-4.0782470703125,108112
1603.0,477.05462646484375,462.67999267578125,475.739990234375,479.0999755859375,345.0149841308594,72.98635864257812,-4.03466796875,108112
1604.0,476.9848937988281,462.70001220703125,475.719970703125,479.08001708984375,345.0799865722656,72.95325469970703,-3.984893798828125,108112
1605.0,476.9241638183594,462.719970703125,475.70001220703125,479.03997802734375,345.0999755859375,72.92045593261719,-3.944183349609375,108112
1606.0,476.87457275390625,462.739990234375,475.70001220703125,479.0,345.1600036621094,72.88783264160156,-3.91461181640625,108112
1607.0,476.8100891113281,462.739990234375,475.67999267578125,478.97998046875,345.2549743652344,72.85552978515625,-3.870086669921875,108112
1608.0,477.12640380859375,462.6199951171875,475.760009765625,479.15997314453125,345.05999755859375,73.0119400024414,-4.1064453125,108112
1609.0,477.01495361328125,462.67999267578125,475.70001220703125,478.997802734375,345.0,73.0523452758789,-3.9349365234375,108112
1610.0,477.3804626464844,463.08001708984375,476.01995849609375,479.44000244140625,345.03997802734375,73.2088394165039,-3.940460205078125,108112
1611.0,477.0111083984375,463.0999755859375,475.97998046875,479.4599609375,344.7799987792969,73.16252899169922,-3.69110107421875,108112
1612.0,476.95660400390625,463.1400146484375,475.82000732421875,478.97998046875,344.5799865722656,73.17179107666016,-3.6986083984375,108112
1613.0,477.1978759765625,463.1400146484375,475.9599609375,479.43780517578125,344.8399963378906,73.07013702392578,-3.91790771484375,108112
1614.0,477.5402526855469,463.0999755859375,476.17999267578125,479.8377685546875,344.7799987792969,73.17666625976562,-4.040252685546875,108112
1615.0,477.290771484375,462.77996826171875,475.89996337890625,479.55780029296875,344.97998046875,73.11412048339844,-4.05078125,108112
1616.0,477.34698486328125,463.03997802734375,475.9599609375,479.51995849609375,345.594970703125,73.058837890625,-4.00701904296875,108112
1617.0,476.7352600097656,463.20001220703125,475.719970703125,479.01995849609375,345.7200012207031,72.74678802490234,-3.555267333984375,108112
1618.0,477.3251647949219,463.29998779296875,476.20001220703125,479.8599853515625,345.6600036621094,72.92902374267578,-3.785186767578125,108112
1619.0,477.6226501464844,463.01995849609375,476.239990234375,479.82000732421875,345.1600036621094,73.18348693847656,-4.062652587890625,108112
1620.0,477.8934020996094,462.97998046875,476.5,480.19781494140625,345.2799987792969,73.18400573730469,-4.153411865234375,108112
1621.0,477.5097351074219,463.15997314453125,476.3399658203125,479.89996337890625,345.55999755859375,73.17455291748047,-3.849761962890625,108112
1622.0,477.081787109375,463.27996826171875,476.08001708984375,479.51995849609375,345.594970703125,72.96109008789062,-3.621826171875,108112
1623.0,477.6329345703125,463.239990234375,476.5,480.08001708984375,345.1600036621094,73.17703247070312,-3.9129638671875,108112
1624.0,477.7783203125,462.91998291015625,476.53997802734375,480.05999755859375,345.094970703125,73.11919403076172,-4.09832763671875,108112
1625.0,477.9639892578125,463.219970703125,476.51995849609375,480.08001708984375,345.2799987792969,73.2273941040039,-4.2039794921875,108112
1626.0,478.1217956542969,462.9599609375,476.67999267578125,480.20001220703125,345.375,73.19913482666016,-4.261810302734375,108112
1627.0,478.00836181640625,462.91998291015625,476.51995849609375,480.05999755859375,345.594970703125,73.15611267089844,-4.2283935546875,108112
1628.0,477.480712890625,462.760009765625,476.20001220703125,479.70001220703125,345.97998046875,72.76133728027344,-3.96075439453125,108112
1629.0,477.7074890136719,462.8399658203125,476.3800048828125,479.77996826171875,345.8199768066406,72.8674545288086,-4.087493896484375,108112
1630.0,478.1155090332031,462.82000732421875,476.70001220703125,480.29998779296875,345.3999938964844,72.99644470214844,-4.215545654296875,108112
1631.0,477.6316833496094,462.79998779296875,476.41998291015625,479.5999755859375,345.67999267578125,72.89957427978516,-3.991668701171875,108112
1632.0,477.7268981933594,462.77996826171875,476.41998291015625,479.8599853515625,345.6999816894531,72.8216781616211,-4.086883544921875,108112
1633.0,476.8998718261719,462.67999267578125,475.8289794921875,479.27996826171875,345.6199951171875,72.79344940185547,-3.639862060546875,108112
1634.0,477.1347351074219,463.0,476.15997314453125,479.44000244140625,345.79998779296875,72.88584899902344,-3.574737548828125,108112
1635.0,477.3414001464844,462.97998046875,476.29998779296875,479.82000732421875,345.7549743652344,72.9153823852539,-3.781402587890625,108112
1636.0,476.9701232910156,463.05999755859375,475.9599609375,479.4599609375,345.79998779296875,72.67916107177734,-3.590118408203125,108112
1637.0,476.8106689453125,463.17999267578125,475.8399658203125,479.239990234375,345.67999267578125,72.65921783447266,-3.5906982421875,108112
1638.0,476.7475891113281,463.17999267578125,475.91998291015625,479.5999755859375,345.7200012207031,72.63648223876953,-3.467620849609375,108112
1639.0,477.0660095214844,463.03997802734375,476.1400146484375,479.55999755859375,345.6399841308594,72.85553741455078,-3.586029052734375,108112
1640.0,477.2403259277344,462.94000244140625,476.20001220703125,479.4599609375,345.6999816894531,72.92484283447266,-3.680328369140625,108112
1641.0,476.6500549316406,462.91998291015625,475.8800048828125,479.20001220703125,345.8349914550781,72.79732513427734,-3.430084228515625,108112
1642.0,476.9485168457031,462.79998779296875,475.94000244140625,479.27996826171875,345.8199768066406,72.76532745361328,-3.728546142578125,108112
1643.0,476.29827880859375,462.79998779296875,475.29998779296875,478.55999755859375,346.1600036621094,72.57559967041016,-3.55828857421875,108112
1644.0,476.3162841796875,462.739990234375,475.3399658203125,478.6199951171875,346.05999755859375,72.56292724609375,-3.51629638671875,108112
1645.0,476.9041442871094,462.8399658203125,475.739990234375,479.29998779296875,345.7599792480469,72.71305847167969,-3.764129638671875,108112
1646.0,477.23907470703125,462.77996826171875,475.94000244140625,479.65997314453125,345.8199768066406,72.7786636352539,-4.04107666015625,108112
1647.0,477.3354797363281,462.6199951171875,476.05999755859375,479.51995849609375,345.94000244140625,72.7998275756836,-4.035491943359375,108112
1648.0,477.7383728027344,462.77996826171875,476.260009765625,479.8599853515625,345.739990234375,72.91106414794922,-4.298370361328125,108112
1649.0,477.1361083984375,462.82000732421875,475.89996337890625,479.3800048828125,345.9599914550781,72.80815124511719,-3.8760986328125,108112
1650.0,476.6196594238281,463.03997802734375,475.58001708984375,478.81781005859375,346.1999816894531,72.67169952392578,-3.541656494140625,108112
1651.0,477.0736999511719,462.77996826171875,475.82000732421875,479.3800048828125,346.3999938964844,72.6573715209961,-3.813690185546875,108112
1652.0,477.0889892578125,462.79998779296875,475.89996337890625,479.4599609375,346.3800048828125,72.57426452636719,-3.90899658203125,108112
1653.0,477.8294372558594,462.70001220703125,476.44000244140625,480.05999755859375,345.97998046875,72.80294799804688,-4.249420166015625,108112
1654.0,477.1061706542969,462.8599853515625,475.89996337890625,479.3800048828125,346.1600036621094,72.58104705810547,-3.926177978515625,108112
1655.0,476.8121643066406,463.1400146484375,475.82000732421875,479.47998046875,346.1999816894531,72.60909271240234,-3.652191162109375,108112
1656.0,477.7611083984375,462.89996337890625,476.53997802734375,480.41998291015625,345.79498291015625,72.81428527832031,-4.12109375,108112
1657.0,478.0979309082031,462.47998046875,476.8800048828125,480.51995849609375,345.35498046875,72.97907257080078,-4.117950439453125,108112
1658.0,476.9632873535156,462.65997314453125,476.0,479.39996337890625,345.7599792480469,72.72210693359375,-3.563323974609375,108112
1659.0,477.1471252441406,462.8800048828125,475.97998046875,479.3399658203125,345.7599792480469,72.72541809082031,-3.907135009765625,108112
1660.0,477.229248046875,462.8800048828125,476.05999755859375,479.4599609375,345.55999755859375,72.8053207397461,-3.80926513671875,108112
1661.0,477.8359680175781,463.08001708984375,476.53997802734375,480.15997314453125,345.3399963378906,72.97046661376953,-4.115997314453125,108112
1662.0,478.3219299316406,463.219970703125,476.94000244140625,480.719970703125,345.3949890136719,72.81658935546875,-4.341949462890625,108112
1663.0,478.4780578613281,463.1400146484375,477.1400146484375,481.08001708984375,345.3599853515625,72.67950439453125,-4.258087158203125,108112
1664.0,478.1249694824219,463.5,476.97998046875,480.77996826171875,345.93499755859375,72.60521697998047,-3.904998779296875,108112
1665.0,478.0387878417969,463.51995849609375,476.94000244140625,480.760009765625,346.2799987792969,72.41971588134766,-3.978790283203125,108112
1666.0,478.14422607421875,463.5,476.76898193359375,480.719970703125,346.1600036621094,72.59856414794922,-4.40423583984375,108112
1667.0,478.2955627441406,463.5,476.8399658203125,480.77996826171875,345.7749938964844,72.96575164794922,-4.495574951171875,108112
1668.0,478.30926513671875,463.32000732421875,477.01995849609375,481.0,345.47998046875,73.14775085449219,-4.32928466796875,108112
1669.0,478.7119140625,463.0,477.20001220703125,481.44000244140625,345.1399841308594,73.0816879272461,-4.79193115234375,108112
1670.0,479.34832763671875,463.08001708984375,477.70001220703125,482.1400146484375,344.94000244140625,73.18445587158203,-5.1483154296875,108112
1671.0,479.3065490722656,463.29998779296875,477.55999755859375,482.03997802734375,345.3399963378906,72.9532470703125,-5.206573486328125,108112
1672.0,479.14556884765625,463.260009765625,477.6400146484375,482.01995849609375,345.2599792480469,72.96142578125,-5.02557373046875,108112
1673.0,478.8985290527344,463.32000732421875,477.5,481.4599609375,345.4599914550781,72.93981170654297,-4.478546142578125,108112
1674.0,478.61346435546875,463.58001708984375,477.08001708984375,481.08001708984375,345.6399841308594,73.04230499267578,-4.49346923828125,108112
1675.0,478.8064880371094,463.58001708984375,477.5,481.739990234375,345.5199890136719,73.0528564453125,-4.646514892578125,108112
1676.0,478.87408447265625,463.58001708984375,477.51995849609375,481.70001220703125,345.6399841308594,72.99413299560547,-4.674072265625,108112
1677.0,478.32928466796875,463.55999755859375,477.05999755859375,481.05999755859375,345.6199951171875,72.87035369873047,-4.3892822265625,108112
1678.0,478.877197265625,463.6199951171875,477.65997314453125,481.739990234375,345.3199768066406,73.02171325683594,-4.397216796875,108112
1679.0,479.24212646484375,463.6400146484375,477.8399658203125,481.91998291015625,344.6949768066406,73.31109619140625,-4.5421142578125,108112
1680.0,479.50201416015625,463.3399658203125,478.03997802734375,482.41998291015625,345.1199951171875,73.04178619384766,-4.9420166015625,108112
1681.0,479.37823486328125,463.5099792480469,477.97998046875,482.15997314453125,345.2799987792969,73.09375762939453,-4.67822265625,108112
1682.0,479.1838684082031,463.3800048828125,477.79998779296875,481.8800048828125,345.3999938964844,73.17520904541016,-4.445892333984375,108112
1683.0,478.5473937988281,463.3399658203125,477.15997314453125,481.0,345.5149841308594,73.08259582519531,-4.327423095703125,108112
1684.0,478.5198974609375,463.239990234375,477.20001220703125,480.89996337890625,345.67999267578125,73.06817626953125,-4.19989013671875,108112
1685.0,478.4332580566406,463.44000244140625,477.1400146484375,480.77996826171875,345.5799865722656,73.07945251464844,-4.093292236328125,108112
1686.0,478.2193298339844,463.41998291015625,477.0,480.58001708984375,345.53497314453125,73.06686401367188,-3.999359130859375,108112
1687.0,478.766845703125,463.27996826171875,477.39996337890625,480.97998046875,345.55999755859375,73.05369567871094,-4.24688720703125,108112
1688.0,478.9027099609375,463.44000244140625,477.51995849609375,481.1400146484375,345.375,73.26197814941406,-4.28271484375,108112
1689.0,478.3822021484375,463.44000244140625,477.01995849609375,480.51995849609375,345.3949890136719,73.1580581665039,-4.1622314453125,108112
1690.0,478.37640380859375,463.3399658203125,477.03997802734375,480.760009765625,345.44000244140625,73.13954162597656,-4.2584228515625,108112
1691.0,479.07958984375,463.260009765625,477.65997314453125,481.6400146484375,345.17999267578125,73.1272201538086,-4.6995849609375,108112
1692.0,479.1271667480469,463.44000244140625,477.77996826171875,482.01995849609375,345.2599792480469,73.00518035888672,-4.787200927734375,108112
1693.0,478.7444763183594,463.739990234375,477.47998046875,481.53997802734375,345.67999267578125,72.86299896240234,-4.444488525390625,108112
1694.0,478.8675231933594,463.39996337890625,477.67999267578125,481.9599609375,345.52996826171875,72.86601257324219,-4.427520751953125,108112
1695.0,479.01123046875,463.1400146484375,477.6400146484375,481.8599853515625,345.1999816894531,73.07521057128906,-4.6712646484375,108112
1696.0,478.7900085449219,463.32000732421875,477.6199951171875,481.77996826171875,345.2599792480469,73.08673858642578,-4.550018310546875,108112
1697.0,478.57440185546875,463.44000244140625,477.44000244140625,481.51995849609375,345.6999816894531,73.01956939697266,-4.3944091796875,108112
1698.0,478.49041748046875,463.70001220703125,477.239990234375,481.0999755859375,345.5,73.16231536865234,-4.15045166015625,108112
1699.0,478.5754699707031,463.6400146484375,477.29998779296875,481.1199951171875,345.44000244140625,73.1640853881836,-4.115509033203125,108112
1700.0,478.8932800292969,463.77996826171875,477.65997314453125,481.3800048828125,345.2599792480469,73.38884735107422,-4.093292236328125,108112
1701.0,478.9691467285156,463.82000732421875,477.65997314453125,481.44000244140625,345.1399841308594,73.42719268798828,-4.109161376953125,108112
1702.0,479.1138916015625,463.67999267578125,477.8599853515625,481.79998779296875,345.0199890136719,73.39720153808594,-4.23388671875,108112
1703.0,479.3548583984375,464.20001220703125,478.03997802734375,482.05999755859375,345.239990234375,73.5661392211914,-4.31488037109375,108112
1704.0,479.2015075683594,464.03997802734375,477.89996337890625,481.89996337890625,345.53997802734375,73.43997955322266,-4.381500244140625,108112
1705.0,478.78076171875,463.97998046875,477.4599609375,481.17999267578125,345.6399841308594,73.31970977783203,-4.1407470703125,108112
1706.0,478.7645568847656,463.91998291015625,477.53997802734375,481.4599609375,345.47998046875,73.3587646484375,-4.084564208984375,108112
1707.0,478.5386657714844,463.719970703125,477.20001220703125,480.82000732421875,345.29998779296875,73.29900360107422,-4.138702392578125,108112
1708.0,478.23602294921875,463.719970703125,476.94000244140625,480.5,345.4599914550781,73.1756820678711,-4.01605224609375,108112
1709.0,477.79449462890625,463.78997802734375,476.719970703125,480.3599853515625,345.5,73.18863677978516,-3.79449462890625,108112
1710.0,477.0389099121094,463.70001220703125,476.27996826171875,479.77996826171875,345.44000244140625,73.09039306640625,-3.438934326171875,108112
1711.0,477.7304382324219,463.5999755859375,476.58001708984375,479.8377685546875,345.1999816894531,73.15370178222656,-3.770477294921875,108112
1712.0,477.9323425292969,463.4499816894531,476.739990234375,480.05999755859375,345.0799865722656,73.19688415527344,-3.892364501953125,108112
1713.0,478.5794677734375,463.3599853515625,477.260009765625,480.89996337890625,345.1999816894531,73.16854858398438,-4.15948486328125,108112
1714.0,478.79876708984375,463.29998779296875,477.41998291015625,480.8377685546875,345.5,73.20502471923828,-4.27880859375,108112
1715.0,478.4375,463.1199951171875,477.1400146484375,480.6400146484375,345.2799987792969,73.25690460205078,-4.0574951171875,108112
1716.0,478.38623046875,463.0,477.05999755859375,480.82000732421875,345.5,73.27911376953125,-4.126220703125,108112
1717.0,478.2842102050781,462.9599609375,477.01995849609375,480.77996826171875,345.67498779296875,73.20372009277344,-3.984222412109375,108112
1718.0,478.8190612792969,462.77996826171875,477.44000244140625,481.05999755859375,345.5999755859375,73.25076293945312,-4.199066162109375,108112
1719.0,478.6490173339844,463.0,477.260009765625,481.01995849609375,345.5199890136719,73.14612579345703,-4.389007568359375,108112
1720.0,478.3404846191406,463.32000732421875,476.9599609375,480.65997314453125,345.44000244140625,73.05784606933594,-4.100494384765625,108112
1721.0,477.91900634765625,463.219970703125,476.55999755859375,480.29998779296875,345.4599914550781,73.00374603271484,-3.9990234375,108112
1722.0,478.3374938964844,463.01995849609375,476.8800048828125,480.39996337890625,345.41497802734375,73.06885528564453,-4.197479248046875,108112
1723.0,478.6983947753906,463.20001220703125,477.17999267578125,480.97998046875,345.5,73.05619049072266,-4.358428955078125,108112
1724.0,478.71929931640625,463.27996826171875,477.32000732421875,481.01995849609375,345.4599914550781,73.1204605102539,-4.25933837890625,108112
1725.0,478.1964416503906,463.39996337890625,477.01995849609375,480.20001220703125,345.4949951171875,73.16596984863281,-3.836456298828125,108112
1726.0,478.3343811035156,463.6199951171875,476.9599609375,480.15997314453125,345.5149841308594,73.08580017089844,-3.994415283203125,108112
1727.0,478.6242370605469,463.32000732421875,477.1089782714844,480.47998046875,345.3800048828125,73.16022491455078,-4.244232177734375,108112
1728.0,478.4732971191406,463.6199951171875,477.239990234375,480.6199951171875,345.2349853515625,73.22730255126953,-3.973297119140625,108112
1729.0,478.3592834472656,463.58001708984375,477.1199951171875,480.70001220703125,345.2599792480469,73.21558380126953,-4.039276123046875,108112
1730.0,478.7119445800781,463.53997802734375,477.39996337890625,480.77996826171875,345.3199768066406,73.35951232910156,-4.111968994140625,108112
1731.0,478.4198303222656,463.51995849609375,477.1400146484375,480.5,345.7799987792969,73.183837890625,-3.999847412109375,108112
1732.0,478.1681823730469,463.739990234375,477.05999755859375,480.3800048828125,345.3599853515625,73.1891860961914,-3.788177490234375,108112
1733.0,478.7141418457031,463.47998046875,477.3689880371094,480.5999755859375,345.55999755859375,73.05152893066406,-4.114166259765625,108112
1734.0,478.4931945800781,463.239990234375,477.0889892578125,480.6400146484375,345.7549743652344,72.93705749511719,-4.253204345703125,108112
1735.0,478.9579162597656,463.39996337890625,477.4599609375,481.05999755859375,345.44000244140625,73.12548828125,-4.417938232421875,108112
1736.0,478.96875,463.4599609375,477.58001708984375,481.3800048828125,345.5799865722656,73.13613891601562,-4.3687744140625,108112
1737.0,478.4210205078125,463.32000732421875,477.239990234375,481.05999755859375,345.594970703125,73.29774475097656,-4.06103515625,108112
1738.0,478.4232482910156,463.3599853515625,477.29998779296875,481.20001220703125,345.2349853515625,73.2606201171875,-4.043243408203125,108112
1739.0,478.7283935546875,463.1300048828125,477.3800048828125,481.0,345.2349853515625,73.33325958251953,-4.18841552734375,108112
1740.0,478.7835693359375,463.0899963378906,477.3599853515625,481.03997802734375,345.53997802734375,73.22258758544922,-4.22357177734375,108112
1741.0,477.4703063964844,463.17999267578125,476.3800048828125,479.82000732421875,345.8149719238281,72.95610809326172,-3.750335693359375,108112
1742.0,477.45782470703125,463.27996826171875,476.3800048828125,479.70001220703125,345.67999267578125,73.03605651855469,-3.71783447265625,108112
1743.0,477.9106750488281,463.3399658203125,476.6199951171875,480.3399658203125,345.9599914550781,73.02741241455078,-3.990692138671875,108112
1744.0,478.26214599609375,463.32000732421875,476.82000732421875,480.5,345.8199768066406,73.14053344726562,-4.28216552734375,108112
1745.0,479.2005615234375,463.5999755859375,477.58001708984375,481.58001708984375,345.8999938964844,73.23340606689453,-4.66058349609375,108112
1746.0,479.202392578125,463.5999755859375,477.70001220703125,481.65997314453125,345.7200012207031,73.41728210449219,-4.64239501953125,108112
1747.0,479.05877685546875,463.739990234375,477.6199951171875,481.5999755859375,345.739990234375,73.40484619140625,-4.45880126953125,108112
1748.0,478.6291809082031,463.5999755859375,477.260009765625,481.0999755859375,345.8199768066406,73.29035186767578,-4.169219970703125,108112
1749.0,478.9150085449219,463.51995849609375,477.4599609375,481.05999755859375,345.8199768066406,73.16253662109375,-4.355010986328125,108112
1750.0,479.08026123046875,463.58001708984375,477.70001220703125,481.55999755859375,345.79498291015625,73.14598083496094,-4.520263671875,108112
1751.0,478.9452209472656,463.3800048828125,477.6400146484375,481.3800048828125,345.3399963378906,73.33334350585938,-4.385223388671875,108112
1752.0,479.38128662109375,463.20001220703125,477.7889709472656,481.58001708984375,345.29998779296875,73.28673553466797,-4.66131591796875,108112
1753.0,479.9804382324219,463.41998291015625,478.15997314453125,482.53997802734375,345.2200012207031,73.31304931640625,-5.180450439453125,108112
1754.0,479.8522033691406,463.41998291015625,478.05999755859375,482.3599853515625,345.6549987792969,73.16587829589844,-5.212188720703125,108112
1755.0,479.5666809082031,463.27996826171875,477.8599853515625,482.17999267578125,345.5799865722656,73.05426025390625,-5.106719970703125,108112
1756.0,478.85479736328125,463.3599853515625,477.58001708984375,481.8800048828125,345.29998779296875,72.94546508789062,-4.63482666015625,108112
1757.0,478.7752685546875,463.6400146484375,477.51995849609375,481.65997314453125,345.094970703125,72.98443603515625,-4.47528076171875,108112
1758.0,478.978759765625,463.65997314453125,477.739990234375,481.8800048828125,345.239990234375,72.95807647705078,-4.498779296875,108112
1759.0,479.3283996582031,463.70001220703125,477.91998291015625,481.82000732421875,345.41998291015625,72.98018646240234,-4.49041748046875,108112
1760.0,479.75030517578125,463.9599609375,478.27996826171875,482.239990234375,345.2799987792969,73.22969818115234,-4.5703125,108112
1761.0,479.6921081542969,463.89996337890625,478.3399658203125,482.32000732421875,345.0999755859375,73.30611419677734,-4.552093505859375,108112
1762.0,480.0872497558594,463.8599853515625,478.6199951171875,482.77996826171875,344.8800048828125,73.35328674316406,-4.847259521484375,108112
1763.0,479.807861328125,463.91998291015625,478.3599853515625,482.29779052734375,345.03997802734375,73.38809204101562,-4.76788330078125,108112
1764.0,479.89892578125,463.77996826171875,478.27996826171875,482.39776611328125,345.3800048828125,73.24378204345703,-4.89892578125,108112
1765.0,479.6910095214844,463.5999755859375,478.1199951171875,482.01995849609375,345.3800048828125,73.13937377929688,-4.571014404296875,108112
1766.0,479.15460205078125,463.44000244140625,477.77996826171875,481.58001708984375,345.7799987792969,72.95650482177734,-4.3746337890625,108112
1767.0,478.1499938964844,463.5999755859375,476.9599609375,480.5999755859375,345.5199890136719,72.93923950195312,-3.910003662109375,108112
1768.0,478.5523986816406,463.65997314453125,477.29998779296875,480.82000732421875,345.41998291015625,73.1809310913086,-3.972381591796875,108112
1769.0,479.2975769042969,463.6400146484375,477.77996826171875,481.47998046875,345.375,73.35847473144531,-4.377593994140625,108112
1770.0,478.8282470703125,463.53997802734375,477.6400146484375,481.1400146484375,345.6549987792969,73.20182037353516,-3.98828125,108112
1771.0,478.60467529296875,463.39996337890625,477.47998046875,480.70001220703125,345.8199768066406,73.1830825805664,-3.96466064453125,108112
1772.0,477.8177185058594,463.41998291015625,476.91998291015625,480.15997314453125,345.91998291015625,73.00230407714844,-3.657745361328125,108112
1773.0,477.7651672363281,463.51995849609375,476.739990234375,480.15777587890625,345.8949890136719,72.9773941040039,-3.645172119140625,108112
1774.0,477.9102783203125,463.53997802734375,476.82000732421875,480.239990234375,346.1549987792969,73.04391479492188,-3.6702880859375,108112
1775.0,477.87152099609375,463.739990234375,476.8399658203125,480.44000244140625,346.1600036621094,73.01750183105469,-3.571533203125,108112
1776.0,478.1234436035156,463.760009765625,476.82000732421875,480.4599609375,346.3599853515625,72.83737182617188,-3.923431396484375,108112
1777.0,478.63909912109375,463.70001220703125,477.3399658203125,481.17999267578125,346.0,73.00138092041016,-4.15911865234375,108112
1778.0,478.2320861816406,463.89996337890625,477.0,480.51995849609375,345.6399841308594,73.21392822265625,-3.952117919921875,108112
1779.0,478.9604187011719,463.8599853515625,477.3800048828125,481.219970703125,346.17498779296875,73.1452407836914,-4.520416259765625,108112
1780.0,479.4100341796875,463.6400146484375,477.739990234375,481.91998291015625,345.97998046875,73.23565673828125,-4.9300537109375,108112
1781.0,479.1110534667969,463.91998291015625,477.47998046875,481.1400146484375,346.0,73.28931427001953,-4.491058349609375,108112
1782.0,477.9403076171875,463.91998291015625,476.8800048828125,480.260009765625,346.3349914550781,73.02799987792969,-3.78033447265625,108112
1783.0,478.6497802734375,463.67999267578125,477.260009765625,480.79998779296875,346.0,73.13194274902344,-4.269775390625,108112
1784.0,479.1695861816406,463.739990234375,477.6400146484375,481.65997314453125,345.7799987792969,73.14239501953125,-4.629608154296875,108112
1785.0,479.6080322265625,463.82000732421875,478.1400146484375,482.2578125,345.8199768066406,73.26765441894531,-4.66802978515625,108112
1786.0,479.5027160644531,463.79998779296875,478.0999755859375,481.79998779296875,345.8349914550781,73.37218475341797,-4.322723388671875,108112
1787.0,479.5247497558594,464.03997802734375,478.08001708984375,481.67999267578125,345.7349853515625,73.47896575927734,-4.344757080078125,108112
1788.0,479.48583984375,463.739990234375,477.94000244140625,481.739990234375,345.4949951171875,73.55937957763672,-4.42584228515625,108112
1789.0,479.0404968261719,463.55999755859375,477.6289978027344,481.3399658203125,345.6399841308594,73.42247009277344,-4.200531005859375,108112
1790.0,478.52813720703125,463.58001708984375,477.3399658203125,480.8399658203125,346.094970703125,73.28792572021484,-3.84814453125,108112
1791.0,478.923095703125,463.4599609375,477.44000244140625,481.1199951171875,346.114990234375,73.23253631591797,-4.24310302734375,108112
1792.0,478.7475891113281,463.55999755859375,477.51995849609375,480.97998046875,345.9599914550781,73.10655212402344,-4.087615966796875,108112
1793.0,479.3054504394531,463.6199951171875,477.8399658203125,481.55999755859375,345.4599914550781,73.36434173583984,-4.445465087890625,108112
1794.0,479.3434143066406,463.760009765625,477.89996337890625,481.55780029296875,345.6399841308594,73.2904281616211,-4.383453369140625,108112
1795.0,479.1549377441406,463.6199951171875,477.82000732421875,481.4599609375,345.7349853515625,73.1893310546875,-4.294952392578125,108112
1796.0,478.6312561035156,463.58001708984375,477.53997802734375,480.82000732421875,345.97998046875,73.16195678710938,-3.831268310546875,108112
1797.0,478.9225158691406,463.65997314453125,477.77996826171875,481.1400146484375,346.05999755859375,73.18972778320312,-3.902557373046875,108112
1798.0,478.6481628417969,463.739990234375,477.6400146484375,481.08001708984375,346.2799987792969,72.94377899169922,-3.668182373046875,108112
1799.0,478.8706970214844,464.1400146484375,477.82000732421875,481.239990234375,345.7549743652344,73.27228546142578,-3.730682373046875,108112
1800.0,478.85369873046875,464.3599853515625,477.79998779296875,481.15997314453125,346.0149841308594,73.33404541015625,-3.73370361328125,108112
1801.0,479.84881591796875,464.20001220703125,478.39996337890625,481.977783203125,345.53997802734375,73.46516418457031,-4.328857421875,108112
1802.0,479.2634582519531,464.15997314453125,477.97998046875,481.29998779296875,345.5999755859375,73.37399291992188,-4.123443603515625,108112
1803.0,478.8393249511719,464.29998779296875,477.65997314453125,480.91998291015625,345.6999816894531,73.28817749023438,-3.939361572265625,108112
1804.0,478.1453552246094,464.1199951171875,477.1199951171875,480.3800048828125,345.93499755859375,73.11626434326172,-3.745391845703125,108112
1805.0,478.89080810546875,464.05999755859375,477.65997314453125,481.32000732421875,346.0799865722656,73.20545196533203,-4.01080322265625,108112
1806.0,478.9599914550781,463.89996337890625,477.6400146484375,481.70001220703125,346.2799987792969,73.14791870117188,-4.199981689453125,108112
1807.0,478.19708251953125,463.6400146484375,477.0,480.89996337890625,346.3999938964844,72.92960357666016,-3.9171142578125,108112
1808.0,477.8145751953125,463.739990234375,476.82000732421875,480.44000244140625,346.239990234375,72.95978546142578,-3.61456298828125,108112
1809.0,478.5068054199219,463.94000244140625,477.3399658203125,480.9599609375,346.239990234375,73.1325912475586,-3.966827392578125,108112
1810.0,478.89031982421875,463.739990234375,477.58001708984375,481.27996826171875,346.17999267578125,73.25090026855469,-4.17034912109375,108112
1811.0,478.05316162109375,463.55999755859375,476.97998046875,480.89996337890625,346.3349914550781,72.90184783935547,-3.8531494140625,108112
1812.0,477.39154052734375,463.65997314453125,476.3800048828125,479.94000244140625,346.6399841308594,72.6829833984375,-3.591552734375,108112
1813.0,477.85272216796875,463.53997802734375,476.6400146484375,480.1400146484375,346.3399963378906,72.71614837646484,-3.832763671875,108112
1814.0,478.1796569824219,463.6199951171875,477.0,480.739990234375,346.3599853515625,72.92909240722656,-3.821685791015625,108112
1815.0,478.3503723144531,463.719970703125,477.15997314453125,480.47998046875,345.91998291015625,73.11539459228516,-3.870391845703125,108112
1816.0,478.6121520996094,464.01995849609375,477.39996337890625,480.67999267578125,345.6399841308594,73.2312240600586,-3.952178955078125,108112
1817.0,478.7292785644531,463.91998291015625,477.47998046875,481.03997802734375,345.97998046875,73.13136291503906,-4.069305419921875,108112
1818.0,479.47454833984375,463.9599609375,477.97998046875,481.77996826171875,345.8800048828125,73.34955596923828,-4.4345703125,108112
1819.0,480.0282287597656,463.91998291015625,478.3399658203125,482.29998779296875,345.78997802734375,73.35295867919922,-4.728240966796875,108112
1820.0,480.40802001953125,463.8299865722656,478.79998779296875,482.91998291015625,345.7599792480469,73.08639526367188,-4.94805908203125,108112
1821.0,480.2977600097656,463.9599609375,478.5,482.5,345.7200012207031,73.23226928710938,-5.017791748046875,108112
1822.0,479.7159729003906,463.89996337890625,478.17999267578125,481.79998779296875,345.8199768066406,73.24199676513672,-4.475982666015625,108112
1823.0,479.8737487792969,464.03997802734375,478.260009765625,481.89996337890625,345.8349914550781,73.26533508300781,-4.453765869140625,108112
1824.0,479.7176208496094,464.05999755859375,478.1400146484375,481.8399658203125,345.94000244140625,73.22268676757812,-4.497650146484375,108112
1825.0,479.2481994628906,463.94000244140625,477.79998779296875,481.47998046875,345.79998779296875,73.2331314086914,-4.288238525390625,108112
1826.0,479.6436462402344,463.77996826171875,478.1400146484375,481.760009765625,346.03997802734375,73.11814880371094,-4.443634033203125,108112
1827.0,479.4124450683594,463.94000244140625,478.0999755859375,481.6400146484375,345.8800048828125,73.2356948852539,-4.192474365234375,108112
1828.0,479.5914001464844,463.8800048828125,478.20001220703125,482.07781982421875,345.6299743652344,73.3219985961914,-4.353424072265625,108112
1829.0,480.1703796386719,463.5999755859375,478.5690002441406,482.58001708984375,345.6399841308594,73.33363342285156,-4.692413330078125,108112
1830.0,480.3433837890625,463.51995849609375,478.760009765625,482.77996826171875,345.8999938964844,73.3670425415039,-4.723388671875,108112
1831.0,480.4320983886719,463.70001220703125,478.79998779296875,482.79998779296875,345.6199951171875,73.58018493652344,-4.752105712890625,108112
1832.0,480.2673034667969,463.78997802734375,478.65997314453125,482.39776611328125,345.67498779296875,73.60370635986328,-4.547332763671875,108112
1833.0,479.9981384277344,463.79998779296875,478.55999755859375,482.0999755859375,345.8800048828125,73.43694305419922,-4.378143310546875,108112
1834.0,480.2481994628906,464.0,478.719970703125,482.8377685546875,346.04998779296875,73.43987274169922,-4.648223876953125,108112
1835.0,479.7961730957031,463.91998291015625,478.44000244140625,482.32000732421875,345.9599914550781,73.39984130859375,-4.296173095703125,108112
1836.0,479.5245361328125,463.79998779296875,478.1289978027344,481.82000732421875,346.44000244140625,73.2253646850586,-4.3045654296875,108112
1837.0,479.30389404296875,464.27996826171875,477.89996337890625,481.739990234375,346.29998779296875,73.29147338867188,-4.283935546875,108112
1838.0,479.4313049316406,463.94000244140625,477.91998291015625,482.01995849609375,346.17999267578125,73.22882080078125,-4.511322021484375,108112
1839.0,478.98583984375,463.8399658203125,477.6199951171875,481.3800048828125,346.1949768066406,73.18360137939453,-4.28582763671875,108112
1840.0,478.34820556640625,463.94000244140625,477.32000732421875,480.8800048828125,346.17999267578125,73.07964324951172,-3.72821044921875,108112
1841.0,479.383056640625,463.67999267578125,478.03997802734375,481.67999267578125,345.7149963378906,73.33820343017578,-4.20306396484375,108112
1842.0,479.8034973144531,463.82000732421875,478.39996337890625,482.1400146484375,345.8599853515625,73.4027328491211,-4.343536376953125,108112
1843.0,479.4745788574219,464.0,478.08001708984375,481.65997314453125,345.53997802734375,73.4761734008789,-4.214569091796875,108112
1844.0,479.6490478515625,464.08001708984375,478.219970703125,481.739990234375,345.47998046875,73.66905975341797,-4.1490478515625,108112
1845.0,479.87640380859375,463.9599609375,478.3800048828125,481.94000244140625,345.5149841308594,73.72137451171875,-4.3564453125,108112
1846.0,479.9690856933594,463.760009765625,478.32000732421875,481.89996337890625,345.6399841308594,73.70587158203125,-4.509124755859375,108112
1847.0,479.47186279296875,463.760009765625,477.97998046875,481.3599853515625,345.8599853515625,73.43373107910156,-4.37188720703125,108112
1848.0,479.3822937011719,463.97998046875,478.0,481.3599853515625,345.7599792480469,73.42317962646484,-4.202301025390625,108112
1849.0,478.39862060546875,463.8399658203125,477.32000732421875,480.70001220703125,346.29998779296875,73.0338363647461,-3.7386474609375,108112
1850.0,478.9066162109375,464.0,477.8399658203125,481.29998779296875,346.239990234375,73.11038970947266,-3.9066162109375,108112
1851.0,478.4812316894531,463.91998291015625,477.47998046875,480.8800048828125,346.53997802734375,73.06301879882812,-3.721221923828125,108112
1852.0,478.9998474121094,463.97998046875,477.8599853515625,481.70001220703125,346.3999938964844,73.07872009277344,-4.039886474609375,108112
1853.0,477.81488037109375,464.17999267578125,477.05999755859375,480.739990234375,346.114990234375,73.09691619873047,-3.33489990234375,108112
1854.0,478.6392822265625,464.08001708984375,477.3399658203125,480.94000244140625,346.1199951171875,73.17627716064453,-3.999267578125,108112
1855.0,479.0888671875,463.97998046875,477.79998779296875,481.41998291015625,345.8599853515625,73.35953521728516,-4.00885009765625,108112
1856.0,478.5027770996094,463.79998779296875,477.39996337890625,480.79998779296875,346.44000244140625,73.06752014160156,-3.722808837890625,108112
1857.0,478.0934143066406,463.70001220703125,476.8599853515625,480.39996337890625,346.6349792480469,72.84829711914062,-3.793426513671875,108112
1858.0,478.1723937988281,463.6400146484375,477.01995849609375,480.58001708984375,346.79998779296875,72.96796417236328,-3.712432861328125,108112
1859.0,478.783447265625,463.8599853515625,477.5,480.89996337890625,346.43499755859375,73.23529815673828,-3.9434814453125,108112
1860.0,479.1518249511719,463.8599853515625,477.58001708984375,481.41998291015625,346.1999816894531,73.4192123413086,-4.351837158203125,108112
1861.0,479.6829528808594,463.9599609375,478.03997802734375,481.760009765625,346.3199768066406,73.32438659667969,-4.522979736328125,108112
1862.0,479.54473876953125,463.77996826171875,478.08001708984375,481.5999755859375,346.5199890136719,73.1977767944336,-4.2647705078125,108112
1863.0,478.5437927246094,463.760009765625,477.44000244140625,480.739990234375,346.91497802734375,72.77649688720703,-3.743804931640625,108112
1864.0,478.7023010253906,463.82000732421875,477.44000244140625,480.82000732421875,346.3800048828125,73.05447387695312,-3.822296142578125,108112
1865.0,478.7219543457031,463.739990234375,477.50897216796875,480.8800048828125,346.55999755859375,73.02194213867188,-3.821990966796875,108112
1866.0,478.59661865234375,463.58001708984375,477.260009765625,480.8599853515625,346.8199768066406,72.83708190917969,-3.95660400390625,108112
1867.0,478.3122253417969,463.65997314453125,477.17999267578125,480.5,347.05999755859375,72.83802795410156,-3.712249755859375,108112
1868.0,478.7590026855469,463.65997314453125,477.47998046875,480.8800048828125,347.17999267578125,72.87078094482422,-3.938995361328125,108112
1869.0,478.757568359375,463.5,477.41998291015625,480.79998779296875,347.0799865722656,72.8680648803711,-4.07757568359375,108112
1870.0,479.19171142578125,463.6199951171875,477.76898193359375,481.1378173828125,346.8999938964844,73.01570892333984,-4.19171142578125,108112
1871.0,479.4059753417969,463.65997314453125,477.97998046875,481.239990234375,346.8800048828125,73.0992202758789,-4.246002197265625,108112
1872.0,479.6645202636719,463.79998779296875,478.17999267578125,481.6400146484375,346.79998779296875,73.26927947998047,-4.384552001953125,108112
1873.0,479.86474609375,463.6400146484375,478.29998779296875,481.9599609375,346.55999755859375,73.3935775756836,-4.44476318359375,108112
1874.0,480.0951843261719,463.760009765625,478.4599609375,482.15997314453125,346.44000244140625,73.356689453125,-4.595184326171875,108112
1875.0,479.1566162109375,463.67999267578125,477.82000732421875,481.19781494140625,346.594970703125,73.13570404052734,-4.0166015625,108112
1876.0,478.8879089355469,464.1199951171875,477.77996826171875,480.9599609375,346.8399963378906,73.15572357177734,-3.767913818359375,108112
1877.0,479.5963439941406,463.8800048828125,478.08001708984375,481.8800048828125,346.79998779296875,73.07855987548828,-4.396331787109375,108112
1878.0,479.942138671875,463.8599853515625,478.26898193359375,482.44000244140625,346.8800048828125,73.21878051757812,-4.74212646484375,108112
1879.0,479.99908447265625,463.77996826171875,478.27996826171875,482.41998291015625,346.6199951171875,73.29231262207031,-4.77911376953125,108112
1880.0,480.19927978515625,463.97998046875,478.41998291015625,482.39996337890625,346.3800048828125,73.35490417480469,-4.779296875,108112
1881.0,480.1268615722656,463.8599853515625,478.219970703125,482.3800048828125,346.3599853515625,73.16242980957031,-4.9688720703125,108112
1882.0,480.00164794921875,463.719970703125,478.3289794921875,482.3599853515625,346.1199951171875,73.27645874023438,-4.88165283203125,108112
1883.0,479.8195495605469,463.58001708984375,478.219970703125,482.0,346.0,73.1806411743164,-4.759552001953125,108112
1884.0,480.3122863769531,463.53997802734375,478.5889892578125,482.5,345.8399963378906,73.37984466552734,-4.912322998046875,108112
1885.0,479.92999267578125,463.51995849609375,478.3399658203125,482.1400146484375,346.2599792480469,73.27143096923828,-4.57000732421875,108112
1886.0,480.0695495605469,463.44000244140625,478.51995849609375,482.15997314453125,346.6999816894531,73.0472412109375,-4.549591064453125,108112
1887.0,479.01007080078125,463.89996337890625,477.70001220703125,481.17999267578125,346.7149963378906,73.03445434570312,-4.13006591796875,108112
1888.0,479.21514892578125,463.67999267578125,477.760009765625,481.3800048828125,346.5199890136719,73.09554290771484,-4.275146484375,108112
1889.0,479.0191345214844,463.44000244140625,477.739990234375,481.1199951171875,346.6600036621094,72.97418212890625,-4.119171142578125,108112
1890.0,479.1207580566406,463.719970703125,477.65997314453125,481.32000732421875,346.5999755859375,72.94612884521484,-4.240753173828125,108112
1891.0,478.3724670410156,463.65997314453125,477.1400146484375,480.41998291015625,346.5,72.90360260009766,-3.912506103515625,108112
1892.0,478.97216796875,463.8399658203125,477.6400146484375,481.17999267578125,346.67999267578125,72.9857177734375,-4.0921630859375,108112
1893.0,478.51153564453125,463.94000244140625,477.4599609375,480.8399658203125,346.5799865722656,72.98201751708984,-3.77154541015625,108112
1894.0,479.5876770019531,464.1199951171875,478.260009765625,481.5999755859375,346.47998046875,73.21920013427734,-4.207672119140625,108112
1895.0,479.77020263671875,464.0,478.32000732421875,481.79998779296875,345.9599914550781,73.46559143066406,-4.27020263671875,108112
1896.0,479.873046875,463.760009765625,478.27996826171875,481.8800048828125,346.2549743652344,73.43177032470703,-4.45306396484375,108112
1897.0,479.81793212890625,463.5,478.29998779296875,481.719970703125,346.4549865722656,73.31021118164062,-4.35797119140625,108112
1898.0,479.07196044921875,463.8599853515625,477.739990234375,481.32000732421875,346.67999267578125,72.9959945678711,-4.07196044921875,108112
1899.0,479.2819519042969,463.77996826171875,477.8800048828125,481.6199951171875,346.53997802734375,72.8545913696289,-4.241973876953125,108112
1900.0,480.0621643066406,463.77996826171875,478.4599609375,482.20001220703125,346.41497802734375,72.87894439697266,-4.622161865234375,108112
1901.0,479.2064208984375,463.739990234375,477.8800048828125,481.239990234375,346.739990234375,72.77210998535156,-4.14642333984375,108112
1902.0,478.8063659667969,463.8599853515625,477.739990234375,480.82000732421875,346.6349792480469,72.93782806396484,-3.826385498046875,108112
1903.0,479.0148620605469,463.5999755859375,477.82000732421875,481.17999267578125,346.8800048828125,72.937744140625,-3.914886474609375,108112
1904.0,479.1871643066406,463.6400146484375,477.9599609375,481.41998291015625,347.239990234375,72.85389709472656,-3.947174072265625,108112
1905.0,478.9851379394531,463.79998779296875,477.8399658203125,481.29998779296875,347.3599853515625,72.81327819824219,-3.765167236328125,108112
1906.0,478.904296875,463.9599609375,477.739990234375,481.1400146484375,347.53997802734375,72.71879577636719,-3.84429931640625,108112
1907.0,479.2760314941406,463.739990234375,477.8599853515625,481.55999755859375,347.3149719238281,72.74109649658203,-4.276031494140625,108112
1908.0,479.22332763671875,463.89996337890625,477.760009765625,481.27996826171875,347.0149841308594,72.87603759765625,-4.26336669921875,108112
1909.0,478.932373046875,464.0,477.6199951171875,481.08001708984375,347.0199890136719,72.8459243774414,-4.0523681640625,108112
1910.0,479.6303405761719,463.8800048828125,478.15997314453125,482.17999267578125,347.0149841308594,72.81682586669922,-4.570343017578125,108112
1911.0,479.3104553222656,463.8399658203125,478.15997314453125,482.0999755859375,346.9949951171875,72.68756103515625,-4.130462646484375,108112
1912.0,480.0096435546875,463.8599853515625,478.47998046875,482.47998046875,346.91998291015625,72.77201843261719,-4.551666259765625,108112
1913.0,480.3770751953125,463.58001708984375,478.760009765625,482.82000732421875,346.3599853515625,73.021728515625,-4.81707763671875,108112
1914.0,479.9697570800781,463.82000732421875,478.4599609375,482.219970703125,346.03997802734375,73.12025451660156,-4.491790771484375,108112
1915.0,479.8228454589844,464.08001708984375,478.47998046875,482.260009765625,345.9599914550781,73.19197082519531,-4.242828369140625,108112
1916.0,479.94287109375,463.89996337890625,478.58001708984375,482.219970703125,346.0999755859375,73.11014556884766,-4.3028564453125,108112
1917.0,479.690185546875,463.719970703125,478.41998291015625,481.77996826171875,346.4749755859375,72.84921264648438,-4.190185546875,108112
1918.0,479.6742858886719,463.91998291015625,478.51995849609375,482.260009765625,346.7799987792969,72.77803039550781,-4.054290771484375,108112
1919.0,479.06658935546875,463.8599853515625,478.08001708984375,481.65997314453125,346.8599853515625,72.60562133789062,-3.80657958984375,108112
1920.0,479.7524108886719,464.0,478.719970703125,482.29998779296875,347.0999755859375,72.7137680053711,-3.972442626953125,108112
1921.0,479.5045166015625,464.03997802734375,478.239990234375,481.65997314453125,346.8999938964844,72.77281951904297,-4.06451416015625,108112
1922.0,479.7329406738281,464.01995849609375,478.4599609375,481.91998291015625,346.67999267578125,72.92488098144531,-4.072967529296875,108112
1923.0,480.3904724121094,463.89996337890625,478.739990234375,482.6400146484375,346.3999938964844,73.14787292480469,-4.750457763671875,108112
1924.0,480.4039001464844,463.8399658203125,478.8599853515625,482.82000732421875,346.2799987792969,73.26724243164062,-4.703887939453125,108112
1925.0,480.1239318847656,463.94000244140625,478.58001708984375,482.58001708984375,346.17999267578125,73.3953857421875,-4.583953857421875,108112
1926.0,480.3688659667969,464.0,478.70001220703125,482.739990234375,346.1600036621094,73.34383392333984,-4.788848876953125,108112
1927.0,480.1850280761719,464.03997802734375,478.5999755859375,482.3399658203125,346.2749938964844,73.1767807006836,-4.705047607421875,108112
1928.0,480.0100402832031,463.94000244140625,478.39996337890625,482.15997314453125,346.094970703125,73.25012969970703,-4.652069091796875,108112
1929.0,479.4889831542969,463.9599609375,478.03997802734375,481.760009765625,345.9949951171875,73.26315307617188,-4.329010009765625,108112
1930.0,479.8770751953125,463.89996337890625,478.32000732421875,482.20001220703125,346.1199951171875,73.20621490478516,-4.47711181640625,108112
1931.0,479.42083740234375,463.8399658203125,477.94000244140625,481.719970703125,346.3999938964844,73.03974914550781,-4.380859375,108112
1932.0,479.0664978027344,463.760009765625,477.760009765625,481.239990234375,346.6349792480469,72.96973419189453,-4.086517333984375,108112
1933.0,478.61529541015625,464.01995849609375,477.3800048828125,480.82000732421875,346.91497802734375,72.81509399414062,-3.955322265625,108112
1934.0,479.68182373046875,464.1199951171875,478.15997314453125,481.91998291015625,346.7799987792969,72.80447387695312,-4.641845703125,108112
1935.0,480.252197265625,464.32000732421875,478.5999755859375,482.4599609375,346.44000244140625,73.1679458618164,-4.69219970703125,108112
1936.0,480.30902099609375,464.20001220703125,478.51995849609375,482.3599853515625,346.3199768066406,73.22232055664062,-4.72900390625,108112
1937.0,480.5089111328125,464.15997314453125,478.77996826171875,482.47998046875,346.5749816894531,73.34466552734375,-4.70892333984375,108112
1938.0,480.11029052734375,464.239990234375,478.53997802734375,482.1199951171875,346.3399963378906,73.37552642822266,-4.37030029296875,108112
1939.0,479.8192138671875,464.17999267578125,478.219970703125,481.9599609375,346.7149963378906,73.19740295410156,-4.459228515625,108112
1940.0,479.6119384765625,464.08001708984375,477.9599609375,481.79998779296875,346.9599914550781,72.91621398925781,-4.511962890625,108112
1941.0,480.024169921875,463.719970703125,478.41998291015625,482.27996826171875,346.54998779296875,73.11930084228516,-4.70416259765625,108112
1942.0,480.29437255859375,463.760009765625,478.39996337890625,482.5,346.239990234375,73.35417175292969,-4.93438720703125,108112
1943.0,479.6905517578125,463.6400146484375,478.05999755859375,481.9599609375,346.5199890136719,73.23737335205078,-4.550537109375,108112
1944.0,479.28680419921875,463.58001708984375,477.8800048828125,481.6199951171875,347.05999755859375,72.83541870117188,-4.30682373046875,108112
1945.0,479.4157409667969,463.53997802734375,477.94000244140625,481.97998046875,347.1600036621094,72.70720672607422,-4.535736083984375,108112
1946.0,479.3620910644531,463.4599609375,477.9599609375,482.17999267578125,347.0149841308594,72.79996490478516,-4.442108154296875,108112
1947.0,479.9678649902344,463.55999755859375,478.39996337890625,482.239990234375,346.7200012207031,73.1020736694336,-4.627899169921875,108112
1948.0,479.1666564941406,463.79998779296875,477.79998779296875,481.41998291015625,346.97998046875,72.82516479492188,-4.206695556640625,108112
1949.0,478.9423828125,463.8800048828125,477.739990234375,481.58001708984375,346.93499755859375,72.79753875732422,-4.00238037109375,108112
1950.0,478.8204040527344,463.719970703125,477.6400146484375,481.219970703125,346.8349914550781,72.8991470336914,-3.980438232421875,108112
1951.0,479.1600036621094,463.6400146484375,477.82000732421875,481.32000732421875,346.93499755859375,72.86711120605469,-4.240020751953125,108112
1952.0,479.44659423828125,463.8800048828125,478.01995849609375,481.53997802734375,346.7200012207031,73.00086975097656,-4.3665771484375,108112
1953.0,479.9075622558594,463.94000244140625,478.39996337890625,481.82000732421875,346.3999938964844,73.12776947021484,-4.487579345703125,108112
1954.0,480.2912902832031,463.8599853515625,478.65997314453125,482.3399658203125,346.5999755859375,73.15544128417969,-4.651275634765625,108112
1955.0,480.43121337890625,463.77996826171875,478.67999267578125,482.58001708984375,346.7200012207031,73.0976791381836,-4.93121337890625,108112
1956.0,480.69439697265625,463.94000244140625,478.89996337890625,483.1400146484375,346.67999267578125,73.26994323730469,-5.1143798828125,108112
1957.0,480.8084716796875,463.9599609375,479.03997802734375,483.20001220703125,346.6199951171875,73.26578521728516,-5.0684814453125,108112
1958.0,480.89520263671875,463.739990234375,479.1400146484375,483.239990234375,346.6600036621094,73.23194885253906,-5.115234375,108112
1959.0,480.91583251953125,463.65997314453125,479.3800048828125,483.55999755859375,346.7149963378906,73.22038269042969,-4.95587158203125,108112
1960.0,480.9820556640625,463.65997314453125,479.3399658203125,483.1400146484375,346.44000244140625,73.26280212402344,-4.842041015625,108112
1961.0,480.8583984375,463.44000244140625,479.32000732421875,482.739990234375,346.5199890136719,73.1490478515625,-4.55841064453125,108112
1962.0,480.4749755859375,463.6400146484375,479.1689758300781,482.4599609375,346.47998046875,73.21138000488281,-4.2149658203125,108112
1963.0,480.8601379394531,463.97998046875,479.32000732421875,482.91998291015625,346.5799865722656,73.3170166015625,-4.540130615234375,108112
1964.0,480.77032470703125,464.15997314453125,479.20001220703125,482.9599609375,345.94000244140625,73.57918548583984,-4.59033203125,108112
1965.0,480.8330383300781,464.0999755859375,479.14898681640625,483.08001708984375,346.05999755859375,73.60545349121094,-4.833038330078125,108112
1966.0,480.83074951171875,463.82000732421875,479.1400146484375,483.01995849609375,346.0199890136719,73.67707061767578,-4.770751953125,108112
1967.0,479.93524169921875,463.97998046875,478.50897216796875,481.9599609375,346.43499755859375,73.38072204589844,-4.21527099609375,108112
1968.0,479.8133544921875,464.08001708984375,478.44000244140625,482.05999755859375,346.7599792480469,73.01800537109375,-4.275390625,108112
1969.0,479.6199645996094,464.04998779296875,478.3399658203125,481.8399658203125,346.594970703125,73.02293395996094,-4.119964599609375,108112
1970.0,479.8409423828125,463.77996826171875,478.3399658203125,482.20001220703125,346.7599792480469,73.2261962890625,-4.3609619140625,108112
1971.0,479.3524475097656,463.97998046875,477.94000244140625,481.55999755859375,347.17498779296875,72.96479034423828,-4.152435302734375,108112
1972.0,479.1458740234375,464.03997802734375,478.0,481.3599853515625,347.0,72.94996643066406,-3.84588623046875,108112
1973.0,479.64361572265625,463.8599853515625,478.20001220703125,481.65997314453125,346.7749938964844,73.0509262084961,-4.24365234375,108112
1974.0,479.7708740234375,464.03997802734375,478.41998291015625,481.97998046875,346.85498046875,73.04447174072266,-4.07086181640625,108112
1975.0,480.1978454589844,464.219970703125,478.739990234375,482.47998046875,346.6399841308594,73.31672668457031,-4.317840576171875,108112
1976.0,480.0545959472656,464.32000732421875,478.70001220703125,482.3399658203125,346.53997802734375,73.30218505859375,-4.134613037109375,108112
1977.0,480.2149658203125,464.65997314453125,478.8800048828125,482.3800048828125,346.03997802734375,73.52812957763672,-4.05499267578125,108112
1978.0,480.5693664550781,464.4599609375,478.94000244140625,482.6199951171875,345.7200012207031,73.63874053955078,-4.649383544921875,108112
1979.0,480.89923095703125,464.32000732421875,479.219970703125,483.1400146484375,345.8800048828125,73.54804229736328,-4.7392578125,108112
1980.0,480.27606201171875,464.51995849609375,478.8599853515625,482.51995849609375,346.17498779296875,73.41495513916016,-4.3360595703125,108112
1981.0,480.2863464355469,464.260009765625,478.8089904785156,482.53997802734375,346.1399841308594,73.3401870727539,-4.466339111328125,108112
1982.0,480.14984130859375,464.15997314453125,478.70001220703125,482.20001220703125,346.1600036621094,73.26040649414062,-4.40985107421875,108112
1983.0,479.65411376953125,464.44000244140625,478.41998291015625,481.719970703125,346.0999755859375,73.44258117675781,-3.97412109375,108112
1984.0,479.9234619140625,464.51995849609375,478.51995849609375,482.1199951171875,346.29998779296875,73.51439666748047,-4.26348876953125,108112
1985.0,480.34674072265625,464.55999755859375,478.79998779296875,482.8599853515625,345.9599914550781,73.73145294189453,-4.5667724609375,108112
1986.0,480.91387939453125,464.44000244140625,479.15997314453125,483.3599853515625,346.03497314453125,73.87081146240234,-4.8338623046875,108112
1987.0,480.4362487792969,464.219970703125,478.8399658203125,482.7578125,346.3599853515625,73.6308364868164,-4.556243896484375,108112
1988.0,479.5909118652344,464.219970703125,478.219970703125,481.65997314453125,346.5,73.31705474853516,-4.130950927734375,108112
1989.0,479.2171325683594,464.39996337890625,477.89996337890625,481.17999267578125,346.53997802734375,73.1988296508789,-3.977142333984375,108112
1990.0,480.1177978515625,464.6199951171875,478.51995849609375,482.3399658203125,346.2799987792969,73.3348617553711,-4.497802734375,108112
1991.0,480.4059143066406,464.6400146484375,478.8599853515625,482.91998291015625,346.41998291015625,73.385986328125,-4.725921630859375,108112
1992.0,480.56756591796875,464.65997314453125,478.9599609375,483.20001220703125,346.47998046875,73.4019546508789,-4.82757568359375,108112
1993.0,480.3457336425781,464.3399658203125,478.8800048828125,482.89996337890625,346.55999755859375,73.27017974853516,-4.585723876953125,108112
1994.0,480.1627197265625,464.260009765625,478.8399658203125,482.977783203125,347.0149841308594,73.07693481445312,-4.522705078125,108112
1995.0,479.80877685546875,463.91998291015625,478.51995849609375,482.47998046875,347.2599792480469,72.8771743774414,-4.42877197265625,108112
1996.0,479.8696594238281,464.1199951171875,478.51995849609375,482.760009765625,346.97998046875,72.88121795654297,-4.489654541015625,108112
1997.0,479.9560241699219,464.29998779296875,478.5999755859375,482.55999755859375,346.67999267578125,73.10417938232422,-4.356048583984375,108112
1998.0,480.1056823730469,464.15997314453125,478.77996826171875,482.55999755859375,346.8949890136719,73.05781555175781,-4.345672607421875,108112
1999.0,479.9544677734375,464.32000732421875,478.719970703125,482.5,346.6349792480469,73.07791137695312,-4.1944580078125,108112
2000.0,479.5397644042969,464.6199951171875,478.44000244140625,482.0,346.6949768066406,73.11092376708984,-3.901763916015625,108112
2001.0,480.36767578125,464.32000732421875,479.05999755859375,482.8599853515625,346.29498291015625,73.32432556152344,-4.28765869140625,108112
2002.0,480.7635803222656,464.15997314453125,479.27996826171875,483.27996826171875,346.1199951171875,73.32624816894531,-4.563568115234375,108112
2003.0,480.9712829589844,464.15997314453125,479.44000244140625,483.4599609375,346.05499267578125,73.48827362060547,-4.611297607421875,108112
2004.0,481.3011169433594,464.260009765625,479.739990234375,483.53997802734375,345.7549743652344,73.62626647949219,-4.661102294921875,108112
2005.0,480.5284423828125,464.6199951171875,479.1400146484375,483.03997802734375,346.1549987792969,73.44322204589844,-4.34844970703125,108112
2006.0,480.53277587890625,464.760009765625,479.27996826171875,483.17779541015625,345.79998779296875,73.48193359375,-4.2528076171875,108112
2007.0,480.01904296875,464.739990234375,478.65997314453125,482.260009765625,346.1549987792969,73.3859634399414,-4.1390380859375,108112
2008.0,480.1925964355469,464.6400146484375,478.94000244140625,482.32000732421875,346.29498291015625,73.33139038085938,-4.072601318359375,108112
2009.0,480.3067626953125,464.4599609375,478.760009765625,482.27996826171875,346.7599792480469,73.22423553466797,-4.44677734375,108112
2010.0,480.3358459472656,464.3800048828125,478.9089660644531,482.3800048828125,346.6999816894531,73.42179870605469,-4.295867919921875,108112
2011.0,479.95501708984375,464.27996826171875,478.6199951171875,482.15997314453125,346.7599792480469,73.27674102783203,-4.175048828125,108112
2012.0,479.5879211425781,464.47998046875,478.29998779296875,482.05999755859375,346.6600036621094,73.15158081054688,-4.127960205078125,108112
2013.0,479.8323669433594,464.3800048828125,478.44000244140625,482.20001220703125,346.8999938964844,73.21622467041016,-4.312408447265625,108112
2014.0,479.86212158203125,464.29998779296875,478.39996337890625,482.17999267578125,346.6399841308594,73.24502563476562,-4.36212158203125,108112
2015.0,480.1784362792969,464.27996826171875,478.58001708984375,482.4599609375,346.6600036621094,73.20541381835938,-4.498443603515625,108112
2016.0,479.9947509765625,464.08001708984375,478.5,482.29998779296875,347.0749816894531,73.1142807006836,-4.43475341796875,108112
2017.0,479.41455078125,464.05999755859375,478.05999755859375,481.67779541015625,347.2200012207031,72.8421859741211,-4.174560546875,108112
2018.0,479.1356201171875,464.27996826171875,477.8800048828125,481.6199951171875,347.1600036621094,72.76374053955078,-4.1356201171875,108112
2019.0,478.4391174316406,464.05999755859375,477.3800048828125,481.0999755859375,346.8800048828125,72.74774932861328,-3.739105224609375,108112
2020.0,479.3695983886719,463.91998291015625,477.82000732421875,481.79998779296875,346.94000244140625,72.92450714111328,-4.549591064453125,108112
2021.0,480.0528869628906,463.77996826171875,478.3599853515625,482.3800048828125,346.6600036621094,73.04125213623047,-4.812896728515625,108112
2022.0,480.2641906738281,464.239990234375,478.55999755859375,482.3800048828125,346.5749816894531,73.15583801269531,-4.744232177734375,108112
2023.0,480.16168212890625,464.27996826171875,478.5999755859375,482.32000732421875,346.5799865722656,73.15052795410156,-4.6217041015625,108112
2024.0,480.59027099609375,464.17999267578125,479.0,483.01995849609375,346.614990234375,73.13861083984375,-4.6903076171875,108112
2025.0,480.6414489746094,464.260009765625,479.1199951171875,483.260009765625,346.6999816894531,73.0385971069336,-4.661468505859375,108112
2026.0,481.05694580078125,464.1400146484375,479.6199951171875,483.8399658203125,346.6399841308594,73.13896179199219,-4.9969482421875,108112
2027.0,480.6854248046875,464.3599853515625,479.3599853515625,483.260009765625,346.3149719238281,73.29610443115234,-4.58544921875,108112
2028.0,480.68896484375,464.15997314453125,479.219970703125,483.260009765625,346.1999816894531,73.30913543701172,-4.68896484375,108112
2029.0,480.5083923339844,464.20001220703125,479.05999755859375,482.79998779296875,346.3399963378906,73.28263092041016,-4.448394775390625,108112
2030.0,479.77911376953125,464.55999755859375,478.39996337890625,482.0,346.7149963378906,73.17970275878906,-4.2391357421875,108112
2031.0,479.6707763671875,464.51995849609375,478.27996826171875,482.01995849609375,346.6999816894531,73.1588134765625,-4.290771484375,108112
2032.0,480.3764953613281,464.32000732421875,478.760009765625,482.760009765625,346.97998046875,73.05836486816406,-4.676483154296875,108112
2033.0,480.1265869140625,464.03997802734375,478.6400146484375,482.3800048828125,347.29498291015625,72.88719177246094,-4.4066162109375,108112
2034.0,479.8805236816406,464.20001220703125,478.55999755859375,482.0999755859375,347.3800048828125,72.85460662841797,-4.160552978515625,108112
2035.0,480.4216613769531,464.15997314453125,479.08001708984375,482.77996826171875,347.53497314453125,72.88729095458984,-4.321685791015625,108112
2036.0,479.49969482421875,464.219970703125,478.29998779296875,481.91998291015625,347.5199890136719,72.76795196533203,-3.979736328125,108112
2037.0,479.466552734375,464.0999755859375,478.239990234375,482.03997802734375,347.3999938964844,72.79974365234375,-4.04656982421875,108112
2038.0,478.998779296875,464.08001708984375,477.9599609375,481.6400146484375,347.6999816894531,72.47531127929688,-3.7587890625,108112
2039.0,479.10235595703125,464.27996826171875,478.08001708984375,482.05999755859375,347.67498779296875,72.54488372802734,-3.702392578125,108112
2040.0,479.9591979980469,464.47998046875,478.8800048828125,482.82000732421875,347.3800048828125,72.66030883789062,-3.979217529296875,108112
2041.0,479.2747802734375,464.32000732421875,478.260009765625,482.1199951171875,347.3949890136719,72.63801574707031,-3.83477783203125,108112
2042.0,479.69317626953125,464.41998291015625,478.6199951171875,482.41998291015625,347.0999755859375,72.82440185546875,-3.95318603515625,108112
2043.0,480.11962890625,464.41998291015625,478.8399658203125,482.8399658203125,347.2200012207031,72.85919952392578,-4.2596435546875,108112
2044.0,479.7530822753906,464.5,478.6199951171875,482.58001708984375,347.1999816894531,72.80455780029297,-4.073089599609375,108112
2045.0,480.0768127441406,464.3599853515625,478.77996826171875,482.47998046875,346.9749755859375,73.17170715332031,-4.276824951171875,108112
2046.0,480.12493896484375,464.44000244140625,478.77996826171875,482.497802734375,347.1349792480469,73.12489318847656,-4.324951171875,108112
2047.0,480.12872314453125,464.3599853515625,478.58001708984375,482.3800048828125,346.7799987792969,73.14981842041016,-4.48870849609375,108112
2048.0,480.2617492675781,464.39996337890625,478.70001220703125,482.6400146484375,346.6600036621094,73.29942321777344,-4.461761474609375,108112
2049.0,480.4422607421875,464.32000732421875,478.70001220703125,482.67999267578125,346.53997802734375,73.42719268798828,-4.7022705078125,108112
2050.0,480.3028564453125,464.32000732421875,478.8399658203125,482.5,346.53497314453125,73.58341217041016,-4.3028564453125,108112
2051.0,480.337646484375,464.41998291015625,478.8599853515625,482.39996337890625,346.875,73.34486389160156,-4.35968017578125,108112
2052.0,479.7059631347656,464.44000244140625,478.4599609375,481.8399658203125,347.03997802734375,73.2519302368164,-3.985992431640625,108112
2053.0,479.8592224121094,464.44000244140625,478.55999755859375,482.239990234375,346.79998779296875,73.32575988769531,-4.159210205078125,108112
2054.0,480.5608215332031,464.65997314453125,478.89996337890625,482.77996826171875,346.7149963378906,73.55818939208984,-4.600860595703125,108112
2055.0,480.4009704589844,464.4599609375,478.82000732421875,482.53997802734375,346.5149841308594,73.55558013916016,-4.520965576171875,108112
2056.0,479.614501953125,464.67999267578125,478.29998779296875,481.58001708984375,346.55499267578125,73.49063873291016,-4.03448486328125,108112
2057.0,480.30352783203125,464.79998779296875,478.77996826171875,482.3800048828125,346.6399841308594,73.65336608886719,-4.32354736328125,108112
2058.0,480.7426452636719,464.6400146484375,479.1400146484375,483.03997802734375,346.594970703125,73.76533508300781,-4.562652587890625,108112
2059.0,480.6834411621094,464.5999755859375,479.17999267578125,482.91998291015625,346.8149719238281,73.61966705322266,-4.343475341796875,108112
2060.0,480.9530029296875,464.3399658203125,479.32000732421875,483.03997802734375,346.8800048828125,73.49456787109375,-4.6929931640625,108112
2061.0,480.51605224609375,464.20001220703125,479.05999755859375,482.719970703125,347.239990234375,73.24911499023438,-4.39605712890625,108112
2062.0,480.46881103515625,464.29998779296875,478.91998291015625,482.58001708984375,347.3999938964844,73.12271881103516,-4.4288330078125,108112
2063.0,479.82989501953125,464.17999267578125,478.47998046875,481.719970703125,347.5749816894531,73.09680938720703,-4.10992431640625,108112
2064.0,479.57928466796875,464.260009765625,478.27996826171875,481.53997802734375,347.5,73.03337097167969,-3.93927001953125,108112
2065.0,479.27044677734375,464.41998291015625,478.0999755859375,481.3377685546875,347.114990234375,73.12203216552734,-3.79046630859375,108112
2066.0,480.00042724609375,464.29998779296875,478.58001708984375,482.1400146484375,346.67999267578125,73.35675048828125,-4.14044189453125,108112
2067.0,480.8387145996094,464.0999755859375,479.17999267578125,482.9599609375,346.5,73.38619232177734,-4.738739013671875,108112
2068.0,480.7106018066406,464.1199951171875,479.1199951171875,483.219970703125,346.17999267578125,73.43891143798828,-4.790618896484375,108112
2069.0,480.6871643066406,464.03997802734375,479.20001220703125,483.39996337890625,346.44000244140625,73.28276824951172,-4.787200927734375,108112
2070.0,480.8098449707031,464.03997802734375,479.29998779296875,483.6199951171875,347.0799865722656,72.99910736083984,-4.949859619140625,108112
2071.0,480.927734375,464.15997314453125,479.39996337890625,483.3599853515625,347.0999755859375,73.1761703491211,-4.7877197265625,108112
2072.0,481.0818176269531,464.53997802734375,479.51995849609375,483.67999267578125,346.67999267578125,73.53082275390625,-4.881805419921875,108112
2073.0,481.49005126953125,464.05999755859375,479.77996826171875,483.977783203125,346.3599853515625,73.53627014160156,-5.1700439453125,108112
2074.0,481.4275207519531,464.27996826171875,479.8089904785156,483.58001708984375,346.1949768066406,73.60319519042969,-4.787506103515625,108112
2075.0,480.8297119140625,464.22998046875,479.3399658203125,482.94000244140625,346.5799865722656,73.43846893310547,-4.42974853515625,108112
2076.0,479.8940124511719,464.41998291015625,478.6400146484375,482.260009765625,346.5799865722656,73.32923889160156,-4.114044189453125,108112
2077.0,481.0156555175781,464.6400146484375,479.4599609375,483.47998046875,346.55999755859375,73.39464569091797,-4.795684814453125,108112
2078.0,480.85076904296875,464.8399658203125,479.29998779296875,483.219970703125,346.44000244140625,73.3958740234375,-4.6507568359375,108112
2079.0,480.8655700683594,464.6199951171875,479.3800048828125,483.15777587890625,346.29998779296875,73.56188201904297,-4.545562744140625,108112
2080.0,479.9517822265625,464.6199951171875,478.719970703125,482.20001220703125,346.8599853515625,73.16307830810547,-4.03179931640625,108112
2081.0,480.1453857421875,464.51995849609375,478.760009765625,482.27996826171875,346.8399963378906,73.15705108642578,-4.305419921875,108112
2082.0,480.5243835449219,464.65997314453125,479.0889892578125,483.08001708984375,346.67999267578125,73.23489379882812,-4.484405517578125,108112
2083.0,480.5084533691406,464.53997802734375,479.20001220703125,483.1400146484375,346.6349792480469,73.19701385498047,-4.408477783203125,108112
2084.0,481.0017395019531,464.3599853515625,479.6400146484375,483.6199951171875,346.7349853515625,73.09701538085938,-4.541778564453125,108112
2085.0,481.441650390625,464.39996337890625,480.01995849609375,484.05999755859375,346.7200012207031,73.07774353027344,-4.7216796875,108112
2086.0,481.043701171875,464.91998291015625,479.5999755859375,483.65997314453125,346.8349914550781,73.25379943847656,-4.64373779296875,108112
2087.0,480.9523620605469,464.8599853515625,479.67999267578125,483.70001220703125,347.2749938964844,73.08460235595703,-4.512359619140625,108112
2088.0,481.001220703125,464.8599853515625,479.77996826171875,483.82000732421875,346.594970703125,73.3182373046875,-4.42120361328125,108112
2089.0,481.1563415527344,464.760009765625,479.79998779296875,483.65777587890625,346.739990234375,73.270751953125,-4.576324462890625,108112
2090.0,480.9295654296875,464.8599853515625,479.4689636230469,483.01995849609375,346.94000244140625,73.17005157470703,-4.4295654296875,108112
2091.0,480.7544250488281,464.8599853515625,479.3800048828125,482.97998046875,346.8399963378906,73.10716247558594,-4.394439697265625,108112
2092.0,480.7504577636719,464.6199951171875,479.29998779296875,483.03997802734375,346.5199890136719,73.25199127197266,-4.590484619140625,108112
2093.0,480.8420715332031,464.5999755859375,479.3399658203125,483.08001708984375,346.41497802734375,73.41813659667969,-4.622100830078125,108112
2094.0,481.19256591796875,464.5999755859375,479.6400146484375,483.47998046875,346.6999816894531,73.39433288574219,-4.652587890625,108112
2095.0,481.1529846191406,464.47998046875,479.58001708984375,483.32000732421875,346.8800048828125,73.42513275146484,-4.652984619140625,108112
2096.0,481.0781555175781,464.42999267578125,479.51995849609375,483.260009765625,346.739990234375,73.55579376220703,-4.498138427734375,108112
2097.0,481.1336975097656,464.4599609375,479.58001708984375,483.41998291015625,346.7799987792969,73.50721740722656,-4.513702392578125,108112
2098.0,480.6580505371094,464.51995849609375,479.3399658203125,482.79998779296875,347.17999267578125,73.14720916748047,-4.258087158203125,108112
2099.0,481.1631774902344,464.51995849609375,479.719970703125,483.2177734375,346.8399963378906,73.33568572998047,-4.503204345703125,108112
2100.0,481.1497497558594,464.65997314453125,479.65997314453125,483.3599853515625,346.8199768066406,73.48454284667969,-4.429779052734375,108112
2101.0,480.85498046875,464.70001220703125,479.44000244140625,483.219970703125,347.1549987792969,73.2431411743164,-4.45501708984375,108112
2102.0,480.156005859375,464.89996337890625,478.8800048828125,482.3800048828125,346.739990234375,73.30937194824219,-4.0560302734375,108112
2103.0,480.2445068359375,464.94000244140625,478.82000732421875,482.27996826171875,346.79498291015625,73.35700988769531,-4.16448974609375,108112
2104.0,481.02471923828125,464.44000244140625,479.4599609375,483.15997314453125,346.7599792480469,73.48261260986328,-4.54473876953125,108112
2105.0,480.9862060546875,464.3399658203125,479.5690002441406,483.32000732421875,346.53997802734375,73.51599884033203,-4.4862060546875,108112
2106.0,480.6518859863281,464.4599609375,479.32000732421875,482.6400146484375,346.8999938964844,73.31751251220703,-4.171905517578125,108112
2107.0,480.98919677734375,464.719970703125,479.5999755859375,483.0999755859375,346.5749816894531,73.50910949707031,-4.2891845703125,108112
2108.0,480.6410217285156,464.53997802734375,479.219970703125,482.8599853515625,346.4949951171875,73.4923095703125,-4.321014404296875,108112
2109.0,481.1628112792969,464.77996826171875,479.55999755859375,483.29998779296875,346.1999816894531,73.68450164794922,-4.622833251953125,108112
2110.0,481.16802978515625,464.77996826171875,479.6199951171875,483.5999755859375,346.2200012207031,73.69869995117188,-4.56805419921875,108112
2111.0,480.9342956542969,464.8800048828125,479.3599853515625,483.20001220703125,346.7599792480469,73.52297973632812,-4.474334716796875,108112
2112.0,481.22283935546875,465.0,479.65997314453125,483.4599609375,346.6999816894531,73.71537017822266,-4.5228271484375,108112
2113.0,481.1692199707031,464.67999267578125,479.55999755859375,483.219970703125,346.594970703125,73.74585723876953,-4.609222412109375,108112
2114.0,481.3896484375,464.6199951171875,479.739990234375,483.41998291015625,346.8349914550781,73.6724853515625,-4.70965576171875,108112
2115.0,481.34417724609375,464.3599853515625,479.719970703125,483.20001220703125,346.7549743652344,73.67098236083984,-4.60418701171875,108112
2116.0,481.7215576171875,464.5999755859375,480.0,483.719970703125,346.739990234375,73.79422760009766,-4.841552734375,108112
2117.0,481.6461181640625,464.44000244140625,479.89996337890625,483.6199951171875,346.5799865722656,73.74222564697266,-4.9261474609375,108112
2118.0,481.7041320800781,464.760009765625,480.01995849609375,483.760009765625,346.3999938964844,73.75450134277344,-4.804168701171875,108112
2119.0,481.4012145996094,464.719970703125,479.739990234375,483.260009765625,346.6600036621094,73.63005828857422,-4.601226806640625,108112
2120.0,481.2214050292969,464.70001220703125,479.65997314453125,483.1199951171875,347.03997802734375,73.5468978881836,-4.421417236328125,108112
2121.0,481.09820556640625,464.65997314453125,479.70001220703125,482.91998291015625,347.3800048828125,73.43721008300781,-4.25823974609375,108112
2122.0,480.5684814453125,464.8299865722656,479.44000244140625,482.65997314453125,347.5199890136719,73.23255920410156,-4.02850341796875,108112
2123.0,480.7645568847656,464.77996826171875,479.5,482.739990234375,347.41998291015625,73.40777587890625,-4.144561767578125,108112
2124.0,481.13262939453125,464.739990234375,479.70001220703125,482.9599609375,347.2599792480469,73.55723571777344,-4.3326416015625,108112
2125.0,481.6124267578125,464.8399658203125,479.97998046875,483.44000244140625,347.3199768066406,73.62947082519531,-4.6124267578125,108112
2126.0,480.778564453125,464.91998291015625,479.51995849609375,482.97998046875,347.3800048828125,73.47315979003906,-4.1585693359375,108112
2127.0,481.4072265625,464.58001708984375,479.760009765625,483.53997802734375,347.1999816894531,73.68737030029297,-4.74725341796875,108112
2128.0,481.3975830078125,464.44000244140625,479.719970703125,483.31781005859375,347.4549865722656,73.54103088378906,-4.757568359375,108112
2129.0,481.3204650878906,464.5999755859375,479.65997314453125,483.15997314453125,347.1349792480469,73.73021697998047,-4.660491943359375,108112
2130.0,481.27716064453125,464.55999755859375,479.6400146484375,483.27996826171875,347.43499755859375,73.55587768554688,-4.59716796875,108112
2131.0,481.3805236816406,464.58001708984375,479.719970703125,483.1199951171875,347.594970703125,73.45265197753906,-4.620513916015625,108112
2132.0,481.5047302246094,464.739990234375,479.91998291015625,483.20001220703125,347.47998046875,73.49272155761719,-4.524749755859375,108112
2133.0,481.5881042480469,464.82000732421875,479.97998046875,483.260009765625,347.0799865722656,73.49881744384766,-4.588104248046875,108112
2134.0,481.3786315917969,464.58001708984375,479.8800048828125,483.219970703125,347.05499267578125,73.53579711914062,-4.518646240234375,108112
2135.0,481.2316589355469,464.6400146484375,479.5489807128906,483.17999267578125,347.2149963378906,73.57781982421875,-4.651641845703125,108112
2136.0,480.9582824707031,464.58001708984375,479.44000244140625,482.957763671875,347.44000244140625,73.4937744140625,-4.438323974609375,108112
2137.0,479.85430908203125,464.8599853515625,478.91998291015625,481.82000732421875,347.375,73.1873779296875,-3.75433349609375,108112
2138.0,479.9312438964844,465.08001708984375,478.89996337890625,481.8399658203125,347.0199890136719,73.42813110351562,-3.771270751953125,108112
2139.0,480.1583251953125,464.91998291015625,478.79998779296875,482.0,347.1199951171875,73.33670043945312,-4.11834716796875,108112
2140.0,479.2920837402344,464.760009765625,478.219970703125,481.44000244140625,347.41998291015625,73.18500518798828,-3.752105712890625,108112
2141.0,479.732421875,464.70001220703125,478.4599609375,481.89996337890625,347.3599853515625,73.29766082763672,-3.992431640625,108112
2142.0,479.48687744140625,464.739990234375,478.260009765625,481.739990234375,347.67498779296875,73.09793853759766,-3.9268798828125,108112
2143.0,479.9162292480469,464.79998779296875,478.51995849609375,482.1199951171875,347.47998046875,73.23603057861328,-4.196258544921875,108112
2144.0,480.50225830078125,464.6199951171875,478.70001220703125,482.53997802734375,347.47998046875,73.12153625488281,-4.80224609375,108112
2145.0,480.4913024902344,464.5999755859375,478.739990234375,482.3399658203125,347.6999816894531,73.05529022216797,-4.651336669921875,108112
2146.0,480.9031677246094,464.53997802734375,479.1400146484375,482.94000244140625,347.41998291015625,73.13867950439453,-4.903167724609375,108112
2147.0,481.0883483886719,464.70001220703125,479.17999267578125,483.17999267578125,347.739990234375,73.1465072631836,-5.088348388671875,108112
2148.0,480.86212158203125,464.82000732421875,478.9599609375,482.9599609375,347.6399841308594,73.11624908447266,-5.02215576171875,108112
2149.0,481.0047912597656,464.719970703125,479.39996337890625,483.29998779296875,347.41998291015625,73.2500991821289,-4.684783935546875,108112
2150.0,480.99871826171875,464.55999755859375,479.39996337890625,483.260009765625,346.91998291015625,73.37574768066406,-4.6787109375,108112
2151.0,481.4769592285156,464.17999267578125,479.6199951171875,483.719970703125,346.94000244140625,73.35803985595703,-5.056976318359375,108112
2152.0,481.3046569824219,464.3399658203125,479.53997802734375,483.39996337890625,346.85498046875,73.33934020996094,-4.824676513671875,108112
2153.0,480.891845703125,464.5,479.239990234375,482.94000244140625,347.2349853515625,73.30693817138672,-4.5118408203125,108112
2154.0,480.4756774902344,464.82000732421875,479.0,482.5999755859375,347.1999816894531,73.22671508789062,-4.335662841796875,108112
2155.0,481.0223083496094,464.6400146484375,479.41998291015625,483.17999267578125,346.7200012207031,73.34905242919922,-4.642303466796875,108112
2156.0,481.3177490234375,464.67999267578125,479.6400146484375,483.3800048828125,346.2599792480469,73.50154876708984,-4.75775146484375,108112
2157.0,481.4076232910156,464.51995849609375,479.8399658203125,483.219970703125,346.3199768066406,73.50859832763672,-4.547637939453125,108112
2158.0,481.6544189453125,464.4599609375,480.0,483.55999755859375,346.6349792480469,73.53089904785156,-4.7744140625,108112
2159.0,481.6766052246094,464.3599853515625,480.0,483.6199951171875,346.6349792480469,73.53974151611328,-4.836639404296875,108112
2160.0,481.61822509765625,464.44000244140625,479.94000244140625,483.58001708984375,346.5199890136719,73.78439331054688,-4.75823974609375,108112
2161.0,481.5855712890625,464.3399658203125,479.97998046875,483.55999755859375,346.8800048828125,73.5903549194336,-4.66558837890625,108112
2162.0,481.1414489746094,464.3599853515625,479.6199951171875,483.32000732421875,347.03497314453125,73.39219665527344,-4.581451416015625,108112
2163.0,481.41107177734375,464.6400146484375,479.77996826171875,483.51995849609375,346.8599853515625,73.53744506835938,-4.7510986328125,108112
2164.0,481.41131591796875,464.47998046875,479.79998779296875,483.719970703125,346.8399963378906,73.73112487792969,-4.65130615234375,108112
2165.0,480.9722900390625,464.58001708984375,479.4889831542969,482.91998291015625,347.3399963378906,73.39445495605469,-4.27227783203125,108112
2166.0,480.25531005859375,464.6199951171875,478.89996337890625,482.15997314453125,347.29998779296875,73.20497131347656,-4.0953369140625,108112
2167.0,480.2713623046875,464.79998779296875,478.97998046875,482.29998779296875,347.41998291015625,73.15392303466797,-4.01336669921875,108112
2168.0,479.8704833984375,464.51995849609375,478.5999755859375,482.32000732421875,347.3999938964844,72.98497772216797,-3.97052001953125,108112
2169.0,479.9395446777344,464.8399658203125,478.719970703125,482.20001220703125,346.91998291015625,73.20693969726562,-3.959564208984375,108112
2170.0,480.06158447265625,464.8399658203125,478.6400146484375,482.29998779296875,346.8949890136719,73.25799560546875,-4.30157470703125,108112
2171.0,480.5384521484375,464.79998779296875,478.97998046875,482.6400146484375,346.79498291015625,73.4051513671875,-4.41845703125,108112
2172.0,479.77587890625,464.65997314453125,478.4599609375,481.89776611328125,346.8999938964844,73.17272186279297,-4.035888671875,108112
2173.0,480.7523193359375,464.6199951171875,479.17999267578125,482.70001220703125,346.9549865722656,73.37126159667969,-4.412353515625,108112
2174.0,480.5310363769531,464.58001708984375,479.1400146484375,482.65777587890625,347.1399841308594,73.3261489868164,-4.171051025390625,108112
2175.0,480.928466796875,464.65997314453125,479.47998046875,482.97998046875,347.44000244140625,73.38495635986328,-4.34844970703125,108112
2176.0,480.8475341796875,464.65997314453125,479.41998291015625,483.0,347.6999816894531,73.25786590576172,-4.26751708984375,108112
2177.0,480.7794494628906,464.55999755859375,479.3800048828125,482.82000732421875,347.739990234375,73.08029174804688,-4.319488525390625,108112
2178.0,481.15838623046875,464.47998046875,479.6199951171875,483.3399658203125,347.5,73.28878021240234,-4.598388671875,108112
2179.0,481.0041198730469,464.44000244140625,479.53997802734375,483.239990234375,347.3949890136719,73.3840560913086,-4.424102783203125,108112
2180.0,481.32452392578125,464.5,479.8399658203125,483.3800048828125,347.29998779296875,73.41397857666016,-4.44451904296875,108112
2181.0,481.19384765625,464.94000244140625,479.67999267578125,483.239990234375,347.2200012207031,73.47211456298828,-4.473876953125,108112
2182.0,481.0333557128906,465.05999755859375,479.4599609375,483.08001708984375,346.94000244140625,73.50824737548828,-4.573394775390625,108112
2183.0,481.287841796875,465.219970703125,479.88897705078125,483.760009765625,346.8999938964844,73.57992553710938,-4.4478759765625,108112
2184.0,481.20361328125,464.97998046875,479.79998779296875,483.3800048828125,347.29998779296875,73.43841552734375,-4.28363037109375,108112
2185.0,481.0477294921875,465.0999755859375,479.719970703125,483.17999267578125,347.1199951171875,73.58291625976562,-4.10772705078125,108112
2186.0,481.3500671386719,465.0999755859375,479.7889709472656,483.5999755859375,347.1199951171875,73.57859802246094,-4.390106201171875,108112
2187.0,480.4805603027344,465.05999755859375,479.20001220703125,482.41998291015625,347.5,73.34660339355469,-4.040557861328125,108112
2188.0,480.47491455078125,465.15997314453125,479.1199951171875,482.53778076171875,347.7599792480469,73.24768829345703,-4.116943359375,108112
2189.0,480.8362121582031,465.219970703125,479.3399658203125,483.01995849609375,347.3599853515625,73.37606048583984,-4.316253662109375,108112
2190.0,480.6520080566406,464.8399658203125,479.219970703125,482.6199951171875,347.5,73.25495147705078,-4.292022705078125,108112
2191.0,480.28955078125,464.77996826171875,478.8800048828125,482.27996826171875,347.79998779296875,73.08512878417969,-4.24957275390625,108112
2192.0,480.22235107421875,464.77996826171875,478.91998291015625,482.20001220703125,347.8149719238281,72.87358856201172,-4.10235595703125,108112
2193.0,480.63836669921875,464.6199951171875,479.1400146484375,482.55999755859375,347.8199768066406,72.90016174316406,-4.33837890625,108112
2194.0,480.34234619140625,464.58001708984375,479.03997802734375,482.41998291015625,347.94000244140625,72.81605529785156,-4.162353515625,108112
2195.0,480.9742736816406,464.51995849609375,479.39996337890625,482.97998046875,347.94000244140625,72.96900177001953,-4.494293212890625,108112
2196.0,481.03076171875,464.77996826171875,479.53997802734375,482.97998046875,347.6999816894531,73.0577621459961,-4.4107666015625,108112
2197.0,480.8028564453125,464.719970703125,479.32000732421875,482.55999755859375,347.43499755859375,72.9944076538086,-4.38287353515625,108112
2198.0,480.5816345214844,464.91998291015625,479.27996826171875,482.41998291015625,347.239990234375,73.17964935302734,-4.061676025390625,108112
2199.0,481.53240966796875,464.6400146484375,479.8399658203125,483.3800048828125,347.2599792480469,73.28643798828125,-4.67242431640625,108112
2200.0,480.757568359375,464.79998779296875,479.239990234375,482.739990234375,347.2200012207031,73.23441314697266,-4.35760498046875,108112
2201.0,480.7544860839844,464.6400146484375,479.20001220703125,482.760009765625,347.17999267578125,73.23920440673828,-4.354522705078125,108112
2202.0,481.2113952636719,464.760009765625,479.55999755859375,483.1199951171875,347.0999755859375,73.41250610351562,-4.531402587890625,108112
2203.0,481.4295654296875,464.51995849609375,479.55999755859375,483.3399658203125,347.2799987792969,73.44418334960938,-4.84954833984375,108112
2204.0,481.5024108886719,464.39996337890625,479.70001220703125,483.3399658203125,347.35498046875,73.44844818115234,-4.722442626953125,108112
2205.0,481.168212890625,464.65997314453125,479.41998291015625,483.17999267578125,347.4599914550781,73.33151245117188,-4.708251953125,108112
2206.0,481.0364685058594,464.8599853515625,479.3599853515625,483.1400146484375,347.05499267578125,73.45143127441406,-4.636505126953125,108112
2207.0,481.4884948730469,464.53997802734375,479.82000732421875,483.3800048828125,346.8999938964844,73.55001831054688,-4.608489990234375,108112
2208.0,481.1445007324219,464.51995849609375,479.58001708984375,483.1400146484375,347.3800048828125,73.39952850341797,-4.464508056640625,108112
2209.0,480.849365234375,464.55999755859375,479.44000244140625,482.8800048828125,347.6600036621094,73.25575256347656,-4.28936767578125,108112
2210.0,480.3912048339844,464.65997314453125,479.1199951171875,482.760009765625,347.5799865722656,73.05573272705078,-4.131195068359375,108112
2211.0,480.98931884765625,464.89996337890625,479.58001708984375,483.1199951171875,347.3800048828125,73.39533233642578,-4.26934814453125,108112
2212.0,480.4704284667969,464.739990234375,479.260009765625,482.55999755859375,347.4599914550781,73.3641128540039,-4.030426025390625,108112
2213.0,480.94085693359375,464.5999755859375,479.58001708984375,482.97998046875,347.1999816894531,73.20980072021484,-4.2608642578125,108112
2214.0,480.9296569824219,464.47998046875,479.47998046875,483.0,347.2200012207031,73.13861846923828,-4.349639892578125,108112
2215.0,480.0212707519531,464.77996826171875,478.8599853515625,482.27996826171875,347.1999816894531,73.13697052001953,-3.981292724609375,108112
2216.0,480.9828186035156,464.67999267578125,479.5,483.15997314453125,347.114990234375,73.35733795166016,-4.522857666015625,108112
2217.0,481.64031982421875,465.1199951171875,480.1199951171875,483.79998779296875,346.79498291015625,73.59688568115234,-4.64031982421875,108112
2218.0,481.37725830078125,465.1199951171875,479.8399658203125,483.4599609375,346.97998046875,73.68952941894531,-4.49725341796875,108112
2219.0,481.6341857910156,465.0,480.01995849609375,483.739990234375,347.17999267578125,73.56751251220703,-4.674224853515625,108112
2220.0,481.0069885253906,464.739990234375,479.6199951171875,482.977783203125,347.094970703125,73.50109100341797,-4.326995849609375,108112
2221.0,481.767822265625,464.5999755859375,480.08001708984375,483.8599853515625,347.2749938964844,73.38977813720703,-4.807861328125,108112
2222.0,481.9939270019531,464.44000244140625,480.15997314453125,484.3399658203125,347.17999267578125,73.45475769042969,-5.133941650390625,108112
2223.0,482.0682067871094,464.39996337890625,480.29998779296875,484.3800048828125,346.8199768066406,73.64705657958984,-5.108245849609375,108112
2224.0,481.7103576660156,464.55999755859375,480.03997802734375,484.07781982421875,347.03997802734375,73.57894897460938,-4.910369873046875,108112
2225.0,481.1361083984375,464.53997802734375,479.65997314453125,483.41998291015625,346.91998291015625,73.46759033203125,-4.55609130859375,108112
2226.0,481.3592529296875,464.760009765625,479.79998779296875,483.77996826171875,346.5,73.70634460449219,-4.67926025390625,108112
2227.0,481.8048400878906,464.6400146484375,480.05999755859375,484.0,346.7749938964844,73.71548461914062,-4.964874267578125,108112
2228.0,481.67657470703125,464.739990234375,479.94000244140625,483.8599853515625,346.8800048828125,73.68345642089844,-4.93658447265625,108112
2229.0,481.69073486328125,464.97998046875,479.94000244140625,484.0,346.94000244140625,73.69366455078125,-4.97076416015625,108112
2230.0,481.5797119140625,464.9599609375,480.01995849609375,483.760009765625,347.03497314453125,73.4919662475586,-4.67974853515625,108112
2231.0,481.6853332519531,464.94000244140625,480.17999267578125,483.82000732421875,346.7200012207031,73.6056137084961,-4.585357666015625,108112
2232.0,481.6411437988281,464.8800048828125,480.01995849609375,483.6400146484375,346.91998291015625,73.55827331542969,-4.681182861328125,108112
2233.0,481.7695007324219,464.53997802734375,480.01995849609375,483.82000732421875,346.53997802734375,73.54890441894531,-4.889495849609375,108112
2234.0,482.4463806152344,464.41998291015625,480.41998291015625,484.6199951171875,346.6999816894531,73.54232788085938,-5.526397705078125,108112
2235.0,481.8778991699219,464.6199951171875,480.0,484.0,347.1999816894531,73.44332122802734,-5.137908935546875,108112
2236.0,481.936767578125,464.719970703125,480.1199951171875,484.260009765625,347.1199951171875,73.57575225830078,-5.1767578125,108112
2237.0,482.3151550292969,464.6400146484375,480.5,484.65997314453125,346.8800048828125,73.63182067871094,-5.295196533203125,108112
2238.0,481.8687744140625,464.8800048828125,480.08001708984375,483.94000244140625,346.97998046875,73.62760162353516,-4.96881103515625,108112
2239.0,481.9502868652344,464.8800048828125,480.219970703125,484.05999755859375,347.0799865722656,73.55902099609375,-4.910308837890625,108112
2240.0,481.2090759277344,464.6400146484375,479.70001220703125,483.1400146484375,347.239990234375,73.35438537597656,-4.449066162109375,108112
2241.0,480.5222473144531,464.47998046875,478.9599609375,482.70001220703125,347.3199768066406,73.27749633789062,-4.442230224609375,108112
2242.0,480.9517822265625,464.51995849609375,479.32000732421875,482.97998046875,347.239990234375,73.22047424316406,-4.57177734375,108112
2243.0,481.3759460449219,464.51995849609375,479.719970703125,483.6400146484375,347.17999267578125,73.27275848388672,-4.775970458984375,108112
2244.0,481.8719787597656,464.27996826171875,479.9599609375,483.67999267578125,346.6600036621094,73.52708435058594,-5.131988525390625,108112
2245.0,481.58795166015625,464.239990234375,479.8399658203125,483.39996337890625,347.3199768066406,73.31407928466797,-4.7879638671875,108112
2246.0,480.9653015136719,464.47998046875,479.55999755859375,483.0999755859375,347.4599914550781,73.13927459716797,-4.505340576171875,108112
2247.0,480.7762451171875,464.5999755859375,479.29998779296875,482.79998779296875,347.1600036621094,73.31244659423828,-4.47625732421875,108112
2248.0,481.1045227050781,464.58001708984375,479.47998046875,483.17999267578125,347.1600036621094,73.46507263183594,-4.604522705078125,108112
2249.0,480.9059143066406,464.40997314453125,479.39996337890625,482.89996337890625,347.29998779296875,73.3170166015625,-4.425933837890625,108112
2250.0,480.5860290527344,464.5,479.29998779296875,482.3800048828125,347.1600036621094,73.12876892089844,-4.146026611328125,108112
2251.0,481.05035400390625,464.6400146484375,479.5999755859375,482.9599609375,347.3599853515625,73.35040283203125,-4.43035888671875,108112
2252.0,480.0052490234375,464.5999755859375,478.9599609375,482.15997314453125,347.6549987792969,73.11454010009766,-3.82525634765625,108112
2253.0,479.6512451171875,464.67999267578125,478.65997314453125,481.94000244140625,347.6399841308594,73.01809692382812,-3.693267822265625,108112
2254.0,479.2845764160156,464.70001220703125,478.27996826171875,481.67999267578125,347.8999938964844,72.87318420410156,-3.684600830078125,108112
2255.0,479.95635986328125,464.53997802734375,478.5999755859375,482.20001220703125,347.8599853515625,72.94969940185547,-4.1363525390625,108112
2256.0,480.5740051269531,464.65997314453125,479.08001708984375,482.4599609375,347.8399963378906,73.11540985107422,-4.394012451171875,108112
2257.0,480.99566650390625,464.82000732421875,479.41998291015625,482.79998779296875,347.41998291015625,73.26194763183594,-4.5556640625,108112
2258.0,480.45428466796875,464.89996337890625,479.1400146484375,482.5999755859375,347.0799865722656,73.23710632324219,-4.2943115234375,108112
2259.0,480.855712890625,464.58001708984375,479.260009765625,482.8800048828125,347.1600036621094,73.39913940429688,-4.57574462890625,108112
2260.0,481.2420654296875,464.39996337890625,479.70001220703125,483.17999267578125,347.2349853515625,73.35189819335938,-4.6220703125,108112
2261.0,480.6076354980469,464.5,479.39996337890625,482.4599609375,347.594970703125,73.2667236328125,-4.087677001953125,108112
2262.0,481.0153503417969,464.51995849609375,479.53997802734375,483.03997802734375,347.5799865722656,73.21209716796875,-4.415374755859375,108112
2263.0,481.08154296875,464.219970703125,479.6199951171875,483.03997802734375,347.47998046875,73.21415710449219,-4.42156982421875,108112
2264.0,480.79327392578125,464.58001708984375,479.65997314453125,483.0,347.55499267578125,73.09304809570312,-4.05328369140625,108112
2265.0,481.28997802734375,464.44000244140625,479.89996337890625,483.29998779296875,347.3399963378906,73.14973449707031,-4.42999267578125,108112
2266.0,481.1131286621094,464.3800048828125,479.760009765625,483.0999755859375,347.2349853515625,73.31721496582031,-4.373138427734375,108112
2267.0,481.23388671875,464.239990234375,479.739990234375,483.01995849609375,347.3999938964844,73.28276824951172,-4.53387451171875,108112
2268.0,481.04132080078125,464.41998291015625,479.70001220703125,482.8599853515625,347.239990234375,73.37028503417969,-4.2413330078125,108112
2269.0,480.552734375,464.5999755859375,479.32000732421875,482.5999755859375,347.3800048828125,73.31889343261719,-4.07476806640625,108112
2270.0,480.8762512207031,464.91998291015625,479.3599853515625,482.719970703125,347.239990234375,73.36740112304688,-4.416290283203125,108112
2271.0,481.85028076171875,464.94000244140625,479.8800048828125,483.65997314453125,347.03497314453125,73.5134048461914,-5.01031494140625,108112
2272.0,481.7693176269531,464.77996826171875,479.91998291015625,483.719970703125,346.67999267578125,73.62299346923828,-5.009307861328125,108112
2273.0,481.8192138671875,464.8800048828125,480.0,483.94000244140625,346.8199768066406,73.71112823486328,-5.03924560546875,108112
2274.0,482.154541015625,464.69000244140625,480.20001220703125,484.239990234375,346.8800048828125,73.65983581542969,-5.3145751953125,108112
2275.0,482.2732849121094,464.719970703125,480.27996826171875,484.3800048828125,347.03997802734375,73.73800659179688,-5.313323974609375,108112
2276.0,481.9589538574219,464.89996337890625,480.17999267578125,484.0999755859375,346.8800048828125,73.6993179321289,-4.898956298828125,108112
2277.0,481.80157470703125,464.65997314453125,480.08001708984375,483.8800048828125,347.239990234375,73.4881591796875,-4.80157470703125,108112
2278.0,481.10345458984375,464.51995849609375,479.47998046875,483.08001708984375,347.05999755859375,73.22794342041016,-4.5634765625,108112
2279.0,480.5968322753906,464.77996826171875,479.3599853515625,482.91778564453125,347.17999267578125,73.18657684326172,-4.076873779296875,108112
2280.0,480.4521789550781,464.51995849609375,479.239990234375,482.5999755859375,347.239990234375,73.18273162841797,-4.032196044921875,108112
2281.0,479.98590087890625,464.53997802734375,478.8800048828125,482.4599609375,347.1999816894531,73.02330780029297,-4.00592041015625,108112
2282.0,480.1777648925781,464.70001220703125,478.8599853515625,482.5999755859375,347.44000244140625,72.99986267089844,-4.237762451171875,108112
2283.0,480.31298828125,464.70001220703125,478.91998291015625,482.41998291015625,347.29998779296875,72.98246002197266,-4.27301025390625,108112
2284.0,480.51531982421875,464.760009765625,479.15997314453125,482.97998046875,347.3349914550781,72.8975830078125,-4.27532958984375,108112
2285.0,481.1717834472656,464.8599853515625,479.65997314453125,483.5999755859375,347.1199951171875,73.23786926269531,-4.631805419921875,108112
2286.0,481.7812805175781,464.5999755859375,480.15997314453125,483.97998046875,346.8199768066406,73.46920013427734,-4.801300048828125,108112
2287.0,481.94189453125,464.6499938964844,480.32000732421875,484.05999755859375,347.05499267578125,73.39701080322266,-4.76190185546875,108112
2288.0,481.7464294433594,464.47998046875,480.219970703125,484.08001708984375,346.8999938964844,73.30634307861328,-4.686431884765625,108112
2289.0,481.5152282714844,464.91998291015625,479.97998046875,483.53997802734375,346.93499755859375,73.45157623291016,-4.535247802734375,108112
2290.0,481.4492492675781,464.77996826171875,479.67999267578125,483.47998046875,347.2599792480469,73.41371154785156,-4.869232177734375,108112
2291.0,481.9119567871094,464.9599609375,480.0,483.97998046875,347.3800048828125,73.31621551513672,-5.151947021484375,108112
2292.0,481.91949462890625,465.0,480.1400146484375,484.29998779296875,347.2599792480469,73.35611724853516,-5.1195068359375,108112
2293.0,481.50787353515625,465.1400146484375,479.9599609375,483.8399658203125,347.094970703125,73.48495483398438,-4.587890625,108112
2294.0,481.3606262207031,464.760009765625,479.97998046875,484.0977783203125,346.8399963378906,73.44022369384766,-4.580657958984375,108112
2295.0,481.9166564941406,464.94000244140625,480.39996337890625,484.6400146484375,346.7799987792969,73.3493881225586,-4.896697998046875,108112
2296.0,482.3193664550781,464.51995849609375,480.67999267578125,485.0,346.5,73.45795440673828,-5.179351806640625,108112
2297.0,481.59423828125,464.55999755859375,480.239990234375,483.8800048828125,346.9599914550781,73.27870178222656,-4.41424560546875,108112
2298.0,481.7191467285156,464.58001708984375,480.27996826171875,483.79998779296875,347.03997802734375,73.24934387207031,-4.401153564453125,108112
2299.0,481.97760009765625,464.65997314453125,480.41998291015625,484.1199951171875,346.8599853515625,73.41250610351562,-4.61761474609375,108112
2300.0,482.1505432128906,465.0999755859375,480.51995849609375,484.41998291015625,347.2599792480469,73.49281311035156,-4.790557861328125,108112
2301.0,481.66845703125,465.4599609375,480.219970703125,484.219970703125,347.5199890136719,73.45896911621094,-4.5484619140625,108112
2302.0,481.9163513183594,465.260009765625,480.3800048828125,484.51995849609375,347.614990234375,73.30300903320312,-4.676361083984375,108112
2303.0,482.1795654296875,465.15997314453125,480.67999267578125,485.03997802734375,347.8199768066406,73.20569610595703,-4.9195556640625,108112
2304.0,481.656494140625,465.08001708984375,480.32000732421875,484.41998291015625,348.1199951171875,72.94383239746094,-4.5565185546875,108112
2305.0,482.0137023925781,465.17999267578125,480.5999755859375,485.0,347.9949951171875,73.00618743896484,-4.953704833984375,108112
2306.0,481.7949523925781,465.17999267578125,480.41998291015625,484.81781005859375,347.9749755859375,73.05123138427734,-4.774993896484375,108112
2307.0,482.025146484375,464.91998291015625,480.3800048828125,484.65997314453125,348.3399963378906,72.92980194091797,-4.98516845703125,108112
2308.0,481.15765380859375,465.0,479.5999755859375,483.719970703125,348.0149841308594,72.8233413696289,-4.61767578125,108112
2309.0,481.2630615234375,465.1199951171875,479.760009765625,483.8800048828125,347.8599853515625,72.88007354736328,-4.68304443359375,108112
2310.0,481.743896484375,464.77996826171875,480.260009765625,484.3599853515625,347.67498779296875,73.02391815185547,-4.66387939453125,108112
2311.0,481.34527587890625,464.91998291015625,480.05999755859375,484.01995849609375,347.67999267578125,72.95646667480469,-4.3052978515625,108112
2312.0,481.3119201660156,464.89996337890625,479.94000244140625,483.69781494140625,348.03997802734375,72.83409881591797,-4.291961669921875,108112
2313.0,481.5071105957031,465.20001220703125,480.03997802734375,483.719970703125,347.8199768066406,72.8544921875,-4.387115478515625,108112
2314.0,481.7416687011719,465.08001708984375,480.260009765625,484.2578125,347.53997802734375,73.03472900390625,-4.601654052734375,108112
2315.0,481.9794616699219,465.01995849609375,480.3599853515625,484.58001708984375,347.739990234375,72.90652465820312,-4.779449462890625,108112
2316.0,482.34210205078125,465.1400146484375,480.82000732421875,485.1199951171875,347.8149719238281,72.97499084472656,-4.84210205078125,108112
2317.0,482.4791564941406,465.20001220703125,481.219970703125,485.53997802734375,347.8999938964844,73.09309387207031,-4.819183349609375,108112
2318.0,481.7225646972656,465.219970703125,480.6199951171875,484.8599853515625,348.0,73.10466766357422,-4.382598876953125,108112
2319.0,481.1161804199219,465.219970703125,480.05999755859375,484.260009765625,348.17999267578125,72.9581298828125,-4.056182861328125,108112
2320.0,481.60418701171875,465.25,480.219970703125,484.51995849609375,348.2599792480469,73.00381469726562,-4.48419189453125,108112
2321.0,481.4261779785156,465.55999755859375,480.05999755859375,483.67999267578125,347.41998291015625,73.21650695800781,-4.186187744140625,108112
2322.0,481.90008544921875,465.8800048828125,480.3599853515625,484.1400146484375,347.3599853515625,73.5073013305664,-4.4801025390625,108112
2323.0,482.4371337890625,465.82000732421875,480.8599853515625,484.719970703125,347.5,73.5841293334961,-4.53717041015625,108112
2324.0,481.6564025878906,465.5999755859375,480.3800048828125,483.77996826171875,347.8199768066406,73.29640197753906,-4.136444091796875,108112
2325.0,481.5998229980469,465.3800048828125,480.29998779296875,483.8599853515625,347.7200012207031,73.33198547363281,-4.199859619140625,108112
2326.0,481.63824462890625,465.20001220703125,480.29998779296875,483.79998779296875,347.79498291015625,73.36038208007812,-4.17828369140625,108112
2327.0,481.6775207519531,465.39996337890625,480.239990234375,483.82000732421875,347.7599792480469,73.4067153930664,-4.337554931640625,108112
2328.0,482.2319030761719,465.27996826171875,480.5999755859375,484.3599853515625,347.2599792480469,73.61976623535156,-4.771942138671875,108112
2329.0,482.2978820800781,465.41998291015625,480.739990234375,484.4599609375,347.2549743652344,73.76504516601562,-4.577911376953125,108112
2330.0,482.5236511230469,465.1400146484375,480.8599853515625,484.6199951171875,347.0999755859375,73.83432006835938,-4.843658447265625,108112
2331.0,482.310791015625,464.8800048828125,480.760009765625,484.239990234375,347.03497314453125,73.72660827636719,-4.65081787109375,108112
2332.0,482.25872802734375,465.03997802734375,480.6400146484375,484.27996826171875,347.29498291015625,73.59868621826172,-4.61871337890625,108112
2333.0,482.0235290527344,465.05999755859375,480.55999755859375,484.03997802734375,347.67498779296875,73.33421325683594,-4.423553466796875,108112
2334.0,481.4482727050781,465.27996826171875,480.29998779296875,483.70001220703125,347.97998046875,73.10762023925781,-4.108306884765625,108112
2335.0,481.9212341308594,465.55999755859375,480.6089782714844,484.27996826171875,347.7799987792969,73.36064910888672,-4.341217041015625,108112
2336.0,482.21722412109375,465.5,480.67999267578125,484.4599609375,347.4549865722656,73.57997131347656,-4.71923828125,108112
2337.0,482.3149719238281,465.29998779296875,480.760009765625,484.5,347.47998046875,73.62434387207031,-4.734954833984375,108112
2338.0,481.7723388671875,465.260009765625,480.3399658203125,483.760009765625,348.0749816894531,73.24065399169922,-4.45233154296875,108112
2339.0,481.3387756347656,465.29998779296875,479.9599609375,483.29998779296875,347.7149963378906,73.28204345703125,-4.358795166015625,108112
2340.0,481.6215515136719,465.01995849609375,480.20001220703125,483.6400146484375,347.79998779296875,73.34640502929688,-4.441558837890625,108112
2341.0,481.7175598144531,464.8599853515625,480.32000732421875,483.6400146484375,347.9749755859375,73.33898162841797,-4.377593994140625,108112
2342.0,481.6243591308594,464.79998779296875,480.0,483.67999267578125,347.97998046875,73.36003112792969,-4.664398193359375,108112
2343.0,481.63787841796875,464.5999755859375,479.79998779296875,483.73779296875,348.0999755859375,73.01254272460938,-4.9378662109375,108112
2344.0,481.814697265625,465.03997802734375,480.0999755859375,483.89996337890625,347.94000244140625,73.07425689697266,-4.796722412109375,108112
2345.0,481.6670227050781,465.15997314453125,479.8800048828125,483.67999267578125,348.114990234375,73.00367736816406,-4.847015380859375,108112
2346.0,481.6796875,465.20001220703125,480.03997802734375,483.8800048828125,348.17999267578125,73.07227325439453,-4.8197021484375,108112
2347.0,481.4911193847656,465.260009765625,479.94000244140625,483.91998291015625,348.5149841308594,73.02034759521484,-4.691131591796875,108112
2348.0,481.62750244140625,465.219970703125,480.05999755859375,484.03997802734375,348.3800048828125,72.90437316894531,-4.70751953125,108112
2349.0,481.81683349609375,465.239990234375,480.29998779296875,484.32000732421875,347.79998779296875,73.14393615722656,-4.6368408203125,108112
2350.0,481.40899658203125,465.04998779296875,480.05999755859375,483.79998779296875,347.79998779296875,73.0023422241211,-4.42901611328125,108112
2351.0,480.76458740234375,465.1400146484375,479.55999755859375,483.15997314453125,347.8949890136719,72.74040222167969,-4.16461181640625,108112
2352.0,481.53564453125,464.91998291015625,480.08001708984375,483.91998291015625,348.16998291015625,72.80621337890625,-4.59564208984375,108112
2353.0,481.5278015136719,464.70001220703125,479.8800048828125,483.719970703125,348.1199951171875,72.90400695800781,-4.787811279296875,108112
2354.0,481.65863037109375,464.6400146484375,480.08001708984375,483.77996826171875,348.3599853515625,72.91083526611328,-4.69866943359375,108112
2355.0,481.9033203125,465.1199951171875,480.3599853515625,484.239990234375,348.0999755859375,73.25506591796875,-4.62335205078125,108112
2356.0,482.0765075683594,465.01995849609375,480.39996337890625,484.0999755859375,347.97998046875,73.29290008544922,-4.716522216796875,108112
2357.0,481.2727355957031,465.0,479.89996337890625,483.29998779296875,348.2599792480469,73.16422271728516,-4.292755126953125,108112
2358.0,481.7659606933594,465.3399658203125,480.1199951171875,484.03997802734375,348.1600036621094,73.34134674072266,-4.725982666015625,108112
2359.0,481.8628234863281,465.55999755859375,480.1199951171875,484.239990234375,348.2749938964844,73.28556060791016,-4.824859619140625,108112
2360.0,482.36602783203125,465.58001708984375,480.53997802734375,485.05999755859375,348.3399963378906,73.31710052490234,-5.18603515625,108112
2361.0,482.5782165527344,465.51995849609375,480.719970703125,485.29998779296875,348.1600036621094,73.4100112915039,-5.398223876953125,108112
2362.0,482.54522705078125,465.67999267578125,480.94000244140625,485.219970703125,347.5999755859375,73.60588073730469,-5.08526611328125,108112
2363.0,482.1736145019531,465.30999755859375,480.76898193359375,484.51995849609375,347.3999938964844,73.50804901123047,-4.493621826171875,108112
2364.0,481.802734375,465.47998046875,480.5,484.15997314453125,347.239990234375,73.66033172607422,-4.26275634765625,108112
2365.0,481.9628601074219,465.58001708984375,480.53997802734375,484.39996337890625,347.7599792480469,73.57543182373047,-4.522857666015625,108112
2366.0,482.08209228515625,465.55999755859375,480.58001708984375,484.3399658203125,348.0999755859375,73.57820129394531,-4.58209228515625,108112
2367.0,481.9181213378906,465.55999755859375,480.5,484.239990234375,348.2599792480469,73.42903137207031,-4.398162841796875,108112
2368.0,481.3720397949219,465.260009765625,479.9599609375,483.39996337890625,348.6999816894531,73.06465911865234,-4.372039794921875,108112
2369.0,480.8394470214844,465.3800048828125,479.5,482.91998291015625,348.8999938964844,72.87194061279297,-4.099456787109375,108112
2370.0,481.2298889160156,465.3599853515625,479.82000732421875,483.1199951171875,348.53997802734375,73.22662353515625,-4.229888916015625,108112
2371.0,481.2967529296875,465.3599853515625,479.89996337890625,483.20001220703125,348.3949890136719,73.29948425292969,-4.23675537109375,108112
2372.0,481.6622619628906,465.15997314453125,480.03997802734375,483.8800048828125,348.2599792480469,73.23545837402344,-4.602264404296875,108112
2373.0,481.69085693359375,465.41998291015625,480.239990234375,483.77996826171875,348.05999755859375,73.25835418701172,-4.370849609375,108112
2374.0,482.1359558105469,465.3399658203125,480.65997314453125,484.3377685546875,348.0199890136719,73.33108520507812,-4.575958251953125,108112
2375.0,482.2591247558594,465.260009765625,480.55999755859375,484.3399658203125,347.8199768066406,73.47550964355469,-4.739166259765625,108112
2376.0,482.6137390136719,465.20001220703125,480.79998779296875,484.65997314453125,348.0999755859375,73.44942474365234,-4.853729248046875,108112
2377.0,482.14434814453125,465.05999755859375,480.65997314453125,484.3800048828125,348.0999755859375,73.18184661865234,-4.64434814453125,108112
2378.0,482.2532958984375,464.8399658203125,480.6400146484375,484.39996337890625,348.1349792480469,73.18286895751953,-4.7733154296875,108112
2379.0,482.03240966796875,464.8800048828125,480.3800048828125,484.219970703125,348.0799865722656,73.1512680053711,-4.81243896484375,108112
2380.0,481.4404296875,465.03997802734375,480.0,483.39776611328125,347.8199768066406,73.19017791748047,-4.38043212890625,108112
2381.0,481.74285888671875,465.27996826171875,480.44000244140625,483.9599609375,347.8800048828125,73.21973419189453,-4.222900390625,108112
2382.0,482.5351257324219,465.44000244140625,481.08001708984375,484.67999267578125,347.6600036621094,73.48973846435547,-4.575164794921875,108112
2383.0,482.0425109863281,465.260009765625,480.67999267578125,484.260009765625,347.9549865722656,73.3350830078125,-4.482513427734375,108112
2384.0,482.4063415527344,464.9599609375,480.79998779296875,484.47998046875,347.79998779296875,73.4750747680664,-4.786346435546875,108112
2385.0,482.53790283203125,464.8399658203125,480.91998291015625,484.5999755859375,347.79498291015625,73.44502258300781,-4.81793212890625,108112
2386.0,481.8737487792969,465.05999755859375,480.4289855957031,483.8399658203125,347.8199768066406,73.18705749511719,-4.433746337890625,108112
2387.0,481.4253845214844,465.0999755859375,480.1199951171875,483.51995849609375,348.0199890136719,73.14299774169922,-4.225372314453125,108112
2388.0,480.7370910644531,465.04998779296875,479.44000244140625,483.08001708984375,347.94000244140625,73.13684844970703,-4.077117919921875,108112
2389.0,481.0809326171875,465.0999755859375,479.97998046875,483.58001708984375,347.8999938964844,73.11808013916016,-3.92095947265625,108112
2390.0,481.8704528808594,465.239990234375,480.5,484.1199951171875,347.9599914550781,73.1568832397461,-4.410491943359375,108112
2391.0,481.0757141113281,465.219970703125,480.0,483.3399658203125,348.47998046875,72.78407287597656,-3.975738525390625,108112
2392.0,480.9951171875,465.219970703125,479.94000244140625,483.32000732421875,348.3399963378906,72.86640167236328,-3.91510009765625,108112
2393.0,481.3556213378906,465.0999755859375,480.1199951171875,483.58001708984375,347.7200012207031,73.23998260498047,-4.055633544921875,108112
2394.0,481.3555908203125,465.41998291015625,480.1400146484375,483.44000244140625,347.7200012207031,73.26187896728516,-4.05560302734375,108112
2395.0,481.6013488769531,465.3800048828125,480.260009765625,483.77996826171875,347.8599853515625,73.3633804321289,-4.261383056640625,108112
2396.0,480.9837646484375,465.239990234375,479.739990234375,483.20001220703125,348.0799865722656,73.12490844726562,-4.08380126953125,108112
2397.0,481.82147216796875,465.0999755859375,480.47998046875,483.97998046875,347.97998046875,73.33160400390625,-4.32147216796875,108112
2398.0,481.48919677734375,465.260009765625,480.20001220703125,483.760009765625,347.4599914550781,73.4180679321289,-4.209228515625,108112
2399.0,482.0153503417969,465.15997314453125,480.41998291015625,484.20001220703125,347.53997802734375,73.49667358398438,-4.615386962890625,108112
2400.0,482.0392150878906,465.27996826171875,480.51995849609375,484.17999267578125,347.79498291015625,73.56059265136719,-4.399200439453125,108112
2401.0,482.0549621582031,465.39996337890625,480.760009765625,484.20001220703125,347.7200012207031,73.58231353759766,-4.174957275390625,108112
2402.0,482.15496826171875,465.27996826171875,480.760009765625,484.03997802734375,347.8599853515625,73.51920318603516,-4.31500244140625,108112
2403.0,481.8111572265625,465.260009765625,480.47998046875,483.53997802734375,348.2149963378906,73.35259246826172,-4.211181640625,108112
2404.0,481.3133850097656,465.1199951171875,480.00897216796875,483.3800048828125,348.29498291015625,73.16227722167969,-4.093414306640625,108112
2405.0,481.11712646484375,465.1199951171875,479.65997314453125,483.08001708984375,348.55999755859375,73.06658172607422,-4.35711669921875,108112
2406.0,480.58538818359375,465.15997314453125,479.3399658203125,482.82000732421875,348.7349853515625,73.01700592041016,-3.98541259765625,108112
2407.0,481.6559753417969,465.20001220703125,480.15997314453125,483.79998779296875,348.2200012207031,73.15113067626953,-4.436004638671875,108112
2408.0,482.1822814941406,465.239990234375,480.58001708984375,484.32000732421875,347.91998291015625,73.24272155761719,-4.622283935546875,108112
2409.0,482.64947509765625,465.219970703125,480.91998291015625,484.67999267578125,347.55999755859375,73.45761108398438,-4.88946533203125,108112
2410.0,482.9927978515625,465.219970703125,481.05999755859375,485.17999267578125,347.91998291015625,73.37287902832031,-5.29278564453125,108112
2411.0,483.02508544921875,465.65997314453125,481.15997314453125,485.260009765625,348.17498779296875,73.45433807373047,-5.14508056640625,108112
2412.0,482.719970703125,465.760009765625,480.94000244140625,485.20001220703125,348.2799987792969,73.40180969238281,-5.0799560546875,108112
2413.0,482.1542053222656,465.3599853515625,480.53997802734375,484.39996337890625,348.0199890136719,73.33058166503906,-4.714202880859375,108112
2414.0,481.5533752441406,465.41998291015625,480.27996826171875,483.94000244140625,348.4549865722656,73.00160217285156,-4.273406982421875,108112
2415.0,482.3219909667969,465.32000732421875,480.79998779296875,484.89996337890625,348.2200012207031,73.19451141357422,-4.821990966796875,108112
2416.0,482.79510498046875,465.44000244140625,480.91998291015625,485.3599853515625,348.35498046875,73.08065795898438,-5.43511962890625,108112
2417.0,482.7861022949219,465.55999755859375,480.8599853515625,485.239990234375,348.4599914550781,73.10419464111328,-5.406097412109375,108112
2418.0,482.7414245605469,465.39996337890625,480.91998291015625,485.3399658203125,347.8399963378906,73.15996551513672,-5.281463623046875,108112
2419.0,482.780517578125,465.29998779296875,481.0,485.219970703125,347.79998779296875,73.34719848632812,-5.12054443359375,108112
2420.0,482.5924377441406,465.0999755859375,480.9599609375,484.8399658203125,347.6199951171875,73.47247314453125,-4.872467041015625,108112
2421.0,482.63946533203125,465.3800048828125,480.8800048828125,484.8377685546875,347.7549743652344,73.5032730102539,-4.95947265625,108112
2422.0,482.2129821777344,465.27996826171875,480.67999267578125,484.27996826171875,347.67999267578125,73.50564575195312,-4.613006591796875,108112
2423.0,482.5272216796875,465.03997802734375,480.82000732421875,484.70001220703125,348.1399841308594,73.57369995117188,-4.92724609375,108112
2424.0,482.1847229003906,465.01995849609375,480.58001708984375,484.1400146484375,348.2549743652344,73.36019134521484,-4.664764404296875,108112
2425.0,481.44622802734375,464.719970703125,479.97998046875,483.65997314453125,348.5,73.14552307128906,-4.44622802734375,108112
2426.0,481.35247802734375,465.08001708984375,479.9599609375,483.39996337890625,348.44000244140625,73.32328796386719,-4.4525146484375,108112
2427.0,481.9429931640625,464.91998291015625,480.3800048828125,484.1199951171875,348.2349853515625,73.45156860351562,-4.7030029296875,108112
2428.0,481.4539489746094,464.8399658203125,480.03997802734375,483.67779541015625,348.53997802734375,73.12520599365234,-4.353973388671875,108112
2429.0,480.9949951171875,464.94000244140625,479.6199951171875,483.27996826171875,348.5999755859375,72.94252014160156,-4.17498779296875,108112
2430.0,480.4270324707031,465.17999267578125,479.260009765625,482.77777099609375,348.53997802734375,72.9738540649414,-3.867034912109375,108112
2431.0,481.1226806640625,465.239990234375,479.760009765625,483.17999267578125,348.375,72.99271392822266,-4.1627197265625,108112
2432.0,481.9714050292969,464.94000244140625,480.44000244140625,484.05999755859375,348.3399963378906,73.07706451416016,-4.551422119140625,108112
2433.0,482.4002685546875,465.01995849609375,480.8800048828125,484.5999755859375,348.29998779296875,73.25796508789062,-4.76025390625,108112
2434.0,481.57110595703125,464.8800048828125,480.239990234375,483.739990234375,348.5149841308594,73.05303955078125,-4.31109619140625,108112
2435.0,481.0832824707031,464.97998046875,479.89996337890625,483.5,348.41497802734375,72.97708892822266,-4.103302001953125,108112
2436.0,481.7353820800781,465.1400146484375,480.29998779296875,484.08001708984375,348.1549987792969,73.37279510498047,-4.515411376953125,108112
2437.0,481.7946472167969,465.15997314453125,480.3800048828125,483.8800048828125,348.6199951171875,73.2792739868164,-4.454681396484375,108112
2438.0,482.3805236816406,465.1400146484375,480.739990234375,484.3599853515625,348.6399841308594,73.31165313720703,-4.720550537109375,108112
2439.0,482.56610107421875,465.3599853515625,480.8800048828125,484.58001708984375,348.1199951171875,73.62252044677734,-4.72613525390625,108112
2440.0,482.6927795410156,465.0999755859375,480.8599853515625,484.5999755859375,347.8399963378906,73.48131561279297,-4.972808837890625,108112
2441.0,482.0164489746094,465.08001708984375,480.51995849609375,484.05999755859375,347.9599914550781,73.25505065917969,-4.616485595703125,108112
2442.0,482.23675537109375,465.20001220703125,480.6400146484375,484.32000732421875,347.97998046875,73.42706298828125,-4.65673828125,108112
2443.0,482.1441650390625,465.05999755859375,480.47998046875,484.27996826171875,348.1349792480469,73.42648315429688,-4.76416015625,108112
2444.0,482.0022277832031,465.219970703125,480.39996337890625,484.27996826171875,348.114990234375,73.361328125,-4.642242431640625,108112
2445.0,481.8978271484375,465.5,480.29998779296875,484.17999267578125,347.97998046875,73.51242065429688,-4.61785888671875,108112
2446.0,482.61212158203125,465.3399658203125,480.8800048828125,485.1199951171875,347.97998046875,73.50823974609375,-5.0921630859375,108112
2447.0,482.7322082519531,465.15997314453125,481.1199951171875,485.27996826171875,347.47998046875,73.558837890625,-4.912200927734375,108112
2448.0,482.2693176269531,465.27996826171875,480.77996826171875,484.5,347.5749816894531,73.55581665039062,-4.549346923828125,108112
2449.0,482.4883728027344,465.44000244140625,480.9599609375,484.77777099609375,347.4599914550781,73.65644073486328,-4.628387451171875,108112
2450.0,483.05511474609375,465.5999755859375,481.219970703125,485.41998291015625,347.53497314453125,73.74994659423828,-5.1151123046875,108112
2451.0,482.96612548828125,465.17999267578125,481.1199951171875,485.15997314453125,347.9599914550781,73.56803131103516,-5.10614013671875,108112
2452.0,482.88348388671875,465.01995849609375,481.08001708984375,485.03997802734375,347.91998291015625,73.65180969238281,-5.00347900390625,108112
2453.0,482.2440185546875,464.89996337890625,480.67999267578125,484.5,348.2200012207031,73.47220611572266,-4.72406005859375,108112
2454.0,481.99932861328125,465.219970703125,480.44000244140625,484.1400146484375,348.0749816894531,73.5756607055664,-4.61932373046875,108112
2455.0,482.13433837890625,465.239990234375,480.6199951171875,484.477783203125,347.7200012207031,73.64656066894531,-4.65435791015625,108112
2456.0,481.8656921386719,465.4599609375,480.51995849609375,484.03997802734375,347.239990234375,73.72868347167969,-4.365692138671875,108112
2457.0,482.49041748046875,465.51995849609375,480.9599609375,484.70001220703125,346.91998291015625,73.7779769897461,-4.67242431640625,108112
2458.0,482.8683776855469,465.3800048828125,481.05999755859375,484.79998779296875,347.239990234375,73.72089385986328,-4.968414306640625,108112
2459.0,482.9251403808594,465.41998291015625,481.0999755859375,485.1199951171875,347.55999755859375,73.74279022216797,-5.025177001953125,108112
2460.0,482.40087890625,465.29998779296875,480.67999267578125,484.39996337890625,348.05499267578125,73.48652648925781,-4.8009033203125,108112
2461.0,482.6720275878906,465.260009765625,481.08001708984375,484.760009765625,348.1600036621094,73.56266021728516,-4.572052001953125,108112
2462.0,482.61041259765625,465.53997802734375,480.91998291015625,484.6199951171875,348.3199768066406,73.45013427734375,-4.63043212890625,108112
2463.0,483.3107604980469,465.3800048828125,481.41998291015625,485.41998291015625,348.1399841308594,73.56178283691406,-5.110748291015625,108112
2464.0,483.49639892578125,465.6199951171875,481.55999755859375,485.6400146484375,347.6999816894531,73.78059387207031,-5.35638427734375,108112
2465.0,483.4833679199219,465.29998779296875,481.3800048828125,485.55999755859375,347.97998046875,73.54192352294922,-5.603363037109375,108112
2466.0,483.2749938964844,465.15997314453125,481.32000732421875,485.41998291015625,348.0,73.47608947753906,-5.415008544921875,108112
2467.0,482.8160400390625,465.3399658203125,481.08001708984375,485.219970703125,348.2599792480469,73.35224914550781,-5.11602783203125,108112
2468.0,482.92095947265625,465.32000732421875,481.20001220703125,485.15997314453125,348.0,73.56029510498047,-5.0009765625,108112
2469.0,483.396484375,465.15997314453125,481.6199951171875,485.5999755859375,347.9599914550781,73.65313720703125,-5.0565185546875,108112
2470.0,483.30169677734375,465.0,481.6400146484375,485.67779541015625,348.114990234375,73.57589721679688,-4.981689453125,108112
2471.0,483.2430114746094,465.30999755859375,481.53997802734375,485.739990234375,347.7799987792969,73.8882827758789,-5.102996826171875,108112
2472.0,483.3928527832031,465.3800048828125,481.5,485.739990234375,347.7599792480469,73.91900634765625,-5.212860107421875,108112
2473.0,483.0125732421875,465.15997314453125,481.260009765625,485.17999267578125,348.05999755859375,73.6418685913086,-4.93255615234375,108112
2474.0,482.6649475097656,465.239990234375,481.1289978027344,484.91998291015625,347.97998046875,73.50054168701172,-4.644989013671875,108112
2475.0,482.2872009277344,465.08001708984375,480.82000732421875,484.760009765625,348.594970703125,73.10376739501953,-4.547210693359375,108112
2476.0,482.2416076660156,465.03997802734375,480.82000732421875,484.51995849609375,348.1600036621094,73.38207244873047,-4.381622314453125,108112
2477.0,482.5273132324219,465.08001708984375,480.91998291015625,484.82000732421875,348.3199768066406,73.49620819091797,-4.727325439453125,108112
2478.0,482.5949401855469,465.239990234375,480.91998291015625,485.03997802734375,348.3199768066406,73.5702133178711,-4.834930419921875,108112
2479.0,482.8767395019531,465.3599853515625,481.1199951171875,485.239990234375,348.1199951171875,73.61355590820312,-4.996734619140625,108112
2480.0,482.934814453125,465.5,481.1199951171875,485.0999755859375,347.8949890136719,73.78247833251953,-4.954833984375,108112
2481.0,483.0728454589844,465.3399658203125,481.260009765625,485.20001220703125,348.3199768066406,73.5551528930664,-4.934844970703125,108112
2482.0,482.6075439453125,465.32000732421875,481.0,484.739990234375,348.5799865722656,73.38604736328125,-4.58758544921875,108112
2483.0,482.513427734375,465.5999755859375,481.03997802734375,484.5999755859375,348.4599914550781,73.5076904296875,-4.31341552734375,108112
2484.0,482.79302978515625,465.760009765625,481.260009765625,485.01995849609375,348.0749816894531,73.64510345458984,-4.593017578125,108112
2485.0,483.1270751953125,465.82000732421875,481.3800048828125,485.53997802734375,347.9749755859375,73.65392303466797,-4.96710205078125,108112
2486.0,482.955322265625,465.82000732421875,481.239990234375,485.67999267578125,348.2799987792969,73.58036804199219,-5.13531494140625,108112
2487.0,482.77532958984375,465.65997314453125,480.89996337890625,485.20001220703125,348.3599853515625,73.49325561523438,-5.2353515625,108112
2488.0,482.2895812988281,465.5,480.58001708984375,484.6199951171875,348.239990234375,73.46116638183594,-4.829620361328125,108112
2489.0,483.4034118652344,465.0999755859375,481.53997802734375,485.6400146484375,347.91998291015625,73.69205474853516,-5.343414306640625,108112
2490.0,483.75360107421875,465.05999755859375,481.719970703125,485.8399658203125,347.6600036621094,73.81842041015625,-5.475616455078125,108112
2491.0,484.0362548828125,465.17999267578125,481.91998291015625,486.32000732421875,347.2799987792969,73.97492980957031,-5.67626953125,108112
2492.0,483.58673095703125,465.3399658203125,481.65997314453125,485.8599853515625,347.0999755859375,74.06242370605469,-5.34674072265625,108112
2493.0,483.7626647949219,465.41998291015625,481.8599853515625,486.08001708984375,347.2549743652344,74.08160400390625,-5.262664794921875,108112
2494.0,483.9023132324219,465.41998291015625,482.05999755859375,486.41998291015625,347.41497802734375,74.0701675415039,-5.302337646484375,108112
2495.0,482.7953796386719,465.3800048828125,481.15997314453125,485.1400146484375,347.8399963378906,73.62672424316406,-4.755401611328125,108112
2496.0,482.3663024902344,465.41998291015625,480.89996337890625,485.03997802734375,347.6399841308594,73.44670104980469,-4.686309814453125,108112
2497.0,482.356201171875,465.47998046875,480.9599609375,484.977783203125,347.5999755859375,73.60005950927734,-4.4962158203125,108112
2498.0,482.3210144042969,465.6199951171875,480.79998779296875,484.70001220703125,347.8399963378906,73.61421203613281,-4.641021728515625,108112
2499.0,482.5287780761719,465.51995849609375,480.8800048828125,484.77996826171875,347.93499755859375,73.62494659423828,-4.828765869140625,108112
2500.0,481.55828857421875,465.47998046875,480.3800048828125,483.94000244140625,348.35498046875,73.28448486328125,-4.1383056640625,108112
2501.0,481.6415100097656,465.41998291015625,480.58001708984375,484.15997314453125,348.0,73.40399169921875,-4.081512451171875,108112
2502.0,482.53643798828125,465.39996337890625,481.01995849609375,484.97998046875,347.79998779296875,73.72462463378906,-4.7364501953125,108112
2503.0,482.50164794921875,465.5,480.94000244140625,484.8800048828125,347.91998291015625,73.72174072265625,-4.7216796875,108112
2504.0,482.767578125,465.67999267578125,481.260009765625,485.1177978515625,347.8199768066406,73.88960266113281,-4.6475830078125,108112
2505.0,482.7490234375,465.82000732421875,481.27996826171875,485.260009765625,348.0799865722656,73.86292266845703,-4.56903076171875,108112
2506.0,482.947998046875,465.77996826171875,481.260009765625,485.5,348.1600036621094,73.84237670898438,-4.947998046875,108112
2507.0,482.5799865722656,465.65997314453125,481.1199951171875,485.0999755859375,348.2200012207031,73.62419891357422,-4.660003662109375,108112
2508.0,481.89697265625,465.53997802734375,480.719970703125,484.6199951171875,348.44000244140625,73.38700103759766,-4.37701416015625,108112
2509.0,482.4576110839844,465.66998291015625,481.0999755859375,484.97998046875,348.2349853515625,73.49236297607422,-4.497650146484375,108112
2510.0,481.7129821777344,465.15997314453125,480.39996337890625,484.3399658203125,348.41998291015625,73.31378173828125,-4.292999267578125,108112
2511.0,481.4910888671875,465.17999267578125,480.15997314453125,484.2177734375,348.41998291015625,73.32978820800781,-4.39111328125,108112
2512.0,481.8566589355469,465.08001708984375,480.39996337890625,484.15997314453125,347.9549865722656,73.54210662841797,-4.536651611328125,108112
2513.0,482.1794738769531,465.260009765625,480.53997802734375,484.27996826171875,347.6549987792969,73.74761199951172,-4.739471435546875,108112
2514.0,482.499267578125,465.3800048828125,480.89996337890625,484.65997314453125,347.8800048828125,73.66612243652344,-4.71929931640625,108112
2515.0,482.5554504394531,465.41998291015625,481.0,484.6400146484375,347.7200012207031,73.66134643554688,-4.575469970703125,108112
2516.0,482.2540588378906,465.27996826171875,480.8599853515625,484.6199951171875,347.91998291015625,73.45695495605469,-4.434051513671875,108112
2517.0,482.4643249511719,465.29998779296875,480.94000244140625,484.67999267578125,347.8149719238281,73.45072174072266,-4.584320068359375,108112
2518.0,481.8638000488281,465.239990234375,480.47998046875,484.01776123046875,347.7200012207031,73.3292465209961,-4.263824462890625,108112
2519.0,482.41668701171875,465.219970703125,480.8489685058594,484.5999755859375,347.8999938964844,73.25911712646484,-4.53668212890625,108112
2520.0,482.9960021972656,465.39996337890625,481.32000732421875,485.29998779296875,347.614990234375,73.53548431396484,-4.836029052734375,108112
2521.0,483.2192077636719,464.9599609375,481.44000244140625,485.739990234375,347.55999755859375,73.64551544189453,-5.159210205078125,108112
2522.0,482.5139465332031,465.20001220703125,481.01995849609375,484.760009765625,348.03997802734375,73.51715087890625,-4.613983154296875,108112
2523.0,482.37744140625,465.260009765625,480.8800048828125,484.5999755859375,347.94000244140625,73.48561096191406,-4.59747314453125,108112
2524.0,482.2657165527344,465.1400146484375,480.70001220703125,484.5999755859375,348.0,73.39408111572266,-4.585723876953125,108112
2525.0,482.09429931640625,465.260009765625,480.6400146484375,484.53997802734375,348.0,73.39246368408203,-4.45428466796875,108112
2526.0,482.5960388183594,465.3800048828125,480.91998291015625,484.8800048828125,348.0799865722656,73.60989379882812,-4.816070556640625,108112
2527.0,483.0655517578125,465.17999267578125,481.260009765625,485.44000244140625,348.03497314453125,73.59107971191406,-5.0855712890625,108112
2528.0,482.49267578125,464.8599853515625,480.8599853515625,484.8399658203125,348.2799987792969,73.3716049194336,-4.81268310546875,108112
2529.0,482.2630310058594,465.01995849609375,480.53997802734375,484.67999267578125,348.375,73.20773315429688,-4.863067626953125,108112
2530.0,482.3216247558594,465.20001220703125,480.58001708984375,484.65997314453125,348.44000244140625,73.28765869140625,-4.841644287109375,108112
2531.0,482.5621643066406,465.3699951171875,480.760009765625,484.65997314453125,348.2749938964844,73.48435974121094,-4.822174072265625,108112
2532.0,482.9524230957031,465.44000244140625,481.17999267578125,485.239990234375,348.17498779296875,73.44049835205078,-5.012420654296875,108112
2533.0,482.8385314941406,465.51995849609375,481.1400146484375,485.44000244140625,348.3999938964844,73.19599151611328,-5.078521728515625,108112
2534.0,482.83251953125,465.55999755859375,481.32000732421875,485.70001220703125,348.5799865722656,72.93669128417969,-5.112548828125,108112
2535.0,483.2045593261719,465.3599853515625,481.70001220703125,486.03997802734375,348.239990234375,73.06127166748047,-5.204559326171875,108112
2536.0,482.8643798828125,465.239990234375,481.3399658203125,485.67999267578125,348.41998291015625,72.95753479003906,-4.8643798828125,108112
2537.0,482.00616455078125,465.22998046875,480.6400146484375,484.8399658203125,348.8349914550781,72.79940032958984,-4.4862060546875,108112
2538.0,482.28338623046875,465.20001220703125,480.7289733886719,484.8399658203125,348.8949890136719,72.75151062011719,-4.64337158203125,108112
2539.0,482.2373352050781,465.3399658203125,480.719970703125,484.6199951171875,348.8800048828125,72.79251861572266,-4.537322998046875,108112
2540.0,482.816162109375,465.44000244140625,481.08001708984375,485.03997802734375,348.5199890136719,73.05299377441406,-4.87615966796875,108112
2541.0,483.14019775390625,465.3399658203125,481.41998291015625,485.44000244140625,348.5799865722656,73.20825958251953,-4.980224609375,108112
2542.0,482.5126037597656,465.3399658203125,480.91998291015625,484.6199951171875,348.94000244140625,73.05361938476562,-4.692596435546875,108112
2543.0,482.64910888671875,465.3800048828125,480.9599609375,485.08001708984375,349.1199951171875,72.97232818603516,-4.9691162109375,108112
2544.0,483.2472839355469,465.58001708984375,481.41998291015625,485.3800048828125,348.6199951171875,73.31903076171875,-5.167266845703125,108112
2545.0,483.3725891113281,465.41998291015625,481.41998291015625,485.3599853515625,348.7149963378906,73.29832458496094,-5.252593994140625,108112
2546.0,482.70953369140625,465.20001220703125,480.82000732421875,484.89996337890625,348.6600036621094,73.20314025878906,-5.29156494140625,108112
2547.0,482.50811767578125,465.3599853515625,480.8289794921875,484.6199951171875,348.7200012207031,73.19549560546875,-4.86810302734375,108112
2548.0,483.259033203125,465.3699951171875,481.6400146484375,485.719970703125,348.5199890136719,73.4189682006836,-4.9990234375,108112
2549.0,482.7925109863281,465.260009765625,481.20001220703125,485.15997314453125,348.6549987792969,73.33370208740234,-4.692535400390625,108112
2550.0,482.29071044921875,465.53997802734375,480.77996826171875,484.44000244140625,349.2799987792969,73.10816192626953,-4.45074462890625,108112
2551.0,482.24249267578125,465.58001708984375,480.760009765625,484.44000244140625,349.3149719238281,73.06503295898438,-4.38250732421875,108112
2552.0,482.49969482421875,465.65997314453125,481.15997314453125,484.70001220703125,349.03997802734375,73.2916259765625,-4.3397216796875,108112
2553.0,482.7213439941406,465.77996826171875,481.29998779296875,484.82000732421875,348.614990234375,73.50254821777344,-4.421356201171875,108112
2554.0,482.4656982421875,465.6400146484375,481.0,484.719970703125,348.7549743652344,73.21330261230469,-4.38568115234375,108112
2555.0,482.6716613769531,465.51995849609375,481.0999755859375,484.97998046875,348.67999267578125,73.07327270507812,-4.571685791015625,108112
2556.0,482.6570129394531,465.5,481.03997802734375,484.760009765625,348.79998779296875,73.10880279541016,-4.557037353515625,108112
2557.0,483.0706481933594,465.53997802734375,481.3399658203125,485.03997802734375,348.55499267578125,73.35709381103516,-4.870635986328125,108112
2558.0,482.961181640625,465.8399658203125,481.15997314453125,485.03997802734375,348.43499755859375,73.54154205322266,-4.94122314453125,108112
2559.0,482.8665466308594,465.82000732421875,481.1400146484375,484.9599609375,348.47998046875,73.34756469726562,-4.846588134765625,108112
2560.0,483.24224853515625,465.8399658203125,481.47998046875,485.39996337890625,348.3599853515625,73.59236907958984,-5.00225830078125,108112
2561.0,483.3204040527344,465.77996826171875,481.58001708984375,485.4599609375,348.3199768066406,73.72074127197266,-4.940399169921875,108112
2562.0,483.5717468261719,465.44000244140625,481.760009765625,485.6400146484375,348.2149963378906,73.559326171875,-5.131744384765625,108112
2563.0,483.50030517578125,465.5999755859375,481.79998779296875,485.6199951171875,348.1600036621094,73.60196685791016,-4.9603271484375,108112
2564.0,482.9998474121094,465.41998291015625,481.41998291015625,485.15997314453125,348.1600036621094,73.6240005493164,-4.759857177734375,108112
2565.0,483.3882141113281,465.4599609375,481.739990234375,485.53997802734375,347.94000244140625,73.83657836914062,-4.928253173828125,108112
2566.0,483.5243835449219,465.41998291015625,481.8399658203125,485.41998291015625,348.1399841308594,73.71928405761719,-4.844390869140625,108112
2567.0,482.343017578125,465.70001220703125,481.08001708984375,484.41998291015625,348.6999816894531,73.37803649902344,-4.185028076171875,108112
2568.0,482.6935729980469,465.6400146484375,481.260009765625,484.53997802734375,348.3399963378906,73.68046569824219,-4.473602294921875,108112
2569.0,482.9045104980469,465.70001220703125,481.44000244140625,484.79779052734375,348.3199768066406,73.75894165039062,-4.544525146484375,108112
2570.0,483.1172790527344,465.70001220703125,481.51995849609375,485.239990234375,348.1349792480469,73.85113525390625,-4.797271728515625,108112
2571.0,483.1116027832031,465.47998046875,481.67999267578125,485.32000732421875,348.1349792480469,73.9213638305664,-4.591644287109375,108112
2572.0,483.5376281738281,465.3599853515625,481.89996337890625,485.5,347.8599853515625,73.87564849853516,-4.937652587890625,108112
2573.0,482.9546203613281,465.3399658203125,481.44000244140625,484.8800048828125,347.8999938964844,73.73868560791016,-4.654632568359375,108112
2574.0,483.4547119140625,465.3599853515625,481.9599609375,485.39776611328125,347.6999816894531,73.84981536865234,-4.63470458984375,108112
2575.0,483.5789489746094,465.51995849609375,481.97998046875,485.51995849609375,347.8399963378906,73.90585327148438,-4.798980712890625,108112
2576.0,483.5626220703125,465.55999755859375,481.8399658203125,485.5,347.8599853515625,73.86468505859375,-4.922607421875,108112
2577.0,482.86065673828125,465.6400146484375,481.32000732421875,484.81781005859375,348.0,73.6760025024414,-4.60064697265625,108112
2578.0,481.8896179199219,465.47998046875,480.6199951171875,483.89776611328125,348.3599853515625,73.39585876464844,-4.189605712890625,108112
2579.0,482.3125,465.08001708984375,480.77996826171875,484.219970703125,348.3399963378906,73.48202514648438,-4.592529296875,108112
2580.0,482.7911376953125,465.1199951171875,481.03997802734375,484.719970703125,348.67999267578125,73.40972137451172,-4.85113525390625,108112
2581.0,482.6676025390625,465.20001220703125,481.01995849609375,484.79998779296875,348.594970703125,73.35586547851562,-4.72760009765625,108112
2582.0,482.2791442871094,465.260009765625,480.67999267578125,484.5999755859375,348.5799865722656,73.09351348876953,-4.639129638671875,108112
2583.0,482.9258728027344,465.260009765625,481.17999267578125,485.3399658203125,348.29998779296875,73.37384796142578,-5.047882080078125,108112
2584.0,482.4450378417969,465.17999267578125,480.77996826171875,484.65997314453125,348.5,73.32012939453125,-4.805023193359375,108112
2585.0,482.2829284667969,465.05999755859375,480.70001220703125,484.55999755859375,348.5199890136719,73.37944793701172,-4.762969970703125,108112
2586.0,482.17376708984375,465.01995849609375,480.70001220703125,484.65997314453125,348.6999816894531,73.34941101074219,-4.6337890625,108112
2587.0,482.53460693359375,464.91998291015625,480.97998046875,484.94000244140625,348.53997802734375,73.38182830810547,-4.714599609375,108112
2588.0,482.922607421875,465.1199951171875,481.260009765625,485.219970703125,348.3999938964844,73.44960021972656,-4.90264892578125,108112
2589.0,482.7555847167969,465.27996826171875,481.1289978027344,485.15997314453125,348.5799865722656,73.22769927978516,-4.855621337890625,108112
2590.0,482.5463562011719,465.17999267578125,481.0,484.94000244140625,348.91998291015625,72.90973663330078,-4.686370849609375,108112
2591.0,482.6963806152344,465.1199951171875,481.03997802734375,484.9599609375,348.8149719238281,72.95960998535156,-4.876373291015625,108112
2592.0,482.13140869140625,465.1400146484375,480.58001708984375,484.5999755859375,348.7599792480469,73.0970687866211,-4.7314453125,108112
2593.0,481.8032531738281,465.20001220703125,480.3800048828125,484.20001220703125,348.9599914550781,72.87136840820312,-4.483245849609375,108112
2594.0,481.8946838378906,465.47998046875,480.3599853515625,484.20001220703125,348.7599792480469,73.04974365234375,-4.574676513671875,108112
2595.0,482.7096252441406,465.70001220703125,480.9599609375,484.67999267578125,348.2799987792969,73.38359069824219,-4.889617919921875,108112
2596.0,482.9742736816406,465.739990234375,481.15997314453125,485.1199951171875,348.3599853515625,73.52919006347656,-4.994293212890625,108112
2597.0,483.0605163574219,465.47998046875,481.1199951171875,485.219970703125,348.3199768066406,73.64423370361328,-5.280548095703125,108112
2598.0,483.0640869140625,465.3800048828125,481.15997314453125,485.1199951171875,348.05999755859375,73.62396240234375,-5.16412353515625,108112
2599.0,482.9303283691406,465.32000732421875,481.08001708984375,485.0,348.41998291015625,73.4598159790039,-5.030364990234375,108112
2600.0,482.81854248046875,465.3800048828125,481.0999755859375,484.82000732421875,348.79998779296875,73.31593322753906,-4.83856201171875,108112
2601.0,482.8057861328125,465.51995849609375,481.03997802734375,484.70001220703125,348.5,73.44571685791016,-4.86578369140625,108112
2602.0,482.9957275390625,465.58001708984375,481.15997314453125,485.15997314453125,348.3199768066406,73.68031311035156,-5.1357421875,108112
2603.0,482.93701171875,465.4599609375,481.1199951171875,485.01995849609375,348.2149963378906,73.67935180664062,-5.03704833984375,108112
2604.0,483.0909118652344,465.239990234375,481.3089904785156,485.0,348.2200012207031,73.48738098144531,-4.930938720703125,108112
2605.0,482.92962646484375,465.08001708984375,481.17999267578125,484.91998291015625,348.67999267578125,73.3275146484375,-4.94964599609375,108112
2606.0,482.513427734375,465.32000732421875,480.9599609375,484.5999755859375,348.5999755859375,73.31507110595703,-4.6334228515625,108112
2607.0,482.66693115234375,465.260009765625,480.9599609375,484.760009765625,348.47998046875,73.43760681152344,-4.7669677734375,108112
2608.0,483.00433349609375,465.44000244140625,481.29998779296875,485.260009765625,348.3999938964844,73.54779815673828,-4.9443359375,108112
2609.0,483.28863525390625,465.6199951171875,481.41998291015625,485.58001708984375,348.2799987792969,73.55199432373047,-5.18865966796875,108112
2610.0,483.10699462890625,465.79998779296875,481.44000244140625,485.15997314453125,347.5799865722656,73.75467681884766,-4.74700927734375,108112
2611.0,483.75396728515625,465.55999755859375,482.03997802734375,485.67999267578125,347.6199951171875,73.8939437866211,-4.9339599609375,108112
2612.0,483.53662109375,465.6300048828125,481.79998779296875,485.44000244140625,347.739990234375,73.89496612548828,-4.9166259765625,108112
2613.0,483.561767578125,465.3399658203125,481.719970703125,485.5,348.29998779296875,73.56326293945312,-5.101806640625,108112
2614.0,483.3393249511719,465.1300048828125,481.5,485.5,348.2599792480469,73.58738708496094,-5.199310302734375,108112
2615.0,483.2248840332031,465.44000244140625,481.5,485.260009765625,347.8599853515625,73.71022033691406,-4.924896240234375,108112
2616.0,482.75701904296875,465.41998291015625,481.0999755859375,484.739990234375,348.375,73.47830200195312,-4.677001953125,108112
2617.0,483.1149597167969,465.5999755859375,481.32000732421875,485.5,348.1999816894531,73.55242919921875,-4.874969482421875,108112
2618.0,483.6063232421875,465.3800048828125,481.79998779296875,486.0,347.94000244140625,73.60161590576172,-5.08636474609375,108112
2619.0,482.292236328125,465.32000732421875,480.719970703125,484.719970703125,348.4749755859375,73.20008087158203,-4.55426025390625,108112
2620.0,482.58203125,465.55999755859375,480.94000244140625,484.67999267578125,348.114990234375,73.46855163574219,-4.7020263671875,108112
2621.0,482.62890625,465.53997802734375,480.9599609375,484.6199951171875,347.67999267578125,73.56827545166016,-4.70892333984375,108112
2622.0,483.0890808105469,465.6199951171875,481.32000732421875,485.03997802734375,347.8199768066406,73.62800598144531,-4.829071044921875,108112
2623.0,483.0507507324219,465.3800048828125,481.1400146484375,484.8800048828125,347.79998779296875,73.64583587646484,-5.030792236328125,108112
2624.0,482.5527648925781,465.94000244140625,480.9599609375,484.6199951171875,347.94000244140625,73.54804992675781,-4.612762451171875,108112
2625.0,483.22943115234375,465.739990234375,481.5,485.3800048828125,347.8399963378906,73.56544494628906,-4.88946533203125,108112
2626.0,482.7215576171875,465.65997314453125,481.0999755859375,484.719970703125,347.9949951171875,73.4383544921875,-4.64154052734375,108112
2627.0,483.49139404296875,465.67999267578125,481.67999267578125,485.70001220703125,347.8399963378906,73.60538482666016,-5.03143310546875,108112
2628.0,483.41387939453125,465.760009765625,481.79998779296875,485.8399658203125,347.7599792480469,73.70124816894531,-4.95391845703125,108112
2629.0,483.5187683105469,465.27996826171875,481.760009765625,485.82000732421875,347.67999267578125,73.67801666259766,-5.118804931640625,108112
2630.0,483.3480224609375,465.219970703125,481.67999267578125,485.6199951171875,347.97998046875,73.689453125,-4.988037109375,108112
2631.0,483.0011291503906,465.1199951171875,481.4599609375,485.29998779296875,348.5,73.24112701416016,-4.741119384765625,108112
2632.0,483.1123046875,465.29998779296875,481.53997802734375,485.20001220703125,348.1600036621094,73.34930419921875,-4.83233642578125,108112
2633.0,482.9643859863281,465.15997314453125,481.41998291015625,485.27996826171875,348.0749816894531,73.42566680908203,-4.904388427734375,108112
2634.0,483.2294921875,465.27996826171875,481.55999755859375,485.47998046875,348.05499267578125,73.48194122314453,-5.04949951171875,108112
2635.0,483.642578125,465.65997314453125,481.79998779296875,486.03997802734375,348.1600036621094,73.59742736816406,-5.2825927734375,108112
2636.0,484.00946044921875,465.6199951171875,482.01995849609375,486.3800048828125,348.1199951171875,73.61273956298828,-5.469482421875,108112
2637.0,483.4206237792969,465.41998291015625,481.51995849609375,485.8599853515625,348.47998046875,73.37608337402344,-5.400665283203125,108112
2638.0,482.6973876953125,465.0099792480469,481.0,485.03997802734375,348.6199951171875,73.1399917602539,-4.91741943359375,108112
2639.0,481.6502685546875,465.29998779296875,480.3399658203125,483.97998046875,348.55999755859375,73.13196563720703,-4.1702880859375,108112
2640.0,481.5498962402344,465.41998291015625,480.260009765625,483.82000732421875,348.47998046875,73.16229248046875,-4.269927978515625,108112
2641.0,482.768798828125,465.55999755859375,481.17999267578125,485.07781982421875,348.17498779296875,73.40946960449219,-4.82879638671875,108112
2642.0,482.162109375,465.719970703125,480.65997314453125,484.51995849609375,348.17999267578125,73.37014770507812,-4.58209228515625,108112
2643.0,482.08990478515625,466.0,480.39996337890625,484.1400146484375,348.3599853515625,73.4584732055664,-4.6119384765625,108112
2644.0,483.0743408203125,465.70001220703125,481.260009765625,485.260009765625,348.03997802734375,73.65304565429688,-5.0743408203125,108112
2645.0,483.081787109375,465.5,481.3599853515625,485.260009765625,347.875,73.67711639404297,-4.9818115234375,108112
2646.0,483.35321044921875,465.55999755859375,481.6199951171875,485.239990234375,347.7799987792969,73.7148666381836,-4.87322998046875,108112
2647.0,483.0958557128906,465.47998046875,481.53997802734375,485.01995849609375,347.94000244140625,73.67450714111328,-4.635894775390625,108112
2648.0,483.21734619140625,465.65997314453125,481.4599609375,485.05780029296875,348.05999755859375,73.56741333007812,-4.83734130859375,108112
2649.0,483.3205871582031,465.5999755859375,481.4889831542969,485.219970703125,348.29998779296875,73.35001373291016,-4.960601806640625,108112
2650.0,482.3562927246094,465.260009765625,480.65997314453125,484.5999755859375,348.8399963378906,73.13265228271484,-4.696319580078125,108112
2651.0,481.7135925292969,464.9599609375,480.219970703125,484.29998779296875,348.94000244140625,73.0032958984375,-4.493621826171875,108112
2652.0,481.4688720703125,465.0,480.1400146484375,483.9599609375,348.5799865722656,73.02487182617188,-4.18890380859375,108112
2653.0,481.4403991699219,465.0999755859375,480.20001220703125,483.8399658203125,348.3800048828125,73.07130432128906,-4.100433349609375,108112
2654.0,481.4423522949219,465.219970703125,480.3399658203125,483.77996826171875,348.1999816894531,73.18069458007812,-4.162384033203125,108112
2655.0,481.8310852050781,465.3399658203125,480.44000244140625,484.01995849609375,348.17999267578125,73.31048583984375,-4.551116943359375,108112
2656.0,482.90301513671875,465.3800048828125,481.20001220703125,485.3399658203125,347.55999755859375,73.63834381103516,-5.06304931640625,108112
2657.0,482.3371887207031,465.20001220703125,480.79998779296875,484.4599609375,348.17999267578125,73.25519561767578,-4.677215576171875,108112
2658.0,482.7347106933594,465.01995849609375,481.219970703125,484.81781005859375,348.0,73.17837524414062,-4.694732666015625,108112
2659.0,482.7292175292969,464.97998046875,481.20001220703125,484.79998779296875,348.1399841308594,73.13611602783203,-4.709259033203125,108112
2660.0,482.4031982421875,465.29998779296875,480.94000244140625,484.53997802734375,348.05499267578125,73.25621032714844,-4.4432373046875,108112
2661.0,482.6510925292969,465.39996337890625,481.08001708984375,484.91998291015625,348.1999816894531,73.23267364501953,-4.671112060546875,108112
2662.0,483.4118347167969,465.8399658203125,481.760009765625,485.739990234375,348.0199890136719,73.51654815673828,-4.991851806640625,108112
2663.0,483.4619140625,465.719970703125,481.77996826171875,485.760009765625,348.0149841308594,73.53045654296875,-5.02191162109375,108112
2664.0,483.5194396972656,465.6199951171875,481.77996826171875,485.739990234375,348.094970703125,73.5456314086914,-5.079437255859375,108112
2665.0,483.58154296875,465.5,481.82000732421875,485.760009765625,348.0799865722656,73.5619888305664,-5.1015625,108112
2666.0,483.6520690917969,465.3599853515625,481.8399658203125,485.77996826171875,348.0749816894531,73.57946014404297,-5.152069091796875,108112
2667.0,483.71270751953125,465.239990234375,481.8800048828125,485.8399658203125,348.03997802734375,73.59813690185547,-5.1927490234375,108112
2668.0,483.7697448730469,465.1199951171875,481.91998291015625,485.8599853515625,348.05999755859375,73.6180191040039,-5.209747314453125,108112
2669.0,483.8443298339844,464.9599609375,481.97998046875,485.91998291015625,348.05999755859375,73.63908386230469,-5.264312744140625,108112
2670.0,483.9087829589844,464.82000732421875,482.01995849609375,486.0,348.094970703125,73.6612319946289,-5.308807373046875,108112
2671.0,484.5232849121094,465.1400146484375,482.44000244140625,486.719970703125,347.94000244140625,73.6878662109375,-5.643280029296875,108112
2672.0,484.1600341796875,465.239990234375,481.948974609375,486.239990234375,348.239990234375,73.5223159790039,-5.7000732421875,108112
2673.0,483.44921875,465.4499816894531,481.51995849609375,485.67999267578125,347.91998291015625,73.69080352783203,-5.28924560546875,108112
2674.0,483.27056884765625,465.5,481.5999755859375,485.760009765625,347.5799865722656,73.54998016357422,-5.070556640625,108112
2675.0,483.5688171386719,465.3800048828125,481.760009765625,486.03997802734375,347.739990234375,73.36042785644531,-5.328826904296875,108112
2676.0,483.81085205078125,465.27996826171875,481.89996337890625,486.51776123046875,347.4599914550781,73.45829772949219,-5.630859375,108112
2677.0,483.82061767578125,465.3399658203125,482.05999755859375,486.739990234375,347.8599853515625,73.2835464477539,-5.56060791015625,108112
2678.0,483.89990234375,465.3599853515625,482.219970703125,486.77996826171875,348.3399963378906,73.11445617675781,-5.39990234375,108112
2679.0,483.9961853027344,465.51995849609375,482.32000732421875,486.77777099609375,348.4599914550781,73.03419494628906,-5.336212158203125,108112
2680.0,484.288330078125,465.47998046875,482.6199951171875,487.1400146484375,348.2799987792969,73.1740493774414,-5.5283203125,108112
2681.0,483.9909362792969,465.5,482.3599853515625,486.719970703125,347.8800048828125,73.28544616699219,-5.350921630859375,108112
2682.0,483.86505126953125,465.51995849609375,482.1199951171875,486.260009765625,347.97998046875,73.37047576904297,-5.14508056640625,108112
2683.0,483.16064453125,465.719970703125,481.70001220703125,485.6400146484375,348.43499755859375,73.21786499023438,-4.6806640625,108112
2684.0,482.86419677734375,466.08001708984375,481.44000244140625,485.219970703125,348.6199951171875,73.14059448242188,-4.52423095703125,108112
2685.0,483.3534240722656,465.67999267578125,481.70001220703125,485.65997314453125,348.7149963378906,73.259521484375,-4.853424072265625,108112
2686.0,483.2997741699219,465.6199951171875,481.6400146484375,485.4599609375,348.4749755859375,73.24840545654297,-4.819793701171875,108112
2687.0,482.6644287109375,465.8599853515625,481.219970703125,484.8800048828125,348.67999267578125,72.9954605102539,-4.4044189453125,108112
2688.0,482.6305847167969,466.05999755859375,481.29998779296875,485.03997802734375,348.53997802734375,73.17425537109375,-4.370574951171875,108112
2689.0,483.42840576171875,466.17999267578125,481.79998779296875,485.79998779296875,348.17999267578125,73.44608306884766,-4.848388671875,108112
2690.0,483.80181884765625,465.9599609375,481.91998291015625,485.97998046875,348.1199951171875,73.60346984863281,-5.16180419921875,108112
2691.0,483.71551513671875,465.94000244140625,481.8399658203125,485.94000244140625,348.3399963378906,73.4676742553711,-5.11553955078125,108112
2692.0,483.5268249511719,465.7699890136719,481.760009765625,485.97998046875,348.375,73.43035125732422,-5.266815185546875,108112
2693.0,483.9404296875,465.4599609375,482.27996826171875,486.29998779296875,347.94000244140625,73.6379623413086,-5.180419921875,108112
2694.0,484.01434326171875,465.27996826171875,482.29998779296875,486.58001708984375,347.7599792480469,73.8476791381836,-5.21636962890625,108112
2695.0,483.9769287109375,465.3399658203125,482.17999267578125,486.17999267578125,348.0999755859375,73.69627380371094,-5.15692138671875,108112
2696.0,484.20263671875,465.20001220703125,482.4599609375,486.44000244140625,348.1399841308594,73.52677917480469,-5.18267822265625,108112
2697.0,484.1248474121094,465.3800048828125,482.44000244140625,486.1400146484375,348.0999755859375,73.7539291381836,-4.924835205078125,108112
2698.0,484.4854736328125,465.4599609375,482.6400146484375,486.260009765625,347.97998046875,73.78974151611328,-5.1455078125,108112
2699.0,484.24676513671875,465.58001708984375,482.5,486.15997314453125,348.1600036621094,73.42730712890625,-5.00677490234375,108112
2700.0,483.7915954589844,465.58001708984375,482.01995849609375,485.6400146484375,348.0999755859375,73.5218505859375,-4.991607666015625,108112
2701.0,483.87567138671875,465.4599609375,482.08001708984375,486.01995849609375,348.2799987792969,73.6126937866211,-5.095703125,108112
2702.0,484.04412841796875,465.219970703125,482.15997314453125,486.15997314453125,348.0149841308594,73.85491943359375,-5.20416259765625,108112
2703.0,484.0234375,465.32000732421875,482.219970703125,486.15997314453125,347.97998046875,73.88011932373047,-5.04345703125,108112
2704.0,483.5014953613281,465.3800048828125,481.8399658203125,485.6400146484375,348.55999755859375,73.51559448242188,-4.741485595703125,108112
2705.0,482.7120361328125,465.47998046875,481.15997314453125,484.89996337890625,349.0199890136719,73.08313751220703,-4.51202392578125,108112
2706.0,482.7015075683594,465.70001220703125,481.0999755859375,484.77777099609375,348.8800048828125,73.07374572753906,-4.641510009765625,108112
2707.0,482.6333923339844,465.91998291015625,480.9599609375,484.82000732421875,348.91998291015625,73.17617797851562,-4.693389892578125,108112
2708.0,482.1859130859375,465.67999267578125,480.719970703125,484.6199951171875,349.03997802734375,73.05418395996094,-4.407928466796875,108112
2709.0,482.2607116699219,465.3800048828125,480.82000732421875,484.5999755859375,349.03997802734375,73.14486694335938,-4.360748291015625,108112
2710.0,482.96533203125,465.47998046875,481.17999267578125,485.260009765625,348.8999938964844,73.19377136230469,-5.1053466796875,108112
2711.0,483.333251953125,465.70001220703125,481.53997802734375,486.0,348.79998779296875,73.19287109375,-5.2332763671875,108112
2712.0,483.3961181640625,465.55999755859375,481.65997314453125,486.20001220703125,348.739990234375,73.13909149169922,-5.33612060546875,108112
2713.0,483.519287109375,465.65997314453125,481.719970703125,486.239990234375,348.8949890136719,72.98046875,-5.3792724609375,108112
2714.0,483.7845153808594,465.719970703125,481.9599609375,486.219970703125,348.739990234375,73.26846313476562,-5.304534912109375,108112
2715.0,483.9523620605469,465.94000244140625,482.1889953613281,486.70001220703125,348.8399963378906,73.39192199707031,-5.392364501953125,108112
2716.0,483.9039001464844,465.4599609375,481.94000244140625,486.0999755859375,349.1199951171875,73.05230712890625,-5.403900146484375,108112
2717.0,483.80902099609375,465.739990234375,481.8599853515625,485.91998291015625,349.1399841308594,73.16136169433594,-5.2490234375,108112
2718.0,482.9251403808594,465.47998046875,481.3599853515625,484.760009765625,349.3399963378906,72.92971801757812,-4.725128173828125,108112
2719.0,482.82684326171875,465.5,481.41998291015625,485.01995849609375,349.2599792480469,72.93143463134766,-4.52685546875,108112
2720.0,482.8023681640625,465.239990234375,481.39996337890625,485.17999267578125,348.6549987792969,73.14545440673828,-4.484375,108112
2721.0,483.1629638671875,465.1400146484375,481.65997314453125,485.3399658203125,348.55999755859375,73.23773193359375,-4.6829833984375,108112
2722.0,484.008544921875,465.32000732421875,482.27996826171875,486.20001220703125,348.44000244140625,73.47061920166016,-4.92852783203125,108112
2723.0,484.0707092285156,465.29998779296875,482.32000732421875,486.0,348.67999267578125,73.36643981933594,-4.910736083984375,108112
2724.0,484.0751647949219,465.39996337890625,482.5,486.0,348.5199890136719,73.4848861694336,-4.715179443359375,108112
2725.0,484.0631103515625,465.3800048828125,482.53997802734375,486.08001708984375,348.6600036621094,73.42471313476562,-4.703125,108112
2726.0,484.05078125,465.58001708984375,482.4599609375,486.3800048828125,348.5,73.48265075683594,-4.87078857421875,108112
2727.0,483.9652404785156,465.39996337890625,482.32000732421875,486.08001708984375,348.55499267578125,73.58116912841797,-4.86724853515625,108112
2728.0,483.2430114746094,465.55999755859375,481.760009765625,485.32000732421875,348.8149719238281,73.23796081542969,-4.523040771484375,108112
2729.0,483.39007568359375,465.719970703125,481.67999267578125,485.260009765625,348.5799865722656,73.3036117553711,-4.85009765625,108112
2730.0,483.845947265625,465.8800048828125,482.01995849609375,486.1378173828125,348.53997802734375,73.39171600341797,-5.18597412109375,108112
2731.0,484.10968017578125,465.8800048828125,482.39996337890625,486.51995849609375,348.7200012207031,73.51268768310547,-5.12969970703125,108112
2732.0,483.8037109375,465.739990234375,482.219970703125,486.15997314453125,348.3800048828125,73.54698944091797,-4.88372802734375,108112
2733.0,483.5659484863281,465.58001708984375,482.1199951171875,485.8800048828125,348.44000244140625,73.50098419189453,-4.725982666015625,108112
2734.0,484.0156555175781,465.739990234375,482.41998291015625,486.20001220703125,348.3599853515625,73.71256256103516,-4.935638427734375,108112
2735.0,483.6735534667969,465.6400146484375,482.20001220703125,485.719970703125,348.3800048828125,73.6017074584961,-4.633575439453125,108112
2736.0,483.5198974609375,465.70001220703125,482.08001708984375,485.55999755859375,348.5999755859375,73.34872436523438,-4.5198974609375,108112
2737.0,483.2565612792969,465.739990234375,481.79998779296875,485.27996826171875,348.97998046875,73.13091278076172,-4.636566162109375,108112
2738.0,482.5487365722656,465.5999755859375,481.260009765625,484.77996826171875,348.94000244140625,72.89822387695312,-4.248748779296875,108112
2739.0,482.672607421875,465.51995849609375,481.219970703125,485.0,349.0,73.0403060913086,-4.35260009765625,108112
2740.0,483.3419189453125,465.8800048828125,481.760009765625,485.53997802734375,348.9599914550781,73.27063751220703,-4.68194580078125,108112
2741.0,483.5619812011719,466.0999755859375,481.9599609375,485.739990234375,349.03997802734375,73.34737396240234,-4.741973876953125,108112
2742.0,483.73907470703125,465.8399658203125,482.08001708984375,485.91778564453125,349.1999816894531,73.3577880859375,-4.9190673828125,108112
2743.0,483.6788330078125,465.8800048828125,482.0999755859375,485.719970703125,349.0799865722656,73.3381118774414,-4.7188720703125,108112
2744.0,483.4108581542969,465.79998779296875,481.719970703125,485.6177978515625,349.3199768066406,73.26814270019531,-4.890899658203125,108112
2745.0,483.57177734375,465.8599853515625,481.82000732421875,486.05999755859375,348.9599914550781,73.19474792480469,-5.27178955078125,108112
2746.0,483.5331726074219,465.97998046875,481.8399658203125,486.1199951171875,349.03997802734375,73.236328125,-5.133209228515625,108112
2747.0,483.70916748046875,465.8800048828125,482.05999755859375,485.94000244140625,349.3199768066406,73.2378921508789,-4.94915771484375,108112
2748.0,484.2400207519531,465.67999267578125,482.4089660644531,486.55780029296875,348.79998779296875,73.30510711669922,-5.300018310546875,108112
2749.0,484.1463317871094,465.67999267578125,482.41998291015625,486.27996826171875,348.7799987792969,73.40260314941406,-5.006317138671875,108112
2750.0,483.917236328125,465.719970703125,482.15997314453125,486.239990234375,349.0799865722656,73.24726867675781,-5.0772705078125,108112
2751.0,483.1753234863281,465.77996826171875,481.6199951171875,485.739990234375,349.3399963378906,73.01607513427734,-4.715362548828125,108112
2752.0,483.2253112792969,465.5,481.70001220703125,485.65997314453125,349.2549743652344,73.04907989501953,-4.665313720703125,108112
2753.0,482.76019287109375,465.29998779296875,481.239990234375,485.15997314453125,349.5,72.96758270263672,-4.62017822265625,108112
2754.0,483.179931640625,465.51995849609375,481.6199951171875,485.3800048828125,349.47998046875,73.13549041748047,-4.699951171875,108112
2755.0,483.3609619140625,465.3800048828125,481.58001708984375,485.67999267578125,349.5,73.15946960449219,-5.0009765625,108112
2756.0,482.7766418457031,465.47998046875,480.9599609375,484.8800048828125,349.6999816894531,72.93353271484375,-4.876678466796875,108112
2757.0,481.8306579589844,465.65997314453125,480.32000732421875,484.15997314453125,349.5149841308594,72.77789306640625,-4.370697021484375,108112
2758.0,482.2305603027344,465.469970703125,480.6400146484375,484.41998291015625,349.3800048828125,72.86847686767578,-4.590545654296875,108112
2759.0,482.1977233886719,465.17999267578125,480.77996826171875,484.3800048828125,349.55499267578125,72.85015869140625,-4.397735595703125,108112
2760.0,481.66864013671875,465.20001220703125,480.44000244140625,484.1199951171875,349.6199951171875,72.65775299072266,-4.06866455078125,108112
2761.0,481.7112121582031,465.27996826171875,480.3800048828125,483.82000732421875,349.6399841308594,72.62285614013672,-4.231231689453125,108112
2762.0,482.2088623046875,465.5,480.8599853515625,484.79998779296875,349.43499755859375,72.83993530273438,-4.368896484375,108112
2763.0,482.9378662109375,465.739990234375,481.32000732421875,485.58001708984375,349.5149841308594,72.94657897949219,-4.85784912109375,108112
2764.0,483.3159484863281,465.8800048828125,481.82000732421875,486.1199951171875,349.47998046875,72.93827056884766,-4.995941162109375,108112
2765.0,483.5622253417969,465.739990234375,482.01995849609375,486.6177978515625,349.0999755859375,73.14724731445312,-5.442230224609375,108112
2766.0,483.64251708984375,465.70001220703125,482.08001708984375,486.70001220703125,349.0,73.23446655273438,-5.4825439453125,108112
2767.0,483.6139831542969,465.739990234375,482.20001220703125,486.55999755859375,349.1999816894531,73.15299224853516,-5.33599853515625,108112
2768.0,483.8770446777344,465.79998779296875,482.260009765625,486.77996826171875,349.35498046875,73.01580810546875,-5.537078857421875,108112
2769.0,484.0552978515625,465.82000732421875,482.55999755859375,487.0999755859375,349.2799987792969,72.98017120361328,-5.537322998046875,108112
2770.0,483.8768310546875,465.8399658203125,482.3800048828125,486.9599609375,349.2200012207031,72.9983901977539,-5.3768310546875,108112
2771.0,484.1416015625,466.1400146484375,482.58001708984375,487.0999755859375,349.17498779296875,73.2320327758789,-5.44158935546875,108112
2772.0,484.0451354980469,466.0999755859375,482.3800048828125,486.719970703125,349.05499267578125,73.25210571289062,-5.385162353515625,108112
2773.0,484.218505859375,465.97998046875,482.448974609375,486.82000732421875,348.97998046875,73.17668151855469,-5.41851806640625,108112
2774.0,484.7355651855469,465.97998046875,483.05999755859375,487.47998046875,349.0,73.32429504394531,-5.555572509765625,108112
2775.0,484.1411437988281,465.9499816894531,482.55999755859375,486.9599609375,348.6399841308594,73.35773468017578,-5.201141357421875,108112
2776.0,484.1493225097656,466.03997802734375,482.58001708984375,486.67999267578125,348.3399963378906,73.41885375976562,-5.009307861328125,108112
2777.0,483.9093933105469,465.79998779296875,482.260009765625,486.01995849609375,348.8149719238281,73.1511001586914,-4.869415283203125,108112
2778.0,483.153564453125,466.0,481.6400146484375,485.3399658203125,348.8399963378906,73.1595687866211,-4.49359130859375,108112
2779.0,482.92327880859375,466.01995849609375,481.39996337890625,485.1400146484375,348.8999938964844,73.10517883300781,-4.5032958984375,108112
2780.0,483.2018737792969,466.0,481.6400146484375,485.219970703125,349.0199890136719,73.15513610839844,-4.681915283203125,108112
2781.0,482.9339294433594,466.0,481.51995849609375,485.0999755859375,349.44000244140625,72.916259765625,-4.453948974609375,108112
2782.0,482.7658386230469,466.1199951171875,481.44000244140625,485.01995849609375,349.1949768066406,73.08097076416016,-4.345855712890625,108112
2783.0,482.6654357910156,465.65997314453125,481.27996826171875,484.97998046875,349.0999755859375,72.935791015625,-4.385467529296875,108112
2784.0,482.1754455566406,465.6199951171875,480.89996337890625,484.47998046875,349.375,72.7521743774414,-4.195465087890625,108112
2785.0,481.5839538574219,465.3800048828125,480.47998046875,484.03997802734375,349.3399963378906,72.72976684570312,-3.903961181640625,108112
2786.0,482.0036926269531,465.53997802734375,480.77996826171875,484.260009765625,349.1600036621094,72.71337890625,-4.063690185546875,108112
2787.0,481.9261169433594,465.89996337890625,480.8399658203125,484.03997802734375,348.5,73.01691436767578,-3.946136474609375,108112
2788.0,482.4533386230469,465.9599609375,481.01995849609375,484.5977783203125,348.6399841308594,73.13555145263672,-4.333343505859375,108112
2789.0,481.762451171875,465.739990234375,480.5,484.260009765625,349.1999816894531,72.92230224609375,-4.10247802734375,108112
2790.0,481.7679443359375,465.58001708984375,480.44000244140625,484.5,349.05999755859375,72.82113647460938,-4.2879638671875,108112
2791.0,482.2537536621094,465.65997314453125,480.79998779296875,484.70001220703125,348.91998291015625,73.10195922851562,-4.513763427734375,108112
2792.0,482.4737243652344,465.77996826171875,481.01995849609375,484.6400146484375,348.97998046875,73.1653823852539,-4.513763427734375,108112
2793.0,482.5985412597656,465.91998291015625,481.05999755859375,484.67999267578125,348.8399963378906,73.16950988769531,-4.658538818359375,108112
2794.0,482.20068359375,465.6199951171875,480.6199951171875,484.44000244140625,349.2200012207031,72.72367858886719,-4.54071044921875,108112
2795.0,482.0742492675781,465.41998291015625,480.760009765625,484.58001708984375,349.5199890136719,72.57870483398438,-4.314239501953125,108112
2796.0,482.224609375,465.39996337890625,480.82000732421875,484.67999267578125,349.44000244140625,72.83551788330078,-4.30462646484375,108112
2797.0,482.38153076171875,465.51995849609375,480.9599609375,484.69781494140625,349.4749755859375,72.87918090820312,-4.28155517578125,108112
2798.0,483.0255126953125,465.80999755859375,481.41998291015625,485.219970703125,348.94000244140625,73.2032241821289,-4.5255126953125,108112
2799.0,483.1015319824219,465.5,481.51995849609375,485.3599853515625,348.97998046875,73.14299774169922,-4.561553955078125,108112
2800.0,482.8233642578125,465.4599609375,481.260009765625,484.91998291015625,348.9599914550781,73.24055480957031,-4.5633544921875,108112
2801.0,482.94403076171875,465.260009765625,481.27996826171875,485.08001708984375,349.0999755859375,73.16010284423828,-4.7440185546875,108112
2802.0,482.63897705078125,465.53997802734375,480.97998046875,485.20001220703125,349.3599853515625,72.95014953613281,-4.8590087890625,108112
2803.0,482.56072998046875,465.6199951171875,481.17999267578125,485.260009765625,349.094970703125,72.95378875732422,-4.60076904296875,108112
2804.0,482.8525695800781,465.260009765625,481.27996826171875,485.260009765625,348.7200012207031,73.02069854736328,-4.63458251953125,108112
2805.0,482.5493469238281,465.29998779296875,481.15997314453125,485.15997314453125,348.739990234375,73.02447509765625,-4.549346923828125,108112
2806.0,482.87786865234375,465.6199951171875,481.32000732421875,485.20001220703125,349.1600036621094,72.96055603027344,-4.597900390625,108112
2807.0,483.4480285644531,465.8399658203125,481.67999267578125,485.55999755859375,349.0999755859375,73.11300659179688,-4.848052978515625,108112
2808.0,483.6671142578125,465.47998046875,481.8800048828125,485.5999755859375,348.7149963378906,73.3717041015625,-5.00714111328125,108112
2809.0,483.57275390625,465.32000732421875,481.760009765625,485.53997802734375,348.6999816894531,73.39710235595703,-5.0927734375,108112
2810.0,483.76568603515625,465.39996337890625,481.97998046875,485.8599853515625,348.5799865722656,73.54765319824219,-5.105712890625,108112
2811.0,483.2823486328125,465.55999755859375,481.6400146484375,485.3800048828125,348.67999267578125,73.42852783203125,-4.8223876953125,108112
2812.0,482.6810302734375,465.5,481.27996826171875,485.03997802734375,349.05999755859375,73.0689926147461,-4.52105712890625,108112
2813.0,483.3631896972656,465.5,481.70001220703125,485.8599853515625,348.79998779296875,73.28978729248047,-4.943206787109375,108112
2814.0,483.40765380859375,465.6199951171875,481.79998779296875,485.79998779296875,348.5199890136719,73.48106384277344,-4.84765625,108112
2815.0,484.2243957519531,465.58001708984375,482.39996337890625,486.6199951171875,348.41998291015625,73.71123504638672,-5.224395751953125,108112
2816.0,484.24591064453125,465.58001708984375,482.41998291015625,486.4599609375,348.3199768066406,73.79292297363281,-5.2059326171875,108112
2817.0,484.2625732421875,465.32000732421875,482.260009765625,486.44000244140625,348.5,73.70713806152344,-5.46258544921875,108112
2818.0,484.2214660644531,465.17999267578125,482.27996826171875,486.3599853515625,348.5199890136719,73.69349670410156,-5.401458740234375,108112
2819.0,483.9961853027344,465.3399658203125,482.20001220703125,486.08001708984375,348.4949951171875,73.76908874511719,-5.076202392578125,108112
2820.0,484.3590393066406,465.5,482.41998291015625,486.5999755859375,348.2599792480469,73.92671203613281,-5.439056396484375,108112
2821.0,484.4494934082031,465.51995849609375,482.55999755859375,486.58001708984375,348.67999267578125,73.83296203613281,-5.289520263671875,108112
2822.0,484.2906188964844,465.51995849609375,482.41998291015625,486.3599853515625,348.9599914550781,73.60985565185547,-5.210601806640625,108112
2823.0,484.00360107421875,465.44000244140625,482.2889709472656,486.20001220703125,348.67498779296875,73.4775161743164,-4.983642578125,108112
2824.0,484.3948059082031,465.41998291015625,482.51995849609375,486.4599609375,348.3599853515625,73.578857421875,-5.216827392578125,108112
2825.0,484.1701965332031,465.77996826171875,482.3399658203125,486.51995849609375,348.17498779296875,73.61702728271484,-5.210235595703125,108112
2826.0,484.5562744140625,466.03997802734375,482.6199951171875,487.03997802734375,348.2799987792969,73.52474212646484,-5.51629638671875,108112
2827.0,484.7363586425781,466.08001708984375,482.65997314453125,487.1400146484375,348.47998046875,73.57353210449219,-5.716400146484375,108112
2828.0,484.4716796875,465.67999267578125,482.5,486.739990234375,348.5199890136719,73.44258880615234,-5.3936767578125,108112
2829.0,484.1742248535156,465.719970703125,482.32000732421875,486.260009765625,348.3399963378906,73.5262680053711,-5.074249267578125,108112
2830.0,484.02685546875,465.760009765625,482.29998779296875,486.1177978515625,348.28997802734375,73.54454040527344,-4.786865234375,108112
2831.0,484.1040344238281,465.77996826171875,482.260009765625,486.3399658203125,348.3800048828125,73.54823303222656,-5.024017333984375,108112
2832.0,483.5756530761719,465.760009765625,481.97998046875,486.15997314453125,348.739990234375,73.38209533691406,-4.955657958984375,108112
2833.0,483.1575927734375,465.94000244140625,481.70001220703125,485.739990234375,348.7599792480469,73.31989288330078,-4.73760986328125,108112
2834.0,483.5303955078125,465.739990234375,481.9599609375,486.08001708984375,348.67999267578125,73.28356170654297,-5.01043701171875,108112
2835.0,484.01239013671875,465.760009765625,482.3399658203125,486.760009765625,348.9599914550781,73.21926879882812,-5.3944091796875,108112
2836.0,483.5898132324219,465.9599609375,482.0,486.260009765625,348.53497314453125,73.31010437011719,-5.169830322265625,108112
2837.0,483.13043212890625,466.08001708984375,481.77996826171875,485.9599609375,348.7599792480469,73.25250244140625,-4.79046630859375,108112
2838.0,483.636962890625,466.32000732421875,482.01995849609375,486.219970703125,348.6999816894531,73.46675109863281,-5.0369873046875,108112
2839.0,483.83563232421875,466.1400146484375,482.0289611816406,486.32000732421875,348.67999267578125,73.5784683227539,-5.1556396484375,108112
2840.0,483.7161865234375,465.91998291015625,481.89996337890625,486.0999755859375,349.0,73.53732299804688,-5.05621337890625,108112
2841.0,482.9102478027344,465.97998046875,481.44000244140625,485.41998291015625,348.8149719238281,73.35382843017578,-4.670257568359375,108112
2842.0,483.41656494140625,465.97998046875,481.79998779296875,485.55999755859375,348.47998046875,73.45848846435547,-4.756591796875,108112
2843.0,484.08294677734375,465.97998046875,482.47998046875,486.29998779296875,348.5,73.54692840576172,-4.84295654296875,108112
2844.0,484.48907470703125,466.0,482.760009765625,486.719970703125,348.739990234375,73.58982849121094,-5.12908935546875,108112
2845.0,484.521728515625,466.0099792480469,482.67999267578125,486.79998779296875,348.85498046875,73.46439361572266,-5.36175537109375,108112
2846.0,484.13336181640625,465.8399658203125,482.3800048828125,486.3800048828125,348.3149719238281,73.54601287841797,-5.17340087890625,108112
2847.0,483.2826232910156,465.760009765625,481.82000732421875,485.65997314453125,348.6399841308594,73.46749114990234,-4.662628173828125,108112
2848.0,483.3959655761719,465.6199951171875,481.77996826171875,485.53997802734375,348.6999816894531,73.31297302246094,-4.755950927734375,108112
2849.0,483.84320068359375,465.51995849609375,481.97998046875,485.79998779296875,348.5999755859375,73.40299987792969,-5.1632080078125,108112
2850.0,483.9903259277344,465.719970703125,482.1199951171875,486.260009765625,348.41497802734375,73.48487854003906,-5.250335693359375,108112
2851.0,483.2598876953125,465.6400146484375,481.53997802734375,485.27996826171875,348.8800048828125,73.34539794921875,-4.93988037109375,108112
2852.0,483.7861022949219,465.6199951171875,482.0,485.82000732421875,348.3999938964844,73.53211975097656,-5.066131591796875,108112
2853.0,484.0129699707031,465.41998291015625,482.0999755859375,486.0999755859375,348.1999816894531,73.67760467529297,-5.272979736328125,108112
2854.0,483.7795715332031,465.39996337890625,482.1199951171875,486.03997802734375,348.29498291015625,73.6574478149414,-5.059600830078125,108112
2855.0,484.0926513671875,465.53997802734375,482.17999267578125,486.1199951171875,348.05999755859375,73.78861999511719,-5.27264404296875,108112
2856.0,483.8197021484375,465.70001220703125,482.05999755859375,485.89996337890625,348.1600036621094,73.7434310913086,-5.0797119140625,108112
2857.0,484.2227783203125,465.8399658203125,482.41998291015625,486.39996337890625,348.05999755859375,73.91327667236328,-5.16278076171875,108112
2858.0,484.1296691894531,465.739990234375,482.219970703125,486.15997314453125,348.2349853515625,73.72379302978516,-5.309661865234375,108112
2859.0,484.1689453125,465.91998291015625,482.20001220703125,486.3599853515625,348.4599914550781,73.59789276123047,-5.46893310546875,108112
2860.0,484.4130554199219,466.0,482.39996337890625,486.6199951171875,347.79998779296875,73.81002044677734,-5.393096923828125,108112
2861.0,484.9239807128906,465.719970703125,482.77996826171875,487.05999755859375,347.5749816894531,73.87151336669922,-5.803985595703125,108112
2862.0,484.4888000488281,465.67999267578125,482.5999755859375,486.719970703125,347.8199768066406,73.91751861572266,-5.408782958984375,108112
2863.0,483.8768615722656,465.4599609375,482.239990234375,486.29998779296875,348.17498779296875,73.61878204345703,-4.976898193359375,108112
2864.0,484.5254211425781,465.42999267578125,482.67999267578125,486.91998291015625,348.0749816894531,73.76190948486328,-5.425445556640625,108112
2865.0,484.32208251953125,465.5,482.41998291015625,486.55999755859375,348.2200012207031,73.66871643066406,-5.32208251953125,108112
2866.0,483.64739990234375,465.6199951171875,482.15997314453125,485.8800048828125,348.8999938964844,73.36213684082031,-4.66741943359375,108112
2867.0,484.03656005859375,465.82000732421875,482.47998046875,486.17999267578125,348.67999267578125,73.57036590576172,-4.736572265625,108112
2868.0,483.7663879394531,465.77996826171875,482.32000732421875,485.91998291015625,348.6949768066406,73.5589370727539,-4.626373291015625,108112
2869.0,483.66107177734375,465.739990234375,482.1400146484375,485.91998291015625,348.8399963378906,73.4140853881836,-4.82110595703125,108112
2870.0,483.6177978515625,465.78997802734375,481.9599609375,485.5999755859375,348.8399963378906,73.35293579101562,-4.8577880859375,108112
2871.0,484.0294494628906,465.8800048828125,482.1400146484375,485.9599609375,348.5,73.5463638305664,-5.209442138671875,108112
2872.0,484.3240661621094,465.91998291015625,482.41998291015625,486.497802734375,348.5,73.64714813232422,-5.324066162109375,108112
2873.0,483.04412841796875,466.03997802734375,481.55999755859375,485.05999755859375,348.9599914550781,73.36126708984375,-4.54412841796875,108112
2874.0,483.48895263671875,465.8800048828125,481.9689636230469,485.55999755859375,348.7799987792969,73.45579528808594,-4.6689453125,108112
2875.0,483.3162841796875,465.55999755859375,481.51995849609375,485.91998291015625,349.1600036621094,73.16075134277344,-4.976318359375,108112
2876.0,483.704345703125,465.29998779296875,481.79998779296875,486.260009765625,348.7200012207031,73.3589096069336,-5.3243408203125,108112
2877.0,483.70233154296875,465.47998046875,481.97998046875,485.89996337890625,348.8800048828125,73.39397430419922,-4.94232177734375,108112
2878.0,483.9871520996094,465.58001708984375,482.15997314453125,486.1199951171875,348.7599792480469,73.40567779541016,-5.147186279296875,108112
2879.0,483.3541564941406,465.5999755859375,481.79998779296875,485.43780517578125,348.94000244140625,73.2712173461914,-4.714141845703125,108112
2880.0,483.026123046875,465.58001708984375,481.32000732421875,485.32000732421875,349.094970703125,73.2028579711914,-4.94610595703125,108112
2881.0,483.6151123046875,466.0,481.67999267578125,485.8800048828125,348.8599853515625,73.41606903076172,-5.3551025390625,108112
2882.0,483.673828125,465.67999267578125,481.8399658203125,486.239990234375,349.0,73.36394500732422,-5.3338623046875,108112
2883.0,483.94873046875,465.5,482.08001708984375,486.4599609375,348.91497802734375,73.4893798828125,-5.44873046875,108112
2884.0,483.39727783203125,465.79998779296875,481.77996826171875,485.89996337890625,349.05999755859375,73.4141616821289,-4.977294921875,108112
2885.0,483.00927734375,465.77996826171875,481.58001708984375,485.39996337890625,349.3599853515625,73.23770141601562,-4.54931640625,108112
2886.0,483.98382568359375,465.8399658203125,482.219970703125,486.239990234375,349.0799865722656,73.40567779541016,-5.10382080078125,108112
2887.0,483.31097412109375,465.6199951171875,481.70001220703125,485.51995849609375,349.3599853515625,73.285888671875,-4.77099609375,108112
2888.0,483.2010192871094,465.44000244140625,481.6400146484375,485.760009765625,349.1549987792969,73.27120208740234,-4.861053466796875,108112
2889.0,483.5396728515625,465.5,481.8800048828125,485.79998779296875,349.094970703125,73.42036437988281,-4.95965576171875,108112
2890.0,483.51123046875,465.67999267578125,481.8399658203125,485.91998291015625,349.0799865722656,73.45415496826172,-5.01123046875,108112
2891.0,483.3457946777344,466.03997802734375,481.79998779296875,485.82000732421875,349.0999755859375,73.41737365722656,-4.825836181640625,108112
2892.0,483.6600646972656,466.1400146484375,482.01995849609375,486.0999755859375,349.239990234375,73.28875732421875,-4.860076904296875,108112
2893.0,483.8473205566406,466.1400146484375,482.17999267578125,486.51995849609375,349.4599914550781,73.08203125,-5.067352294921875,108112
2894.0,483.9993896484375,466.219970703125,482.3599853515625,486.79998779296875,348.97998046875,73.20274353027344,-5.2593994140625,108112
2895.0,484.5133361816406,465.8399658203125,482.79998779296875,487.44000244140625,349.0799865722656,73.22774505615234,-5.653350830078125,108112
2896.0,484.5621032714844,465.67999267578125,482.9289855957031,487.79998779296875,348.91998291015625,73.31848907470703,-5.782135009765625,108112
2897.0,484.2302551269531,465.51995849609375,482.55999755859375,487.260009765625,348.2549743652344,73.48275756835938,-5.570281982421875,108112
2898.0,484.5830383300781,465.6199951171875,482.67999267578125,487.51995849609375,348.53997802734375,73.44047546386719,-5.863067626953125,108112
2899.0,484.6292724609375,465.82000732421875,482.70001220703125,487.39996337890625,348.5799865722656,73.43534088134766,-5.80926513671875,108112
2900.0,484.75848388671875,465.8399658203125,482.8599853515625,487.08001708984375,348.17999267578125,73.6127700805664,-5.4384765625,108112
2901.0,484.7054138183594,465.91998291015625,482.760009765625,486.89996337890625,348.5799865722656,73.53111267089844,-5.485443115234375,108112
2902.0,484.1020812988281,466.0,482.3800048828125,486.3800048828125,348.7200012207031,73.41211700439453,-5.062103271484375,108112
2903.0,483.8598937988281,465.9599609375,482.29998779296875,486.03997802734375,348.97998046875,73.28398895263672,-4.739898681640625,108112
2904.0,484.11602783203125,465.8399658203125,482.6199951171875,486.760009765625,348.739990234375,73.28108215332031,-4.89605712890625,108112
2905.0,483.6983947753906,466.0,482.27996826171875,486.1400146484375,348.5199890136719,73.38208770751953,-4.698394775390625,108112
2906.0,483.73651123046875,465.77996826171875,482.17999267578125,486.15997314453125,348.6600036621094,73.36100006103516,-4.87652587890625,108112
2907.0,483.0171813964844,465.89996337890625,481.739990234375,485.32000732421875,348.7549743652344,73.3302993774414,-4.317169189453125,108112
2908.0,483.69073486328125,465.91998291015625,482.29998779296875,485.89996337890625,348.8999938964844,73.5543441772461,-4.57073974609375,108112
2909.0,483.24371337890625,465.91998291015625,482.05999755859375,485.739990234375,349.1399841308594,73.4417724609375,-4.26373291015625,108112
2910.0,482.87066650390625,466.29998779296875,481.65997314453125,485.03997802734375,349.1600036621094,73.38688659667969,-4.210693359375,108112
2911.0,483.2802734375,466.3800048828125,481.8599853515625,485.44000244140625,348.5799865722656,73.67340850830078,-4.50030517578125,108112
2912.0,483.8285217285156,466.239990234375,482.17999267578125,486.0,348.6199951171875,73.73261260986328,-4.888519287109375,108112
2913.0,483.86065673828125,466.03997802734375,482.0999755859375,486.05780029296875,348.7200012207031,73.50679016113281,-5.10064697265625,108112
2914.0,483.63958740234375,466.1199951171875,482.0,485.53997802734375,348.47998046875,73.67111206054688,-4.79962158203125,108112
2915.0,483.4464111328125,466.01995849609375,481.77996826171875,485.17999267578125,348.29498291015625,73.56433868408203,-4.78643798828125,108112
2916.0,483.7175598144531,466.01995849609375,481.91998291015625,485.51776123046875,348.29998779296875,73.80388641357422,-4.997589111328125,108112
2917.0,483.75653076171875,465.79998779296875,481.9599609375,485.5999755859375,348.1399841308594,73.83818817138672,-4.99652099609375,108112
2918.0,483.9920349121094,465.6199951171875,482.05999755859375,485.79998779296875,347.97998046875,73.85006713867188,-5.212066650390625,108112
2919.0,483.6631774902344,465.58001708984375,481.94000244140625,485.47998046875,348.2549743652344,73.78609466552734,-4.903167724609375,108112
2920.0,483.61572265625,465.53997802734375,481.8399658203125,485.79998779296875,348.35498046875,73.67012023925781,-4.95574951171875,108112
2921.0,483.777099609375,465.58001708984375,482.0,485.8599853515625,348.67498779296875,73.64140319824219,-4.95709228515625,108112
2922.0,484.05523681640625,465.8599853515625,482.41998291015625,486.0999755859375,348.05999755859375,73.96957397460938,-4.81524658203125,108112
2923.0,484.40118408203125,465.8399658203125,482.739990234375,486.58001708984375,348.1399841308594,74.0431900024414,-5.001220703125,108112
2924.0,483.857177734375,465.51995849609375,482.239990234375,485.79998779296875,348.4599914550781,73.85254669189453,-4.7371826171875,108112
2925.0,483.6653747558594,465.58001708984375,482.08001708984375,485.67999267578125,348.8349914550781,73.67884826660156,-4.645416259765625,108112
2926.0,483.2493896484375,465.719970703125,481.77996826171875,485.260009765625,349.1549987792969,73.35159301757812,-4.5294189453125,108112
2927.0,484.00103759765625,465.77996826171875,482.260009765625,486.01995849609375,348.8800048828125,73.57748413085938,-4.9810791015625,108112
2928.0,484.5152587890625,465.67999267578125,482.67999267578125,486.53997802734375,348.7599792480469,73.82642364501953,-5.1552734375,108112
2929.0,485.041748046875,465.91998291015625,483.01995849609375,487.1400146484375,348.79998779296875,73.71212005615234,-5.561767578125,108112
2930.0,484.7489318847656,466.1400146484375,482.760009765625,486.8577880859375,348.8999938964844,73.67082977294922,-5.468963623046875,108112
2931.0,484.4270935058594,465.65997314453125,482.53997802734375,486.44000244140625,348.53997802734375,73.70011901855469,-5.307098388671875,108112
2932.0,484.316162109375,465.6400146484375,482.41998291015625,486.17999267578125,348.7200012207031,73.54893493652344,-5.2161865234375,108112
2933.0,484.0841369628906,465.51995849609375,482.39996337890625,486.08001708984375,348.739990234375,73.54081726074219,-4.984161376953125,108112
2934.0,484.3238525390625,465.67999267578125,482.53997802734375,486.239990234375,348.3399963378906,73.66390228271484,-4.98388671875,108112
2935.0,483.6894836425781,465.58001708984375,482.01995849609375,485.739990234375,348.9599914550781,73.37078857421875,-4.829498291015625,108112
2936.0,483.43609619140625,465.55999755859375,481.58001708984375,485.41998291015625,349.3599853515625,73.19467163085938,-4.99609375,108112
2937.0,483.17742919921875,465.5999755859375,481.47998046875,485.15997314453125,349.47998046875,73.08009338378906,-4.83746337890625,108112
2938.0,483.0959167480469,465.51995849609375,481.47998046875,485.17999267578125,349.44000244140625,72.9996566772461,-4.755950927734375,108112
2939.0,482.5150451660156,465.760009765625,481.01995849609375,484.739990234375,349.17498779296875,73.03311157226562,-4.535064697265625,108112
2940.0,482.6839599609375,466.08001708984375,481.27996826171875,484.82000732421875,348.91998291015625,73.28568267822266,-4.4239501953125,108112
2941.0,483.08905029296875,466.08001708984375,481.51995849609375,485.44000244140625,348.8949890136719,73.38054656982422,-4.72906494140625,108112
2942.0,483.7466125488281,465.94000244140625,481.9599609375,485.94000244140625,348.6199951171875,73.5914077758789,-5.206634521484375,108112
2943.0,483.8913879394531,465.6400146484375,481.97998046875,486.01995849609375,348.3349914550781,73.544189453125,-5.371429443359375,108112
2944.0,484.12908935546875,465.82000732421875,482.20001220703125,486.17999267578125,348.29998779296875,73.62902069091797,-5.34912109375,108112
2945.0,483.8921203613281,465.6400146484375,482.1400146484375,485.91998291015625,348.17999267578125,73.74143981933594,-5.052154541015625,108112
2946.0,483.949951171875,465.65997314453125,482.260009765625,486.1199951171875,348.2799987792969,73.7611312866211,-5.00994873046875,108112
2947.0,484.0447692871094,465.719970703125,482.3599853515625,486.31781005859375,348.47998046875,73.66001892089844,-5.144805908203125,108112
2948.0,483.9596252441406,465.82000732421875,482.1400146484375,486.260009765625,348.739990234375,73.6165771484375,-5.239654541015625,108112
2949.0,484.2786560058594,465.719970703125,482.41998291015625,486.6400146484375,349.0,73.6064682006836,-5.358673095703125,108112
2950.0,484.7664794921875,465.6400146484375,482.739990234375,486.89996337890625,349.0199890136719,73.5898208618164,-5.5465087890625,108112
2951.0,484.5381774902344,465.739990234375,482.65997314453125,486.8599853515625,348.9599914550781,73.79851531982422,-5.318206787109375,108112
2952.0,484.7131652832031,465.739990234375,482.8800048828125,487.08001708984375,348.6549987792969,73.94944763183594,-5.233184814453125,108112
2953.0,484.1887512207031,465.65997314453125,482.58001708984375,486.53997802734375,348.93499755859375,73.76293182373047,-4.928741455078125,108112
2954.0,483.63079833984375,465.79998779296875,482.08001708984375,486.01995849609375,348.4549865722656,73.69845581054688,-4.830810546875,108112
2955.0,484.01080322265625,465.47998046875,482.17999267578125,486.01995849609375,348.29998779296875,73.76569366455078,-5.17083740234375,108112
2956.0,484.0632629394531,465.47998046875,482.39996337890625,486.20001220703125,348.29998779296875,73.76263427734375,-5.023284912109375,108112
2957.0,484.44403076171875,465.5999755859375,482.6199951171875,486.8800048828125,348.6199951171875,73.72017669677734,-5.424072265625,108112
2958.0,484.380126953125,465.9599609375,482.55999755859375,486.55999755859375,348.0999755859375,73.9362564086914,-5.20013427734375,108112
2959.0,484.3011779785156,465.89996337890625,482.47998046875,486.457763671875,348.5999755859375,73.748291015625,-5.243194580078125,108112
2960.0,484.42425537109375,465.67999267578125,482.41998291015625,486.70001220703125,348.6999816894531,73.46733093261719,-5.624267578125,108112
2961.0,483.5277404785156,465.8599853515625,481.760009765625,485.70001220703125,348.67999267578125,73.4181137084961,-5.107757568359375,108112
2962.0,483.37738037109375,466.1400146484375,481.8599853515625,485.65997314453125,348.8199768066406,73.45487976074219,-4.73736572265625,108112
2963.0,484.1878967285156,465.79998779296875,482.39996337890625,486.15997314453125,348.8399963378906,73.40032958984375,-5.087921142578125,108112
2964.0,483.5462646484375,465.739990234375,481.82000732421875,485.260009765625,349.0,73.26136779785156,-4.76629638671875,108112
2965.0,483.2577209472656,465.4599609375,481.6400146484375,485.08001708984375,349.17999267578125,73.09119415283203,-4.679718017578125,108112
2966.0,484.12091064453125,465.53997802734375,482.29998779296875,485.91998291015625,348.67999267578125,73.23873901367188,-5.0609130859375,108112
2967.0,483.9833068847656,465.3399658203125,482.15997314453125,485.77996826171875,348.7149963378906,73.39665222167969,-4.983306884765625,108112
2968.0,483.2769470214844,465.03997802734375,481.719970703125,485.219970703125,348.91998291015625,73.27571105957031,-4.596954345703125,108112
2969.0,482.5673522949219,465.17999267578125,481.17999267578125,484.6177978515625,349.29998779296875,73.05924224853516,-4.367340087890625,108112
2970.0,483.1710510253906,465.55999755859375,481.6400146484375,484.97998046875,348.8949890136719,73.29635620117188,-4.631072998046875,108112
2971.0,483.7978820800781,465.8599853515625,482.01995849609375,485.719970703125,348.6999816894531,73.36621856689453,-5.037872314453125,108112
2972.0,483.64434814453125,465.79998779296875,481.89996337890625,485.719970703125,349.0999755859375,73.22186279296875,-4.9443359375,108112
2973.0,484.2029724121094,465.719970703125,482.3399658203125,486.739990234375,348.94000244140625,73.1531753540039,-5.382965087890625,108112
2974.0,484.06793212890625,465.58001708984375,482.27996826171875,486.44000244140625,348.8399963378906,73.34222412109375,-5.06793212890625,108112
2975.0,484.1241455078125,465.53997802734375,482.29998779296875,486.27996826171875,348.94000244140625,73.3727798461914,-5.1241455078125,108112
2976.0,484.2693786621094,465.44000244140625,482.5,486.3399658203125,348.9599914550781,73.41899871826172,-5.129364013671875,108112
2977.0,483.8311767578125,465.44000244140625,482.1400146484375,485.91998291015625,349.17999267578125,73.24197387695312,-4.93121337890625,108112
2978.0,483.9552917480469,465.53997802734375,482.08001708984375,486.03997802734375,349.1549987792969,73.36931610107422,-5.235321044921875,108112
2979.0,484.0877380371094,465.41998291015625,482.260009765625,486.3399658203125,349.17999267578125,73.48576354980469,-5.227752685546875,108112
2980.0,483.8021240234375,465.27996826171875,482.0489807128906,485.91998291015625,349.2549743652344,73.38111877441406,-5.00213623046875,108112
2981.0,483.1381530761719,465.3800048828125,481.39996337890625,485.17999267578125,349.2799987792969,73.30120849609375,-4.838165283203125,108112
2982.0,483.8624267578125,465.41998291015625,481.94000244140625,486.05999755859375,348.9599914550781,73.48587799072266,-5.262451171875,108112
2983.0,483.7126770019531,465.3599853515625,481.8800048828125,485.8599853515625,348.7799987792969,73.43891143798828,-5.172698974609375,108112
2984.0,483.52545166015625,465.47998046875,481.8599853515625,485.70001220703125,349.05999755859375,73.44873046875,-4.88543701171875,108112
2985.0,483.2461853027344,465.32000732421875,481.739990234375,485.41998291015625,349.3800048828125,73.25050354003906,-4.606170654296875,108112
2986.0,482.5686950683594,465.47998046875,481.17999267578125,484.82000732421875,349.4599914550781,73.02611541748047,-4.388702392578125,108112
2987.0,482.85089111328125,465.58001708984375,481.219970703125,485.03997802734375,349.594970703125,73.00615692138672,-4.69091796875,108112
2988.0,483.54595947265625,465.739990234375,481.70001220703125,485.7177734375,349.17999267578125,73.31625366210938,-5.1259765625,108112
2989.0,483.7894287109375,465.65997314453125,481.91998291015625,485.739990234375,349.3800048828125,73.31756591796875,-5.1494140625,108112
2990.0,483.9418640136719,465.55999755859375,482.1199951171875,485.89996337890625,349.3199768066406,73.46569061279297,-5.141876220703125,108112
2991.0,484.0658264160156,465.44000244140625,482.260009765625,486.27996826171875,349.2149963378906,73.51216888427734,-5.185821533203125,108112
2992.0,484.3824768066406,465.17999267578125,482.39996337890625,486.5,349.1199951171875,73.57648468017578,-5.482513427734375,108112
2993.0,484.4594421386719,465.239990234375,482.47998046875,486.5,348.9549865722656,73.5429916381836,-5.419464111328125,108112
2994.0,484.4658203125,465.719970703125,482.51995849609375,486.6400146484375,349.03997802734375,73.5111083984375,-5.4658203125,108112
2995.0,484.76129150390625,465.70001220703125,482.67999267578125,486.82000732421875,348.6199951171875,73.60005187988281,-5.66131591796875,108112
2996.0,484.3793640136719,465.5,482.47998046875,486.39996337890625,348.8149719238281,73.46082305908203,-5.379364013671875,108112
2997.0,484.0711364746094,465.32000732421875,482.3599853515625,486.1199951171875,348.8599853515625,73.49585723876953,-5.131134033203125,108112
2998.0,483.5305480957031,465.5,481.8599853515625,485.55999755859375,349.22998046875,73.31656646728516,-4.890533447265625,108112
2999.0,483.3703308105469,465.6199951171875,481.6889953613281,485.3599853515625,349.5,73.00762939453125,-4.770355224609375,108112
3000.0,483.7274169921875,465.58001708984375,481.8399658203125,485.82000732421875,349.2149963378906,73.0555191040039,-5.107421875,108112
3001.0,484.3938903808594,465.739990234375,482.55999755859375,486.82000732421875,348.8399963378906,73.39998626708984,-5.213897705078125,108112
3002.0,484.9485168457031,465.55999755859375,483.0,487.20001220703125,348.97998046875,73.47368621826172,-5.408538818359375,108112
3003.0,484.76434326171875,465.51995849609375,482.8399658203125,486.94000244140625,348.8949890136719,73.411865234375,-5.3243408203125,108112
3004.0,484.5192565917969,465.58001708984375,482.58001708984375,486.51995849609375,349.1199951171875,73.3995361328125,-5.299285888671875,108112
3005.0,484.91522216796875,465.65997314453125,482.9599609375,487.15997314453125,349.1600036621094,73.56993865966797,-5.45526123046875,108112
3006.0,484.95684814453125,465.41998291015625,482.82000732421875,487.29998779296875,349.05999755859375,73.46623229980469,-5.85687255859375,108112
3007.0,483.90155029296875,465.5999755859375,482.0999755859375,486.3599853515625,349.6600036621094,73.0960922241211,-5.341552734375,108112
3008.0,483.3152160644531,465.3800048828125,481.6199951171875,485.5,349.5199890136719,72.9552001953125,-4.915252685546875,108112
3009.0,483.84820556640625,465.29998779296875,482.05999755859375,485.89996337890625,349.41998291015625,73.20311737060547,-5.0682373046875,108112
3010.0,483.2679443359375,465.3599853515625,481.760009765625,485.3778076171875,349.6399841308594,73.05074310302734,-4.70794677734375,108112
3011.0,482.7569885253906,465.47998046875,481.39996337890625,484.8599853515625,349.2349853515625,73.0582275390625,-4.477020263671875,108112
3012.0,483.69439697265625,465.5999755859375,482.05999755859375,485.5,348.9599914550781,73.24266815185547,-4.81439208984375,108112
3013.0,483.5445251464844,465.44000244140625,482.0,485.57781982421875,349.3399963378906,73.13579559326172,-4.744537353515625,108112
3014.0,483.1279296875,465.6400146484375,481.6199951171875,485.41998291015625,349.47998046875,72.9787368774414,-4.58795166015625,108112
3015.0,483.6479187011719,465.94000244140625,482.1199951171875,486.260009765625,348.8599853515625,73.18990325927734,-4.807952880859375,108112
3016.0,483.502685546875,465.94000244140625,481.82000732421875,485.8577880859375,348.6999816894531,73.3147201538086,-4.92266845703125,108112
3017.0,483.3070068359375,465.79998779296875,481.67999267578125,485.8599853515625,348.97998046875,73.25101470947266,-4.88702392578125,108112
3018.0,483.3048095703125,465.739990234375,481.58001708984375,485.8800048828125,349.3999938964844,73.14209747314453,-4.88482666015625,108112
3019.0,483.3179626464844,465.58001708984375,481.70001220703125,485.719970703125,349.29998779296875,73.20475006103516,-4.858001708984375,108112
3020.0,483.9948425292969,465.51995849609375,482.15997314453125,486.219970703125,349.17999267578125,73.42542266845703,-5.214874267578125,108112
3021.0,484.6530456542969,465.47998046875,482.6400146484375,486.8599853515625,348.8800048828125,73.71379852294922,-5.513031005859375,108112
3022.0,484.2994689941406,465.719970703125,482.51995849609375,486.44000244140625,348.8199768066406,73.7144546508789,-5.139495849609375,108112
3023.0,484.2901916503906,465.82000732421875,482.44000244140625,486.5999755859375,348.5,73.66399383544922,-5.210174560546875,108112
3024.0,484.3050231933594,465.67999267578125,482.3800048828125,486.3800048828125,348.7799987792969,73.65782165527344,-5.245025634765625,108112
3025.0,483.59954833984375,465.77996826171875,481.89996337890625,485.6400146484375,349.17999267578125,73.45532989501953,-4.799560546875,108112
3026.0,484.0877990722656,465.79998779296875,482.219970703125,486.260009765625,348.91497802734375,73.50292205810547,-5.167816162109375,108112
3027.0,484.40716552734375,465.760009765625,482.55999755859375,486.55999755859375,348.79998779296875,73.5062026977539,-5.2071533203125,108112
3028.0,484.59893798828125,465.5999755859375,482.6199951171875,486.8399658203125,349.1949768066406,73.52494049072266,-5.49896240234375,108112
3029.0,484.05963134765625,465.6199951171875,482.39996337890625,486.32000732421875,349.1199951171875,73.3951187133789,-4.899658203125,108112
3030.0,483.9239807128906,465.77996826171875,482.260009765625,486.27996826171875,349.4599914550781,73.40328979492188,-4.884002685546875,108112
3031.0,484.279541015625,465.739990234375,482.47998046875,486.5999755859375,349.7200012207031,73.35821533203125,-5.09954833984375,108112
3032.0,484.7393493652344,465.94000244140625,482.77996826171875,486.8399658203125,349.2200012207031,73.68844604492188,-5.379364013671875,108112
3033.0,484.9620056152344,465.82000732421875,483.0,487.17999267578125,348.8399963378906,73.79476165771484,-5.542022705078125,108112
3034.0,484.2452087402344,465.70001220703125,482.6400146484375,486.739990234375,349.1199951171875,73.38347625732422,-5.085235595703125,108112
3035.0,484.4184265136719,465.65997314453125,482.82000732421875,487.1199951171875,349.0999755859375,73.31978607177734,-5.218414306640625,108112
3036.0,484.0003662109375,465.5999755859375,482.3800048828125,486.47998046875,349.3999938964844,73.23477935791016,-5.0003662109375,108112
3037.0,483.5008239746094,465.77996826171875,482.0999755859375,486.19781494140625,349.2799987792969,73.20002746582031,-4.660858154296875,108112
3038.0,484.1639709472656,465.8599853515625,482.51995849609375,486.55999755859375,348.94000244140625,73.31412506103516,-4.944000244140625,108112
3039.0,483.82452392578125,465.9599609375,482.05999755859375,486.4599609375,348.8199768066406,73.36070251464844,-5.34454345703125,108112
3040.0,483.8233337402344,465.79998779296875,482.0,486.5,348.9599914550781,73.36677551269531,-5.443328857421875,108112
3041.0,483.8583679199219,465.91998291015625,482.05999755859375,486.41998291015625,349.0999755859375,73.35062408447266,-5.418365478515625,108112
3042.0,483.13275146484375,465.8399658203125,481.55999755859375,485.89996337890625,349.1199951171875,73.22628021240234,-5.01275634765625,108112
3043.0,483.4064636230469,465.55999755859375,481.67999267578125,485.73779296875,349.05999755859375,73.17143249511719,-5.066497802734375,108112
3044.0,483.7845458984375,465.55999755859375,481.91998291015625,485.8599853515625,348.8800048828125,73.4092025756836,-5.22454833984375,108112
3045.0,483.8263244628906,465.6400146484375,482.17999267578125,486.01995849609375,349.2200012207031,73.36302185058594,-5.006317138671875,108112
3046.0,484.5022277832031,465.67999267578125,482.6400146484375,486.8599853515625,349.0149841308594,73.53372192382812,-5.442230224609375,108112
3047.0,484.018798828125,465.5,482.0999755859375,486.3599853515625,349.05999755859375,73.39347076416016,-5.3988037109375,108112
3048.0,483.8483581542969,465.67999267578125,482.05999755859375,485.91998291015625,348.875,73.53108215332031,-5.128387451171875,108112
3049.0,484.5008239746094,465.55999755859375,482.55999755859375,486.739990234375,348.6999816894531,73.80352783203125,-5.400848388671875,108112
3050.0,484.3849182128906,465.41998291015625,482.5,486.6199951171875,348.5999755859375,73.85243225097656,-5.344940185546875,108112
3051.0,484.1700439453125,465.27996826171875,482.260009765625,486.15997314453125,348.614990234375,73.7880859375,-5.1700439453125,108112
3052.0,483.3630676269531,465.32000732421875,481.82000732421875,485.6400146484375,349.0999755859375,73.35409545898438,-4.683074951171875,108112
3053.0,482.8455505371094,465.6400146484375,481.58001708984375,485.0999755859375,349.3199768066406,73.2084732055664,-4.285552978515625,108112
3054.0,482.57666015625,465.6400146484375,481.3399658203125,484.4599609375,349.53497314453125,73.02953338623047,-4.2366943359375,108112
3055.0,482.2489318847656,465.51995849609375,480.8599853515625,484.29998779296875,349.0799865722656,73.01573181152344,-4.428924560546875,108112
3056.0,482.81890869140625,465.6199951171875,481.27996826171875,485.1199951171875,348.8199768066406,73.17135620117188,-4.71893310546875,108112
3057.0,483.0090026855469,465.97998046875,481.39996337890625,485.17999267578125,348.6600036621094,73.40933990478516,-4.669036865234375,108112
3058.0,483.6074523925781,465.77996826171875,481.82000732421875,485.760009765625,348.53997802734375,73.70645904541016,-5.027435302734375,108112
3059.0,483.68975830078125,465.67999267578125,481.8800048828125,485.97998046875,348.41998291015625,73.88056182861328,-5.06976318359375,108112
3060.0,484.4098815917969,465.760009765625,482.55999755859375,486.739990234375,348.3399963378906,74.03290557861328,-5.269866943359375,108112
3061.0,483.4888000488281,465.6400146484375,481.89996337890625,485.65997314453125,348.8999938964844,73.62882232666016,-4.708831787109375,108112
3062.0,482.4609375,465.65997314453125,481.1199951171875,484.89996337890625,348.614990234375,73.41486358642578,-4.42095947265625,108112
3063.0,483.2710266113281,465.41998291015625,481.6199951171875,485.58001708984375,348.3999938964844,73.4799575805664,-4.871063232421875,108112
3064.0,483.4166259765625,465.44000244140625,481.70001220703125,485.4599609375,348.7200012207031,73.5053939819336,-4.87664794921875,108112
3065.0,483.2917785644531,465.29998779296875,481.53997802734375,485.4599609375,349.0,73.4232177734375,-4.931793212890625,108112
3066.0,482.8374328613281,465.47998046875,481.260009765625,485.20001220703125,349.1199951171875,73.24851989746094,-4.717437744140625,108112
3067.0,483.23638916015625,465.5,481.47998046875,485.29998779296875,348.94000244140625,73.335205078125,-4.9364013671875,108112
3068.0,483.5989990234375,465.6199951171875,481.70001220703125,485.739990234375,348.875,73.43632507324219,-5.17901611328125,108112
3069.0,483.8110046386719,465.760009765625,481.89996337890625,486.0,348.47998046875,73.8279037475586,-5.331024169921875,108112
3070.0,483.6083984375,465.47998046875,481.8399658203125,485.89996337890625,348.8399963378906,73.64571380615234,-5.02838134765625,108112
3071.0,483.5708312988281,465.55999755859375,481.9599609375,486.03997802734375,348.6600036621094,73.55966186523438,-4.990814208984375,108112
3072.0,483.18011474609375,465.77996826171875,481.6199951171875,485.739990234375,348.2799987792969,73.50052642822266,-5.0201416015625,108112
3073.0,483.4946594238281,465.79998779296875,481.8599853515625,485.8800048828125,348.4599914550781,73.65248107910156,-4.974700927734375,108112
3074.0,483.760986328125,465.47998046875,481.97998046875,486.1199951171875,348.739990234375,73.56568908691406,-5.18096923828125,108112
3075.0,483.90484619140625,465.3399658203125,482.0,486.239990234375,348.9549865722656,73.49102020263672,-5.3648681640625,108112
3076.0,484.1305236816406,465.27996826171875,482.1400146484375,486.3599853515625,348.739990234375,73.60326385498047,-5.410552978515625,108112
3077.0,483.7514953613281,465.17999267578125,481.8800048828125,485.65997314453125,348.9599914550781,73.40974426269531,-5.091522216796875,108112
3078.0,483.2294006347656,465.47998046875,481.5,485.1199951171875,349.0999755859375,73.29039764404297,-4.929412841796875,108112
3079.0,483.0548400878906,465.41998291015625,481.3800048828125,485.15997314453125,349.17999267578125,73.25860595703125,-4.934844970703125,108112
3080.0,482.92230224609375,465.3399658203125,481.17999267578125,485.01995849609375,349.17999267578125,73.0155029296875,-5.0643310546875,108112
3081.0,483.1332702636719,465.6400146484375,481.47998046875,485.5999755859375,349.1199951171875,73.25627899169922,-4.993255615234375,108112
3082.0,483.39569091796875,465.41998291015625,481.70001220703125,485.8599853515625,349.0149841308594,73.45689392089844,-5.2357177734375,108112
3083.0,483.8986511230469,465.08001708984375,482.03997802734375,486.03997802734375,348.8800048828125,73.49183654785156,-5.358673095703125,108112
3084.0,483.8359680175781,465.05999755859375,481.91998291015625,485.91998291015625,348.8599853515625,73.48626708984375,-5.316009521484375,108112
3085.0,483.5445251464844,465.219970703125,481.760009765625,485.55999755859375,348.875,73.28102111816406,-5.124542236328125,108112
3086.0,483.6790771484375,465.3599853515625,481.8399658203125,485.79998779296875,348.8199768066406,73.3995361328125,-5.23907470703125,108112
3087.0,483.43603515625,465.20001220703125,481.70001220703125,485.53997802734375,348.79998779296875,73.42461395263672,-5.13604736328125,108112
3088.0,483.6387939453125,465.0999755859375,481.89996337890625,485.77996826171875,348.8399963378906,73.50335693359375,-5.1588134765625,108112
3089.0,484.0133972167969,465.41998291015625,482.15997314453125,486.29779052734375,348.739990234375,73.74832916259766,-5.373382568359375,108112
3090.0,484.2159118652344,465.3399658203125,482.239990234375,486.29998779296875,348.6999816894531,73.82151794433594,-5.475921630859375,108112
3091.0,484.24481201171875,465.17999267578125,482.27996826171875,486.51776123046875,348.5199890136719,73.74527740478516,-5.5848388671875,108112
3092.0,484.15673828125,465.5,482.29998779296875,486.51995849609375,348.41998291015625,73.73219299316406,-5.37677001953125,108112
3093.0,483.61614990234375,465.67999267578125,482.01995849609375,485.97998046875,348.6999816894531,73.66584777832031,-4.97613525390625,108112
3094.0,483.51275634765625,465.5999755859375,481.79998779296875,485.79998779296875,348.5999755859375,73.45462799072266,-5.15277099609375,108112
3095.0,483.61322021484375,465.6400146484375,481.82000732421875,485.739990234375,348.6999816894531,73.40564727783203,-5.11322021484375,108112
3096.0,483.9348449707031,465.53997802734375,482.17999267578125,486.1400146484375,348.6949768066406,73.45182037353516,-5.274871826171875,108112
3097.0,484.1072082519531,465.47998046875,482.44000244140625,486.17999267578125,348.8199768066406,73.52079010009766,-5.067230224609375,108112
3098.0,484.2197265625,465.6400146484375,482.3399658203125,486.27996826171875,348.8599853515625,73.53236389160156,-5.27972412109375,108112
3099.0,484.42132568359375,465.53997802734375,482.47998046875,486.32000732421875,348.94000244140625,73.61917114257812,-5.34130859375,108112
3100.0,484.3583984375,465.719970703125,482.5,486.239990234375,349.114990234375,73.50482940673828,-5.19842529296875,108112
3101.0,484.7530822753906,465.4599609375,482.65997314453125,486.57781982421875,348.8999938964844,73.55503845214844,-5.453094482421875,108112
3102.0,483.2921142578125,465.6199951171875,481.760009765625,485.3800048828125,349.1999816894531,73.30870056152344,-4.59210205078125,108112
3103.0,483.5717468261719,465.70001220703125,481.82000732421875,485.53997802734375,349.0199890136719,73.18970489501953,-5.011749267578125,108112
3104.0,483.5804443359375,465.41998291015625,481.82000732421875,485.55780029296875,349.1600036621094,73.08527374267578,-4.98046875,108112
3105.0,483.64300537109375,465.39996337890625,481.760009765625,485.58001708984375,348.97998046875,73.08476257324219,-5.123046875,108112
3106.0,483.3269958496094,465.3399658203125,481.719970703125,485.3399658203125,349.1199951171875,73.00696563720703,-4.707000732421875,108112
3107.0,482.5287780761719,465.58001708984375,481.15997314453125,484.79998779296875,349.2799987792969,72.98889923095703,-4.348785400390625,108112
3108.0,482.930908203125,465.6199951171875,481.3399658203125,485.1199951171875,349.0,73.17132568359375,-4.69091796875,108112
3109.0,482.5835876464844,465.469970703125,481.08001708984375,484.8599853515625,349.2799987792969,73.0311508178711,-4.623626708984375,108112
3110.0,482.631591796875,465.5999755859375,481.1199951171875,484.58001708984375,349.17498779296875,73.10081481933594,-4.57159423828125,108112
3111.0,482.83233642578125,465.53997802734375,481.3399658203125,484.8599853515625,349.2599792480469,73.13851928710938,-4.59234619140625,108112
3112.0,483.3912048339844,465.5,481.70001220703125,485.239990234375,349.17999267578125,73.19112396240234,-4.891204833984375,108112
3113.0,483.8918151855469,465.53997802734375,481.8599853515625,485.77996826171875,348.7349853515625,73.62677764892578,-5.311798095703125,108112
3114.0,483.8877868652344,465.44000244140625,481.91998291015625,485.760009765625,348.5199890136719,73.6802978515625,-5.367828369140625,108112
3115.0,484.2265930175781,465.4599609375,482.0999755859375,486.20001220703125,348.5999755859375,73.70545959472656,-5.686614990234375,108112
3116.0,483.72869873046875,465.47998046875,481.82000732421875,485.58001708984375,348.53997802734375,73.62458801269531,-5.148681640625,108112
3117.0,483.72369384765625,465.44000244140625,481.8800048828125,485.719970703125,348.67999267578125,73.53965759277344,-5.2037353515625,108112
3118.0,483.1964416503906,465.20001220703125,481.44000244140625,485.39776611328125,348.8800048828125,73.35011291503906,-5.036468505859375,108112
3119.0,482.95025634765625,465.41998291015625,481.0,485.05999755859375,349.0199890136719,73.16834259033203,-5.270263671875,108112
3120.0,483.1012878417969,465.53997802734375,481.17999267578125,485.2177734375,349.03997802734375,73.21253204345703,-5.221282958984375,108112
3121.0,483.3126525878906,465.67999267578125,481.47998046875,485.44000244140625,348.8999938964844,73.42079162597656,-5.132659912109375,108112
3122.0,483.95477294921875,465.58001708984375,481.89996337890625,486.20001220703125,348.7799987792969,73.50297546386719,-5.634765625,108112
3123.0,484.2564392089844,465.53997802734375,482.29998779296875,486.6199951171875,348.6199951171875,73.62126922607422,-5.616424560546875,108112
3124.0,484.341064453125,465.47998046875,482.39996337890625,486.89996337890625,348.2599792480469,73.83858489990234,-5.66107177734375,108112
3125.0,484.30548095703125,465.3399658203125,482.26898193359375,486.5,348.5999755859375,73.67488098144531,-5.6455078125,108112
3126.0,482.8954162597656,465.4599609375,481.239990234375,484.9599609375,349.03497314453125,73.30181884765625,-4.835418701171875,108112
3127.0,483.1480407714844,465.79998779296875,481.6199951171875,485.15997314453125,348.5999755859375,73.54450988769531,-4.608062744140625,108112
3128.0,483.3015441894531,465.8399658203125,481.65997314453125,485.29998779296875,348.4549865722656,73.69674682617188,-4.801544189453125,108112
3129.0,483.72344970703125,465.8800048828125,481.91998291015625,485.8399658203125,348.55999755859375,73.72374725341797,-5.10345458984375,108112
3130.0,484.0959167480469,465.8800048828125,482.1199951171875,486.3399658203125,348.3999938964844,73.8145751953125,-5.435943603515625,108112
3131.0,484.2035217285156,465.67999267578125,482.29998779296875,486.32000732421875,348.3349914550781,73.90888214111328,-5.303558349609375,108112
3132.0,484.4122009277344,465.39996337890625,482.39996337890625,486.4599609375,348.3999938964844,73.71470642089844,-5.492218017578125,108112
3133.0,483.9075622558594,465.15997314453125,482.1199951171875,486.0999755859375,348.3599853515625,73.60845947265625,-5.147552490234375,108112
3134.0,484.347900390625,465.27996826171875,482.3399658203125,486.3399658203125,348.41998291015625,73.68973541259766,-5.32794189453125,108112
3135.0,484.6650390625,465.15997314453125,482.5889892578125,486.6199951171875,348.53997802734375,73.73094177246094,-5.5250244140625,108112
3136.0,483.819580078125,465.01995849609375,482.0,485.6199951171875,348.6999816894531,73.47908020019531,-4.99957275390625,108112
3137.0,483.3511962890625,465.260009765625,481.719970703125,485.44000244140625,348.739990234375,73.38304138183594,-4.79119873046875,108112
3138.0,483.8142395019531,465.41998291015625,482.14898681640625,485.79998779296875,348.5,73.5338134765625,-4.834259033203125,108112
3139.0,483.1092529296875,465.79998779296875,481.51995849609375,485.08001708984375,348.6399841308594,73.5029296875,-4.58929443359375,108112
3140.0,482.7953186035156,466.03997802734375,481.260009765625,484.9599609375,348.8949890136719,73.44166564941406,-4.535308837890625,108112
3141.0,483.48602294921875,465.8800048828125,481.8399658203125,485.6199951171875,348.594970703125,73.58740997314453,-4.7860107421875,108112
3142.0,483.984375,465.79998779296875,482.15997314453125,486.0999755859375,348.1999816894531,73.7674331665039,-5.224365234375,108112
3143.0,483.8824768066406,465.65997314453125,482.1689758300781,485.91998291015625,348.375,73.69771575927734,-5.002471923828125,108112
3144.0,484.2110595703125,465.65997314453125,482.3800048828125,486.3399658203125,348.4599914550781,73.72386169433594,-5.2510986328125,108112
3145.0,484.0056457519531,465.65997314453125,482.1400146484375,486.44000244140625,348.35498046875,73.78673553466797,-5.4876708984375,108112
3146.0,483.97003173828125,465.29998779296875,482.1400146484375,486.3800048828125,348.2799987792969,73.81492614746094,-5.37005615234375,108112
3147.0,484.0034484863281,465.27996826171875,482.0999755859375,486.08001708984375,348.1399841308594,73.7809829711914,-5.283477783203125,108112
3148.0,484.36688232421875,465.1199951171875,482.44000244140625,486.3399658203125,348.1549987792969,73.74125671386719,-5.38690185546875,108112
3149.0,484.763671875,465.29998779296875,482.79998779296875,486.89996337890625,348.3149719238281,73.96271514892578,-5.523681640625,108112
3150.0,484.6969299316406,465.239990234375,482.760009765625,486.9599609375,348.1600036621094,74.02717590332031,-5.496917724609375,108112
3151.0,484.4392395019531,465.20001220703125,482.65997314453125,486.58001708984375,348.5199890136719,73.85535430908203,-5.299224853515625,108112
3152.0,483.9601135253906,465.239990234375,482.0999755859375,486.0,349.05999755859375,73.50579833984375,-5.260101318359375,108112
3153.0,484.1283874511719,465.0999755859375,482.32000732421875,486.27996826171875,348.614990234375,73.69026947021484,-5.308380126953125,108112
3154.0,484.2586975097656,465.32000732421875,482.4599609375,486.53997802734375,348.5999755859375,73.78607940673828,-5.318695068359375,108112
3155.0,484.5125427246094,465.05999755859375,482.53997802734375,486.77996826171875,348.67999267578125,73.82868194580078,-5.592559814453125,108112
3156.0,484.47491455078125,464.8599853515625,482.55999755859375,486.55999755859375,348.9599914550781,73.74691009521484,-5.4149169921875,108112
3157.0,483.7430725097656,465.1400146484375,481.9599609375,485.760009765625,348.97998046875,73.38214874267578,-5.043060302734375,108112
3158.0,484.2828369140625,465.08001708984375,482.219970703125,486.3800048828125,348.6600036621094,73.50755310058594,-5.5428466796875,108112
3159.0,483.9854736328125,465.03997802734375,481.97998046875,485.91998291015625,349.0,73.448974609375,-5.365478515625,108112
3160.0,484.28851318359375,465.15997314453125,482.219970703125,486.239990234375,348.6949768066406,73.62446594238281,-5.508544921875,108112
3161.0,484.59405517578125,465.32000732421875,482.58001708984375,486.51995849609375,348.5999755859375,73.7981948852539,-5.5140380859375,108112
3162.0,484.1094665527344,465.44000244140625,482.239990234375,485.9599609375,348.6399841308594,73.66272735595703,-5.209503173828125,108112
3163.0,483.3887939453125,465.719970703125,481.739990234375,485.41998291015625,348.5,73.69818878173828,-4.86883544921875,108112
3164.0,484.092529296875,465.55999755859375,482.3399658203125,486.1199951171875,348.91998291015625,73.71337127685547,-5.07257080078125,108112
3165.0,483.11285400390625,465.219970703125,481.5999755859375,485.32000732421875,348.8999938964844,73.52958679199219,-4.69287109375,108112
3166.0,483.0311279296875,465.58001708984375,481.5889892578125,485.239990234375,348.8800048828125,73.53372192382812,-4.63116455078125,108112
3167.0,483.36090087890625,465.51995849609375,481.760009765625,485.32000732421875,348.91998291015625,73.39611053466797,-4.76092529296875,108112
3168.0,482.91455078125,465.29998779296875,481.41998291015625,485.03997802734375,349.1999816894531,73.23774719238281,-4.63458251953125,108112
3169.0,483.654541015625,465.3599853515625,481.89996337890625,485.65997314453125,348.9749755859375,73.38268280029297,-4.99456787109375,108112
3170.0,483.2799072265625,465.3399658203125,481.5,485.3599853515625,349.0149841308594,73.27751922607422,-4.99993896484375,108112
3171.0,483.2756042480469,465.3800048828125,481.5999755859375,485.55999755859375,349.0799865722656,73.31344604492188,-4.955596923828125,108112
3172.0,483.38616943359375,465.2699890136719,481.6400146484375,485.79779052734375,349.2599792480469,73.22816467285156,-5.1861572265625,108112
3173.0,483.4949951171875,465.6400146484375,481.739990234375,485.67999267578125,348.8599853515625,73.43645477294922,-5.0150146484375,108112
3174.0,483.7457275390625,465.58001708984375,481.89996337890625,485.8399658203125,348.41497802734375,73.67301177978516,-5.06573486328125,108112
3175.0,483.5479736328125,465.219970703125,481.8399658203125,485.82000732421875,348.8999938964844,73.4742431640625,-5.0479736328125,108112
3176.0,483.232421875,465.3699951171875,481.5999755859375,485.53997802734375,349.17498779296875,73.1837387084961,-4.87445068359375,108112
3177.0,482.5681457519531,465.6199951171875,481.27996826171875,484.65997314453125,349.2200012207031,73.03182220458984,-4.368133544921875,108112
3178.0,482.99700927734375,465.65997314453125,481.4599609375,485.53997802734375,348.8199768066406,73.1572494506836,-4.73699951171875,108112
3179.0,483.1838073730469,465.469970703125,481.5690002441406,485.3599853515625,348.91998291015625,73.27131652832031,-4.803802490234375,108112
3180.0,483.06695556640625,465.15997314453125,481.3599853515625,485.39996337890625,349.4949951171875,73.10054779052734,-4.866943359375,108112
3181.0,483.13140869140625,465.32000732421875,481.44000244140625,485.39996337890625,349.5799865722656,73.15098571777344,-4.8314208984375,108112
3182.0,483.0364685058594,465.4599609375,481.44000244140625,485.3800048828125,349.41998291015625,73.2111587524414,-4.716461181640625,108112
3183.0,483.14801025390625,465.58001708984375,481.41998291015625,485.41998291015625,349.1600036621094,73.3291015625,-4.90802001953125,108112
3184.0,482.6203308105469,465.44000244140625,481.0,484.8800048828125,349.2599792480469,73.14549255371094,-4.700347900390625,108112
3185.0,482.4494323730469,465.77996826171875,480.79998779296875,484.79998779296875,348.9599914550781,73.27328491210938,-4.809417724609375,108112
3186.0,482.77740478515625,465.79998779296875,480.8800048828125,484.89996337890625,349.1199951171875,73.2121353149414,-5.15740966796875,108112
3187.0,483.6177673339844,465.82000732421875,481.53997802734375,485.89996337890625,349.03997802734375,73.33004760742188,-5.577789306640625,108112
3188.0,483.2054138183594,465.6199951171875,481.27996826171875,485.29998779296875,348.8199768066406,73.3802719116211,-5.185455322265625,108112
3189.0,482.6478576660156,465.51995849609375,480.9089660644531,484.65997314453125,348.55999755859375,73.31448364257812,-4.967864990234375,108112
3190.0,483.6267395019531,465.44000244140625,481.5999755859375,485.79998779296875,348.4549865722656,73.39594268798828,-5.426727294921875,108112
3191.0,484.1975402832031,465.3399658203125,482.1199951171875,486.58001708984375,348.1399841308594,73.50090789794922,-5.617523193359375,108112
3192.0,484.6627502441406,465.719970703125,482.4599609375,486.91998291015625,348.1199951171875,73.5126724243164,-5.722747802734375,108112
3193.0,484.08685302734375,465.760009765625,482.1199951171875,486.239990234375,348.29498291015625,73.63056945800781,-5.34686279296875,108112
3194.0,484.2220153808594,465.3800048828125,482.1199951171875,486.3800048828125,348.1349792480469,73.62997436523438,-5.622039794921875,108112
3195.0,484.36273193359375,465.3399658203125,482.219970703125,486.6199951171875,348.2599792480469,73.7868881225586,-5.76275634765625,108112
3196.0,484.4288024902344,465.05999755859375,482.260009765625,486.58001708984375,347.91998291015625,73.8652114868164,-5.828826904296875,108112
3197.0,484.51153564453125,464.8800048828125,482.39996337890625,486.67999267578125,348.1999816894531,73.7186279296875,-5.83154296875,108112
3198.0,484.3583984375,465.03997802734375,482.32000732421875,486.55780029296875,348.2200012207031,73.78755950927734,-5.618408203125,108112
3199.0,484.12322998046875,465.03997802734375,482.260009765625,486.20001220703125,348.6600036621094,73.55936431884766,-5.26324462890625,108112
3200.0,483.11578369140625,465.219970703125,481.50897216796875,485.17999267578125,348.97998046875,73.22748565673828,-4.67578125,108112
3201.0,483.3250427246094,465.27996826171875,481.6400146484375,485.219970703125,349.3199768066406,73.0289535522461,-4.765045166015625,108112
3202.0,482.861572265625,465.29998779296875,481.239990234375,484.977783203125,349.3149719238281,72.92463684082031,-4.66156005859375,108112
3203.0,482.7193908691406,465.260009765625,481.1400146484375,484.8399658203125,349.3399963378906,72.86958312988281,-4.639373779296875,108112
3204.0,483.0154113769531,465.20001220703125,481.29998779296875,484.89996337890625,349.3999938964844,72.9415283203125,-4.715423583984375,108112
3205.0,482.8781433105469,465.05999755859375,481.1199951171875,484.9599609375,349.5199890136719,72.81256103515625,-4.938140869140625,108112
3206.0,483.79620361328125,465.260009765625,481.8599853515625,485.94000244140625,349.1199951171875,73.28726196289062,-5.2362060546875,108112
3207.0,484.2600402832031,465.29998779296875,482.219970703125,486.53997802734375,349.05499267578125,73.64347076416016,-5.480072021484375,108112
3208.0,484.18048095703125,465.17999267578125,482.20001220703125,486.39996337890625,349.0999755859375,73.38569641113281,-5.4005126953125,108112
3209.0,484.13287353515625,465.3800048828125,482.0999755859375,486.219970703125,349.3800048828125,73.22964477539062,-5.432861328125,108112
3210.0,484.3395690917969,465.39996337890625,482.39996337890625,486.3599853515625,349.03997802734375,73.53898620605469,-5.299591064453125,108112
3211.0,484.575439453125,465.219970703125,482.51995849609375,486.67999267578125,348.8599853515625,73.58563995361328,-5.615478515625,108112
3212.0,484.37017822265625,465.32000732421875,482.41998291015625,486.44000244140625,348.79998779296875,73.53980255126953,-5.39019775390625,108112
3213.0,484.3523254394531,465.55999755859375,482.3489685058594,486.3800048828125,348.55999755859375,73.81678009033203,-5.412322998046875,108112
3214.0,484.81317138671875,465.5999755859375,482.65997314453125,486.7578125,348.53997802734375,73.81845092773438,-5.61517333984375,108112
3215.0,484.82757568359375,465.41998291015625,482.65997314453125,486.82000732421875,349.03997802734375,73.57721710205078,-5.70758056640625,108112
3216.0,484.7267761230469,465.5999755859375,482.41998291015625,486.719970703125,348.9599914550781,73.54235076904297,-5.906768798828125,108112
3217.0,484.4067077636719,465.5,482.1199951171875,486.47998046875,349.1199951171875,73.23590087890625,-5.806732177734375,108112
3218.0,484.5145568847656,465.08001708984375,482.32000732421875,486.65997314453125,349.2799987792969,73.1939697265625,-5.814544677734375,108112
3219.0,484.5292053222656,464.9599609375,482.3800048828125,486.67999267578125,349.0999755859375,73.42300415039062,-5.729217529296875,108112
3220.0,484.0032958984375,465.20001220703125,481.97998046875,486.03997802734375,349.41998291015625,73.1995620727539,-5.46331787109375,108112
3221.0,483.4334716796875,465.3399658203125,481.53997802734375,485.67999267578125,349.67999267578125,73.11638641357422,-5.29345703125,108112
3222.0,484.01007080078125,465.3800048828125,482.0,486.219970703125,349.4599914550781,73.27095794677734,-5.4500732421875,108112
3223.0,484.2488098144531,465.94000244140625,482.39996337890625,486.3399658203125,349.2149963378906,73.53182983398438,-5.188812255859375,108112
3224.0,484.6598205566406,465.739990234375,482.6199951171875,486.70001220703125,349.0799865722656,73.61638641357422,-5.619842529296875,108112
3225.0,484.36956787109375,465.6199951171875,482.4599609375,486.3800048828125,349.2200012207031,73.53844451904297,-5.38958740234375,108112
3226.0,484.1341247558594,465.58001708984375,482.3399658203125,486.219970703125,349.2799987792969,73.46272277832031,-5.154144287109375,108112
3227.0,483.332275390625,465.55999755859375,481.5999755859375,485.47998046875,349.8999938964844,73.1184310913086,-4.832275390625,108112
3228.0,482.7804870605469,465.51995849609375,481.219970703125,485.219970703125,349.8599853515625,73.0245590209961,-4.720489501953125,108112
3229.0,482.5731506347656,465.39996337890625,481.0999755859375,484.8800048828125,349.7799987792969,73.04867553710938,-4.493133544921875,108112
3230.0,482.88494873046875,465.5,481.239990234375,485.0999755859375,349.8599853515625,73.01738739013672,-4.804931640625,108112
3231.0,483.300048828125,465.27996826171875,481.3800048828125,485.20001220703125,349.53997802734375,73.07967376708984,-5.10003662109375,108112
3232.0,483.0783386230469,465.15997314453125,481.239990234375,485.0999755859375,349.8199768066406,72.94816589355469,-5.058380126953125,108112
3233.0,483.480224609375,465.3800048828125,481.760009765625,485.39996337890625,349.4749755859375,73.21636962890625,-4.80023193359375,108112
3234.0,483.9796142578125,465.5999755859375,482.20001220703125,485.9599609375,349.1999816894531,73.44570922851562,-5.05963134765625,108112
3235.0,483.7071838378906,465.6499938964844,481.9599609375,485.65997314453125,349.47998046875,73.17411804199219,-4.907196044921875,108112
3236.0,483.9414367675781,465.77996826171875,482.20001220703125,485.8800048828125,349.1999816894531,73.33574676513672,-4.881439208984375,108112
3237.0,483.73883056640625,465.739990234375,481.9599609375,485.760009765625,349.2749938964844,73.33689880371094,-5.038818359375,108112
3238.0,483.33404541015625,465.760009765625,481.6400146484375,485.39996337890625,349.47998046875,73.16136169433594,-4.93408203125,108112
3239.0,483.7734069824219,465.739990234375,481.9599609375,485.65997314453125,349.4549865722656,73.2750473022461,-5.013397216796875,108112
3240.0,483.78521728515625,466.01995849609375,481.89996337890625,485.6199951171875,349.6399841308594,73.42035675048828,-5.06524658203125,108112
3241.0,484.4993896484375,465.70001220703125,482.4599609375,486.6199951171875,348.9949951171875,73.65140533447266,-5.57940673828125,108112
3242.0,484.69842529296875,465.8399658203125,482.55999755859375,486.8399658203125,348.8199768066406,73.75320434570312,-5.678466796875,108112
3243.0,484.4842224121094,465.719970703125,482.3800048828125,486.5,349.03997802734375,73.70545959472656,-5.604217529296875,108112
3244.0,484.4784240722656,465.79998779296875,482.51995849609375,486.79998779296875,348.8599853515625,73.62570190429688,-5.538421630859375,108112
3245.0,484.6208190917969,465.719970703125,482.5999755859375,486.760009765625,348.6199951171875,73.64086151123047,-5.560821533203125,108112
3246.0,484.9003601074219,465.5,482.77996826171875,486.89996337890625,349.1199951171875,73.47667694091797,-5.640350341796875,108112
3247.0,484.7133483886719,465.77996826171875,482.6199951171875,486.719970703125,349.55999755859375,73.22823333740234,-5.693389892578125,108112
3248.0,484.4022521972656,465.79998779296875,482.3599853515625,486.3800048828125,349.5749816894531,73.17808532714844,-5.462249755859375,108112
3249.0,484.3279724121094,465.47998046875,482.29998779296875,486.1199951171875,349.67999267578125,73.16783142089844,-5.368011474609375,108112
3250.0,484.3895263671875,465.6199951171875,482.4599609375,486.1177978515625,349.91998291015625,73.17555236816406,-5.171539306640625,108112
3251.0,484.6846923828125,465.6400146484375,482.5999755859375,486.5,349.8800048828125,73.11820220947266,-5.48468017578125,108112
3252.0,484.5408630371094,465.17999267578125,482.4599609375,486.3599853515625,349.44000244140625,73.25115203857422,-5.700897216796875,108112
3253.0,484.3871154785156,465.20001220703125,482.41998291015625,486.17999267578125,349.47998046875,73.16124725341797,-5.367156982421875,108112
3254.0,484.10736083984375,465.3399658203125,482.239990234375,486.20001220703125,349.6999816894531,73.15757751464844,-5.2073974609375,108112
3255.0,484.018310546875,465.53997802734375,482.219970703125,486.1400146484375,349.8999938964844,73.14069366455078,-5.1583251953125,108112
3256.0,483.40240478515625,465.719970703125,481.719970703125,485.5,349.91497802734375,73.07292175292969,-4.8824462890625,108112
3257.0,483.4043884277344,465.82000732421875,481.82000732421875,485.58001708984375,349.8800048828125,73.160888671875,-4.844390869140625,108112
3258.0,483.6532897949219,465.6199951171875,481.89996337890625,485.79998779296875,349.5,73.23725128173828,-5.053314208984375,108112
3259.0,483.9419860839844,465.760009765625,482.03997802734375,486.08001708984375,349.594970703125,73.20746612548828,-5.301971435546875,108112
3260.0,484.8076477050781,465.70001220703125,482.77996826171875,487.219970703125,349.5199890136719,73.12393951416016,-5.747650146484375,108112
3261.0,483.9722900390625,465.4599609375,482.00897216796875,486.03778076171875,349.3599853515625,72.98368072509766,-5.352294921875,108112
3262.0,483.4988708496094,465.32000732421875,481.760009765625,485.58001708984375,349.4549865722656,72.94181060791016,-5.018890380859375,108112
3263.0,483.0143737792969,465.27996826171875,481.39996337890625,485.219970703125,349.3999938964844,72.97697448730469,-4.774383544921875,108112
3264.0,483.5093688964844,465.5,481.739990234375,485.51995849609375,349.3800048828125,73.16665649414062,-5.089385986328125,108112
3265.0,484.0718688964844,465.70001220703125,482.1400146484375,486.17999267578125,349.375,73.3466796875,-5.451873779296875,108112
3266.0,484.5101013183594,465.719970703125,482.4599609375,486.58001708984375,349.1600036621094,73.48128509521484,-5.570098876953125,108112
3267.0,484.7017822265625,465.719970703125,482.760009765625,486.8800048828125,349.03997802734375,73.66331481933594,-5.50177001953125,108112
3268.0,484.95465087890625,465.55999755859375,482.77996826171875,487.15997314453125,349.2349853515625,73.41452026367188,-5.95465087890625,108112
3269.0,484.603515625,465.760009765625,482.53997802734375,486.89996337890625,349.53497314453125,73.36387634277344,-5.6435546875,108112
3270.0,485.1567077636719,465.8399658203125,483.0999755859375,487.239990234375,349.4949951171875,73.54840850830078,-5.536712646484375,108112
3271.0,485.35272216796875,465.3599853515625,483.20001220703125,487.3399658203125,349.6199951171875,73.38754272460938,-5.63275146484375,108112
3272.0,484.5931396484375,465.6300048828125,482.5999755859375,486.44000244140625,349.43499755859375,73.36515045166016,-5.213134765625,108112
3273.0,484.8670654296875,465.53997802734375,482.91998291015625,487.0,349.2149963378906,73.57762145996094,-5.3870849609375,108112
3274.0,485.4162902832031,465.55999755859375,483.3599853515625,487.47998046875,349.5199890136719,73.64811706542969,-5.536285400390625,108112
3275.0,485.2504577636719,465.739990234375,483.27996826171875,487.219970703125,349.739990234375,73.47077941894531,-5.310455322265625,108112
3276.0,484.993896484375,465.739990234375,483.0999755859375,487.05999755859375,349.7749938964844,73.39430236816406,-5.25390625,108112
3277.0,485.1702880859375,465.77996826171875,483.15997314453125,487.2177734375,349.6549987792969,73.44287872314453,-5.61029052734375,108112
3278.0,484.6343994140625,465.58001708984375,482.58001708984375,486.5,349.5149841308594,73.3589096069336,-5.4144287109375,108112
3279.0,483.9814453125,465.58001708984375,482.05999755859375,485.89996337890625,349.6399841308594,73.12515258789062,-5.20147705078125,108112
3280.0,484.1559753417969,465.55999755859375,482.219970703125,486.0999755859375,349.7200012207031,73.11114501953125,-5.275970458984375,108112
3281.0,483.6943359375,465.58001708984375,481.94000244140625,485.65997314453125,349.6349792480469,73.15447235107422,-4.99432373046875,108112
3282.0,483.613037109375,465.65997314453125,481.91998291015625,485.7177734375,349.6600036621094,73.06999969482422,-4.89306640625,108112
3283.0,484.4791564941406,465.8800048828125,482.67999267578125,486.58001708984375,349.55499267578125,73.34454345703125,-5.221160888671875,108112
3284.0,484.6864318847656,465.97998046875,482.65997314453125,486.82000732421875,349.2200012207031,73.65564727783203,-5.486419677734375,108112
3285.0,484.8036193847656,465.79998779296875,482.79998779296875,487.0999755859375,349.1549987792969,73.67951965332031,-5.543609619140625,108112
3286.0,484.7008361816406,465.79998779296875,482.6400146484375,487.15997314453125,348.94000244140625,73.70082092285156,-5.740875244140625,108112
3287.0,484.698486328125,465.6400146484375,482.6400146484375,487.05999755859375,348.8949890136719,73.74967193603516,-5.738525390625,108112
3288.0,484.72943115234375,465.719970703125,482.67999267578125,486.9599609375,349.375,73.64010620117188,-5.66943359375,108112
3289.0,484.58056640625,465.58001708984375,482.6199951171875,486.9599609375,349.1549987792969,73.5261459350586,-5.64056396484375,108112
3290.0,485.1163024902344,465.4599609375,483.05999755859375,487.47998046875,349.1549987792969,73.45476531982422,-5.876312255859375,108112
3291.0,485.3100280761719,466.0,483.27996826171875,487.94000244140625,348.7799987792969,73.667724609375,-5.970062255859375,108112
3292.0,485.44244384765625,466.0999755859375,483.3599853515625,488.3399658203125,348.67999267578125,73.69525909423828,-6.242431640625,108112
3293.0,485.6192932128906,465.82000732421875,483.51995849609375,488.44000244140625,348.3599853515625,73.7655029296875,-6.279327392578125,108112
3294.0,485.12689208984375,465.5999755859375,483.03997802734375,487.53997802734375,348.239990234375,73.7858657836914,-5.846923828125,108112
3295.0,485.28741455078125,465.5,483.15997314453125,487.760009765625,348.5,73.7651596069336,-6.12744140625,108112
3296.0,485.29498291015625,465.51995849609375,483.0,488.01995849609375,348.5,73.68327331542969,-6.4749755859375,108112
3297.0,485.1413879394531,465.6400146484375,482.9289855957031,487.67999267578125,348.3399963378906,73.83372497558594,-6.181427001953125,108112
3298.0,485.11505126953125,465.67999267578125,482.89996337890625,487.44000244140625,348.79998779296875,73.79228973388672,-6.0350341796875,108112
3299.0,484.76055908203125,465.739990234375,482.82000732421875,487.05999755859375,348.8599853515625,73.80619049072266,-5.58056640625,108112
3300.0,484.9001159667969,465.41998291015625,482.8399658203125,486.94000244140625,348.7799987792969,73.76371002197266,-5.660125732421875,108112
3301.0,484.8028564453125,465.53997802734375,482.77996826171875,487.0,349.0199890136719,73.66788482666016,-5.662841796875,108112
3302.0,485.01708984375,465.739990234375,482.8800048828125,487.27996826171875,348.8599853515625,73.80817413330078,-5.83709716796875,108112
3303.0,485.1387023925781,465.53997802734375,482.91998291015625,487.51995849609375,348.7200012207031,73.7977294921875,-6.218719482421875,108112
3304.0,485.50494384765625,465.55999755859375,483.20001220703125,487.91998291015625,348.5999755859375,73.78787231445312,-6.36492919921875,108112
3305.0,485.34326171875,465.719970703125,482.97998046875,487.67999267578125,348.8199768066406,73.77273559570312,-6.36328125,108112
3306.0,485.1081848144531,465.719970703125,482.89996337890625,487.65997314453125,348.8399963378906,73.65357208251953,-6.248199462890625,108112
3307.0,485.0278625488281,465.5999755859375,482.82000732421875,487.6177978515625,348.8800048828125,73.6090316772461,-6.227874755859375,108112
3308.0,484.9044189453125,465.4599609375,482.739990234375,487.44000244140625,348.93499755859375,73.49964904785156,-6.08441162109375,108112
3309.0,485.0922546386719,465.4599609375,483.01995849609375,487.70001220703125,348.8399963378906,73.46633911132812,-5.992279052734375,108112
3310.0,485.5216064453125,465.41998291015625,483.3800048828125,488.15997314453125,348.7749938964844,73.541259765625,-6.24163818359375,108112
3311.0,485.7699890136719,465.6199951171875,483.70001220703125,488.53778076171875,348.53997802734375,73.6856460571289,-6.230010986328125,108112
3312.0,485.3725280761719,465.91998291015625,483.41998291015625,487.91998291015625,348.3800048828125,73.88337707519531,-5.812530517578125,108112
3313.0,485.2790222167969,465.82000732421875,483.3399658203125,487.70001220703125,348.3999938964844,73.73554229736328,-5.759063720703125,108112
3314.0,485.1564636230469,465.8800048828125,483.219970703125,487.8599853515625,348.7200012207031,73.51492309570312,-5.856475830078125,108112
3315.0,484.5354309082031,465.89996337890625,482.7489929199219,486.9599609375,348.67999267578125,73.45756530761719,-5.335418701171875,108112
3316.0,484.38275146484375,465.8800048828125,482.5999755859375,486.55999755859375,349.2349853515625,73.27826690673828,-5.12274169921875,108112
3317.0,484.8770751953125,465.8599853515625,483.01995849609375,486.9599609375,348.6600036621094,73.4623794555664,-5.31707763671875,108112
3318.0,485.0076599121094,465.8899841308594,483.0999755859375,487.27996826171875,348.97998046875,73.49678802490234,-5.487701416015625,108112
3319.0,484.9958801269531,465.719970703125,483.0,487.32000732421875,348.8599853515625,73.4861831665039,-5.735870361328125,108112
3320.0,484.619384765625,465.67999267578125,482.79998779296875,487.219970703125,349.0799865722656,73.44659423828125,-5.639404296875,108112
3321.0,484.0197448730469,465.3800048828125,482.260009765625,486.43780517578125,349.29498291015625,73.21259307861328,-5.299774169921875,108112
3322.0,484.45172119140625,465.55999755859375,482.53997802734375,487.0999755859375,349.1399841308594,73.3176040649414,-5.751708984375,108112
3323.0,484.5340881347656,465.70001220703125,482.65997314453125,487.05999755859375,348.9949951171875,73.51792907714844,-5.554107666015625,108112
3324.0,483.9511413574219,465.53997802734375,482.27996826171875,486.219970703125,349.0199890136719,73.4637451171875,-5.011138916015625,108112
3325.0,484.2229309082031,465.760009765625,482.41998291015625,486.4599609375,348.9949951171875,73.45246124267578,-5.242950439453125,108112
3326.0,484.82891845703125,465.5999755859375,483.0,486.94000244140625,349.0199890136719,73.57037353515625,-5.44891357421875,108112
3327.0,484.6876220703125,465.8800048828125,482.8800048828125,486.719970703125,349.1999816894531,73.47705841064453,-5.2276611328125,108112
3328.0,483.9908447265625,465.70001220703125,482.260009765625,486.44000244140625,349.55999755859375,73.13270568847656,-5.19085693359375,108112
3329.0,483.7991027832031,465.79998779296875,482.03997802734375,486.53997802734375,349.1399841308594,73.27754974365234,-5.379119873046875,108112
3330.0,483.61407470703125,465.7699890136719,481.9599609375,486.01995849609375,348.9949951171875,73.35702514648438,-4.9541015625,108112
3331.0,483.67425537109375,465.8800048828125,482.1199951171875,486.05999755859375,349.239990234375,73.21493530273438,-4.81427001953125,108112
3332.0,484.13226318359375,465.8599853515625,482.47998046875,486.3800048828125,349.5,73.24028778076172,-5.01226806640625,108112
3333.0,484.6461181640625,465.82000732421875,482.77996826171875,486.94000244140625,349.29998779296875,73.32283782958984,-5.46612548828125,108112
3334.0,484.57623291015625,465.77996826171875,482.77996826171875,486.8399658203125,349.1999816894531,73.46498107910156,-5.396240234375,108112
3335.0,484.5104064941406,466.0,482.8399658203125,486.97998046875,349.094970703125,73.51351165771484,-5.270416259765625,108112
3336.0,484.63616943359375,466.1400146484375,482.8399658203125,486.9599609375,349.03997802734375,73.66848754882812,-5.27618408203125,108112
3337.0,484.83526611328125,466.03997802734375,482.8399658203125,486.9599609375,348.8399963378906,73.78961181640625,-5.59527587890625,108112
3338.0,483.7666320800781,465.91998291015625,482.03997802734375,485.760009765625,349.3999938964844,73.33574676513672,-4.946624755859375,108112
3339.0,483.6244201660156,465.8800048828125,482.01995849609375,485.67999267578125,349.6999816894531,73.19182586669922,-4.824432373046875,108112
3340.0,483.86834716796875,465.8800048828125,482.17999267578125,485.9599609375,349.4549865722656,73.08552551269531,-5.04833984375,108112
3341.0,483.8764953613281,465.97998046875,482.08001708984375,485.79998779296875,349.2549743652344,73.04743194580078,-5.096527099609375,108112
3342.0,483.51959228515625,465.94000244140625,482.0,485.58001708984375,349.44000244140625,73.15348052978516,-4.67962646484375,108112
3343.0,484.0679626464844,466.1400146484375,482.3800048828125,486.0999755859375,349.2599792480469,73.20335388183594,-4.907989501953125,108112
3344.0,484.3446960449219,466.27996826171875,482.67999267578125,486.3800048828125,349.3599853515625,73.25946807861328,-4.964691162109375,108112
3345.0,484.6982727050781,466.20001220703125,482.8399658203125,486.719970703125,349.17999267578125,73.29115295410156,-5.118255615234375,108112
3346.0,484.57861328125,466.260009765625,482.739990234375,486.91998291015625,349.1199951171875,73.27515411376953,-5.15863037109375,108112
3347.0,483.9125671386719,466.29998779296875,482.260009765625,486.260009765625,349.3199768066406,73.13594818115234,-4.832550048828125,108112
3348.0,484.5746154785156,466.3599853515625,482.77996826171875,487.15997314453125,349.3599853515625,73.10904693603516,-5.294647216796875,108112
3349.0,484.2406921386719,466.1400146484375,482.53997802734375,486.6400146484375,349.2599792480469,73.13150024414062,-4.980682373046875,108112
3350.0,483.88543701171875,465.760009765625,482.260009765625,486.27996826171875,349.3199768066406,73.00811767578125,-4.76544189453125,108112
3351.0,483.59490966796875,465.719970703125,481.8800048828125,486.01995849609375,349.4599914550781,72.85558319091797,-4.87493896484375,108112
3352.0,483.2707824707031,465.719970703125,481.70001220703125,485.47998046875,349.6399841308594,72.80274200439453,-4.690765380859375,108112
3353.0,483.6210632324219,465.79998779296875,481.9599609375,485.82000732421875,349.47998046875,72.88970184326172,-4.763092041015625,108112
3354.0,483.60888671875,465.89996337890625,481.9599609375,485.8778076171875,349.3199768066406,72.99368286132812,-4.848876953125,108112
3355.0,483.9119873046875,466.1400146484375,482.260009765625,485.9599609375,349.3399963378906,73.28236389160156,-4.87200927734375,108112
3356.0,484.42181396484375,465.94000244140625,482.739990234375,486.51995849609375,348.8349914550781,73.52861022949219,-4.96185302734375,108112
3357.0,484.7931213378906,465.82000732421875,482.9599609375,487.03997802734375,348.55499267578125,73.8022232055664,-5.353118896484375,108112
3358.0,484.9159240722656,465.70001220703125,483.0,487.03997802734375,348.7749938964844,73.74114990234375,-5.355926513671875,108112
3359.0,484.3848571777344,466.20001220703125,482.739990234375,486.53997802734375,348.79998779296875,73.66227722167969,-4.904876708984375,108112
3360.0,484.4451599121094,465.9599609375,482.739990234375,486.44000244140625,348.4549865722656,73.77442932128906,-5.025177001953125,108112
3361.0,484.3734436035156,465.82000732421875,482.6199951171875,486.3800048828125,348.3949890136719,73.81733703613281,-5.093475341796875,108112
3362.0,483.7066345214844,465.760009765625,482.01995849609375,485.719970703125,348.5749816894531,73.56824493408203,-4.886627197265625,108112
3363.0,483.853759765625,465.70001220703125,482.03997802734375,485.79998779296875,348.739990234375,73.51461791992188,-5.0137939453125,108112
3364.0,483.4378356933594,465.760009765625,481.67999267578125,485.47998046875,349.0799865722656,73.18515014648438,-4.917877197265625,108112
3365.0,483.114501953125,465.8800048828125,481.47998046875,485.01995849609375,348.6399841308594,73.39472961425781,-4.69451904296875,108112
3366.0,483.9331970214844,466.01995849609375,482.0889892578125,485.8399658203125,348.3800048828125,73.59693908691406,-5.093231201171875,108112
3367.0,484.2388610839844,465.80999755859375,482.3800048828125,486.239990234375,348.4599914550781,73.75997924804688,-5.218902587890625,108112
3368.0,484.487548828125,465.77996826171875,482.6199951171875,486.4599609375,348.2799987792969,73.9371109008789,-5.30755615234375,108112
3369.0,484.21295166015625,465.760009765625,482.3800048828125,486.05999755859375,348.7200012207031,73.68030548095703,-5.13494873046875,108112
3370.0,483.1175537109375,465.89996337890625,481.51995849609375,485.07781982421875,349.5,73.1637954711914,-4.67755126953125,108112
3371.0,483.2444763183594,466.1199951171875,481.55999755859375,485.1400146484375,349.0799865722656,73.40087890625,-4.864471435546875,108112
3372.0,483.65667724609375,465.79998779296875,481.8399658203125,485.739990234375,348.67999267578125,73.6875991821289,-5.13671875,108112
3373.0,484.28936767578125,465.5999755859375,482.27996826171875,486.29998779296875,348.6199951171875,73.72887420654297,-5.54937744140625,108112
3374.0,484.24139404296875,465.5999755859375,482.32000732421875,486.1199951171875,348.53997802734375,73.67890930175781,-5.42138671875,108112
3375.0,484.34735107421875,465.6199951171875,482.5,486.260009765625,348.29998779296875,73.72643280029297,-5.34735107421875,108112
3376.0,484.4465026855469,465.5999755859375,482.5999755859375,486.32000732421875,348.7349853515625,73.64054107666016,-5.266510009765625,108112
3377.0,484.4110107421875,465.51995849609375,482.55999755859375,486.27996826171875,349.03997802734375,73.5711669921875,-5.21099853515625,108112
3378.0,484.39306640625,465.760009765625,482.6199951171875,486.27996826171875,348.9949951171875,73.6471939086914,-5.21307373046875,108112
3379.0,484.33331298828125,465.67999267578125,482.51995849609375,486.27996826171875,349.17999267578125,73.53298950195312,-5.35333251953125,108112
3380.0,484.2952575683594,465.5999755859375,482.47998046875,486.47998046875,348.875,73.57221221923828,-5.335296630859375,108112
3381.0,484.21551513671875,465.70001220703125,482.47998046875,486.219970703125,348.9949951171875,73.48023223876953,-5.0355224609375,108112
3382.0,483.9786071777344,465.3800048828125,482.3399658203125,486.05999755859375,349.2200012207031,73.39247131347656,-4.878631591796875,108112
3383.0,484.4156188964844,465.47998046875,482.5,486.32000732421875,349.3999938964844,73.38072967529297,-5.237640380859375,108112
3384.0,484.11248779296875,465.8399658203125,482.15997314453125,486.01995849609375,349.43499755859375,73.37892150878906,-5.3125,108112
3385.0,484.4819030761719,465.97998046875,482.5289611816406,486.3399658203125,349.17999267578125,73.51258850097656,-5.281890869140625,108112
3386.0,484.27178955078125,465.760009765625,482.3599853515625,486.3599853515625,349.2549743652344,73.37812805175781,-5.331787109375,108112
3387.0,483.5279235839844,465.58001708984375,481.6400146484375,485.719970703125,349.5,72.8793716430664,-5.187957763671875,108112
3388.0,483.44024658203125,465.739990234375,481.708984375,485.77996826171875,349.1999816894531,72.92611694335938,-4.98028564453125,108112
3389.0,483.8428649902344,465.8399658203125,482.01995849609375,486.239990234375,349.2799987792969,73.07369995117188,-5.102874755859375,108112
3390.0,483.57012939453125,465.760009765625,481.8800048828125,485.760009765625,349.1999816894531,73.21631622314453,-4.83013916015625,108112
3391.0,484.039306640625,465.6400146484375,482.260009765625,486.07781982421875,348.9599914550781,73.34805297851562,-5.01934814453125,108112
3392.0,483.9247131347656,466.08001708984375,482.20001220703125,485.97998046875,349.29998779296875,73.26998901367188,-4.984710693359375,108112
3393.0,484.3352966308594,466.1199951171875,482.448974609375,486.70001220703125,348.97998046875,73.30135345458984,-5.375335693359375,108112
3394.0,484.11285400390625,466.27996826171875,482.27996826171875,486.6378173828125,349.2200012207031,73.15878295898438,-5.3128662109375,108112
3395.0,483.9250183105469,466.05999755859375,482.20001220703125,486.51995849609375,349.29998779296875,73.14676666259766,-5.205047607421875,108112
3396.0,484.44091796875,465.719970703125,482.6400146484375,487.0999755859375,349.0149841308594,73.25330352783203,-5.4609375,108112
3397.0,484.5718078613281,465.65997314453125,482.719970703125,486.8399658203125,348.8800048828125,73.547119140625,-5.371795654296875,108112
3398.0,484.5196838378906,465.719970703125,482.708984375,486.5999755859375,348.8399963378906,73.5510025024414,-5.199676513671875,108112
3399.0,484.177001953125,465.8599853515625,482.47998046875,486.3399658203125,348.7200012207031,73.66706085205078,-4.97698974609375,108112
3400.0,484.6655578613281,465.9599609375,482.760009765625,486.82000732421875,349.03997802734375,73.55628204345703,-5.345550537109375,108112
3401.0,483.9334411621094,465.89996337890625,482.239990234375,486.1199951171875,349.239990234375,73.35611724853516,-4.993438720703125,108112
3402.0,483.9783020019531,465.89996337890625,482.27996826171875,486.1400146484375,349.29998779296875,73.45149993896484,-4.918304443359375,108112
3403.0,484.0175476074219,465.65997314453125,482.39996337890625,486.1199951171875,349.0749816894531,73.55471801757812,-4.897552490234375,108112
3404.0,484.2080383300781,465.58001708984375,482.4599609375,486.3399658203125,348.5999755859375,73.57601165771484,-5.168060302734375,108112
3405.0,484.3091125488281,465.58001708984375,482.5,486.457763671875,348.3800048828125,73.5784683227539,-5.2911376953125,108112
3406.0,484.4542541503906,465.739990234375,482.51995849609375,486.32000732421875,348.3999938964844,73.68810272216797,-5.294281005859375,108112
3407.0,484.5599670410156,465.58001708984375,482.65997314453125,486.4599609375,348.55499267578125,73.70162963867188,-5.379974365234375,108112
3408.0,484.2297058105469,465.5,482.3399658203125,486.03997802734375,348.6999816894531,73.55198669433594,-5.309722900390625,108112
3409.0,484.27349853515625,465.77996826171875,482.44000244140625,486.239990234375,348.91998291015625,73.5622787475586,-5.2535400390625,108112
3410.0,484.3857421875,466.01995849609375,482.53997802734375,486.41998291015625,348.79998779296875,73.5545883178711,-5.18572998046875,108112
3411.0,484.3948974609375,466.0999755859375,482.67999267578125,486.44000244140625,348.8800048828125,73.64671325683594,-5.014892578125,108112
3412.0,484.5921936035156,466.219970703125,482.719970703125,486.719970703125,348.9749755859375,73.72730255126953,-5.232208251953125,108112
3413.0,483.47027587890625,466.05999755859375,481.9599609375,485.3800048828125,349.43499755859375,73.17141723632812,-4.55029296875,108112
3414.0,483.79998779296875,466.05999755859375,482.01995849609375,485.69781494140625,349.2549743652344,73.1446762084961,-4.84002685546875,108112
3415.0,483.0660705566406,465.70001220703125,481.39996337890625,484.97998046875,349.3349914550781,73.07542419433594,-4.706085205078125,108112
3416.0,482.80291748046875,465.77996826171875,481.1199951171875,484.719970703125,349.2799987792969,72.99663543701172,-4.762939453125,108112
3417.0,483.18341064453125,465.94000244140625,481.5,485.05999755859375,349.2149963378906,73.22113037109375,-4.743408203125,108112
3418.0,483.5833435058594,465.91998291015625,481.739990234375,485.47998046875,349.2799987792969,73.16278839111328,-5.043365478515625,108112
3419.0,484.2981872558594,465.719970703125,482.260009765625,486.41998291015625,348.8399963378906,73.38066101074219,-5.618194580078125,108112
3420.0,484.3357849121094,465.5999755859375,482.260009765625,486.3399658203125,348.55999755859375,73.36871337890625,-5.595794677734375,108112
3421.0,484.4026184082031,465.5999755859375,482.3399658203125,486.3800048828125,348.79998779296875,73.36405944824219,-5.602630615234375,108112
3422.0,484.44537353515625,465.58001708984375,482.3399658203125,486.4599609375,348.8800048828125,73.28202056884766,-5.6654052734375,108112
3423.0,483.83984375,465.55999755859375,481.94000244140625,485.760009765625,349.17999267578125,73.15464782714844,-5.17987060546875,108112
3424.0,482.76947021484375,465.4599609375,481.17999267578125,484.9599609375,349.2799987792969,72.98937225341797,-4.74951171875,108112
3425.0,482.39483642578125,465.58001708984375,480.89996337890625,484.6400146484375,349.1399841308594,72.97091674804688,-4.63482666015625,108112
3426.0,482.48504638671875,465.79998779296875,480.94000244140625,484.91778564453125,349.05999755859375,72.93509674072266,-4.72503662109375,108112
3427.0,481.68658447265625,465.719970703125,480.3399658203125,483.91998291015625,349.1399841308594,72.72313690185547,-4.24658203125,108112
3428.0,482.38116455078125,465.760009765625,480.8399658203125,484.5,349.17498779296875,72.96611022949219,-4.5811767578125,108112
3429.0,482.54443359375,465.39996337890625,480.9599609375,484.65997314453125,349.1399841308594,72.93513488769531,-4.76446533203125,108112
3430.0,482.6694641113281,465.41998291015625,481.0999755859375,484.719970703125,349.3999938964844,72.9542236328125,-4.729461669921875,108112
3431.0,482.6332702636719,465.219970703125,480.94000244140625,484.51995849609375,349.53997802734375,72.85749053955078,-4.813262939453125,108112
3432.0,482.1427307128906,465.219970703125,480.77996826171875,484.44000244140625,349.8800048828125,72.73358917236328,-4.422760009765625,108112
3433.0,482.3314208984375,465.5,480.89996337890625,484.29998779296875,349.7149963378906,72.7019271850586,-4.43145751953125,108112
3434.0,482.78289794921875,465.6400146484375,481.17999267578125,484.89996337890625,349.4549865722656,72.93993377685547,-4.762939453125,108112
3435.0,482.14886474609375,465.5999755859375,480.760009765625,484.5999755859375,349.7200012207031,72.80098724365234,-4.42889404296875,108112
3436.0,481.4427795410156,465.5999755859375,480.2489929199219,484.29998779296875,349.7349853515625,72.74626159667969,-4.102813720703125,108112
3437.0,482.1528015136719,465.4599609375,480.67999267578125,484.3599853515625,349.53997802734375,72.92693328857422,-4.492828369140625,108112
3438.0,482.7787780761719,465.8800048828125,481.17999267578125,485.0,349.91497802734375,72.87427520751953,-4.838775634765625,108112
3439.0,483.1544494628906,465.91998291015625,481.4689636230469,485.31781005859375,349.7549743652344,72.94770050048828,-5.034454345703125,108112
3440.0,483.4533386230469,465.5999755859375,481.5289611816406,485.6400146484375,349.094970703125,73.19818115234375,-5.493377685546875,108112
3441.0,483.4951477050781,465.17999267578125,481.3599853515625,485.67999267578125,348.9599914550781,73.15390014648438,-5.635162353515625,108112
3442.0,483.5262145996094,465.3399658203125,481.5999755859375,485.719970703125,348.93499755859375,73.28792572021484,-5.406219482421875,108112
3443.0,483.6996154785156,465.3399658203125,481.760009765625,485.9599609375,348.7349853515625,73.35757446289062,-5.499603271484375,108112
3444.0,484.000732421875,465.32000732421875,482.01995849609375,486.3399658203125,348.6199951171875,73.40680694580078,-5.6607666015625,108112
3445.0,483.815673828125,465.5,481.9599609375,486.17999267578125,348.6999816894531,73.41462707519531,-5.4556884765625,108112
3446.0,483.9466247558594,465.55999755859375,482.0,486.05999755859375,348.8800048828125,73.43291473388672,-5.486663818359375,108112
3447.0,484.2845458984375,465.25,482.219970703125,486.67999267578125,348.8599853515625,73.4277572631836,-5.84454345703125,108112
3448.0,483.9656982421875,465.5,482.260009765625,486.5,348.7349853515625,73.41519165039062,-5.28570556640625,108112
3449.0,484.4080505371094,465.219970703125,482.41998291015625,486.89996337890625,348.7599792480469,73.3350830078125,-5.728057861328125,108112
3450.0,484.61334228515625,465.3800048828125,482.6199951171875,486.91998291015625,348.739990234375,73.45149993896484,-5.5333251953125,108112
3451.0,483.9695129394531,465.47998046875,482.1400146484375,486.27996826171875,349.094970703125,73.18160247802734,-5.189544677734375,108112
3452.0,483.7425842285156,465.739990234375,482.03997802734375,486.239990234375,349.35498046875,73.05406188964844,-5.082611083984375,108112
3453.0,483.5463562011719,465.760009765625,481.89996337890625,486.08001708984375,349.2599792480469,72.97010803222656,-4.946380615234375,108112
3454.0,483.63116455078125,465.4599609375,481.8800048828125,485.91998291015625,349.3399963378906,72.93083190917969,-5.01116943359375,108112
3455.0,483.37640380859375,465.4599609375,481.6400146484375,485.82000732421875,349.67498779296875,72.70416259765625,-4.99639892578125,108112
3456.0,483.68792724609375,465.53997802734375,481.76898193359375,486.27996826171875,349.5199890136719,72.72618865966797,-5.42791748046875,108112
3457.0,483.2462463378906,465.51995849609375,481.47998046875,485.8399658203125,349.8599853515625,72.534912109375,-5.166229248046875,108112
3458.0,483.5100402832031,465.70001220703125,481.739990234375,485.91998291015625,349.3599853515625,72.74980926513672,-5.050079345703125,108112
3459.0,483.9286804199219,465.79998779296875,482.15997314453125,486.15997314453125,348.8800048828125,73.1773681640625,-5.028717041015625,108112
3460.0,484.2667541503906,465.55999755859375,482.5,486.39996337890625,349.0199890136719,73.2636489868164,-5.186737060546875,108112
3461.0,484.6880187988281,465.70001220703125,482.760009765625,486.8800048828125,349.0,73.33673858642578,-5.568023681640625,108112
3462.0,484.2000427246094,465.760009765625,482.3800048828125,486.3399658203125,348.94000244140625,73.21597290039062,-5.300079345703125,108112
3463.0,484.8612060546875,465.6199951171875,482.8689880371094,487.15997314453125,348.43499755859375,73.53274536132812,-5.68121337890625,108112
3464.0,484.45562744140625,465.55999755859375,482.51995849609375,486.5999755859375,348.6399841308594,73.448974609375,-5.47564697265625,108112
3465.0,484.4485778808594,465.58001708984375,482.5,486.55999755859375,348.91998291015625,73.38517761230469,-5.548614501953125,108112
3466.0,485.0002136230469,465.3399658203125,482.89996337890625,487.15997314453125,349.0,73.3740005493164,-5.900238037109375,108112
3467.0,484.87957763671875,465.39996337890625,482.8399658203125,486.97998046875,349.1999816894531,73.29647827148438,-5.63958740234375,108112
3468.0,484.70819091796875,465.55999755859375,482.70001220703125,486.91998291015625,348.739990234375,73.5467300415039,-5.628173828125,108112
3469.0,484.7567443847656,465.67999267578125,482.6400146484375,486.89996337890625,348.7799987792969,73.69036865234375,-5.776763916015625,108112
3470.0,484.338134765625,466.08001708984375,482.44000244140625,486.4599609375,348.875,73.66488647460938,-5.2601318359375,108112
3471.0,484.9175109863281,465.989990234375,482.8800048828125,487.0999755859375,348.6199951171875,73.79795837402344,-5.577545166015625,108112
3472.0,484.9488830566406,465.79998779296875,483.01995849609375,486.89996337890625,348.8999938964844,73.6830062866211,-5.468902587890625,108112
3473.0,483.5982360839844,465.58001708984375,481.97998046875,485.55999755859375,349.5149841308594,73.22042083740234,-4.798248291015625,108112
3474.0,483.5402526855469,465.4599609375,481.94000244140625,485.44000244140625,349.5149841308594,73.10474395751953,-4.860260009765625,108112
3475.0,482.98651123046875,465.1199951171875,481.44000244140625,485.20001220703125,349.6949768066406,72.9233169555664,-4.76654052734375,108112
3476.0,483.193603515625,465.239990234375,481.4599609375,485.3399658203125,350.03997802734375,72.77865600585938,-4.91363525390625,108112
3477.0,483.2856140136719,465.219970703125,481.70001220703125,485.47998046875,349.7549743652344,72.95471954345703,-4.905609130859375,108112
3478.0,482.44793701171875,465.17999267578125,480.97998046875,484.82000732421875,349.6600036621094,72.79750061035156,-4.46795654296875,108112
3479.0,482.6937561035156,465.3599853515625,481.08001708984375,485.08001708984375,350.1349792480469,72.77714538574219,-4.673797607421875,108112
3480.0,482.7762145996094,465.89996337890625,481.1400146484375,484.8599853515625,350.0,72.95068359375,-4.756256103515625,108112
3481.0,483.02960205078125,466.1199951171875,481.20001220703125,485.29998779296875,349.9749755859375,73.06620788574219,-5.02960205078125,108112
3482.0,483.3824768066406,465.89996337890625,481.5999755859375,485.719970703125,349.5999755859375,73.17029571533203,-5.082489013671875,108112
3483.0,483.0807800292969,465.5999755859375,481.44000244140625,485.4599609375,349.2349853515625,73.17109680175781,-4.860809326171875,108112
3484.0,483.462890625,465.469970703125,481.719970703125,485.760009765625,349.55499267578125,73.1800537109375,-5.14288330078125,108112
3485.0,483.38421630859375,465.41998291015625,481.70001220703125,485.44000244140625,349.67498779296875,73.08102416992188,-4.9442138671875,108112
3486.0,483.7261047363281,465.3599853515625,481.91998291015625,485.82000732421875,349.5199890136719,73.06340026855469,-5.186126708984375,108112
3487.0,483.470458984375,465.239990234375,481.77996826171875,485.6378173828125,349.67498779296875,73.04529571533203,-5.05047607421875,108112
3488.0,484.2364501953125,465.3599853515625,482.29998779296875,486.3800048828125,349.239990234375,73.41241455078125,-5.45648193359375,108112
3489.0,484.190673828125,465.30999755859375,482.260009765625,486.4599609375,348.8800048828125,73.36381530761719,-5.5506591796875,108112
3490.0,484.2980041503906,465.41998291015625,482.219970703125,486.5,348.94000244140625,73.44285583496094,-5.698028564453125,108112
3491.0,484.2507629394531,465.5999755859375,482.15997314453125,486.239990234375,349.3599853515625,73.20183563232422,-5.570770263671875,108112
3492.0,484.34210205078125,465.77996826171875,482.260009765625,486.51995849609375,349.55999755859375,73.26817321777344,-5.5421142578125,108112
3493.0,484.64556884765625,465.9599609375,482.65997314453125,486.91998291015625,349.43499755859375,73.51771545410156,-5.465576171875,108112
3494.0,484.65435791015625,465.8399658203125,482.67999267578125,487.01776123046875,349.1199951171875,73.69345092773438,-5.51434326171875,108112
3495.0,484.45025634765625,465.55999755859375,482.5,486.8399658203125,348.91998291015625,73.68843841552734,-5.57025146484375,108112
3496.0,484.6809997558594,465.5,482.53997802734375,486.8599853515625,348.7599792480469,73.63642120361328,-5.761016845703125,108112
3497.0,484.8583679199219,465.3399658203125,482.8599853515625,487.17999267578125,349.1949768066406,73.5179672241211,-5.838409423828125,108112
3498.0,484.9123229980469,465.15997314453125,482.94000244140625,487.15997314453125,349.0799865722656,73.44699096679688,-5.712310791015625,108112
3499.0,484.6534729003906,465.3599853515625,482.79998779296875,486.8800048828125,348.97998046875,73.43631744384766,-5.473480224609375,108112
3500.0,484.3170471191406,465.77996826171875,482.4599609375,486.41998291015625,348.79998779296875,73.57860565185547,-5.317047119140625,108112
3501.0,484.5630798339844,465.51995849609375,482.77996826171875,486.91778564453125,348.5,73.51261901855469,-5.503082275390625,108112
3502.0,484.8243103027344,465.51995849609375,482.91998291015625,486.91778564453125,348.41998291015625,73.5173110961914,-5.524322509765625,108112
3503.0,484.8621520996094,465.760009765625,483.03997802734375,487.15997314453125,348.53997802734375,73.54322052001953,-5.462188720703125,108112
3504.0,484.9761962890625,465.8399658203125,483.0999755859375,487.29998779296875,348.7599792480469,73.5796127319336,-5.53619384765625,108112
3505.0,484.8910217285156,465.8599853515625,482.9599609375,487.0999755859375,348.8599853515625,73.5533447265625,-5.591033935546875,108112
3506.0,484.6932067871094,465.82000732421875,482.8399658203125,487.03997802734375,348.8399963378906,73.52694702148438,-5.453216552734375,108112
3507.0,484.7330017089844,465.65997314453125,483.0,487.3399658203125,348.8800048828125,73.49567413330078,-5.573028564453125,108112
3508.0,483.8576965332031,465.6400146484375,482.239990234375,486.3800048828125,348.875,73.30347442626953,-5.117706298828125,108112
3509.0,483.3902282714844,465.67999267578125,481.53997802734375,485.53997802734375,349.17498779296875,73.07061767578125,-5.050262451171875,108112
3510.0,484.251220703125,465.58001708984375,482.260009765625,486.70001220703125,349.2200012207031,73.07177734375,-5.67120361328125,108112
3511.0,484.6227722167969,465.55999755859375,482.65997314453125,487.01995849609375,348.6399841308594,73.3035888671875,-5.542755126953125,108112
3512.0,484.6828308105469,465.58001708984375,482.77996826171875,486.97998046875,348.17498779296875,73.63116455078125,-5.442840576171875,108112
3513.0,484.8587341308594,465.67999267578125,482.91998291015625,486.94000244140625,348.5149841308594,73.6234359741211,-5.418731689453125,108112
3514.0,484.7220153808594,465.91998291015625,482.70001220703125,486.719970703125,348.8800048828125,73.57278442382812,-5.322052001953125,108112
3515.0,484.4666748046875,465.8399658203125,482.5999755859375,486.6199951171875,349.03997802734375,73.45822143554688,-5.14666748046875,108112
3516.0,484.690673828125,465.8599853515625,482.5999755859375,486.77996826171875,348.9599914550781,73.40339660644531,-5.45068359375,108112
3517.0,485.3956298828125,465.55999755859375,483.2289733886719,487.41998291015625,348.44000244140625,73.60041046142578,-5.69561767578125,108112
3518.0,485.5916748046875,465.8599853515625,483.41998291015625,487.77996826171875,348.6199951171875,73.54866790771484,-5.91168212890625,108112
3519.0,485.4642028808594,465.79998779296875,483.239990234375,487.739990234375,348.8999938964844,73.51274108886719,-6.044219970703125,108112
3520.0,485.4125671386719,466.02996826171875,483.239990234375,487.65997314453125,348.8599853515625,73.64457702636719,-5.812591552734375,108112
3521.0,485.384521484375,465.79998779296875,483.239990234375,487.739990234375,348.7599792480469,73.64281463623047,-5.7845458984375,108112
3522.0,484.9930114746094,465.90997314453125,483.05999755859375,487.32000732421875,348.79998779296875,73.54021453857422,-5.373016357421875,108112
3523.0,484.78472900390625,466.0999755859375,482.6400146484375,487.219970703125,348.9949951171875,73.42223358154297,-5.68475341796875,108112
3524.0,484.9002685546875,466.1400146484375,482.8689880371094,487.53778076171875,349.0199890136719,73.56393432617188,-5.70025634765625,108112
3525.0,484.7688293457031,465.89996337890625,482.8800048828125,487.219970703125,348.9549865722656,73.51419067382812,-5.388824462890625,108112
3526.0,485.2640075683594,465.65997314453125,482.97998046875,487.67999267578125,349.0,73.49242401123047,-5.964019775390625,108112
3527.0,485.6666564941406,465.65997314453125,483.32000732421875,488.15997314453125,349.0199890136719,73.40074920654297,-6.246673583984375,108112
3528.0,485.3092041015625,465.89996337890625,483.219970703125,488.1400146484375,348.8949890136719,73.47705841064453,-6.0892333984375,108112
3529.0,485.186767578125,466.15997314453125,483.1199951171875,487.8800048828125,348.91497802734375,73.42706298828125,-5.94677734375,108112
3530.0,484.6250915527344,466.20001220703125,482.8599853515625,487.3577880859375,349.0999755859375,73.32637786865234,-5.325103759765625,108112
3531.0,484.16595458984375,466.3800048828125,482.41998291015625,486.58001708984375,349.3199768066406,73.16244506835938,-5.14599609375,108112
3532.0,484.5752868652344,466.3800048828125,482.77996826171875,487.1400146484375,349.17999267578125,73.46805572509766,-5.255279541015625,108112
3533.0,484.3385314941406,466.32000732421875,482.51995849609375,486.67999267578125,349.1999816894531,73.51214599609375,-5.298553466796875,108112
3534.0,484.47589111328125,465.9599609375,482.6199951171875,486.94000244140625,349.1199951171875,73.39537811279297,-5.47589111328125,108112
3535.0,484.5846252441406,466.01995849609375,482.8399658203125,487.03997802734375,349.0,73.40968322753906,-5.324615478515625,108112
3536.0,484.3437805175781,466.01995849609375,482.6199951171875,486.719970703125,349.1600036621094,73.46360778808594,-5.123809814453125,108112
3537.0,484.583251953125,466.03997802734375,482.76898193359375,486.77996826171875,349.094970703125,73.56102752685547,-5.2232666015625,108112
3538.0,484.3855285644531,465.8599853515625,482.65997314453125,486.4599609375,348.93499755859375,73.47779083251953,-5.005523681640625,108112
3539.0,484.8846130371094,465.9499816894531,483.08001708984375,486.97998046875,349.1600036621094,73.40657043457031,-5.204620361328125,108112
3540.0,484.8532409667969,465.79998779296875,483.01995849609375,486.8599853515625,349.5199890136719,73.50244140625,-5.133270263671875,108112
3541.0,484.6809997558594,465.6400146484375,482.91998291015625,486.65777587890625,349.6600036621094,73.30255889892578,-5.003021240234375,108112
3542.0,484.33721923828125,465.77996826171875,482.70001220703125,486.6400146484375,349.79998779296875,72.93649291992188,-4.87725830078125,108112
3543.0,483.9031982421875,465.70001220703125,482.1400146484375,486.15997314453125,349.8800048828125,73.0238037109375,-4.96319580078125,108112
3544.0,484.2137145996094,466.1400146484375,482.3289794921875,486.29998779296875,349.5999755859375,73.26858520507812,-5.153717041015625,108112
3545.0,484.3130798339844,466.1199951171875,482.32000732421875,486.29998779296875,349.5799865722656,73.35128784179688,-5.293121337890625,108112
3546.0,484.4730224609375,465.91998291015625,482.5999755859375,486.5999755859375,349.6399841308594,73.33875274658203,-5.17303466796875,108112
3547.0,484.5162658691406,466.07000732421875,482.6400146484375,486.67999267578125,349.47998046875,73.50985717773438,-5.256256103515625,108112
3548.0,484.0399475097656,465.97998046875,482.260009765625,486.15997314453125,349.3199768066406,73.343505859375,-5.119964599609375,108112
3549.0,484.76531982421875,466.3599853515625,482.6400146484375,486.91998291015625,349.239990234375,73.4369888305664,-5.5853271484375,108112
3550.0,485.3013916015625,466.20001220703125,483.239990234375,487.6378173828125,349.05499267578125,73.47520446777344,-5.78143310546875,108112
3551.0,484.98370361328125,466.01995849609375,482.9599609375,487.17999267578125,349.1600036621094,73.40270233154297,-5.60369873046875,108112
3552.0,484.5335998535156,466.20001220703125,482.79998779296875,486.9599609375,349.2799987792969,73.44660186767578,-5.233612060546875,108112
3553.0,484.6448669433594,465.719970703125,482.82000732421875,486.89996337890625,349.4599914550781,73.38702392578125,-5.224884033203125,108112
3554.0,484.2723388671875,465.8599853515625,482.5999755859375,486.39996337890625,349.6199951171875,73.37957000732422,-4.97235107421875,108112
3555.0,484.0573425292969,466.01995849609375,482.44000244140625,485.94000244140625,349.44000244140625,73.55502319335938,-4.797332763671875,108112
3556.0,484.2409362792969,466.05999755859375,482.47998046875,486.1400146484375,349.5749816894531,73.51053619384766,-4.940948486328125,108112
3557.0,483.85614013671875,465.91998291015625,482.3399658203125,486.0,349.7549743652344,73.2896728515625,-4.6561279296875,108112
3558.0,483.2994384765625,466.08001708984375,481.94000244140625,485.55999755859375,349.8199768066406,73.1432113647461,-4.51947021484375,108112
3559.0,483.8244934082031,465.97998046875,482.219970703125,485.8399658203125,349.8999938964844,73.18058776855469,-4.764495849609375,108112
3560.0,483.5294494628906,465.739990234375,481.97998046875,485.44000244140625,349.7599792480469,73.19258880615234,-4.669464111328125,108112
3561.0,483.8190612792969,465.89996337890625,482.0999755859375,485.8800048828125,349.3800048828125,73.28447723388672,-5.019073486328125,108112
3562.0,483.7608642578125,465.77996826171875,482.03997802734375,485.760009765625,349.67498779296875,73.19102478027344,-5.0208740234375,108112
3563.0,483.6262512207031,465.94000244140625,481.91998291015625,485.39996337890625,349.4949951171875,73.27987670898438,-4.866241455078125,108112
3564.0,484.3075866699219,466.1199951171875,482.3399658203125,486.15997314453125,349.3349914550781,73.34795379638672,-5.247589111328125,108112
3565.0,484.205810546875,466.05999755859375,482.17999267578125,486.08001708984375,349.2799987792969,73.44834899902344,-5.3658447265625,108112
3566.0,484.7098388671875,465.8800048828125,482.65997314453125,486.58001708984375,349.0199890136719,73.50807189941406,-5.50982666015625,108112
3567.0,484.7877502441406,465.91998291015625,482.67999267578125,486.77996826171875,349.0999755859375,73.65563201904297,-5.607757568359375,108112
3568.0,484.5267028808594,465.89996337890625,482.51995849609375,486.39996337890625,349.1349792480469,73.5385513305664,-5.426727294921875,108112
3569.0,484.16973876953125,465.97998046875,482.239990234375,486.03997802734375,349.3999938964844,73.34013366699219,-5.30975341796875,108112
3570.0,483.8934631347656,465.77996826171875,482.20001220703125,486.08001708984375,348.85498046875,73.4195556640625,-5.073455810546875,108112
3571.0,484.30950927734375,465.79998779296875,482.53997802734375,486.47998046875,348.7200012207031,73.38153839111328,-5.23150634765625,108112
3572.0,484.26019287109375,465.9599609375,482.47998046875,486.53997802734375,348.94000244140625,73.34966278076172,-5.3402099609375,108112
3573.0,484.1563720703125,465.719970703125,482.44000244140625,486.41998291015625,348.9749755859375,73.56362915039062,-5.1964111328125,108112
3574.0,484.17852783203125,465.8599853515625,482.4599609375,486.70001220703125,348.8149719238281,73.69501495361328,-5.278564453125,108112
3575.0,484.3329162597656,465.9599609375,482.55999755859375,486.8800048828125,349.05999755859375,73.59953308105469,-5.352935791015625,108112
3576.0,484.2438659667969,465.97998046875,482.44000244140625,487.05999755859375,349.239990234375,73.50627136230469,-5.443878173828125,108112
3577.0,484.6173095703125,465.65997314453125,482.70001220703125,487.260009765625,349.2200012207031,73.67098236083984,-5.6373291015625,108112
3578.0,484.47296142578125,465.89996337890625,482.6400146484375,486.739990234375,349.2200012207031,73.58684539794922,-5.35296630859375,108112
3579.0,484.4346923828125,465.739990234375,482.53997802734375,486.67779541015625,349.3949890136719,73.47038269042969,-5.334716796875,108112
3580.0,484.95361328125,465.65997314453125,482.97998046875,487.03997802734375,349.1549987792969,73.68389129638672,-5.53363037109375,108112
3581.0,484.8270568847656,465.6400146484375,482.9599609375,486.77996826171875,348.8800048828125,73.64373016357422,-5.307098388671875,108112
3582.0,484.83233642578125,465.6400146484375,482.8399658203125,486.739990234375,348.875,73.54953002929688,-5.2523193359375,108112
3583.0,485.1997985839844,465.760009765625,483.1400146484375,487.219970703125,348.67999267578125,73.55289459228516,-5.459808349609375,108112
3584.0,485.4139404296875,465.67999267578125,483.3599853515625,487.39996337890625,348.7200012207031,73.70671081542969,-5.51397705078125,108112
3585.0,484.5609130859375,465.91998291015625,482.58001708984375,486.53997802734375,349.3999938964844,73.32172393798828,-5.26092529296875,108112
3586.0,484.34637451171875,465.8800048828125,482.53997802734375,486.41998291015625,349.53997802734375,73.27666473388672,-5.1463623046875,108112
3587.0,484.34820556640625,466.0,482.58001708984375,486.39996337890625,349.47998046875,73.3602294921875,-5.0281982421875,108112
3588.0,483.8072814941406,466.08001708984375,482.17999267578125,485.6199951171875,349.3999938964844,73.25196075439453,-4.687286376953125,108112
3589.0,484.073974609375,465.8599853515625,482.44000244140625,486.08001708984375,349.6600036621094,73.21416473388672,-4.833984375,108112
3590.0,484.1059265136719,465.8599853515625,482.44000244140625,486.219970703125,349.9749755859375,73.12582397460938,-4.885955810546875,108112
3591.0,484.179443359375,466.1199951171875,482.3800048828125,486.15997314453125,349.97998046875,73.21487426757812,-4.89947509765625,108112
3592.0,483.98095703125,466.39996337890625,482.05999755859375,486.01995849609375,349.91998291015625,73.35118103027344,-5.1209716796875,108112
3593.0,484.14776611328125,466.5,482.32000732421875,486.32000732421875,349.5799865722656,73.54527282714844,-5.04779052734375,108112
3594.0,484.5263977050781,466.1199951171875,482.70001220703125,486.739990234375,349.3999938964844,73.54969024658203,-5.206390380859375,108112
3595.0,484.7731628417969,466.17999267578125,482.8800048828125,487.03997802734375,349.7599792480469,73.42664337158203,-5.373199462890625,108112
3596.0,484.4998474121094,465.97998046875,482.77996826171875,487.1199951171875,349.739990234375,73.24816131591797,-5.299835205078125,108112
3597.0,484.5712890625,466.03997802734375,482.94000244140625,486.77996826171875,349.44000244140625,73.373046875,-5.03131103515625,108112
3598.0,484.4871826171875,466.01995849609375,482.8599853515625,486.7177734375,349.5,73.43565368652344,-4.94720458984375,108112
3599.0,484.50164794921875,466.08001708984375,482.8800048828125,486.77996826171875,349.594970703125,73.4382095336914,-4.90167236328125,108112
3600.0,484.2386779785156,466.27996826171875,482.6199951171875,486.41998291015625,349.5,73.4837646484375,-4.838714599609375,108112
3601.0,483.83685302734375,466.260009765625,482.3800048828125,485.8800048828125,349.7599792480469,73.2983627319336,-4.49688720703125,108112
3602.0,484.4344482421875,466.3399658203125,482.70001220703125,486.32000732421875,349.47998046875,73.42475128173828,-4.89447021484375,108112
3603.0,484.3128967285156,466.41998291015625,482.6400146484375,486.29998779296875,349.35498046875,73.60816192626953,-4.892913818359375,108112
3604.0,483.9559326171875,466.44000244140625,482.32000732421875,485.8599853515625,349.79998779296875,73.37445068359375,-4.79595947265625,108112
3605.0,484.0203857421875,466.3800048828125,482.39996337890625,486.01995849609375,349.5999755859375,73.38114166259766,-4.82037353515625,108112
3606.0,484.3404846191406,466.6400146484375,482.4599609375,486.3399658203125,349.7549743652344,73.41435241699219,-5.120513916015625,108112
3607.0,484.5224304199219,466.32000732421875,482.79998779296875,486.760009765625,349.7349853515625,73.37609100341797,-5.122467041015625,108112
3608.0,484.7864990234375,466.219970703125,482.97998046875,487.03997802734375,349.53997802734375,73.44258117675781,-5.2864990234375,108112
3609.0,484.7557067871094,465.97998046875,482.8599853515625,486.8399658203125,349.3999938964844,73.52680969238281,-5.315704345703125,108112
3610.0,484.6968994140625,466.0999755859375,482.8399658203125,486.77996826171875,349.6199951171875,73.43640899658203,-5.25689697265625,108112
3611.0,484.468017578125,466.239990234375,482.8800048828125,486.82000732421875,349.5,73.51077270507812,-4.94805908203125,108112
3612.0,484.4089660644531,465.97998046875,482.8399658203125,487.05999755859375,349.6199951171875,73.27085876464844,-5.108978271484375,108112
3613.0,484.1242980957031,465.8599853515625,482.51995849609375,486.4599609375,349.7599792480469,73.3121109008789,-4.944305419921875,108112
3614.0,483.16204833984375,465.8399658203125,481.77996826171875,485.32000732421875,350.0,73.04421997070312,-4.32208251953125,108112
3615.0,483.3210144042969,465.8800048828125,481.7489929199219,485.4599609375,350.35498046875,72.79090118408203,-4.541046142578125,108112
3616.0,483.6371765136719,465.6199951171875,482.03997802734375,485.8599853515625,350.2200012207031,72.79450988769531,-4.737213134765625,108112
3617.0,483.4026184082031,465.719970703125,481.8399658203125,485.67999267578125,350.2599792480469,72.88568115234375,-4.604644775390625,108112
3618.0,483.384765625,465.91998291015625,481.8800048828125,485.47998046875,350.1949768066406,72.77922058105469,-4.5447998046875,108112
3619.0,483.91455078125,465.89996337890625,482.260009765625,485.8599853515625,349.8999938964844,72.9410171508789,-4.75457763671875,108112
3620.0,483.72015380859375,465.91998291015625,482.05999755859375,485.6199951171875,349.9549865722656,72.98262786865234,-4.76019287109375,108112
3621.0,483.5219421386719,465.760009765625,481.77996826171875,485.67999267578125,350.2599792480469,72.67157745361328,-4.901947021484375,108112
3622.0,482.30963134765625,465.719970703125,480.9599609375,484.6177978515625,350.17498779296875,72.55707550048828,-4.2296142578125,108112
3623.0,482.5851745605469,465.67999267578125,481.27996826171875,484.760009765625,350.0749816894531,72.687255859375,-4.285186767578125,108112
3624.0,483.09710693359375,466.1400146484375,481.6400146484375,485.03997802734375,349.43499755859375,72.96141815185547,-4.59710693359375,108112
3625.0,483.0242614746094,466.1199951171875,481.53997802734375,485.27996826171875,349.43499755859375,73.02763366699219,-4.744293212890625,108112
3626.0,482.0052490234375,466.05999755859375,480.8800048828125,484.58001708984375,349.4599914550781,72.94566345214844,-4.0052490234375,108112
3627.0,482.3953552246094,466.1199951171875,481.0999755859375,484.67779541015625,349.5,73.30472564697266,-4.275360107421875,108112
3628.0,482.8739929199219,466.29998779296875,481.41998291015625,485.27996826171875,349.53997802734375,73.30107879638672,-4.594024658203125,108112
3629.0,483.01348876953125,465.97998046875,481.53997802734375,485.3599853515625,349.79998779296875,73.09976959228516,-4.65350341796875,108112
3630.0,483.6629638671875,465.739990234375,481.9599609375,485.89996337890625,349.6999816894531,73.2208023071289,-5.04296875,108112
3631.0,483.7467041015625,465.44000244140625,482.03997802734375,486.05999755859375,349.7799987792969,73.1950454711914,-5.0267333984375,108112
3632.0,483.3444519042969,465.67999267578125,481.77996826171875,485.6177978515625,350.2599792480469,72.86116027832031,-4.684478759765625,108112
3633.0,483.18798828125,465.47998046875,481.67999267578125,485.44000244140625,350.3800048828125,72.64582824707031,-4.5679931640625,108112
3634.0,482.7652282714844,465.47998046875,481.260009765625,485.0,350.2200012207031,72.62256622314453,-4.585235595703125,108112
3635.0,483.0584716796875,465.67999267578125,481.44000244140625,485.1199951171875,350.0749816894531,72.814697265625,-4.698486328125,108112
3636.0,483.4363098144531,465.739990234375,481.79998779296875,485.47998046875,350.1199951171875,72.9139404296875,-4.916351318359375,108112
3637.0,483.7948913574219,465.67999267578125,482.239990234375,485.97998046875,349.79998779296875,73.2727279663086,-4.874908447265625,108112
3638.0,483.5510559082031,465.53997802734375,481.97998046875,485.89996337890625,350.0199890136719,73.07405090332031,-4.911041259765625,108112
3639.0,483.3374328613281,465.67999267578125,481.82000732421875,485.5977783203125,349.94000244140625,73.0238265991211,-4.637420654296875,108112
3640.0,484.196533203125,465.8399658203125,482.39996337890625,486.17999267578125,349.7200012207031,73.24360656738281,-5.03656005859375,108112
3641.0,484.36181640625,465.760009765625,482.47998046875,486.3800048828125,349.41497802734375,73.33547973632812,-5.2418212890625,108112
3642.0,484.55517578125,465.79998779296875,482.6400146484375,486.58001708984375,349.2799987792969,73.47241973876953,-5.335205078125,108112
3643.0,484.67218017578125,465.97998046875,482.719970703125,486.739990234375,349.3599853515625,73.59351348876953,-5.3721923828125,108112
3644.0,484.94317626953125,465.91998291015625,483.0,487.08001708984375,349.4599914550781,73.52947998046875,-5.48321533203125,108112
3645.0,485.1967468261719,465.77996826171875,483.15997314453125,487.29998779296875,349.375,73.56524658203125,-5.676788330078125,108112
3646.0,484.8067626953125,465.51995849609375,482.91998291015625,486.51995849609375,349.5799865722656,73.39640808105469,-5.3067626953125,108112
3647.0,484.2911376953125,465.55999755859375,482.47998046875,485.94000244140625,349.7349853515625,73.23703002929688,-5.0711669921875,108112
3648.0,484.7250671386719,465.51995849609375,482.8399658203125,486.51995849609375,349.2200012207031,73.34233093261719,-5.345062255859375,108112
3649.0,484.011474609375,465.3399658203125,482.1689758300781,485.70001220703125,349.8599853515625,73.02787780761719,-5.051513671875,108112
3650.0,483.8147888183594,465.3599853515625,482.1199951171875,485.5,349.9599914550781,72.90034484863281,-4.814788818359375,108112
3651.0,482.8411865234375,465.5,481.32000732421875,484.51995849609375,349.97998046875,72.6314468383789,-4.501220703125,108112
3652.0,483.9244384765625,465.65997314453125,482.1199951171875,485.6199951171875,349.53997802734375,72.9841079711914,-5.04443359375,108112
3653.0,483.632568359375,465.29998779296875,482.0,485.55999755859375,349.739990234375,72.99126434326172,-4.7926025390625,108112
3654.0,483.54473876953125,465.29998779296875,481.9599609375,485.3377685546875,349.8800048828125,72.92586517333984,-4.7247314453125,108112
3655.0,483.7715759277344,465.5999755859375,482.0999755859375,485.41998291015625,349.7599792480469,73.07500457763672,-4.851593017578125,108112
3656.0,483.996826171875,465.82000732421875,482.219970703125,485.77996826171875,349.53497314453125,73.21493530273438,-5.036865234375,108112
3657.0,483.8727722167969,465.47998046875,482.1400146484375,485.55999755859375,349.3800048828125,73.32412719726562,-4.912811279296875,108112
3658.0,484.34112548828125,465.20001220703125,482.44000244140625,486.1199951171875,349.1999816894531,73.36170196533203,-5.20111083984375,108112
3659.0,484.5328063964844,465.260009765625,482.58001708984375,486.27996826171875,349.4599914550781,73.25061798095703,-5.272796630859375,108112
3660.0,484.5375061035156,465.6400146484375,482.51995849609375,486.65997314453125,349.6999816894531,73.19695281982422,-5.557525634765625,108112
3661.0,484.3567199707031,465.70001220703125,482.3399658203125,486.65777587890625,349.5199890136719,73.11969757080078,-5.576751708984375,108112
3662.0,484.4490966796875,465.8599853515625,482.5,487.1400146484375,349.4549865722656,73.08228302001953,-5.64910888671875,108112
3663.0,485.0754089355469,466.0999755859375,482.97998046875,487.739990234375,349.3599853515625,73.13558959960938,-6.135406494140625,108112
3664.0,485.287109375,466.260009765625,483.20001220703125,487.77996826171875,349.4599914550781,73.3156967163086,-5.9471435546875,108112
3665.0,484.7300109863281,466.01995849609375,482.8399658203125,487.3399658203125,349.2200012207031,73.3780288696289,-5.610015869140625,108112
3666.0,484.14752197265625,465.79998779296875,482.29998779296875,486.41998291015625,349.6600036621094,73.09048461914062,-5.28753662109375,108112
3667.0,483.3386535644531,466.01995849609375,481.79998779296875,485.39996337890625,350.03997802734375,72.87222290039062,-4.618682861328125,108112
3668.0,483.589111328125,465.97998046875,481.8599853515625,485.47998046875,349.5999755859375,72.95612335205078,-4.9691162109375,108112
3669.0,484.10601806640625,465.69000244140625,482.239990234375,486.0999755859375,349.5199890136719,73.24776458740234,-5.166015625,108112
3670.0,483.6338195800781,465.6199951171875,481.91998291015625,485.5,349.53997802734375,73.07666778564453,-4.933807373046875,108112
3671.0,483.9264221191406,465.760009765625,482.1400146484375,485.65997314453125,349.5,73.04735565185547,-4.946441650390625,108112
3672.0,484.69439697265625,465.739990234375,482.65997314453125,486.53997802734375,349.3399963378906,73.22171020507812,-5.3743896484375,108112
3673.0,484.6209716796875,465.9599609375,482.65997314453125,486.4599609375,349.3399963378906,73.33806610107422,-5.260986328125,108112
3674.0,484.77423095703125,466.15997314453125,482.719970703125,486.65997314453125,349.739990234375,73.29830932617188,-5.53424072265625,108112
3675.0,484.5614929199219,466.260009765625,482.5999755859375,486.53997802734375,349.4599914550781,73.52022552490234,-5.321502685546875,108112
3676.0,484.68975830078125,466.0999755859375,482.55999755859375,486.44000244140625,349.3349914550781,73.55284118652344,-5.44976806640625,108112
3677.0,484.1562194824219,465.89996337890625,482.15997314453125,486.0999755859375,349.5999755859375,73.28382873535156,-5.256256103515625,108112
3678.0,484.3792419433594,465.89996337890625,482.47998046875,486.44000244140625,349.739990234375,73.2208023071289,-5.239227294921875,108112
3679.0,484.1183166503906,465.719970703125,482.29998779296875,486.219970703125,349.8800048828125,73.14551544189453,-5.118316650390625,108112
3680.0,483.43310546875,465.65997314453125,481.91998291015625,485.51995849609375,350.3800048828125,72.85120391845703,-4.57513427734375,108112
3681.0,483.023681640625,465.739990234375,481.6400146484375,485.27777099609375,350.3949890136719,72.76583099365234,-4.4036865234375,108112
3682.0,483.3118591308594,465.65997314453125,481.760009765625,485.4599609375,350.43499755859375,72.87174224853516,-4.551849365234375,108112
3683.0,483.5736999511719,465.6400146484375,481.91998291015625,485.760009765625,350.0999755859375,72.91358947753906,-4.715728759765625,108112
3684.0,483.5684814453125,465.760009765625,481.91998291015625,485.70001220703125,349.614990234375,73.13285064697266,-4.8284912109375,108112
3685.0,483.27374267578125,465.97998046875,481.58001708984375,485.27996826171875,349.41998291015625,73.18143463134766,-4.7137451171875,108112
3686.0,483.5865173339844,465.91998291015625,481.739990234375,485.6400146484375,349.3949890136719,73.25826263427734,-5.026519775390625,108112
3687.0,484.00555419921875,465.8299865722656,482.01995849609375,486.17999267578125,349.4749755859375,73.16321563720703,-5.445556640625,108112
3688.0,484.3442687988281,465.67999267578125,482.260009765625,486.4599609375,349.2799987792969,73.22036743164062,-5.624298095703125,108112
3689.0,484.6295166015625,465.66998291015625,482.5,486.82000732421875,349.0199890136719,73.37738037109375,-5.72955322265625,108112
3690.0,484.60675048828125,465.4599609375,482.53997802734375,486.67999267578125,349.1399841308594,73.2081298828125,-5.62677001953125,108112
3691.0,484.779296875,465.51995849609375,482.4599609375,486.77996826171875,348.8800048828125,73.32097625732422,-5.87933349609375,108112
3692.0,484.7049255371094,465.70001220703125,482.6199951171875,486.8399658203125,348.97998046875,73.50724029541016,-5.704925537109375,108112
3693.0,485.2421569824219,465.47998046875,482.97998046875,487.39996337890625,348.91998291015625,73.62274932861328,-6.182159423828125,108112
3694.0,485.1918029785156,465.3599853515625,482.9599609375,487.29998779296875,348.8800048828125,73.74278259277344,-6.031829833984375,108112
3695.0,484.59515380859375,465.260009765625,482.58001708984375,486.58001708984375,349.17999267578125,73.5105209350586,-5.53515625,108112
3696.0,483.90032958984375,465.260009765625,482.219970703125,485.8599853515625,349.41998291015625,73.35418701171875,-4.94036865234375,108112
3697.0,484.0885009765625,465.3800048828125,482.239990234375,486.1199951171875,349.3800048828125,73.18497467041016,-5.228515625,108112
3698.0,484.4750061035156,465.53997802734375,482.55999755859375,486.51776123046875,349.2799987792969,73.26306915283203,-5.415008544921875,108112
3699.0,484.3770446777344,465.3599853515625,482.47998046875,486.5,349.1600036621094,73.37384033203125,-5.437042236328125,108112
3700.0,484.13470458984375,465.39996337890625,482.29998779296875,486.17999267578125,349.29998779296875,73.3333740234375,-5.27471923828125,108112
3701.0,483.7499084472656,465.39996337890625,481.89996337890625,485.79998779296875,349.5749816894531,73.16925048828125,-5.229949951171875,108112
3702.0,482.4021911621094,465.3800048828125,481.03997802734375,484.58001708984375,349.6349792480469,72.94107818603516,-4.342193603515625,108112
3703.0,483.216796875,465.28997802734375,481.44000244140625,485.3599853515625,349.55999755859375,73.0816650390625,-5.0767822265625,108112
3704.0,483.5677795410156,464.94000244140625,481.77996826171875,485.70001220703125,349.6199951171875,73.05017852783203,-5.127777099609375,108112
3705.0,483.5442199707031,465.15997314453125,481.760009765625,485.51995849609375,349.8349914550781,73.14568328857422,-5.004241943359375,108112
3706.0,483.9244689941406,465.0999755859375,481.97998046875,486.0,349.6999816894531,73.42884826660156,-5.384490966796875,108112
3707.0,483.22784423828125,465.3399658203125,481.39996337890625,485.0999755859375,349.3800048828125,73.3265151977539,-5.0478515625,108112
3708.0,483.3056335449219,465.32000732421875,481.6199951171875,485.27996826171875,349.55999755859375,73.16749572753906,-4.985626220703125,108112
3709.0,482.74273681640625,465.32000732421875,481.15997314453125,484.8599853515625,349.6600036621094,73.05655670166016,-4.802734375,108112
3710.0,482.9915466308594,465.29998779296875,481.32000732421875,485.39996337890625,350.0999755859375,73.09619140625,-4.891571044921875,108112
3711.0,483.2873840332031,465.39996337890625,481.58001708984375,485.70001220703125,350.05999755859375,73.01707458496094,-4.947418212890625,108112
3712.0,483.6827697753906,465.260009765625,481.89996337890625,485.739990234375,349.8199768066406,73.08981323242188,-5.062774658203125,108112
3713.0,484.19384765625,465.51995849609375,482.239990234375,486.219970703125,349.6600036621094,73.22062683105469,-5.41387939453125,108112
3714.0,484.5014343261719,465.760009765625,482.55999755859375,486.6199951171875,349.5999755859375,73.32933044433594,-5.441436767578125,108112
3715.0,484.3095397949219,465.5999755859375,482.44000244140625,486.239990234375,349.67999267578125,73.19465637207031,-5.289581298828125,108112
3716.0,484.43536376953125,465.6400146484375,482.5999755859375,486.3399658203125,349.7149963378906,73.14810180664062,-5.25537109375,108112
3717.0,484.9100646972656,465.8599853515625,482.8599853515625,487.03997802734375,349.5749816894531,73.31292724609375,-5.710052490234375,108112
3718.0,484.53558349609375,465.67999267578125,482.739990234375,486.8399658203125,349.6949768066406,73.45018768310547,-5.215576171875,108112
3719.0,484.4094543457031,465.67999267578125,482.65997314453125,486.65997314453125,349.6999816894531,73.5011978149414,-5.009490966796875,108112
3720.0,484.8403015136719,465.5,482.94000244140625,487.0,349.2200012207031,73.69422149658203,-5.280303955078125,108112
3721.0,484.7433166503906,465.4599609375,482.739990234375,486.8399658203125,349.3999938964844,73.56205749511719,-5.523345947265625,108112
3722.0,484.3436279296875,465.4599609375,482.6199951171875,486.3800048828125,349.2749938964844,73.44805908203125,-5.06365966796875,108112
3723.0,484.42584228515625,465.5,482.6199951171875,486.719970703125,349.239990234375,73.50003051757812,-5.20587158203125,108112
3724.0,484.2364196777344,465.3800048828125,482.4289855957031,486.41998291015625,349.55999755859375,73.43279266357422,-5.136444091796875,108112
3725.0,483.5577697753906,465.3599853515625,481.91998291015625,485.760009765625,349.8399963378906,73.24625396728516,-4.837799072265625,108112
3726.0,482.7781066894531,465.260009765625,481.219970703125,485.0999755859375,349.6199951171875,73.18053436279297,-4.618133544921875,108112
3727.0,483.7816467285156,465.44000244140625,482.03997802734375,486.219970703125,349.54998779296875,73.19754791259766,-5.081634521484375,108112
3728.0,483.7151794433594,465.39996337890625,482.01995849609375,486.17999267578125,349.29998779296875,73.284423828125,-5.095184326171875,108112
3729.0,483.71820068359375,465.47998046875,482.03997802734375,486.1400146484375,349.03997802734375,73.42540740966797,-5.0582275390625,108112
3730.0,484.1541442871094,465.6199951171875,482.3800048828125,486.32000732421875,348.5749816894531,73.48713684082031,-5.134185791015625,108112
3731.0,484.4071960449219,466.03997802734375,482.5,486.41998291015625,349.0199890136719,73.53002166748047,-5.187225341796875,108112
3732.0,483.80023193359375,465.6400146484375,482.219970703125,485.8399658203125,349.5999755859375,73.26077270507812,-4.76025390625,108112
3733.0,483.6545104980469,465.6400146484375,481.89996337890625,485.8800048828125,349.7799987792969,73.05162048339844,-5.034515380859375,108112
3734.0,483.47357177734375,465.5899963378906,481.89996337890625,485.53997802734375,349.7549743652344,73.13099670410156,-4.71356201171875,108112
3735.0,482.7863464355469,465.47998046875,481.29998779296875,484.89996337890625,349.85498046875,72.96388244628906,-4.446380615234375,108112
3736.0,482.2249755859375,465.739990234375,481.05999755859375,484.5,349.8800048828125,72.84241485595703,-4.06500244140625,108112
3737.0,482.4091796875,465.97998046875,481.20001220703125,484.79998779296875,349.375,73.0553970336914,-4.22918701171875,108112
3738.0,470.66241455078125,457.239990234375,469.1689758300781,472.89996337890625,345.7799987792969,70.7026138305664,-4.3424072265625,108112
3739.0,463.4549865722656,451.89996337890625,461.9599609375,465.739990234375,343.739990234375,69.32511138916016,-4.254974365234375,108112
3740.0,454.75921630859375,444.89996337890625,452.77996826171875,457.15997314453125,340.0799865722656,68.01876068115234,-4.3192138671875,108112
3741.0,449.558837890625,441.05999755859375,448.0,452.77777099609375,338.05999755859375,67.26908874511719,-3.6988525390625,108112
3742.0,447.5542297363281,438.77996826171875,445.70001220703125,451.32000732421875,336.3800048828125,67.17383575439453,-4.114227294921875,108112
