time,ir_center,ir_bulk,ir_p95,ir_p99,ir_p25,ir_std,ir_grad,ir_area
1.0,376.37274169921875,372.3199768066406,376.1199951171875,378.0999755859375,247.97998046875,69.0643081665039,-1.4527587890625,108866
2.0,375.98297119140625,372.7799987792969,376.3599853515625,378.05999755859375,250.125,67.93038940429688,-0.74298095703125,108866
3.0,375.8235168457031,373.0999755859375,376.6999816894531,378.3599853515625,251.79998779296875,67.1806640625,-0.223541259765625,108866
4.0,376.2115478515625,373.29998779296875,376.97998046875,378.7599792480469,253.3800048828125,66.35641479492188,-0.3515625,108866
5.0,376.88885498046875,373.739990234375,377.55999755859375,379.2200012207031,254.83999633789062,65.74755096435547,-0.488861083984375,108866
6.0,377.283935546875,373.9599914550781,377.739990234375,379.41998291015625,256.0249938964844,65.12889862060547,-0.763946533203125,108866
7.0,377.3116149902344,374.0799865722656,377.8599853515625,379.406982421875,257.1050109863281,64.8001937866211,-0.671630859375,108866
8.0,377.2491760253906,374.29998779296875,377.9599914550781,379.55999755859375,258.3450012207031,64.34947967529297,-0.4091796875,108866
9.0,377.3566589355469,374.3599853515625,378.0199890136719,379.6600036621094,259.3399963378906,63.9429817199707,-0.436676025390625,108866
10.0,377.5199890136719,374.3399963378906,378.0199890136719,379.67999267578125,259.739990234375,63.677669525146484,-0.6199951171875,108866
11.0,377.93878173828125,374.6600036621094,378.3999938964844,380.0,260.3999938964844,63.464603424072266,-0.738800048828125,108866
12.0,378.595458984375,374.8199768066406,378.5799865722656,380.3869934082031,261.41998291015625,63.20705795288086,-1.195465087890625,108866
13.0,378.9828186035156,374.8799743652344,378.6399841308594,380.5999755859375,261.7599792480469,63.07869338989258,-1.502838134765625,108866
14.0,379.43890380859375,375.1199951171875,378.97998046875,380.8599853515625,262.1650085449219,63.0098876953125,-1.678924560546875,108866
15.0,379.55279541015625,375.29998779296875,379.1199951171875,381.0199890136719,262.91998291015625,62.88748550415039,-1.652801513671875,108866
16.0,379.4712219238281,375.3199768066406,379.1600036621094,381.05999755859375,263.8599853515625,62.429725646972656,-1.531219482421875,108866
17.0,379.3918151855469,375.3599853515625,379.1600036621094,381.03997802734375,264.239990234375,62.342079162597656,-1.43182373046875,108866
18.0,379.34490966796875,375.6199951171875,379.2599792480469,380.8599853515625,264.739990234375,62.24274826049805,-1.22491455078125,108866
19.0,379.6005859375,375.739990234375,379.3999938964844,380.91998291015625,265.3599853515625,61.93112564086914,-1.380584716796875,108866
20.0,380.1019287109375,375.739990234375,379.6199951171875,381.3599853515625,266.03997802734375,61.61511993408203,-1.741943359375,108866
21.0,380.3365173339844,375.67999267578125,379.7200012207031,381.5,266.0849914550781,61.4695930480957,-1.95654296875,108866
22.0,380.60302734375,375.9599914550781,380.0799865722656,381.7799987792969,266.1600036621094,61.364646911621094,-1.843048095703125,108866
23.0,380.7821960449219,376.2200012207031,380.29998779296875,381.97998046875,266.9049987792969,61.287479400634766,-1.782196044921875,108866
24.0,380.671630859375,376.239990234375,380.17999267578125,381.8599853515625,267.4599914550781,61.01210021972656,-1.75164794921875,108866
25.0,380.59857177734375,376.239990234375,380.1199951171875,381.7599792480469,267.6999816894531,60.90382766723633,-1.73858642578125,108866
26.0,380.5671691894531,376.3199768066406,380.1399841308594,381.7599792480469,267.9599914550781,60.90243911743164,-1.627166748046875,108866
27.0,380.6572570800781,376.3799743652344,380.1999816894531,381.7799987792969,267.9599914550781,60.90571594238281,-1.677276611328125,108866
28.0,380.7946472167969,376.4599914550781,380.3199768066406,381.94000244140625,268.6000061035156,60.554656982421875,-1.694671630859375,108866
29.0,380.9726867675781,376.5999755859375,380.47998046875,382.08697509765625,269.0799865722656,60.43428421020508,-1.71270751953125,108866
30.0,380.9541320800781,376.6999816894531,380.47998046875,382.0199890136719,269.68499755859375,60.180477142333984,-1.654144287109375,108866
31.0,380.847412109375,376.7599792480469,380.4599914550781,381.91998291015625,269.8450012207031,60.05461120605469,-1.54742431640625,108866
32.0,381.0375671386719,376.8399963378906,380.5799865722656,382.1199951171875,269.7599792480469,60.1536750793457,-1.6375732421875,108866
33.0,381.1079406738281,376.8599853515625,380.6600036621094,382.2799987792969,270.29998779296875,59.9361686706543,-1.64794921875,108866
34.0,381.2171325683594,376.94000244140625,380.739990234375,382.3599853515625,270.6399841308594,59.76873016357422,-1.677154541015625,108866
35.0,381.3718566894531,376.97998046875,380.79998779296875,382.4599914550781,270.55999755859375,59.908817291259766,-1.7918701171875,108866
36.0,381.5810241699219,377.0199890136719,380.8799743652344,382.6600036621094,270.7599792480469,59.97401809692383,-1.9210205078125,108866
37.0,381.6984558105469,377.1600036621094,381.0199890136719,382.7599792480469,270.8800048828125,60.04888916015625,-1.898468017578125,108866
38.0,381.672119140625,377.05999755859375,380.97998046875,382.7599792480469,271.3199768066406,59.87527084350586,-1.952117919921875,108866
39.0,381.6456604003906,377.1600036621094,381.0199890136719,382.7200012207031,271.3999938964844,59.72453308105469,-1.845672607421875,108866
40.0,381.7904357910156,377.2200012207031,381.0999755859375,382.8599853515625,271.625,59.54807662963867,-1.930450439453125,108866
41.0,381.75494384765625,377.3199768066406,381.2200012207031,382.8399963378906,271.55999755859375,59.4691162109375,-1.81494140625,108866
42.0,381.73687744140625,377.3799743652344,381.2599792480469,382.8799743652344,272.239990234375,59.43411636352539,-1.73687744140625,108866
43.0,381.8054504394531,377.44000244140625,381.3399963378906,383.0,272.8800048828125,59.2655143737793,-1.7254638671875,108866
44.0,381.97979736328125,377.53997802734375,381.44000244140625,383.17999267578125,273.5199890136719,59.20038986206055,-1.819793701171875,108866
45.0,381.915283203125,377.5799865722656,381.41998291015625,383.0999755859375,273.7449951171875,59.18550491333008,-1.715301513671875,108866
46.0,381.9071960449219,377.5799865722656,381.3599853515625,383.05999755859375,273.8399963378906,59.15913009643555,-1.727203369140625,108866
47.0,381.9561767578125,377.44000244140625,381.2799987792969,383.0669860839844,273.47998046875,59.1756706237793,-1.876190185546875,108866
48.0,381.913330078125,377.4599914550781,381.2799987792969,383.03997802734375,273.2200012207031,58.968849182128906,-1.85333251953125,108866
49.0,382.10009765625,377.55999755859375,381.4599914550781,383.2869873046875,273.6000061035156,58.85349655151367,-1.900115966796875,108866
50.0,382.27825927734375,377.7599792480469,381.6600036621094,383.44000244140625,274.4049987792969,58.81393814086914,-1.898284912109375,108866
51.0,382.37799072265625,377.7599792480469,381.67999267578125,383.4599914550781,274.8399963378906,58.66744613647461,-1.998016357421875,108866
52.0,382.31121826171875,377.7599792480469,381.6199951171875,383.3599853515625,274.739990234375,58.63336944580078,-1.95123291015625,108866
53.0,382.2835388183594,377.739990234375,381.55999755859375,383.3599853515625,274.8800048828125,58.59294891357422,-1.96356201171875,108866
54.0,382.3472595214844,377.7599792480469,381.5999755859375,383.3999938964844,275.3800048828125,58.634864807128906,-2.02728271484375,108866
55.0,382.3518371582031,377.79998779296875,381.6600036621094,383.5,275.6999816894531,58.494049072265625,-1.95184326171875,108866
56.0,382.4015197753906,377.79998779296875,381.6999816894531,383.5999755859375,275.2599792480469,58.48427963256836,-1.961517333984375,108866
57.0,382.4699401855469,377.94000244140625,381.8399963378906,383.6199951171875,275.79998779296875,58.51443099975586,-1.909942626953125,108866
58.0,382.6060485839844,378.0,382.0199890136719,383.7799987792969,276.1199951171875,58.48744201660156,-1.90606689453125,108866
59.0,382.62408447265625,378.0999755859375,382.0999755859375,383.8399963378906,276.2599792480469,58.4262580871582,-1.864105224609375,108866
60.0,382.552734375,378.0799865722656,382.0,383.67999267578125,276.2799987792969,58.441566467285156,-1.852752685546875,108866
61.0,382.6415100097656,378.1600036621094,382.1399841308594,383.7799987792969,276.3199768066406,58.49604034423828,-1.841522216796875,108866
62.0,382.6158752441406,378.2200012207031,382.05999755859375,383.7200012207031,276.3999938964844,58.486488342285156,-1.7958984375,108866
63.0,382.6391906738281,378.17999267578125,382.05999755859375,383.7599792480469,276.6650085449219,58.135948181152344,-1.839202880859375,108866
64.0,382.7318115234375,378.2599792480469,382.1399841308594,383.8399963378906,276.864990234375,58.21871566772461,-1.851837158203125,108866
65.0,382.66973876953125,378.3199768066406,382.1600036621094,383.7799987792969,277.2200012207031,57.991329193115234,-1.769744873046875,108866
66.0,382.7236022949219,378.2799987792969,382.17999267578125,383.8399963378906,276.8399963378906,57.76311492919922,-1.783599853515625,108866
67.0,382.70916748046875,378.3199768066406,382.17999267578125,383.8799743652344,277.0249938964844,57.859432220458984,-1.749176025390625,108866
68.0,382.7926025390625,378.3799743652344,382.239990234375,383.91998291015625,277.1600036621094,57.7725715637207,-1.772613525390625,108866
69.0,382.6724548339844,378.41998291015625,382.1999816894531,383.79998779296875,277.0199890136719,57.7030029296875,-1.672454833984375,108866
70.0,382.6184997558594,378.44000244140625,382.17999267578125,383.7799987792969,277.2599792480469,57.5731086730957,-1.5985107421875,108866
71.0,382.6396179199219,378.44000244140625,382.1999816894531,383.79998779296875,277.8599853515625,57.463226318359375,-1.61962890625,108866
72.0,382.70391845703125,378.47998046875,382.239990234375,383.8199768066406,277.8399963378906,57.57156753540039,-1.6639404296875,108866
73.0,382.7622985839844,378.5,382.29998779296875,383.8999938964844,278.3599853515625,57.43202209472656,-1.68231201171875,108866
74.0,382.72381591796875,378.47998046875,382.2799987792969,383.8799743652344,278.3399963378906,57.22228240966797,-1.643829345703125,108866
75.0,382.8051452636719,378.53997802734375,382.29998779296875,383.9599914550781,278.8800048828125,57.22677230834961,-1.705169677734375,108866
76.0,382.94775390625,378.6399841308594,382.3999938964844,384.05999755859375,278.6399841308594,57.414817810058594,-1.747772216796875,108866
77.0,382.8377990722656,378.6399841308594,382.3599853515625,383.97998046875,278.739990234375,57.391624450683594,-1.657806396484375,108866
78.0,382.8576354980469,378.6199951171875,382.3399963378906,384.0,278.5199890136719,57.26296615600586,-1.677642822265625,108866
79.0,382.94146728515625,378.6399841308594,382.41998291015625,384.0799865722656,278.4599914550781,57.26445770263672,-1.721466064453125,108866
80.0,382.953857421875,378.67999267578125,382.41998291015625,384.0799865722656,278.739990234375,57.30904006958008,-1.733856201171875,108866
81.0,382.8971252441406,378.67999267578125,382.41998291015625,384.05999755859375,279.0799865722656,57.24721145629883,-1.6971435546875,108866
82.0,382.9854431152344,378.7799987792969,382.47998046875,384.1199951171875,279.3999938964844,57.08049774169922,-1.66546630859375,108866
83.0,382.9457092285156,378.7200012207031,382.4599914550781,384.0999755859375,279.2799987792969,56.958412170410156,-1.66571044921875,108866
84.0,383.05902099609375,378.7599792480469,382.5199890136719,384.2200012207031,279.3199768066406,57.06195831298828,-1.739044189453125,108866
85.0,383.09326171875,378.79998779296875,382.55999755859375,384.239990234375,279.91998291015625,57.00701141357422,-1.7332763671875,108866
86.0,383.0762023925781,378.8599853515625,382.5999755859375,384.29998779296875,280.29998779296875,56.71590042114258,-1.69622802734375,108866
87.0,383.0818786621094,378.91998291015625,382.6399841308594,384.29998779296875,280.4649963378906,56.67753219604492,-1.62188720703125,108866
88.0,383.22265625,378.97998046875,382.6999816894531,384.41998291015625,280.18499755859375,56.706966400146484,-1.702667236328125,108866
89.0,383.25164794921875,379.0199890136719,382.7599792480469,384.41998291015625,280.0199890136719,56.798927307128906,-1.691650390625,108866
90.0,383.29852294921875,379.05999755859375,382.7799987792969,384.47998046875,280.6199951171875,56.54920959472656,-1.69854736328125,108866
91.0,383.22760009765625,379.0799865722656,382.7599792480469,384.3799743652344,280.4649963378906,56.54692459106445,-1.647613525390625,108866
92.0,383.3209533691406,379.0799865722656,382.7799987792969,384.5,280.0799865722656,56.693016052246094,-1.720977783203125,108866
93.0,383.4259948730469,379.0999755859375,382.8599853515625,384.6869812011719,280.6600036621094,56.40061950683594,-1.7659912109375,108866
94.0,383.4479675292969,379.1399841308594,382.91998291015625,384.6399841308594,281.2200012207031,56.46104431152344,-1.767974853515625,108866
95.0,383.4338684082031,379.1399841308594,382.91998291015625,384.6199951171875,281.3999938964844,56.384002685546875,-1.7138671875,108866
96.0,383.4359130859375,379.1999816894531,382.94000244140625,384.60699462890625,281.3399963378906,56.32329177856445,-1.715911865234375,108866
97.0,383.5036926269531,379.2599792480469,382.97998046875,384.6199951171875,281.1399841308594,56.32869338989258,-1.72369384765625,108866
98.0,383.4212646484375,379.29998779296875,382.9599914550781,384.5469970703125,281.17999267578125,56.32612991333008,-1.601287841796875,108866
99.0,383.42926025390625,379.2799987792969,382.94000244140625,384.55999755859375,281.2599792480469,56.47750473022461,-1.649261474609375,108866
100.0,383.517822265625,379.29998779296875,382.97998046875,384.6199951171875,281.0249938964844,56.4608039855957,-1.737823486328125,108866
101.0,383.5461120605469,379.3399963378906,383.0199890136719,384.6600036621094,281.239990234375,56.43998718261719,-1.72613525390625,108866
102.0,383.5718688964844,379.3999938964844,383.05999755859375,384.6999816894531,281.2799987792969,56.36801528930664,-1.69189453125,108866
103.0,383.5849304199219,379.3399963378906,383.05999755859375,384.739990234375,281.4599914550781,56.351287841796875,-1.74493408203125,108866
104.0,383.59521484375,379.3399963378906,383.1199951171875,384.79998779296875,281.41998291015625,56.40594482421875,-1.715240478515625,108866
105.0,383.51812744140625,379.3399963378906,383.03997802734375,384.67999267578125,281.56500244140625,56.315345764160156,-1.65814208984375,108866
106.0,383.6090087890625,379.3999938964844,383.1199951171875,384.79998779296875,281.2200012207031,56.23475646972656,-1.66900634765625,108866
107.0,383.58551025390625,379.3999938964844,383.1199951171875,384.7799987792969,281.1999816894531,56.122127532958984,-1.66552734375,108866
108.0,383.72247314453125,379.44000244140625,383.17999267578125,384.8399963378906,281.2799987792969,56.11763000488281,-1.782470703125,108866
109.0,383.6683654785156,379.5,383.2200012207031,384.8399963378906,281.47998046875,56.14670944213867,-1.64837646484375,108866
110.0,383.8114318847656,379.53997802734375,383.2799987792969,385.0,281.2200012207031,56.02088165283203,-1.711456298828125,108866
111.0,383.8056640625,379.5199890136719,383.2799987792969,384.8999938964844,281.53997802734375,56.07425308227539,-1.785675048828125,108866
112.0,383.8701477050781,379.55999755859375,383.29998779296875,384.97998046875,281.7649841308594,56.02452087402344,-1.7901611328125,108866
113.0,383.9227294921875,379.6199951171875,383.3799743652344,385.05999755859375,281.7599792480469,56.05499267578125,-1.782745361328125,108866
114.0,383.7886962890625,379.6399841308594,383.3199768066406,384.91998291015625,282.1399841308594,55.878379821777344,-1.628692626953125,108866
115.0,383.9841003417969,379.6399841308594,383.3799743652344,385.0999755859375,281.7200012207031,55.81028366088867,-1.804107666015625,108866
116.0,384.0816955566406,379.739990234375,383.47998046875,385.239990234375,281.97998046875,55.88962936401367,-1.80169677734375,108866
117.0,384.08880615234375,379.739990234375,383.47998046875,385.2599792480469,281.6999816894531,55.8803825378418,-1.808807373046875,108866
118.0,384.04766845703125,379.7200012207031,383.4599914550781,385.1600036621094,281.3800048828125,55.97488021850586,-1.80767822265625,108866
119.0,383.9515380859375,379.7799987792969,383.4599914550781,385.0799865722656,281.739990234375,55.924705505371094,-1.65155029296875,108866
120.0,383.98345947265625,379.79998779296875,383.5,385.1199951171875,282.44000244140625,55.84697723388672,-1.643463134765625,108866
121.0,383.9639587402344,379.79998779296875,383.47998046875,385.1399841308594,282.6999816894531,55.762237548828125,-1.64398193359375,108866
122.0,384.070556640625,379.8999938964844,383.5799865722656,385.239990234375,282.8999938964844,55.731468200683594,-1.65057373046875,108866
123.0,384.1872863769531,379.8399963378906,383.5999755859375,385.3199768066406,282.47998046875,55.851837158203125,-1.78729248046875,108866
124.0,384.1248474121094,379.8199768066406,383.5799865722656,385.29998779296875,282.3599853515625,55.85491180419922,-1.744873046875,108866
125.0,384.1569519042969,379.9599914550781,383.6600036621094,385.3199768066406,282.7449951171875,55.93365478515625,-1.676971435546875,108866
126.0,384.2204284667969,379.9599914550781,383.7200012207031,385.3999938964844,282.8249816894531,55.733585357666016,-1.700439453125,108866
127.0,384.22088623046875,379.9599914550781,383.6999816894531,385.3599853515625,282.91998291015625,55.72384262084961,-1.680908203125,108866
128.0,384.2647705078125,380.03997802734375,383.7599792480469,385.3999938964844,283.03997802734375,55.779998779296875,-1.684783935546875,108866
129.0,384.2320251464844,380.1399841308594,383.79998779296875,385.3799743652344,283.42498779296875,55.77791213989258,-1.572021484375,108866
130.0,384.3365478515625,380.1399841308594,383.8599853515625,385.5199890136719,283.3999938964844,55.7397346496582,-1.676544189453125,108866
131.0,384.3281555175781,380.0999755859375,383.8199768066406,385.55999755859375,283.0799865722656,55.66965866088867,-1.68817138671875,108866
132.0,384.257568359375,380.17999267578125,383.8399963378906,385.5199890136719,283.3199768066406,55.720985412597656,-1.557586669921875,108866
133.0,384.42236328125,380.1999816894531,383.8999938964844,385.6399841308594,283.8399963378906,55.56779098510742,-1.702362060546875,108866
134.0,384.4990539550781,380.2200012207031,383.97998046875,385.6999816894531,284.0,55.73664474487305,-1.73907470703125,108866
135.0,384.5078430175781,380.2599792480469,383.97998046875,385.6600036621094,284.0199890136719,55.73432922363281,-1.72784423828125,108866
136.0,384.483642578125,380.2599792480469,383.9599914550781,385.5799865722656,284.2200012207031,55.53261184692383,-1.723663330078125,108866
137.0,384.38043212890625,380.2799987792969,383.91998291015625,385.5199890136719,284.29998779296875,55.4816780090332,-1.5804443359375,108866
138.0,384.51043701171875,380.3199768066406,384.0,385.6669921875,284.1050109863281,55.682716369628906,-1.65045166015625,108866
139.0,384.5499572753906,380.3199768066406,384.0199890136719,385.7200012207031,284.3199768066406,55.674407958984375,-1.7099609375,108866
140.0,384.58319091796875,380.3599853515625,384.05999755859375,385.739990234375,284.2200012207031,55.573524475097656,-1.72320556640625,108866
141.0,384.4903259277344,380.3999938964844,384.05999755859375,385.6399841308594,283.6600036621094,55.511749267578125,-1.6103515625,108866
142.0,384.6190185546875,380.44000244140625,384.1399841308594,385.7200012207031,283.6600036621094,55.51226806640625,-1.69903564453125,108866
143.0,384.5425109863281,380.3999938964844,384.0799865722656,385.6999816894531,283.6199951171875,55.58094024658203,-1.682525634765625,108866
144.0,384.54766845703125,380.4599914550781,384.1199951171875,385.7200012207031,283.53997802734375,55.46397399902344,-1.587677001953125,108866
145.0,384.47113037109375,380.44000244140625,384.0999755859375,385.6600036621094,284.3450012207031,55.2150993347168,-1.511138916015625,108866
146.0,384.4964599609375,380.5,384.1399841308594,385.67999267578125,284.1000061035156,55.22547912597656,-1.476470947265625,108866
147.0,384.729248046875,380.5199890136719,384.2200012207031,385.8399963378906,283.6999816894531,55.487491607666016,-1.66925048828125,108866
148.0,384.56195068359375,380.55999755859375,384.1600036621094,385.7799987792969,283.5,55.67924499511719,-1.52197265625,108866
149.0,384.63543701171875,380.5999755859375,384.17999267578125,385.8399963378906,283.3800048828125,55.49193572998047,-1.555450439453125,108866
150.0,384.8215026855469,380.55999755859375,384.2599792480469,385.97998046875,283.1650085449219,55.50712585449219,-1.781524658203125,108866
151.0,384.8869934082031,380.6199951171875,384.3399963378906,386.0,283.1600036621094,55.66279220581055,-1.8070068359375,108866
152.0,384.80224609375,380.5799865722656,384.2799987792969,385.9599914550781,283.3399963378906,55.523685455322266,-1.7022705078125,108866
153.0,384.86968994140625,380.6199951171875,384.3399963378906,386.0199890136719,283.5,55.46370315551758,-1.729705810546875,108866
154.0,384.8484802246094,380.67999267578125,384.3999938964844,386.0,283.8199768066406,55.554195404052734,-1.64849853515625,108866
155.0,384.916259765625,380.67999267578125,384.3999938964844,386.0999755859375,283.9049987792969,55.539249420166016,-1.716278076171875,108866
156.0,384.79132080078125,380.6600036621094,384.3399963378906,385.9599914550781,283.53997802734375,55.55146408081055,-1.651336669921875,108866
157.0,384.833984375,380.6999816894531,384.3799743652344,385.97998046875,283.9849853515625,55.42089080810547,-1.593994140625,108866
158.0,384.83184814453125,380.67999267578125,384.3399963378906,385.94000244140625,284.30499267578125,55.305625915527344,-1.631866455078125,108866
159.0,384.8245849609375,380.7599792480469,384.3999938964844,386.0,284.7200012207031,55.325469970703125,-1.544586181640625,108866
160.0,384.974853515625,380.79998779296875,384.47998046875,386.0799865722656,284.1650085449219,55.41793441772461,-1.694854736328125,108866
161.0,384.9183349609375,380.8399963378906,384.4599914550781,386.0199890136719,284.67999267578125,55.28205871582031,-1.598358154296875,108866
162.0,385.0113830566406,380.8799743652344,384.5199890136719,386.1199951171875,284.6999816894531,55.43818664550781,-1.63140869140625,108866
163.0,385.107666015625,380.8999938964844,384.5799865722656,386.239990234375,284.7799987792969,55.35845184326172,-1.707672119140625,108866
164.0,385.142333984375,380.8999938964844,384.5999755859375,386.29998779296875,285.05999755859375,55.321258544921875,-1.742340087890625,108866
165.0,385.10516357421875,380.94000244140625,384.5999755859375,386.3069763183594,285.2049865722656,55.12485122680664,-1.6851806640625,108866
166.0,385.1715393066406,380.91998291015625,384.6399841308594,386.3999938964844,285.03997802734375,55.23283386230469,-1.731536865234375,108866
167.0,385.1699523925781,380.97998046875,384.6999816894531,386.3799743652344,284.8399963378906,55.30819320678711,-1.64996337890625,108866
168.0,385.18255615234375,381.0199890136719,384.7200012207031,386.3599853515625,284.6999816894531,55.18819808959961,-1.642578125,108866
169.0,385.3459167480469,381.03997802734375,384.8199768066406,386.53997802734375,284.7449951171875,55.29291534423828,-1.745941162109375,108866
170.0,385.26580810546875,381.0999755859375,384.7799987792969,386.3999938964844,284.91998291015625,55.14335632324219,-1.66583251953125,108866
171.0,385.1858215332031,381.05999755859375,384.7200012207031,386.3199768066406,284.8199768066406,55.32734680175781,-1.6058349609375,108866
172.0,385.11065673828125,381.0799865722656,384.6999816894531,386.2599792480469,285.17999267578125,55.340660095214844,-1.5506591796875,108866
173.0,385.1166076660156,381.05999755859375,384.6999816894531,386.2799987792969,285.1600036621094,55.25082778930664,-1.556610107421875,108866
174.0,385.20526123046875,381.0799865722656,384.739990234375,386.3599853515625,284.6999816894531,55.245811462402344,-1.645263671875,108866
175.0,385.19512939453125,381.0999755859375,384.7200012207031,386.3599853515625,285.0,55.23002624511719,-1.6551513671875,108866
176.0,385.203369140625,381.1199951171875,384.7599792480469,386.3999938964844,285.1600036621094,55.3260612487793,-1.6033935546875,108866
177.0,385.10137939453125,381.05999755859375,384.6999816894531,386.3199768066406,285.2599792480469,55.488128662109375,-1.5413818359375,108866
178.0,385.1826171875,381.0999755859375,384.7599792480469,386.3999938964844,285.41998291015625,55.35673904418945,-1.5926513671875,108866
179.0,385.3360900878906,381.1600036621094,384.8399963378906,386.47998046875,285.17999267578125,55.46015930175781,-1.656097412109375,108866
180.0,385.3128662109375,381.2200012207031,384.8599853515625,386.4599914550781,285.3199768066406,55.47510528564453,-1.612884521484375,108866
181.0,385.3445739746094,381.239990234375,384.8799743652344,386.41998291015625,285.3999938964844,55.389156341552734,-1.5845947265625,108866
182.0,385.477294921875,381.2599792480469,384.9599914550781,386.55999755859375,285.68499755859375,55.22157287597656,-1.7373046875,108866
183.0,385.3802490234375,381.2799987792969,384.94000244140625,386.5799865722656,286.0799865722656,55.05687713623047,-1.620269775390625,108866
184.0,385.4469299316406,381.2599792480469,384.94000244140625,386.6199951171875,286.17999267578125,55.18623733520508,-1.706939697265625,108866
185.0,385.29461669921875,381.29998779296875,384.91998291015625,386.5,285.6399841308594,55.29844665527344,-1.514617919921875,108866
186.0,385.4765625,381.29998779296875,384.97998046875,386.6199951171875,285.3199768066406,55.27647018432617,-1.636566162109375,108866
187.0,385.52874755859375,381.3399963378906,385.05999755859375,386.6600036621094,285.1399841308594,55.248294830322266,-1.628753662109375,108866
188.0,385.52685546875,381.3999938964844,385.0999755859375,386.6999816894531,285.29998779296875,55.237430572509766,-1.58685302734375,108866
189.0,385.60009765625,381.41998291015625,385.1199951171875,386.7799987792969,285.4599914550781,55.20561218261719,-1.640106201171875,108866
190.0,385.69305419921875,381.5,385.1600036621094,386.8199768066406,285.7200012207031,55.256256103515625,-1.69305419921875,108866
191.0,385.6950988769531,381.55999755859375,385.1999816894531,386.8399963378906,285.94000244140625,55.292118072509766,-1.655120849609375,108866
192.0,385.79278564453125,381.5999755859375,385.239990234375,386.9599914550781,285.8999938964844,55.15637969970703,-1.7327880859375,108866
193.0,385.84765625,381.5799865722656,385.29998779296875,386.97998046875,285.6999816894531,55.34702682495117,-1.767669677734375,108866
194.0,385.8106384277344,381.5999755859375,385.29998779296875,386.94000244140625,285.91998291015625,55.40454864501953,-1.690643310546875,108866
195.0,385.888916015625,381.5999755859375,385.3799743652344,387.0199890136719,285.3199768066406,55.42427062988281,-1.7689208984375,108866
196.0,385.8957214355469,381.5999755859375,385.3799743652344,387.0799865722656,285.2200012207031,55.286773681640625,-1.7357177734375,108866
197.0,385.85247802734375,381.6199951171875,385.3599853515625,387.03997802734375,285.3199768066406,55.17378616333008,-1.712493896484375,108866
198.0,385.8458557128906,381.6600036621094,385.3599853515625,387.0,285.67999267578125,55.05259704589844,-1.665863037109375,108866
199.0,385.8911437988281,381.6600036621094,385.3999938964844,387.05999755859375,285.6999816894531,55.11409378051758,-1.711151123046875,108866
200.0,385.9159851074219,381.7200012207031,385.41998291015625,387.0799865722656,285.7799987792969,55.04709243774414,-1.675994873046875,108866
201.0,385.8721008300781,381.739990234375,385.3999938964844,387.05999755859375,285.7850036621094,54.99724578857422,-1.632110595703125,108866
202.0,385.9491271972656,381.7799987792969,385.4599914550781,387.1399841308594,285.55999755859375,54.95564651489258,-1.68914794921875,108866
203.0,385.8170166015625,381.7799987792969,385.41998291015625,387.03997802734375,286.3199768066406,54.819549560546875,-1.547027587890625,108866
204.0,385.880615234375,381.7799987792969,385.4599914550781,387.0799865722656,286.55999755859375,54.69211959838867,-1.620635986328125,108866
205.0,386.05291748046875,381.8599853515625,385.55999755859375,387.239990234375,286.56500244140625,54.85721969604492,-1.69293212890625,108866
206.0,386.02935791015625,381.91998291015625,385.5999755859375,387.2799987792969,286.7449951171875,54.94342041015625,-1.629364013671875,108866
207.0,385.9888000488281,381.94000244140625,385.5999755859375,387.2200012207031,286.5849914550781,55.30017852783203,-1.58880615234375,108866
208.0,386.0051574707031,381.8799743652344,385.5799865722656,387.17999267578125,286.6600036621094,55.1549186706543,-1.645172119140625,108866
209.0,386.0184631347656,381.8799743652344,385.55999755859375,387.17999267578125,286.5849914550781,55.40348434448242,-1.63848876953125,108866
210.0,386.0421447753906,381.97998046875,385.6399841308594,387.2599792480469,286.79998779296875,55.410850524902344,-1.5821533203125,108866
211.0,386.1977844238281,382.0199890136719,385.739990234375,387.3799743652344,286.9849853515625,55.3844108581543,-1.67779541015625,108866
212.0,386.0275573730469,381.97998046875,385.6399841308594,387.22698974609375,286.94000244140625,55.15930938720703,-1.56756591796875,108866
213.0,385.9989929199219,382.03997802734375,385.67999267578125,387.239990234375,286.94000244140625,55.04594039916992,-1.459014892578125,108866
214.0,386.00689697265625,382.0199890136719,385.6600036621094,387.2200012207031,286.8399963378906,55.12668991088867,-1.50689697265625,108866
215.0,386.1600646972656,382.1399841308594,385.7599792480469,387.3199768066406,286.7200012207031,55.08369064331055,-1.560089111328125,108866
216.0,386.2008972167969,382.0999755859375,385.7799987792969,387.3999938964844,287.1600036621094,54.83671951293945,-1.600921630859375,108866
217.0,386.1893310546875,382.0999755859375,385.739990234375,387.3399963378906,286.8999938964844,54.852291107177734,-1.58935546875,108866
218.0,386.27734375,382.1600036621094,385.8199768066406,387.41998291015625,286.03997802734375,55.35929870605469,-1.6573486328125,108866
219.0,386.24176025390625,382.1600036621094,385.79998779296875,387.41998291015625,286.3599853515625,55.063079833984375,-1.601776123046875,108866
220.0,386.2182312011719,382.1999816894531,385.8399963378906,387.41998291015625,286.94000244140625,55.07505798339844,-1.51824951171875,108866
221.0,386.33154296875,382.1999816894531,385.8599853515625,387.5199890136719,287.239990234375,54.96192169189453,-1.671539306640625,108866
222.0,386.36566162109375,382.1999816894531,385.8599853515625,387.53997802734375,286.8999938964844,55.12175750732422,-1.6856689453125,108866
223.0,386.400146484375,382.239990234375,385.8999938964844,387.5799865722656,287.1600036621094,55.02720260620117,-1.680145263671875,108866
224.0,386.3448486328125,382.1999816894531,385.8999938964844,387.55999755859375,287.03997802734375,54.984310150146484,-1.644866943359375,108866
225.0,386.396728515625,382.1999816894531,385.91998291015625,387.5999755859375,287.3599853515625,54.963111877441406,-1.696746826171875,108866
226.0,386.3736877441406,382.2799987792969,385.94000244140625,387.5799865722656,287.239990234375,55.269500732421875,-1.61370849609375,108866
227.0,386.4243469238281,382.2799987792969,385.9599914550781,387.6199951171875,287.2200012207031,55.23030471801758,-1.66436767578125,108866
228.0,386.474609375,382.3999938964844,386.05999755859375,387.67999267578125,287.6199951171875,55.266048431396484,-1.594635009765625,108866
229.0,386.5068664550781,382.3999938964844,386.1199951171875,387.7200012207031,287.7799987792969,55.25804138183594,-1.546875,108866
230.0,386.62066650390625,382.44000244140625,386.1199951171875,387.7799987792969,287.7049865722656,55.024009704589844,-1.6806640625,108866
231.0,386.571533203125,382.5,386.1399841308594,387.7799987792969,287.9599914550781,55.0861930847168,-1.591552734375,108866
232.0,386.5256042480469,382.5199890136719,386.1600036621094,387.739990234375,287.7599792480469,55.16160202026367,-1.545623779296875,108866
233.0,386.594970703125,382.47998046875,386.1600036621094,387.7599792480469,287.3249816894531,55.20097732543945,-1.614990234375,108866
234.0,386.6247253417969,382.53997802734375,386.1999816894531,387.79998779296875,287.7200012207031,55.1059684753418,-1.604736328125,108866
235.0,386.6700744628906,382.6199951171875,386.2799987792969,387.8199768066406,287.44000244140625,54.99394989013672,-1.550079345703125,108866
236.0,386.6539306640625,382.55999755859375,386.2200012207031,387.84698486328125,286.91998291015625,55.01540756225586,-1.573944091796875,108866
237.0,386.6938171386719,382.53997802734375,386.2200012207031,387.8399963378906,287.06500244140625,54.935569763183594,-1.653839111328125,108866
238.0,386.8154296875,382.6600036621094,386.3199768066406,387.94000244140625,287.1999816894531,55.074954986572266,-1.655426025390625,108866
239.0,386.6243591308594,382.5999755859375,386.2599792480469,387.8599853515625,287.0,55.01814270019531,-1.54437255859375,108866
240.0,386.7658996582031,382.7200012207031,386.3599853515625,387.94000244140625,288.2200012207031,54.87149429321289,-1.56591796875,108866
241.0,386.6862487792969,382.6399841308594,386.29998779296875,387.9599914550781,286.94500732421875,54.965152740478516,-1.566253662109375,108866
242.0,386.6964111328125,382.6399841308594,386.3199768066406,387.97998046875,286.79998779296875,54.92763900756836,-1.556427001953125,108866
243.0,386.8445739746094,382.7200012207031,386.3799743652344,388.0799865722656,286.6199951171875,54.776588439941406,-1.64459228515625,108866
244.0,386.7379150390625,382.6999816894531,386.3199768066406,387.9599914550781,287.0050048828125,54.667781829833984,-1.55792236328125,108866
245.0,386.82574462890625,382.7599792480469,386.44000244140625,388.05999755859375,286.3399963378906,54.83828353881836,-1.58575439453125,108866
246.0,386.9632873535156,382.79998779296875,386.47998046875,388.1600036621094,286.2799987792969,55.122615814208984,-1.68328857421875,108866
247.0,386.8472595214844,382.7799987792969,386.3999938964844,388.03997802734375,285.8249816894531,55.13569641113281,-1.607269287109375,108866
248.0,386.8814392089844,382.8599853515625,386.5,388.0999755859375,286.4849853515625,55.07198715209961,-1.54144287109375,108866
249.0,386.88787841796875,382.91998291015625,386.53997802734375,388.1999816894531,287.2599792480469,54.642333984375,-1.4678955078125,108866
250.0,386.8966064453125,382.94000244140625,386.5799865722656,388.1600036621094,287.29998779296875,54.58798599243164,-1.436614990234375,108866
251.0,386.94476318359375,382.94000244140625,386.55999755859375,388.1600036621094,287.1199951171875,54.66680908203125,-1.5047607421875,108866
252.0,386.96221923828125,382.91998291015625,386.55999755859375,388.1600036621094,286.8999938964844,54.773521423339844,-1.542236328125,108866
253.0,386.9786071777344,382.8999938964844,386.55999755859375,388.1999816894531,286.97998046875,54.87385559082031,-1.588623046875,108866
254.0,387.03387451171875,383.0199890136719,386.6399841308594,388.2599792480469,287.2799987792969,54.847434997558594,-1.513885498046875,108866
255.0,387.1227111816406,383.03997802734375,386.67999267578125,388.3199768066406,287.3800048828125,54.7584114074707,-1.592742919921875,108866
256.0,387.03753662109375,383.03997802734375,386.6600036621094,388.239990234375,287.3399963378906,54.81276321411133,-1.517547607421875,108866
257.0,386.9807434082031,383.0199890136719,386.6399841308594,388.22698974609375,286.9599914550781,55.00504684448242,-1.500762939453125,108866
258.0,387.0619812011719,382.97998046875,386.6399841308594,388.2799987792969,287.1199951171875,54.829280853271484,-1.582000732421875,108866
259.0,387.1101989746094,383.03997802734375,386.6999816894531,388.2799987792969,287.41998291015625,54.94020462036133,-1.5902099609375,108866
260.0,387.2146911621094,383.1399841308594,386.79998779296875,388.41998291015625,287.4649963378906,55.01553726196289,-1.594696044921875,108866
261.0,387.2065124511719,383.1199951171875,386.8199768066406,388.44000244140625,287.6600036621094,54.80112838745117,-1.5665283203125,108866
262.0,387.167236328125,383.1399841308594,386.79998779296875,388.3999938964844,287.94000244140625,54.80298614501953,-1.527252197265625,108866
263.0,387.2688903808594,383.1600036621094,386.8599853515625,388.5,287.8399963378906,54.67945098876953,-1.56890869140625,108866
264.0,387.3385009765625,383.1999816894531,386.8999938964844,388.5199890136719,287.7250061035156,54.770240783691406,-1.618499755859375,108866
265.0,387.3377990722656,383.2799987792969,386.9599914550781,388.5799865722656,287.1449890136719,54.96320343017578,-1.55780029296875,108866
266.0,387.2578125,383.2200012207031,386.8799743652344,388.55999755859375,287.8999938964844,54.709712982177734,-1.557830810546875,108866
267.0,387.4197998046875,383.29998779296875,387.0,388.6199951171875,288.0249938964844,54.54954528808594,-1.61981201171875,108866
268.0,387.44183349609375,383.3199768066406,387.0199890136719,388.67999267578125,287.7599792480469,54.70880889892578,-1.621856689453125,108866
269.0,387.4291687011719,383.3599853515625,387.0199890136719,388.67999267578125,287.92498779296875,54.67140197753906,-1.58917236328125,108866
270.0,387.4252624511719,383.41998291015625,387.05999755859375,388.6600036621094,288.3199768066406,54.69148254394531,-1.5252685546875,108866
271.0,387.5671081542969,383.44000244140625,387.1600036621094,388.8199768066406,287.8450012207031,54.7432861328125,-1.60711669921875,108866
272.0,387.5804443359375,383.41998291015625,387.0999755859375,388.7599792480469,288.2599792480469,54.66551971435547,-1.64044189453125,108866
273.0,387.6793518066406,383.44000244140625,387.1600036621094,388.8599853515625,288.2799987792969,54.76340866088867,-1.699371337890625,108866
274.0,387.6481018066406,383.5,387.1999816894531,388.8399963378906,288.3800048828125,54.764068603515625,-1.62811279296875,108866
275.0,387.6760559082031,383.5,387.17999267578125,388.8999938964844,288.5,54.852237701416016,-1.676055908203125,108866
276.0,387.7198181152344,383.5,387.1999816894531,388.91998291015625,288.7799987792969,54.67304229736328,-1.719818115234375,108866
277.0,387.5835266113281,383.55999755859375,387.2200012207031,388.8199768066406,289.3999938964844,54.226444244384766,-1.543548583984375,108866
278.0,387.6818542480469,383.6199951171875,387.29998779296875,388.91998291015625,289.1000061035156,54.43929672241211,-1.561859130859375,108866
279.0,387.7873229980469,383.6199951171875,387.3199768066406,388.94000244140625,288.5199890136719,54.6170654296875,-1.70733642578125,108866
280.0,387.7376708984375,383.6199951171875,387.3149719238281,388.94000244140625,288.3399963378906,54.761558532714844,-1.61767578125,108866
281.0,387.76739501953125,383.6399841308594,387.3399963378906,388.9599914550781,288.5799865722656,54.82930374145508,-1.607391357421875,108866
282.0,387.8590393066406,383.7200012207031,387.3999938964844,389.05999755859375,288.67999267578125,54.67475128173828,-1.59906005859375,108866
283.0,387.7843322753906,383.67999267578125,387.3749694824219,389.0199890136719,288.6600036621094,54.71718978881836,-1.5643310546875,108866
284.0,387.7868957519531,383.6999816894531,387.3799743652344,388.97998046875,288.79998779296875,54.7614860534668,-1.5869140625,108866
285.0,387.82843017578125,383.7599792480469,387.44000244140625,389.0199890136719,289.1399841308594,54.923160552978516,-1.548431396484375,108866
286.0,387.79302978515625,383.6999816894531,387.3999938964844,389.03997802734375,289.1050109863281,54.72800827026367,-1.55303955078125,108866
287.0,387.89776611328125,383.7599792480469,387.41998291015625,389.1199951171875,289.44000244140625,54.73379898071289,-1.65777587890625,108866
288.0,387.9564208984375,383.7599792480469,387.4599914550781,389.1399841308594,289.2200012207031,54.89375686645508,-1.696441650390625,108866
289.0,387.97406005859375,383.739990234375,387.53997802734375,389.2200012207031,288.67999267578125,54.90797424316406,-1.674072265625,108866
290.0,387.89019775390625,383.8599853515625,387.5199890136719,389.1600036621094,288.3399963378906,55.07234573364258,-1.550201416015625,108866
291.0,387.93682861328125,383.8599853515625,387.5,389.1600036621094,288.7200012207031,54.99435806274414,-1.57684326171875,108866
292.0,387.95709228515625,383.8999938964844,387.55999755859375,389.1600036621094,288.67999267578125,54.76819610595703,-1.537109375,108866
293.0,387.9873352050781,383.9599914550781,387.5999755859375,389.2200012207031,288.44500732421875,54.68302917480469,-1.52734375,108866
294.0,387.9683837890625,383.8999938964844,387.5799865722656,389.17999267578125,288.3800048828125,54.6091194152832,-1.568389892578125,108866
295.0,387.94775390625,383.8799743652344,387.55999755859375,389.17999267578125,288.8199768066406,54.58615493774414,-1.547760009765625,108866
296.0,387.92840576171875,383.8999938964844,387.5799865722656,389.1999816894531,288.79998779296875,54.6534309387207,-1.5084228515625,108866
297.0,387.9596862792969,383.94000244140625,387.55999755859375,389.2200012207031,288.8999938964844,54.60286331176758,-1.519683837890625,108866
298.0,387.9864501953125,384.03997802734375,387.6399841308594,389.2200012207031,289.1199951171875,54.64292526245117,-1.4864501953125,108866
299.0,388.2274475097656,384.03997802734375,387.739990234375,389.41998291015625,289.41998291015625,54.48170471191406,-1.70745849609375,108866
300.0,388.1488037109375,384.05999755859375,387.739990234375,389.3399963378906,289.17999267578125,54.64759826660156,-1.628814697265625,108866
301.0,388.09332275390625,384.03997802734375,387.7200012207031,389.3199768066406,288.97998046875,54.63313293457031,-1.573333740234375,108866
302.0,387.9114685058594,384.0199890136719,387.6199951171875,389.2200012207031,289.7200012207031,54.56433868408203,-1.411468505859375,108866
303.0,388.0447082519531,384.0999755859375,387.739990234375,389.3599853515625,289.7799987792969,54.6290283203125,-1.4647216796875,108866
304.0,388.1006164550781,384.0799865722656,387.739990234375,389.3399963378906,289.6000061035156,54.79285430908203,-1.560638427734375,108866
305.0,388.09698486328125,384.0799865722656,387.7200012207031,389.3799743652344,288.8800048828125,54.985328674316406,-1.5570068359375,108866
306.0,388.0759582519531,384.1399841308594,387.739990234375,389.3799743652344,288.6000061035156,54.91371536254883,-1.4959716796875,108866
307.0,388.2301330566406,384.0999755859375,387.739990234375,389.47998046875,288.6199951171875,54.916622161865234,-1.670135498046875,108866
308.0,388.2586975097656,384.1999816894531,387.8599853515625,389.5,288.47998046875,54.9639778137207,-1.578704833984375,108866
309.0,388.2149658203125,384.17999267578125,387.8199768066406,389.47998046875,288.7200012207031,54.80020523071289,-1.53497314453125,108866
310.0,388.2249450683594,384.1999816894531,387.8199768066406,389.47998046875,289.0199890136719,54.664031982421875,-1.544952392578125,108866
311.0,388.2578430175781,384.1999816894531,387.8599853515625,389.53997802734375,289.0849914550781,54.55379867553711,-1.577850341796875,108866
312.0,388.3856506347656,384.239990234375,388.0,389.6399841308594,288.625,54.74102783203125,-1.62567138671875,108866
313.0,388.2841491699219,384.2799987792969,387.94000244140625,389.5999755859375,288.6650085449219,54.82170486450195,-1.484161376953125,108866
314.0,388.3136291503906,384.29998779296875,387.97998046875,389.6399841308594,288.91998291015625,54.779293060302734,-1.513641357421875,108866
315.0,388.28619384765625,384.29998779296875,387.9599914550781,389.5999755859375,289.17999267578125,54.75535202026367,-1.4862060546875,108866
316.0,388.2243957519531,384.3199768066406,387.94000244140625,389.5199890136719,289.3599853515625,54.75162887573242,-1.424407958984375,108866
317.0,388.3478088378906,384.3399963378906,387.97998046875,389.6399841308594,289.5,54.82468795776367,-1.547821044921875,108866
318.0,388.4500732421875,384.3199768066406,388.0199890136719,389.6999816894531,288.91998291015625,54.62841033935547,-1.670074462890625,108866
319.0,388.5306396484375,384.3199768066406,388.05999755859375,389.7469787597656,287.8199768066406,54.738040924072266,-1.690643310546875,108866
320.0,388.3722839355469,384.2599792480469,387.9599914550781,389.5799865722656,288.1399841308594,54.78224563598633,-1.59228515625,108866
321.0,388.4729919433594,384.29998779296875,388.0,389.67999267578125,288.5199890136719,54.72687530517578,-1.63299560546875,108866
322.0,388.5405578613281,384.3599853515625,388.1199951171875,389.79998779296875,288.44000244140625,54.77390670776367,-1.610565185546875,108866
323.0,388.6955261230469,384.3599853515625,388.17999267578125,389.8399963378906,288.44000244140625,54.893558502197266,-1.73553466796875,108866
324.0,388.7444763183594,384.3999938964844,388.2200012207031,389.91998291015625,288.55999755859375,55.118919372558594,-1.7244873046875,108866
325.0,388.76611328125,384.47998046875,388.239990234375,389.9599914550781,288.53997802734375,55.090450286865234,-1.686126708984375,108866
326.0,388.6611633300781,384.5799865722656,388.2599792480469,389.8999938964844,289.0249938964844,54.956214904785156,-1.561187744140625,108866
327.0,388.56201171875,384.5999755859375,388.1999816894531,389.79998779296875,289.9049987792969,54.6968994140625,-1.4620361328125,108866
328.0,388.6803894042969,384.6199951171875,388.2799987792969,389.8999938964844,290.1399841308594,54.67286682128906,-1.5404052734375,108866
329.0,388.7243957519531,384.6199951171875,388.2599792480469,389.91998291015625,290.239990234375,54.81073760986328,-1.58441162109375,108866
330.0,388.7783508300781,384.5799865722656,388.2799987792969,390.0,290.44000244140625,54.691829681396484,-1.658355712890625,108866
331.0,388.7218322753906,384.67999267578125,388.3599853515625,390.0,290.5799865722656,54.792022705078125,-1.5218505859375,108866
332.0,388.8275451660156,384.67999267578125,388.3799743652344,390.0799865722656,290.0,54.80059051513672,-1.647552490234375,108866
333.0,388.8455810546875,384.7599792480469,388.4599914550781,390.0799865722656,290.1399841308594,54.92842102050781,-1.565582275390625,108866
334.0,388.8826599121094,384.6999816894531,388.41998291015625,390.0999755859375,289.3999938964844,55.07268142700195,-1.66265869140625,108866
335.0,388.8884582519531,384.6999816894531,388.41998291015625,390.0999755859375,289.2799987792969,55.16486358642578,-1.648468017578125,108866
336.0,388.9519958496094,384.7200012207031,388.4599914550781,390.1600036621094,288.91998291015625,55.28164291381836,-1.6920166015625,108866
337.0,388.959228515625,384.7599792480469,388.5,390.2200012207031,289.42498779296875,54.912235260009766,-1.65924072265625,108866
338.0,388.8976745605469,384.8199768066406,388.5,390.17999267578125,289.94000244140625,54.83817672729492,-1.55767822265625,108866
339.0,388.9190979003906,384.8399963378906,388.5,390.1999816894531,289.6000061035156,54.8437614440918,-1.59912109375,108866
340.0,389.10302734375,384.8199768066406,388.5999755859375,390.2799987792969,289.79998779296875,54.694915771484375,-1.7430419921875,108866
341.0,389.01824951171875,384.8799743652344,388.6199951171875,390.2799987792969,290.03997802734375,54.5274772644043,-1.5982666015625,108866
342.0,388.9949951171875,384.9599914550781,388.6399841308594,390.239990234375,290.3249816894531,54.433380126953125,-1.4949951171875,108866
343.0,389.0329895019531,384.9599914550781,388.6600036621094,390.2599792480469,289.5,54.59880065917969,-1.51300048828125,108866
344.0,389.083251953125,384.94000244140625,388.6600036621094,390.3199768066406,289.3399963378906,54.58699035644531,-1.603271484375,108866
345.0,389.06024169921875,384.8999938964844,388.6199951171875,390.29998779296875,289.03997802734375,54.64413070678711,-1.660247802734375,108866
346.0,389.0981750488281,384.91998291015625,388.6399841308594,390.3199768066406,289.1000061035156,54.633907318115234,-1.678192138671875,108866
347.0,389.1113586425781,384.8999938964844,388.6600036621094,390.29998779296875,289.44000244140625,54.56642532348633,-1.671356201171875,108866
348.0,389.1260681152344,384.9599914550781,388.6600036621094,390.3599853515625,289.3999938964844,54.612552642822266,-1.626068115234375,108866
349.0,389.1078186035156,384.8999938964844,388.6399841308594,390.3999938964844,289.4599914550781,54.5791130065918,-1.6478271484375,108866
350.0,389.03009033203125,384.9599914550781,388.6199951171875,390.29998779296875,289.29998779296875,54.53858184814453,-1.570098876953125,108866
351.0,389.1587219238281,384.97998046875,388.67999267578125,390.3399963378906,289.3599853515625,54.57069778442383,-1.69873046875,108866
352.0,389.2087097167969,384.94000244140625,388.6999816894531,390.3799743652344,289.1399841308594,54.66592025756836,-1.74871826171875,108866
353.0,389.08807373046875,385.03997802734375,388.6999816894531,390.29998779296875,289.2599792480469,54.57298278808594,-1.548095703125,108866
354.0,389.1089782714844,385.03997802734375,388.7200012207031,390.3199768066406,289.239990234375,54.74403762817383,-1.5889892578125,108866
355.0,389.22882080078125,385.05999755859375,388.7599792480469,390.41998291015625,289.4649963378906,54.62254333496094,-1.648834228515625,108866
356.0,389.304443359375,385.0799865722656,388.79998779296875,390.5,289.8199768066406,54.5789909362793,-1.6844482421875,108866
357.0,389.4122009277344,385.17999267578125,388.91998291015625,390.6199951171875,289.53997802734375,54.779300689697266,-1.732208251953125,108866
358.0,389.3892822265625,385.1999816894531,388.91998291015625,390.5999755859375,289.7200012207031,54.85340881347656,-1.689300537109375,108866
359.0,389.5104064941406,385.17999267578125,388.97998046875,390.739990234375,289.3399963378906,54.85313415527344,-1.770416259765625,108866
360.0,389.5710754394531,385.1999816894531,389.0,390.8199768066406,289.0799865722656,54.8196907043457,-1.81109619140625,108866
361.0,389.56707763671875,385.239990234375,389.03997802734375,390.79998779296875,289.29998779296875,54.867645263671875,-1.76708984375,108866
362.0,389.5843505859375,385.29998779296875,389.0799865722656,390.7599792480469,289.4599914550781,54.93309020996094,-1.744354248046875,108866
363.0,389.52252197265625,385.29998779296875,389.0799865722656,390.739990234375,289.7049865722656,54.91990661621094,-1.66253662109375,108866
364.0,389.6044616699219,385.3199768066406,389.0799865722656,390.7799987792969,289.55999755859375,55.0281982421875,-1.7244873046875,108866
365.0,389.60064697265625,385.3799743652344,389.0999755859375,390.7799987792969,289.2200012207031,55.0601692199707,-1.6806640625,108866
366.0,389.6361083984375,385.3599853515625,389.0799865722656,390.7599792480469,289.17999267578125,54.92771911621094,-1.736114501953125,108866
367.0,389.6317138671875,385.3999938964844,389.0799865722656,390.6999816894531,289.6199951171875,54.78670120239258,-1.69171142578125,108866
368.0,389.6749572753906,385.5199890136719,389.1399841308594,390.79998779296875,290.239990234375,54.82286834716797,-1.674957275390625,108866
369.0,389.7625732421875,385.53997802734375,389.1999816894531,390.91998291015625,290.6000061035156,54.682281494140625,-1.72259521484375,108866
370.0,389.7625427246094,385.5,389.1999816894531,390.8799743652344,289.8999938964844,54.699256896972656,-1.762542724609375,108866
371.0,389.66949462890625,385.47998046875,389.17999267578125,390.8399963378906,289.4599914550781,54.97774887084961,-1.68951416015625,108866
372.0,389.6805419921875,385.53997802734375,389.239990234375,390.8399963378906,289.17999267578125,55.13283920288086,-1.64056396484375,108866
373.0,389.7030334472656,385.5199890136719,389.239990234375,390.8799743652344,289.6999816894531,54.98137283325195,-1.643035888671875,108866
374.0,389.67498779296875,385.5799865722656,389.239990234375,390.8599853515625,289.6000061035156,55.0797233581543,-1.595001220703125,108866
375.0,389.63153076171875,385.5999755859375,389.2200012207031,390.8199768066406,289.6600036621094,55.061500549316406,-1.53155517578125,108866
376.0,389.73785400390625,385.67999267578125,389.3399963378906,390.9599914550781,290.0,55.03736114501953,-1.557861328125,108866
377.0,389.7825622558594,385.6399841308594,389.3199768066406,390.97998046875,290.1600036621094,55.10736083984375,-1.662567138671875,108866
378.0,389.87481689453125,385.6600036621094,389.3799743652344,391.0199890136719,290.3800048828125,55.058433532714844,-1.69482421875,108866
379.0,389.8131408691406,385.6199951171875,389.3399963378906,391.0,290.5,54.965576171875,-1.67315673828125,108866
380.0,389.86041259765625,385.6199951171875,389.3999938964844,391.03997802734375,289.7250061035156,55.2098503112793,-1.720428466796875,108866
381.0,389.8744812011719,385.6600036621094,389.44000244140625,391.0799865722656,289.364990234375,55.432525634765625,-1.694488525390625,108866
382.0,389.8426513671875,385.67999267578125,389.44000244140625,391.0799865722656,289.4599914550781,55.2739372253418,-1.6026611328125,108866
383.0,389.9468078613281,385.739990234375,389.5,391.1999816894531,289.44000244140625,55.29746627807617,-1.646820068359375,108866
384.0,389.881103515625,385.7599792480469,389.47998046875,391.1199951171875,290.0799865722656,55.120967864990234,-1.561126708984375,108866
385.0,389.8630676269531,385.7200012207031,389.4599914550781,391.0799865722656,290.4599914550781,55.09815216064453,-1.58306884765625,108866
386.0,389.9403991699219,385.79998779296875,389.53997802734375,391.17999267578125,290.2649841308594,55.0088996887207,-1.60040283203125,108866
387.0,389.8196716308594,385.7799987792969,389.5,391.1399841308594,290.9599914550781,54.817718505859375,-1.47967529296875,108866
388.0,389.94427490234375,385.8399963378906,389.53997802734375,391.1600036621094,290.55999755859375,54.93736267089844,-1.564300537109375,108866
389.0,390.0103759765625,385.8199768066406,389.5199890136719,391.1999816894531,289.7799987792969,54.98618698120117,-1.670379638671875,108866
390.0,390.079833984375,385.8999938964844,389.6199951171875,391.2599792480469,289.3199768066406,55.05827713012695,-1.679840087890625,108866
391.0,390.19024658203125,385.8999938964844,389.6399841308594,391.3599853515625,289.3999938964844,55.000144958496094,-1.790252685546875,108866
392.0,390.0993957519531,385.91998291015625,389.6199951171875,391.2799987792969,289.97998046875,54.759681701660156,-1.679412841796875,108866
393.0,390.0613098144531,385.8799743652344,389.5799865722656,391.29998779296875,289.94000244140625,54.882911682128906,-1.68133544921875,108866
394.0,390.1103210449219,385.91998291015625,389.6399841308594,391.29998779296875,290.2799987792969,54.82584762573242,-1.690338134765625,108866
395.0,390.0503845214844,385.8399963378906,389.5999755859375,391.2599792480469,289.97998046875,54.90266036987305,-1.650390625,108866
396.0,390.095947265625,385.91998291015625,389.6600036621094,391.3199768066406,290.1999816894531,54.87646484375,-1.635955810546875,108866
397.0,390.0315246582031,385.91998291015625,389.6399841308594,391.2669982910156,290.6999816894531,54.7988166809082,-1.571533203125,108866
398.0,390.12005615234375,385.9599914550781,389.7200012207031,391.3599853515625,290.54498291015625,55.0015754699707,-1.600067138671875,108866
399.0,390.1981506347656,386.03997802734375,389.79998779296875,391.44000244140625,290.6600036621094,55.01470184326172,-1.578155517578125,108866
400.0,390.21337890625,386.0799865722656,389.8199768066406,391.427001953125,290.6600036621094,54.922367095947266,-1.553375244140625,108866
401.0,390.2652893066406,386.03997802734375,389.7799987792969,391.4599914550781,290.2599792480469,55.048423767089844,-1.665313720703125,108866
402.0,390.3222351074219,386.0799865722656,389.8199768066406,391.5,290.1650085449219,54.977561950683594,-1.722259521484375,108866
403.0,390.3873291015625,386.0799865722656,389.8599853515625,391.55999755859375,289.9849853515625,54.91270065307617,-1.767333984375,108866
404.0,390.3863220214844,386.1399841308594,389.8999938964844,391.55999755859375,290.1999816894531,54.81723403930664,-1.68634033203125,108866
405.0,390.2891540527344,386.0799865722656,389.79998779296875,391.47998046875,289.91998291015625,54.746910095214844,-1.649169921875,108866
406.0,390.2437744140625,386.0999755859375,389.79998779296875,391.41998291015625,289.8399963378906,54.60159683227539,-1.603790283203125,108866
407.0,390.4192199707031,386.1600036621094,389.8999938964844,391.5799865722656,289.67999267578125,54.80138397216797,-1.739227294921875,108866
408.0,390.3050231933594,386.1399841308594,389.8799743652344,391.5469970703125,290.2599792480469,54.60598373413086,-1.625030517578125,108866
409.0,390.4521484375,386.239990234375,389.94000244140625,391.6199951171875,290.3199768066406,54.70433807373047,-1.672149658203125,108866
410.0,390.3817443847656,386.2200012207031,389.91998291015625,391.55999755859375,290.05999755859375,54.848045349121094,-1.641754150390625,108866
411.0,390.3988037109375,386.2599792480469,389.9599914550781,391.6199951171875,290.05999755859375,54.92243576049805,-1.578826904296875,108866
412.0,390.4542541503906,386.29998779296875,389.97998046875,391.6399841308594,290.3199768066406,54.781150817871094,-1.594268798828125,108866
413.0,390.4606628417969,386.2599792480469,390.0,391.67999267578125,290.05999755859375,54.85074234008789,-1.64068603515625,108866
414.0,390.435546875,386.2799987792969,390.0,391.6399841308594,290.2799987792969,54.76127243041992,-1.595550537109375,108866
415.0,390.5684509277344,386.3399963378906,390.05999755859375,391.7200012207031,290.6399841308594,54.77613830566406,-1.66845703125,108866
416.0,390.4460754394531,386.3599853515625,390.0199890136719,391.6199951171875,290.7200012207031,54.73082733154297,-1.54608154296875,108866
417.0,390.57379150390625,386.3599853515625,390.0999755859375,391.7599792480469,290.3599853515625,54.99070358276367,-1.673797607421875,108866
418.0,390.5460205078125,386.3399963378906,390.0799865722656,391.7599792480469,290.6399841308594,54.935062408447266,-1.666046142578125,108866
419.0,390.5412902832031,386.3799743652344,390.1199951171875,391.739990234375,290.5199890136719,54.809173583984375,-1.601287841796875,108866
420.0,390.5478515625,386.3799743652344,390.0999755859375,391.739990234375,290.55999755859375,54.69474411010742,-1.60784912109375,108866
421.0,390.7253112792969,386.4599914550781,390.2200012207031,391.91998291015625,290.2799987792969,55.079559326171875,-1.725311279296875,108866
422.0,390.708984375,386.4599914550781,390.1999816894531,391.8999938964844,289.94000244140625,55.13694763183594,-1.748992919921875,108866
423.0,390.68450927734375,386.4599914550781,390.2200012207031,391.8799743652344,290.03997802734375,54.93392562866211,-1.68450927734375,108866
424.0,390.69219970703125,386.5,390.239990234375,391.9599914550781,290.3800048828125,54.99810028076172,-1.6322021484375,108866
425.0,390.7138366699219,386.5199890136719,390.2200012207031,391.94000244140625,290.739990234375,55.07632064819336,-1.653839111328125,108866
426.0,390.7711181640625,386.5799865722656,390.3199768066406,392.0199890136719,290.6999816894531,55.196075439453125,-1.631134033203125,108866
427.0,390.71051025390625,386.5199890136719,390.2799987792969,391.97998046875,290.94000244140625,55.24378204345703,-1.61053466796875,108866
428.0,390.7601318359375,386.55999755859375,390.3199768066406,391.9599914550781,290.7799987792969,55.16094207763672,-1.620147705078125,108866
429.0,390.73614501953125,386.5199890136719,390.2799987792969,391.91998291015625,290.2200012207031,55.1727409362793,-1.656158447265625,108866
430.0,390.6585693359375,386.53997802734375,390.2599792480469,391.8799743652344,290.239990234375,55.281288146972656,-1.578582763671875,108866
431.0,390.70318603515625,386.5799865722656,390.2799987792969,391.94000244140625,290.55999755859375,55.309146881103516,-1.58319091796875,108866
432.0,390.65863037109375,386.6199951171875,390.2799987792969,391.8999938964844,290.8399963378906,55.171146392822266,-1.498626708984375,108866
433.0,390.6726989746094,386.6199951171875,390.29998779296875,391.8999938964844,290.6600036621094,54.90297317504883,-1.492706298828125,108866
434.0,390.7723693847656,386.6600036621094,390.3599853515625,392.05999755859375,290.739990234375,55.089088439941406,-1.592376708984375,108866
435.0,390.82012939453125,386.6199951171875,390.3599853515625,392.03997802734375,291.0,54.86819076538086,-1.64013671875,108866
436.0,390.7096252441406,386.6600036621094,390.3199768066406,391.8999938964844,291.05999755859375,54.74296188354492,-1.5096435546875,108866
437.0,390.8103942871094,386.67999267578125,390.3799743652344,392.0,291.2200012207031,54.65275192260742,-1.61041259765625,108866
438.0,390.9286193847656,386.7200012207031,390.44000244140625,392.0999755859375,290.79998779296875,54.830421447753906,-1.688629150390625,108866
439.0,390.9725036621094,386.6999816894531,390.44000244140625,392.1399841308594,290.364990234375,55.160499572753906,-1.732513427734375,108866
440.0,390.9117431640625,386.6600036621094,390.41998291015625,392.0999755859375,290.6999816894531,55.247886657714844,-1.651763916015625,108866
441.0,390.9309997558594,386.67999267578125,390.44000244140625,392.1199951171875,290.9599914550781,55.15114212036133,-1.6510009765625,108866
442.0,390.8916015625,386.6999816894531,390.44000244140625,392.0999755859375,290.239990234375,55.11860275268555,-1.651611328125,108866
443.0,391.0418701171875,386.7599792480469,390.55999755859375,392.239990234375,290.05999755859375,55.32875061035156,-1.701873779296875,108866
444.0,391.0898132324219,386.7599792480469,390.5799865722656,392.29998779296875,289.6199951171875,55.49475860595703,-1.74981689453125,108866
445.0,391.15863037109375,386.8399963378906,390.6600036621094,392.3199768066406,289.6000061035156,55.42145538330078,-1.7186279296875,108866
446.0,391.1627502441406,386.8199768066406,390.6600036621094,392.3599853515625,290.44000244140625,55.073299407958984,-1.742767333984375,108866
447.0,391.1146545410156,386.8399963378906,390.6399841308594,392.3599853515625,290.53997802734375,55.158226013183594,-1.694671630859375,108866
448.0,391.222412109375,386.9599914550781,390.7599792480469,392.4599914550781,290.47998046875,55.15284729003906,-1.66241455078125,108866
449.0,391.0938720703125,386.8799743652344,390.6399841308594,392.3399963378906,290.739990234375,55.01271438598633,-1.633880615234375,108866
450.0,391.1229553222656,386.91998291015625,390.67999267578125,392.3599853515625,291.0799865722656,54.858551025390625,-1.642974853515625,108866
451.0,391.1871032714844,386.9599914550781,390.7599792480469,392.41998291015625,291.1000061035156,54.74312973022461,-1.6671142578125,108866
452.0,391.0618896484375,386.94000244140625,390.67999267578125,392.2799987792969,291.239990234375,54.81885528564453,-1.5618896484375,108866
453.0,391.1726379394531,387.03997802734375,390.739990234375,392.3999938964844,291.6000061035156,54.71498489379883,-1.612640380859375,108866
454.0,391.2656555175781,387.0999755859375,390.8199768066406,392.4599914550781,291.1600036621094,54.85261154174805,-1.645660400390625,108866
455.0,391.3536682128906,387.1199951171875,390.8599853515625,392.55999755859375,291.3800048828125,54.8993034362793,-1.69366455078125,108866
456.0,391.1587219238281,387.0,390.6999816894531,392.3999938964844,291.3450012207031,54.71681213378906,-1.618743896484375,108866
457.0,391.3540954589844,387.05999755859375,390.8399963378906,392.6199951171875,291.3599853515625,54.607845306396484,-1.714111328125,108866
458.0,391.3273010253906,387.03997802734375,390.8399963378906,392.6199951171875,291.7649841308594,54.66089630126953,-1.707305908203125,108866
459.0,391.3970031738281,387.1199951171875,390.94000244140625,392.67999267578125,291.9599914550781,54.761268615722656,-1.697021484375,108866
460.0,391.356689453125,387.0999755859375,390.8999938964844,392.6600036621094,292.1199951171875,54.682342529296875,-1.696685791015625,108866
461.0,391.3411865234375,387.0799865722656,390.8599853515625,392.5799865722656,291.7200012207031,54.81273651123047,-1.701202392578125,108866
462.0,391.5020751953125,387.17999267578125,391.0199890136719,392.67999267578125,291.7200012207031,54.82680130004883,-1.722076416015625,108866
463.0,391.4759216308594,387.239990234375,391.03997802734375,392.7200012207031,291.4599914550781,54.89008331298828,-1.65594482421875,108866
464.0,391.3292541503906,387.239990234375,390.97998046875,392.55999755859375,291.7799987792969,54.77131652832031,-1.56927490234375,108866
465.0,391.35797119140625,387.2799987792969,390.9749755859375,392.58697509765625,291.91998291015625,54.515907287597656,-1.577972412109375,108866
466.0,391.275390625,387.239990234375,390.91998291015625,392.5199890136719,291.3800048828125,54.79563903808594,-1.495391845703125,108866
467.0,391.20660400390625,387.1999816894531,390.8599853515625,392.41998291015625,291.5799865722656,54.892364501953125,-1.446624755859375,108866
468.0,391.30926513671875,387.2200012207031,390.8999938964844,392.55999755859375,291.739990234375,54.70638656616211,-1.56927490234375,108866
469.0,391.4117736816406,387.29998779296875,390.97998046875,392.5999755859375,291.7799987792969,54.634254455566406,-1.611785888671875,108866
470.0,391.2629089355469,387.239990234375,390.8999938964844,392.47998046875,291.44000244140625,54.680702209472656,-1.462921142578125,108866
471.0,391.3574523925781,387.2799987792969,390.9599914550781,392.5999755859375,291.4599914550781,54.78993225097656,-1.5374755859375,108866
472.0,391.3556823730469,387.29998779296875,390.9599914550781,392.5799865722656,291.239990234375,55.10890197753906,-1.51568603515625,108866
473.0,391.4405212402344,387.2599792480469,391.0199890136719,392.6399841308594,290.8399963378906,55.113677978515625,-1.60052490234375,108866
474.0,391.50372314453125,387.2799987792969,391.03997802734375,392.6999816894531,290.9599914550781,55.042381286621094,-1.64373779296875,108866
475.0,391.58868408203125,387.3599853515625,391.1399841308594,392.8199768066406,291.125,55.046146392822266,-1.668701171875,108866
476.0,391.56402587890625,387.3999938964844,391.1399841308594,392.7799987792969,291.68499755859375,54.94308853149414,-1.58404541015625,108866
477.0,391.6715087890625,387.47998046875,391.1999816894531,392.8999938964844,292.0,55.044498443603516,-1.651519775390625,108866
478.0,391.626953125,387.5199890136719,391.2599792480469,392.94000244140625,291.56500244140625,55.333797454833984,-1.56695556640625,108866
479.0,391.5861511230469,387.4599914550781,391.1999816894531,392.8269958496094,291.239990234375,55.27649688720703,-1.566162109375,108866
480.0,391.6909484863281,387.47998046875,391.2200012207031,392.91998291015625,291.8800048828125,55.19917297363281,-1.650970458984375,108866
481.0,391.7212829589844,387.4599914550781,391.2200012207031,392.94000244140625,291.6399841308594,55.20793151855469,-1.7012939453125,108866
482.0,391.80181884765625,387.53997802734375,391.3199768066406,393.0,291.56500244140625,55.19422149658203,-1.68182373046875,108866
483.0,391.8689270019531,387.55999755859375,391.3799743652344,393.0799865722656,291.6199951171875,55.14306640625,-1.688934326171875,108866
484.0,391.82794189453125,387.6399841308594,391.41998291015625,393.03997802734375,291.8599853515625,55.194976806640625,-1.607940673828125,108866
485.0,391.806396484375,387.6399841308594,391.3999938964844,393.03997802734375,291.8399963378906,55.182228088378906,-1.606414794921875,108866
486.0,391.889892578125,387.6399841308594,391.41998291015625,393.1199951171875,291.6449890136719,55.054443359375,-1.689910888671875,108866
487.0,391.8374938964844,387.6399841308594,391.41998291015625,393.05999755859375,291.6000061035156,55.11534881591797,-1.61749267578125,108866
488.0,391.9462585449219,387.6600036621094,391.4599914550781,393.1399841308594,291.17999267578125,55.191341400146484,-1.72625732421875,108866
489.0,391.8114929199219,387.6600036621094,391.3799743652344,393.05999755859375,291.53997802734375,55.23412322998047,-1.631500244140625,108866
490.0,391.8144836425781,387.6399841308594,391.3999938964844,393.05999755859375,291.9599914550781,55.11412048339844,-1.65447998046875,108866
491.0,391.83465576171875,387.67999267578125,391.41998291015625,393.05999755859375,292.17999267578125,55.12236785888672,-1.634674072265625,108866
492.0,392.0056457519531,387.79998779296875,391.55999755859375,393.17999267578125,292.3199768066406,55.38230895996094,-1.6656494140625,108866
493.0,391.9250793457031,387.7799987792969,391.5199890136719,393.1199951171875,291.91998291015625,55.43603515625,-1.625091552734375,108866
494.0,391.94317626953125,387.7799987792969,391.5,393.1600036621094,291.7850036621094,55.442630767822266,-1.6431884765625,108866
495.0,391.9147033691406,387.7599792480469,391.5,393.1399841308594,291.6399841308594,55.37871551513672,-1.57470703125,108866
496.0,391.8799743652344,387.79998779296875,391.5199890136719,393.1199951171875,291.8399963378906,55.28092575073242,-1.519989013671875,108866
497.0,391.88916015625,387.8199768066406,391.5199890136719,393.17999267578125,292.2649841308594,55.18153381347656,-1.489166259765625,108866
498.0,391.91986083984375,387.8199768066406,391.55999755859375,393.17999267578125,291.9599914550781,55.18608856201172,-1.539886474609375,108866
499.0,391.87652587890625,387.739990234375,391.5,393.1399841308594,291.91998291015625,55.2244873046875,-1.5765380859375,108866
500.0,391.8813171386719,387.8199768066406,391.5,393.1600036621094,292.05999755859375,55.22475051879883,-1.54132080078125,108866
501.0,391.9909973144531,387.7799987792969,391.55999755859375,393.2799987792969,292.3800048828125,55.26996994018555,-1.61102294921875,108866
502.0,392.0028076171875,387.8799743652344,391.6199951171875,393.2799987792969,292.1199951171875,55.29887390136719,-1.542816162109375,108866
503.0,391.992919921875,387.8799743652344,391.5999755859375,393.29998779296875,292.06500244140625,55.063350677490234,-1.532928466796875,108866
504.0,392.0635986328125,387.8799743652344,391.6399841308594,393.3399963378906,292.67999267578125,54.925724029541016,-1.603607177734375,108866
505.0,392.1405029296875,387.8599853515625,391.6999816894531,393.3999938964844,292.17999267578125,55.01172637939453,-1.70050048828125,108866
506.0,392.07763671875,387.91998291015625,391.67999267578125,393.3399963378906,292.1399841308594,54.9635009765625,-1.57763671875,108866
507.0,392.21942138671875,387.9599914550781,391.7599792480469,393.53997802734375,291.739990234375,54.900291442871094,-1.659423828125,108866
508.0,392.0820617675781,387.8999938964844,391.739990234375,393.41998291015625,291.7599792480469,55.01253128051758,-1.56207275390625,108866
509.0,392.0827331542969,387.94000244140625,391.7200012207031,393.3799743652344,292.17999267578125,54.866722106933594,-1.562744140625,108866
510.0,392.1640625,387.91998291015625,391.6999816894531,393.3999938964844,291.94000244140625,54.91732406616211,-1.68408203125,108866
511.0,392.2041015625,388.0199890136719,391.7599792480469,393.3799743652344,291.5,55.058895111083984,-1.64410400390625,108866
512.0,392.198486328125,388.05999755859375,391.79998779296875,393.41998291015625,291.8599853515625,54.93585968017578,-1.5985107421875,108866
513.0,392.2612609863281,388.0799865722656,391.8199768066406,393.44000244140625,291.7799987792969,54.91013717651367,-1.62127685546875,108866
514.0,392.28521728515625,388.0799865722656,391.8999938964844,393.5199890136719,291.8199768066406,54.980289459228516,-1.585235595703125,108866
515.0,392.31500244140625,388.05999755859375,391.8999938964844,393.5199890136719,291.625,54.99216079711914,-1.654998779296875,108866
516.0,392.3485412597656,388.1600036621094,391.9599914550781,393.53997802734375,291.1999816894531,55.09624099731445,-1.608551025390625,108866
517.0,392.28106689453125,388.17999267578125,391.8999938964844,393.5,291.8599853515625,54.915016174316406,-1.521087646484375,108866
518.0,392.4129943847656,388.1999816894531,392.0,393.6199951171875,292.1199951171875,55.00453567504883,-1.613006591796875,108866
519.0,392.52392578125,388.2799987792969,392.0799865722656,393.6999816894531,291.94000244140625,54.914337158203125,-1.6639404296875,108866
520.0,392.46337890625,388.2599792480469,392.05999755859375,393.67999267578125,291.6000061035156,55.01924514770508,-1.623382568359375,108866
521.0,392.510498046875,388.239990234375,392.0199890136719,393.6999816894531,291.6000061035156,55.178794860839844,-1.71051025390625,108866
522.0,392.53460693359375,388.2599792480469,392.05999755859375,393.739990234375,291.97998046875,55.14299774169922,-1.67462158203125,108866
523.0,392.5010986328125,388.2599792480469,392.0,393.6999816894531,291.5249938964844,55.35306167602539,-1.661102294921875,108866
524.0,392.4827575683594,388.2799987792969,392.0199890136719,393.6999816894531,291.9049987792969,55.1110954284668,-1.622772216796875,108866
525.0,392.4815673828125,388.239990234375,392.0199890136719,393.67999267578125,291.9049987792969,55.02854537963867,-1.641571044921875,108866
526.0,392.3841247558594,388.239990234375,391.97998046875,393.6600036621094,291.8199768066406,54.976165771484375,-1.584136962890625,108866
527.0,392.43115234375,388.2799987792969,392.05999755859375,393.6999816894531,291.91998291015625,54.95071792602539,-1.591156005859375,108866
528.0,392.4505310058594,388.3199768066406,392.05999755859375,393.6869812011719,292.1600036621094,54.79326248168945,-1.590545654296875,108866
529.0,392.54302978515625,388.3599853515625,392.1399841308594,393.739990234375,291.97998046875,54.78956604003906,-1.623046875,108866
530.0,392.5195007324219,388.3999938964844,392.1399841308594,393.7599792480469,291.8450012207031,54.898033142089844,-1.599517822265625,108866
531.0,392.5133056640625,388.41998291015625,392.1600036621094,393.7599792480469,292.1999816894531,54.67903137207031,-1.553314208984375,108866
532.0,392.6536560058594,388.41998291015625,392.17999267578125,393.8399963378906,292.4599914550781,54.67802429199219,-1.653656005859375,108866
533.0,392.5911560058594,388.44000244140625,392.1399841308594,393.79998779296875,292.06500244140625,54.95033645629883,-1.611175537109375,108866
534.0,392.646484375,388.41998291015625,392.17999267578125,393.91998291015625,292.3599853515625,54.867679595947266,-1.646484375,108866
535.0,392.72845458984375,388.47998046875,392.2599792480469,393.91998291015625,292.239990234375,54.94560241699219,-1.66845703125,108866
536.0,392.69598388671875,388.47998046875,392.2599792480469,393.94000244140625,292.2649841308594,54.80429458618164,-1.615997314453125,108866
537.0,392.7194519042969,388.5,392.29998779296875,393.97998046875,292.239990234375,54.91975784301758,-1.599456787109375,108866
538.0,392.7863464355469,388.4599914550781,392.2599792480469,393.97998046875,292.1999816894531,54.93806457519531,-1.746368408203125,108866
539.0,392.7315673828125,388.44000244140625,392.239990234375,393.8799743652344,292.17999267578125,54.91761779785156,-1.69158935546875,108866
540.0,392.8230285644531,388.53997802734375,392.3399963378906,394.0199890136719,292.0199890136719,55.14353942871094,-1.66302490234375,108866
541.0,392.8128356933594,388.5999755859375,392.3599853515625,394.03997802734375,292.05999755859375,55.248443603515625,-1.65283203125,108866
542.0,392.84674072265625,388.5999755859375,392.3799743652344,394.03997802734375,291.7850036621094,55.296661376953125,-1.626739501953125,108866
543.0,392.8441467285156,388.55999755859375,392.3799743652344,394.1199951171875,291.67999267578125,55.29098129272461,-1.6441650390625,108866
544.0,392.7733459472656,388.5799865722656,392.3399963378906,394.05999755859375,291.739990234375,55.37242126464844,-1.593353271484375,108866
545.0,392.8024597167969,388.5799865722656,392.3399963378906,394.0199890136719,291.79998779296875,55.31355667114258,-1.6424560546875,108866
546.0,393.0088806152344,388.6999816894531,392.47998046875,394.1600036621094,291.94000244140625,55.33858871459961,-1.708892822265625,108866
547.0,392.9427185058594,388.67999267578125,392.47998046875,394.1199951171875,291.8199768066406,55.5126953125,-1.6827392578125,108866
548.0,392.91717529296875,388.6600036621094,392.47998046875,394.1199951171875,291.7799987792969,55.61091995239258,-1.657196044921875,108866
549.0,392.9224548339844,388.67999267578125,392.47998046875,394.0799865722656,291.53997802734375,55.58308029174805,-1.622467041015625,108866
550.0,392.93408203125,388.7200012207031,392.5199890136719,394.1399841308594,291.5,55.71816635131836,-1.63409423828125,108866
551.0,392.8968505859375,388.7599792480469,392.5199890136719,394.1399841308594,291.6650085449219,55.705421447753906,-1.556854248046875,108866
552.0,392.969970703125,388.7599792480469,392.5,394.1999816894531,291.385009765625,55.533809661865234,-1.66998291015625,108866
553.0,392.88525390625,388.7200012207031,392.4599914550781,394.1199951171875,291.6199951171875,55.44972229003906,-1.58526611328125,108866
554.0,392.80023193359375,388.7599792480469,392.5,394.0999755859375,292.1600036621094,55.29265594482422,-1.420257568359375,108866
555.0,392.90972900390625,388.7599792480469,392.5199890136719,394.1399841308594,291.7200012207031,55.34885025024414,-1.529754638671875,108866
556.0,393.0212097167969,388.79998779296875,392.55999755859375,394.29998779296875,291.5,55.224578857421875,-1.6212158203125,108866
557.0,393.1099853515625,388.79998779296875,392.5799865722656,394.3199768066406,292.1199951171875,55.1197395324707,-1.69000244140625,108866
558.0,393.02923583984375,388.79998779296875,392.53997802734375,394.2599792480469,292.55999755859375,54.990474700927734,-1.649261474609375,108866
559.0,393.05999755859375,388.8199768066406,392.5799865722656,394.3199768066406,293.2599792480469,54.93906021118164,-1.6400146484375,108866
560.0,393.2909851074219,388.8799743652344,392.6999816894531,394.44000244140625,293.1399841308594,55.08198165893555,-1.83099365234375,108866
561.0,393.3372497558594,388.8999938964844,392.739990234375,394.5199890136719,292.5199890136719,55.03443145751953,-1.777252197265625,108866
562.0,393.4059753417969,388.97998046875,392.8199768066406,394.5999755859375,292.79998779296875,55.21488952636719,-1.82598876953125,108866
563.0,393.2536926269531,388.8799743652344,392.7599792480469,394.53997802734375,293.0199890136719,55.26091766357422,-1.753692626953125,108866
564.0,393.39971923828125,388.8999938964844,392.8599853515625,394.5999755859375,293.1600036621094,55.15651321411133,-1.8397216796875,108866
565.0,393.30230712890625,388.8799743652344,392.79998779296875,394.55999755859375,293.2649841308594,55.225467681884766,-1.7423095703125,108866
566.0,393.2196044921875,388.9599914550781,392.7599792480469,394.44000244140625,293.1999816894531,55.14301300048828,-1.639617919921875,108866
567.0,393.24639892578125,389.0199890136719,392.8199768066406,394.5,292.79998779296875,55.19338607788086,-1.606414794921875,108866
568.0,393.322998046875,389.0199890136719,392.8599853515625,394.6399841308594,292.4599914550781,55.41640853881836,-1.683013916015625,108866
569.0,393.3266906738281,389.0999755859375,392.91998291015625,394.6199951171875,292.5050048828125,55.61083984375,-1.646697998046875,108866
570.0,393.4291687011719,389.0999755859375,392.94000244140625,394.6199951171875,292.8249816894531,55.23982620239258,-1.70916748046875,108866
571.0,393.4276428222656,389.0799865722656,392.8999938964844,394.5999755859375,292.6399841308594,55.25293731689453,-1.7276611328125,108866
572.0,393.4742736816406,389.1600036621094,392.94000244140625,394.5999755859375,292.6999816894531,55.320648193359375,-1.71429443359375,108866
573.0,393.507568359375,389.1399841308594,392.9599914550781,394.6399841308594,292.6050109863281,55.530147552490234,-1.747589111328125,108866
574.0,393.42633056640625,389.0999755859375,392.91998291015625,394.5799865722656,292.6999816894531,55.5940055847168,-1.706329345703125,108866
575.0,393.51409912109375,389.1600036621094,392.97998046875,394.7200012207031,292.6000061035156,55.56221389770508,-1.734100341796875,108866
576.0,393.6018371582031,389.1600036621094,393.05999755859375,394.79998779296875,292.1999816894531,55.55971145629883,-1.7618408203125,108866
577.0,393.5506286621094,389.17999267578125,393.05999755859375,394.7599792480469,292.29998779296875,55.57972717285156,-1.73065185546875,108866
578.0,393.6730041503906,389.239990234375,393.1399841308594,394.8599853515625,292.0799865722656,55.612911224365234,-1.77301025390625,108866
579.0,393.56475830078125,389.239990234375,393.0999755859375,394.79998779296875,292.6000061035156,55.388065338134766,-1.70477294921875,108866
580.0,393.6419982910156,389.2599792480469,393.1399841308594,394.8599853515625,293.05999755859375,55.36061477661133,-1.722015380859375,108866
581.0,393.6020812988281,389.2799987792969,393.1199951171875,394.8599853515625,293.2799987792969,55.19700622558594,-1.682098388671875,108866
582.0,393.60357666015625,389.3399963378906,393.1399841308594,394.8399963378906,293.3599853515625,55.39459228515625,-1.62359619140625,108866
583.0,393.6098937988281,389.3599853515625,393.17498779296875,394.8399963378906,293.1050109863281,55.46611785888672,-1.609893798828125,108866
584.0,393.5110778808594,389.29998779296875,393.0799865722656,394.8199768066406,292.5,55.3969841003418,-1.611083984375,108866
585.0,393.61859130859375,389.2799987792969,393.1399841308594,394.8999938964844,292.94000244140625,55.277950286865234,-1.6785888671875,108866
586.0,393.74676513671875,389.3399963378906,393.1999816894531,394.9599914550781,292.739990234375,55.276214599609375,-1.786773681640625,108866
587.0,393.6198425292969,389.3799743652344,393.1600036621094,394.8199768066406,292.9599914550781,55.202110290527344,-1.639862060546875,108866
588.0,393.6014099121094,389.3399963378906,393.1399841308594,394.7799987792969,292.97998046875,55.28743362426758,-1.64141845703125,108866
589.0,393.7389831542969,389.44000244140625,393.239990234375,394.8799743652344,293.05999755859375,55.37855529785156,-1.718994140625,108866
590.0,393.7622375488281,389.47998046875,393.2799987792969,394.9469909667969,293.1999816894531,55.214820861816406,-1.6822509765625,108866
591.0,393.70697021484375,389.44000244140625,393.2200012207031,394.8999938964844,293.2799987792969,55.085227966308594,-1.686981201171875,108866
592.0,393.8687744140625,389.5199890136719,393.3399963378906,395.0,292.8249816894531,55.29607391357422,-1.768798828125,108866
593.0,393.8973693847656,389.4599914550781,393.3399963378906,395.05999755859375,292.3999938964844,55.627506256103516,-1.8173828125,108866
594.0,393.8321838378906,389.4599914550781,393.3199768066406,395.0,292.739990234375,55.5656623840332,-1.732208251953125,108866
595.0,393.87188720703125,389.5199890136719,393.3799743652344,395.0,292.6399841308594,55.699119567871094,-1.69189453125,108866
596.0,393.6881408691406,389.47998046875,393.3199768066406,394.8799743652344,293.0199890136719,55.68956756591797,-1.54815673828125,108866
597.0,393.6579284667969,389.5,393.29998779296875,394.8999938964844,293.1600036621094,55.68254089355469,-1.4979248046875,108866
598.0,393.74566650390625,389.47998046875,393.29998779296875,394.9599914550781,293.8399963378906,55.19259262084961,-1.62567138671875,108866
599.0,393.911376953125,389.5799865722656,393.3999938964844,395.0999755859375,293.6399841308594,55.39098358154297,-1.691375732421875,108866
600.0,393.9312744140625,389.5,393.3999938964844,395.0799865722656,293.3199768066406,55.2926025390625,-1.731292724609375,108866
601.0,393.8291015625,389.55999755859375,393.3999938964844,395.0,293.55999755859375,55.26958465576172,-1.609100341796875,108866
602.0,393.9966735839844,389.53997802734375,393.4599914550781,395.1600036621094,293.5,55.32112121582031,-1.79669189453125,108866
603.0,394.0574645996094,389.6199951171875,393.5,395.1600036621094,293.8800048828125,55.441341400146484,-1.7774658203125,108866
604.0,394.0069274902344,389.5999755859375,393.47998046875,395.1600036621094,293.2200012207031,55.67730712890625,-1.766937255859375,108866
605.0,393.8525695800781,389.5999755859375,393.44000244140625,395.05999755859375,292.7200012207031,55.528621673583984,-1.632568359375,108866
606.0,393.97119140625,389.55999755859375,393.4599914550781,395.2070007324219,292.55999755859375,55.4373779296875,-1.751190185546875,108866
607.0,394.0289001464844,389.5799865722656,393.47998046875,395.17999267578125,291.8599853515625,55.5947265625,-1.798919677734375,108866
608.0,393.9857177734375,389.6399841308594,393.5199890136719,395.2200012207031,292.44000244140625,55.60003662109375,-1.725738525390625,108866
609.0,394.0875549316406,389.739990234375,393.5999755859375,395.3399963378906,292.80499267578125,55.362491607666016,-1.70758056640625,108866
610.0,394.1665344238281,389.739990234375,393.6199951171875,395.3799743652344,293.2799987792969,55.45212173461914,-1.76654052734375,108866
611.0,394.12261962890625,389.67999267578125,393.53997802734375,395.29998779296875,293.5199890136719,55.48823547363281,-1.8226318359375,108866
612.0,394.169921875,389.6999816894531,393.5799865722656,395.3599853515625,293.53997802734375,55.47496795654297,-1.849945068359375,108866
613.0,394.166259765625,389.8399963378906,393.6600036621094,395.3599853515625,293.41998291015625,55.5277099609375,-1.72625732421875,108866
614.0,394.16522216796875,389.8199768066406,393.6600036621094,395.3599853515625,293.4599914550781,55.30586242675781,-1.705230712890625,108866
615.0,394.2756652832031,389.79998779296875,393.739990234375,395.41998291015625,293.2799987792969,55.22132110595703,-1.795684814453125,108866
616.0,394.2910461425781,389.8599853515625,393.7599792480469,395.4599914550781,293.17999267578125,55.108154296875,-1.751068115234375,108866
617.0,394.1830749511719,389.8199768066406,393.6999816894531,395.3599853515625,292.94000244140625,55.19166946411133,-1.703094482421875,108866
618.0,394.27056884765625,389.8599853515625,393.7799987792969,395.5,293.29998779296875,55.441829681396484,-1.7105712890625,108866
619.0,394.25067138671875,389.8799743652344,393.739990234375,395.44000244140625,293.2599792480469,55.66393280029297,-1.690673828125,108866
620.0,394.2867431640625,389.8199768066406,393.739990234375,395.5,293.3199768066406,55.57685852050781,-1.766754150390625,108866
621.0,394.3110046386719,389.8599853515625,393.79998779296875,395.47998046875,293.2200012207031,55.61983108520508,-1.751007080078125,108866
622.0,394.3128662109375,389.8799743652344,393.79998779296875,395.5199890136719,293.47998046875,55.51359176635742,-1.732879638671875,108866
623.0,394.3614501953125,389.97998046875,393.8399963378906,395.5,293.239990234375,55.760650634765625,-1.721466064453125,108866
624.0,394.29656982421875,389.94000244140625,393.8199768066406,395.5199890136719,293.05999755859375,55.74168014526367,-1.69659423828125,108866
625.0,394.3633728027344,389.97998046875,393.8599853515625,395.53997802734375,292.67999267578125,55.95636749267578,-1.723388671875,108866
626.0,394.44091796875,390.0999755859375,393.94000244140625,395.5999755859375,292.9599914550781,55.57063674926758,-1.700927734375,108866
627.0,394.5484619140625,390.1399841308594,394.0,395.6999816894531,293.239990234375,55.425472259521484,-1.768463134765625,108866
628.0,394.410888671875,390.1399841308594,393.94000244140625,395.5799865722656,293.8199768066406,55.241485595703125,-1.650909423828125,108866
629.0,394.3595886230469,390.0799865722656,393.8999938964844,395.47998046875,293.5,55.45900344848633,-1.63958740234375,108866
630.0,394.43218994140625,390.0999755859375,393.94000244140625,395.6199951171875,293.2599792480469,55.41389846801758,-1.69219970703125,108866
631.0,394.3149719238281,390.1199951171875,393.91998291015625,395.53997802734375,294.1000061035156,55.34978485107422,-1.574981689453125,108866
632.0,394.32977294921875,390.1199951171875,393.94000244140625,395.58697509765625,294.03997802734375,55.31557846069336,-1.569793701171875,108866
633.0,394.4875183105469,390.0999755859375,393.9599914550781,395.6999816894531,292.8800048828125,55.58001708984375,-1.76751708984375,108866
634.0,394.4232482910156,390.0799865722656,393.8999938964844,395.6600036621094,293.2799987792969,55.33941650390625,-1.743255615234375,108866
635.0,394.3939514160156,390.0999755859375,393.8599853515625,395.55999755859375,293.0799865722656,55.41160583496094,-1.713958740234375,108866
636.0,394.4396667480469,390.0199890136719,393.8399963378906,395.55999755859375,293.0199890136719,55.471473693847656,-1.7796630859375,108866
637.0,394.4749755859375,390.05999755859375,393.8999938964844,395.5999755859375,292.7799987792969,55.618019104003906,-1.774993896484375,108866
638.0,394.4617919921875,390.0999755859375,393.9599914550781,395.6269836425781,293.2599792480469,55.35551071166992,-1.701812744140625,108866
639.0,394.49835205078125,390.0799865722656,393.97998046875,395.7200012207031,292.94000244140625,55.395687103271484,-1.738372802734375,108866
640.0,394.6198425292969,390.17999267578125,394.1199951171875,395.8399963378906,293.1399841308594,55.45471954345703,-1.7398681640625,108866
641.0,394.58721923828125,390.239990234375,394.1399841308594,395.8199768066406,293.7449951171875,55.431461334228516,-1.707244873046875,108866
642.0,394.64019775390625,390.2200012207031,394.1399841308594,395.8599853515625,293.9849853515625,55.408058166503906,-1.760223388671875,108866
643.0,394.5793762207031,390.29998779296875,394.17999267578125,395.8399963378906,293.4599914550781,55.273826599121094,-1.639373779296875,108866
644.0,394.570068359375,390.3599853515625,394.17999267578125,395.79998779296875,293.6650085449219,55.23514938354492,-1.590087890625,108866
645.0,394.6312561035156,390.44000244140625,394.239990234375,395.8399963378906,293.3599853515625,55.53126907348633,-1.61126708984375,108866
646.0,394.7924499511719,390.3599853515625,394.2599792480469,395.91998291015625,293.42498779296875,55.38928985595703,-1.812469482421875,108866
647.0,394.6426696777344,390.3399963378906,394.1999816894531,395.79998779296875,293.6000061035156,55.544029235839844,-1.662689208984375,108866
648.0,394.6601867675781,390.3799743652344,394.239990234375,395.79998779296875,293.7599792480469,55.51691436767578,-1.600189208984375,108866
649.0,394.7389831542969,390.5,394.3199768066406,395.94000244140625,293.8999938964844,55.471492767333984,-1.5789794921875,108866
650.0,394.7940979003906,390.41998291015625,394.2599792480469,396.0199890136719,293.7200012207031,55.56074142456055,-1.694122314453125,108866
651.0,394.85687255859375,390.41998291015625,394.2799987792969,396.0799865722656,293.6999816894531,55.49545669555664,-1.776885986328125,108866
652.0,394.8500671386719,390.4599914550781,394.29998779296875,396.05999755859375,293.0199890136719,55.51854705810547,-1.77008056640625,108866
653.0,394.94146728515625,390.44000244140625,394.3599853515625,396.1399841308594,293.1050109863281,55.52945327758789,-1.82147216796875,108866
654.0,394.7750244140625,390.4599914550781,394.3399963378906,395.97998046875,293.2599792480469,55.617618560791016,-1.675048828125,108866
655.0,394.8020324707031,390.41998291015625,394.3199768066406,395.97998046875,292.3599853515625,55.79981231689453,-1.702056884765625,108866
656.0,394.7337951660156,390.44000244140625,394.2599792480469,395.8999938964844,292.8399963378906,55.882041931152344,-1.673797607421875,108866
657.0,394.8121032714844,390.53997802734375,394.3999938964844,396.03997802734375,293.2200012207031,55.836265563964844,-1.632110595703125,108866
658.0,394.923583984375,390.5199890136719,394.3799743652344,396.0799865722656,293.44000244140625,55.785770416259766,-1.783599853515625,108866
659.0,394.8546447753906,390.55999755859375,394.3799743652344,396.0799865722656,293.2449951171875,55.85715103149414,-1.69464111328125,108866
660.0,394.7408752441406,390.5799865722656,394.3799743652344,396.0199890136719,293.3399963378906,55.860816955566406,-1.560882568359375,108866
661.0,394.75830078125,390.55999755859375,394.3999938964844,396.03997802734375,293.68499755859375,55.572967529296875,-1.498321533203125,108866
662.0,394.94891357421875,390.6199951171875,394.4949951171875,396.17999267578125,293.0249938964844,55.912513732910156,-1.64892578125,108866
663.0,394.8676452636719,390.6399841308594,394.47998046875,396.1999816894531,293.44000244140625,55.78267288208008,-1.567657470703125,108866
664.0,394.89666748046875,390.5999755859375,394.44000244140625,396.17999267578125,293.9599914550781,55.376319885253906,-1.636688232421875,108866
665.0,394.81072998046875,390.6199951171875,394.41998291015625,396.0999755859375,293.91998291015625,55.549842834472656,-1.57073974609375,108866
666.0,395.00811767578125,390.6399841308594,394.5,396.2200012207031,293.91998291015625,55.48173141479492,-1.76812744140625,108866
667.0,394.89971923828125,390.6199951171875,394.47998046875,396.1399841308594,294.2599792480469,55.491886138916016,-1.619720458984375,108866
668.0,394.889404296875,390.6399841308594,394.5199890136719,396.0799865722656,294.239990234375,55.38274383544922,-1.569427490234375,108866
669.0,394.962646484375,390.7200012207031,394.53997802734375,396.2200012207031,294.125,55.43144607543945,-1.582672119140625,108866
670.0,394.9656677246094,390.739990234375,394.5799865722656,396.1999816894531,293.5849914550781,55.6595344543457,-1.565673828125,108866
671.0,394.9814453125,390.6999816894531,394.53997802734375,396.2200012207031,293.8599853515625,55.71448516845703,-1.68145751953125,108866
672.0,395.0542907714844,390.7200012207031,394.5799865722656,396.1999816894531,293.67999267578125,55.808902740478516,-1.694305419921875,108866
673.0,394.8862609863281,390.7599792480469,394.53997802734375,396.1199951171875,293.7850036621094,55.696556091308594,-1.526275634765625,108866
674.0,395.017333984375,390.739990234375,394.5799865722656,396.2599792480469,293.94500732421875,55.351680755615234,-1.6573486328125,108866
675.0,394.9859313964844,390.6600036621094,394.55999755859375,396.2799987792969,293.8399963378906,55.390968322753906,-1.625946044921875,108866
676.0,395.0857238769531,390.6399841308594,394.5999755859375,396.3799743652344,293.5799865722656,55.44865798950195,-1.68572998046875,108866
677.0,395.1570129394531,390.7799987792969,394.67999267578125,396.3869934082031,293.91998291015625,55.594581604003906,-1.697021484375,108866
678.0,395.2127990722656,390.7799987792969,394.67999267578125,396.4599914550781,294.1600036621094,55.54937744140625,-1.772796630859375,108866
679.0,395.19384765625,390.7599792480469,394.6600036621094,396.41998291015625,294.17999267578125,55.482635498046875,-1.77386474609375,108866
680.0,395.22601318359375,390.7799987792969,394.6999816894531,396.47998046875,294.0,55.7501106262207,-1.74603271484375,108866
681.0,395.250244140625,390.8199768066406,394.739990234375,396.5,293.7200012207031,55.686866760253906,-1.71026611328125,108866
682.0,395.2495422363281,390.8199768066406,394.7200012207031,396.4599914550781,293.6199951171875,55.785396575927734,-1.72955322265625,108866
683.0,395.306640625,390.8999938964844,394.7799987792969,396.5,293.79998779296875,55.689605712890625,-1.74664306640625,108866
684.0,395.2838134765625,390.8599853515625,394.7799987792969,396.5199890136719,293.7200012207031,55.8078727722168,-1.72381591796875,108866
685.0,395.36114501953125,390.8799743652344,394.8599853515625,396.5999755859375,293.29998779296875,55.78286361694336,-1.76116943359375,108866
686.0,395.44464111328125,390.8599853515625,394.91497802734375,396.6600036621094,292.55999755859375,55.925689697265625,-1.82464599609375,108866
687.0,395.4344482421875,390.91998291015625,394.94000244140625,396.6399841308594,292.6000061035156,55.805419921875,-1.794464111328125,108866
688.0,395.4912109375,391.0199890136719,394.9599914550781,396.6999816894531,293.3199768066406,55.676490783691406,-1.751220703125,108866
689.0,395.4524230957031,391.0199890136719,394.94000244140625,396.6600036621094,293.239990234375,55.67637252807617,-1.75244140625,108866
690.0,395.5519714355469,391.0,394.97998046875,396.739990234375,293.2599792480469,55.678653717041016,-1.85198974609375,108866
691.0,395.5109558105469,391.0199890136719,394.9599914550781,396.739990234375,293.3599853515625,55.60593795776367,-1.81097412109375,108866
692.0,395.4566650390625,391.03997802734375,394.91998291015625,396.67999267578125,293.6449890136719,55.62906265258789,-1.736663818359375,108866
693.0,395.5824890136719,391.05999755859375,394.97998046875,396.7799987792969,293.5799865722656,55.60477828979492,-1.842498779296875,108866
694.0,395.56689453125,391.03997802734375,394.9599914550781,396.7799987792969,293.6199951171875,55.526649475097656,-1.8369140625,108866
695.0,395.4730529785156,391.0799865722656,394.94000244140625,396.6399841308594,293.739990234375,55.525489807128906,-1.71307373046875,108866
696.0,395.57000732421875,391.1399841308594,395.0199890136719,396.7599792480469,293.5199890136719,55.64406967163086,-1.790008544921875,108866
697.0,395.6382141113281,391.1600036621094,395.05999755859375,396.8399963378906,293.55999755859375,55.70328140258789,-1.7982177734375,108866
698.0,395.65484619140625,391.17999267578125,395.1199951171875,396.8199768066406,293.79998779296875,55.52117156982422,-1.79486083984375,108866
699.0,395.64129638671875,391.17999267578125,395.0999755859375,396.7799987792969,294.05999755859375,55.49164962768555,-1.741302490234375,108866
700.0,395.6119384765625,391.1999816894531,395.0799865722656,396.7599792480469,294.1199951171875,55.527915954589844,-1.731964111328125,108866
701.0,395.6415100097656,391.2200012207031,395.1399841308594,396.79998779296875,294.0050048828125,55.646392822265625,-1.721527099609375,108866
702.0,395.65740966796875,391.2799987792969,395.1600036621094,396.79998779296875,293.8800048828125,55.69863510131836,-1.7374267578125,108866
703.0,395.5453186035156,391.29998779296875,395.1199951171875,396.739990234375,293.6999816894531,55.838714599609375,-1.605316162109375,108866
704.0,395.6208801269531,391.3199768066406,395.1600036621094,396.79998779296875,293.8800048828125,55.805259704589844,-1.640899658203125,108866
705.0,395.6598815917969,391.239990234375,395.1600036621094,396.8399963378906,294.05999755859375,55.566925048828125,-1.719879150390625,108866
706.0,395.5758972167969,391.2799987792969,395.1399841308594,396.7799987792969,294.1199951171875,55.56489944458008,-1.61590576171875,108866
707.0,395.6834411621094,391.29998779296875,395.1999816894531,396.8799743652344,294.4599914550781,55.60457992553711,-1.683441162109375,108866
708.0,395.6728210449219,391.2799987792969,395.2200012207031,396.9599914550781,294.2599792480469,55.43681716918945,-1.672821044921875,108866
709.0,395.7228698730469,391.3199768066406,395.1999816894531,396.9599914550781,294.1399841308594,55.622745513916016,-1.702880859375,108866
710.0,395.6616516113281,391.3399963378906,395.1999816894531,396.8799743652344,293.7599792480469,55.4776496887207,-1.661651611328125,108866
711.0,395.744873046875,391.29998779296875,395.1999816894531,396.91998291015625,293.8800048828125,55.45656204223633,-1.764892578125,108866
712.0,395.80169677734375,391.2599792480469,395.2200012207031,396.97998046875,293.9049987792969,55.48136901855469,-1.841705322265625,108866
713.0,395.80010986328125,391.3199768066406,395.239990234375,397.0199890136719,294.1999816894531,55.46136474609375,-1.80010986328125,108866
714.0,395.8258361816406,391.41998291015625,395.3199768066406,397.0199890136719,294.1399841308594,55.66498565673828,-1.725860595703125,108866
715.0,395.7690124511719,391.44000244140625,395.3399963378906,396.94000244140625,294.3399963378906,55.657283782958984,-1.649017333984375,108866
716.0,395.8357238769531,391.47998046875,395.3799743652344,397.0199890136719,293.739990234375,55.89333724975586,-1.69573974609375,108866
717.0,395.87945556640625,391.53997802734375,395.41998291015625,397.0799865722656,294.1399841308594,55.686607360839844,-1.659454345703125,108866
718.0,395.8504333496094,391.5199890136719,395.3799743652344,397.03997802734375,294.239990234375,55.700706481933594,-1.64044189453125,108866
719.0,395.7619323730469,391.5199890136719,395.3799743652344,396.97998046875,293.7200012207031,56.0461540222168,-1.581939697265625,108866
720.0,395.7803039550781,391.47998046875,395.3599853515625,397.0199890136719,294.1399841308594,55.81736755371094,-1.600311279296875,108866
721.0,395.8661193847656,391.53997802734375,395.3999938964844,397.1199951171875,294.42498779296875,55.58477783203125,-1.6661376953125,108866
722.0,395.94488525390625,391.5199890136719,395.4599914550781,397.17999267578125,294.3599853515625,55.84913635253906,-1.70489501953125,108866
723.0,395.9297790527344,391.5,395.3999938964844,397.08697509765625,294.5199890136719,55.667728424072266,-1.70977783203125,108866
724.0,395.939697265625,391.53997802734375,395.44000244140625,397.1199951171875,294.5799865722656,55.45564651489258,-1.679718017578125,108866
725.0,396.0188903808594,391.53997802734375,395.47998046875,397.17999267578125,294.6399841308594,55.52863311767578,-1.7589111328125,108866
726.0,396.021728515625,391.5799865722656,395.5,397.1669921875,294.4599914550781,55.6916389465332,-1.701751708984375,108866
727.0,396.0673828125,391.6999816894531,395.55999755859375,397.2599792480469,294.2799987792969,55.71554183959961,-1.687408447265625,108866
728.0,396.0910949707031,391.6399841308594,395.53997802734375,397.239990234375,294.0,55.748382568359375,-1.7711181640625,108866
729.0,396.1280822753906,391.6999816894531,395.5999755859375,397.29998779296875,293.5199890136719,55.72189712524414,-1.74810791015625,108866
730.0,396.1361999511719,391.7200012207031,395.6600036621094,397.3799743652344,293.7649841308594,55.70798110961914,-1.776214599609375,108866
731.0,396.0873107910156,391.7200012207031,395.67999267578125,397.3599853515625,294.1999816894531,55.53639602661133,-1.647308349609375,108866
732.0,396.0438232421875,391.79998779296875,395.6600036621094,397.2799987792969,293.8399963378906,55.61912536621094,-1.583831787109375,108866
733.0,396.0340576171875,391.7200012207031,395.6399841308594,397.2799987792969,294.1199951171875,55.47749710083008,-1.574066162109375,108866
734.0,396.14361572265625,391.739990234375,395.6600036621094,397.3999938964844,294.29998779296875,55.562374114990234,-1.66363525390625,108866
735.0,396.0351867675781,391.7200012207031,395.5999755859375,397.2599792480469,294.3800048828125,55.405799865722656,-1.5751953125,108866
736.0,396.1341857910156,391.79998779296875,395.67999267578125,397.3599853515625,293.7799987792969,55.44284439086914,-1.654205322265625,108866
737.0,396.2395324707031,391.7599792480469,395.6999816894531,397.44000244140625,294.2799987792969,55.50004577636719,-1.799530029296875,108866
738.0,396.27294921875,391.7200012207031,395.67999267578125,397.5,293.91998291015625,55.66559982299805,-1.85296630859375,108866
739.0,396.3143615722656,391.8199768066406,395.7200012207031,397.4599914550781,293.6999816894531,55.877662658691406,-1.814361572265625,108866
740.0,396.3448181152344,391.8199768066406,395.7799987792969,397.47998046875,294.2049865722656,55.68586730957031,-1.804840087890625,108866
741.0,396.2387390136719,391.7799987792969,395.7200012207031,397.41998291015625,293.739990234375,55.773223876953125,-1.758758544921875,108866
742.0,396.2474365234375,391.8399963378906,395.7799987792969,397.44000244140625,294.2799987792969,55.86652755737305,-1.70745849609375,108866
743.0,396.3626403808594,391.8999938964844,395.8399963378906,397.53997802734375,294.6000061035156,55.770877838134766,-1.78265380859375,108866
744.0,396.2923278808594,391.94000244140625,395.8399963378906,397.47998046875,295.03997802734375,55.75908660888672,-1.672332763671875,108866
745.0,396.3092346191406,391.8999938964844,395.8199768066406,397.5199890136719,294.9599914550781,55.74445343017578,-1.709259033203125,108866
746.0,396.2129211425781,391.8399963378906,395.7799987792969,397.4599914550781,294.17999267578125,55.93661117553711,-1.612945556640625,108866
747.0,396.29046630859375,391.8599853515625,395.8199768066406,397.53997802734375,294.1999816894531,55.92402648925781,-1.710479736328125,108866
748.0,396.2513427734375,391.8199768066406,395.7799987792969,397.4599914550781,294.53997802734375,55.63290023803711,-1.71136474609375,108866
749.0,396.2391662597656,391.8999938964844,395.7799987792969,397.4599914550781,294.6399841308594,55.602027893066406,-1.6591796875,108866
750.0,396.2043151855469,391.8999938964844,395.7599792480469,397.41998291015625,295.1000061035156,55.3197135925293,-1.604339599609375,108866
751.0,396.3582763671875,391.9599914550781,395.8799743652344,397.5799865722656,295.3199768066406,55.22796630859375,-1.67828369140625,108866
752.0,396.53717041015625,391.97998046875,395.9599914550781,397.7599792480469,294.739990234375,55.349510192871094,-1.857177734375,108866
753.0,396.2659606933594,391.94000244140625,395.79998779296875,397.4599914550781,294.5249938964844,55.544593811035156,-1.645965576171875,108866
754.0,396.3310241699219,391.97998046875,395.8599853515625,397.5999755859375,294.9049987792969,55.461944580078125,-1.6710205078125,108866
755.0,396.4103088378906,392.0199890136719,395.91998291015625,397.5799865722656,294.5799865722656,55.68547058105469,-1.75030517578125,108866
756.0,396.4667663574219,391.9599914550781,395.9599914550781,397.6399841308594,294.2200012207031,55.919921875,-1.76678466796875,108866
757.0,396.52752685546875,391.9599914550781,395.94000244140625,397.6600036621094,294.2799987792969,55.889705657958984,-1.827545166015625,108866
758.0,396.51019287109375,391.94000244140625,395.94000244140625,397.6600036621094,294.1399841308594,55.92448043823242,-1.8302001953125,108866
759.0,396.46710205078125,392.0799865722656,395.97998046875,397.6399841308594,294.8199768066406,55.689918518066406,-1.687103271484375,108866
760.0,396.46832275390625,392.05999755859375,395.9599914550781,397.67999267578125,294.3399963378906,55.96757125854492,-1.708343505859375,108866
761.0,396.45489501953125,392.0,395.8999938964844,397.6199951171875,294.2200012207031,55.90415954589844,-1.754913330078125,108866
762.0,396.5230712890625,392.03997802734375,395.94000244140625,397.6600036621094,294.385009765625,55.82630157470703,-1.7830810546875,108866
763.0,396.4710998535156,392.0799865722656,395.9599914550781,397.6600036621094,294.3599853515625,55.878257751464844,-1.71112060546875,108866
764.0,396.4292297363281,392.03997802734375,395.9599914550781,397.6399841308594,294.67999267578125,55.755191802978516,-1.729248046875,108866
765.0,396.5264892578125,392.0999755859375,396.05999755859375,397.739990234375,294.2799987792969,55.86930465698242,-1.706512451171875,108866
766.0,396.5285339355469,392.17999267578125,396.1199951171875,397.79998779296875,294.1449890136719,55.86250686645508,-1.6285400390625,108866
767.0,396.7098693847656,392.1600036621094,396.1399841308594,397.8799743652344,294.3199768066406,55.866573333740234,-1.849884033203125,108866
768.0,396.75787353515625,392.1399841308594,396.1600036621094,397.94000244140625,294.7449951171875,55.60081481933594,-1.857879638671875,108866
769.0,396.71881103515625,392.1399841308594,396.17999267578125,397.94000244140625,294.6199951171875,55.675838470458984,-1.798828125,108866
770.0,396.7703552246094,392.239990234375,396.2200012207031,398.0,294.7649841308594,55.568119049072266,-1.790374755859375,108866
771.0,396.7137451171875,392.17999267578125,396.17999267578125,397.97998046875,294.885009765625,55.53862762451172,-1.79376220703125,108866
772.0,396.7365417480469,392.2200012207031,396.2200012207031,398.0,294.47998046875,55.55553436279297,-1.77655029296875,108866
773.0,396.810546875,392.2599792480469,396.239990234375,398.0199890136719,294.7799987792969,55.64301300048828,-1.83056640625,108866
774.0,396.7928466796875,392.2799987792969,396.2799987792969,397.97998046875,295.1199951171875,55.549041748046875,-1.772857666015625,108866
775.0,396.76129150390625,392.29998779296875,396.3199768066406,398.0,295.44000244140625,55.577693939208984,-1.681304931640625,108866
776.0,396.7478942871094,392.2699890136719,396.2599792480469,397.9599914550781,295.0199890136719,55.83991241455078,-1.707916259765625,108866
777.0,396.7664489746094,392.2799987792969,396.2599792480469,397.9599914550781,294.8800048828125,55.60904312133789,-1.7464599609375,108866
778.0,396.6868896484375,392.239990234375,396.239990234375,397.9599914550781,295.03997802734375,55.51445388793945,-1.6868896484375,108866
779.0,396.8045654296875,392.3199768066406,396.29998779296875,398.03997802734375,295.2799987792969,55.50947570800781,-1.724578857421875,108866
780.0,396.89581298828125,392.2799987792969,396.29998779296875,398.0999755859375,294.7599792480469,55.697471618652344,-1.875823974609375,108866
781.0,396.7735900878906,392.3799743652344,396.3599853515625,398.0799865722656,295.04498291015625,55.785369873046875,-1.653594970703125,108866
782.0,396.78314208984375,392.3999938964844,396.3799743652344,398.03997802734375,295.17999267578125,55.629844665527344,-1.643157958984375,108866
783.0,396.87200927734375,392.41998291015625,396.3799743652344,398.05999755859375,295.44000244140625,55.67633056640625,-1.732025146484375,108866
784.0,396.9003601074219,392.29998779296875,396.3399963378906,398.0799865722656,295.6000061035156,55.721221923828125,-1.82037353515625,108866
785.0,396.87725830078125,392.4599914550781,396.3999938964844,398.05999755859375,294.8199768066406,55.67937088012695,-1.697265625,108866
786.0,396.88250732421875,392.4599914550781,396.3799743652344,398.05999755859375,294.94500732421875,55.87131118774414,-1.7025146484375,108866
787.0,396.91864013671875,392.44000244140625,396.44000244140625,398.0799865722656,295.1199951171875,55.721710205078125,-1.718658447265625,108866
788.0,396.8818359375,392.44000244140625,396.44000244140625,398.0799865722656,295.03997802734375,55.6954460144043,-1.621856689453125,108866
789.0,396.8741455078125,392.55999755859375,396.47998046875,398.0799865722656,295.1600036621094,55.6748161315918,-1.554168701171875,108866
790.0,396.8304443359375,392.53997802734375,396.44000244140625,398.03997802734375,294.91998291015625,55.74852752685547,-1.570465087890625,108866
791.0,396.82080078125,392.53997802734375,396.44000244140625,398.03997802734375,294.8399963378906,55.696102142333984,-1.560821533203125,108866
792.0,396.9308166503906,392.55999755859375,396.5,398.0999755859375,294.6600036621094,55.7443962097168,-1.630828857421875,108866
793.0,396.861572265625,392.47998046875,396.4599914550781,398.0799865722656,294.5050048828125,55.91964340209961,-1.641571044921875,108866
794.0,396.8255310058594,392.47998046875,396.41998291015625,398.0799865722656,294.79998779296875,55.755558013916016,-1.60552978515625,108866
795.0,396.82574462890625,392.4599914550781,396.41998291015625,398.03997802734375,294.5199890136719,55.87612533569336,-1.605743408203125,108866
796.0,396.911865234375,392.5799865722656,396.47998046875,398.0999755859375,294.6399841308594,55.85982131958008,-1.631866455078125,108866
797.0,396.8519592285156,392.5799865722656,396.44000244140625,398.0199890136719,294.3999938964844,56.02760314941406,-1.59197998046875,108866
798.0,396.9849853515625,392.5999755859375,396.5,398.1199951171875,294.03997802734375,56.13372039794922,-1.68499755859375,108866
799.0,396.9873046875,392.53997802734375,396.47998046875,398.239990234375,294.29998779296875,55.97314453125,-1.727325439453125,108866
800.0,396.9774169921875,392.5799865722656,396.5199890136719,398.1999816894531,294.2799987792969,56.013214111328125,-1.67742919921875,108866
801.0,396.9886169433594,392.5,396.47998046875,398.1999816894531,294.17999267578125,56.02638626098633,-1.76861572265625,108866
802.0,397.1085510253906,392.53997802734375,396.55999755859375,398.2599792480469,294.6399841308594,55.91103744506836,-1.82855224609375,108866
803.0,397.103271484375,392.5999755859375,396.5799865722656,398.2799987792969,294.1999816894531,56.134395599365234,-1.763275146484375,108866
804.0,397.090087890625,392.6600036621094,396.6199951171875,398.29998779296875,294.7799987792969,55.847869873046875,-1.710113525390625,108866
805.0,397.0819396972656,392.6199951171875,396.6399841308594,398.3399963378906,294.94000244140625,55.85323715209961,-1.70196533203125,108866
806.0,397.2118835449219,392.7200012207031,396.739990234375,398.41998291015625,294.8800048828125,55.956626892089844,-1.711883544921875,108866
807.0,397.2130432128906,392.6199951171875,396.6399841308594,398.41998291015625,295.04498291015625,55.756980895996094,-1.793060302734375,108866
808.0,397.1059265136719,392.5999755859375,396.55999755859375,398.2799987792969,294.8599853515625,55.89765930175781,-1.76593017578125,108866
809.0,397.10296630859375,392.6999816894531,396.614990234375,398.3199768066406,295.1199951171875,55.883609771728516,-1.6829833984375,108866
810.0,397.1112365722656,392.7599792480469,396.6399841308594,398.34698486328125,295.239990234375,55.7896728515625,-1.671234130859375,108866
811.0,397.1221618652344,392.7599792480469,396.67999267578125,398.3599853515625,295.29998779296875,55.724090576171875,-1.642181396484375,108866
812.0,397.2733154296875,392.7599792480469,396.7599792480469,398.47998046875,294.8800048828125,55.90428161621094,-1.7733154296875,108866
813.0,397.2168884277344,392.739990234375,396.7200012207031,398.44000244140625,294.53997802734375,56.022911071777344,-1.716888427734375,108866
814.0,397.2676086425781,392.79998779296875,396.739990234375,398.4599914550781,295.1000061035156,55.925086975097656,-1.74761962890625,108866
815.0,397.3063049316406,392.8199768066406,396.79998779296875,398.47998046875,295.17999267578125,55.70344161987305,-1.746307373046875,108866
816.0,397.24017333984375,392.8599853515625,396.7799987792969,398.4599914550781,295.0799865722656,55.75521469116211,-1.660186767578125,108866
817.0,397.2685241699219,392.8199768066406,396.79998779296875,398.47998046875,295.05999755859375,55.8779296875,-1.68853759765625,108866
818.0,397.28692626953125,392.8799743652344,396.79998779296875,398.47998046875,295.17999267578125,55.900272369384766,-1.68695068359375,108866
819.0,397.35919189453125,392.91998291015625,396.8199768066406,398.5199890136719,294.94000244140625,55.9987678527832,-1.75921630859375,108866
820.0,397.3373718261719,392.8199768066406,396.8199768066406,398.5,294.53997802734375,56.12860870361328,-1.777374267578125,108866
821.0,397.3232116699219,392.91998291015625,396.8599853515625,398.55999755859375,294.7250061035156,55.99325180053711,-1.6632080078125,108866
822.0,397.32000732421875,392.8999938964844,396.8399963378906,398.53997802734375,294.6199951171875,56.00392532348633,-1.680023193359375,108866
823.0,397.3965759277344,392.8799743652344,396.8999938964844,398.6199951171875,294.8999938964844,56.11831283569336,-1.756591796875,108866
824.0,397.3928527832031,392.8599853515625,396.8999938964844,398.6199951171875,294.6199951171875,56.23900604248047,-1.772857666015625,108866
825.0,397.4542236328125,392.8599853515625,396.8999938964844,398.6199951171875,294.6449890136719,56.3617057800293,-1.794219970703125,108866
826.0,397.3904724121094,392.91998291015625,396.91998291015625,398.6199951171875,295.03997802734375,56.24736404418945,-1.67047119140625,108866
827.0,397.390869140625,393.0,396.94000244140625,398.6199951171875,295.364990234375,56.0938720703125,-1.65087890625,108866
828.0,397.3915710449219,392.94000244140625,396.8999938964844,398.6199951171875,295.2200012207031,56.08362579345703,-1.711578369140625,108866
829.0,397.3296813964844,392.91998291015625,396.8399963378906,398.5,295.2200012207031,56.007591247558594,-1.689697265625,108866
830.0,397.3613586425781,392.8999938964844,396.8599853515625,398.5799865722656,295.2599792480469,55.828060150146484,-1.72137451171875,108866
831.0,397.5093078613281,392.8999938964844,396.94000244140625,398.6999816894531,295.05999755859375,55.886932373046875,-1.829315185546875,108866
832.0,397.4676818847656,392.8799743652344,396.91998291015625,398.6470031738281,295.17999267578125,55.73343276977539,-1.80767822265625,108866
833.0,397.5290832519531,393.03997802734375,397.0199890136719,398.7200012207031,295.03997802734375,55.92436218261719,-1.76910400390625,108866
834.0,397.59173583984375,393.17999267578125,397.0999755859375,398.7799987792969,295.1600036621094,56.259891510009766,-1.711761474609375,108866
835.0,397.5932922363281,393.17999267578125,397.1199951171875,398.7799987792969,295.7049865722656,56.07841110229492,-1.71331787109375,108866
836.0,397.61199951171875,393.0999755859375,397.0799865722656,398.8199768066406,295.1399841308594,56.24436569213867,-1.75201416015625,108866
837.0,397.650634765625,393.1199951171875,397.1399841308594,398.8399963378906,294.91998291015625,55.977745056152344,-1.7906494140625,108866
838.0,397.643798828125,393.17999267578125,397.1600036621094,398.8069763183594,295.0,56.043426513671875,-1.763824462890625,108866
839.0,397.7371520996094,393.2200012207031,397.1999816894531,398.91998291015625,294.97998046875,56.02542495727539,-1.797149658203125,108866
840.0,397.6807861328125,393.2200012207031,397.17999267578125,398.8799743652344,295.239990234375,55.952308654785156,-1.74078369140625,108866
841.0,397.6475524902344,393.239990234375,397.1600036621094,398.8599853515625,295.4049987792969,56.101707458496094,-1.707550048828125,108866
842.0,397.68218994140625,393.1600036621094,397.1600036621094,398.8399963378906,295.5,56.05270004272461,-1.82220458984375,108866
843.0,397.6922302246094,393.1600036621094,397.1600036621094,398.8399963378906,295.1399841308594,56.210140228271484,-1.812255859375,108866
844.0,397.67828369140625,393.1600036621094,397.17999267578125,398.8399963378906,295.17999267578125,56.08509826660156,-1.73828125,108866
845.0,397.5525817871094,393.1199951171875,397.0799865722656,398.7200012207031,295.7200012207031,55.86091995239258,-1.692596435546875,108866
846.0,397.7162170410156,393.1999816894531,397.17999267578125,398.8999938964844,296.0199890136719,56.149784088134766,-1.776214599609375,108866
847.0,397.7996520996094,393.1199951171875,397.2200012207031,399.0,295.2799987792969,56.18449783325195,-1.859649658203125,108866
848.0,397.693115234375,393.0999755859375,397.17999267578125,398.8799743652344,295.3999938964844,56.08341598510742,-1.77313232421875,108866
849.0,397.7906188964844,393.17999267578125,397.2200012207031,398.97998046875,295.364990234375,56.14191436767578,-1.83062744140625,108866
850.0,397.7425842285156,393.2200012207031,397.2200012207031,398.9599914550781,295.2599792480469,56.39788818359375,-1.7825927734375,108866
851.0,397.7101135253906,393.2599792480469,397.2200012207031,398.8799743652344,295.54498291015625,56.26730728149414,-1.710113525390625,108866
852.0,397.72064208984375,393.3399963378906,397.2799987792969,398.91998291015625,295.6999816894531,56.51594161987305,-1.6806640625,108866
853.0,397.70867919921875,393.3399963378906,397.2799987792969,398.8999938964844,296.0799865722656,56.359378814697266,-1.648681640625,108866
854.0,397.7560729980469,393.3399963378906,397.2799987792969,398.9599914550781,295.6600036621094,56.30377960205078,-1.696075439453125,108866
855.0,397.7787780761719,393.3199768066406,397.3199768066406,398.9599914550781,295.41998291015625,56.196746826171875,-1.678802490234375,108866
856.0,397.72979736328125,393.3599853515625,397.3199768066406,398.8999938964844,295.3599853515625,56.18986129760742,-1.589813232421875,108866
857.0,397.7852783203125,393.3399963378906,397.2799987792969,398.94000244140625,295.55999755859375,56.35246276855469,-1.705291748046875,108866
858.0,397.7198486328125,393.3199768066406,397.2799987792969,398.94000244140625,295.53997802734375,56.129695892333984,-1.65985107421875,108866
859.0,397.6700134277344,393.3199768066406,397.2599792480469,398.8999938964844,295.41998291015625,56.1204833984375,-1.59002685546875,108866
860.0,397.7172546386719,393.2799987792969,397.2599792480469,398.94000244140625,295.864990234375,55.979671478271484,-1.677276611328125,108866
861.0,397.66156005859375,393.3399963378906,397.2799987792969,398.8999938964844,295.4599914550781,56.141876220703125,-1.581573486328125,108866
862.0,397.7740783691406,393.3399963378906,397.3199768066406,399.0,295.05999755859375,56.21162033081055,-1.674102783203125,108866
863.0,397.9036560058594,393.3799743652344,397.3999938964844,399.0999755859375,294.7850036621094,56.23423385620117,-1.763671875,108866
864.0,397.8766174316406,393.3599853515625,397.3399963378906,399.0799865722656,295.1600036621094,56.228538513183594,-1.796630859375,108866
865.0,397.8782958984375,393.3799743652344,397.3799743652344,399.05999755859375,295.6000061035156,56.038448333740234,-1.75830078125,108866
866.0,397.9035339355469,393.44000244140625,397.41998291015625,399.0799865722656,295.6199951171875,56.094512939453125,-1.7635498046875,108866
867.0,397.86175537109375,393.5,397.47998046875,399.1199951171875,295.7599792480469,56.02119827270508,-1.62176513671875,108866
868.0,398.054931640625,393.4599914550781,397.5199890136719,399.239990234375,295.625,56.0551872253418,-1.81494140625,108866
869.0,397.9996032714844,393.41998291015625,397.47998046875,399.2200012207031,295.8199768066406,56.02863311767578,-1.77960205078125,108866
870.0,397.93328857421875,393.44000244140625,397.44000244140625,399.1399841308594,295.94000244140625,56.07803726196289,-1.69329833984375,108866
871.0,397.9522399902344,393.44000244140625,397.44000244140625,399.17999267578125,295.3999938964844,56.19659423828125,-1.73223876953125,108866
872.0,397.92572021484375,393.4599914550781,397.44000244140625,399.1199951171875,295.4599914550781,56.08104705810547,-1.725738525390625,108866
873.0,398.0657043457031,393.55999755859375,397.55999755859375,399.29998779296875,295.91998291015625,56.19053268432617,-1.7457275390625,108866
874.0,398.03924560546875,393.4599914550781,397.5199890136719,399.29998779296875,295.9599914550781,56.336761474609375,-1.759246826171875,108866
875.0,397.92584228515625,393.5,397.47998046875,399.0999755859375,295.18499755859375,56.35966110229492,-1.645843505859375,108866
876.0,398.0271911621094,393.5999755859375,397.55999755859375,399.2200012207031,295.3599853515625,56.20024871826172,-1.68719482421875,108866
877.0,398.0796203613281,393.6600036621094,397.5799865722656,399.2599792480469,295.53997802734375,56.09463882446289,-1.659637451171875,108866
878.0,398.0393371582031,393.6399841308594,397.5999755859375,399.2599792480469,295.1449890136719,56.127525329589844,-1.599334716796875,108866
879.0,398.11041259765625,393.739990234375,397.67999267578125,399.3199768066406,295.6000061035156,56.122318267822266,-1.61041259765625,108866
880.0,398.14117431640625,393.6399841308594,397.67999267578125,399.3399963378906,295.1600036621094,56.38373565673828,-1.701171875,108866
881.0,398.1357116699219,393.6600036621094,397.67999267578125,399.3999938964844,295.5799865722656,56.18153762817383,-1.715728759765625,108866
882.0,398.15087890625,393.7599792480469,397.6999816894531,399.3799743652344,295.3800048828125,56.27733612060547,-1.690887451171875,108866
883.0,398.23028564453125,393.79998779296875,397.7200012207031,399.4599914550781,295.5,56.308650970458984,-1.73028564453125,108866
884.0,398.2173767089844,393.7799987792969,397.7200012207031,399.41998291015625,295.6650085449219,56.42333221435547,-1.737396240234375,108866
885.0,398.09515380859375,393.79998779296875,397.6999816894531,399.3199768066406,295.3599853515625,56.17292022705078,-1.635162353515625,108866
886.0,398.0982666015625,393.7799987792969,397.6999816894531,399.29998779296875,295.6199951171875,55.954471588134766,-1.6182861328125,108866
887.0,398.2525939941406,393.75,397.739990234375,399.4599914550781,295.5799865722656,56.00324630737305,-1.73260498046875,108866
888.0,398.12506103515625,393.7599792480469,397.67999267578125,399.3399963378906,295.2799987792969,56.16212844848633,-1.62506103515625,108866
889.0,398.1492004394531,393.5799865722656,397.6600036621094,399.3999938964844,295.6000061035156,55.979156494140625,-1.76922607421875,108866
890.0,398.1518249511719,393.7200012207031,397.739990234375,399.41998291015625,295.8800048828125,56.03938293457031,-1.651824951171875,108866
891.0,398.0976257324219,393.739990234375,397.7200012207031,399.3999938964844,295.44000244140625,56.19180679321289,-1.597625732421875,108866
892.0,398.23162841796875,393.8199768066406,397.79998779296875,399.44000244140625,295.2799987792969,56.260826110839844,-1.691650390625,108866
893.0,398.19354248046875,393.7799987792969,397.79998779296875,399.41998291015625,295.3800048828125,56.27588653564453,-1.653564453125,108866
894.0,398.2926940917969,393.79998779296875,397.8199768066406,399.53997802734375,295.6000061035156,55.95386505126953,-1.71270751953125,108866
895.0,398.2492980957031,393.8599853515625,397.7799987792969,399.47998046875,295.67999267578125,55.910953521728516,-1.649322509765625,108866
896.0,398.2565002441406,393.8799743652344,397.8199768066406,399.5,296.1999816894531,55.75912857055664,-1.656524658203125,108866
897.0,398.42974853515625,393.8999938964844,397.8599853515625,399.6199951171875,295.9599914550781,55.76818084716797,-1.80975341796875,108866
898.0,398.3479919433594,393.8999938964844,397.8399963378906,399.55999755859375,296.0249938964844,55.92422103881836,-1.727996826171875,108866
899.0,398.2988586425781,393.8399963378906,397.79998779296875,399.5,296.0,56.05479431152344,-1.738861083984375,108866
900.0,398.322021484375,393.79998779296875,397.8399963378906,399.55999755859375,295.6399841308594,56.018978118896484,-1.7220458984375,108866
901.0,398.2816162109375,393.79998779296875,397.8799743652344,399.5,295.91998291015625,55.94462966918945,-1.681640625,108866
902.0,398.3525085449219,393.8799743652344,397.91998291015625,399.6199951171875,296.4599914550781,55.86724090576172,-1.6925048828125,108866
903.0,398.3766784667969,393.97998046875,397.9599914550781,399.6199951171875,295.53997802734375,56.25563430786133,-1.65667724609375,108866
904.0,398.5055236816406,394.0799865722656,398.05499267578125,399.6999816894531,295.7599792480469,56.152671813964844,-1.66552734375,108866
905.0,398.5261535644531,394.03997802734375,398.03997802734375,399.7200012207031,295.6199951171875,56.174659729003906,-1.7061767578125,108866
906.0,398.56707763671875,393.9599914550781,398.03997802734375,399.7599792480469,294.9649963378906,56.26495361328125,-1.787078857421875,108866
907.0,398.4353332519531,393.97998046875,397.9599914550781,399.6199951171875,295.3800048828125,56.10027313232422,-1.695343017578125,108866
908.0,398.43731689453125,393.9599914550781,397.97998046875,399.6600036621094,295.5799865722656,55.92056655883789,-1.69732666015625,108866
909.0,398.4750061035156,393.94000244140625,397.97998046875,399.67999267578125,295.5,55.92779541015625,-1.735015869140625,108866
910.0,398.5052185058594,393.97998046875,398.0799865722656,399.7200012207031,295.8199768066406,55.86927795410156,-1.66522216796875,108866
911.0,398.6211853027344,394.05999755859375,398.1399841308594,399.8599853515625,295.6199951171875,55.90857696533203,-1.7412109375,108866
912.0,398.6346130371094,394.0799865722656,398.1399841308594,399.79998779296875,295.6050109863281,55.997589111328125,-1.754638671875,108866
913.0,398.621826171875,394.05999755859375,398.0999755859375,399.8199768066406,295.8199768066406,55.870338439941406,-1.781829833984375,108866
914.0,398.4095458984375,394.0199890136719,397.97998046875,399.6600036621094,295.6199951171875,55.903717041015625,-1.61956787109375,108866
915.0,398.6343688964844,394.03997802734375,398.0999755859375,399.8399963378906,295.67999267578125,55.95512771606445,-1.81439208984375,108866
916.0,398.695068359375,394.1600036621094,398.1600036621094,399.8799743652344,295.53997802734375,56.037532806396484,-1.75506591796875,108866
917.0,398.76715087890625,394.17999267578125,398.2200012207031,399.97998046875,295.53997802734375,56.13290023803711,-1.78717041015625,108866
918.0,398.79974365234375,394.17999267578125,398.17999267578125,399.97998046875,295.44500732421875,56.34657669067383,-1.8597412109375,108866
919.0,398.7125549316406,394.0999755859375,398.17999267578125,399.8799743652344,295.8800048828125,56.119598388671875,-1.772552490234375,108866
920.0,398.7094421386719,394.17999267578125,398.17999267578125,399.91998291015625,295.94000244140625,56.19718933105469,-1.769439697265625,108866
921.0,398.7130126953125,394.239990234375,398.2200012207031,399.8799743652344,296.2799987792969,56.12528610229492,-1.753021240234375,108866
922.0,398.7429504394531,394.2799987792969,398.1999816894531,399.94000244140625,296.44000244140625,56.12390899658203,-1.742950439453125,108866
923.0,398.7749328613281,394.3199768066406,398.2599792480469,399.97998046875,296.6600036621094,55.99498748779297,-1.6949462890625,108866
924.0,398.8578796386719,394.3199768066406,398.3399963378906,400.0799865722656,296.5199890136719,56.08779525756836,-1.77789306640625,108866
925.0,398.7378845214844,394.2799987792969,398.29998779296875,400.0199890136719,296.5050048828125,55.95212936401367,-1.65789794921875,108866
926.0,398.8335266113281,394.3199768066406,398.41998291015625,400.0799865722656,296.44000244140625,55.86184310913086,-1.733551025390625,108866
927.0,398.6874084472656,394.2799987792969,398.3799743652344,400.03997802734375,296.6600036621094,55.8519287109375,-1.587432861328125,108866
928.0,398.8375549316406,394.3999938964844,398.41998291015625,400.0999755859375,296.7200012207031,55.7899284362793,-1.6375732421875,108866
929.0,398.84393310546875,394.3399963378906,398.3599853515625,400.05999755859375,296.8249816894531,55.89993667602539,-1.72393798828125,108866
930.0,398.848876953125,394.239990234375,398.3399963378906,400.03997802734375,296.7850036621094,55.871524810791016,-1.80889892578125,108866
931.0,398.849853515625,394.29998779296875,398.3199768066406,400.05999755859375,296.29998779296875,55.93699264526367,-1.769866943359375,108866
932.0,398.84637451171875,394.3399963378906,398.29998779296875,400.0199890136719,295.8999938964844,56.207523345947266,-1.766387939453125,108866
933.0,398.85406494140625,394.3199768066406,398.3199768066406,400.03997802734375,296.1199951171875,56.31285858154297,-1.774078369140625,108866
934.0,398.7996826171875,394.41998291015625,398.3199768066406,399.97998046875,296.1600036621094,56.1743049621582,-1.69970703125,108866
935.0,398.8415222167969,394.3199768066406,398.3399963378906,400.03997802734375,295.8450012207031,56.13719177246094,-1.741546630859375,108866
936.0,398.73944091796875,394.29998779296875,398.2799987792969,399.94000244140625,295.739990234375,56.10572814941406,-1.659454345703125,108866
937.0,398.8344421386719,394.3599853515625,398.3599853515625,400.05999755859375,295.79998779296875,56.025814056396484,-1.6944580078125,108866
938.0,398.85137939453125,394.44000244140625,398.3999938964844,400.0799865722656,296.3249816894531,55.93628692626953,-1.651397705078125,108866
939.0,398.95697021484375,394.3399963378906,398.41998291015625,400.1399841308594,296.17999267578125,55.985172271728516,-1.796966552734375,108866
940.0,398.9467468261719,394.3399963378906,398.3799743652344,400.0999755859375,295.3800048828125,56.07339096069336,-1.7867431640625,108866
941.0,398.86151123046875,394.2599792480469,398.3399963378906,400.05999755859375,295.7200012207031,56.04222106933594,-1.781524658203125,108866
942.0,398.9478759765625,394.2599792480469,398.3999938964844,400.1669921875,295.80499267578125,56.12833023071289,-1.847900390625,108866
943.0,399.0458068847656,394.3199768066406,398.4599914550781,400.2200012207031,295.739990234375,56.00170135498047,-1.88580322265625,108866
944.0,399.0589904785156,394.29998779296875,398.5,400.2599792480469,295.80499267578125,56.06289291381836,-1.8590087890625,108866
945.0,398.90509033203125,394.44000244140625,398.5199890136719,400.1600036621094,295.7200012207031,55.96974182128906,-1.625091552734375,108866
946.0,398.8725891113281,394.4599914550781,398.4599914550781,400.0799865722656,295.6600036621094,55.92143249511719,-1.632598876953125,108866
947.0,398.9803161621094,394.5,398.53997802734375,400.239990234375,295.6199951171875,55.75262451171875,-1.680328369140625,108866
948.0,399.0429992675781,394.5199890136719,398.55999755859375,400.2599792480469,295.6600036621094,55.96272659301758,-1.76300048828125,108866
949.0,399.15966796875,394.5199890136719,398.5999755859375,400.3399963378906,295.4649963378906,56.08466720581055,-1.85968017578125,108866
950.0,399.1641845703125,394.5199890136719,398.5799865722656,400.3399963378906,295.91998291015625,55.93327331542969,-1.824188232421875,108866
951.0,399.0214538574219,394.6199951171875,398.5799865722656,400.1999816894531,296.1000061035156,55.791748046875,-1.6414794921875,108866
952.0,399.11871337890625,394.6399841308594,398.6399841308594,400.3399963378906,296.2799987792969,55.93885803222656,-1.69873046875,108866
953.0,399.2265319824219,394.6600036621094,398.6999816894531,400.44000244140625,295.94000244140625,56.21388244628906,-1.806549072265625,108866
954.0,399.0243225097656,394.6600036621094,398.6199951171875,400.2599792480469,295.8199768066406,56.28010559082031,-1.62432861328125,108866
955.0,399.1300964355469,394.6199951171875,398.6399841308594,400.3799743652344,296.1050109863281,56.33750534057617,-1.7501220703125,108866
956.0,399.0153503417969,394.53997802734375,398.55999755859375,400.29998779296875,295.44000244140625,56.34632110595703,-1.69537353515625,108866
957.0,398.96112060546875,394.5,398.47998046875,400.17999267578125,295.3800048828125,56.07598876953125,-1.6611328125,108866
958.0,399.1263427734375,394.55999755859375,398.6399841308594,400.3199768066406,295.5799865722656,56.04378128051758,-1.726348876953125,108866
959.0,399.23681640625,394.55999755859375,398.67999267578125,400.3999938964844,296.1399841308594,56.15838623046875,-1.81683349609375,108866
960.0,399.13507080078125,394.6600036621094,398.6999816894531,400.3199768066406,296.239990234375,56.1428337097168,-1.695068359375,108866
961.0,399.18994140625,394.79998779296875,398.7599792480469,400.3799743652344,296.1399841308594,56.065555572509766,-1.669952392578125,108866
962.0,399.2945861816406,394.79998779296875,398.8399963378906,400.47998046875,296.1000061035156,55.99473571777344,-1.734588623046875,108866
963.0,399.19769287109375,394.7599792480469,398.79998779296875,400.41998291015625,296.4049987792969,55.93708419799805,-1.6376953125,108866
964.0,399.2992248535156,394.8399963378906,398.8399963378906,400.47998046875,296.05999755859375,56.19499206542969,-1.679229736328125,108866
965.0,399.2998046875,394.8199768066406,398.79998779296875,400.47998046875,296.239990234375,56.06371307373047,-1.719818115234375,108866
966.0,399.30914306640625,394.79998779296875,398.8599853515625,400.5199890136719,296.1650085449219,56.05915451049805,-1.70916748046875,108866
967.0,399.213623046875,394.7799987792969,398.8199768066406,400.47998046875,296.44000244140625,56.01694107055664,-1.65362548828125,108866
968.0,399.1705627441406,394.739990234375,398.7599792480469,400.41998291015625,296.30499267578125,56.18994140625,-1.610565185546875,108866
969.0,399.3355712890625,394.8599853515625,398.8399963378906,400.5,296.5,56.316650390625,-1.715576171875,108866
970.0,399.3525085449219,394.8399963378906,398.8399963378906,400.5,296.2799987792969,56.44949722290039,-1.752532958984375,108866
971.0,399.38311767578125,394.8199768066406,398.8799743652344,400.55999755859375,296.1199951171875,56.363956451416016,-1.723114013671875,108866
972.0,399.3498229980469,394.8199768066406,398.8399963378906,400.5199890136719,296.1000061035156,56.33943176269531,-1.729827880859375,108866
973.0,399.41876220703125,394.8599853515625,398.8799743652344,400.5999755859375,296.0799865722656,56.380516052246094,-1.79876708984375,108866
974.0,399.4007263183594,394.8599853515625,398.8999938964844,400.55999755859375,295.8999938964844,56.377197265625,-1.74072265625,108866
975.0,399.4664611816406,394.8999938964844,398.9599914550781,400.6399841308594,296.1000061035156,56.315921783447266,-1.7464599609375,108866
976.0,399.4041748046875,394.91998291015625,398.9599914550781,400.6399841308594,296.1999816894531,56.33122634887695,-1.684173583984375,108866
977.0,399.3179931640625,394.79998779296875,398.8799743652344,400.53997802734375,296.53997802734375,56.27116394042969,-1.678009033203125,108866
978.0,399.3749694824219,394.7799987792969,398.8799743652344,400.5799865722656,295.97998046875,56.209407806396484,-1.7349853515625,108866
979.0,399.4748840332031,394.79998779296875,398.94000244140625,400.6600036621094,295.8450012207031,56.35506057739258,-1.81488037109375,108866
980.0,399.426513671875,394.91998291015625,398.91998291015625,400.6199951171875,296.29998779296875,56.12158966064453,-1.726531982421875,108866
981.0,399.4305114746094,394.95001220703125,398.97998046875,400.6199951171875,296.2799987792969,56.28958511352539,-1.6705322265625,108866
982.0,399.44183349609375,394.8999938964844,398.97998046875,400.6399841308594,296.05999755859375,56.470314025878906,-1.681854248046875,108866
983.0,399.5555114746094,395.0199890136719,399.03997802734375,400.7599792480469,296.6000061035156,56.08780288696289,-1.71551513671875,108866
984.0,399.541748046875,395.0199890136719,399.05999755859375,400.739990234375,296.67999267578125,56.01792907714844,-1.701751708984375,108866
985.0,399.4834899902344,395.0199890136719,399.05999755859375,400.67999267578125,296.7200012207031,55.96309280395508,-1.683502197265625,108866
986.0,399.4305114746094,395.0,399.0,400.6199951171875,296.3599853515625,56.099449157714844,-1.6705322265625,108866
987.0,399.4966735839844,395.0799865722656,399.05999755859375,400.739990234375,296.29998779296875,56.184627532958984,-1.636688232421875,108866
988.0,399.7364501953125,395.2599792480469,399.239990234375,400.91998291015625,296.4599914550781,56.21249771118164,-1.67645263671875,108866
989.0,399.6466979980469,395.1999816894531,399.17498779296875,400.8199768066406,296.739990234375,56.34205627441406,-1.68670654296875,108866
990.0,399.637939453125,395.0999755859375,399.1199951171875,400.8199768066406,296.6399841308594,56.38842010498047,-1.7779541015625,108866
991.0,399.55181884765625,395.0799865722656,399.0799865722656,400.7200012207031,296.68499755859375,56.334625244140625,-1.69183349609375,108866
992.0,399.57293701171875,395.05999755859375,399.0999755859375,400.7599792480469,296.67999267578125,56.19978332519531,-1.752960205078125,108866
993.0,399.614013671875,395.03997802734375,399.1399841308594,400.8199768066406,296.6600036621094,56.30537796020508,-1.7540283203125,108866
994.0,399.5614013671875,395.1600036621094,399.1600036621094,400.79998779296875,296.79998779296875,56.373355865478516,-1.601409912109375,108866
995.0,399.65985107421875,395.1600036621094,399.1600036621094,400.8799743652344,296.68499755859375,56.27898406982422,-1.699859619140625,108866
996.0,399.7063903808594,395.239990234375,399.2200012207031,400.8999938964844,296.8249816894531,56.1220588684082,-1.6864013671875,108866
997.0,399.7089538574219,395.239990234375,399.2200012207031,400.8999938964844,296.7599792480469,55.99580001831055,-1.68896484375,108866
998.0,399.831787109375,395.2200012207031,399.29998779296875,401.0199890136719,296.3999938964844,56.10844039916992,-1.811798095703125,108866
999.0,399.8343200683594,395.1399841308594,399.29498291015625,401.0999755859375,296.7649841308594,56.171199798583984,-1.834320068359375,108866
1000.0,399.7919006347656,395.239990234375,399.29998779296875,401.0199890136719,297.1650085449219,56.27928161621094,-1.731903076171875,108866
1001.0,399.76531982421875,395.2799987792969,399.29998779296875,400.97998046875,297.7599792480469,56.08040237426758,-1.685333251953125,108866
1002.0,399.6563720703125,395.1999816894531,399.2599792480469,400.8999938964844,297.6199951171875,56.21841812133789,-1.636383056640625,108866
1003.0,399.73553466796875,395.239990234375,399.3599853515625,401.0,297.1199951171875,56.18240737915039,-1.61553955078125,108866
1004.0,399.85400390625,395.17999267578125,399.3799743652344,401.0799865722656,296.5199890136719,56.26463317871094,-1.774017333984375,108866
1005.0,399.87255859375,395.1600036621094,399.3399963378906,401.0999755859375,296.53997802734375,56.26438903808594,-1.83258056640625,108866
1006.0,399.9378356933594,395.1999816894531,399.3799743652344,401.1399841308594,296.55999755859375,56.37661361694336,-1.85784912109375,108866
1007.0,399.8753967285156,395.2799987792969,399.3799743652344,401.0799865722656,296.67999267578125,56.46928787231445,-1.755401611328125,108866
1008.0,399.8163757324219,395.29998779296875,399.3799743652344,401.0199890136719,296.5,56.441253662109375,-1.6563720703125,108866
1009.0,399.8624267578125,395.3199768066406,399.3999938964844,401.05999755859375,296.6999816894531,56.44902420043945,-1.722442626953125,108866
1010.0,400.0155334472656,395.2799987792969,399.44000244140625,401.2200012207031,296.55999755859375,56.50381851196289,-1.87554931640625,108866
1011.0,400.01171875,395.3399963378906,399.4599914550781,401.2200012207031,296.4599914550781,56.563316345214844,-1.811737060546875,108866
1012.0,399.89031982421875,395.3399963378906,399.3999938964844,401.0999755859375,296.239990234375,56.44803237915039,-1.730316162109375,108866
1013.0,399.8911437988281,395.2599792480469,399.3799743652344,401.0799865722656,296.53997802734375,56.28586196899414,-1.771148681640625,108866
1014.0,400.0122985839844,395.29998779296875,399.5199890136719,401.239990234375,296.47998046875,56.390079498291016,-1.81231689453125,108866
1015.0,400.13079833984375,395.0,399.5,401.239990234375,296.7799987792969,56.289546966552734,-2.07080078125,108866
1016.0,400.055419921875,395.2200012207031,399.5,401.1600036621094,296.6050109863281,56.17239761352539,-1.87542724609375,108866
1017.0,400.0340576171875,395.239990234375,399.5,401.1399841308594,296.6000061035156,56.20153045654297,-1.85406494140625,108866
1018.0,400.0140686035156,395.2599792480469,399.5,401.1199951171875,296.6000061035156,56.230960845947266,-1.834075927734375,108866
1019.0,399.9950866699219,395.2799987792969,399.5,401.1199951171875,296.6000061035156,56.26084899902344,-1.79510498046875,108866
1020.0,399.9835205078125,395.29998779296875,399.47998046875,401.1199951171875,296.55999755859375,56.2910041809082,-1.783538818359375,108866
1021.0,399.974365234375,395.3199768066406,399.47998046875,401.0999755859375,296.5199890136719,56.3215446472168,-1.754364013671875,108866
1022.0,399.9549865722656,395.3399963378906,399.47998046875,401.0999755859375,296.47998046875,56.35237121582031,-1.7349853515625,108866
1023.0,399.9457092285156,395.3799743652344,399.5,401.0999755859375,296.47998046875,56.38360595703125,-1.705718994140625,108866
1024.0,399.92938232421875,395.41998291015625,399.5,401.0999755859375,296.47998046875,56.415157318115234,-1.669403076171875,108866
1025.0,399.9173583984375,395.4599914550781,399.5199890136719,401.1199951171875,296.5,56.447139739990234,-1.637359619140625,108866
1026.0,399.9054260253906,395.5,399.5199890136719,401.1399841308594,296.47998046875,56.479366302490234,-1.605438232421875,108866
1027.0,399.8977966308594,395.53997802734375,399.53997802734375,401.1600036621094,296.5,56.51199722290039,-1.55780029296875,108866
1028.0,399.9700622558594,395.4599914550781,399.53997802734375,401.1999816894531,296.3199768066406,56.41855239868164,-1.670074462890625,108866
1029.0,400.1297607421875,395.53997802734375,399.6199951171875,401.2799987792969,296.53997802734375,56.44794464111328,-1.769775390625,108866
1030.0,400.03179931640625,395.47998046875,399.55999755859375,401.17999267578125,296.7799987792969,56.54623031616211,-1.7318115234375,108866
1031.0,400.0181579589844,395.41998291015625,399.53997802734375,401.2599792480469,296.6600036621094,56.674835205078125,-1.718170166015625,108866
1032.0,400.1025390625,395.5799865722656,399.6399841308594,401.2799987792969,296.739990234375,56.43687438964844,-1.69256591796875,108866
1033.0,400.09747314453125,395.6600036621094,399.6600036621094,401.3399963378906,296.8199768066406,56.37841033935547,-1.637481689453125,108866
1034.0,400.1573791503906,395.6999816894531,399.7200012207031,401.3599853515625,296.7200012207031,56.4169921875,-1.617401123046875,108866
1035.0,400.2366943359375,395.7200012207031,399.7200012207031,401.44000244140625,296.8999938964844,56.6007194519043,-1.7567138671875,108866
1036.0,400.0380554199219,395.6399841308594,399.67999267578125,401.3199768066406,296.94000244140625,56.3897705078125,-1.57806396484375,108866
1037.0,400.31591796875,395.6199951171875,399.7799987792969,401.53997802734375,296.8599853515625,56.420860290527344,-1.855926513671875,108866
1038.0,400.29852294921875,395.6399841308594,399.79998779296875,401.47998046875,296.67999267578125,56.406654357910156,-1.778533935546875,108866
1039.0,400.29669189453125,395.739990234375,399.8199768066406,401.5,296.7599792480469,56.488346099853516,-1.716705322265625,108866
1040.0,400.34686279296875,395.6399841308594,399.7799987792969,401.53997802734375,296.4599914550781,56.51836395263672,-1.826873779296875,108866
1041.0,400.4454040527344,395.6600036621094,399.8799743652344,401.7200012207031,296.55999755859375,56.421409606933594,-1.86541748046875,108866
1042.0,400.4354553222656,395.7599792480469,399.9599914550781,401.6999816894531,296.1000061035156,56.6252326965332,-1.77545166015625,108866
1043.0,400.3789367675781,395.8199768066406,399.91998291015625,401.6600036621094,296.55999755859375,56.535396575927734,-1.71893310546875,108866
1044.0,400.39794921875,395.7599792480469,399.8999938964844,401.6399841308594,296.3999938964844,56.5682373046875,-1.7979736328125,108866
1045.0,400.42193603515625,395.67999267578125,399.8599853515625,401.55999755859375,296.2599792480469,56.60441207885742,-1.8619384765625,108866
1046.0,400.40667724609375,395.8199768066406,399.94000244140625,401.6399841308594,296.7799987792969,56.57618713378906,-1.706695556640625,108866
1047.0,400.4254150390625,395.8399963378906,399.94000244140625,401.6669921875,296.7200012207031,56.56196594238281,-1.725433349609375,108866
1048.0,400.4385070800781,395.7799987792969,399.94000244140625,401.7200012207031,296.6199951171875,56.65348434448242,-1.77850341796875,108866
1049.0,400.4629821777344,395.7799987792969,399.94000244140625,401.67999267578125,297.0799865722656,56.64127731323242,-1.822998046875,108866
1050.0,400.4476623535156,395.739990234375,399.91998291015625,401.5999755859375,297.0,56.497955322265625,-1.827667236328125,108866
1051.0,400.55242919921875,395.7599792480469,399.94000244140625,401.67999267578125,296.8599853515625,56.53671646118164,-1.912445068359375,108866
1052.0,400.4937744140625,395.8799743652344,400.0,401.67999267578125,297.125,56.45069885253906,-1.7537841796875,108866
1053.0,400.45166015625,395.91998291015625,400.0,401.6999816894531,297.3599853515625,56.4295768737793,-1.671661376953125,108866
1054.0,400.4622497558594,395.91998291015625,400.0,401.6999816894531,296.864990234375,56.61670684814453,-1.7022705078125,108866
1055.0,400.4663391113281,396.0,400.0,401.6600036621094,297.0050048828125,56.46744155883789,-1.666351318359375,108866
1056.0,400.5331726074219,395.9599914550781,400.03997802734375,401.6999816894531,296.97998046875,56.450523376464844,-1.793182373046875,108866
1057.0,400.5094909667969,395.94000244140625,400.0,401.6999816894531,297.0199890136719,56.46452713012695,-1.769500732421875,108866
1058.0,400.5668029785156,395.94000244140625,400.03997802734375,401.7200012207031,296.9849853515625,56.47775650024414,-1.766815185546875,108866
1059.0,400.45501708984375,395.8799743652344,399.97998046875,401.6199951171875,297.03997802734375,56.30371856689453,-1.71502685546875,108866
1060.0,400.4295654296875,395.79998779296875,399.91998291015625,401.5799865722656,297.03997802734375,56.373695373535156,-1.769561767578125,108866
1061.0,400.4007263183594,395.8799743652344,399.94000244140625,401.5799865722656,297.1000061035156,56.472618103027344,-1.720733642578125,108866
1062.0,400.4471130371094,395.8999938964844,400.0,401.6399841308594,297.6000061035156,56.3435173034668,-1.707122802734375,108866
1063.0,400.49713134765625,395.94000244140625,400.03997802734375,401.67999267578125,297.3599853515625,56.45154571533203,-1.6971435546875,108866
1064.0,400.3017883300781,395.8799743652344,399.8999938964844,401.5199890136719,296.8800048828125,56.47296905517578,-1.601806640625,108866
1065.0,400.35003662109375,395.9599914550781,399.9599914550781,401.53997802734375,297.0249938964844,56.50579833984375,-1.570037841796875,108866
1066.0,400.43463134765625,395.94000244140625,399.97998046875,401.6199951171875,297.1000061035156,56.44099044799805,-1.674652099609375,108866
1067.0,400.46405029296875,395.8799743652344,399.97998046875,401.6399841308594,296.44000244140625,56.82637023925781,-1.764068603515625,108866
1068.0,400.4537353515625,395.91998291015625,400.0,401.6999816894531,296.41998291015625,56.68623733520508,-1.673736572265625,108866
1069.0,400.556640625,395.9599914550781,400.0799865722656,401.79998779296875,296.885009765625,56.77243423461914,-1.716644287109375,108866
1070.0,400.4834899902344,395.94000244140625,400.0199890136719,401.6999816894531,296.9599914550781,56.63572692871094,-1.683502197265625,108866
1071.0,400.53558349609375,396.0,400.03997802734375,401.7599792480469,297.1999816894531,56.3803596496582,-1.695587158203125,108866
1072.0,400.5234680175781,396.03997802734375,400.03997802734375,401.7200012207031,297.4599914550781,56.24690628051758,-1.6834716796875,108866
1073.0,400.5342102050781,396.1199951171875,400.0799865722656,401.6999816894531,297.6999816894531,56.22833251953125,-1.63421630859375,108866
1074.0,400.5562438964844,396.05999755859375,400.0799865722656,401.7599792480469,297.17999267578125,56.44660568237305,-1.67626953125,108866
1075.0,400.7314758300781,396.0199890136719,400.1600036621094,401.8799743652344,297.1399841308594,56.4657096862793,-1.83148193359375,108866
1076.0,400.7601013183594,396.03997802734375,400.1999816894531,401.91998291015625,297.3399963378906,56.32508087158203,-1.820098876953125,108866
1077.0,400.72216796875,396.0199890136719,400.1999816894531,401.94000244140625,297.53997802734375,56.33168411254883,-1.822174072265625,108866
1078.0,400.7435607910156,395.9599914550781,400.2200012207031,402.0,297.3599853515625,56.280189514160156,-1.84356689453125,108866
1079.0,400.7144470214844,395.8799743652344,400.17999267578125,401.97998046875,297.2200012207031,56.38706588745117,-1.83447265625,108866
1080.0,400.740966796875,395.97998046875,400.17999267578125,401.9599914550781,297.05999755859375,56.615474700927734,-1.840972900390625,108866
1081.0,400.7105407714844,396.0,400.1999816894531,401.91998291015625,297.3800048828125,56.65562438964844,-1.790557861328125,108866
1082.0,400.72027587890625,396.1199951171875,400.2200012207031,401.8669738769531,297.6000061035156,56.64215087890625,-1.74029541015625,108866
1083.0,400.7801818847656,396.03997802734375,400.239990234375,401.9599914550781,297.5199890136719,56.57569122314453,-1.8201904296875,108866
1084.0,400.7718200683594,396.0999755859375,400.239990234375,401.94000244140625,297.9849853515625,56.471412658691406,-1.81182861328125,108866
1085.0,400.7503967285156,396.2200012207031,400.2799987792969,401.9599914550781,297.8599853515625,56.47763442993164,-1.690399169921875,108866
1086.0,400.7080383300781,396.239990234375,400.2599792480469,401.9599914550781,297.6399841308594,56.29615020751953,-1.648040771484375,108866
1087.0,400.82098388671875,396.1600036621094,400.3199768066406,402.0,297.17999267578125,56.509368896484375,-1.760986328125,108866
1088.0,400.8497009277344,396.2200012207031,400.3799743652344,402.05999755859375,296.5799865722656,56.8338508605957,-1.749725341796875,108866
1089.0,400.86859130859375,396.29998779296875,400.3599853515625,402.0,297.1999816894531,56.649864196777344,-1.728607177734375,108866
1090.0,400.8247985839844,396.2799987792969,400.3399963378906,401.9599914550781,297.3599853515625,56.51137924194336,-1.684814453125,108866
1091.0,400.8724670410156,396.3199768066406,400.3799743652344,402.03997802734375,297.41998291015625,56.431697845458984,-1.71246337890625,108866
1092.0,400.88836669921875,396.3799743652344,400.44000244140625,402.0999755859375,297.05999755859375,56.49296188354492,-1.668365478515625,108866
1093.0,400.916259765625,396.3199768066406,400.44000244140625,402.1199951171875,297.2850036621094,56.389644622802734,-1.756256103515625,108866
1094.0,400.91668701171875,396.3599853515625,400.4599914550781,402.1199951171875,297.125,56.5523681640625,-1.716705322265625,108866
1095.0,400.8514099121094,396.2799987792969,400.3799743652344,402.0799865722656,297.0199890136719,56.721126556396484,-1.731414794921875,108866
1096.0,400.8658142089844,396.1999816894531,400.3799743652344,402.0999755859375,297.05999755859375,56.7137451171875,-1.745819091796875,108866
1097.0,400.8646240234375,396.3599853515625,400.41998291015625,402.0799865722656,297.7799987792969,56.3360710144043,-1.6246337890625,108866
1098.0,400.9862365722656,396.3999938964844,400.4599914550781,402.1999816894531,297.8800048828125,56.46783447265625,-1.746246337890625,108866
1099.0,401.0003662109375,396.3399963378906,400.44000244140625,402.2200012207031,298.05999755859375,56.36530303955078,-1.840362548828125,108866
1100.0,400.9768981933594,396.3599853515625,400.4599914550781,402.1600036621094,298.2200012207031,56.46051788330078,-1.77691650390625,108866
1101.0,400.9411315917969,396.29998779296875,400.41998291015625,402.1399841308594,297.79998779296875,56.52064514160156,-1.8011474609375,108866
1102.0,400.8958740234375,396.3599853515625,400.44000244140625,402.0799865722656,297.8399963378906,56.50629425048828,-1.675872802734375,108866
1103.0,400.87762451171875,396.3199768066406,400.44000244140625,402.0799865722656,297.8199768066406,56.55124282836914,-1.6976318359375,108866
1104.0,400.8663330078125,396.3399963378906,400.44000244140625,402.0999755859375,297.7250061035156,56.54689407348633,-1.666351318359375,108866
1105.0,401.004638671875,396.29998779296875,400.4599914550781,402.1600036621094,296.97998046875,56.84828186035156,-1.804656982421875,108866
1106.0,400.9797668457031,396.3199768066406,400.4599914550781,402.1199951171875,296.739990234375,57.04893493652344,-1.739776611328125,108866
1107.0,400.90252685546875,396.3399963378906,400.41998291015625,402.05999755859375,296.6199951171875,57.17998504638672,-1.682525634765625,108866
1108.0,400.9717712402344,396.3999938964844,400.47998046875,402.1399841308594,296.7599792480469,57.2188606262207,-1.731781005859375,108866
1109.0,401.0183410644531,396.5999755859375,400.5999755859375,402.2599792480469,297.3999938964844,56.92047119140625,-1.598358154296875,108866
1110.0,401.14630126953125,396.55999755859375,400.5999755859375,402.3999938964844,297.7799987792969,56.64051818847656,-1.806304931640625,108866
1111.0,401.0588684082031,396.47998046875,400.5799865722656,402.3199768066406,297.739990234375,56.67527389526367,-1.77886962890625,108866
1112.0,401.1644287109375,396.47998046875,400.6600036621094,402.3999938964844,298.239990234375,56.483036041259766,-1.784454345703125,108866
1113.0,401.2221374511719,396.5199890136719,400.6999816894531,402.5,298.2799987792969,56.57843017578125,-1.802154541015625,108866
1114.0,401.3209228515625,396.5799865722656,400.7599792480469,402.5,298.80499267578125,56.52629852294922,-1.860931396484375,108866
1115.0,401.2393798828125,396.55999755859375,400.739990234375,402.4599914550781,298.44000244140625,56.640682220458984,-1.779388427734375,108866
1116.0,401.1859130859375,396.5199890136719,400.739990234375,402.5,298.47998046875,56.74369812011719,-1.725921630859375,108866
1117.0,401.14996337890625,396.53997802734375,400.67999267578125,402.41998291015625,298.239990234375,56.664825439453125,-1.72998046875,108866
1118.0,401.09588623046875,396.5999755859375,400.6199951171875,402.2669982910156,298.2799987792969,56.65887451171875,-1.6759033203125,108866
1119.0,401.1096496582031,396.6999816894531,400.6600036621094,402.3399963378906,298.6600036621094,56.55740737915039,-1.58966064453125,108866
1120.0,401.2394104003906,396.6999816894531,400.739990234375,402.44000244140625,298.5,56.53055191040039,-1.759429931640625,108866
1121.0,401.15374755859375,396.6600036621094,400.6999816894531,402.3999938964844,298.1199951171875,56.59039306640625,-1.693756103515625,108866
1122.0,401.2587585449219,396.5799865722656,400.739990234375,402.47998046875,297.864990234375,56.543601989746094,-1.778778076171875,108866
1123.0,401.21600341796875,396.5999755859375,400.739990234375,402.41998291015625,298.1199951171875,56.83057403564453,-1.73602294921875,108866
1124.0,401.2158508300781,396.6999816894531,400.7599792480469,402.47998046875,298.05999755859375,56.76095962524414,-1.69586181640625,108866
1125.0,401.3717041015625,396.79998779296875,400.8399963378906,402.53997802734375,298.0199890136719,56.78239440917969,-1.771728515625,108866
1126.0,401.47308349609375,396.8399963378906,400.91998291015625,402.6399841308594,297.92498779296875,56.71929931640625,-1.833099365234375,108866
1127.0,401.3337707519531,396.67999267578125,400.8399963378906,402.5199890136719,297.7799987792969,56.72343063354492,-1.773773193359375,108866
1128.0,401.1842956542969,396.6199951171875,400.7599792480469,402.41998291015625,298.0199890136719,56.619171142578125,-1.644317626953125,108866
1129.0,401.410400390625,396.7200012207031,400.8999938964844,402.6199951171875,298.0799865722656,56.489463806152344,-1.750396728515625,108866
1130.0,401.292236328125,396.6600036621094,400.8399963378906,402.53997802734375,298.739990234375,56.15583419799805,-1.6922607421875,108866
1131.0,401.30859375,396.67999267578125,400.8599853515625,402.53997802734375,299.1000061035156,56.16303634643555,-1.7086181640625,108866
1132.0,401.2444152832031,396.6600036621094,400.8399963378906,402.47998046875,299.1449890136719,56.04856491088867,-1.644439697265625,108866
1133.0,401.361083984375,396.7799987792969,400.9599914550781,402.6399841308594,298.94000244140625,56.19791030883789,-1.661102294921875,108866
1134.0,401.4671325683594,396.7599792480469,400.9599914550781,402.6999816894531,298.6000061035156,56.53823471069336,-1.787139892578125,108866
1135.0,401.339111328125,396.5999755859375,400.8799743652344,402.5799865722656,298.7200012207031,56.55805587768555,-1.7391357421875,108866
1136.0,401.4330139160156,396.5999755859375,400.8999938964844,402.6399841308594,298.6399841308594,56.525535583496094,-1.833038330078125,108866
1137.0,401.4332275390625,396.5999755859375,400.8599853515625,402.5999755859375,298.3800048828125,56.85302734375,-1.853240966796875,108866
1138.0,401.3352355957031,396.6600036621094,400.8799743652344,402.53997802734375,298.7599792480469,56.649085998535156,-1.69525146484375,108866
1139.0,401.5330810546875,396.6600036621094,400.9599914550781,402.739990234375,298.5,56.649513244628906,-1.85308837890625,108866
1140.0,401.3401184082031,396.6600036621094,400.8799743652344,402.53997802734375,298.06500244140625,56.66854476928711,-1.740142822265625,108866
1141.0,401.35577392578125,396.739990234375,400.94000244140625,402.53997802734375,298.2649841308594,56.67750549316406,-1.67578125,108866
1142.0,401.3758850097656,396.7599792480469,400.9599914550781,402.6199951171875,298.1199951171875,56.722076416015625,-1.6558837890625,108866
1143.0,401.4303283691406,396.7200012207031,400.9599914550781,402.67999267578125,297.8800048828125,56.59434127807617,-1.750335693359375,108866
1144.0,401.4353942871094,396.6999816894531,400.91998291015625,402.6399841308594,297.47998046875,56.48564910888672,-1.775390625,108866
1145.0,401.3834533691406,396.6999816894531,400.91998291015625,402.5999755859375,297.94000244140625,56.43886947631836,-1.703460693359375,108866
1146.0,401.39324951171875,396.6600036621094,400.94000244140625,402.6199951171875,297.8800048828125,56.358970642089844,-1.733245849609375,108866
1147.0,401.4330139160156,396.67999267578125,400.9599914550781,402.67999267578125,297.79998779296875,56.46385192871094,-1.7330322265625,108866
1148.0,401.513916015625,396.739990234375,401.0,402.7599792480469,297.3199768066406,56.51893615722656,-1.793914794921875,108866
1149.0,401.5922546386719,396.7799987792969,401.03997802734375,402.8399963378906,297.5799865722656,56.45258712768555,-1.812255859375,108866
1150.0,401.54302978515625,396.8399963378906,401.03997802734375,402.739990234375,297.3800048828125,56.609596252441406,-1.763031005859375,108866
1151.0,401.62176513671875,396.91998291015625,401.0799865722656,402.8599853515625,297.8800048828125,56.440284729003906,-1.781768798828125,108866
1152.0,401.6813049316406,397.0,401.1199951171875,402.8999938964844,297.42498779296875,56.568050384521484,-1.821319580078125,108866
1153.0,401.7514953613281,396.91998291015625,401.1600036621094,402.94000244140625,297.7799987792969,56.501121520996094,-1.9114990234375,108866
1154.0,401.6878967285156,396.94000244140625,401.1399841308594,402.8599853515625,297.67999267578125,56.57972717285156,-1.847900390625,108866
1155.0,401.8854064941406,396.9599914550781,401.2200012207031,403.0199890136719,297.9599914550781,56.426143646240234,-2.00543212890625,108866
1156.0,401.70635986328125,397.0199890136719,401.1999816894531,402.8999938964844,297.79998779296875,56.63766098022461,-1.786376953125,108866
1157.0,401.7628479003906,397.0199890136719,401.2200012207031,402.94000244140625,297.8450012207031,56.556880950927734,-1.842864990234375,108866
1158.0,401.65283203125,396.9599914550781,401.1399841308594,402.8599853515625,297.6600036621094,56.573638916015625,-1.772857666015625,108866
1159.0,401.68951416015625,396.94000244140625,401.1999816894531,402.94000244140625,297.5199890136719,56.72199249267578,-1.789520263671875,108866
1160.0,401.6461181640625,396.9599914550781,401.17999267578125,402.8599853515625,297.1999816894531,56.81279754638672,-1.72613525390625,108866
1161.0,401.494140625,396.94000244140625,401.0999755859375,402.7599792480469,297.1600036621094,56.7845344543457,-1.614166259765625,108866
1162.0,401.5760192871094,396.94000244140625,401.1999816894531,402.79998779296875,297.3199768066406,56.60684585571289,-1.656036376953125,108866
1163.0,401.6307678222656,396.94000244140625,401.1999816894531,402.8599853515625,297.739990234375,56.67236328125,-1.6707763671875,108866
1164.0,401.54180908203125,396.94000244140625,401.0799865722656,402.7799987792969,297.8199768066406,56.65604019165039,-1.68182373046875,108866
1165.0,401.75567626953125,396.97998046875,401.2200012207031,402.94000244140625,297.8399963378906,56.62314224243164,-1.835693359375,108866
1166.0,401.8215026855469,396.97998046875,401.2599792480469,403.0,297.8999938964844,56.48419952392578,-1.86151123046875,108866
1167.0,401.8135681152344,397.03997802734375,401.2599792480469,403.0,297.5199890136719,56.63014602661133,-1.873565673828125,108866
1168.0,401.7297058105469,397.0199890136719,401.2599792480469,402.8999938964844,297.1000061035156,56.78384017944336,-1.789703369140625,108866
1169.0,401.66729736328125,397.05999755859375,401.239990234375,402.8399963378906,297.3199768066406,56.82461166381836,-1.66729736328125,108866
1170.0,401.86859130859375,397.0999755859375,401.3599853515625,403.05999755859375,297.68499755859375,56.689571380615234,-1.76861572265625,108866
1171.0,401.80096435546875,397.1600036621094,401.29998779296875,403.0,297.44000244140625,56.97339630126953,-1.740966796875,108866
1172.0,401.8324279785156,397.239990234375,401.3599853515625,403.03997802734375,297.42498779296875,56.976707458496094,-1.712432861328125,108866
1173.0,401.8349609375,397.1600036621094,401.3399963378906,403.03997802734375,297.18499755859375,57.26078414916992,-1.7349853515625,108866
1174.0,401.7686767578125,397.0799865722656,401.29998779296875,402.9599914550781,297.125,57.07598114013672,-1.70867919921875,108866
1175.0,401.8179016113281,397.17999267578125,401.3399963378906,403.0199890136719,297.41998291015625,56.82688903808594,-1.717926025390625,108866
1176.0,401.80548095703125,397.2599792480469,401.3799743652344,403.05999755859375,297.8599853515625,56.71802520751953,-1.645477294921875,108866
1177.0,401.8275451660156,397.2599792480469,401.3599853515625,403.0199890136719,297.8199768066406,56.75806427001953,-1.68756103515625,108866
1178.0,401.8644714355469,397.17999267578125,401.3399963378906,403.0799865722656,297.05999755859375,56.8999137878418,-1.78448486328125,108866
1179.0,401.7942199707031,397.0999755859375,401.2799987792969,402.97998046875,297.1399841308594,56.924713134765625,-1.814239501953125,108866
1180.0,401.86151123046875,397.1399841308594,401.3399963378906,403.0199890136719,297.56500244140625,56.74677658081055,-1.821533203125,108866
1181.0,401.93896484375,397.239990234375,401.3999938964844,403.0799865722656,297.6000061035156,56.76723098754883,-1.8189697265625,108866
1182.0,401.8655700683594,397.17999267578125,401.3399963378906,403.0799865722656,297.6000061035156,56.785400390625,-1.765594482421875,108866
1183.0,401.98272705078125,397.2599792480469,401.44000244140625,403.1600036621094,297.94500732421875,56.59436798095703,-1.782745361328125,108866
1184.0,402.0662841796875,397.1600036621094,401.47998046875,403.2599792480469,297.2799987792969,56.64569091796875,-1.906280517578125,108866
1185.0,402.044921875,397.1600036621094,401.47998046875,403.2599792480469,296.8399963378906,56.76686477661133,-1.884918212890625,108866
1186.0,402.06866455078125,397.1199951171875,401.47998046875,403.29998779296875,297.5199890136719,56.74250411987305,-1.868682861328125,108866
1187.0,401.910888671875,397.0999755859375,401.3799743652344,403.1399841308594,297.6399841308594,56.62200164794922,-1.770904541015625,108866
1188.0,401.859130859375,397.1199951171875,401.41998291015625,403.1399841308594,298.17999267578125,56.432411193847656,-1.67913818359375,108866
1189.0,402.0313415527344,397.2200012207031,401.5,403.2799987792969,297.864990234375,56.528289794921875,-1.81134033203125,108866
1190.0,401.98834228515625,397.41998291015625,401.55999755859375,403.2599792480469,297.6000061035156,56.56044387817383,-1.668365478515625,108866
1191.0,401.97113037109375,397.3199768066406,401.47998046875,403.2200012207031,297.4049987792969,56.6373291015625,-1.711151123046875,108866
1192.0,402.0595397949219,397.3599853515625,401.55999755859375,403.29998779296875,297.47998046875,56.70054244995117,-1.72955322265625,108866
1193.0,402.13177490234375,397.29998779296875,401.55999755859375,403.3199768066406,297.8399963378906,56.747859954833984,-1.851776123046875,108866
1194.0,402.0260314941406,397.3399963378906,401.5199890136719,403.239990234375,298.05999755859375,56.64851760864258,-1.74603271484375,108866
1195.0,402.00921630859375,397.239990234375,401.5,403.239990234375,297.8599853515625,56.57412338256836,-1.749237060546875,108866
1196.0,402.0685729980469,397.3799743652344,401.5999755859375,403.29998779296875,298.05999755859375,56.62565612792969,-1.6885986328125,108866
1197.0,402.0686340332031,397.3999938964844,401.55999755859375,403.29998779296875,297.6999816894531,56.85146713256836,-1.768646240234375,108866
1198.0,401.9819030761719,397.3599853515625,401.53997802734375,403.2200012207031,298.1600036621094,56.764530181884766,-1.701904296875,108866
1199.0,401.95989990234375,397.3399963378906,401.5199890136719,403.17999267578125,298.2799987792969,56.63532638549805,-1.699920654296875,108866
1200.0,402.0205383300781,397.2599792480469,401.5199890136719,403.1600036621094,298.2850036621094,56.72065734863281,-1.76055908203125,108866
1201.0,402.1474609375,397.3799743652344,401.6199951171875,403.29998779296875,297.97998046875,56.7947998046875,-1.807464599609375,108866
1202.0,402.15924072265625,397.5,401.6600036621094,403.3199768066406,298.1600036621094,56.78943634033203,-1.759246826171875,108866
1203.0,402.2086181640625,397.4599914550781,401.6399841308594,403.3799743652344,298.2599792480469,56.78849792480469,-1.818634033203125,108866
1204.0,402.133056640625,397.5,401.6199951171875,403.2799987792969,298.2649841308594,56.87866973876953,-1.733062744140625,108866
1205.0,401.984375,397.5199890136719,401.55999755859375,403.1399841308594,298.2200012207031,56.9228515625,-1.584381103515625,108866
1206.0,401.99407958984375,397.5199890136719,401.55999755859375,403.1600036621094,298.3800048828125,56.83338928222656,-1.594085693359375,108866
1207.0,401.9887390136719,397.5,401.5799865722656,403.17999267578125,298.1199951171875,56.92958068847656,-1.628753662109375,108866
1208.0,401.8934020996094,397.44000244140625,401.53997802734375,403.2200012207031,298.3800048828125,56.69879150390625,-1.57342529296875,108866
1209.0,401.98681640625,397.3799743652344,401.5199890136719,403.2469787597656,298.1000061035156,56.52067947387695,-1.726837158203125,108866
1210.0,402.1250915527344,397.3799743652344,401.6199951171875,403.3199768066406,298.2599792480469,56.62398910522461,-1.78509521484375,108866
1211.0,402.1162109375,397.47998046875,401.6600036621094,403.3199768066406,298.56500244140625,56.48218536376953,-1.716217041015625,108866
1212.0,402.0014343261719,397.5,401.6199951171875,403.239990234375,298.739990234375,56.63655090332031,-1.581451416015625,108866
1213.0,402.0301208496094,397.4599914550781,401.6199951171875,403.2669982910156,298.2200012207031,56.75550079345703,-1.630126953125,108866
1214.0,402.0802917480469,397.5199890136719,401.6399841308594,403.2669982910156,298.4599914550781,56.50202178955078,-1.6802978515625,108866
1215.0,402.0766906738281,397.5,401.6199951171875,403.2599792480469,298.29998779296875,56.483062744140625,-1.716705322265625,108866
1216.0,402.0423583984375,397.4599914550781,401.6399841308594,403.29998779296875,298.1449890136719,56.701210021972656,-1.682373046875,108866
1217.0,402.0725402832031,397.47998046875,401.6600036621094,403.3399963378906,298.5,56.814083099365234,-1.652557373046875,108866
1218.0,402.115234375,397.47998046875,401.6999816894531,403.3199768066406,299.0,56.556861877441406,-1.655242919921875,108866
1219.0,402.2059326171875,397.41998291015625,401.7599792480469,403.4599914550781,298.67999267578125,56.48384094238281,-1.7259521484375,108866
1220.0,402.23583984375,397.47998046875,401.79998779296875,403.5199890136719,298.53997802734375,56.50325393676758,-1.69586181640625,108866
1221.0,402.221923828125,397.55999755859375,401.7799987792969,403.5,298.3800048828125,56.737464904785156,-1.721923828125,108866
1222.0,402.2164611816406,397.5199890136719,401.7599792480469,403.4599914550781,298.625,56.6930046081543,-1.736480712890625,108866
1223.0,402.30572509765625,397.6600036621094,401.8399963378906,403.53997802734375,298.3399963378906,56.770103454589844,-1.725738525390625,108866
1224.0,402.41693115234375,397.5999755859375,401.8999938964844,403.6399841308594,298.3800048828125,56.76537322998047,-1.81695556640625,108866
1225.0,402.3511962890625,397.6600036621094,401.91998291015625,403.5799865722656,298.4599914550781,56.58163833618164,-1.691192626953125,108866
1226.0,402.3036193847656,397.6999816894531,401.8999938964844,403.5799865722656,298.29998779296875,56.762210845947266,-1.64361572265625,108866
1227.0,402.3067626953125,397.6399841308594,401.8999938964844,403.5799865722656,298.4049987792969,56.69664764404297,-1.666778564453125,108866
1228.0,402.42047119140625,397.7099914550781,401.9599914550781,403.6399841308594,298.41998291015625,56.78519821166992,-1.740478515625,108866
1229.0,402.5174865722656,397.6999816894531,401.9599914550781,403.7200012207031,298.2200012207031,56.87861633300781,-1.85748291015625,108866
1230.0,402.4837646484375,397.8199768066406,402.0,403.67999267578125,298.2200012207031,56.8343620300293,-1.763763427734375,108866
1231.0,402.4632263183594,397.7599792480469,401.97998046875,403.67999267578125,298.3999938964844,56.59453201293945,-1.75323486328125,108866
1232.0,402.4161682128906,397.67999267578125,401.97998046875,403.67999267578125,298.5199890136719,56.70763397216797,-1.736175537109375,108866
1233.0,402.4068908691406,397.6399841308594,401.93499755859375,403.5999755859375,298.3450012207031,56.53556823730469,-1.76690673828125,108866
1234.0,402.4270935058594,397.6600036621094,401.94000244140625,403.6399841308594,298.239990234375,56.428504943847656,-1.747100830078125,108866
1235.0,402.4745788574219,397.5799865722656,401.8999938964844,403.6600036621094,297.885009765625,56.71882247924805,-1.854583740234375,108866
1236.0,402.5690612792969,397.5999755859375,401.97998046875,403.6999816894531,298.2200012207031,56.69290542602539,-1.9090576171875,108866
1237.0,402.4795837402344,397.7200012207031,402.0199890136719,403.6600036621094,298.53997802734375,56.44040298461914,-1.739593505859375,108866
1238.0,402.4965515136719,397.6399841308594,402.0,403.67999267578125,298.5199890136719,56.69933319091797,-1.77655029296875,108866
1239.0,402.4789733886719,397.5799865722656,401.91998291015625,403.7200012207031,298.2799987792969,56.6783447265625,-1.858978271484375,108866
1240.0,402.57025146484375,397.7599792480469,402.0199890136719,403.7200012207031,298.1600036621094,56.82005310058594,-1.850250244140625,108866
1241.0,402.510986328125,397.79998779296875,402.0199890136719,403.6600036621094,298.2200012207031,56.939369201660156,-1.691009521484375,108866
1242.0,402.5239562988281,397.91998291015625,402.03997802734375,403.6600036621094,298.41998291015625,56.756683349609375,-1.6839599609375,108866
1243.0,402.4231872558594,397.94000244140625,402.0199890136719,403.5999755859375,298.05999755859375,57.23887252807617,-1.60321044921875,108866
1244.0,402.58282470703125,397.8999938964844,402.1199951171875,403.79998779296875,298.1399841308594,57.059024810791016,-1.72283935546875,108866
1245.0,402.62152099609375,397.8999938964844,402.0999755859375,403.8199768066406,298.17999267578125,57.11712646484375,-1.801544189453125,108866
1246.0,402.5381164550781,397.8599853515625,402.03997802734375,403.739990234375,298.3599853515625,57.0617561340332,-1.75811767578125,108866
1247.0,402.42596435546875,397.79998779296875,402.0,403.67999267578125,298.79998779296875,56.94182586669922,-1.665985107421875,108866
1248.0,402.57098388671875,397.8799743652344,402.0999755859375,403.8199768066406,298.8399963378906,56.89855194091797,-1.691009521484375,108866
1249.0,402.6323547363281,397.8599853515625,402.1399841308594,403.8599853515625,298.91998291015625,56.99072265625,-1.772369384765625,108866
1250.0,402.60107421875,397.8599853515625,402.1600036621094,403.8599853515625,299.03997802734375,56.89552688598633,-1.721099853515625,108866
1251.0,402.5618896484375,397.8599853515625,402.1199951171875,403.7599792480469,298.3999938964844,56.561649322509766,-1.701904296875,108866
1252.0,402.6129150390625,397.8999938964844,402.1999816894531,403.8799743652344,298.3800048828125,56.70803451538086,-1.69293212890625,108866
1253.0,402.6613464355469,397.9599914550781,402.239990234375,403.8799743652344,298.2850036621094,56.77371597290039,-1.681365966796875,108866
1254.0,402.58984375,397.989990234375,402.239990234375,403.8799743652344,298.8599853515625,56.73536682128906,-1.58984375,108866
1255.0,402.7137756347656,397.9599914550781,402.2200012207031,403.8799743652344,298.4599914550781,56.849300384521484,-1.773773193359375,108866
1256.0,402.59881591796875,397.8999938964844,402.1600036621094,403.8199768066406,298.3199768066406,56.75221252441406,-1.718841552734375,108866
1257.0,402.53082275390625,397.7799987792969,402.0999755859375,403.7799987792969,297.3800048828125,56.83534240722656,-1.710845947265625,108866
1258.0,402.7007141113281,397.79998779296875,402.17999267578125,403.91998291015625,297.53997802734375,56.835323333740234,-1.840728759765625,108866
1259.0,402.7182312011719,397.8399963378906,402.17999267578125,403.8999938964844,298.1399841308594,56.6594123840332,-1.858245849609375,108866
1260.0,402.6737060546875,397.8799743652344,402.1999816894531,403.8999938964844,297.79998779296875,56.84104919433594,-1.793731689453125,108866
1261.0,402.70574951171875,398.0199890136719,402.239990234375,403.97998046875,298.239990234375,56.75355529785156,-1.70574951171875,108866
1262.0,402.85845947265625,398.0999755859375,402.3599853515625,404.03997802734375,297.91998291015625,57.07548904418945,-1.7984619140625,108866
1263.0,402.7605895996094,398.0799865722656,402.29998779296875,404.0,298.2200012207031,56.90273666381836,-1.700592041015625,108866
1264.0,402.7681579589844,398.05999755859375,402.2799987792969,404.0199890136719,298.0050048828125,56.872554779052734,-1.728179931640625,108866
1265.0,402.7550354003906,398.05999755859375,402.29998779296875,403.97998046875,298.3999938964844,56.79966735839844,-1.73504638671875,108866
1266.0,402.7846984863281,398.03997802734375,402.29998779296875,404.0,298.6999816894531,56.84883499145508,-1.784698486328125,108866
1267.0,402.8141784667969,398.1399841308594,402.3799743652344,404.05999755859375,298.94000244140625,56.86256790161133,-1.714202880859375,108866
1268.0,402.9584655761719,398.1600036621094,402.4599914550781,404.1600036621094,298.3800048828125,57.013118743896484,-1.8184814453125,108866
1269.0,402.9179992675781,398.2599792480469,402.4599914550781,404.0999755859375,298.55999755859375,57.029457092285156,-1.718017578125,108866
1270.0,402.83349609375,398.1199951171875,402.3599853515625,404.0999755859375,298.3599853515625,57.063499450683594,-1.7135009765625,108866
1271.0,402.87713623046875,398.1600036621094,402.3599853515625,404.1399841308594,298.55999755859375,57.053993225097656,-1.797149658203125,108866
1272.0,402.7755432128906,398.17999267578125,402.3599853515625,404.05999755859375,298.8800048828125,56.96010208129883,-1.695556640625,108866
1273.0,402.9144287109375,398.1399841308594,402.41998291015625,404.1199951171875,298.1000061035156,57.149539947509766,-1.814453125,108866
1274.0,402.8842468261719,398.1600036621094,402.4599914550781,404.0799865722656,298.29998779296875,57.022560119628906,-1.704254150390625,108866
1275.0,403.005126953125,398.239990234375,402.5199890136719,404.2200012207031,298.1999816894531,57.06215286254883,-1.76513671875,108866
1276.0,402.96612548828125,398.1999816894531,402.47998046875,404.1999816894531,298.30499267578125,57.16884994506836,-1.746124267578125,108866
1277.0,402.8976135253906,398.17999267578125,402.41998291015625,404.0799865722656,298.8599853515625,57.07288360595703,-1.75762939453125,108866
1278.0,403.0027770996094,398.2200012207031,402.5,404.17999267578125,299.1600036621094,57.05344772338867,-1.80279541015625,108866
1279.0,403.0763244628906,398.3399963378906,402.55999755859375,404.29998779296875,299.0199890136719,57.244293212890625,-1.81634521484375,108866
1280.0,403.1114501953125,398.3399963378906,402.5799865722656,404.29998779296875,299.0199890136719,57.07276153564453,-1.831451416015625,108866
1281.0,402.9708251953125,398.3199768066406,402.5199890136719,404.1399841308594,299.239990234375,56.860111236572266,-1.710845947265625,108866
1282.0,403.0196533203125,398.239990234375,402.5199890136719,404.2599792480469,299.0199890136719,57.05229568481445,-1.7796630859375,108866
1283.0,402.99127197265625,398.3199768066406,402.5199890136719,404.1999816894531,298.8450012207031,56.98851013183594,-1.711273193359375,108866
1284.0,403.0041809082031,398.2200012207031,402.47998046875,404.17999267578125,298.2250061035156,57.034461975097656,-1.80419921875,108866
1285.0,402.95672607421875,398.1999816894531,402.44000244140625,404.0999755859375,298.7200012207031,57.00080490112305,-1.796722412109375,108866
1286.0,402.9981994628906,398.2599792480469,402.5199890136719,404.2200012207031,298.91998291015625,56.84897994995117,-1.7781982421875,108866
1287.0,403.09326171875,398.1399841308594,402.5799865722656,404.3399963378906,299.0199890136719,56.680023193359375,-1.873260498046875,108866
1288.0,403.1590270996094,398.2200012207031,402.6199951171875,404.3199768066406,299.2599792480469,56.65617370605469,-1.859039306640625,108866
1289.0,403.1273498535156,398.1399841308594,402.5799865722656,404.3199768066406,299.3599853515625,56.513187408447266,-1.84735107421875,108866
1290.0,403.02154541015625,398.1999816894531,402.5199890136719,404.239990234375,299.03997802734375,56.74448013305664,-1.78155517578125,108866
1291.0,403.011474609375,398.1999816894531,402.5199890136719,404.239990234375,299.2799987792969,56.77880859375,-1.791473388671875,108866
1292.0,403.099609375,398.239990234375,402.5799865722656,404.3599853515625,299.6000061035156,56.779537200927734,-1.839630126953125,108866
1293.0,403.1143798828125,398.2799987792969,402.594970703125,404.3399963378906,299.55999755859375,56.74017333984375,-1.81439208984375,108866
1294.0,403.1161804199219,398.2599792480469,402.5999755859375,404.29998779296875,299.53997802734375,56.852867126464844,-1.816192626953125,108866
1295.0,403.0793151855469,398.3199768066406,402.5999755859375,404.3199768066406,299.29998779296875,56.82475280761719,-1.73931884765625,108866
1296.0,403.14837646484375,398.3399963378906,402.6549987792969,404.3999938964844,299.3999938964844,56.964141845703125,-1.78839111328125,108866
1297.0,403.11993408203125,398.3599853515625,402.5999755859375,404.3399963378906,299.8199768066406,56.77942657470703,-1.779937744140625,108866
1298.0,403.08203125,398.41998291015625,402.6199951171875,404.3199768066406,299.8599853515625,56.9261589050293,-1.702056884765625,108866
1299.0,403.0936279296875,398.5,402.6600036621094,404.3399963378906,299.91998291015625,56.98576354980469,-1.633636474609375,108866
1300.0,403.1351623535156,398.47998046875,402.67999267578125,404.3399963378906,298.67999267578125,57.00055694580078,-1.655181884765625,108866
1301.0,403.3226318359375,398.41998291015625,402.739990234375,404.47998046875,298.41998291015625,57.28912353515625,-1.90264892578125,108866
1302.0,403.430908203125,398.55999755859375,402.8799743652344,404.6199951171875,298.55999755859375,57.27021026611328,-1.8309326171875,108866
1303.0,403.2646179199219,398.4599914550781,402.7599792480469,404.44000244140625,298.8599853515625,56.767574310302734,-1.764617919921875,108866
1304.0,403.3326416015625,398.5199890136719,402.8399963378906,404.55999755859375,298.5199890136719,56.9395866394043,-1.812652587890625,108866
1305.0,403.23956298828125,398.5,402.79498291015625,404.47998046875,298.7799987792969,57.080223083496094,-1.73956298828125,108866
1306.0,403.22314453125,398.5,402.79998779296875,404.47998046875,298.7049865722656,56.98927307128906,-1.68316650390625,108866
1307.0,403.3049621582031,398.3799743652344,402.7799987792969,404.53997802734375,298.5799865722656,57.12126159667969,-1.844970703125,108866
1308.0,403.07916259765625,398.4599914550781,402.67999267578125,404.3599853515625,298.8800048828125,57.07060241699219,-1.619171142578125,108866
1309.0,403.22357177734375,398.44000244140625,402.739990234375,404.5,298.7200012207031,57.03458786010742,-1.763580322265625,108866
1310.0,403.2585754394531,398.44000244140625,402.8399963378906,404.53997802734375,298.2799987792969,57.223876953125,-1.73858642578125,108866
1311.0,403.2164001464844,398.5199890136719,402.7599792480469,404.4599914550781,298.7200012207031,57.00719451904297,-1.716400146484375,108866
1312.0,403.1891784667969,398.5199890136719,402.7200012207031,404.41998291015625,298.6600036621094,57.06269836425781,-1.709197998046875,108866
1313.0,403.10040283203125,398.5199890136719,402.6999816894531,404.34698486328125,298.3599853515625,57.20466613769531,-1.660400390625,108866
1314.0,403.162841796875,398.5,402.739990234375,404.3999938964844,298.6000061035156,57.009925842285156,-1.702850341796875,108866
1315.0,403.2823791503906,398.5,402.79998779296875,404.5,298.91998291015625,56.80449295043945,-1.782379150390625,108866
1316.0,403.2757263183594,398.5199890136719,402.8199768066406,404.55999755859375,298.91998291015625,56.83639907836914,-1.715728759765625,108866
1317.0,403.29913330078125,398.5,402.79998779296875,404.5199890136719,299.1199951171875,56.91080856323242,-1.81915283203125,108866
1318.0,403.2633972167969,398.5799865722656,402.79998779296875,404.5,298.7799987792969,56.87522506713867,-1.763397216796875,108866
1319.0,403.25238037109375,398.53997802734375,402.7799987792969,404.5199890136719,299.0,56.938838958740234,-1.77239990234375,108866
1320.0,403.217041015625,398.5999755859375,402.79998779296875,404.5,298.6600036621094,57.143043518066406,-1.67706298828125,108866
1321.0,403.3038635253906,398.5199890136719,402.7799987792969,404.53997802734375,299.2200012207031,57.01045608520508,-1.803863525390625,108866
1322.0,403.40716552734375,398.55999755859375,402.8599853515625,404.6399841308594,299.1600036621094,56.933937072753906,-1.827178955078125,108866
1323.0,403.4149169921875,398.55999755859375,402.8999938964844,404.5999755859375,299.5199890136719,56.779335021972656,-1.81494140625,108866
1324.0,403.3854675292969,398.44000244140625,402.8599853515625,404.6199951171875,298.97998046875,56.86468505859375,-1.845489501953125,108866
1325.0,403.2842712402344,398.41998291015625,402.8199768066406,404.53997802734375,298.8999938964844,56.985904693603516,-1.7642822265625,108866
1326.0,403.1442565917969,398.3599853515625,402.7599792480469,404.4599914550781,298.8249816894531,56.77592849731445,-1.664276123046875,108866
1327.0,403.2151794433594,398.55999755859375,402.8599853515625,404.5,298.8800048828125,56.76838302612305,-1.5751953125,108866
1328.0,403.30859375,398.55999755859375,402.8399963378906,404.55999755859375,298.91998291015625,56.79463195800781,-1.6885986328125,108866
1329.0,403.5048828125,398.6600036621094,402.9599914550781,404.7599792480469,298.8199768066406,56.983360290527344,-1.82489013671875,108866
1330.0,403.498779296875,398.6600036621094,403.0,404.7200012207031,298.67999267578125,56.98997497558594,-1.798797607421875,108866
1331.0,403.44171142578125,398.5999755859375,402.9599914550781,404.6399841308594,299.125,56.998497009277344,-1.781707763671875,108866
1332.0,403.434814453125,398.6999816894531,402.94000244140625,404.6600036621094,299.1600036621094,57.022552490234375,-1.734832763671875,108866
1333.0,403.5827331542969,398.79998779296875,403.05999755859375,404.79998779296875,299.3399963378906,56.86872863769531,-1.802734375,108866
1334.0,403.61505126953125,398.8999938964844,403.1399841308594,404.8399963378906,299.6000061035156,56.81163787841797,-1.74505615234375,108866
1335.0,403.6221618652344,398.79998779296875,403.0999755859375,404.79998779296875,299.3599853515625,56.9010124206543,-1.80218505859375,108866
1336.0,403.64605712890625,398.6999816894531,403.0799865722656,404.8669738769531,299.05999755859375,56.83991241455078,-1.886077880859375,108866
1337.0,403.6114501953125,398.7799987792969,403.05999755859375,404.8069763183594,298.5799865722656,57.022430419921875,-1.831451416015625,108866
1338.0,403.6912536621094,398.7599792480469,403.0799865722656,404.8399963378906,298.8450012207031,57.0489501953125,-1.9112548828125,108866
1339.0,403.6641845703125,398.7599792480469,403.0999755859375,404.8599853515625,299.0,56.92868423461914,-1.824188232421875,108866
1340.0,403.6373596191406,398.8199768066406,403.1399841308594,404.8599853515625,298.6000061035156,57.267333984375,-1.777374267578125,108866
1341.0,403.55615234375,398.8399963378906,403.1199951171875,404.8199768066406,298.8800048828125,57.231815338134766,-1.656158447265625,108866
1342.0,403.53533935546875,398.91998291015625,403.1600036621094,404.79998779296875,298.5050048828125,57.2243766784668,-1.5953369140625,108866
1343.0,403.619873046875,398.8799743652344,403.1399841308594,404.8599853515625,298.7599792480469,57.21472930908203,-1.719879150390625,108866
1344.0,403.5904846191406,398.8599853515625,403.1399841308594,404.8999938964844,298.29998779296875,57.20660400390625,-1.75048828125,108866
1345.0,403.4697570800781,398.78997802734375,403.05999755859375,404.6600036621094,298.55999755859375,57.090049743652344,-1.68975830078125,108866
1346.0,403.58673095703125,398.8399963378906,403.1600036621094,404.7799987792969,298.6000061035156,56.90990447998047,-1.706756591796875,108866
1347.0,403.6889953613281,398.8399963378906,403.17999267578125,404.8399963378906,298.5050048828125,56.930023193359375,-1.8489990234375,108866
1348.0,403.7022705078125,398.8399963378906,403.1600036621094,404.8599853515625,298.7200012207031,56.87904739379883,-1.882293701171875,108866
1349.0,403.5812683105469,398.8999938964844,403.1399841308594,404.8199768066406,299.3199768066406,56.7452507019043,-1.721282958984375,108866
1350.0,403.68011474609375,398.8999938964844,403.17999267578125,404.8599853515625,299.3399963378906,56.72594451904297,-1.800140380859375,108866
1351.0,403.7457275390625,398.8599853515625,403.2200012207031,404.94000244140625,299.1600036621094,56.80392837524414,-1.865753173828125,108866
1352.0,403.5987854003906,398.8799743652344,403.1999816894531,404.79998779296875,299.2599792480469,56.82223129272461,-1.678802490234375,108866
1353.0,403.5416259765625,398.7599792480469,403.1399841308594,404.7799987792969,299.3199768066406,56.747100830078125,-1.681640625,108866
1354.0,403.5667419433594,398.8799743652344,403.1399841308594,404.79998779296875,299.41998291015625,56.940067291259766,-1.666748046875,108866
1355.0,403.5621337890625,398.8799743652344,403.1600036621094,404.8199768066406,299.55999755859375,56.8133544921875,-1.662139892578125,108866
1356.0,403.7425842285156,398.8999938964844,403.2200012207031,404.91998291015625,299.7799987792969,56.68478012084961,-1.822601318359375,108866
1357.0,403.7848205566406,398.8599853515625,403.1999816894531,404.94000244140625,299.55999755859375,56.736385345458984,-1.90484619140625,108866
1358.0,403.7384033203125,398.94000244140625,403.239990234375,404.8799743652344,299.6600036621094,56.73579788208008,-1.79840087890625,108866
1359.0,403.8048400878906,398.91998291015625,403.239990234375,404.9599914550781,299.6399841308594,56.71304702758789,-1.864837646484375,108866
1360.0,403.7879638671875,398.8599853515625,403.2200012207031,404.97998046875,299.3599853515625,56.74653244018555,-1.86798095703125,108866
1361.0,403.8428039550781,398.8199768066406,403.239990234375,405.03997802734375,299.239990234375,56.653045654296875,-1.982818603515625,108866
1362.0,403.58349609375,398.8599853515625,403.1399841308594,404.7599792480469,299.1999816894531,56.681488037109375,-1.743499755859375,108866
1363.0,403.7385559082031,398.8399963378906,403.1999816894531,404.8999938964844,298.864990234375,56.561866760253906,-1.83856201171875,108866
1364.0,403.80010986328125,398.94000244140625,403.2799987792969,404.97998046875,299.29998779296875,56.663429260253906,-1.7601318359375,108866
1365.0,403.95880126953125,399.0199890136719,403.3999938964844,405.17999267578125,298.739990234375,56.9776496887207,-1.85882568359375,108866
1366.0,404.0077209472656,399.0199890136719,403.41998291015625,405.1600036621094,299.3199768066406,56.89821243286133,-1.907745361328125,108866
1367.0,404.0984802246094,399.0799865722656,403.4599914550781,405.1999816894531,299.3399963378906,56.807621002197266,-1.9384765625,108866
1368.0,404.0629577636719,398.94000244140625,403.3999938964844,405.2200012207031,299.17999267578125,56.988037109375,-2.002960205078125,108866
1369.0,403.848388671875,398.8999938964844,403.3199768066406,405.0799865722656,299.3800048828125,56.9164924621582,-1.848388671875,108866
1370.0,403.99237060546875,399.03997802734375,403.44000244140625,405.1999816894531,299.6199951171875,56.988609313964844,-1.87237548828125,108866
1371.0,404.1275634765625,399.1399841308594,403.53997802734375,405.3399963378906,299.6050109863281,57.275917053222656,-1.867584228515625,108866
1372.0,404.0386047363281,399.1999816894531,403.5,405.1999816894531,299.8399963378906,57.07535171508789,-1.798614501953125,108866
1373.0,404.0047302246094,399.1600036621094,403.4599914550781,405.17999267578125,299.9599914550781,57.06428146362305,-1.80474853515625,108866
1374.0,404.0158996582031,399.239990234375,403.4599914550781,405.17999267578125,299.9849853515625,56.87214660644531,-1.775909423828125,108866
1375.0,404.1675109863281,399.2799987792969,403.5799865722656,405.3999938964844,299.8399963378906,57.07130432128906,-1.8475341796875,108866
1376.0,404.17340087890625,399.3399963378906,403.6399841308594,405.3599853515625,300.1000061035156,56.939640045166016,-1.793426513671875,108866
1377.0,404.11773681640625,399.2200012207031,403.55999755859375,405.29998779296875,299.239990234375,57.00971603393555,-1.87774658203125,108866
1378.0,404.0141906738281,399.239990234375,403.5799865722656,405.239990234375,298.9649963378906,57.195560455322266,-1.73419189453125,108866
1379.0,404.1570129394531,399.2200012207031,403.6600036621094,405.3599853515625,299.3800048828125,57.221214294433594,-1.797027587890625,108866
1380.0,404.21990966796875,399.2599792480469,403.6999816894531,405.41998291015625,298.94500732421875,57.4661979675293,-1.819915771484375,108866
1381.0,404.1507873535156,399.2200012207031,403.6199951171875,405.3399963378906,298.4599914550781,57.26934814453125,-1.810791015625,108866
1382.0,404.1302795410156,399.2599792480469,403.5749816894531,405.2799987792969,298.2850036621094,57.23752212524414,-1.85028076171875,108866
1383.0,404.0959167480469,399.239990234375,403.53997802734375,405.2799987792969,298.6199951171875,57.16206741333008,-1.855926513671875,108866
1384.0,404.0955810546875,399.239990234375,403.5799865722656,405.2799987792969,299.1399841308594,57.05461120605469,-1.79559326171875,108866
1385.0,404.1283264160156,399.17999267578125,403.5199890136719,405.29998779296875,298.8800048828125,57.17860794067383,-1.9283447265625,108866
1386.0,404.148681640625,399.0999755859375,403.53497314453125,405.2599792480469,298.5199890136719,57.312164306640625,-1.928680419921875,108866
1387.0,404.0331115722656,399.1199951171875,403.4599914550781,405.1600036621094,298.79998779296875,57.114219665527344,-1.853118896484375,108866
1388.0,404.10137939453125,399.239990234375,403.55999755859375,405.1999816894531,298.8999938964844,57.13474655151367,-1.821380615234375,108866
1389.0,404.0539855957031,399.1399841308594,403.53997802734375,405.1999816894531,299.03997802734375,57.180870056152344,-1.79400634765625,108866
1390.0,404.01953125,399.1999816894531,403.5199890136719,405.1999816894531,299.3800048828125,57.2109260559082,-1.799530029296875,108866
1391.0,404.1725158691406,399.2599792480469,403.5999755859375,405.3799743652344,299.8399963378906,56.93417739868164,-1.83251953125,108866
1392.0,404.17205810546875,399.239990234375,403.5799865722656,405.3199768066406,299.8450012207031,56.920318603515625,-1.852081298828125,108866
1393.0,404.0942687988281,399.1999816894531,403.5,405.2799987792969,299.9599914550781,57.00679397583008,-1.874267578125,108866
1394.0,404.18768310546875,399.1999816894531,403.5999755859375,405.29998779296875,299.8199768066406,56.97160720825195,-1.907684326171875,108866
1395.0,404.07293701171875,399.1600036621094,403.53997802734375,405.2599792480469,299.8399963378906,57.01288604736328,-1.83294677734375,108866
1396.0,404.07965087890625,399.3599853515625,403.6199951171875,405.2799987792969,299.97998046875,57.3576774597168,-1.71966552734375,108866
1397.0,404.1047668457031,399.3399963378906,403.6399841308594,405.3199768066406,299.6399841308594,57.05559158325195,-1.70477294921875,108866
1398.0,404.288818359375,399.3999938964844,403.739990234375,405.47998046875,300.1000061035156,56.82913589477539,-1.84881591796875,108866
1399.0,404.1351013183594,399.3399963378906,403.6600036621094,405.3799743652344,299.05999755859375,56.936302185058594,-1.775115966796875,108866
1400.0,404.21234130859375,399.3599853515625,403.739990234375,405.4599914550781,298.7649841308594,57.03965377807617,-1.7723388671875,108866
1401.0,404.30670166015625,399.29998779296875,403.739990234375,405.5199890136719,299.4049987792969,56.95824432373047,-1.94671630859375,108866
1402.0,404.376220703125,399.2799987792969,403.7599792480469,405.5199890136719,299.739990234375,56.80381774902344,-2.0162353515625,108866
1403.0,404.0776672363281,399.2599792480469,403.5999755859375,405.2599792480469,300.0,56.8951301574707,-1.7576904296875,108866
1404.0,404.1570129394531,399.29998779296875,403.6399841308594,405.29998779296875,300.05999755859375,56.85707092285156,-1.797027587890625,108866
1405.0,404.09637451171875,399.3599853515625,403.67999267578125,405.3199768066406,300.03997802734375,57.01476287841797,-1.6763916015625,108866
1406.0,404.0538635253906,399.29998779296875,403.6199951171875,405.2669982910156,299.6000061035156,57.13091278076172,-1.7138671875,108866
1407.0,404.08624267578125,399.29998779296875,403.6600036621094,405.3399963378906,299.6999816894531,57.11109161376953,-1.746246337890625,108866
1408.0,404.22210693359375,399.29998779296875,403.6999816894531,405.44000244140625,299.7799987792969,57.05963134765625,-1.842132568359375,108866
1409.0,404.1506042480469,399.29998779296875,403.6399841308594,405.3599853515625,299.6399841308594,57.199745178222656,-1.7506103515625,108866
1410.0,404.12603759765625,399.3599853515625,403.6600036621094,405.3399963378906,299.7599792480469,57.05331039428711,-1.666046142578125,108866
1411.0,404.2816162109375,399.47998046875,403.7599792480469,405.47998046875,299.44500732421875,57.025482177734375,-1.7816162109375,108866
1412.0,404.4390869140625,399.47998046875,403.8599853515625,405.5799865722656,299.54498291015625,56.8345832824707,-1.9390869140625,108866
1413.0,404.3394775390625,399.53997802734375,403.8399963378906,405.55999755859375,299.4599914550781,56.89912796020508,-1.819488525390625,108866
1414.0,404.3169250488281,399.5199890136719,403.8399963378906,405.5199890136719,299.29998779296875,56.887489318847656,-1.776947021484375,108866
1415.0,404.2108154296875,399.41998291015625,403.739990234375,405.3799743652344,299.2649841308594,56.85892868041992,-1.7108154296875,108866
1416.0,404.4066467285156,399.4599914550781,403.8399963378906,405.55999755859375,299.1650085449219,56.89485549926758,-1.846649169921875,108866
1417.0,404.419189453125,399.5,403.8199768066406,405.5199890136719,299.0,57.047054290771484,-1.87921142578125,108866
1418.0,404.3351745605469,399.4599914550781,403.79998779296875,405.53997802734375,298.94000244140625,57.058738708496094,-1.775177001953125,108866
1419.0,404.45306396484375,399.5,403.91998291015625,405.6600036621094,298.3599853515625,57.191162109375,-1.83306884765625,108866
1420.0,404.4814758300781,399.47998046875,403.8999938964844,405.6399841308594,298.79998779296875,57.13836669921875,-1.921478271484375,108866
1421.0,404.4570617675781,399.5999755859375,403.9599914550781,405.6999816894531,299.239990234375,57.034523010253906,-1.79705810546875,108866
1422.0,404.4580383300781,399.55999755859375,403.9599914550781,405.6199951171875,299.3399963378906,56.96033477783203,-1.81805419921875,108866
1423.0,404.4379577636719,399.5199890136719,403.8999938964844,405.6199951171875,299.44000244140625,56.938262939453125,-1.817962646484375,108866
1424.0,404.4228820800781,399.55999755859375,403.8999938964844,405.67999267578125,299.5,57.06074523925781,-1.822906494140625,108866
1425.0,404.45489501953125,399.6600036621094,403.9599914550781,405.6399841308594,299.6399841308594,57.11161422729492,-1.764892578125,108866
1426.0,404.5209655761719,399.6600036621094,403.97998046875,405.6999816894531,299.8999938964844,57.09953308105469,-1.8609619140625,108866
1427.0,404.6299743652344,399.6399841308594,404.0799865722656,405.8199768066406,299.6399841308594,57.10212326049805,-1.8699951171875,108866
1428.0,404.4757995605469,399.67999267578125,404.0,405.67999267578125,299.7200012207031,56.92308807373047,-1.75579833984375,108866
1429.0,404.57177734375,399.6999816894531,404.03997802734375,405.739990234375,299.8999938964844,56.935420989990234,-1.811798095703125,108866
1430.0,404.5970458984375,399.6199951171875,404.03997802734375,405.7799987792969,299.5249938964844,57.014549255371094,-1.8570556640625,108866
1431.0,404.5909729003906,399.7200012207031,404.0799865722656,405.79998779296875,299.94000244140625,56.958900451660156,-1.790985107421875,108866
1432.0,404.684814453125,399.6399841308594,404.0999755859375,405.8399963378906,299.9599914550781,56.988094329833984,-1.924835205078125,108866
1433.0,404.72015380859375,399.67999267578125,404.1199951171875,405.8599853515625,299.8800048828125,57.13861846923828,-1.920166015625,108866
1434.0,404.67041015625,399.739990234375,404.1199951171875,405.7599792480469,300.44000244140625,56.99345016479492,-1.830413818359375,108866
1435.0,404.54534912109375,399.739990234375,404.05999755859375,405.739990234375,300.7200012207031,56.92203903198242,-1.725372314453125,108866
1436.0,404.4738464355469,399.7200012207031,404.0199890136719,405.6399841308594,300.5799865722656,56.97806167602539,-1.733856201171875,108866
1437.0,404.5137634277344,399.7200012207031,404.03997802734375,405.739990234375,300.239990234375,57.03807830810547,-1.7537841796875,108866
1438.0,404.56634521484375,399.739990234375,404.05999755859375,405.7469787597656,300.1600036621094,56.91624069213867,-1.786346435546875,108866
1439.0,404.5124816894531,399.739990234375,404.0,405.7200012207031,300.3599853515625,56.69300079345703,-1.75250244140625,108866
1440.0,404.5404357910156,399.739990234375,404.03997802734375,405.7599792480469,300.44000244140625,56.76875686645508,-1.78045654296875,108866
1441.0,404.6217346191406,399.7200012207031,404.0799865722656,405.79998779296875,300.6399841308594,56.87755584716797,-1.84173583984375,108866
1442.0,404.7003479003906,399.739990234375,404.17999267578125,405.91998291015625,300.2200012207031,57.03562927246094,-1.840362548828125,108866
1443.0,404.6289367675781,399.67999267578125,404.1199951171875,405.79998779296875,300.2449951171875,57.22190856933594,-1.828948974609375,108866
1444.0,404.69281005859375,399.8199768066406,404.17999267578125,405.8999938964844,300.6600036621094,57.26304626464844,-1.792816162109375,108866
1445.0,404.7380676269531,399.94000244140625,404.2200012207031,405.9599914550781,300.6000061035156,57.310508728027344,-1.758087158203125,108866
1446.0,404.74432373046875,399.8199768066406,404.1999816894531,405.97998046875,300.79998779296875,57.11872482299805,-1.904327392578125,108866
1447.0,404.6688537597656,399.8599853515625,404.1600036621094,405.8799743652344,300.6399841308594,57.14298629760742,-1.78887939453125,108866
1448.0,404.6988220214844,399.79998779296875,404.1600036621094,405.94000244140625,300.0799865722656,57.23090362548828,-1.87884521484375,108866
1449.0,404.70745849609375,399.7599792480469,404.17999267578125,405.9469909667969,299.3399963378906,57.53261184692383,-1.867462158203125,108866
1450.0,404.6636657714844,399.7599792480469,404.17999267578125,405.94000244140625,299.3399963378906,57.361820220947266,-1.82366943359375,108866
1451.0,404.6771240234375,399.739990234375,404.1999816894531,405.8799743652344,299.3800048828125,57.22368621826172,-1.797149658203125,108866
1452.0,404.72198486328125,399.79998779296875,404.1999816894531,405.8999938964844,300.0,57.03025436401367,-1.842010498046875,108866
1453.0,404.78509521484375,399.79998779296875,404.239990234375,405.9599914550781,299.7599792480469,57.21015930175781,-1.92510986328125,108866
1454.0,404.6531982421875,399.6999816894531,404.0999755859375,405.8199768066406,299.7649841308594,57.1592903137207,-1.85321044921875,108866
1455.0,404.7225036621094,399.7200012207031,404.1600036621094,405.8799743652344,299.8199768066406,57.113677978515625,-1.862518310546875,108866
1456.0,404.69927978515625,399.8199768066406,404.1399841308594,405.8199768066406,299.94000244140625,56.8731575012207,-1.819305419921875,108866
1457.0,404.7086486816406,399.8199768066406,404.1600036621094,405.94000244140625,300.1999816894531,56.823486328125,-1.848663330078125,108866
1458.0,404.64007568359375,399.79998779296875,404.1199951171875,405.8599853515625,300.2449951171875,56.76670837402344,-1.820098876953125,108866
1459.0,404.61370849609375,399.79998779296875,404.0999755859375,405.7799987792969,300.0799865722656,56.66123962402344,-1.793731689453125,108866
1460.0,404.5954895019531,399.79998779296875,404.0999755859375,405.7799987792969,300.0799865722656,56.77885818481445,-1.7554931640625,108866
1461.0,404.6171875,399.79998779296875,404.17498779296875,405.8399963378906,300.0,56.81492233276367,-1.69720458984375,108866
1462.0,404.78387451171875,399.97998046875,404.29998779296875,405.97998046875,300.2200012207031,56.88969039916992,-1.723876953125,108866
1463.0,404.8070983886719,399.91998291015625,404.3199768066406,406.03997802734375,300.125,56.977535247802734,-1.787109375,108866
1464.0,404.8104553222656,400.0199890136719,404.3199768066406,405.97998046875,300.1399841308594,56.94565963745117,-1.79046630859375,108866
1465.0,404.84124755859375,400.05999755859375,404.3599853515625,406.0199890136719,300.05999755859375,56.86577606201172,-1.80126953125,108866
1466.0,404.8111267089844,399.91998291015625,404.2799987792969,405.94000244140625,300.17999267578125,56.91993713378906,-1.831146240234375,108866
1467.0,404.7573547363281,399.8599853515625,404.2599792480469,405.94000244140625,300.30499267578125,56.961158752441406,-1.79736328125,108866
1468.0,404.7131042480469,399.8999938964844,404.2599792480469,405.94000244140625,300.54498291015625,56.86359405517578,-1.75311279296875,108866
1469.0,404.83154296875,400.03997802734375,404.3599853515625,406.03997802734375,301.0199890136719,56.69913101196289,-1.751556396484375,108866
1470.0,404.95745849609375,400.03997802734375,404.41998291015625,406.10699462890625,300.79998779296875,56.86150360107422,-1.8974609375,108866
1471.0,405.0469970703125,400.1600036621094,404.47998046875,406.17999267578125,300.67999267578125,56.8843879699707,-1.886993408203125,108866
1472.0,405.0383605957031,400.0199890136719,404.3999938964844,406.1999816894531,300.1399841308594,57.020877838134766,-2.01837158203125,108866
1473.0,405.045166015625,399.94000244140625,404.4599914550781,406.239990234375,300.3199768066406,56.8173713684082,-1.9451904296875,108866
1474.0,404.9781799316406,399.8199768066406,404.41998291015625,406.17999267578125,300.55999755859375,56.76041793823242,-1.938201904296875,108866
1475.0,404.9183654785156,399.8799743652344,404.3599853515625,406.1199951171875,300.5,57.03152084350586,-1.858367919921875,108866
1476.0,405.00311279296875,399.91998291015625,404.3799743652344,406.1399841308594,300.41998291015625,56.881587982177734,-1.983123779296875,108866
1477.0,405.03253173828125,399.94000244140625,404.44000244140625,406.17999267578125,300.4599914550781,57.06723403930664,-1.9725341796875,108866
1478.0,405.0210876464844,400.0999755859375,404.4599914550781,406.17999267578125,300.2850036621094,57.445213317871094,-1.861083984375,108866
1479.0,405.0597839355469,400.1199951171875,404.47998046875,406.2200012207031,300.739990234375,57.25423049926758,-1.8997802734375,108866
1480.0,405.0928649902344,400.1399841308594,404.55999755859375,406.29998779296875,300.47998046875,57.2725830078125,-1.852874755859375,108866
1481.0,405.0301513671875,400.1399841308594,404.5199890136719,406.239990234375,300.47998046875,57.414249420166016,-1.810150146484375,108866
1482.0,405.06011962890625,400.1199951171875,404.53997802734375,406.239990234375,300.3399963378906,57.6550407409668,-1.840118408203125,108866
1483.0,405.02001953125,400.0,404.5199890136719,406.1999816894531,299.739990234375,57.70936584472656,-1.84002685546875,108866
1484.0,405.0799865722656,400.05999755859375,404.53997802734375,406.2799987792969,299.6600036621094,57.474082946777344,-1.8599853515625,108866
1485.0,405.06689453125,400.0799865722656,404.5799865722656,406.29998779296875,299.1399841308594,57.61708450317383,-1.846893310546875,108866
1486.0,404.9959411621094,400.1999816894531,404.53997802734375,406.239990234375,299.41998291015625,57.47723388671875,-1.77593994140625,108866
1487.0,405.0226745605469,400.239990234375,404.55999755859375,406.2599792480469,299.5799865722656,57.374786376953125,-1.74267578125,108866
1488.0,405.2039489746094,400.1999816894531,404.6399841308594,406.3999938964844,299.6399841308594,57.47987747192383,-1.9239501953125,108866
1489.0,405.09442138671875,400.05999755859375,404.55999755859375,406.2799987792969,299.625,57.341407775878906,-1.894439697265625,108866
1490.0,405.043212890625,400.0899658203125,404.6199951171875,406.29998779296875,300.1000061035156,57.05830764770508,-1.74322509765625,108866
1491.0,404.9107666015625,400.1199951171875,404.53997802734375,406.1199951171875,300.3399963378906,56.85333251953125,-1.61077880859375,108866
1492.0,405.05828857421875,400.1600036621094,404.5999755859375,406.2799987792969,300.03997802734375,57.07180404663086,-1.738311767578125,108866
1493.0,405.08349609375,400.1399841308594,404.5999755859375,406.2599792480469,299.97998046875,57.142738342285156,-1.78350830078125,108866
1494.0,405.0494384765625,400.0999755859375,404.5799865722656,406.3199768066406,300.0799865722656,57.141239166259766,-1.789459228515625,108866
1495.0,405.1208190917969,400.1199951171875,404.6199951171875,406.3799743652344,300.03997802734375,57.29979705810547,-1.86083984375,108866
1496.0,405.181640625,400.0799865722656,404.5999755859375,406.3599853515625,299.6999816894531,57.34049606323242,-1.961639404296875,108866
1497.0,405.16766357421875,400.0999755859375,404.5999755859375,406.3399963378906,300.1199951171875,57.23478698730469,-1.907684326171875,108866
1498.0,405.2093505859375,400.239990234375,404.6600036621094,406.3799743652344,300.239990234375,57.09669494628906,-1.849365234375,108866
1499.0,405.32403564453125,400.3799743652344,404.7599792480469,406.5,300.2200012207031,56.95349884033203,-1.864044189453125,108866
1500.0,405.416015625,400.3199768066406,404.7799987792969,406.55999755859375,300.04498291015625,57.157989501953125,-1.97601318359375,108866
1501.0,405.4555969238281,400.3199768066406,404.79998779296875,406.5999755859375,300.2599792480469,57.12211608886719,-2.05560302734375,108866
1502.0,405.46295166015625,400.2599792480469,404.8399963378906,406.5999755859375,299.94500732421875,57.282142639160156,-2.04296875,108866
1503.0,405.41693115234375,400.3599853515625,404.8599853515625,406.5799865722656,299.625,57.412818908691406,-1.91693115234375,108866
1504.0,405.3242492675781,400.3799743652344,404.8199768066406,406.53997802734375,299.6600036621094,57.32974624633789,-1.784271240234375,108866
1505.0,405.3833923339844,400.3599853515625,404.8399963378906,406.55999755859375,299.5799865722656,57.48246765136719,-1.8634033203125,108866
1506.0,405.4458923339844,400.3799743652344,404.8999938964844,406.5999755859375,299.7250061035156,57.496116638183594,-1.86590576171875,108866
1507.0,405.4757080078125,400.3199768066406,404.8599853515625,406.6600036621094,299.6000061035156,57.5979118347168,-1.9757080078125,108866
1508.0,405.4413757324219,400.3599853515625,404.8599853515625,406.5999755859375,300.1399841308594,57.203216552734375,-1.961395263671875,108866
1509.0,405.3875427246094,400.3799743652344,404.8399963378906,406.5799865722656,300.0799865722656,57.129722595214844,-1.8675537109375,108866
1510.0,405.375,400.3999938964844,404.8799743652344,406.5799865722656,299.47998046875,57.24045181274414,-1.855010986328125,108866
1511.0,405.4417419433594,400.44000244140625,404.8999938964844,406.6600036621094,299.41998291015625,57.3927001953125,-1.86175537109375,108866
1512.0,405.3320007324219,400.47998046875,404.8599853515625,406.55999755859375,299.5199890136719,57.33111572265625,-1.75201416015625,108866
1513.0,405.3329772949219,400.53997802734375,404.8799743652344,406.53997802734375,299.6600036621094,57.29289627075195,-1.702972412109375,108866
1514.0,405.3303527832031,400.55999755859375,404.8999938964844,406.5999755859375,299.79998779296875,57.291725158691406,-1.69036865234375,108866
1515.0,405.4201965332031,400.6199951171875,404.94000244140625,406.7200012207031,300.2200012207031,57.13584899902344,-1.740203857421875,108866
1516.0,405.5230407714844,400.5999755859375,404.97998046875,406.7799987792969,300.2200012207031,57.13252639770508,-1.80303955078125,108866
1517.0,405.4375,400.53997802734375,404.8999938964844,406.7200012207031,300.44000244140625,57.03017807006836,-1.8275146484375,108866
1518.0,405.34002685546875,400.47998046875,404.8399963378906,406.55999755859375,299.4599914550781,57.131832122802734,-1.820037841796875,108866
1519.0,405.5790100097656,400.5,404.97998046875,406.7599792480469,300.03997802734375,56.97365951538086,-1.959014892578125,108866
1520.0,405.5687561035156,400.5199890136719,405.0199890136719,406.7599792480469,299.97998046875,56.91606903076172,-1.90875244140625,108866
1521.0,405.43475341796875,400.6199951171875,405.0,406.6999816894531,300.6449890136719,56.94287109375,-1.734771728515625,108866
1522.0,405.4562072753906,400.6199951171875,405.0199890136719,406.7200012207031,300.44500732421875,57.266273498535156,-1.7562255859375,108866
1523.0,405.468994140625,400.5199890136719,404.9599914550781,406.6399841308594,300.6000061035156,57.054176330566406,-1.8690185546875,108866
1524.0,405.6422424316406,400.6199951171875,405.0799865722656,406.8599853515625,300.2200012207031,57.46986770629883,-1.902252197265625,108866
1525.0,405.6759338378906,400.6600036621094,405.1199951171875,406.8599853515625,300.3249816894531,57.628204345703125,-1.89593505859375,108866
1526.0,405.6729431152344,400.8399963378906,405.1399841308594,406.8999938964844,300.3800048828125,57.980594635009766,-1.77294921875,108866
1527.0,405.498779296875,400.7599792480469,405.05999755859375,406.79998779296875,299.6399841308594,57.628684997558594,-1.718780517578125,108866
1528.0,405.5233154296875,400.6600036621094,405.0,406.7599792480469,299.7799987792969,57.59926223754883,-1.823333740234375,108866
1529.0,405.4430236816406,400.5199890136719,404.8799743652344,406.5799865722656,300.04498291015625,57.47224044799805,-1.863037109375,108866
1530.0,405.3784484863281,400.6199951171875,404.91998291015625,406.55999755859375,300.2850036621094,57.298397064208984,-1.71844482421875,108866
1531.0,405.4132995605469,400.5799865722656,404.94000244140625,406.6600036621094,300.1199951171875,57.427127838134766,-1.7532958984375,108866
1532.0,405.46148681640625,400.53997802734375,404.91998291015625,406.6999816894531,300.03997802734375,57.34177780151367,-1.84149169921875,108866
1533.0,405.5282897949219,400.4599914550781,404.97998046875,406.7200012207031,300.0199890136719,57.33836364746094,-1.908294677734375,108866
1534.0,405.4664611816406,400.44000244140625,404.91998291015625,406.6399841308594,300.3399963378906,57.39164733886719,-1.926483154296875,108866
1535.0,405.4918518066406,400.44000244140625,404.94000244140625,406.7200012207031,300.1399841308594,57.559112548828125,-1.911865234375,108866
1536.0,405.5395812988281,400.4599914550781,405.03997802734375,406.7799987792969,299.4649963378906,57.7768669128418,-1.89959716796875,108866
1537.0,405.50054931640625,400.4599914550781,404.97998046875,406.6999816894531,299.29998779296875,57.6446533203125,-1.88055419921875,108866
1538.0,405.5665588378906,400.55999755859375,405.0799865722656,406.7599792480469,299.67999267578125,57.447784423828125,-1.826568603515625,108866
1539.0,405.5262451171875,400.55999755859375,405.0,406.7200012207031,299.6999816894531,57.474205017089844,-1.84625244140625,108866
1540.0,405.4598693847656,400.6399841308594,405.0,406.6999816894531,299.7799987792969,57.58543395996094,-1.7398681640625,108866
1541.0,405.440673828125,400.6199951171875,405.0,406.6999816894531,300.03997802734375,57.53382110595703,-1.76068115234375,108866
1542.0,405.5565185546875,400.5999755859375,405.0799865722656,406.79998779296875,299.5799865722656,57.44997024536133,-1.8165283203125,108866
1543.0,405.56268310546875,400.6399841308594,405.0999755859375,406.79998779296875,299.3450012207031,57.67713928222656,-1.802703857421875,108866
1544.0,405.6006164550781,400.5199890136719,405.0799865722656,406.8199768066406,299.6199951171875,57.435821533203125,-1.880615234375,108866
1545.0,405.6669616699219,400.739990234375,405.1399841308594,406.8199768066406,300.05999755859375,57.35957336425781,-1.84698486328125,108866
1546.0,405.6447448730469,400.5999755859375,405.0799865722656,406.7599792480469,299.8399963378906,57.399147033691406,-1.92474365234375,108866
1547.0,405.63604736328125,400.53997802734375,405.0999755859375,406.8399963378906,300.239990234375,57.253482818603516,-1.936065673828125,108866
1548.0,405.5259704589844,400.53997802734375,405.0199890136719,406.6999816894531,300.7049865722656,56.89982223510742,-1.82598876953125,108866
1549.0,405.5276184082031,400.47998046875,405.03997802734375,406.739990234375,300.2799987792969,56.83022689819336,-1.86761474609375,108866
1550.0,405.4620666503906,400.5799865722656,405.03997802734375,406.67999267578125,299.7799987792969,56.885223388671875,-1.7620849609375,108866
1551.0,405.600341796875,400.5999755859375,405.0799865722656,406.79998779296875,300.05999755859375,56.9733772277832,-1.880340576171875,108866
1552.0,405.6538391113281,400.6600036621094,405.0799865722656,406.8599853515625,300.79998779296875,56.76846694946289,-1.853851318359375,108866
1553.0,405.6705627441406,400.67999267578125,405.0799865722656,406.8199768066406,300.8399963378906,56.944480895996094,-1.930572509765625,108866
1554.0,405.5798034667969,400.55999755859375,405.03997802734375,406.7200012207031,300.1999816894531,57.40774917602539,-1.87982177734375,108866
1555.0,405.53741455078125,400.5999755859375,405.05999755859375,406.7200012207031,300.6199951171875,57.11144256591797,-1.79742431640625,108866
1556.0,405.6482849121094,400.6600036621094,405.0799865722656,406.8399963378906,300.8199768066406,57.14529800415039,-1.8682861328125,108866
1557.0,405.7094421386719,400.6600036621094,405.1999816894531,406.8599853515625,300.3399963378906,57.448848724365234,-1.929443359375,108866
1558.0,405.77239990234375,400.79998779296875,405.239990234375,406.94000244140625,300.3999938964844,57.62382507324219,-1.892425537109375,108866
1559.0,405.8075866699219,400.7200012207031,405.2200012207031,406.9599914550781,300.6399841308594,57.515953063964844,-1.9276123046875,108866
1560.0,405.88006591796875,400.6999816894531,405.239990234375,407.03997802734375,300.1399841308594,57.625003814697266,-2.02008056640625,108866
1561.0,405.7698669433594,400.79998779296875,405.2599792480469,406.94000244140625,300.3199768066406,57.321510314941406,-1.889892578125,108866
1562.0,405.77032470703125,400.7799987792969,405.239990234375,406.91998291015625,300.53997802734375,57.20770263671875,-1.890350341796875,108866
1563.0,405.727294921875,400.8399963378906,405.2599792480469,406.91998291015625,300.3599853515625,57.19804000854492,-1.78729248046875,108866
1564.0,405.6335754394531,400.94000244140625,405.2200012207031,406.8599853515625,300.3199768066406,57.22198486328125,-1.653594970703125,108866
1565.0,405.7359313964844,400.94000244140625,405.239990234375,406.9599914550781,300.53997802734375,57.241146087646484,-1.77593994140625,108866
1566.0,405.6593933105469,401.0,405.2200012207031,406.91998291015625,300.5799865722656,57.33420181274414,-1.659393310546875,108866
1567.0,405.7705078125,401.0,405.2599792480469,407.0,300.8999938964844,57.25897216796875,-1.750518798828125,108866
1568.0,405.7486267089844,400.8999938964844,405.1999816894531,407.0,300.97998046875,57.08892059326172,-1.808624267578125,108866
1569.0,405.62841796875,400.8399963378906,405.1399841308594,406.8799743652344,301.1199951171875,57.0451774597168,-1.748443603515625,108866
1570.0,405.6335754394531,400.8599853515625,405.1600036621094,406.8399963378906,300.54498291015625,57.109066009521484,-1.75360107421875,108866
1571.0,405.67889404296875,400.8199768066406,405.17999267578125,406.8999938964844,300.1999816894531,57.235816955566406,-1.798919677734375,108866
1572.0,405.885009765625,400.7799987792969,405.239990234375,407.0799865722656,300.5799865722656,57.20252227783203,-2.0250244140625,108866
1573.0,405.95263671875,400.67999267578125,405.3199768066406,407.17999267578125,300.29998779296875,57.53523254394531,-2.052642822265625,108866
1574.0,405.9073791503906,400.6399841308594,405.2799987792969,407.0999755859375,300.44500732421875,57.543643951416016,-2.02740478515625,108866
1575.0,405.9733581542969,400.6600036621094,405.3399963378906,407.1199951171875,300.739990234375,57.520198822021484,-2.033355712890625,108866
1576.0,405.9883117675781,400.79998779296875,405.44000244140625,407.0999755859375,300.56500244140625,57.26919174194336,-1.9083251953125,108866
1577.0,405.9583740234375,400.8399963378906,405.47998046875,407.0799865722656,300.2599792480469,57.100337982177734,-1.818389892578125,108866
1578.0,406.01788330078125,400.8599853515625,405.44000244140625,407.1999816894531,300.2200012207031,57.379764556884766,-1.937896728515625,108866
1579.0,405.9740295410156,401.0,405.44000244140625,407.1669921875,300.41998291015625,57.51945114135742,-1.854034423828125,108866
1580.0,406.0250244140625,401.1999816894531,405.5,407.17999267578125,300.53997802734375,57.3021125793457,-1.7850341796875,108866
1581.0,406.0796203613281,401.1199951171875,405.5,407.2599792480469,300.4599914550781,57.27083206176758,-1.899627685546875,108866
1582.0,405.93768310546875,401.0999755859375,405.4599914550781,407.1269836425781,300.3999938964844,57.17171096801758,-1.777679443359375,108866
1583.0,406.1382141113281,400.91998291015625,405.5199890136719,407.3199768066406,300.2799987792969,57.25247573852539,-1.99822998046875,108866
1584.0,406.1636962890625,400.9599914550781,405.53997802734375,407.29998779296875,300.1999816894531,57.40629196166992,-1.98370361328125,108866
1585.0,406.081787109375,400.9599914550781,405.53997802734375,407.29998779296875,300.5849914550781,57.38266372680664,-1.941802978515625,108866
1586.0,406.08526611328125,400.8999938964844,405.53997802734375,407.239990234375,300.2799987792969,57.35279083251953,-1.945281982421875,108866
1587.0,406.11138916015625,400.91998291015625,405.55999755859375,407.239990234375,300.2599792480469,57.32643508911133,-1.911407470703125,108866
1588.0,406.0265808105469,400.9599914550781,405.55999755859375,407.239990234375,300.17999267578125,57.44652557373047,-1.846588134765625,108866
1589.0,406.0831298828125,400.94000244140625,405.5199890136719,407.2599792480469,299.80499267578125,57.364437103271484,-1.943145751953125,108866
1590.0,405.9847717285156,400.94000244140625,405.44000244140625,407.1399841308594,300.3199768066406,57.183841705322266,-1.924774169921875,108866
1591.0,406.054931640625,401.05999755859375,405.5199890136719,407.2200012207031,300.3450012207031,57.17688751220703,-1.9349365234375,108866
1592.0,406.1929931640625,401.0,405.5799865722656,407.34698486328125,300.3599853515625,57.19987106323242,-2.053009033203125,108866
1593.0,406.0574035644531,400.8999938964844,405.5,407.2599792480469,300.4599914550781,57.411865234375,-1.957427978515625,108866
1594.0,405.9830017089844,400.8999938964844,405.44000244140625,407.1600036621094,300.5199890136719,57.39360427856445,-1.923004150390625,108866
1595.0,405.99896240234375,400.97998046875,405.47998046875,407.2200012207031,300.3399963378906,57.564125061035156,-1.838958740234375,108866
1596.0,405.9752502441406,401.0,405.5,407.2200012207031,300.1399841308594,57.62537384033203,-1.83526611328125,108866
1597.0,406.0303955078125,401.1399841308594,405.5199890136719,407.2599792480469,300.53997802734375,57.494895935058594,-1.810394287109375,108866
1598.0,406.02362060546875,401.0999755859375,405.5199890136719,407.239990234375,300.739990234375,57.32916259765625,-1.813629150390625,108866
1599.0,406.2123107910156,401.05999755859375,405.5999755859375,407.3599853515625,300.7250061035156,57.31821823120117,-1.9923095703125,108866
1600.0,406.1052551269531,401.0999755859375,405.55999755859375,407.2599792480469,300.94000244140625,57.2226448059082,-1.9052734375,108866
1601.0,406.06646728515625,401.1999816894531,405.55999755859375,407.2200012207031,301.2200012207031,57.24050521850586,-1.7664794921875,108866
1602.0,406.02191162109375,401.1999816894531,405.53997802734375,407.2200012207031,301.0799865722656,57.15241241455078,-1.741912841796875,108866
1603.0,406.00689697265625,401.239990234375,405.55999755859375,407.239990234375,301.1399841308594,57.08061599731445,-1.686920166015625,108866
1604.0,406.15228271484375,401.2799987792969,405.6999816894531,407.3399963378906,300.67999267578125,57.41194534301758,-1.7222900390625,108866
1605.0,406.1258544921875,401.2200012207031,405.6199951171875,407.29998779296875,300.80499267578125,57.33941650390625,-1.805877685546875,108866
1606.0,406.17034912109375,401.3199768066406,405.6600036621094,407.3399963378906,300.739990234375,57.3652458190918,-1.7503662109375,108866
1607.0,406.130126953125,401.1600036621094,405.55999755859375,407.3069763183594,300.8599853515625,57.25141525268555,-1.870147705078125,108866
1608.0,406.1331481933594,401.3199768066406,405.6600036621094,407.3199768066406,300.6399841308594,57.52581024169922,-1.81317138671875,108866
1609.0,406.0565185546875,401.3599853515625,405.5999755859375,407.2200012207031,301.0,57.36398696899414,-1.696533203125,108866
1610.0,406.0372314453125,401.3399963378906,405.6199951171875,407.22698974609375,300.7850036621094,57.45721435546875,-1.67724609375,108866
1611.0,406.0854797363281,401.2799987792969,405.6399841308594,407.3199768066406,301.04498291015625,57.40801239013672,-1.68548583984375,108866
1612.0,406.0874328613281,401.05999755859375,405.55999755859375,407.3399963378906,300.7649841308594,57.482582092285156,-1.867431640625,108866
1613.0,406.10369873046875,401.0799865722656,405.53997802734375,407.2599792480469,300.4049987792969,57.62834930419922,-1.883697509765625,108866
1614.0,406.13897705078125,401.05999755859375,405.5799865722656,407.29998779296875,300.8399963378906,57.40070724487305,-1.938995361328125,108866
1615.0,406.2193603515625,401.1600036621094,405.6399841308594,407.3599853515625,301.0199890136719,57.21127700805664,-1.91937255859375,108866
1616.0,406.3152770996094,401.239990234375,405.739990234375,407.4599914550781,300.6650085449219,57.33156204223633,-1.935302734375,108866
1617.0,406.3096923828125,401.1999816894531,405.7799987792969,407.5,300.44000244140625,57.55021667480469,-1.909698486328125,108866
1618.0,406.3225402832031,401.2599792480469,405.739990234375,407.5199890136719,300.5,57.64836502075195,-1.94256591796875,108866
1619.0,406.31207275390625,401.3799743652344,405.7799987792969,407.5199890136719,300.56500244140625,57.580406188964844,-1.852081298828125,108866
1620.0,406.27374267578125,401.41998291015625,405.79998779296875,407.5,300.8800048828125,57.618003845214844,-1.833740234375,108866
1621.0,406.3539123535156,401.3399963378906,405.8199768066406,407.55999755859375,300.91998291015625,57.455936431884766,-1.8939208984375,108866
1622.0,406.2393493652344,401.3199768066406,405.739990234375,407.44000244140625,301.5,57.329734802246094,-1.77935791015625,108866
1623.0,406.3171081542969,401.3599853515625,405.79998779296875,407.5,301.2599792480469,57.526649475097656,-1.837127685546875,108866
1624.0,406.2579650878906,401.3199768066406,405.739990234375,407.4599914550781,300.9599914550781,57.59615707397461,-1.837982177734375,108866
1625.0,406.3713073730469,401.3399963378906,405.79998779296875,407.55999755859375,300.97998046875,57.74161911010742,-1.891326904296875,108866
1626.0,406.34130859375,401.47998046875,405.8599853515625,407.5799865722656,300.8999938964844,57.84585952758789,-1.78131103515625,108866
1627.0,406.48565673828125,401.3399963378906,405.94000244140625,407.6600036621094,300.3999938964844,57.896175384521484,-1.9256591796875,108866
1628.0,406.39947509765625,401.2599792480469,405.8999938964844,407.5999755859375,300.6600036621094,57.694583892822266,-1.879486083984375,108866
1629.0,406.3192443847656,401.2599792480469,405.8199768066406,407.53997802734375,300.47998046875,57.56332778930664,-1.879241943359375,108866
1630.0,406.3124084472656,401.2599792480469,405.8199768066406,407.5199890136719,300.8999938964844,57.44402313232422,-1.872406005859375,108866
1631.0,406.26031494140625,401.29998779296875,405.7799987792969,407.4599914550781,300.94000244140625,57.34702682495117,-1.800323486328125,108866
1632.0,406.392578125,401.239990234375,405.8399963378906,407.5799865722656,301.2599792480469,57.2854118347168,-1.97259521484375,108866
1633.0,406.3576354980469,401.239990234375,405.8199768066406,407.53997802734375,301.1600036621094,57.54705810546875,-1.937652587890625,108866
1634.0,406.3409118652344,401.29998779296875,405.8399963378906,407.5199890136719,300.9049987792969,57.571449279785156,-1.860931396484375,108866
1635.0,406.3290710449219,401.2799987792969,405.8199768066406,407.53997802734375,301.30499267578125,57.334957122802734,-1.86907958984375,108866
1636.0,406.43780517578125,401.3999938964844,405.8799743652344,407.6399841308594,301.3800048828125,57.49728012084961,-1.8978271484375,108866
1637.0,406.30035400390625,401.2799987792969,405.79998779296875,407.55999755859375,301.44000244140625,57.352413177490234,-1.88037109375,108866
1638.0,406.4165344238281,401.29998779296875,405.8999938964844,407.6999816894531,301.2649841308594,57.37126922607422,-1.876556396484375,108866
1639.0,406.38421630859375,401.29998779296875,405.8999938964844,407.6999816894531,301.1399841308594,57.39052200317383,-1.864227294921875,108866
1640.0,406.3741455078125,401.2799987792969,405.8799743652344,407.6399841308594,301.53997802734375,57.20829391479492,-1.854156494140625,108866
1641.0,406.4771423339844,401.17999267578125,405.8999938964844,407.6999816894531,301.5199890136719,57.10969543457031,-1.977142333984375,108866
1642.0,406.458251953125,401.239990234375,405.91998291015625,407.67999267578125,300.9599914550781,57.574771881103516,-1.91827392578125,108866
1643.0,406.5821533203125,401.2799987792969,405.97998046875,407.739990234375,300.8399963378906,57.60291290283203,-1.982177734375,108866
1644.0,406.60662841796875,401.5,406.0,407.7799987792969,301.1199951171875,57.43809127807617,-1.9266357421875,108866
1645.0,406.62554931640625,401.5,406.0799865722656,407.8399963378906,301.3249816894531,57.36258316040039,-1.905548095703125,108866
1646.0,406.5749816894531,401.5999755859375,406.05999755859375,407.7469787597656,301.47998046875,57.33164978027344,-1.834991455078125,108866
1647.0,406.63238525390625,401.5199890136719,406.03997802734375,407.7799987792969,301.3999938964844,57.291500091552734,-1.912384033203125,108866
1648.0,406.6585998535156,401.5799865722656,406.1199951171875,407.8399963378906,301.44000244140625,57.25343322753906,-1.89862060546875,108866
1649.0,406.63421630859375,401.6399841308594,406.0999755859375,407.8199768066406,301.44000244140625,57.29860305786133,-1.874237060546875,108866
1650.0,406.60296630859375,401.6399841308594,406.05999755859375,407.79998779296875,301.2799987792969,57.250572204589844,-1.882965087890625,108866
1651.0,406.62164306640625,401.6399841308594,406.05999755859375,407.79998779296875,301.364990234375,57.218753814697266,-1.88165283203125,108866
1652.0,406.6214599609375,401.5799865722656,406.05999755859375,407.79998779296875,301.385009765625,57.351280212402344,-1.921478271484375,108866
1653.0,406.71484375,401.5,406.1199951171875,407.8999938964844,300.8800048828125,57.49775314331055,-2.054840087890625,108866
1654.0,406.6689453125,401.44000244140625,406.1399841308594,407.8799743652344,300.97998046875,57.57123565673828,-1.908966064453125,108866
1655.0,406.5904541015625,401.5199890136719,406.1399841308594,407.8599853515625,301.2599792480469,57.751976013183594,-1.79046630859375,108866
1656.0,406.75054931640625,401.5799865722656,406.1999816894531,407.97998046875,300.5,57.808921813964844,-1.910552978515625,108866
1657.0,406.8722839355469,401.6199951171875,406.2200012207031,408.03997802734375,300.44000244140625,57.658199310302734,-2.012298583984375,108866
1658.0,406.7731628417969,401.6600036621094,406.17999267578125,407.94000244140625,300.8599853515625,57.70334243774414,-1.973175048828125,108866
1659.0,406.7742614746094,401.6999816894531,406.2200012207031,407.9599914550781,300.94000244140625,57.605953216552734,-1.914276123046875,108866
1660.0,406.6815185546875,401.7200012207031,406.1600036621094,407.8999938964844,300.91998291015625,57.58024215698242,-1.821533203125,108866
1661.0,406.7561340332031,401.5999755859375,406.1600036621094,407.94000244140625,301.5799865722656,57.23712921142578,-1.97613525390625,108866
1662.0,406.71429443359375,401.6999816894531,406.1999816894531,407.8999938964844,301.55999755859375,57.45309066772461,-1.874298095703125,108866
1663.0,406.7215881347656,401.7799987792969,406.1999816894531,407.8999938964844,301.8999938964844,57.50214385986328,-1.84161376953125,108866
1664.0,406.7498474121094,401.79998779296875,406.2200012207031,407.91998291015625,302.17999267578125,57.40923309326172,-1.849853515625,108866
1665.0,406.7048645019531,401.7200012207031,406.1999816894531,407.8799743652344,301.739990234375,57.50341796875,-1.8648681640625,108866
1666.0,406.7574768066406,401.6399841308594,406.1999816894531,407.97998046875,301.0,57.81154251098633,-1.91748046875,108866
1667.0,406.86065673828125,401.7599792480469,406.2599792480469,408.05999755859375,301.3199768066406,57.60902786254883,-1.920654296875,108866
1668.0,406.79302978515625,401.79998779296875,406.2599792480469,408.0199890136719,301.1199951171875,57.55252456665039,-1.85302734375,108866
1669.0,406.79937744140625,401.739990234375,406.2799987792969,408.0,301.03997802734375,57.67398452758789,-1.87939453125,108866
1670.0,406.8172607421875,401.8399963378906,406.2799987792969,408.0199890136719,301.2200012207031,57.62968444824219,-1.857269287109375,108866
1671.0,406.7542724609375,401.8799743652344,406.239990234375,407.94000244140625,301.2200012207031,57.53334426879883,-1.81427001953125,108866
1672.0,406.81549072265625,401.8199768066406,406.2799987792969,408.0199890136719,301.1999816894531,57.532222747802734,-1.855499267578125,108866
1673.0,406.92633056640625,401.6600036621094,406.3599853515625,408.1199951171875,300.6000061035156,57.674095153808594,-1.94635009765625,108866
1674.0,406.76348876953125,401.6999816894531,406.239990234375,407.97998046875,300.8800048828125,57.68042755126953,-1.863494873046875,108866
1675.0,406.83648681640625,401.6999816894531,406.2599792480469,408.03997802734375,300.864990234375,57.6317138671875,-1.97650146484375,108866
1676.0,406.82257080078125,401.6199951171875,406.2799987792969,408.1199951171875,300.9599914550781,57.83651351928711,-1.982574462890625,108866
1677.0,406.84417724609375,401.7599792480469,406.3599853515625,408.1399841308594,301.2200012207031,57.67348098754883,-1.9241943359375,108866
1678.0,406.8382873535156,401.8999938964844,406.3599853515625,408.0999755859375,301.2049865722656,57.66304397583008,-1.898284912109375,108866
1679.0,406.8627014160156,401.91998291015625,406.3799743652344,408.1399841308594,301.5199890136719,57.46304702758789,-1.84271240234375,108866
1680.0,406.82940673828125,401.8199768066406,406.3599853515625,408.1199951171875,301.6000061035156,57.4807243347168,-1.82940673828125,108866
1681.0,406.8965759277344,401.8199768066406,406.3999938964844,408.17999267578125,301.239990234375,57.72846603393555,-1.836578369140625,108866
1682.0,406.9043884277344,401.91998291015625,406.41998291015625,408.17999267578125,301.5199890136719,57.50434494018555,-1.764404296875,108866
1683.0,406.9378967285156,401.8199768066406,406.3799743652344,408.1999816894531,301.56500244140625,57.45844268798828,-1.897918701171875,108866
1684.0,406.9609680175781,401.79998779296875,406.3799743652344,408.2200012207031,301.79998779296875,57.37464904785156,-1.920989990234375,108866
1685.0,406.9072570800781,401.91998291015625,406.41998291015625,408.1600036621094,301.6600036621094,57.495391845703125,-1.8272705078125,108866
1686.0,406.9620361328125,401.8799743652344,406.41998291015625,408.1600036621094,301.55999755859375,57.471317291259766,-1.92205810546875,108866
1687.0,407.057861328125,401.8199768066406,406.47998046875,408.2200012207031,301.5799865722656,57.483829498291016,-1.99786376953125,108866
1688.0,406.96685791015625,401.91998291015625,406.44000244140625,408.1600036621094,301.67999267578125,57.31869125366211,-1.86688232421875,108866
1689.0,407.0250244140625,401.8599853515625,406.47998046875,408.1999816894531,301.5799865722656,57.26694107055664,-1.96502685546875,108866
1690.0,406.8981628417969,401.8599853515625,406.41998291015625,408.0799865722656,301.8399963378906,57.27706527709961,-1.798187255859375,108866
1691.0,406.9412841796875,401.8999938964844,406.4599914550781,408.1399841308594,301.1000061035156,57.55790710449219,-1.8212890625,108866
1692.0,407.0084228515625,401.8799743652344,406.5,408.1999816894531,301.1449890136719,57.57944107055664,-1.888427734375,108866
1693.0,407.0103454589844,401.94000244140625,406.53997802734375,408.2599792480469,301.3800048828125,57.578304290771484,-1.830352783203125,108866
1694.0,406.9212341308594,401.91998291015625,406.47998046875,408.1269836425781,301.5199890136719,57.435848236083984,-1.801239013671875,108866
1695.0,406.8851623535156,401.97998046875,406.4599914550781,408.1399841308594,301.3199768066406,57.50515365600586,-1.74517822265625,108866
1696.0,406.9832763671875,402.0,406.55999755859375,408.239990234375,300.7599792480469,57.6976203918457,-1.763275146484375,108866
1697.0,407.00982666015625,401.7799987792969,406.5,408.2799987792969,301.3800048828125,57.484161376953125,-1.929840087890625,108866
1698.0,407.0484619140625,401.8799743652344,406.5,408.2599792480469,301.03997802734375,57.550838470458984,-1.948486328125,108866
1699.0,407.137451171875,401.9599914550781,406.5999755859375,408.3799743652344,301.1600036621094,57.520023345947266,-1.917449951171875,108866
1700.0,407.072265625,401.9599914550781,406.5799865722656,408.3999938964844,301.3999938964844,57.41510772705078,-1.89227294921875,108866
1701.0,407.0769348144531,401.9599914550781,406.6199951171875,408.3599853515625,301.55999755859375,57.47991180419922,-1.85693359375,108866
1702.0,406.9894714355469,401.8599853515625,406.5199890136719,408.2070007324219,301.5799865722656,57.53412628173828,-1.869476318359375,108866
1703.0,407.1119384765625,401.94000244140625,406.53997802734375,408.3199768066406,301.5199890136719,57.58303451538086,-1.951934814453125,108866
1704.0,406.9531555175781,401.9599914550781,406.5199890136719,408.2599792480469,301.239990234375,57.62202453613281,-1.753173828125,108866
1705.0,406.9627380371094,401.9599914550781,406.55999755859375,408.2599792480469,301.5,57.498050689697266,-1.802734375,108866
1706.0,407.02203369140625,401.9599914550781,406.53997802734375,408.2599792480469,301.8399963378906,57.529056549072266,-1.862030029296875,108866
1707.0,407.13671875,401.91998291015625,406.5799865722656,408.3599853515625,300.5,57.54437255859375,-1.95672607421875,108866
1708.0,407.1304016113281,401.8799743652344,406.5799865722656,408.3399963378906,301.0199890136719,57.4099235534668,-2.010406494140625,108866
1709.0,407.11810302734375,401.97998046875,406.55999755859375,408.29998779296875,301.29998779296875,57.302764892578125,-1.9381103515625,108866
1710.0,407.17816162109375,401.8999938964844,406.5799865722656,408.3999938964844,300.97998046875,57.55379867553711,-2.05816650390625,108866
1711.0,407.0962219238281,401.97998046875,406.5799865722656,408.29998779296875,300.7649841308594,57.504310607910156,-1.93621826171875,108866
1712.0,406.93707275390625,401.8799743652344,406.47998046875,408.1399841308594,301.29998779296875,57.56922912597656,-1.8770751953125,108866
1713.0,406.9981689453125,402.0,406.5,408.1999816894531,301.3599853515625,57.71482849121094,-1.878173828125,108866
1714.0,407.01416015625,402.0199890136719,406.53997802734375,408.2200012207031,301.739990234375,57.50710678100586,-1.83416748046875,108866
1715.0,407.1115417480469,402.17999267578125,406.6600036621094,408.3199768066406,302.03997802734375,57.413963317871094,-1.77154541015625,108866
1716.0,407.1842041015625,402.1399841308594,406.6399841308594,408.3599853515625,301.94000244140625,57.2921142578125,-1.88421630859375,108866
1717.0,407.0455627441406,402.1399841308594,406.5799865722656,408.29998779296875,301.55999755859375,57.44236373901367,-1.8455810546875,108866
1718.0,407.2392272949219,402.0799865722656,406.6399841308594,408.3999938964844,301.3599853515625,57.64726257324219,-2.01922607421875,108866
1719.0,407.2004089355469,402.1600036621094,406.67999267578125,408.34698486328125,301.7799987792969,57.60367202758789,-1.92041015625,108866
1720.0,407.1989440917969,402.17999267578125,406.7349853515625,408.3799743652344,301.97998046875,57.62807846069336,-1.838958740234375,108866
1721.0,407.27679443359375,402.2599792480469,406.7799987792969,408.4599914550781,302.1999816894531,57.64167404174805,-1.8568115234375,108866
1722.0,407.27716064453125,402.2599792480469,406.79998779296875,408.5,302.05999755859375,57.70433807373047,-1.857177734375,108866
1723.0,407.2641906738281,402.2799987792969,406.7799987792969,408.5,301.5799865722656,57.684288024902344,-1.844207763671875,108866
1724.0,407.38055419921875,402.1600036621094,406.79998779296875,408.5799865722656,301.7599792480469,57.55752944946289,-2.000579833984375,108866
1725.0,407.2150573730469,402.1199951171875,406.7799987792969,408.47998046875,302.1000061035156,57.43094253540039,-1.8350830078125,108866
1726.0,407.1665954589844,402.1600036621094,406.7200012207031,408.3799743652344,302.44000244140625,57.28554153442383,-1.78662109375,108866
1727.0,407.23236083984375,402.2200012207031,406.7599792480469,408.44000244140625,302.4599914550781,57.166831970214844,-1.8123779296875,108866
1728.0,407.25390625,402.2799987792969,406.7799987792969,408.4599914550781,302.7599792480469,57.12629699707031,-1.81390380859375,108866
1729.0,407.2657470703125,402.239990234375,406.739990234375,408.46697998046875,302.3599853515625,57.3265266418457,-1.865753173828125,108866
1730.0,407.2904357910156,402.3199768066406,406.8199768066406,408.5199890136719,301.8399963378906,57.553470611572266,-1.810455322265625,108866
1731.0,407.28662109375,402.3799743652344,406.8599853515625,408.5,301.55999755859375,57.55183029174805,-1.766632080078125,108866
1732.0,407.374267578125,402.3399963378906,406.8199768066406,408.55999755859375,301.6050109863281,57.42205810546875,-1.894287109375,108866
1733.0,407.2284851074219,402.29998779296875,406.739990234375,408.44000244140625,302.0799865722656,57.34968566894531,-1.8284912109375,108866
1734.0,407.4292297363281,402.2599792480469,406.8199768066406,408.5799865722656,301.7599792480469,57.401119232177734,-1.96923828125,108866
1735.0,407.41375732421875,402.29998779296875,406.8799743652344,408.55999755859375,301.6999816894531,57.3681526184082,-1.91375732421875,108866
1736.0,407.4831848144531,402.2599792480469,406.8599853515625,408.5799865722656,301.55999755859375,57.482234954833984,-2.043182373046875,108866
1737.0,407.5519714355469,402.2200012207031,406.91998291015625,408.6999816894531,301.80499267578125,57.52979278564453,-2.071990966796875,108866
1738.0,407.5498962402344,402.1600036621094,406.9599914550781,408.67999267578125,301.7799987792969,57.473793029785156,-2.069915771484375,108866
1739.0,407.5533447265625,402.2799987792969,407.0199890136719,408.7200012207031,301.8199768066406,57.40669631958008,-1.973358154296875,108866
1740.0,407.5758361816406,402.41998291015625,407.05999755859375,408.7200012207031,302.1050109863281,57.35798263549805,-1.895843505859375,108866
1741.0,407.6705017089844,402.44000244140625,407.1199951171875,408.8199768066406,301.739990234375,57.59503173828125,-1.9105224609375,108866
1742.0,407.5928039550781,402.3599853515625,407.03997802734375,408.7799987792969,301.67999267578125,57.668312072753906,-1.93280029296875,108866
1743.0,407.4409484863281,402.3799743652344,406.9599914550781,408.6199951171875,301.67999267578125,57.59563064575195,-1.8609619140625,108866
1744.0,407.4706726074219,402.3799743652344,406.97998046875,408.6999816894531,301.8599853515625,57.70181655883789,-1.870697021484375,108866
1745.0,407.3785400390625,402.3799743652344,406.97998046875,408.6399841308594,302.2850036621094,57.270633697509766,-1.738555908203125,108866
1746.0,407.5451965332031,402.44000244140625,407.05999755859375,408.7599792480469,301.9849853515625,57.37284851074219,-1.865203857421875,108866
1747.0,407.55694580078125,402.5,407.0199890136719,408.7200012207031,301.3399963378906,57.71023178100586,-1.93695068359375,108866
1748.0,407.5008850097656,402.6199951171875,407.0,408.6999816894531,301.8399963378906,57.75563430786133,-1.84088134765625,108866
1749.0,407.6703186035156,402.4599914550781,407.0199890136719,408.8199768066406,301.739990234375,57.73405075073242,-2.09033203125,108866
1750.0,407.5855712890625,402.3399963378906,407.0,408.7599792480469,302.0799865722656,57.44180679321289,-2.04559326171875,108866
1751.0,407.5035400390625,402.2799987792969,407.0199890136719,408.6999816894531,301.8399963378906,57.554847717285156,-1.923553466796875,108866
1752.0,407.4040222167969,402.2799987792969,406.9599914550781,408.58697509765625,301.91998291015625,57.61239242553711,-1.784027099609375,108866
1753.0,407.511962890625,402.3799743652344,407.1199951171875,408.67999267578125,302.17999267578125,57.577152252197266,-1.731964111328125,108866
1754.0,407.4762878417969,402.41998291015625,407.1199951171875,408.739990234375,302.53997802734375,57.532981872558594,-1.65631103515625,108866
1755.0,407.6178894042969,402.53997802734375,407.1600036621094,408.8199768066406,302.5799865722656,57.35108184814453,-1.757904052734375,108866
1756.0,407.7524108886719,402.5799865722656,407.239990234375,408.91998291015625,302.3199768066406,57.46050262451172,-1.8524169921875,108866
1757.0,407.7001037597656,402.67999267578125,407.1999816894531,408.8399963378906,301.8249816894531,57.630123138427734,-1.80010986328125,108866
1758.0,407.72283935546875,402.53997802734375,407.17999267578125,408.9599914550781,302.1199951171875,57.47747039794922,-1.942840576171875,108866
1759.0,407.6053161621094,402.5199890136719,407.1399841308594,408.8799743652344,301.2599792480469,57.755287170410156,-1.805328369140625,108866
1760.0,407.5785827636719,402.6399841308594,407.1600036621094,408.8199768066406,301.7799987792969,57.75809860229492,-1.718597412109375,108866
1761.0,407.5296936035156,402.6600036621094,407.17999267578125,408.7799987792969,302.0199890136719,57.3892707824707,-1.62969970703125,108866
1762.0,407.5321350097656,402.53997802734375,407.1199951171875,408.7799987792969,301.8800048828125,57.35882568359375,-1.732147216796875,108866
1763.0,407.564453125,402.4599914550781,407.05999755859375,408.7799987792969,301.47998046875,57.56399917602539,-1.824462890625,108866
1764.0,407.5795593261719,402.4599914550781,407.0799865722656,408.79998779296875,301.625,57.606224060058594,-1.85955810546875,108866
1765.0,407.56500244140625,402.41998291015625,407.0199890136719,408.7599792480469,301.3800048828125,57.613765716552734,-1.865020751953125,108866
1766.0,407.5615539550781,402.55999755859375,407.05999755859375,408.7799987792969,301.7200012207031,57.58617401123047,-1.821563720703125,108866
1767.0,407.6276550292969,402.6399841308594,407.1199951171875,408.8199768066406,301.7850036621094,57.70111846923828,-1.80767822265625,108866
1768.0,407.5478210449219,402.6199951171875,407.05999755859375,408.7599792480469,301.6050109863281,57.57258224487305,-1.767822265625,108866
1769.0,407.4007263183594,402.6600036621094,406.97998046875,408.5999755859375,301.7850036621094,57.466835021972656,-1.6407470703125,108866
1770.0,407.5625305175781,402.6399841308594,407.0199890136719,408.7200012207031,301.55999755859375,57.52959060668945,-1.822540283203125,108866
1771.0,407.51788330078125,402.6999816894531,407.05999755859375,408.7200012207031,301.5249938964844,57.58648681640625,-1.677886962890625,108866
1772.0,407.6118469238281,402.53997802734375,407.0799865722656,408.8199768066406,301.6399841308594,57.49547576904297,-1.891845703125,108866
1773.0,407.6646423339844,402.3599853515625,407.0999755859375,408.8999938964844,301.6050109863281,57.606143951416016,-1.96466064453125,108866
1774.0,407.7087097167969,402.2200012207031,407.0799865722656,408.91998291015625,301.4649963378906,57.4102897644043,-2.088714599609375,108866
1775.0,407.7575988769531,402.29998779296875,407.1399841308594,408.9599914550781,301.44000244140625,57.55723190307617,-2.09759521484375,108866
1776.0,407.74554443359375,402.3999938964844,407.1600036621094,408.9469909667969,301.239990234375,57.736122131347656,-2.045562744140625,108866
1777.0,407.735595703125,402.5199890136719,407.2200012207031,408.96697998046875,301.3999938964844,57.683349609375,-1.955596923828125,108866
1778.0,407.74053955078125,402.3599853515625,407.1399841308594,408.94000244140625,301.4599914550781,57.719539642333984,-2.040557861328125,108866
1779.0,407.667236328125,402.53997802734375,407.1600036621094,408.8799743652344,301.5799865722656,57.80792999267578,-1.887237548828125,108866
1780.0,407.6412353515625,402.5,407.1399841308594,408.8799743652344,301.385009765625,57.76494216918945,-1.9012451171875,108866
1781.0,407.82293701171875,402.3599853515625,407.2200012207031,409.03997802734375,301.29998779296875,57.568294525146484,-2.042938232421875,108866
1782.0,407.7212219238281,402.41998291015625,407.17999267578125,408.91998291015625,301.17999267578125,57.724266052246094,-1.921234130859375,108866
1783.0,407.68194580078125,402.5,407.1600036621094,408.8999938964844,301.3199768066406,57.6685905456543,-1.841949462890625,108866
1784.0,407.6626892089844,402.5799865722656,407.1199951171875,408.8599853515625,301.4049987792969,57.730743408203125,-1.84271240234375,108866
1785.0,407.7541809082031,402.5199890136719,407.1399841308594,408.97998046875,301.6399841308594,57.80238723754883,-1.99420166015625,108866
1786.0,407.677978515625,402.55999755859375,407.17999267578125,408.8799743652344,302.03997802734375,57.73050308227539,-1.917999267578125,108866
1787.0,407.6594543457031,402.6399841308594,407.2599792480469,408.8999938964844,302.0,57.820499420166016,-1.739471435546875,108866
1788.0,407.8037109375,402.7599792480469,407.29998779296875,409.03997802734375,302.17999267578125,57.979164123535156,-1.86370849609375,108866
1789.0,407.88916015625,402.8799743652344,407.3599853515625,409.1199951171875,302.1050109863281,58.044979095458984,-1.84918212890625,108866
1790.0,407.84930419921875,402.8399963378906,407.2799987792969,409.03997802734375,301.6999816894531,58.0921516418457,-1.889312744140625,108866
1791.0,407.83233642578125,402.79998779296875,407.239990234375,409.03997802734375,301.6600036621094,57.995384216308594,-1.912353515625,108866
1792.0,407.74407958984375,402.6600036621094,407.1999816894531,409.0199890136719,301.5,57.95756530761719,-1.88409423828125,108866
1793.0,407.80181884765625,402.67999267578125,407.239990234375,409.03997802734375,301.1199951171875,58.1297721862793,-1.901824951171875,108866
1794.0,407.74334716796875,402.8399963378906,407.2799987792969,409.0,301.4599914550781,58.1636962890625,-1.723358154296875,108866
1795.0,407.71307373046875,402.7599792480469,407.2749938964844,408.94000244140625,301.1999816894531,58.23136520385742,-1.71307373046875,108866
1796.0,407.8085632324219,402.5999755859375,407.29998779296875,409.03997802734375,301.54498291015625,58.03258514404297,-1.888580322265625,108866
1797.0,407.8988037109375,402.5999755859375,407.3399963378906,409.0999755859375,301.44000244140625,57.86871337890625,-1.938812255859375,108866
1798.0,407.99237060546875,402.5,407.3399963378906,409.2200012207031,301.2200012207031,57.99778747558594,-2.0523681640625,108866
1799.0,407.889892578125,402.5799865722656,407.3199768066406,409.1399841308594,301.17999267578125,57.95588302612305,-1.94989013671875,108866
1800.0,407.9615783691406,402.67999267578125,407.3599853515625,409.1600036621094,301.2799987792969,57.852603912353516,-1.961578369140625,108866
1801.0,407.9355163574219,402.6399841308594,407.3799743652344,409.1199951171875,301.1199951171875,57.8558464050293,-1.955535888671875,108866
1802.0,407.9800720214844,402.5199890136719,407.3599853515625,409.1669921875,301.239990234375,57.84976577758789,-2.02008056640625,108866
1803.0,407.98468017578125,402.5,407.43499755859375,409.2070007324219,300.91998291015625,58.07141876220703,-2.024688720703125,108866
1804.0,408.0229187011719,402.67999267578125,407.5,409.2599792480469,301.41998291015625,58.01145553588867,-1.922943115234375,108866
1805.0,407.9581298828125,402.739990234375,407.44000244140625,409.1999816894531,301.2200012207031,58.2130012512207,-1.878143310546875,108866
1806.0,407.8802490234375,402.8599853515625,407.41998291015625,409.1199951171875,301.3399963378906,58.15956115722656,-1.76025390625,108866
1807.0,407.8733825683594,402.79998779296875,407.41497802734375,409.1199951171875,301.3399963378906,58.085426330566406,-1.79339599609375,108866
1808.0,407.9723205566406,402.8399963378906,407.41998291015625,409.1399841308594,301.44000244140625,57.97279357910156,-1.872344970703125,108866
1809.0,407.90850830078125,402.739990234375,407.3199768066406,409.1399841308594,301.42498779296875,58.123722076416016,-1.988525390625,108866
1810.0,407.89520263671875,402.7200012207031,407.3599853515625,409.1199951171875,301.8399963378906,58.13007736206055,-1.935211181640625,108866
1811.0,407.8560791015625,402.6999816894531,407.2799987792969,409.05999755859375,301.7799987792969,58.03522491455078,-1.896087646484375,108866
1812.0,407.9009704589844,402.8199768066406,407.3399963378906,409.0799865722656,302.1199951171875,58.06612777709961,-1.860992431640625,108866
1813.0,407.813232421875,402.79998779296875,407.2799987792969,408.97998046875,302.2200012207031,58.1041259765625,-1.813232421875,108866
1814.0,407.9085388183594,403.0,407.3599853515625,409.0799865722656,302.6600036621094,58.189483642578125,-1.808563232421875,108866
1815.0,408.0138244628906,403.0799865722656,407.4599914550781,409.17999267578125,302.6600036621094,58.25344467163086,-1.85382080078125,108866
1816.0,408.04974365234375,402.97998046875,407.47998046875,409.2200012207031,302.2799987792969,58.12611770629883,-1.92974853515625,108866
1817.0,407.99310302734375,403.05999755859375,407.53997802734375,409.2200012207031,301.8800048828125,58.23898696899414,-1.773101806640625,108866
1818.0,408.0777587890625,403.1399841308594,407.53997802734375,409.2599792480469,302.1600036621094,57.991424560546875,-1.817779541015625,108866
1819.0,408.166748046875,403.239990234375,407.5999755859375,409.3599853515625,302.1199951171875,58.00181579589844,-1.8067626953125,108866
1820.0,408.1192626953125,403.1999816894531,407.5799865722656,409.29998779296875,301.8199768066406,58.00878143310547,-1.799285888671875,108866
1821.0,408.1106262207031,403.239990234375,407.53997802734375,409.2599792480469,301.9049987792969,58.129249572753906,-1.83062744140625,108866
1822.0,408.07855224609375,403.0799865722656,407.5,409.2200012207031,301.8199768066406,57.77246856689453,-1.878570556640625,108866
1823.0,407.97100830078125,403.05999755859375,407.5,409.1399841308594,301.8399963378906,57.821136474609375,-1.771026611328125,108866
1824.0,408.05145263671875,403.0,407.5199890136719,409.239990234375,301.6399841308594,57.93784713745117,-1.8714599609375,108866
1825.0,408.12689208984375,402.8599853515625,407.5199890136719,409.2799987792969,301.41998291015625,57.87507629394531,-2.02691650390625,108866
1826.0,408.15966796875,402.91998291015625,407.6399841308594,409.3799743652344,301.92498779296875,57.69368362426758,-1.919677734375,108866
1827.0,408.0818786621094,402.8199768066406,407.55999755859375,409.3399963378906,301.79998779296875,57.66116714477539,-1.961883544921875,108866
1828.0,408.09613037109375,402.8999938964844,407.55999755859375,409.29998779296875,301.5199890136719,57.82706832885742,-1.956146240234375,108866
1829.0,408.0142517089844,403.1199951171875,407.5799865722656,409.1999816894531,301.6199951171875,57.921905517578125,-1.79425048828125,108866
1830.0,408.0874938964844,403.2799987792969,407.6399841308594,409.2799987792969,301.739990234375,57.98282241821289,-1.76751708984375,108866
1831.0,408.1128845214844,403.3599853515625,407.6399841308594,409.239990234375,302.4049987792969,57.695709228515625,-1.752899169921875,108866
1832.0,408.0095520019531,403.41998291015625,407.5999755859375,409.1999816894531,302.8199768066406,57.59070587158203,-1.60955810546875,108866
1833.0,408.06561279296875,403.3799743652344,407.5799865722656,409.2799987792969,302.7649841308594,57.718788146972656,-1.725616455078125,108866
1834.0,407.9591979980469,403.2200012207031,407.5199890136719,409.2200012207031,302.7200012207031,57.8616828918457,-1.69921875,108866
1835.0,408.03802490234375,403.17999267578125,407.5,409.239990234375,302.7799987792969,57.967220306396484,-1.8580322265625,108866
1836.0,408.23297119140625,403.0999755859375,407.6199951171875,409.3999938964844,302.7799987792969,57.850059509277344,-1.99298095703125,108866
1837.0,408.3139343261719,403.0199890136719,407.67999267578125,409.53997802734375,302.67999267578125,57.66694641113281,-2.073944091796875,108866
1838.0,408.222900390625,403.239990234375,407.6600036621094,409.41998291015625,302.79998779296875,57.82878875732422,-1.92291259765625,108866
1839.0,408.2044677734375,403.1199951171875,407.6399841308594,409.44000244140625,303.1000061035156,57.76327133178711,-1.9644775390625,108866
1840.0,408.263671875,403.05999755859375,407.6999816894531,409.5199890136719,302.7449951171875,57.75728988647461,-1.96368408203125,108866
1841.0,408.2677001953125,403.0,407.6600036621094,409.47998046875,302.6600036621094,57.720218658447266,-2.067718505859375,108866
1842.0,408.17071533203125,402.97998046875,407.5999755859375,409.3999938964844,302.8399963378906,57.64772415161133,-1.99072265625,108866
1843.0,408.1246032714844,403.05999755859375,407.5799865722656,409.3399963378906,303.239990234375,57.61021041870117,-1.944610595703125,108866
1844.0,408.2159118652344,403.2799987792969,407.6600036621094,409.44000244140625,303.41998291015625,57.56830596923828,-1.855926513671875,108866
1845.0,408.2132873535156,403.2200012207031,407.6399841308594,409.3799743652344,303.7200012207031,57.36587905883789,-1.93328857421875,108866
1846.0,408.20477294921875,403.1399841308594,407.6399841308594,409.41998291015625,303.7799987792969,57.43906021118164,-1.944793701171875,108866
1847.0,408.16595458984375,403.17999267578125,407.6999816894531,409.3999938964844,303.8199768066406,57.54743957519531,-1.865966796875,108866
1848.0,408.30560302734375,403.239990234375,407.79998779296875,409.5799865722656,303.7799987792969,57.491634368896484,-1.925628662109375,108866
1849.0,408.2398681640625,403.1199951171875,407.7200012207031,409.4599914550781,303.1600036621094,57.777366638183594,-1.959869384765625,108866
1850.0,408.3060607910156,403.2799987792969,407.7599792480469,409.5,303.3399963378906,57.915279388427734,-1.92608642578125,108866
1851.0,408.24951171875,403.2799987792969,407.7200012207031,409.5,303.91998291015625,57.63227844238281,-1.8895263671875,108866
1852.0,408.4043884277344,403.44000244140625,407.8999938964844,409.6399841308594,303.97998046875,57.466373443603516,-1.804412841796875,108866
1853.0,408.2774963378906,403.44000244140625,407.8399963378906,409.5,304.0799865722656,57.31699752807617,-1.737518310546875,108866
1854.0,408.3932800292969,403.44000244140625,407.8999938964844,409.5799865722656,304.1000061035156,57.291725158691406,-1.833282470703125,108866
1855.0,408.3106994628906,403.41998291015625,407.8799743652344,409.4599914550781,304.1199951171875,57.09540939331055,-1.79071044921875,108866
1856.0,408.2674865722656,403.3599853515625,407.8399963378906,409.4599914550781,303.864990234375,57.11625671386719,-1.827484130859375,108866
1857.0,408.2800598144531,403.3799743652344,407.8399963378906,409.4469909667969,303.9599914550781,57.07964324951172,-1.800079345703125,108866
1858.0,408.19219970703125,403.41998291015625,407.8399963378906,409.47998046875,304.1999816894531,57.16078567504883,-1.672210693359375,108866
1859.0,408.2867431640625,403.3999938964844,407.8199768066406,409.47998046875,304.2049865722656,57.321903228759766,-1.826751708984375,108866
1860.0,408.2015686035156,403.41998291015625,407.8399963378906,409.47998046875,304.2200012207031,57.400115966796875,-1.68157958984375,108866
1861.0,408.2912902832031,403.3999938964844,407.8399963378906,409.5,304.1000061035156,57.55723571777344,-1.791290283203125,108866
1862.0,408.3005676269531,403.3399963378906,407.79998779296875,409.5,304.1600036621094,57.51686477661133,-1.880584716796875,108866
1863.0,408.1464538574219,403.41998291015625,407.7599792480469,409.3599853515625,304.3599853515625,57.51845932006836,-1.68646240234375,108866
1864.0,408.2201843261719,403.3199768066406,407.79998779296875,409.44000244140625,304.17999267578125,57.51044845581055,-1.780181884765625,108866
1865.0,408.3213806152344,403.3199768066406,407.8199768066406,409.47998046875,304.29998779296875,57.49978256225586,-1.901397705078125,108866
1866.0,408.5304260253906,403.3999938964844,407.91998291015625,409.67999267578125,303.739990234375,57.701629638671875,-1.990447998046875,108866
1867.0,408.43414306640625,403.47998046875,407.91998291015625,409.6199951171875,303.3599853515625,57.80300521850586,-1.854156494140625,108866
1868.0,408.4455261230469,403.3599853515625,407.8999938964844,409.6399841308594,303.2799987792969,57.767513275146484,-1.965545654296875,108866
1869.0,408.4754333496094,403.41998291015625,407.97998046875,409.6399841308594,303.2599792480469,57.54933166503906,-1.935455322265625,108866
1870.0,408.5154724121094,403.41998291015625,407.94000244140625,409.67999267578125,303.7200012207031,57.438133239746094,-1.975494384765625,108866
1871.0,408.52374267578125,403.3999938964844,407.91998291015625,409.67999267578125,303.8450012207031,57.43153381347656,-1.9837646484375,108866
1872.0,408.6507568359375,403.41998291015625,408.03997802734375,409.8399963378906,303.7599792480469,57.69099426269531,-2.05078125,108866
1873.0,408.62164306640625,403.3999938964844,408.0199890136719,409.79998779296875,303.29998779296875,57.95406723022461,-2.00164794921875,108866
1874.0,408.6468200683594,403.53997802734375,408.03997802734375,409.8399963378906,303.6000061035156,57.83567428588867,-1.98681640625,108866
1875.0,408.5978698730469,403.5999755859375,408.0,409.8399963378906,303.91998291015625,57.64144515991211,-1.89788818359375,108866
1876.0,408.7427978515625,403.6199951171875,408.1399841308594,409.94000244140625,304.1399841308594,57.62191390991211,-2.0028076171875,108866
1877.0,408.74853515625,403.53997802734375,408.1399841308594,409.8999938964844,303.5,57.565975189208984,-2.008544921875,108866
1878.0,408.60076904296875,403.5999755859375,408.1199951171875,409.79998779296875,303.885009765625,57.417320251464844,-1.86077880859375,108866
1879.0,408.7823486328125,403.6600036621094,408.2200012207031,410.0,303.7200012207031,57.46568298339844,-1.962371826171875,108866
1880.0,408.5894470214844,403.6399841308594,408.1600036621094,409.8599853515625,304.03997802734375,57.42923355102539,-1.8094482421875,108866
1881.0,408.65130615234375,403.5999755859375,408.1199951171875,409.8599853515625,304.17999267578125,57.4246711730957,-1.891326904296875,108866
1882.0,408.71453857421875,403.7200012207031,408.1999816894531,409.9599914550781,304.55999755859375,57.413211822509766,-1.85455322265625,108866
1883.0,408.6693420410156,403.6399841308594,408.1999816894531,409.97998046875,304.7799987792969,57.319313049316406,-1.829345703125,108866
1884.0,408.8399353027344,403.7599792480469,408.3399963378906,410.05999755859375,304.5249938964844,57.58100509643555,-1.859954833984375,108866
1885.0,408.9101257324219,403.8599853515625,408.3799743652344,410.1199951171875,303.97998046875,57.4501838684082,-1.89013671875,108866
1886.0,408.8997497558594,403.7200012207031,408.2599792480469,410.0799865722656,303.8800048828125,57.4715461730957,-2.05975341796875,108866
1887.0,408.87945556640625,403.5,408.2799987792969,410.1600036621094,303.739990234375,57.87614059448242,-2.059478759765625,108866
1888.0,408.7371826171875,403.55999755859375,408.2200012207031,410.0199890136719,303.8399963378906,57.820213317871094,-1.897186279296875,108866
1889.0,408.58770751953125,403.5,408.05999755859375,409.8999938964844,303.739990234375,57.79369354248047,-1.917724609375,108866
1890.0,408.6862487792969,403.41998291015625,408.114990234375,409.91998291015625,304.0799865722656,57.40606689453125,-2.006256103515625,108866
1891.0,408.69049072265625,403.5199890136719,408.0999755859375,409.8999938964844,304.29998779296875,57.464996337890625,-1.990509033203125,108866
1892.0,408.7327880859375,403.6999816894531,408.17999267578125,409.9599914550781,304.53997802734375,57.446632385253906,-1.892791748046875,108866
1893.0,408.7556457519531,403.6199951171875,408.1600036621094,409.91998291015625,304.44000244140625,57.51280975341797,-1.9156494140625,108866
1894.0,408.8139953613281,403.67999267578125,408.239990234375,409.9599914550781,304.2799987792969,57.639976501464844,-1.91400146484375,108866
1895.0,408.79052734375,403.6199951171875,408.2200012207031,409.94000244140625,304.17999267578125,57.69430160522461,-1.9305419921875,108866
1896.0,408.83721923828125,403.72998046875,408.2599792480469,409.94000244140625,304.29998779296875,57.61359405517578,-1.937225341796875,108866
1897.0,408.9212646484375,403.79998779296875,408.3399963378906,410.05999755859375,304.5,57.756858825683594,-1.9412841796875,108866
1898.0,408.8884582519531,403.79998779296875,408.3599853515625,410.0199890136719,304.05999755859375,57.79084777832031,-1.928466796875,108866
1899.0,408.9156494140625,403.67999267578125,408.3399963378906,410.1199951171875,303.3199768066406,57.80231475830078,-1.99566650390625,108866
1900.0,408.8191833496094,403.4599914550781,408.29998779296875,410.0799865722656,303.6449890136719,57.87692642211914,-1.97918701171875,108866
1901.0,408.7393493652344,403.44000244140625,408.239990234375,409.9599914550781,302.97998046875,57.93928909301758,-1.9793701171875,108866
1902.0,408.7269592285156,403.41998291015625,408.2200012207031,409.9599914550781,303.0199890136719,57.86703109741211,-1.94696044921875,108866
1903.0,408.76983642578125,403.3799743652344,408.2599792480469,410.0199890136719,303.1199951171875,57.78212356567383,-1.949859619140625,108866
1904.0,408.7882080078125,403.44000244140625,408.29998779296875,410.0799865722656,302.68499755859375,57.913414001464844,-1.92822265625,108866
1905.0,408.7317199707031,403.29998779296875,408.239990234375,410.03997802734375,302.91998291015625,57.6795654296875,-1.991729736328125,108866
1906.0,408.74609375,403.41998291015625,408.2599792480469,410.0799865722656,303.29998779296875,57.8172607421875,-1.966094970703125,108866
1907.0,408.6202087402344,403.44000244140625,408.239990234375,409.97998046875,303.47998046875,57.60319900512695,-1.820220947265625,108866
1908.0,408.892822265625,403.5799865722656,408.3799743652344,410.1399841308594,303.79998779296875,57.49859619140625,-1.95281982421875,108866
1909.0,408.9426574707031,403.7599792480469,408.3999938964844,410.1600036621094,303.80499267578125,57.54464340209961,-1.962677001953125,108866
1910.0,409.0489196777344,403.6600036621094,408.41998291015625,410.239990234375,303.1999816894531,57.6924934387207,-2.068939208984375,108866
1911.0,408.92486572265625,403.739990234375,408.3599853515625,410.0999755859375,302.6399841308594,57.86144256591797,-1.94488525390625,108866
1912.0,408.9165344238281,403.739990234375,408.3399963378906,410.0799865722656,302.97998046875,57.762733459472656,-1.95654296875,108866
1913.0,408.88287353515625,403.8199768066406,408.3599853515625,410.0799865722656,303.17999267578125,57.73255920410156,-1.8428955078125,108866
1914.0,408.8582763671875,403.7799987792969,408.3399963378906,410.0999755859375,302.79998779296875,57.64224624633789,-1.8582763671875,108866
1915.0,408.84637451171875,403.5799865722656,408.29998779296875,410.1269836425781,302.7599792480469,57.60919952392578,-2.006378173828125,108866
1916.0,408.84893798828125,403.6399841308594,408.3199768066406,410.0999755859375,302.864990234375,57.55674362182617,-1.948944091796875,108866
1917.0,408.81427001953125,403.5999755859375,408.29998779296875,410.05999755859375,302.41998291015625,57.590484619140625,-1.994293212890625,108866
1918.0,408.8214416503906,403.41998291015625,408.29998779296875,410.05999755859375,301.97998046875,57.88266372680664,-2.04144287109375,108866
1919.0,408.8818054199219,403.4599914550781,408.3199768066406,410.0799865722656,302.1449890136719,57.781654357910156,-2.04180908203125,108866
1920.0,408.80743408203125,403.55999755859375,408.29998779296875,410.03997802734375,302.42498779296875,57.63727569580078,-1.94744873046875,108866
1921.0,408.7982177734375,403.6199951171875,408.29998779296875,410.03997802734375,302.94000244140625,57.59177780151367,-1.898223876953125,108866
1922.0,408.85107421875,403.55999755859375,408.3199768066406,410.0799865722656,302.7599792480469,57.657310485839844,-1.951080322265625,108866
1923.0,408.97198486328125,403.53997802734375,408.3599853515625,410.1199951171875,302.8249816894531,57.686737060546875,-2.052001953125,108866
1924.0,408.9963073730469,403.7200012207031,408.41998291015625,410.1600036621094,302.94000244140625,57.63895034790039,-1.956329345703125,108866
1925.0,408.9960632324219,403.6199951171875,408.41998291015625,410.239990234375,302.03997802734375,57.87737274169922,-2.076080322265625,108866
1926.0,408.9046936035156,403.7200012207031,408.3999938964844,410.1399841308594,302.4599914550781,57.70634078979492,-1.964691162109375,108866
1927.0,408.9098815917969,403.67999267578125,408.3799743652344,410.17999267578125,303.06500244140625,57.47405242919922,-1.969879150390625,108866
1928.0,409.0354919433594,403.8599853515625,408.5199890136719,410.29998779296875,302.5199890136719,57.728477478027344,-1.83551025390625,108866
1929.0,409.0987548828125,403.6399841308594,408.5199890136719,410.3999938964844,301.6600036621094,57.997310638427734,-2.078765869140625,108866
1930.0,409.1326599121094,403.53997802734375,408.55999755859375,410.3799743652344,302.29998779296875,57.67850875854492,-2.072662353515625,108866
1931.0,408.98834228515625,403.5799865722656,408.5199890136719,410.2599792480469,302.57000732421875,57.58944320678711,-1.9283447265625,108866
1932.0,408.9300842285156,403.53997802734375,408.41998291015625,410.1999816894531,302.53997802734375,57.635162353515625,-1.9700927734375,108866
1933.0,409.0643615722656,403.53997802734375,408.47998046875,410.29998779296875,301.94000244140625,57.84719467163086,-2.064361572265625,108866
1934.0,409.0228576660156,403.6999816894531,408.5799865722656,410.2599792480469,302.1600036621094,57.56766891479492,-1.902862548828125,108866
1935.0,408.8645324707031,403.6600036621094,408.4599914550781,410.1600036621094,302.1600036621094,57.50934600830078,-1.804534912109375,108866
1936.0,408.9064025878906,403.6600036621094,408.5,410.17999267578125,301.97998046875,57.68851089477539,-1.826416015625,108866
1937.0,409.06982421875,403.55999755859375,408.5199890136719,410.3199768066406,301.3599853515625,57.741905212402344,-1.989837646484375,108866
1938.0,408.9947814941406,403.5199890136719,408.4599914550781,410.2799987792969,301.6399841308594,57.745784759521484,-2.0347900390625,108866
1939.0,409.000244140625,403.5,408.3999938964844,410.239990234375,302.0199890136719,57.773414611816406,-2.120269775390625,108866
1940.0,409.09844970703125,403.5999755859375,408.4599914550781,410.29998779296875,302.06500244140625,57.922691345214844,-2.138458251953125,108866
1941.0,409.0853576660156,403.5799865722656,408.47998046875,410.3399963378906,302.41998291015625,57.87208557128906,-2.105377197265625,108866
1942.0,409.10760498046875,403.6999816894531,408.5999755859375,410.3599853515625,302.2200012207031,57.804161071777344,-1.98760986328125,108866
1943.0,409.2810974121094,403.6600036621094,408.7599792480469,410.5,302.79998779296875,57.79983901977539,-2.06109619140625,108866
1944.0,409.1860656738281,403.79998779296875,408.739990234375,410.3999938964844,302.239990234375,57.79239273071289,-1.886077880859375,108866
1945.0,409.34283447265625,403.7200012207031,408.67999267578125,410.5,301.91998291015625,57.74044418334961,-2.10284423828125,108866
1946.0,409.29522705078125,403.7799987792969,408.67999267578125,410.4599914550781,301.6199951171875,57.839298248291016,-2.095245361328125,108866
1947.0,409.289306640625,403.8199768066406,408.67999267578125,410.44000244140625,301.8199768066406,57.932518005371094,-2.129302978515625,108866
1948.0,409.24908447265625,403.55999755859375,408.6399841308594,410.44000244140625,302.1999816894531,57.77785110473633,-2.15911865234375,108866
1949.0,409.11077880859375,403.53997802734375,408.5799865722656,410.3399963378906,302.625,57.71329116821289,-2.01080322265625,108866
1950.0,409.2312316894531,403.41998291015625,408.5799865722656,410.41998291015625,302.79998779296875,57.61631774902344,-2.191253662109375,108866
1951.0,409.24560546875,403.5199890136719,408.5799865722656,410.3999938964844,302.7799987792969,57.635135650634766,-2.225616455078125,108866
1952.0,409.3047180175781,403.5999755859375,408.6600036621094,410.4599914550781,302.6399841308594,57.79921340942383,-2.16473388671875,108866
1953.0,409.28851318359375,403.6600036621094,408.6600036621094,410.44000244140625,302.625,57.831356048583984,-2.128509521484375,108866
1954.0,409.32794189453125,403.7599792480469,408.7599792480469,410.5,301.97998046875,58.073204040527344,-2.14794921875,108866
1955.0,409.21795654296875,403.7200012207031,408.6600036621094,410.41998291015625,302.1199951171875,58.019378662109375,-2.077972412109375,108866
1956.0,409.2629089355469,403.8799743652344,408.7200012207031,410.44000244140625,302.0199890136719,58.14398956298828,-2.022918701171875,108866
1957.0,409.1330261230469,403.7799987792969,408.5999755859375,410.29998779296875,301.864990234375,57.94780731201172,-2.013031005859375,108866
1958.0,409.0574645996094,403.7799987792969,408.5799865722656,410.239990234375,302.2799987792969,57.89649963378906,-1.91748046875,108866
1959.0,409.2099609375,403.8599853515625,408.7599792480469,410.3999938964844,301.6199951171875,58.039031982421875,-1.8499755859375,108866
1960.0,409.2556457519531,403.79998779296875,408.6999816894531,410.3999938964844,301.6999816894531,58.02920150756836,-2.0556640625,108866
1961.0,409.31298828125,403.7599792480469,408.6999816894531,410.4599914550781,302.17999267578125,58.01145935058594,-2.13299560546875,108866
1962.0,409.241943359375,403.8399963378906,408.6600036621094,410.44000244140625,302.385009765625,57.91018295288086,-2.021942138671875,108866
1963.0,409.2156677246094,403.8199768066406,408.6399841308594,410.3999938964844,302.3399963378906,57.90812301635742,-1.99566650390625,108866
1964.0,409.19012451171875,403.79998779296875,408.5999755859375,410.3799743652344,301.79998779296875,58.215423583984375,-2.030120849609375,108866
1965.0,409.21307373046875,403.8599853515625,408.6199951171875,410.3799743652344,301.92498779296875,58.34352493286133,-2.0330810546875,108866
1966.0,409.1639099121094,403.8399963378906,408.5999755859375,410.3799743652344,301.8199768066406,58.30311965942383,-1.983917236328125,108866
1967.0,409.1959533691406,403.8399963378906,408.5999755859375,410.3599853515625,302.1650085449219,58.144012451171875,-2.015960693359375,108866
1968.0,409.230224609375,403.91998291015625,408.6399841308594,410.41998291015625,302.5799865722656,57.78756332397461,-2.010223388671875,108866
1969.0,409.2203063964844,403.91998291015625,408.6600036621094,410.3999938964844,302.6399841308594,57.875267028808594,-1.9403076171875,108866
1970.0,409.2424011230469,403.8799743652344,408.6399841308594,410.41998291015625,302.5050048828125,57.95731735229492,-2.002410888671875,108866
1971.0,409.3239440917969,403.8799743652344,408.7200012207031,410.53997802734375,302.7049865722656,57.89329528808594,-2.00396728515625,108866
1972.0,409.32952880859375,404.0,408.7799987792969,410.5799865722656,302.7599792480469,57.94871139526367,-1.949554443359375,108866
1973.0,409.3712158203125,404.0799865722656,408.8199768066406,410.5799865722656,302.3199768066406,57.988555908203125,-1.94122314453125,108866
1974.0,409.4263000488281,404.1199951171875,408.8399963378906,410.5799865722656,302.364990234375,58.05580520629883,-2.006317138671875,108866
1975.0,409.5000305175781,404.2200012207031,408.94000244140625,410.6600036621094,302.53997802734375,57.85033416748047,-1.98004150390625,108866
1976.0,409.4795837402344,404.17999267578125,408.94000244140625,410.6600036621094,302.79998779296875,57.80656051635742,-1.9595947265625,108866
1977.0,409.5295104980469,404.03997802734375,408.94000244140625,410.739990234375,302.7200012207031,57.8409423828125,-2.029510498046875,108866
1978.0,409.50830078125,404.0199890136719,408.94000244140625,410.6999816894531,302.625,57.98074722290039,-2.0283203125,108866
1979.0,409.5050048828125,404.0999755859375,408.8999938964844,410.6600036621094,302.6650085449219,57.988624572753906,-2.0250244140625,108866
1980.0,409.5135192871094,404.0199890136719,408.8799743652344,410.6999816894531,302.1999816894531,58.18182373046875,-2.133544921875,108866
1981.0,409.55389404296875,403.97998046875,408.94000244140625,410.739990234375,302.8399963378906,57.98481750488281,-2.1339111328125,108866
1982.0,409.5572509765625,403.9599914550781,408.8799743652344,410.739990234375,302.9599914550781,57.908485412597656,-2.177276611328125,108866
1983.0,409.64739990234375,404.05999755859375,409.0,410.79998779296875,302.80499267578125,57.84394454956055,-2.14739990234375,108866
1984.0,409.5885314941406,404.1600036621094,409.0199890136719,410.8199768066406,302.4599914550781,58.1431770324707,-2.008544921875,108866
1985.0,409.6459655761719,404.1999816894531,409.05999755859375,410.8999938964844,302.67999267578125,58.064918518066406,-2.045989990234375,108866
1986.0,409.6258850097656,404.3799743652344,409.0799865722656,410.8599853515625,303.3800048828125,57.754756927490234,-1.9259033203125,108866
1987.0,409.5679626464844,404.17999267578125,408.97998046875,410.7599792480469,303.3999938964844,57.682167053222656,-2.007965087890625,108866
1988.0,409.5630798339844,404.2200012207031,408.97998046875,410.739990234375,303.0,57.854530334472656,-1.963104248046875,108866
1989.0,409.67431640625,404.2799987792969,409.05999755859375,410.8399963378906,302.94000244140625,57.91016387939453,-2.034332275390625,108866
1990.0,409.5936584472656,404.2200012207031,409.05999755859375,410.8199768066406,303.1999816894531,57.944862365722656,-1.993682861328125,108866
1991.0,409.5174865722656,404.239990234375,409.0999755859375,410.7599792480469,302.6999816894531,58.12828826904297,-1.837493896484375,108866
1992.0,409.67529296875,404.1399841308594,409.0999755859375,410.8799743652344,302.6600036621094,58.124210357666016,-2.0753173828125,108866
1993.0,409.6352233886719,404.3999938964844,409.0999755859375,410.8399963378906,303.0849914550781,57.879085540771484,-1.93524169921875,108866
1994.0,409.6194152832031,404.3199768066406,409.03997802734375,410.7799987792969,303.1650085449219,57.68156433105469,-1.97943115234375,108866
1995.0,409.6072998046875,404.3399963378906,409.0199890136719,410.79998779296875,303.47998046875,57.67317199707031,-1.967315673828125,108866
1996.0,409.5743408203125,404.44000244140625,409.05999755859375,410.8199768066406,303.44000244140625,57.909427642822266,-1.89434814453125,108866
1997.0,409.5725402832031,404.41998291015625,409.05999755859375,410.79998779296875,303.5,57.78569030761719,-1.91253662109375,108866
1998.0,409.5646057128906,404.47998046875,409.05999755859375,410.7599792480469,303.6000061035156,57.78183364868164,-1.824615478515625,108866
1999.0,409.50946044921875,404.29998779296875,408.9599914550781,410.7200012207031,302.79998779296875,57.998897552490234,-1.969482421875,108866
2000.0,409.46453857421875,404.2200012207031,408.94000244140625,410.6600036621094,302.53997802734375,58.23832321166992,-1.96453857421875,108866
2001.0,409.5023498535156,404.1999816894531,408.94000244140625,410.6999816894531,302.6600036621094,58.220115661621094,-2.022369384765625,108866
2002.0,409.54876708984375,404.0799865722656,408.97998046875,410.79998779296875,302.8999938964844,58.06368637084961,-2.06878662109375,108866
2003.0,409.6786193847656,404.05999755859375,409.05999755859375,410.94000244140625,302.7799987792969,58.207881927490234,-2.178619384765625,108866
2004.0,409.6505432128906,404.239990234375,409.1199951171875,410.8799743652344,303.0799865722656,58.18308639526367,-1.9505615234375,108866
2005.0,409.721923828125,404.29998779296875,409.1999816894531,410.91998291015625,302.9599914550781,58.1413688659668,-1.961944580078125,108866
2006.0,409.682861328125,404.29998779296875,409.05999755859375,410.8799743652344,303.0799865722656,58.36880874633789,-2.102874755859375,108866
2007.0,409.5852355957031,404.3799743652344,409.0,410.79998779296875,303.5,58.21648406982422,-2.0052490234375,108866
2008.0,409.6186828613281,404.2799987792969,408.9599914550781,410.8199768066406,303.385009765625,58.222740173339844,-2.118682861328125,108866
2009.0,409.6105041503906,404.2799987792969,409.0,410.8399963378906,303.2200012207031,58.37394332885742,-2.09051513671875,108866
2010.0,409.5810546875,404.3599853515625,408.9599914550781,410.7799987792969,302.97998046875,58.14307403564453,-2.02105712890625,108866
2011.0,409.7619323730469,404.3399963378906,409.03997802734375,410.94000244140625,302.80499267578125,58.19813537597656,-2.201934814453125,108866
2012.0,409.7390441894531,404.2200012207031,409.0999755859375,410.8599853515625,302.6199951171875,58.44070053100586,-2.139068603515625,108866
2013.0,409.67626953125,404.1199951171875,409.03997802734375,410.8599853515625,302.44500732421875,58.41130065917969,-2.156280517578125,108866
2014.0,409.6065368652344,403.9599914550781,408.94000244140625,410.7599792480469,303.1000061035156,58.000648498535156,-2.2265625,108866
2015.0,409.46478271484375,403.9599914550781,408.94000244140625,410.6999816894531,303.94000244140625,57.90623474121094,-2.064788818359375,108866
2016.0,409.4678039550781,404.0799865722656,408.94000244140625,410.6600036621094,303.7649841308594,57.893985748291016,-1.987823486328125,108866
2017.0,409.722412109375,404.1999816894531,409.1199951171875,410.8999938964844,302.94000244140625,57.98533248901367,-2.082427978515625,108866
2018.0,409.74017333984375,404.17999267578125,409.1399841308594,410.8799743652344,302.94000244140625,58.0085334777832,-2.160186767578125,108866
2019.0,409.76861572265625,404.4599914550781,409.2200012207031,410.94000244140625,303.3599853515625,57.80522155761719,-1.9686279296875,108866
2020.0,409.8262023925781,404.67999267578125,409.3399963378906,411.0199890136719,303.1600036621094,57.98134994506836,-1.8662109375,108866
2021.0,409.804443359375,404.6199951171875,409.239990234375,411.0,303.6399841308594,57.90428161621094,-1.88446044921875,108866
2022.0,409.6125793457031,404.41998291015625,409.0999755859375,410.8199768066406,303.7049865722656,57.888057708740234,-1.932586669921875,108866
2023.0,409.55767822265625,404.3999938964844,409.1199951171875,410.7469787597656,303.4599914550781,57.953617095947266,-1.857696533203125,108866
2024.0,409.4887390136719,404.47998046875,409.1199951171875,410.6600036621094,302.8399963378906,57.815643310546875,-1.748748779296875,108866
2025.0,409.6550598144531,404.4599914550781,409.2200012207031,410.8399963378906,303.05999755859375,57.725975036621094,-1.8350830078125,108866
2026.0,409.60382080078125,404.41998291015625,409.1199951171875,410.8199768066406,302.6999816894531,57.70482635498047,-1.823822021484375,108866
2027.0,409.6289367675781,404.3799743652344,409.1199951171875,410.8399963378906,302.9599914550781,57.77488708496094,-1.86895751953125,108866
2028.0,409.66796875,404.5,409.1999816894531,410.94000244140625,302.9599914550781,57.734127044677734,-1.847991943359375,108866
2029.0,409.6829528808594,404.4599914550781,409.239990234375,410.8999938964844,303.03997802734375,57.84676742553711,-1.86297607421875,108866
2030.0,409.6221923828125,404.41998291015625,409.2799987792969,410.8999938964844,302.91998291015625,58.02033233642578,-1.782196044921875,108866
2031.0,409.7967834472656,404.4599914550781,409.2799987792969,410.96697998046875,303.1199951171875,57.75599670410156,-1.976806640625,108866
2032.0,409.76678466796875,404.3999938964844,409.1999816894531,410.8999938964844,303.2850036621094,57.73664474487305,-2.066802978515625,108866
2033.0,409.78607177734375,404.3999938964844,409.239990234375,411.0199890136719,303.3199768066406,57.79670333862305,-2.04608154296875,108866
2034.0,409.8273010253906,404.3899841308594,409.2799987792969,411.0999755859375,303.6999816894531,57.81253433227539,-2.00732421875,108866
2035.0,409.811279296875,404.41998291015625,409.239990234375,411.03997802734375,303.41998291015625,57.79545593261719,-2.051300048828125,108866
2036.0,409.8068542480469,404.5999755859375,409.29998779296875,411.05999755859375,303.5199890136719,57.8183708190918,-1.9268798828125,108866
2037.0,409.80322265625,404.47998046875,409.2599792480469,411.0999755859375,303.1399841308594,57.841278076171875,-1.963226318359375,108866
2038.0,409.8273010253906,404.53997802734375,409.2599792480469,411.0999755859375,302.91998291015625,57.90852355957031,-1.967315673828125,108866
2039.0,409.952880859375,404.44000244140625,409.3199768066406,411.2200012207031,303.1399841308594,57.80818557739258,-2.072906494140625,108866
2040.0,410.00994873046875,404.44000244140625,409.3799743652344,411.239990234375,303.18499755859375,57.66995620727539,-2.0899658203125,108866
2041.0,410.03179931640625,404.6399841308594,409.4599914550781,411.1999816894531,303.03997802734375,57.96649932861328,-1.9918212890625,108866
2042.0,410.0457458496094,404.239990234375,409.3399963378906,411.239990234375,303.2200012207031,57.96776580810547,-2.2857666015625,108866
2043.0,409.9912414550781,404.29998779296875,409.3199768066406,411.1399841308594,303.3999938964844,58.01500701904297,-2.23126220703125,108866
2044.0,409.8401794433594,404.3999938964844,409.2599792480469,411.0,303.17999267578125,58.10607147216797,-2.0802001953125,108866
2045.0,409.8326721191406,404.3799743652344,409.2799987792969,411.03997802734375,303.239990234375,58.21547317504883,-2.0126953125,108866
2046.0,409.8215637207031,404.3999938964844,409.3199768066406,411.05999755859375,302.8999938964844,58.31919860839844,-1.961578369140625,108866
2047.0,409.70703125,404.2599792480469,409.29998779296875,411.05999755859375,303.1999816894531,58.22890090942383,-1.90704345703125,108866
2048.0,409.83367919921875,404.55999755859375,409.2799987792969,411.0799865722656,303.4599914550781,58.018680572509766,-1.933685302734375,108866
2049.0,409.95867919921875,404.55999755859375,409.3399963378906,411.1199951171875,303.2200012207031,58.0292854309082,-2.0386962890625,108866
2050.0,410.0688171386719,404.47998046875,409.44000244140625,411.2599792480469,303.29998779296875,58.04348373413086,-2.1688232421875,108866
2051.0,410.1048889160156,404.4599914550781,409.5199890136719,411.3399963378906,303.44000244140625,57.77800750732422,-2.104888916015625,108866
2052.0,410.1896667480469,404.5999755859375,409.53997802734375,411.3399963378906,303.0050048828125,58.15327453613281,-2.089691162109375,108866
2053.0,410.2015380859375,404.8799743652344,409.5999755859375,411.41998291015625,303.239990234375,58.05631637573242,-2.041534423828125,108866
2054.0,410.1145324707031,404.79998779296875,409.55999755859375,411.3399963378906,302.7799987792969,58.222251892089844,-1.97454833984375,108866
2055.0,410.1014404296875,404.8199768066406,409.53997802734375,411.3199768066406,302.8450012207031,58.24367904663086,-1.961456298828125,108866
2056.0,410.13616943359375,404.7799987792969,409.5,411.3399963378906,303.42498779296875,57.94501876831055,-2.056182861328125,108866
2057.0,410.0148010253906,404.8999938964844,409.47998046875,411.1999816894531,303.3199768066406,57.87441635131836,-1.85479736328125,108866
2058.0,410.07269287109375,404.8799743652344,409.5,411.3599853515625,303.3199768066406,57.9412841796875,-1.95269775390625,108866
2059.0,410.09796142578125,404.79998779296875,409.55999755859375,411.3799743652344,303.1000061035156,57.88250732421875,-1.99798583984375,108866
2060.0,410.1054382324219,404.739990234375,409.55999755859375,411.3599853515625,303.0199890136719,57.99714279174805,-1.985443115234375,108866
2061.0,410.07525634765625,404.53997802734375,409.44000244140625,411.29998779296875,303.3199768066406,57.8182373046875,-2.175262451171875,108866
2062.0,410.06781005859375,404.55999755859375,409.4599914550781,411.3199768066406,303.1600036621094,57.794124603271484,-2.187835693359375,108866
2063.0,410.1141662597656,404.53997802734375,409.5199890136719,411.3199768066406,303.2449951171875,57.949440002441406,-2.134185791015625,108866
2064.0,410.2509765625,404.5799865722656,409.55999755859375,411.44000244140625,303.4599914550781,58.144195556640625,-2.2509765625,108866
2065.0,410.2248229980469,404.3599853515625,409.5199890136719,411.3599853515625,303.6600036621094,58.03520584106445,-2.3248291015625,108866
2066.0,410.0614013671875,404.47998046875,409.4599914550781,411.2200012207031,303.2799987792969,58.1262092590332,-2.161407470703125,108866
2067.0,409.9209289550781,404.4599914550781,409.3799743652344,411.0999755859375,303.2799987792969,57.93374252319336,-2.000946044921875,108866
2068.0,409.8913879394531,404.4599914550781,409.41998291015625,411.1399841308594,303.44000244140625,57.882694244384766,-1.951385498046875,108866
2069.0,409.9146423339844,404.47998046875,409.44000244140625,411.1600036621094,303.47998046875,57.908443450927734,-1.95465087890625,108866
2070.0,409.9401550292969,404.5199890136719,409.4599914550781,411.17999267578125,303.5,57.93473815917969,-1.98016357421875,108866
2071.0,409.9610595703125,404.53997802734375,409.47998046875,411.2200012207031,303.5,57.96144104003906,-1.9810791015625,108866
2072.0,409.982666015625,404.55999755859375,409.5,411.239990234375,303.5,57.98868942260742,-1.962677001953125,108866
2073.0,410.0020446777344,404.5799865722656,409.5199890136719,411.2599792480469,303.4599914550781,58.01639938354492,-1.962066650390625,108866
2074.0,410.0319519042969,404.5999755859375,409.55999755859375,411.29998779296875,303.4599914550781,58.04463195800781,-1.95196533203125,108866
2075.0,410.0513000488281,404.6199951171875,409.5799865722656,411.3399963378906,303.47998046875,58.073307037353516,-1.931304931640625,108866
2076.0,410.0815124511719,404.6199951171875,409.6199951171875,411.3799743652344,303.5,58.10248947143555,-1.9215087890625,108866
2077.0,410.1134033203125,404.6399841308594,409.6600036621094,411.41998291015625,303.5050048828125,58.1320915222168,-1.93341064453125,108866
2078.0,410.1408996582031,404.6600036621094,409.6999816894531,411.4599914550781,303.5,58.16225051879883,-1.9208984375,108866
2079.0,410.1660461425781,404.67999267578125,409.7599792480469,411.5199890136719,303.5,58.192832946777344,-1.90606689453125,108866
2080.0,410.0652160644531,404.7599792480469,409.6399841308594,411.3599853515625,303.8800048828125,58.18585205078125,-1.825225830078125,108866
2081.0,410.15252685546875,404.7200012207031,409.5799865722656,411.3799743652344,303.91998291015625,58.2301025390625,-2.012542724609375,108866
2082.0,410.2011413574219,404.7799987792969,409.6600036621094,411.47998046875,304.0,58.096221923828125,-2.021148681640625,108866
2083.0,410.3036193847656,404.67999267578125,409.6399841308594,411.5199890136719,303.91998291015625,58.249629974365234,-2.2236328125,108866
2084.0,410.29876708984375,404.7599792480469,409.6399841308594,411.5269775390625,304.1000061035156,58.27003860473633,-2.17877197265625,108866
2085.0,410.2290954589844,404.8999938964844,409.67999267578125,411.53997802734375,303.9599914550781,58.173316955566406,-2.02911376953125,108866
2086.0,410.2601318359375,404.67999267578125,409.6199951171875,411.5199890136719,302.8800048828125,58.30513381958008,-2.16015625,108866
2087.0,410.18133544921875,404.67999267578125,409.5799865722656,411.3999938964844,302.79998779296875,58.39188003540039,-2.06134033203125,108866
2088.0,410.27825927734375,405.0199890136719,409.7799987792969,411.53997802734375,303.239990234375,58.20756149291992,-1.878265380859375,108866
2089.0,410.30120849609375,404.8599853515625,409.6999816894531,411.55999755859375,303.6399841308594,58.11781311035156,-2.06121826171875,108866
2090.0,410.16522216796875,404.90997314453125,409.67999267578125,411.47998046875,303.5,58.212158203125,-1.9852294921875,108866
2091.0,410.3232421875,405.1199951171875,409.91998291015625,411.67999267578125,303.05999755859375,58.38942337036133,-1.863250732421875,108866
2092.0,410.3099670410156,404.94000244140625,409.7799987792969,411.6199951171875,303.56500244140625,58.46345901489258,-1.989990234375,108866
2093.0,410.248046875,404.8399963378906,409.67999267578125,411.5,303.1999816894531,58.46477127075195,-2.028045654296875,108866
2094.0,410.3506164550781,404.6999816894531,409.6999816894531,411.6399841308594,302.6399841308594,58.43757247924805,-2.150634765625,108866
2095.0,410.4207458496094,404.6199951171875,409.7799987792969,411.6999816894531,302.3199768066406,58.50288009643555,-2.180755615234375,108866
2096.0,410.2655334472656,404.7599792480469,409.7200012207031,411.4599914550781,302.7850036621094,58.31460952758789,-2.0655517578125,108866
2097.0,410.4219665527344,404.7699890136719,409.8599853515625,411.6199951171875,303.0799865722656,58.250831604003906,-2.061981201171875,108866
2098.0,410.4411926269531,404.8199768066406,409.8799743652344,411.6399841308594,303.6199951171875,58.10349655151367,-2.04119873046875,108866
2099.0,410.43780517578125,404.8999938964844,409.8399963378906,411.5799865722656,302.8199768066406,58.38945770263672,-2.097808837890625,108866
2100.0,410.557373046875,404.7200012207031,409.94000244140625,411.7200012207031,303.0799865722656,58.172847747802734,-2.25738525390625,108866
2101.0,410.4563293457031,404.67999267578125,409.8399963378906,411.67999267578125,303.17999267578125,58.11883544921875,-2.17633056640625,108866
2102.0,410.26995849609375,404.8199768066406,409.7599792480469,411.5199890136719,302.8249816894531,58.26054763793945,-1.949981689453125,108866
2103.0,410.3274230957031,404.67999267578125,409.7799987792969,411.55999755859375,303.1399841308594,58.22780990600586,-2.06744384765625,108866
2104.0,410.35235595703125,404.7599792480469,409.8599853515625,411.6199951171875,302.91998291015625,58.28947448730469,-1.99237060546875,108866
2105.0,410.43878173828125,404.8999938964844,409.8799743652344,411.6199951171875,302.7799987792969,58.29655075073242,-2.038787841796875,108866
2106.0,410.50689697265625,404.7599792480469,409.8399963378906,411.7200012207031,303.2599792480469,58.086151123046875,-2.14691162109375,108866
2107.0,410.33453369140625,404.91998291015625,409.8399963378906,411.5999755859375,303.1600036621094,58.22099685668945,-1.954559326171875,108866
2108.0,410.3904113769531,405.0999755859375,409.8399963378906,411.5999755859375,303.2599792480469,58.19165802001953,-1.910430908203125,108866
2109.0,410.3252868652344,405.1600036621094,409.8199768066406,411.5799865722656,303.2649841308594,58.19529342651367,-1.885284423828125,108866
2110.0,410.29217529296875,405.239990234375,409.8399963378906,411.53997802734375,303.55999755859375,58.079471588134766,-1.76220703125,108866
2111.0,410.4608459472656,405.1199951171875,409.8949890136719,411.6669921875,303.55999755859375,58.05691909790039,-2.0008544921875,108866
2112.0,410.2875671386719,404.97998046875,409.739990234375,411.5799865722656,303.2449951171875,58.38604736328125,-2.047576904296875,108866
2113.0,410.20367431640625,404.97998046875,409.6600036621094,411.47998046875,303.0799865722656,58.284236907958984,-1.983673095703125,108866
2114.0,410.3244934082031,404.94000244140625,409.7599792480469,411.5999755859375,303.1600036621094,58.21672058105469,-2.06451416015625,108866
2115.0,410.3622131347656,405.0199890136719,409.7799987792969,411.6399841308594,302.8999938964844,58.24029541015625,-2.062225341796875,108866
2116.0,410.3886413574219,405.1600036621094,409.8399963378906,411.67999267578125,302.7599792480469,58.390804290771484,-1.948638916015625,108866
2117.0,410.36712646484375,404.91998291015625,409.7799987792969,411.6600036621094,302.6449890136719,58.359893798828125,-2.067138671875,108866
2118.0,410.42315673828125,404.97998046875,409.8199768066406,411.6600036621094,303.0,58.19210433959961,-2.06317138671875,108866
2119.0,410.46539306640625,405.0799865722656,409.8799743652344,411.6600036621094,302.9599914550781,58.26812744140625,-2.04541015625,108866
2120.0,410.4180603027344,404.91998291015625,409.7599792480469,411.67999267578125,303.1399841308594,58.269920349121094,-2.118072509765625,108866
2121.0,410.4453125,404.8799743652344,409.79998779296875,411.739990234375,303.3399963378906,58.24232482910156,-2.185333251953125,108866
2122.0,410.3693542480469,404.94000244140625,409.7799987792969,411.7200012207031,303.68499755859375,58.084205627441406,-2.08935546875,108866
2123.0,410.5177307128906,404.8799743652344,409.8799743652344,411.8199768066406,303.8399963378906,58.02023696899414,-2.24774169921875,108866
2124.0,410.3935852050781,404.8999938964844,409.8599853515625,411.6999816894531,304.2200012207031,57.84033966064453,-2.153594970703125,108866
2125.0,410.45263671875,404.91998291015625,409.8599853515625,411.6399841308594,303.7250061035156,57.827823638916016,-2.172637939453125,108866
2126.0,410.3460388183594,404.79998779296875,409.79998779296875,411.55999755859375,303.3800048828125,58.080596923828125,-2.12603759765625,108866
2127.0,410.42132568359375,404.8399963378906,409.8599853515625,411.6600036621094,303.9049987792969,57.81947708129883,-2.141326904296875,108866
2128.0,410.4329833984375,404.79998779296875,409.8399963378906,411.7200012207031,303.8599853515625,57.900245666503906,-2.173004150390625,108866
2129.0,410.665771484375,404.8599853515625,409.94000244140625,411.8599853515625,303.5,58.020408630371094,-2.325775146484375,108866
2130.0,410.5472717285156,404.7200012207031,409.8599853515625,411.8199768066406,303.5199890136719,58.179901123046875,-2.26727294921875,108866
2131.0,410.42138671875,404.6600036621094,409.8599853515625,411.7599792480469,303.53997802734375,58.19101333618164,-2.161407470703125,108866
2132.0,410.5173034667969,404.7799987792969,409.8999938964844,411.79998779296875,303.8199768066406,58.083396911621094,-2.2373046875,108866
2133.0,410.6227111816406,405.0,409.94000244140625,411.7599792480469,303.79998779296875,58.217613220214844,-2.24273681640625,108866
2134.0,410.6529846191406,405.1399841308594,410.0,411.7799987792969,303.91998291015625,58.07637405395508,-2.173004150390625,108866
2135.0,410.5705871582031,405.1999816894531,410.03997802734375,411.739990234375,304.0199890136719,57.93204879760742,-2.030609130859375,108866
2136.0,410.5625915527344,405.1600036621094,410.0199890136719,411.739990234375,303.3800048828125,58.180931091308594,-2.002593994140625,108866
2137.0,410.54925537109375,405.2200012207031,410.0,411.7799987792969,303.5,58.18559265136719,-1.969268798828125,108866
2138.0,410.4779052734375,405.17999267578125,409.9599914550781,411.739990234375,303.29998779296875,58.13258361816406,-1.9779052734375,108866
2139.0,410.6231994628906,405.239990234375,410.05999755859375,411.8599853515625,303.6600036621094,58.04415512084961,-2.043212890625,108866
2140.0,410.6280517578125,405.239990234375,410.03997802734375,411.8799743652344,303.55999755859375,58.235008239746094,-2.028076171875,108866
2141.0,410.5267028808594,405.29998779296875,410.0799865722656,411.739990234375,303.8399963378906,58.2617301940918,-1.846710205078125,108866
2142.0,410.57525634765625,405.1600036621094,409.97998046875,411.79998779296875,303.97998046875,58.26192855834961,-1.995269775390625,108866
2143.0,410.597412109375,405.0799865722656,410.03997802734375,411.8199768066406,304.05999755859375,58.07697677612305,-2.017425537109375,108866
2144.0,410.6624755859375,405.05999755859375,410.0799865722656,411.8599853515625,304.1600036621094,58.1463508605957,-2.0625,108866
2145.0,410.6488037109375,405.0,410.0799865722656,411.91998291015625,304.0050048828125,58.17616653442383,-2.128814697265625,108866
2146.0,410.5625915527344,405.1199951171875,410.03997802734375,411.8599853515625,303.97998046875,58.2758903503418,-2.022613525390625,108866
2147.0,410.59698486328125,405.29998779296875,410.1199951171875,411.91998291015625,304.0,58.48848342895508,-1.927001953125,108866
2148.0,410.5052185058594,405.2799987792969,410.03997802734375,411.8599853515625,304.5,58.29072952270508,-1.92523193359375,108866
2149.0,410.6153869628906,405.1199951171875,410.094970703125,411.9599914550781,304.55999755859375,58.281150817871094,-2.055389404296875,108866
2150.0,410.6072692871094,405.0999755859375,410.05999755859375,411.8799743652344,304.6399841308594,58.28421401977539,-2.067291259765625,108866
2151.0,410.6453857421875,405.1600036621094,410.05999755859375,411.8599853515625,304.3800048828125,58.30917739868164,-2.08538818359375,108866
2152.0,410.80523681640625,405.17999267578125,410.17999267578125,412.03997802734375,304.2599792480469,58.287540435791016,-2.165252685546875,108866
2153.0,410.7368469238281,405.1199951171875,410.0999755859375,412.0,304.03997802734375,58.15715026855469,-2.136871337890625,108866
2154.0,410.7729187011719,405.29998779296875,410.1600036621094,411.97998046875,304.2200012207031,58.16796875,-2.092926025390625,108866
2155.0,410.6314697265625,405.29998779296875,410.0999755859375,411.8599853515625,303.8999938964844,58.18535232543945,-1.95147705078125,108866
2156.0,410.77166748046875,405.0799865722656,410.1199951171875,411.94000244140625,304.3599853515625,58.15336227416992,-2.231689453125,108866
2157.0,410.6907043457031,405.1399841308594,410.0999755859375,411.94000244140625,303.94000244140625,58.1254997253418,-2.1107177734375,108866
2158.0,410.658935546875,405.0799865722656,410.0999755859375,411.8799743652344,304.0199890136719,58.09341049194336,-2.078948974609375,108866
2159.0,410.72454833984375,405.0799865722656,410.17999267578125,411.94000244140625,304.385009765625,58.12811279296875,-2.10455322265625,108866
2160.0,410.7718505859375,405.17999267578125,410.17999267578125,411.94000244140625,304.41998291015625,58.111751556396484,-2.071868896484375,108866
2161.0,410.7269592285156,405.29998779296875,410.2599792480469,411.97998046875,304.7200012207031,58.192626953125,-1.926971435546875,108866
2162.0,410.667236328125,405.3199768066406,410.1999816894531,411.8999938964844,305.03997802734375,58.06348419189453,-1.847259521484375,108866
2163.0,410.8598937988281,405.28997802734375,410.2200012207031,412.0,304.3399963378906,58.294010162353516,-2.139892578125,108866
2164.0,410.8097229003906,405.1999816894531,410.2200012207031,412.01995849609375,303.94000244140625,58.306453704833984,-2.129730224609375,108866
2165.0,410.90032958984375,405.29998779296875,410.3199768066406,412.0999755859375,304.1199951171875,58.387184143066406,-2.120330810546875,108866
2166.0,410.8088073730469,405.3799743652344,410.2599792480469,411.97998046875,304.04498291015625,58.23097229003906,-2.048828125,108866
2167.0,410.7687683105469,405.44000244140625,410.2599792480469,412.01995849609375,304.05999755859375,58.12848663330078,-1.968780517578125,108866
2168.0,410.7955322265625,405.6600036621094,410.3199768066406,412.0,304.29998779296875,57.9839973449707,-1.8155517578125,108866
2169.0,410.90643310546875,405.55999755859375,410.3399963378906,412.1199951171875,304.1449890136719,58.03970718383789,-1.946441650390625,108866
2170.0,410.9972229003906,405.67999267578125,410.4599914550781,412.219970703125,304.6199951171875,57.854736328125,-1.937225341796875,108866
2171.0,410.923095703125,405.7200012207031,410.3999938964844,412.15997314453125,304.8399963378906,57.9708366394043,-1.903106689453125,108866
2172.0,410.8172912597656,405.5,410.2599792480469,412.0999755859375,304.29998779296875,58.26126480102539,-2.03729248046875,108866
2173.0,410.89117431640625,405.3399963378906,410.29998779296875,412.15997314453125,303.9599914550781,58.22421646118164,-2.15118408203125,108866
2174.0,410.8006286621094,405.4599914550781,410.29998779296875,412.03997802734375,304.0849914550781,58.07550811767578,-2.0206298828125,108866
2175.0,410.90911865234375,405.3199768066406,410.2799987792969,412.1199951171875,304.1999816894531,58.05424118041992,-2.129119873046875,108866
2176.0,410.85394287109375,405.1999816894531,410.2200012207031,412.01995849609375,304.239990234375,58.185874938964844,-2.1739501953125,108866
2177.0,410.853759765625,405.17999267578125,410.2200012207031,412.05999755859375,304.3999938964844,58.09828186035156,-2.193756103515625,108866
2178.0,410.74993896484375,405.05999755859375,410.1600036621094,411.9599914550781,304.0199890136719,57.98249053955078,-2.18994140625,108866
2179.0,410.8656921386719,405.17999267578125,410.3199768066406,412.08001708984375,303.1050109863281,57.938316345214844,-2.125701904296875,108866
2180.0,410.9870300292969,405.1399841308594,410.29998779296875,412.15997314453125,303.2599792480469,57.9995002746582,-2.26702880859375,108866
2181.0,410.9020080566406,405.03997802734375,410.29998779296875,412.1199951171875,303.8999938964844,58.0136604309082,-2.24200439453125,108866
2182.0,410.9173889160156,405.17999267578125,410.3199768066406,412.15997314453125,304.44000244140625,58.05713653564453,-2.1973876953125,108866
2183.0,410.9245300292969,405.1999816894531,410.3599853515625,412.17999267578125,304.05999755859375,58.302330017089844,-2.16455078125,108866
2184.0,410.9584655761719,405.3399963378906,410.3399963378906,412.17999267578125,304.1449890136719,58.17372512817383,-2.178466796875,108866
2185.0,410.9234313964844,405.3599853515625,410.2799987792969,412.15997314453125,303.7200012207031,58.49178695678711,-2.1634521484375,108866
2186.0,410.861572265625,405.41998291015625,410.3599853515625,412.17999267578125,303.5249938964844,58.41972732543945,-2.021575927734375,108866
2187.0,410.8885498046875,405.47998046875,410.3199768066406,412.1199951171875,304.55999755859375,58.027748107910156,-2.068572998046875,108866
2188.0,410.98846435546875,405.44000244140625,410.3599853515625,412.219970703125,304.8800048828125,57.966651916503906,-2.148468017578125,108866
2189.0,410.9789123535156,405.53997802734375,410.47998046875,412.260009765625,305.125,57.95402145385742,-1.978912353515625,108866
2190.0,410.968994140625,405.6399841308594,410.5,412.219970703125,305.47998046875,58.01738357543945,-1.92901611328125,108866
2191.0,410.9871520996094,405.7200012207031,410.5,412.20001220703125,305.5199890136719,57.97272491455078,-1.867156982421875,108866
2192.0,411.0689697265625,405.7599792480469,410.5799865722656,412.260009765625,305.2599792480469,57.88739776611328,-1.908966064453125,108866
2193.0,411.0726623535156,405.739990234375,410.53997802734375,412.239990234375,305.0799865722656,57.82872009277344,-1.952667236328125,108866
2194.0,411.0734558105469,405.739990234375,410.53997802734375,412.219970703125,305.3399963378906,57.75536346435547,-1.953460693359375,108866
2195.0,411.1307678222656,405.7200012207031,410.6199951171875,412.3599853515625,305.17999267578125,58.02944564819336,-1.950775146484375,108866
2196.0,411.0755615234375,405.6600036621094,410.5,412.3269958496094,304.67999267578125,58.24332046508789,-1.995574951171875,108866
2197.0,410.9894104003906,405.6199951171875,410.5199890136719,412.27996826171875,304.8999938964844,58.14033126831055,-1.959442138671875,108866
2198.0,411.0740051269531,405.6399841308594,410.47998046875,412.32000732421875,305.1999816894531,58.21360397338867,-2.05401611328125,108866
2199.0,411.0767822265625,405.79998779296875,410.53997802734375,412.32000732421875,304.94000244140625,58.30223083496094,-1.956787109375,108866
2200.0,411.14471435546875,405.7200012207031,410.5,412.3399658203125,304.6399841308594,58.23445510864258,-2.084716796875,108866
2201.0,411.19482421875,405.8199768066406,410.55999755859375,412.3399658203125,304.739990234375,58.26873779296875,-2.0948486328125,108866
2202.0,411.2297058105469,405.6600036621094,410.55999755859375,412.39996337890625,304.6199951171875,58.40521240234375,-2.169708251953125,108866
2203.0,411.081787109375,405.7799987792969,410.6199951171875,412.3399658203125,304.97998046875,58.28337097167969,-1.90179443359375,108866
2204.0,411.1770324707031,405.67999267578125,410.6199951171875,412.3800048828125,304.6999816894531,58.28770446777344,-2.03704833984375,108866
2205.0,411.07293701171875,405.5799865722656,410.55999755859375,412.27996826171875,304.8399963378906,58.1864128112793,-2.012939453125,108866
2206.0,411.1438903808594,405.5999755859375,410.53997802734375,412.29998779296875,304.8199768066406,58.24453353881836,-2.083892822265625,108866
2207.0,411.19696044921875,405.44000244140625,410.53997802734375,412.39996337890625,304.1600036621094,58.45760726928711,-2.176971435546875,108866
2208.0,411.04705810546875,405.4599914550781,410.53497314453125,412.27996826171875,303.9049987792969,58.23360061645508,-2.007080078125,108866
2209.0,410.94683837890625,405.5799865722656,410.5,412.1400146484375,303.8199768066406,58.09640121459961,-1.9068603515625,108866
2210.0,411.15093994140625,405.5,410.53997802734375,412.29998779296875,304.05999755859375,58.00014114379883,-2.130950927734375,108866
2211.0,411.0986633300781,405.67999267578125,410.55999755859375,412.32000732421875,303.97998046875,57.9584846496582,-1.978668212890625,108866
2212.0,411.0882568359375,405.5,410.53997802734375,412.3399658203125,304.44000244140625,57.89510726928711,-2.128265380859375,108866
2213.0,411.142578125,405.5199890136719,410.5199890136719,412.41998291015625,304.5,57.966182708740234,-2.16259765625,108866
2214.0,411.3113098144531,405.5,410.55999755859375,412.47998046875,304.3800048828125,57.866722106933594,-2.351318359375,108866
2215.0,411.357666015625,405.5799865722656,410.55999755859375,412.4599609375,304.3199768066406,57.934505462646484,-2.397674560546875,108866
2216.0,411.28009033203125,405.5199890136719,410.53997802734375,412.44000244140625,304.0849914550781,57.93708801269531,-2.30010986328125,108866
2217.0,411.2625732421875,405.41998291015625,410.5999755859375,412.4599609375,304.44000244140625,57.948612213134766,-2.22259521484375,108866
2218.0,411.2876892089844,405.6399841308594,410.6399841308594,412.47998046875,304.41998291015625,58.010684967041016,-2.167694091796875,108866
2219.0,411.2564697265625,405.79998779296875,410.7200012207031,412.4599609375,304.56500244140625,58.22830581665039,-2.036468505859375,108866
2220.0,411.3038330078125,405.7599792480469,410.67999267578125,412.4599609375,304.53997802734375,58.16620635986328,-2.143829345703125,108866
2221.0,411.3386535644531,405.9599914550781,410.7799987792969,412.53997802734375,304.6050109863281,58.01390075683594,-2.0186767578125,108866
2222.0,411.2842712402344,405.91998291015625,410.739990234375,412.5069885253906,304.2799987792969,58.00318145751953,-2.0042724609375,108866
2223.0,411.3775634765625,406.03997802734375,410.8999938964844,412.5999755859375,304.3399963378906,58.029151916503906,-1.95758056640625,108866
2224.0,411.3463134765625,405.97998046875,410.8399963378906,412.55999755859375,304.3199768066406,58.10696792602539,-1.946319580078125,108866
2225.0,411.3470153808594,405.91998291015625,410.7799987792969,412.55999755859375,304.5199890136719,58.295101165771484,-1.987030029296875,108866
2226.0,411.4609375,406.05999755859375,410.91998291015625,412.6669921875,304.6600036621094,58.51634979248047,-1.940948486328125,108866
2227.0,411.36053466796875,406.1199951171875,410.8199768066406,412.5999755859375,304.29998779296875,58.63650131225586,-1.88055419921875,108866
2228.0,411.4154052734375,406.0,410.8399963378906,412.65997314453125,304.3399963378906,58.44375228881836,-2.015411376953125,108866
2229.0,411.254150390625,405.8599853515625,410.739990234375,412.51995849609375,304.3999938964844,58.490928649902344,-1.974151611328125,108866
2230.0,411.3900451660156,405.7799987792969,410.7200012207031,412.58001708984375,303.8249816894531,58.462886810302734,-2.150054931640625,108866
2231.0,411.3150329589844,405.7599792480469,410.6399841308594,412.5,303.739990234375,58.235511779785156,-2.155029296875,108866
2232.0,411.49285888671875,405.7200012207031,410.7799987792969,412.6400146484375,303.44000244140625,58.27248001098633,-2.25286865234375,108866
2233.0,411.3873596191406,405.67999267578125,410.67999267578125,412.58001708984375,303.7599792480469,58.22010803222656,-2.24737548828125,108866
2234.0,411.3985595703125,405.79998779296875,410.7599792480469,412.65997314453125,304.1999816894531,58.02064895629883,-2.138580322265625,108866
2235.0,411.4924011230469,405.7799987792969,410.8599853515625,412.67999267578125,304.1000061035156,58.07605743408203,-2.192413330078125,108866
2236.0,411.5877685546875,405.8799743652344,410.97998046875,412.760009765625,304.3999938964844,57.9983024597168,-2.14776611328125,108866
2237.0,411.550048828125,405.97998046875,410.9599914550781,412.760009765625,304.1050109863281,58.26030731201172,-2.11004638671875,108866
2238.0,411.5360412597656,405.97998046875,410.9599914550781,412.760009765625,303.7250061035156,58.3367805480957,-2.056060791015625,108866
2239.0,411.5614013671875,406.1399841308594,410.97998046875,412.760009765625,304.3599853515625,58.135250091552734,-2.00140380859375,108866
2240.0,411.5889587402344,406.1600036621094,411.0,412.77996826171875,304.4849853515625,58.03831481933594,-1.988983154296875,108866
2241.0,411.54461669921875,406.17999267578125,411.0199890136719,412.77996826171875,304.47998046875,58.02322006225586,-1.964630126953125,108866
2242.0,411.54833984375,406.0199890136719,410.8799743652344,412.79998779296875,304.3599853515625,58.020198822021484,-2.148345947265625,108866
2243.0,411.5572509765625,406.0,411.0199890136719,412.82000732421875,304.4599914550781,57.97364807128906,-2.037261962890625,108866
2244.0,411.6041259765625,406.0,411.0199890136719,412.8599853515625,303.8800048828125,58.3049201965332,-2.04412841796875,108866
2245.0,411.6980285644531,405.8999938964844,411.0199890136719,412.8800048828125,303.6399841308594,58.144649505615234,-2.218048095703125,108866
2246.0,411.6928405761719,406.1600036621094,411.0799865722656,412.8399658203125,303.5799865722656,58.34306716918945,-2.092864990234375,108866
2247.0,411.5943603515625,406.1999816894531,411.0199890136719,412.77996826171875,303.8399963378906,58.214820861816406,-1.974365234375,108866
2248.0,411.54669189453125,406.0999755859375,410.9599914550781,412.719970703125,304.0,57.989959716796875,-2.04669189453125,108866
2249.0,411.4155578613281,406.17999267578125,411.05999755859375,412.67999267578125,303.7850036621094,58.030582427978516,-1.735565185546875,108866
2250.0,411.31744384765625,406.0,410.8199768066406,412.47998046875,303.3800048828125,58.17155838012695,-1.87744140625,108866
2251.0,411.4454650878906,406.03997802734375,410.8799743652344,412.6400146484375,303.6399841308594,58.29171371459961,-1.9854736328125,108866
2252.0,411.4660949707031,406.05999755859375,410.97998046875,412.67999267578125,303.6000061035156,58.20568084716797,-1.926116943359375,108866
2253.0,411.4755554199219,405.97998046875,410.8949890136719,412.6400146484375,303.79998779296875,58.15575408935547,-2.035552978515625,108866
2254.0,411.4932861328125,406.1600036621094,411.03997802734375,412.65997314453125,304.05999755859375,58.17097854614258,-1.913299560546875,108866
2255.0,411.3516540527344,405.8999938964844,410.7200012207031,412.51995849609375,304.0799865722656,58.10380172729492,-2.0916748046875,108866
2256.0,411.4276123046875,405.8199768066406,410.739990234375,412.6199951171875,303.739990234375,58.21595764160156,-2.207611083984375,108866
2257.0,411.4687194824219,405.79998779296875,410.7200012207031,412.6400146484375,303.1999816894531,58.12331771850586,-2.26873779296875,108866
2258.0,411.57666015625,405.8399963378906,410.8349914550781,412.77996826171875,303.7799987792969,57.949424743652344,-2.2166748046875,108866
2259.0,411.5409851074219,405.97998046875,410.91998291015625,412.739990234375,303.7449951171875,58.17371368408203,-2.061004638671875,108866
2260.0,411.55364990234375,405.8799743652344,410.91998291015625,412.79998779296875,304.05999755859375,58.08482360839844,-2.1336669921875,108866
2261.0,411.5278015136719,405.8799743652344,410.91998291015625,412.74700927734375,304.0,58.186153411865234,-2.1278076171875,108866
2262.0,411.55828857421875,405.8399963378906,410.8799743652344,412.82000732421875,303.8800048828125,58.080379486083984,-2.278289794921875,108866
2263.0,411.4368896484375,405.7599792480469,410.7599792480469,412.70001220703125,303.3450012207031,58.298912048339844,-2.25689697265625,108866
2264.0,411.56268310546875,405.8999938964844,410.94000244140625,412.82000732421875,304.0199890136719,58.12737274169922,-2.182708740234375,108866
2265.0,411.6423645019531,405.97998046875,411.03997802734375,412.89996337890625,304.2049865722656,58.11001968383789,-2.162384033203125,108866
2266.0,411.5989990234375,405.9599914550781,411.03997802734375,412.8800048828125,304.1000061035156,58.135772705078125,-2.1190185546875,108866
2267.0,411.552978515625,405.8999938964844,411.0749816894531,412.8599853515625,304.1000061035156,58.18971633911133,-2.032989501953125,108866
2268.0,411.55517578125,405.9599914550781,411.0199890136719,412.760009765625,304.239990234375,58.16389465332031,-2.035186767578125,108866
2269.0,411.4849548339844,405.94000244140625,410.94000244140625,412.67999267578125,303.9649963378906,58.12137222290039,-2.02496337890625,108866
2270.0,411.52630615234375,406.0199890136719,410.94000244140625,412.719970703125,304.239990234375,58.13413619995117,-2.0863037109375,108866
2271.0,411.5566101074219,406.05999755859375,410.94000244140625,412.70001220703125,304.1449890136719,58.12293243408203,-2.076629638671875,108866
2272.0,411.6571044921875,406.17999267578125,410.97998046875,412.760009765625,304.1399841308594,58.18815612792969,-2.09710693359375,108866
2273.0,411.5793151855469,406.1399841308594,410.9599914550781,412.719970703125,304.2799987792969,58.24791717529297,-2.039337158203125,108866
2274.0,411.5904846191406,406.0999755859375,410.9599914550781,412.739990234375,304.1999816894531,58.35004425048828,-2.050506591796875,108866
2275.0,411.57958984375,405.94000244140625,410.9599914550781,412.719970703125,303.739990234375,58.6275749206543,-2.13958740234375,108866
2276.0,411.4515686035156,405.8799743652344,410.8599853515625,412.65997314453125,303.5799865722656,58.62773513793945,-2.091583251953125,108866
2277.0,411.3856201171875,406.0199890136719,410.8999938964844,412.58001708984375,303.94000244140625,58.44791030883789,-1.96563720703125,108866
2278.0,411.559326171875,406.0199890136719,410.91998291015625,412.70001220703125,304.1600036621094,58.38299560546875,-2.11932373046875,108866
2279.0,411.5704040527344,406.2200012207031,411.03997802734375,412.82000732421875,303.7049865722656,58.40796661376953,-1.950408935546875,108866
2280.0,411.5958251953125,406.1999816894531,411.05999755859375,412.906982421875,303.4599914550781,58.5640983581543,-1.975830078125,108866
2281.0,411.5545654296875,406.3199768066406,411.1999816894531,412.91998291015625,304.2599792480469,58.50960159301758,-1.774566650390625,108866
2282.0,411.539306640625,406.2200012207031,411.2200012207031,412.8800048828125,303.94000244140625,58.42330551147461,-1.779327392578125,108866
2283.0,411.6268005371094,406.1999816894531,411.17999267578125,412.89996337890625,304.29998779296875,58.49929428100586,-1.92681884765625,108866
2284.0,411.6287841796875,406.1399841308594,411.0999755859375,412.8800048828125,304.3399963378906,58.601600646972656,-1.968780517578125,108866
2285.0,411.7080383300781,406.1399841308594,411.05999755859375,412.8599853515625,304.5,58.39543151855469,-2.06805419921875,108866
2286.0,411.70184326171875,406.2200012207031,411.03997802734375,412.8399658203125,303.8599853515625,58.471500396728516,-2.08184814453125,108866
2287.0,411.70928955078125,406.17999267578125,411.03997802734375,412.8800048828125,304.0249938964844,58.483428955078125,-2.08929443359375,108866
2288.0,411.64410400390625,406.3799743652344,411.0799865722656,412.82000732421875,303.94000244140625,58.65913391113281,-1.924102783203125,108866
2289.0,411.68719482421875,406.17999267578125,410.97998046875,412.8800048828125,303.94000244140625,58.463775634765625,-2.127197265625,108866
2290.0,411.7664489746094,406.239990234375,411.0199890136719,412.94000244140625,304.03997802734375,58.426673889160156,-2.146453857421875,108866
2291.0,411.8067321777344,406.2200012207031,411.0799865722656,412.9599609375,303.91998291015625,58.380104064941406,-2.246734619140625,108866
2292.0,411.8251953125,406.1600036621094,411.1600036621094,413.01995849609375,304.2200012207031,58.22550582885742,-2.2252197265625,108866
2293.0,411.81121826171875,406.0,411.1399841308594,413.03997802734375,304.44000244140625,58.20846176147461,-2.251220703125,108866
2294.0,411.9218444824219,406.0999755859375,411.17999267578125,413.05999755859375,304.5799865722656,58.279170989990234,-2.301849365234375,108866
2295.0,411.8852844238281,406.1999816894531,411.1199951171875,413.05999755859375,303.9599914550781,58.59808349609375,-2.265289306640625,108866
2296.0,411.6560363769531,406.1600036621094,411.0,412.77996826171875,303.8800048828125,58.56834411621094,-2.096038818359375,108866
2297.0,411.8152160644531,406.239990234375,411.2200012207031,413.01995849609375,304.1600036621094,58.491207122802734,-2.075225830078125,108866
2298.0,411.77386474609375,406.239990234375,411.2799987792969,413.01995849609375,304.3999938964844,58.375545501708984,-1.933868408203125,108866
2299.0,411.77191162109375,406.1600036621094,411.1999816894531,412.94000244140625,304.5799865722656,58.434688568115234,-2.011932373046875,108866
2300.0,411.7778625488281,406.29998779296875,411.1999816894531,412.94000244140625,304.17999267578125,58.59124755859375,-1.977874755859375,108866
2301.0,411.81854248046875,406.47998046875,411.239990234375,413.0,303.91998291015625,58.77493667602539,-1.998565673828125,108866
2302.0,411.82305908203125,406.41998291015625,411.1600036621094,412.96697998046875,303.6399841308594,58.897926330566406,-2.08306884765625,108866
2303.0,411.79150390625,406.3999938964844,411.17999267578125,413.0,303.92498779296875,58.606754302978516,-2.071502685546875,108866
2304.0,411.7607421875,406.41998291015625,411.2799987792969,412.9599609375,304.3599853515625,58.46263122558594,-1.940765380859375,108866
2305.0,411.842041015625,406.3799743652344,411.239990234375,413.08001708984375,304.44000244140625,58.4163703918457,-2.062042236328125,108866
2306.0,411.80499267578125,406.5199890136719,411.239990234375,412.97998046875,304.3399963378906,58.3737678527832,-1.964996337890625,108866
2307.0,411.7215270996094,406.3399963378906,411.05999755859375,412.97998046875,304.3199768066406,58.4176139831543,-2.0615234375,108866
2308.0,411.8160095214844,406.4599914550781,411.1600036621094,413.01995849609375,304.1199951171875,58.56887435913086,-2.0560302734375,108866
2309.0,411.7416687011719,406.5199890136719,411.1600036621094,412.89996337890625,303.8800048828125,58.39842224121094,-1.90167236328125,108866
2310.0,411.8831481933594,406.3399963378906,411.17999267578125,413.03997802734375,303.2799987792969,58.51199722290039,-2.18316650390625,108866
2311.0,411.9102783203125,406.41998291015625,411.17999267578125,413.01995849609375,303.5,58.578338623046875,-2.190277099609375,108866
2312.0,411.8203430175781,406.53997802734375,411.1999816894531,412.94000244140625,303.9599914550781,58.43587112426758,-2.0003662109375,108866
2313.0,411.8497009277344,406.5199890136719,411.239990234375,413.01995849609375,304.3599853515625,58.32803726196289,-1.9697265625,108866
2314.0,411.909423828125,406.47998046875,411.239990234375,413.03997802734375,304.2799987792969,58.26512908935547,-2.029449462890625,108866
2315.0,412.0109558105469,406.2599792480469,411.3399963378906,413.17999267578125,304.3199768066406,58.151161193847656,-2.23095703125,108866
2316.0,411.9327697753906,406.0799865722656,411.1999816894531,413.1400146484375,304.1449890136719,58.096092224121094,-2.27276611328125,108866
2317.0,411.7572326660156,406.1600036621094,411.1199951171875,412.91998291015625,303.9849853515625,58.07038879394531,-2.11724853515625,108866
2318.0,411.838134765625,406.4599914550781,411.2599792480469,413.03997802734375,303.8800048828125,58.22617721557617,-1.9781494140625,108866
2319.0,411.94781494140625,406.2599792480469,411.239990234375,413.17999267578125,304.0050048828125,58.27296447753906,-2.20782470703125,108866
2320.0,411.96942138671875,406.3199768066406,411.2599792480469,413.1400146484375,303.739990234375,58.43104934692383,-2.209442138671875,108866
2321.0,412.06353759765625,406.4599914550781,411.3999938964844,413.20001220703125,304.1449890136719,58.39811325073242,-2.163543701171875,108866
2322.0,412.07421875,406.17999267578125,411.3599853515625,413.29998779296875,304.2599792480469,58.06177520751953,-2.294219970703125,108866
2323.0,412.0065002441406,406.3199768066406,411.3799743652344,413.239990234375,304.239990234375,57.962249755859375,-2.16650390625,108866
2324.0,412.0229187011719,406.5799865722656,411.53997802734375,413.29998779296875,304.1399841308594,57.986610412597656,-1.94293212890625,108866
2325.0,411.9781799316406,406.5799865722656,411.4599914550781,413.17999267578125,304.3199768066406,58.06553268432617,-1.938201904296875,108866
2326.0,412.02886962890625,406.67999267578125,411.6199951171875,413.239990234375,304.0199890136719,58.11249923706055,-1.848876953125,108866
2327.0,412.07037353515625,406.6399841308594,411.6999816894531,413.3399658203125,304.0799865722656,58.1989631652832,-1.83038330078125,108866
2328.0,411.9498291015625,406.6399841308594,411.6999816894531,413.260009765625,304.5,58.059837341308594,-1.689849853515625,108866
2329.0,412.01995849609375,406.67999267578125,411.7599792480469,413.32000732421875,303.47998046875,58.2583122253418,-1.699981689453125,108866
2330.0,412.11669921875,406.6399841308594,411.5999755859375,413.32000732421875,303.6600036621094,58.35089111328125,-1.916717529296875,108866
2331.0,412.0158996582031,406.6999816894531,411.47998046875,413.219970703125,304.0,58.363712310791016,-1.955902099609375,108866
2332.0,411.9721374511719,406.7799987792969,411.5,413.219970703125,304.30499267578125,58.197200775146484,-1.8321533203125,108866
2333.0,412.038330078125,406.79998779296875,411.5799865722656,413.29998779296875,304.03997802734375,58.28322219848633,-1.878326416015625,108866
2334.0,412.0014953613281,406.8199768066406,411.5999755859375,413.32000732421875,304.3399963378906,58.313602447509766,-1.781494140625,108866
2335.0,411.9863586425781,406.739990234375,411.4949951171875,413.239990234375,304.3800048828125,58.24143981933594,-1.866363525390625,108866
2336.0,411.97039794921875,406.5799865722656,411.41998291015625,413.17999267578125,304.1199951171875,58.32809066772461,-1.930419921875,108866
2337.0,412.0028381347656,406.5999755859375,411.47998046875,413.260009765625,304.0,58.294063568115234,-1.942840576171875,108866
2338.0,412.0286560058594,406.7200012207031,411.53997802734375,413.260009765625,304.30499267578125,58.203914642333984,-1.928680419921875,108866
2339.0,412.0364074707031,406.3799743652344,411.44000244140625,413.29998779296875,303.7200012207031,58.35940933227539,-2.15643310546875,108866
2340.0,411.8652038574219,406.2200012207031,411.2799987792969,413.20001220703125,303.8399963378906,58.249839782714844,-2.16522216796875,108866
2341.0,411.9388427734375,406.29998779296875,411.3199768066406,413.260009765625,304.03997802734375,58.42057800292969,-2.158843994140625,108866
2342.0,412.0483093261719,406.44000244140625,411.44000244140625,413.29998779296875,303.7049865722656,58.387481689453125,-2.128326416015625,108866
2343.0,412.1137390136719,406.2799987792969,411.3799743652344,413.260009765625,303.5,58.373531341552734,-2.333740234375,108866
2344.0,412.10650634765625,406.17999267578125,411.44000244140625,413.260009765625,303.05999755859375,58.646488189697266,-2.326507568359375,108866
2345.0,411.9700622558594,406.5199890136719,411.3799743652344,413.17999267578125,303.55999755859375,58.57670974731445,-2.090087890625,108866
2346.0,412.0374755859375,406.53997802734375,411.44000244140625,413.219970703125,304.2200012207031,58.362430572509766,-2.077484130859375,108866
2347.0,412.17333984375,406.5799865722656,411.55999755859375,413.3399658203125,304.3399963378906,58.3772087097168,-2.13336181640625,108866
2348.0,412.1805725097656,406.5999755859375,411.6399841308594,413.39996337890625,304.3199768066406,58.265724182128906,-2.16058349609375,108866
2349.0,412.1380920410156,406.7200012207031,411.6600036621094,413.39996337890625,304.739990234375,58.142295837402344,-1.958099365234375,108866
2350.0,412.145751953125,406.55999755859375,411.53997802734375,413.3800048828125,304.3999938964844,58.389583587646484,-2.10577392578125,108866
2351.0,412.1644592285156,406.3999938964844,411.5199890136719,413.44000244140625,304.47998046875,58.40187072753906,-2.164459228515625,108866
2352.0,412.1420593261719,406.47998046875,411.55999755859375,413.3800048828125,304.55999755859375,58.203697204589844,-2.142059326171875,108866
2353.0,412.20489501953125,406.3999938964844,411.5999755859375,413.46697998046875,304.2799987792969,58.34011459350586,-2.1649169921875,108866
2354.0,412.209228515625,406.3599853515625,411.5199890136719,413.41998291015625,304.5199890136719,58.38582992553711,-2.229248046875,108866
2355.0,412.07025146484375,406.3199768066406,411.5199890136719,413.3599853515625,304.5,58.409912109375,-2.050262451171875,108866
2356.0,412.1417541503906,406.239990234375,411.44000244140625,413.41998291015625,304.53997802734375,58.51126480102539,-2.201751708984375,108866
2357.0,412.19384765625,406.3199768066406,411.47998046875,413.3599853515625,304.67999267578125,58.442325592041016,-2.27386474609375,108866
2358.0,412.3812255859375,406.55999755859375,411.5999755859375,413.47998046875,304.6199951171875,58.356327056884766,-2.34124755859375,108866
2359.0,412.2961120605469,406.6600036621094,411.5999755859375,413.44000244140625,304.53997802734375,58.40590286254883,-2.21612548828125,108866
2360.0,412.2879943847656,406.6600036621094,411.5999755859375,413.47998046875,304.5050048828125,58.44691467285156,-2.167999267578125,108866
2361.0,412.3679504394531,406.67999267578125,411.67999267578125,413.53997802734375,304.4599914550781,58.41305923461914,-2.22796630859375,108866
2362.0,412.3658447265625,406.739990234375,411.739990234375,413.53997802734375,304.239990234375,58.51081085205078,-2.1258544921875,108866
2363.0,412.33416748046875,406.7200012207031,411.6999816894531,413.51995849609375,304.56500244140625,58.602821350097656,-2.134185791015625,108866
2364.0,412.43487548828125,406.6999816894531,411.8199768066406,413.6400146484375,304.97998046875,58.31691360473633,-2.19488525390625,108866
2365.0,412.31866455078125,406.6999816894531,411.7799987792969,413.5,304.67999267578125,58.428470611572266,-2.098663330078125,108866
2366.0,412.3244934082031,406.7799987792969,411.8199768066406,413.51995849609375,304.7200012207031,58.49211502075195,-2.0045166015625,108866
2367.0,412.3989562988281,406.8399963378906,411.8599853515625,413.5999755859375,305.2200012207031,58.31770706176758,-2.038970947265625,108866
2368.0,412.41156005859375,406.8399963378906,411.8799743652344,413.6470031738281,305.1999816894531,58.360469818115234,-2.05157470703125,108866
2369.0,412.41607666015625,406.739990234375,411.7200012207031,413.6400146484375,304.5249938964844,58.612953186035156,-2.17608642578125,108866
2370.0,412.3528747558594,406.6399841308594,411.6999816894531,413.53997802734375,303.47998046875,58.62724304199219,-2.212890625,108866
2371.0,412.3222961425781,406.3999938964844,411.5999755859375,413.47998046875,304.30499267578125,58.51942825317383,-2.342315673828125,108866
2372.0,412.43829345703125,406.7599792480469,411.739990234375,413.55999755859375,304.0799865722656,58.52129364013672,-2.218292236328125,108866
2373.0,412.4002990722656,406.8599853515625,411.7599792480469,413.5,303.68499755859375,58.70105743408203,-2.100311279296875,108866
2374.0,412.33203125,406.94000244140625,411.739990234375,413.5,304.42498779296875,58.52864456176758,-1.9720458984375,108866
2375.0,412.3208923339844,406.8999938964844,411.7200012207031,413.53997802734375,304.47998046875,58.553653717041016,-1.960906982421875,108866
2376.0,412.2073974609375,406.8199768066406,411.6199951171875,413.41998291015625,304.53997802734375,58.494171142578125,-1.927398681640625,108866
2377.0,412.33575439453125,406.79998779296875,411.67999267578125,413.53997802734375,304.6000061035156,58.70493698120117,-2.0357666015625,108866
2378.0,412.27752685546875,406.6399841308594,411.67999267578125,413.51995849609375,304.739990234375,58.48686218261719,-2.137542724609375,108866
2379.0,412.2745361328125,406.55999755859375,411.67999267578125,413.5,304.7799987792969,58.145660400390625,-2.154541015625,108866
2380.0,412.3125305175781,406.6999816894531,411.79498291015625,413.53997802734375,304.7049865722656,58.343265533447266,-2.05255126953125,108866
2381.0,412.37744140625,406.7799987792969,411.8199768066406,413.5999755859375,304.55999755859375,58.33738708496094,-2.097442626953125,108866
2382.0,412.3818359375,406.8999938964844,411.8199768066406,413.58001708984375,304.3399963378906,58.62648391723633,-2.0218505859375,108866
2383.0,412.2967224121094,406.8399963378906,411.8399963378906,413.5999755859375,304.4599914550781,58.63836669921875,-1.97674560546875,108866
2384.0,412.4111633300781,406.91998291015625,411.8599853515625,413.70001220703125,304.2799987792969,58.96364212036133,-2.051177978515625,108866
2385.0,412.3642578125,406.8799743652344,411.7599792480469,413.55999755859375,304.55999755859375,58.76009750366211,-2.084259033203125,108866
2386.0,412.2907409667969,406.739990234375,411.6999816894531,413.51995849609375,304.67999267578125,58.60636520385742,-2.1507568359375,108866
2387.0,412.2947082519531,406.8999938964844,411.8599853515625,413.5999755859375,305.0799865722656,58.52360916137695,-1.9547119140625,108866
2388.0,412.19805908203125,406.94000244140625,411.94000244140625,413.55999755859375,305.1999816894531,58.31270217895508,-1.69805908203125,108866
2389.0,412.1905517578125,406.739990234375,411.8199768066406,413.58001708984375,304.7049865722656,58.24545669555664,-1.870574951171875,108866
2390.0,412.4338073730469,406.79998779296875,411.91998291015625,413.67999267578125,304.2599792480469,58.437862396240234,-2.0538330078125,108866
2391.0,412.545166015625,406.7599792480469,411.8799743652344,413.67999267578125,303.8399963378906,58.453975677490234,-2.285186767578125,108866
2392.0,412.3468017578125,406.79998779296875,411.739990234375,413.51995849609375,303.80499267578125,58.38269805908203,-2.086822509765625,108866
2393.0,412.3714599609375,406.8799743652344,411.7599792480469,413.5,304.44000244140625,58.25872802734375,-2.111480712890625,108866
2394.0,412.4430236816406,407.0799865722656,411.8599853515625,413.58001708984375,304.42498779296875,58.49623107910156,-2.04302978515625,108866
2395.0,412.43939208984375,407.03997802734375,411.91998291015625,413.6199951171875,304.03997802734375,58.66347885131836,-2.0194091796875,108866
2396.0,412.4576110839844,406.7200012207031,411.7599792480469,413.6400146484375,304.0799865722656,58.654727935791016,-2.277618408203125,108866
2397.0,412.6445007324219,406.79998779296875,411.8999938964844,413.82000732421875,304.3599853515625,58.71354675292969,-2.32452392578125,108866
2398.0,412.5742492675781,406.8599853515625,411.8599853515625,413.739990234375,304.1999816894531,58.77292251586914,-2.2542724609375,108866
2399.0,412.5171203613281,406.8399963378906,411.8399963378906,413.67999267578125,304.17999267578125,58.938941955566406,-2.23712158203125,108866
2400.0,412.5335388183594,406.8199768066406,411.8599853515625,413.68701171875,304.2799987792969,58.89761734008789,-2.233551025390625,108866
2401.0,412.4674072265625,406.8799743652344,411.8199768066406,413.5999755859375,304.239990234375,58.69903564453125,-2.087432861328125,108866
2402.0,412.53363037109375,406.8999938964844,411.8799743652344,413.719970703125,304.47998046875,58.45759582519531,-2.1136474609375,108866
2403.0,412.5675964355469,406.79998779296875,411.94000244140625,413.79998779296875,304.67999267578125,58.5125732421875,-2.22760009765625,108866
2404.0,412.5435791015625,406.7599792480469,411.8999938964844,413.70001220703125,304.8450012207031,58.468353271484375,-2.18359375,108866
2405.0,412.6113586425781,406.7799987792969,411.8999938964844,413.82000732421875,304.6399841308594,58.50025177001953,-2.251373291015625,108866
2406.0,412.4571838378906,406.8199768066406,411.8799743652344,413.739990234375,304.7200012207031,58.565269470214844,-2.097198486328125,108866
2407.0,412.5390319824219,407.0,412.1199951171875,413.82000732421875,304.1600036621094,58.66116714477539,-1.919036865234375,108866
2408.0,412.3792419433594,407.03997802734375,412.0,413.65997314453125,303.8999938964844,58.7035026550293,-1.839263916015625,108866
2409.0,412.4590759277344,407.1600036621094,412.17999267578125,413.89996337890625,304.56500244140625,58.60860824584961,-1.73907470703125,108866
2410.0,412.5059814453125,407.0799865722656,412.20001220703125,413.97998046875,304.8599853515625,58.42378234863281,-1.805999755859375,108866
2411.0,412.4771423339844,407.2200012207031,412.1400146484375,413.77996826171875,305.03997802734375,58.43064498901367,-1.77716064453125,108866
2412.0,412.42041015625,407.0799865722656,411.9599914550781,413.70001220703125,304.8999938964844,58.60143280029297,-1.900421142578125,108866
2413.0,412.47869873046875,407.03997802734375,412.01995849609375,413.82000732421875,305.03997802734375,58.45697021484375,-1.958709716796875,108866
2414.0,412.2353820800781,407.0799865722656,411.8599853515625,413.53997802734375,305.44000244140625,58.23909378051758,-1.775390625,108866
2415.0,412.3896179199219,406.91998291015625,411.8399963378906,413.62701416015625,305.44500732421875,58.21871566772461,-1.9896240234375,108866
2416.0,412.2876892089844,406.67999267578125,411.6600036621094,413.4599609375,305.44500732421875,58.23682403564453,-2.127685546875,108866
2417.0,412.3876037597656,406.94000244140625,411.7799987792969,413.53997802734375,305.2200012207031,58.44464874267578,-2.047607421875,108866
2418.0,412.4253845214844,406.8599853515625,411.7200012207031,413.58001708984375,304.9599914550781,58.50361633300781,-2.10540771484375,108866
2419.0,412.5058898925781,406.91998291015625,411.8199768066406,413.6400146484375,305.1199951171875,58.516357421875,-2.145904541015625,108866
2420.0,412.56756591796875,406.79998779296875,411.79998779296875,413.760009765625,304.8999938964844,58.66721725463867,-2.307586669921875,108866
2421.0,412.45428466796875,406.7599792480469,411.739990234375,413.70001220703125,304.8800048828125,58.60073471069336,-2.21429443359375,108866
2422.0,412.41436767578125,406.8199768066406,411.739990234375,413.67999267578125,304.94000244140625,58.421295166015625,-2.134368896484375,108866
2423.0,412.314208984375,406.7799987792969,411.6600036621094,413.6199951171875,304.739990234375,58.3731689453125,-2.094207763671875,108866
2424.0,412.3594055175781,406.7599792480469,411.7200012207031,413.6199951171875,305.1399841308594,58.08266830444336,-2.119415283203125,108866
2425.0,412.5331115722656,406.79998779296875,411.79998779296875,413.760009765625,305.1600036621094,58.17117691040039,-2.25311279296875,108866
2426.0,412.4405212402344,406.5,411.6999816894531,413.739990234375,305.03997802734375,58.15134048461914,-2.400543212890625,108866
2427.0,412.2795104980469,406.53997802734375,411.6199951171875,413.6199951171875,305.4599914550781,58.079315185546875,-2.239532470703125,108866
2428.0,412.2657165527344,406.55999755859375,411.6399841308594,413.65997314453125,305.6600036621094,57.97515106201172,-2.18572998046875,108866
2429.0,412.406982421875,406.53997802734375,411.8799743652344,413.79998779296875,305.9649963378906,57.931095123291016,-2.147003173828125,108866
2430.0,412.3600158691406,406.53997802734375,411.8399963378906,413.79998779296875,305.6199951171875,58.2086181640625,-2.120025634765625,108866
2431.0,412.46417236328125,406.53997802734375,411.8999938964844,413.79998779296875,305.239990234375,58.34814453125,-2.144195556640625,108866
2432.0,412.6377868652344,406.53997802734375,412.0,413.91998291015625,304.7200012207031,58.18292236328125,-2.277801513671875,108866
2433.0,412.5781555175781,406.55999755859375,411.91998291015625,413.8399658203125,305.1000061035156,57.97929000854492,-2.278167724609375,108866
2434.0,412.6370544433594,406.739990234375,412.0999755859375,414.0,304.3399963378906,58.1649169921875,-2.137054443359375,108866
2435.0,412.5692443847656,406.97998046875,412.08001708984375,413.906982421875,304.239990234375,58.349151611328125,-2.009246826171875,108866
2436.0,412.56640625,406.7599792480469,412.01995849609375,413.91998291015625,304.2649841308594,58.32292175292969,-2.12640380859375,108866
2437.0,412.5869445800781,406.9599914550781,412.1199951171875,413.9599609375,304.6650085449219,58.33195114135742,-2.0069580078125,108866
2438.0,412.4437561035156,406.7599792480469,411.8999938964844,413.77996826171875,304.6600036621094,58.32164001464844,-2.06378173828125,108866
2439.0,412.4524841308594,407.0,411.8799743652344,413.70001220703125,304.7850036621094,58.32588195800781,-1.99249267578125,108866
2440.0,412.2867126464844,406.67999267578125,411.6399841308594,413.5999755859375,304.6600036621094,58.41423034667969,-2.106719970703125,108866
2441.0,412.14697265625,406.5,411.5199890136719,413.5,304.7599792480469,58.34498977661133,-2.10699462890625,108866
2442.0,412.2971496582031,406.5999755859375,411.6399841308594,413.58001708984375,304.8599853515625,58.380027770996094,-2.13714599609375,108866
2443.0,412.6185302734375,406.7799987792969,411.8599853515625,413.760009765625,304.7850036621094,58.26688003540039,-2.258544921875,108866
2444.0,412.6335754394531,406.9599914550781,412.05999755859375,413.8800048828125,304.8999938964844,58.41419219970703,-2.013580322265625,108866
2445.0,412.6152038574219,407.03997802734375,412.03997802734375,413.739990234375,304.91998291015625,58.52450942993164,-2.03521728515625,108866
2446.0,412.56610107421875,407.0199890136719,412.0999755859375,413.760009765625,305.1600036621094,58.51280975341797,-1.8861083984375,108866
2447.0,412.82464599609375,407.03997802734375,412.0999755859375,413.94000244140625,304.6999816894531,58.814666748046875,-2.20465087890625,108866
2448.0,412.87481689453125,407.1600036621094,412.1400146484375,413.9599609375,304.6449890136719,58.822818756103516,-2.234832763671875,108866
2449.0,413.01251220703125,406.97998046875,412.15997314453125,414.1400146484375,304.3999938964844,58.81571578979492,-2.39251708984375,108866
2450.0,413.02532958984375,406.94000244140625,412.15997314453125,414.17999267578125,304.41998291015625,58.81220245361328,-2.445343017578125,108866
2451.0,413.01165771484375,407.0799865722656,412.15997314453125,414.1199951171875,304.739990234375,58.57814407348633,-2.42169189453125,108866
2452.0,413.00872802734375,407.0999755859375,412.27996826171875,414.20001220703125,304.7250061035156,58.75364303588867,-2.3287353515625,108866
2453.0,412.8111572265625,407.1199951171875,412.260009765625,414.05999755859375,304.79998779296875,58.529361724853516,-2.091156005859375,108866
2454.0,412.7905578613281,407.239990234375,412.32000732421875,414.0999755859375,304.739990234375,58.62545394897461,-1.9705810546875,108866
2455.0,412.9622497558594,407.0999755859375,412.44000244140625,414.32000732421875,304.56500244140625,58.74188995361328,-2.082275390625,108866
2456.0,412.881591796875,407.2599792480469,412.3399658203125,414.08001708984375,305.1999816894531,58.514404296875,-2.041595458984375,108866
2457.0,412.9226379394531,407.47998046875,412.39996337890625,414.1400146484375,305.2599792480469,58.438053131103516,-1.962646484375,108866
2458.0,413.015380859375,407.44000244140625,412.32000732421875,414.17999267578125,305.05999755859375,58.4524040222168,-2.09539794921875,108866
2459.0,412.95703125,407.4599914550781,412.44000244140625,414.239990234375,304.8999938964844,58.60362243652344,-1.97705078125,108866
2460.0,412.9825744628906,407.3999938964844,412.41998291015625,414.27996826171875,304.91998291015625,58.65672302246094,-2.042572021484375,108866
2461.0,412.94195556640625,407.3599853515625,412.3399658203125,414.17999267578125,305.1199951171875,58.7465705871582,-2.061981201171875,108866
2462.0,412.8895568847656,407.2599792480469,412.29998779296875,414.1400146484375,305.04498291015625,58.730403900146484,-2.049560546875,108866
2463.0,412.9132385253906,407.2799987792969,412.3399658203125,414.0999755859375,304.5,58.738033294677734,-2.0732421875,108866
2464.0,412.8122863769531,407.29998779296875,412.3599853515625,414.0999755859375,304.8199768066406,58.58667755126953,-1.93231201171875,108866
2465.0,413.04754638671875,407.2599792480469,412.53997802734375,414.3800048828125,304.53997802734375,58.59695816040039,-2.06756591796875,108866
2466.0,412.9171447753906,407.3199768066406,412.29998779296875,414.20001220703125,304.5,58.5097770690918,-2.09716796875,108866
2467.0,412.8863220214844,407.3799743652344,412.27996826171875,414.1400146484375,304.8399963378906,58.318763732910156,-2.026336669921875,108866
2468.0,412.9736328125,407.239990234375,412.27996826171875,414.15997314453125,304.5199890136719,58.60807418823242,-2.193634033203125,108866
2469.0,412.910888671875,407.1600036621094,412.29998779296875,414.17999267578125,304.3249816894531,58.62124252319336,-2.190887451171875,108866
2470.0,412.9954528808594,407.05999755859375,412.260009765625,414.239990234375,304.6449890136719,58.519283294677734,-2.315460205078125,108866
2471.0,413.02606201171875,407.0,412.27996826171875,414.219970703125,304.7799987792969,58.340972900390625,-2.326080322265625,108866
2472.0,412.8835144042969,407.17999267578125,412.17999267578125,414.1199951171875,304.6399841308594,58.45035171508789,-2.16351318359375,108866
2473.0,412.85577392578125,407.1999816894531,412.219970703125,414.0999755859375,303.97998046875,58.51791000366211,-2.11578369140625,108866
2474.0,412.9121398925781,407.2599792480469,412.3599853515625,414.17999267578125,304.53997802734375,58.46495056152344,-2.052154541015625,108866
2475.0,412.8963623046875,407.1600036621094,412.239990234375,414.15997314453125,304.94000244140625,58.364051818847656,-2.1563720703125,108866
2476.0,412.88690185546875,407.2799987792969,412.219970703125,413.97998046875,304.67999267578125,58.250160217285156,-2.126922607421875,108866
2477.0,412.9771423339844,407.44000244140625,412.3800048828125,414.1199951171875,304.29998779296875,58.54673767089844,-2.0771484375,108866
2478.0,412.94873046875,407.17999267578125,412.29998779296875,414.1400146484375,304.53997802734375,58.76827621459961,-2.3487548828125,108866
2479.0,412.9239196777344,407.1999816894531,412.219970703125,414.0999755859375,304.3399963378906,58.62062072753906,-2.303924560546875,108866
2480.0,412.95068359375,407.3999938964844,412.3399658203125,414.15997314453125,304.7799987792969,58.58389663696289,-2.130706787109375,108866
2481.0,412.9485168457031,407.2599792480469,412.32000732421875,414.219970703125,305.1050109863281,58.650577545166016,-2.208526611328125,108866
2482.0,413.005126953125,407.3799743652344,412.32000732421875,414.17999267578125,304.8800048828125,58.72861099243164,-2.245147705078125,108866
2483.0,413.0494079589844,407.3199768066406,412.32000732421875,414.239990234375,304.7200012207031,58.71432876586914,-2.2694091796875,108866
2484.0,413.04949951171875,407.3999938964844,412.4599609375,414.20001220703125,305.05999755859375,58.76138687133789,-2.1295166015625,108866
2485.0,413.0462951660156,407.47998046875,412.39996337890625,414.17999267578125,304.9599914550781,58.85154342651367,-2.106292724609375,108866
2486.0,413.11676025390625,407.4599914550781,412.4599609375,414.260009765625,304.7250061035156,58.853084564208984,-2.13677978515625,108866
2487.0,413.0715637207031,407.55999755859375,412.4599609375,414.20001220703125,304.6600036621094,58.98280715942383,-2.05157470703125,108866
2488.0,413.0963134765625,407.53997802734375,412.5,414.29998779296875,304.739990234375,58.88199996948242,-2.076324462890625,108866
2489.0,413.14801025390625,407.4599914550781,412.5,414.27996826171875,304.68499755859375,58.7575569152832,-2.2080078125,108866
2490.0,413.1483154296875,407.3799743652344,412.41998291015625,414.27996826171875,304.4599914550781,58.641422271728516,-2.268341064453125,108866
2491.0,413.1481628417969,407.2599792480469,412.3800048828125,414.27996826171875,304.44000244140625,58.629268646240234,-2.32818603515625,108866
2492.0,413.117431640625,407.3599853515625,412.4599609375,414.3599853515625,304.5,58.74618148803711,-2.217437744140625,108866
2493.0,413.0994567871094,407.53997802734375,412.53997802734375,414.44000244140625,304.55999755859375,58.862483978271484,-2.01947021484375,108866
2494.0,413.1241760253906,407.53997802734375,412.55999755859375,414.4599609375,304.7799987792969,58.97297668457031,-2.10418701171875,108866
2495.0,413.1063232421875,407.41998291015625,412.47998046875,414.27996826171875,304.94000244140625,58.70668029785156,-2.16632080078125,108866
2496.0,413.18328857421875,407.4599914550781,412.6199951171875,414.44000244140625,305.47998046875,58.63618087768555,-2.143310546875,108866
2497.0,413.1566467285156,407.4599914550781,412.5999755859375,414.41998291015625,305.3599853515625,58.72753143310547,-2.116668701171875,108866
2498.0,413.24212646484375,407.53997802734375,412.6199951171875,414.44000244140625,304.7250061035156,58.669715881347656,-2.162139892578125,108866
2499.0,413.1881408691406,407.4599914550781,412.55999755859375,414.3399658203125,305.3599853515625,58.51734161376953,-2.148162841796875,108866
2500.0,413.19024658203125,407.44000244140625,412.51995849609375,414.3070068359375,304.6600036621094,58.88999938964844,-2.230255126953125,108866
2501.0,413.03680419921875,407.41998291015625,412.4599609375,414.27996826171875,304.364990234375,58.75508499145508,-2.076812744140625,108866
2502.0,413.1313171386719,407.53997802734375,412.5999755859375,414.3269958496094,304.3450012207031,58.49314498901367,-2.05133056640625,108866
2503.0,413.0936584472656,407.6199951171875,412.67999267578125,414.39996337890625,304.5050048828125,58.496726989746094,-1.8936767578125,108866
2504.0,413.1156921386719,407.55999755859375,412.65997314453125,414.4599609375,304.7200012207031,58.55246353149414,-1.9556884765625,108866
2505.0,413.0861511230469,407.53997802734375,412.5999755859375,414.3399658203125,304.3800048828125,58.64741134643555,-1.986175537109375,108866
2506.0,413.01617431640625,407.5,412.41998291015625,414.239990234375,304.5799865722656,58.54832077026367,-2.01617431640625,108866
2507.0,413.0748596191406,407.3999938964844,412.39996337890625,414.260009765625,305.1999816894531,58.42707824707031,-2.154876708984375,108866
2508.0,413.1000061035156,407.5199890136719,412.44000244140625,414.219970703125,305.3800048828125,58.37496566772461,-2.1400146484375,108866
2509.0,413.20037841796875,407.67999267578125,412.44000244140625,414.3399658203125,304.92498779296875,58.64665985107422,-2.240386962890625,108866
2510.0,413.2539367675781,407.6399841308594,412.53997802734375,414.3800048828125,304.6199951171875,58.71364212036133,-2.193939208984375,108866
2511.0,413.13677978515625,407.4599914550781,412.4599609375,414.3599853515625,304.3199768066406,58.689083099365234,-2.19677734375,108866
2512.0,413.2311706542969,407.3999938964844,412.51995849609375,414.44000244140625,303.91998291015625,58.8714485168457,-2.251190185546875,108866
2513.0,413.19061279296875,407.4599914550781,412.47998046875,414.3800048828125,303.91998291015625,58.81090545654297,-2.230621337890625,108866
2514.0,413.03948974609375,407.3399963378906,412.41998291015625,414.3800048828125,304.6399841308594,58.8762321472168,-2.1195068359375,108866
2515.0,413.10870361328125,407.47998046875,412.55999755859375,414.3800048828125,304.67999267578125,58.93144226074219,-2.028717041015625,108866
2516.0,413.169677734375,407.5199890136719,412.67999267578125,414.5,304.29998779296875,58.98078155517578,-1.969696044921875,108866
2517.0,413.1482849121094,407.6399841308594,412.67999267578125,414.4599609375,304.6999816894531,58.99176025390625,-1.8883056640625,108866
2518.0,413.31243896484375,407.5999755859375,412.719970703125,414.5999755859375,304.9599914550781,58.72850036621094,-2.112457275390625,108866
2519.0,413.3690185546875,407.44000244140625,412.760009765625,414.68701171875,305.03997802734375,58.772621154785156,-2.169036865234375,108866
2520.0,413.5091247558594,407.5199890136719,412.8399658203125,414.739990234375,304.05999755859375,58.91912841796875,-2.269134521484375,108866
2521.0,413.2783508300781,407.5799865722656,412.65997314453125,414.5,303.94500732421875,59.01942825317383,-2.158355712890625,108866
2522.0,413.3424987792969,407.7200012207031,412.7149658203125,414.5999755859375,304.4849853515625,58.87209701538086,-2.14251708984375,108866
2523.0,413.30999755859375,407.6600036621094,412.70001220703125,414.58001708984375,304.79998779296875,58.81829071044922,-2.1300048828125,108866
2524.0,413.36883544921875,407.67999267578125,412.67999267578125,414.5999755859375,304.56500244140625,58.89521789550781,-2.1888427734375,108866
2525.0,413.2741394042969,407.6600036621094,412.65997314453125,414.4599609375,304.53997802734375,58.89743423461914,-2.094146728515625,108866
2526.0,413.3787536621094,407.739990234375,412.739990234375,414.5999755859375,304.7799987792969,58.98405456542969,-2.0987548828125,108866
2527.0,413.2586669921875,407.67999267578125,412.6199951171875,414.47998046875,304.3800048828125,59.02239227294922,-2.118682861328125,108866
2528.0,413.2196960449219,407.5999755859375,412.6199951171875,414.44000244140625,303.9599914550781,59.02149200439453,-2.159698486328125,108866
2529.0,413.1430969238281,407.4599914550781,412.6400146484375,414.5,304.97998046875,58.57509231567383,-2.043121337890625,108866
2530.0,413.3226623535156,407.53997802734375,412.79998779296875,414.6199951171875,305.2799987792969,58.67683792114258,-2.082672119140625,108866
2531.0,413.3465576171875,407.6600036621094,412.89996337890625,414.65997314453125,305.2799987792969,58.83938217163086,-1.986572265625,108866
2532.0,413.328369140625,407.67999267578125,412.89996337890625,414.719970703125,305.47998046875,58.897281646728516,-1.928375244140625,108866
2533.0,413.3761291503906,407.8599853515625,412.79998779296875,414.51995849609375,305.3199768066406,59.082794189453125,-1.97613525390625,108866
2534.0,413.2860412597656,407.7799987792969,412.65997314453125,414.4599609375,305.3599853515625,59.0194091796875,-2.046051025390625,108866
2535.0,413.22906494140625,407.8199768066406,412.77996826171875,414.5,305.1999816894531,59.1588134765625,-1.849090576171875,108866
2536.0,413.4279479980469,407.79998779296875,412.8800048828125,414.6669921875,305.30499267578125,59.204532623291016,-2.007965087890625,108866
2537.0,413.43182373046875,407.8399963378906,412.97998046875,414.739990234375,305.3399963378906,59.07735824584961,-1.93182373046875,108866
2538.0,413.3788757324219,407.8199768066406,412.79998779296875,414.65997314453125,305.3399963378906,59.19684982299805,-1.9788818359375,108866
2539.0,413.3916931152344,407.7200012207031,412.89996337890625,414.79998779296875,305.0799865722656,59.1161994934082,-1.971710205078125,108866
2540.0,413.33953857421875,407.3999938964844,412.719970703125,414.67999267578125,305.364990234375,59.140682220458984,-2.139556884765625,108866
2541.0,413.393310546875,407.5199890136719,412.6400146484375,414.58001708984375,305.1999816894531,59.01832580566406,-2.2733154296875,108866
2542.0,413.4110107421875,407.3199768066406,412.55999755859375,414.58001708984375,305.41998291015625,58.88270950317383,-2.4310302734375,108866
2543.0,413.3539123535156,407.53997802734375,412.70001220703125,414.58001708984375,305.2599792480469,58.7412109375,-2.19390869140625,108866
2544.0,413.4314880371094,407.47998046875,412.70001220703125,414.6400146484375,304.91998291015625,58.82856369018555,-2.271484375,108866
2545.0,413.3695373535156,407.3999938964844,412.47998046875,414.5269775390625,304.8399963378906,58.91073989868164,-2.4095458984375,108866
2546.0,413.42864990234375,407.3199768066406,412.65997314453125,414.67999267578125,305.1199951171875,58.73295211791992,-2.42864990234375,108866
2547.0,413.40753173828125,407.5999755859375,412.719970703125,414.6199951171875,305.4599914550781,58.60250473022461,-2.267547607421875,108866
2548.0,413.47027587890625,407.5799865722656,412.719970703125,414.70001220703125,305.6600036621094,58.5491943359375,-2.330291748046875,108866
2549.0,413.3955993652344,407.4599914550781,412.65997314453125,414.67999267578125,305.5,58.78629684448242,-2.335601806640625,108866
2550.0,413.52423095703125,407.53997802734375,412.739990234375,414.77996826171875,305.2799987792969,59.20091247558594,-2.364227294921875,108866
2551.0,413.531494140625,407.6199951171875,412.79998779296875,414.719970703125,305.3599853515625,59.20465850830078,-2.311492919921875,108866
2552.0,413.5471496582031,407.6999816894531,412.82000732421875,414.72698974609375,305.3999938964844,59.176944732666016,-2.247161865234375,108866
2553.0,413.56524658203125,407.53997802734375,412.8399658203125,414.739990234375,304.8399963378906,59.22483825683594,-2.345245361328125,108866
2554.0,413.4980163574219,407.5999755859375,412.77996826171875,414.65997314453125,305.0249938964844,59.05663299560547,-2.27801513671875,108866
2555.0,413.5101013183594,407.5199890136719,412.70001220703125,414.6400146484375,305.0799865722656,58.979270935058594,-2.330108642578125,108866
2556.0,413.5340576171875,407.41998291015625,412.77996826171875,414.719970703125,304.8450012207031,58.90150833129883,-2.334075927734375,108866
2557.0,413.4487609863281,407.4599914550781,412.760009765625,414.6400146484375,304.7599792480469,58.82124328613281,-2.28875732421875,108866
2558.0,413.4635314941406,407.67999267578125,413.01995849609375,414.79998779296875,305.03997802734375,58.92473220825195,-2.0035400390625,108866
2559.0,413.4860534667969,407.7799987792969,413.05999755859375,414.760009765625,305.4599914550781,58.771766662597656,-1.946075439453125,108866
2560.0,413.6066589355469,407.79998779296875,412.97998046875,414.8399658203125,305.6000061035156,58.932804107666016,-2.086669921875,108866
2561.0,413.5885009765625,407.47998046875,412.8599853515625,414.8399658203125,305.8599853515625,58.9272575378418,-2.308502197265625,108866
2562.0,413.63641357421875,407.53997802734375,412.89996337890625,414.8399658203125,305.41998291015625,58.91580581665039,-2.356414794921875,108866
2563.0,413.6361389160156,407.8999938964844,412.94000244140625,414.77996826171875,305.7200012207031,58.9218864440918,-2.216156005859375,108866
2564.0,413.595947265625,407.97998046875,412.97998046875,414.8399658203125,305.7200012207031,58.789310455322266,-2.095947265625,108866
2565.0,413.5906982421875,408.1600036621094,413.0999755859375,414.82000732421875,305.6999816894531,58.75083923339844,-1.99072265625,108866
2566.0,413.5085144042969,408.1999816894531,413.05999755859375,414.739990234375,305.8199768066406,58.57853317260742,-1.888519287109375,108866
2567.0,413.6446533203125,408.3999938964844,413.260009765625,414.89996337890625,305.6999816894531,58.581878662109375,-1.804656982421875,108866
2568.0,413.7911376953125,408.47998046875,413.32000732421875,414.97998046875,305.55999755859375,58.71531295776367,-1.85113525390625,108866
2569.0,413.6739807128906,408.17999267578125,413.05999755859375,414.89996337890625,305.6000061035156,58.590782165527344,-2.01397705078125,108866
2570.0,413.6512756347656,408.0199890136719,413.0,414.8399658203125,305.41998291015625,58.691917419433594,-2.13128662109375,108866
2571.0,413.5182189941406,407.8199768066406,412.8599853515625,414.719970703125,305.03997802734375,58.64008712768555,-2.13824462890625,108866
2572.0,413.5872497558594,407.97998046875,412.94000244140625,414.719970703125,305.7200012207031,58.463661193847656,-2.107269287109375,108866
2573.0,413.6676330566406,408.05999755859375,413.05999755859375,414.79998779296875,305.3249816894531,58.65455627441406,-2.087646484375,108866
2574.0,413.5339050292969,407.8999938964844,412.94000244140625,414.77996826171875,305.6000061035156,58.79593276977539,-2.033905029296875,108866
2575.0,413.6205749511719,407.97998046875,413.08001708984375,414.8800048828125,306.1199951171875,58.89420700073242,-2.04058837890625,108866
2576.0,413.6139831542969,407.97998046875,413.1400146484375,414.8800048828125,305.6999816894531,58.83678436279297,-1.9739990234375,108866
2577.0,413.7088317871094,407.8999938964844,413.17999267578125,415.05999755859375,305.6600036621094,58.688720703125,-2.088836669921875,108866
2578.0,413.72930908203125,407.7799987792969,413.219970703125,415.08001708984375,305.3599853515625,58.81584930419922,-2.149322509765625,108866
2579.0,413.7176208496094,407.8399963378906,413.239990234375,414.97998046875,306.0199890136719,58.54730987548828,-2.07763671875,108866
2580.0,413.7543029785156,407.9599914550781,413.32000732421875,415.03997802734375,305.8199768066406,58.73374938964844,-2.014312744140625,108866
2581.0,413.6954040527344,407.97998046875,413.17999267578125,414.94000244140625,306.0,58.76018524169922,-2.055419921875,108866
2582.0,413.6669006347656,407.9599914550781,412.97998046875,414.77996826171875,305.6399841308594,58.70820617675781,-2.14691162109375,108866
2583.0,413.7002868652344,407.8599853515625,412.94000244140625,414.8599853515625,305.4049987792969,58.7186164855957,-2.24029541015625,108866
2584.0,413.5610046386719,408.0,412.94000244140625,414.760009765625,305.97998046875,58.521114349365234,-2.021026611328125,108866
2585.0,413.6897277832031,408.17999267578125,413.0999755859375,414.91998291015625,306.1399841308594,58.52579116821289,-1.98974609375,108866
2586.0,413.6850280761719,408.03997802734375,413.08001708984375,414.91998291015625,305.68499755859375,58.668861389160156,-2.125030517578125,108866
2587.0,413.6991882324219,408.03997802734375,413.01995849609375,414.89996337890625,306.0199890136719,58.60811996459961,-2.139190673828125,108866
2588.0,413.74700927734375,408.03997802734375,413.1400146484375,414.94000244140625,306.1399841308594,58.7856559753418,-2.167022705078125,108866
2589.0,413.7255554199219,408.1399841308594,413.15997314453125,414.8800048828125,305.8800048828125,58.78516387939453,-2.0655517578125,108866
2590.0,413.7322998046875,408.0999755859375,413.17999267578125,414.94000244140625,306.05999755859375,58.579776763916016,-2.092315673828125,108866
2591.0,413.74700927734375,408.0999755859375,413.239990234375,415.0,305.7049865722656,58.63043975830078,-2.027008056640625,108866
2592.0,413.77508544921875,408.1600036621094,413.27996826171875,415.01995849609375,305.79998779296875,58.679656982421875,-1.995086669921875,108866
2593.0,413.8934631347656,408.17999267578125,413.32000732421875,415.15997314453125,305.8599853515625,58.94458770751953,-2.093475341796875,108866
2594.0,413.6855163574219,407.94000244140625,413.1400146484375,414.94000244140625,306.0249938964844,58.789398193359375,-2.0455322265625,108866
2595.0,413.67913818359375,408.0999755859375,413.17999267578125,414.91998291015625,305.6000061035156,58.584686279296875,-1.959136962890625,108866
2596.0,413.7106628417969,407.8799743652344,413.20001220703125,415.0670166015625,305.9599914550781,58.52317810058594,-2.0506591796875,108866
2597.0,413.6930847167969,407.79998779296875,413.0999755859375,415.01995849609375,306.1399841308594,58.22932434082031,-2.153106689453125,108866
2598.0,413.6785583496094,407.8199768066406,413.1400146484375,415.08001708984375,305.6399841308594,58.347434997558594,-2.09857177734375,108866
2599.0,413.9424133300781,408.0199890136719,413.3399658203125,415.2669982910156,305.44000244140625,58.50917053222656,-2.16241455078125,108866
2600.0,413.791748046875,408.0999755859375,413.20001220703125,414.97998046875,305.94000244140625,58.394981384277344,-2.131744384765625,108866
2601.0,413.7720642089844,407.8799743652344,413.05999755859375,414.9599609375,306.1199951171875,58.326171875,-2.272064208984375,108866
2602.0,413.6650695800781,407.8199768066406,413.03997802734375,414.97998046875,306.03997802734375,58.60247802734375,-2.165069580078125,108866
2603.0,413.793701171875,408.0,413.219970703125,415.0999755859375,306.3399963378906,58.73271942138672,-2.093719482421875,108866
2604.0,413.9521179199219,408.0999755859375,413.32000732421875,415.17999267578125,306.44000244140625,58.6688232421875,-2.192138671875,108866
2605.0,413.8758544921875,408.1399841308594,413.20001220703125,415.0,306.0199890136719,58.76049041748047,-2.19586181640625,108866
2606.0,413.7674865722656,408.1199951171875,413.20001220703125,415.01995849609375,305.79998779296875,58.834590911865234,-2.0675048828125,108866
2607.0,413.7361755371094,408.05999755859375,413.219970703125,415.0,305.6999816894531,58.79057693481445,-2.03619384765625,108866
2608.0,413.7484436035156,407.97998046875,413.239990234375,415.05999755859375,305.8249816894531,58.84963607788086,-2.0284423828125,108866
2609.0,413.9112243652344,408.1199951171875,413.20001220703125,415.05999755859375,306.0849914550781,58.80486297607422,-2.231231689453125,108866
2610.0,413.8964538574219,408.1999816894531,413.219970703125,415.08001708984375,306.04498291015625,58.552738189697266,-2.156463623046875,108866
2611.0,413.82696533203125,408.1600036621094,413.260009765625,415.03997802734375,306.3599853515625,58.463539123535156,-2.106964111328125,108866
2612.0,413.72705078125,408.1999816894531,413.32000732421875,415.01995849609375,306.94000244140625,58.29443359375,-1.92706298828125,108866
2613.0,413.7301940917969,408.17999267578125,413.239990234375,414.9599609375,307.1050109863281,58.1590461730957,-1.9501953125,108866
2614.0,413.71966552734375,408.2200012207031,413.239990234375,414.89996337890625,306.6000061035156,58.02606201171875,-1.97967529296875,108866
2615.0,413.7618408203125,408.2799987792969,413.41998291015625,415.05999755859375,305.9649963378906,58.27460861206055,-1.881866455078125,108866
2616.0,413.8157043457031,408.3399963378906,413.27996826171875,414.97998046875,305.9599914550781,58.37045669555664,-2.03570556640625,108866
2617.0,413.8136291503906,408.239990234375,413.1400146484375,414.9469909667969,306.05999755859375,58.33375549316406,-2.193634033203125,108866
2618.0,413.798828125,408.1600036621094,413.0999755859375,414.9599609375,305.8599853515625,58.4675407409668,-2.218841552734375,108866
2619.0,413.7555236816406,408.0799865722656,413.08001708984375,414.97998046875,306.1999816894531,58.44230270385742,-2.155548095703125,108866
2620.0,413.8317565917969,408.1600036621094,413.17999267578125,415.01995849609375,306.1999816894531,58.68020248413086,-2.1717529296875,108866
2621.0,413.7398681640625,408.239990234375,413.32000732421875,415.01995849609375,306.4100036621094,58.69362258911133,-1.93988037109375,108866
2622.0,413.8507385253906,408.3199768066406,413.260009765625,415.08001708984375,306.29998779296875,58.80239486694336,-2.050750732421875,108866
2623.0,413.9615783691406,408.2599792480469,413.15997314453125,415.08001708984375,306.17999267578125,58.89267349243164,-2.30157470703125,108866
2624.0,413.84906005859375,408.1399841308594,413.08001708984375,414.9599609375,306.05999755859375,58.91352844238281,-2.269073486328125,108866
2625.0,413.79754638671875,408.1600036621094,413.1199951171875,415.03997802734375,306.29998779296875,58.989402770996094,-2.157562255859375,108866
2626.0,413.76544189453125,408.1399841308594,413.1400146484375,415.01995849609375,306.5799865722656,58.925594329833984,-2.125457763671875,108866
2627.0,413.85626220703125,408.05999755859375,413.219970703125,415.03997802734375,306.6000061035156,58.614234924316406,-2.196258544921875,108866
2628.0,413.9856872558594,408.17999267578125,413.3399658203125,415.15997314453125,306.5,58.780269622802734,-2.185699462890625,108866
2629.0,413.91046142578125,408.1600036621094,413.17999267578125,415.0,306.2799987792969,58.663307189941406,-2.29046630859375,108866
2630.0,413.80645751953125,408.17999267578125,413.114990234375,414.91998291015625,305.94000244140625,58.62167739868164,-2.166473388671875,108866
2631.0,413.8229064941406,408.1999816894531,413.17999267578125,414.9599609375,305.53997802734375,58.822418212890625,-2.1029052734375,108866
2632.0,413.7777404785156,408.1600036621094,413.1199951171875,414.89996337890625,305.44000244140625,58.76194763183594,-2.13775634765625,108866
2633.0,413.9018249511719,408.2799987792969,413.20001220703125,415.03997802734375,305.5849914550781,58.679378509521484,-2.161834716796875,108866
2634.0,413.893310546875,408.3599853515625,413.239990234375,415.01995849609375,305.44000244140625,58.9241828918457,-2.09332275390625,108866
2635.0,413.9470520019531,408.2799987792969,413.239990234375,415.08001708984375,305.7200012207031,58.840396881103516,-2.22705078125,108866
2636.0,414.0082702636719,408.2200012207031,413.260009765625,415.15997314453125,305.1999816894531,58.802024841308594,-2.30828857421875,108866
2637.0,413.97015380859375,408.3999938964844,413.29998779296875,415.05999755859375,305.4599914550781,58.92156219482422,-2.170166015625,108866
2638.0,413.85894775390625,408.2799987792969,413.1400146484375,414.8800048828125,305.3599853515625,58.85441589355469,-2.178955078125,108866
2639.0,413.8756408691406,408.41998291015625,413.27996826171875,414.9599609375,305.91998291015625,58.612953186035156,-2.0556640625,108866
2640.0,414.1015930175781,408.3999938964844,413.3399658203125,415.1400146484375,306.06500244140625,58.504539489746094,-2.2615966796875,108866
2641.0,414.00732421875,408.1999816894531,413.32000732421875,415.15997314453125,306.03997802734375,58.86927795410156,-2.287322998046875,108866
2642.0,413.8459777832031,408.239990234375,413.29998779296875,415.0,305.9599914550781,58.708927154541016,-2.08599853515625,108866
2643.0,413.9075622558594,408.1600036621094,413.32000732421875,415.08001708984375,305.80499267578125,58.50064468383789,-2.1475830078125,108866
2644.0,413.9729919433594,408.05999755859375,413.29998779296875,415.15997314453125,305.739990234375,58.69873809814453,-2.25299072265625,108866
2645.0,414.07427978515625,407.97998046875,413.3599853515625,415.29998779296875,305.7599792480469,58.57871627807617,-2.314300537109375,108866
2646.0,413.9596252441406,407.8599853515625,413.27996826171875,415.18701171875,305.92498779296875,58.533363342285156,-2.31964111328125,108866
2647.0,414.18115234375,407.91998291015625,413.4599609375,415.41998291015625,306.3599853515625,58.297218322753906,-2.3211669921875,108866
2648.0,414.1875,408.1399841308594,413.39996337890625,415.3800048828125,306.6000061035156,58.38590621948242,-2.367523193359375,108866
2649.0,414.2828369140625,408.0999755859375,413.375,415.3800048828125,306.3800048828125,58.561370849609375,-2.5428466796875,108866
2650.0,414.2918701171875,407.91998291015625,413.3800048828125,415.41998291015625,306.1050109863281,58.56743621826172,-2.61187744140625,108866
2651.0,414.26458740234375,407.8599853515625,413.3800048828125,415.3599853515625,306.0849914550781,58.58464050292969,-2.564605712890625,108866
2652.0,414.07220458984375,408.0,413.32000732421875,415.20001220703125,305.9049987792969,58.53668212890625,-2.352203369140625,108866
2653.0,414.09991455078125,408.1600036621094,413.3800048828125,415.260009765625,305.8999938964844,58.63584899902344,-2.279937744140625,108866
2654.0,414.2635192871094,408.17999267578125,413.53497314453125,415.4599609375,305.8999938964844,58.646968841552734,-2.30352783203125,108866
2655.0,414.2825012207031,408.17999267578125,413.58001708984375,415.47998046875,305.8599853515625,58.67929458618164,-2.322509765625,108866
2656.0,414.24176025390625,408.2200012207031,413.5,415.3800048828125,305.7799987792969,58.845394134521484,-2.32177734375,108866
2657.0,414.4046936035156,408.29998779296875,413.67999267578125,415.55999755859375,305.94000244140625,58.94024658203125,-2.284698486328125,108866
2658.0,414.37811279296875,408.3599853515625,413.760009765625,415.5999755859375,306.3399963378906,58.84547805786133,-2.1781005859375,108866
2659.0,414.23931884765625,408.5199890136719,413.70001220703125,415.47998046875,305.8800048828125,58.884403228759766,-2.059326171875,108866
2660.0,414.3447570800781,408.29998779296875,413.6400146484375,415.5,305.97998046875,58.9412727355957,-2.264739990234375,108866
2661.0,414.250244140625,408.29998779296875,413.5,415.3800048828125,305.739990234375,59.11265182495117,-2.33026123046875,108866
2662.0,414.2777099609375,408.2599792480469,413.58001708984375,415.4599609375,305.94000244140625,58.8739128112793,-2.2777099609375,108866
2663.0,414.197509765625,408.1999816894531,413.51995849609375,415.44000244140625,305.7799987792969,59.03231430053711,-2.217529296875,108866
2664.0,414.04632568359375,408.3799743652344,413.53997802734375,415.20001220703125,305.53997802734375,58.797122955322266,-2.00634765625,108866
2665.0,414.2063293457031,408.3599853515625,413.65997314453125,415.44000244140625,305.8199768066406,58.990787506103516,-2.126312255859375,108866
2666.0,414.00640869140625,408.4599914550781,413.6199951171875,415.27996826171875,306.1600036621094,58.71532440185547,-1.88641357421875,108866
2667.0,414.3331604003906,408.4599914550781,413.8800048828125,415.6199951171875,306.6000061035156,58.23417663574219,-1.983184814453125,108866
2668.0,414.5676574707031,408.5199890136719,414.05999755859375,415.97998046875,306.4599914550781,58.28162384033203,-2.047698974609375,108866
2669.0,414.4759521484375,408.41998291015625,413.760009765625,415.65997314453125,306.1199951171875,58.30910110473633,-2.2159423828125,108866
2670.0,414.3702087402344,408.47998046875,413.5999755859375,415.55999755859375,306.3399963378906,58.50658416748047,-2.250213623046875,108866
2671.0,414.41326904296875,408.5199890136719,413.719970703125,415.6199951171875,305.9649963378906,58.77482223510742,-2.2532958984375,108866
2672.0,414.3124084472656,408.3199768066406,413.6199951171875,415.5,306.18499755859375,58.433067321777344,-2.252410888671875,108866
2673.0,414.2427673339844,408.29998779296875,413.51995849609375,415.44000244140625,305.53997802734375,58.64030456542969,-2.222808837890625,108866
2674.0,414.2583923339844,408.239990234375,413.4599609375,415.41998291015625,305.7049865722656,58.591026306152344,-2.318389892578125,108866
2675.0,414.2033996582031,408.3399963378906,413.47998046875,415.3599853515625,305.97998046875,58.38772964477539,-2.243408203125,108866
2676.0,414.3031311035156,408.3999938964844,413.55999755859375,415.4599609375,306.0799865722656,58.66950607299805,-2.243133544921875,108866
2677.0,414.33306884765625,408.3799743652344,413.55999755859375,415.47998046875,305.6999816894531,58.609832763671875,-2.3131103515625,108866
2678.0,414.23504638671875,408.41998291015625,413.5999755859375,415.4599609375,305.739990234375,58.717262268066406,-2.155029296875,108866
2679.0,414.1521301269531,408.5,413.5999755859375,415.29998779296875,305.8450012207031,58.566097259521484,-2.052154541015625,108866
2680.0,414.30877685546875,408.41998291015625,413.65997314453125,415.5,305.7250061035156,58.79852294921875,-2.1488037109375,108866
2681.0,414.4024658203125,408.5199890136719,413.8399658203125,415.6400146484375,305.7799987792969,58.916011810302734,-2.08245849609375,108866
2682.0,414.2460021972656,408.47998046875,413.6199951171875,415.4599609375,306.03997802734375,58.80934143066406,-2.086029052734375,108866
2683.0,414.1607971191406,408.53997802734375,413.58001708984375,415.39996337890625,306.5849914550781,58.55790328979492,-1.980804443359375,108866
2684.0,414.2466735839844,408.55999755859375,413.6400146484375,415.3800048828125,306.91998291015625,58.426231384277344,-2.066680908203125,108866
2685.0,414.2290954589844,408.6999816894531,413.719970703125,415.44000244140625,306.239990234375,58.49485778808594,-1.949127197265625,108866
2686.0,414.3118591308594,408.6600036621094,413.739990234375,415.51995849609375,305.67999267578125,58.5078010559082,-2.051849365234375,108866
2687.0,414.3310241699219,408.6999816894531,413.67999267578125,415.55999755859375,306.03997802734375,58.37071990966797,-2.071014404296875,108866
2688.0,414.2912292480469,408.6999816894531,413.5999755859375,415.4599609375,306.41998291015625,58.468265533447266,-2.131256103515625,108866
2689.0,414.077392578125,408.7200012207031,413.41998291015625,415.27996826171875,306.41998291015625,58.63317108154297,-1.99737548828125,108866
2690.0,413.8515319824219,408.6399841308594,413.3599853515625,415.15997314453125,306.2599792480469,58.65285110473633,-1.871551513671875,108866
2691.0,413.8577575683594,408.5,413.32000732421875,415.20001220703125,306.5,58.51749801635742,-1.937774658203125,108866
2692.0,413.9490966796875,408.5199890136719,413.3800048828125,415.32000732421875,306.44000244140625,58.64979553222656,-1.989105224609375,108866
2693.0,414.11376953125,408.53997802734375,413.41998291015625,415.3599853515625,306.3399963378906,58.66613006591797,-2.11376953125,108866
2694.0,414.1150207519531,408.3799743652344,413.27996826171875,415.29998779296875,305.6399841308594,58.90645980834961,-2.21502685546875,108866
2695.0,414.42059326171875,408.3999938964844,413.47998046875,415.5,305.6199951171875,59.0280647277832,-2.4805908203125,108866
2696.0,414.3157958984375,408.3399963378906,413.44000244140625,415.427001953125,305.6999816894531,58.886417388916016,-2.37579345703125,108866
2697.0,414.5043640136719,408.3199768066406,413.6400146484375,415.6400146484375,305.8599853515625,58.781314849853516,-2.464385986328125,108866
2698.0,414.5718994140625,408.53997802734375,413.79998779296875,415.70001220703125,305.8399963378906,58.73896789550781,-2.37188720703125,108866
2699.0,414.5249938964844,408.739990234375,413.82000732421875,415.65997314453125,305.68499755859375,58.843238830566406,-2.204986572265625,108866
2700.0,414.6064453125,408.7200012207031,413.79998779296875,415.739990234375,305.91998291015625,58.85297775268555,-2.30645751953125,108866
2701.0,414.5523376464844,408.8599853515625,413.89996337890625,415.77996826171875,305.8999938964844,58.800846099853516,-2.092376708984375,108866
2702.0,414.4190673828125,408.5999755859375,413.94000244140625,415.739990234375,306.1000061035156,58.58148193359375,-2.0390625,108866
2703.0,414.4954833984375,408.5199890136719,413.89996337890625,415.65997314453125,306.4599914550781,58.61161422729492,-2.17547607421875,108866
2704.0,414.45050048828125,408.5,413.719970703125,415.5999755859375,306.3249816894531,58.504940032958984,-2.31048583984375,108866
2705.0,414.474609375,408.53997802734375,413.739990234375,415.58001708984375,306.03997802734375,58.57603454589844,-2.3345947265625,108866
2706.0,414.5180969238281,408.7200012207031,413.82000732421875,415.65997314453125,305.53997802734375,58.57152557373047,-2.218109130859375,108866
2707.0,414.4348449707031,408.5799865722656,413.82000732421875,415.6199951171875,305.9849853515625,58.50431442260742,-2.114837646484375,108866
2708.0,414.4830322265625,408.5199890136719,413.82000732421875,415.6470031738281,305.8399963378906,58.666351318359375,-2.20306396484375,108866
2709.0,414.48785400390625,408.5799865722656,413.89996337890625,415.70001220703125,305.8199768066406,58.57342529296875,-2.12786865234375,108866
2710.0,414.4949645996094,408.5,413.8599853515625,415.739990234375,305.2449951171875,58.833221435546875,-2.154998779296875,108866
2711.0,414.59820556640625,408.739990234375,413.89996337890625,415.77996826171875,305.79998779296875,58.742652893066406,-2.1982421875,108866
2712.0,414.5445556640625,408.7799987792969,413.91998291015625,415.77996826171875,305.6199951171875,58.6419677734375,-2.10455322265625,108866
2713.0,414.5120849609375,408.8199768066406,413.8599853515625,415.719970703125,306.1000061035156,58.5645751953125,-2.11212158203125,108866
2714.0,414.5426940917969,408.97998046875,414.0,415.739990234375,306.3199768066406,58.50062942504883,-2.022735595703125,108866
2715.0,414.59423828125,409.0199890136719,414.05999755859375,415.8399658203125,306.2599792480469,58.68511199951172,-1.9742431640625,108866
2716.0,414.5870361328125,409.0,413.91998291015625,415.739990234375,306.3199768066406,58.59990310668945,-2.04705810546875,108866
2717.0,414.5545959472656,409.05999755859375,413.94000244140625,415.719970703125,306.3599853515625,58.60581588745117,-1.934600830078125,108866
2718.0,414.6275939941406,408.7799987792969,413.89996337890625,415.82000732421875,306.1199951171875,58.65365219116211,-2.247589111328125,108866
2719.0,414.48333740234375,408.7200012207031,413.9599609375,415.739990234375,306.3599853515625,58.626380920410156,-2.0633544921875,108866
2720.0,414.5066223144531,408.6999816894531,414.0,415.719970703125,306.6999816894531,58.486427307128906,-2.046661376953125,108866
2721.0,414.61053466796875,408.79998779296875,414.1199951171875,415.8399658203125,306.6399841308594,58.53680419921875,-1.99053955078125,108866
2722.0,414.5959777832031,408.7799987792969,414.03997802734375,415.8599853515625,306.8399963378906,58.43635940551758,-2.055999755859375,108866
2723.0,414.44281005859375,408.67999267578125,413.739990234375,415.5999755859375,307.2799987792969,58.25495910644531,-2.18280029296875,108866
2724.0,414.5211181640625,408.7200012207031,413.8800048828125,415.67999267578125,306.91998291015625,58.40468215942383,-2.1611328125,108866
2725.0,414.5947570800781,408.8599853515625,414.260009765625,415.9599609375,306.5799865722656,58.7653694152832,-1.814788818359375,108866
2726.0,414.59283447265625,408.8999938964844,414.32000732421875,416.0,306.4599914550781,58.911983489990234,-1.75286865234375,108866
2727.0,414.5413818359375,408.8999938964844,414.3399658203125,416.01995849609375,305.6600036621094,58.9578857421875,-1.701416015625,108866
2728.0,414.5848083496094,408.8399963378906,414.3599853515625,416.0999755859375,305.9599914550781,58.75583267211914,-1.744842529296875,108866
2729.0,414.6711730957031,408.91998291015625,414.29998779296875,416.08001708984375,306.1000061035156,58.619590759277344,-1.891204833984375,108866
2730.0,414.7134704589844,408.7799987792969,414.15997314453125,415.91998291015625,306.2799987792969,58.423118591308594,-2.073455810546875,108866
2731.0,414.6109313964844,408.6199951171875,413.97998046875,415.760009765625,305.8199768066406,58.489166259765625,-2.250946044921875,108866
2732.0,414.53192138671875,408.6600036621094,413.82000732421875,415.67999267578125,306.5,58.33560562133789,-2.27191162109375,108866
2733.0,414.69232177734375,408.6199951171875,413.89996337890625,415.77996826171875,306.5849914550781,58.375003814697266,-2.43231201171875,108866
2734.0,414.71221923828125,408.5799865722656,413.8399658203125,415.79998779296875,306.17999267578125,58.598636627197266,-2.47222900390625,108866
2735.0,414.7413024902344,408.55999755859375,413.94000244140625,415.8800048828125,306.1600036621094,58.677486419677734,-2.381317138671875,108866
2736.0,414.694580078125,408.5999755859375,414.03997802734375,415.89996337890625,306.2649841308594,58.45512008666992,-2.25457763671875,108866
2737.0,414.6488342285156,408.6399841308594,413.8399658203125,415.77996826171875,306.3399963378906,58.23991775512695,-2.328826904296875,108866
2738.0,414.7507629394531,408.5999755859375,413.8800048828125,415.8800048828125,306.6199951171875,58.14249038696289,-2.430755615234375,108866
2739.0,414.857421875,408.6399841308594,414.01995849609375,416.0469970703125,306.5,58.41431427001953,-2.3974609375,108866
2740.0,414.85321044921875,408.7599792480469,414.0999755859375,416.0999755859375,306.239990234375,58.543731689453125,-2.293212890625,108866
2741.0,414.7322082519531,408.8399963378906,414.05999755859375,415.97998046875,306.239990234375,58.782169342041016,-2.172210693359375,108866
2742.0,414.6983642578125,408.8399963378906,414.08001708984375,415.9599609375,306.5199890136719,58.827693939208984,-2.1983642578125,108866
2743.0,414.7036437988281,409.03997802734375,414.08001708984375,415.89996337890625,306.53997802734375,58.75577163696289,-2.143646240234375,108866
2744.0,414.6910705566406,409.0799865722656,414.1199951171875,415.8599853515625,306.41998291015625,58.79273986816406,-2.071075439453125,108866
2745.0,414.72607421875,409.0199890136719,414.0999755859375,415.94000244140625,306.47998046875,58.70712661743164,-2.1260986328125,108866
2746.0,414.60247802734375,408.9599914550781,414.0,415.79998779296875,306.29998779296875,58.62655258178711,-2.04248046875,108866
2747.0,414.66943359375,409.17999267578125,414.0999755859375,415.82000732421875,306.6600036621094,58.54035186767578,-1.929443359375,108866
2748.0,414.6165771484375,409.0199890136719,413.97998046875,415.77996826171875,306.8199768066406,58.36783981323242,-2.07659912109375,108866
2749.0,414.8235168457031,409.1399841308594,414.1400146484375,415.94000244140625,306.5199890136719,58.567203521728516,-2.133514404296875,108866
2750.0,414.8598937988281,408.8799743652344,414.01995849609375,416.0,306.1600036621094,58.61212158203125,-2.339935302734375,108866
2751.0,414.9528503417969,408.7200012207031,414.03997802734375,416.01995849609375,305.94000244140625,58.80885696411133,-2.532867431640625,108866
2752.0,414.9091796875,408.94000244140625,414.1199951171875,415.94000244140625,306.4599914550781,58.631126403808594,-2.34918212890625,108866
2753.0,414.68829345703125,408.9599914550781,414.0,415.719970703125,306.5799865722656,58.60171127319336,-2.18829345703125,108866
2754.0,414.7945251464844,409.0,414.094970703125,415.89996337890625,306.3999938964844,58.976890563964844,-2.174530029296875,108866
2755.0,414.8565673828125,409.1199951171875,414.17999267578125,415.94000244140625,306.44500732421875,58.90482711791992,-2.15655517578125,108866
2756.0,414.7596130371094,409.03997802734375,414.05999755859375,415.91998291015625,306.41998291015625,58.78581237792969,-2.119598388671875,108866
2757.0,414.73284912109375,409.03997802734375,414.03997802734375,415.8599853515625,306.2799987792969,58.692142486572266,-2.09283447265625,108866
2758.0,414.78521728515625,408.97998046875,414.03997802734375,415.89996337890625,306.41998291015625,58.75165939331055,-2.2052001953125,108866
2759.0,414.8765563964844,408.8999938964844,414.08001708984375,415.9599609375,306.3199768066406,58.77717208862305,-2.356597900390625,108866
2760.0,414.849609375,408.8599853515625,414.08001708984375,415.94000244140625,305.6600036621094,58.711246490478516,-2.349609375,108866
2761.0,414.685302734375,408.97998046875,414.03997802734375,415.8599853515625,306.0050048828125,58.53203582763672,-2.14532470703125,108866
2762.0,414.7785339355469,408.8999938964844,414.01995849609375,415.8800048828125,306.2599792480469,58.53685760498047,-2.298553466796875,108866
2763.0,414.7742919921875,408.8999938964844,414.0999755859375,415.8800048828125,305.739990234375,58.430782318115234,-2.21429443359375,108866
2764.0,414.7733459472656,408.8399963378906,414.0999755859375,415.94000244140625,305.8599853515625,58.479740142822266,-2.173370361328125,108866
2765.0,414.633056640625,408.8999938964844,414.08001708984375,415.8399658203125,305.6050109863281,58.5650520324707,-2.0330810546875,108866
2766.0,414.8951416015625,408.8399963378906,414.260009765625,416.17999267578125,305.2799987792969,58.6826057434082,-2.1751708984375,108866
2767.0,414.9488830566406,408.9599914550781,414.260009765625,416.0999755859375,305.7200012207031,58.6461296081543,-2.248870849609375,108866
2768.0,414.9268798828125,409.17999267578125,414.32000732421875,416.03997802734375,306.0799865722656,58.726192474365234,-2.10687255859375,108866
2769.0,414.9427490234375,409.0999755859375,414.15997314453125,416.0469970703125,306.3199768066406,58.740230560302734,-2.2027587890625,108866
2770.0,414.9397277832031,408.7599792480469,414.1400146484375,416.1400146484375,306.3599853515625,58.777313232421875,-2.439727783203125,108866
2771.0,414.9901123046875,408.7799987792969,414.20001220703125,416.239990234375,306.1600036621094,58.6649284362793,-2.39013671875,108866
2772.0,415.0184326171875,408.8799743652344,414.27996826171875,416.219970703125,306.0849914550781,58.66780090332031,-2.31842041015625,108866
2773.0,414.9944763183594,409.03997802734375,414.219970703125,416.05999755859375,305.6000061035156,58.849212646484375,-2.314483642578125,108866
2774.0,414.9068298339844,409.2200012207031,414.20001220703125,416.01995849609375,306.41998291015625,58.646705627441406,-2.166839599609375,108866
2775.0,414.86773681640625,409.3199768066406,414.20001220703125,415.9599609375,306.53997802734375,58.68129348754883,-2.0877685546875,108866
2776.0,414.8345031738281,409.29998779296875,414.15997314453125,415.9599609375,306.2799987792969,58.97905731201172,-2.074493408203125,108866
2777.0,414.6910095214844,409.0799865722656,413.9599609375,415.82000732421875,306.2049865722656,58.9078369140625,-2.151031494140625,108866
2778.0,414.74505615234375,409.1199951171875,413.94000244140625,415.8800048828125,306.2599792480469,58.9034423828125,-2.1650390625,108866
2779.0,414.5233459472656,409.0999755859375,414.0,415.719970703125,306.3999938964844,58.99171447753906,-1.953338623046875,108866
2780.0,414.7569274902344,409.03997802734375,414.260009765625,416.0,306.67999267578125,59.08623123168945,-1.996917724609375,108866
2781.0,414.799072265625,409.0,414.27996826171875,416.03997802734375,306.7799987792969,58.915863037109375,-1.99908447265625,108866
2782.0,414.55926513671875,409.05999755859375,414.219970703125,415.79998779296875,306.79998779296875,58.81266403198242,-1.8792724609375,108866
2783.0,414.610595703125,409.05999755859375,414.0999755859375,415.77996826171875,306.5849914550781,58.66987228393555,-1.9906005859375,108866
2784.0,414.9682922363281,409.03997802734375,414.3599853515625,416.219970703125,306.2599792480469,58.70074462890625,-2.108306884765625,108866
2785.0,414.9213562011719,408.97998046875,414.17999267578125,416.01995849609375,305.7449951171875,58.92286682128906,-2.301361083984375,108866
2786.0,414.8816833496094,408.79998779296875,414.05999755859375,416.0,306.2449951171875,58.809967041015625,-2.401702880859375,108866
2787.0,414.93170166015625,408.8399963378906,414.20001220703125,416.05999755859375,306.30499267578125,58.918148040771484,-2.341705322265625,108866
2788.0,414.92474365234375,408.8399963378906,414.17999267578125,416.0870056152344,306.3399963378906,58.88825607299805,-2.3447265625,108866
2789.0,414.9060363769531,408.7200012207031,414.05999755859375,416.05999755859375,306.5,58.747413635253906,-2.366058349609375,108866
2790.0,415.0036926269531,408.8399963378906,414.239990234375,416.1400146484375,306.7599792480469,58.82927703857422,-2.343719482421875,108866
2791.0,414.9333801269531,408.8599853515625,414.29998779296875,416.1400146484375,306.6199951171875,58.87258529663086,-2.173370361328125,108866
2792.0,414.8132019042969,408.97998046875,414.32000732421875,416.0069885253906,306.91998291015625,58.80540466308594,-2.013214111328125,108866
2793.0,414.9381408691406,409.0199890136719,414.3800048828125,416.1669921875,306.5199890136719,58.87131881713867,-2.078155517578125,108866
2794.0,414.9973449707031,409.0199890136719,414.39996337890625,416.239990234375,306.29998779296875,59.09062957763672,-2.097381591796875,108866
2795.0,414.93701171875,409.0999755859375,414.29998779296875,416.1199951171875,306.3199768066406,59.117897033691406,-2.0770263671875,108866
2796.0,414.841064453125,408.8799743652344,414.0999755859375,416.01995849609375,306.7200012207031,59.11181640625,-2.2010498046875,108866
2797.0,414.8332214355469,408.9599914550781,414.03997802734375,415.94000244140625,306.9599914550781,58.95407485961914,-2.233245849609375,108866
2798.0,415.0218811035156,408.8799743652344,414.20001220703125,416.20001220703125,306.94000244140625,58.941287994384766,-2.301910400390625,108866
2799.0,415.0105895996094,409.0199890136719,414.3800048828125,416.239990234375,306.739990234375,59.14783477783203,-2.130584716796875,108866
2800.0,414.9953308105469,409.1199951171875,414.53997802734375,416.3599853515625,306.5,59.406307220458984,-1.935333251953125,108866
2801.0,415.0277404785156,409.0799865722656,414.51995849609375,416.32000732421875,306.2200012207031,59.21904754638672,-2.087738037109375,108866
2802.0,414.979736328125,409.1199951171875,414.47998046875,416.3599853515625,306.6199951171875,59.228694915771484,-2.03973388671875,108866
2803.0,414.99591064453125,409.17999267578125,414.53997802734375,416.3800048828125,306.8800048828125,59.09917449951172,-2.01593017578125,108866
2804.0,414.9210205078125,409.0199890136719,414.3399658203125,416.239990234375,306.7049865722656,58.6987419128418,-2.1810302734375,108866
2805.0,414.9485168457031,408.97998046875,414.27996826171875,416.1400146484375,306.5799865722656,58.555885314941406,-2.188507080078125,108866
2806.0,415.0799560546875,409.03997802734375,414.3599853515625,416.239990234375,306.03997802734375,58.82517623901367,-2.219970703125,108866
2807.0,414.96380615234375,409.2200012207031,414.32000732421875,416.15997314453125,305.8199768066406,58.81284713745117,-2.143798828125,108866
2808.0,414.8747863769531,409.1600036621094,414.135009765625,416.05999755859375,306.2200012207031,58.83237075805664,-2.194793701171875,108866
2809.0,414.92791748046875,409.03997802734375,414.219970703125,416.15997314453125,306.3800048828125,58.835384368896484,-2.28790283203125,108866
2810.0,414.9266357421875,408.8599853515625,414.17999267578125,416.15997314453125,306.8800048828125,58.67385482788086,-2.40667724609375,108866
2811.0,414.81280517578125,408.97998046875,414.15997314453125,416.15997314453125,307.03997802734375,58.79593276977539,-2.17279052734375,108866
2812.0,414.7951354980469,408.9599914550781,414.1400146484375,416.0870056152344,306.8599853515625,59.00253677368164,-2.195159912109375,108866
2813.0,414.8923034667969,408.8999938964844,414.05999755859375,416.08001708984375,306.91998291015625,58.83445739746094,-2.372344970703125,108866
2814.0,414.9826965332031,408.7599792480469,414.0999755859375,416.0999755859375,306.8599853515625,58.785011291503906,-2.542694091796875,108866
2815.0,414.9734802246094,408.7799987792969,414.0999755859375,416.1199951171875,306.80499267578125,58.87631607055664,-2.493499755859375,108866
2816.0,414.983154296875,408.8599853515625,414.0999755859375,416.1400146484375,307.03997802734375,58.78071975708008,-2.44317626953125,108866
2817.0,414.98199462890625,409.05999755859375,414.29998779296875,416.17999267578125,307.2850036621094,58.71815490722656,-2.24200439453125,108866
2818.0,415.08685302734375,409.0,414.3399658203125,416.260009765625,307.7250061035156,58.39425277709961,-2.32684326171875,108866
2819.0,415.0245666503906,409.05999755859375,414.3399658203125,416.219970703125,307.67999267578125,58.20637893676758,-2.224578857421875,108866
2820.0,415.004638671875,409.17999267578125,414.3399658203125,416.20001220703125,307.17999267578125,58.46257019042969,-2.1646728515625,108866
2821.0,415.0441589355469,409.1999816894531,414.3800048828125,416.32000732421875,306.6399841308594,58.66227340698242,-2.104156494140625,108866
2822.0,415.1151123046875,409.2200012207031,414.3399658203125,416.239990234375,306.8599853515625,58.59259796142578,-2.275146484375,108866
2823.0,415.2358093261719,409.239990234375,414.44000244140625,416.27996826171875,306.5,58.622657775878906,-2.335845947265625,108866
2824.0,415.2407531738281,409.0999755859375,414.5,416.3599853515625,306.7250061035156,58.69863510131836,-2.380767822265625,108866
2825.0,415.06640625,409.17999267578125,414.58001708984375,416.3800048828125,306.2599792480469,59.115203857421875,-2.02642822265625,108866
2826.0,415.051513671875,409.2200012207031,414.5,416.27996826171875,306.67999267578125,58.96712112426758,-2.071533203125,108866
2827.0,415.09515380859375,409.17999267578125,414.55999755859375,416.34698486328125,306.7449951171875,58.79643249511719,-2.0751953125,108866
2828.0,415.35504150390625,409.1399841308594,414.67999267578125,416.55999755859375,306.8199768066406,58.87692642211914,-2.2750244140625,108866
2829.0,415.2530517578125,409.0799865722656,414.719970703125,416.53997802734375,307.05999755859375,58.82528305053711,-2.133056640625,108866
2830.0,415.3016662597656,409.2200012207031,414.6400146484375,416.55999755859375,307.05999755859375,58.74042510986328,-2.221649169921875,108866
2831.0,415.2352294921875,409.3999938964844,414.67999267578125,416.5,306.53997802734375,58.847877502441406,-2.09521484375,108866
2832.0,415.29217529296875,409.5,414.760009765625,416.6199951171875,306.6199951171875,59.0093879699707,-2.03216552734375,108866
2833.0,415.3383483886719,409.5999755859375,414.739990234375,416.53997802734375,306.739990234375,58.88813781738281,-2.078338623046875,108866
2834.0,415.243408203125,409.55999755859375,414.67999267578125,416.4599609375,306.5199890136719,58.94647216796875,-2.00341796875,108866
2835.0,415.3193359375,409.5999755859375,414.739990234375,416.4599609375,306.29998779296875,59.05354690551758,-2.03936767578125,108866
2836.0,415.2457275390625,409.5,414.77996826171875,416.47998046875,305.79998779296875,59.20724105834961,-1.94573974609375,108866
2837.0,415.2142639160156,409.5199890136719,414.739990234375,416.39996337890625,306.239990234375,59.189762115478516,-1.954254150390625,108866
2838.0,415.2440185546875,409.3799743652344,414.70001220703125,416.5,305.6600036621094,59.21413803100586,-2.0140380859375,108866
2839.0,415.3619689941406,409.0799865722656,414.65997314453125,416.6400146484375,305.7250061035156,59.18006896972656,-2.301971435546875,108866
2840.0,415.41436767578125,409.1999816894531,414.719970703125,416.67999267578125,305.9599914550781,59.314208984375,-2.27435302734375,108866
2841.0,415.3612976074219,409.44000244140625,414.67999267578125,416.6199951171875,306.18499755859375,59.31509017944336,-2.141326904296875,108866
2842.0,415.3441467285156,409.5799865722656,414.6400146484375,416.55999755859375,306.53997802734375,59.082481384277344,-2.104156494140625,108866
2843.0,415.3116149902344,409.6399841308594,414.65997314453125,416.47998046875,306.3999938964844,59.25004577636719,-2.051605224609375,108866
2844.0,415.3177490234375,409.6399841308594,414.67999267578125,416.47998046875,306.2449951171875,59.34661102294922,-2.0777587890625,108866
2845.0,415.3219299316406,409.3999938964844,414.6400146484375,416.5,306.47998046875,59.1609001159668,-2.261932373046875,108866
2846.0,415.20916748046875,409.239990234375,414.6400146484375,416.53997802734375,306.8800048828125,59.25232696533203,-2.22918701171875,108866
2847.0,415.1958312988281,409.2200012207031,414.58001708984375,416.47998046875,306.8199768066406,59.22736358642578,-2.195831298828125,108866
2848.0,415.2114562988281,409.1600036621094,414.67999267578125,416.53997802734375,306.8199768066406,59.1865234375,-2.111480712890625,108866
2849.0,415.1615295410156,409.0199890136719,414.760009765625,416.55999755859375,307.05999755859375,59.03607940673828,-2.001556396484375,108866
2850.0,415.19134521484375,409.0999755859375,414.94000244140625,416.6199951171875,306.8399963378906,59.11198806762695,-1.85137939453125,108866
2851.0,415.29644775390625,409.1399841308594,414.6400146484375,416.41998291015625,306.864990234375,58.84290313720703,-2.2364501953125,108866
2852.0,415.2806701660156,409.3599853515625,414.55999755859375,416.39996337890625,307.0199890136719,58.746829986572266,-2.260711669921875,108866
2853.0,415.37860107421875,409.2799987792969,414.6199951171875,416.5870056152344,307.3199768066406,58.63616943359375,-2.298583984375,108866
2854.0,415.3597717285156,409.4599914550781,414.65997314453125,416.51995849609375,307.2599792480469,58.79853057861328,-2.259796142578125,108866
2855.0,415.33905029296875,409.7200012207031,414.760009765625,416.51995849609375,307.2449951171875,58.95037841796875,-2.11907958984375,108866
2856.0,415.30340576171875,409.8599853515625,414.739990234375,416.47998046875,307.3399963378906,58.66220474243164,-1.9833984375,108866
2857.0,415.3959655761719,409.7799987792969,414.70001220703125,416.51995849609375,307.05999755859375,58.800804138183594,-2.135955810546875,108866
2858.0,415.43798828125,409.4599914550781,414.719970703125,416.58001708984375,306.7599792480469,58.9434814453125,-2.3380126953125,108866
2859.0,415.3636779785156,409.3599853515625,414.6199951171875,416.5,306.91998291015625,58.858455657958984,-2.343719482421875,108866
2860.0,415.236572265625,409.1999816894531,414.58001708984375,416.5,306.79998779296875,58.8507080078125,-2.276611328125,108866
2861.0,415.32586669921875,409.3599853515625,414.67999267578125,416.5999755859375,307.1000061035156,59.0386848449707,-2.20587158203125,108866
2862.0,415.3483581542969,409.3999938964844,414.82000732421875,416.719970703125,307.29998779296875,59.051753997802734,-2.068389892578125,108866
2863.0,415.30084228515625,409.5199890136719,414.8399658203125,416.5999755859375,307.3599853515625,58.782066345214844,-1.9808349609375,108866
2864.0,415.46990966796875,409.5,414.8599853515625,416.719970703125,307.17999267578125,58.79981994628906,-2.18994140625,108866
2865.0,415.6277770996094,409.7799987792969,414.91998291015625,416.82000732421875,307.5199890136719,58.726158142089844,-2.227813720703125,108866
2866.0,415.4621276855469,409.8599853515625,414.77996826171875,416.65997314453125,307.1449890136719,58.62782669067383,-2.062164306640625,108866
2867.0,415.45684814453125,409.5999755859375,414.719970703125,416.6400146484375,307.3999938964844,58.52479553222656,-2.23687744140625,108866
2868.0,415.4286193847656,409.6999816894531,414.760009765625,416.6199951171875,307.0799865722656,58.699073791503906,-2.148651123046875,108866
2869.0,415.48651123046875,409.7599792480469,414.97998046875,416.77996826171875,306.7799987792969,58.89834976196289,-2.00653076171875,108866
2870.0,415.6299743652344,409.7599792480469,415.0,416.8800048828125,307.125,58.95015335083008,-2.149993896484375,108866
2871.0,415.5273742675781,409.7799987792969,415.01995849609375,416.8399658203125,307.1999816894531,58.83262252807617,-2.007415771484375,108866
2872.0,415.60125732421875,409.6600036621094,415.15997314453125,416.91998291015625,307.5799865722656,58.674072265625,-1.98126220703125,108866
2873.0,415.5583801269531,409.5999755859375,415.1199951171875,417.0,307.6050109863281,58.77478790283203,-1.998382568359375,108866
2874.0,415.65069580078125,409.6399841308594,415.05999755859375,416.89996337890625,307.2799987792969,58.876792907714844,-2.17071533203125,108866
2875.0,415.6676025390625,409.6199951171875,414.97998046875,416.7869873046875,307.0799865722656,58.92256164550781,-2.3076171875,108866
2876.0,415.62030029296875,409.7599792480469,414.97998046875,416.719970703125,306.7200012207031,59.0982666015625,-2.24029541015625,108866
2877.0,415.5047607421875,409.79998779296875,414.97998046875,416.719970703125,306.80499267578125,58.95216369628906,-2.0247802734375,108866
2878.0,415.5122985839844,409.8399963378906,415.0,416.719970703125,306.94000244140625,58.7224235534668,-1.992340087890625,108866
2879.0,415.5452880859375,409.8199768066406,414.89996337890625,416.77996826171875,307.03997802734375,58.955135345458984,-2.0452880859375,108866
2880.0,415.50128173828125,409.7799987792969,414.8599853515625,416.739990234375,307.1399841308594,58.91029739379883,-2.061279296875,108866
2881.0,415.5888366699219,410.0,415.01995849609375,416.79998779296875,307.03997802734375,59.041378021240234,-1.988861083984375,108866
2882.0,415.4535827636719,409.97998046875,414.8399658203125,416.5999755859375,306.47998046875,58.999759674072266,-1.973602294921875,108866
2883.0,415.5351257324219,409.8999938964844,414.79998779296875,416.6400146484375,306.5199890136719,59.018619537353516,-2.115142822265625,108866
2884.0,415.55377197265625,409.4599914550781,414.719970703125,416.719970703125,306.7649841308594,58.773094177246094,-2.43377685546875,108866
2885.0,415.2190856933594,409.3999938964844,414.58001708984375,416.55999755859375,306.5,58.818931579589844,-2.059112548828125,108866
2886.0,415.46221923828125,409.47998046875,414.70001220703125,416.6199951171875,306.1999816894531,58.90620422363281,-2.2822265625,108866
2887.0,415.5202941894531,409.41998291015625,414.77996826171875,416.739990234375,306.03997802734375,59.19133758544922,-2.360321044921875,108866
2888.0,415.4040832519531,409.7599792480469,414.79998779296875,416.58001708984375,306.7799987792969,58.96417999267578,-2.144073486328125,108866
2889.0,415.43505859375,409.67999267578125,414.70001220703125,416.53997802734375,306.8199768066406,58.76948165893555,-2.175048828125,108866
2890.0,415.5243225097656,409.6600036621094,414.82000732421875,416.70001220703125,306.79998779296875,58.955589294433594,-2.244354248046875,108866
2891.0,415.2945251464844,409.3999938964844,414.719970703125,416.5999755859375,306.8999938964844,59.207359313964844,-2.114532470703125,108866
2892.0,415.511962890625,409.55999755859375,414.97998046875,416.82000732421875,306.3599853515625,59.2381591796875,-2.09197998046875,108866
2893.0,415.5290222167969,409.6199951171875,414.79998779296875,416.719970703125,306.5199890136719,59.11283493041992,-2.279022216796875,108866
2894.0,415.6434326171875,409.47998046875,414.8800048828125,416.79998779296875,306.7200012207031,59.062015533447266,-2.4034423828125,108866
2895.0,415.5507507324219,409.44000244140625,414.7550048828125,416.67999267578125,306.94000244140625,58.9953727722168,-2.390777587890625,108866
2896.0,415.4942321777344,409.3599853515625,414.719970703125,416.5999755859375,306.8800048828125,58.92610168457031,-2.354217529296875,108866
2897.0,415.5771789550781,409.55999755859375,414.77996826171875,416.6199951171875,306.8599853515625,58.76783752441406,-2.317169189453125,108866
2898.0,415.607421875,409.6600036621094,414.67999267578125,416.65997314453125,306.8199768066406,58.7054443359375,-2.347412109375,108866
2899.0,415.68310546875,409.5799865722656,414.79998779296875,416.79998779296875,306.3999938964844,58.881309509277344,-2.40313720703125,108866
2900.0,415.6375427246094,409.3599853515625,414.77996826171875,416.77996826171875,306.5849914550781,58.69481658935547,-2.537567138671875,108866
2901.0,415.5930480957031,409.3799743652344,414.70001220703125,416.65997314453125,306.6199951171875,58.75990295410156,-2.493072509765625,108866
2902.0,415.5780944824219,409.5999755859375,414.719970703125,416.719970703125,306.67999267578125,58.889137268066406,-2.398101806640625,108866
2903.0,415.5513610839844,409.79998779296875,414.82000732421875,416.70001220703125,306.8800048828125,58.84687423706055,-2.191375732421875,108866
2904.0,415.6551513671875,409.79998779296875,414.91998291015625,416.79998779296875,306.6399841308594,58.91636276245117,-2.275146484375,108866
2905.0,415.666259765625,409.79998779296875,414.97998046875,416.8599853515625,306.1600036621094,59.1589469909668,-2.2862548828125,108866
2906.0,415.5653991699219,409.7200012207031,414.8599853515625,416.82000732421875,306.67999267578125,58.99039840698242,-2.285430908203125,108866
2907.0,415.52899169921875,409.8599853515625,414.8800048828125,416.82000732421875,306.7799987792969,58.917457580566406,-2.1290283203125,108866
2908.0,415.5061950683594,410.03997802734375,414.9599609375,416.8399658203125,307.1199951171875,58.979576110839844,-1.966217041015625,108866
2909.0,415.72210693359375,409.8999938964844,415.01995849609375,416.8399658203125,306.91998291015625,59.08018112182617,-2.2021484375,108866
2910.0,415.55523681640625,409.6600036621094,414.8399658203125,416.760009765625,306.97998046875,58.74053192138672,-2.2352294921875,108866
2911.0,415.55499267578125,409.6199951171875,414.8599853515625,416.760009765625,307.2599792480469,58.78599548339844,-2.2550048828125,108866
2912.0,415.5452880859375,409.53997802734375,414.8800048828125,416.77996826171875,307.3450012207031,58.72806167602539,-2.3052978515625,108866
2913.0,415.65374755859375,409.5199890136719,414.8399658203125,416.79998779296875,307.239990234375,58.72303771972656,-2.4537353515625,108866
2914.0,415.6028747558594,409.5,414.91998291015625,416.8399658203125,307.05999755859375,58.9185791015625,-2.342864990234375,108866
2915.0,415.6457824707031,409.6199951171875,414.8599853515625,416.8599853515625,307.4599914550781,58.58420181274414,-2.365814208984375,108866
2916.0,415.561767578125,409.7799987792969,414.70001220703125,416.6669921875,307.0,58.71923065185547,-2.36175537109375,108866
2917.0,415.7444763183594,409.7599792480469,414.8800048828125,416.8599853515625,307.1600036621094,58.78433609008789,-2.384490966796875,108866
2918.0,415.78076171875,409.55999755859375,414.91998291015625,416.94000244140625,307.739990234375,58.49422836303711,-2.4407958984375,108866
2919.0,415.7972106933594,409.6600036621094,415.0999755859375,417.0,307.5799865722656,58.5830078125,-2.317230224609375,108866
2920.0,415.7837219238281,409.7200012207031,415.0999755859375,417.01995849609375,307.55999755859375,58.71757888793945,-2.283721923828125,108866
2921.0,415.85357666015625,409.7200012207031,415.15997314453125,417.17999267578125,307.44000244140625,58.601375579833984,-2.39361572265625,108866
2922.0,415.9167785644531,409.79998779296875,415.15997314453125,417.1470031738281,307.41998291015625,58.7547607421875,-2.376800537109375,108866
2923.0,415.7545471191406,409.97998046875,415.0,416.89996337890625,307.4599914550781,58.8043212890625,-2.234588623046875,108866
2924.0,415.6481018066406,409.8599853515625,414.8399658203125,416.7669982910156,307.2799987792969,58.70146560668945,-2.248138427734375,108866
2925.0,415.6564636230469,410.03997802734375,415.01995849609375,416.77996826171875,307.6000061035156,58.58757400512695,-2.116485595703125,108866
2926.0,415.74395751953125,410.1399841308594,415.05999755859375,416.82000732421875,307.29998779296875,58.59342956542969,-2.12396240234375,108866
2927.0,415.8058166503906,410.0999755859375,415.08001708984375,416.8800048828125,307.1449890136719,58.7621955871582,-2.165802001953125,108866
2928.0,415.8429260253906,409.8999938964844,415.0999755859375,417.0,306.91998291015625,58.95030975341797,-2.282928466796875,108866
2929.0,415.91888427734375,409.79998779296875,415.219970703125,417.1400146484375,306.68499755859375,58.90119934082031,-2.27886962890625,108866
2930.0,415.8297119140625,409.67999267578125,415.1400146484375,417.03997802734375,306.97998046875,58.8838996887207,-2.30975341796875,108866
2931.0,415.9355773925781,409.739990234375,415.1400146484375,417.1400146484375,306.97998046875,58.778690338134766,-2.335601806640625,108866
2932.0,415.8974609375,409.67999267578125,415.219970703125,417.08001708984375,305.9599914550781,59.12936782836914,-2.2574462890625,108866
2933.0,415.784912109375,409.67999267578125,414.94000244140625,416.8599853515625,306.7599792480469,58.866912841796875,-2.4049072265625,108866
2934.0,415.73687744140625,410.0199890136719,414.94000244140625,416.79998779296875,306.94500732421875,58.92796325683594,-2.2169189453125,108866
2935.0,415.6855773925781,410.0999755859375,414.8800048828125,416.77996826171875,307.1399841308594,58.87786102294922,-2.145599365234375,108866
2936.0,415.8365478515625,409.8999938964844,414.9599609375,416.94000244140625,306.8199768066406,58.89833068847656,-2.3365478515625,108866
2937.0,415.94207763671875,409.8599853515625,415.01995849609375,416.9599609375,306.6199951171875,59.140113830566406,-2.402099609375,108866
2938.0,415.8770446777344,409.94000244140625,415.05999755859375,416.906982421875,306.66998291015625,59.18050765991211,-2.237030029296875,108866
2939.0,415.7584228515625,409.91998291015625,415.08001708984375,416.91998291015625,306.91998291015625,59.06816101074219,-2.158447265625,108866
2940.0,415.80133056640625,409.8999938964844,415.03497314453125,416.94000244140625,306.94000244140625,59.14814376831055,-2.2813720703125,108866
2941.0,415.8404235839844,410.03997802734375,415.1199951171875,417.05999755859375,306.7250061035156,59.51728820800781,-2.240447998046875,108866
2942.0,415.57598876953125,409.94000244140625,414.97998046875,416.8599853515625,306.6449890136719,59.53371810913086,-2.11602783203125,108866
2943.0,415.6047668457031,409.8399963378906,414.8399658203125,416.739990234375,306.9599914550781,59.19632339477539,-2.224761962890625,108866
2944.0,415.6958923339844,409.91998291015625,414.91998291015625,416.89996337890625,306.8999938964844,59.195899963378906,-2.255889892578125,108866
2945.0,415.8505859375,410.0999755859375,415.1199951171875,417.03997802734375,306.5249938964844,59.406009674072266,-2.2105712890625,108866
2946.0,415.534912109375,409.94000244140625,414.8399658203125,416.739990234375,305.8249816894531,59.39929962158203,-2.1549072265625,108866
2947.0,415.5596008300781,409.91998291015625,414.8599853515625,416.760009765625,306.3999938964844,59.25949478149414,-2.099639892578125,108866
2948.0,415.8382263183594,409.94000244140625,415.03997802734375,417.05999755859375,306.6999816894531,59.05330276489258,-2.258209228515625,108866
2949.0,415.8371276855469,410.0799865722656,415.1400146484375,417.0,306.7799987792969,59.060646057128906,-2.177154541015625,108866
2950.0,415.953369140625,410.2799987792969,415.239990234375,417.1199951171875,306.8399963378906,59.148807525634766,-2.13336181640625,108866
2951.0,415.7383728027344,410.0199890136719,415.08001708984375,416.97998046875,307.1000061035156,59.24120330810547,-2.138397216796875,108866
2952.0,415.7160339355469,410.1399841308594,415.20001220703125,417.01995849609375,307.3800048828125,59.315189361572266,-1.956024169921875,108866
2953.0,415.82110595703125,410.0799865722656,415.219970703125,416.97998046875,307.05999755859375,59.24245834350586,-2.08111572265625,108866
2954.0,415.919677734375,410.0799865722656,415.19500732421875,417.01995849609375,306.6399841308594,59.378108978271484,-2.21966552734375,108866
2955.0,415.8175354003906,409.9599914550781,415.08001708984375,416.97998046875,306.17999267578125,59.15132522583008,-2.217559814453125,108866
2956.0,415.9459228515625,409.7200012207031,415.15997314453125,417.20001220703125,307.1199951171875,58.955631256103516,-2.3359375,108866
2957.0,415.9874572753906,409.7799987792969,415.17999267578125,417.1400146484375,306.91998291015625,59.01907730102539,-2.447479248046875,108866
2958.0,415.78887939453125,409.8799743652344,415.03997802734375,416.8599853515625,307.1050109863281,58.81859588623047,-2.2489013671875,108866
2959.0,415.777587890625,409.94000244140625,415.15997314453125,416.9599609375,307.3999938964844,58.95029830932617,-2.09759521484375,108866
2960.0,415.89093017578125,409.8799743652344,415.41497802734375,417.17999267578125,307.8999938964844,58.779232025146484,-2.0709228515625,108866
2961.0,415.8923034667969,410.0,415.32000732421875,417.1400146484375,308.1199951171875,58.79902648925781,-2.092315673828125,108866
2962.0,415.99560546875,410.05999755859375,415.3800048828125,417.32000732421875,307.92498779296875,58.87923049926758,-2.1156005859375,108866
2963.0,416.0957336425781,410.03997802734375,415.4599609375,417.51995849609375,307.3800048828125,58.99410629272461,-2.155731201171875,108866
2964.0,416.02362060546875,409.94000244140625,415.3399658203125,417.29998779296875,307.44500732421875,58.98487091064453,-2.28363037109375,108866
2965.0,415.9161682128906,410.03997802734375,415.17999267578125,417.0999755859375,307.47998046875,58.98646926879883,-2.256195068359375,108866
2966.0,415.88665771484375,410.03997802734375,415.1199951171875,417.05999755859375,307.1000061035156,59.073482513427734,-2.26666259765625,108866
2967.0,415.97625732421875,410.29998779296875,415.27996826171875,417.15997314453125,307.0849914550781,59.13041687011719,-2.1962890625,108866
2968.0,415.968505859375,410.2599792480469,415.27996826171875,417.22698974609375,307.0799865722656,59.15208435058594,-2.14849853515625,108866
2969.0,415.8144836425781,409.94000244140625,414.9599609375,416.97998046875,307.3800048828125,59.074615478515625,-2.354522705078125,108866
2970.0,415.7750549316406,410.0,415.08001708984375,417.01995849609375,307.6600036621094,58.9023323059082,-2.215057373046875,108866
2971.0,415.8037109375,409.9599914550781,414.97998046875,416.9599609375,307.29998779296875,59.05926513671875,-2.27374267578125,108866
2972.0,415.8562316894531,409.97998046875,414.94000244140625,416.9599609375,307.47998046875,58.98622512817383,-2.256256103515625,108866
2973.0,415.8131408691406,409.6600036621094,414.82000732421875,416.91998291015625,306.8599853515625,59.08335494995117,-2.493133544921875,108866
2974.0,415.85260009765625,409.6600036621094,414.9599609375,417.01995849609375,307.18499755859375,58.91147232055664,-2.45263671875,108866
2975.0,415.93731689453125,409.6399841308594,414.97998046875,417.03997802734375,307.29998779296875,58.77558517456055,-2.517333984375,108866
2976.0,415.8362731933594,409.6199951171875,414.97998046875,416.97998046875,307.05999755859375,58.74161911010742,-2.476287841796875,108866
2977.0,415.7687683105469,409.55999755859375,414.82000732421875,416.9599609375,307.2599792480469,58.704586029052734,-2.468780517578125,108866
2978.0,415.67633056640625,409.6600036621094,414.79998779296875,417.0,307.3450012207031,58.49211120605469,-2.3563232421875,108866
2979.0,415.8556823730469,409.7599792480469,415.239990234375,417.219970703125,307.2649841308594,58.496646881103516,-2.235687255859375,108866
2980.0,415.94769287109375,409.7799987792969,415.47998046875,417.260009765625,307.2250061035156,58.54662322998047,-2.10772705078125,108866
2981.0,415.9896545410156,409.8999938964844,415.51995849609375,417.239990234375,307.1650085449219,58.623199462890625,-2.069671630859375,108866
2982.0,416.0163879394531,409.97998046875,415.53997802734375,417.3399658203125,307.2200012207031,58.9476432800293,-2.016387939453125,108866
2983.0,416.03173828125,409.79998779296875,415.5999755859375,417.3599853515625,306.97998046875,58.91009521484375,-2.03173828125,108866
2984.0,415.9927673339844,409.8799743652344,415.51995849609375,417.24700927734375,307.03997802734375,58.93790817260742,-2.012786865234375,108866
2985.0,416.13616943359375,409.8599853515625,415.6400146484375,417.5,307.1199951171875,59.0308952331543,-2.05615234375,108866
2986.0,416.1879577636719,409.7799987792969,415.65997314453125,417.5999755859375,307.1999816894531,58.968074798583984,-2.107940673828125,108866
2987.0,416.2313232421875,409.79998779296875,415.70001220703125,417.6199951171875,306.67999267578125,58.99668502807617,-2.15130615234375,108866
2988.0,416.06201171875,409.6999816894531,415.44000244140625,417.44000244140625,307.05999755859375,58.86396408081055,-2.26202392578125,108866
2989.0,416.0030822753906,409.7599792480469,415.32000732421875,417.34698486328125,307.3199768066406,59.05701446533203,-2.263092041015625,108866
2990.0,416.0543212890625,409.79998779296875,415.4599609375,417.39996337890625,307.5,58.94404602050781,-2.17431640625,108866
2991.0,416.1867980957031,409.79998779296875,415.6199951171875,417.58001708984375,307.47998046875,59.050411224365234,-2.166839599609375,108866
2992.0,416.1073913574219,409.8199768066406,415.6400146484375,417.55999755859375,307.7049865722656,59.11109924316406,-2.087432861328125,108866
2993.0,416.2629089355469,410.0799865722656,415.5999755859375,417.51995849609375,307.97998046875,58.949462890625,-2.222930908203125,108866
2994.0,416.1918029785156,410.239990234375,415.5999755859375,417.41998291015625,307.55999755859375,58.948394775390625,-2.111785888671875,108866
2995.0,416.2980041503906,410.239990234375,415.6400146484375,417.5,307.47998046875,59.062843322753906,-2.198028564453125,108866
2996.0,416.2472839355469,410.03997802734375,415.47998046875,417.51995849609375,307.53997802734375,59.24915313720703,-2.347320556640625,108866
2997.0,416.22894287109375,410.1199951171875,415.5,417.3800048828125,307.3800048828125,59.20720291137695,-2.3089599609375,108866
2998.0,416.1498107910156,409.7799987792969,415.32000732421875,417.32000732421875,307.7449951171875,58.92564392089844,-2.489837646484375,108866
2999.0,416.08721923828125,409.8999938964844,415.239990234375,417.15997314453125,307.8199768066406,58.89067459106445,-2.46722412109375,108866
3000.0,416.2029113769531,410.1999816894531,415.44000244140625,417.27996826171875,307.44000244140625,59.13937759399414,-2.322906494140625,108866
3001.0,416.30462646484375,410.3399963378906,415.53997802734375,417.3599853515625,307.29998779296875,59.1268424987793,-2.30462646484375,108866
3002.0,416.1535949707031,410.2799987792969,415.4599609375,417.219970703125,307.2200012207031,59.18764114379883,-2.213592529296875,108866
3003.0,416.0807189941406,410.2599792480469,415.41998291015625,417.27996826171875,306.91998291015625,59.300106048583984,-2.100738525390625,108866
3004.0,416.0656433105469,410.1399841308594,415.5,417.3599853515625,306.8800048828125,59.37812805175781,-2.105682373046875,108866
3005.0,416.1123046875,410.239990234375,415.47998046875,417.3599853515625,306.94000244140625,59.17104721069336,-2.07232666015625,108866
3006.0,416.10498046875,410.1999816894531,415.41998291015625,417.260009765625,306.9599914550781,59.05434036254883,-2.18499755859375,108866
3007.0,416.15045166015625,410.3799743652344,415.47998046875,417.239990234375,307.1600036621094,59.01987075805664,-2.1304931640625,108866
3008.0,416.3601379394531,410.3799743652344,415.53997802734375,417.39996337890625,307.2799987792969,58.94676208496094,-2.300140380859375,108866
3009.0,416.286865234375,410.47998046875,415.55999755859375,417.3599853515625,307.385009765625,58.9758415222168,-2.10687255859375,108866
3010.0,416.2024230957031,410.3799743652344,415.5,417.32000732421875,307.2200012207031,58.991424560546875,-2.082427978515625,108866
3011.0,416.2765808105469,410.3999938964844,415.53997802734375,417.3800048828125,307.44000244140625,59.019432067871094,-2.176605224609375,108866
3012.0,416.2619934082031,410.239990234375,415.55999755859375,417.53997802734375,307.4049987792969,59.0450439453125,-2.242034912109375,108866
3013.0,416.0802001953125,409.97998046875,415.51995849609375,417.5999755859375,307.2799987792969,58.89558792114258,-2.16021728515625,108866
3014.0,416.04180908203125,409.7599792480469,415.27996826171875,417.39996337890625,307.44000244140625,58.80400848388672,-2.3818359375,108866
3015.0,416.2030944824219,409.6999816894531,415.5,417.55999755859375,307.2649841308594,58.771915435791016,-2.363128662109375,108866
3016.0,416.1361999511719,410.0,415.47998046875,417.39996337890625,307.5199890136719,58.73676681518555,-2.196197509765625,108866
3017.0,416.1563720703125,410.05999755859375,415.5,417.3399658203125,307.6399841308594,58.687992095947266,-2.23638916015625,108866
3018.0,416.17974853515625,410.03997802734375,415.5,417.29998779296875,307.55999755859375,58.67839813232422,-2.259765625,108866
3019.0,416.2652893066406,409.9599914550781,415.594970703125,417.4599609375,307.7799987792969,58.87508773803711,-2.305328369140625,108866
3020.0,416.2953186035156,409.97998046875,415.6199951171875,417.4599609375,307.9849853515625,59.04510498046875,-2.295318603515625,108866
3021.0,416.2356262207031,410.2200012207031,415.53997802734375,417.39996337890625,307.6199951171875,59.06714630126953,-2.235626220703125,108866
3022.0,416.3382263183594,410.3999938964844,415.6199951171875,417.44000244140625,307.1600036621094,59.05897903442383,-2.238250732421875,108866
3023.0,416.3670959472656,410.6399841308594,415.70001220703125,417.4599609375,306.80499267578125,59.27025604248047,-2.147125244140625,108866
3024.0,416.314697265625,410.67999267578125,415.739990234375,417.4599609375,307.1199951171875,59.11225891113281,-2.01470947265625,108866
3025.0,416.29815673828125,410.5799865722656,415.70001220703125,417.4599609375,306.9649963378906,59.25852966308594,-2.09814453125,108866
3026.0,416.2010192871094,410.5199890136719,415.6199951171875,417.3800048828125,307.0050048828125,59.3251838684082,-2.061004638671875,108866
3027.0,416.22735595703125,410.6399841308594,415.67999267578125,417.39996337890625,307.2200012207031,59.51288986206055,-1.98736572265625,108866
3028.0,416.2163391113281,410.5799865722656,415.6199951171875,417.39996337890625,307.0799865722656,59.47718811035156,-2.036346435546875,108866
3029.0,416.29022216796875,410.239990234375,415.58001708984375,417.4599609375,307.2799987792969,59.22060012817383,-2.29022216796875,108866
3030.0,416.2580261230469,410.1199951171875,415.47998046875,417.41998291015625,307.2799987792969,59.23099899291992,-2.318023681640625,108866
3031.0,416.1798095703125,410.05999755859375,415.4599609375,417.3399658203125,306.9599914550781,59.09741973876953,-2.26983642578125,108866
3032.0,416.2134094238281,410.1999816894531,415.53997802734375,417.3399658203125,307.2799987792969,59.215023040771484,-2.173431396484375,108866
3033.0,416.2377014160156,410.1399841308594,415.4549560546875,417.3599853515625,307.67999267578125,59.12701416015625,-2.317718505859375,108866
3034.0,416.0929870605469,410.17999267578125,415.4599609375,417.239990234375,307.4849853515625,58.96612548828125,-2.152984619140625,108866
3035.0,416.1639404296875,410.0799865722656,415.4599609375,417.3800048828125,307.5,58.932926177978516,-2.283935546875,108866
3036.0,416.26129150390625,410.17999267578125,415.6400146484375,417.47998046875,307.1999816894531,59.07684326171875,-2.1812744140625,108866
3037.0,416.37139892578125,410.1199951171875,415.719970703125,417.70001220703125,307.739990234375,59.0076904296875,-2.21142578125,108866
3038.0,416.3969421386719,410.239990234375,415.77996826171875,417.739990234375,307.3800048828125,59.296897888183594,-2.156951904296875,108866
3039.0,416.29150390625,410.44000244140625,415.6400146484375,417.4599609375,307.55999755859375,59.2723274230957,-2.1915283203125,108866
3040.0,416.3534851074219,410.3999938964844,415.6199951171875,417.53997802734375,307.6600036621094,59.14446258544922,-2.213470458984375,108866
3041.0,416.47479248046875,410.47998046875,415.739990234375,417.6400146484375,307.30499267578125,59.462379455566406,-2.2947998046875,108866
3042.0,416.4241638183594,410.4599914550781,415.739990234375,417.6199951171875,306.5050048828125,59.592464447021484,-2.264190673828125,108866
3043.0,416.4291687011719,410.41998291015625,415.70001220703125,417.6400146484375,307.17999267578125,59.206214904785156,-2.269195556640625,108866
3044.0,416.3322448730469,410.2200012207031,415.55999755859375,417.58001708984375,307.5,59.14192581176758,-2.292266845703125,108866
3045.0,416.4416198730469,410.1600036621094,415.65997314453125,417.6199951171875,307.7599792480469,58.85692596435547,-2.341644287109375,108866
3046.0,416.4750671386719,410.2200012207031,415.760009765625,417.65997314453125,307.97998046875,58.961158752441406,-2.335052490234375,108866
3047.0,416.5424499511719,410.1600036621094,415.739990234375,417.6669921875,307.29998779296875,59.0164909362793,-2.462432861328125,108866
3048.0,416.3914489746094,410.3999938964844,415.6400146484375,417.53997802734375,307.5199890136719,59.02732849121094,-2.331451416015625,108866
3049.0,416.5277404785156,410.41998291015625,415.719970703125,417.70001220703125,307.7200012207031,59.045631408691406,-2.387725830078125,108866
3050.0,416.6088562011719,410.29998779296875,415.77996826171875,417.8399658203125,307.67999267578125,58.88154220581055,-2.428863525390625,108866
3051.0,416.47210693359375,410.17999267578125,415.739990234375,417.67999267578125,307.5199890136719,58.986976623535156,-2.37213134765625,108866
3052.0,416.47808837890625,410.17999267578125,415.82000732421875,417.67999267578125,307.2200012207031,58.890140533447266,-2.33807373046875,108866
3053.0,416.6193542480469,410.29998779296875,415.94000244140625,417.8800048828125,306.8800048828125,58.963775634765625,-2.259368896484375,108866
3054.0,416.5338134765625,410.44000244140625,415.8599853515625,417.760009765625,307.1399841308594,59.01918411254883,-2.23382568359375,108866
3055.0,416.48175048828125,410.4599914550781,415.89996337890625,417.5999755859375,307.239990234375,58.945106506347656,-2.14178466796875,108866
3056.0,416.536376953125,410.6199951171875,416.08001708984375,417.8599853515625,306.8999938964844,58.99936294555664,-2.01641845703125,108866
3057.0,416.7379150390625,410.44000244140625,416.17999267578125,418.0999755859375,307.3399963378906,58.94279861450195,-2.17791748046875,108866
3058.0,416.6163635253906,410.239990234375,415.97998046875,418.03997802734375,307.3399963378906,58.950557708740234,-2.256378173828125,108866
3059.0,416.62310791015625,410.17999267578125,416.03997802734375,418.08001708984375,307.3399963378906,58.81108474731445,-2.203125,108866
3060.0,416.4929504394531,410.2799987792969,415.97998046875,417.79998779296875,307.91998291015625,58.69721603393555,-2.112945556640625,108866
3061.0,416.4899597167969,410.29998779296875,415.9599609375,417.760009765625,308.0,59.04000473022461,-2.129974365234375,108866
3062.0,416.33837890625,410.4599914550781,415.9599609375,417.65997314453125,308.06500244140625,59.01725769042969,-1.9583740234375,108866
3063.0,416.4348449707031,410.29998779296875,415.82000732421875,417.70001220703125,308.2200012207031,58.84980392456055,-2.194854736328125,108866
3064.0,416.4488525390625,410.17999267578125,415.79998779296875,417.77996826171875,308.1600036621094,58.98043441772461,-2.24884033203125,108866
3065.0,416.4906921386719,410.0999755859375,415.77996826171875,417.719970703125,307.3599853515625,59.15972137451172,-2.330718994140625,108866
3066.0,416.47637939453125,410.0199890136719,415.77996826171875,417.719970703125,306.7799987792969,59.18043899536133,-2.35638427734375,108866
3067.0,416.62744140625,409.97998046875,415.89996337890625,418.0,306.8999938964844,59.088314056396484,-2.32745361328125,108866
3068.0,416.5301208496094,410.03997802734375,415.8399658203125,417.79998779296875,307.5199890136719,59.12226104736328,-2.430145263671875,108866
3069.0,416.5001525878906,410.1600036621094,415.82000732421875,417.719970703125,307.5,59.205108642578125,-2.460174560546875,108866
3070.0,416.4751281738281,410.05999755859375,415.70001220703125,417.70001220703125,307.6000061035156,59.25776672363281,-2.455169677734375,108866
3071.0,416.43145751953125,410.05999755859375,415.6199951171875,417.67999267578125,307.91998291015625,59.063106536865234,-2.4114990234375,108866
3072.0,416.55621337890625,410.2799987792969,415.77996826171875,417.739990234375,308.05999755859375,58.97248458862305,-2.41619873046875,108866
3073.0,416.5393371582031,410.41998291015625,415.77996826171875,417.739990234375,307.53997802734375,58.97075271606445,-2.379364013671875,108866
3074.0,416.4400634765625,410.2599792480469,415.53997802734375,417.6199951171875,307.2599792480469,59.15047073364258,-2.40008544921875,108866
3075.0,416.44500732421875,410.3399963378906,415.70001220703125,417.67999267578125,307.5799865722656,58.92502212524414,-2.2850341796875,108866
3076.0,416.46002197265625,410.3599853515625,415.739990234375,417.67999267578125,307.6199951171875,58.952484130859375,-2.280029296875,108866
3077.0,416.4736328125,410.3599853515625,415.77996826171875,417.70001220703125,307.625,58.980552673339844,-2.253662109375,108866
3078.0,416.4959411621094,410.3799743652344,415.82000732421875,417.739990234375,307.6600036621094,59.009002685546875,-2.255950927734375,108866
3079.0,416.514404296875,410.3799743652344,415.8399658203125,417.760009765625,307.6999816894531,59.037776947021484,-2.25439453125,108866
3080.0,416.52783203125,410.3999938964844,415.8800048828125,417.7869873046875,307.7250061035156,59.0670166015625,-2.22784423828125,108866
3081.0,416.5528259277344,410.3999938964844,415.91998291015625,417.82000732421875,307.7599792480469,59.09668731689453,-2.232818603515625,108866
3082.0,416.5710754394531,410.41998291015625,415.9599609375,417.8599853515625,307.8199768066406,59.12671661376953,-2.211090087890625,108866
3083.0,416.5881652832031,410.41998291015625,415.97998046875,417.89996337890625,307.8800048828125,59.15724182128906,-2.188201904296875,108866
3084.0,416.6145935058594,410.44000244140625,416.01995849609375,417.94000244140625,307.92498779296875,59.187984466552734,-2.194610595703125,108866
3085.0,416.6327209472656,410.44000244140625,416.05999755859375,417.97998046875,307.9599914550781,59.21942901611328,-2.192718505859375,108866
3086.0,416.67828369140625,410.5799865722656,416.20001220703125,418.01995849609375,308.3399963378906,59.07875061035156,-2.07830810546875,108866
3087.0,416.6173400878906,410.739990234375,416.15997314453125,417.8599853515625,308.2200012207031,59.18742752075195,-1.997344970703125,108866
3088.0,416.5417785644531,410.7799987792969,416.03997802734375,417.8399658203125,308.03997802734375,59.14303207397461,-2.001800537109375,108866
3089.0,416.6240234375,410.4599914550781,416.15997314453125,418.01995849609375,308.239990234375,59.07416915893555,-2.06402587890625,108866
3090.0,416.50360107421875,410.47998046875,416.05999755859375,417.91998291015625,307.94000244140625,59.15140914916992,-1.983642578125,108866
3091.0,416.56390380859375,410.47998046875,416.08001708984375,417.89996337890625,307.8249816894531,59.181251525878906,-2.0439453125,108866
3092.0,416.6014404296875,410.5,415.89996337890625,417.8399658203125,307.97998046875,59.17076873779297,-2.261474609375,108866
3093.0,416.7293395996094,410.3599853515625,415.97998046875,417.94000244140625,307.6999816894531,58.97793960571289,-2.369354248046875,108866
3094.0,416.6402587890625,410.3999938964844,415.8800048828125,417.760009765625,307.0799865722656,59.14610290527344,-2.34027099609375,108866
3095.0,416.6520690917969,410.47998046875,415.8800048828125,417.760009765625,306.5050048828125,59.321720123291016,-2.272064208984375,108866
3096.0,416.56256103515625,410.3999938964844,415.82000732421875,417.67999267578125,307.364990234375,59.050872802734375,-2.2825927734375,108866
3097.0,416.4393310546875,410.239990234375,415.8599853515625,417.760009765625,307.6000061035156,59.0794563293457,-2.1793212890625,108866
3098.0,416.600341796875,410.2799987792969,415.97998046875,417.82000732421875,307.6449890136719,59.055999755859375,-2.28033447265625,108866
3099.0,416.640869140625,410.2200012207031,416.08001708984375,417.91998291015625,307.91998291015625,59.074363708496094,-2.20086669921875,108866
3100.0,416.5865478515625,410.2799987792969,416.0,417.8800048828125,308.1000061035156,59.048282623291016,-2.16656494140625,108866
3101.0,416.60247802734375,410.3399963378906,416.0999755859375,417.91998291015625,307.44000244140625,58.969966888427734,-2.08251953125,108866
3102.0,416.6408996582031,410.44000244140625,416.15997314453125,417.89996337890625,307.364990234375,58.98636245727539,-2.040924072265625,108866
3103.0,416.5823669433594,410.5199890136719,416.01995849609375,417.719970703125,307.3999938964844,59.15666198730469,-2.102386474609375,108866
3104.0,416.659912109375,410.6399841308594,416.01995849609375,417.79998779296875,307.03997802734375,59.09450149536133,-2.13995361328125,108866
3105.0,416.537353515625,410.5,415.79998779296875,417.65997314453125,307.2049865722656,58.886497497558594,-2.23736572265625,108866
3106.0,416.4286804199219,410.47998046875,415.760009765625,417.5999755859375,307.3999938964844,58.97593307495117,-2.168670654296875,108866
3107.0,416.6510314941406,410.41998291015625,415.8399658203125,417.739990234375,306.6999816894531,59.135765075683594,-2.351043701171875,108866
3108.0,416.6930236816406,410.5,415.8800048828125,417.79998779296875,307.125,59.30284118652344,-2.373016357421875,108866
3109.0,416.6033630371094,410.44000244140625,415.8800048828125,417.82000732421875,307.5199890136719,59.27350997924805,-2.343353271484375,108866
3110.0,416.6087646484375,410.3799743652344,415.89996337890625,417.8399658203125,307.2200012207031,59.365814208984375,-2.31878662109375,108866
3111.0,416.4021911621094,410.3599853515625,415.760009765625,417.58001708984375,307.3399963378906,59.078392028808594,-2.202178955078125,108866
3112.0,416.49639892578125,410.2799987792969,415.67999267578125,417.62701416015625,307.44000244140625,59.030921936035156,-2.35638427734375,108866
3113.0,416.6429443359375,410.3599853515625,415.89996337890625,417.8800048828125,307.7649841308594,58.96715545654297,-2.302978515625,108866
3114.0,416.71209716796875,410.55999755859375,416.0,417.9599609375,307.29998779296875,59.08140182495117,-2.35211181640625,108866
3115.0,416.6700439453125,410.8799743652344,416.0,417.8399658203125,307.6399841308594,59.18507385253906,-2.2100830078125,108866
3116.0,416.5498962402344,410.8199768066406,415.8599853515625,417.70001220703125,307.6999816894531,58.96060562133789,-2.129913330078125,108866
3117.0,416.3406677246094,410.7599792480469,415.67999267578125,417.5,307.8999938964844,58.93133544921875,-2.060699462890625,108866
3118.0,416.4338684082031,410.7599792480469,415.77996826171875,417.65997314453125,307.79998779296875,58.850189208984375,-2.093902587890625,108866
3119.0,416.6523742675781,410.739990234375,415.97998046875,417.82000732421875,307.6000061035156,58.810367584228516,-2.212371826171875,108866
3120.0,416.675537109375,410.4599914550781,415.8599853515625,417.8800048828125,307.885009765625,58.89365005493164,-2.51556396484375,108866
3121.0,416.4275207519531,410.2200012207031,415.67999267578125,417.77996826171875,307.47998046875,58.934024810791016,-2.467559814453125,108866
3122.0,416.7679748535156,410.3999938964844,415.89996337890625,417.94000244140625,307.53997802734375,59.25153350830078,-2.548004150390625,108866
3123.0,416.7533264160156,410.3399963378906,415.91998291015625,417.94000244140625,307.5199890136719,59.13654327392578,-2.433319091796875,108866
3124.0,416.82049560546875,410.29998779296875,416.1400146484375,418.08001708984375,307.91998291015625,58.9749870300293,-2.300537109375,108866
3125.0,416.9143981933594,410.3399963378906,416.32000732421875,418.15997314453125,307.6000061035156,59.085105895996094,-2.234405517578125,108866
3126.0,416.720703125,410.5799865722656,415.97998046875,417.8599853515625,307.47998046875,59.11029052734375,-2.28070068359375,108866
3127.0,416.67498779296875,410.5799865722656,415.94000244140625,417.84698486328125,307.3999938964844,59.11623764038086,-2.2349853515625,108866
3128.0,416.29693603515625,410.53997802734375,415.719970703125,417.53997802734375,306.6449890136719,59.085880279541016,-2.05694580078125,108866
3129.0,416.4855041503906,410.5799865722656,415.79998779296875,417.739990234375,306.9849853515625,59.244625091552734,-2.205535888671875,108866
3130.0,416.5835876464844,410.6600036621094,415.8599853515625,417.89996337890625,307.3800048828125,59.30302429199219,-2.223602294921875,108866
3131.0,416.7167663574219,410.7200012207031,416.0,417.927001953125,307.6650085449219,58.88765335083008,-2.236785888671875,108866
3132.0,416.7040710449219,410.6999816894531,416.05999755859375,417.89996337890625,307.2649841308594,58.90619659423828,-2.224090576171875,108866
3133.0,416.9098815917969,410.6199951171875,416.219970703125,418.1199951171875,307.44000244140625,59.022727966308594,-2.289886474609375,108866
3134.0,416.6780090332031,410.55999755859375,416.15997314453125,418.0999755859375,307.1000061035156,59.160316467285156,-2.097991943359375,108866
3135.0,416.8145751953125,410.5999755859375,416.1199951171875,418.17999267578125,307.41998291015625,59.063114166259766,-2.27459716796875,108866
3136.0,416.6409912109375,410.53997802734375,416.03997802734375,417.97998046875,307.4599914550781,59.241111755371094,-2.20098876953125,108866
3137.0,416.5149230957031,410.6399841308594,416.08001708984375,417.91998291015625,307.79998779296875,59.09764862060547,-1.994964599609375,108866
3138.0,416.5316467285156,410.3799743652344,415.8399658203125,417.8800048828125,307.7799987792969,59.016902923583984,-2.271636962890625,108866
3139.0,416.55767822265625,410.3199768066406,415.82000732421875,417.8599853515625,307.6600036621094,59.08004379272461,-2.33770751953125,108866
3140.0,416.5613098144531,410.53997802734375,415.739990234375,417.79998779296875,307.7200012207031,59.20005416870117,-2.361297607421875,108866
3141.0,416.39715576171875,410.67999267578125,415.739990234375,417.67999267578125,307.8599853515625,59.2587890625,-2.1171875,108866
3142.0,416.5536804199219,410.739990234375,415.89996337890625,417.8070068359375,307.8399963378906,59.28594970703125,-2.213714599609375,108866
3143.0,416.8492431640625,410.79998779296875,416.0999755859375,418.1199951171875,308.0,59.239505767822266,-2.30926513671875,108866
3144.0,416.9200744628906,410.7599792480469,416.0,418.15997314453125,308.05999755859375,59.10055923461914,-2.440093994140625,108866
3145.0,416.9524841308594,410.79998779296875,416.0999755859375,418.20001220703125,308.2200012207031,58.975196838378906,-2.392486572265625,108866
3146.0,416.86834716796875,410.5799865722656,415.9599609375,418.0999755859375,308.5199890136719,59.022743225097656,-2.4683837890625,108866
3147.0,417.0090637207031,410.6600036621094,416.219970703125,418.17999267578125,308.44000244140625,59.103580474853516,-2.429046630859375,108866
3148.0,416.9986267089844,410.6199951171875,416.29998779296875,418.239990234375,308.54498291015625,59.14910888671875,-2.338653564453125,108866
3149.0,416.70782470703125,410.44000244140625,416.03997802734375,417.94000244140625,308.55999755859375,58.77037048339844,-2.32781982421875,108866
3150.0,416.7110595703125,410.55999755859375,416.15997314453125,417.91998291015625,308.0199890136719,58.757835388183594,-2.13104248046875,108866
3151.0,416.7724914550781,410.7599792480469,416.239990234375,417.97998046875,307.67999267578125,58.91610336303711,-2.052520751953125,108866
3152.0,416.6437072753906,410.9599914550781,416.219970703125,417.89996337890625,307.6999816894531,58.96512985229492,-1.923736572265625,108866
3153.0,416.8709716796875,410.7799987792969,416.20001220703125,418.08001708984375,307.41998291015625,59.051456451416016,-2.19097900390625,108866
3154.0,416.72698974609375,410.5799865722656,416.0,417.91998291015625,307.1999816894531,59.061431884765625,-2.2869873046875,108866
3155.0,416.796142578125,410.55999755859375,416.08001708984375,418.0069885253906,306.8999938964844,59.244022369384766,-2.4161376953125,108866
3156.0,416.8595275878906,410.5799865722656,416.08001708984375,418.03997802734375,307.6999816894531,58.879825592041016,-2.459564208984375,108866
3157.0,416.9381103515625,410.6399841308594,416.08001708984375,418.15997314453125,306.8999938964844,58.93857955932617,-2.4381103515625,108866
3158.0,416.98101806640625,410.55999755859375,416.0999755859375,418.1199951171875,307.03997802734375,58.79841613769531,-2.52105712890625,108866
3159.0,416.9589538574219,410.17999267578125,416.01995849609375,418.2070007324219,307.4599914550781,58.802894592285156,-2.678985595703125,108866
3160.0,416.7530212402344,410.29998779296875,415.91998291015625,417.94000244140625,307.79998779296875,58.89596939086914,-2.553009033203125,108866
3161.0,416.88214111328125,410.47998046875,416.0,417.97998046875,307.94000244140625,58.835670471191406,-2.5621337890625,108866
3162.0,416.8068542480469,410.6199951171875,416.1199951171875,417.97998046875,307.8999938964844,58.976646423339844,-2.266876220703125,108866
3163.0,416.8691101074219,410.7799987792969,416.15997314453125,418.08001708984375,307.885009765625,58.818359375,-2.229095458984375,108866
3164.0,417.002197265625,410.5799865722656,416.260009765625,418.239990234375,308.1650085449219,58.90191650390625,-2.32220458984375,108866
3165.0,416.9369201660156,410.5199890136719,416.260009765625,418.20001220703125,307.94000244140625,59.08755111694336,-2.276947021484375,108866
3166.0,416.8804016113281,410.44000244140625,416.3399658203125,418.239990234375,307.91998291015625,59.09954833984375,-2.220428466796875,108866
3167.0,416.8486328125,410.44000244140625,416.29998779296875,418.260009765625,308.0,59.264495849609375,-2.18865966796875,108866
3168.0,416.8483581542969,410.6399841308594,416.15997314453125,418.15997314453125,307.8800048828125,59.32737731933594,-2.268341064453125,108866
3169.0,416.7959289550781,410.4599914550781,416.0,418.01995849609375,307.91998291015625,59.34418487548828,-2.415924072265625,108866
3170.0,416.6242980957031,410.6399841308594,415.97998046875,417.79998779296875,307.6999816894531,59.46700668334961,-2.264312744140625,108866
3171.0,416.81610107421875,410.739990234375,416.1400146484375,417.97998046875,307.739990234375,59.49626922607422,-2.276123046875,108866
3172.0,416.8149719238281,410.7799987792969,416.17999267578125,417.94000244140625,307.9599914550781,59.133026123046875,-2.174957275390625,108866
3173.0,417.08837890625,410.8599853515625,416.29998779296875,418.239990234375,308.2200012207031,58.98705291748047,-2.368408203125,108866
3174.0,416.9273986816406,410.97998046875,416.20001220703125,418.03997802734375,307.6199951171875,59.307369232177734,-2.27740478515625,108866
3175.0,416.8465881347656,410.8999938964844,416.1199951171875,418.01995849609375,307.6600036621094,59.05234909057617,-2.286590576171875,108866
3176.0,416.7463684082031,410.8199768066406,416.1199951171875,418.08001708984375,308.0199890136719,58.80694580078125,-2.186370849609375,108866
3177.0,416.6342468261719,410.91998291015625,416.0999755859375,417.9599609375,307.739990234375,58.90314865112305,-2.054229736328125,108866
3178.0,416.6233215332031,410.9599914550781,416.05999755859375,417.8599853515625,307.8199768066406,58.988468170166016,-2.063323974609375,108866
3179.0,416.8966979980469,411.03997802734375,416.239990234375,418.05999755859375,308.0249938964844,58.98239517211914,-2.156707763671875,108866
3180.0,416.9178161621094,411.03997802734375,416.15997314453125,418.01995849609375,307.42498779296875,59.04820251464844,-2.197845458984375,108866
3181.0,417.058349609375,410.8799743652344,416.260009765625,418.239990234375,307.44000244140625,59.09624481201172,-2.37835693359375,108866
3182.0,416.9935607910156,410.8999938964844,416.3599853515625,418.20001220703125,308.2250061035156,59.11311721801758,-2.253570556640625,108866
3183.0,417.16693115234375,410.94000244140625,416.41998291015625,418.3599853515625,308.3800048828125,58.997310638427734,-2.32696533203125,108866
3184.0,417.1685791015625,410.97998046875,416.3599853515625,418.29998779296875,308.364990234375,59.10948944091797,-2.36859130859375,108866
3185.0,416.97540283203125,411.03997802734375,416.29998779296875,418.1400146484375,308.2799987792969,58.93465042114258,-2.1954345703125,108866
3186.0,416.9659729003906,411.0799865722656,416.239990234375,418.1400146484375,308.2599792480469,58.84859085083008,-2.186004638671875,108866
3187.0,417.04180908203125,411.0999755859375,416.260009765625,418.17999267578125,308.17999267578125,58.77324676513672,-2.2618408203125,108866
3188.0,417.2046813964844,410.91998291015625,416.32000732421875,418.32000732421875,308.5799865722656,58.73271942138672,-2.464691162109375,108866
3189.0,416.9523620605469,411.0199890136719,416.239990234375,418.0999755859375,308.6399841308594,58.85621643066406,-2.212371826171875,108866
3190.0,417.06610107421875,410.94000244140625,416.29998779296875,418.17999267578125,308.239990234375,59.0931396484375,-2.30609130859375,108866
3191.0,417.1468200683594,411.0199890136719,416.260009765625,418.20001220703125,308.0849914550781,59.10951232910156,-2.386810302734375,108866
3192.0,417.0176696777344,411.0999755859375,416.239990234375,418.12701416015625,307.6399841308594,59.14644241333008,-2.237701416015625,108866
3193.0,417.01446533203125,411.03997802734375,416.239990234375,418.15997314453125,307.7599792480469,59.32878494262695,-2.25445556640625,108866
3194.0,417.1896667480469,410.8999938964844,416.3399658203125,418.3399658203125,308.2599792480469,59.19485092163086,-2.389678955078125,108866
3195.0,417.0987548828125,410.8599853515625,416.32000732421875,418.219970703125,308.0799865722656,59.31098556518555,-2.39874267578125,108866
3196.0,417.1139221191406,410.8399963378906,416.15997314453125,418.219970703125,306.94000244140625,59.28379821777344,-2.453948974609375,108866
3197.0,417.3231506347656,410.8199768066406,416.47998046875,418.51995849609375,307.6600036621094,59.102020263671875,-2.443145751953125,108866
3198.0,417.0999755859375,411.05999755859375,416.47998046875,418.3399658203125,307.44500732421875,59.1168327331543,-2.15997314453125,108866
3199.0,417.09771728515625,411.05999755859375,416.3599853515625,418.32000732421875,307.1399841308594,59.06002426147461,-2.25775146484375,108866
3200.0,417.197998046875,411.0,416.3800048828125,418.3399658203125,307.6600036621094,59.184295654296875,-2.3580322265625,108866
3201.0,417.3729553222656,411.17999267578125,416.58001708984375,418.5269775390625,307.739990234375,59.43330383300781,-2.392974853515625,108866
3202.0,417.38037109375,411.2200012207031,416.67999267578125,418.55999755859375,308.239990234375,59.31221008300781,-2.2403564453125,108866
3203.0,417.310546875,411.1600036621094,416.51995849609375,418.39996337890625,308.29998779296875,59.363182067871094,-2.340576171875,108866
3204.0,417.2089538574219,411.1600036621094,416.5,418.3599853515625,308.0799865722656,59.24831008911133,-2.228973388671875,108866
3205.0,417.0567626953125,411.1999816894531,416.44000244140625,418.32000732421875,308.03997802734375,59.14778518676758,-2.12677001953125,108866
3206.0,417.0599670410156,411.2200012207031,416.47998046875,418.32000732421875,307.864990234375,59.154850006103516,-2.079986572265625,108866
3207.0,417.0641784667969,411.29998779296875,416.41998291015625,418.260009765625,307.864990234375,59.323463439941406,-2.124176025390625,108866
3208.0,417.10809326171875,411.17999267578125,416.32000732421875,418.2669982910156,307.864990234375,59.28194046020508,-2.26812744140625,108866
3209.0,417.11865234375,411.29998779296875,416.44000244140625,418.29998779296875,307.67999267578125,59.136573791503906,-2.138671875,108866
3210.0,417.2955627441406,411.0799865722656,416.47998046875,418.4599609375,307.7599792480469,59.19281768798828,-2.415557861328125,108866
3211.0,417.2276916503906,410.91998291015625,416.5,418.55999755859375,307.1399841308594,59.1937255859375,-2.367706298828125,108866
3212.0,417.312255859375,410.8799743652344,416.55999755859375,418.5999755859375,307.4599914550781,59.185062408447266,-2.4722900390625,108866
3213.0,417.1694030761719,411.0999755859375,416.47998046875,418.32000732421875,307.3399963378906,59.346771240234375,-2.349395751953125,108866
3214.0,417.2428283691406,410.91998291015625,416.4599609375,418.44000244140625,307.4599914550781,59.289424896240234,-2.442840576171875,108866
3215.0,417.182373046875,410.8199768066406,416.39996337890625,418.32000732421875,307.8599853515625,59.153648376464844,-2.48236083984375,108866
3216.0,417.1241149902344,410.97998046875,416.3399658203125,418.219970703125,307.7599792480469,59.29478454589844,-2.384124755859375,108866
3217.0,417.1197204589844,410.8799743652344,416.41998291015625,418.29998779296875,307.29998779296875,59.348079681396484,-2.319732666015625,108866
3218.0,417.2025146484375,410.8599853515625,416.53997802734375,418.39996337890625,307.44000244140625,59.46065902709961,-2.28253173828125,108866
3219.0,417.310302734375,410.8799743652344,416.55999755859375,418.4599609375,307.864990234375,59.185787200927734,-2.37030029296875,108866
3220.0,417.18896484375,411.0,416.58001708984375,418.3800048828125,307.44000244140625,59.134132385253906,-2.16900634765625,108866
3221.0,417.20953369140625,411.0799865722656,416.67999267578125,418.3800048828125,307.9049987792969,58.800533294677734,-2.08953857421875,108866
3222.0,417.3212890625,411.0999755859375,416.719970703125,418.58001708984375,307.7200012207031,59.01579666137695,-2.14129638671875,108866
3223.0,417.2312927246094,411.2200012207031,416.6199951171875,418.41998291015625,307.3999938964844,59.46229553222656,-2.091278076171875,108866
3224.0,416.9953918457031,411.29998779296875,416.55999755859375,418.17999267578125,307.1199951171875,59.209800720214844,-1.915374755859375,108866
3225.0,417.1048278808594,411.2799987792969,416.58001708984375,418.27996826171875,307.2850036621094,59.32317352294922,-2.004852294921875,108866
3226.0,417.1186828613281,411.239990234375,416.5999755859375,418.29998779296875,307.47998046875,59.18370056152344,-2.018707275390625,108866
3227.0,417.26116943359375,411.2799987792969,416.65997314453125,418.41998291015625,307.79998779296875,59.064456939697266,-2.0811767578125,108866
3228.0,417.3063659667969,411.1399841308594,416.5999755859375,418.4599609375,307.3999938964844,59.17265319824219,-2.246368408203125,108866
3229.0,416.954345703125,411.1199951171875,416.32000732421875,418.03997802734375,306.8199768066406,59.256072998046875,-2.13433837890625,108866
3230.0,416.75677490234375,411.1600036621094,416.1400146484375,417.8869934082031,307.5799865722656,59.039791107177734,-2.01678466796875,108866
3231.0,416.98870849609375,411.1999816894531,416.27996826171875,418.260009765625,307.5799865722656,59.17116928100586,-2.168701171875,108866
3232.0,417.1488952636719,411.239990234375,416.39996337890625,418.3599853515625,307.6199951171875,59.18809509277344,-2.248931884765625,108866
3233.0,417.135498046875,411.0199890136719,416.29998779296875,418.3399658203125,308.1199951171875,58.943824768066406,-2.35552978515625,108866
3234.0,417.30841064453125,411.0999755859375,416.55999755859375,418.51995849609375,307.8599853515625,58.99713134765625,-2.408447265625,108866
3235.0,417.2568664550781,411.17999267578125,416.5999755859375,418.4599609375,307.7250061035156,59.118507385253906,-2.276885986328125,108866
3236.0,417.12176513671875,411.03997802734375,416.4599609375,418.41998291015625,307.92498779296875,59.13697052001953,-2.28179931640625,108866
3237.0,417.1854553222656,411.1199951171875,416.4599609375,418.36700439453125,308.3199768066406,58.92989730834961,-2.365447998046875,108866
3238.0,417.17816162109375,411.1399841308594,416.4599609375,418.32000732421875,308.3199768066406,58.951385498046875,-2.31817626953125,108866
3239.0,417.27545166015625,411.17999267578125,416.6400146484375,418.44000244140625,308.29998779296875,59.06600570678711,-2.2554931640625,108866
3240.0,417.21881103515625,411.1999816894531,416.55999755859375,418.41998291015625,308.5799865722656,59.06071090698242,-2.21881103515625,108866
3241.0,417.0963134765625,411.1600036621094,416.41998291015625,418.3399658203125,308.79998779296875,59.15080261230469,-2.17633056640625,108866
3242.0,417.0810852050781,411.1999816894531,416.41998291015625,418.239990234375,308.8800048828125,59.163665771484375,-2.181121826171875,108866
3243.0,417.336669921875,410.9599914550781,416.51995849609375,418.5,308.8199768066406,59.137577056884766,-2.4967041015625,108866
3244.0,417.340576171875,410.8799743652344,416.44000244140625,418.55999755859375,308.7850036621094,59.20070266723633,-2.5006103515625,108866
3245.0,417.3270568847656,410.79998779296875,416.55999755859375,418.65997314453125,308.385009765625,59.26616287231445,-2.427093505859375,108866
3246.0,417.4210205078125,411.03997802734375,416.739990234375,418.739990234375,308.44000244140625,59.41471862792969,-2.301025390625,108866
3247.0,417.50408935546875,411.1999816894531,416.8800048828125,418.739990234375,308.239990234375,59.518768310546875,-2.28411865234375,108866
3248.0,417.4787902832031,411.4599914550781,416.79998779296875,418.6400146484375,308.17999267578125,59.74395751953125,-2.258819580078125,108866
3249.0,417.45880126953125,411.2200012207031,416.5999755859375,418.58001708984375,308.0050048828125,59.78221893310547,-2.4188232421875,108866
3250.0,417.33966064453125,411.0799865722656,416.44000244140625,418.47998046875,308.42498779296875,59.43080139160156,-2.49969482421875,108866
3251.0,417.2934875488281,411.0999755859375,416.51995849609375,418.41998291015625,308.0799865722656,59.066097259521484,-2.353485107421875,108866
3252.0,417.2760925292969,411.0999755859375,416.55999755859375,418.39996337890625,307.7599792480469,59.190956115722656,-2.276092529296875,108866
3253.0,417.51751708984375,411.239990234375,416.739990234375,418.719970703125,307.6199951171875,59.323394775390625,-2.3375244140625,108866
3254.0,417.42816162109375,411.5199890136719,416.7149658203125,418.55999755859375,307.6999816894531,59.39765930175781,-2.2281494140625,108866
3255.0,417.3939514160156,411.44000244140625,416.6199951171875,418.5,307.385009765625,59.30209732055664,-2.253936767578125,108866
3256.0,417.4358215332031,411.5,416.719970703125,418.51995849609375,307.79998779296875,59.17559051513672,-2.235809326171875,108866
3257.0,417.4056396484375,411.5799865722656,416.82000732421875,418.5,307.97998046875,59.261192321777344,-2.10565185546875,108866
3258.0,417.5039367675781,411.17999267578125,416.67999267578125,418.67999267578125,308.3249816894531,59.3411750793457,-2.443939208984375,108866
3259.0,417.5783386230469,411.05999755859375,416.79998779296875,418.8800048828125,308.6000061035156,59.17978286743164,-2.418365478515625,108866
3260.0,417.5332336425781,411.0799865722656,416.760009765625,418.7070007324219,308.8399963378906,59.0838508605957,-2.393218994140625,108866
3261.0,417.65240478515625,410.97998046875,416.760009765625,418.77996826171875,308.5199890136719,59.0664176940918,-2.55242919921875,108866
3262.0,417.6290283203125,410.8999938964844,416.77996826171875,418.82000732421875,308.3399963378906,59.16070556640625,-2.489013671875,108866
3263.0,417.60101318359375,411.0999755859375,416.8399658203125,418.8800048828125,308.47998046875,59.176673889160156,-2.36102294921875,108866
3264.0,417.4791564941406,411.239990234375,416.719970703125,418.67999267578125,308.53997802734375,59.100711822509766,-2.339141845703125,108866
3265.0,417.5787048339844,411.3399963378906,416.79998779296875,418.719970703125,308.5799865722656,59.17272186279297,-2.378692626953125,108866
3266.0,417.6008605957031,411.6399841308594,416.8599853515625,418.67999267578125,308.7200012207031,59.1400146484375,-2.220855712890625,108866
3267.0,417.6100158691406,411.6199951171875,416.8800048828125,418.719970703125,308.6399841308594,59.20419692993164,-2.210052490234375,108866
3268.0,417.54547119140625,411.5799865722656,416.82000732421875,418.67999267578125,308.6000061035156,59.15860366821289,-2.20550537109375,108866
3269.0,417.56549072265625,411.7200012207031,416.8800048828125,418.719970703125,308.6000061035156,58.8839111328125,-2.12548828125,108866
3270.0,417.5930480957031,411.6600036621094,416.77996826171875,418.739990234375,308.29998779296875,59.010894775390625,-2.233062744140625,108866
3271.0,417.5756530761719,411.6199951171875,416.79998779296875,418.6400146484375,308.3999938964844,59.23324203491211,-2.255645751953125,108866
3272.0,417.632568359375,411.47998046875,416.8599853515625,418.82000732421875,308.1650085449219,59.34192657470703,-2.31256103515625,108866
3273.0,417.5640869140625,411.44000244140625,417.01995849609375,418.8399658203125,308.0,59.59270095825195,-2.14410400390625,108866
3274.0,417.7055358886719,411.3199768066406,417.08001708984375,418.94000244140625,308.1999816894531,59.31561279296875,-2.265533447265625,108866
3275.0,417.5940856933594,411.239990234375,416.8599853515625,418.67999267578125,307.3999938964844,59.26469039916992,-2.374114990234375,108866
3276.0,417.5040283203125,411.4599914550781,416.739990234375,418.55999755859375,307.8249816894531,59.37099838256836,-2.34405517578125,108866
3277.0,417.6009521484375,411.3999938964844,416.760009765625,418.70001220703125,307.7200012207031,59.16254806518555,-2.40093994140625,108866
3278.0,417.74261474609375,411.2599792480469,416.82000732421875,418.8399658203125,307.5199890136719,59.23300552368164,-2.5626220703125,108866
3279.0,417.64947509765625,411.1600036621094,416.760009765625,418.760009765625,307.5,59.101402282714844,-2.50946044921875,108866
3280.0,417.5004577636719,411.03997802734375,416.6400146484375,418.70001220703125,307.7200012207031,58.9488525390625,-2.500457763671875,108866
3281.0,417.5754699707031,411.17999267578125,416.79998779296875,418.82000732421875,307.8399963378906,59.143341064453125,-2.455474853515625,108866
3282.0,417.5952453613281,411.1399841308594,416.89996337890625,418.8399658203125,308.1600036621094,59.08761215209961,-2.375274658203125,108866
3283.0,417.5902099609375,410.8999938964844,416.8800048828125,418.8599853515625,308.1600036621094,59.00990676879883,-2.43023681640625,108866
3284.0,417.4610900878906,411.0,416.82000732421875,418.70001220703125,308.3249816894531,59.01876449584961,-2.281097412109375,108866
3285.0,417.5702819824219,411.1199951171875,417.0,418.8869934082031,308.7850036621094,58.739341735839844,-2.210296630859375,108866
3286.0,417.5619812011719,411.1399841308594,417.0999755859375,419.0,308.7200012207031,58.749149322509766,-2.082000732421875,108866
3287.0,417.3968811035156,411.05999755859375,416.82000732421875,418.739990234375,308.97998046875,58.65119552612305,-2.236907958984375,108866
3288.0,417.393798828125,411.239990234375,417.01995849609375,418.760009765625,309.2599792480469,58.78074264526367,-1.99383544921875,108866
3289.0,417.6367492675781,411.3599853515625,417.20001220703125,419.0,309.29998779296875,58.935157775878906,-2.076751708984375,108866
3290.0,417.5500183105469,411.29998779296875,417.20001220703125,418.97998046875,308.9849853515625,58.99729919433594,-1.990020751953125,108866
3291.0,417.5882263183594,411.44000244140625,416.94000244140625,418.79998779296875,308.885009765625,59.256126403808594,-2.168243408203125,108866
3292.0,417.56402587890625,411.3799743652344,416.8800048828125,418.77996826171875,308.7200012207031,59.23558807373047,-2.20404052734375,108866
3293.0,417.4037170410156,411.41998291015625,416.70001220703125,418.6199951171875,308.7049865722656,59.03495407104492,-2.163726806640625,108866
3294.0,417.4376525878906,411.41998291015625,416.8800048828125,418.719970703125,308.6199951171875,59.02622604370117,-2.057647705078125,108866
3295.0,417.56329345703125,411.3799743652344,416.760009765625,418.739990234375,308.739990234375,59.14820861816406,-2.30328369140625,108866
3296.0,417.6039123535156,411.44000244140625,416.760009765625,418.719970703125,308.44000244140625,59.24673080444336,-2.443939208984375,108866
3297.0,417.49029541015625,411.3199768066406,416.6400146484375,418.6400146484375,308.2200012207031,59.24162292480469,-2.4703369140625,108866
3298.0,417.66632080078125,411.41998291015625,416.77996826171875,418.79998779296875,308.0249938964844,59.29916763305664,-2.486328125,108866
3299.0,417.6641540527344,411.1399841308594,416.719970703125,418.82000732421875,308.2799987792969,59.12071228027344,-2.624176025390625,108866
3300.0,417.5202331542969,411.0999755859375,416.5999755859375,418.67999267578125,308.41998291015625,59.00431442260742,-2.580230712890625,108866
3301.0,417.41888427734375,411.17999267578125,416.41998291015625,418.51995849609375,307.2799987792969,59.02534484863281,-2.5189208984375,108866
3302.0,417.4297790527344,411.0999755859375,416.41998291015625,418.55999755859375,307.67999267578125,58.75798416137695,-2.569793701171875,108866
3303.0,417.47076416015625,411.17999267578125,416.5999755859375,418.6400146484375,308.1600036621094,58.776771545410156,-2.4307861328125,108866
3304.0,417.34625244140625,411.2200012207031,416.51995849609375,418.58001708984375,308.05999755859375,58.74898910522461,-2.34625244140625,108866
3305.0,417.56390380859375,411.1199951171875,416.6400146484375,418.79998779296875,308.1999816894531,58.794700622558594,-2.52392578125,108866
3306.0,417.593994140625,411.1999816894531,416.719970703125,418.8800048828125,307.9649963378906,58.96456527709961,-2.41400146484375,108866
3307.0,417.7801513671875,411.2599792480469,416.8599853515625,419.05999755859375,308.1999816894531,58.925052642822266,-2.5401611328125,108866
3308.0,417.8836975097656,411.239990234375,417.0,419.0,307.97998046875,59.115901947021484,-2.623687744140625,108866
3309.0,417.80474853515625,411.2599792480469,416.97998046875,418.8800048828125,307.94000244140625,59.11747360229492,-2.604736328125,108866
3310.0,417.646240234375,411.3399963378906,416.91998291015625,418.8599853515625,308.6050109863281,59.08617401123047,-2.32623291015625,108866
3311.0,417.51495361328125,411.1399841308594,416.739990234375,418.79998779296875,308.2599792480469,59.14527130126953,-2.35498046875,108866
3312.0,417.58856201171875,411.0999755859375,416.77996826171875,418.79998779296875,308.739990234375,58.88838577270508,-2.44854736328125,108866
3313.0,417.55450439453125,411.2200012207031,416.94000244140625,418.79998779296875,308.55999755859375,59.24238586425781,-2.2344970703125,108866
3314.0,417.6672058105469,411.3799743652344,417.0999755859375,418.89996337890625,308.42498779296875,59.348819732666016,-2.167205810546875,108866
3315.0,417.6060791015625,411.47998046875,417.1199951171875,418.8800048828125,308.03997802734375,59.106266021728516,-2.04608154296875,108866
3316.0,417.7890930175781,411.3999938964844,417.05999755859375,418.97998046875,307.6199951171875,59.03923416137695,-2.309112548828125,108866
3317.0,417.78875732421875,411.3399963378906,416.91998291015625,419.0,308.17999267578125,58.994873046875,-2.48876953125,108866
3318.0,417.64019775390625,411.3799743652344,416.77996826171875,418.77996826171875,308.2200012207031,58.977561950683594,-2.480224609375,108866
3319.0,417.5911865234375,411.44000244140625,416.67999267578125,418.719970703125,308.1999816894531,59.131927490234375,-2.451171875,108866
3320.0,417.7696838378906,411.4599914550781,416.91998291015625,418.8800048828125,308.1999816894531,59.21234893798828,-2.509674072265625,108866
3321.0,417.63580322265625,411.53997802734375,416.97998046875,418.82000732421875,308.4649963378906,59.05217361450195,-2.3157958984375,108866
3322.0,417.6986999511719,411.6399841308594,416.9599609375,418.8399658203125,308.47998046875,59.058937072753906,-2.278717041015625,108866
3323.0,417.6982116699219,411.4599914550781,416.89996337890625,418.89996337890625,308.55999755859375,59.19258117675781,-2.338226318359375,108866
3324.0,417.5804443359375,411.7200012207031,416.8599853515625,418.719970703125,308.3999938964844,59.25789260864258,-2.1204833984375,108866
3325.0,417.638427734375,411.55999755859375,416.79998779296875,418.719970703125,308.04498291015625,59.395931243896484,-2.2984619140625,108866
3326.0,417.3670654296875,411.3199768066406,416.47998046875,418.5,307.79998779296875,59.387855529785156,-2.30706787109375,108866
3327.0,417.1535949707031,411.239990234375,416.3800048828125,418.41998291015625,307.6999816894531,59.299461364746094,-2.193634033203125,108866
3328.0,417.2000427246094,411.29998779296875,416.3800048828125,418.41998291015625,308.3999938964844,59.053863525390625,-2.220062255859375,108866
3329.0,417.3618469238281,411.4599914550781,416.51995849609375,418.6199951171875,308.7599792480469,59.0273323059082,-2.261871337890625,108866
3330.0,417.5137939453125,411.3599853515625,416.6400146484375,418.65997314453125,308.739990234375,59.26426696777344,-2.45379638671875,108866
3331.0,417.5958251953125,411.2599792480469,416.79998779296875,418.77996826171875,309.1199951171875,58.902976989746094,-2.53582763671875,108866
3332.0,417.869873046875,411.44000244140625,417.15997314453125,419.12701416015625,308.7200012207031,58.94144821166992,-2.389892578125,108866
3333.0,417.9139404296875,411.3799743652344,417.1400146484375,419.1400146484375,308.67999267578125,58.917091369628906,-2.4139404296875,108866
3334.0,417.93798828125,411.41998291015625,417.260009765625,419.17999267578125,308.5,58.92169952392578,-2.3380126953125,108866
3335.0,418.0831298828125,411.239990234375,417.29998779296875,419.39996337890625,308.6000061035156,58.998531341552734,-2.42315673828125,108866
3336.0,417.8677978515625,411.3599853515625,417.0999755859375,419.08001708984375,307.8199768066406,59.177223205566406,-2.3878173828125,108866
3337.0,417.9533386230469,411.4599914550781,417.08001708984375,419.08001708984375,307.2599792480469,59.43047332763672,-2.513336181640625,108866
3338.0,417.7557678222656,411.47998046875,416.94000244140625,418.8599853515625,307.8599853515625,59.487491607666016,-2.415802001953125,108866
3339.0,417.8150939941406,411.3799743652344,417.01995849609375,418.9599609375,307.97998046875,59.45637512207031,-2.435089111328125,108866
3340.0,417.75927734375,411.3599853515625,417.03997802734375,419.0,307.7799987792969,59.56190490722656,-2.35931396484375,108866
3341.0,417.7165832519531,411.2799987792969,417.03997802734375,419.05999755859375,308.30499267578125,59.35600280761719,-2.316619873046875,108866
3342.0,417.8219909667969,411.2200012207031,417.1400146484375,419.15997314453125,308.3450012207031,59.393985748291016,-2.402008056640625,108866
3343.0,417.8614807128906,411.3799743652344,417.219970703125,419.260009765625,308.55999755859375,59.42977523803711,-2.361480712890625,108866
3344.0,417.8064270019531,411.53997802734375,417.29998779296875,419.15997314453125,308.1999816894531,59.469303131103516,-2.146453857421875,108866
3345.0,417.9057922363281,411.5999755859375,417.260009765625,419.20001220703125,308.1000061035156,59.52866744995117,-2.245819091796875,108866
3346.0,417.7373962402344,411.29998779296875,417.01995849609375,419.05999755859375,308.17999267578125,59.40201187133789,-2.377410888671875,108866
3347.0,417.74908447265625,411.3199768066406,416.9599609375,419.03997802734375,307.9599914550781,59.34964370727539,-2.40911865234375,108866
3348.0,417.6663513183594,411.2799987792969,417.01995849609375,418.9599609375,308.4599914550781,59.107852935791016,-2.326385498046875,108866
3349.0,417.8502502441406,411.6199951171875,417.15997314453125,419.05999755859375,308.239990234375,59.21796417236328,-2.290252685546875,108866
3350.0,418.1473083496094,411.67999267578125,417.32000732421875,419.260009765625,308.1399841308594,59.34083557128906,-2.467315673828125,108866
3351.0,418.14923095703125,411.239990234375,417.29998779296875,419.29998779296875,307.8800048828125,59.28205871582031,-2.5692138671875,108866
3352.0,417.8379821777344,411.1399841308594,417.05999755859375,419.0999755859375,308.05999755859375,59.17790222167969,-2.438018798828125,108866
3353.0,417.93670654296875,411.0999755859375,417.08001708984375,419.17999267578125,308.2799987792969,59.21434783935547,-2.55670166015625,108866
3354.0,417.6549377441406,411.2200012207031,416.8800048828125,418.8599853515625,308.5,59.114315032958984,-2.374969482421875,108866
3355.0,417.6513366699219,411.47998046875,417.01995849609375,418.8599853515625,308.7850036621094,59.05757141113281,-2.171356201171875,108866
3356.0,417.81170654296875,411.4599914550781,417.27996826171875,419.15997314453125,308.79998779296875,59.25716018676758,-2.17169189453125,108866
3357.0,417.98089599609375,411.6199951171875,417.1400146484375,419.1400146484375,308.6650085449219,59.32454299926758,-2.40087890625,108866
3358.0,418.1053771972656,411.6999816894531,417.260009765625,419.239990234375,308.5199890136719,59.312320709228516,-2.465362548828125,108866
3359.0,417.9745788574219,411.6600036621094,417.15997314453125,419.0999755859375,308.6999816894531,59.16718673706055,-2.414581298828125,108866
3360.0,417.9288024902344,411.6999816894531,417.15997314453125,419.03997802734375,308.3999938964844,59.496315002441406,-2.348785400390625,108866
3361.0,417.9957580566406,411.7200012207031,417.05999755859375,419.0999755859375,308.2799987792969,59.59899139404297,-2.455780029296875,108866
3362.0,417.8948974609375,411.67999267578125,416.9599609375,419.0,308.79998779296875,59.319053649902344,-2.4349365234375,108866
3363.0,417.8201904296875,411.8399963378906,417.0,418.97998046875,308.67999267578125,59.333961486816406,-2.28021240234375,108866
3364.0,417.881103515625,411.8599853515625,417.05999755859375,418.94000244140625,308.739990234375,59.25537872314453,-2.34112548828125,108866
3365.0,417.8421325683594,412.01995849609375,417.1199951171875,419.0,307.8800048828125,59.37207794189453,-2.082122802734375,108866
3366.0,417.67193603515625,411.739990234375,416.8599853515625,418.8399658203125,308.0799865722656,59.205509185791016,-2.21197509765625,108866
3367.0,417.8099060058594,411.5199890136719,416.9599609375,418.97998046875,308.3800048828125,59.040950775146484,-2.389923095703125,108866
3368.0,417.9472961425781,411.5999755859375,417.07501220703125,419.03997802734375,308.4649963378906,59.041717529296875,-2.467315673828125,108866
3369.0,417.6386413574219,411.3399963378906,416.8399658203125,418.91998291015625,308.3599853515625,59.04001235961914,-2.318634033203125,108866
3370.0,417.35345458984375,411.2200012207031,416.79998779296875,418.74700927734375,308.29998779296875,59.165748596191406,-2.09344482421875,108866
3371.0,417.3625183105469,411.239990234375,416.77996826171875,418.79998779296875,308.47998046875,59.03521728515625,-2.082550048828125,108866
3372.0,417.47174072265625,411.0,416.6400146484375,418.91998291015625,308.42498779296875,58.85927200317383,-2.35174560546875,108866
3373.0,417.8615417480469,410.97998046875,416.8599853515625,419.1199951171875,308.42498779296875,58.85702896118164,-2.661529541015625,108866
3374.0,417.91973876953125,411.1600036621094,416.97998046875,419.1400146484375,308.55999755859375,59.146484375,-2.6197509765625,108866
3375.0,418.08355712890625,411.2799987792969,417.1400146484375,419.260009765625,308.68499755859375,59.32646942138672,-2.72357177734375,108866
3376.0,417.9038391113281,411.2200012207031,417.05999755859375,419.17999267578125,308.47998046875,59.45541000366211,-2.503875732421875,108866
3377.0,417.906005859375,411.17999267578125,416.9599609375,419.219970703125,308.5799865722656,59.49210739135742,-2.5460205078125,108866
3378.0,418.12567138671875,411.3799743652344,417.3599853515625,419.39996337890625,308.6199951171875,59.58677673339844,-2.4656982421875,108866
3379.0,418.192626953125,411.44000244140625,417.29998779296875,419.3599853515625,308.885009765625,59.42245864868164,-2.5926513671875,108866
3380.0,418.2489318847656,411.6399841308594,417.27996826171875,419.32000732421875,308.739990234375,59.38795852661133,-2.648956298828125,108866
3381.0,418.3219909667969,411.55999755859375,417.3800048828125,419.44000244140625,309.1050109863281,59.2855224609375,-2.681976318359375,108866
3382.0,418.2890625,411.6600036621094,417.4599609375,419.4599609375,308.79998779296875,59.40587615966797,-2.50909423828125,108866
3383.0,418.14935302734375,411.7599792480469,417.4599609375,419.3800048828125,308.91998291015625,59.238914489746094,-2.329345703125,108866
3384.0,418.1313171386719,411.739990234375,417.47998046875,419.47998046875,308.7200012207031,59.20231246948242,-2.251312255859375,108866
3385.0,418.1674499511719,411.8599853515625,417.51995849609375,419.47998046875,308.239990234375,59.23216247558594,-2.207489013671875,108866
3386.0,418.1114501953125,412.05999755859375,417.44000244140625,419.3599853515625,308.5249938964844,59.26306915283203,-2.17144775390625,108866
3387.0,418.07965087890625,412.1400146484375,417.4599609375,419.260009765625,308.79998779296875,59.20229721069336,-2.11968994140625,108866
3388.0,418.0126647949219,412.08001708984375,417.39996337890625,419.2869873046875,308.8800048828125,59.05483627319336,-2.112701416015625,108866
3389.0,418.2333679199219,412.29998779296875,417.58001708984375,419.3599853515625,308.885009765625,59.1817741394043,-2.113372802734375,108866
3390.0,418.2351989746094,412.0999755859375,417.55999755859375,419.4599609375,308.6600036621094,59.1168327331543,-2.235198974609375,108866
3391.0,418.0626220703125,412.05999755859375,417.47998046875,419.39996337890625,308.6600036621094,59.18370056152344,-2.0626220703125,108866
3392.0,418.0852966308594,411.8999938964844,417.39996337890625,419.29998779296875,308.42498779296875,59.05470275878906,-2.205291748046875,108866
3393.0,418.00335693359375,411.9599914550781,417.47998046875,419.260009765625,308.8399963378906,58.746192932128906,-2.02337646484375,108866
3394.0,418.0146484375,411.9599914550781,417.47998046875,419.239990234375,308.7850036621094,58.92028045654297,-2.03466796875,108866
3395.0,418.0367431640625,411.7200012207031,417.44000244140625,419.27996826171875,308.385009765625,59.26997375488281,-2.1767578125,108866
3396.0,418.02703857421875,411.67999267578125,417.6199951171875,419.3869934082031,308.6000061035156,59.104461669921875,-2.02703857421875,108866
3397.0,418.11297607421875,411.8799743652344,417.51995849609375,419.27996826171875,308.0,59.15455627441406,-2.2130126953125,108866
3398.0,418.1031799316406,412.1400146484375,417.3800048828125,419.239990234375,308.47998046875,59.27803039550781,-2.263214111328125,108866
3399.0,418.13824462890625,412.239990234375,417.47998046875,419.32000732421875,308.6999816894531,59.20458221435547,-2.1982421875,108866
3400.0,418.1671142578125,412.239990234375,417.47998046875,419.3599853515625,308.55999755859375,59.16566848754883,-2.22711181640625,108866
3401.0,418.0633544921875,412.0,417.39996337890625,419.29998779296875,309.05999755859375,59.149662017822266,-2.183349609375,108866
3402.0,418.07550048828125,411.91998291015625,417.3800048828125,419.32000732421875,309.1999816894531,59.18657684326172,-2.23553466796875,108866
3403.0,417.9704895019531,411.91998291015625,417.239990234375,419.15997314453125,309.05999755859375,59.268157958984375,-2.210479736328125,108866
3404.0,418.0964660644531,411.8999938964844,417.3399658203125,419.27996826171875,308.5799865722656,59.163021087646484,-2.336456298828125,108866
3405.0,418.0404968261719,412.0,417.3399658203125,419.260009765625,309.05999755859375,58.89704132080078,-2.240509033203125,108866
3406.0,418.063232421875,412.0999755859375,417.3800048828125,419.29998779296875,309.2799987792969,58.81904983520508,-2.2232666015625,108866
3407.0,418.0136413574219,412.01995849609375,417.3399658203125,419.219970703125,308.7049865722656,58.820594787597656,-2.253631591796875,108866
3408.0,418.1130065917969,412.17999267578125,417.39996337890625,419.260009765625,308.739990234375,58.92826843261719,-2.193023681640625,108866
3409.0,418.11981201171875,411.78997802734375,417.29998779296875,419.3399658203125,308.5050048828125,58.99000549316406,-2.39984130859375,108866
3410.0,418.02362060546875,411.7799987792969,417.39996337890625,419.32000732421875,308.91998291015625,59.005340576171875,-2.24365234375,108866
3411.0,417.96392822265625,411.6399841308594,417.3800048828125,419.3599853515625,308.80499267578125,59.1109619140625,-2.22393798828125,108866
3412.0,418.20440673828125,411.5799865722656,417.53997802734375,419.58001708984375,308.1449890136719,59.12781524658203,-2.34442138671875,108866
3413.0,418.1019592285156,411.53997802734375,417.3599853515625,419.3399658203125,307.8399963378906,59.041175842285156,-2.401947021484375,108866
3414.0,418.10174560546875,411.94000244140625,417.29998779296875,419.239990234375,308.05999755859375,59.35857009887695,-2.34173583984375,108866
3415.0,418.0997009277344,412.1400146484375,417.44000244140625,419.27996826171875,308.5050048828125,59.32005310058594,-2.179718017578125,108866
3416.0,418.19769287109375,412.17999267578125,417.47998046875,419.32000732421875,308.79998779296875,59.016441345214844,-2.2576904296875,108866
3417.0,418.2879943847656,412.0999755859375,417.51995849609375,419.44000244140625,308.5199890136719,59.06748962402344,-2.347991943359375,108866
3418.0,418.22235107421875,412.01995849609375,417.4599609375,419.44000244140625,308.0,59.35176467895508,-2.3223876953125,108866
3419.0,418.0693359375,411.6600036621094,417.32000732421875,419.29998779296875,308.0849914550781,59.44203567504883,-2.40936279296875,108866
3420.0,418.14312744140625,411.5,417.41998291015625,419.3599853515625,308.6000061035156,59.36846160888672,-2.443115234375,108866
3421.0,418.1943054199219,411.6399841308594,417.39996337890625,419.27996826171875,308.8199768066406,59.2910270690918,-2.494293212890625,108866
3422.0,418.21435546875,411.7200012207031,417.44000244140625,419.32000732421875,308.6399841308594,59.34204864501953,-2.39434814453125,108866
3423.0,418.0549621582031,411.739990234375,417.3349609375,419.20001220703125,308.05999755859375,59.69576644897461,-2.274993896484375,108866
3424.0,417.9435119628906,411.7599792480469,417.1400146484375,419.1400146484375,308.54498291015625,59.402061462402344,-2.283538818359375,108866
3425.0,417.9088439941406,411.7200012207031,417.20001220703125,419.239990234375,308.6449890136719,59.504371643066406,-2.208831787109375,108866
3426.0,417.96881103515625,411.5999755859375,417.219970703125,419.260009765625,308.8599853515625,59.35187911987305,-2.32879638671875,108866
3427.0,418.12139892578125,411.5199890136719,417.32000732421875,419.51995849609375,308.625,59.45222854614258,-2.451416015625,108866
3428.0,418.11614990234375,411.6399841308594,417.51995849609375,419.5999755859375,309.1000061035156,59.40916442871094,-2.25616455078125,108866
3429.0,418.009521484375,411.7200012207031,417.5,419.44000244140625,309.2599792480469,59.11545944213867,-2.1495361328125,108866
3430.0,417.986328125,411.7200012207031,417.4599609375,419.39996337890625,309.44000244140625,59.280494689941406,-2.16632080078125,108866
3431.0,417.9105224609375,411.6999816894531,417.3599853515625,419.20001220703125,309.2649841308594,59.0775260925293,-2.13055419921875,108866
3432.0,417.9777526855469,411.6600036621094,417.5,419.3800048828125,309.3249816894531,59.24715805053711,-2.137786865234375,108866
3433.0,417.8732604980469,411.67999267578125,417.20001220703125,419.17999267578125,309.17999267578125,59.18889617919922,-2.253265380859375,108866
3434.0,418.1159362792969,411.8399963378906,417.219970703125,419.3399658203125,308.67999267578125,59.33454132080078,-2.355926513671875,108866
3435.0,418.2152404785156,411.8799743652344,417.32000732421875,419.41998291015625,308.8199768066406,59.37850570678711,-2.455230712890625,108866
3436.0,418.0425109863281,411.8799743652344,417.260009765625,419.29998779296875,309.18499755859375,59.25151062011719,-2.322540283203125,108866
3437.0,418.2124328613281,411.6600036621094,417.3399658203125,419.4599609375,309.03997802734375,59.137516021728516,-2.512420654296875,108866
3438.0,417.832275390625,411.3599853515625,417.03997802734375,419.27996826171875,309.0,58.864479064941406,-2.39227294921875,108866
3439.0,417.79449462890625,411.41998291015625,417.01995849609375,419.17999267578125,309.03997802734375,59.05320358276367,-2.33453369140625,108866
3440.0,417.9615173339844,411.7799987792969,417.1400146484375,419.260009765625,308.8800048828125,59.305973052978516,-2.341522216796875,108866
3441.0,418.0758056640625,411.8199768066406,417.3800048828125,419.39996337890625,309.1600036621094,59.32536315917969,-2.29583740234375,108866
3442.0,418.0832214355469,411.7799987792969,417.41998291015625,419.51995849609375,308.9599914550781,59.379634857177734,-2.243255615234375,108866
3443.0,418.1989440917969,411.6999816894531,417.53997802734375,419.53997802734375,308.94000244140625,59.6632194519043,-2.318939208984375,108866
3444.0,417.888671875,411.5199890136719,417.44000244140625,419.4599609375,309.1600036621094,59.54654312133789,-2.128662109375,108866
3445.0,418.017333984375,411.6600036621094,417.29998779296875,419.3599853515625,309.44000244140625,59.28657150268555,-2.31732177734375,108866
3446.0,418.1688537597656,411.739990234375,417.27996826171875,419.3399658203125,309.3999938964844,59.12267303466797,-2.488861083984375,108866
3447.0,418.2469787597656,411.91998291015625,417.3399658203125,419.3599853515625,309.3199768066406,59.22079086303711,-2.467010498046875,108866
3448.0,418.3292541503906,411.8799743652344,417.3800048828125,419.47998046875,309.1399841308594,59.18562316894531,-2.549285888671875,108866
3449.0,418.3901062011719,411.97998046875,417.47998046875,419.53997802734375,308.79998779296875,59.14357376098633,-2.520111083984375,108866
3450.0,418.2146911621094,411.79998779296875,417.260009765625,419.3800048828125,308.8800048828125,59.23423385620117,-2.534698486328125,108866
3451.0,417.981689453125,411.8999938964844,417.15997314453125,419.17999267578125,308.7200012207031,59.195823669433594,-2.32171630859375,108866
3452.0,418.2601623535156,411.8399963378906,417.4599609375,419.44000244140625,309.2799987792969,59.24571228027344,-2.400177001953125,108866
3453.0,418.3401184082031,411.8999938964844,417.51995849609375,419.6199951171875,308.7649841308594,59.497581481933594,-2.420135498046875,108866
3454.0,418.5496520996094,411.8399963378906,417.67999267578125,419.9599609375,308.3399963378906,59.45358657836914,-2.489654541015625,108866
3455.0,418.2522277832031,411.7599792480469,417.41998291015625,419.5,308.94000244140625,59.54106903076172,-2.532257080078125,108866
3456.0,418.2333679199219,411.8799743652344,417.44000244140625,419.39996337890625,308.3800048828125,59.620025634765625,-2.413360595703125,108866
3457.0,418.21539306640625,411.8399963378906,417.4949951171875,419.5,308.5199890136719,59.2888069152832,-2.33538818359375,108866
3458.0,418.0036315917969,411.7799987792969,417.27996826171875,419.219970703125,308.44000244140625,59.2787971496582,-2.323638916015625,108866
3459.0,418.3169860839844,411.6999816894531,417.51995849609375,419.55999755859375,308.44000244140625,59.37992858886719,-2.457000732421875,108866
3460.0,418.4042053222656,411.7599792480469,417.58001708984375,419.5999755859375,308.7799987792969,59.39369583129883,-2.544219970703125,108866
3461.0,418.2957763671875,411.67999267578125,417.44000244140625,419.39996337890625,308.79998779296875,59.29926681518555,-2.5758056640625,108866
3462.0,418.42584228515625,411.7200012207031,417.67999267578125,419.6199951171875,309.17999267578125,59.40676498413086,-2.48583984375,108866
3463.0,418.3343811035156,412.08001708984375,417.760009765625,419.58001708984375,309.2799987792969,59.42491149902344,-2.214385986328125,108866
3464.0,418.2454528808594,411.8399963378906,417.5999755859375,419.4599609375,309.125,59.44581985473633,-2.345489501953125,108866
3465.0,418.14935302734375,411.7799987792969,417.41998291015625,419.3399658203125,308.6999816894531,59.2401008605957,-2.369384765625,108866
3466.0,418.1302185058594,411.8799743652344,417.39996337890625,419.27996826171875,308.8800048828125,59.311405181884766,-2.330230712890625,108866
3467.0,418.3841552734375,411.97998046875,417.55999755859375,419.4599609375,308.3399963378906,59.426025390625,-2.44415283203125,108866
3468.0,418.3705749511719,411.8599853515625,417.55999755859375,419.5,308.1449890136719,59.42802047729492,-2.550567626953125,108866
3469.0,418.0933532714844,411.9599914550781,417.3599853515625,419.20001220703125,308.67999267578125,59.272525787353516,-2.413360595703125,108866
3470.0,417.8699645996094,412.1400146484375,417.219970703125,418.94000244140625,308.55999755859375,59.348087310791016,-2.169952392578125,108866
3471.0,418.0771484375,412.01995849609375,417.3399658203125,419.1199951171875,308.1399841308594,59.424476623535156,-2.317138671875,108866
3472.0,417.9050598144531,412.05999755859375,417.260009765625,419.01995849609375,307.8450012207031,59.52394485473633,-2.225067138671875,108866
3473.0,417.79656982421875,412.01995849609375,417.1400146484375,418.9599609375,308.239990234375,59.42170715332031,-2.17657470703125,108866
3474.0,417.54034423828125,411.7599792480469,416.8599853515625,418.719970703125,308.6999816894531,59.435848236083984,-2.140380859375,108866
3475.0,417.55255126953125,411.739990234375,416.8399658203125,418.79998779296875,309.3199768066406,59.0760498046875,-2.152587890625,108866
3476.0,417.9883117675781,411.8399963378906,417.20001220703125,419.20001220703125,309.6399841308594,58.9478874206543,-2.348297119140625,108866
3477.0,418.3693542480469,411.8799743652344,417.55999755859375,419.55999755859375,309.47998046875,59.047019958496094,-2.449371337890625,108866
3478.0,418.3658447265625,411.91998291015625,417.53997802734375,419.5,309.3399963378906,59.29841613769531,-2.46588134765625,108866
3479.0,418.3601379394531,412.05999755859375,417.6400146484375,419.51995849609375,309.1000061035156,59.51847839355469,-2.360137939453125,108866
3480.0,418.3878173828125,412.19000244140625,417.719970703125,419.55999755859375,308.8800048828125,59.28548049926758,-2.267822265625,108866
3481.0,418.38214111328125,412.3399658203125,417.77996826171875,419.53997802734375,308.67999267578125,59.42619323730469,-2.14215087890625,108866
3482.0,418.1152038574219,412.17999267578125,417.58001708984375,419.3599853515625,309.03997802734375,59.41444778442383,-2.075225830078125,108866
3483.0,418.2337951660156,412.1400146484375,417.67999267578125,419.5,309.1999816894531,59.308189392089844,-2.153778076171875,108866
3484.0,418.2337646484375,412.05999755859375,417.7149658203125,419.5,309.06500244140625,59.39994812011719,-2.15374755859375,108866
3485.0,418.014404296875,412.17999267578125,417.67999267578125,419.32000732421875,308.739990234375,59.317649841308594,-1.8944091796875,108866
3486.0,418.2834167480469,412.29998779296875,417.82000732421875,419.53997802734375,308.79998779296875,59.32765579223633,-2.043426513671875,108866
3487.0,417.9322509765625,412.32000732421875,417.5999755859375,419.15997314453125,308.6000061035156,59.16607666015625,-1.812255859375,108866
3488.0,418.0919189453125,412.20001220703125,417.58001708984375,419.29998779296875,309.2850036621094,58.785701751708984,-2.07196044921875,108866
3489.0,418.03106689453125,412.08001708984375,417.51995849609375,419.260009765625,309.3399963378906,58.83211135864258,-2.091064453125,108866
3490.0,418.1874084472656,412.219970703125,417.719970703125,419.44000244140625,309.2250061035156,58.94855499267578,-2.027435302734375,108866
3491.0,417.9878234863281,412.239990234375,417.6199951171875,419.406982421875,309.0799865722656,59.077816009521484,-1.947845458984375,108866
3492.0,418.0092468261719,412.0999755859375,417.53997802734375,419.36700439453125,308.79998779296875,59.23329162597656,-2.039276123046875,108866
3493.0,418.0975036621094,412.15997314453125,417.51995849609375,419.219970703125,308.0799865722656,59.254364013671875,-2.137542724609375,108866
3494.0,417.76953125,411.9599914550781,417.0999755859375,418.89996337890625,308.91998291015625,59.12788009643555,-2.20953369140625,108866
3495.0,417.914794921875,411.80999755859375,417.15997314453125,419.05999755859375,309.239990234375,59.08839416503906,-2.414794921875,108866
3496.0,417.99365234375,411.8399963378906,417.1199951171875,419.1400146484375,309.3199768066406,59.18634033203125,-2.45367431640625,108866
3497.0,418.2106018066406,411.9599914550781,417.41998291015625,419.3599853515625,309.2200012207031,59.10722732543945,-2.350616455078125,108866
3498.0,418.5279846191406,412.05999755859375,417.55999755859375,419.65997314453125,308.97998046875,59.14908981323242,-2.508026123046875,108866
3499.0,418.4922180175781,412.08001708984375,417.719970703125,419.67999267578125,308.8450012207031,59.31374740600586,-2.332244873046875,108866
3500.0,418.5683288574219,411.94000244140625,417.719970703125,419.79998779296875,308.6999816894531,59.21493911743164,-2.468353271484375,108866
3501.0,418.46240234375,412.03997802734375,417.739990234375,419.739990234375,308.3399963378906,59.267494201660156,-2.30242919921875,108866
3502.0,418.49871826171875,411.79998779296875,417.70001220703125,419.739990234375,308.1199951171875,59.1807861328125,-2.478759765625,108866
3503.0,418.42218017578125,411.8999938964844,417.53997802734375,419.51995849609375,307.92498779296875,59.322303771972656,-2.54217529296875,108866
3504.0,418.1279602050781,412.01995849609375,417.47998046875,419.3399658203125,308.1199951171875,59.5203971862793,-2.207977294921875,108866
3505.0,418.2556457519531,412.01995849609375,417.58001708984375,419.4599609375,308.0199890136719,59.63175964355469,-2.215667724609375,108866
3506.0,418.3541259765625,411.97998046875,417.739990234375,419.5999755859375,308.3599853515625,59.56328582763672,-2.234130859375,108866
3507.0,418.50390625,412.03997802734375,417.760009765625,419.70001220703125,308.41998291015625,59.813838958740234,-2.34393310546875,108866
3508.0,418.5652770996094,411.8399963378906,417.77996826171875,419.8399658203125,308.44000244140625,59.764347076416016,-2.445281982421875,108866
3509.0,418.3115539550781,411.91998291015625,417.44000244140625,419.51995849609375,308.44000244140625,59.547279357910156,-2.431549072265625,108866
3510.0,418.29058837890625,411.8999938964844,417.47998046875,419.51995849609375,308.1399841308594,59.55424880981445,-2.43060302734375,108866
3511.0,417.99029541015625,411.97998046875,417.29998779296875,419.260009765625,308.0,59.46525573730469,-2.2103271484375,108866
3512.0,418.00384521484375,412.1199951171875,417.3399658203125,419.32000732421875,308.739990234375,59.22737121582031,-2.1038818359375,108866
3513.0,418.0760498046875,412.05999755859375,417.4599609375,419.44000244140625,308.6000061035156,59.1975212097168,-2.15606689453125,108866
3514.0,418.1365051269531,412.17999267578125,417.5,419.47998046875,308.79998779296875,59.08501434326172,-2.136505126953125,108866
3515.0,418.3255310058594,412.239990234375,417.70001220703125,419.7070007324219,308.7799987792969,59.12867736816406,-2.225555419921875,108866
3516.0,418.1961364746094,412.0,417.41998291015625,419.55999755859375,308.6999816894531,59.307613372802734,-2.316131591796875,108866
3517.0,418.1869201660156,411.8199768066406,417.47998046875,419.65997314453125,308.47998046875,59.06985855102539,-2.346954345703125,108866
3518.0,418.119873046875,411.8799743652344,417.3399658203125,419.5999755859375,308.8800048828125,59.19347381591797,-2.33990478515625,108866
3519.0,418.1205139160156,411.8999938964844,417.44000244140625,419.53997802734375,308.4599914550781,59.04938507080078,-2.240509033203125,108866
3520.0,418.2050476074219,411.8199768066406,417.44000244140625,419.55999755859375,309.05999755859375,58.979549407958984,-2.385040283203125,108866
3521.0,418.41021728515625,411.8399963378906,417.55999755859375,419.72698974609375,309.3249816894531,59.1907958984375,-2.490234375,108866
3522.0,418.5663757324219,411.8999938964844,417.65997314453125,419.79998779296875,309.3599853515625,59.022972106933594,-2.586395263671875,108866
3523.0,418.50994873046875,411.91998291015625,417.6400146484375,419.760009765625,309.2200012207031,58.97329330444336,-2.6099853515625,108866
3524.0,418.4418640136719,412.01995849609375,417.6199951171875,419.65997314453125,309.55999755859375,58.884708404541016,-2.521881103515625,108866
3525.0,418.3534851074219,411.9599914550781,417.4599609375,419.53997802734375,309.55999755859375,59.03415298461914,-2.493499755859375,108866
3526.0,418.34808349609375,411.8799743652344,417.58001708984375,419.6400146484375,309.2799987792969,59.26922607421875,-2.4481201171875,108866
3527.0,418.3623046875,411.8399963378906,417.51995849609375,419.53997802734375,309.0199890136719,59.07988357543945,-2.4822998046875,108866
3528.0,418.4647216796875,411.94000244140625,417.67999267578125,419.67999267578125,308.7799987792969,59.31071472167969,-2.42474365234375,108866
3529.0,418.5820007324219,411.8199768066406,417.67999267578125,419.8399658203125,308.864990234375,59.33708190917969,-2.582000732421875,108866
3530.0,418.5419006347656,411.8399963378906,417.58001708984375,419.67999267578125,309.1000061035156,59.358604431152344,-2.661895751953125,108866
3531.0,418.4530944824219,411.91998291015625,417.53997802734375,419.53997802734375,309.05999755859375,59.25448989868164,-2.573089599609375,108866
3532.0,418.4662780761719,411.8599853515625,417.6199951171875,419.5999755859375,309.1999816894531,59.166893005371094,-2.486297607421875,108866
3533.0,418.5833435058594,411.97998046875,417.70001220703125,419.6400146484375,308.94000244140625,59.24381637573242,-2.583343505859375,108866
3534.0,418.7797546386719,411.8999938964844,417.8399658203125,419.8800048828125,308.9849853515625,59.39069747924805,-2.659759521484375,108866
3535.0,418.8518371582031,412.05999755859375,417.97998046875,420.0,308.94000244140625,59.27539825439453,-2.58184814453125,108866
3536.0,418.8822021484375,412.239990234375,418.03997802734375,420.05999755859375,308.739990234375,59.21630859375,-2.46221923828125,108866
3537.0,418.6209716796875,412.29998779296875,418.01995849609375,419.89996337890625,309.2799987792969,59.49452590942383,-2.22100830078125,108866
3538.0,418.734619140625,412.32000732421875,418.1199951171875,419.94000244140625,309.4599914550781,59.408592224121094,-2.274658203125,108866
3539.0,418.7147521972656,412.44000244140625,418.05999755859375,419.91998291015625,309.739990234375,59.04227828979492,-2.254791259765625,108866
3540.0,418.84002685546875,412.5,418.20001220703125,420.05999755859375,309.2599792480469,59.365028381347656,-2.22003173828125,108866
3541.0,418.9129638671875,412.39996337890625,418.29998779296875,420.27996826171875,309.0199890136719,59.55987548828125,-2.25299072265625,108866
3542.0,418.93145751953125,412.51995849609375,418.4599609375,420.29998779296875,308.97998046875,59.46383285522461,-2.09149169921875,108866
3543.0,418.8553161621094,412.5,418.39996337890625,420.260009765625,308.4599914550781,59.451900482177734,-2.075347900390625,108866
3544.0,418.8612060546875,412.47998046875,418.5,420.3070068359375,308.67999267578125,59.29841995239258,-1.981201171875,108866
3545.0,418.8182067871094,412.3399658203125,418.260009765625,420.01995849609375,308.29998779296875,59.39876937866211,-2.198211669921875,108866
3546.0,418.34417724609375,412.47998046875,417.739990234375,419.5999755859375,308.8399963378906,59.2382926940918,-2.10418701171875,108866
3547.0,418.1971130371094,412.4599609375,417.51995849609375,419.39996337890625,309.1999816894531,59.11817169189453,-2.137115478515625,108866
3548.0,418.4227600097656,412.55999755859375,417.5999755859375,419.58001708984375,309.1399841308594,58.9529914855957,-2.242767333984375,108866
3549.0,418.6992492675781,412.4599609375,417.719970703125,419.77996826171875,308.8249816894531,59.10121536254883,-2.479278564453125,108866
3550.0,418.3607482910156,412.219970703125,417.44000244140625,419.5,308.6000061035156,59.09016036987305,-2.400787353515625,108866
3551.0,418.5432434082031,412.260009765625,417.6400146484375,419.70001220703125,308.97998046875,59.398624420166016,-2.463226318359375,108866
3552.0,418.71038818359375,412.0999755859375,417.760009765625,419.8599853515625,308.67999267578125,59.504638671875,-2.61041259765625,108866
3553.0,418.6355285644531,412.08001708984375,417.82000732421875,419.8599853515625,308.739990234375,59.58546447753906,-2.455535888671875,108866
3554.0,418.62042236328125,412.15997314453125,417.9599609375,419.8800048828125,308.8599853515625,59.45754623413086,-2.3204345703125,108866
3555.0,418.73040771484375,412.260009765625,418.08001708984375,419.97998046875,308.7799987792969,59.177032470703125,-2.3104248046875,108866
3556.0,418.8786315917969,412.1199951171875,418.219970703125,420.15997314453125,308.625,59.08814239501953,-2.378631591796875,108866
3557.0,418.5230407714844,412.3399658203125,417.94000244140625,419.77996826171875,308.94000244140625,59.260047912597656,-2.183074951171875,108866
3558.0,418.61053466796875,412.2099914550781,417.8800048828125,419.77996826171875,308.67999267578125,59.39188003540039,-2.37054443359375,108866
3559.0,418.6879577636719,412.3800048828125,418.1199951171875,419.89996337890625,308.6399841308594,59.232051849365234,-2.187957763671875,108866
3560.0,418.474365234375,412.39996337890625,418.03997802734375,419.77996826171875,309.1600036621094,59.001792907714844,-2.014404296875,108866
3561.0,418.4580383300781,412.39996337890625,417.79998779296875,419.6199951171875,308.94000244140625,58.99823760986328,-2.138031005859375,108866
3562.0,418.39935302734375,412.32000732421875,417.77996826171875,419.68701171875,308.3800048828125,59.077754974365234,-2.15936279296875,108866
3563.0,418.55780029296875,412.239990234375,417.760009765625,419.67999267578125,308.8199768066406,59.15450668334961,-2.3978271484375,108866
3564.0,418.52880859375,412.219970703125,417.719970703125,419.65997314453125,308.97998046875,59.23710632324219,-2.44879150390625,108866
3565.0,418.1954650878906,412.1400146484375,417.3599853515625,419.27996826171875,309.05999755859375,59.21486282348633,-2.315460205078125,108866
3566.0,418.3697814941406,412.15997314453125,417.65997314453125,419.51995849609375,309.53997802734375,59.10844039916992,-2.269805908203125,108866
3567.0,418.5444641113281,412.260009765625,417.8800048828125,419.77996826171875,309.41998291015625,59.25808334350586,-2.244476318359375,108866
3568.0,418.5841369628906,412.3399658203125,417.89996337890625,419.82000732421875,309.3599853515625,59.35725021362305,-2.264129638671875,108866
3569.0,418.6973571777344,412.39996337890625,417.94000244140625,419.8599853515625,308.9849853515625,59.36448287963867,-2.357391357421875,108866
3570.0,418.6188049316406,412.41998291015625,417.79998779296875,419.77996826171875,308.7599792480469,59.47532272338867,-2.338836669921875,108866
3571.0,418.2917785644531,412.58001708984375,417.79998779296875,419.58001708984375,308.8599853515625,59.43769836425781,-1.991790771484375,108866
3572.0,418.1094970703125,412.58001708984375,417.719970703125,419.4599609375,309.0199890136719,59.175636291503906,-1.8695068359375,108866
3573.0,418.2322998046875,412.58001708984375,417.8599853515625,419.58001708984375,309.1999816894531,59.32651138305664,-1.95233154296875,108866
3574.0,418.33544921875,412.6400146484375,417.8399658203125,419.6400146484375,309.41998291015625,59.33684158325195,-2.05548095703125,108866
3575.0,418.2020263671875,412.53997802734375,417.719970703125,419.47998046875,309.1600036621094,59.285972595214844,-2.04205322265625,108866
3576.0,418.5267639160156,412.70001220703125,418.01995849609375,419.82000732421875,309.3450012207031,59.247554779052734,-2.126800537109375,108866
3577.0,418.31494140625,412.47998046875,417.82000732421875,419.58001708984375,309.3450012207031,59.37343978881836,-2.094970703125,108866
3578.0,418.25433349609375,412.41998291015625,417.719970703125,419.55999755859375,309.6399841308594,59.403690338134766,-2.0743408203125,108866
3579.0,418.41790771484375,412.32000732421875,417.760009765625,419.5999755859375,309.3450012207031,59.41557312011719,-2.27789306640625,108866
3580.0,418.3234558105469,412.44000244140625,417.739990234375,419.53997802734375,309.2599792480469,59.32359313964844,-2.123443603515625,108866
3581.0,418.5943298339844,412.5,417.89996337890625,419.739990234375,309.5,59.082088470458984,-2.294342041015625,108866
3582.0,418.5374450683594,412.3800048828125,417.8399658203125,419.739990234375,309.5799865722656,59.03245544433594,-2.317474365234375,108866
3583.0,418.761474609375,412.47998046875,418.03997802734375,419.89996337890625,309.3399963378906,59.32354736328125,-2.3814697265625,108866
3584.0,418.7044372558594,412.3599853515625,418.05999755859375,419.906982421875,309.4599914550781,59.169219970703125,-2.264434814453125,108866
3585.0,418.7109680175781,412.239990234375,418.03997802734375,419.9599609375,309.41998291015625,59.26731491088867,-2.290985107421875,108866
3586.0,418.84912109375,412.3800048828125,418.17999267578125,420.20001220703125,309.385009765625,59.320377349853516,-2.28912353515625,108866
3587.0,418.6971740722656,412.3599853515625,418.0999755859375,420.05999755859375,309.5,59.46935272216797,-2.197174072265625,108866
3588.0,418.7357177734375,412.39996337890625,418.17999267578125,420.03997802734375,309.53997802734375,59.4372444152832,-2.19573974609375,108866
3589.0,418.7596130371094,412.3399658203125,418.15997314453125,420.08001708984375,309.8399963378906,59.33289337158203,-2.219635009765625,108866
3590.0,418.70782470703125,412.3599853515625,418.260009765625,420.08001708984375,309.9599914550781,59.41925811767578,-2.08782958984375,108866
3591.0,418.6285705566406,412.6199951171875,418.32000732421875,420.01995849609375,309.8599853515625,59.56816482543945,-1.908599853515625,108866
3592.0,418.7707214355469,412.55999755859375,418.44000244140625,420.20001220703125,309.5999755859375,59.56669998168945,-1.910736083984375,108866
3593.0,418.716796875,412.58001708984375,418.27996826171875,420.08001708984375,309.5199890136719,59.71227264404297,-1.996826171875,108866
3594.0,418.63531494140625,412.53997802734375,418.08001708984375,419.9599609375,309.4049987792969,59.7485237121582,-2.0552978515625,108866
3595.0,418.6150207519531,412.65997314453125,418.0999755859375,419.82000732421875,309.2799987792969,59.86152267456055,-2.015045166015625,108866
3596.0,418.66668701171875,412.47998046875,418.08001708984375,419.8599853515625,308.92498779296875,59.92205810546875,-2.20672607421875,108866
3597.0,418.7371826171875,412.65997314453125,417.97998046875,419.8599853515625,308.91998291015625,59.72678756713867,-2.31719970703125,108866
3598.0,418.6692199707031,412.53997802734375,417.89996337890625,419.79998779296875,309.0,59.573360443115234,-2.349212646484375,108866
3599.0,418.5470275878906,412.58001708984375,417.91998291015625,419.719970703125,308.7649841308594,59.51042175292969,-2.147064208984375,108866
3600.0,418.7182922363281,412.67999267578125,418.0,419.8599853515625,308.8399963378906,59.469932556152344,-2.278289794921875,108866
3601.0,418.75164794921875,412.719970703125,418.01995849609375,419.89996337890625,309.1000061035156,59.26045227050781,-2.25164794921875,108866
3602.0,418.94189453125,412.65997314453125,418.0999755859375,420.05999755859375,309.4849853515625,59.12760925292969,-2.38189697265625,108866
3603.0,419.13623046875,412.53997802734375,418.219970703125,420.239990234375,309.1650085449219,59.10607147216797,-2.55621337890625,108866
3604.0,419.0668029785156,412.67999267578125,418.1400146484375,420.1199951171875,309.3199768066406,59.136959075927734,-2.466827392578125,108866
3605.0,419.1446228027344,412.8800048828125,418.3800048828125,420.239990234375,309.5199890136719,59.176944732666016,-2.364654541015625,108866
3606.0,418.9097900390625,412.79998779296875,418.20001220703125,420.08001708984375,309.6199951171875,59.29518508911133,-2.269775390625,108866
3607.0,419.0109558105469,412.82000732421875,418.32000732421875,420.20001220703125,309.3199768066406,59.234214782714844,-2.250946044921875,108866
3608.0,419.0821228027344,412.70001220703125,418.3599853515625,420.260009765625,309.1650085449219,59.42327117919922,-2.342132568359375,108866
3609.0,419.09674072265625,412.760009765625,418.47998046875,420.44000244140625,309.4599914550781,59.321712493896484,-2.25677490234375,108866
3610.0,419.0107727050781,412.6400146484375,418.41497802734375,420.3599853515625,309.8399963378906,59.298561096191406,-2.250762939453125,108866
3611.0,418.9215393066406,412.65997314453125,418.39996337890625,420.239990234375,310.1600036621094,59.383304595947266,-2.141571044921875,108866
3612.0,418.9820251464844,412.58001708984375,418.51995849609375,420.32000732421875,310.1999816894531,59.05363464355469,-2.062042236328125,108866
3613.0,419.1927490234375,412.65997314453125,418.5999755859375,420.5,310.41998291015625,59.05744934082031,-2.2127685546875,108866
3614.0,419.06683349609375,412.79998779296875,418.41998291015625,420.3599853515625,310.1600036621094,59.084346771240234,-2.286865234375,108866
3615.0,418.8710632324219,412.79998779296875,418.239990234375,420.1199951171875,309.44000244140625,59.185184478759766,-2.231048583984375,108866
3616.0,418.89434814453125,412.8399658203125,418.219970703125,420.20001220703125,309.4599914550781,59.24453353881836,-2.234375,108866
3617.0,418.8594665527344,412.760009765625,418.0999755859375,420.03997802734375,309.3599853515625,59.29475784301758,-2.319488525390625,108866
3618.0,418.9656677246094,412.82000732421875,418.219970703125,420.15997314453125,309.3999938964844,59.43490982055664,-2.345672607421875,108866
3619.0,419.0302429199219,412.94000244140625,418.239990234375,420.15997314453125,309.3399963378906,59.324337005615234,-2.290252685546875,108866
3620.0,418.8839111328125,412.8800048828125,418.219970703125,420.0999755859375,309.2649841308594,59.48514938354492,-2.22393798828125,108866
3621.0,418.7947692871094,412.47998046875,417.89996337890625,419.94000244140625,309.5199890136719,59.258392333984375,-2.494781494140625,108866
3622.0,418.8080749511719,412.5,418.05999755859375,420.03997802734375,309.1650085449219,59.45100784301758,-2.348114013671875,108866
3623.0,418.9668273925781,412.4599609375,418.219970703125,420.239990234375,309.3800048828125,59.41684341430664,-2.386810302734375,108866
3624.0,418.9932861328125,412.51995849609375,418.1199951171875,420.15997314453125,309.44500732421875,59.29462432861328,-2.4932861328125,108866
3625.0,418.9275207519531,412.739990234375,418.08001708984375,420.03997802734375,309.41998291015625,59.447669982910156,-2.387542724609375,108866
3626.0,419.017578125,412.719970703125,418.219970703125,420.219970703125,309.5799865722656,59.40761184692383,-2.43756103515625,108866
3627.0,419.0091552734375,412.8599853515625,418.3399658203125,420.20001220703125,309.6999816894531,59.268096923828125,-2.2691650390625,108866
3628.0,419.0583190917969,412.719970703125,418.32000732421875,420.219970703125,309.3999938964844,59.23719787597656,-2.358306884765625,108866
3629.0,419.0074462890625,412.77996826171875,418.3599853515625,420.22698974609375,309.2449951171875,59.32658767700195,-2.2474365234375,108866
3630.0,418.9724426269531,412.8800048828125,418.3399658203125,420.1199951171875,309.55999755859375,59.33552169799805,-2.152435302734375,108866
3631.0,419.0824279785156,412.97998046875,418.41998291015625,420.239990234375,309.42498779296875,59.513004302978516,-2.162445068359375,108866
3632.0,419.0711669921875,412.89996337890625,418.3399658203125,420.20001220703125,309.2200012207031,59.73568344116211,-2.27117919921875,108866
3633.0,418.9037170410156,412.760009765625,418.15997314453125,420.05999755859375,309.4599914550781,59.74463653564453,-2.283721923828125,108866
3634.0,418.82000732421875,412.70001220703125,418.219970703125,420.05999755859375,309.8599853515625,59.600032806396484,-2.1400146484375,108866
3635.0,418.81854248046875,412.6400146484375,418.0999755859375,419.94000244140625,309.8800048828125,59.74353790283203,-2.278564453125,108866
3636.0,418.85772705078125,412.719970703125,418.1400146484375,420.01995849609375,309.7649841308594,59.83787155151367,-2.23773193359375,108866
3637.0,418.9527587890625,412.5999755859375,418.15997314453125,420.08001708984375,309.8199768066406,59.67412185668945,-2.39276123046875,108866
3638.0,419.1370849609375,412.6400146484375,418.260009765625,420.239990234375,309.6199951171875,59.40323257446289,-2.537109375,108866
3639.0,419.0032958984375,412.51995849609375,418.15997314453125,420.08001708984375,308.9599914550781,59.44091033935547,-2.5233154296875,108866
3640.0,418.88470458984375,412.5999755859375,418.1400146484375,420.0,309.3999938964844,59.40645980834961,-2.38470458984375,108866
3641.0,418.71282958984375,412.58001708984375,417.8599853515625,419.8599853515625,309.5199890136719,59.53529357910156,-2.37286376953125,108866
3642.0,418.6869201660156,412.51995849609375,417.8599853515625,419.79998779296875,309.5199890136719,59.74769592285156,-2.406951904296875,108866
3643.0,418.7325744628906,412.41998291015625,417.94000244140625,419.8800048828125,309.53997802734375,59.673255920410156,-2.412567138671875,108866
3644.0,418.9190979003906,412.44000244140625,418.219970703125,420.0999755859375,309.125,59.48223876953125,-2.339080810546875,108866
3645.0,418.8896179199219,412.4599609375,418.05999755859375,419.94000244140625,309.3800048828125,59.4810905456543,-2.429656982421875,108866
3646.0,418.6519775390625,412.44000244140625,417.91497802734375,419.77996826171875,309.385009765625,59.33384704589844,-2.27197265625,108866
3647.0,418.44879150390625,412.41998291015625,417.760009765625,419.55999755859375,308.9049987792969,59.38079071044922,-2.18878173828125,108866
3648.0,418.29742431640625,412.3599853515625,417.6199951171875,419.47998046875,309.4599914550781,59.03105545043945,-2.19744873046875,108866
3649.0,418.6332092285156,412.4599609375,417.82000732421875,419.77996826171875,309.3999938964844,59.00101852416992,-2.313201904296875,108866
3650.0,418.6830749511719,412.3399658203125,417.8800048828125,419.91998291015625,309.0,59.275115966796875,-2.423065185546875,108866
3651.0,418.704833984375,412.75,418.15997314453125,419.97998046875,309.1600036621094,59.45497131347656,-2.14483642578125,108866
3652.0,418.9681701660156,412.70001220703125,418.3599853515625,420.219970703125,309.3199768066406,59.61943054199219,-2.288177490234375,108866
3653.0,418.9234619140625,412.760009765625,418.20001220703125,420.0999755859375,309.0,59.702030181884766,-2.303466796875,108866
3654.0,418.8753967285156,412.8399658203125,418.05999755859375,419.9599609375,309.1000061035156,59.80008316040039,-2.315399169921875,108866
3655.0,418.8359069824219,412.65997314453125,418.08001708984375,419.94000244140625,309.3800048828125,59.74848556518555,-2.355926513671875,108866
3656.0,418.7927551269531,412.760009765625,418.15997314453125,419.94000244140625,309.3599853515625,59.744205474853516,-2.172760009765625,108866
3657.0,419.029296875,412.8399658203125,418.3599853515625,420.219970703125,309.3999938964844,59.72096252441406,-2.289306640625,108866
3658.0,419.12042236328125,412.5,418.239990234375,420.3399658203125,309.5199890136719,59.59672546386719,-2.5404052734375,108866
3659.0,418.99859619140625,412.58001708984375,418.17999267578125,420.15997314453125,309.17999267578125,59.4718132019043,-2.338623046875,108866
3660.0,419.09912109375,412.65997314453125,418.260009765625,420.219970703125,309.1399841308594,59.49053955078125,-2.359130859375,108866
3661.0,419.1890869140625,412.5999755859375,418.41998291015625,420.3599853515625,308.6999816894531,59.44414520263672,-2.36907958984375,108866
3662.0,419.3516845703125,412.41998291015625,418.5,420.4599609375,308.91998291015625,59.495662689208984,-2.57171630859375,108866
3663.0,419.42889404296875,412.4599609375,418.67999267578125,420.719970703125,309.1000061035156,59.507469177246094,-2.42889404296875,108866
3664.0,419.49371337890625,412.55999755859375,418.65997314453125,420.7070007324219,309.6600036621094,59.371978759765625,-2.53375244140625,108866
3665.0,419.2164306640625,412.739990234375,418.47998046875,420.39996337890625,309.6449890136719,59.28464889526367,-2.3564453125,108866
3666.0,419.14166259765625,413.08001708984375,418.44000244140625,420.260009765625,309.5199890136719,59.369041442871094,-2.2216796875,108866
3667.0,419.22454833984375,413.1400146484375,418.47998046875,420.32000732421875,309.6650085449219,59.29424285888672,-2.24456787109375,108866
3668.0,419.3118591308594,413.3399658203125,418.5999755859375,420.41998291015625,309.8800048828125,59.45988845825195,-2.211883544921875,108866
3669.0,419.4139099121094,413.17999267578125,418.55999755859375,420.53997802734375,309.67999267578125,59.63271713256836,-2.453948974609375,108866
3670.0,419.498779296875,412.89996337890625,418.6400146484375,420.65997314453125,309.6199951171875,59.501670837402344,-2.498779296875,108866
3671.0,419.16064453125,412.79998779296875,418.51995849609375,420.3399658203125,310.17999267578125,59.17078399658203,-2.2806396484375,108866
3672.0,419.0204162597656,412.719970703125,418.39996337890625,420.17999267578125,309.8999938964844,58.92911911010742,-2.240447998046875,108866
3673.0,419.0589294433594,412.719970703125,418.55999755859375,420.3599853515625,309.8599853515625,58.947669982910156,-2.098968505859375,108866
3674.0,419.0900573730469,412.65997314453125,418.44000244140625,420.27996826171875,309.6999816894531,58.90656661987305,-2.250091552734375,108866
3675.0,419.2066345214844,412.8699951171875,418.5,420.41998291015625,309.44000244140625,59.133567810058594,-2.246673583984375,108866
3676.0,418.99615478515625,412.9599609375,418.3800048828125,420.3599853515625,309.7200012207031,59.0364875793457,-2.076171875,108866
3677.0,418.89697265625,412.89996337890625,418.41998291015625,420.27996826171875,309.47998046875,59.38063430786133,-2.0369873046875,108866
3678.0,419.0548095703125,413.03997802734375,418.5999755859375,420.39996337890625,309.80499267578125,59.59687805175781,-1.99481201171875,108866
3679.0,419.1202392578125,412.9599609375,418.5999755859375,420.4599609375,310.0799865722656,59.48879623413086,-2.1202392578125,108866
3680.0,419.2955322265625,412.89996337890625,418.67999267578125,420.55999755859375,310.0799865722656,59.374794006347656,-2.21551513671875,108866
3681.0,419.2122497558594,412.91998291015625,418.6400146484375,420.58001708984375,310.1650085449219,59.371822357177734,-2.112274169921875,108866
3682.0,418.8622741699219,412.70001220703125,418.20001220703125,420.15997314453125,310.0999755859375,59.30110168457031,-2.162261962890625,108866
3683.0,418.7684020996094,412.58001708984375,418.1400146484375,420.1199951171875,310.2200012207031,59.29192352294922,-2.168426513671875,108866
3684.0,419.1321105957031,412.77996826171875,418.3599853515625,420.32000732421875,310.1399841308594,59.670074462890625,-2.352142333984375,108866
3685.0,419.09405517578125,412.8800048828125,418.3800048828125,420.29998779296875,310.1600036621094,59.718971252441406,-2.23406982421875,108866
3686.0,419.24517822265625,412.89996337890625,418.53997802734375,420.44000244140625,309.5799865722656,59.70989227294922,-2.30517578125,108866
3687.0,419.3731689453125,412.70001220703125,418.760009765625,420.70001220703125,308.6199951171875,59.86592483520508,-2.253173828125,108866
3688.0,419.41461181640625,412.719970703125,418.8599853515625,420.91998291015625,309.1050109863281,59.7769660949707,-2.19464111328125,108866
3689.0,419.45916748046875,412.70001220703125,418.82000732421875,420.8399658203125,309.3599853515625,59.45806884765625,-2.2991943359375,108866
3690.0,419.36712646484375,412.55999755859375,418.65997314453125,420.6400146484375,309.4599914550781,59.20792007446289,-2.36712646484375,108866
3691.0,419.32598876953125,412.55999755859375,418.58001708984375,420.55999755859375,309.1999816894531,59.12837600708008,-2.44598388671875,108866
3692.0,419.2082214355469,412.70001220703125,418.44000244140625,420.41998291015625,309.44000244140625,59.13269805908203,-2.448211669921875,108866
3693.0,419.4183044433594,412.8599853515625,418.5999755859375,420.5999755859375,309.56500244140625,59.22304916381836,-2.458343505859375,108866
3694.0,419.4483337402344,412.91998291015625,418.719970703125,420.70001220703125,309.6399841308594,59.16584014892578,-2.328338623046875,108866
3695.0,419.1083984375,412.82000732421875,418.5,420.3800048828125,309.4599914550781,59.14965057373047,-2.12841796875,108866
3696.0,419.1230773925781,412.8800048828125,418.44000244140625,420.260009765625,309.739990234375,58.98202133178711,-2.203094482421875,108866
3697.0,419.28997802734375,412.8399658203125,418.51995849609375,420.44000244140625,309.80499267578125,59.10313415527344,-2.3699951171875,108866
3698.0,419.42694091796875,413.01995849609375,418.8800048828125,420.760009765625,309.8800048828125,59.258399963378906,-2.126953125,108866
3699.0,419.3188781738281,413.0,418.8800048828125,420.67999267578125,309.8800048828125,59.444923400878906,-2.038909912109375,108866
3700.0,419.24639892578125,413.01995849609375,418.6400146484375,420.47998046875,309.8199768066406,59.5741081237793,-2.1663818359375,108866
3701.0,419.0631408691406,412.760009765625,418.32000732421875,420.27996826171875,309.8399963378906,59.53241729736328,-2.283172607421875,108866
3702.0,419.4252624511719,412.5999755859375,418.47998046875,420.67999267578125,309.9599914550781,59.36054992675781,-2.605255126953125,108866
3703.0,419.277587890625,412.67999267578125,418.39996337890625,420.41998291015625,309.79998779296875,59.36098861694336,-2.49761962890625,108866
3704.0,419.2413635253906,412.91998291015625,418.3399658203125,420.36700439453125,309.91998291015625,59.331199645996094,-2.441375732421875,108866
3705.0,419.3091735839844,412.91998291015625,418.4599609375,420.4469909667969,309.6600036621094,59.26137161254883,-2.429168701171875,108866
3706.0,419.4007568359375,413.08001708984375,418.58001708984375,420.51995849609375,309.1199951171875,59.424190521240234,-2.38079833984375,108866
3707.0,419.3818664550781,413.27996826171875,418.65997314453125,420.5,309.239990234375,59.36101150512695,-2.221893310546875,108866
3708.0,419.42156982421875,413.219970703125,418.6400146484375,420.5999755859375,309.2850036621094,59.4495964050293,-2.28155517578125,108866
3709.0,419.2467956542969,413.0999755859375,418.5999755859375,420.51995849609375,309.2649841308594,59.456478118896484,-2.126800537109375,108866
3710.0,419.268798828125,412.94000244140625,418.67999267578125,420.53997802734375,309.385009765625,59.338069915771484,-2.1488037109375,108866
3711.0,419.12030029296875,412.97998046875,418.4599609375,420.32000732421875,309.9049987792969,59.01443862915039,-2.14031982421875,108866
3712.0,419.2219543457031,413.0999755859375,418.70001220703125,420.5,309.8199768066406,59.15654373168945,-2.041961669921875,108866
3713.0,419.35784912109375,413.05999755859375,418.70001220703125,420.6400146484375,309.6399841308594,59.25925827026367,-2.1978759765625,108866
3714.0,419.28057861328125,412.9599609375,418.5999755859375,420.6199951171875,309.67999267578125,59.49298858642578,-2.2005615234375,108866
3715.0,419.2408752441406,413.05999755859375,418.6400146484375,420.58001708984375,309.8599853515625,59.377647399902344,-2.140899658203125,108866
3716.0,419.1887512207031,412.94000244140625,418.53997802734375,420.47998046875,310.1199951171875,59.10756301879883,-2.168792724609375,108866
3717.0,419.1905517578125,412.67999267578125,418.4749755859375,420.5,309.6199951171875,59.104270935058594,-2.310546875,108866
3718.0,419.01556396484375,412.77996826171875,418.41998291015625,420.41998291015625,309.3599853515625,59.241233825683594,-2.13555908203125,108866
3719.0,418.9271545410156,412.760009765625,418.4599609375,420.44000244140625,309.1600036621094,59.20500183105469,-2.007171630859375,108866
3720.0,419.0694274902344,412.51995849609375,418.27996826171875,420.41998291015625,310.03997802734375,58.94573211669922,-2.369415283203125,108866
3721.0,418.92364501953125,412.5,418.239990234375,420.39996337890625,310.125,59.01861572265625,-2.28363037109375,108866
3722.0,419.0380554199219,412.58001708984375,418.3399658203125,420.41998291015625,309.7200012207031,59.06529235839844,-2.278045654296875,108866
3723.0,419.17169189453125,412.6199951171875,418.3399658203125,420.55999755859375,309.8249816894531,59.088340759277344,-2.3917236328125,108866
3724.0,419.0615539550781,412.32000732421875,418.239990234375,420.47998046875,309.79998779296875,59.07917785644531,-2.421539306640625,108866
3725.0,419.0496520996094,412.41998291015625,418.05999755859375,420.3399658203125,309.7250061035156,59.24679946899414,-2.529693603515625,108866
3726.0,419.07958984375,412.719970703125,418.20001220703125,420.32000732421875,309.41998291015625,59.172054290771484,-2.39959716796875,108866
3727.0,419.06268310546875,412.6400146484375,418.20001220703125,420.32000732421875,309.54498291015625,59.22200393676758,-2.44268798828125,108866
3728.0,418.9095764160156,412.51995849609375,418.05999755859375,420.39996337890625,309.739990234375,59.145755767822266,-2.329559326171875,108866
3729.0,419.0091247558594,412.760009765625,418.1400146484375,420.29998779296875,309.6199951171875,59.432167053222656,-2.289154052734375,108866
3730.0,418.7119445800781,412.6199951171875,418.0,420.1400146484375,309.5799865722656,59.31326675415039,-2.131927490234375,108866
3731.0,419.0555725097656,412.53997802734375,418.41998291015625,420.41998291015625,309.3999938964844,59.281150817871094,-2.315582275390625,108866
3732.0,419.19122314453125,412.89996337890625,418.47998046875,420.55999755859375,309.56500244140625,59.249961853027344,-2.251220703125,108866
3733.0,419.22967529296875,412.94000244140625,418.41998291015625,420.47998046875,309.41998291015625,59.421058654785156,-2.3297119140625,108866
3734.0,419.3009033203125,412.8599853515625,418.44000244140625,420.5,309.55999755859375,59.64004135131836,-2.4208984375,108866
3735.0,419.20318603515625,412.77996826171875,418.41998291015625,420.5999755859375,309.5,59.55806350708008,-2.34320068359375,108866
3736.0,418.9181823730469,413.01995849609375,418.239990234375,420.260009765625,309.7599792480469,59.23790740966797,-2.078216552734375,108866
3737.0,419.0543518066406,413.1199951171875,418.3399658203125,420.3399658203125,309.8999938964844,59.375465393066406,-2.134368896484375,108866
3738.0,419.0354309082031,413.01995849609375,418.44000244140625,420.4599609375,309.8399963378906,59.44916534423828,-2.035430908203125,108866
3739.0,418.7943420410156,412.58001708984375,418.15997314453125,420.36700439453125,310.03997802734375,59.41637420654297,-2.234344482421875,108866
3740.0,418.72808837890625,412.4599609375,418.08001708984375,420.27996826171875,309.91998291015625,59.35161590576172,-2.2081298828125,108866
3741.0,419.14190673828125,412.51995849609375,418.41998291015625,420.58001708984375,310.125,59.231224060058594,-2.3619384765625,108866
3742.0,419.157470703125,412.6199951171875,418.41998291015625,420.5,310.2200012207031,59.34229278564453,-2.3974609375,108866
3743.0,419.2976379394531,412.53997802734375,418.53997802734375,420.65997314453125,310.0849914550781,59.21703338623047,-2.457672119140625,108866
3744.0,419.4442443847656,412.51995849609375,418.6400146484375,420.67999267578125,310.1399841308594,59.20647430419922,-2.504241943359375,108866
3745.0,419.2840270996094,412.739990234375,418.65997314453125,420.5670166015625,309.8999938964844,59.36627960205078,-2.264068603515625,108866
3746.0,419.1277160644531,412.8599853515625,418.5999755859375,420.4599609375,309.97998046875,59.29225540161133,-2.067718505859375,108866
3747.0,419.07318115234375,412.82000732421875,418.47998046875,420.4599609375,310.239990234375,59.17168426513672,-2.1331787109375,108866
3748.0,419.0742492675781,412.82000732421875,418.44000244140625,420.47998046875,310.1199951171875,59.08848190307617,-2.154266357421875,108866
3749.0,419.0625,412.6199951171875,418.41998291015625,420.5,310.6199951171875,59.18020248413086,-2.26251220703125,108866
3750.0,419.06231689453125,412.77996826171875,418.6199951171875,420.58001708984375,310.41998291015625,59.40961837768555,-2.10235595703125,108866
3751.0,419.32476806640625,412.67999267578125,418.719970703125,420.719970703125,310.7850036621094,59.1553955078125,-2.3048095703125,108866
3752.0,419.3930358886719,412.67999267578125,418.67999267578125,420.739990234375,310.44000244140625,59.134971618652344,-2.453033447265625,108866
3753.0,419.3819580078125,412.5,418.6199951171875,420.719970703125,310.03997802734375,59.096885681152344,-2.501953125,108866
3754.0,419.27032470703125,412.65997314453125,418.55999755859375,420.55999755859375,310.44000244140625,59.029014587402344,-2.370361328125,108866
3755.0,419.4300842285156,412.94000244140625,418.77996826171875,420.65997314453125,310.7799987792969,59.16175842285156,-2.330108642578125,108866
3756.0,419.49090576171875,413.0,418.8399658203125,420.739990234375,310.47998046875,59.109134674072266,-2.3109130859375,108866
3757.0,419.34173583984375,412.89996337890625,418.760009765625,420.5999755859375,310.0,59.006832122802734,-2.20172119140625,108866
3758.0,419.5082092285156,412.82000732421875,418.97998046875,420.8800048828125,309.6399841308594,59.19011688232422,-2.188201904296875,108866
3759.0,419.4598083496094,413.05999755859375,419.01995849609375,420.89996337890625,309.6199951171875,59.35358810424805,-2.079803466796875,108866
3760.0,419.3323669433594,413.1400146484375,418.8800048828125,420.65997314453125,309.7599792480469,59.21043014526367,-2.052398681640625,108866
3761.0,419.28521728515625,413.05999755859375,418.77996826171875,420.6400146484375,309.03997802734375,59.37244415283203,-2.14520263671875,108866
3762.0,419.3120422363281,413.15997314453125,418.8599853515625,420.67999267578125,309.3599853515625,59.59938049316406,-2.072052001953125,108866
3763.0,419.2777099609375,413.1199951171875,418.94000244140625,420.719970703125,309.3599853515625,59.58541488647461,-1.95770263671875,108866
3764.0,419.3563232421875,412.94000244140625,418.67999267578125,420.719970703125,309.8199768066406,59.3520393371582,-2.25634765625,108866
3765.0,419.3780517578125,413.08001708984375,418.65997314453125,420.719970703125,309.6449890136719,59.556983947753906,-2.21807861328125,108866
3766.0,419.3570861816406,413.17999267578125,418.65997314453125,420.6199951171875,309.364990234375,59.49044418334961,-2.257110595703125,108866
3767.0,419.32977294921875,413.1199951171875,418.5999755859375,420.5670166015625,309.6999816894531,59.728919982910156,-2.36981201171875,108866
3768.0,419.37664794921875,413.03997802734375,418.58001708984375,420.58001708984375,309.6399841308594,59.444541931152344,-2.4366455078125,108866
3769.0,419.43365478515625,412.77996826171875,418.51995849609375,420.58001708984375,309.6999816894531,59.374053955078125,-2.6136474609375,108866
3770.0,419.343017578125,412.739990234375,418.44000244140625,420.53997802734375,309.6650085449219,59.34658432006836,-2.5830078125,108866
3771.0,419.29132080078125,412.8800048828125,418.44000244140625,420.4599609375,309.5999755859375,59.355533599853516,-2.5113525390625,108866
3772.0,419.4743347167969,413.20001220703125,418.70001220703125,420.6400146484375,310.0799865722656,59.15179443359375,-2.374359130859375,108866
3773.0,419.4806823730469,413.41998291015625,418.77996826171875,420.5999755859375,310.0199890136719,59.26461410522461,-2.220672607421875,108866
3774.0,419.489013671875,413.3399658203125,418.70001220703125,420.51995849609375,310.0199890136719,59.402366638183594,-2.28900146484375,108866
3775.0,419.4629821777344,413.27996826171875,418.67999267578125,420.65997314453125,309.7049865722656,59.544715881347656,-2.303009033203125,108866
3776.0,419.28887939453125,413.08001708984375,418.65997314453125,420.55999755859375,309.739990234375,59.23099136352539,-2.2689208984375,108866
3777.0,419.28851318359375,412.97998046875,418.47998046875,420.4599609375,309.4599914550781,59.14289093017578,-2.40850830078125,108866
3778.0,419.3573303222656,412.97998046875,418.53997802734375,420.5,309.17999267578125,59.205787658691406,-2.417327880859375,108866
3779.0,419.12762451171875,412.8800048828125,418.39996337890625,420.3599853515625,309.2200012207031,59.01982498168945,-2.3076171875,108866
3780.0,419.2423400878906,412.9599609375,418.5,420.47998046875,309.739990234375,58.942604064941406,-2.282379150390625,108866
3781.0,419.20452880859375,412.8599853515625,418.55999755859375,420.5,310.0999755859375,58.93088150024414,-2.2645263671875,108866
3782.0,419.3529052734375,413.01995849609375,418.760009765625,420.6400146484375,309.8199768066406,59.184696197509766,-2.17291259765625,108866
3783.0,419.2286376953125,412.94000244140625,418.760009765625,420.70001220703125,309.6199951171875,59.241661071777344,-2.06866455078125,108866
3784.0,419.1924133300781,412.8800048828125,418.51995849609375,420.47998046875,310.0,59.0302734375,-2.252410888671875,108866
3785.0,419.11761474609375,413.0999755859375,418.39996337890625,420.44000244140625,309.7200012207031,59.1920051574707,-2.23760986328125,108866
3786.0,419.0742492675781,413.1199951171875,418.47998046875,420.47998046875,309.7599792480469,59.37910842895508,-2.154266357421875,108866
3787.0,419.1380310058594,413.239990234375,418.5999755859375,420.53997802734375,309.7799987792969,59.45719528198242,-2.118072509765625,108866
3788.0,419.0686340332031,413.01995849609375,418.3800048828125,420.46697998046875,310.1600036621094,59.320220947265625,-2.248626708984375,108866
3789.0,418.4924011230469,412.760009765625,417.9599609375,420.01995849609375,310.0249938964844,59.423377990722656,-1.992401123046875,108866
3790.0,418.9185485839844,412.8800048828125,418.29998779296875,420.260009765625,309.5999755859375,59.30797576904297,-2.198577880859375,108866
3791.0,419.2672424316406,413.01995849609375,418.65997314453125,420.55999755859375,309.0050048828125,59.261112213134766,-2.207244873046875,108866
3792.0,419.61968994140625,413.08001708984375,418.8599853515625,420.7669982910156,308.9599914550781,59.457733154296875,-2.39971923828125,108866
3793.0,419.54888916015625,413.260009765625,418.719970703125,420.5999755859375,309.2799987792969,59.4868278503418,-2.42889404296875,108866
3794.0,419.6405334472656,413.3599853515625,418.8599853515625,420.79998779296875,309.7799987792969,59.462284088134766,-2.360565185546875,108866
3795.0,419.4018249511719,413.3800048828125,418.8399658203125,420.6400146484375,310.05999755859375,59.34720993041992,-2.081817626953125,108866
3796.0,419.4528503417969,413.3599853515625,418.91998291015625,420.760009765625,309.8999938964844,59.49829864501953,-2.092864990234375,108866
3797.0,419.7405700683594,413.3800048828125,419.15997314453125,421.1400146484375,310.29998779296875,59.5883903503418,-2.200592041015625,108866
3798.0,419.5932312011719,413.47998046875,419.01995849609375,420.89996337890625,310.0199890136719,59.67792892456055,-2.153228759765625,108866
3799.0,419.60882568359375,413.58001708984375,418.94000244140625,420.760009765625,309.6999816894531,59.74484634399414,-2.1888427734375,108866
3800.0,419.83758544921875,413.3599853515625,418.9599609375,421.08001708984375,309.53997802734375,59.82740020751953,-2.57757568359375,108866
3801.0,419.8474426269531,413.3800048828125,419.03997802734375,421.08001708984375,309.97998046875,59.93073272705078,-2.507476806640625,108866
3802.0,419.8800964355469,413.3800048828125,419.05999755859375,421.1199951171875,309.7599792480469,60.004493713378906,-2.500091552734375,108866
3803.0,419.78289794921875,413.32000732421875,418.8800048828125,420.89996337890625,309.60498046875,59.8570671081543,-2.54290771484375,108866
3804.0,419.7590026855469,413.32000732421875,418.94000244140625,420.89996337890625,309.0,59.86510467529297,-2.438995361328125,108866
3805.0,419.6125793457031,413.3399658203125,418.8399658203125,420.77996826171875,309.1000061035156,59.84512710571289,-2.312591552734375,108866
3806.0,419.7108459472656,413.67999267578125,418.97998046875,420.8399658203125,309.53997802734375,59.68841552734375,-2.230865478515625,108866
3807.0,419.7056579589844,413.5,418.9599609375,420.8800048828125,309.47998046875,59.68009567260742,-2.345672607421875,108866
3808.0,419.77880859375,413.29998779296875,418.97998046875,421.0,309.3800048828125,59.647335052490234,-2.4388427734375,108866
3809.0,419.690185546875,413.17999267578125,418.8599853515625,420.94000244140625,309.3199768066406,59.54127502441406,-2.47021484375,108866
3810.0,419.814453125,413.08001708984375,419.05999755859375,421.05999755859375,308.53997802734375,59.62632369995117,-2.484466552734375,108866
3811.0,419.4024658203125,413.1199951171875,418.67999267578125,420.719970703125,309.2799987792969,59.69843292236328,-2.302490234375,108866
3812.0,419.38348388671875,413.0,418.65997314453125,420.760009765625,309.9049987792969,59.52078628540039,-2.303466796875,108866
3813.0,419.3664245605469,413.08001708984375,418.760009765625,420.77996826171875,309.3199768066406,59.593231201171875,-2.196441650390625,108866
3814.0,419.6532287597656,413.15997314453125,418.9599609375,420.97998046875,309.3999938964844,59.53388595581055,-2.313262939453125,108866
3815.0,419.69915771484375,413.01995849609375,418.94000244140625,420.91998291015625,309.0050048828125,59.54116439819336,-2.419189453125,108866
3816.0,419.50567626953125,413.05999755859375,418.739990234375,420.8599853515625,309.5999755859375,59.58712387084961,-2.28570556640625,108866
3817.0,419.5390319824219,412.97998046875,418.6400146484375,420.91998291015625,309.6600036621094,59.521827697753906,-2.379058837890625,108866
3818.0,419.34637451171875,413.03997802734375,418.55999755859375,420.79998779296875,309.8999938964844,59.39885330200195,-2.266357421875,108866
3819.0,419.3116455078125,413.05999755859375,418.53997802734375,420.6400146484375,310.1600036621094,59.44797897338867,-2.29168701171875,108866
3820.0,419.3841552734375,413.0999755859375,418.70001220703125,420.65997314453125,309.94000244140625,59.49345397949219,-2.20416259765625,108866
3821.0,419.7217102050781,413.29998779296875,418.8399658203125,420.89996337890625,309.5,59.625160217285156,-2.401702880859375,108866
3822.0,419.759033203125,413.3599853515625,418.9599609375,420.89996337890625,309.41998291015625,59.905677795410156,-2.3790283203125,108866
3823.0,419.6292419433594,413.15997314453125,418.94000244140625,420.91998291015625,309.60498046875,59.92185592651367,-2.289276123046875,108866
3824.0,419.5958251953125,413.219970703125,418.94000244140625,420.8399658203125,309.44000244140625,59.988521575927734,-2.255859375,108866
3825.0,419.6831359863281,413.29998779296875,419.0999755859375,421.01995849609375,309.8599853515625,59.75917434692383,-2.223175048828125,108866
3826.0,419.73382568359375,413.32000732421875,419.08001708984375,421.08001708984375,309.8800048828125,59.57643127441406,-2.2938232421875,108866
3827.0,419.566650390625,413.47998046875,418.9599609375,420.77996826171875,310.06500244140625,59.7692985534668,-2.2066650390625,108866
3828.0,419.64227294921875,413.260009765625,418.97998046875,420.94000244140625,310.55999755859375,59.43113327026367,-2.30230712890625,108866
3829.0,419.6384582519531,413.260009765625,419.01995849609375,420.9599609375,310.8800048828125,59.26328659057617,-2.278472900390625,108866
3830.0,419.56085205078125,413.32000732421875,418.9599609375,420.8070068359375,310.3599853515625,59.25193405151367,-2.20086669921875,108866
3831.0,419.66217041015625,413.29998779296875,419.08001708984375,421.01995849609375,310.3999938964844,59.539085388183594,-2.18218994140625,108866
3832.0,419.640380859375,413.239990234375,419.15997314453125,421.05999755859375,310.5,59.66822814941406,-2.12042236328125,108866
3833.0,419.6706237792969,413.219970703125,419.15997314453125,421.0999755859375,310.5999755859375,59.68254089355469,-2.190643310546875,108866
3834.0,419.5945129394531,413.1199951171875,418.8599853515625,420.8599853515625,310.6999816894531,59.366004943847656,-2.354522705078125,108866
3835.0,419.593505859375,413.39996337890625,418.82000732421875,420.7669982910156,310.29998779296875,59.61136245727539,-2.27349853515625,108866
3836.0,419.6275939941406,413.41998291015625,418.760009765625,420.79998779296875,310.2200012207031,59.43356704711914,-2.347625732421875,108866
3837.0,419.6287536621094,413.4599609375,418.79998779296875,420.77996826171875,309.9649963378906,59.49628829956055,-2.308746337890625,108866
3838.0,419.5406494140625,413.17999267578125,418.65997314453125,420.760009765625,310.1399841308594,59.48262023925781,-2.38067626953125,108866
3839.0,419.38226318359375,413.01995849609375,418.65997314453125,420.70001220703125,310.1199951171875,59.46913528442383,-2.3623046875,108866
3840.0,419.4027099609375,413.05999755859375,418.719970703125,420.6669921875,310.1199951171875,59.5855598449707,-2.34271240234375,108866
3841.0,419.4556579589844,413.1199951171875,418.77996826171875,420.70001220703125,310.0799865722656,59.711647033691406,-2.335662841796875,108866
3842.0,419.35113525390625,413.0999755859375,418.82000732421875,420.5999755859375,310.0999755859375,59.7113037109375,-2.21112060546875,108866
3843.0,419.5555419921875,413.01995849609375,418.8599853515625,420.760009765625,310.125,59.76877975463867,-2.37554931640625,108866
3844.0,419.6927185058594,412.9599609375,418.89996337890625,420.82000732421875,310.2200012207031,59.61452102661133,-2.492706298828125,108866
3845.0,419.5765686035156,413.1400146484375,418.79998779296875,420.74700927734375,310.1399841308594,59.74953079223633,-2.416595458984375,108866
3846.0,419.5871887207031,413.1199951171875,418.77996826171875,420.8399658203125,310.385009765625,59.736873626708984,-2.447174072265625,108866
3847.0,419.6615295410156,413.08001708984375,418.93499755859375,420.91998291015625,310.2200012207031,59.6004524230957,-2.421539306640625,108866
3848.0,419.6957702636719,412.94000244140625,418.97998046875,420.91998291015625,309.7599792480469,59.507442474365234,-2.435760498046875,108866
3849.0,419.51513671875,412.94000244140625,418.97998046875,420.82000732421875,309.7200012207031,59.605743408203125,-2.275146484375,108866
3850.0,419.47296142578125,412.97998046875,418.9599609375,420.82000732421875,309.7799987792969,59.701751708984375,-2.23297119140625,108866
3851.0,419.86627197265625,413.1199951171875,419.260009765625,421.15997314453125,310.0249938964844,59.82234191894531,-2.36627197265625,108866
3852.0,419.9855041503906,413.1199951171875,419.20001220703125,421.17999267578125,310.3199768066406,59.58491897583008,-2.465545654296875,108866
3853.0,420.0150451660156,413.0999755859375,419.1199951171875,421.219970703125,310.3999938964844,59.62454605102539,-2.585052490234375,108866
3854.0,419.8707580566406,413.03997802734375,419.03997802734375,421.1199951171875,310.54498291015625,59.527626037597656,-2.510772705078125,108866
3855.0,419.8008117675781,413.03997802734375,418.89996337890625,421.0,310.05999755859375,59.40744400024414,-2.540802001953125,108866
3856.0,419.62841796875,413.32000732421875,418.89996337890625,420.77996826171875,310.0199890136719,59.327239990234375,-2.34844970703125,108866
3857.0,419.8592224121094,413.260009765625,418.9599609375,421.0,309.47998046875,59.4477653503418,-2.539215087890625,108866
3858.0,419.7905578613281,413.219970703125,418.77996826171875,420.927001953125,309.55999755859375,59.439151763916016,-2.590545654296875,108866
3859.0,419.7690124511719,413.3399658203125,418.8800048828125,420.9599609375,309.864990234375,59.625877380371094,-2.529022216796875,108866
3860.0,419.5348205566406,413.20001220703125,418.739990234375,420.79998779296875,310.3599853515625,59.42676544189453,-2.434844970703125,108866
3861.0,419.5762939453125,413.20001220703125,418.8399658203125,420.77996826171875,310.3599853515625,59.62004089355469,-2.39630126953125,108866
3862.0,419.449462890625,413.3800048828125,418.760009765625,420.719970703125,310.29998779296875,59.56713104248047,-2.28948974609375,108866
3863.0,419.55279541015625,413.6199951171875,418.8800048828125,420.760009765625,310.03997802734375,59.56473922729492,-2.15283203125,108866
3864.0,419.4422912597656,413.58001708984375,418.8399658203125,420.77996826171875,310.42498779296875,59.63778305053711,-2.082305908203125,108866
3865.0,419.307861328125,413.4599609375,418.719970703125,420.5999755859375,310.1399841308594,59.697845458984375,-2.087890625,108866
3866.0,419.27349853515625,413.27996826171875,418.82000732421875,420.719970703125,309.94000244140625,59.738948822021484,-2.073486328125,108866
3867.0,419.2576599121094,413.27996826171875,418.8599853515625,420.67999267578125,310.41998291015625,59.55938720703125,-2.077667236328125,108866
3868.0,419.1465759277344,413.29998779296875,418.70001220703125,420.58001708984375,310.3199768066406,59.47359085083008,-2.026580810546875,108866
3869.0,419.64569091796875,413.3800048828125,418.9599609375,420.94000244140625,310.1199951171875,59.504539489746094,-2.32568359375,108866
3870.0,419.7897033691406,413.6400146484375,419.1199951171875,421.01995849609375,310.17999267578125,59.63557815551758,-2.189727783203125,108866
3871.0,419.93804931640625,413.3800048828125,419.08001708984375,421.219970703125,310.1399841308594,59.54309844970703,-2.498046875,108866
3872.0,419.8670349121094,413.41998291015625,419.15997314453125,421.17999267578125,310.3199768066406,59.816246032714844,-2.367034912109375,108866
3873.0,420.0669860839844,413.5,419.32000732421875,421.4599609375,309.6600036621094,60.05755615234375,-2.366973876953125,108866
3874.0,420.06829833984375,413.4499816894531,419.3800048828125,421.47998046875,310.03997802734375,59.73899841308594,-2.30828857421875,108866
3875.0,420.0404052734375,413.39996337890625,419.3800048828125,421.51995849609375,309.55999755859375,59.84494400024414,-2.2803955078125,108866
3876.0,419.9750671386719,413.5999755859375,419.239990234375,421.239990234375,309.9599914550781,59.68745422363281,-2.275054931640625,108866
3877.0,420.0234680175781,413.5999755859375,419.219970703125,421.239990234375,309.6199951171875,59.71495819091797,-2.383453369140625,108866
3878.0,420.0260925292969,413.67999267578125,419.239990234375,421.15997314453125,309.385009765625,59.78987503051758,-2.366119384765625,108866
3879.0,419.9386901855469,413.82000732421875,419.15997314453125,421.08001708984375,309.6399841308594,59.82674026489258,-2.238677978515625,108866
3880.0,419.8938903808594,413.79998779296875,419.219970703125,421.0999755859375,309.3800048828125,59.88588333129883,-2.173919677734375,108866
3881.0,419.951904296875,414.0,419.29998779296875,421.08001708984375,309.6399841308594,59.78312301635742,-2.13189697265625,108866
3882.0,419.7991638183594,414.01995849609375,419.20001220703125,420.9599609375,309.7649841308594,59.885677337646484,-2.019195556640625,108866
3883.0,420.01141357421875,413.79998779296875,419.17999267578125,421.17999267578125,309.7850036621094,59.94661331176758,-2.3314208984375,108866
3884.0,420.0904541015625,413.70001220703125,419.219970703125,421.219970703125,310.0,59.8938102722168,-2.43048095703125,108866
3885.0,420.06292724609375,413.82000732421875,419.219970703125,421.17999267578125,309.739990234375,60.07154083251953,-2.3829345703125,108866
3886.0,420.0948181152344,413.65997314453125,419.219970703125,421.27996826171875,310.17999267578125,59.88796615600586,-2.474822998046875,108866
3887.0,419.9778137207031,413.5999755859375,419.20001220703125,421.239990234375,310.5199890136719,59.757286071777344,-2.357818603515625,108866
3888.0,419.4113464355469,412.3599853515625,418.20001220703125,420.6199951171875,309.864990234375,59.58719253540039,-2.891387939453125,108866
3889.0,418.7889404296875,407.0199890136719,416.760009765625,419.91998291015625,307.5799865722656,59.55342483520508,-5.58892822265625,108866
3890.0,418.725341796875,404.41998291015625,416.97998046875,419.8399658203125,305.6199951171875,59.987518310546875,-4.82537841796875,108866
3891.0,418.664794921875,403.47998046875,417.0999755859375,419.739990234375,304.0799865722656,60.558494567871094,-4.3248291015625,108866
3892.0,418.52569580078125,403.5799865722656,417.15997314453125,419.5999755859375,302.8800048828125,61.319087982177734,-3.9656982421875,108866
3893.0,418.3730773925781,403.7200012207031,417.0,419.41998291015625,302.05999755859375,61.77288055419922,-3.953094482421875,108866
3894.0,418.3829650878906,403.8199768066406,417.0,419.39996337890625,301.0199890136719,62.3106803894043,-3.983001708984375,108866
3895.0,418.29925537109375,403.8599853515625,416.91998291015625,419.3399658203125,299.3199768066406,63.12085723876953,-4.019287109375,108866
3896.0,418.2135925292969,404.03997802734375,416.79998779296875,419.219970703125,298.8249816894531,63.50148010253906,-4.073577880859375,108866
3897.0,418.1448059082031,404.1999816894531,416.739990234375,419.17999267578125,298.1050109863281,63.75669479370117,-4.064788818359375,108866
3898.0,417.93536376953125,403.9599914550781,416.55999755859375,419.0,297.67999267578125,63.9937629699707,-3.995361328125,108866
3899.0,417.7649841308594,403.94000244140625,416.3800048828125,418.82000732421875,297.3999938964844,64.27253723144531,-3.964996337890625,108866
3900.0,417.66070556640625,403.8999938964844,416.29998779296875,418.70001220703125,296.91998291015625,64.23028564453125,-3.980712890625,108866
3901.0,417.6502990722656,403.67999267578125,416.27996826171875,418.70001220703125,296.7599792480469,64.59784698486328,-3.930328369140625,108866
3902.0,417.4594421386719,403.44000244140625,416.05999755859375,418.53997802734375,296.53997802734375,64.71919250488281,-3.939483642578125,108866
3903.0,417.3042907714844,403.239990234375,415.93499755859375,418.44000244140625,295.6199951171875,65.20918273925781,-3.984283447265625,108866
3904.0,417.1385803222656,402.9599914550781,415.77996826171875,418.260009765625,295.03997802734375,65.458251953125,-3.938568115234375,108866
3905.0,417.14825439453125,402.67999267578125,415.67999267578125,418.239990234375,294.47998046875,65.6615219116211,-4.0682373046875,108866
