{
  "train_loss": [
    0.2733575169271517,
    0.16318131553666973
  ],
  "train_mae": [
    0.14486439855056046,
    0.09078796019256424
  ],
  "train_mse": [
    0.0711783967982747,
    0.02123338665277802
  ],
  "train_physics_loss": [
    55.86321837610953,
    40.23108803265155
  ],
  "train_constraint_loss": [
    0.0015165232005421888,
    0.0013776188101279228
  ],
  "train_power_balance_loss": [
    145.2567546958125,
    64.32177278682956
  ],
  "val_loss": [
    0.07761592548640986,
    0.08007823960825561
  ],
  "val_mae": [
    0.05108368808193312,
    0.04824594788163179
  ],
  "val_mse": [
    0.006714833150697579,
    0.00707908573244382
  ],
  "val_physics_loss": [
    22.265804042354706,
    16.952389635193732
  ],
  "val_constraint_loss": [
    0.0010422745356655002,
    0.00047105006083029315
  ],
  "val_power_balance_loss": [
    8.530778944917365,
    29.75885902954888
  ]
}