{
  "train_loss": [
    11.072587674766652,
    7.127189955115318,
    5.85118284668022,
    5.011011085764789,
    4.382135098437127,
    4.03701495562756,
    3.6905648243785416,
    3.475625399484143
  ],
  "train_mae": [
    0.1099955226890263,
    0.06644373282054719,
    0.05727131504069838,
    0.05204518548984384,
    0.04756754044555288,
    0.04482643238624534,
    0.042266363658554566,
    0.041020334739030176
  ],
  "train_mse": [
    0.16061014726522174,
    0.033982397068907454,
    0.030019267338284094,
    0.027139834154551137,
    0.02354048178281411,
    0.02107143815418969,
    0.019501620406272936,
    0.01842979619543312
  ],
  "train_physics_loss": [
    2753.051285995025,
    1900.0263624052122,
    1549.494762410831,
    1337.4557491810026,
    1184.4231041134683,
    1097.6934928222788,
    995.4288995521774,
    951.5527284335681
  ],
  "train_constraint_loss": [
    0.0008338883086300031,
    0.0006498632556414278,
    0.0005641766015617269,
    0.0005267744024816672,
    0.00048194272366005507,
    0.00046344040726284055,
    0.0004426812585057543,
    0.0004388003535225774
  ],
  "train_power_balance_loss": [
    16419.078975223983,
    10321.437766349367,
    8488.831845682169,
    7243.018788690526,
    6300.287539807103,
    5788.988752275066,
    5305.73787492089,
    4966.103457012913
  ],
  "val_loss": [
    14.563529355670084,
    12.680581773285855,
    2.942627157054037,
    3.5979985492260242,
    4.270983746074175,
    4.9107281510049186,
    3.1228957124788996,
    2.7623401661469065
  ],
  "val_mae": [
    0.039789450000709214,
    0.029182266229719905,
    0.012910225844019456,
    0.014383345649975567,
    0.017217306074786914,
    0.014580091345670497,
    0.012520240534516707,
    0.010204586710894541
  ],
  "val_mse": [
    0.0025569393616246207,
    0.0015802699665688174,
    0.00033734003121542694,
    0.0003588444601070516,
    0.0005255292698264366,
    0.0003738395928810629,
    0.0002679736908547637,
    0.00018965803953074849
  ],
  "val_physics_loss": [
    2689.856438627825,
    2348.2338588719076,
    583.5632279792302,
    697.5188240725109,
    830.1799736694551,
    939.5795098828597,
    610.4570660098618,
    548.6119369934422
  ],
  "val_constraint_loss": [
    3.7012063741068306e-06,
    1.5944759400259551e-06,
    2.6557943043201516e-05,
    1.8913196570903952e-06,
    2.6653309266405762e-05,
    4.643027503378085e-06,
    0.00012665495832229231,
    4.548076259835529e-05
  ],
  "val_power_balance_loss": [
    23667.765318767564,
    20606.330197665615,
    4692.307082664239,
    5772.192436791362,
    6847.172484791894,
    7913.136598846722,
    4999.836275091753,
    4407.046882342845
  ]
}