{
  "train_loss": [
    125534262.6084184,
    109435256.2682017,
    63561299.5623428,
    48679929.20716957,
    38421659.90752085,
    35347531.8959445,
    31934238.880725216,
    29709963.120375283,
    28648325.81178346,
    27076745.12907659,
    24882594.511691652,
    22912276.40075884,
    23208274.667059295,
    20913895.48231935,
    21573341.566920396,
    18779055.54197632,
    19829614.791159432
  ],
  "train_mae": [
    0.1099955226890263,
    0.06644373282054719,
    0.05727131504069838,
    0.05204518548984384,
    0.04756754044555288,
    0.04482643238624534,
    0.042266363658554566,
    0.041020334739030176,
    0.03969506020357936,
    0.03797634634720921,
    0.036805347428365325,
    0.03532288538875626,
    0.03431515696462516,
    0.03405865799843497,
    0.033092691710162825,
    0.03236490793030533,
    0.032377877190325394
  ],
  "train_mse": [
    0.16061014726522174,
    0.033982397068907454,
    0.030019267338284094,
    0.027139834154551137,
    0.02354048178281411,
    0.02107143815418969,
    0.019501620406272936,
    0.01842979619543312,
    0.01614036378128426,
    0.01359918386157794,
    0.012165487135706525,
    0.01142574461382342,
    0.01104070290547392,
    0.011163037616605651,
    0.010715818451542623,
    0.010353865082447653,
    0.010706881851871207
  ],
  "train_physics_loss": [
    2753.051285995025,
    1900.0263624052122,
    1549.494762410831,
    1337.4557491810026,
    1184.4231041134683,
    1097.6934928222788,
    995.4288995521774,
    951.5527284335681,
    916.8916528775457,
    891.2155851421438,
    849.0481053503797,
    796.833962199821,
    766.7353864596125,
    748.5227614529655,
    741.5725279877626,
    702.2073991538117,
    687.3754922744031
  ],
  "train_constraint_loss": [
    1255330630.1596828,
    1094344240.6626906,
    635606159.1362231,
    486793482.0281337,
    384211493.3544227,
    353470563.2029218,
    319337999.3342921,
    297095416.44872147,
    286479199.39059764,
    270763468.0214122,
    248822150.82304457,
    229119235.08541507,
    232079262.3555365,
    209135542.29366863,
    215730027.01691183,
    187787345.1381957,
    198293000.14850798
  ],
  "train_power_balance_loss": [
    18444.739583865972,
    12807.565077189825,
    10544.86936587878,
    8925.96094374759,
    7827.38154296875,
    7304.8267154939185,
    6780.221124005625,
    6516.996526405433,
    6270.655662477681,
    6173.528815260465,
    5881.335860354706,
    5457.085268497058,
    5427.6616013293615,
    5320.624245063225,
    5287.440045886387,
    5007.74619574158,
    4914.575934558263
  ],
  "val_loss": [
    1459.4415753425008,
    1267.17920715932,
    316.43643308133585,
    362.9620989835318,
    450.67714045864875,
    500.0096738573531,
    309.23710071536857,
    280.9127014489241,
    252.24010689829436,
    433.1405754884084,
    548.2670447378651,
    445.8229015186919,
    325.53882965571444,
    337.51805230261573,
    274.8296909141988,
    404.60689750187834,
    832056.680495298
  ],
  "val_mae": [
    0.039789450000709214,
    0.029182266229719905,
    0.012910225844019456,
    0.014383345649975567,
    0.017217306074786914,
    0.014580091345670497,
    0.012520240534516707,
    0.010204586710894541,
    0.01179442078119992,
    0.014064034254688053,
    0.014293243225331598,
    0.0151177246862489,
    0.014006184409656714,
    0.015547852442892784,
    0.011348553856686108,
    0.015632857686617006,
    0.009469891585706965
  ],
  "val_mse": [
    0.0025569393616246207,
    0.0015802699665688174,
    0.00033734003121542694,
    0.0003588444601070516,
    0.0005255292698264366,
    0.0003738395928810629,
    0.0002679736908547637,
    0.00018965803953074849,
    0.00022433631585245763,
    0.0003496656628017327,
    0.0003522740338615824,
    0.0003637874410678321,
    0.00030395028668760756,
    0.00037285137417105335,
    0.00023264564833239796,
    0.0003792753617779052,
    0.00018691241554089246
  ],
  "val_physics_loss": [
    2689.856438627825,
    2348.2338588719076,
    583.5632279792302,
    697.5188240725109,
    830.1799736694551,
    939.5795098828597,
    610.4570660098618,
    548.6119369934422,
    501.8242217117632,
    822.9906529731035,
    1020.358915570756,
    844.0896046833253,
    623.3654668767688,
    655.2231384263912,
    545.6093173452387,
    775.8001580708464,
    210.92640489815545
  ],
  "val_constraint_loss": [
    70.08277884111718,
    20.042151934664016,
    237.25990890001466,
    45.671120263041466,
    256.567898170629,
    103.45308919915571,
    13.64274651791568,
    68.51961472560542,
    16.923195114787756,
    53.07068980243844,
    128.17625176514818,
    65.91375936588771,
    102.12811551519403,
    15.025113969901359,
    121.69314302972785,
    20.00180376149679,
    8319866.483526597
  ],
  "val_power_balance_loss": [
    23668.1570609724,
    20606.447728054063,
    4686.824034561014,
    5772.574305001559,
    6839.702619619772,
    7913.836608976266,
    4936.291904682284,
    4383.786704049983,
    4007.071294148763,
    6910.407407232294,
    8667.984411087395,
    7096.14872892138,
    5059.509031976333,
    5409.553451323173,
    4161.76177161848,
    6500.221166440579,
    978.4332510809384
  ]
}