{
  "train_loss": [
    11.072587674766652,
    7.127189955115318,
    5.85118284668022
  ],
  "train_mae": [
    0.1099955226890263,
    0.06644373282054719,
    0.05727131504069838
  ],
  "train_mse": [
    0.16061014726522174,
    0.033982397068907454,
    0.030019267338284094
  ],
  "train_physics_loss": [
    2753.051285995025,
    1900.0263624052122,
    1549.494762410831
  ],
  "train_constraint_loss": [
    0.0008338883086300031,
    0.0006498632556414278,
    0.0005641766015617269
  ],
  "train_power_balance_loss": [
    16419.078975223983,
    10321.437766349367,
    8488.831845682169
  ],
  "val_loss": [
    14.563529355670084,
    12.680581773285855,
    2.942627157054037
  ],
  "val_mae": [
    0.039789450000709214,
    0.029182266229719905,
    0.012910225844019456
  ],
  "val_mse": [
    0.0025569393616246207,
    0.0015802699665688174,
    0.00033734003121542694
  ],
  "val_physics_loss": [
    2689.856438627825,
    2348.2338588719076,
    583.5632279792302
  ],
  "val_constraint_loss": [
    3.7012063741068306e-06,
    1.5944759400259551e-06,
    2.6557943043201516e-05
  ],
  "val_power_balance_loss": [
    23667.765318767564,
    20606.330197665615,
    4692.307082664239
  ]
}