{
  "mean_actual_power": 651764834.8586179,
  "mean_predicted_power": 654444323.7347655,
  "mean_incoming_power": 1570.796326794897,
  "mean_actual_to_incoming_ratio": 414926.38080488757,
  "mean_predicted_to_incoming_ratio": 416632.19640328217,
  "conservation_violations": {
    "count": 8523,
    "percentage": 100.0,
    "mean_violation_amount": 654442752.9384387
  }
}