{
  "train_loss": [
    2413611.913161354,
    2413560.1154288533
  ],
  "train_mae": [
    0.14022933311131178,
    0.08713557771087241
  ],
  "train_mse": [
    0.06831981334161973,
    0.020334723143098612
  ],
  "train_physics_loss": [
    4392429.793706868,
    4392335.729543214
  ],
  "train_constraint_loss": [
    0.0,
    0.0
  ],
  "train_power_balance_loss": [
    39487375.20538942,
    39486528.37397305
  ],
  "val_loss": [
    2439973.0191424196,
    2440239.892611026
  ],
  "val_mae": [
    0.043088456051021955,
    0.04235134793054683
  ],
  "val_mse": [
    0.003625715649091306,
    0.004620466786035166
  ],
  "val_physics_loss": [
    4440072.489663093,
    4440557.72856049
  ],
  "val_constraint_loss": [
    0.0,
    0.0
  ],
  "val_power_balance_loss": [
    39919313.60183767,
    39923680.75038285
  ]
}