{
  "train_loss": [
    11494.877718017558,
    3972.945985705062
  ],
  "train_mae": [
    0.14022933311131178,
    0.08713557771087241
  ],
  "train_mse": [
    0.06831981334161973,
    0.020334723143098612
  ],
  "train_physics_loss": [
    50.56196713330046,
    31.734765739453454
  ],
  "train_constraint_loss": [
    114713.67526247307,
    39583.62714113703
  ],
  "train_power_balance_loss": [
    366.2712310229404,
    226.45182307127703
  ],
  "val_loss": [
    968.7072944412005,
    148.38299466320422
  ],
  "val_mae": [
    0.043088456051021955,
    0.04235134793054683
  ],
  "val_mse": [
    0.003625715649091306,
    0.004620466786035166
  ],
  "val_physics_loss": [
    15.642133938043077,
    14.44358362830251
  ],
  "val_constraint_loss": [
    9625.022320778464,
    1407.5405981217577
  ],
  "val_power_balance_loss": [
    91.95488486136631,
    122.84446884333448
  ]
}