{
  "temperature_accuracy": {
    "mae_overall": 0.4584623873233795,
    "rmse_overall": 0.9641702175140381,
    "r2_overall": 0.99208003282547,
    "mean_mae_across_sensors": "0.45846242",
    "mean_rmse_across_sensors": 0.7434004589915275,
    "mean_r2_across_sensors": 0.993835198879242,
    "max_error_across_all": "18.386597"
  },
  "physics_losses": {
    "physics_loss": 4627662.955206738,
    "constraint_loss": 0.0,
    "power_balance_loss": 41597239.43950995
  },
  "power_balance": {
    "mean_actual_power": 59142309.835771725,
    "mean_predicted_power": 56303645.25096024,
    "mean_incoming_power": 1570.796326794897,
    "mean_actual_to_incoming_ratio": 37651.16382494196,
    "mean_predicted_to_incoming_ratio": 35844.013823131354,
    "conservation_violations": {
      "count": 16993,
      "percentage": 81.39579441490636,
      "mean_violation_amount": 71035633.64596656
    }
  },
  "energy_conservation": {
    "conservation_violated": true,
    "violation_count": 16993,
    "violation_percentage": 81.39579441490636,
    "mean_violation_amount": 71035633.64596656
  }
}