{
  "train_loss": [
    0.307059169318564,
    0.1797732370212171,
    0.15475241403008516,
    0.14279083014619343,
    0.1330323836302063,
    0.12433345148168519,
    0.11988678528581488,
    0.11459754418623637,
    0.11196418437418916,
    0.10749263675238697
  ],
  "train_mae": [
    0.14319502145870486,
    0.08611639290135835,
    0.07458869395204366,
    0.06890823193200174,
    0.06432380847642746,
    0.06042285170221195,
    0.0583213407492042,
    0.05577010385726636,
    0.054304970170708386,
    0.05233399271607537
  ],
  "train_mse": [
    0.07097104763116596,
    0.020441043584050966,
    0.015768234794210547,
    0.013981303252824623,
    0.012433182370256014,
    0.010992632228015133,
    0.010513542764783177,
    0.00953728256625087,
    0.009117507780187108,
    0.00846743691380707
  ],
  "train_physics_loss": [
    51.50067689038522,
    31.404235724973645,
    27.18957249460277,
    25.168781068449697,
    23.545897706307613,
    22.117886177519946,
    21.352210626785208,
    20.515425683645756,
    20.044170225952573,
    19.310871525681783
  ],
  "train_constraint_loss": [
    0.001045410074548526,
    0.0007438219239653392,
    0.0006431328560193658,
    0.0005829607016507338,
    0.000538908114714862,
    0.0005015044600364444,
    0.0004825323667332193,
    0.0004572571433350063,
    0.0004463486783333371,
    0.0004276579711827191
  ],
  "train_power_balance_loss": [
    224.724835111044,
    124.50372015427943,
    105.94700139536123,
    97.42646136739883,
    90.32427042529412,
    83.58441770897252,
    80.42549698712571,
    76.62310936058853,
    75.22918957152325,
    71.69468434909415
  ],
  "val_loss": [
    0.12657799911225376,
    0.15386362248215318,
    0.09645303754843082,
    0.1405158389451695,
    0.14492655109131225,
    0.15238212998726486,
    0.11984055537305037,
    0.14393150982199765,
    0.13310234003591087,
    0.0705001506290433
  ],
  "val_mae": [
    0.055600634296022265,
    0.06958741868880612,
    0.04599422710964939,
    0.059867333130692535,
    0.056947453891036365,
    0.056248315335481344,
    0.047835179409127175,
    0.06190373240625141,
    0.05205092069126643,
    0.029294102286695742
  ],
  "val_mse": [
    0.011246099885564619,
    0.012510239824257075,
    0.007789109151731899,
    0.01118323558613257,
    0.011151950661949314,
    0.009465830033520804,
    0.008801688718314701,
    0.013542388334164211,
    0.008662280783050565,
    0.002662181646201134
  ],
  "val_physics_loss": [
    17.41889292296068,
    23.116720295246736,
    15.56444086815104,
    19.18908377488454,
    16.85110324014116,
    16.37003133694331,
    15.336548251870237,
    18.71558426026209,
    15.809321676691374,
    9.52733018350454
  ],
  "val_constraint_loss": [
    0.00023736618954720693,
    0.0009354920394329494,
    0.00041932878504312383,
    0.0005518952181096721,
    2.1815914402176506e-05,
    3.0116197291402136e-06,
    0.00015788340828559462,
    0.0004509387434305715,
    6.283573414760925e-05,
    5.496892262773353e-05
  ],
  "val_power_balance_loss": [
    107.11646295476842,
    122.3170873892528,
    69.78789548005587,
    122.91773340897059,
    142.2559361719055,
    159.52755028119793,
    113.33733255462145,
    126.62347725788017,
    130.484062190777,
    63.35732253498117
  ]
}