Time,TC1_tip,TC2,TC3,TC4,TC5,TC6,TC7,TC8,TC9,TC_9.5,TC10,h,flux,abs,surf
0,359.71,359.18,360.64,361.25,360.52,362.41,359.73,360.36,357.66,363.19,334.87,0.1575,25900,100,0.98
1,359.65,359.1,360.59,361.21,360.48,362.37,359.73,360.32,357.68,364.52,334.59,0.1575,25900,100,0.98
2,359.61,359.05,360.55,361.15,360.42,362.34,359.72,360.27,357.69,366.3,334.41,0.1575,25900,100,0.98
3,359.56,358.98,360.5,361.1,360.36,362.3,359.7,360.26,357.7,367.13,334.29,0.1575,25900,100,0.98
4,359.53,358.94,360.44,361.07,360.31,362.28,359.69,360.25,357.73,367.09,334.25,0.1575,25900,100,0.98
5,359.52,358.93,360.39,361.03,360.26,362.26,359.64,360.25,357.75,367.15,334.28,0.1575,25900,100,0.98
6,359.51,358.9,360.32,360.97,360.22,362.21,359.6,360.23,357.82,367.95,334.38,0.1575,25900,100,0.98
7,359.51,358.83,360.25,360.92,360.18,362.16,359.57,360.18,357.96,368.85,334.5,0.1575,25900,100,0.98
8,359.49,358.76,360.17,360.89,360.14,362.13,359.55,360.16,358.08,369.43,334.61,0.1575,25900,100,0.98
9,359.47,358.67,360.07,360.85,360.08,362.1,359.52,360.15,358.28,370.08,334.77,0.1575,25900,100,0.98
10,359.44,358.59,359.98,360.8,360.02,362.05,359.5,360.13,358.48,370.96,334.95,0.1575,25900,100,0.98
11,359.41,358.56,359.93,360.75,359.98,362.01,359.49,360.11,358.63,371.96,335.09,0.1575,25900,100,0.98
12,359.39,358.55,359.88,360.71,359.94,361.99,359.47,360.1,358.76,372.78,335.23,0.1575,25900,100,0.98
13,359.36,358.55,359.84,360.68,359.91,361.97,359.47,360.09,358.88,373.11,335.38,0.1575,25900,100,0.98
14,359.35,358.54,359.8,360.63,359.88,361.94,359.45,360.09,359.01,373.59,335.55,0.1575,25900,100,0.98
15,359.33,358.53,359.77,360.57,359.85,361.9,359.44,360.07,359.13,374.12,335.75,0.1575,25900,100,0.98
16,359.33,358.52,359.74,360.54,359.82,361.87,359.43,360.05,359.26,374.58,335.97,0.1575,25900,100,0.98
17,359.31,358.5,359.72,360.51,359.78,361.85,359.41,360.06,359.38,375.07,336.22,0.1575,25900,100,0.98
18,359.28,358.51,359.69,360.47,359.74,361.82,359.39,360.05,359.56,375.65,336.59,0.1575,25900,100,0.98
19,359.24,358.5,359.66,360.43,359.7,361.78,359.36,360.04,359.73,376.42,336.95,0.1575,25900,100,0.98
20,359.23,358.5,359.64,360.4,359.68,361.77,359.34,360.03,359.84,376.93,337.19,0.1575,25900,100,0.98
21,359.19,358.5,359.6,360.38,359.65,361.75,359.32,360.03,359.95,377.11,337.42,0.1575,25900,100,0.98
22,359.17,358.49,359.57,360.36,359.63,361.73,359.29,360.03,360.05,377.05,337.69,0.1575,25900,100,0.98
23,359.16,358.49,359.56,360.33,359.61,361.69,359.29,360.02,360.15,377.2,338.0,0.1575,25900,100,0.98
24,359.15,358.49,359.53,360.31,359.59,361.67,359.28,360.02,360.26,377.59,338.34,0.1575,25900,100,0.98
25,359.12,358.47,359.51,360.29,359.57,361.65,359.27,360.02,360.37,378.0,338.69,0.1575,25900,100,0.98
26,359.09,358.46,359.48,360.25,359.54,361.62,359.26,360.01,360.57,378.6,339.2,0.1575,25900,100,0.98
27,359.06,358.45,359.45,360.23,359.51,361.6,359.24,360.01,360.78,379.72,339.65,0.1575,25900,100,0.98
28,359.05,358.44,359.43,360.2,359.49,361.57,359.24,360.0,360.93,380.5,339.92,0.1575,25900,100,0.98
29,359.04,358.44,359.42,360.19,359.47,361.55,359.24,360.0,361.07,380.66,340.18,0.1575,25900,100,0.98
30,359.01,358.43,359.4,360.14,359.46,361.52,359.23,359.99,361.2,380.61,340.43,0.1575,25900,100,0.98
31,358.99,358.41,359.38,360.11,359.44,361.5,359.23,359.97,361.3,380.72,340.69,0.1575,25900,100,0.98
32,358.98,358.39,359.36,360.09,359.42,361.49,359.22,359.97,361.39,380.72,340.96,0.1575,25900,100,0.98
33,358.95,358.39,359.34,360.07,359.41,361.47,359.22,359.97,361.5,380.7,341.27,0.1575,25900,100,0.98
34,358.93,358.38,359.33,360.04,359.39,361.44,359.22,359.97,361.59,380.76,341.6,0.1575,25900,100,0.98
35,358.9,358.35,359.31,360.01,359.37,361.42,359.21,359.95,361.75,380.81,342.1,0.1575,25900,100,0.98
36,358.86,358.33,359.28,359.99,359.34,361.41,359.2,359.95,361.9,380.84,342.62,0.1575,25900,100,0.98
37,358.83,358.3,359.26,359.97,359.32,361.41,359.19,359.95,362.03,381.17,342.93,0.1575,25900,100,0.98
38,358.82,358.29,359.24,359.94,359.31,361.39,359.19,359.94,362.15,381.88,343.24,0.1575,25900,100,0.98
39,358.78,358.27,359.22,359.91,359.29,361.36,359.18,359.94,362.27,382.59,343.55,0.1575,25900,100,0.98
40,358.76,358.26,359.21,359.89,359.28,361.35,359.17,359.92,362.4,382.94,343.85,0.1575,25900,100,0.98
41,358.73,358.24,359.19,359.88,359.26,361.34,359.16,359.92,362.51,383.05,344.15,0.1575,25900,100,0.98
42,358.69,358.22,359.18,359.85,359.25,361.32,359.15,359.9,362.61,383.34,344.48,0.1575,25900,100,0.98
43,358.67,358.2,359.17,359.82,359.24,361.3,359.14,359.89,362.7,383.7,344.77,0.1575,25900,100,0.98
44,358.64,358.2,359.15,359.81,359.22,361.3,359.14,359.9,362.84,383.95,345.21,0.1575,25900,100,0.98
45,358.6,358.17,359.14,359.8,359.19,361.28,359.12,359.89,362.98,384.35,345.61,0.1575,25900,100,0.98
46,358.56,358.15,359.12,359.77,359.18,361.26,359.11,359.88,363.08,385.12,345.88,0.1575,25900,100,0.98
47,358.53,358.13,359.1,359.75,359.17,361.24,359.09,359.87,363.17,385.84,346.14,0.1575,25900,100,0.98
48,358.49,358.1,359.08,359.73,359.14,361.23,359.07,359.85,363.26,385.99,346.39,0.1575,25900,100,0.98
49,358.46,358.08,359.06,359.72,359.12,361.22,359.06,359.84,363.35,386.09,346.65,0.1575,25900,100,0.98
50,358.43,358.07,359.06,359.69,359.12,361.2,359.06,359.83,363.44,386.38,346.89,0.1575,25900,100,0.98
51,358.4,358.05,359.04,359.67,359.11,361.17,359.05,359.82,363.54,386.54,347.14,0.1575,25900,100,0.98
52,358.37,358.03,359.03,359.64,359.09,361.16,359.04,359.81,363.62,386.59,347.4,0.1575,25900,100,0.98
53,358.32,357.99,359.0,359.63,359.07,361.15,359.02,359.81,363.75,386.62,347.79,0.1575,25900,100,0.98
54,358.26,357.95,358.99,359.62,359.05,361.14,359.0,359.8,363.88,386.91,348.22,0.1575,25900,100,0.98
55,358.23,357.93,358.98,359.59,359.04,361.11,359.0,359.78,363.96,387.22,348.52,0.1575,25900,100,0.98
56,358.21,357.9,358.97,359.57,359.03,361.09,358.98,359.78,364.04,387.36,348.84,0.1575,25900,100,0.98
57,358.17,357.88,358.95,359.55,359.01,361.08,358.97,359.77,364.14,387.54,349.18,0.1575,25900,100,0.98
58,358.13,357.85,358.92,359.53,358.99,361.06,358.95,359.76,364.23,387.74,349.51,0.1575,25900,100,0.98
59,358.09,357.83,358.91,359.5,358.97,361.04,358.94,359.74,364.32,388.17,349.85,0.1575,25900,100,0.98
60,358.06,357.8,358.91,359.49,358.95,361.03,358.92,359.74,364.39,388.21,350.19,0.1575,25900,100,0.98
61,358.02,357.77,358.88,359.47,358.94,361.02,358.9,359.72,364.48,388.06,350.51,0.1575,25900,100,0.98
62,357.97,357.73,358.86,359.45,358.91,360.99,358.88,359.73,364.61,388.27,351.01,0.1575,25900,100,0.98
63,357.92,357.7,358.85,359.42,358.89,360.97,358.86,359.71,364.73,388.53,351.47,0.1575,25900,100,0.98
64,357.88,357.68,358.83,359.4,358.87,360.95,358.85,359.7,364.82,388.71,351.76,0.1575,25900,100,0.98
65,357.85,357.65,358.82,359.39,358.87,360.95,358.85,359.7,364.91,388.92,352.04,0.1575,25900,100,0.98
66,357.82,357.63,358.8,359.36,358.85,360.92,358.83,359.68,364.99,389.21,352.32,0.1575,25900,100,0.98
67,357.77,357.6,358.78,359.33,358.83,360.9,358.82,359.67,365.06,389.52,352.56,0.1575,25900,100,0.98
68,357.73,357.57,358.77,359.32,358.82,360.89,358.82,359.67,365.15,389.53,352.84,0.1575,25900,100,0.98
69,357.71,357.55,358.76,359.3,358.81,360.86,358.8,359.65,365.24,389.54,353.13,0.1575,25900,100,0.98
70,357.67,357.52,358.75,359.28,358.81,360.84,358.8,359.65,365.33,389.81,353.41,0.1575,25900,100,0.98
71,357.62,357.48,358.72,359.26,358.78,360.83,358.79,359.64,365.45,389.88,353.85,0.1575,25900,100,0.98
72,357.56,357.44,358.69,359.24,358.76,360.82,358.78,359.64,365.57,389.97,354.34,0.1575,25900,100,0.98
73,357.52,357.4,358.67,359.23,358.74,360.79,358.77,359.62,365.66,390.32,354.68,0.1575,25900,100,0.98
74,357.48,357.37,358.66,359.21,358.72,360.77,358.76,359.62,365.73,390.67,355.03,0.1575,25900,100,0.98
75,357.44,357.35,358.64,359.19,358.72,360.75,358.76,359.61,365.82,390.96,355.37,0.1575,25900,100,0.98
76,357.41,357.32,358.62,359.19,358.7,360.75,358.74,359.61,365.91,391.17,355.69,0.1575,25900,100,0.98
77,357.37,357.29,358.61,359.17,358.69,360.73,358.74,359.61,366.01,391.26,356.0,0.1575,25900,100,0.98
78,357.34,357.27,358.6,359.16,358.68,360.71,358.75,359.6,366.1,391.58,356.3,0.1575,25900,100,0.98
79,357.3,357.24,358.58,359.14,358.67,360.69,358.73,359.59,366.17,391.93,356.58,0.1575,25900,100,0.98
80,357.24,357.19,358.56,359.14,358.65,360.68,358.72,359.58,366.3,391.95,356.98,0.1575,25900,100,0.98
81,357.17,357.14,358.53,359.12,358.63,360.66,358.7,359.58,366.42,392.09,357.36,0.1575,25900,100,0.98
82,357.15,357.12,358.5,359.1,358.62,360.64,358.7,359.57,366.5,392.25,357.6,0.1575,25900,100,0.98
83,357.11,357.09,358.5,359.09,358.61,360.63,358.7,359.56,366.59,392.4,357.85,0.1575,25900,100,0.98
84,357.08,357.06,358.49,359.08,358.6,360.61,358.69,359.55,366.67,392.5,358.1,0.1575,25900,100,0.98
85,357.03,357.03,358.46,359.07,358.58,360.6,358.67,359.55,366.73,392.68,358.35,0.1575,25900,100,0.98
86,357.0,357.0,358.44,359.06,358.58,360.59,358.68,359.55,366.81,392.9,358.58,0.1575,25900,100,0.98
87,356.96,356.97,358.42,359.04,358.57,360.58,358.67,359.54,366.88,392.9,358.81,0.1575,25900,100,0.98
88,356.92,356.94,358.41,359.04,358.55,360.57,358.67,359.54,366.96,393.06,359.04,0.1575,25900,100,0.98
89,356.88,356.9,358.39,359.03,358.54,360.56,358.66,359.53,367.08,393.0,359.41,0.1575,25900,100,0.98
90,356.81,356.85,358.37,359.01,358.52,360.54,358.64,359.53,367.19,393.1,359.79,0.1575,25900,100,0.98
91,356.77,356.82,358.34,358.99,358.51,360.52,358.64,359.51,367.26,393.34,360.06,0.1575,25900,100,0.98
92,356.73,356.78,358.34,358.99,358.51,360.52,358.63,359.51,367.36,393.32,360.35,0.1575,25900,100,0.98
93,356.69,356.74,358.31,358.97,358.49,360.51,358.62,359.5,367.42,393.46,360.63,0.1575,25900,100,0.98
94,356.64,356.71,358.3,358.95,358.48,360.48,358.61,359.5,367.49,393.58,360.91,0.1575,25900,100,0.98
95,356.6,356.68,358.29,358.94,358.47,360.47,358.61,359.49,367.58,393.86,361.17,0.1575,25900,100,0.98
96,356.57,356.65,358.28,358.93,358.46,360.46,358.6,359.49,367.67,394.0,361.43,0.1575,25900,100,0.98
97,356.53,356.61,358.27,358.92,358.46,360.45,358.59,359.49,367.75,394.18,361.68,0.1575,25900,100,0.98
98,356.45,356.56,358.24,358.89,358.43,360.44,358.57,359.47,367.85,394.33,362.01,0.1575,25900,100,0.98
99,356.39,356.5,358.22,358.88,358.42,360.42,358.56,359.47,367.96,394.67,362.32,0.1575,25900,100,0.98
100,356.35,356.48,358.22,358.86,358.41,360.42,358.56,359.46,368.04,394.74,362.54,0.1575,25900,100,0.98
101,356.31,356.45,358.21,358.85,358.41,360.4,358.55,359.46,368.13,394.65,362.76,0.1575,25900,100,0.98
102,356.27,356.41,358.19,358.83,358.39,360.4,358.54,359.45,368.2,394.93,363.01,0.1575,25900,100,0.98
103,356.23,356.38,358.18,358.81,358.39,360.38,358.54,359.45,368.27,395.18,363.26,0.1575,25900,100,0.98
104,356.18,356.34,358.17,358.8,358.38,360.38,358.53,359.44,368.34,395.32,363.48,0.1575,25900,100,0.98
105,356.15,356.31,358.16,358.79,358.37,360.36,358.52,359.44,368.41,395.48,363.7,0.1575,25900,100,0.98
106,356.11,356.29,358.14,358.77,358.36,360.36,358.52,359.44,368.49,395.56,363.9,0.1575,25900,100,0.98
107,356.05,356.23,358.11,358.76,358.34,360.34,358.5,359.43,368.6,395.68,364.18,0.1575,25900,100,0.98
108,355.99,356.18,358.09,358.74,358.32,360.33,358.49,359.42,368.69,395.99,364.46,0.1575,25900,100,0.98
109,355.96,356.15,358.09,358.74,358.31,360.33,358.49,359.43,368.77,396.1,364.65,0.1575,25900,100,0.98
110,355.92,356.12,358.07,358.72,358.31,360.31,358.49,359.43,368.86,396.25,364.86,0.1575,25900,100,0.98
111,355.88,356.09,358.06,358.7,358.3,360.3,358.49,359.43,368.93,396.45,365.08,0.1575,25900,100,0.98
112,355.84,356.05,358.03,358.7,358.29,360.3,358.48,359.43,369.01,396.53,365.32,0.1575,25900,100,0.98
113,355.81,356.04,358.02,358.69,358.28,360.28,358.46,359.42,369.08,396.65,365.55,0.1575,25900,100,0.98
114,355.77,355.99,358.0,358.67,358.26,360.27,358.46,359.41,369.15,396.91,365.8,0.1575,25900,100,0.98
115,355.73,355.96,357.98,358.66,358.25,360.26,358.45,359.42,369.21,396.87,366.03,0.1575,25900,100,0.98
116,355.68,355.91,357.96,358.65,358.24,360.24,358.45,359.41,369.35,396.81,366.42,0.1575,25900,100,0.98
117,355.62,355.86,357.94,358.63,358.23,360.22,358.44,359.4,369.49,396.93,366.79,0.1575,25900,100,0.98
118,355.57,355.82,357.91,358.62,358.21,360.21,358.44,359.4,369.56,397.17,367.01,0.1575,25900,100,0.98
119,355.54,355.79,357.9,358.62,358.21,360.21,358.43,359.4,369.62,397.3,367.2,0.1575,25900,100,0.98
120,355.5,355.76,357.88,358.61,358.2,360.2,358.42,359.4,369.69,397.46,367.37,0.1575,25900,100,0.98
121,355.46,355.72,357.86,358.6,358.18,360.19,358.41,359.4,369.76,397.56,367.52,0.1575,25900,100,0.98
122,355.42,355.7,357.85,358.59,358.18,360.18,358.41,359.4,369.85,397.49,367.68,0.1575,25900,100,0.98
123,355.38,355.66,357.83,358.57,358.16,360.16,358.41,359.4,369.92,397.76,367.84,0.1575,25900,100,0.98
124,355.35,355.63,357.82,358.56,358.16,360.16,358.41,359.4,370.0,397.99,368.0,0.1575,25900,100,0.98
125,355.29,355.58,357.8,358.55,358.14,360.15,358.39,359.4,370.09,398.24,368.22,0.1575,25900,100,0.98
126,355.23,355.53,357.77,358.54,358.13,360.13,358.4,359.4,370.19,398.28,368.42,0.1575,25900,100,0.98
127,355.2,355.5,357.75,358.52,358.12,360.13,358.38,359.4,370.26,398.44,368.54,0.1575,25900,100,0.98
128,355.15,355.46,357.73,358.52,358.1,360.12,358.37,359.39,370.31,398.43,368.65,0.1575,25900,100,0.98
129,355.12,355.42,357.72,358.51,358.09,360.1,358.37,359.39,370.39,398.49,368.77,0.1575,25900,100,0.98
130,355.08,355.39,357.71,358.48,358.08,360.09,358.36,359.38,370.45,398.78,368.88,0.1575,25900,100,0.98
131,355.03,355.37,357.69,358.46,358.07,360.07,358.36,359.38,370.53,398.83,369.0,0.1575,25900,100,0.98
132,355.0,355.33,357.68,358.45,358.06,360.07,358.35,359.37,370.6,398.87,369.13,0.1575,25900,100,0.98
133,354.96,355.3,357.66,358.44,358.05,360.06,358.34,359.38,370.67,399.02,369.27,0.1575,25900,100,0.98
134,354.91,355.26,357.63,358.42,358.04,360.04,358.33,359.37,370.75,399.15,369.44,0.1575,25900,100,0.98
135,354.85,355.22,357.61,358.4,358.01,360.03,358.32,359.38,370.85,399.32,369.59,0.1575,25900,100,0.98
136,354.82,355.18,357.59,358.39,358.01,360.03,358.32,359.37,370.91,399.39,369.67,0.1575,25900,100,0.98
137,354.78,355.15,357.58,358.39,358.0,360.02,358.32,359.38,371.0,399.49,369.77,0.1575,25900,100,0.98
138,354.74,355.12,357.56,358.38,357.98,360.02,358.3,359.38,371.06,399.71,369.86,0.1575,25900,100,0.98
139,354.69,355.07,357.52,358.37,357.96,360.0,358.28,359.38,371.11,399.79,369.96,0.1575,25900,100,0.98
140,354.66,355.05,357.52,358.35,357.96,359.99,358.29,359.37,371.18,399.78,370.08,0.1575,25900,100,0.98
141,354.63,355.03,357.51,358.34,357.96,359.98,358.29,359.38,371.26,399.81,370.22,0.1575,25900,100,0.98
142,354.58,354.98,357.48,358.33,357.93,359.97,358.28,359.38,371.32,399.96,370.34,0.1575,25900,100,0.98
143,354.53,354.94,357.46,358.3,357.92,359.96,358.26,359.37,371.42,399.94,370.51,0.1575,25900,100,0.98
144,354.48,354.9,357.45,358.3,357.92,359.96,358.27,359.38,371.53,400.21,370.65,0.1575,25900,100,0.98
145,354.45,354.86,357.43,358.29,357.9,359.94,358.25,359.38,371.59,400.39,370.73,0.1575,25900,100,0.98
146,354.4,354.83,357.42,358.26,357.9,359.94,358.25,359.38,371.68,400.36,370.84,0.1575,25900,100,0.98
147,354.37,354.81,357.41,358.24,357.89,359.93,358.25,359.38,371.74,400.55,370.93,0.1575,25900,100,0.98
148,354.33,354.77,357.39,358.23,357.88,359.92,358.24,359.37,371.8,400.68,371.03,0.1575,25900,100,0.98
149,354.3,354.74,357.38,358.22,357.86,359.92,358.23,359.38,371.86,400.87,371.13,0.1575,25900,100,0.98
150,354.25,354.71,357.35,358.2,357.85,359.9,358.22,359.38,371.93,401.05,371.22,0.1575,25900,100,0.98
151,354.22,354.68,357.34,358.17,357.84,359.89,358.21,359.37,371.99,401.08,371.31,0.1575,25900,100,0.98
152,354.15,354.62,357.31,358.17,357.82,359.88,358.2,359.37,372.08,401.2,371.44,0.1575,25900,100,0.98
153,354.09,354.58,357.28,358.15,357.8,359.87,358.2,359.37,372.19,401.31,371.62,0.1575,25900,100,0.98
154,354.07,354.55,357.27,358.13,357.79,359.86,358.19,359.37,372.27,401.49,371.75,0.1575,25900,100,0.98
155,354.03,354.51,357.25,358.11,357.78,359.84,358.18,359.36,372.34,401.57,371.92,0.1575,25900,100,0.98
156,353.99,354.48,357.24,358.11,357.78,359.85,358.18,359.37,372.41,401.64,372.1,0.1575,25900,100,0.98
157,353.95,354.45,357.22,358.09,357.76,359.83,358.17,359.37,372.48,401.71,372.3,0.1575,25900,100,0.98
158,353.92,354.42,357.2,358.08,357.75,359.82,358.16,359.36,372.55,401.84,372.47,0.1575,25900,100,0.98
159,353.88,354.38,357.18,358.07,357.74,359.81,358.16,359.36,372.63,401.99,372.65,0.1575,25900,100,0.98
160,353.84,354.36,357.17,358.05,357.74,359.8,358.16,359.37,372.69,402.08,372.82,0.1575,25900,100,0.98
161,353.78,354.31,357.14,358.04,357.72,359.79,358.15,359.37,372.79,402.39,373.07,0.1575,25900,100,0.98
162,353.74,354.27,357.12,358.02,357.7,359.78,358.15,359.37,372.9,402.26,373.31,0.1575,25900,100,0.98
163,353.7,354.24,357.11,358.0,357.7,359.77,358.15,359.37,372.98,402.53,373.46,0.1575,25900,100,0.98
164,353.67,354.21,357.08,357.99,357.69,359.76,358.13,359.37,373.05,402.57,373.6,0.1575,25900,100,0.98
165,353.64,354.18,357.09,357.98,357.68,359.75,358.14,359.38,373.12,402.58,373.72,0.1575,25900,100,0.98
166,353.61,354.15,357.06,357.97,357.66,359.74,358.14,359.37,373.18,402.6,373.82,0.1575,25900,100,0.98
167,353.56,354.11,357.03,357.95,357.65,359.72,358.13,359.38,373.25,402.72,373.92,0.1575,25900,100,0.98
168,353.53,354.08,357.03,357.94,357.65,359.71,358.13,359.38,373.32,402.93,374.02,0.1575,25900,100,0.98
169,353.5,354.05,357.0,357.93,357.63,359.7,358.12,359.38,373.37,403.08,374.1,0.1575,25900,100,0.98
170,353.44,354.01,356.98,357.93,357.61,359.69,358.11,359.39,373.48,403.09,374.27,0.1575,25900,100,0.98
171,353.38,353.96,356.94,357.91,357.6,359.67,358.11,359.39,373.57,403.11,374.43,0.1575,25900,100,0.98
172,353.36,353.93,356.93,357.89,357.59,359.67,358.11,359.39,373.64,403.04,374.54,0.1575,25900,100,0.98
173,353.32,353.9,356.91,357.89,357.57,359.66,358.1,359.39,373.69,403.18,374.64,0.1575,25900,100,0.98
174,353.29,353.87,356.89,357.87,357.55,359.65,358.1,359.4,373.77,403.34,374.76,0.1575,25900,100,0.98
175,353.26,353.83,356.87,357.85,357.55,359.63,358.1,359.4,373.83,403.45,374.87,0.1575,25900,100,0.98
176,353.23,353.81,356.87,357.84,357.54,359.63,358.11,359.41,373.91,403.54,374.98,0.1575,25900,100,0.98
177,353.2,353.78,356.85,357.84,357.53,359.62,358.11,359.42,373.99,403.62,375.12,0.1575,25900,100,0.98
178,353.17,353.75,356.83,357.83,357.53,359.62,358.12,359.43,374.05,403.52,375.25,0.1575,25900,100,0.98
179,353.11,353.7,356.81,357.81,357.51,359.61,358.11,359.44,374.14,403.62,375.44,0.1575,25900,100,0.98
180,353.05,353.65,356.78,357.79,357.49,359.6,358.09,359.43,374.23,403.79,375.58,0.1575,25900,100,0.98
181,353.03,353.63,356.77,357.78,357.49,359.59,358.1,359.44,374.32,403.82,375.66,0.1575,25900,100,0.98
182,353.0,353.59,356.75,357.77,357.48,359.59,358.09,359.45,374.39,404.09,375.74,0.1575,25900,100,0.98
183,352.95,353.56,356.74,357.76,357.46,359.59,358.1,359.45,374.45,404.23,375.82,0.1575,25900,100,0.98
184,352.92,353.52,356.71,357.75,357.45,359.58,358.08,359.45,374.49,404.21,375.88,0.1575,25900,100,0.98
185,352.89,353.5,356.7,357.73,357.44,359.56,358.08,359.46,374.57,404.3,375.98,0.1575,25900,100,0.98
186,352.86,353.47,356.68,357.72,357.44,359.55,358.08,359.46,374.64,404.47,376.06,0.1575,25900,100,0.98
187,352.83,353.44,356.66,357.7,357.42,359.54,358.07,359.47,374.7,404.55,376.13,0.1575,25900,100,0.98
188,352.78,353.39,356.64,357.69,357.41,359.54,358.06,359.47,374.8,404.68,376.21,0.1575,25900,100,0.98
189,352.71,353.34,356.62,357.68,357.38,359.53,358.06,359.48,374.9,404.74,376.3,0.1575,25900,100,0.98
190,352.7,353.33,356.6,357.66,357.38,359.51,358.06,359.48,374.97,404.68,376.4,0.1575,25900,100,0.98
191,352.66,353.29,356.58,357.64,357.37,359.5,358.04,359.49,375.03,404.88,376.52,0.1575,25900,100,0.98
192,352.63,353.26,356.57,357.64,357.36,359.5,358.05,359.49,375.1,404.91,376.66,0.1575,25900,100,0.98
193,352.59,353.22,356.55,357.63,357.34,359.49,358.05,359.5,375.14,404.81,376.81,0.1575,25900,100,0.98
194,352.57,353.2,356.54,357.61,357.34,359.48,358.04,359.51,375.21,405.06,376.93,0.1575,25900,100,0.98
195,352.53,353.17,356.52,357.59,357.33,359.47,358.03,359.52,375.28,405.13,377.0,0.1575,25900,100,0.98
196,352.5,353.13,356.5,357.59,357.32,359.47,358.04,359.52,375.34,405.24,377.07,0.1575,25900,100,0.98
197,352.45,353.1,356.48,357.57,357.3,359.46,358.02,359.52,375.43,405.3,377.12,0.1575,25900,100,0.98
198,352.4,353.06,356.47,357.55,357.29,359.46,358.03,359.54,375.53,405.42,377.19,0.1575,25900,100,0.98
199,352.37,353.04,356.44,357.54,357.27,359.44,358.03,359.55,375.6,405.39,377.24,0.1575,25900,100,0.98
200,352.34,353.01,356.43,357.53,357.27,359.44,358.02,359.55,375.65,405.53,377.31,0.1575,25900,100,0.98
201,352.31,352.99,356.42,357.51,357.27,359.43,358.03,359.55,375.71,405.71,377.37,0.1575,25900,100,0.98
202,352.27,352.96,356.4,357.5,357.26,359.42,358.02,359.56,375.77,405.68,377.42,0.1575,25900,100,0.98
203,352.24,352.93,356.39,357.48,357.25,359.41,358.02,359.57,375.83,405.9,377.47,0.1575,25900,100,0.98
204,352.21,352.91,356.38,357.47,357.24,359.41,358.01,359.58,375.9,405.96,377.52,0.1575,25900,100,0.98
205,352.17,352.87,356.36,357.47,357.23,359.41,358.01,359.59,375.96,405.97,377.57,0.1575,25900,100,0.98
206,352.11,352.82,356.33,357.45,357.2,359.4,357.97,359.6,376.03,406.09,377.61,0.1575,25900,100,0.98
207,352.05,352.78,356.31,357.43,357.18,359.39,357.96,359.6,376.11,406.12,377.66,0.1575,25900,100,0.98
208,352.02,352.76,356.3,357.42,357.18,359.38,357.96,359.61,376.18,406.11,377.71,0.1575,25900,100,0.98
209,351.99,352.73,356.29,357.41,357.17,359.37,357.95,359.61,376.24,406.2,377.74,0.1575,25900,100,0.98
210,351.96,352.7,356.27,357.38,357.16,359.36,357.95,359.62,376.29,406.26,377.77,0.1575,25900,100,0.98
211,351.93,352.67,356.25,357.36,357.16,359.34,357.95,359.62,376.36,406.41,377.82,0.1575,25900,100,0.98
212,351.89,352.63,356.23,357.35,357.14,359.34,357.93,359.63,376.41,406.52,377.85,0.1575,25900,100,0.98
213,351.86,352.61,356.21,357.34,357.12,359.33,357.93,359.64,376.47,406.52,377.88,0.1575,25900,100,0.98
214,351.83,352.58,356.2,357.32,357.11,359.32,357.93,359.64,376.53,406.57,377.94,0.1575,25900,100,0.98
215,351.79,352.54,356.18,357.3,357.1,359.31,357.93,359.65,376.62,406.71,378.06,0.1575,25900,100,0.98
216,351.74,352.5,356.15,357.29,357.09,359.31,357.92,359.65,376.72,406.72,378.21,0.1575,25900,100,0.98
217,351.72,352.47,356.14,357.28,357.07,359.3,357.91,359.67,376.78,406.66,378.32,0.1575,25900,100,0.98
218,351.67,352.43,356.13,357.27,357.06,359.29,357.91,359.68,376.85,406.85,378.44,0.1575,25900,100,0.98
219,351.65,352.41,356.1,357.25,357.05,359.28,357.92,359.69,376.92,407.02,378.57,0.1575,25900,100,0.98
220,351.62,352.38,356.09,357.25,357.04,359.27,357.91,359.69,376.99,407.11,378.68,0.1575,25900,100,0.98
221,351.59,352.37,356.08,357.23,357.03,359.26,357.92,359.7,377.06,407.07,378.79,0.1575,25900,100,0.98
222,351.55,352.33,356.05,357.21,357.02,359.26,357.9,359.71,377.11,407.19,378.9,0.1575,25900,100,0.98
223,351.52,352.29,356.05,357.19,357.01,359.25,357.9,359.72,377.19,407.4,379.04,0.1575,25900,100,0.98
224,351.47,352.26,356.02,357.2,357.0,359.24,357.9,359.74,377.29,407.48,379.22,0.1575,25900,100,0.98
225,351.44,352.23,356.0,357.18,356.99,359.23,357.9,359.74,377.39,407.49,379.38,0.1575,25900,100,0.98
226,351.41,352.2,355.98,357.16,356.97,359.22,357.9,359.75,377.45,407.61,379.5,0.1575,25900,100,0.98
227,351.38,352.17,355.97,357.15,356.97,359.2,357.89,359.77,377.52,407.66,379.62,0.1575,25900,100,0.98
228,351.34,352.14,355.95,357.14,356.95,359.2,357.88,359.76,377.59,407.8,379.74,0.1575,25900,100,0.98
229,351.3,352.11,355.93,357.13,356.94,359.19,357.88,359.78,377.64,407.99,379.84,0.1575,25900,100,0.98
230,351.28,352.09,355.92,357.11,356.94,359.18,357.88,359.78,377.7,408.02,379.94,0.1575,25900,100,0.98
231,351.25,352.06,355.89,357.1,356.92,359.18,357.87,359.81,377.76,407.95,380.02,0.1575,25900,100,0.98
232,351.21,352.03,355.87,357.09,356.9,359.17,357.87,359.81,377.82,408.01,380.09,0.1575,25900,100,0.98
233,351.17,351.98,355.85,357.07,356.89,359.17,357.86,359.81,377.9,408.13,380.18,0.1575,25900,100,0.98
234,351.13,351.95,355.83,357.06,356.87,359.15,357.87,359.84,378.0,408.22,380.27,0.1575,25900,100,0.98
235,351.1,351.92,355.82,357.04,356.85,359.14,357.86,359.84,378.07,408.25,380.33,0.1575,25900,100,0.98
236,351.07,351.91,355.8,357.03,356.86,359.14,357.87,359.85,378.13,408.21,380.41,0.1575,25900,100,0.98
237,351.04,351.88,355.79,357.02,356.85,359.13,357.87,359.86,378.2,408.18,380.51,0.1575,25900,100,0.98
238,351.02,351.85,355.77,357.0,356.84,359.12,357.86,359.88,378.25,408.37,380.62,0.1575,25900,100,0.98
239,350.98,351.82,355.75,356.99,356.82,359.1,357.86,359.89,378.31,408.53,380.71,0.1575,25900,100,0.98
240,350.96,351.8,355.74,356.97,356.82,359.1,357.87,359.9,378.37,408.48,380.8,0.1575,25900,100,0.98
241,350.93,351.76,355.72,356.96,356.82,359.09,357.86,359.91,378.43,408.53,380.89,0.1575,25900,100,0.98
242,350.88,351.72,355.69,356.94,356.78,359.08,357.85,359.93,378.51,408.62,381.03,0.1575,25900,100,0.98
243,350.83,351.68,355.66,356.93,356.76,359.07,357.85,359.94,378.61,408.65,381.21,0.1575,25900,100,0.98
244,350.81,351.66,355.64,356.92,356.76,359.06,357.86,359.96,378.68,408.75,381.34,0.1575,25900,100,0.98
245,350.78,351.62,355.63,356.92,356.75,359.06,357.86,359.96,378.74,408.78,381.49,0.1575,25900,100,0.98
246,350.75,351.61,355.6,356.91,356.74,359.05,357.85,359.98,378.8,408.76,381.62,0.1575,25900,100,0.98
247,350.72,351.58,355.59,356.9,356.73,359.04,357.85,360.0,378.89,408.83,381.75,0.1575,25900,100,0.98
248,350.7,351.55,355.57,356.89,356.72,359.04,357.85,360.0,378.95,408.9,381.85,0.1575,25900,100,0.98
249,350.68,351.53,355.56,356.89,356.71,359.01,357.85,360.01,378.99,408.89,381.95,0.1575,25900,100,0.98
250,350.64,351.5,355.54,356.87,356.7,359.01,357.85,360.02,379.06,409.03,382.01,0.1575,25900,100,0.98
251,350.6,351.47,355.52,356.87,356.68,359.01,357.85,360.05,379.16,409.11,382.08,0.1575,25900,100,0.98
252,350.56,351.44,355.5,356.85,356.67,359.0,357.85,360.06,379.24,409.31,382.17,0.1575,25900,100,0.98
253,350.53,351.4,355.46,356.84,356.65,359.0,357.85,360.07,379.28,409.54,382.22,0.1575,25900,100,0.98
254,350.5,351.38,355.45,356.82,356.64,358.98,357.84,360.08,379.33,409.58,382.26,0.1575,25900,100,0.98
255,350.48,351.34,355.43,356.81,356.62,358.98,357.85,360.11,379.39,409.58,382.31,0.1575,25900,100,0.98
256,350.45,351.33,355.42,356.79,356.63,358.97,357.87,360.11,379.47,409.62,382.39,0.1575,25900,100,0.98
257,350.44,351.31,355.42,356.78,356.61,358.96,357.86,360.12,379.51,409.68,382.45,0.1575,25900,100,0.98
258,350.4,351.28,355.39,356.76,356.6,358.96,357.86,360.14,379.57,409.84,382.52,0.1575,25900,100,0.98
259,350.38,351.26,355.38,356.75,356.6,358.95,357.87,360.16,379.62,410.0,382.57,0.1575,25900,100,0.98
260,350.34,351.22,355.35,356.74,356.58,358.96,357.86,360.18,379.7,409.96,382.65,0.1575,25900,100,0.98
261,350.29,351.19,355.33,356.73,356.57,358.95,357.86,360.19,379.8,409.93,382.75,0.1575,25900,100,0.98
262,350.27,351.16,355.31,356.72,356.56,358.95,357.86,360.21,379.85,410.01,382.83,0.1575,25900,100,0.98
263,350.23,351.14,355.29,356.7,356.55,358.94,357.86,360.22,379.9,410.2,382.88,0.1575,25900,100,0.98
264,350.21,351.12,355.29,356.68,356.54,358.93,357.86,360.23,379.97,410.31,382.94,0.1575,25900,100,0.98
265,350.18,351.1,355.27,356.67,356.53,358.92,357.86,360.24,380.02,410.29,382.97,0.1575,25900,100,0.98
266,350.15,351.07,355.25,356.66,356.52,358.92,357.87,360.26,380.08,410.28,383.04,0.1575,25900,100,0.98
267,350.14,351.05,355.24,356.65,356.51,358.91,357.87,360.28,380.13,410.39,383.11,0.1575,25900,100,0.98
268,350.11,351.03,355.23,356.63,356.51,358.89,357.87,360.28,380.21,410.5,383.19,0.1575,25900,100,0.98
269,350.07,351.0,355.2,356.62,356.49,358.89,357.86,360.3,380.27,410.58,383.25,0.1575,25900,100,0.98
270,350.02,350.95,355.17,356.6,356.46,358.88,357.85,360.32,380.34,410.59,383.31,0.1575,25900,100,0.98
271,349.99,350.93,355.17,356.58,356.46,358.87,357.86,360.33,380.39,410.54,383.35,0.1575,25900,100,0.98
272,349.97,350.89,355.14,356.57,356.45,358.86,357.85,360.35,380.45,410.64,383.37,0.1575,25900,100,0.98
273,349.94,350.88,355.13,356.55,356.45,358.86,357.86,360.35,380.51,410.69,383.43,0.1575,25900,100,0.98
274,349.9,350.85,355.11,356.55,356.43,358.85,357.86,360.37,380.56,410.66,383.47,0.1575,25900,100,0.98
275,349.88,350.83,355.09,356.54,356.43,358.85,357.86,360.4,380.61,410.78,383.53,0.1575,25900,100,0.98
276,349.86,350.81,355.08,356.52,356.42,358.84,357.85,360.41,380.67,410.76,383.61,0.1575,25900,100,0.98
277,349.83,350.78,355.07,356.51,356.41,358.83,357.87,360.42,380.73,410.8,383.73,0.1575,25900,100,0.98
278,349.79,350.75,355.05,356.5,356.4,358.83,357.86,360.44,380.82,410.87,383.91,0.1575,25900,100,0.98
279,349.75,350.72,355.03,356.49,356.38,358.82,357.86,360.46,380.91,410.79,384.07,0.1575,25900,100,0.98
280,349.72,350.67,355.01,356.47,356.36,358.81,357.86,360.47,380.97,410.95,384.12,0.1575,25900,100,0.98
281,349.7,350.67,355.0,356.47,356.37,358.81,357.87,360.49,381.03,410.99,384.17,0.1575,25900,100,0.98
282,349.67,350.64,354.99,356.45,356.36,358.8,357.87,360.5,381.08,411.02,384.2,0.1575,25900,100,0.98
283,349.64,350.62,354.97,356.43,356.35,358.79,357.87,360.51,381.15,411.1,384.25,0.1575,25900,100,0.98
284,349.61,350.59,354.95,356.41,356.33,358.78,357.86,360.52,381.2,411.21,384.3,0.1575,25900,100,0.98
285,349.59,350.56,354.94,356.4,356.32,358.78,357.86,360.54,381.24,411.3,384.36,0.1575,25900,100,0.98
286,349.55,350.55,354.92,356.39,356.31,358.77,357.85,360.56,381.28,411.39,384.41,0.1575,25900,100,0.98
287,349.51,350.51,354.9,356.37,356.3,358.77,357.85,360.58,381.37,411.55,384.51,0.1575,25900,100,0.98
288,349.47,350.47,354.87,356.36,356.29,358.76,357.84,360.58,381.46,411.53,384.6,0.1575,25900,100,0.98
289,349.44,350.45,354.84,356.36,356.27,358.75,357.84,360.6,381.5,411.57,384.66,0.1575,25900,100,0.98
290,349.41,350.42,354.84,356.33,356.26,358.74,357.83,360.62,381.55,411.78,384.72,0.1575,25900,100,0.98
291,349.37,350.4,354.82,356.32,356.25,358.73,357.83,360.63,381.6,411.78,384.77,0.1575,25900,100,0.98
292,349.35,350.38,354.81,356.3,356.24,358.74,357.83,360.65,381.67,411.71,384.84,0.1575,25900,100,0.98
293,349.34,350.36,354.81,356.3,356.24,358.73,357.83,360.67,381.71,411.8,384.9,0.1575,25900,100,0.98
294,349.31,350.33,354.78,356.27,356.22,358.72,357.81,360.68,381.76,411.94,384.96,0.1575,25900,100,0.98
295,349.27,350.3,354.76,356.27,356.21,358.7,357.82,360.69,381.82,411.98,385.02,0.1575,25900,100,0.98
296,349.23,350.28,354.75,356.24,356.21,358.7,357.83,360.72,381.91,412.0,385.13,0.1575,25900,100,0.98
297,349.2,350.24,354.73,356.23,356.2,358.69,357.81,360.72,381.98,412.03,385.24,0.1575,25900,100,0.98
298,349.18,350.22,354.72,356.21,356.19,358.68,357.82,360.75,382.04,412.03,385.33,0.1575,25900,100,0.98
299,349.16,350.2,354.7,356.19,356.18,358.66,357.83,360.76,382.1,412.26,385.42,0.1575,25900,100,0.98
300,349.13,350.17,354.68,356.18,356.17,358.67,357.82,360.78,382.15,412.17,385.5,0.1575,25900,100,0.98
301,349.1,350.15,354.68,356.17,356.16,358.67,357.83,360.79,382.21,412.07,385.58,0.1575,25900,100,0.98
302,349.08,350.12,354.66,356.15,356.15,358.66,357.83,360.82,382.24,412.14,385.66,0.1575,25900,100,0.98
303,349.05,350.1,354.64,356.15,356.15,358.66,357.83,360.84,382.31,412.21,385.76,0.1575,25900,100,0.98
304,349.03,350.07,354.64,356.13,356.13,358.64,357.84,360.85,382.36,412.34,385.85,0.1575,25900,100,0.98
305,348.99,350.04,354.6,356.13,356.12,358.64,357.83,360.87,382.45,412.4,385.98,0.1575,25900,100,0.98
306,348.95,350.0,354.58,356.11,356.11,358.63,357.84,360.89,382.54,412.51,386.08,0.1575,25900,100,0.98
307,348.93,349.98,354.57,356.09,356.1,358.62,357.85,360.91,382.58,412.62,386.15,0.1575,25900,100,0.98
308,348.91,349.97,354.56,356.08,356.09,358.61,357.85,360.92,382.64,412.71,386.16,0.1575,25900,100,0.98
309,348.88,349.94,354.54,356.07,356.08,358.61,357.84,360.95,382.69,412.77,386.17,0.1575,25900,100,0.98
310,348.85,349.91,354.52,356.05,356.06,358.6,357.84,360.97,382.74,412.72,386.18,0.1575,25900,100,0.98
311,348.83,349.89,354.51,356.05,356.05,358.61,357.84,360.99,382.78,412.88,386.23,0.1575,25900,100,0.98
312,348.8,349.87,354.49,356.04,356.05,358.6,357.84,361.01,382.83,412.96,386.29,0.1575,25900,100,0.98
313,348.78,349.84,354.47,356.03,356.03,358.6,357.85,361.02,382.89,412.98,386.35,0.1575,25900,100,0.98
314,348.74,349.8,354.44,356.01,356.01,358.59,357.84,361.04,382.96,413.0,386.4,0.1575,25900,100,0.98
315,348.7,349.76,354.42,356.0,355.99,358.58,357.86,361.07,383.04,413.06,386.52,0.1575,25900,100,0.98
316,348.68,349.75,354.4,355.99,356.0,358.57,357.85,361.08,383.09,413.02,386.61,0.1575,25900,100,0.98
317,348.65,349.74,354.39,355.98,355.99,358.57,357.86,361.09,383.14,413.0,386.68,0.1575,25900,100,0.98
318,348.63,349.71,354.38,355.98,355.98,358.56,357.86,361.12,383.2,413.18,386.75,0.1575,25900,100,0.98
319,348.6,349.69,354.37,355.97,355.97,358.56,357.87,361.15,383.25,413.29,386.83,0.1575,25900,100,0.98
320,348.58,349.67,354.35,355.96,355.97,358.55,357.87,361.16,383.3,413.33,386.9,0.1575,25900,100,0.98
321,348.56,349.66,354.32,355.95,355.96,358.55,357.88,361.18,383.35,413.32,386.98,0.1575,25900,100,0.98
322,348.55,349.64,354.32,355.94,355.95,358.53,357.89,361.2,383.41,413.42,387.07,0.1575,25900,100,0.98
323,348.5,349.6,354.28,355.93,355.93,358.54,357.89,361.24,383.49,413.51,387.24,0.1575,25900,100,0.98
324,348.47,349.56,354.27,355.92,355.91,358.54,357.89,361.25,383.56,413.51,387.42,0.1575,25900,100,0.98
325,348.46,349.55,354.25,355.92,355.91,358.54,357.9,361.27,383.62,413.52,387.51,0.1575,25900,100,0.98
326,348.43,349.53,354.23,355.9,355.89,358.52,357.9,361.28,383.67,413.58,387.57,0.1575,25900,100,0.98
327,348.41,349.5,354.23,355.88,355.9,358.52,357.9,361.31,383.73,413.61,387.63,0.1575,25900,100,0.98
328,348.38,349.48,354.21,355.88,355.88,358.51,357.91,361.33,383.78,413.67,387.66,0.1575,25900,100,0.98
329,348.35,349.46,354.19,355.86,355.86,358.51,357.9,361.34,383.83,413.75,387.7,0.1575,25900,100,0.98
330,348.33,349.45,354.18,355.84,355.86,358.5,357.91,361.36,383.87,413.8,387.75,0.1575,25900,100,0.98
331,348.31,349.43,354.17,355.83,355.86,358.5,357.91,361.38,383.92,413.85,387.78,0.1575,25900,100,0.98
332,348.28,349.4,354.14,355.82,355.84,358.49,357.91,361.41,383.99,413.88,387.81,0.1575,25900,100,0.98
333,348.24,349.36,354.11,355.82,355.82,358.49,357.91,361.41,384.07,413.86,387.86,0.1575,25900,100,0.98
334,348.21,349.34,354.1,355.79,355.82,358.47,357.92,361.43,384.11,413.89,387.88,0.1575,25900,100,0.98
335,348.19,349.33,354.09,355.77,355.81,358.47,357.93,361.45,384.16,413.99,387.91,0.1575,25900,100,0.98
336,348.17,349.31,354.08,355.76,355.81,358.47,357.93,361.47,384.2,414.06,387.92,0.1575,25900,100,0.98
337,348.15,349.29,354.06,355.75,355.79,358.46,357.93,361.48,384.24,414.08,387.93,0.1575,25900,100,0.98
338,348.13,349.27,354.05,355.73,355.78,358.45,357.93,361.51,384.28,414.09,387.94,0.1575,25900,100,0.98
339,348.1,349.24,354.03,355.74,355.77,358.45,357.93,361.55,384.32,414.15,387.99,0.1575,25900,100,0.98
340,348.07,349.22,354.01,355.72,355.76,358.44,357.93,361.56,384.36,414.19,388.05,0.1575,25900,100,0.98
341,348.05,349.19,354.0,355.71,355.75,358.45,357.95,361.58,384.44,414.25,388.17,0.1575,25900,100,0.98
342,348.02,349.16,353.98,355.7,355.74,358.45,357.95,361.61,384.51,414.25,388.29,0.1575,25900,100,0.98
343,347.99,349.14,353.95,355.68,355.73,358.45,357.94,361.63,384.57,414.21,388.38,0.1575,25900,100,0.98
344,347.96,349.12,353.95,355.68,355.72,358.44,357.96,361.64,384.62,414.42,388.48,0.1575,25900,100,0.98
345,347.95,349.11,353.94,355.66,355.73,358.44,357.97,361.66,384.67,414.54,388.57,0.1575,25900,100,0.98
346,347.93,349.09,353.93,355.65,355.71,358.43,357.97,361.69,384.73,414.57,388.65,0.1575,25900,100,0.98
347,347.9,349.06,353.91,355.63,355.7,358.42,357.97,361.71,384.77,414.75,388.71,0.1575,25900,100,0.98
348,347.9,349.05,353.9,355.62,355.7,358.42,357.98,361.73,384.82,414.71,388.79,0.1575,25900,100,0.98
349,347.87,349.04,353.89,355.62,355.69,358.42,357.99,361.74,384.88,414.82,388.87,0.1575,25900,100,0.98
350,347.83,349.0,353.87,355.6,355.67,358.42,357.98,361.76,384.95,415.01,388.98,0.1575,25900,100,0.98
351,347.8,348.98,353.85,355.58,355.66,358.41,357.99,361.78,385.01,415.07,389.09,0.1575,25900,100,0.98
352,347.77,348.95,353.83,355.57,355.65,358.41,357.99,361.8,385.06,415.15,389.14,0.1575,25900,100,0.98
353,347.74,348.94,353.82,355.56,355.64,358.41,357.99,361.81,385.12,415.21,389.2,0.1575,25900,100,0.98
354,347.71,348.93,353.8,355.55,355.63,358.41,357.98,361.85,385.16,415.27,389.24,0.1575,25900,100,0.98
355,347.69,348.91,353.79,355.54,355.63,358.4,357.98,361.86,385.2,415.34,389.28,0.1575,25900,100,0.98
356,347.66,348.88,353.77,355.53,355.61,358.39,357.97,361.87,385.23,415.37,389.29,0.1575,25900,100,0.98
357,347.63,348.85,353.75,355.5,355.61,358.38,357.97,361.88,385.29,415.32,389.31,0.1575,25900,100,0.98
358,347.61,348.84,353.76,355.49,355.61,358.38,357.97,361.91,385.33,415.19,389.33,0.1575,25900,100,0.98
359,347.58,348.81,353.72,355.47,355.59,358.37,357.97,361.93,385.39,415.24,389.38,0.1575,25900,100,0.98
360,347.55,348.78,353.7,355.46,355.58,358.37,357.97,361.96,385.47,415.35,389.47,0.1575,25900,100,0.98
361,347.52,348.75,353.69,355.44,355.56,358.37,357.97,361.97,385.5,415.33,389.52,0.1575,25900,100,0.98
362,347.5,348.73,353.68,355.43,355.55,358.36,357.98,361.99,385.55,415.32,389.57,0.1575,25900,100,0.98
363,347.47,348.72,353.66,355.42,355.54,358.36,357.99,362.02,385.59,415.36,389.61,0.1575,25900,100,0.98
364,347.46,348.69,353.65,355.41,355.53,358.35,358.0,362.04,385.65,415.41,389.64,0.1575,25900,100,0.98
365,347.44,348.67,353.64,355.38,355.52,358.34,358.0,362.05,385.69,415.43,389.69,0.1575,25900,100,0.98
366,347.41,348.65,353.61,355.38,355.51,358.34,358.01,362.08,385.73,415.48,389.75,0.1575,25900,100,0.98
367,347.39,348.63,353.6,355.37,355.51,358.33,358.0,362.11,385.78,415.53,389.79,0.1575,25900,100,0.98
368,347.36,348.6,353.59,355.36,355.5,358.33,358.02,362.13,385.85,415.59,389.81,0.1575,25900,100,0.98
369,347.33,348.58,353.56,355.36,355.49,358.32,358.03,362.15,385.91,415.66,389.81,0.1575,25900,100,0.98
370,347.3,348.55,353.55,355.35,355.48,358.32,358.03,362.18,385.96,415.83,389.82,0.1575,25900,100,0.98
371,347.28,348.53,353.53,355.34,355.47,358.31,358.03,362.2,386.0,416.09,389.83,0.1575,25900,100,0.98
372,347.26,348.51,353.5,355.33,355.45,358.31,358.03,362.22,386.02,416.13,389.84,0.1575,25900,100,0.98
373,347.23,348.49,353.49,355.32,355.45,358.31,358.04,362.23,386.07,416.11,389.85,0.1575,25900,100,0.98
374,347.21,348.47,353.49,355.3,355.44,358.3,358.04,362.26,386.12,416.13,389.87,0.1575,25900,100,0.98
375,347.2,348.45,353.47,355.29,355.44,358.3,358.05,362.29,386.17,416.14,389.89,0.1575,25900,100,0.98
376,347.18,348.44,353.46,355.28,355.41,358.3,358.04,362.31,386.2,416.11,389.91,0.1575,25900,100,0.98
377,347.14,348.4,353.43,355.26,355.41,358.29,358.05,362.32,386.28,416.13,390.0,0.1575,25900,100,0.98
378,347.11,348.38,353.43,355.25,355.4,358.29,358.07,362.34,386.35,416.12,390.1,0.1575,25900,100,0.98
379,347.09,348.36,353.41,355.23,355.4,358.28,358.06,362.37,386.39,415.96,390.15,0.1575,25900,100,0.98
380,347.06,348.34,353.39,355.23,355.38,358.28,358.06,362.39,386.44,415.97,390.2,0.1575,25900,100,0.98
381,347.04,348.32,353.38,355.22,355.37,358.28,358.07,362.4,386.49,416.04,390.27,0.1575,25900,100,0.98
382,347.02,348.3,353.37,355.2,355.37,358.28,358.08,362.44,386.54,416.05,390.33,0.1575,25900,100,0.98
383,346.99,348.28,353.34,355.19,355.35,358.28,358.08,362.46,386.58,416.15,390.39,0.1575,25900,100,0.98
384,346.98,348.26,353.35,355.17,355.36,358.27,358.1,362.47,386.64,416.16,390.43,0.1575,25900,100,0.98
385,346.94,348.23,353.32,355.16,355.34,358.28,358.09,362.49,386.68,416.15,390.45,0.1575,25900,100,0.98
386,346.91,348.21,353.31,355.16,355.33,358.27,358.09,362.52,386.74,416.2,390.51,0.1575,25900,100,0.98
387,346.88,348.18,353.29,355.14,355.32,358.27,358.11,362.54,386.82,416.34,390.59,0.1575,25900,100,0.98
388,346.86,348.16,353.28,355.12,355.31,358.26,358.11,362.56,386.85,416.45,390.62,0.1575,25900,100,0.98
389,346.84,348.14,353.25,355.12,355.3,358.26,358.11,362.58,386.89,416.54,390.67,0.1575,25900,100,0.98
390,346.82,348.13,353.24,355.11,355.3,358.26,358.12,362.61,386.93,416.66,390.73,0.1575,25900,100,0.98
391,346.8,348.1,353.22,355.08,355.29,358.25,358.11,362.63,386.97,416.68,390.78,0.1575,25900,100,0.98
392,346.77,348.07,353.21,355.07,355.27,358.25,358.12,362.65,387.02,416.77,390.85,0.1575,25900,100,0.98
393,346.76,348.07,353.21,355.07,355.28,358.24,358.14,362.67,387.07,416.81,390.91,0.1575,25900,100,0.98
394,346.75,348.05,353.2,355.05,355.27,358.24,358.15,362.7,387.11,416.84,390.95,0.1575,25900,100,0.98
395,346.71,348.02,353.17,355.05,355.25,358.24,358.15,362.73,387.18,416.9,390.97,0.1575,25900,100,0.98
396,346.67,347.99,353.15,355.04,355.23,358.24,358.16,362.75,387.24,416.97,391.01,0.1575,25900,100,0.98
397,346.65,347.98,353.14,355.03,355.23,358.23,358.17,362.76,387.28,417.05,391.04,0.1575,25900,100,0.98
398,346.64,347.96,353.13,355.02,355.22,358.23,358.17,362.79,387.33,417.17,391.08,0.1575,25900,100,0.98
399,346.62,347.94,353.11,355.01,355.22,358.23,358.18,362.82,387.36,417.19,391.13,0.1575,25900,100,0.98
400,346.6,347.92,353.1,355.0,355.21,358.23,358.18,362.84,387.41,417.09,391.22,0.1575,25900,100,0.98
401,346.57,347.89,353.08,354.99,355.2,358.22,358.19,362.86,387.46,417.11,391.32,0.1575,25900,100,0.98
402,346.55,347.88,353.06,354.99,355.19,358.22,358.2,362.89,387.51,417.11,391.46,0.1575,25900,100,0.98
403,346.55,347.86,353.05,354.97,355.19,358.2,358.21,362.92,387.55,417.02,391.56,0.1575,25900,100,0.98
404,346.5,347.83,353.02,354.96,355.17,358.2,358.21,362.94,387.61,417.02,391.68,0.1575,25900,100,0.98
405,346.47,347.8,353.0,354.96,355.15,358.2,358.22,362.96,387.69,417.06,391.76,0.1575,25900,100,0.98
406,346.44,347.79,352.99,354.94,355.14,358.19,358.23,362.97,387.74,417.19,391.79,0.1575,25900,100,0.98
407,346.43,347.78,352.98,354.94,355.15,358.19,358.23,363.0,387.78,417.33,391.81,0.1575,25900,100,0.98
408,346.42,347.76,352.97,354.93,355.15,358.19,358.25,363.02,387.82,417.35,391.82,0.1575,25900,100,0.98
409,346.39,347.75,352.95,354.92,355.14,358.19,358.26,363.04,387.84,417.39,391.82,0.1575,25900,100,0.98
410,346.36,347.71,352.92,354.91,355.11,358.19,358.25,363.07,387.88,417.53,391.83,0.1575,25900,100,0.98
411,346.35,347.7,352.92,354.89,355.11,358.18,358.26,363.09,387.93,417.61,391.85,0.1575,25900,100,0.98
412,346.34,347.69,352.9,354.89,355.1,358.18,358.26,363.11,387.96,417.74,391.89,0.1575,25900,100,0.98
413,346.3,347.66,352.89,354.87,355.09,358.18,358.29,363.13,388.03,417.86,391.96,0.1575,25900,100,0.98
414,346.28,347.63,352.86,354.87,355.08,358.18,358.29,363.16,388.08,417.8,392.04,0.1575,25900,100,0.98
415,346.27,347.61,352.85,354.86,355.07,358.18,358.3,363.19,388.12,417.79,392.13,0.1575,25900,100,0.98
416,346.24,347.59,352.83,354.85,355.07,358.17,358.31,363.22,388.17,417.84,392.24,0.1575,25900,100,0.98
417,346.22,347.58,352.82,354.84,355.06,358.18,358.32,363.24,388.22,417.82,392.35,0.1575,25900,100,0.98
418,346.2,347.56,352.81,354.83,355.05,358.17,358.33,363.26,388.26,417.88,392.44,0.1575,25900,100,0.98
419,346.17,347.54,352.79,354.81,355.04,358.17,358.33,363.28,388.31,417.94,392.49,0.1575,25900,100,0.98
420,346.15,347.52,352.77,354.8,355.03,358.17,358.34,363.31,388.34,417.97,392.52,0.1575,25900,100,0.98
421,346.14,347.51,352.76,354.8,355.02,358.17,358.35,363.34,388.39,418.03,392.55,0.1575,25900,100,0.98
422,346.11,347.48,352.75,354.79,355.01,358.18,358.36,363.36,388.45,418.15,392.58,0.1575,25900,100,0.98
423,346.09,347.46,352.73,354.77,355.0,358.18,358.37,363.39,388.5,418.19,392.65,0.1575,25900,100,0.98
424,346.07,347.44,352.72,354.76,354.99,358.17,358.37,363.4,388.54,418.26,392.71,0.1575,25900,100,0.98
425,346.04,347.42,352.7,354.74,354.99,358.16,358.39,363.42,388.57,418.23,392.76,0.1575,25900,100,0.98
426,346.02,347.4,352.69,354.74,354.98,358.16,358.39,363.45,388.63,418.24,392.82,0.1575,25900,100,0.98
427,346.01,347.39,352.68,354.72,354.97,358.17,358.4,363.47,388.68,418.31,392.9,0.1575,25900,100,0.98
428,345.99,347.37,352.67,354.71,354.97,358.16,358.41,363.5,388.71,418.37,392.98,0.1575,25900,100,0.98
429,345.98,347.36,352.66,354.71,354.96,358.17,358.41,363.52,388.75,418.36,393.05,0.1575,25900,100,0.98
430,345.94,347.34,352.64,354.69,354.95,358.16,358.42,363.55,388.8,418.39,393.11,0.1575,25900,100,0.98
431,345.91,347.3,352.61,354.67,354.94,358.15,358.43,363.58,388.86,418.4,393.2,0.1575,25900,100,0.98
432,345.87,347.28,352.59,354.67,354.93,358.16,358.45,363.6,388.92,418.4,393.29,0.1575,25900,100,0.98
433,345.86,347.26,352.59,354.66,354.93,358.16,358.45,363.62,388.97,418.54,393.33,0.1575,25900,100,0.98
434,345.84,347.25,352.58,354.65,354.93,358.15,358.46,363.64,389.01,418.55,393.34,0.1575,25900,100,0.98
435,345.82,347.23,352.57,354.62,354.91,358.15,358.46,363.67,389.05,418.57,393.35,0.1575,25900,100,0.98
436,345.79,347.21,352.55,354.62,354.91,358.15,358.48,363.68,389.08,418.64,393.33,0.1575,25900,100,0.98
437,345.78,347.2,352.54,354.62,354.91,358.15,358.48,363.7,389.12,418.7,393.33,0.1575,25900,100,0.98
438,345.75,347.18,352.53,354.6,354.9,358.15,358.49,363.73,389.15,418.73,393.32,0.1575,25900,100,0.98
439,345.73,347.16,352.51,354.58,354.89,358.15,358.48,363.76,389.18,418.7,393.31,0.1575,25900,100,0.98
440,345.69,347.14,352.49,354.58,354.88,358.15,358.49,363.77,389.23,418.71,393.28,0.1575,25900,100,0.98
441,345.67,347.12,352.48,354.57,354.87,358.15,358.51,363.79,389.29,418.83,393.25,0.1575,25900,100,0.98
442,345.65,347.1,352.47,354.55,354.87,358.14,358.52,363.82,389.33,418.97,393.2,0.1575,25900,100,0.98
443,345.64,347.08,352.46,354.54,354.86,358.14,358.52,363.85,389.35,418.94,393.19,0.1575,25900,100,0.98
444,345.61,347.06,352.43,354.53,354.84,358.15,358.52,363.87,389.39,418.96,393.21,0.1575,25900,100,0.98
445,345.58,347.04,352.42,354.53,354.83,358.15,358.52,363.89,389.43,418.96,393.24,0.1575,25900,100,0.98
446,345.56,347.02,352.41,354.52,354.84,358.15,358.53,363.92,389.47,418.89,393.3,0.1575,25900,100,0.98
447,345.55,347.01,352.4,354.5,354.83,358.14,358.53,363.94,389.5,418.89,393.36,0.1575,25900,100,0.98
448,345.52,346.99,352.39,354.51,354.81,358.15,358.53,363.96,389.55,418.87,393.43,0.1575,25900,100,0.98
449,345.49,346.95,352.36,354.48,354.8,358.14,358.55,363.99,389.62,418.85,393.52,0.1575,25900,100,0.98
450,345.47,346.94,352.36,354.47,354.8,358.14,358.56,364.01,389.68,418.91,393.57,0.1575,25900,100,0.98
451,345.45,346.92,352.34,354.45,354.79,358.14,358.56,364.04,389.7,418.98,393.55,0.1575,25900,100,0.98
452,345.43,346.9,352.33,354.45,354.78,358.14,358.58,364.06,389.75,419.08,393.53,0.1575,25900,100,0.98
453,345.41,346.89,352.31,354.45,354.77,358.14,358.58,364.07,389.77,419.16,393.5,0.1575,25900,100,0.98
454,345.39,346.86,352.29,354.43,354.76,358.13,358.59,364.1,389.81,419.27,393.47,0.1575,25900,100,0.98
455,345.37,346.86,352.29,354.42,354.76,358.13,358.6,364.13,389.84,419.36,393.46,0.1575,25900,100,0.98
456,345.36,346.84,352.28,354.4,354.76,358.13,358.62,364.14,389.88,419.39,393.43,0.1575,25900,100,0.98
457,345.34,346.82,352.26,354.4,354.74,358.13,358.62,364.17,389.91,419.43,393.41,0.1575,25900,100,0.98
458,345.31,346.79,352.24,354.39,354.74,358.13,358.62,364.21,389.96,419.47,393.44,0.1575,25900,100,0.98
459,345.27,346.76,352.23,354.38,354.73,358.13,358.64,364.23,390.02,419.41,393.49,0.1575,25900,100,0.98
460,345.25,346.75,352.21,354.36,354.72,358.13,358.64,364.25,390.06,419.47,393.54,0.1575,25900,100,0.98
461,345.24,346.73,352.2,354.37,354.72,358.14,358.65,364.27,390.1,419.48,393.57,0.1575,25900,100,0.98
462,345.22,346.72,352.19,354.35,354.71,358.14,358.66,364.3,390.14,419.45,393.6,0.1575,25900,100,0.98
463,345.2,346.7,352.17,354.34,354.7,358.13,358.66,364.32,390.18,419.44,393.64,0.1575,25900,100,0.98
464,345.18,346.69,352.16,354.33,354.7,358.13,358.67,364.34,390.21,419.43,393.68,0.1575,25900,100,0.98
465,345.16,346.67,352.15,354.3,354.69,358.13,358.67,364.36,390.25,419.42,393.7,0.1575,25900,100,0.98
466,345.15,346.65,352.14,354.3,354.68,358.13,358.68,364.39,390.28,419.55,393.72,0.1575,25900,100,0.98
467,345.11,346.62,352.1,354.28,354.66,358.12,358.69,364.41,390.32,419.67,393.72,0.1575,25900,100,0.98
468,345.09,346.6,352.1,354.27,354.66,358.12,358.7,364.43,390.38,419.77,393.74,0.1575,25900,100,0.98
469,345.08,346.57,352.09,354.26,354.65,358.12,358.72,364.45,390.41,419.87,393.75,0.1575,25900,100,0.98
470,345.06,346.56,352.07,354.25,354.65,358.12,358.73,364.48,390.44,419.89,393.77,0.1575,25900,100,0.98
471,345.04,346.55,352.06,354.24,354.63,358.12,358.74,364.5,390.47,419.96,393.8,0.1575,25900,100,0.98
472,345.01,346.52,352.04,354.23,354.63,358.11,358.74,364.53,390.5,420.02,393.86,0.1575,25900,100,0.98
473,344.99,346.5,352.02,354.22,354.62,358.12,358.74,364.54,390.54,419.99,393.91,0.1575,25900,100,0.98
474,344.98,346.49,352.01,354.21,354.61,358.11,358.76,364.57,390.59,420.02,394.0,0.1575,25900,100,0.98
475,344.96,346.48,352.0,354.19,354.61,358.11,358.76,364.6,390.62,419.97,394.09,0.1575,25900,100,0.98
476,344.94,346.46,351.98,354.19,354.61,358.1,358.78,364.61,390.68,419.93,394.24,0.1575,25900,100,0.98
477,344.91,346.43,351.96,354.18,354.6,358.11,358.79,364.64,390.75,419.91,394.36,0.1575,25900,100,0.98
478,344.89,346.42,351.95,354.17,354.59,358.11,358.8,364.66,390.78,420.03,394.43,0.1575,25900,100,0.98
479,344.87,346.4,351.94,354.16,354.58,358.11,358.82,364.7,390.83,420.11,394.49,0.1575,25900,100,0.98
480,344.86,346.39,351.93,354.15,354.58,358.1,358.82,364.71,390.86,420.13,394.52,0.1575,25900,100,0.98
481,344.84,346.37,351.91,354.14,354.57,358.1,358.83,364.73,390.9,420.13,394.58,0.1575,25900,100,0.98
482,344.81,346.34,351.9,354.13,354.57,358.11,358.83,364.76,390.93,420.22,394.66,0.1575,25900,100,0.98
483,344.79,346.33,351.88,354.12,354.55,358.1,358.83,364.78,390.97,420.27,394.73,0.1575,25900,100,0.98
484,344.77,346.31,351.86,354.11,354.54,358.11,358.85,364.81,391.01,420.37,394.8,0.1575,25900,100,0.98
485,344.74,346.28,351.85,354.09,354.53,358.1,358.86,364.82,391.07,420.4,394.9,0.1575,25900,100,0.98
486,344.7,346.24,351.83,354.08,354.52,358.1,358.87,364.85,391.11,420.49,394.98,0.1575,25900,100,0.98
487,344.69,346.23,351.81,354.08,354.51,358.1,358.88,364.89,391.15,420.59,395.02,0.1575,25900,100,0.98
488,344.68,346.22,351.8,354.06,354.5,358.1,358.89,364.9,391.2,420.61,395.05,0.1575,25900,100,0.98
489,344.65,346.2,351.78,354.06,354.49,358.11,358.89,364.92,391.23,420.6,395.11,0.1575,25900,100,0.98
490,344.64,346.18,351.78,354.05,354.49,358.11,358.9,364.96,391.28,420.69,395.18,0.1575,25900,100,0.98
491,344.62,346.17,351.75,354.04,354.48,358.1,358.91,364.98,391.31,420.71,395.26,0.1575,25900,100,0.98
492,344.59,346.14,351.74,354.03,354.47,358.09,358.92,365.0,391.35,420.67,395.35,0.1575,25900,100,0.98
493,344.58,346.13,351.72,354.03,354.47,358.1,358.93,365.03,391.39,420.71,395.46,0.1575,25900,100,0.98
494,344.55,346.11,351.71,354.02,354.45,358.1,358.95,365.06,391.45,420.83,395.61,0.1575,25900,100,0.98
495,344.53,346.08,351.69,354.02,354.45,358.1,358.97,365.09,391.51,420.88,395.74,0.1575,25900,100,0.98
496,344.51,346.08,351.68,354.01,354.44,358.1,358.97,365.1,391.55,420.71,395.81,0.1575,25900,100,0.98
497,344.5,346.07,351.67,353.99,354.43,358.1,358.99,365.12,391.59,420.67,395.88,0.1575,25900,100,0.98
498,344.48,346.04,351.65,353.98,354.42,358.09,358.99,365.14,391.62,420.84,395.97,0.1575,25900,100,0.98
499,344.47,346.03,351.64,353.98,354.42,358.09,359.01,365.18,391.65,420.87,396.06,0.1575,25900,100,0.98
500,344.45,346.03,351.62,353.97,354.41,358.09,359.02,365.2,391.69,420.93,396.13,0.1575,25900,100,0.98
501,344.44,346.0,351.6,353.96,354.41,358.09,359.02,365.22,391.72,421.0,396.17,0.1575,25900,100,0.98
502,344.42,345.98,351.61,353.95,354.41,358.09,359.05,365.24,391.77,421.03,396.23,0.1575,25900,100,0.98
503,344.39,345.97,351.58,353.94,354.39,358.09,359.05,365.26,391.81,421.04,396.3,0.1575,25900,100,0.98
504,344.36,345.94,351.56,353.93,354.38,358.09,359.06,365.28,391.86,421.06,396.34,0.1575,25900,100,0.98
505,344.35,345.92,351.55,353.93,354.38,358.1,359.08,365.3,391.89,421.1,396.34,0.1575,25900,100,0.98
506,344.32,345.91,351.53,353.91,354.37,358.09,359.08,365.33,391.93,420.85,396.33,0.1575,25900,100,0.98
507,344.31,345.89,351.52,353.89,354.36,358.09,359.08,365.36,391.95,420.58,396.29,0.1575,25900,100,0.98
508,344.29,345.89,351.51,353.89,354.36,358.1,359.1,365.37,391.98,420.66,396.26,0.1575,25900,100,0.98
509,344.28,345.86,351.5,353.88,354.35,358.1,359.11,365.4,392.01,420.77,396.22,0.1575,25900,100,0.98
510,344.26,345.85,351.5,353.87,354.35,358.1,359.12,365.44,392.04,421.04,396.2,0.1575,25900,100,0.98
511,344.23,345.84,351.47,353.85,354.34,358.1,359.12,365.47,392.07,421.07,396.21,0.1575,25900,100,0.98
512,344.22,345.81,351.46,353.84,354.33,358.1,359.14,365.48,392.12,421.15,396.24,0.1575,25900,100,0.98
513,344.19,345.79,351.44,353.84,354.32,358.11,359.16,365.5,392.17,421.23,396.29,0.1575,25900,100,0.98
514,344.17,345.77,351.42,353.83,354.31,358.11,359.15,365.53,392.2,421.23,396.31,0.1575,25900,100,0.98
515,344.15,345.75,351.4,353.81,354.31,358.1,359.16,365.56,392.23,421.2,396.35,0.1575,25900,100,0.98
516,344.12,345.73,351.4,353.81,354.29,358.11,359.17,365.57,392.26,421.31,396.39,0.1575,25900,100,0.98
517,344.11,345.73,351.38,353.81,354.29,358.1,359.18,365.59,392.29,421.29,396.45,0.1575,25900,100,0.98
518,344.1,345.7,351.37,353.79,354.28,358.11,359.18,365.62,392.32,421.54,396.5,0.1575,25900,100,0.98
519,344.08,345.69,351.35,353.77,354.27,358.1,359.2,365.64,392.36,421.53,396.54,0.1575,25900,100,0.98
520,344.05,345.66,351.34,353.77,354.26,358.1,359.2,365.67,392.39,421.29,396.57,0.1575,25900,100,0.98
521,344.03,345.65,351.31,353.76,354.26,358.1,359.22,365.69,392.44,421.12,396.62,0.1575,25900,100,0.98
522,344.01,345.62,351.3,353.76,354.25,358.1,359.25,365.72,392.48,421.23,396.64,0.1575,25900,100,0.98
523,343.99,345.6,351.29,353.75,354.24,358.11,359.25,365.75,392.5,421.53,396.64,0.1575,25900,100,0.98
524,343.98,345.6,351.28,353.74,354.24,358.1,359.27,365.78,392.55,421.64,396.65,0.1575,25900,100,0.98
525,343.97,345.58,351.28,353.73,354.23,358.11,359.28,365.8,392.58,421.69,396.66,0.1575,25900,100,0.98
526,343.96,345.57,351.26,353.72,354.22,358.11,359.29,365.82,392.61,421.47,396.67,0.1575,25900,100,0.98
527,343.95,345.55,351.25,353.71,354.22,358.12,359.31,365.86,392.63,421.55,396.66,0.1575,25900,100,0.98
528,343.92,345.54,351.24,353.7,354.22,358.12,359.32,365.88,392.67,421.33,396.66,0.1575,25900,100,0.98
529,343.9,345.52,351.22,353.69,354.21,358.12,359.35,365.9,392.71,421.35,396.65,0.1575,25900,100,0.98
530,343.87,345.49,351.21,353.68,354.2,358.13,359.36,365.93,392.75,421.52,396.65,0.1575,25900,100,0.98
531,343.86,345.48,351.2,353.67,354.2,358.12,359.37,365.95,392.79,421.51,396.65,0.1575,25900,100,0.98
532,343.84,345.48,351.19,353.67,354.2,358.13,359.38,365.98,392.81,421.57,396.67,0.1575,25900,100,0.98
533,343.81,345.45,351.16,353.66,354.18,358.15,359.39,366.01,392.83,421.75,396.69,0.1575,25900,100,0.98
534,343.8,345.44,351.16,353.64,354.18,358.14,359.41,366.03,392.88,421.81,396.74,0.1575,25900,100,0.98
535,343.79,345.44,351.16,353.64,354.19,358.14,359.43,366.05,392.91,421.85,396.8,0.1575,25900,100,0.98
536,343.78,345.42,351.13,353.62,354.18,358.15,359.43,366.07,392.94,421.88,396.84,0.1575,25900,100,0.98
537,343.75,345.4,351.12,353.62,354.16,358.15,359.43,366.09,392.97,421.91,396.91,0.1575,25900,100,0.98
538,343.71,345.37,351.1,353.6,354.15,358.14,359.43,366.11,393.01,421.99,397.0,0.1575,25900,100,0.98
539,343.68,345.35,351.07,353.58,354.13,358.14,359.43,366.13,393.07,422.09,397.09,0.1575,25900,100,0.98
540,343.66,345.33,351.06,353.58,354.12,358.14,359.43,366.16,393.11,422.13,397.16,0.1575,25900,100,0.98
541,343.63,345.31,351.05,353.57,354.12,358.15,359.45,366.18,393.14,422.22,397.25,0.1575,25900,100,0.98
542,343.62,345.3,351.04,353.56,354.12,358.14,359.45,366.2,393.18,422.15,397.33,0.1575,25900,100,0.98
543,343.6,345.28,351.04,353.54,354.1,358.14,359.38,366.24,393.22,422.06,397.39,0.1575,25900,100,0.98
544,343.57,345.26,351.01,353.53,354.1,358.14,359.46,366.25,393.26,422.07,397.43,0.1575,25900,100,0.98
545,343.56,345.25,351.01,353.52,354.09,358.15,359.47,366.26,393.3,422.22,397.45,0.1575,25900,100,0.98
546,343.55,345.24,351.0,353.51,354.1,358.14,359.48,366.29,393.34,422.32,397.46,0.1575,25900,100,0.98
547,343.52,345.22,350.99,353.49,354.09,358.14,359.5,366.32,393.4,422.37,397.51,0.1575,25900,100,0.98
548,343.5,345.2,350.96,353.5,354.08,358.14,359.52,366.34,393.45,422.36,397.57,0.1575,25900,100,0.98
549,343.47,345.16,350.94,353.49,354.07,358.15,359.53,366.36,393.48,422.46,397.63,0.1575,25900,100,0.98
550,343.46,345.16,350.94,353.47,354.07,358.14,359.54,366.38,393.52,422.48,397.71,0.1575,25900,100,0.98
551,343.44,345.13,350.91,353.46,354.05,358.15,359.54,366.42,393.54,422.46,397.78,0.1575,25900,100,0.98
552,343.42,345.12,350.91,353.44,354.07,358.15,359.54,366.44,393.58,422.44,397.87,0.1575,25900,100,0.98
553,343.4,345.1,350.9,353.44,354.05,358.15,359.56,366.45,393.6,422.45,397.94,0.1575,25900,100,0.98
554,343.39,345.09,350.88,353.44,354.05,358.16,359.58,366.49,393.65,422.54,398.01,0.1575,25900,100,0.98
555,343.37,345.08,350.88,353.43,354.04,358.18,359.59,366.52,393.67,422.62,398.08,0.1575,25900,100,0.98
556,343.36,345.05,350.86,353.42,354.04,358.16,359.6,366.54,393.71,422.69,398.12,0.1575,25900,100,0.98
557,343.34,345.04,350.85,353.4,354.03,358.15,359.62,366.55,393.76,422.73,398.22,0.1575,25900,100,0.98
558,343.3,345.01,350.82,353.39,354.01,358.15,359.63,366.57,393.82,422.74,398.31,0.1575,25900,100,0.98
559,343.29,345.01,350.81,353.39,354.01,358.16,359.64,366.61,393.86,422.78,398.37,0.1575,25900,100,0.98
560,343.29,345.0,350.81,353.38,354.02,358.17,359.67,366.63,393.88,422.84,398.4,0.1575,25900,100,0.98
561,343.26,344.98,350.79,353.38,354.01,358.17,359.67,366.65,393.92,422.87,398.43,0.1575,25900,100,0.98
562,343.25,344.96,350.77,353.37,354.0,358.16,359.68,366.67,393.94,422.9,398.49,0.1575,25900,100,0.98
563,343.24,344.96,350.77,353.36,353.99,358.17,359.69,366.7,393.98,422.91,398.53,0.1575,25900,100,0.98
564,343.22,344.94,350.75,353.35,353.98,358.16,359.71,366.72,394.01,422.83,398.58,0.1575,25900,100,0.98
565,343.2,344.92,350.73,353.35,353.98,358.16,359.72,366.74,394.05,422.89,398.64,0.1575,25900,100,0.98
566,343.17,344.9,350.71,353.33,353.96,358.16,359.75,366.77,394.09,422.95,398.69,0.1575,25900,100,0.98
567,343.15,344.88,350.7,353.32,353.96,358.17,359.76,366.8,394.13,423.01,398.74,0.1575,25900,100,0.98
568,343.14,344.87,350.69,353.32,353.95,358.18,359.76,366.83,394.16,423.08,398.77,0.1575,25900,100,0.98
569,343.12,344.86,350.67,353.31,353.96,358.17,359.78,366.85,394.18,423.11,398.81,0.1575,25900,100,0.98
570,343.1,344.83,350.66,353.3,353.94,358.18,359.78,366.87,394.2,423.05,398.84,0.1575,25900,100,0.98
571,343.09,344.82,350.65,353.29,353.94,358.18,359.8,366.9,394.23,423.05,398.89,0.1575,25900,100,0.98
572,343.07,344.81,350.63,353.29,353.93,358.18,359.8,366.92,394.27,423.12,398.94,0.1575,25900,100,0.98
573,343.06,344.79,350.62,353.28,353.93,358.17,359.82,366.92,394.3,423.17,398.99,0.1575,25900,100,0.98
574,343.03,344.77,350.61,353.27,353.92,358.19,359.82,366.96,394.32,423.17,399.02,0.1575,25900,100,0.98
575,343.02,344.76,350.59,353.26,353.91,358.18,359.84,367.0,394.37,423.24,399.03,0.1575,25900,100,0.98
576,342.99,344.73,350.58,353.25,353.9,358.19,359.86,367.01,394.41,423.24,399.0,0.1575,25900,100,0.98
577,342.96,344.72,350.56,353.24,353.9,358.19,359.88,367.03,394.44,423.25,399.01,0.1575,25900,100,0.98
578,342.97,344.71,350.56,353.23,353.9,358.2,359.89,367.07,394.46,423.36,399.02,0.1575,25900,100,0.98
579,342.94,344.69,350.54,353.22,353.89,358.21,359.9,367.1,394.5,423.35,399.04,0.1575,25900,100,0.98
580,342.93,344.68,350.54,353.21,353.9,358.21,359.92,367.11,394.53,423.33,399.05,0.1575,25900,100,0.98
581,342.92,344.66,350.52,353.2,353.89,358.2,359.92,367.13,394.55,423.35,399.05,0.1575,25900,100,0.98
582,342.89,344.65,350.51,353.2,353.87,358.21,359.93,367.16,394.58,423.39,399.05,0.1575,25900,100,0.98
583,342.87,344.62,350.49,353.19,353.87,358.21,359.94,367.19,394.63,423.45,399.08,0.1575,25900,100,0.98
584,342.85,344.6,350.47,353.18,353.86,358.21,359.97,367.2,394.68,423.44,399.15,0.1575,25900,100,0.98
585,342.83,344.59,350.45,353.19,353.86,358.22,359.97,367.23,394.72,423.48,399.21,0.1575,25900,100,0.98
586,342.81,344.57,350.44,353.17,353.85,358.22,359.98,367.26,394.73,423.54,399.27,0.1575,25900,100,0.98
587,342.79,344.55,350.43,353.17,353.84,358.23,359.99,367.28,394.77,423.61,399.32,0.1575,25900,100,0.98
588,342.77,344.54,350.41,353.16,353.84,358.23,360.0,367.31,394.8,423.65,399.35,0.1575,25900,100,0.98
589,342.76,344.53,350.41,353.15,353.83,358.23,360.02,367.33,394.84,423.67,399.36,0.1575,25900,100,0.98
590,342.75,344.52,350.4,353.14,353.83,358.24,360.03,367.35,394.86,423.7,399.36,0.1575,25900,100,0.98
591,342.72,344.5,350.38,353.12,353.82,358.23,360.03,367.38,394.9,423.66,399.38,0.1575,25900,100,0.98
592,342.71,344.47,350.37,353.11,353.82,358.23,360.06,367.39,394.95,423.63,399.45,0.1575,25900,100,0.98
593,342.69,344.46,350.36,353.1,353.81,358.24,360.08,367.42,395.0,423.62,399.49,0.1575,25900,100,0.98
594,342.67,344.45,350.34,353.1,353.81,358.25,360.09,367.45,395.03,423.68,399.49,0.1575,25900,100,0.98
595,342.66,344.42,350.33,353.1,353.8,358.25,360.12,367.47,395.05,423.77,399.44,0.1575,25900,100,0.98
596,342.63,344.42,350.32,353.07,353.8,358.25,360.12,367.49,395.08,423.76,399.41,0.1575,25900,100,0.98
597,342.62,344.4,350.31,353.07,353.79,358.26,360.13,367.51,395.1,423.79,399.39,0.1575,25900,100,0.98
598,342.61,344.39,350.3,353.05,353.79,358.26,360.13,367.54,395.12,423.78,399.37,0.1575,25900,100,0.98
599,342.58,344.37,350.28,353.04,353.78,358.27,360.15,367.56,395.14,423.82,399.35,0.1575,25900,100,0.98
600,342.57,344.36,350.27,353.03,353.78,358.27,360.17,367.58,395.17,423.83,399.34,0.1575,25900,100,0.98
601,342.55,344.35,350.26,353.01,353.77,358.27,360.17,367.6,395.2,423.88,399.33,0.1575,25900,100,0.98
602,342.52,344.32,350.24,353.0,353.76,358.27,360.18,367.62,395.23,423.91,399.3,0.1575,25900,100,0.98
603,342.47,344.3,350.22,353.0,353.74,358.29,360.18,367.65,395.25,424.03,399.3,0.1575,25900,100,0.98
604,342.45,344.28,350.21,352.99,353.73,358.28,360.18,367.68,395.28,424.03,399.33,0.1575,25900,100,0.98
605,342.44,344.27,350.19,352.98,353.73,358.28,360.19,367.69,395.32,424.05,399.34,0.1575,25900,100,0.98
606,342.42,344.26,350.19,352.97,353.72,358.29,360.2,367.73,395.35,424.1,399.35,0.1575,25900,100,0.98
607,342.41,344.24,350.17,352.97,353.71,358.3,360.2,367.75,395.37,424.11,399.35,0.1575,25900,100,0.98
608,342.39,344.24,350.16,352.96,353.72,358.3,360.22,367.77,395.41,424.12,399.33,0.1575,25900,100,0.98
609,342.39,344.23,350.16,352.95,353.72,358.29,360.23,367.79,395.44,424.18,399.3,0.1575,25900,100,0.98
610,342.37,344.21,350.15,352.93,353.71,358.31,360.25,367.82,395.49,424.21,399.25,0.1575,25900,100,0.98
611,342.35,344.2,350.13,352.92,353.7,358.3,360.26,367.84,395.52,424.23,399.2,0.1575,25900,100,0.98
612,342.33,344.17,350.12,352.91,353.7,358.3,360.26,367.85,395.55,424.27,399.21,0.1575,25900,100,0.98
613,342.32,344.15,350.11,352.9,353.68,358.31,360.28,367.88,395.57,424.27,399.22,0.1575,25900,100,0.98
614,342.29,344.13,350.09,352.89,353.67,358.32,360.28,367.92,395.6,424.33,399.25,0.1575,25900,100,0.98
615,342.28,344.11,350.08,352.88,353.66,358.32,360.29,367.95,395.63,424.27,399.28,0.1575,25900,100,0.98
616,342.26,344.09,350.06,352.87,353.66,358.33,360.3,367.97,395.65,424.22,399.34,0.1575,25900,100,0.98
617,342.24,344.08,350.04,352.87,353.65,358.32,360.32,367.99,395.68,424.21,399.42,0.1575,25900,100,0.98
618,342.22,344.06,350.03,352.85,353.65,358.33,360.33,368.01,395.71,424.23,399.49,0.1575,25900,100,0.98
619,342.21,344.05,350.02,352.84,353.65,358.33,360.36,368.04,395.76,424.24,399.55,0.1575,25900,100,0.98
620,342.19,344.03,350.0,352.85,353.64,358.32,360.37,368.05,395.81,424.27,399.59,0.1575,25900,100,0.98
621,342.18,344.02,349.99,352.84,353.64,358.33,360.39,368.08,395.83,424.34,399.6,0.1575,25900,100,0.98
622,342.16,344.01,349.98,352.83,353.64,358.33,360.4,368.1,395.86,424.43,399.61,0.1575,25900,100,0.98
623,342.14,344.0,349.96,352.81,353.64,358.33,360.43,368.12,395.89,424.46,399.63,0.1575,25900,100,0.98
624,342.14,343.99,349.95,352.82,353.63,358.33,360.43,368.14,395.92,424.49,399.64,0.1575,25900,100,0.98
625,342.12,343.97,349.95,352.82,353.64,358.33,360.45,368.17,395.94,424.49,399.66,0.1575,25900,100,0.98
626,342.11,343.96,349.93,352.81,353.62,358.34,360.46,368.2,395.97,424.55,399.67,0.1575,25900,100,0.98
627,342.1,343.95,349.92,352.8,353.63,358.34,360.47,368.23,396.0,424.61,399.71,0.1575,25900,100,0.98
628,342.08,343.93,349.9,352.8,353.62,358.35,360.48,368.24,396.02,424.52,399.75,0.1575,25900,100,0.98
629,342.06,343.91,349.89,352.8,353.6,358.35,360.51,368.27,396.05,424.57,399.83,0.1575,25900,100,0.98
630,342.04,343.89,349.88,352.79,353.6,358.36,360.53,368.29,396.08,424.68,399.88,0.1575,25900,100,0.98
631,342.03,343.88,349.85,352.77,353.59,358.37,360.54,368.32,396.11,424.7,399.88,0.1575,25900,100,0.98
632,342.01,343.86,349.85,352.76,353.59,358.36,360.55,368.35,396.15,424.7,399.88,0.1575,25900,100,0.98
633,341.99,343.85,349.83,352.76,353.58,358.37,360.56,368.37,396.16,424.76,399.87,0.1575,25900,100,0.98
634,341.98,343.82,349.82,352.75,353.57,358.38,360.58,368.39,396.19,424.77,399.86,0.1575,25900,100,0.98
635,341.96,343.83,349.82,352.73,353.58,358.38,360.6,368.42,396.22,424.76,399.86,0.1575,25900,100,0.98
636,341.95,343.81,349.81,352.72,353.59,358.38,360.6,368.44,396.25,424.79,399.86,0.1575,25900,100,0.98
637,341.92,343.79,349.79,352.71,353.57,358.39,360.63,368.45,396.29,424.78,399.88,0.1575,25900,100,0.98
638,341.9,343.77,349.77,352.71,353.57,358.39,360.65,368.48,396.32,424.75,399.9,0.1575,25900,100,0.98
639,341.88,343.76,349.76,352.7,353.56,358.39,360.66,368.51,396.36,424.71,399.93,0.1575,25900,100,0.98
640,341.87,343.73,349.75,352.69,353.56,358.4,360.66,368.53,396.37,424.75,399.97,0.1575,25900,100,0.98
641,341.87,343.73,349.74,352.69,353.56,358.4,360.68,368.55,396.4,424.72,400.0,0.1575,25900,100,0.98
642,341.85,343.72,349.73,352.67,353.55,358.41,360.69,368.58,396.44,424.72,400.02,0.1575,25900,100,0.98
643,341.84,343.7,349.72,352.66,353.55,358.41,360.71,368.6,396.45,424.74,400.02,0.1575,25900,100,0.98
644,341.82,343.69,349.71,352.66,353.55,358.41,360.72,368.63,396.48,424.83,399.99,0.1575,25900,100,0.98
645,341.8,343.67,349.7,352.65,353.54,358.42,360.72,368.64,396.51,424.84,399.97,0.1575,25900,100,0.98
646,341.79,343.67,349.68,352.65,353.54,358.43,360.74,368.67,396.52,424.81,399.93,0.1575,25900,100,0.98
647,341.77,343.64,349.67,352.64,353.53,358.42,360.75,368.7,396.56,424.79,399.88,0.1575,25900,100,0.98
648,341.75,343.62,349.66,352.64,353.52,358.44,360.78,368.73,396.6,424.97,399.83,0.1575,25900,100,0.98
649,341.74,343.6,349.65,352.63,353.52,358.43,360.79,368.74,396.63,425.0,399.79,0.1575,25900,100,0.98
650,341.73,343.6,349.64,352.62,353.51,358.44,360.8,368.77,396.65,424.86,399.76,0.1575,25900,100,0.98
651,341.71,343.59,349.63,352.6,353.51,358.44,360.81,368.8,396.67,424.72,399.75,0.1575,25900,100,0.98
652,341.68,343.57,349.6,352.6,353.5,358.44,360.81,368.81,396.69,424.75,399.73,0.1575,25900,100,0.98
653,341.67,343.56,349.61,352.59,353.5,358.45,360.82,368.83,396.71,424.71,399.69,0.1575,25900,100,0.98
654,341.66,343.54,349.59,352.59,353.5,358.46,360.83,368.86,396.74,424.76,399.66,0.1575,25900,100,0.98
655,341.64,343.52,349.58,352.58,353.49,358.47,360.86,368.9,396.77,425.06,399.63,0.1575,25900,100,0.98
656,341.62,343.5,349.56,352.57,353.48,358.47,360.87,368.91,396.8,425.1,399.63,0.1575,25900,100,0.98
657,341.6,343.5,349.55,352.57,353.48,358.47,360.89,368.92,396.83,424.99,399.63,0.1575,25900,100,0.98
658,341.58,343.47,349.53,352.55,353.47,358.48,360.9,368.96,396.85,425.04,399.64,0.1575,25900,100,0.98
659,341.56,343.46,349.52,352.55,353.47,358.49,360.92,368.99,396.89,425.02,399.69,0.1575,25900,100,0.98
660,341.55,343.45,349.51,352.54,353.47,358.49,360.92,369.01,396.91,425.02,399.75,0.1575,25900,100,0.98
661,341.54,343.44,349.5,352.54,353.46,358.49,360.94,369.03,396.93,425.05,399.82,0.1575,25900,100,0.98
662,341.52,343.44,349.49,352.53,353.46,358.5,360.95,369.06,396.97,425.28,399.88,0.1575,25900,100,0.98
663,341.52,343.42,349.48,352.52,353.46,358.51,360.96,369.08,396.99,425.23,399.92,0.1575,25900,100,0.98
664,341.5,343.41,349.47,352.52,353.45,358.51,360.97,369.11,397.02,425.16,399.96,0.1575,25900,100,0.98
665,341.48,343.4,349.46,352.52,353.45,358.51,360.99,369.12,397.07,425.37,400.01,0.1575,25900,100,0.98
666,341.46,343.38,349.44,352.5,353.43,358.51,361.0,369.14,397.11,425.29,400.06,0.1575,25900,100,0.98
667,341.45,343.36,349.43,352.5,353.43,358.52,361.01,369.17,397.15,425.1,400.12,0.1575,25900,100,0.98
668,341.42,343.35,349.41,352.49,353.43,358.52,361.02,369.19,397.18,425.31,400.18,0.1575,25900,100,0.98
669,341.42,343.34,349.4,352.49,353.41,358.53,361.03,369.21,397.2,425.34,400.23,0.1575,25900,100,0.98
670,341.4,343.33,349.39,352.47,353.42,358.53,361.04,369.23,397.23,425.3,400.29,0.1575,25900,100,0.98
671,341.38,343.32,349.38,352.46,353.41,358.53,361.05,369.26,397.25,425.26,400.31,0.1575,25900,100,0.98
672,341.37,343.31,349.37,352.45,353.42,358.53,361.06,369.27,397.28,425.37,400.33,0.1575,25900,100,0.98
673,341.35,343.3,349.36,352.45,353.4,358.54,361.08,369.3,397.32,425.49,400.35,0.1575,25900,100,0.98
674,341.32,343.27,349.33,352.44,353.39,358.54,361.11,369.33,397.35,425.62,400.37,0.1575,25900,100,0.98
675,341.31,343.26,349.32,352.43,353.39,358.56,361.11,369.36,397.38,425.64,400.4,0.1575,25900,100,0.98
676,341.3,343.25,349.31,352.42,353.39,358.56,361.13,369.37,397.41,425.65,400.42,0.1575,25900,100,0.98
677,341.29,343.24,349.3,352.41,353.38,358.56,361.13,369.4,397.43,425.56,400.45,0.1575,25900,100,0.98
678,341.27,343.22,349.29,352.4,353.37,358.57,361.15,369.42,397.46,425.54,400.47,0.1575,25900,100,0.98
679,341.26,343.22,349.28,352.4,353.38,358.57,361.16,369.44,397.47,425.58,400.48,0.1575,25900,100,0.98
680,341.25,343.2,349.27,352.39,353.38,358.58,361.17,369.47,397.5,425.56,400.54,0.1575,25900,100,0.98
681,341.23,343.19,349.26,352.38,353.37,358.57,361.19,369.47,397.55,425.51,400.59,0.1575,25900,100,0.98
682,341.22,343.18,349.25,352.37,353.37,358.58,361.2,369.51,397.57,425.49,400.68,0.1575,25900,100,0.98
683,341.19,343.16,349.23,352.35,353.36,358.58,361.22,369.53,397.62,425.53,400.75,0.1575,25900,100,0.98
684,341.17,343.13,349.21,352.35,353.35,358.6,361.22,369.56,397.66,425.58,400.78,0.1575,25900,100,0.98
685,341.16,343.13,349.2,352.34,353.34,358.59,361.24,369.57,397.68,425.71,400.77,0.1575,25900,100,0.98
686,341.14,343.1,349.19,352.33,353.33,358.6,361.25,369.6,397.71,425.76,400.78,0.1575,25900,100,0.98
687,341.13,343.09,349.18,352.31,353.33,358.6,361.27,369.62,397.74,425.79,400.79,0.1575,25900,100,0.98
688,341.11,343.08,349.16,352.32,353.32,358.61,361.27,369.64,397.76,425.85,400.8,0.1575,25900,100,0.98
689,341.1,343.06,349.15,352.31,353.31,358.61,361.28,369.66,397.78,425.88,400.81,0.1575,25900,100,0.98
690,341.08,343.06,349.14,352.31,353.31,358.62,361.31,369.69,397.81,425.89,400.83,0.1575,25900,100,0.98
691,341.07,343.04,349.12,352.3,353.31,358.63,361.31,369.72,397.85,425.97,400.88,0.1575,25900,100,0.98
692,341.04,343.02,349.11,352.29,353.31,358.63,361.33,369.73,397.88,426.04,400.98,0.1575,25900,100,0.98
693,341.02,343.0,349.1,352.28,353.31,358.63,361.35,369.75,397.89,426.07,401.06,0.1575,25900,100,0.98
694,341.02,343.0,349.09,352.27,353.3,358.63,361.36,369.78,397.92,426.0,401.15,0.1575,25900,100,0.98
695,341.01,342.99,349.07,352.26,353.3,358.64,361.37,369.8,397.94,426.03,401.22,0.1575,25900,100,0.98
696,340.99,342.98,349.06,352.25,353.29,358.65,361.39,369.82,397.96,426.09,401.29,0.1575,25900,100,0.98
697,340.99,342.96,349.05,352.25,353.29,358.65,361.4,369.85,398.0,426.13,401.36,0.1575,25900,100,0.98
698,340.98,342.95,349.04,352.24,353.28,358.65,361.41,369.87,398.02,426.2,401.41,0.1575,25900,100,0.98
699,340.95,342.94,349.03,352.23,353.28,358.67,361.43,369.9,398.04,426.24,401.48,0.1575,25900,100,0.98
700,340.94,342.92,349.02,352.23,353.27,358.68,361.44,369.91,398.08,426.26,401.58,0.1575,25900,100,0.98
701,340.91,342.91,349.0,352.22,353.26,358.67,361.46,369.92,398.11,426.27,401.65,0.1575,25900,100,0.98
702,340.89,342.88,348.98,352.21,353.25,358.68,361.47,369.96,398.13,426.31,401.69,0.1575,25900,100,0.98
703,340.87,342.87,348.97,352.2,353.25,358.69,361.48,369.98,398.16,426.33,401.74,0.1575,25900,100,0.98
704,340.88,342.87,348.96,352.19,353.26,358.7,361.51,370.0,398.2,426.33,401.78,0.1575,25900,100,0.98
705,340.85,342.86,348.95,352.18,353.24,358.69,361.51,370.02,398.21,426.31,401.8,0.1575,25900,100,0.98
706,340.85,342.85,348.95,352.18,353.25,358.71,361.52,370.05,398.24,426.38,401.81,0.1575,25900,100,0.98
707,340.83,342.83,348.93,352.16,353.23,358.71,361.53,370.07,398.27,426.38,401.81,0.1575,25900,100,0.98
708,340.81,342.83,348.91,352.15,353.23,358.71,361.54,370.09,398.29,426.28,401.81,0.1575,25900,100,0.98
709,340.79,342.81,348.9,352.14,353.23,358.72,361.56,370.1,398.32,426.21,401.83,0.1575,25900,100,0.98
710,340.77,342.8,348.88,352.13,353.23,358.72,361.59,370.14,398.37,426.25,401.81,0.1575,25900,100,0.98
711,340.76,342.79,348.88,352.12,353.22,358.72,361.6,370.15,398.38,426.32,401.78,0.1575,25900,100,0.98
712,340.75,342.78,348.87,352.11,353.23,358.73,361.62,370.17,398.42,426.39,401.74,0.1575,25900,100,0.98
713,340.73,342.76,348.86,352.11,353.22,358.74,361.63,370.2,398.44,426.43,401.7,0.1575,25900,100,0.98
714,340.72,342.75,348.84,352.1,353.21,358.74,361.64,370.23,398.45,426.45,401.68,0.1575,25900,100,0.98
715,340.71,342.74,348.83,352.08,353.21,358.74,361.64,370.25,398.48,426.4,401.68,0.1575,25900,100,0.98
716,340.69,342.73,348.83,352.08,353.21,358.75,361.66,370.27,398.5,426.32,401.72,0.1575,25900,100,0.98
717,340.67,342.72,348.81,352.08,353.2,358.76,361.68,370.3,398.52,426.21,401.76,0.1575,25900,100,0.98
718,340.66,342.7,348.8,352.06,353.2,358.77,361.69,370.33,398.56,426.17,401.82,0.1575,25900,100,0.98
719,340.64,342.68,348.78,352.05,353.19,358.77,361.71,370.34,398.59,426.15,401.85,0.1575,25900,100,0.98
720,340.62,342.66,348.77,352.04,353.19,358.76,361.73,370.35,398.62,426.17,401.86,0.1575,25900,100,0.98
721,340.61,342.66,348.77,352.03,353.2,358.76,361.74,370.37,398.66,426.23,401.87,0.1575,25900,100,0.98
722,340.59,342.65,348.76,352.03,353.2,358.78,361.76,370.4,398.68,426.29,401.87,0.1575,25900,100,0.98
723,340.59,342.64,348.75,352.02,353.19,358.78,361.77,370.43,398.71,426.36,401.9,0.1575,25900,100,0.98
724,340.58,342.62,348.74,352.01,353.17,358.78,361.77,370.45,398.73,426.41,401.91,0.1575,25900,100,0.98
725,340.56,342.61,348.72,352.01,353.18,358.79,361.78,370.46,398.76,426.39,401.96,0.1575,25900,100,0.98
726,340.54,342.59,348.72,352.0,353.17,358.8,361.8,370.49,398.78,426.28,402.04,0.1575,25900,100,0.98
727,340.52,342.58,348.69,352.0,353.17,358.81,361.82,370.52,398.82,426.22,402.16,0.1575,25900,100,0.98
728,340.5,342.56,348.68,351.99,353.17,358.81,361.83,370.54,398.86,426.19,402.26,0.1575,25900,100,0.98
729,340.48,342.54,348.66,351.97,353.15,358.81,361.84,370.55,398.88,426.22,402.31,0.1575,25900,100,0.98
730,340.46,342.52,348.65,351.97,353.15,358.82,361.85,370.58,398.91,426.24,402.33,0.1575,25900,100,0.98
731,340.46,342.53,348.64,351.96,353.15,358.83,361.86,370.61,398.94,426.37,402.34,0.1575,25900,100,0.98
732,340.43,342.5,348.64,351.96,353.15,358.83,361.87,370.63,398.96,426.48,402.33,0.1575,25900,100,0.98
733,340.42,342.5,348.62,351.96,353.15,358.84,361.87,370.64,398.97,426.55,402.32,0.1575,25900,100,0.98
734,340.4,342.48,348.6,351.94,353.14,358.85,361.87,370.67,398.98,426.53,402.35,0.1575,25900,100,0.98
735,340.39,342.47,348.6,351.94,353.14,358.85,361.89,370.7,399.0,426.57,402.38,0.1575,25900,100,0.98
736,340.36,342.45,348.58,351.93,353.13,358.85,361.91,370.71,399.04,426.68,402.43,0.1575,25900,100,0.98
737,340.34,342.43,348.56,351.92,353.12,358.86,361.92,370.73,399.06,426.75,402.48,0.1575,25900,100,0.98
738,340.32,342.42,348.56,351.91,353.13,358.86,361.93,370.74,399.09,426.74,402.52,0.1575,25900,100,0.98
739,340.31,342.41,348.55,351.9,353.12,358.87,361.95,370.77,399.11,426.63,402.56,0.1575,25900,100,0.98
740,340.3,342.39,348.54,351.89,353.12,358.88,361.96,370.79,399.14,426.58,402.61,0.1575,25900,100,0.98
741,340.29,342.38,348.53,351.89,353.12,358.88,361.98,370.81,399.18,426.57,402.67,0.1575,25900,100,0.98
742,340.27,342.37,348.52,351.89,353.11,358.89,361.98,370.84,399.19,426.69,402.71,0.1575,25900,100,0.98
743,340.25,342.36,348.51,351.87,353.12,358.89,362.0,370.85,399.22,426.82,402.77,0.1575,25900,100,0.98
744,340.25,342.35,348.5,351.87,353.12,358.9,362.0,370.88,399.25,426.87,402.81,0.1575,25900,100,0.98
745,340.22,342.33,348.49,351.86,353.11,358.91,362.02,370.91,399.29,426.92,402.89,0.1575,25900,100,0.98
746,340.19,342.31,348.47,351.85,353.11,358.91,362.04,370.92,399.33,426.96,402.97,0.1575,25900,100,0.98
747,340.19,342.3,348.46,351.84,353.11,358.91,362.04,370.94,399.34,427.01,403.01,0.1575,25900,100,0.98
748,340.17,342.29,348.45,351.83,353.1,358.91,362.05,370.96,399.36,427.02,403.04,0.1575,25900,100,0.98
749,340.15,342.28,348.44,351.82,353.1,358.92,362.07,370.98,399.39,427.04,403.08,0.1575,25900,100,0.98
750,340.15,342.27,348.43,351.81,353.09,358.92,362.08,371.01,399.42,427.1,403.11,0.1575,25900,100,0.98
751,340.13,342.25,348.42,351.8,353.1,358.93,362.09,371.03,399.44,427.09,403.12,0.1575,25900,100,0.98
752,340.12,342.24,348.41,351.79,353.09,358.93,362.1,371.04,399.45,427.09,403.12,0.1575,25900,100,0.98
753,340.1,342.22,348.4,351.79,353.08,358.94,362.1,371.05,399.47,427.14,403.14,0.1575,25900,100,0.98
754,340.07,342.19,348.37,351.78,353.07,358.95,362.12,371.09,399.51,427.19,403.14,0.1575,25900,100,0.98
755,340.05,342.16,348.36,351.76,353.06,358.96,362.14,371.12,399.54,427.25,403.14,0.1575,25900,100,0.98
756,340.04,342.16,348.35,351.76,353.06,358.95,362.16,371.13,399.56,427.27,403.14,0.1575,25900,100,0.98
757,340.02,342.15,348.34,351.75,353.06,358.96,362.17,371.15,399.58,427.24,403.13,0.1575,25900,100,0.98
758,340.01,342.13,348.31,351.74,353.06,358.96,362.18,371.17,399.61,427.17,403.13,0.1575,25900,100,0.98
759,339.99,342.12,348.31,351.74,353.05,358.97,362.19,371.2,399.63,427.27,403.11,0.1575,25900,100,0.98
760,339.99,342.11,348.31,351.74,353.05,358.98,362.21,371.22,399.65,427.32,403.11,0.1575,25900,100,0.98
761,339.96,342.09,348.3,351.72,353.04,358.98,362.22,371.23,399.67,427.4,403.08,0.1575,25900,100,0.98
762,339.96,342.09,348.29,351.72,353.05,358.99,362.24,371.27,399.7,427.43,403.07,0.1575,25900,100,0.98
763,339.94,342.07,348.28,351.7,353.05,358.99,362.26,371.29,399.73,427.44,403.02,0.1575,25900,100,0.98
764,339.93,342.06,348.27,351.7,353.05,359.0,362.28,371.31,399.76,427.42,403.0,0.1575,25900,100,0.98
765,339.92,342.05,348.26,351.69,353.05,359.01,362.3,371.32,399.78,427.41,402.99,0.1575,25900,100,0.98
766,339.9,342.04,348.24,351.68,353.04,359.01,362.3,371.35,399.79,427.43,402.97,0.1575,25900,100,0.98
767,339.89,342.02,348.23,351.68,353.03,359.03,362.31,371.38,399.81,427.43,402.97,0.1575,25900,100,0.98
768,339.88,342.02,348.22,351.68,353.03,359.03,362.32,371.4,399.84,427.41,402.99,0.1575,25900,100,0.98
769,339.87,342.01,348.22,351.68,353.04,359.03,362.35,371.41,399.87,427.35,403.01,0.1575,25900,100,0.98
770,339.85,342.0,348.2,351.67,353.03,359.05,362.35,371.44,399.88,427.35,403.04,0.1575,25900,100,0.98
771,339.84,341.99,348.2,351.66,353.04,359.04,362.37,371.48,399.91,427.41,403.06,0.1575,25900,100,0.98
772,339.82,341.97,348.18,351.66,353.03,359.06,362.39,371.49,399.94,427.4,403.07,0.1575,25900,100,0.98
773,339.79,341.95,348.17,351.64,353.02,359.06,362.4,371.5,399.96,427.37,403.06,0.1575,25900,100,0.98
774,339.78,341.92,348.15,351.63,353.01,359.06,362.41,371.53,399.99,427.5,403.06,0.1575,25900,100,0.98
775,339.77,341.92,348.15,351.62,353.02,359.07,362.44,371.55,400.01,427.58,403.07,0.1575,25900,100,0.98
776,339.76,341.91,348.15,351.61,353.02,359.08,362.46,371.57,400.04,427.62,403.09,0.1575,25900,100,0.98
777,339.74,341.88,348.12,351.61,353.01,359.07,362.45,371.59,400.05,427.66,403.1,0.1575,25900,100,0.98
778,339.73,341.86,348.11,351.59,353.01,359.08,362.47,371.61,400.08,427.7,403.14,0.1575,25900,100,0.98
779,339.71,341.85,348.11,351.58,353.01,359.09,362.49,371.65,400.1,427.74,403.19,0.1575,25900,100,0.98
780,339.71,341.84,348.1,351.58,353.0,359.09,362.5,371.66,400.12,427.79,403.23,0.1575,25900,100,0.98
781,339.7,341.83,348.09,351.57,353.0,359.1,362.51,371.67,400.14,427.84,403.25,0.1575,25900,100,0.98
782,339.67,341.81,348.07,351.56,352.99,359.09,362.53,371.7,400.19,427.93,403.34,0.1575,25900,100,0.98
783,339.65,341.79,348.05,351.56,352.99,359.11,362.54,371.72,400.22,427.98,403.44,0.1575,25900,100,0.98
784,339.63,341.77,348.03,351.55,352.98,359.11,362.55,371.75,400.24,428.02,403.53,0.1575,25900,100,0.98
785,339.62,341.76,348.02,351.54,352.98,359.11,362.56,371.75,400.26,428.02,403.59,0.1575,25900,100,0.98
786,339.61,341.75,348.01,351.54,352.98,359.12,362.58,371.78,400.28,428.02,403.65,0.1575,25900,100,0.98
787,339.6,341.74,347.99,351.54,352.97,359.12,362.59,371.8,400.31,428.0,403.71,0.1575,25900,100,0.98
788,339.58,341.73,347.99,351.54,352.97,359.13,362.61,371.82,400.33,428.01,403.77,0.1575,25900,100,0.98
789,339.57,341.71,347.97,351.54,352.97,359.14,362.62,371.85,400.35,427.96,403.85,0.1575,25900,100,0.98
790,339.56,341.7,347.96,351.53,352.97,359.13,362.64,371.86,400.38,427.97,403.94,0.1575,25900,100,0.98
791,339.54,341.69,347.94,351.52,352.96,359.14,362.66,371.89,400.42,428.01,404.04,0.1575,25900,100,0.98
792,339.53,341.68,347.94,351.52,352.98,359.15,362.69,371.91,400.45,428.06,404.08,0.1575,25900,100,0.98
793,339.53,341.67,347.93,351.52,352.97,359.16,362.7,371.93,400.47,428.06,404.12,0.1575,25900,100,0.98
794,339.51,341.66,347.92,351.51,352.97,359.16,362.71,371.96,400.48,428.09,404.14,0.1575,25900,100,0.98
795,339.49,341.64,347.9,351.51,352.97,359.17,362.73,371.98,400.5,428.14,404.16,0.1575,25900,100,0.98
796,339.49,341.63,347.9,351.5,352.96,359.17,362.74,372.0,400.53,428.15,404.17,0.1575,25900,100,0.98
797,339.48,341.62,347.89,351.5,352.95,359.19,362.75,372.03,400.54,428.13,404.19,0.1575,25900,100,0.98
798,339.46,341.6,347.87,351.49,352.95,359.2,362.78,372.05,400.57,428.15,404.2,0.1575,25900,100,0.98
799,339.45,341.59,347.87,351.48,352.96,359.21,362.8,372.07,400.59,428.19,404.19,0.1575,25900,100,0.98
800,339.43,341.58,347.85,351.47,352.95,359.21,362.82,372.09,400.63,428.18,404.19,0.1575,25900,100,0.98
801,339.42,341.57,347.85,351.48,352.94,359.22,362.82,372.11,400.64,428.2,404.21,0.1575,25900,100,0.98
802,339.41,341.55,347.83,351.46,352.95,359.22,362.84,372.13,400.67,428.16,404.24,0.1575,25900,100,0.98
803,339.4,341.55,347.82,351.46,352.94,359.23,362.86,372.15,400.69,428.12,404.26,0.1575,25900,100,0.98
804,339.38,341.54,347.81,351.44,352.94,359.23,362.87,372.17,400.71,428.13,404.25,0.1575,25900,100,0.98
805,339.36,341.53,347.81,351.44,352.94,359.24,362.88,372.19,400.72,428.15,404.23,0.1575,25900,100,0.98
806,339.36,341.52,347.8,351.43,352.95,359.25,362.9,372.22,400.75,428.22,404.22,0.1575,25900,100,0.98
807,339.35,341.51,347.81,351.43,352.95,359.27,362.91,372.25,400.77,428.26,404.18,0.1575,25900,100,0.98
808,339.33,341.49,347.78,351.42,352.94,359.26,362.93,372.26,400.79,428.24,404.17,0.1575,25900,100,0.98
809,339.31,341.47,347.76,351.42,352.94,359.27,362.94,372.28,400.82,428.27,404.21,0.1575,25900,100,0.98
810,339.3,341.48,347.77,351.41,352.95,359.28,362.97,372.31,400.85,428.24,404.22,0.1575,25900,100,0.98
811,339.29,341.46,347.75,351.4,352.94,359.29,362.98,372.33,400.86,428.25,404.18,0.1575,25900,100,0.98
812,339.27,341.45,347.74,351.4,352.94,359.29,362.98,372.35,400.88,428.24,404.15,0.1575,25900,100,0.98
813,339.25,341.42,347.72,351.39,352.93,359.31,362.99,372.38,400.89,428.29,404.11,0.1575,25900,100,0.98
814,339.24,341.42,347.72,351.38,352.92,359.31,363.01,372.4,400.91,428.34,404.06,0.1575,25900,100,0.98
815,339.22,341.4,347.7,351.37,352.91,359.32,363.01,372.42,400.93,428.37,404.03,0.1575,25900,100,0.98
816,339.21,341.39,347.69,351.39,352.91,359.33,363.03,372.44,400.95,428.4,403.99,0.1575,25900,100,0.98
817,339.19,341.38,347.67,351.37,352.91,359.34,363.05,372.46,400.97,428.44,403.95,0.1575,25900,100,0.98
818,339.18,341.37,347.66,351.36,352.91,359.34,363.07,372.47,400.99,428.44,403.91,0.1575,25900,100,0.98
819,339.17,341.37,347.66,351.35,352.91,359.36,363.09,372.5,401.01,428.46,403.88,0.1575,25900,100,0.98
820,339.15,341.35,347.64,351.34,352.9,359.36,363.1,372.52,401.03,428.44,403.86,0.1575,25900,100,0.98
821,339.14,341.33,347.64,351.34,352.9,359.37,363.11,372.55,401.04,428.46,403.83,0.1575,25900,100,0.98
822,339.13,341.32,347.62,351.32,352.9,359.37,363.11,372.57,401.06,428.48,403.83,0.1575,25900,100,0.98
823,339.1,341.32,347.62,351.33,352.89,359.37,363.13,372.58,401.07,428.53,403.83,0.1575,25900,100,0.98
824,339.09,341.3,347.61,351.32,352.89,359.39,363.14,372.6,401.09,428.54,403.82,0.1575,25900,100,0.98
825,339.07,341.29,347.6,351.3,352.88,359.39,363.16,372.61,401.1,428.57,403.81,0.1575,25900,100,0.98
826,339.05,341.27,347.58,351.3,352.89,359.4,363.17,372.64,401.14,428.68,403.83,0.1575,25900,100,0.98
827,339.03,341.26,347.57,351.29,352.89,359.42,363.19,372.66,401.16,428.69,403.86,0.1575,25900,100,0.98
828,339.02,341.24,347.55,351.29,352.87,359.42,363.19,372.68,401.17,428.7,403.89,0.1575,25900,100,0.98
829,339.0,341.24,347.54,351.28,352.87,359.42,363.2,372.69,401.19,428.73,403.92,0.1575,25900,100,0.98
830,338.99,341.22,347.54,351.26,352.87,359.43,363.21,372.71,401.21,428.79,403.93,0.1575,25900,100,0.98
831,338.96,341.21,347.52,351.26,352.87,359.43,363.22,372.74,401.23,428.81,403.95,0.1575,25900,100,0.98
832,338.95,341.2,347.52,351.26,352.87,359.44,363.23,372.75,401.25,428.82,403.98,0.1575,25900,100,0.98
833,338.93,341.19,347.51,351.25,352.86,359.44,363.24,372.76,401.28,428.81,404.02,0.1575,25900,100,0.98
834,338.93,341.18,347.51,351.24,352.87,359.45,363.24,372.78,401.3,428.8,404.05,0.1575,25900,100,0.98
835,338.91,341.16,347.49,351.23,352.86,359.47,363.26,372.81,401.34,428.83,404.06,0.1575,25900,100,0.98
836,338.88,341.13,347.48,351.22,352.85,359.46,363.26,372.81,401.37,428.81,404.03,0.1575,25900,100,0.98
837,338.88,341.14,347.47,351.22,352.85,359.47,363.28,372.83,401.41,428.76,404.02,0.1575,25900,100,0.98
838,338.87,341.12,347.47,351.2,352.85,359.47,363.3,372.85,401.43,428.76,403.99,0.1575,25900,100,0.98
839,338.86,341.1,347.46,351.19,352.84,359.49,363.31,372.89,401.45,428.79,403.97,0.1575,25900,100,0.98
840,338.84,341.09,347.44,351.18,352.83,359.49,363.31,372.9,401.47,428.83,403.97,0.1575,25900,100,0.98
841,338.83,341.08,347.43,351.18,352.83,359.5,363.33,372.92,401.49,428.83,403.99,0.1575,25900,100,0.98
842,338.82,341.07,347.43,351.17,352.83,359.5,363.35,372.94,401.5,428.85,404.02,0.1575,25900,100,0.98
843,338.81,341.06,347.42,351.16,352.84,359.51,363.37,372.97,401.53,428.87,404.09,0.1575,25900,100,0.98
844,338.8,341.05,347.4,351.16,352.83,359.52,363.39,372.99,401.56,428.84,404.15,0.1575,25900,100,0.98
845,338.78,341.03,347.39,351.15,352.83,359.52,363.41,373.01,401.59,428.78,404.21,0.1575,25900,100,0.98
846,338.76,341.01,347.37,351.14,352.82,359.53,363.42,373.04,401.62,428.71,404.22,0.1575,25900,100,0.98
847,338.75,341.01,347.36,351.14,352.83,359.53,363.43,373.05,401.65,428.76,404.2,0.1575,25900,100,0.98
848,338.75,341.0,347.34,351.13,352.82,359.54,363.44,373.07,401.67,428.85,404.2,0.1575,25900,100,0.98
849,338.74,340.99,347.34,351.13,352.82,359.54,363.45,373.08,401.69,428.9,404.2,0.1575,25900,100,0.98
850,338.73,340.98,347.33,351.12,352.82,359.56,363.47,373.11,401.72,428.96,404.2,0.1575,25900,100,0.98
851,338.72,340.98,347.33,351.11,352.82,359.56,363.48,373.14,401.73,428.99,404.2,0.1575,25900,100,0.98
852,338.71,340.96,347.31,351.11,352.81,359.56,363.5,373.14,401.75,428.96,404.19,0.1575,25900,100,0.98
853,338.69,340.95,347.3,351.11,352.81,359.57,363.51,373.17,401.78,429.01,404.22,0.1575,25900,100,0.98
854,338.67,340.93,347.29,351.1,352.82,359.58,363.54,373.2,401.81,429.04,404.27,0.1575,25900,100,0.98
855,338.65,340.92,347.28,351.1,352.82,359.58,363.56,373.22,401.84,429.02,404.31,0.1575,25900,100,0.98
856,338.64,340.9,347.26,351.08,352.81,359.58,363.56,373.23,401.84,429.04,404.35,0.1575,25900,100,0.98
857,338.63,340.9,347.25,351.07,352.8,359.59,363.57,373.25,401.87,429.07,404.36,0.1575,25900,100,0.98
858,338.61,340.87,347.24,351.08,352.8,359.6,363.58,373.28,401.89,429.08,404.34,0.1575,25900,100,0.98
859,338.6,340.87,347.23,351.07,352.8,359.61,363.59,373.31,401.89,429.13,404.31,0.1575,25900,100,0.98
860,338.59,340.86,347.22,351.07,352.8,359.62,363.6,373.32,401.91,429.19,404.28,0.1575,25900,100,0.98
861,338.57,340.84,347.21,351.05,352.79,359.62,363.62,373.33,401.93,429.2,404.27,0.1575,25900,100,0.98
862,338.56,340.83,347.2,351.05,352.79,359.62,363.65,373.36,401.97,429.22,404.28,0.1575,25900,100,0.98
863,338.55,340.82,347.18,351.05,352.79,359.62,363.66,373.37,401.98,429.22,404.3,0.1575,25900,100,0.98
864,338.53,340.8,347.17,351.04,352.79,359.63,363.67,373.39,402.01,429.23,404.33,0.1575,25900,100,0.98
865,338.52,340.79,347.16,351.04,352.79,359.63,363.7,373.42,402.02,429.28,404.36,0.1575,25900,100,0.98
866,338.51,340.77,347.14,351.04,352.78,359.64,363.7,373.44,402.03,429.32,404.39,0.1575,25900,100,0.98
867,338.49,340.75,347.12,351.03,352.77,359.65,363.7,373.46,402.04,429.37,404.44,0.1575,25900,100,0.98
868,338.47,340.75,347.11,351.03,352.77,359.65,363.73,373.48,402.07,429.37,404.5,0.1575,25900,100,0.98
869,338.47,340.75,347.12,351.02,352.78,359.66,363.75,373.49,402.09,429.35,404.56,0.1575,25900,100,0.98
870,338.47,340.73,347.11,351.02,352.78,359.67,363.76,373.51,402.11,429.4,404.6,0.1575,25900,100,0.98
871,338.46,340.73,347.1,351.02,352.78,359.68,363.79,373.55,402.14,429.44,404.64,0.1575,25900,100,0.98
872,338.43,340.7,347.09,351.02,352.79,359.69,363.81,373.57,402.17,429.42,404.68,0.1575,25900,100,0.98
873,338.42,340.7,347.07,351.01,352.78,359.7,363.82,373.58,402.18,429.41,404.71,0.1575,25900,100,0.98
874,338.4,340.69,347.07,351.01,352.78,359.71,363.83,373.61,402.21,429.46,404.74,0.1575,25900,100,0.98
875,338.39,340.67,347.06,350.99,352.77,359.72,363.85,373.62,402.22,429.46,404.75,0.1575,25900,100,0.98
876,338.38,340.67,347.04,350.99,352.77,359.73,363.86,373.64,402.24,429.43,404.75,0.1575,25900,100,0.98
877,338.37,340.66,347.04,350.98,352.78,359.73,363.88,373.66,402.27,429.46,404.76,0.1575,25900,100,0.98
878,338.36,340.64,347.04,350.97,352.76,359.74,363.88,373.68,402.29,429.45,404.74,0.1575,25900,100,0.98
879,338.34,340.63,347.02,350.97,352.77,359.74,363.9,373.71,402.3,429.44,404.73,0.1575,25900,100,0.98
880,338.33,340.62,347.01,350.95,352.77,359.75,363.92,373.72,402.33,429.39,404.78,0.1575,25900,100,0.98
881,338.31,340.61,346.99,350.96,352.76,359.76,363.93,373.75,402.36,429.33,404.88,0.1575,25900,100,0.98
882,338.29,340.59,346.98,350.95,352.76,359.77,363.93,373.77,402.38,429.33,404.96,0.1575,25900,100,0.98
883,338.28,340.58,346.97,350.94,352.76,359.79,363.95,373.8,402.4,429.39,405.03,0.1575,25900,100,0.98
884,338.27,340.57,346.97,350.94,352.76,359.8,363.97,373.81,402.42,429.46,405.09,0.1575,25900,100,0.98
885,338.26,340.57,346.96,350.93,352.75,359.79,363.97,373.82,402.44,429.44,405.14,0.1575,25900,100,0.98
886,338.25,340.55,346.94,350.92,352.75,359.8,363.98,373.84,402.46,429.43,405.18,0.1575,25900,100,0.98
887,338.24,340.54,346.92,350.92,352.74,359.82,364.0,373.87,402.49,429.47,405.21,0.1575,25900,100,0.98
888,338.22,340.53,346.93,350.92,352.74,359.82,364.0,373.9,402.51,429.48,405.23,0.1575,25900,100,0.98
889,338.2,340.52,346.91,350.91,352.75,359.82,364.02,373.9,402.55,429.49,405.26,0.1575,25900,100,0.98
890,338.18,340.5,346.9,350.9,352.75,359.83,364.03,373.92,402.57,429.47,405.32,0.1575,25900,100,0.98
891,338.17,340.5,346.89,350.89,352.74,359.84,364.05,373.95,402.59,429.48,405.36,0.1575,25900,100,0.98
892,338.16,340.49,346.89,350.89,352.76,359.85,364.06,373.97,402.62,429.52,405.43,0.1575,25900,100,0.98
893,338.15,340.48,346.87,350.89,352.74,359.85,364.06,373.98,402.64,429.53,405.46,0.1575,25900,100,0.98
894,338.13,340.47,346.87,350.88,352.75,359.86,364.08,374.0,402.67,429.55,405.48,0.1575,25900,100,0.98
895,338.12,340.46,346.86,350.88,352.74,359.87,364.1,374.03,402.68,429.65,405.5,0.1575,25900,100,0.98
896,338.1,340.44,346.84,350.87,352.73,359.88,364.09,374.05,402.69,429.69,405.51,0.1575,25900,100,0.98
897,338.09,340.43,346.83,350.86,352.73,359.89,364.1,374.07,402.7,429.76,405.51,0.1575,25900,100,0.98
898,338.07,340.41,346.82,350.86,352.74,359.9,364.12,374.09,402.73,429.79,405.5,0.1575,25900,100,0.98
899,338.05,340.4,346.81,350.84,352.74,359.89,364.14,374.1,402.76,429.79,405.51,0.1575,25900,100,0.98
900,338.04,340.38,346.81,350.83,352.74,359.91,364.15,374.12,402.79,429.73,405.53,0.1575,25900,100,0.98
901,338.03,340.37,346.8,350.83,352.74,359.92,364.16,374.14,402.79,429.66,405.56,0.1575,25900,100,0.98
902,338.03,340.36,346.79,350.82,352.73,359.92,364.17,374.16,402.8,429.67,405.55,0.1575,25900,100,0.98
903,338.0,340.34,346.78,350.81,352.73,359.93,364.18,374.19,402.82,429.73,405.55,0.1575,25900,100,0.98
904,337.98,340.33,346.77,350.82,352.73,359.94,364.19,374.2,402.83,429.72,405.55,0.1575,25900,100,0.98
905,337.99,340.32,346.76,350.8,352.73,359.95,364.2,374.23,402.86,429.71,405.57,0.1575,25900,100,0.98
906,337.96,340.31,346.75,350.8,352.73,359.96,364.23,374.25,402.87,429.66,405.61,0.1575,25900,100,0.98
907,337.95,340.29,346.74,350.79,352.73,359.97,364.25,374.26,402.9,429.68,405.66,0.1575,25900,100,0.98
908,337.94,340.28,346.72,350.78,352.72,359.97,364.27,374.27,402.93,429.76,405.71,0.1575,25900,100,0.98
909,337.92,340.26,346.71,350.78,352.72,359.97,364.28,374.29,402.94,429.82,405.73,0.1575,25900,100,0.98
910,337.91,340.26,346.7,350.77,352.72,359.98,364.29,374.31,402.96,429.89,405.75,0.1575,25900,100,0.98
911,337.9,340.25,346.69,350.76,352.72,359.99,364.31,374.34,402.99,429.92,405.77,0.1575,25900,100,0.98
912,337.89,340.24,346.68,350.77,352.72,359.99,364.32,374.35,403.0,429.93,405.78,0.1575,25900,100,0.98
913,337.88,340.23,346.67,350.76,352.71,359.99,364.32,374.38,403.02,430.0,405.83,0.1575,25900,100,0.98
914,337.86,340.22,346.65,350.76,352.71,360.0,364.35,374.41,403.04,430.09,405.87,0.1575,25900,100,0.98
915,337.85,340.21,346.65,350.75,352.71,360.01,364.36,374.42,403.06,430.15,405.92,0.1575,25900,100,0.98
916,337.84,340.2,346.63,350.76,352.71,360.01,364.39,374.44,403.09,430.18,406.01,0.1575,25900,100,0.98
917,337.82,340.18,346.62,350.75,352.7,360.02,364.4,374.45,403.11,430.2,406.11,0.1575,25900,100,0.98
918,337.81,340.16,346.6,350.75,352.69,360.03,364.42,374.47,403.14,430.22,406.17,0.1575,25900,100,0.98
919,337.8,340.15,346.59,350.75,352.7,360.04,364.43,374.5,403.16,430.19,406.25,0.1575,25900,100,0.98
920,337.8,340.14,346.58,350.74,352.7,360.04,364.45,374.51,403.19,430.19,406.33,0.1575,25900,100,0.98
921,337.77,340.13,346.57,350.73,352.69,360.05,364.46,374.52,403.21,430.24,406.38,0.1575,25900,100,0.98
922,337.76,340.12,346.56,350.73,352.69,360.06,364.47,374.55,403.24,430.24,406.44,0.1575,25900,100,0.98
923,337.76,340.11,346.55,350.71,352.68,360.07,364.49,374.56,403.25,430.29,406.49,0.1575,25900,100,0.98
924,337.73,340.09,346.54,350.71,352.68,360.07,364.49,374.59,403.26,430.34,406.53,0.1575,25900,100,0.98
925,337.7,340.07,346.51,350.7,352.68,360.08,364.5,374.61,403.29,430.39,406.54,0.1575,25900,100,0.98
926,337.7,340.06,346.51,350.7,352.68,360.08,364.52,374.63,403.33,430.4,406.53,0.1575,25900,100,0.98
927,337.68,340.05,346.5,350.69,352.68,360.09,364.54,374.64,403.35,430.41,406.52,0.1575,25900,100,0.98
928,337.66,340.04,346.49,350.69,352.67,360.1,364.55,374.66,403.36,430.46,406.47,0.1575,25900,100,0.98
929,337.66,340.03,346.48,350.68,352.67,360.1,364.57,374.68,403.38,430.47,406.45,0.1575,25900,100,0.98
930,337.65,340.02,346.47,350.67,352.67,360.12,364.59,374.7,403.4,430.45,406.43,0.1575,25900,100,0.98
931,337.65,340.02,346.47,350.66,352.68,360.12,364.6,374.72,403.41,430.39,406.42,0.1575,25900,100,0.98
932,337.63,339.99,346.46,350.65,352.68,360.13,364.61,374.74,403.42,430.33,406.43,0.1575,25900,100,0.98
933,337.62,339.98,346.45,350.65,352.68,360.14,364.62,374.75,403.45,430.27,406.45,0.1575,25900,100,0.98
934,337.6,339.97,346.44,350.64,352.68,360.15,364.64,374.77,403.48,430.19,406.47,0.1575,25900,100,0.98
935,337.58,339.96,346.43,350.64,352.68,360.16,364.65,374.8,403.51,430.19,406.5,0.1575,25900,100,0.98
936,337.57,339.95,346.41,350.63,352.67,360.16,364.67,374.82,403.53,430.22,406.53,0.1575,25900,100,0.98
937,337.56,339.94,346.41,350.63,352.67,360.17,364.68,374.83,403.54,430.28,406.51,0.1575,25900,100,0.98
938,337.55,339.92,346.4,350.63,352.68,360.18,364.69,374.86,403.56,430.35,406.49,0.1575,25900,100,0.98
939,337.53,339.91,346.39,350.63,352.67,360.18,364.7,374.88,403.57,430.34,406.45,0.1575,25900,100,0.98
940,337.52,339.9,346.38,350.61,352.67,360.18,364.71,374.88,403.6,430.32,406.43,0.1575,25900,100,0.98
941,337.51,339.89,346.37,350.61,352.67,360.19,364.73,374.9,403.61,430.33,406.41,0.1575,25900,100,0.98
942,337.49,339.88,346.36,350.6,352.67,360.2,364.74,374.93,403.62,430.38,406.36,0.1575,25900,100,0.98
943,337.48,339.87,346.35,350.6,352.67,360.21,364.76,374.94,403.64,430.42,406.33,0.1575,25900,100,0.98
944,337.47,339.86,346.34,350.59,352.67,360.22,364.77,374.96,403.65,430.46,406.34,0.1575,25900,100,0.98
945,337.45,339.85,346.33,350.58,352.67,360.23,364.79,374.99,403.67,430.42,406.37,0.1575,25900,100,0.98
946,337.43,339.82,346.31,350.59,352.66,360.24,364.79,375.01,403.68,430.36,406.44,0.1575,25900,100,0.98
947,337.42,339.81,346.3,350.58,352.66,360.25,364.81,375.03,403.7,430.33,406.53,0.1575,25900,100,0.98
948,337.4,339.8,346.3,350.57,352.66,360.25,364.82,375.05,403.71,430.33,406.61,0.1575,25900,100,0.98
949,337.38,339.78,346.29,350.57,352.66,360.27,364.82,375.07,403.74,430.34,406.69,0.1575,25900,100,0.98
950,337.38,339.78,346.28,350.56,352.66,360.27,364.84,375.09,403.78,430.43,406.76,0.1575,25900,100,0.98
951,337.37,339.77,346.27,350.55,352.66,360.28,364.85,375.11,403.79,430.52,406.81,0.1575,25900,100,0.98
952,337.35,339.76,346.26,350.55,352.66,360.29,364.87,375.12,403.84,430.57,406.85,0.1575,25900,100,0.98
953,337.34,339.75,346.25,350.54,352.66,360.29,364.88,375.14,403.87,430.66,406.88,0.1575,25900,100,0.98
954,337.33,339.74,346.24,350.54,352.66,360.3,364.89,375.16,403.89,430.7,406.89,0.1575,25900,100,0.98
955,337.31,339.73,346.23,350.53,352.65,360.31,364.9,375.18,403.91,430.7,406.92,0.1575,25900,100,0.98
956,337.29,339.72,346.22,350.53,352.66,360.31,364.9,375.19,403.93,430.7,406.97,0.1575,25900,100,0.98
957,337.28,339.71,346.22,350.52,352.66,360.32,364.92,375.19,403.95,430.68,407.02,0.1575,25900,100,0.98
958,337.26,339.7,346.22,350.51,352.67,360.32,364.94,375.22,403.96,430.57,407.1,0.1575,25900,100,0.98
959,337.25,339.69,346.2,350.51,352.66,360.34,364.95,375.24,403.99,430.47,407.19,0.1575,25900,100,0.98
960,337.25,339.68,346.19,350.51,352.66,360.34,364.95,375.26,404.0,430.44,407.24,0.1575,25900,100,0.98
961,337.23,339.66,346.18,350.5,352.66,360.35,364.97,375.28,404.03,430.43,407.33,0.1575,25900,100,0.98
962,337.2,339.65,346.16,350.48,352.67,360.35,364.98,375.3,404.06,430.44,407.39,0.1575,25900,100,0.98
963,337.18,339.63,346.16,350.49,352.66,360.36,365.0,375.32,404.07,430.49,407.4,0.1575,25900,100,0.98
964,337.17,339.62,346.15,350.47,352.65,360.36,365.0,375.32,404.07,430.54,407.42,0.1575,25900,100,0.98
965,337.16,339.61,346.14,350.46,352.65,360.37,365.01,375.34,404.1,430.56,407.45,0.1575,25900,100,0.98
966,337.16,339.6,346.13,350.46,352.65,360.37,365.03,375.36,404.13,430.6,407.48,0.1575,25900,100,0.98
967,337.14,339.59,346.14,350.45,352.66,360.38,365.05,375.38,404.14,430.62,407.51,0.1575,25900,100,0.98
968,337.12,339.58,346.11,350.44,352.65,360.39,365.04,375.4,404.15,430.63,407.51,0.1575,25900,100,0.98
969,337.11,339.56,346.1,350.45,352.65,360.4,365.05,375.41,404.16,430.65,407.55,0.1575,25900,100,0.98
970,337.09,339.54,346.09,350.43,352.64,360.41,365.07,375.42,404.19,430.68,407.59,0.1575,25900,100,0.98
971,337.08,339.52,346.07,350.42,352.64,360.4,365.09,375.45,404.2,430.72,407.62,0.1575,25900,100,0.98
972,337.07,339.51,346.06,350.41,352.64,360.42,365.1,375.46,404.22,430.78,407.63,0.1575,25900,100,0.98
973,337.06,339.51,346.07,350.41,352.65,360.42,365.11,375.47,404.24,430.79,407.64,0.1575,25900,100,0.98
974,337.05,339.5,346.05,350.4,352.65,360.44,365.13,375.5,404.26,430.84,407.63,0.1575,25900,100,0.98
975,337.04,339.49,346.05,350.4,352.65,360.45,365.14,375.53,404.28,430.9,407.61,0.1575,25900,100,0.98
976,337.03,339.48,346.04,350.4,352.64,360.45,365.15,375.54,404.29,430.94,407.58,0.1575,25900,100,0.98
977,337.03,339.46,346.04,350.39,352.65,360.46,365.17,375.56,404.31,431.01,407.57,0.1575,25900,100,0.98
978,337.01,339.45,346.03,350.39,352.65,360.47,365.18,375.58,404.33,431.05,407.57,0.1575,25900,100,0.98
979,336.99,339.43,346.01,350.38,352.64,360.48,365.2,375.61,404.34,431.1,407.57,0.1575,25900,100,0.98
980,336.96,339.41,345.99,350.37,352.63,360.49,365.21,375.61,404.37,431.09,407.57,0.1575,25900,100,0.98
981,336.96,339.4,345.99,350.36,352.63,360.49,365.22,375.63,404.38,431.07,407.54,0.1575,25900,100,0.98
982,336.94,339.39,345.97,350.36,352.63,360.5,365.24,375.66,404.4,431.15,407.54,0.1575,25900,100,0.98
983,336.94,339.38,345.97,350.35,352.63,360.5,365.25,375.67,404.42,431.22,407.54,0.1575,25900,100,0.98
984,336.93,339.37,345.96,350.34,352.63,360.5,365.27,375.68,404.42,431.24,407.56,0.1575,25900,100,0.98
985,336.92,339.37,345.96,350.33,352.64,360.5,365.29,375.7,404.46,431.25,407.58,0.1575,25900,100,0.98
986,336.91,339.36,345.96,350.33,352.63,360.52,365.29,375.73,404.46,431.29,407.58,0.1575,25900,100,0.98
987,336.89,339.34,345.93,350.32,352.63,360.52,365.3,375.74,404.48,431.3,407.56,0.1575,25900,100,0.98
988,336.87,339.32,345.92,350.31,352.62,360.53,365.31,375.75,404.5,431.33,407.55,0.1575,25900,100,0.98
989,336.85,339.3,345.91,350.31,352.62,360.54,365.33,375.78,404.52,431.32,407.53,0.1575,25900,100,0.98
990,336.84,339.29,345.91,350.31,352.62,360.55,365.34,375.81,404.54,431.33,407.55,0.1575,25900,100,0.98
991,336.84,339.28,345.89,350.31,352.63,360.56,365.36,375.83,404.55,431.34,407.59,0.1575,25900,100,0.98
992,336.83,339.28,345.89,350.3,352.63,360.56,365.37,375.83,404.58,431.33,407.62,0.1575,25900,100,0.98
993,336.82,339.27,345.88,350.3,352.62,360.56,365.38,375.86,404.59,431.35,407.64,0.1575,25900,100,0.98
994,336.81,339.25,345.87,350.3,352.62,360.58,365.4,375.88,404.61,431.42,407.65,0.1575,25900,100,0.98
995,336.8,339.25,345.87,350.29,352.63,360.58,365.42,375.89,404.63,431.41,407.64,0.1575,25900,100,0.98
996,336.79,339.24,345.86,350.3,352.62,360.59,365.41,375.91,404.64,431.41,407.62,0.1575,25900,100,0.98
997,336.77,339.22,345.84,350.28,352.62,360.6,365.44,375.93,404.66,431.43,407.57,0.1575,25900,100,0.98
998,336.74,339.21,345.82,350.27,352.63,360.6,365.46,375.95,404.67,431.45,407.53,0.1575,25900,100,0.98
999,336.74,339.19,345.82,350.27,352.62,360.62,365.46,375.98,404.68,431.45,407.51,0.1575,25900,100,0.98
1000,336.73,339.19,345.82,350.27,352.62,360.62,365.49,375.99,404.7,431.47,407.51,0.1575,25900,100,0.98
1001,336.71,339.18,345.8,350.26,352.62,360.64,365.49,376.01,404.72,431.45,407.5,0.1575,25900,100,0.98
1002,336.7,339.16,345.8,350.26,352.61,360.65,365.51,376.03,404.72,431.39,407.5,0.1575,25900,100,0.98
1003,336.7,339.15,345.79,350.26,352.62,360.65,365.52,376.05,404.75,431.36,407.5,0.1575,25900,100,0.98
1004,336.69,339.15,345.79,350.25,352.62,360.67,365.54,376.06,404.76,431.32,407.51,0.1575,25900,100,0.98
1005,336.67,339.14,345.77,350.25,352.61,360.67,365.55,376.07,404.77,431.31,407.51,0.1575,25900,100,0.98
1006,336.65,339.12,345.76,350.24,352.62,360.68,365.57,376.1,404.81,431.34,407.52,0.1575,25900,100,0.98
1007,336.63,339.1,345.75,350.23,352.62,360.69,365.58,376.12,404.82,431.4,407.52,0.1575,25900,100,0.98
1008,336.63,339.09,345.73,350.22,352.61,360.68,365.59,376.12,404.84,431.46,407.52,0.1575,25900,100,0.98
1009,336.61,339.08,345.72,350.23,352.61,360.69,365.61,376.14,404.87,431.53,407.56,0.1575,25900,100,0.98
1010,336.6,339.09,345.72,350.22,352.62,360.7,365.62,376.16,404.88,431.6,407.59,0.1575,25900,100,0.98
1011,336.59,339.07,345.7,350.21,352.61,360.7,365.65,376.18,404.89,431.63,407.62,0.1575,25900,100,0.98
1012,336.59,339.06,345.71,350.21,352.61,360.71,365.65,376.19,404.9,431.63,407.61,0.1575,25900,100,0.98
1013,336.58,339.05,345.7,350.2,352.61,360.71,365.67,376.21,404.92,431.65,407.6,0.1575,25900,100,0.98
1014,336.57,339.04,345.68,350.21,352.61,360.72,365.69,376.23,404.93,431.67,407.57,0.1575,25900,100,0.98
1015,336.55,339.03,345.67,350.21,352.61,360.74,365.69,376.26,404.95,431.68,407.57,0.1575,25900,100,0.98
1016,336.53,339.02,345.64,350.21,352.59,360.74,365.71,376.28,404.97,431.68,407.61,0.1575,25900,100,0.98
1017,336.51,339.0,345.63,350.2,352.6,360.75,365.72,376.29,404.98,431.67,407.63,0.1575,25900,100,0.98
1018,336.51,338.98,345.62,350.21,352.59,360.77,365.74,376.32,404.98,431.69,407.67,0.1575,25900,100,0.98
1019,336.5,338.98,345.62,350.19,352.6,360.76,365.75,376.33,405.0,431.73,407.68,0.1575,25900,100,0.98
1020,336.5,338.97,345.61,350.19,352.59,360.77,365.77,376.34,405.02,431.75,407.69,0.1575,25900,100,0.98
1021,336.48,338.96,345.6,350.18,352.6,360.78,365.79,376.35,405.04,431.78,407.66,0.1575,25900,100,0.98
1022,336.46,338.95,345.59,350.18,352.6,360.79,365.8,376.38,405.06,431.78,407.64,0.1575,25900,100,0.98
1023,336.45,338.95,345.59,350.17,352.59,360.8,365.81,376.4,405.07,431.8,407.63,0.1575,25900,100,0.98
1024,336.43,338.93,345.57,350.16,352.59,360.82,365.82,376.42,405.1,431.81,407.65,0.1575,25900,100,0.98
1025,336.41,338.92,345.56,350.16,352.6,360.83,365.82,376.44,405.12,431.82,407.67,0.1575,25900,100,0.98
1026,336.4,338.91,345.55,350.16,352.59,360.84,365.83,376.46,405.13,431.85,407.67,0.1575,25900,100,0.98
1027,336.37,338.89,345.53,350.15,352.59,360.85,365.83,376.47,405.16,431.86,407.65,0.1575,25900,100,0.98
1028,336.36,338.88,345.52,350.15,352.58,360.85,365.84,376.49,405.18,431.88,407.65,0.1575,25900,100,0.98
1029,336.34,338.87,345.52,350.13,352.59,360.86,365.85,376.5,405.2,431.9,407.65,0.1575,25900,100,0.98
1030,336.35,338.87,345.53,350.12,352.6,360.87,365.86,376.52,405.22,431.98,407.66,0.1575,25900,100,0.98
1031,336.33,338.85,345.5,350.13,352.59,360.87,365.87,376.53,405.22,432.01,407.65,0.1575,25900,100,0.98
1032,336.32,338.84,345.5,350.12,352.58,360.88,365.88,376.54,405.25,432.04,407.66,0.1575,25900,100,0.98
1033,336.3,338.83,345.48,350.11,352.58,360.88,365.89,376.56,405.27,432.06,407.67,0.1575,25900,100,0.98
1034,336.3,338.81,345.46,350.12,352.57,360.89,365.9,376.58,405.29,432.09,407.69,0.1575,25900,100,0.98
1035,336.28,338.8,345.45,350.1,352.57,360.89,365.91,376.59,405.31,432.11,407.71,0.1575,25900,100,0.98
1036,336.27,338.8,345.45,350.1,352.58,360.89,365.93,376.61,405.32,432.11,407.71,0.1575,25900,100,0.98
1037,336.26,338.78,345.44,350.08,352.57,360.9,365.93,376.62,405.33,432.17,407.72,0.1575,25900,100,0.98
1038,336.25,338.77,345.43,350.09,352.57,360.9,365.95,376.64,405.35,432.22,407.72,0.1575,25900,100,0.98
1039,336.24,338.77,345.44,350.08,352.58,360.91,365.96,376.66,405.36,432.23,407.72,0.1575,25900,100,0.98
1040,336.23,338.76,345.42,350.07,352.58,360.92,365.98,376.67,405.36,432.26,407.71,0.1575,25900,100,0.98
1041,336.21,338.74,345.41,350.07,352.57,360.94,365.98,376.7,405.38,432.3,407.7,0.1575,25900,100,0.98
1042,336.2,338.73,345.4,350.06,352.57,360.95,366.0,376.71,405.39,432.31,407.66,0.1575,25900,100,0.98
1043,336.17,338.7,345.38,350.05,352.56,360.95,366.02,376.73,405.39,432.28,407.61,0.1575,25900,100,0.98
1044,336.17,338.69,345.38,350.05,352.57,360.95,366.03,376.74,405.41,432.26,407.56,0.1575,25900,100,0.98
1045,336.14,338.69,345.37,350.04,352.56,360.97,366.04,376.77,405.42,432.22,407.53,0.1575,25900,100,0.98
1046,336.14,338.67,345.36,350.03,352.56,360.97,366.05,376.78,405.43,432.21,407.52,0.1575,25900,100,0.98
1047,336.13,338.66,345.35,350.02,352.56,360.97,366.06,376.79,405.44,432.2,407.51,0.1575,25900,100,0.98
1048,336.12,338.65,345.35,350.02,352.56,360.98,366.08,376.82,405.45,432.21,407.53,0.1575,25900,100,0.98
1049,336.11,338.64,345.34,350.01,352.57,360.99,366.09,376.83,405.47,432.22,407.55,0.1575,25900,100,0.98
1050,336.09,338.63,345.33,350.01,352.57,361.0,366.1,376.86,405.48,432.25,407.56,0.1575,25900,100,0.98
1051,336.08,338.62,345.32,350.0,352.57,361.01,366.13,376.88,405.51,432.26,407.55,0.1575,25900,100,0.98
1052,336.07,338.6,345.31,350.01,352.57,361.01,366.14,376.89,405.53,432.26,407.54,0.1575,25900,100,0.98
1053,336.06,338.59,345.29,349.99,352.56,361.02,366.16,376.91,405.55,432.24,407.55,0.1575,25900,100,0.98
1054,336.04,338.58,345.29,349.98,352.56,361.03,366.17,376.94,405.57,432.19,407.58,0.1575,25900,100,0.98
1055,336.04,338.56,345.28,349.98,352.57,361.03,366.18,376.94,405.58,432.17,407.59,0.1575,25900,100,0.98
1056,336.02,338.56,345.27,349.98,352.56,361.04,366.2,376.96,405.59,432.15,407.59,0.1575,25900,100,0.98
1057,336.0,338.53,345.25,349.97,352.55,361.05,366.2,376.98,405.61,432.11,407.58,0.1575,25900,100,0.98
1058,335.99,338.52,345.25,349.97,352.56,361.06,366.21,377.01,405.62,432.07,407.6,0.1575,25900,100,0.98
1059,335.98,338.5,345.24,349.96,352.56,361.06,366.22,377.01,405.63,432.04,407.61,0.1575,25900,100,0.98
1060,335.96,338.49,345.23,349.96,352.56,361.06,366.25,377.03,405.66,432.01,407.62,0.1575,25900,100,0.98
1061,335.95,338.48,345.22,349.95,352.55,361.07,366.26,377.05,405.68,431.98,407.63,0.1575,25900,100,0.98
1062,335.94,338.47,345.21,349.94,352.56,361.07,366.27,377.07,405.71,431.93,407.65,0.1575,25900,100,0.98
1063,335.92,338.45,345.2,349.94,352.56,361.08,366.28,377.07,405.72,431.92,407.67,0.1575,25900,100,0.98
1064,335.92,338.45,345.2,349.94,352.56,361.09,366.29,377.09,405.74,431.9,407.71,0.1575,25900,100,0.98
1065,335.9,338.43,345.18,349.93,352.56,361.1,366.31,377.11,405.74,431.89,407.74,0.1575,25900,100,0.98
1066,335.88,338.42,345.16,349.93,352.56,361.11,366.31,377.14,405.77,431.88,407.77,0.1575,25900,100,0.98
1067,335.88,338.41,345.16,349.93,352.55,361.12,366.32,377.15,405.78,431.92,407.77,0.1575,25900,100,0.98
1068,335.87,338.39,345.15,349.92,352.55,361.12,366.33,377.17,405.79,431.97,407.75,0.1575,25900,100,0.98
1069,335.85,338.39,345.14,349.92,352.56,361.13,366.35,377.17,405.81,432.02,407.71,0.1575,25900,100,0.98
1070,335.83,338.37,345.13,349.91,352.57,361.13,366.38,377.19,405.84,432.07,407.69,0.1575,25900,100,0.98
1071,335.83,338.37,345.13,349.9,352.57,361.15,366.39,377.22,405.85,432.12,407.7,0.1575,25900,100,0.98
1072,335.82,338.35,345.12,349.9,352.57,361.16,366.39,377.24,405.86,432.12,407.7,0.1575,25900,100,0.98
1073,335.81,338.35,345.11,349.89,352.56,361.16,366.4,377.25,405.87,432.1,407.71,0.1575,25900,100,0.98
1074,335.79,338.33,345.1,349.89,352.56,361.18,366.41,377.27,405.89,432.07,407.72,0.1575,25900,100,0.98
1075,335.78,338.32,345.09,349.89,352.56,361.18,366.42,377.29,405.92,432.08,407.75,0.1575,25900,100,0.98
1076,335.77,338.32,345.09,349.88,352.57,361.18,366.44,377.3,405.94,432.11,407.77,0.1575,25900,100,0.98
1077,335.75,338.31,345.08,349.88,352.56,361.19,366.45,377.32,405.95,432.16,407.79,0.1575,25900,100,0.98
1078,335.73,338.29,345.06,349.88,352.56,361.21,366.47,377.35,405.97,432.22,407.79,0.1575,25900,100,0.98
1079,335.72,338.28,345.05,349.87,352.56,361.21,366.48,377.36,405.99,432.26,407.79,0.1575,25900,100,0.98
1080,335.71,338.27,345.04,349.87,352.56,361.23,366.49,377.37,406.01,432.28,407.79,0.1575,25900,100,0.98
1081,335.7,338.26,345.04,349.87,352.56,361.23,366.51,377.39,406.02,432.3,407.76,0.1575,25900,100,0.98
1082,335.69,338.25,345.04,349.86,352.57,361.24,366.53,377.41,406.04,432.34,407.72,0.1575,25900,100,0.98
1083,335.69,338.25,345.03,349.87,352.57,361.25,366.54,377.44,406.06,432.39,407.68,0.1575,25900,100,0.98
1084,335.68,338.23,345.03,349.86,352.57,361.25,366.55,377.43,406.07,432.42,407.67,0.1575,25900,100,0.98
1085,335.67,338.22,345.01,349.85,352.56,361.26,366.57,377.46,406.08,432.42,407.66,0.1575,25900,100,0.98
1086,335.66,338.22,345.0,349.85,352.56,361.26,366.57,377.48,406.09,432.43,407.7,0.1575,25900,100,0.98
1087,335.64,338.2,344.98,349.84,352.56,361.27,366.59,377.5,406.1,432.48,407.77,0.1575,25900,100,0.98
1088,335.63,338.19,344.97,349.85,352.56,361.27,366.61,377.51,406.12,432.5,407.84,0.1575,25900,100,0.98
1089,335.63,338.18,344.97,349.85,352.57,361.28,366.63,377.53,406.14,432.48,407.87,0.1575,25900,100,0.98
1090,335.61,338.16,344.94,349.85,352.55,361.29,366.64,377.56,406.15,432.55,407.89,0.1575,25900,100,0.98
1091,335.61,338.16,344.94,349.84,352.56,361.29,366.66,377.57,406.16,432.58,407.89,0.1575,25900,100,0.98
1092,335.59,338.15,344.93,349.84,352.55,361.3,366.67,377.58,406.17,432.6,407.88,0.1575,25900,100,0.98
1093,335.58,338.15,344.93,349.83,352.55,361.3,366.68,377.6,406.18,432.55,407.89,0.1575,25900,100,0.98
1094,335.57,338.13,344.91,349.84,352.55,361.31,366.69,377.62,406.2,432.46,407.91,0.1575,25900,100,0.98
1095,335.56,338.13,344.91,349.83,352.55,361.32,366.72,377.64,406.21,432.41,407.94,0.1575,25900,100,0.98
1096,335.54,338.11,344.89,349.83,352.55,361.34,366.72,377.66,406.24,432.41,407.98,0.1575,25900,100,0.98
1097,335.53,338.1,344.89,349.82,352.55,361.35,366.75,377.68,406.27,432.45,408.01,0.1575,25900,100,0.98
1098,335.52,338.09,344.87,349.82,352.55,361.35,366.76,377.69,406.28,432.44,408.04,0.1575,25900,100,0.98
1099,335.5,338.08,344.86,349.82,352.55,361.37,366.76,377.71,406.29,432.45,408.06,0.1575,25900,100,0.98
1100,335.49,338.07,344.86,349.8,352.55,361.37,366.78,377.72,406.31,432.47,408.08,0.1575,25900,100,0.98
1101,335.48,338.06,344.85,349.8,352.55,361.39,366.78,377.75,406.31,432.49,408.1,0.1575,25900,100,0.98
1102,335.46,338.05,344.84,349.8,352.54,361.4,366.79,377.77,406.34,432.43,408.13,0.1575,25900,100,0.98
1103,335.45,338.04,344.84,349.79,352.55,361.41,366.81,377.79,406.36,432.39,408.18,0.1575,25900,100,0.98
1104,335.44,338.04,344.84,349.78,352.56,361.41,366.83,377.79,406.37,432.37,408.22,0.1575,25900,100,0.98
1105,335.41,338.02,344.82,349.77,352.55,361.42,366.82,377.8,406.39,432.44,408.29,0.1575,25900,100,0.98
1106,335.39,338.01,344.81,349.77,352.55,361.43,366.84,377.81,406.41,432.47,408.33,0.1575,25900,100,0.98
1107,335.38,338.01,344.8,349.77,352.56,361.43,366.86,377.83,406.44,432.49,408.34,0.1575,25900,100,0.98
1108,335.38,337.99,344.78,349.77,352.55,361.44,366.84,377.85,406.44,432.5,408.33,0.1575,25900,100,0.98
1109,335.35,337.97,344.78,349.76,352.55,361.45,366.86,377.86,406.46,432.52,408.37,0.1575,25900,100,0.98
1110,335.35,337.98,344.78,349.75,352.56,361.45,366.87,377.88,406.47,432.53,408.38,0.1575,25900,100,0.98
1111,335.34,337.97,344.77,349.74,352.55,361.45,366.89,377.88,406.49,432.53,408.37,0.1575,25900,100,0.98
1112,335.33,337.95,344.76,349.75,352.55,361.46,366.89,377.9,406.48,432.54,408.36,0.1575,25900,100,0.98
1113,335.32,337.94,344.76,349.74,352.55,361.48,366.9,377.9,406.5,432.56,408.35,0.1575,25900,100,0.98
1114,335.29,337.92,344.73,349.72,352.55,361.48,366.91,377.92,406.52,432.61,408.37,0.1575,25900,100,0.98
1115,335.28,337.89,344.72,349.72,352.53,361.49,366.92,377.96,406.54,432.64,408.4,0.1575,25900,100,0.98
1116,335.28,337.89,344.71,349.71,352.54,361.5,366.94,377.97,406.56,432.67,408.39,0.1575,25900,100,0.98
1117,335.27,337.87,344.71,349.71,352.55,361.5,366.96,377.98,406.58,432.69,408.4,0.1575,25900,100,0.98
1118,335.26,337.87,344.71,349.69,352.55,361.51,366.97,377.99,406.59,432.72,408.38,0.1575,25900,100,0.98
1119,335.25,337.86,344.7,349.68,352.55,361.51,366.98,378.01,406.6,432.75,408.36,0.1575,25900,100,0.98
1120,335.23,337.84,344.69,349.68,352.54,361.52,366.99,378.02,406.61,432.78,408.36,0.1575,25900,100,0.98
1121,335.22,337.83,344.67,349.67,352.54,361.53,366.99,378.05,406.62,432.79,408.32,0.1575,25900,100,0.98
1122,335.2,337.82,344.66,349.67,352.54,361.53,367.01,378.07,406.64,432.8,408.32,0.1575,25900,100,0.98
1123,335.19,337.8,344.65,349.67,352.54,361.54,367.03,378.09,406.65,432.81,408.32,0.1575,25900,100,0.98
1124,335.17,337.79,344.63,349.67,352.54,361.54,367.05,378.1,406.67,432.85,408.32,0.1575,25900,100,0.98
1125,335.17,337.78,344.61,349.67,352.54,361.55,367.06,378.12,406.68,432.83,408.31,0.1575,25900,100,0.98
1126,335.15,337.77,344.6,349.67,352.53,361.56,367.07,378.14,406.69,432.84,408.3,0.1575,25900,100,0.98
1127,335.15,337.76,344.6,349.68,352.53,361.57,367.09,378.16,406.7,432.89,408.31,0.1575,25900,100,0.98
1128,335.14,337.76,344.59,349.67,352.54,361.58,367.1,378.18,406.72,432.9,408.3,0.1575,25900,100,0.98
1129,335.13,337.74,344.59,349.67,352.54,361.58,367.12,378.2,406.72,432.92,408.31,0.1575,25900,100,0.98
1130,335.13,337.73,344.57,349.67,352.53,361.61,367.13,378.23,406.73,432.93,408.35,0.1575,25900,100,0.98
1131,335.12,337.72,344.57,349.68,352.54,361.61,367.15,378.24,406.76,432.94,408.39,0.1575,25900,100,0.98
1132,335.1,337.72,344.57,349.66,352.54,361.61,367.17,378.25,406.78,432.93,408.45,0.1575,25900,100,0.98
1133,335.08,337.71,344.55,349.66,352.54,361.61,367.19,378.26,406.8,432.92,408.5,0.1575,25900,100,0.98
1134,335.07,337.69,344.53,349.66,352.54,361.64,367.19,378.29,406.82,432.89,408.55,0.1575,25900,100,0.98
1135,335.06,337.67,344.53,349.65,352.53,361.64,367.2,378.3,406.83,432.92,408.57,0.1575,25900,100,0.98
1136,335.05,337.66,344.52,349.65,352.54,361.65,367.23,378.32,406.84,432.93,408.57,0.1575,25900,100,0.98
1137,335.04,337.67,344.53,349.65,352.55,361.65,367.25,378.34,406.86,432.9,408.56,0.1575,25900,100,0.98
1138,335.03,337.65,344.51,349.64,352.54,361.67,367.25,378.35,406.88,432.85,408.6,0.1575,25900,100,0.98
1139,335.02,337.64,344.51,349.63,352.54,361.66,367.26,378.37,406.89,432.82,408.62,0.1575,25900,100,0.98
1140,335.0,337.62,344.49,349.63,352.54,361.68,367.27,378.38,406.9,432.81,408.62,0.1575,25900,100,0.98
1141,334.98,337.6,344.49,349.63,352.54,361.68,367.28,378.4,406.92,432.84,408.64,0.1575,25900,100,0.98
1142,334.98,337.6,344.48,349.62,352.54,361.69,367.31,378.42,406.94,432.89,408.65,0.1575,25900,100,0.98
1143,334.96,337.59,344.46,349.62,352.54,361.7,367.31,378.43,406.95,432.88,408.64,0.1575,25900,100,0.98
1144,334.95,337.58,344.47,349.61,352.54,361.71,367.32,378.44,406.97,432.91,408.62,0.1575,25900,100,0.98
1145,334.93,337.57,344.45,349.61,352.53,361.7,367.34,378.45,406.98,432.9,408.61,0.1575,25900,100,0.98
1146,334.92,337.56,344.44,349.6,352.54,361.72,367.35,378.47,407.0,432.93,408.61,0.1575,25900,100,0.98
1147,334.91,337.54,344.43,349.59,352.53,361.73,367.35,378.49,407.0,432.93,408.61,0.1575,25900,100,0.98
1148,334.9,337.53,344.42,349.59,352.53,361.74,367.36,378.5,407.03,432.95,408.66,0.1575,25900,100,0.98
1149,334.89,337.53,344.41,349.59,352.53,361.74,367.37,378.52,407.03,432.95,408.71,0.1575,25900,100,0.98
1150,334.87,337.51,344.4,349.58,352.54,361.76,367.39,378.54,407.05,432.98,408.79,0.1575,25900,100,0.98
1151,334.85,337.49,344.39,349.58,352.54,361.75,367.4,378.55,407.06,433.01,408.83,0.1575,25900,100,0.98
1152,334.83,337.48,344.37,349.58,352.54,361.76,367.41,378.56,407.08,433.03,408.86,0.1575,25900,100,0.98
1153,334.83,337.48,344.37,349.57,352.53,361.77,367.41,378.58,407.09,433.1,408.85,0.1575,25900,100,0.98
1154,334.81,337.46,344.36,349.56,352.53,361.77,367.43,378.6,407.1,433.15,408.82,0.1575,25900,100,0.98
1155,334.8,337.46,344.36,349.55,352.53,361.78,367.45,378.62,407.12,433.16,408.77,0.1575,25900,100,0.98
1156,334.8,337.45,344.35,349.56,352.54,361.79,367.45,378.62,407.14,433.12,408.72,0.1575,25900,100,0.98
1157,334.79,337.44,344.35,349.55,352.55,361.79,367.48,378.64,407.15,433.12,408.65,0.1575,25900,100,0.98
1158,334.78,337.44,344.34,349.55,352.54,361.81,367.48,378.66,407.15,433.13,408.57,0.1575,25900,100,0.98
1159,334.77,337.42,344.33,349.55,352.54,361.82,367.5,378.68,407.17,433.12,408.53,0.1575,25900,100,0.98
1160,334.76,337.41,344.32,349.55,352.55,361.83,367.51,378.7,407.19,433.1,408.55,0.1575,25900,100,0.98
1161,334.75,337.41,344.31,349.54,352.54,361.84,367.52,378.71,407.19,433.13,408.57,0.1575,25900,100,0.98
1162,334.74,337.4,344.31,349.53,352.54,361.84,367.55,378.73,407.21,433.17,408.58,0.1575,25900,100,0.98
1163,334.73,337.38,344.29,349.54,352.54,361.85,367.55,378.74,407.21,433.16,408.58,0.1575,25900,100,0.98
1164,334.71,337.38,344.28,349.53,352.55,361.86,367.56,378.75,407.24,433.14,408.58,0.1575,25900,100,0.98
1165,334.7,337.36,344.27,349.52,352.54,361.86,367.56,378.77,407.25,433.08,408.62,0.1575,25900,100,0.98
1166,334.69,337.35,344.27,349.52,352.54,361.87,367.58,378.79,407.26,433.05,408.67,0.1575,25900,100,0.98
1167,334.69,337.34,344.26,349.52,352.54,361.88,367.59,378.82,407.29,433.04,408.73,0.1575,25900,100,0.98
1168,334.67,337.33,344.25,349.51,352.55,361.88,367.61,378.82,407.31,433.05,408.77,0.1575,25900,100,0.98
1169,334.64,337.31,344.23,349.5,352.54,361.89,367.62,378.84,407.32,433.16,408.76,0.1575,25900,100,0.98
1170,334.64,337.3,344.23,349.5,352.55,361.89,367.64,378.86,407.34,433.25,408.75,0.1575,25900,100,0.98
1171,334.64,337.3,344.23,349.5,352.55,361.91,367.65,378.88,407.36,433.27,408.76,0.1575,25900,100,0.98
1172,334.63,337.29,344.22,349.5,352.55,361.92,367.67,378.89,407.38,433.28,408.78,0.1575,25900,100,0.98
1173,334.62,337.28,344.21,349.49,352.55,361.93,367.68,378.91,407.39,433.27,408.83,0.1575,25900,100,0.98
1174,334.62,337.27,344.21,349.49,352.55,361.93,367.69,378.93,407.4,433.22,408.89,0.1575,25900,100,0.98
1175,334.61,337.26,344.2,349.5,352.55,361.95,367.7,378.95,407.42,433.19,408.96,0.1575,25900,100,0.98
1176,334.59,337.25,344.19,349.49,352.55,361.95,367.71,378.96,407.44,433.19,409.05,0.1575,25900,100,0.98
1177,334.57,337.24,344.18,349.47,352.56,361.95,367.73,378.98,407.47,433.14,409.2,0.1575,25900,100,0.98
1178,334.55,337.22,344.17,349.46,352.56,361.96,367.74,378.98,407.49,433.1,409.31,0.1575,25900,100,0.98
1179,334.55,337.22,344.16,349.47,352.56,361.97,367.76,379.0,407.51,433.09,409.39,0.1575,25900,100,0.98
1180,334.54,337.21,344.16,349.47,352.56,361.98,367.76,379.02,407.52,433.12,409.46,0.1575,25900,100,0.98
1181,334.52,337.2,344.15,349.47,352.55,362.0,367.76,379.04,407.55,433.21,409.51,0.1575,25900,100,0.98
1182,334.5,337.18,344.13,349.46,352.55,362.0,367.77,379.05,407.55,433.27,409.54,0.1575,25900,100,0.98
1183,334.48,337.17,344.12,349.46,352.56,362.01,367.77,379.07,407.57,433.26,409.57,0.1575,25900,100,0.98
1184,334.48,337.16,344.12,349.45,352.55,362.01,367.77,379.08,407.58,433.25,409.63,0.1575,25900,100,0.98
1185,334.46,337.14,344.1,349.45,352.55,362.02,367.78,379.1,407.6,433.27,409.7,0.1575,25900,100,0.98
1186,334.44,337.13,344.1,349.43,352.55,362.03,367.79,379.12,407.62,433.32,409.76,0.1575,25900,100,0.98
1187,334.42,337.12,344.09,349.43,352.55,362.03,367.81,379.12,407.65,433.34,409.8,0.1575,25900,100,0.98
1188,334.41,337.11,344.09,349.43,352.55,362.04,367.81,379.14,407.66,433.35,409.83,0.1575,25900,100,0.98
1189,334.42,337.11,344.09,349.42,352.57,362.05,367.84,379.14,407.7,433.37,409.85,0.1575,25900,100,0.98
1190,334.38,337.09,344.07,349.42,352.56,362.05,367.84,379.16,407.71,433.39,409.88,0.1575,25900,100,0.98
1191,334.39,337.08,344.07,349.4,352.57,362.06,367.86,379.18,407.71,433.39,409.89,0.1575,25900,100,0.98
1192,334.38,337.07,344.07,349.41,352.57,362.07,367.87,379.2,407.74,433.36,409.92,0.1575,25900,100,0.98
1193,334.37,337.06,344.05,349.4,352.57,362.08,367.88,379.22,407.74,433.28,409.94,0.1575,25900,100,0.98
1194,334.35,337.04,344.05,349.38,352.56,362.08,367.89,379.23,407.76,433.26,410.0,0.1575,25900,100,0.98
1195,334.34,337.03,344.03,349.38,352.56,362.09,367.9,379.24,407.78,433.29,410.05,0.1575,25900,100,0.98
1196,334.33,337.02,344.02,349.38,352.57,362.1,367.92,379.26,407.8,433.32,410.08,0.1575,25900,100,0.98
1197,334.33,337.01,344.02,349.37,352.58,362.09,367.95,379.27,407.82,433.3,410.11,0.1575,25900,100,0.98
1198,334.32,337.0,344.01,349.37,352.57,362.11,367.96,379.3,407.84,433.36,410.14,0.1575,25900,100,0.98
1199,334.3,336.99,344.0,349.36,352.57,362.12,367.96,379.32,407.84,433.39,410.15,0.1575,25900,100,0.98
1200,334.29,336.98,343.99,349.36,352.56,362.12,367.97,379.33,407.86,433.36,410.18,0.1575,25900,100,0.98
1201,334.29,336.97,343.98,349.36,352.56,362.13,367.97,379.34,407.88,433.35,410.2,0.1575,25900,100,0.98
1202,334.28,336.96,343.98,349.36,352.57,362.13,368.0,379.36,407.9,433.33,410.23,0.1575,25900,100,0.98
1203,334.26,336.96,343.96,349.35,352.57,362.14,368.01,379.38,407.91,433.33,410.25,0.1575,25900,100,0.98
1204,334.25,336.95,343.95,349.35,352.57,362.15,368.03,379.38,407.93,433.31,410.29,0.1575,25900,100,0.98
1205,334.24,336.93,343.94,349.35,352.57,362.15,368.05,379.41,407.95,433.25,410.34,0.1575,25900,100,0.98
1206,334.23,336.92,343.93,349.34,352.58,362.16,368.05,379.43,407.97,433.23,410.37,0.1575,25900,100,0.98
1207,334.22,336.92,343.93,349.34,352.59,362.17,368.07,379.44,407.99,433.2,410.41,0.1575,25900,100,0.98
1208,334.21,336.91,343.93,349.35,352.58,362.18,368.08,379.45,408.0,433.17,410.43,0.1575,25900,100,0.98
1209,334.2,336.9,343.92,349.34,352.58,362.19,368.09,379.47,408.02,433.19,410.46,0.1575,25900,100,0.98
1210,334.19,336.89,343.91,349.35,352.57,362.2,368.1,379.5,408.04,433.24,410.48,0.1575,25900,100,0.98
1211,334.18,336.88,343.89,349.34,352.58,362.21,368.11,379.5,408.05,433.25,410.52,0.1575,25900,100,0.98
1212,334.17,336.86,343.89,349.33,352.58,362.2,368.12,379.52,408.07,433.28,410.55,0.1575,25900,100,0.98
1213,334.14,336.85,343.87,349.33,352.59,362.21,368.15,379.54,408.09,433.33,410.58,0.1575,25900,100,0.98
1214,334.13,336.83,343.86,349.33,352.59,362.23,368.15,379.55,408.11,433.42,410.58,0.1575,25900,100,0.98
1215,334.12,336.83,343.86,349.32,352.59,362.23,368.16,379.56,408.12,433.44,410.57,0.1575,25900,100,0.98
1216,334.11,336.81,343.86,349.32,352.59,362.24,368.18,379.58,408.14,433.43,410.58,0.1575,25900,100,0.98
1217,334.1,336.81,343.84,349.32,352.59,362.25,368.19,379.6,408.16,433.46,410.6,0.1575,25900,100,0.98
1218,334.08,336.81,343.84,349.31,352.59,362.26,368.2,379.62,408.17,433.51,410.59,0.1575,25900,100,0.98
1219,334.08,336.8,343.84,349.3,352.6,362.27,368.21,379.63,408.18,433.56,410.56,0.1575,25900,100,0.98
1220,334.06,336.77,343.82,349.3,352.59,362.28,368.21,379.65,408.19,433.59,410.55,0.1575,25900,100,0.98
1221,334.06,336.78,343.83,349.29,352.61,362.29,368.23,379.66,408.2,433.68,410.54,0.1575,25900,100,0.98
1222,334.04,336.75,343.81,349.28,352.59,362.3,368.25,379.68,408.21,433.8,410.51,0.1575,25900,100,0.98
1223,334.02,336.74,343.8,349.28,352.6,362.3,368.26,379.7,408.23,433.85,410.54,0.1575,25900,100,0.98
1224,334.01,336.73,343.8,349.27,352.6,362.31,368.27,379.71,408.24,433.83,410.58,0.1575,25900,100,0.98
1225,334.0,336.72,343.8,349.27,352.6,362.32,368.28,379.72,408.26,433.75,410.61,0.1575,25900,100,0.98
1226,333.99,336.7,343.78,349.26,352.6,362.33,368.29,379.74,408.27,433.74,410.68,0.1575,25900,100,0.98
1227,333.99,336.71,343.79,349.26,352.6,362.33,368.3,379.75,408.29,433.73,410.73,0.1575,25900,100,0.98
1228,333.98,336.69,343.78,349.26,352.6,362.33,368.31,379.77,408.29,433.73,410.76,0.1575,25900,100,0.98
1229,333.96,336.69,343.76,349.26,352.61,362.35,368.32,379.78,408.31,433.72,410.78,0.1575,25900,100,0.98
1230,333.95,336.67,343.75,349.25,352.6,362.36,368.34,379.8,408.34,433.71,410.84,0.1575,25900,100,0.98
1231,333.93,336.65,343.74,349.25,352.6,362.37,368.34,379.82,408.36,433.74,410.9,0.1575,25900,100,0.98
1232,333.91,336.65,343.73,349.26,352.61,362.37,368.36,379.83,408.38,433.76,410.95,0.1575,25900,100,0.98
1233,333.92,336.64,343.72,349.25,352.61,362.37,368.38,379.84,408.39,433.81,411.0,0.1575,25900,100,0.98
1234,333.91,336.64,343.71,349.24,352.6,362.38,368.38,379.86,408.4,433.83,411.02,0.1575,25900,100,0.98
1235,333.9,336.63,343.71,349.24,352.61,362.39,368.41,379.88,408.42,433.83,411.06,0.1575,25900,100,0.98
1236,333.89,336.62,343.71,349.24,352.61,362.39,368.41,379.88,408.44,433.82,411.12,0.1575,25900,100,0.98
1237,333.89,336.63,343.7,349.25,352.61,362.41,368.42,379.91,408.44,433.79,411.16,0.1575,25900,100,0.98
1238,333.87,336.6,343.69,349.24,352.61,362.41,368.43,379.92,408.46,433.76,411.21,0.1575,25900,100,0.98
1239,333.86,336.59,343.67,349.24,352.61,362.41,368.45,379.93,408.47,433.74,411.3,0.1575,25900,100,0.98
1240,333.86,336.58,343.67,349.24,352.61,362.42,368.47,379.94,408.49,433.74,411.44,0.1575,25900,100,0.98
1241,333.84,336.56,343.64,349.24,352.61,362.43,368.48,379.96,408.51,433.75,411.58,0.1575,25900,100,0.98
1242,333.83,336.56,343.64,349.24,352.63,362.43,368.5,379.98,408.53,433.74,411.68,0.1575,25900,100,0.98
1243,333.83,336.56,343.65,349.24,352.62,362.44,368.51,380.0,408.56,433.76,411.75,0.1575,25900,100,0.98
1244,333.82,336.55,343.64,349.24,352.62,362.45,368.54,380.01,408.59,433.78,411.83,0.1575,25900,100,0.98
1245,333.82,336.56,343.64,349.23,352.64,362.45,368.56,380.02,408.6,433.83,411.9,0.1575,25900,100,0.98
1246,333.8,336.53,343.63,349.24,352.63,362.47,368.56,380.04,408.62,433.87,411.95,0.1575,25900,100,0.98
1247,333.79,336.52,343.62,349.24,352.63,362.48,368.57,380.06,408.63,433.93,411.97,0.1575,25900,100,0.98
1248,333.78,336.51,343.61,349.23,352.63,362.49,368.57,380.07,408.64,433.98,411.97,0.1575,25900,100,0.98
1249,333.76,336.5,343.59,349.22,352.62,362.5,368.59,380.09,408.66,434.06,411.91,0.1575,25900,100,0.98
1250,333.74,336.49,343.59,349.22,352.63,362.51,368.61,380.11,408.68,434.11,411.84,0.1575,25900,100,0.98
1251,333.73,336.48,343.58,349.21,352.63,362.52,368.62,380.12,408.68,434.15,411.77,0.1575,25900,100,0.98
1252,333.72,336.48,343.58,349.21,352.63,362.52,368.63,380.14,408.69,434.14,411.7,0.1575,25900,100,0.98
1253,333.72,336.48,343.58,349.21,352.64,362.54,368.64,380.16,408.7,434.11,411.67,0.1575,25900,100,0.98
1254,333.7,336.46,343.57,349.2,352.64,362.56,368.65,380.18,408.71,434.12,411.65,0.1575,25900,100,0.98
1255,333.69,336.45,343.56,349.2,352.63,362.57,368.66,380.2,408.7,434.14,411.63,0.1575,25900,100,0.98
1256,333.68,336.44,343.55,349.2,352.63,362.58,368.65,380.22,408.7,434.14,411.6,0.1575,25900,100,0.98
1257,333.66,336.44,343.55,349.2,352.64,362.59,368.67,380.23,408.72,434.15,411.57,0.1575,25900,100,0.98
1258,333.65,336.43,343.54,349.2,352.64,362.6,368.68,380.24,408.72,434.18,411.53,0.1575,25900,100,0.98
1259,333.65,336.42,343.54,349.19,352.65,362.61,368.69,380.25,408.74,434.25,411.47,0.1575,25900,100,0.98
1260,333.62,336.41,343.54,349.2,352.65,362.62,368.7,380.27,408.75,434.3,411.45,0.1575,25900,100,0.98
1261,333.61,336.4,343.52,349.19,352.65,362.63,368.71,380.29,408.75,434.29,411.43,0.1575,25900,100,0.98
1262,333.61,336.39,343.52,349.18,352.65,362.64,368.72,380.3,408.77,434.3,411.45,0.1575,25900,100,0.98
1263,333.6,336.38,343.52,349.18,352.65,362.64,368.72,380.31,408.78,434.27,411.49,0.1575,25900,100,0.98
1264,333.59,336.36,343.5,349.17,352.65,362.65,368.73,380.32,408.78,434.22,411.52,0.1575,25900,100,0.98
1265,333.57,336.35,343.5,349.16,352.64,362.66,368.73,380.34,408.8,434.19,411.57,0.1575,25900,100,0.98
1266,333.56,336.34,343.49,349.16,352.64,362.67,368.75,380.36,408.82,434.16,411.64,0.1575,25900,100,0.98
1267,333.54,336.32,343.47,349.16,352.65,362.68,368.77,380.37,408.85,434.16,411.68,0.1575,25900,100,0.98
1268,333.54,336.32,343.47,349.16,352.65,362.68,368.79,380.38,408.86,434.17,411.7,0.1575,25900,100,0.98
1269,333.52,336.3,343.46,349.14,352.65,362.69,368.8,380.39,408.88,434.2,411.72,0.1575,25900,100,0.98
1270,333.52,336.3,343.46,349.14,352.65,362.7,368.81,380.42,408.9,434.25,411.76,0.1575,25900,100,0.98
1271,333.51,336.29,343.44,349.14,352.65,362.71,368.82,380.43,408.91,434.3,411.77,0.1575,25900,100,0.98
1272,333.5,336.28,343.44,349.14,352.64,362.71,368.83,380.43,408.93,434.35,411.78,0.1575,25900,100,0.98
1273,333.5,336.28,343.44,349.13,352.65,362.71,368.84,380.45,408.94,434.41,411.75,0.1575,25900,100,0.98
1274,333.48,336.26,343.42,349.12,352.65,362.71,368.84,380.46,408.95,434.44,411.71,0.1575,25900,100,0.98
1275,333.48,336.26,343.41,349.12,352.65,362.72,368.86,380.47,408.97,434.52,411.65,0.1575,25900,100,0.98
1276,333.46,336.25,343.4,349.12,352.64,362.73,368.87,380.48,408.98,434.54,411.56,0.1575,25900,100,0.98
1277,333.46,336.24,343.39,349.12,352.64,362.74,368.89,380.5,409.0,434.49,411.48,0.1575,25900,100,0.98
1278,333.45,336.23,343.38,349.11,352.64,362.75,368.91,380.52,409.01,434.43,411.43,0.1575,25900,100,0.98
1279,333.44,336.23,343.38,349.11,352.65,362.75,368.92,380.54,409.03,434.44,411.41,0.1575,25900,100,0.98
1280,333.44,336.22,343.37,349.11,352.65,362.76,368.94,380.54,409.03,434.45,411.4,0.1575,25900,100,0.98
1281,333.43,336.22,343.37,349.11,352.65,362.77,368.94,380.57,409.04,434.44,411.4,0.1575,25900,100,0.98
1282,333.42,336.21,343.36,349.1,352.65,362.77,368.96,380.58,409.05,434.45,411.4,0.1575,25900,100,0.98
1283,333.42,336.21,343.35,349.1,352.66,362.78,368.96,380.59,409.06,434.47,411.39,0.1575,25900,100,0.98
1284,333.41,336.2,343.35,349.1,352.65,362.79,368.97,380.6,409.06,434.52,411.35,0.1575,25900,100,0.98
1285,333.39,336.19,343.34,349.09,352.65,362.8,368.99,380.62,409.07,434.58,411.28,0.1575,25900,100,0.98
1286,333.38,336.17,343.33,349.09,352.65,362.82,369.0,380.65,409.08,434.6,411.2,0.1575,25900,100,0.98
1287,333.37,336.17,343.32,349.09,352.66,362.82,369.01,380.65,409.09,434.62,411.15,0.1575,25900,100,0.98
1288,333.37,336.16,343.32,349.09,352.66,362.82,369.03,380.68,409.1,434.68,411.11,0.1575,25900,100,0.98
1289,333.36,336.16,343.31,349.09,352.66,362.84,369.04,380.69,409.12,434.64,411.06,0.1575,25900,100,0.98
1290,333.35,336.16,343.31,349.08,352.67,362.85,369.06,380.69,409.12,434.63,411.01,0.1575,25900,100,0.98
1291,333.34,336.15,343.31,349.07,352.66,362.84,369.06,380.71,409.13,434.63,410.95,0.1575,25900,100,0.98
1292,333.33,336.14,343.29,349.06,352.67,362.84,369.07,380.7,409.13,434.62,410.9,0.1575,25900,100,0.98
1293,333.31,336.12,343.28,349.05,352.66,362.85,369.06,380.73,409.13,434.57,410.88,0.1575,25900,100,0.98
1294,333.29,336.1,343.26,349.07,352.65,362.87,369.08,380.75,409.14,434.51,410.85,0.1575,25900,100,0.98
1295,333.28,336.08,343.25,349.05,352.65,362.88,369.11,380.76,409.16,434.45,410.88,0.1575,25900,100,0.98
1296,333.27,336.07,343.24,349.06,352.66,362.88,369.1,380.78,409.17,434.39,410.93,0.1575,25900,100,0.98
1297,333.25,336.06,343.23,349.05,352.66,362.89,369.11,380.8,409.18,434.35,410.95,0.1575,25900,100,0.98
1298,333.24,336.06,343.23,349.05,352.66,362.9,369.13,380.82,409.19,434.34,410.98,0.1575,25900,100,0.98
1299,333.22,336.04,343.22,349.05,352.65,362.91,369.13,380.83,409.2,434.4,411.02,0.1575,25900,100,0.98
1300,333.22,336.04,343.21,349.05,352.66,362.92,369.14,380.84,409.21,434.41,411.04,0.1575,25900,100,0.98
1301,333.21,336.03,343.2,349.03,352.65,362.92,369.14,380.85,409.21,434.39,411.06,0.1575,25900,100,0.98
1302,333.19,336.01,343.2,349.03,352.65,362.93,369.16,380.87,409.23,434.39,411.09,0.1575,25900,100,0.98
1303,333.18,336.0,343.19,349.03,352.66,362.94,369.17,380.87,409.24,434.4,411.15,0.1575,25900,100,0.98
1304,333.18,336.0,343.19,349.02,352.67,362.94,369.2,380.89,409.27,434.46,411.2,0.1575,25900,100,0.98
1305,333.16,335.98,343.17,349.03,352.66,362.96,369.21,380.91,409.27,434.54,411.24,0.1575,25900,100,0.98
1306,333.16,335.98,343.17,349.02,352.68,362.96,369.23,380.92,409.29,434.56,411.29,0.1575,25900,100,0.98
1307,333.15,335.98,343.16,349.02,352.68,362.97,369.22,380.94,409.3,434.56,411.33,0.1575,25900,100,0.98
1308,333.14,335.95,343.15,349.03,352.67,362.98,369.24,380.95,409.31,434.56,411.38,0.1575,25900,100,0.98
1309,333.11,335.94,343.15,349.01,352.67,362.99,369.25,380.96,409.33,434.61,411.43,0.1575,25900,100,0.98
1310,333.11,335.92,343.14,349.02,352.67,363.0,369.25,380.98,409.34,434.65,411.48,0.1575,25900,100,0.98
1311,333.09,335.92,343.13,349.01,352.67,363.01,369.27,380.99,409.36,434.68,411.49,0.1575,25900,100,0.98
1312,333.09,335.92,343.12,349.0,352.68,363.0,369.29,380.99,409.39,434.72,411.46,0.1575,25900,100,0.98
1313,333.07,335.9,343.11,349.0,352.67,363.01,369.29,381.0,409.4,434.83,411.44,0.1575,25900,100,0.98
1314,333.08,335.9,343.1,349.0,352.67,363.03,369.31,381.03,409.42,434.89,411.44,0.1575,25900,100,0.98
1315,333.07,335.9,343.1,348.99,352.68,363.03,369.32,381.04,409.42,434.96,411.46,0.1575,25900,100,0.98
1316,333.06,335.89,343.09,348.99,352.68,363.03,369.33,381.05,409.44,435.05,411.47,0.1575,25900,100,0.98
1317,333.05,335.87,343.08,348.99,352.67,363.04,369.34,381.07,409.45,435.04,411.49,0.1575,25900,100,0.98
1318,333.04,335.86,343.07,348.98,352.67,363.05,369.35,381.08,409.46,434.99,411.51,0.1575,25900,100,0.98
1319,333.03,335.86,343.07,348.97,352.67,363.05,369.36,381.09,409.47,434.98,411.56,0.1575,25900,100,0.98
1320,333.03,335.85,343.05,348.97,352.67,363.06,369.36,381.1,409.48,435.0,411.59,0.1575,25900,100,0.98
1321,333.01,335.84,343.05,348.97,352.68,363.06,369.38,381.13,409.5,434.96,411.64,0.1575,25900,100,0.98
1322,333.0,335.83,343.04,348.96,352.67,363.07,369.4,381.13,409.52,434.9,411.66,0.1575,25900,100,0.98
1323,333.0,335.83,343.03,348.96,352.68,363.07,369.41,381.15,409.54,434.87,411.7,0.1575,25900,100,0.98
1324,332.98,335.82,343.03,348.95,352.69,363.08,369.43,381.16,409.55,434.87,411.7,0.1575,25900,100,0.98
1325,332.98,335.81,343.02,348.95,352.69,363.08,369.43,381.18,409.56,434.87,411.73,0.1575,25900,100,0.98
1326,332.96,335.79,343.0,348.95,352.67,363.09,369.43,381.19,409.56,434.86,411.74,0.1575,25900,100,0.98
1327,332.94,335.78,342.99,348.95,352.67,363.09,369.44,381.2,409.58,434.85,411.77,0.1575,25900,100,0.98
1328,332.94,335.77,342.98,348.95,352.68,363.09,369.45,381.21,409.58,434.85,411.79,0.1575,25900,100,0.98
1329,332.93,335.76,342.97,348.96,352.68,363.11,369.47,381.24,409.6,434.8,411.82,0.1575,25900,100,0.98
1330,332.92,335.74,342.96,348.95,352.68,363.12,369.48,381.26,409.62,434.75,411.9,0.1575,25900,100,0.98
1331,332.91,335.73,342.94,348.96,352.68,363.13,369.51,381.27,409.64,434.74,412.02,0.1575,25900,100,0.98
1332,332.9,335.73,342.94,348.95,352.68,363.13,369.51,381.27,409.66,434.76,412.08,0.1575,25900,100,0.98
1333,332.89,335.72,342.93,348.95,352.69,363.14,369.54,381.29,409.68,434.82,412.13,0.1575,25900,100,0.98
1334,332.89,335.72,342.94,348.95,352.69,363.15,369.54,381.32,409.7,434.88,412.15,0.1575,25900,100,0.98
1335,332.88,335.7,342.94,348.94,352.7,363.15,369.56,381.32,409.72,434.94,412.14,0.1575,25900,100,0.98
1336,332.87,335.7,342.92,348.94,352.69,363.16,369.57,381.33,409.74,435.02,412.12,0.1575,25900,100,0.98
1337,332.86,335.69,342.91,348.94,352.68,363.17,369.58,381.35,409.75,435.09,412.09,0.1575,25900,100,0.98
1338,332.84,335.66,342.9,348.94,352.69,363.17,369.58,381.36,409.75,435.15,412.07,0.1575,25900,100,0.98
1339,332.83,335.66,342.9,348.93,352.69,363.17,369.61,381.37,409.79,435.16,412.05,0.1575,25900,100,0.98
1340,332.81,335.65,342.89,348.93,352.7,363.19,369.62,381.38,409.79,435.18,412.06,0.1575,25900,100,0.98
1341,332.79,335.63,342.87,348.92,352.69,363.19,369.63,381.4,409.81,435.19,412.11,0.1575,25900,100,0.98
1342,332.8,335.64,342.87,348.93,352.7,363.21,369.65,381.42,409.82,435.17,412.16,0.1575,25900,100,0.98
1343,332.79,335.62,342.87,348.92,352.7,363.21,369.65,381.43,409.84,435.17,412.21,0.1575,25900,100,0.98
1344,332.78,335.62,342.86,348.92,352.71,363.21,369.67,381.44,409.84,435.14,412.29,0.1575,25900,100,0.98
1345,332.76,335.61,342.85,348.92,352.7,363.22,369.68,381.46,409.86,435.13,412.36,0.1575,25900,100,0.98
1346,332.76,335.61,342.85,348.91,352.7,363.24,369.69,381.48,409.87,435.16,412.42,0.1575,25900,100,0.98
1347,332.74,335.59,342.83,348.91,352.7,363.24,369.7,381.49,409.89,435.18,412.54,0.1575,25900,100,0.98
1348,332.72,335.59,342.82,348.9,352.7,363.25,369.71,381.5,409.91,435.2,412.64,0.1575,25900,100,0.98
1349,332.71,335.57,342.82,348.9,352.7,363.26,369.72,381.52,409.93,435.2,412.7,0.1575,25900,100,0.98
1350,332.7,335.56,342.8,348.9,352.7,363.27,369.72,381.54,409.94,435.18,412.75,0.1575,25900,100,0.98
1351,332.68,335.55,342.8,348.9,352.71,363.28,369.72,381.55,409.94,435.18,412.82,0.1575,25900,100,0.98
1352,332.68,335.55,342.8,348.9,352.72,363.28,369.75,381.56,409.97,435.17,412.87,0.1575,25900,100,0.98
1353,332.66,335.54,342.79,348.89,352.71,363.3,369.76,381.58,409.98,435.21,412.91,0.1575,25900,100,0.98
1354,332.66,335.54,342.78,348.89,352.71,363.3,369.76,381.59,409.99,435.28,412.93,0.1575,25900,100,0.98
1355,332.65,335.53,342.78,348.88,352.71,363.31,369.77,381.6,410.0,435.3,412.92,0.1575,25900,100,0.98
1356,332.62,335.5,342.76,348.87,352.71,363.31,369.78,381.6,410.01,435.32,412.9,0.1575,25900,100,0.98
1357,332.61,335.5,342.76,348.87,352.7,363.32,369.79,381.62,410.03,435.41,412.87,0.1575,25900,100,0.98
1358,332.6,335.49,342.75,348.87,352.71,363.33,369.8,381.64,410.04,435.44,412.85,0.1575,25900,100,0.98
1359,332.58,335.48,342.74,348.87,352.71,363.32,369.81,381.64,410.05,435.4,412.86,0.1575,25900,100,0.98
1360,332.58,335.47,342.74,348.86,352.72,363.34,369.81,381.66,410.07,435.38,412.86,0.1575,25900,100,0.98
1361,332.57,335.46,342.73,348.86,352.72,363.34,369.83,381.68,410.08,435.34,412.88,0.1575,25900,100,0.98
1362,332.56,335.45,342.73,348.86,352.72,363.35,369.84,381.69,410.09,435.3,412.91,0.1575,25900,100,0.98
1363,332.56,335.45,342.72,348.85,352.72,363.36,369.84,381.7,410.12,435.28,412.94,0.1575,25900,100,0.98
1364,332.54,335.44,342.71,348.85,352.72,363.36,369.85,381.72,410.13,435.29,412.94,0.1575,25900,100,0.98
1365,332.53,335.43,342.7,348.85,352.73,363.38,369.86,381.73,410.14,435.32,412.9,0.1575,25900,100,0.98
1366,332.51,335.4,342.69,348.86,352.71,363.39,369.87,381.77,410.14,435.33,412.78,0.1575,25900,100,0.98
1367,332.49,335.39,342.68,348.85,352.72,363.39,369.88,381.77,410.16,435.33,412.69,0.1575,25900,100,0.98
1368,332.49,335.39,342.69,348.85,352.72,363.4,369.89,381.78,410.18,435.33,412.63,0.1575,25900,100,0.98
1369,332.47,335.38,342.68,348.84,352.72,363.41,369.9,381.79,410.18,435.32,412.56,0.1575,25900,100,0.98
1370,332.47,335.38,342.68,348.84,352.74,363.42,369.92,381.81,410.18,435.32,412.5,0.1575,25900,100,0.98
1371,332.47,335.36,342.66,348.84,352.73,363.42,369.91,381.81,410.19,435.31,412.44,0.1575,25900,100,0.98
1372,332.46,335.36,342.66,348.83,352.73,363.42,369.92,381.83,410.19,435.31,412.41,0.1575,25900,100,0.98
1373,332.43,335.35,342.64,348.82,352.73,363.43,369.93,381.84,410.2,435.3,412.39,0.1575,25900,100,0.98
1374,332.43,335.33,342.65,348.83,352.74,363.44,369.92,381.86,410.21,435.33,412.36,0.1575,25900,100,0.98
1375,332.41,335.32,342.64,348.81,352.74,363.45,369.95,381.88,410.22,435.33,412.33,0.1575,25900,100,0.98
1376,332.41,335.32,342.64,348.81,352.75,363.46,369.96,381.88,410.23,435.36,412.33,0.1575,25900,100,0.98
1377,332.39,335.3,342.63,348.81,352.74,363.47,369.97,381.9,410.25,435.39,412.31,0.1575,25900,100,0.98
1378,332.39,335.29,342.63,348.8,352.75,363.47,369.98,381.92,410.26,435.43,412.29,0.1575,25900,100,0.98
1379,332.39,335.29,342.61,348.79,352.75,363.47,370.0,381.92,410.26,435.47,412.22,0.1575,25900,100,0.98
1380,332.37,335.27,342.61,348.79,352.74,363.48,370.01,381.93,410.28,435.54,412.16,0.1575,25900,100,0.98
1381,332.37,335.26,342.6,348.79,352.75,363.49,370.03,381.95,410.29,435.58,412.1,0.1575,25900,100,0.98
1382,332.36,335.25,342.59,348.78,352.76,363.49,370.04,381.96,410.31,435.66,412.04,0.1575,25900,100,0.98
1383,332.36,335.25,342.6,348.78,352.76,363.5,370.05,381.97,410.32,435.72,411.98,0.1575,25900,100,0.98
1384,332.33,335.23,342.59,348.79,352.76,363.51,370.07,381.99,410.33,435.75,411.91,0.1575,25900,100,0.98
1385,332.33,335.23,342.58,348.78,352.76,363.52,370.08,382.01,410.33,435.71,411.87,0.1575,25900,100,0.98
1386,332.32,335.22,342.58,348.77,352.77,363.53,370.1,382.03,410.35,435.67,411.84,0.1575,25900,100,0.98
1387,332.3,335.21,342.57,348.77,352.76,363.53,370.11,382.03,410.33,435.67,411.79,0.1575,25900,100,0.98
1388,332.3,335.21,342.57,348.77,352.76,363.55,370.13,382.05,410.34,435.65,411.75,0.1575,25900,100,0.98
1389,332.29,335.21,342.57,348.77,352.77,363.56,370.13,382.07,410.34,435.65,411.71,0.1575,25900,100,0.98
1390,332.29,335.2,342.56,348.77,352.77,363.57,370.14,382.08,410.35,435.66,411.69,0.1575,25900,100,0.98
1391,332.29,335.2,342.56,348.77,352.77,363.57,370.17,382.1,410.35,435.67,411.67,0.1575,25900,100,0.98
1392,332.27,335.18,342.53,348.77,352.77,363.57,370.17,382.11,410.35,435.66,411.66,0.1575,25900,100,0.98
1393,332.26,335.17,342.52,348.77,352.77,363.58,370.19,382.13,410.36,435.63,411.63,0.1575,25900,100,0.98
1394,332.26,335.16,342.53,348.77,352.78,363.59,370.21,382.14,410.38,435.59,411.61,0.1575,25900,100,0.98
1395,332.25,335.15,342.52,348.76,352.78,363.6,370.21,382.14,410.38,435.57,411.61,0.1575,25900,100,0.98
1396,332.25,335.15,342.51,348.76,352.78,363.6,370.22,382.16,410.39,435.58,411.61,0.1575,25900,100,0.98
1397,332.24,335.13,342.51,348.76,352.78,363.61,370.23,382.18,410.41,435.57,411.62,0.1575,25900,100,0.98
1398,332.22,335.12,342.49,348.76,352.78,363.62,370.24,382.2,410.41,435.58,411.61,0.1575,25900,100,0.98
1399,332.22,335.12,342.49,348.77,352.78,363.63,370.25,382.21,410.42,435.56,411.59,0.1575,25900,100,0.98
1400,332.22,335.12,342.48,348.76,352.78,363.64,370.26,382.22,410.43,435.55,411.55,0.1575,25900,100,0.98
1401,332.2,335.1,342.47,348.75,352.78,363.63,370.26,382.23,410.43,435.57,411.48,0.1575,25900,100,0.98
1402,332.19,335.09,342.46,348.76,352.79,363.65,370.28,382.25,410.45,435.57,411.43,0.1575,25900,100,0.98
1403,332.19,335.09,342.46,348.76,352.79,363.64,370.29,382.24,410.46,435.56,411.43,0.1575,25900,100,0.98
1404,332.18,335.08,342.44,348.75,352.78,363.65,370.3,382.25,410.46,435.56,411.45,0.1575,25900,100,0.98
1405,332.16,335.07,342.43,348.75,352.78,363.66,370.31,382.27,410.46,435.57,411.5,0.1575,25900,100,0.98
1406,332.15,335.06,342.42,348.75,352.78,363.67,370.33,382.3,410.48,435.57,411.55,0.1575,25900,100,0.98
1407,332.15,335.05,342.42,348.76,352.78,363.68,370.34,382.31,410.5,435.57,411.61,0.1575,25900,100,0.98
1408,332.15,335.05,342.42,348.76,352.79,363.68,370.36,382.32,410.51,435.57,411.68,0.1575,25900,100,0.98
1409,332.14,335.05,342.41,348.75,352.79,363.69,370.37,382.33,410.52,435.62,411.73,0.1575,25900,100,0.98
1410,332.12,335.03,342.4,348.75,352.79,363.7,370.38,382.36,410.54,435.67,411.8,0.1575,25900,100,0.98
1411,332.11,335.02,342.39,348.75,352.78,363.7,370.4,382.37,410.55,435.68,411.87,0.1575,25900,100,0.98
1412,332.09,335.01,342.38,348.74,352.79,363.71,370.41,382.37,410.57,435.68,411.94,0.1575,25900,100,0.98
1413,332.09,335.0,342.37,348.74,352.79,363.71,370.42,382.39,410.58,435.69,411.97,0.1575,25900,100,0.98
1414,332.08,334.99,342.36,348.74,352.79,363.72,370.43,382.4,410.6,435.71,412.0,0.1575,25900,100,0.98
1415,332.07,334.98,342.36,348.73,352.79,363.73,370.44,382.42,410.61,435.7,412.04,0.1575,25900,100,0.98
1416,332.06,334.99,342.36,348.74,352.79,363.74,370.45,382.43,410.63,435.69,412.1,0.1575,25900,100,0.98
1417,332.05,334.97,342.35,348.73,352.79,363.75,370.45,382.45,410.63,435.69,412.14,0.1575,25900,100,0.98
1418,332.04,334.96,342.35,348.72,352.79,363.76,370.46,382.45,410.65,435.71,412.16,0.1575,25900,100,0.98
1419,332.03,334.95,342.33,348.72,352.8,363.75,370.48,382.47,410.68,435.74,412.2,0.1575,25900,100,0.98
1420,332.02,334.95,342.32,348.72,352.8,363.77,370.49,382.48,410.7,435.73,412.24,0.1575,25900,100,0.98
1421,332.0,334.93,342.32,348.71,352.79,363.78,370.5,382.49,410.72,435.74,412.29,0.1575,25900,100,0.98
1422,331.99,334.93,342.31,348.71,352.8,363.8,370.51,382.51,410.74,435.77,412.35,0.1575,25900,100,0.98
1423,331.99,334.92,342.31,348.71,352.81,363.81,370.53,382.53,410.76,435.77,412.4,0.1575,25900,100,0.98
1424,331.97,334.92,342.29,348.71,352.81,363.81,370.54,382.54,410.78,435.82,412.42,0.1575,25900,100,0.98
1425,331.96,334.92,342.29,348.71,352.81,363.82,370.54,382.55,410.78,435.88,412.44,0.1575,25900,100,0.98
1426,331.94,334.89,342.27,348.7,352.8,363.83,370.53,382.56,410.78,435.88,412.46,0.1575,25900,100,0.98
1427,331.93,334.88,342.27,348.7,352.8,363.83,370.54,382.57,410.8,435.9,412.49,0.1575,25900,100,0.98
1428,331.93,334.89,342.28,348.7,352.81,363.84,370.56,382.59,410.82,435.91,412.5,0.1575,25900,100,0.98
1429,331.91,334.87,342.27,348.7,352.81,363.85,370.57,382.6,410.83,435.85,412.5,0.1575,25900,100,0.98
1430,331.9,334.86,342.25,348.69,352.81,363.87,370.58,382.62,410.85,435.79,412.56,0.1575,25900,100,0.98
1431,331.88,334.85,342.24,348.69,352.81,363.87,370.59,382.64,410.86,435.77,412.61,0.1575,25900,100,0.98
1432,331.87,334.84,342.23,348.7,352.8,363.88,370.59,382.65,410.87,435.76,412.64,0.1575,25900,100,0.98
1433,331.87,334.83,342.23,348.69,352.81,363.89,370.6,382.65,410.88,435.71,412.64,0.1575,25900,100,0.98
1434,331.85,334.83,342.23,348.67,352.81,363.89,370.61,382.67,410.9,435.7,412.61,0.1575,25900,100,0.98
1435,331.84,334.82,342.22,348.67,352.8,363.89,370.61,382.68,410.91,435.7,412.55,0.1575,25900,100,0.98
1436,331.83,334.81,342.22,348.67,352.81,363.9,370.62,382.69,410.92,435.73,412.47,0.1575,25900,100,0.98
1437,331.83,334.81,342.22,348.67,352.81,363.91,370.64,382.7,410.93,435.75,412.39,0.1575,25900,100,0.98
1438,331.82,334.8,342.21,348.66,352.82,363.92,370.65,382.72,410.93,435.8,412.29,0.1575,25900,100,0.98
1439,331.81,334.79,342.22,348.65,352.83,363.92,370.67,382.73,410.94,435.8,412.23,0.1575,25900,100,0.98
1440,331.81,334.79,342.21,348.66,352.83,363.93,370.69,382.74,410.95,435.82,412.21,0.1575,25900,100,0.98
1441,331.81,334.78,342.21,348.65,352.84,363.94,370.69,382.76,410.95,435.82,412.2,0.1575,25900,100,0.98
1442,331.8,334.78,342.19,348.65,352.83,363.95,370.7,382.77,410.95,435.81,412.19,0.1575,25900,100,0.98
1443,331.77,334.76,342.18,348.65,352.83,363.95,370.7,382.79,410.96,435.8,412.18,0.1575,25900,100,0.98
1444,331.76,334.76,342.18,348.65,352.83,363.96,370.71,382.79,410.97,435.81,412.16,0.1575,25900,100,0.98
1445,331.76,334.74,342.17,348.65,352.83,363.97,370.72,382.81,410.97,435.82,412.13,0.1575,25900,100,0.98
1446,331.75,334.74,342.17,348.64,352.84,363.98,370.73,382.83,410.99,435.84,412.11,0.1575,25900,100,0.98
1447,331.73,334.73,342.17,348.64,352.84,363.99,370.74,382.84,411.01,435.81,412.1,0.1575,25900,100,0.98
1448,331.73,334.72,342.15,348.64,352.84,363.99,370.75,382.85,411.02,435.78,412.12,0.1575,25900,100,0.98
1449,331.71,334.72,342.15,348.63,352.83,364.0,370.76,382.86,411.03,435.75,412.18,0.1575,25900,100,0.98
1450,331.71,334.7,342.15,348.62,352.85,364.0,370.77,382.87,411.04,435.73,412.24,0.1575,25900,100,0.98
1451,331.7,334.69,342.14,348.62,352.84,364.0,370.78,382.88,411.05,435.72,412.31,0.1575,25900,100,0.98
1452,331.69,334.68,342.14,348.62,352.85,364.01,370.79,382.9,411.06,435.77,412.35,0.1575,25900,100,0.98
1453,331.68,334.68,342.13,348.63,352.85,364.02,370.79,382.91,411.08,435.82,412.36,0.1575,25900,100,0.98
1454,331.66,334.67,342.12,348.61,352.85,364.02,370.81,382.92,411.1,435.85,412.37,0.1575,25900,100,0.98
1455,331.66,334.65,342.12,348.61,352.85,364.03,370.82,382.93,411.12,435.87,412.4,0.1575,25900,100,0.98
1456,331.65,334.65,342.12,348.61,352.86,364.04,370.84,382.94,411.14,435.86,412.45,0.1575,25900,100,0.98
1457,331.64,334.63,342.1,348.6,352.86,364.05,370.84,382.95,411.16,435.87,412.48,0.1575,25900,100,0.98
1458,331.62,334.62,342.09,348.59,352.85,364.04,370.86,382.97,411.16,435.88,412.48,0.1575,25900,100,0.98
1459,331.62,334.62,342.08,348.59,352.85,364.05,370.87,382.98,411.18,435.91,412.5,0.1575,25900,100,0.98
1460,331.61,334.6,342.08,348.59,352.86,364.06,370.87,382.99,411.19,435.92,412.5,0.1575,25900,100,0.98
1461,331.61,334.6,342.08,348.59,352.85,364.07,370.88,383.01,411.2,435.95,412.5,0.1575,25900,100,0.98
1462,331.59,334.59,342.07,348.57,352.85,364.08,370.9,383.02,411.21,435.95,412.48,0.1575,25900,100,0.98
1463,331.59,334.58,342.07,348.58,352.86,364.09,370.91,383.03,411.21,435.97,412.45,0.1575,25900,100,0.98
1464,331.58,334.57,342.06,348.58,352.86,364.09,370.92,383.04,411.23,435.99,412.38,0.1575,25900,100,0.98
1465,331.56,334.56,342.05,348.58,352.86,364.1,370.95,383.06,411.24,436.03,412.3,0.1575,25900,100,0.98
1466,331.56,334.56,342.05,348.57,352.87,364.11,370.95,383.08,411.24,436.07,412.24,0.1575,25900,100,0.98
1467,331.55,334.55,342.03,348.57,352.87,364.12,370.95,383.09,411.25,436.07,412.2,0.1575,25900,100,0.98
1468,331.54,334.54,342.02,348.56,352.86,364.11,370.96,383.09,411.24,436.09,412.17,0.1575,25900,100,0.98
1469,331.53,334.52,342.01,348.57,352.86,364.13,370.97,383.11,411.25,436.11,412.17,0.1575,25900,100,0.98
1470,331.53,334.53,342.01,348.57,352.87,364.14,370.99,383.13,411.26,436.11,412.17,0.1575,25900,100,0.98
1471,331.52,334.52,341.99,348.57,352.87,364.14,370.99,383.13,411.25,436.11,412.15,0.1575,25900,100,0.98
1472,331.52,334.51,341.99,348.58,352.86,364.14,371.01,383.14,411.26,436.11,412.14,0.1575,25900,100,0.98
1473,331.52,334.51,341.98,348.59,352.87,364.15,371.04,383.16,411.28,436.09,412.14,0.1575,25900,100,0.98
1474,331.5,334.5,341.97,348.59,352.87,364.17,371.07,383.19,411.29,436.11,412.15,0.1575,25900,100,0.98
1475,331.49,334.5,341.97,348.59,352.88,364.17,371.07,383.2,411.29,436.11,412.18,0.1575,25900,100,0.98
1476,331.47,334.49,341.97,348.59,352.88,364.18,371.08,383.21,411.3,436.13,412.19,0.1575,25900,100,0.98
1477,331.46,334.49,341.96,348.58,352.88,364.2,371.08,383.22,411.32,436.12,412.22,0.1575,25900,100,0.98
1478,331.45,334.48,341.95,348.58,352.88,364.21,371.08,383.24,411.33,436.17,412.24,0.1575,25900,100,0.98
1479,331.44,334.47,341.95,348.57,352.88,364.21,371.08,383.25,411.34,436.18,412.23,0.1575,25900,100,0.98
1480,331.44,334.47,341.94,348.57,352.89,364.22,371.08,383.26,411.34,436.2,412.21,0.1575,25900,100,0.98
1481,331.42,334.46,341.95,348.57,352.89,364.23,371.09,383.27,411.36,436.21,412.18,0.1575,25900,100,0.98
1482,331.41,334.44,341.94,348.56,352.89,364.24,371.1,383.27,411.37,436.18,412.15,0.1575,25900,100,0.98
1483,331.4,334.44,341.93,348.56,352.88,364.24,371.11,383.29,411.38,436.21,412.12,0.1575,25900,100,0.98
1484,331.39,334.42,341.93,348.55,352.89,364.25,371.12,383.3,411.39,436.2,412.08,0.1575,25900,100,0.98
1485,331.38,334.41,341.92,348.54,352.89,364.25,371.13,383.31,411.4,436.17,412.02,0.1575,25900,100,0.98
1486,331.37,334.4,341.91,348.53,352.89,364.26,371.15,383.32,411.41,436.14,411.99,0.1575,25900,100,0.98
1487,331.36,334.39,341.91,348.53,352.89,364.26,371.15,383.33,411.41,436.13,411.97,0.1575,25900,100,0.98
1488,331.36,334.37,341.89,348.52,352.89,364.27,371.17,383.34,411.42,436.17,411.95,0.1575,25900,100,0.98
1489,331.35,334.37,341.89,348.52,352.89,364.28,371.17,383.36,411.42,436.22,411.93,0.1575,25900,100,0.98
1490,331.33,334.36,341.88,348.52,352.89,364.29,371.17,383.37,411.43,436.27,411.95,0.1575,25900,100,0.98
1491,331.33,334.35,341.87,348.51,352.89,364.29,371.19,383.38,411.45,436.27,411.99,0.1575,25900,100,0.98
1492,331.36,334.34,341.86,348.51,352.89,364.29,371.21,383.39,411.45,436.23,412.01,0.1575,25900,100,0.98
1493,331.31,334.33,341.85,348.51,352.89,364.29,371.22,383.41,411.47,436.32,412.02,0.1575,25900,100,0.98
1494,331.3,334.33,341.85,348.52,352.89,364.3,371.24,383.42,411.47,436.33,412.02,0.1575,25900,100,0.98
1495,331.29,334.31,341.84,348.52,352.9,364.32,371.24,383.45,411.49,436.31,412.05,0.1575,25900,100,0.98
1496,331.29,334.31,341.83,348.52,352.9,364.32,371.25,383.45,411.5,436.28,412.1,0.1575,25900,100,0.98
1497,331.28,334.3,341.84,348.51,352.91,364.32,371.27,383.46,411.52,436.19,412.17,0.1575,25900,100,0.98
1498,331.27,334.3,341.82,348.52,352.91,364.34,371.28,383.48,411.52,436.13,412.26,0.1575,25900,100,0.98
1499,331.27,334.29,341.81,348.52,352.91,364.34,371.29,383.49,411.54,436.09,412.34,0.1575,25900,100,0.98
1500,331.26,334.28,341.8,348.51,352.91,364.34,371.3,383.5,411.55,436.08,412.4,0.1575,25900,100,0.98
1501,331.24,334.26,341.79,348.51,352.92,364.36,371.32,383.52,411.57,436.1,412.44,0.1575,25900,100,0.98
1502,331.23,334.26,341.79,348.52,352.92,364.37,371.32,383.54,411.58,436.11,412.46,0.1575,25900,100,0.98
1503,331.22,334.26,341.78,348.51,352.92,364.37,371.33,383.54,411.59,436.13,412.47,0.1575,25900,100,0.98
1504,331.21,334.25,341.78,348.51,352.92,364.37,371.34,383.55,411.6,436.13,412.5,0.1575,25900,100,0.98
1505,331.2,334.23,341.77,348.5,352.92,364.38,371.35,383.56,411.62,436.15,412.55,0.1575,25900,100,0.98
1506,331.2,334.23,341.76,348.49,352.92,364.39,371.36,383.57,411.62,436.18,412.58,0.1575,25900,100,0.98
1507,331.17,334.22,341.75,348.49,352.92,364.4,371.36,383.59,411.63,436.22,412.64,0.1575,25900,100,0.98
1508,331.17,334.2,341.75,348.5,352.92,364.41,371.36,383.59,411.64,436.24,412.68,0.1575,25900,100,0.98
1509,331.15,334.19,341.74,348.49,352.91,364.41,371.37,383.61,411.66,436.26,412.74,0.1575,25900,100,0.98
1510,331.14,334.19,341.75,348.48,352.93,364.42,371.4,383.62,411.68,436.31,412.75,0.1575,25900,100,0.98
1511,331.14,334.18,341.74,348.47,352.93,364.43,371.4,383.63,411.69,436.31,412.73,0.1575,25900,100,0.98
1512,331.13,334.17,341.73,348.48,352.93,364.42,371.41,383.63,411.69,436.31,412.72,0.1575,25900,100,0.98
1513,331.11,334.16,341.72,348.47,352.92,364.44,371.41,383.65,411.7,436.28,412.72,0.1575,25900,100,0.98
1514,331.1,334.15,341.71,348.48,352.92,364.46,371.42,383.67,411.71,436.27,412.76,0.1575,25900,100,0.98
1515,331.09,334.15,341.72,348.47,352.93,364.46,371.44,383.67,411.72,436.28,412.8,0.1575,25900,100,0.98
1516,331.09,334.14,341.7,348.47,352.93,364.46,371.44,383.68,411.73,436.3,412.83,0.1575,25900,100,0.98
1517,331.08,334.14,341.7,348.46,352.94,364.47,371.46,383.69,411.74,436.34,412.86,0.1575,25900,100,0.98
1518,331.07,334.12,341.69,348.46,352.94,364.48,371.46,383.71,411.76,436.34,412.88,0.1575,25900,100,0.98
1519,331.06,334.12,341.69,348.47,352.94,364.48,371.48,383.72,411.77,436.34,412.88,0.1575,25900,100,0.98
1520,331.05,334.11,341.68,348.45,352.94,364.49,371.48,383.73,411.79,436.36,412.87,0.1575,25900,100,0.98
1521,331.04,334.1,341.68,348.45,352.95,364.49,371.5,383.74,411.8,436.38,412.88,0.1575,25900,100,0.98
1522,331.03,334.1,341.67,348.44,352.95,364.5,371.49,383.75,411.81,436.41,412.86,0.1575,25900,100,0.98
1523,331.02,334.09,341.67,348.45,352.95,364.51,371.51,383.76,411.8,436.43,412.84,0.1575,25900,100,0.98
1524,331.01,334.07,341.65,348.45,352.94,364.51,371.51,383.77,411.82,436.43,412.83,0.1575,25900,100,0.98
1525,331.0,334.08,341.65,348.44,352.95,364.52,371.52,383.79,411.83,436.47,412.84,0.1575,25900,100,0.98
1526,331.0,334.06,341.63,348.43,352.94,364.53,371.53,383.8,411.83,436.47,412.85,0.1575,25900,100,0.98
1527,330.98,334.05,341.62,348.43,352.94,364.53,371.53,383.81,411.84,436.49,412.87,0.1575,25900,100,0.98
1528,330.96,334.03,341.61,348.44,352.94,364.55,371.55,383.82,411.86,436.48,412.9,0.1575,25900,100,0.98
1529,330.96,334.03,341.61,348.44,352.95,364.55,371.55,383.85,411.87,436.49,412.91,0.1575,25900,100,0.98
1530,330.94,334.02,341.6,348.44,352.95,364.56,371.56,383.86,411.89,436.46,412.92,0.1575,25900,100,0.98
1531,330.93,334.02,341.6,348.44,352.95,364.56,371.57,383.87,411.88,436.46,412.92,0.1575,25900,100,0.98
1532,330.92,334.0,341.59,348.43,352.95,364.57,371.58,383.89,411.9,436.42,412.93,0.1575,25900,100,0.98
1533,330.91,333.99,341.59,348.43,352.95,364.58,371.59,383.89,411.91,436.42,412.94,0.1575,25900,100,0.98
1534,330.91,333.99,341.58,348.43,352.96,364.58,371.61,383.9,411.92,436.38,412.96,0.1575,25900,100,0.98
1535,330.89,333.99,341.58,348.43,352.97,364.6,371.62,383.92,411.94,436.37,412.99,0.1575,25900,100,0.98
1536,330.89,333.98,341.58,348.43,352.96,364.6,371.62,383.93,411.94,436.36,413.01,0.1575,25900,100,0.98
1537,330.87,333.97,341.56,348.44,352.97,364.61,371.63,383.95,411.95,436.37,413.09,0.1575,25900,100,0.98
1538,330.86,333.96,341.56,348.43,352.97,364.62,371.65,383.96,411.97,436.39,413.14,0.1575,25900,100,0.98
1539,330.85,333.95,341.56,348.43,352.97,364.64,371.65,383.98,411.97,436.43,413.16,0.1575,25900,100,0.98
1540,330.85,333.94,341.55,348.44,352.98,364.64,371.67,383.99,411.99,436.43,413.17,0.1575,25900,100,0.98
1541,330.84,333.93,341.54,348.42,352.98,364.64,371.68,384.0,412.0,436.41,413.19,0.1575,25900,100,0.98
1542,330.83,333.92,341.54,348.41,352.98,364.65,371.68,384.01,412.01,436.37,413.22,0.1575,25900,100,0.98
1543,330.83,333.91,341.53,348.42,352.97,364.65,371.69,384.02,412.01,436.37,413.27,0.1575,25900,100,0.98
1544,330.81,333.9,341.53,348.41,352.98,364.65,371.7,384.02,412.04,436.38,413.32,0.1575,25900,100,0.98
1545,330.81,333.88,341.51,348.4,352.98,364.66,371.72,384.04,412.05,436.4,413.35,0.1575,25900,100,0.98
1546,330.79,333.87,341.51,348.4,352.98,364.66,371.74,384.05,412.06,436.44,413.32,0.1575,25900,100,0.98
1547,330.78,333.87,341.51,348.39,352.98,364.66,371.74,384.06,412.08,436.47,413.28,0.1575,25900,100,0.98
1548,330.77,333.85,341.5,348.39,352.98,364.67,371.75,384.08,412.08,436.49,413.25,0.1575,25900,100,0.98
1549,330.77,333.84,341.5,348.39,352.98,364.69,371.76,384.09,412.09,436.55,413.2,0.1575,25900,100,0.98
1550,330.74,333.84,341.48,348.39,352.98,364.7,371.77,384.11,412.08,436.54,413.19,0.1575,25900,100,0.98
1551,330.74,333.82,341.47,348.38,352.98,364.69,371.78,384.12,412.09,436.53,413.17,0.1575,25900,100,0.98
1552,330.73,333.81,341.47,348.38,352.98,364.71,371.78,384.13,412.09,436.52,413.17,0.1575,25900,100,0.98
1553,330.73,333.81,341.45,348.39,352.97,364.71,371.8,384.15,412.1,436.47,413.2,0.1575,25900,100,0.98
1554,330.71,333.8,341.44,348.39,352.98,364.72,371.81,384.16,412.1,436.42,413.22,0.1575,25900,100,0.98
1555,330.7,333.79,341.44,348.4,352.99,364.72,371.82,384.18,412.11,436.39,413.28,0.1575,25900,100,0.98
1556,330.7,333.78,341.42,348.4,352.99,364.73,371.84,384.19,412.14,436.39,413.38,0.1575,25900,100,0.98
1557,330.69,333.77,341.41,348.4,352.99,364.74,371.85,384.2,412.14,436.38,413.43,0.1575,25900,100,0.98
1558,330.67,333.75,341.4,348.4,352.98,364.74,371.85,384.21,412.15,436.38,413.49,0.1575,25900,100,0.98
1559,330.67,333.74,341.4,348.4,352.99,364.75,371.86,384.23,412.17,436.41,413.56,0.1575,25900,100,0.98
1560,330.66,333.75,341.4,348.4,352.99,364.75,371.88,384.23,412.19,436.45,413.59,0.1575,25900,100,0.98
1561,330.65,333.74,341.39,348.4,352.99,364.76,371.89,384.25,412.19,436.49,413.61,0.1575,25900,100,0.98
1562,330.65,333.74,341.4,348.39,353.01,364.77,371.91,384.26,412.21,436.58,413.63,0.1575,25900,100,0.98
1563,330.64,333.73,341.39,348.4,353.01,364.78,371.92,384.27,412.23,436.62,413.61,0.1575,25900,100,0.98
1564,330.62,333.72,341.38,348.4,353.0,364.78,371.92,384.28,412.23,436.65,413.59,0.1575,25900,100,0.98
1565,330.62,333.71,341.38,348.39,353.01,364.79,371.94,384.29,412.25,436.64,413.59,0.1575,25900,100,0.98
1566,330.6,333.68,341.37,348.39,353.0,364.79,371.95,384.31,412.25,436.61,413.59,0.1575,25900,100,0.98
1567,330.6,333.68,341.36,348.38,353.01,364.79,371.96,384.32,412.26,436.57,413.65,0.1575,25900,100,0.98
1568,330.59,333.67,341.35,348.38,353.0,364.8,371.97,384.32,412.27,436.56,413.71,0.1575,25900,100,0.98
1569,330.59,333.67,341.34,348.38,353.01,364.81,371.98,384.33,412.29,436.53,413.81,0.1575,25900,100,0.98
1570,330.59,333.67,341.35,348.39,353.02,364.81,371.98,384.35,412.31,436.56,413.88,0.1575,25900,100,0.98
1571,330.59,333.66,341.35,348.38,353.02,364.82,372.0,384.36,412.33,436.61,413.95,0.1575,25900,100,0.98
1572,330.57,333.65,341.34,348.38,353.02,364.82,372.02,384.37,412.34,436.67,414.03,0.1575,25900,100,0.98
1573,330.55,333.64,341.33,348.38,353.02,364.84,372.03,384.39,412.35,436.71,414.08,0.1575,25900,100,0.98
1574,330.54,333.63,341.32,348.38,353.01,364.85,372.03,384.4,412.35,436.75,414.09,0.1575,25900,100,0.98
1575,330.53,333.62,341.31,348.38,353.01,364.85,372.03,384.41,412.36,436.75,414.11,0.1575,25900,100,0.98
1576,330.52,333.61,341.31,348.37,353.01,364.86,372.05,384.42,412.38,436.73,414.12,0.1575,25900,100,0.98
1577,330.52,333.6,341.3,348.36,353.02,364.87,372.06,384.43,412.39,436.73,414.13,0.1575,25900,100,0.98
1578,330.51,333.6,341.3,348.37,353.02,364.88,372.08,384.45,412.41,436.77,414.16,0.1575,25900,100,0.98
1579,330.5,333.6,341.29,348.36,353.03,364.88,372.08,384.46,412.43,436.79,414.19,0.1575,25900,100,0.98
1580,330.48,333.59,341.28,348.36,353.01,364.88,372.08,384.46,412.44,436.84,414.23,0.1575,25900,100,0.98
1581,330.48,333.58,341.28,348.36,353.03,364.9,372.09,384.48,412.45,436.85,414.3,0.1575,25900,100,0.98
1582,330.47,333.58,341.28,348.36,353.03,364.9,372.12,384.48,412.47,436.84,414.36,0.1575,25900,100,0.98
1583,330.46,333.56,341.26,348.35,353.03,364.9,372.12,384.5,412.5,436.82,414.43,0.1575,25900,100,0.98
1584,330.45,333.56,341.26,348.36,353.03,364.91,372.13,384.51,412.51,436.79,414.47,0.1575,25900,100,0.98
1585,330.45,333.56,341.26,348.36,353.04,364.92,372.16,384.53,412.53,436.76,414.51,0.1575,25900,100,0.98
1586,330.44,333.56,341.25,348.36,353.05,364.93,372.16,384.54,412.53,436.76,414.56,0.1575,25900,100,0.98
1587,330.44,333.55,341.25,348.36,353.05,364.94,372.16,384.55,412.53,436.79,414.61,0.1575,25900,100,0.98
1588,330.43,333.54,341.24,348.36,353.05,364.94,372.17,384.56,412.54,436.8,414.64,0.1575,25900,100,0.98
1589,330.42,333.54,341.23,348.35,353.04,364.94,372.17,384.57,412.55,436.78,414.65,0.1575,25900,100,0.98
1590,330.4,333.52,341.22,348.34,353.04,364.95,372.18,384.58,412.56,436.76,414.7,0.1575,25900,100,0.98
1591,330.38,333.5,341.21,348.34,353.04,364.96,372.19,384.59,412.58,436.73,414.75,0.1575,25900,100,0.98
1592,330.38,333.5,341.19,348.33,353.04,364.96,372.2,384.59,412.58,436.7,414.78,0.1575,25900,100,0.98
1593,330.36,333.47,341.18,348.33,353.03,364.96,372.19,384.61,412.59,436.67,414.81,0.1575,25900,100,0.98
1594,330.35,333.47,341.18,348.33,353.04,364.97,372.2,384.62,412.61,436.63,414.85,0.1575,25900,100,0.98
1595,330.35,333.48,341.18,348.32,353.05,364.99,372.23,384.63,412.62,436.64,414.93,0.1575,25900,100,0.98
1596,330.35,333.47,341.17,348.32,353.04,364.99,372.23,384.64,412.63,436.63,414.97,0.1575,25900,100,0.98
1597,330.32,333.45,341.16,348.32,353.05,364.99,372.23,384.65,412.65,436.65,415.0,0.1575,25900,100,0.98
1598,330.33,333.45,341.16,348.32,353.06,365.01,372.25,384.67,412.67,436.71,415.02,0.1575,25900,100,0.98
1599,330.32,333.45,341.16,348.32,353.06,365.01,372.27,384.67,412.68,436.74,414.99,0.1575,25900,100,0.98
1600,330.3,333.45,341.16,348.31,353.06,365.01,372.3,384.69,412.7,436.76,414.95,0.1575,25900,100,0.98
1601,330.3,333.43,341.15,348.32,353.06,365.02,372.3,384.71,412.7,436.81,414.94,0.1575,25900,100,0.98
1602,330.28,333.42,341.14,348.31,353.06,365.04,372.3,384.71,412.71,436.89,414.93,0.1575,25900,100,0.98
1603,330.27,333.41,341.13,348.31,353.06,365.05,372.3,384.73,412.71,436.94,414.92,0.1575,25900,100,0.98
1604,330.27,333.4,341.13,348.32,353.06,365.06,372.32,384.74,412.73,436.95,414.95,0.1575,25900,100,0.98
1605,330.26,333.4,341.13,348.31,353.06,365.06,372.34,384.75,412.74,436.97,414.98,0.1575,25900,100,0.98
1606,330.25,333.39,341.12,348.31,353.06,365.06,372.34,384.76,412.74,437.01,415.01,0.1575,25900,100,0.98
1607,330.24,333.38,341.11,348.31,353.06,365.07,372.35,384.78,412.74,437.02,415.02,0.1575,25900,100,0.98
1608,330.23,333.37,341.11,348.31,353.07,365.07,372.36,384.78,412.77,437.0,415.03,0.1575,25900,100,0.98
1609,330.21,333.37,341.1,348.3,353.07,365.07,372.37,384.79,412.77,436.98,415.03,0.1575,25900,100,0.98
1610,330.2,333.35,341.09,348.29,353.07,365.09,372.38,384.82,412.79,436.98,415.06,0.1575,25900,100,0.98
1611,330.19,333.35,341.09,348.29,353.08,365.09,372.39,384.81,412.8,436.98,415.1,0.1575,25900,100,0.98
1612,330.19,333.35,341.09,348.28,353.08,365.09,372.4,384.82,412.82,436.97,415.13,0.1575,25900,100,0.98
1613,330.19,333.35,341.09,348.28,353.09,365.1,372.42,384.83,412.82,436.98,415.17,0.1575,25900,100,0.98
1614,330.17,333.33,341.08,348.28,353.08,365.12,372.41,384.85,412.82,437.02,415.21,0.1575,25900,100,0.98
1615,330.16,333.32,341.06,348.28,353.08,365.12,372.41,384.86,412.83,437.01,415.23,0.1575,25900,100,0.98
1616,330.14,333.31,341.06,348.28,353.07,365.13,372.42,384.87,412.84,437.04,415.25,0.1575,25900,100,0.98
1617,330.14,333.31,341.06,348.27,353.09,365.13,372.44,384.88,412.86,437.07,415.28,0.1575,25900,100,0.98
1618,330.12,333.3,341.05,348.27,353.08,365.13,372.45,384.89,412.87,437.08,415.28,0.1575,25900,100,0.98
1619,330.11,333.28,341.04,348.26,353.08,365.15,372.45,384.91,412.88,437.09,415.29,0.1575,25900,100,0.98
1620,330.1,333.28,341.04,348.27,353.09,365.16,372.47,384.92,412.88,437.09,415.31,0.1575,25900,100,0.98
1621,330.1,333.27,341.04,348.27,353.09,365.16,372.47,384.93,412.89,437.08,415.33,0.1575,25900,100,0.98
1622,330.09,333.26,341.02,348.26,353.09,365.18,372.48,384.95,412.9,437.08,415.34,0.1575,25900,100,0.98
1623,330.08,333.26,341.02,348.27,353.1,365.18,372.5,384.95,412.91,437.07,415.37,0.1575,25900,100,0.98
1624,330.07,333.25,341.01,348.26,353.1,365.18,372.5,384.96,412.92,437.08,415.38,0.1575,25900,100,0.98
1625,330.06,333.25,341.01,348.26,353.1,365.19,372.5,384.97,412.92,437.07,415.36,0.1575,25900,100,0.98
1626,330.05,333.23,340.99,348.25,353.1,365.2,372.51,384.99,412.94,437.09,415.34,0.1575,25900,100,0.98
1627,330.04,333.22,340.99,348.26,353.1,365.2,372.52,384.99,412.94,437.11,415.26,0.1575,25900,100,0.98
1628,330.03,333.21,340.99,348.26,353.1,365.22,372.54,385.0,412.95,437.14,415.16,0.1575,25900,100,0.98
1629,330.02,333.2,340.98,348.26,353.11,365.22,372.54,385.02,412.95,437.18,415.05,0.1575,25900,100,0.98
1630,330.01,333.19,340.98,348.26,353.1,365.24,372.55,385.03,412.96,437.21,414.93,0.1575,25900,100,0.98
1631,330.01,333.19,340.97,348.25,353.1,365.25,372.55,385.05,412.95,437.2,414.81,0.1575,25900,100,0.98
1632,330.0,333.19,340.97,348.26,353.12,365.25,372.56,385.06,412.98,437.21,414.7,0.1575,25900,100,0.98
1633,330.0,333.19,340.97,348.26,353.1,365.26,372.57,385.07,412.98,437.23,414.58,0.1575,25900,100,0.98
1634,329.99,333.17,340.96,348.25,353.12,365.27,372.57,385.07,412.97,437.22,414.46,0.1575,25900,100,0.98
1635,329.97,333.17,340.96,348.25,353.12,365.27,372.57,385.08,412.97,437.2,414.31,0.1575,25900,100,0.98
1636,329.96,333.15,340.95,348.25,353.12,365.28,372.58,385.1,412.98,437.19,414.16,0.1575,25900,100,0.98
1637,329.95,333.15,340.94,348.24,353.12,365.29,372.59,385.11,412.98,437.21,414.06,0.1575,25900,100,0.98
1638,329.94,333.14,340.94,348.24,353.12,365.29,372.59,385.11,412.98,437.2,413.98,0.1575,25900,100,0.98
1639,329.93,333.12,340.94,348.25,353.13,365.3,372.61,385.13,412.98,437.17,413.92,0.1575,25900,100,0.98
1640,329.93,333.12,340.93,348.23,353.12,365.3,372.62,385.14,412.99,437.18,413.85,0.1575,25900,100,0.98
1641,329.92,333.11,340.92,348.24,353.11,365.31,372.62,385.15,412.98,437.17,413.8,0.1575,25900,100,0.98
1642,329.9,333.1,340.91,348.23,353.11,365.31,372.62,385.17,412.97,437.15,413.73,0.1575,25900,100,0.98
1643,329.89,333.09,340.91,348.24,353.11,365.33,372.63,385.17,412.97,437.14,413.68,0.1575,25900,100,0.98
1644,329.88,333.08,340.9,348.23,353.11,365.33,372.64,385.19,412.98,437.16,413.6,0.1575,25900,100,0.98
1645,329.86,333.06,340.89,348.22,353.1,365.34,372.65,385.19,412.97,437.16,413.51,0.1575,25900,100,0.98
1646,329.86,333.06,340.89,348.21,353.12,365.34,372.66,385.2,412.98,437.18,413.48,0.1575,25900,100,0.98
1647,329.85,333.05,340.88,348.22,353.11,365.35,372.66,385.21,412.98,437.19,413.45,0.1575,25900,100,0.98
1648,329.84,333.04,340.87,348.21,353.11,365.36,372.68,385.23,413.0,437.19,413.44,0.1575,25900,100,0.98
1649,329.84,333.03,340.87,348.21,353.12,365.36,372.7,385.23,413.0,437.16,413.45,0.1575,25900,100,0.98
1650,329.83,333.03,340.87,348.2,353.13,365.37,372.71,385.24,413.01,437.18,413.47,0.1575,25900,100,0.98
1651,329.83,333.02,340.87,348.21,353.13,365.37,372.72,385.26,413.01,437.17,413.46,0.1575,25900,100,0.98
1652,329.83,333.01,340.86,348.2,353.13,365.38,372.73,385.25,413.02,437.21,413.45,0.1575,25900,100,0.98
1653,329.81,333.0,340.85,348.2,353.13,365.38,372.73,385.28,413.02,437.23,413.44,0.1575,25900,100,0.98
1654,329.79,332.99,340.84,348.19,353.13,365.4,372.75,385.29,413.03,437.27,413.44,0.1575,25900,100,0.98
1655,329.79,332.98,340.83,348.19,353.13,365.4,372.76,385.31,413.05,437.29,413.46,0.1575,25900,100,0.98
1656,329.78,332.98,340.84,348.19,353.14,365.4,372.77,385.31,413.06,437.3,413.45,0.1575,25900,100,0.98
1657,329.78,332.98,340.83,348.19,353.14,365.42,372.78,385.32,413.07,437.32,413.45,0.1575,25900,100,0.98
1658,329.77,332.97,340.83,348.2,353.15,365.43,372.79,385.34,413.08,437.32,413.43,0.1575,25900,100,0.98
1659,329.77,332.95,340.82,348.19,353.14,365.42,372.79,385.34,413.08,437.34,413.42,0.1575,25900,100,0.98
1660,329.74,332.94,340.81,348.19,353.14,365.43,372.8,385.35,413.07,437.35,413.42,0.1575,25900,100,0.98
1661,329.73,332.93,340.8,348.2,353.13,365.45,372.81,385.36,413.1,437.37,413.46,0.1575,25900,100,0.98
1662,329.73,332.92,340.79,348.19,353.14,365.45,372.82,385.37,413.11,437.38,413.53,0.1575,25900,100,0.98
1663,329.71,332.92,340.78,348.18,353.13,365.44,372.83,385.38,413.13,437.39,413.61,0.1575,25900,100,0.98
1664,329.71,332.9,340.77,348.18,353.13,365.45,372.83,385.39,413.13,437.39,413.65,0.1575,25900,100,0.98
1665,329.7,332.9,340.78,348.17,353.14,365.46,372.85,385.4,413.15,437.41,413.67,0.1575,25900,100,0.98
1666,329.69,332.89,340.76,348.18,353.14,365.46,372.86,385.42,413.17,437.4,413.71,0.1575,25900,100,0.98
1667,329.68,332.88,340.76,348.18,353.14,365.47,372.87,385.43,413.18,437.38,413.77,0.1575,25900,100,0.98
1668,329.67,332.87,340.75,348.18,353.14,365.47,372.88,385.43,413.2,437.37,413.86,0.1575,25900,100,0.98
1669,329.67,332.86,340.74,348.17,353.14,365.48,372.87,385.44,413.2,437.34,413.91,0.1575,25900,100,0.98
1670,329.65,332.85,340.73,348.16,353.13,365.48,372.88,385.45,413.21,437.34,413.99,0.1575,25900,100,0.98
1671,329.64,332.85,340.72,348.16,353.13,365.49,372.9,385.46,413.22,437.36,414.06,0.1575,25900,100,0.98
1672,329.63,332.84,340.72,348.16,353.14,365.5,372.91,385.47,413.24,437.37,414.19,0.1575,25900,100,0.98
1673,329.61,332.81,340.7,348.16,353.12,365.49,372.91,385.48,413.25,437.38,414.31,0.1575,25900,100,0.98
1674,329.6,332.81,340.69,348.17,353.13,365.51,372.91,385.51,413.26,437.41,414.4,0.1575,25900,100,0.98
1675,329.59,332.8,340.68,348.18,353.13,365.51,372.93,385.51,413.27,437.41,414.49,0.1575,25900,100,0.98
1676,329.58,332.78,340.68,348.17,353.13,365.51,372.94,385.52,413.3,437.41,414.58,0.1575,25900,100,0.98
1677,329.58,332.78,340.67,348.17,353.14,365.53,372.96,385.53,413.31,437.42,414.66,0.1575,25900,100,0.98
1678,329.58,332.79,340.67,348.17,353.14,365.53,372.97,385.55,413.33,437.42,414.73,0.1575,25900,100,0.98
1679,329.57,332.77,340.67,348.17,353.14,365.54,372.97,385.55,413.34,437.4,414.8,0.1575,25900,100,0.98
1680,329.56,332.77,340.66,348.16,353.14,365.55,372.98,385.56,413.36,437.41,414.93,0.1575,25900,100,0.98
1681,329.55,332.75,340.65,348.17,353.14,365.55,373.0,385.58,413.38,437.42,415.06,0.1575,25900,100,0.98
1682,329.54,332.75,340.64,348.16,353.15,365.54,373.01,385.59,413.4,437.43,415.13,0.1575,25900,100,0.98
1683,329.54,332.74,340.64,348.16,353.15,365.55,373.02,385.59,413.41,437.44,415.19,0.1575,25900,100,0.98
1684,329.53,332.73,340.63,348.16,353.15,365.57,373.03,385.6,413.43,437.45,415.22,0.1575,25900,100,0.98
1685,329.52,332.72,340.63,348.16,353.15,365.57,373.03,385.62,413.44,437.47,415.26,0.1575,25900,100,0.98
1686,329.51,332.72,340.62,348.16,353.16,365.58,373.05,385.63,413.45,437.48,415.29,0.1575,25900,100,0.98
1687,329.51,332.72,340.62,348.15,353.16,365.59,373.05,385.63,413.47,437.45,415.33,0.1575,25900,100,0.98
1688,329.5,332.71,340.6,348.16,353.15,365.59,373.06,385.65,413.47,437.46,415.38,0.1575,25900,100,0.98
1689,329.49,332.69,340.59,348.15,353.16,365.6,373.07,385.66,413.49,437.41,415.46,0.1575,25900,100,0.98
1690,329.48,332.67,340.58,348.15,353.16,365.6,373.07,385.67,413.5,437.39,415.53,0.1575,25900,100,0.98
1691,329.46,332.67,340.58,348.14,353.16,365.61,373.08,385.68,413.51,437.38,415.57,0.1575,25900,100,0.98
1692,329.46,332.67,340.59,348.14,353.17,365.61,373.1,385.7,413.53,437.39,415.61,0.1575,25900,100,0.98
1693,329.45,332.66,340.57,348.13,353.17,365.62,373.11,385.7,413.53,437.44,415.6,0.1575,25900,100,0.98
1694,329.44,332.65,340.57,348.13,353.17,365.64,373.11,385.72,413.55,437.5,415.61,0.1575,25900,100,0.98
1695,329.43,332.66,340.56,348.13,353.18,365.63,373.12,385.72,413.56,437.54,415.57,0.1575,25900,100,0.98
1696,329.43,332.65,340.57,348.12,353.18,365.63,373.14,385.73,413.58,437.58,415.55,0.1575,25900,100,0.98
1697,329.42,332.64,340.55,348.13,353.18,365.65,373.13,385.75,413.59,437.6,415.55,0.1575,25900,100,0.98
1698,329.41,332.63,340.54,348.12,353.18,365.64,373.15,385.76,413.61,437.6,415.57,0.1575,25900,100,0.98
1699,329.39,332.62,340.53,348.13,353.18,365.65,373.16,385.76,413.62,437.59,415.59,0.1575,25900,100,0.98
1700,329.39,332.61,340.53,348.12,353.17,365.65,373.17,385.77,413.62,437.57,415.63,0.1575,25900,100,0.98
1701,329.38,332.6,340.52,348.13,353.18,365.66,373.18,385.78,413.64,437.48,415.68,0.1575,25900,100,0.98
1702,329.37,332.6,340.52,348.12,353.18,365.67,373.19,385.8,413.65,437.49,415.72,0.1575,25900,100,0.98
1703,329.36,332.58,340.51,348.13,353.18,365.68,373.2,385.81,413.66,437.45,415.76,0.1575,25900,100,0.98
1704,329.36,332.58,340.5,348.13,353.19,365.67,373.21,385.82,413.67,437.43,415.8,0.1575,25900,100,0.98
1705,329.34,332.56,340.5,348.12,353.19,365.68,373.21,385.83,413.68,437.41,415.83,0.1575,25900,100,0.98
1706,329.34,332.56,340.49,348.12,353.18,365.7,373.22,385.85,413.69,437.39,415.83,0.1575,25900,100,0.98
1707,329.33,332.56,340.49,348.12,353.2,365.7,373.25,385.85,413.72,437.4,415.84,0.1575,25900,100,0.98
1708,329.32,332.55,340.49,348.12,353.21,365.7,373.26,385.86,413.74,437.39,415.83,0.1575,25900,100,0.98
1709,329.32,332.54,340.48,348.12,353.21,365.72,373.27,385.87,413.75,437.4,415.81,0.1575,25900,100,0.98
1710,329.3,332.54,340.48,348.11,353.21,365.73,373.28,385.89,413.75,437.43,415.76,0.1575,25900,100,0.98
1711,329.3,332.54,340.47,348.12,353.22,365.73,373.29,385.91,413.76,437.44,415.73,0.1575,25900,100,0.98
1712,329.29,332.53,340.47,348.11,353.22,365.75,373.29,385.9,413.75,437.48,415.68,0.1575,25900,100,0.98
1713,329.28,332.52,340.46,348.1,353.22,365.75,373.3,385.91,413.76,437.48,415.64,0.1575,25900,100,0.98
1714,329.26,332.51,340.46,348.11,353.22,365.76,373.3,385.93,413.76,437.47,415.6,0.1575,25900,100,0.98
1715,329.25,332.51,340.45,348.1,353.22,365.77,373.29,385.94,413.76,437.42,415.58,0.1575,25900,100,0.98
1716,329.24,332.5,340.45,348.1,353.22,365.77,373.31,385.95,413.77,437.38,415.6,0.1575,25900,100,0.98
1717,329.23,332.5,340.45,348.09,353.23,365.78,373.32,385.96,413.78,437.33,415.64,0.1575,25900,100,0.98
1718,329.23,332.49,340.43,348.09,353.23,365.79,373.31,385.99,413.79,437.32,415.65,0.1575,25900,100,0.98
1719,329.21,332.49,340.44,348.1,353.23,365.8,373.32,385.99,413.8,437.31,415.63,0.1575,25900,100,0.98
1720,329.21,332.48,340.44,348.1,353.24,365.81,373.34,386.0,413.82,437.32,415.61,0.1575,25900,100,0.98
1721,329.2,332.48,340.43,348.09,353.23,365.81,373.34,386.0,413.82,437.37,415.55,0.1575,25900,100,0.98
1722,329.19,332.47,340.42,348.09,353.23,365.82,373.33,386.02,413.82,437.41,415.5,0.1575,25900,100,0.98
1723,329.17,332.45,340.41,348.09,353.22,365.83,373.33,386.03,413.82,437.45,415.46,0.1575,25900,100,0.98
1724,329.16,332.45,340.4,348.09,353.22,365.83,373.34,386.04,413.84,437.49,415.44,0.1575,25900,100,0.98
1725,329.16,332.45,340.4,348.08,353.24,365.83,373.36,386.05,413.85,437.52,415.41,0.1575,25900,100,0.98
1726,329.15,332.44,340.39,348.08,353.24,365.84,373.36,386.05,413.86,437.55,415.4,0.1575,25900,100,0.98
1727,329.14,332.42,340.4,348.08,353.24,365.85,373.37,386.06,413.87,437.56,415.42,0.1575,25900,100,0.98
1728,329.14,332.42,340.39,348.08,353.24,365.84,373.38,386.06,413.88,437.56,415.47,0.1575,25900,100,0.98
1729,329.12,332.41,340.38,348.07,353.23,365.85,373.38,386.08,413.88,437.52,415.5,0.1575,25900,100,0.98
1730,329.12,332.4,340.38,348.06,353.24,365.85,373.39,386.1,413.89,437.49,415.56,0.1575,25900,100,0.98
1731,329.11,332.4,340.37,348.06,353.24,365.87,373.41,386.1,413.9,437.47,415.62,0.1575,25900,100,0.98
1732,329.1,332.39,340.37,348.07,353.24,365.87,373.41,386.11,413.91,437.45,415.68,0.1575,25900,100,0.98
1733,329.1,332.38,340.36,348.06,353.24,365.87,373.41,386.11,413.92,437.47,415.72,0.1575,25900,100,0.98
1734,329.08,332.37,340.35,348.06,353.24,365.88,373.42,386.13,413.92,437.48,415.75,0.1575,25900,100,0.98
1735,329.07,332.37,340.35,348.06,353.24,365.89,373.44,386.15,413.95,437.46,415.79,0.1575,25900,100,0.98
1736,329.07,332.37,340.35,348.05,353.26,365.89,373.45,386.15,413.96,437.43,415.83,0.1575,25900,100,0.98
1737,329.07,332.37,340.35,348.05,353.26,365.89,373.47,386.16,413.98,437.42,415.86,0.1575,25900,100,0.98
1738,329.06,332.36,340.35,348.05,353.27,365.9,373.48,386.17,413.99,437.42,415.87,0.1575,25900,100,0.98
1739,329.04,332.35,340.33,348.04,353.26,365.9,373.48,386.18,414.0,437.43,415.85,0.1575,25900,100,0.98
1740,329.04,332.34,340.32,348.04,353.26,365.91,373.49,386.18,414.01,437.44,415.82,0.1575,25900,100,0.98
1741,329.03,332.33,340.32,348.05,353.27,365.93,373.49,386.21,414.01,437.54,415.77,0.1575,25900,100,0.98
1742,329.02,332.33,340.31,348.05,353.26,365.93,373.5,386.22,414.01,437.65,415.73,0.1575,25900,100,0.98
1743,329.01,332.32,340.31,348.05,353.27,365.93,373.52,386.23,414.03,437.65,415.69,0.1575,25900,100,0.98
1744,328.99,332.3,340.3,348.04,353.26,365.94,373.54,386.24,414.04,437.66,415.69,0.1575,25900,100,0.98
1745,328.99,332.3,340.3,348.05,353.28,365.95,373.54,386.26,414.05,437.65,415.72,0.1575,25900,100,0.98
1746,329.0,332.3,340.3,348.04,353.27,365.96,373.55,386.27,414.06,437.64,415.77,0.1575,25900,100,0.98
1747,328.98,332.29,340.28,348.04,353.27,365.96,373.56,386.28,414.07,437.62,415.82,0.1575,25900,100,0.98
1748,328.98,332.28,340.29,348.04,353.28,365.96,373.58,386.29,414.08,437.63,415.86,0.1575,25900,100,0.98
1749,328.97,332.27,340.29,348.04,353.28,365.98,373.59,386.31,414.09,437.62,415.89,0.1575,25900,100,0.98
1750,328.96,332.27,340.28,348.04,353.29,365.98,373.6,386.32,414.1,437.62,415.94,0.1575,25900,100,0.98
1751,328.95,332.25,340.28,348.04,353.28,365.99,373.6,386.32,414.1,437.64,415.97,0.1575,25900,100,0.98
1752,328.94,332.25,340.26,348.04,353.28,366.0,373.61,386.34,414.11,437.65,416.02,0.1575,25900,100,0.98
1753,328.91,332.23,340.25,348.04,353.28,366.0,373.62,386.34,414.13,437.68,416.09,0.1575,25900,100,0.98
1754,328.92,332.22,340.26,348.03,353.29,366.0,373.61,386.35,414.14,437.72,416.15,0.1575,25900,100,0.98
1755,328.91,332.22,340.26,348.03,353.3,366.02,373.64,386.36,414.17,437.73,416.2,0.1575,25900,100,0.98
1756,328.9,332.22,340.25,348.03,353.3,366.02,373.63,386.37,414.18,437.76,416.22,0.1575,25900,100,0.98
1757,328.9,332.21,340.24,348.03,353.3,366.03,373.63,386.38,414.18,437.78,416.2,0.1575,25900,100,0.98
1758,328.89,332.2,340.23,348.03,353.3,366.04,373.64,386.38,414.2,437.84,416.16,0.1575,25900,100,0.98
1759,328.89,332.19,340.23,348.03,353.29,366.04,373.64,386.39,414.21,437.89,416.11,0.1575,25900,100,0.98
1760,328.88,332.18,340.22,348.02,353.3,366.05,373.66,386.4,414.22,437.93,416.09,0.1575,25900,100,0.98
1761,328.87,332.17,340.23,348.02,353.31,366.06,373.68,386.41,414.23,438.02,416.09,0.1575,25900,100,0.98
1762,328.86,332.15,340.23,348.01,353.31,366.06,373.7,386.42,414.25,438.09,416.11,0.1575,25900,100,0.98
1763,328.86,332.16,340.22,348.01,353.32,366.07,373.71,386.43,414.27,438.11,416.14,0.1575,25900,100,0.98
1764,328.86,332.15,340.22,348.01,353.3,366.07,373.71,386.44,414.27,438.15,416.17,0.1575,25900,100,0.98
1765,328.85,332.14,340.21,348.01,353.31,366.08,373.72,386.45,414.27,438.18,416.2,0.1575,25900,100,0.98
1766,328.84,332.14,340.19,348.01,353.3,366.08,373.73,386.45,414.29,438.19,416.22,0.1575,25900,100,0.98
1767,328.83,332.13,340.19,348.0,353.32,366.08,373.74,386.47,414.29,438.2,416.22,0.1575,25900,100,0.98
1768,328.84,332.13,340.18,347.99,353.31,366.09,373.74,386.48,414.3,438.21,416.23,0.1575,25900,100,0.98
1769,328.82,332.12,340.17,348.0,353.3,366.1,373.75,386.5,414.3,438.23,416.23,0.1575,25900,100,0.98
1770,328.81,332.11,340.16,348.0,353.3,366.09,373.76,386.51,414.3,438.24,416.22,0.1575,25900,100,0.98
1771,328.8,332.1,340.15,348.0,353.31,366.11,373.78,386.52,414.29,438.23,416.2,0.1575,25900,100,0.98
1772,328.79,332.1,340.15,348.01,353.32,366.11,373.8,386.53,414.31,438.23,416.17,0.1575,25900,100,0.98
1773,328.79,332.09,340.15,348.01,353.32,366.12,373.82,386.53,414.32,438.24,416.11,0.1575,25900,100,0.98
1774,328.78,332.09,340.15,348.01,353.32,366.12,373.82,386.55,414.3,438.23,416.04,0.1575,25900,100,0.98
1775,328.79,332.09,340.14,348.01,353.33,366.13,373.84,386.57,414.31,438.25,415.95,0.1575,25900,100,0.98
1776,328.77,332.09,340.15,348.01,353.34,366.14,373.85,386.58,414.32,438.27,415.89,0.1575,25900,100,0.98
1777,328.78,332.08,340.15,348.01,353.35,366.14,373.86,386.58,414.32,438.25,415.82,0.1575,25900,100,0.98
1778,328.77,332.07,340.13,348.01,353.34,366.15,373.86,386.6,414.32,438.18,415.77,0.1575,25900,100,0.98
1779,328.76,332.06,340.13,348.01,353.34,366.15,373.87,386.61,414.33,438.12,415.72,0.1575,25900,100,0.98
1780,328.75,332.06,340.12,348.01,353.34,366.15,373.89,386.61,414.33,438.11,415.71,0.1575,25900,100,0.98
1781,328.74,332.05,340.12,348.01,353.35,366.17,373.91,386.62,414.35,438.04,415.73,0.1575,25900,100,0.98
1782,328.73,332.05,340.11,348.01,353.35,366.18,373.9,386.63,414.36,438.01,415.75,0.1575,25900,100,0.98
1783,328.72,332.04,340.12,348.0,353.35,366.18,373.92,386.65,414.36,438.0,415.75,0.1575,25900,100,0.98
1784,328.72,332.03,340.1,348.01,353.35,366.18,373.92,386.66,414.37,438.0,415.76,0.1575,25900,100,0.98
1785,328.72,332.03,340.1,348.01,353.36,366.2,373.93,386.67,414.38,437.96,415.79,0.1575,25900,100,0.98
1786,328.7,332.03,340.1,348.01,353.36,366.21,373.94,386.68,414.39,437.92,415.82,0.1575,25900,100,0.98
1787,328.7,332.02,340.09,348.01,353.37,366.21,373.96,386.69,414.4,437.88,415.85,0.1575,25900,100,0.98
1788,328.69,332.01,340.09,348.0,353.38,366.21,373.96,386.69,414.42,437.87,415.94,0.1575,25900,100,0.98
1789,328.68,332.0,340.08,348.0,353.37,366.22,373.97,386.71,414.43,437.83,416.02,0.1575,25900,100,0.98
1790,328.68,331.99,340.08,348.0,353.38,366.22,373.99,386.72,414.45,437.84,416.04,0.1575,25900,100,0.98
1791,328.67,331.99,340.08,348.0,353.38,366.24,374.0,386.73,414.45,437.89,416.04,0.1575,25900,100,0.98
1792,328.66,331.98,340.08,348.01,353.38,366.24,374.0,386.74,414.46,437.92,416.01,0.1575,25900,100,0.98
1793,328.65,331.97,340.07,348.0,353.38,366.25,374.0,386.75,414.47,437.96,416.01,0.1575,25900,100,0.98
1794,328.64,331.97,340.06,347.99,353.38,366.25,374.01,386.77,414.47,437.96,416.0,0.1575,25900,100,0.98
1795,328.63,331.96,340.06,347.99,353.38,366.26,374.02,386.78,414.48,437.99,416.02,0.1575,25900,100,0.98
1796,328.62,331.96,340.06,348.0,353.39,366.26,374.02,386.79,414.48,438.01,416.04,0.1575,25900,100,0.98
1797,328.61,331.95,340.05,347.99,353.39,366.28,374.04,386.8,414.51,438.05,416.06,0.1575,25900,100,0.98
1798,328.6,331.93,340.05,348.0,353.39,366.29,374.05,386.82,414.51,438.13,416.04,0.1575,25900,100,0.98
1799,328.59,331.93,340.04,347.99,353.4,366.3,374.05,386.83,414.52,438.2,416.03,0.1575,25900,100,0.98
1800,328.59,331.93,340.05,348.0,353.4,366.3,374.07,386.84,414.53,438.24,416.05,0.1575,25900,100,0.98
1801,328.58,331.93,340.04,347.99,353.41,366.31,374.07,386.85,414.54,438.23,416.07,0.1575,25900,100,0.98
1802,328.58,331.92,340.03,347.99,353.4,366.32,374.08,386.86,414.53,438.24,416.1,0.1575,25900,100,0.98
1803,328.56,331.91,340.03,347.99,353.41,366.32,374.08,386.87,414.55,438.23,416.14,0.1575,25900,100,0.98
1804,328.55,331.91,340.02,347.98,353.41,366.34,374.09,386.88,414.56,438.26,416.17,0.1575,25900,100,0.98
1805,328.55,331.9,340.01,348.0,353.41,366.34,374.1,386.89,414.57,438.25,416.19,0.1575,25900,100,0.98
1806,328.54,331.9,340.01,348.0,353.42,366.34,374.12,386.91,414.59,438.26,416.19,0.1575,25900,100,0.98
1807,328.54,331.89,340.0,347.99,353.43,366.34,374.14,386.92,414.6,438.27,416.15,0.1575,25900,100,0.98
1808,328.53,331.88,340.0,347.99,353.42,366.35,374.15,386.92,414.61,438.28,416.12,0.1575,25900,100,0.98
1809,328.52,331.88,340.0,347.99,353.42,366.35,374.16,386.93,414.61,438.29,416.1,0.1575,25900,100,0.98
1810,328.51,331.86,339.99,347.99,353.43,366.36,374.16,386.94,414.62,438.27,416.08,0.1575,25900,100,0.98
1811,328.51,331.85,339.99,347.98,353.42,366.36,374.16,386.95,414.62,438.26,416.08,0.1575,25900,100,0.98
1812,328.5,331.85,339.99,347.99,353.43,366.37,374.17,386.96,414.64,438.28,416.06,0.1575,25900,100,0.98
1813,328.5,331.85,339.99,347.99,353.43,366.38,374.19,386.97,414.65,438.29,416.04,0.1575,25900,100,0.98
1814,328.49,331.84,339.98,347.99,353.44,366.38,374.19,386.98,414.65,438.24,416.0,0.1575,25900,100,0.98
1815,328.48,331.83,339.98,347.98,353.43,366.39,374.2,386.99,414.64,438.2,415.93,0.1575,25900,100,0.98
1816,328.46,331.81,339.96,347.99,353.43,366.39,374.21,386.99,414.64,438.15,415.9,0.1575,25900,100,0.98
1817,328.45,331.81,339.96,347.98,353.43,366.39,374.22,387.01,414.65,438.1,415.89,0.1575,25900,100,0.98
1818,328.45,331.81,339.96,347.98,353.44,366.41,374.23,387.02,414.66,438.05,415.89,0.1575,25900,100,0.98
1819,328.43,331.79,339.96,347.97,353.44,366.41,374.22,387.02,414.66,438.03,415.88,0.1575,25900,100,0.98
1820,328.43,331.78,339.95,347.97,353.45,366.41,374.23,387.03,414.67,438.04,415.9,0.1575,25900,100,0.98
1821,328.42,331.78,339.94,347.97,353.44,366.43,374.23,387.04,414.67,438.06,415.92,0.1575,25900,100,0.98
1822,328.41,331.78,339.94,347.97,353.45,366.44,374.24,387.05,414.69,438.09,415.95,0.1575,25900,100,0.98
1823,328.4,331.76,339.93,347.97,353.44,366.45,374.24,387.06,414.69,438.11,415.98,0.1575,25900,100,0.98
1824,328.39,331.76,339.94,347.96,353.46,366.45,374.26,387.06,414.71,438.14,416.02,0.1575,25900,100,0.98
1825,328.36,331.75,339.92,347.96,353.45,366.46,374.25,387.08,414.73,438.18,416.06,0.1575,25900,100,0.98
1826,328.36,331.75,339.93,347.96,353.47,366.46,374.27,387.09,414.75,438.16,416.09,0.1575,25900,100,0.98
1827,328.35,331.74,339.93,347.96,353.47,366.48,374.26,387.1,414.76,438.16,416.11,0.1575,25900,100,0.98
1828,328.35,331.74,339.92,347.96,353.47,366.48,374.26,387.11,414.76,438.14,416.14,0.1575,25900,100,0.98
1829,328.35,331.74,339.92,347.95,353.48,366.49,374.28,387.12,414.78,438.07,416.16,0.1575,25900,100,0.98
1830,328.35,331.74,339.91,347.95,353.48,366.49,374.29,387.13,414.79,438.01,416.18,0.1575,25900,100,0.98
1831,328.34,331.73,339.92,347.95,353.48,366.5,374.3,387.13,414.8,438.0,416.22,0.1575,25900,100,0.98
1832,328.33,331.72,339.92,347.94,353.49,366.5,374.31,387.15,414.81,437.98,416.26,0.1575,25900,100,0.98
1833,328.32,331.72,339.91,347.96,353.49,366.52,374.32,387.16,414.82,438.03,416.3,0.1575,25900,100,0.98
1834,328.31,331.7,339.9,347.95,353.49,366.53,374.33,387.17,414.83,438.08,416.29,0.1575,25900,100,0.98
1835,328.3,331.69,339.9,347.95,353.49,366.53,374.34,387.17,414.83,438.12,416.26,0.1575,25900,100,0.98
1836,328.3,331.68,339.88,347.94,353.49,366.54,374.34,387.18,414.84,438.15,416.22,0.1575,25900,100,0.98
1837,328.29,331.67,339.89,347.94,353.49,366.54,374.35,387.18,414.85,438.19,416.21,0.1575,25900,100,0.98
1838,328.28,331.67,339.88,347.93,353.49,366.54,374.36,387.19,414.86,438.19,416.21,0.1575,25900,100,0.98
1839,328.28,331.67,339.88,347.93,353.5,366.54,374.38,387.19,414.87,438.17,416.2,0.1575,25900,100,0.98
1840,328.28,331.67,339.88,347.93,353.5,366.55,374.39,387.21,414.87,438.15,416.18,0.1575,25900,100,0.98
1841,328.27,331.65,339.88,347.92,353.5,366.55,374.4,387.21,414.89,438.13,416.19,0.1575,25900,100,0.98
1842,328.25,331.65,339.86,347.92,353.5,366.57,374.39,387.22,414.88,438.15,416.21,0.1575,25900,100,0.98
1843,328.24,331.63,339.85,347.91,353.5,366.57,374.41,387.23,414.89,438.13,416.24,0.1575,25900,100,0.98
1844,328.24,331.63,339.84,347.91,353.5,366.56,374.42,387.24,414.9,438.09,416.28,0.1575,25900,100,0.98
1845,328.23,331.63,339.85,347.92,353.5,366.58,374.42,387.25,414.91,438.09,416.32,0.1575,25900,100,0.98
1846,328.22,331.63,339.84,347.91,353.51,366.59,374.44,387.27,414.92,438.08,416.38,0.1575,25900,100,0.98
1847,328.22,331.62,339.85,347.92,353.52,366.59,374.45,387.28,414.93,438.09,416.43,0.1575,25900,100,0.98
1848,328.22,331.61,339.83,347.92,353.52,366.6,374.45,387.27,414.94,438.06,416.44,0.1575,25900,100,0.98
1849,328.21,331.6,339.83,347.92,353.52,366.6,374.46,387.3,414.95,438.09,416.45,0.1575,25900,100,0.98
1850,328.2,331.6,339.83,347.91,353.52,366.61,374.47,387.3,414.96,438.14,416.43,0.1575,25900,100,0.98
1851,328.19,331.59,339.82,347.92,353.53,366.62,374.47,387.31,414.96,438.17,416.36,0.1575,25900,100,0.98
1852,328.18,331.58,339.81,347.91,353.52,366.62,374.48,387.32,414.98,438.18,416.25,0.1575,25900,100,0.98
1853,328.17,331.58,339.81,347.91,353.53,366.62,374.48,387.33,414.98,438.19,416.18,0.1575,25900,100,0.98
1854,328.17,331.56,339.82,347.91,353.53,366.63,374.5,387.34,414.98,438.21,416.12,0.1575,25900,100,0.98
1855,328.16,331.56,339.81,347.91,353.53,366.64,374.5,387.36,414.97,438.21,416.07,0.1575,25900,100,0.98
1856,328.15,331.55,339.8,347.91,353.53,366.64,374.51,387.37,414.97,438.21,416.04,0.1575,25900,100,0.98
1857,328.14,331.55,339.8,347.91,353.54,366.65,374.52,387.38,414.96,438.25,415.99,0.1575,25900,100,0.98
1858,328.14,331.54,339.79,347.91,353.53,366.66,374.52,387.39,414.96,438.27,415.91,0.1575,25900,100,0.98
1859,328.13,331.54,339.79,347.91,353.54,366.66,374.54,387.39,414.96,438.28,415.83,0.1575,25900,100,0.98
1860,328.12,331.53,339.79,347.9,353.53,366.67,374.54,387.4,414.96,438.24,415.73,0.1575,25900,100,0.98
1861,328.11,331.51,339.77,347.89,353.55,366.67,374.56,387.41,414.96,438.21,415.66,0.1575,25900,100,0.98
1862,328.11,331.52,339.78,347.89,353.54,366.66,374.58,387.42,414.97,438.19,415.6,0.1575,25900,100,0.98
1863,328.11,331.52,339.78,347.89,353.55,366.68,374.58,387.43,414.97,438.2,415.51,0.1575,25900,100,0.98
1864,328.1,331.51,339.76,347.89,353.55,366.68,374.58,387.45,414.97,438.21,415.42,0.1575,25900,100,0.98
1865,328.1,331.51,339.76,347.9,353.55,366.7,374.59,387.46,414.98,438.26,415.36,0.1575,25900,100,0.98
1866,328.09,331.5,339.76,347.89,353.55,366.7,374.61,387.47,414.98,438.28,415.27,0.1575,25900,100,0.98
1867,328.09,331.5,339.76,347.88,353.56,366.7,374.62,387.48,414.97,438.3,415.17,0.1575,25900,100,0.98
1868,328.08,331.49,339.74,347.9,353.56,366.71,374.62,387.49,414.97,438.31,415.09,0.1575,25900,100,0.98
1869,328.07,331.48,339.74,347.89,353.56,366.71,374.64,387.51,414.97,438.34,414.97,0.1575,25900,100,0.98
1870,328.06,331.47,339.73,347.89,353.56,366.72,374.65,387.52,414.97,438.34,414.9,0.1575,25900,100,0.98
1871,328.05,331.48,339.74,347.9,353.57,366.74,374.67,387.54,414.97,438.36,414.87,0.1575,25900,100,0.98
1872,328.05,331.46,339.73,347.9,353.57,366.74,374.68,387.54,414.97,438.38,414.84,0.1575,25900,100,0.98
1873,328.04,331.46,339.72,347.89,353.57,366.74,374.68,387.55,414.96,438.35,414.81,0.1575,25900,100,0.98
1874,328.03,331.44,339.71,347.89,353.57,366.74,374.69,387.55,414.96,438.34,414.81,0.1575,25900,100,0.98
1875,328.03,331.44,339.71,347.89,353.57,366.76,374.69,387.57,414.97,438.32,414.84,0.1575,25900,100,0.98
1876,328.03,331.44,339.71,347.9,353.57,366.76,374.71,387.58,414.99,438.31,414.88,0.1575,25900,100,0.98
1877,328.02,331.44,339.71,347.91,353.59,366.77,374.72,387.59,414.99,438.33,414.9,0.1575,25900,100,0.98
1878,328.01,331.43,339.7,347.91,353.58,366.78,374.73,387.61,415.01,438.35,414.92,0.1575,25900,100,0.98
1879,327.99,331.41,339.69,347.91,353.58,366.78,374.75,387.6,415.02,438.32,414.95,0.1575,25900,100,0.98
1880,327.99,331.42,339.69,347.9,353.59,366.79,374.76,387.62,415.03,438.3,414.99,0.1575,25900,100,0.98
1881,327.99,331.41,339.68,347.9,353.58,366.79,374.76,387.63,415.04,438.24,415.06,0.1575,25900,100,0.98
1882,327.97,331.4,339.67,347.9,353.58,366.8,374.76,387.64,415.05,438.21,415.12,0.1575,25900,100,0.98
1883,327.97,331.39,339.66,347.91,353.58,366.8,374.77,387.65,415.06,438.2,415.15,0.1575,25900,100,0.98
1884,327.96,331.39,339.66,347.91,353.59,366.8,374.79,387.67,415.08,438.23,415.18,0.1575,25900,100,0.98
1885,327.95,331.39,339.66,347.91,353.6,366.82,374.79,387.68,415.09,438.25,415.18,0.1575,25900,100,0.98
1886,327.95,331.38,339.66,347.91,353.6,366.82,374.8,387.68,415.1,438.28,415.19,0.1575,25900,100,0.98
1887,327.95,331.37,339.66,347.9,353.6,366.83,374.81,387.7,415.11,438.28,415.19,0.1575,25900,100,0.98
1888,327.94,331.36,339.65,347.91,353.6,366.82,374.82,387.7,415.12,438.3,415.21,0.1575,25900,100,0.98
1889,327.94,331.35,339.65,347.91,353.62,366.84,374.84,387.71,415.14,438.28,415.23,0.1575,25900,100,0.98
1890,327.93,331.36,339.65,347.92,353.62,366.85,374.85,387.72,415.13,438.27,415.26,0.1575,25900,100,0.98
1891,327.91,331.35,339.64,347.91,353.61,366.85,374.85,387.74,415.13,438.28,415.26,0.1575,25900,100,0.98
1892,327.91,331.34,339.64,347.91,353.62,366.86,374.86,387.74,415.14,438.29,415.26,0.1575,25900,100,0.98
1893,327.9,331.33,339.64,347.9,353.62,366.87,374.87,387.75,415.14,438.31,415.26,0.1575,25900,100,0.98
1894,327.9,331.33,339.63,347.91,353.62,366.86,374.88,387.76,415.15,438.3,415.25,0.1575,25900,100,0.98
1895,327.89,331.32,339.63,347.9,353.62,366.87,374.88,387.76,415.15,438.3,415.27,0.1575,25900,100,0.98
1896,327.87,331.31,339.62,347.9,353.62,366.88,374.89,387.77,415.15,438.29,415.34,0.1575,25900,100,0.98
1897,327.86,331.3,339.61,347.91,353.62,366.89,374.9,387.79,415.17,438.3,415.41,0.1575,25900,100,0.98
1898,327.85,331.29,339.61,347.9,353.63,366.89,374.91,387.8,415.17,438.34,415.42,0.1575,25900,100,0.98
1899,327.85,331.29,339.61,347.9,353.63,366.9,374.93,387.81,415.18,438.34,415.43,0.1575,25900,100,0.98
1900,327.85,331.29,339.61,347.9,353.64,366.9,374.93,387.81,415.19,438.35,415.44,0.1575,25900,100,0.98
1901,327.84,331.28,339.61,347.9,353.63,366.91,374.94,387.83,415.2,438.38,415.45,0.1575,25900,100,0.98
1902,327.84,331.28,339.6,347.89,353.64,366.91,374.95,387.83,415.21,438.38,415.46,0.1575,25900,100,0.98
1903,327.82,331.27,339.59,347.89,353.63,366.92,374.94,387.84,415.21,438.4,415.46,0.1575,25900,100,0.98
1904,327.81,331.27,339.59,347.89,353.64,366.92,374.94,387.85,415.21,438.4,415.45,0.1575,25900,100,0.98
1905,327.79,331.25,339.58,347.89,353.64,366.94,374.96,387.87,415.21,438.42,415.41,0.1575,25900,100,0.98
1906,327.79,331.26,339.57,347.89,353.64,366.95,374.97,387.88,415.21,438.43,415.35,0.1575,25900,100,0.98
1907,327.78,331.24,339.57,347.89,353.64,366.95,374.97,387.89,415.22,438.43,415.34,0.1575,25900,100,0.98
1908,327.77,331.23,339.56,347.9,353.64,366.97,374.98,387.89,415.21,438.43,415.33,0.1575,25900,100,0.98
1909,327.76,331.23,339.56,347.89,353.64,366.98,374.99,387.91,415.23,438.44,415.35,0.1575,25900,100,0.98
1910,327.76,331.23,339.57,347.88,353.65,366.98,374.99,387.91,415.23,438.46,415.34,0.1575,25900,100,0.98
1911,327.75,331.22,339.55,347.89,353.65,366.99,375.0,387.92,415.23,438.48,415.32,0.1575,25900,100,0.98
1912,327.74,331.21,339.55,347.89,353.65,367.0,375.0,387.93,415.24,438.51,415.32,0.1575,25900,100,0.98
1913,327.74,331.21,339.55,347.89,353.65,367.0,375.01,387.94,415.24,438.54,415.31,0.1575,25900,100,0.98
1914,327.72,331.2,339.54,347.9,353.65,367.01,375.02,387.95,415.25,438.55,415.33,0.1575,25900,100,0.98
1915,327.72,331.21,339.53,347.88,353.65,367.01,375.03,387.94,415.26,438.53,415.36,0.1575,25900,100,0.98
1916,327.71,331.19,339.53,347.88,353.65,367.01,375.04,387.96,415.27,438.51,415.4,0.1575,25900,100,0.98
1917,327.7,331.18,339.51,347.89,353.65,367.02,375.04,387.97,415.27,438.48,415.43,0.1575,25900,100,0.98
1918,327.69,331.18,339.52,347.89,353.64,367.04,375.04,388.0,415.27,438.45,415.44,0.1575,25900,100,0.98
1919,327.68,331.17,339.52,347.89,353.64,367.04,375.05,387.99,415.29,438.47,415.43,0.1575,25900,100,0.98
1920,327.68,331.17,339.51,347.88,353.65,367.04,375.05,388.0,415.3,438.46,415.41,0.1575,25900,100,0.98
1921,327.67,331.17,339.52,347.88,353.66,367.06,375.06,388.02,415.31,438.44,415.41,0.1575,25900,100,0.98
1922,327.67,331.17,339.5,347.89,353.66,367.07,375.07,388.03,415.31,438.42,415.44,0.1575,25900,100,0.98
1923,327.66,331.16,339.5,347.89,353.65,367.07,375.07,388.04,415.33,438.43,415.5,0.1575,25900,100,0.98
1924,327.66,331.16,339.5,347.87,353.66,367.07,375.08,388.04,415.35,438.4,415.57,0.1575,25900,100,0.98
1925,327.65,331.15,339.5,347.88,353.66,367.08,375.09,388.05,415.35,438.38,415.64,0.1575,25900,100,0.98
1926,327.65,331.15,339.5,347.88,353.68,367.09,375.1,388.07,415.37,438.35,415.71,0.1575,25900,100,0.98
1927,327.65,331.15,339.5,347.88,353.68,367.1,375.11,388.07,415.39,438.34,415.79,0.1575,25900,100,0.98
1928,327.64,331.14,339.5,347.88,353.68,367.1,375.1,388.08,415.39,438.32,415.86,0.1575,25900,100,0.98
1929,327.63,331.13,339.49,347.87,353.68,367.1,375.12,388.08,415.4,438.33,415.91,0.1575,25900,100,0.98
1930,327.63,331.12,339.48,347.87,353.67,367.1,375.12,388.1,415.41,438.34,415.95,0.1575,25900,100,0.98
1931,327.61,331.11,339.47,347.85,353.68,367.1,375.12,388.09,415.42,438.35,415.98,0.1575,25900,100,0.98
1932,327.6,331.1,339.47,347.86,353.68,367.11,375.13,388.1,415.44,438.37,415.97,0.1575,25900,100,0.98
1933,327.59,331.08,339.47,347.86,353.69,367.11,375.15,388.11,415.46,438.43,415.94,0.1575,25900,100,0.98
1934,327.59,331.08,339.46,347.84,353.69,367.11,375.15,388.12,415.46,438.46,415.92,0.1575,25900,100,0.98
1935,327.59,331.08,339.45,347.85,353.68,367.12,375.16,388.13,415.47,438.48,415.93,0.1575,25900,100,0.98
1936,327.58,331.07,339.44,347.85,353.68,367.14,375.16,388.15,415.47,438.49,415.95,0.1575,25900,100,0.98
1937,327.56,331.06,339.44,347.85,353.69,367.14,375.18,388.15,415.49,438.5,416.0,0.1575,25900,100,0.98
1938,327.56,331.05,339.45,347.85,353.69,367.15,375.19,388.16,415.5,438.5,416.05,0.1575,25900,100,0.98
1939,327.55,331.05,339.44,347.85,353.69,367.16,375.19,388.17,415.51,438.5,416.09,0.1575,25900,100,0.98
1940,327.55,331.03,339.43,347.85,353.69,367.17,375.19,388.19,415.51,438.49,416.11,0.1575,25900,100,0.98
1941,327.54,331.02,339.43,347.85,353.7,367.18,375.21,388.2,415.52,438.49,416.1,0.1575,25900,100,0.98
1942,327.52,331.02,339.41,347.85,353.69,367.18,375.21,388.21,415.53,438.48,416.1,0.1575,25900,100,0.98
1943,327.52,331.01,339.42,347.85,353.7,367.18,375.23,388.21,415.55,438.48,416.1,0.1575,25900,100,0.98
1944,327.52,331.01,339.41,347.84,353.71,367.18,375.23,388.22,415.55,438.49,416.08,0.1575,25900,100,0.98
1945,327.51,331.0,339.41,347.84,353.71,367.19,375.25,388.23,415.57,438.53,416.05,0.1575,25900,100,0.98
1946,327.5,331.0,339.42,347.83,353.71,367.2,375.26,388.24,415.55,438.56,415.97,0.1575,25900,100,0.98
1947,327.5,330.99,339.4,347.84,353.71,367.2,375.26,388.25,415.56,438.58,415.89,0.1575,25900,100,0.98
1948,327.5,330.99,339.4,347.85,353.72,367.21,375.28,388.26,415.56,438.63,415.8,0.1575,25900,100,0.98
1949,327.49,330.98,339.4,347.85,353.71,367.22,375.27,388.27,415.56,438.65,415.72,0.1575,25900,100,0.98
1950,327.48,330.98,339.39,347.84,353.71,367.22,375.28,388.27,415.56,438.68,415.59,0.1575,25900,100,0.98
1951,327.48,330.97,339.38,347.84,353.72,367.23,375.29,388.29,415.55,438.68,415.46,0.1575,25900,100,0.98
1952,327.46,330.96,339.38,347.83,353.72,367.23,375.3,388.28,415.55,438.66,415.39,0.1575,25900,100,0.98
1953,327.45,330.95,339.36,347.83,353.71,367.23,375.31,388.3,415.54,438.61,415.34,0.1575,25900,100,0.98
1954,327.44,330.95,339.37,347.83,353.72,367.24,375.32,388.31,415.55,438.55,415.33,0.1575,25900,100,0.98
1955,327.45,330.95,339.37,347.82,353.72,367.24,375.32,388.32,415.54,438.51,415.36,0.1575,25900,100,0.98
1956,327.43,330.93,339.36,347.83,353.72,367.25,375.32,388.32,415.54,438.47,415.4,0.1575,25900,100,0.98
1957,327.43,330.93,339.36,347.83,353.72,367.26,375.34,388.34,415.56,438.41,415.47,0.1575,25900,100,0.98
1958,327.44,330.94,339.36,347.83,353.73,367.27,375.35,388.35,415.58,438.35,415.56,0.1575,25900,100,0.98
1959,327.42,330.93,339.35,347.82,353.73,367.27,375.36,388.35,415.59,438.32,415.69,0.1575,25900,100,0.98
1960,327.41,330.91,339.34,347.83,353.73,367.28,375.36,388.36,415.61,438.31,415.81,0.1575,25900,100,0.98
1961,327.41,330.92,339.34,347.82,353.75,367.29,375.38,388.37,415.62,438.3,415.88,0.1575,25900,100,0.98
1962,327.4,330.91,339.33,347.83,353.73,367.29,375.37,388.38,415.63,438.3,415.91,0.1575,25900,100,0.98
1963,327.4,330.9,339.33,347.83,353.74,367.29,375.38,388.38,415.64,438.3,415.97,0.1575,25900,100,0.98
1964,327.39,330.91,339.33,347.83,353.75,367.3,375.4,388.39,415.66,438.28,416.02,0.1575,25900,100,0.98
1965,327.38,330.9,339.32,347.83,353.75,367.31,375.4,388.41,415.66,438.26,416.1,0.1575,25900,100,0.98
1966,327.38,330.89,339.32,347.83,353.75,367.31,375.41,388.43,415.68,438.24,416.17,0.1575,25900,100,0.98
1967,327.38,330.89,339.32,347.83,353.75,367.33,375.42,388.43,415.69,438.27,416.24,0.1575,25900,100,0.98
1968,327.36,330.89,339.32,347.83,353.76,367.33,375.43,388.44,415.69,438.3,416.27,0.1575,25900,100,0.98
1969,327.36,330.87,339.31,347.83,353.76,367.34,375.43,388.45,415.7,438.34,416.23,0.1575,25900,100,0.98
1970,327.34,330.87,339.31,347.82,353.77,367.34,375.45,388.45,415.71,438.37,416.19,0.1575,25900,100,0.98
1971,327.34,330.87,339.31,347.82,353.77,367.34,375.46,388.46,415.71,438.4,416.17,0.1575,25900,100,0.98
1972,327.34,330.87,339.3,347.82,353.77,367.35,375.46,388.47,415.72,438.43,416.13,0.1575,25900,100,0.98
1973,327.34,330.87,339.3,347.82,353.78,367.36,375.48,388.48,415.72,438.5,416.09,0.1575,25900,100,0.98
1974,327.33,330.86,339.3,347.82,353.78,367.36,375.48,388.49,415.72,438.55,416.07,0.1575,25900,100,0.98
1975,327.32,330.84,339.29,347.81,353.78,367.37,375.49,388.49,415.72,438.57,416.05,0.1575,25900,100,0.98
1976,327.32,330.85,339.29,347.81,353.78,367.37,375.5,388.49,415.72,438.58,416.08,0.1575,25900,100,0.98
1977,327.32,330.84,339.29,347.81,353.79,367.37,375.51,388.51,415.73,438.56,416.13,0.1575,25900,100,0.98
1978,327.31,330.83,339.27,347.82,353.78,367.38,375.51,388.52,415.74,438.56,416.21,0.1575,25900,100,0.98
1979,327.3,330.81,339.27,347.82,353.78,367.39,375.53,388.53,415.73,438.56,416.28,0.1575,25900,100,0.98
1980,327.29,330.82,339.26,347.81,353.78,367.39,375.52,388.54,415.74,438.57,416.35,0.1575,25900,100,0.98
1981,327.27,330.8,339.25,347.81,353.78,367.4,375.52,388.55,415.75,438.57,416.41,0.1575,25900,100,0.98
1982,327.27,330.8,339.25,347.81,353.79,367.4,375.55,388.55,415.77,438.6,416.48,0.1575,25900,100,0.98
1983,327.27,330.8,339.25,347.81,353.79,367.41,375.55,388.56,415.78,438.63,416.52,0.1575,25900,100,0.98
1984,327.27,330.8,339.24,347.8,353.8,367.41,375.57,388.57,415.8,438.64,416.57,0.1575,25900,100,0.98
1985,327.25,330.79,339.23,347.81,353.79,367.42,375.56,388.59,415.8,438.63,416.6,0.1575,25900,100,0.98
1986,327.25,330.78,339.22,347.81,353.8,367.42,375.57,388.61,415.81,438.58,416.69,0.1575,25900,100,0.98
1987,327.24,330.78,339.23,347.81,353.81,367.43,375.59,388.61,415.83,438.57,416.76,0.1575,25900,100,0.98
1988,327.23,330.77,339.21,347.81,353.8,367.43,375.59,388.62,415.84,438.56,416.77,0.1575,25900,100,0.98
1989,327.23,330.76,339.22,347.81,353.81,367.44,375.6,388.63,415.85,438.6,416.76,0.1575,25900,100,0.98
1990,327.22,330.76,339.21,347.8,353.82,367.44,375.61,388.65,415.86,438.63,416.76,0.1575,25900,100,0.98
1991,327.22,330.75,339.21,347.81,353.82,367.45,375.62,388.64,415.87,438.66,416.77,0.1575,25900,100,0.98
1992,327.2,330.74,339.19,347.8,353.8,367.45,375.62,388.65,415.87,438.68,416.77,0.1575,25900,100,0.98
1993,327.2,330.74,339.18,347.81,353.81,367.46,375.64,388.66,415.88,438.72,416.78,0.1575,25900,100,0.98
1994,327.2,330.74,339.19,347.81,353.82,367.47,375.64,388.68,415.87,438.76,416.76,0.1575,25900,100,0.98
1995,327.2,330.73,339.19,347.82,353.82,367.47,375.66,388.69,415.89,438.79,416.72,0.1575,25900,100,0.98
1996,327.18,330.73,339.18,347.82,353.83,367.48,375.67,388.69,415.9,438.81,416.69,0.1575,25900,100,0.98
1997,327.18,330.72,339.17,347.81,353.82,367.48,375.68,388.7,415.91,438.82,416.68,0.1575,25900,100,0.98
1998,327.17,330.71,339.17,347.8,353.84,367.48,375.69,388.7,415.91,438.85,416.7,0.1575,25900,100,0.98
1999,327.17,330.71,339.17,347.81,353.83,367.48,375.7,388.71,415.91,438.84,416.73,0.1575,25900,100,0.98
2000,327.17,330.72,339.17,347.81,353.84,367.48,375.72,388.72,415.92,438.84,416.78,0.1575,25900,100,0.98
2001,327.17,330.71,339.17,347.82,353.84,367.49,375.72,388.73,415.92,438.86,416.82,0.1575,25900,100,0.98
2002,327.17,330.71,339.17,347.82,353.84,367.5,375.74,388.74,415.93,438.89,416.85,0.1575,25900,100,0.98
2003,327.16,330.71,339.16,347.82,353.84,367.5,375.74,388.75,415.93,438.9,416.88,0.1575,25900,100,0.98
2004,327.14,330.69,339.16,347.82,353.84,367.51,375.74,388.75,415.93,438.93,416.94,0.1575,25900,100,0.98
2005,327.15,330.7,339.16,347.82,353.85,367.52,375.77,388.77,415.96,438.9,417.01,0.1575,25900,100,0.98
2006,327.13,330.68,339.14,347.83,353.85,367.52,375.76,388.78,415.96,438.87,417.06,0.1575,25900,100,0.98
2007,327.12,330.67,339.13,347.81,353.84,367.53,375.76,388.79,415.97,438.87,417.11,0.1575,25900,100,0.98
2008,327.11,330.68,339.13,347.82,353.85,367.53,375.77,388.79,415.98,438.87,417.14,0.1575,25900,100,0.98
2009,327.11,330.67,339.13,347.82,353.85,367.54,375.78,388.8,415.99,438.88,417.17,0.1575,25900,100,0.98
2010,327.1,330.66,339.13,347.81,353.85,367.55,375.78,388.81,415.99,438.89,417.2,0.1575,25900,100,0.98
2011,327.09,330.66,339.12,347.81,353.85,367.55,375.78,388.8,415.99,438.87,417.2,0.1575,25900,100,0.98
2012,327.08,330.65,339.11,347.8,353.85,367.55,375.78,388.82,416.0,438.89,417.18,0.1575,25900,100,0.98
2013,327.07,330.65,339.11,347.8,353.86,367.57,375.8,388.83,416.01,438.88,417.18,0.1575,25900,100,0.98
2014,327.06,330.64,339.11,347.8,353.86,367.57,375.8,388.84,416.02,438.86,417.19,0.1575,25900,100,0.98
2015,327.06,330.63,339.1,347.8,353.87,367.58,375.81,388.85,416.02,438.84,417.18,0.1575,25900,100,0.98
2016,327.04,330.62,339.1,347.8,353.87,367.58,375.81,388.87,416.02,438.83,417.2,0.1575,25900,100,0.98
2017,327.03,330.62,339.09,347.8,353.87,367.6,375.81,388.87,416.03,438.84,417.18,0.1575,25900,100,0.98
2018,327.03,330.63,339.1,347.8,353.87,367.61,375.82,388.89,416.04,438.9,417.17,0.1575,25900,100,0.98
2019,327.02,330.61,339.09,347.79,353.88,367.61,375.82,388.88,416.05,438.9,417.12,0.1575,25900,100,0.98
2020,327.02,330.61,339.1,347.79,353.87,367.61,375.82,388.9,416.05,438.89,417.06,0.1575,25900,100,0.98
2021,327.0,330.61,339.08,347.79,353.87,367.62,375.82,388.91,416.06,438.85,417.03,0.1575,25900,100,0.98
2022,326.98,330.59,339.08,347.79,353.88,367.62,375.84,388.91,416.05,438.8,417.02,0.1575,25900,100,0.98
2023,326.97,330.58,339.08,347.79,353.87,367.63,375.83,388.92,416.06,438.79,417.05,0.1575,25900,100,0.98
2024,326.98,330.57,339.08,347.78,353.88,367.63,375.84,388.93,416.07,438.78,417.08,0.1575,25900,100,0.98
2025,326.98,330.57,339.08,347.78,353.88,367.64,375.86,388.93,416.08,438.81,417.08,0.1575,25900,100,0.98
2026,326.96,330.56,339.08,347.79,353.88,367.65,375.87,388.95,416.09,438.84,417.06,0.1575,25900,100,0.98
2027,326.96,330.55,339.07,347.78,353.89,367.65,375.87,388.95,416.09,438.86,417.03,0.1575,25900,100,0.98
2028,326.95,330.55,339.06,347.77,353.89,367.65,375.88,388.95,416.11,438.87,417.01,0.1575,25900,100,0.98
2029,326.95,330.54,339.06,347.77,353.89,367.66,375.89,388.95,416.12,438.89,416.98,0.1575,25900,100,0.98
2030,326.94,330.54,339.06,347.77,353.89,367.66,375.89,388.97,416.13,438.87,416.96,0.1575,25900,100,0.98
2031,326.93,330.53,339.05,347.77,353.89,367.66,375.9,388.96,416.15,438.87,416.92,0.1575,25900,100,0.98
2032,326.91,330.51,339.03,347.76,353.89,367.66,375.91,388.97,416.17,438.84,416.9,0.1575,25900,100,0.98
2033,326.91,330.52,339.03,347.76,353.89,367.67,375.92,388.98,416.17,438.87,416.89,0.1575,25900,100,0.98
2034,326.91,330.52,339.03,347.75,353.9,367.68,375.93,389.0,416.18,438.89,416.87,0.1575,25900,100,0.98
2035,326.9,330.51,339.02,347.76,353.9,367.69,375.93,389.01,416.17,438.93,416.84,0.1575,25900,100,0.98
2036,326.89,330.49,339.01,347.76,353.89,367.69,375.93,389.01,416.16,438.94,416.8,0.1575,25900,100,0.98
2037,326.88,330.48,339.01,347.76,353.89,367.7,375.94,389.03,416.17,438.97,416.77,0.1575,25900,100,0.98
2038,326.88,330.48,339.01,347.75,353.88,367.7,375.94,389.04,416.16,438.99,416.72,0.1575,25900,100,0.98
2039,326.88,330.48,339.01,347.75,353.91,367.71,375.97,389.04,416.19,439.01,416.68,0.1575,25900,100,0.98
2040,326.88,330.48,339.01,347.75,353.91,367.72,375.97,389.05,416.18,439.02,416.59,0.1575,25900,100,0.98
2041,326.87,330.46,339.0,347.75,353.9,367.72,375.98,389.06,416.18,439.06,416.49,0.1575,25900,100,0.98
2042,326.87,330.47,339.0,347.74,353.91,367.72,375.99,389.07,416.19,439.07,416.44,0.1575,25900,100,0.98
2043,326.85,330.46,338.99,347.75,353.9,367.72,375.99,389.07,416.18,439.09,416.39,0.1575,25900,100,0.98
2044,326.84,330.45,338.98,347.75,353.9,367.73,375.99,389.08,416.18,439.09,416.34,0.1575,25900,100,0.98
2045,326.84,330.45,338.98,347.74,353.9,367.74,376.01,389.09,416.19,439.08,416.32,0.1575,25900,100,0.98
2046,326.84,330.45,338.98,347.74,353.91,367.74,376.02,389.09,416.2,439.04,416.31,0.1575,25900,100,0.98
2047,326.83,330.44,338.97,347.74,353.91,367.74,376.03,389.11,416.19,439.02,416.32,0.1575,25900,100,0.98
2048,326.84,330.44,338.96,347.75,353.91,367.75,376.03,389.12,416.2,438.95,416.37,0.1575,25900,100,0.98
2049,326.83,330.43,338.96,347.75,353.92,367.76,376.05,389.13,416.22,438.91,416.48,0.1575,25900,100,0.98
2050,326.82,330.43,338.96,347.74,353.92,367.77,376.06,389.14,416.23,438.88,416.57,0.1575,25900,100,0.98
2051,326.81,330.42,338.95,347.75,353.92,367.77,376.07,389.15,416.24,438.87,416.61,0.1575,25900,100,0.98
2052,326.81,330.41,338.95,347.75,353.92,367.77,376.07,389.15,416.24,438.88,416.65,0.1575,25900,100,0.98
2053,326.8,330.39,338.94,347.75,353.92,367.78,376.08,389.16,416.25,438.86,416.64,0.1575,25900,100,0.98
2054,326.8,330.39,338.94,347.75,353.93,367.78,376.09,389.17,416.27,438.83,416.64,0.1575,25900,100,0.98
2055,326.79,330.39,338.94,347.74,353.93,367.78,376.1,389.17,416.28,438.83,416.65,0.1575,25900,100,0.98
2056,326.78,330.39,338.94,347.75,353.94,367.79,376.1,389.19,416.28,438.8,416.67,0.1575,25900,100,0.98
2057,326.78,330.38,338.94,347.75,353.95,367.79,376.11,389.19,416.29,438.73,416.67,0.1575,25900,100,0.98
2058,326.77,330.37,338.93,347.74,353.95,367.8,376.12,389.2,416.3,438.73,416.71,0.1575,25900,100,0.98
2059,326.76,330.36,338.93,347.75,353.95,367.8,376.13,389.21,416.29,438.72,416.74,0.1575,25900,100,0.98
2060,326.75,330.36,338.92,347.75,353.95,367.81,376.13,389.22,416.3,438.71,416.73,0.1575,25900,100,0.98
2061,326.75,330.35,338.92,347.74,353.95,367.82,376.14,389.23,416.3,438.71,416.7,0.1575,25900,100,0.98
2062,326.74,330.34,338.92,347.74,353.95,367.83,376.15,389.24,416.31,438.74,416.65,0.1575,25900,100,0.98
2063,326.73,330.34,338.92,347.74,353.95,367.84,376.16,389.25,416.32,438.78,416.62,0.1575,25900,100,0.98
2064,326.72,330.34,338.91,347.75,353.96,367.85,376.16,389.27,416.32,438.82,416.57,0.1575,25900,100,0.98
2065,326.71,330.33,338.91,347.75,353.97,367.86,376.16,389.27,416.32,438.89,416.53,0.1575,25900,100,0.98
2066,326.7,330.32,338.91,347.74,353.96,367.85,376.17,389.27,416.32,438.91,416.49,0.1575,25900,100,0.98
2067,326.7,330.32,338.9,347.73,353.97,367.85,376.18,389.27,416.33,438.93,416.47,0.1575,25900,100,0.98
2068,326.69,330.3,338.89,347.73,353.97,367.86,376.19,389.28,416.33,438.96,416.47,0.1575,25900,100,0.98
2069,326.67,330.29,338.88,347.74,353.96,367.87,376.18,389.29,416.33,438.98,416.46,0.1575,25900,100,0.98
2070,326.66,330.28,338.88,347.73,353.96,367.87,376.19,389.3,416.33,438.95,416.47,0.1575,25900,100,0.98
2071,326.66,330.28,338.88,347.73,353.96,367.88,376.2,389.31,416.34,438.93,416.48,0.1575,25900,100,0.98
2072,326.65,330.27,338.87,347.73,353.97,367.88,376.22,389.31,416.37,438.91,416.52,0.1575,25900,100,0.98
2073,326.65,330.27,338.86,347.73,353.96,367.89,376.22,389.32,416.36,438.9,416.55,0.1575,25900,100,0.98
2074,326.64,330.26,338.86,347.74,353.97,367.88,376.22,389.33,416.37,438.88,416.59,0.1575,25900,100,0.98
2075,326.64,330.26,338.86,347.74,353.96,367.89,376.23,389.34,416.38,438.91,416.62,0.1575,25900,100,0.98
2076,326.63,330.25,338.86,347.75,353.98,367.89,376.25,389.35,416.4,438.94,416.61,0.1575,25900,100,0.98
2077,326.63,330.25,338.86,347.75,353.99,367.9,376.26,389.36,416.42,438.95,416.57,0.1575,25900,100,0.98
2078,326.62,330.24,338.84,347.75,353.98,367.91,376.27,389.37,416.41,438.93,416.54,0.1575,25900,100,0.98
2079,326.62,330.24,338.84,347.75,353.98,367.91,376.27,389.37,416.43,438.92,416.52,0.1575,25900,100,0.98
2080,326.61,330.23,338.84,347.76,353.99,367.91,376.28,389.38,416.44,438.91,416.5,0.1575,25900,100,0.98
2081,326.61,330.23,338.83,347.75,353.98,367.92,376.3,389.4,416.43,438.92,416.45,0.1575,25900,100,0.98
2082,326.6,330.22,338.83,347.76,353.99,367.94,376.31,389.42,416.45,438.88,416.42,0.1575,25900,100,0.98
2083,326.59,330.23,338.83,347.75,353.99,367.94,376.32,389.43,416.44,438.9,416.38,0.1575,25900,100,0.98
2084,326.58,330.21,338.83,347.75,354.0,367.95,376.32,389.43,416.45,438.93,416.33,0.1575,25900,100,0.98
2085,326.58,330.21,338.82,347.74,353.99,367.95,376.34,389.43,416.45,438.98,416.24,0.1575,25900,100,0.98
2086,326.57,330.21,338.82,347.74,354.0,367.96,376.34,389.43,416.47,439.07,416.21,0.1575,25900,100,0.98
2087,326.58,330.2,338.81,347.74,353.99,367.96,376.34,389.44,416.47,439.12,416.19,0.1575,25900,100,0.98
2088,326.56,330.2,338.82,347.74,354.01,367.96,376.36,389.45,416.48,439.12,416.18,0.1575,25900,100,0.98
2089,326.56,330.2,338.81,347.74,354.01,367.97,376.36,389.45,416.47,439.13,416.19,0.1575,25900,100,0.98
2090,326.55,330.19,338.8,347.74,354.01,367.99,376.37,389.47,416.47,439.15,416.19,0.1575,25900,100,0.98
2091,326.54,330.19,338.8,347.74,354.0,367.99,376.36,389.47,416.47,439.14,416.19,0.1575,25900,100,0.98
2092,326.54,330.18,338.8,347.74,354.01,367.99,376.37,389.48,416.48,439.14,416.2,0.1575,25900,100,0.98
2093,326.52,330.17,338.79,347.74,354.01,367.99,376.38,389.48,416.48,439.13,416.21,0.1575,25900,100,0.98
2094,326.52,330.17,338.78,347.75,354.01,368.0,376.39,389.49,416.49,439.14,416.26,0.1575,25900,100,0.98
2095,326.51,330.16,338.78,347.73,354.02,368.0,376.39,389.5,416.5,439.16,416.27,0.1575,25900,100,0.98
2096,326.5,330.14,338.76,347.73,354.01,368.0,376.4,389.51,416.5,439.15,416.28,0.1575,25900,100,0.98
2097,326.49,330.15,338.77,347.73,354.02,368.01,376.41,389.52,416.51,439.16,416.31,0.1575,25900,100,0.98
2098,326.49,330.14,338.76,347.73,354.02,368.02,376.4,389.53,416.51,439.16,416.32,0.1575,25900,100,0.98
2099,326.47,330.13,338.76,347.74,354.02,368.03,376.41,389.54,416.51,439.18,416.3,0.1575,25900,100,0.98
2100,326.46,330.14,338.76,347.72,354.02,368.02,376.42,389.53,416.52,439.17,416.3,0.1575,25900,100,0.98
2101,326.46,330.13,338.76,347.72,354.03,368.04,376.42,389.55,416.53,439.17,416.29,0.1575,25900,100,0.98
2102,326.46,330.13,338.76,347.73,354.04,368.04,376.43,389.56,416.53,439.16,416.29,0.1575,25900,100,0.98
2103,326.45,330.12,338.75,347.72,354.02,368.04,376.42,389.56,416.53,439.12,416.25,0.1575,25900,100,0.98
2104,326.43,330.11,338.74,347.72,354.02,368.05,376.43,389.57,416.53,439.11,416.25,0.1575,25900,100,0.98
2105,326.42,330.09,338.73,347.72,354.02,368.05,376.42,389.58,416.54,439.09,416.26,0.1575,25900,100,0.98
2106,326.41,330.08,338.74,347.7,354.03,368.05,376.43,389.57,416.54,439.1,416.29,0.1575,25900,100,0.98
2107,326.4,330.08,338.73,347.72,354.02,368.06,376.43,389.6,416.54,439.08,416.31,0.1575,25900,100,0.98
2108,326.39,330.07,338.71,347.7,354.02,368.07,376.43,389.6,416.55,439.06,416.31,0.1575,25900,100,0.98
2109,326.38,330.07,338.73,347.7,354.03,368.07,376.44,389.6,416.55,439.07,416.32,0.1575,25900,100,0.98
2110,326.38,330.06,338.72,347.71,354.03,368.08,376.45,389.61,416.56,439.07,416.33,0.1575,25900,100,0.98
2111,326.37,330.05,338.71,347.71,354.03,368.09,376.44,389.62,416.56,439.05,416.36,0.1575,25900,100,0.98
2112,326.37,330.04,338.71,347.71,354.04,368.09,376.46,389.63,416.58,439.04,416.38,0.1575,25900,100,0.98
2113,326.35,330.04,338.71,347.71,354.04,368.09,376.46,389.64,416.58,439.03,416.39,0.1575,25900,100,0.98
2114,326.35,330.04,338.71,347.71,354.05,368.09,376.48,389.65,416.59,439.02,416.42,0.1575,25900,100,0.98
2115,326.35,330.04,338.71,347.7,354.05,368.11,376.49,389.65,416.61,439.03,416.43,0.1575,25900,100,0.98
2116,326.35,330.04,338.71,347.71,354.06,368.12,376.51,389.66,416.61,439.02,416.44,0.1575,25900,100,0.98
2117,326.34,330.02,338.7,347.71,354.06,368.12,376.5,389.66,416.63,438.99,416.46,0.1575,25900,100,0.98
2118,326.33,330.01,338.7,347.7,354.06,368.12,376.51,389.68,416.62,438.98,416.49,0.1575,25900,100,0.98
2119,326.33,330.0,338.69,347.71,354.05,368.13,376.51,389.69,416.63,439.0,416.54,0.1575,25900,100,0.98
2120,326.32,330.01,338.69,347.7,354.06,368.13,376.52,389.69,416.63,439.01,416.57,0.1575,25900,100,0.98
2121,326.31,330.0,338.7,347.7,354.07,368.15,376.53,389.7,416.65,439.07,416.58,0.1575,25900,100,0.98
2122,326.32,330.01,338.7,347.7,354.08,368.14,376.56,389.71,416.67,439.13,416.55,0.1575,25900,100,0.98
2123,326.31,329.99,338.69,347.7,354.08,368.15,376.56,389.72,416.66,439.15,416.51,0.1575,25900,100,0.98
2124,326.3,329.98,338.68,347.69,354.08,368.15,376.55,389.71,416.67,439.16,416.49,0.1575,25900,100,0.98
2125,326.3,329.98,338.68,347.7,354.08,368.17,376.58,389.73,416.67,439.19,416.47,0.1575,25900,100,0.98
2126,326.29,329.98,338.68,347.69,354.08,368.17,376.58,389.74,416.68,439.21,416.46,0.1575,25900,100,0.98
2127,326.29,329.97,338.68,347.69,354.08,368.18,376.58,389.75,416.68,439.2,416.44,0.1575,25900,100,0.98
2128,326.27,329.96,338.66,347.69,354.08,368.18,376.58,389.75,416.67,439.19,416.42,0.1575,25900,100,0.98
2129,326.28,329.97,338.67,347.7,354.09,368.19,376.61,389.77,416.69,439.2,416.43,0.1575,25900,100,0.98
2130,326.27,329.95,338.66,347.69,354.09,368.19,376.62,389.77,416.69,439.2,416.44,0.1575,25900,100,0.98
2131,326.27,329.94,338.66,347.68,354.09,368.2,376.62,389.78,416.7,439.22,416.45,0.1575,25900,100,0.98
2132,326.27,329.95,338.65,347.68,354.09,368.2,376.62,389.79,416.7,439.24,416.46,0.1575,25900,100,0.98
2133,326.26,329.94,338.66,347.69,354.1,368.21,376.64,389.79,416.72,439.25,416.48,0.1575,25900,100,0.98
2134,326.25,329.93,338.64,347.69,354.1,368.22,376.64,389.81,416.71,439.23,416.51,0.1575,25900,100,0.98
2135,326.25,329.94,338.64,347.68,354.09,368.21,376.64,389.8,416.72,439.19,416.52,0.1575,25900,100,0.98
2136,326.23,329.92,338.63,347.68,354.1,368.22,376.65,389.82,416.73,439.16,416.55,0.1575,25900,100,0.98
2137,326.23,329.92,338.62,347.68,354.1,368.23,376.65,389.83,416.73,439.17,416.55,0.1575,25900,100,0.98
2138,326.22,329.92,338.62,347.69,354.1,368.24,376.66,389.85,416.74,439.16,416.55,0.1575,25900,100,0.98
2139,326.22,329.9,338.62,347.68,354.1,368.24,376.67,389.85,416.74,439.16,416.55,0.1575,25900,100,0.98
2140,326.21,329.89,338.62,347.7,354.11,368.25,376.68,389.86,416.75,439.16,416.53,0.1575,25900,100,0.98
2141,326.22,329.91,338.61,347.69,354.11,368.25,376.7,389.87,416.76,439.17,416.5,0.1575,25900,100,0.98
2142,326.2,329.9,338.61,347.69,354.11,368.26,376.7,389.88,416.77,439.19,416.47,0.1575,25900,100,0.98
2143,326.21,329.89,338.61,347.7,354.11,368.26,376.7,389.89,416.76,439.16,416.41,0.1575,25900,100,0.98
2144,326.2,329.89,338.6,347.69,354.12,368.26,376.71,389.9,416.76,439.15,416.39,0.1575,25900,100,0.98
2145,326.2,329.88,338.6,347.69,354.11,368.27,376.73,389.9,416.77,439.1,416.4,0.1575,25900,100,0.98
2146,326.19,329.88,338.6,347.69,354.12,368.27,376.74,389.92,416.77,439.07,416.39,0.1575,25900,100,0.98
2147,326.2,329.88,338.59,347.69,354.13,368.27,376.74,389.92,416.78,439.04,416.4,0.1575,25900,100,0.98
2148,326.18,329.87,338.59,347.69,354.13,368.28,376.76,389.92,416.79,439.04,416.43,0.1575,25900,100,0.98
2149,326.19,329.87,338.59,347.69,354.14,368.29,376.77,389.93,416.8,439.03,416.47,0.1575,25900,100,0.98
2150,326.18,329.86,338.59,347.69,354.14,368.29,376.79,389.94,416.82,439.01,416.5,0.1575,25900,100,0.98
2151,326.18,329.86,338.59,347.7,354.15,368.3,376.79,389.96,416.83,439.02,416.52,0.1575,25900,100,0.98
2152,326.17,329.86,338.57,347.7,354.14,368.31,376.79,389.96,416.82,439.02,416.56,0.1575,25900,100,0.98
2153,326.16,329.84,338.57,347.7,354.15,368.31,376.8,389.97,416.84,439.03,416.6,0.1575,25900,100,0.98
2154,326.16,329.85,338.57,347.7,354.16,368.32,376.81,389.98,416.85,439.04,416.64,0.1575,25900,100,0.98
2155,326.16,329.85,338.57,347.71,354.16,368.32,376.82,389.99,416.86,439.04,416.66,0.1575,25900,100,0.98
2156,326.15,329.83,338.57,347.7,354.16,368.32,376.83,389.99,416.87,439.05,416.68,0.1575,25900,100,0.98
2157,326.14,329.83,338.56,347.7,354.16,368.33,376.84,390.0,416.88,439.06,416.73,0.1575,25900,100,0.98
2158,326.13,329.81,338.55,347.71,354.16,368.34,376.84,390.01,416.88,439.08,416.77,0.1575,25900,100,0.98
2159,326.12,329.81,338.55,347.72,354.15,368.35,376.85,390.03,416.88,439.1,416.82,0.1575,25900,100,0.98
2160,326.11,329.81,338.55,347.72,354.16,368.35,376.85,390.03,416.89,439.11,416.88,0.1575,25900,100,0.98
2161,326.11,329.8,338.55,347.72,354.16,368.36,376.87,390.03,416.9,439.1,416.92,0.1575,25900,100,0.98
2162,326.11,329.8,338.55,347.71,354.17,368.36,376.88,390.04,416.91,439.09,416.94,0.1575,25900,100,0.98
2163,326.1,329.8,338.54,347.72,354.17,368.36,376.89,390.06,416.93,439.09,416.95,0.1575,25900,100,0.98
2164,326.1,329.79,338.54,347.72,354.18,368.37,376.89,390.06,416.93,439.09,416.96,0.1575,25900,100,0.98
2165,326.1,329.79,338.54,347.72,354.18,368.37,376.9,390.07,416.94,439.1,416.97,0.1575,25900,100,0.98
2166,326.09,329.79,338.53,347.72,354.19,368.38,376.92,390.08,416.95,439.14,416.93,0.1575,25900,100,0.98
2167,326.09,329.78,338.54,347.71,354.19,368.38,376.93,390.09,416.94,439.16,416.86,0.1575,25900,100,0.98
2168,326.07,329.77,338.53,347.71,354.18,368.39,376.92,390.09,416.94,439.2,416.77,0.1575,25900,100,0.98
2169,326.05,329.77,338.53,347.71,354.19,368.4,376.94,390.1,416.94,439.24,416.71,0.1575,25900,100,0.98
2170,326.05,329.77,338.54,347.71,354.2,368.41,376.95,390.12,416.95,439.25,416.67,0.1575,25900,100,0.98
2171,326.06,329.77,338.53,347.71,354.21,368.42,376.95,390.12,416.95,439.25,416.64,0.1575,25900,100,0.98
2172,326.04,329.76,338.52,347.71,354.2,368.42,376.95,390.13,416.95,439.27,416.62,0.1575,25900,100,0.98
2173,326.05,329.76,338.53,347.71,354.22,368.43,376.97,390.14,416.95,439.29,416.61,0.1575,25900,100,0.98
2174,326.03,329.76,338.53,347.71,354.22,368.44,376.96,390.15,416.95,439.3,416.61,0.1575,25900,100,0.98
2175,326.02,329.75,338.52,347.71,354.22,368.45,376.97,390.16,416.95,439.3,416.6,0.1575,25900,100,0.98
2176,326.01,329.74,338.52,347.71,354.22,368.45,376.97,390.17,416.94,439.32,416.61,0.1575,25900,100,0.98
2177,326.0,329.74,338.51,347.71,354.22,368.47,376.97,390.18,416.95,439.36,416.62,0.1575,25900,100,0.98
2178,326.0,329.74,338.51,347.7,354.23,368.47,376.98,390.19,416.97,439.38,416.63,0.1575,25900,100,0.98
2179,325.99,329.72,338.5,347.71,354.21,368.48,376.98,390.19,416.96,439.4,416.64,0.1575,25900,100,0.98
2180,325.97,329.72,338.5,347.71,354.22,368.48,376.97,390.2,416.96,439.39,416.68,0.1575,25900,100,0.98
2181,325.98,329.72,338.5,347.72,354.23,368.49,376.98,390.21,416.97,439.37,416.72,0.1575,25900,100,0.98
2182,325.96,329.71,338.49,347.72,354.23,368.5,376.98,390.22,416.98,439.35,416.78,0.1575,25900,100,0.98
2183,325.96,329.7,338.5,347.71,354.23,368.51,376.99,390.23,417.0,439.36,416.84,0.1575,25900,100,0.98
2184,325.95,329.69,338.49,347.71,354.24,368.51,377.0,390.22,417.0,439.38,416.93,0.1575,25900,100,0.98
2185,325.93,329.68,338.47,347.71,354.23,368.51,377.0,390.23,417.02,439.35,417.01,0.1575,25900,100,0.98
2186,325.93,329.68,338.48,347.71,354.24,368.52,377.01,390.24,417.03,439.32,417.06,0.1575,25900,100,0.98
2187,325.93,329.67,338.47,347.71,354.24,368.52,377.01,390.24,417.03,439.29,417.08,0.1575,25900,100,0.98
2188,325.92,329.66,338.47,347.71,354.24,368.53,377.01,390.24,417.04,439.28,417.1,0.1575,25900,100,0.98
2189,325.92,329.66,338.47,347.7,354.24,368.53,377.02,390.25,417.05,439.27,417.13,0.1575,25900,100,0.98
2190,325.92,329.66,338.48,347.7,354.25,368.54,377.04,390.26,417.05,439.26,417.14,0.1575,25900,100,0.98
2191,325.91,329.64,338.46,347.7,354.24,368.54,377.04,390.26,417.06,439.27,417.13,0.1575,25900,100,0.98
2192,325.91,329.64,338.46,347.7,354.24,368.54,377.05,390.26,417.06,439.29,417.1,0.1575,25900,100,0.98
2193,325.9,329.64,338.46,347.69,354.25,368.56,377.06,390.28,417.07,439.33,417.06,0.1575,25900,100,0.98
2194,325.89,329.63,338.45,347.69,354.25,368.56,377.06,390.29,417.08,439.37,416.99,0.1575,25900,100,0.98
2195,325.88,329.62,338.43,347.69,354.24,368.56,377.07,390.29,417.08,439.39,416.97,0.1575,25900,100,0.98
2196,325.88,329.61,338.43,347.69,354.26,368.57,377.07,390.3,417.09,439.37,416.98,0.1575,25900,100,0.98
2197,325.88,329.61,338.43,347.68,354.25,368.57,377.1,390.3,417.1,439.38,417.0,0.1575,25900,100,0.98
2198,325.87,329.62,338.44,347.69,354.26,368.57,377.11,390.32,417.1,439.41,417.03,0.1575,25900,100,0.98
2199,325.87,329.61,338.42,347.68,354.26,368.58,377.11,390.33,417.1,439.44,417.09,0.1575,25900,100,0.98
2200,325.87,329.61,338.43,347.69,354.27,368.59,377.12,390.34,417.11,439.45,417.14,0.1575,25900,100,0.98
2201,325.86,329.6,338.42,347.69,354.26,368.59,377.12,390.34,417.12,439.47,417.21,0.1575,25900,100,0.98
2202,325.84,329.58,338.41,347.69,354.26,368.59,377.13,390.36,417.13,439.46,417.3,0.1575,25900,100,0.98
2203,325.83,329.57,338.41,347.69,354.26,368.6,377.14,390.35,417.14,439.45,417.36,0.1575,25900,100,0.98
2204,325.83,329.57,338.41,347.69,354.27,368.6,377.14,390.37,417.15,439.45,417.4,0.1575,25900,100,0.98
2205,325.81,329.55,338.39,347.68,354.26,368.61,377.15,390.37,417.15,439.45,417.44,0.1575,25900,100,0.98
2206,325.81,329.56,338.39,347.68,354.27,368.61,377.15,390.38,417.16,439.46,417.47,0.1575,25900,100,0.98
2207,325.81,329.55,338.39,347.69,354.28,368.63,377.15,390.4,417.17,439.45,417.5,0.1575,25900,100,0.98
2208,325.8,329.55,338.39,347.69,354.27,368.63,377.17,390.39,417.18,439.43,417.52,0.1575,25900,100,0.98
2209,325.8,329.55,338.39,347.68,354.27,368.64,377.16,390.4,417.19,439.46,417.54,0.1575,25900,100,0.98
2210,325.79,329.54,338.39,347.67,354.28,368.64,377.18,390.4,417.2,439.49,417.54,0.1575,25900,100,0.98
2211,325.78,329.53,338.38,347.68,354.28,368.65,377.19,390.42,417.22,439.48,417.55,0.1575,25900,100,0.98
2212,325.78,329.53,338.38,347.68,354.28,368.64,377.19,390.43,417.22,439.49,417.57,0.1575,25900,100,0.98
2213,325.78,329.53,338.38,347.69,354.29,368.65,377.2,390.44,417.23,439.47,417.58,0.1575,25900,100,0.98
2214,325.78,329.52,338.39,347.67,354.3,368.65,377.22,390.43,417.24,439.45,417.57,0.1575,25900,100,0.98
2215,325.77,329.52,338.38,347.67,354.29,368.65,377.21,390.43,417.25,439.43,417.56,0.1575,25900,100,0.98
2216,325.76,329.51,338.37,347.67,354.29,368.66,377.22,390.45,417.26,439.42,417.53,0.1575,25900,100,0.98
2217,325.76,329.51,338.37,347.68,354.3,368.67,377.23,390.47,417.26,439.38,417.53,0.1575,25900,100,0.98
2218,325.76,329.5,338.36,347.69,354.29,368.69,377.23,390.48,417.27,439.36,417.53,0.1575,25900,100,0.98
2219,325.75,329.49,338.36,347.68,354.29,368.68,377.24,390.48,417.28,439.34,417.54,0.1575,25900,100,0.98
2220,325.75,329.49,338.35,347.69,354.3,368.69,377.25,390.49,417.29,439.32,417.54,0.1575,25900,100,0.98
2221,325.73,329.49,338.35,347.68,354.31,368.69,377.27,390.49,417.31,439.26,417.54,0.1575,25900,100,0.98
2222,325.74,329.48,338.34,347.68,354.3,368.69,377.27,390.51,417.31,439.2,417.56,0.1575,25900,100,0.98
2223,325.72,329.46,338.33,347.69,354.31,368.7,377.28,390.51,417.31,439.16,417.58,0.1575,25900,100,0.98
2224,325.71,329.46,338.33,347.68,354.31,368.7,377.28,390.51,417.32,439.14,417.6,0.1575,25900,100,0.98
2225,325.71,329.46,338.34,347.68,354.31,368.7,377.28,390.53,417.32,439.14,417.59,0.1575,25900,100,0.98
2226,325.71,329.45,338.33,347.68,354.31,368.71,377.29,390.53,417.33,439.16,417.6,0.1575,25900,100,0.98
2227,325.7,329.45,338.33,347.68,354.31,368.71,377.3,390.54,417.34,439.15,417.6,0.1575,25900,100,0.98
2228,325.69,329.44,338.32,347.67,354.3,368.71,377.3,390.54,417.33,439.15,417.58,0.1575,25900,100,0.98
2229,325.69,329.44,338.31,347.68,354.32,368.72,377.31,390.55,417.35,439.17,417.59,0.1575,25900,100,0.98
2230,325.68,329.43,338.32,347.68,354.32,368.73,377.32,390.56,417.36,439.18,417.62,0.1575,25900,100,0.98
2231,325.68,329.43,338.31,347.68,354.33,368.73,377.33,390.56,417.37,439.19,417.64,0.1575,25900,100,0.98
2232,325.68,329.43,338.32,347.68,354.34,368.73,377.34,390.57,417.38,439.17,417.64,0.1575,25900,100,0.98
2233,325.66,329.42,338.3,347.68,354.33,368.73,377.34,390.58,417.38,439.17,417.65,0.1575,25900,100,0.98
2234,325.67,329.42,338.31,347.67,354.34,368.73,377.36,390.58,417.39,439.14,417.68,0.1575,25900,100,0.98
2235,325.66,329.41,338.3,347.68,354.35,368.74,377.37,390.59,417.4,439.11,417.74,0.1575,25900,100,0.98
2236,325.65,329.41,338.3,347.68,354.34,368.75,377.37,390.6,417.41,439.1,417.81,0.1575,25900,100,0.98
2237,325.65,329.4,338.3,347.67,354.34,368.75,377.38,390.61,417.41,439.08,417.88,0.1575,25900,100,0.98
2238,325.64,329.39,338.29,347.69,354.34,368.76,377.39,390.62,417.43,439.07,417.98,0.1575,25900,100,0.98
2239,325.64,329.39,338.29,347.68,354.35,368.76,377.39,390.62,417.44,439.09,418.07,0.1575,25900,100,0.98
2240,325.64,329.38,338.28,347.69,354.34,368.77,377.4,390.63,417.45,439.13,418.08,0.1575,25900,100,0.98
2241,325.62,329.38,338.27,347.68,354.35,368.77,377.42,390.64,417.46,439.22,418.08,0.1575,25900,100,0.98
2242,325.62,329.38,338.27,347.69,354.35,368.77,377.42,390.65,417.45,439.28,418.03,0.1575,25900,100,0.98
2243,325.6,329.36,338.26,347.68,354.34,368.78,377.42,390.66,417.45,439.31,418.0,0.1575,25900,100,0.98
2244,325.59,329.36,338.26,347.68,354.34,368.77,377.42,390.65,417.45,439.33,417.97,0.1575,25900,100,0.98
2245,325.58,329.36,338.26,347.68,354.35,368.78,377.43,390.66,417.45,439.35,417.97,0.1575,25900,100,0.98
2246,325.57,329.36,338.26,347.68,354.35,368.8,377.43,390.68,417.47,439.35,417.95,0.1575,25900,100,0.98
2247,325.57,329.35,338.26,347.68,354.36,368.81,377.43,390.7,417.47,439.36,417.94,0.1575,25900,100,0.98
2248,325.55,329.35,338.26,347.68,354.36,368.81,377.44,390.69,417.47,439.36,417.94,0.1575,25900,100,0.98
2249,325.54,329.35,338.26,347.68,354.36,368.83,377.44,390.71,417.47,439.37,417.95,0.1575,25900,100,0.98
2250,325.54,329.34,338.25,347.68,354.36,368.83,377.43,390.71,417.48,439.37,417.96,0.1575,25900,100,0.98
2251,325.54,329.34,338.26,347.67,354.37,368.83,377.44,390.71,417.49,439.36,417.95,0.1575,25900,100,0.98
2252,325.52,329.33,338.25,347.68,354.37,368.84,377.44,390.73,417.49,439.37,417.94,0.1575,25900,100,0.98
2253,325.52,329.33,338.25,347.68,354.37,368.84,377.44,390.73,417.49,439.38,417.9,0.1575,25900,100,0.98
2254,325.52,329.32,338.25,347.67,354.38,368.85,377.45,390.74,417.5,439.42,417.85,0.1575,25900,100,0.98
2255,325.51,329.31,338.25,347.67,354.37,368.86,377.45,390.75,417.49,439.45,417.81,0.1575,25900,100,0.98
2256,325.5,329.31,338.24,347.67,354.38,368.86,377.47,390.75,417.5,439.46,417.75,0.1575,25900,100,0.98
2257,325.5,329.31,338.24,347.67,354.39,368.86,377.48,390.75,417.51,439.46,417.75,0.1575,25900,100,0.98
2258,325.49,329.3,338.24,347.66,354.38,368.87,377.49,390.76,417.51,439.43,417.76,0.1575,25900,100,0.98
2259,325.5,329.3,338.24,347.66,354.39,368.87,377.51,390.76,417.52,439.41,417.79,0.1575,25900,100,0.98
2260,325.49,329.29,338.24,347.66,354.4,368.89,377.5,390.77,417.52,439.4,417.82,0.1575,25900,100,0.98
2261,325.48,329.29,338.23,347.67,354.39,368.89,377.51,390.79,417.52,439.41,417.84,0.1575,25900,100,0.98
2262,325.47,329.28,338.24,347.66,354.39,368.89,377.52,390.79,417.53,439.47,417.82,0.1575,25900,100,0.98
2263,325.47,329.28,338.23,347.66,354.39,368.9,377.53,390.8,417.53,439.52,417.82,0.1575,25900,100,0.98
2264,325.47,329.28,338.24,347.66,354.4,368.9,377.54,390.8,417.55,439.56,417.8,0.1575,25900,100,0.98
2265,325.46,329.27,338.22,347.66,354.4,368.91,377.54,390.81,417.53,439.63,417.74,0.1575,25900,100,0.98
2266,325.44,329.26,338.21,347.66,354.39,368.91,377.55,390.82,417.54,439.67,417.67,0.1575,25900,100,0.98
2267,325.44,329.25,338.2,347.67,354.38,368.93,377.55,390.82,417.53,439.69,417.64,0.1575,25900,100,0.98
2268,325.44,329.25,338.2,347.66,354.39,368.93,377.55,390.83,417.53,439.7,417.64,0.1575,25900,100,0.98
2269,325.44,329.25,338.2,347.66,354.4,368.94,377.56,390.84,417.54,439.71,417.63,0.1575,25900,100,0.98
2270,325.44,329.25,338.2,347.66,354.4,368.94,377.57,390.85,417.55,439.71,417.65,0.1575,25900,100,0.98
2271,325.43,329.24,338.19,347.67,354.4,368.95,377.58,390.86,417.55,439.71,417.67,0.1575,25900,100,0.98
2272,325.42,329.24,338.19,347.66,354.4,368.95,377.57,390.87,417.55,439.67,417.73,0.1575,25900,100,0.98
2273,325.42,329.23,338.18,347.66,354.4,368.95,377.59,390.87,417.55,439.59,417.81,0.1575,25900,100,0.98
2274,325.41,329.23,338.18,347.65,354.41,368.95,377.6,390.88,417.57,439.52,417.93,0.1575,25900,100,0.98
2275,325.41,329.23,338.17,347.66,354.42,368.97,377.61,390.89,417.58,439.5,418.07,0.1575,25900,100,0.98
2276,325.4,329.21,338.16,347.66,354.41,368.96,377.61,390.9,417.58,439.5,418.15,0.1575,25900,100,0.98
2277,325.39,329.21,338.17,347.65,354.41,368.97,377.61,390.9,417.6,439.5,418.21,0.1575,25900,100,0.98
2278,325.38,329.2,338.15,347.65,354.41,368.97,377.62,390.91,417.61,439.54,418.24,0.1575,25900,100,0.98
2279,325.38,329.19,338.16,347.65,354.42,368.98,377.63,390.91,417.62,439.56,418.27,0.1575,25900,100,0.98
2280,325.36,329.18,338.14,347.66,354.41,368.97,377.63,390.92,417.62,439.58,418.24,0.1575,25900,100,0.98
2281,325.36,329.17,338.14,347.65,354.41,368.99,377.64,390.93,417.63,439.62,418.22,0.1575,25900,100,0.98
2282,325.36,329.18,338.15,347.66,354.42,368.98,377.65,390.94,417.64,439.63,418.16,0.1575,25900,100,0.98
2283,325.36,329.17,338.14,347.66,354.43,368.99,377.67,390.95,417.64,439.64,418.1,0.1575,25900,100,0.98
2284,325.35,329.16,338.14,347.66,354.43,369.0,377.67,390.95,417.65,439.65,418.04,0.1575,25900,100,0.98
2285,325.35,329.17,338.13,347.66,354.43,369.0,377.69,390.96,417.66,439.68,418.01,0.1575,25900,100,0.98
2286,325.36,329.17,338.14,347.67,354.44,369.0,377.7,390.97,417.67,439.68,417.99,0.1575,25900,100,0.98
2287,325.36,329.17,338.14,347.66,354.44,369.0,377.71,390.97,417.66,439.69,417.99,0.1575,25900,100,0.98
2288,325.34,329.15,338.12,347.66,354.44,369.01,377.7,390.97,417.64,439.68,417.99,0.1575,25900,100,0.98
2289,325.34,329.15,338.12,347.67,354.44,369.01,377.71,390.98,417.64,439.66,418.0,0.1575,25900,100,0.98
2290,325.33,329.14,338.11,347.68,354.43,369.02,377.72,390.99,417.65,439.63,418.03,0.1575,25900,100,0.98
2291,325.33,329.15,338.11,347.68,354.44,369.02,377.73,391.0,417.66,439.6,418.08,0.1575,25900,100,0.98
2292,325.33,329.14,338.11,347.67,354.44,369.03,377.75,391.01,417.67,439.55,418.16,0.1575,25900,100,0.98
2293,325.32,329.14,338.11,347.68,354.45,369.03,377.75,391.02,417.69,439.52,418.21,0.1575,25900,100,0.98
2294,325.31,329.13,338.11,347.67,354.45,369.05,377.76,391.04,417.68,439.52,418.2,0.1575,25900,100,0.98
2295,325.31,329.13,338.1,347.67,354.45,369.04,377.77,391.04,417.7,439.54,418.19,0.1575,25900,100,0.98
2296,325.29,329.12,338.1,347.68,354.45,369.05,377.77,391.04,417.7,439.57,418.16,0.1575,25900,100,0.98
2297,325.3,329.12,338.1,347.68,354.46,369.06,377.78,391.06,417.71,439.62,418.13,0.1575,25900,100,0.98
2298,325.29,329.11,338.09,347.68,354.45,369.07,377.78,391.07,417.71,439.66,418.09,0.1575,25900,100,0.98
2299,325.27,329.11,338.08,347.68,354.45,369.07,377.78,391.07,417.71,439.67,418.08,0.1575,25900,100,0.98
2300,325.27,329.12,338.08,347.68,354.45,369.07,377.78,391.08,417.72,439.67,418.07,0.1575,25900,100,0.98
2301,325.27,329.11,338.09,347.68,354.46,369.08,377.81,391.09,417.74,439.69,418.02,0.1575,25900,100,0.98
2302,325.26,329.11,338.07,347.68,354.46,369.08,377.81,391.09,417.76,439.72,417.93,0.1575,25900,100,0.98
2303,325.25,329.09,338.06,347.67,354.45,369.09,377.8,391.1,417.76,439.72,417.87,0.1575,25900,100,0.98
2304,325.25,329.08,338.06,347.68,354.46,369.11,377.82,391.11,417.76,439.77,417.79,0.1575,25900,100,0.98
2305,325.25,329.08,338.05,347.68,354.46,369.11,377.82,391.11,417.77,439.84,417.71,0.1575,25900,100,0.98
2306,325.24,329.08,338.05,347.68,354.46,369.12,377.83,391.12,417.77,439.87,417.63,0.1575,25900,100,0.98
2307,325.24,329.08,338.05,347.67,354.46,369.11,377.84,391.12,417.79,439.86,417.59,0.1575,25900,100,0.98
2308,325.24,329.08,338.05,347.67,354.47,369.11,377.85,391.12,417.79,439.87,417.56,0.1575,25900,100,0.98
2309,325.24,329.07,338.05,347.67,354.47,369.11,377.85,391.13,417.8,439.89,417.53,0.1575,25900,100,0.98
2310,325.22,329.06,338.04,347.67,354.46,369.12,377.85,391.13,417.78,439.89,417.49,0.1575,25900,100,0.98
2311,325.21,329.07,338.04,347.67,354.47,369.13,377.86,391.14,417.78,439.9,417.46,0.1575,25900,100,0.98
2312,325.21,329.06,338.02,347.67,354.47,369.12,377.87,391.14,417.78,439.9,417.42,0.1575,25900,100,0.98
2313,325.21,329.05,338.03,347.66,354.47,369.13,377.87,391.15,417.77,439.88,417.39,0.1575,25900,100,0.98
2314,325.2,329.05,338.03,347.66,354.48,369.14,377.89,391.17,417.78,439.9,417.39,0.1575,25900,100,0.98
2315,325.18,329.04,338.01,347.67,354.47,369.14,377.88,391.18,417.77,439.9,417.38,0.1575,25900,100,0.98
2316,325.18,329.03,338.01,347.67,354.46,369.15,377.88,391.17,417.77,439.9,417.38,0.1575,25900,100,0.98
2317,325.18,329.04,338.02,347.67,354.47,369.16,377.9,391.19,417.78,439.93,417.38,0.1575,25900,100,0.98
2318,325.18,329.04,338.01,347.66,354.47,369.16,377.9,391.19,417.77,439.95,417.38,0.1575,25900,100,0.98
2319,325.17,329.02,338.0,347.67,354.47,369.17,377.9,391.2,417.78,439.98,417.35,0.1575,25900,100,0.98
2320,325.16,329.02,338.0,347.67,354.48,369.17,377.92,391.2,417.78,439.99,417.33,0.1575,25900,100,0.98
2321,325.16,329.03,338.01,347.67,354.47,369.18,377.92,391.21,417.79,439.96,417.32,0.1575,25900,100,0.98
2322,325.15,329.01,337.99,347.67,354.47,369.18,377.92,391.22,417.79,439.92,417.33,0.1575,25900,100,0.98
2323,325.14,329.01,337.99,347.65,354.49,369.18,377.93,391.22,417.81,439.87,417.39,0.1575,25900,100,0.98
2324,325.15,329.01,338.0,347.66,354.49,369.19,377.93,391.23,417.81,439.87,417.42,0.1575,25900,100,0.98
2325,325.14,329.01,337.99,347.66,354.49,369.19,377.95,391.24,417.81,439.87,417.44,0.1575,25900,100,0.98
2326,325.14,329.01,337.99,347.66,354.49,369.2,377.96,391.25,417.81,439.89,417.42,0.1575,25900,100,0.98
2327,325.13,329.0,337.99,347.65,354.5,369.2,377.96,391.25,417.83,439.88,417.39,0.1575,25900,100,0.98
2328,325.12,329.0,337.98,347.66,354.49,369.21,377.97,391.26,417.82,439.87,417.37,0.1575,25900,100,0.98
2329,325.12,328.98,337.98,347.66,354.5,369.22,377.97,391.27,417.84,439.86,417.4,0.1575,25900,100,0.98
2330,325.11,328.98,337.97,347.66,354.49,369.23,377.99,391.28,417.84,439.86,417.44,0.1575,25900,100,0.98
2331,325.1,328.97,337.97,347.67,354.48,369.23,377.98,391.29,417.84,439.86,417.47,0.1575,25900,100,0.98
2332,325.09,328.97,337.96,347.65,354.49,369.22,377.99,391.29,417.85,439.85,417.51,0.1575,25900,100,0.98
2333,325.09,328.96,337.96,347.65,354.49,369.23,377.99,391.29,417.85,439.86,417.55,0.1575,25900,100,0.98
2334,325.09,328.96,337.96,347.65,354.5,369.23,378.0,391.31,417.86,439.87,417.58,0.1575,25900,100,0.98
2335,325.08,328.96,337.96,347.65,354.5,369.23,378.01,391.3,417.87,439.86,417.59,0.1575,25900,100,0.98
2336,325.07,328.94,337.94,347.65,354.5,369.23,378.01,391.31,417.87,439.86,417.62,0.1575,25900,100,0.98
2337,325.05,328.94,337.95,347.65,354.5,369.24,378.02,391.32,417.89,439.86,417.69,0.1575,25900,100,0.98
2338,325.06,328.94,337.94,347.65,354.51,369.25,378.02,391.33,417.89,439.87,417.71,0.1575,25900,100,0.98
2339,325.05,328.93,337.94,347.65,354.51,369.26,378.03,391.34,417.9,439.88,417.72,0.1575,25900,100,0.98
2340,325.04,328.92,337.94,347.65,354.5,369.26,378.02,391.35,417.9,439.89,417.73,0.1575,25900,100,0.98
2341,325.01,328.92,337.93,347.64,354.51,369.27,378.02,391.35,417.91,439.85,417.76,0.1575,25900,100,0.98
2342,325.02,328.92,337.94,347.65,354.52,369.28,378.03,391.36,417.93,439.81,417.77,0.1575,25900,100,0.98
2343,325.01,328.92,337.93,347.64,354.52,369.29,378.02,391.38,417.93,439.77,417.81,0.1575,25900,100,0.98
2344,325.0,328.91,337.93,347.64,354.51,369.29,378.03,391.38,417.93,439.73,417.83,0.1575,25900,100,0.98
2345,324.99,328.9,337.92,347.64,354.51,369.3,378.01,391.39,417.94,439.68,417.87,0.1575,25900,100,0.98
2346,324.98,328.89,337.92,347.64,354.52,369.31,378.03,391.39,417.95,439.68,417.92,0.1575,25900,100,0.98
2347,324.98,328.89,337.93,347.63,354.53,369.32,378.04,391.39,417.97,439.7,417.94,0.1575,25900,100,0.98
2348,324.96,328.88,337.92,347.63,354.52,369.31,378.03,391.4,417.97,439.74,417.92,0.1575,25900,100,0.98
2349,324.96,328.88,337.92,347.63,354.52,369.32,378.05,391.4,417.99,439.78,417.9,0.1575,25900,100,0.98
2350,324.96,328.88,337.91,347.63,354.53,369.32,378.06,391.4,417.99,439.83,417.88,0.1575,25900,100,0.98
2351,324.97,328.88,337.92,347.62,354.54,369.32,378.06,391.4,418.0,439.84,417.86,0.1575,25900,100,0.98
2352,324.95,328.88,337.92,347.62,354.54,369.31,378.06,391.4,418.01,439.85,417.84,0.1575,25900,100,0.98
2353,324.95,328.88,337.91,347.61,354.54,369.31,378.08,391.41,418.02,439.87,417.81,0.1575,25900,100,0.98
2354,324.95,328.86,337.91,347.62,354.54,369.32,378.08,391.42,418.01,439.93,417.78,0.1575,25900,100,0.98
2355,324.94,328.86,337.9,347.61,354.53,369.33,378.09,391.42,418.01,439.91,417.78,0.1575,25900,100,0.98
2356,324.93,328.85,337.9,347.62,354.54,369.34,378.09,391.44,418.02,439.93,417.81,0.1575,25900,100,0.98
2357,324.93,328.85,337.9,347.62,354.54,369.34,378.1,391.44,418.02,439.95,417.83,0.1575,25900,100,0.98
2358,324.92,328.84,337.9,347.62,354.54,369.35,378.11,391.45,418.03,439.98,417.88,0.1575,25900,100,0.98
2359,324.91,328.83,337.9,347.62,354.55,369.36,378.12,391.47,418.03,439.98,417.91,0.1575,25900,100,0.98
2360,324.91,328.82,337.89,347.63,354.55,369.37,378.12,391.47,418.05,439.93,417.98,0.1575,25900,100,0.98
2361,324.91,328.83,337.89,347.62,354.56,369.38,378.13,391.49,418.06,439.9,418.01,0.1575,25900,100,0.98
2362,324.9,328.82,337.88,347.62,354.56,369.38,378.14,391.49,418.07,439.89,418.05,0.1575,25900,100,0.98
2363,324.9,328.81,337.88,347.61,354.55,369.38,378.14,391.49,418.07,439.87,418.07,0.1575,25900,100,0.98
2364,324.89,328.81,337.87,347.62,354.56,369.39,378.15,391.5,418.09,439.87,418.1,0.1575,25900,100,0.98
2365,324.88,328.81,337.86,347.61,354.56,369.4,378.17,391.51,418.1,439.84,418.14,0.1575,25900,100,0.98
2366,324.88,328.81,337.86,347.61,354.56,369.4,378.17,391.52,418.12,439.81,418.18,0.1575,25900,100,0.98
2367,324.87,328.8,337.87,347.61,354.57,369.41,378.18,391.53,418.12,439.8,418.22,0.1575,25900,100,0.98
2368,324.87,328.8,337.87,347.62,354.57,369.4,378.18,391.53,418.13,439.79,418.24,0.1575,25900,100,0.98
2369,324.87,328.8,337.86,347.61,354.58,369.42,378.19,391.55,418.13,439.83,418.23,0.1575,25900,100,0.98
2370,324.87,328.79,337.86,347.61,354.57,369.41,378.2,391.54,418.14,439.84,418.22,0.1575,25900,100,0.98
2371,324.88,328.8,337.86,347.61,354.59,369.42,378.21,391.55,418.15,439.85,418.2,0.1575,25900,100,0.98
2372,324.86,328.79,337.85,347.62,354.59,369.43,378.23,391.56,418.15,439.87,418.19,0.1575,25900,100,0.98
2373,324.86,328.79,337.85,347.61,354.59,369.43,378.23,391.57,418.16,439.88,418.2,0.1575,25900,100,0.98
2374,324.85,328.79,337.84,347.62,354.59,369.43,378.25,391.58,418.16,439.91,418.21,0.1575,25900,100,0.98
2375,324.86,328.78,337.85,347.61,354.6,369.44,378.27,391.59,418.18,439.92,418.22,0.1575,25900,100,0.98
2376,324.86,328.78,337.83,347.63,354.59,369.44,378.26,391.59,418.17,439.96,418.23,0.1575,25900,100,0.98
2377,324.85,328.78,337.83,347.63,354.6,369.44,378.28,391.59,418.18,440.01,418.24,0.1575,25900,100,0.98
2378,324.84,328.76,337.82,347.64,354.6,369.45,378.28,391.61,418.18,440.05,418.22,0.1575,25900,100,0.98
2379,324.83,328.75,337.82,347.62,354.59,369.44,378.29,391.61,418.18,440.05,418.21,0.1575,25900,100,0.98
2380,324.83,328.77,337.82,347.63,354.6,369.45,378.29,391.61,418.18,440.05,418.22,0.1575,25900,100,0.98
2381,324.82,328.75,337.82,347.63,354.6,369.46,378.3,391.63,418.19,440.09,418.23,0.1575,25900,100,0.98
2382,324.81,328.74,337.82,347.63,354.6,369.46,378.31,391.63,418.2,440.1,418.21,0.1575,25900,100,0.98
2383,324.8,328.75,337.81,347.63,354.6,369.46,378.3,391.63,418.2,440.11,418.19,0.1575,25900,100,0.98
2384,324.8,328.74,337.8,347.64,354.6,369.46,378.32,391.64,418.2,440.14,418.17,0.1575,25900,100,0.98
2385,324.79,328.74,337.79,347.63,354.6,369.47,378.32,391.65,418.21,440.14,418.15,0.1575,25900,100,0.98
2386,324.78,328.73,337.79,347.63,354.59,369.47,378.32,391.65,418.21,440.17,418.15,0.1575,25900,100,0.98
2387,324.78,328.73,337.79,347.64,354.6,369.47,378.33,391.67,418.21,440.2,418.14,0.1575,25900,100,0.98
2388,324.77,328.73,337.78,347.63,354.58,369.47,378.33,391.67,418.2,440.23,418.11,0.1575,25900,100,0.98
2389,324.76,328.72,337.77,347.63,354.59,369.49,378.32,391.68,418.2,440.24,418.07,0.1575,25900,100,0.98
2390,324.75,328.71,337.77,347.63,354.59,369.49,378.33,391.7,418.21,440.22,418.03,0.1575,25900,100,0.98
2391,324.74,328.71,337.76,347.63,354.59,369.5,378.33,391.69,418.2,440.21,417.97,0.1575,25900,100,0.98
2392,324.74,328.71,337.77,347.63,354.61,369.5,378.35,391.7,418.21,440.18,417.92,0.1575,25900,100,0.98
2393,324.74,328.7,337.78,347.63,354.6,369.5,378.36,391.71,418.22,440.16,417.88,0.1575,25900,100,0.98
2394,324.74,328.71,337.78,347.62,354.61,369.51,378.36,391.7,418.22,440.12,417.83,0.1575,25900,100,0.98
2395,324.72,328.7,337.76,347.62,354.61,369.51,378.36,391.72,418.21,440.11,417.82,0.1575,25900,100,0.98
2396,324.72,328.69,337.76,347.62,354.61,369.52,378.36,391.72,418.2,440.1,417.81,0.1575,25900,100,0.98
2397,324.72,328.69,337.75,347.62,354.6,369.53,378.37,391.73,418.21,440.11,417.79,0.1575,25900,100,0.98
2398,324.7,328.68,337.75,347.62,354.61,369.53,378.37,391.74,418.2,440.1,417.76,0.1575,25900,100,0.98
2399,324.71,328.68,337.76,347.62,354.62,369.53,378.39,391.74,418.22,440.09,417.76,0.1575,25900,100,0.98
2400,324.7,328.67,337.76,347.63,354.63,369.55,378.4,391.75,418.22,440.08,417.75,0.1575,25900,100,0.98
2401,324.7,328.67,337.75,347.62,354.62,369.55,378.41,391.76,418.23,440.05,417.76,0.1575,25900,100,0.98
2402,324.69,328.67,337.75,347.62,354.62,369.55,378.41,391.77,418.22,440.02,417.75,0.1575,25900,100,0.98
2403,324.69,328.66,337.75,347.63,354.62,369.55,378.42,391.77,418.22,440.01,417.73,0.1575,25900,100,0.98
2404,324.67,328.65,337.73,347.63,354.62,369.56,378.42,391.78,418.23,440.03,417.71,0.1575,25900,100,0.98
2405,324.68,328.65,337.74,347.63,354.63,369.56,378.43,391.78,418.23,440.06,417.67,0.1575,25900,100,0.98
2406,324.67,328.64,337.74,347.62,354.64,369.57,378.44,391.79,418.24,440.11,417.65,0.1575,25900,100,0.98
2407,324.66,328.63,337.74,347.62,354.64,369.58,378.45,391.79,418.23,440.14,417.61,0.1575,25900,100,0.98
2408,324.65,328.63,337.72,347.62,354.63,369.57,378.45,391.8,418.23,440.16,417.57,0.1575,25900,100,0.98
2409,324.64,328.61,337.71,347.63,354.63,369.58,378.45,391.81,418.23,440.15,417.59,0.1575,25900,100,0.98
2410,324.64,328.61,337.72,347.63,354.63,369.58,378.46,391.82,418.25,440.14,417.63,0.1575,25900,100,0.98
2411,324.63,328.61,337.71,347.62,354.64,369.59,378.47,391.82,418.25,440.11,417.72,0.1575,25900,100,0.98
2412,324.64,328.61,337.71,347.62,354.64,369.59,378.48,391.83,418.27,440.1,417.79,0.1575,25900,100,0.98
2413,324.64,328.6,337.7,347.63,354.64,369.59,378.48,391.83,418.28,440.09,417.85,0.1575,25900,100,0.98
2414,324.63,328.59,337.7,347.63,354.64,369.59,378.49,391.84,418.29,440.1,417.9,0.1575,25900,100,0.98
2415,324.61,328.59,337.7,347.62,354.64,369.6,378.49,391.84,418.3,440.1,417.92,0.1575,25900,100,0.98
2416,324.61,328.58,337.69,347.63,354.64,369.6,378.49,391.85,418.3,440.11,417.94,0.1575,25900,100,0.98
2417,324.6,328.57,337.69,347.63,354.64,369.61,378.5,391.87,418.32,440.13,417.98,0.1575,25900,100,0.98
2418,324.59,328.56,337.69,347.63,354.65,369.62,378.5,391.87,418.34,440.15,417.98,0.1575,25900,100,0.98
2419,324.59,328.56,337.69,347.63,354.65,369.63,378.5,391.88,418.33,440.13,417.98,0.1575,25900,100,0.98
2420,324.58,328.56,337.68,347.63,354.65,369.63,378.51,391.88,418.35,440.12,417.98,0.1575,25900,100,0.98
2421,324.58,328.56,337.69,347.62,354.66,369.63,378.52,391.89,418.36,440.07,418.01,0.1575,25900,100,0.98
2422,324.57,328.55,337.68,347.62,354.66,369.64,378.52,391.89,418.35,440.06,418.04,0.1575,25900,100,0.98
2423,324.56,328.54,337.68,347.62,354.66,369.64,378.52,391.9,418.36,440.04,418.09,0.1575,25900,100,0.98
2424,324.57,328.54,337.68,347.62,354.67,369.65,378.53,391.9,418.37,440.04,418.11,0.1575,25900,100,0.98
2425,324.55,328.54,337.68,347.62,354.67,369.64,378.52,391.91,418.37,440.07,418.12,0.1575,25900,100,0.98
2426,324.54,328.53,337.67,347.61,354.67,369.65,378.52,391.92,418.37,440.11,418.1,0.1575,25900,100,0.98
2427,324.53,328.51,337.66,347.6,354.66,369.65,378.53,391.92,418.37,440.11,418.08,0.1575,25900,100,0.98
2428,324.52,328.51,337.66,347.6,354.67,369.66,378.54,391.93,418.38,440.11,418.07,0.1575,25900,100,0.98
2429,324.5,328.51,337.64,347.61,354.66,369.67,378.53,391.94,418.38,440.11,418.04,0.1575,25900,100,0.98
2430,324.5,328.5,337.64,347.61,354.67,369.68,378.53,391.95,418.38,440.14,418.01,0.1575,25900,100,0.98
2431,324.51,328.5,337.65,347.61,354.67,369.69,378.53,391.96,418.38,440.15,417.98,0.1575,25900,100,0.98
2432,324.51,328.51,337.66,347.6,354.68,369.68,378.55,391.96,418.39,440.16,417.98,0.1575,25900,100,0.98
2433,324.5,328.51,337.66,347.61,354.68,369.69,378.56,391.96,418.4,440.16,417.97,0.1575,25900,100,0.98
2434,324.49,328.5,337.66,347.61,354.68,369.7,378.57,391.97,418.39,440.15,417.97,0.1575,25900,100,0.98
2435,324.49,328.48,337.65,347.61,354.68,369.7,378.57,391.98,418.4,440.16,417.98,0.1575,25900,100,0.98
2436,324.48,328.49,337.65,347.61,354.69,369.71,378.59,391.98,418.41,440.16,417.99,0.1575,25900,100,0.98
2437,324.47,328.48,337.63,347.61,354.68,369.72,378.58,392.0,418.41,440.16,417.98,0.1575,25900,100,0.98
2438,324.47,328.48,337.65,347.62,354.69,369.72,378.59,392.01,418.42,440.16,418.0,0.1575,25900,100,0.98
2439,324.46,328.48,337.63,347.61,354.7,369.73,378.6,392.01,418.43,440.16,418.05,0.1575,25900,100,0.98
2440,324.46,328.46,337.63,347.61,354.69,369.73,378.6,392.02,418.43,440.15,418.09,0.1575,25900,100,0.98
2441,324.46,328.46,337.63,347.61,354.69,369.73,378.61,392.02,418.43,440.14,418.16,0.1575,25900,100,0.98
2442,324.44,328.44,337.61,347.61,354.69,369.73,378.61,392.01,418.43,440.15,418.2,0.1575,25900,100,0.98
2443,324.44,328.44,337.61,347.6,354.69,369.73,378.62,392.02,418.44,440.15,418.25,0.1575,25900,100,0.98
2444,324.43,328.43,337.6,347.61,354.68,369.74,378.61,392.03,418.44,440.14,418.27,0.1575,25900,100,0.98
2445,324.43,328.43,337.6,347.61,354.69,369.74,378.63,392.03,418.46,440.17,418.31,0.1575,25900,100,0.98
2446,324.42,328.42,337.59,347.61,354.69,369.75,378.64,392.05,418.47,440.2,418.35,0.1575,25900,100,0.98
2447,324.42,328.42,337.59,347.61,354.7,369.75,378.64,392.05,418.48,440.19,418.38,0.1575,25900,100,0.98
2448,324.41,328.42,337.59,347.61,354.7,369.75,378.64,392.05,418.49,440.19,418.41,0.1575,25900,100,0.98
2449,324.41,328.41,337.58,347.61,354.69,369.75,378.65,392.05,418.49,440.19,418.43,0.1575,25900,100,0.98
2450,324.39,328.4,337.57,347.6,354.7,369.75,378.65,392.07,418.5,440.18,418.47,0.1575,25900,100,0.98
2451,324.39,328.4,337.56,347.6,354.69,369.76,378.66,392.06,418.5,440.17,418.52,0.1575,25900,100,0.98
2452,324.38,328.4,337.56,347.6,354.7,369.77,378.66,392.08,418.51,440.19,418.56,0.1575,25900,100,0.98
2453,324.38,328.39,337.56,347.6,354.71,369.76,378.67,392.09,418.53,440.19,418.58,0.1575,25900,100,0.98
2454,324.38,328.39,337.56,347.6,354.71,369.78,378.68,392.1,418.54,440.19,418.58,0.1575,25900,100,0.98
2455,324.37,328.38,337.55,347.6,354.71,369.78,378.67,392.1,418.54,440.17,418.58,0.1575,25900,100,0.98
2456,324.35,328.37,337.55,347.6,354.7,369.78,378.67,392.1,418.54,440.16,418.57,0.1575,25900,100,0.98
2457,324.35,328.37,337.54,347.6,354.7,369.79,378.68,392.11,418.54,440.15,418.57,0.1575,25900,100,0.98
2458,324.34,328.37,337.54,347.6,354.71,369.78,378.68,392.11,418.55,440.16,418.58,0.1575,25900,100,0.98
2459,324.34,328.36,337.55,347.59,354.71,369.79,378.69,392.12,418.57,440.16,418.59,0.1575,25900,100,0.98
2460,324.33,328.35,337.54,347.6,354.71,369.79,378.69,392.12,418.56,440.18,418.58,0.1575,25900,100,0.98
2461,324.33,328.35,337.54,347.6,354.7,369.8,378.69,392.13,418.55,440.21,418.57,0.1575,25900,100,0.98
2462,324.32,328.34,337.54,347.58,354.71,369.81,378.7,392.13,418.56,440.22,418.51,0.1575,25900,100,0.98
2463,324.32,328.33,337.54,347.59,354.72,369.81,378.71,392.14,418.57,440.23,418.45,0.1575,25900,100,0.98
2464,324.31,328.32,337.54,347.59,354.72,369.82,378.71,392.15,418.59,440.23,418.44,0.1575,25900,100,0.98
2465,324.3,328.32,337.53,347.59,354.72,369.82,378.72,392.16,418.57,440.18,418.44,0.1575,25900,100,0.98
2466,324.3,328.31,337.53,347.6,354.72,369.83,378.73,392.17,418.58,440.16,418.44,0.1575,25900,100,0.98
2467,324.29,328.31,337.53,347.59,354.73,369.83,378.74,392.18,418.59,440.16,418.43,0.1575,25900,100,0.98
2468,324.28,328.3,337.52,347.6,354.72,369.84,378.74,392.19,418.59,440.17,418.39,0.1575,25900,100,0.98
2469,324.28,328.3,337.53,347.59,354.73,369.84,378.74,392.18,418.59,440.2,418.36,0.1575,25900,100,0.98
2470,324.27,328.29,337.51,347.59,354.72,369.85,378.75,392.2,418.59,440.21,418.34,0.1575,25900,100,0.98
2471,324.26,328.28,337.51,347.6,354.73,369.85,378.75,392.21,418.59,440.23,418.32,0.1575,25900,100,0.98
2472,324.25,328.28,337.51,347.59,354.73,369.86,378.76,392.21,418.6,440.21,418.33,0.1575,25900,100,0.98
2473,324.26,328.28,337.51,347.6,354.73,369.86,378.76,392.23,418.61,440.21,418.32,0.1575,25900,100,0.98
2474,324.25,328.27,337.51,347.6,354.73,369.87,378.78,392.23,418.61,440.24,418.33,0.1575,25900,100,0.98
2475,324.25,328.27,337.5,347.6,354.74,369.87,378.78,392.24,418.62,440.26,418.32,0.1575,25900,100,0.98
2476,324.25,328.27,337.5,347.6,354.73,369.88,378.78,392.25,418.61,440.28,418.28,0.1575,25900,100,0.98
2477,324.24,328.27,337.49,347.59,354.74,369.87,378.79,392.24,418.61,440.3,418.25,0.1575,25900,100,0.98
2478,324.24,328.26,337.49,347.59,354.75,369.89,378.79,392.25,418.62,440.31,418.2,0.1575,25900,100,0.98
2479,324.23,328.25,337.49,347.59,354.73,369.89,378.79,392.26,418.61,440.29,418.16,0.1575,25900,100,0.98
2480,324.22,328.25,337.48,347.6,354.74,369.9,378.8,392.25,418.61,440.28,418.15,0.1575,25900,100,0.98
2481,324.21,328.23,337.48,347.59,354.74,369.89,378.81,392.26,418.6,440.27,418.15,0.1575,25900,100,0.98
2482,324.21,328.24,337.48,347.59,354.74,369.9,378.82,392.27,418.61,440.28,418.16,0.1575,25900,100,0.98
2483,324.21,328.23,337.47,347.59,354.74,369.92,378.82,392.27,418.6,440.29,418.15,0.1575,25900,100,0.98
2484,324.2,328.22,337.47,347.59,354.74,369.91,378.82,392.28,418.61,440.3,418.14,0.1575,25900,100,0.98
2485,324.2,328.22,337.47,347.58,354.74,369.91,378.83,392.29,418.62,440.31,418.14,0.1575,25900,100,0.98
2486,324.19,328.2,337.46,347.59,354.74,369.92,378.83,392.3,418.61,440.29,418.15,0.1575,25900,100,0.98
2487,324.18,328.2,337.46,347.59,354.74,369.93,378.84,392.3,418.62,440.24,418.16,0.1575,25900,100,0.98
2488,324.18,328.2,337.45,347.57,354.74,369.92,378.84,392.3,418.64,440.21,418.19,0.1575,25900,100,0.98
2489,324.18,328.2,337.45,347.58,354.75,369.93,378.86,392.31,418.65,440.17,418.25,0.1575,25900,100,0.98
2490,324.16,328.18,337.43,347.57,354.74,369.93,378.86,392.31,418.64,440.16,418.32,0.1575,25900,100,0.98
2491,324.16,328.18,337.45,347.57,354.75,369.94,378.87,392.31,418.66,440.16,418.38,0.1575,25900,100,0.98
2492,324.16,328.18,337.44,347.57,354.75,369.93,378.88,392.32,418.67,440.16,418.46,0.1575,25900,100,0.98
2493,324.16,328.17,337.44,347.57,354.76,369.95,378.89,392.33,418.68,440.16,418.55,0.1575,25900,100,0.98
2494,324.16,328.18,337.43,347.57,354.76,369.95,378.89,392.34,418.69,440.15,418.63,0.1575,25900,100,0.98
2495,324.15,328.18,337.42,347.57,354.76,369.95,378.9,392.34,418.7,440.16,418.69,0.1575,25900,100,0.98
2496,324.14,328.16,337.42,347.56,354.76,369.94,378.9,392.34,418.7,440.2,418.73,0.1575,25900,100,0.98
2497,324.14,328.16,337.41,347.57,354.76,369.96,378.9,392.35,418.71,440.24,418.72,0.1575,25900,100,0.98
2498,324.12,328.15,337.4,347.57,354.75,369.96,378.91,392.36,418.72,440.25,418.7,0.1575,25900,100,0.98
2499,324.12,328.16,337.4,347.57,354.76,369.96,378.92,392.37,418.73,440.26,418.7,0.1575,25900,100,0.98
2500,324.13,328.14,337.39,347.56,354.76,369.97,378.94,392.38,418.73,440.28,418.67,0.1575,25900,100,0.98
2501,324.12,328.15,337.4,347.57,354.76,369.97,378.94,392.38,418.73,440.31,418.62,0.1575,25900,100,0.98
2502,324.11,328.15,337.39,347.56,354.77,369.97,378.96,392.38,418.73,440.34,418.57,0.1575,25900,100,0.98
2503,324.11,328.14,337.39,347.58,354.76,369.97,378.96,392.38,418.74,440.34,418.52,0.1575,25900,100,0.98
2504,324.11,328.12,337.39,347.57,354.77,369.97,378.96,392.39,418.73,440.37,418.49,0.1575,25900,100,0.98
2505,324.11,328.12,337.39,347.58,354.75,369.98,378.98,392.4,418.74,440.39,418.47,0.1575,25900,100,0.98
2506,324.1,328.12,337.37,347.58,354.78,369.98,378.98,392.42,418.74,440.42,418.45,0.1575,25900,100,0.98
2507,324.09,328.11,337.38,347.59,354.77,369.99,378.99,392.42,418.74,440.43,418.42,0.1575,25900,100,0.98
2508,324.08,328.1,337.37,347.58,354.77,369.98,378.99,392.42,418.74,440.44,418.35,0.1575,25900,100,0.98
2509,324.07,328.1,337.38,347.58,354.78,369.99,379.01,392.43,418.74,440.44,418.32,0.1575,25900,100,0.98
2510,324.08,328.11,337.38,347.59,354.78,370.0,379.02,392.45,418.75,440.45,418.27,0.1575,25900,100,0.98
2511,324.07,328.1,337.37,347.59,354.79,370.0,379.03,392.44,418.75,440.45,418.23,0.1575,25900,100,0.98
2512,324.07,328.09,337.37,347.58,354.79,370.0,379.03,392.45,418.74,440.42,418.2,0.1575,25900,100,0.98
2513,324.06,328.09,337.37,347.59,354.79,370.01,379.03,392.45,418.75,440.38,418.2,0.1575,25900,100,0.98
2514,324.07,328.1,337.37,347.58,354.79,370.01,379.04,392.46,418.76,440.34,418.2,0.1575,25900,100,0.98
2515,324.06,328.09,337.37,347.58,354.8,370.02,379.04,392.47,418.76,440.36,418.23,0.1575,25900,100,0.98
2516,324.06,328.09,337.37,347.58,354.79,370.03,379.05,392.49,418.76,440.39,418.25,0.1575,25900,100,0.98
2517,324.06,328.08,337.37,347.6,354.8,370.03,379.06,392.49,418.76,440.42,418.25,0.1575,25900,100,0.98
2518,324.04,328.08,337.36,347.58,354.8,370.03,379.06,392.49,418.77,440.43,418.25,0.1575,25900,100,0.98
2519,324.05,328.07,337.36,347.58,354.8,370.04,379.06,392.5,418.77,440.47,418.28,0.1575,25900,100,0.98
2520,324.04,328.06,337.36,347.58,354.81,370.05,379.07,392.5,418.78,440.5,418.3,0.1575,25900,100,0.98
2521,324.03,328.06,337.35,347.58,354.81,370.06,379.07,392.51,418.78,440.5,418.34,0.1575,25900,100,0.98
2522,324.03,328.05,337.35,347.59,354.81,370.06,379.07,392.52,418.78,440.47,418.36,0.1575,25900,100,0.98
2523,324.02,328.05,337.35,347.57,354.81,370.07,379.07,392.51,418.79,440.47,418.38,0.1575,25900,100,0.98
2524,324.02,328.05,337.34,347.58,354.81,370.07,379.08,392.52,418.79,440.45,418.39,0.1575,25900,100,0.98
2525,324.0,328.04,337.33,347.58,354.8,370.08,379.08,392.54,418.8,440.45,418.38,0.1575,25900,100,0.98
2526,323.99,328.02,337.33,347.57,354.8,370.08,379.08,392.53,418.79,440.45,418.38,0.1575,25900,100,0.98
2527,323.98,328.02,337.32,347.57,354.8,370.08,379.09,392.54,418.8,440.45,418.42,0.1575,25900,100,0.98
2528,323.98,328.02,337.33,347.57,354.82,370.08,379.1,392.54,418.81,440.45,418.42,0.1575,25900,100,0.98
2529,323.97,328.02,337.32,347.57,354.81,370.09,379.11,392.55,418.81,440.46,418.42,0.1575,25900,100,0.98
2530,323.98,328.01,337.32,347.57,354.81,370.08,379.11,392.56,418.82,440.48,418.42,0.1575,25900,100,0.98
2531,323.97,328.0,337.31,347.58,354.81,370.09,379.11,392.56,418.82,440.49,418.43,0.1575,25900,100,0.98
2532,323.97,328.0,337.32,347.57,354.82,370.09,379.13,392.57,418.82,440.5,418.46,0.1575,25900,100,0.98
2533,323.96,328.0,337.31,347.57,354.82,370.1,379.14,392.58,418.83,440.5,418.49,0.1575,25900,100,0.98
2534,323.96,328.0,337.31,347.57,354.82,370.11,379.14,392.58,418.83,440.5,418.47,0.1575,25900,100,0.98
2535,323.95,327.98,337.31,347.58,354.83,370.1,379.16,392.59,418.83,440.52,418.42,0.1575,25900,100,0.98
2536,323.94,327.98,337.3,347.58,354.82,370.12,379.15,392.6,418.83,440.54,418.38,0.1575,25900,100,0.98
2537,323.94,327.98,337.3,347.58,354.83,370.12,379.17,392.6,418.83,440.57,418.34,0.1575,25900,100,0.98
2538,323.93,327.98,337.29,347.59,354.82,370.14,379.17,392.62,418.83,440.6,418.3,0.1575,25900,100,0.98
2539,323.92,327.98,337.29,347.58,354.82,370.13,379.16,392.62,418.83,440.6,418.26,0.1575,25900,100,0.98
2540,323.92,327.99,337.29,347.58,354.82,370.14,379.13,392.62,418.83,440.59,418.26,0.1575,25900,100,0.98
2541,323.9,327.98,337.29,347.59,354.83,370.15,379.17,392.63,418.84,440.58,418.26,0.1575,25900,100,0.98
2542,323.9,327.99,337.28,347.57,354.84,370.16,379.15,392.63,418.83,440.57,418.27,0.1575,25900,100,0.98
2543,323.89,327.97,337.28,347.59,354.83,370.16,379.15,392.64,418.83,440.57,418.26,0.1575,25900,100,0.98
2544,323.87,327.96,337.27,347.58,354.82,370.17,379.15,392.64,418.83,440.55,418.26,0.1575,25900,100,0.98
2545,323.87,327.95,337.27,347.57,354.82,370.17,379.16,392.64,418.83,440.52,418.3,0.1575,25900,100,0.98
2546,323.87,327.96,337.27,347.58,354.83,370.17,379.17,392.65,418.85,440.53,418.33,0.1575,25900,100,0.98
2547,323.87,327.96,337.27,347.56,354.83,370.16,379.18,392.65,418.85,440.51,418.39,0.1575,25900,100,0.98
2548,323.87,327.96,337.27,347.57,354.83,370.17,379.19,392.66,418.86,440.5,418.44,0.1575,25900,100,0.98
2549,323.86,327.95,337.26,347.57,354.83,370.17,379.19,392.66,418.86,440.49,418.49,0.1575,25900,100,0.98
2550,323.85,327.95,337.26,347.55,354.83,370.16,379.19,392.68,418.85,440.55,418.52,0.1575,25900,100,0.98
2551,323.85,327.93,337.24,347.57,354.82,370.19,379.18,392.68,418.86,440.57,418.55,0.1575,25900,100,0.98
2552,323.83,327.94,337.25,347.56,354.83,370.19,379.2,392.68,418.87,440.57,418.56,0.1575,25900,100,0.98
2553,323.84,327.93,337.25,347.55,354.84,370.18,379.23,392.69,418.88,440.58,418.54,0.1575,25900,100,0.98
2554,323.84,327.92,337.24,347.55,354.84,370.18,379.23,392.69,418.87,440.61,418.53,0.1575,25900,100,0.98
2555,323.84,327.92,337.24,347.55,354.84,370.18,379.25,392.7,418.88,440.62,418.52,0.1575,25900,100,0.98
2556,323.84,327.92,337.24,347.56,354.84,370.19,379.27,392.71,418.88,440.64,418.52,0.1575,25900,100,0.98
2557,323.83,327.92,337.23,347.56,354.83,370.19,379.26,392.71,418.87,440.61,418.54,0.1575,25900,100,0.98
2558,323.84,327.91,337.22,347.57,354.84,370.2,379.27,392.72,418.88,440.54,418.6,0.1575,25900,100,0.98
2559,323.83,327.89,337.22,347.57,354.84,370.2,379.28,392.73,418.89,440.52,418.67,0.1575,25900,100,0.98
2560,323.83,327.89,337.21,347.56,354.83,370.2,379.28,392.73,418.88,440.48,418.72,0.1575,25900,100,0.98
2561,323.82,327.88,337.21,347.56,354.84,370.2,379.29,392.74,418.9,440.48,418.83,0.1575,25900,100,0.98
2562,323.82,327.87,337.2,347.56,354.84,370.21,379.3,392.74,418.91,440.45,418.88,0.1575,25900,100,0.98
2563,323.81,327.86,337.19,347.56,354.84,370.22,379.29,392.75,418.91,440.42,418.87,0.1575,25900,100,0.98
2564,323.79,327.86,337.18,347.56,354.84,370.22,379.29,392.75,418.91,440.39,418.88,0.1575,25900,100,0.98
2565,323.8,327.85,337.2,347.55,354.85,370.22,379.29,392.75,418.93,440.37,418.9,0.1575,25900,100,0.98
2566,323.77,327.84,337.18,347.56,354.84,370.23,379.3,392.77,418.93,440.35,418.91,0.1575,25900,100,0.98
2567,323.78,327.84,337.18,347.55,354.85,370.24,379.3,392.77,418.95,440.34,418.9,0.1575,25900,100,0.98
2568,323.78,327.85,337.19,347.56,354.85,370.24,379.3,392.78,418.96,440.34,418.88,0.1575,25900,100,0.98
2569,323.78,327.85,337.19,347.54,354.86,370.24,379.31,392.78,418.98,440.34,418.86,0.1575,25900,100,0.98
2570,323.77,327.83,337.18,347.55,354.86,370.24,379.32,392.79,418.98,440.31,418.86,0.1575,25900,100,0.98
2571,323.77,327.83,337.18,347.55,354.86,370.25,379.33,392.8,418.99,440.3,418.86,0.1575,25900,100,0.98
2572,323.75,327.82,337.17,347.55,354.86,370.25,379.33,392.79,419.0,440.3,418.85,0.1575,25900,100,0.98
2573,323.75,327.8,337.16,347.55,354.85,370.25,379.33,392.8,418.99,440.3,418.83,0.1575,25900,100,0.98
2574,323.74,327.81,337.16,347.55,354.85,370.26,379.33,392.81,419.0,440.32,418.82,0.1575,25900,100,0.98
2575,323.74,327.8,337.17,347.55,354.86,370.27,379.34,392.82,419.0,440.32,418.8,0.1575,25900,100,0.98
2576,323.73,327.8,337.16,347.55,354.86,370.27,379.35,392.82,419.02,440.34,418.8,0.1575,25900,100,0.98
2577,323.74,327.8,337.16,347.55,354.87,370.28,379.36,392.83,419.02,440.34,418.81,0.1575,25900,100,0.98
2578,323.72,327.8,337.16,347.55,354.88,370.28,379.36,392.84,419.01,440.38,418.78,0.1575,25900,100,0.98
2579,323.72,327.79,337.15,347.54,354.87,370.28,379.36,392.83,419.02,440.42,418.68,0.1575,25900,100,0.98
2580,323.7,327.78,337.14,347.54,354.87,370.29,379.37,392.85,419.01,440.47,418.54,0.1575,25900,100,0.98
2581,323.7,327.78,337.15,347.54,354.87,370.3,379.37,392.86,419.0,440.52,418.44,0.1575,25900,100,0.98
2582,323.69,327.78,337.15,347.54,354.88,370.31,379.37,392.86,419.01,440.59,418.38,0.1575,25900,100,0.98
2583,323.69,327.77,337.15,347.54,354.88,370.31,379.37,392.85,419.02,440.6,418.32,0.1575,25900,100,0.98
2584,323.69,327.77,337.15,347.54,354.88,370.32,379.39,392.87,419.02,440.63,418.27,0.1575,25900,100,0.98
2585,323.67,327.77,337.15,347.54,354.89,370.32,379.39,392.87,419.02,440.62,418.21,0.1575,25900,100,0.98
2586,323.68,327.77,337.15,347.53,354.89,370.32,379.4,392.87,419.02,440.64,418.16,0.1575,25900,100,0.98
2587,323.68,327.77,337.15,347.54,354.89,370.32,379.4,392.88,419.01,440.64,418.08,0.1575,25900,100,0.98
2588,323.66,327.76,337.15,347.53,354.9,370.32,379.4,392.88,419.01,440.64,417.99,0.1575,25900,100,0.98
2589,323.65,327.75,337.14,347.54,354.89,370.33,379.4,392.89,419.01,440.65,417.92,0.1575,25900,100,0.98
2590,323.65,327.75,337.15,347.54,354.9,370.34,379.41,392.89,419.0,440.66,417.88,0.1575,25900,100,0.98
2591,323.64,327.74,337.15,347.54,354.89,370.34,379.41,392.9,419.0,440.68,417.84,0.1575,25900,100,0.98
2592,323.63,327.74,337.14,347.55,354.9,370.35,379.42,392.91,419.01,440.67,417.82,0.1575,25900,100,0.98
2593,323.63,327.73,337.14,347.54,354.9,370.36,379.42,392.92,419.0,440.67,417.78,0.1575,25900,100,0.98
2594,323.62,327.73,337.14,347.55,354.89,370.36,379.43,392.93,419.01,440.67,417.75,0.1575,25900,100,0.98
2595,323.62,327.72,337.13,347.54,354.9,370.37,379.43,392.92,419.02,440.67,417.75,0.1575,25900,100,0.98
2596,323.61,327.73,337.14,347.56,354.91,370.37,379.44,392.94,419.02,440.66,417.77,0.1575,25900,100,0.98
2597,323.62,327.73,337.14,347.56,354.92,370.38,379.45,392.96,419.04,440.61,417.85,0.1575,25900,100,0.98
2598,323.61,327.72,337.13,347.56,354.92,370.39,379.45,392.96,419.04,440.56,417.93,0.1575,25900,100,0.98
2599,323.61,327.73,337.14,347.56,354.93,370.38,379.46,392.97,419.04,440.56,417.96,0.1575,25900,100,0.98
2600,323.61,327.73,337.13,347.56,354.93,370.4,379.47,392.98,419.06,440.56,417.99,0.1575,25900,100,0.98
2601,323.61,327.72,337.13,347.56,354.93,370.4,379.47,392.98,419.06,440.53,418.02,0.1575,25900,100,0.98
2602,323.6,327.72,337.13,347.56,354.93,370.4,379.48,392.99,419.07,440.53,418.04,0.1575,25900,100,0.98
2603,323.59,327.72,337.12,347.56,354.93,370.4,379.48,392.99,419.07,440.53,418.08,0.1575,25900,100,0.98
2604,323.58,327.71,337.12,347.56,354.94,370.41,379.5,393.01,419.08,440.53,418.13,0.1575,25900,100,0.98
2605,323.59,327.71,337.12,347.57,354.93,370.41,379.51,393.01,419.08,440.55,418.17,0.1575,25900,100,0.98
2606,323.58,327.71,337.12,347.56,354.94,370.41,379.52,393.02,419.09,440.58,418.21,0.1575,25900,100,0.98
2607,323.58,327.7,337.11,347.57,354.94,370.41,379.54,393.02,419.1,440.6,418.26,0.1575,25900,100,0.98
2608,323.57,327.69,337.1,347.57,354.94,370.42,379.55,393.03,419.09,440.64,418.31,0.1575,25900,100,0.98
2609,323.56,327.68,337.1,347.58,354.94,370.42,379.55,393.04,419.1,440.64,418.36,0.1575,25900,100,0.98
2610,323.56,327.68,337.09,347.58,354.95,370.43,379.55,393.04,419.11,440.64,418.42,0.1575,25900,100,0.98
2611,323.56,327.68,337.09,347.57,354.95,370.42,379.57,393.05,419.12,440.64,418.47,0.1575,25900,100,0.98
2612,323.57,327.67,337.09,347.57,354.95,370.43,379.58,393.04,419.13,440.66,418.51,0.1575,25900,100,0.98
2613,323.55,327.65,337.08,347.57,354.95,370.43,379.56,393.05,419.12,440.69,418.54,0.1575,25900,100,0.98
2614,323.55,327.65,337.07,347.57,354.94,370.43,379.56,393.05,419.12,440.71,418.59,0.1575,25900,100,0.98
2615,323.54,327.65,337.07,347.57,354.95,370.44,379.58,393.07,419.14,440.71,418.63,0.1575,25900,100,0.98
2616,323.54,327.64,337.08,347.57,354.97,370.44,379.6,393.07,419.15,440.73,418.67,0.1575,25900,100,0.98
2617,323.55,327.65,337.09,347.57,354.97,370.45,379.61,393.08,419.16,440.76,418.67,0.1575,25900,100,0.98
2618,323.54,327.65,337.08,347.57,354.96,370.45,379.61,393.07,419.16,440.75,418.68,0.1575,25900,100,0.98
2619,323.54,327.63,337.08,347.56,354.96,370.45,379.61,393.08,419.16,440.74,418.67,0.1575,25900,100,0.98
2620,323.53,327.63,337.07,347.55,354.96,370.46,379.6,393.09,419.16,440.73,418.68,0.1575,25900,100,0.98
2621,323.52,327.62,337.06,347.56,354.97,370.48,379.61,393.1,419.17,440.68,418.71,0.1575,25900,100,0.98
2622,323.53,327.62,337.07,347.56,354.97,370.48,379.61,393.11,419.17,440.67,418.75,0.1575,25900,100,0.98
2623,323.52,327.62,337.07,347.55,354.98,370.49,379.62,393.11,419.19,440.66,418.81,0.1575,25900,100,0.98
2624,323.51,327.61,337.06,347.55,354.97,370.49,379.62,393.12,419.2,440.66,418.88,0.1575,25900,100,0.98
2625,323.5,327.61,337.06,347.56,354.98,370.49,379.63,393.13,419.2,440.69,418.95,0.1575,25900,100,0.98
2626,323.5,327.61,337.06,347.55,354.98,370.51,379.63,393.13,419.22,440.7,418.96,0.1575,25900,100,0.98
2627,323.48,327.6,337.05,347.54,354.98,370.5,379.63,393.13,419.22,440.71,418.98,0.1575,25900,100,0.98
2628,323.49,327.6,337.05,347.54,354.97,370.51,379.64,393.14,419.23,440.73,418.99,0.1575,25900,100,0.98
2629,323.47,327.59,337.05,347.55,354.98,370.52,379.64,393.14,419.23,440.73,419.01,0.1575,25900,100,0.98
2630,323.47,327.6,337.05,347.54,354.99,370.52,379.65,393.14,419.25,440.73,419.03,0.1575,25900,100,0.98
2631,323.47,327.59,337.05,347.55,354.98,370.53,379.66,393.16,419.25,440.74,419.02,0.1575,25900,100,0.98
2632,323.47,327.59,337.05,347.55,354.98,370.54,379.65,393.15,419.25,440.73,419.01,0.1575,25900,100,0.98
2633,323.45,327.58,337.04,347.55,354.98,370.54,379.66,393.16,419.26,440.74,419.02,0.1575,25900,100,0.98
2634,323.44,327.56,337.03,347.55,354.97,370.55,379.65,393.17,419.25,440.72,419.05,0.1575,25900,100,0.98
2635,323.44,327.56,337.03,347.55,354.98,370.55,379.65,393.17,419.26,440.73,419.08,0.1575,25900,100,0.98
2636,323.43,327.56,337.02,347.54,354.98,370.55,379.66,393.17,419.25,440.72,419.12,0.1575,25900,100,0.98
2637,323.43,327.55,337.03,347.55,354.99,370.55,379.67,393.18,419.27,440.72,419.15,0.1575,25900,100,0.98
2638,323.43,327.55,337.03,347.56,354.98,370.57,379.68,393.2,419.26,440.72,419.15,0.1575,25900,100,0.98
2639,323.42,327.55,337.03,347.56,355.0,370.56,379.68,393.19,419.27,440.73,419.13,0.1575,25900,100,0.98
2640,323.42,327.55,337.03,347.56,355.0,370.56,379.68,393.2,419.27,440.76,419.1,0.1575,25900,100,0.98
2641,323.4,327.55,337.02,347.56,354.99,370.57,379.68,393.21,419.27,440.78,419.06,0.1575,25900,100,0.98
2642,323.41,327.55,337.03,347.56,355.0,370.59,379.69,393.22,419.28,440.77,419.02,0.1575,25900,100,0.98
2643,323.4,327.55,337.02,347.56,355.01,370.58,379.7,393.23,419.29,440.76,419.02,0.1575,25900,100,0.98
2644,323.39,327.54,337.01,347.56,355.01,370.58,379.71,393.24,419.28,440.74,419.03,0.1575,25900,100,0.98
2645,323.38,327.53,337.01,347.56,355.0,370.59,379.71,393.24,419.29,440.74,419.04,0.1575,25900,100,0.98
2646,323.38,327.53,337.01,347.56,355.0,370.59,379.72,393.25,419.3,440.73,419.06,0.1575,25900,100,0.98
2647,323.37,327.53,337.0,347.58,355.01,370.6,379.73,393.25,419.29,440.75,419.08,0.1575,25900,100,0.98
2648,323.37,327.52,337.0,347.58,355.02,370.6,379.73,393.26,419.29,440.75,419.08,0.1575,25900,100,0.98
2649,323.37,327.51,336.99,347.58,355.01,370.6,379.75,393.27,419.3,440.74,419.09,0.1575,25900,100,0.98
2650,323.35,327.51,336.98,347.58,355.0,370.61,379.75,393.27,419.29,440.74,419.08,0.1575,25900,100,0.98
2651,323.35,327.5,336.98,347.58,355.01,370.6,379.76,393.27,419.29,440.74,419.04,0.1575,25900,100,0.98
2652,323.36,327.49,336.99,347.58,355.02,370.61,379.78,393.29,419.3,440.76,418.96,0.1575,25900,100,0.98
2653,323.36,327.5,336.99,347.59,355.02,370.61,379.8,393.29,419.31,440.72,418.9,0.1575,25900,100,0.98
2654,323.35,327.49,336.98,347.58,355.02,370.61,379.8,393.3,419.3,440.69,418.82,0.1575,25900,100,0.98
2655,323.34,327.48,336.98,347.58,355.02,370.61,379.8,393.3,419.31,440.65,418.79,0.1575,25900,100,0.98
2656,323.35,327.49,336.98,347.58,355.03,370.62,379.81,393.31,419.3,440.59,418.76,0.1575,25900,100,0.98
2657,323.34,327.47,336.97,347.57,355.03,370.62,379.81,393.31,419.3,440.57,418.73,0.1575,25900,100,0.98
2658,323.33,327.46,336.97,347.57,355.03,370.62,379.81,393.32,419.31,440.59,418.7,0.1575,25900,100,0.98
2659,323.32,327.46,336.96,347.57,355.03,370.64,379.81,393.33,419.3,440.59,418.69,0.1575,25900,100,0.98
2660,323.32,327.46,336.97,347.57,355.03,370.64,379.81,393.32,419.32,440.58,418.67,0.1575,25900,100,0.98
2661,323.32,327.45,336.96,347.57,355.02,370.64,379.82,393.33,419.31,440.56,418.69,0.1575,25900,100,0.98
2662,323.31,327.45,336.96,347.57,355.02,370.65,379.82,393.34,419.31,440.51,418.7,0.1575,25900,100,0.98
2663,323.3,327.44,336.96,347.57,355.04,370.66,379.83,393.35,419.32,440.48,418.76,0.1575,25900,100,0.98
2664,323.31,327.43,336.95,347.56,355.04,370.66,379.83,393.35,419.33,440.4,418.83,0.1575,25900,100,0.98
2665,323.3,327.44,336.96,347.56,355.04,370.66,379.84,393.36,419.33,440.36,418.89,0.1575,25900,100,0.98
2666,323.29,327.44,336.94,347.57,355.04,370.67,379.83,393.37,419.34,440.34,418.95,0.1575,25900,100,0.98
2667,323.28,327.43,336.95,347.56,355.04,370.67,379.84,393.37,419.34,440.36,418.99,0.1575,25900,100,0.98
2668,323.27,327.42,336.94,347.57,355.04,370.68,379.84,393.38,419.35,440.38,419.03,0.1575,25900,100,0.98
2669,323.27,327.42,336.95,347.56,355.05,370.69,379.85,393.38,419.37,440.4,419.06,0.1575,25900,100,0.98
2670,323.26,327.42,336.95,347.56,355.06,370.69,379.86,393.39,419.38,440.41,419.07,0.1575,25900,100,0.98
2671,323.26,327.41,336.94,347.56,355.05,370.69,379.86,393.39,419.38,440.4,419.09,0.1575,25900,100,0.98
2672,323.25,327.4,336.94,347.56,355.05,370.7,379.87,393.4,419.39,440.36,419.13,0.1575,25900,100,0.98
2673,323.25,327.41,336.94,347.56,355.07,370.7,379.87,393.41,419.4,440.34,419.16,0.1575,25900,100,0.98
2674,323.24,327.4,336.94,347.56,355.06,370.71,379.86,393.41,419.4,440.32,419.18,0.1575,25900,100,0.98
2675,323.24,327.4,336.94,347.56,355.06,370.72,379.88,393.42,419.42,440.34,419.18,0.1575,25900,100,0.98
2676,323.24,327.4,336.94,347.56,355.07,370.72,379.87,393.43,419.43,440.37,419.17,0.1575,25900,100,0.98
2677,323.23,327.39,336.94,347.56,355.07,370.73,379.89,393.43,419.44,440.41,419.15,0.1575,25900,100,0.98
2678,323.22,327.39,336.93,347.56,355.06,370.74,379.89,393.44,419.44,440.48,419.09,0.1575,25900,100,0.98
2679,323.22,327.4,336.93,347.56,355.07,370.74,379.9,393.43,419.45,440.55,419.05,0.1575,25900,100,0.98
2680,323.22,327.39,336.93,347.57,355.07,370.75,379.89,393.43,419.45,440.58,419.02,0.1575,25900,100,0.98
2681,323.22,327.4,336.93,347.57,355.07,370.75,379.91,393.45,419.46,440.66,419.02,0.1575,25900,100,0.98
2682,323.22,327.4,336.93,347.57,355.07,370.74,379.91,393.45,419.46,440.69,419.03,0.1575,25900,100,0.98
2683,323.22,327.4,336.93,347.57,355.08,370.75,379.91,393.46,419.46,440.71,419.06,0.1575,25900,100,0.98
2684,323.21,327.39,336.92,347.57,355.07,370.76,379.9,393.47,419.47,440.71,419.06,0.1575,25900,100,0.98
2685,323.21,327.39,336.92,347.58,355.07,370.77,379.92,393.47,419.47,440.71,419.06,0.1575,25900,100,0.98
2686,323.21,327.39,336.91,347.58,355.07,370.77,379.92,393.47,419.48,440.72,419.03,0.1575,25900,100,0.98
2687,323.2,327.39,336.92,347.57,355.08,370.78,379.93,393.48,419.47,440.74,418.98,0.1575,25900,100,0.98
2688,323.19,327.39,336.91,347.57,355.09,370.77,379.94,393.49,419.48,440.74,418.96,0.1575,25900,100,0.98
2689,323.2,327.38,336.91,347.57,355.08,370.78,379.94,393.5,419.47,440.71,418.96,0.1575,25900,100,0.98
2690,323.19,327.39,336.9,347.57,355.08,370.79,379.94,393.5,419.48,440.64,419.02,0.1575,25900,100,0.98
2691,323.19,327.38,336.9,347.57,355.08,370.79,379.95,393.5,419.48,440.59,419.06,0.1575,25900,100,0.98
2692,323.18,327.39,336.9,347.57,355.08,370.79,379.97,393.52,419.48,440.51,419.11,0.1575,25900,100,0.98
2693,323.17,327.39,336.9,347.57,355.09,370.8,379.97,393.52,419.5,440.45,419.15,0.1575,25900,100,0.98
2694,323.16,327.37,336.88,347.57,355.08,370.8,379.97,393.53,419.48,440.42,419.18,0.1575,25900,100,0.98
2695,323.15,327.36,336.87,347.57,355.08,370.8,379.96,393.53,419.49,440.42,419.21,0.1575,25900,100,0.98
2696,323.15,327.36,336.87,347.57,355.09,370.8,379.98,393.54,419.5,440.42,419.22,0.1575,25900,100,0.98
2697,323.15,327.37,336.87,347.58,355.09,370.8,380.0,393.54,419.51,440.45,419.21,0.1575,25900,100,0.98
2698,323.14,327.35,336.87,347.58,355.09,370.8,380.0,393.55,419.51,440.48,419.2,0.1575,25900,100,0.98
2699,323.15,327.35,336.86,347.58,355.1,370.81,380.01,393.55,419.51,440.52,419.18,0.1575,25900,100,0.98
2700,323.14,327.34,336.86,347.57,355.09,370.81,380.01,393.55,419.51,440.55,419.17,0.1575,25900,100,0.98
2701,323.14,327.35,336.86,347.58,355.1,370.8,380.03,393.56,419.52,440.53,419.16,0.1575,25900,100,0.98
2702,323.15,327.35,336.87,347.57,355.11,370.82,380.04,393.57,419.53,440.52,419.17,0.1575,25900,100,0.98
2703,323.15,327.35,336.86,347.58,355.11,370.81,380.05,393.57,419.54,440.5,419.19,0.1575,25900,100,0.98
2704,323.14,327.34,336.86,347.58,355.11,370.82,380.05,393.58,419.54,440.5,419.23,0.1575,25900,100,0.98
2705,323.14,327.34,336.86,347.59,355.11,370.83,380.06,393.59,419.54,440.53,419.22,0.1575,25900,100,0.98
2706,323.14,327.33,336.86,347.58,355.11,370.83,380.07,393.59,419.55,440.54,419.19,0.1575,25900,100,0.98
2707,323.12,327.32,336.86,347.58,355.12,370.83,380.07,393.59,419.56,440.56,419.17,0.1575,25900,100,0.98
2708,323.14,327.33,336.86,347.58,355.12,370.84,380.08,393.6,419.56,440.58,419.14,0.1575,25900,100,0.98
2709,323.12,327.33,336.86,347.58,355.13,370.84,380.09,393.6,419.57,440.59,419.1,0.1575,25900,100,0.98
2710,323.13,327.32,336.85,347.58,355.12,370.85,380.1,393.61,419.56,440.59,419.08,0.1575,25900,100,0.98
2711,323.13,327.32,336.85,347.58,355.13,370.85,380.1,393.62,419.57,440.59,419.07,0.1575,25900,100,0.98
2712,323.13,327.31,336.85,347.57,355.13,370.86,380.11,393.62,419.57,440.61,419.06,0.1575,25900,100,0.98
2713,323.12,327.31,336.85,347.58,355.13,370.86,380.12,393.63,419.57,440.64,419.04,0.1575,25900,100,0.98
2714,323.12,327.32,336.85,347.58,355.14,370.87,380.12,393.64,419.58,440.62,419.03,0.1575,25900,100,0.98
2715,323.11,327.31,336.85,347.58,355.14,370.87,380.14,393.63,419.59,440.6,419.05,0.1575,25900,100,0.98
2716,323.11,327.31,336.84,347.57,355.14,370.86,380.14,393.63,419.59,440.57,419.1,0.1575,25900,100,0.98
2717,323.1,327.3,336.83,347.56,355.13,370.87,380.13,393.64,419.59,440.52,419.18,0.1575,25900,100,0.98
2718,323.09,327.29,336.83,347.56,355.13,370.86,380.13,393.64,419.6,440.52,419.22,0.1575,25900,100,0.98
2719,323.08,327.29,336.82,347.56,355.13,370.87,380.14,393.65,419.6,440.54,419.25,0.1575,25900,100,0.98
2720,323.07,327.28,336.82,347.57,355.13,370.87,380.13,393.65,419.61,440.56,419.23,0.1575,25900,100,0.98
2721,323.07,327.28,336.81,347.57,355.14,370.88,380.14,393.66,419.61,440.62,419.19,0.1575,25900,100,0.98
2722,323.07,327.29,336.81,347.57,355.14,370.88,380.13,393.67,419.61,440.67,419.17,0.1575,25900,100,0.98
2723,323.07,327.27,336.81,347.58,355.14,370.89,380.16,393.67,419.61,440.72,419.14,0.1575,25900,100,0.98
2724,323.06,327.27,336.81,347.57,355.15,370.88,380.17,393.67,419.62,440.78,419.14,0.1575,25900,100,0.98
2725,323.06,327.27,336.81,347.57,355.15,370.89,380.17,393.67,419.62,440.82,419.16,0.1575,25900,100,0.98
2726,323.06,327.27,336.8,347.57,355.14,370.9,380.17,393.68,419.61,440.85,419.16,0.1575,25900,100,0.98
2727,323.06,327.27,336.8,347.57,355.14,370.9,380.17,393.69,419.62,440.86,419.18,0.1575,25900,100,0.98
2728,323.06,327.26,336.78,347.57,355.14,370.9,380.17,393.69,419.61,440.85,419.16,0.1575,25900,100,0.98
2729,323.04,327.25,336.79,347.57,355.14,370.91,380.17,393.7,419.63,440.86,419.16,0.1575,25900,100,0.98
2730,323.04,327.25,336.79,347.56,355.14,370.92,380.18,393.7,419.64,440.86,419.14,0.1575,25900,100,0.98
2731,323.04,327.26,336.78,347.56,355.15,370.91,380.19,393.7,419.64,440.86,419.13,0.1575,25900,100,0.98
2732,323.03,327.25,336.78,347.56,355.14,370.93,380.19,393.71,419.64,440.86,419.09,0.1575,25900,100,0.98
2733,323.02,327.24,336.77,347.56,355.14,370.93,380.19,393.72,419.64,440.85,419.05,0.1575,25900,100,0.98
2734,323.02,327.25,336.77,347.56,355.15,370.93,380.2,393.72,419.64,440.85,419.05,0.1575,25900,100,0.98
2735,323.03,327.25,336.77,347.56,355.15,370.94,380.2,393.72,419.65,440.83,419.06,0.1575,25900,100,0.98
2736,323.01,327.24,336.76,347.56,355.15,370.93,380.2,393.73,419.64,440.83,419.05,0.1575,25900,100,0.98
2737,323.02,327.24,336.77,347.57,355.15,370.94,380.22,393.73,419.66,440.84,419.05,0.1575,25900,100,0.98
2738,323.01,327.24,336.77,347.56,355.15,370.94,380.23,393.73,419.66,440.85,419.04,0.1575,25900,100,0.98
2739,323.01,327.24,336.76,347.56,355.16,370.95,380.23,393.74,419.65,440.87,419.04,0.1575,25900,100,0.98
2740,323.01,327.23,336.76,347.56,355.15,370.94,380.23,393.75,419.66,440.85,419.02,0.1575,25900,100,0.98
2741,323.0,327.23,336.76,347.55,355.16,370.95,380.24,393.75,419.65,440.83,419.01,0.1575,25900,100,0.98
2742,323.0,327.23,336.76,347.56,355.16,370.96,380.24,393.77,419.66,440.81,419.02,0.1575,25900,100,0.98
2743,323.0,327.23,336.76,347.56,355.17,370.96,380.25,393.75,419.65,440.81,419.05,0.1575,25900,100,0.98
2744,323.0,327.22,336.75,347.56,355.16,370.96,380.26,393.77,419.65,440.76,419.06,0.1575,25900,100,0.98
2745,322.98,327.21,336.74,347.55,355.16,370.97,380.26,393.78,419.64,440.72,419.04,0.1575,25900,100,0.98
2746,322.97,327.21,336.74,347.55,355.16,370.97,380.26,393.78,419.65,440.72,419.03,0.1575,25900,100,0.98
2747,322.96,327.2,336.73,347.56,355.15,370.97,380.25,393.78,419.65,440.74,419.02,0.1575,25900,100,0.98
2748,322.96,327.2,336.73,347.55,355.16,370.98,380.26,393.78,419.65,440.73,419.01,0.1575,25900,100,0.98
2749,322.95,327.19,336.73,347.56,355.16,370.98,380.26,393.79,419.65,440.81,419.01,0.1575,25900,100,0.98
2750,322.95,327.2,336.74,347.55,355.16,370.98,380.27,393.79,419.66,440.85,419.03,0.1575,25900,100,0.98
2751,322.94,327.19,336.73,347.55,355.16,370.98,380.27,393.81,419.66,440.87,419.05,0.1575,25900,100,0.98
2752,322.94,327.2,336.73,347.55,355.17,370.99,380.29,393.8,419.67,440.91,419.06,0.1575,25900,100,0.98
2753,322.94,327.19,336.73,347.55,355.17,370.99,380.29,393.81,419.68,440.92,419.06,0.1575,25900,100,0.98
2754,322.94,327.18,336.72,347.56,355.18,371.0,380.29,393.82,419.68,440.91,419.04,0.1575,25900,100,0.98
2755,322.92,327.17,336.72,347.55,355.16,371.0,380.3,393.83,419.67,440.9,419.01,0.1575,25900,100,0.98
2756,322.91,327.16,336.7,347.55,355.16,371.0,380.29,393.83,419.67,440.88,419.0,0.1575,25900,100,0.98
2757,322.91,327.16,336.71,347.55,355.16,371.0,380.3,393.84,419.68,440.87,419.0,0.1575,25900,100,0.98
2758,322.92,327.17,336.72,347.55,355.17,371.01,380.31,393.84,419.68,440.86,419.0,0.1575,25900,100,0.98
2759,322.91,327.15,336.71,347.55,355.17,371.02,380.32,393.85,419.68,440.87,418.98,0.1575,25900,100,0.98
2760,322.89,327.13,336.69,347.55,355.16,371.02,380.32,393.86,419.67,440.85,418.95,0.1575,25900,100,0.98
2761,322.89,327.14,336.69,347.54,355.17,371.03,380.32,393.86,419.69,440.87,418.93,0.1575,25900,100,0.98
2762,322.88,327.13,336.7,347.54,355.17,371.03,380.33,393.86,419.69,440.88,418.91,0.1575,25900,100,0.98
2763,322.89,327.13,336.69,347.54,355.16,371.03,380.33,393.87,419.69,440.87,418.88,0.1575,25900,100,0.98
2764,322.88,327.12,336.68,347.53,355.17,371.03,380.33,393.88,419.69,440.89,418.88,0.1575,25900,100,0.98
2765,322.87,327.11,336.68,347.53,355.16,371.03,380.33,393.88,419.69,440.91,418.84,0.1575,25900,100,0.98
2766,322.87,327.13,336.69,347.52,355.17,371.03,380.34,393.88,419.72,440.94,418.82,0.1575,25900,100,0.98
2767,322.87,327.12,336.69,347.52,355.17,371.04,380.34,393.88,419.73,440.94,418.8,0.1575,25900,100,0.98
2768,322.87,327.11,336.68,347.52,355.17,371.03,380.34,393.89,419.74,440.96,418.75,0.1575,25900,100,0.98
2769,322.86,327.1,336.66,347.52,355.17,371.05,380.34,393.89,419.74,440.99,418.68,0.1575,25900,100,0.98
2770,322.86,327.1,336.67,347.53,355.17,371.05,380.36,393.9,419.75,441.02,418.65,0.1575,25900,100,0.98
2771,322.85,327.11,336.67,347.53,355.18,371.05,380.37,393.9,419.76,441.05,418.62,0.1575,25900,100,0.98
2772,322.85,327.1,336.67,347.52,355.18,371.05,380.37,393.91,419.77,441.07,418.61,0.1575,25900,100,0.98
2773,322.84,327.1,336.67,347.52,355.2,371.04,380.38,393.91,419.78,441.1,418.61,0.1575,25900,100,0.98
2774,322.84,327.1,336.66,347.51,355.19,371.05,380.39,393.91,419.79,441.1,418.63,0.1575,25900,100,0.98
2775,322.84,327.09,336.66,347.52,355.19,371.05,380.38,393.92,419.78,441.1,418.66,0.1575,25900,100,0.98
2776,322.81,327.08,336.65,347.52,355.18,371.05,380.38,393.92,419.78,441.09,418.69,0.1575,25900,100,0.98
2777,322.81,327.07,336.66,347.53,355.18,371.06,380.4,393.93,419.78,441.06,418.79,0.1575,25900,100,0.98
2778,322.8,327.07,336.65,347.53,355.18,371.07,380.4,393.93,419.78,441.06,418.86,0.1575,25900,100,0.98
2779,322.8,327.07,336.65,347.54,355.19,371.08,380.41,393.93,419.79,441.07,418.88,0.1575,25900,100,0.98
2780,322.8,327.05,336.65,347.54,355.19,371.08,380.4,393.95,419.78,441.07,418.89,0.1575,25900,100,0.98
2781,322.79,327.05,336.65,347.53,355.19,371.08,380.41,393.95,419.79,441.06,418.89,0.1575,25900,100,0.98
2782,322.78,327.04,336.64,347.54,355.19,371.08,380.41,393.95,419.78,441.07,418.89,0.1575,25900,100,0.98
2783,322.78,327.04,336.63,347.53,355.19,371.09,380.42,393.96,419.79,441.05,418.88,0.1575,25900,100,0.98
2784,322.77,327.04,336.63,347.54,355.18,371.09,380.42,393.97,419.78,441.05,418.85,0.1575,25900,100,0.98
2785,322.76,327.04,336.63,347.54,355.19,371.09,380.43,393.98,419.78,441.06,418.81,0.1575,25900,100,0.98
2786,322.75,327.02,336.63,347.54,355.19,371.1,380.43,393.98,419.78,441.05,418.75,0.1575,25900,100,0.98
2787,322.74,327.02,336.63,347.53,355.19,371.09,380.44,393.98,419.78,441.03,418.71,0.1575,25900,100,0.98
2788,322.74,327.02,336.62,347.53,355.19,371.1,380.44,393.99,419.79,441.0,418.71,0.1575,25900,100,0.98
2789,322.74,327.02,336.62,347.53,355.2,371.1,380.45,393.99,419.79,440.98,418.71,0.1575,25900,100,0.98
2790,322.73,327.02,336.62,347.53,355.2,371.1,380.45,394.0,419.79,440.97,418.68,0.1575,25900,100,0.98
2791,322.73,327.01,336.62,347.53,355.2,371.11,380.45,394.0,419.78,440.98,418.64,0.1575,25900,100,0.98
2792,322.72,327.01,336.62,347.53,355.2,371.12,380.46,394.02,419.78,440.95,418.62,0.1575,25900,100,0.98
2793,322.71,327.0,336.61,347.53,355.2,371.12,380.46,394.03,419.78,440.91,418.62,0.1575,25900,100,0.98
2794,322.71,326.99,336.62,347.55,355.19,371.12,380.46,394.03,419.78,440.92,418.64,0.1575,25900,100,0.98
2795,322.7,326.99,336.61,347.54,355.19,371.13,380.46,394.04,419.78,440.93,418.64,0.1575,25900,100,0.98
2796,322.69,326.98,336.6,347.54,355.2,371.14,380.47,394.05,419.78,440.93,418.63,0.1575,25900,100,0.98
2797,322.69,326.98,336.61,347.54,355.21,371.14,380.48,394.05,419.78,440.94,418.62,0.1575,25900,100,0.98
2798,322.68,326.97,336.6,347.54,355.2,371.14,380.48,394.05,419.78,440.93,418.62,0.1575,25900,100,0.98
2799,322.68,326.98,336.6,347.53,355.22,371.14,380.48,394.04,419.79,440.91,418.64,0.1575,25900,100,0.98
2800,322.68,326.97,336.61,347.53,355.21,371.15,380.48,394.07,419.79,440.87,418.63,0.1575,25900,100,0.98
2801,322.67,326.97,336.6,347.53,355.22,371.15,380.49,394.07,419.78,440.86,418.63,0.1575,25900,100,0.98
2802,322.68,326.96,336.59,347.54,355.21,371.15,380.49,394.07,419.78,440.87,418.61,0.1575,25900,100,0.98
2803,322.66,326.95,336.59,347.53,355.21,371.16,380.5,394.08,419.79,440.86,418.57,0.1575,25900,100,0.98
2804,322.66,326.95,336.59,347.54,355.22,371.17,380.51,394.08,419.8,440.91,418.47,0.1575,25900,100,0.98
2805,322.65,326.95,336.59,347.54,355.23,371.17,380.52,394.1,419.8,440.92,418.36,0.1575,25900,100,0.98
2806,322.66,326.94,336.59,347.53,355.22,371.17,380.53,394.1,419.8,440.94,418.28,0.1575,25900,100,0.98
2807,322.64,326.94,336.58,347.54,355.22,371.18,380.52,394.11,419.8,440.95,418.23,0.1575,25900,100,0.98
2808,322.64,326.93,336.58,347.54,355.22,371.19,380.52,394.11,419.79,440.94,418.24,0.1575,25900,100,0.98
2809,322.64,326.93,336.58,347.55,355.22,371.19,380.53,394.12,419.8,440.9,418.25,0.1575,25900,100,0.98
2810,322.64,326.94,336.58,347.55,355.23,371.19,380.54,394.11,419.81,440.84,418.28,0.1575,25900,100,0.98
2811,322.63,326.93,336.58,347.55,355.23,371.2,380.55,394.12,419.82,440.82,418.32,0.1575,25900,100,0.98
2812,322.63,326.93,336.57,347.54,355.23,371.2,380.54,394.13,419.81,440.81,418.34,0.1575,25900,100,0.98
2813,322.62,326.91,336.57,347.53,355.23,371.2,380.54,394.14,419.82,440.79,418.31,0.1575,25900,100,0.98
2814,322.61,326.9,336.56,347.54,355.23,371.2,380.56,394.13,419.83,440.81,418.28,0.1575,25900,100,0.98
2815,322.6,326.9,336.57,347.54,355.24,371.2,380.57,394.13,419.83,440.81,418.28,0.1575,25900,100,0.98
2816,322.62,326.91,336.56,347.53,355.24,371.21,380.57,394.14,419.83,440.81,418.29,0.1575,25900,100,0.98
2817,322.6,326.9,336.56,347.54,355.24,371.21,380.57,394.15,419.83,440.79,418.31,0.1575,25900,100,0.98
2818,322.6,326.9,336.56,347.54,355.25,371.21,380.59,394.15,419.84,440.76,418.33,0.1575,25900,100,0.98
2819,322.59,326.89,336.55,347.54,355.25,371.21,380.59,394.16,419.83,440.77,418.36,0.1575,25900,100,0.98
2820,322.59,326.88,336.55,347.54,355.25,371.22,380.59,394.17,419.83,440.79,418.39,0.1575,25900,100,0.98
2821,322.58,326.87,336.55,347.54,355.24,371.23,380.59,394.18,419.84,440.82,418.45,0.1575,25900,100,0.98
2822,322.58,326.87,336.55,347.53,355.25,371.23,380.61,394.18,419.85,440.84,418.49,0.1575,25900,100,0.98
2823,322.58,326.87,336.56,347.54,355.26,371.23,380.61,394.18,419.86,440.89,418.5,0.1575,25900,100,0.98
2824,322.58,326.85,336.54,347.54,355.26,371.23,380.62,394.19,419.86,440.93,418.52,0.1575,25900,100,0.98
2825,322.57,326.85,336.55,347.53,355.26,371.24,380.62,394.19,419.87,440.96,418.55,0.1575,25900,100,0.98
2826,322.57,326.85,336.54,347.54,355.26,371.24,380.63,394.21,419.87,440.97,418.6,0.1575,25900,100,0.98
2827,322.55,326.84,336.54,347.53,355.27,371.25,380.63,394.21,419.88,440.98,418.67,0.1575,25900,100,0.98
2828,322.56,326.84,336.53,347.54,355.27,371.25,380.63,394.2,419.89,441.0,418.73,0.1575,25900,100,0.98
2829,322.56,326.83,336.54,347.55,355.27,371.26,380.64,394.22,419.89,441.02,418.76,0.1575,25900,100,0.98
2830,322.55,326.84,336.54,347.55,355.27,371.26,380.64,394.22,419.9,441.02,418.81,0.1575,25900,100,0.98
2831,322.54,326.83,336.53,347.54,355.27,371.27,380.65,394.22,419.91,441.02,418.89,0.1575,25900,100,0.98
2832,322.54,326.82,336.53,347.55,355.28,371.27,380.66,394.23,419.93,441.01,418.98,0.1575,25900,100,0.98
2833,322.54,326.82,336.53,347.54,355.27,371.28,380.67,394.24,419.93,441.02,419.02,0.1575,25900,100,0.98
2834,322.53,326.81,336.53,347.55,355.28,371.29,380.66,394.25,419.93,441.03,419.02,0.1575,25900,100,0.98
2835,322.53,326.81,336.52,347.55,355.26,371.28,380.66,394.25,419.94,441.02,419.02,0.1575,25900,100,0.98
2836,322.53,326.8,336.52,347.55,355.28,371.29,380.67,394.25,419.94,441.04,419.03,0.1575,25900,100,0.98
2837,322.53,326.8,336.51,347.54,355.28,371.3,380.68,394.25,419.95,441.05,419.03,0.1575,25900,100,0.98
2838,322.53,326.79,336.51,347.54,355.28,371.29,380.68,394.25,419.95,441.04,419.05,0.1575,25900,100,0.98
2839,322.52,326.79,336.52,347.54,355.28,371.29,380.68,394.25,419.95,441.03,419.08,0.1575,25900,100,0.98
2840,322.51,326.79,336.51,347.54,355.28,371.3,380.69,394.27,419.96,441.01,419.15,0.1575,25900,100,0.98
2841,322.5,326.78,336.5,347.53,355.29,371.3,380.69,394.28,419.96,441.01,419.21,0.1575,25900,100,0.98
2842,322.51,326.78,336.51,347.53,355.29,371.3,380.71,394.28,419.98,441.02,419.25,0.1575,25900,100,0.98
2843,322.49,326.78,336.5,347.54,355.29,371.31,380.7,394.29,419.97,441.03,419.28,0.1575,25900,100,0.98
2844,322.49,326.78,336.5,347.54,355.3,371.32,380.71,394.29,419.98,441.02,419.33,0.1575,25900,100,0.98
2845,322.48,326.77,336.5,347.53,355.3,371.32,380.71,394.29,419.98,441.0,419.39,0.1575,25900,100,0.98
2846,322.49,326.77,336.49,347.53,355.3,371.32,380.72,394.29,419.99,440.98,419.47,0.1575,25900,100,0.98
2847,322.49,326.77,336.5,347.53,355.29,371.31,380.72,394.29,419.99,440.99,419.54,0.1575,25900,100,0.98
2848,322.48,326.77,336.49,347.53,355.29,371.32,380.72,394.3,419.99,441.01,419.56,0.1575,25900,100,0.98
2849,322.48,326.76,336.49,347.54,355.3,371.33,380.73,394.31,420.01,441.04,419.6,0.1575,25900,100,0.98
2850,322.48,326.76,336.49,347.52,355.31,371.32,380.74,394.31,420.03,441.06,419.63,0.1575,25900,100,0.98
2851,322.47,326.76,336.49,347.53,355.31,371.33,380.75,394.32,420.03,441.09,419.63,0.1575,25900,100,0.98
2852,322.46,326.76,336.48,347.53,355.31,371.34,380.75,394.32,420.03,441.08,419.64,0.1575,25900,100,0.98
2853,322.46,326.74,336.48,347.53,355.31,371.34,380.75,394.33,420.03,441.06,419.65,0.1575,25900,100,0.98
2854,322.46,326.75,336.48,347.53,355.31,371.35,380.77,394.33,420.05,441.05,419.69,0.1575,25900,100,0.98
2855,322.46,326.75,336.48,347.52,355.31,371.35,380.76,394.33,420.05,441.01,419.69,0.1575,25900,100,0.98
2856,322.46,326.75,336.48,347.52,355.33,371.35,380.78,394.34,420.06,440.97,419.73,0.1575,25900,100,0.98
2857,322.45,326.74,336.48,347.53,355.33,371.35,380.76,394.35,420.05,440.91,419.75,0.1575,25900,100,0.98
2858,322.44,326.73,336.48,347.53,355.33,371.36,380.78,394.36,420.07,440.9,419.83,0.1575,25900,100,0.98
2859,322.44,326.74,336.48,347.53,355.33,371.36,380.8,394.36,420.09,440.89,419.92,0.1575,25900,100,0.98
2860,322.44,326.73,336.48,347.53,355.35,371.37,380.79,394.37,420.09,440.87,419.97,0.1575,25900,100,0.98
2861,322.43,326.72,336.47,347.53,355.34,371.37,380.81,394.37,420.09,440.85,420.05,0.1575,25900,100,0.98
2862,322.42,326.71,336.47,347.52,355.34,371.38,380.8,394.37,420.09,440.89,420.1,0.1575,25900,100,0.98
2863,322.43,326.72,336.47,347.53,355.35,371.39,380.8,394.39,420.1,440.91,420.15,0.1575,25900,100,0.98
2864,322.43,326.72,336.47,347.53,355.35,371.39,380.81,394.39,420.11,440.94,420.15,0.1575,25900,100,0.98
2865,322.41,326.71,336.47,347.53,355.35,371.4,380.81,394.4,420.11,440.98,420.14,0.1575,25900,100,0.98
2866,322.41,326.7,336.46,347.53,355.35,371.4,380.81,394.41,420.11,441.01,420.13,0.1575,25900,100,0.98
2867,322.41,326.7,336.46,347.53,355.36,371.41,380.83,394.41,420.12,441.05,420.1,0.1575,25900,100,0.98
2868,322.41,326.71,336.46,347.53,355.36,371.42,380.83,394.41,420.12,441.08,420.08,0.1575,25900,100,0.98
2869,322.4,326.7,336.46,347.53,355.36,371.42,380.83,394.42,420.12,441.09,420.07,0.1575,25900,100,0.98
2870,322.4,326.69,336.45,347.52,355.36,371.42,380.84,394.42,420.12,441.12,420.08,0.1575,25900,100,0.98
2871,322.38,326.69,336.46,347.52,355.36,371.42,380.83,394.43,420.13,441.12,420.08,0.1575,25900,100,0.98
2872,322.38,326.69,336.46,347.54,355.37,371.43,380.84,394.43,420.13,441.11,420.11,0.1575,25900,100,0.98
2873,322.39,326.69,336.46,347.53,355.38,371.44,380.86,394.44,420.14,441.09,420.13,0.1575,25900,100,0.98
2874,322.38,326.68,336.45,347.54,355.38,371.44,380.86,394.44,420.14,441.11,420.15,0.1575,25900,100,0.98
2875,322.39,326.68,336.46,347.53,355.38,371.43,380.86,394.45,420.14,441.11,420.15,0.1575,25900,100,0.98
2876,322.37,326.68,336.45,347.53,355.37,371.44,380.87,394.45,420.15,441.13,420.12,0.1575,25900,100,0.98
2877,322.37,326.68,336.45,347.53,355.38,371.44,380.88,394.46,420.15,441.13,420.1,0.1575,25900,100,0.98
2878,322.37,326.67,336.45,347.54,355.38,371.45,380.88,394.46,420.16,441.11,420.11,0.1575,25900,100,0.98
2879,322.37,326.67,336.46,347.52,355.38,371.45,380.89,394.47,420.16,441.1,420.13,0.1575,25900,100,0.98
2880,322.37,326.67,336.45,347.53,355.39,371.46,380.9,394.47,420.15,441.1,420.15,0.1575,25900,100,0.98
2881,322.37,326.67,336.45,347.53,355.39,371.46,380.9,394.47,420.16,441.1,420.17,0.1575,25900,100,0.98
2882,322.36,326.67,336.46,347.53,355.4,371.47,380.91,394.48,420.17,441.1,420.21,0.1575,25900,100,0.98
2883,322.36,326.67,336.45,347.54,355.4,371.47,380.92,394.48,420.16,441.09,420.23,0.1575,25900,100,0.98
2884,322.36,326.67,336.46,347.54,355.4,371.47,380.92,394.49,420.17,441.09,420.24,0.1575,25900,100,0.98
2885,322.36,326.68,336.45,347.55,355.4,371.48,380.94,394.5,420.17,441.1,420.22,0.1575,25900,100,0.98
2886,322.35,326.66,336.44,347.54,355.41,371.47,380.94,394.5,420.17,441.11,420.22,0.1575,25900,100,0.98
2887,322.35,326.66,336.44,347.55,355.4,371.48,380.94,394.51,420.16,441.11,420.22,0.1575,25900,100,0.98
2888,322.34,326.67,336.44,347.55,355.41,371.48,380.96,394.52,420.17,441.13,420.24,0.1575,25900,100,0.98
2889,322.34,326.66,336.44,347.55,355.42,371.5,380.96,394.53,420.18,441.15,420.25,0.1575,25900,100,0.98
2890,322.34,326.65,336.44,347.56,355.41,371.51,380.96,394.54,420.17,441.16,420.25,0.1575,25900,100,0.98
2891,322.33,326.66,336.44,347.56,355.41,371.51,380.96,394.54,420.17,441.15,420.25,0.1575,25900,100,0.98
2892,322.33,326.64,336.43,347.55,355.42,371.52,380.97,394.55,420.18,441.17,420.25,0.1575,25900,100,0.98
2893,322.34,326.66,336.44,347.55,355.42,371.51,380.97,394.54,420.18,441.18,420.23,0.1575,25900,100,0.98
2894,322.33,326.65,336.43,347.56,355.41,371.52,380.97,394.55,420.19,441.18,420.18,0.1575,25900,100,0.98
2895,322.32,326.64,336.42,347.55,355.41,371.53,380.97,394.55,420.18,441.21,420.15,0.1575,25900,100,0.98
2896,322.32,326.64,336.42,347.57,355.42,371.54,380.98,394.56,420.19,441.23,420.13,0.1575,25900,100,0.98
2897,322.33,326.64,336.42,347.58,355.42,371.54,380.98,394.56,420.21,441.22,420.11,0.1575,25900,100,0.98
2898,322.32,326.65,336.42,347.58,355.42,371.55,380.99,394.57,420.2,441.22,420.09,0.1575,25900,100,0.98
2899,322.31,326.64,336.41,347.58,355.42,371.55,380.98,394.57,420.21,441.23,420.1,0.1575,25900,100,0.98
2900,322.31,326.64,336.41,347.57,355.42,371.55,380.98,394.58,420.21,441.23,420.15,0.1575,25900,100,0.98
2901,322.3,326.63,336.4,347.58,355.41,371.55,380.99,394.58,420.2,441.25,420.18,0.1575,25900,100,0.98
2902,322.28,326.62,336.39,347.58,355.41,371.56,380.98,394.58,420.21,441.25,420.21,0.1575,25900,100,0.98
2903,322.29,326.62,336.4,347.58,355.42,371.56,380.99,394.59,420.22,441.26,420.19,0.1575,25900,100,0.98
2904,322.29,326.63,336.39,347.57,355.42,371.56,381.01,394.59,420.23,441.24,420.15,0.1575,25900,100,0.98
2905,322.29,326.64,336.4,347.57,355.42,371.56,381.01,394.59,420.24,441.22,420.1,0.1575,25900,100,0.98
2906,322.28,326.63,336.39,347.57,355.42,371.56,381.01,394.61,420.23,441.22,420.06,0.1575,25900,100,0.98
2907,322.29,326.64,336.4,347.57,355.43,371.57,381.02,394.61,420.24,441.22,420.02,0.1575,25900,100,0.98
2908,322.28,326.62,336.4,347.57,355.43,371.57,381.02,394.61,420.25,441.23,419.98,0.1575,25900,100,0.98
2909,322.28,326.64,336.4,347.58,355.43,371.58,381.03,394.63,420.25,441.23,419.95,0.1575,25900,100,0.98
2910,322.28,326.63,336.39,347.56,355.44,371.58,381.03,394.63,420.24,441.23,419.92,0.1575,25900,100,0.98
2911,322.27,326.63,336.39,347.57,355.43,371.58,381.03,394.64,420.24,441.22,419.89,0.1575,25900,100,0.98
2912,322.27,326.62,336.39,347.57,355.43,371.59,381.04,394.64,420.24,441.2,419.84,0.1575,25900,100,0.98
2913,322.26,326.61,336.38,347.57,355.43,371.6,381.04,394.64,420.24,441.16,419.79,0.1575,25900,100,0.98
2914,322.24,326.61,336.37,347.57,355.44,371.6,381.04,394.65,420.24,441.12,419.75,0.1575,25900,100,0.98
2915,322.24,326.6,336.37,347.56,355.43,371.6,381.05,394.65,420.24,441.11,419.72,0.1575,25900,100,0.98
2916,322.24,326.6,336.37,347.56,355.44,371.6,381.05,394.66,420.24,441.03,419.72,0.1575,25900,100,0.98
2917,322.23,326.6,336.37,347.56,355.45,371.6,381.05,394.65,420.25,440.98,419.71,0.1575,25900,100,0.98
2918,322.23,326.59,336.37,347.56,355.45,371.61,381.06,394.66,420.25,440.97,419.73,0.1575,25900,100,0.98
2919,322.23,326.6,336.38,347.56,355.45,371.6,381.06,394.67,420.25,440.95,419.73,0.1575,25900,100,0.98
2920,322.22,326.59,336.37,347.57,355.44,371.61,381.06,394.68,420.25,440.97,419.72,0.1575,25900,100,0.98
2921,322.22,326.6,336.37,347.57,355.46,371.61,381.07,394.68,420.26,440.98,419.67,0.1575,25900,100,0.98
2922,322.21,326.58,336.38,347.57,355.46,371.62,381.07,394.68,420.26,440.97,419.64,0.1575,25900,100,0.98
2923,322.21,326.59,336.38,347.56,355.47,371.61,381.08,394.69,420.26,440.98,419.64,0.1575,25900,100,0.98
2924,322.2,326.58,336.36,347.56,355.46,371.62,381.07,394.7,420.26,440.98,419.6,0.1575,25900,100,0.98
2925,322.19,326.57,336.36,347.56,355.46,371.63,381.07,394.71,420.25,441.01,419.59,0.1575,25900,100,0.98
2926,322.19,326.57,336.36,347.56,355.46,371.63,381.08,394.7,420.25,441.02,419.54,0.1575,25900,100,0.98
2927,322.19,326.57,336.37,347.55,355.47,371.63,381.09,394.71,420.26,441.03,419.48,0.1575,25900,100,0.98
2928,322.19,326.57,336.36,347.56,355.47,371.64,381.1,394.72,420.26,441.01,419.44,0.1575,25900,100,0.98
2929,322.19,326.57,336.37,347.57,355.48,371.65,381.1,394.73,420.25,440.98,419.43,0.1575,25900,100,0.98
2930,322.18,326.56,336.35,347.57,355.47,371.65,381.11,394.73,420.26,440.97,419.47,0.1575,25900,100,0.98
2931,322.18,326.56,336.35,347.56,355.47,371.66,381.11,394.74,420.25,440.94,419.53,0.1575,25900,100,0.98
2932,322.16,326.54,336.34,347.57,355.47,371.65,381.11,394.74,420.26,440.94,419.58,0.1575,25900,100,0.98
2933,322.17,326.54,336.34,347.57,355.48,371.66,381.13,394.74,420.26,440.94,419.61,0.1575,25900,100,0.98
2934,322.17,326.54,336.34,347.56,355.47,371.65,381.14,394.74,420.27,440.95,419.63,0.1575,25900,100,0.98
2935,322.16,326.53,336.34,347.57,355.48,371.66,381.13,394.75,420.27,440.98,419.63,0.1575,25900,100,0.98
2936,322.16,326.53,336.34,347.57,355.49,371.67,381.14,394.76,420.27,441.0,419.63,0.1575,25900,100,0.98
2937,322.17,326.52,336.34,347.57,355.48,371.67,381.15,394.77,420.27,441.03,419.61,0.1575,25900,100,0.98
2938,322.15,326.52,336.33,347.58,355.49,371.68,381.15,394.77,420.28,441.04,419.6,0.1575,25900,100,0.98
2939,322.16,326.52,336.34,347.57,355.49,371.68,381.16,394.78,420.28,441.04,419.58,0.1575,25900,100,0.98
2940,322.15,326.51,336.33,347.58,355.48,371.68,381.18,394.78,420.29,441.05,419.58,0.1575,25900,100,0.98
2941,322.16,326.52,336.33,347.57,355.48,371.69,381.19,394.79,420.3,441.0,419.6,0.1575,25900,100,0.98
2942,322.16,326.52,336.34,347.57,355.49,371.7,381.19,394.79,420.31,440.95,419.65,0.1575,25900,100,0.98
2943,322.15,326.5,336.32,347.56,355.49,371.69,381.19,394.8,420.3,440.93,419.7,0.1575,25900,100,0.98
2944,322.15,326.5,336.32,347.57,355.5,371.7,381.19,394.8,420.33,440.88,419.75,0.1575,25900,100,0.98
2945,322.14,326.5,336.32,347.56,355.5,371.7,381.19,394.8,420.32,440.84,419.78,0.1575,25900,100,0.98
2946,322.14,326.5,336.32,347.56,355.5,371.71,381.2,394.81,420.33,440.85,419.81,0.1575,25900,100,0.98
2947,322.14,326.5,336.33,347.56,355.51,371.71,381.21,394.81,420.33,440.84,419.83,0.1575,25900,100,0.98
2948,322.13,326.49,336.32,347.56,355.51,371.72,381.21,394.82,420.34,440.81,419.88,0.1575,25900,100,0.98
2949,322.13,326.49,336.32,347.55,355.51,371.73,381.22,394.83,420.35,440.81,419.95,0.1575,25900,100,0.98
2950,322.13,326.48,336.31,347.55,355.51,371.73,381.22,394.83,420.34,440.84,420.0,0.1575,25900,100,0.98
2951,322.12,326.47,336.3,347.56,355.51,371.73,381.23,394.83,420.35,440.87,420.05,0.1575,25900,100,0.98
2952,322.12,326.48,336.31,347.56,355.52,371.74,381.23,394.84,420.36,440.9,420.09,0.1575,25900,100,0.98
2953,322.11,326.48,336.31,347.57,355.52,371.74,381.24,394.85,420.36,440.9,420.14,0.1575,25900,100,0.98
2954,322.11,326.48,336.31,347.58,355.52,371.75,381.24,394.85,420.37,440.87,420.16,0.1575,25900,100,0.98
2955,322.1,326.48,336.31,347.57,355.52,371.74,381.25,394.85,420.37,440.81,420.19,0.1575,25900,100,0.98
2956,322.1,326.46,336.3,347.58,355.52,371.74,381.25,394.86,420.37,440.77,420.22,0.1575,25900,100,0.98
2957,322.09,326.47,336.29,347.58,355.52,371.75,381.25,394.86,420.37,440.74,420.28,0.1575,25900,100,0.98
2958,322.1,326.47,336.31,347.59,355.53,371.76,381.27,394.88,420.39,440.73,420.34,0.1575,25900,100,0.98
2959,322.09,326.46,336.31,347.58,355.53,371.76,381.27,394.88,420.4,440.74,420.37,0.1575,25900,100,0.98
2960,322.08,326.46,336.31,347.59,355.54,371.76,381.26,394.89,420.4,440.77,420.38,0.1575,25900,100,0.98
2961,322.07,326.47,336.31,347.59,355.54,371.78,381.26,394.89,420.41,440.79,420.38,0.1575,25900,100,0.98
2962,322.06,326.45,336.3,347.58,355.54,371.78,381.26,394.89,420.41,440.81,420.36,0.1575,25900,100,0.98
2963,322.06,326.46,336.31,347.57,355.55,371.78,381.26,394.9,420.41,440.83,420.37,0.1575,25900,100,0.98
2964,322.05,326.45,336.3,347.57,355.55,371.79,381.25,394.9,420.41,440.87,420.37,0.1575,25900,100,0.98
2965,322.05,326.46,336.3,347.58,355.55,371.8,381.26,394.91,420.42,440.9,420.36,0.1575,25900,100,0.98
2966,322.04,326.45,336.3,347.57,355.55,371.81,381.25,394.92,420.42,440.9,420.34,0.1575,25900,100,0.98
2967,322.04,326.44,336.31,347.59,355.54,371.81,381.26,394.92,420.43,440.89,420.34,0.1575,25900,100,0.98
2968,322.04,326.44,336.31,347.58,355.55,371.81,381.26,394.92,420.43,440.89,420.33,0.1575,25900,100,0.98
2969,322.03,326.43,336.3,347.57,355.55,371.81,381.26,394.93,420.42,440.89,420.28,0.1575,25900,100,0.98
2970,322.03,326.43,336.29,347.57,355.55,371.81,381.27,394.92,420.43,440.85,420.27,0.1575,25900,100,0.98
2971,322.04,326.43,336.3,347.56,355.56,371.82,381.29,394.93,420.44,440.83,420.29,0.1575,25900,100,0.98
2972,322.03,326.42,336.3,347.56,355.56,371.82,381.29,394.93,420.44,440.82,420.31,0.1575,25900,100,0.98
2973,322.04,326.43,336.3,347.56,355.57,371.83,381.3,394.94,420.45,440.81,420.3,0.1575,25900,100,0.98
2974,322.02,326.43,336.3,347.57,355.57,371.83,381.31,394.94,420.45,440.82,420.28,0.1575,25900,100,0.98
2975,322.02,326.42,336.29,347.57,355.56,371.83,381.3,394.95,420.45,440.84,420.21,0.1575,25900,100,0.98
2976,322.0,326.41,336.27,347.57,355.56,371.85,381.3,394.95,420.45,440.86,420.16,0.1575,25900,100,0.98
2977,322.01,326.41,336.27,347.58,355.56,371.84,381.31,394.96,420.46,440.86,420.13,0.1575,25900,100,0.98
2978,322.01,326.41,336.27,347.56,355.56,371.85,381.31,394.95,420.46,440.88,420.13,0.1575,25900,100,0.98
2979,322.01,326.41,336.27,347.57,355.56,371.86,381.33,394.96,420.46,440.89,420.12,0.1575,25900,100,0.98
2980,322.01,326.41,336.26,347.56,355.56,371.85,381.32,394.96,420.46,440.9,420.1,0.1575,25900,100,0.98
2981,322.0,326.41,336.27,347.56,355.56,371.86,381.34,394.98,420.46,440.89,420.08,0.1575,25900,100,0.98
2982,322.0,326.4,336.26,347.56,355.58,371.85,381.33,394.98,420.47,440.89,420.08,0.1575,25900,100,0.98
2983,322.0,326.41,336.27,347.56,355.58,371.86,381.35,394.98,420.47,440.87,420.1,0.1575,25900,100,0.98
2984,321.99,326.39,336.25,347.57,355.58,371.87,381.35,394.99,420.48,440.86,420.12,0.1575,25900,100,0.98
2985,322.0,326.4,336.27,347.56,355.59,371.87,381.37,395.0,420.49,440.87,420.11,0.1575,25900,100,0.98
2986,321.99,326.41,336.26,347.56,355.59,371.88,381.36,395.0,420.49,440.87,420.09,0.1575,25900,100,0.98
2987,321.99,326.39,336.26,347.56,355.59,371.87,381.37,395.01,420.49,440.89,420.01,0.1575,25900,100,0.98
2988,321.99,326.39,336.26,347.56,355.59,371.88,381.39,395.01,420.48,440.92,419.92,0.1575,25900,100,0.98
2989,322.0,326.39,336.26,347.56,355.59,371.88,381.39,395.02,420.48,440.94,419.83,0.1575,25900,100,0.98
2990,321.98,326.39,336.25,347.56,355.59,371.89,381.4,395.02,420.49,440.94,419.78,0.1575,25900,100,0.98
2991,321.98,326.38,336.25,347.57,355.59,371.88,381.41,395.02,420.49,440.91,419.73,0.1575,25900,100,0.98
2992,321.98,326.38,336.24,347.58,355.59,371.88,381.41,395.03,420.48,440.9,419.67,0.1575,25900,100,0.98
2993,321.98,326.38,336.24,347.58,355.59,371.88,381.42,395.04,420.48,440.86,419.63,0.1575,25900,100,0.98
2994,321.97,326.37,336.24,347.59,355.59,371.89,381.43,395.04,420.49,440.84,419.64,0.1575,25900,100,0.98
2995,321.96,326.37,336.23,347.58,355.59,371.88,381.42,395.04,420.49,440.82,419.66,0.1575,25900,100,0.98
2996,321.96,326.36,336.23,347.59,355.59,371.89,381.42,395.05,420.49,440.8,419.68,0.1575,25900,100,0.98
2997,321.95,326.37,336.22,347.59,355.59,371.89,381.43,395.06,420.49,440.79,419.72,0.1575,25900,100,0.98
2998,321.94,326.36,336.23,347.59,355.6,371.9,381.43,395.06,420.5,440.81,419.73,0.1575,25900,100,0.98
2999,321.93,326.35,336.22,347.59,355.59,371.89,381.42,395.06,420.49,440.84,419.71,0.1575,25900,100,0.98
3000,321.93,326.35,336.22,347.59,355.6,371.91,381.43,395.07,420.5,440.93,419.68,0.1575,25900,100,0.98
3001,321.93,326.36,336.22,347.59,355.6,371.92,381.43,395.08,420.5,440.98,419.61,0.1575,25900,100,0.98
3002,321.92,326.34,336.21,347.59,355.6,371.93,381.43,395.09,420.5,441.01,419.53,0.1575,25900,100,0.98
3003,321.91,326.34,336.21,347.59,355.6,371.93,381.43,395.09,420.49,441.02,419.51,0.1575,25900,100,0.98
3004,321.91,326.35,336.21,347.6,355.61,371.94,381.44,395.09,420.49,441.05,419.49,0.1575,25900,100,0.98
3005,321.91,326.35,336.22,347.59,355.61,371.94,381.44,395.1,420.49,441.04,419.47,0.1575,25900,100,0.98
3006,321.91,326.34,336.21,347.58,355.61,371.95,381.44,395.1,420.49,441.02,419.47,0.1575,25900,100,0.98
3007,321.91,326.35,336.22,347.59,355.62,371.95,381.44,395.1,420.49,441.01,419.45,0.1575,25900,100,0.98
3008,321.9,326.33,336.21,347.59,355.61,371.95,381.44,395.11,420.48,441.02,419.42,0.1575,25900,100,0.98
3009,321.89,326.33,336.21,347.58,355.61,371.95,381.44,395.11,420.47,441.02,419.36,0.1575,25900,100,0.98
3010,321.89,326.33,336.21,347.58,355.61,371.96,381.45,395.11,420.47,441.02,419.3,0.1575,25900,100,0.98
3011,321.88,326.33,336.21,347.59,355.62,371.96,381.45,395.12,420.47,441.05,419.21,0.1575,25900,100,0.98
3012,321.89,326.32,336.21,347.59,355.62,371.97,381.45,395.12,420.45,441.05,419.13,0.1575,25900,100,0.98
3013,321.89,326.33,336.21,347.58,355.61,371.97,381.46,395.12,420.46,441.05,419.1,0.1575,25900,100,0.98
3014,321.88,326.33,336.2,347.59,355.62,371.98,381.46,395.14,420.45,441.07,419.05,0.1575,25900,100,0.98
3015,321.88,326.33,336.2,347.59,355.62,371.99,381.46,395.15,420.44,441.08,419.01,0.1575,25900,100,0.98
3016,321.88,326.32,336.2,347.59,355.62,371.99,381.46,395.14,420.44,441.07,418.97,0.1575,25900,100,0.98
3017,321.88,326.32,336.2,347.59,355.62,371.99,381.47,395.15,420.45,441.08,418.94,0.1575,25900,100,0.98
3018,321.88,326.32,336.21,347.58,355.63,371.99,381.48,395.15,420.45,441.09,418.89,0.1575,25900,100,0.98
3019,321.87,326.31,336.2,347.59,355.63,371.99,381.48,395.15,420.45,441.08,418.84,0.1575,25900,100,0.98
3020,321.87,326.31,336.2,347.59,355.63,372.0,381.48,395.17,420.44,441.05,418.77,0.1575,25900,100,0.98
3021,321.87,326.32,336.21,347.59,355.64,372.01,381.5,395.17,420.44,441.03,418.78,0.1575,25900,100,0.98
3022,321.87,326.31,336.21,347.59,355.64,372.0,381.5,395.18,420.44,441.01,418.81,0.1575,25900,100,0.98
3023,321.87,326.31,336.19,347.59,355.63,372.01,381.5,395.17,420.44,441.0,418.85,0.1575,25900,100,0.98
3024,321.86,326.3,336.19,347.58,355.63,372.0,381.5,395.18,420.43,441.0,418.91,0.1575,25900,100,0.98
3025,321.86,326.3,336.2,347.58,355.64,372.01,381.51,395.18,420.44,441.03,418.94,0.1575,25900,100,0.98
3026,321.85,326.3,336.19,347.59,355.64,372.01,381.52,395.19,420.45,441.05,418.96,0.1575,25900,100,0.98
3027,321.86,326.3,336.2,347.58,355.64,372.0,381.51,395.19,420.45,441.06,418.99,0.1575,25900,100,0.98
3028,321.85,326.29,336.19,347.58,355.64,372.01,381.52,395.19,420.45,441.09,419.02,0.1575,25900,100,0.98
3029,321.84,326.29,336.19,347.58,355.64,372.02,381.52,395.19,420.46,441.09,419.04,0.1575,25900,100,0.98
3030,321.82,326.28,336.17,347.58,355.64,372.02,381.52,395.2,420.45,441.09,419.04,0.1575,25900,100,0.98
3031,321.82,326.27,336.17,347.58,355.64,372.03,381.53,395.2,420.46,441.08,419.05,0.1575,25900,100,0.98
3032,321.82,326.27,336.17,347.58,355.63,372.03,381.53,395.22,420.46,441.07,419.07,0.1575,25900,100,0.98
3033,321.81,326.28,336.17,347.58,355.64,372.03,381.54,395.23,420.48,441.03,419.13,0.1575,25900,100,0.98
3034,321.81,326.27,336.18,347.58,355.65,372.04,381.55,395.23,420.49,441.03,419.18,0.1575,25900,100,0.98
3035,321.81,326.27,336.17,347.58,355.64,372.03,381.55,395.23,420.48,441.03,419.19,0.1575,25900,100,0.98
3036,321.79,326.26,336.16,347.58,355.64,372.04,381.55,395.24,420.48,441.08,419.18,0.1575,25900,100,0.98
3037,321.8,326.26,336.17,347.58,355.65,372.05,381.55,395.24,420.49,441.11,419.18,0.1575,25900,100,0.98
3038,321.79,326.25,336.15,347.58,355.64,372.05,381.55,395.24,420.49,441.13,419.16,0.1575,25900,100,0.98
3039,321.79,326.25,336.16,347.58,355.64,372.05,381.56,395.24,420.5,441.13,419.18,0.1575,25900,100,0.98
3040,321.79,326.25,336.16,347.58,355.66,372.06,381.57,395.24,420.52,441.12,419.22,0.1575,25900,100,0.98
3041,321.79,326.24,336.16,347.57,355.66,372.05,381.58,395.25,420.52,441.09,419.25,0.1575,25900,100,0.98
3042,321.78,326.24,336.16,347.57,355.66,372.06,381.58,395.25,420.53,441.06,419.29,0.1575,25900,100,0.98
3043,321.78,326.23,336.15,347.58,355.66,372.06,381.59,395.24,420.54,441.04,419.31,0.1575,25900,100,0.98
3044,321.77,326.23,336.15,347.57,355.65,372.06,381.59,395.26,420.54,441.02,419.36,0.1575,25900,100,0.98
3045,321.77,326.23,336.15,347.56,355.66,372.06,381.6,395.25,420.55,440.98,419.41,0.1575,25900,100,0.98
3046,321.76,326.22,336.14,347.56,355.66,372.06,381.6,395.26,420.56,440.95,419.49,0.1575,25900,100,0.98
3047,321.75,326.21,336.12,347.56,355.65,372.07,381.61,395.27,420.56,440.94,419.57,0.1575,25900,100,0.98
3048,321.75,326.2,336.12,347.55,355.66,372.07,381.62,395.28,420.57,440.97,419.64,0.1575,25900,100,0.98
3049,321.75,326.2,336.12,347.55,355.66,372.07,381.63,395.27,420.57,440.99,419.67,0.1575,25900,100,0.98
3050,321.74,326.19,336.11,347.55,355.65,372.07,381.63,395.27,420.58,441.0,419.73,0.1575,25900,100,0.98
3051,321.74,326.2,336.12,347.55,355.66,372.09,381.63,395.29,420.58,441.0,419.78,0.1575,25900,100,0.98
3052,321.75,326.19,336.12,347.56,355.67,372.08,381.64,395.29,420.6,440.99,419.82,0.1575,25900,100,0.98
3053,321.76,326.2,336.12,347.56,355.67,372.08,381.65,395.3,420.6,440.99,419.81,0.1575,25900,100,0.98
3054,321.74,326.19,336.12,347.57,355.67,372.09,381.66,395.3,420.6,441.01,419.76,0.1575,25900,100,0.98
3055,321.74,326.19,336.12,347.56,355.67,372.1,381.67,395.31,420.6,441.01,419.71,0.1575,25900,100,0.98
3056,321.74,326.19,336.12,347.57,355.68,372.1,381.67,395.32,420.61,440.99,419.61,0.1575,25900,100,0.98
3057,321.73,326.18,336.11,347.58,355.68,372.1,381.68,395.33,420.61,440.96,419.54,0.1575,25900,100,0.98
3058,321.74,326.19,336.12,347.58,355.68,372.1,381.68,395.32,420.61,440.93,419.52,0.1575,25900,100,0.98
3059,321.73,326.17,336.11,347.58,355.68,372.11,381.69,395.34,420.61,440.94,419.51,0.1575,25900,100,0.98
3060,321.73,326.17,336.12,347.57,355.69,372.11,381.69,395.34,420.62,440.93,419.51,0.1575,25900,100,0.98
3061,321.73,326.17,336.11,347.58,355.69,372.13,381.7,395.36,420.62,440.95,419.51,0.1575,25900,100,0.98
3062,321.74,326.17,336.12,347.59,355.69,372.13,381.7,395.36,420.63,440.97,419.48,0.1575,25900,100,0.98
3063,321.72,326.17,336.11,347.58,355.69,372.12,381.71,395.35,420.62,440.98,419.42,0.1575,25900,100,0.98
3064,321.72,326.16,336.12,347.58,355.7,372.13,381.72,395.36,420.62,441.0,419.36,0.1575,25900,100,0.98
3065,321.72,326.16,336.11,347.59,355.7,372.13,381.72,395.36,420.62,441.04,419.26,0.1575,25900,100,0.98
3066,321.71,326.15,336.11,347.58,355.7,372.14,381.72,395.36,420.61,441.06,419.19,0.1575,25900,100,0.98
3067,321.7,326.15,336.1,347.57,355.7,372.14,381.73,395.37,420.62,441.09,419.16,0.1575,25900,100,0.98
3068,321.71,326.15,336.1,347.58,355.7,372.15,381.73,395.38,420.61,441.08,419.16,0.1575,25900,100,0.98
3069,321.71,326.14,336.11,347.58,355.71,372.15,381.74,395.38,420.61,441.07,419.17,0.1575,25900,100,0.98
3070,321.69,326.13,336.1,347.57,355.7,372.15,381.73,395.38,420.6,441.07,419.19,0.1575,25900,100,0.98
3071,321.69,326.14,336.09,347.58,355.71,372.17,381.75,395.39,420.6,441.08,419.21,0.1575,25900,100,0.98
3072,321.69,326.14,336.09,347.58,355.72,372.16,381.76,395.39,420.61,441.06,419.23,0.1575,25900,100,0.98
3073,321.69,326.13,336.08,347.59,355.71,372.18,381.75,395.4,420.6,441.06,419.27,0.1575,25900,100,0.98
3074,321.67,326.12,336.09,347.59,355.7,372.17,381.75,395.4,420.62,441.05,419.36,0.1575,25900,100,0.98
3075,321.68,326.11,336.09,347.58,355.71,372.17,381.76,395.41,420.62,441.04,419.42,0.1575,25900,100,0.98
3076,321.68,326.13,336.09,347.57,355.73,372.17,381.77,395.41,420.64,441.03,419.48,0.1575,25900,100,0.98
3077,321.68,326.13,336.1,347.59,355.72,372.17,381.77,395.42,420.63,441.03,419.51,0.1575,25900,100,0.98
3078,321.67,326.12,336.09,347.59,355.72,372.18,381.77,395.42,420.63,441.02,419.52,0.1575,25900,100,0.98
3079,321.67,326.12,336.08,347.59,355.73,372.19,381.78,395.42,420.64,441.02,419.54,0.1575,25900,100,0.98
3080,321.67,326.12,336.09,347.59,355.74,372.19,381.79,395.42,420.65,441.01,419.54,0.1575,25900,100,0.98
3081,321.67,326.12,336.09,347.59,355.73,372.19,381.79,395.43,420.66,440.99,419.56,0.1575,25900,100,0.98
3082,321.67,326.12,336.09,347.59,355.74,372.19,381.81,395.44,420.66,440.95,419.58,0.1575,25900,100,0.98
3083,321.67,326.11,336.09,347.59,355.75,372.2,381.81,395.44,420.67,440.93,419.64,0.1575,25900,100,0.98
3084,321.66,326.1,336.07,347.59,355.74,372.2,381.81,395.44,420.66,440.89,419.72,0.1575,25900,100,0.98
3085,321.66,326.11,336.08,347.58,355.74,372.2,381.81,395.45,420.66,440.86,419.76,0.1575,25900,100,0.98
3086,321.65,326.1,336.07,347.59,355.74,372.2,381.81,395.45,420.66,440.87,419.77,0.1575,25900,100,0.98
3087,321.64,326.1,336.06,347.59,355.74,372.2,381.81,395.45,420.66,440.86,419.77,0.1575,25900,100,0.98
3088,321.64,326.09,336.06,347.6,355.73,372.21,381.81,395.46,420.66,440.81,419.77,0.1575,25900,100,0.98
3089,321.64,326.09,336.06,347.6,355.74,372.21,381.83,395.47,420.67,440.74,419.79,0.1575,25900,100,0.98
3090,321.64,326.08,336.07,347.61,355.74,372.21,381.82,395.47,420.68,440.71,419.84,0.1575,25900,100,0.98
3091,321.63,326.09,336.06,347.6,355.75,372.21,381.83,395.47,420.69,440.69,419.89,0.1575,25900,100,0.98
3092,321.64,326.09,336.06,347.6,355.76,372.21,381.83,395.47,420.7,440.71,419.98,0.1575,25900,100,0.98
3093,321.62,326.09,336.06,347.61,355.75,372.22,381.84,395.48,420.71,440.73,420.04,0.1575,25900,100,0.98
3094,321.62,326.07,336.05,347.61,355.75,372.22,381.84,395.49,420.71,440.73,420.03,0.1575,25900,100,0.98
3095,321.61,326.07,336.05,347.6,355.76,372.22,381.84,395.49,420.72,440.76,420.0,0.1575,25900,100,0.98
3096,321.62,326.08,336.06,347.61,355.76,372.23,381.85,395.49,420.71,440.81,419.94,0.1575,25900,100,0.98
3097,321.59,326.07,336.05,347.62,355.76,372.24,381.85,395.5,420.71,440.85,419.89,0.1575,25900,100,0.98
3098,321.6,326.08,336.05,347.61,355.76,372.24,381.85,395.51,420.72,440.86,419.83,0.1575,25900,100,0.98
3099,321.59,326.08,336.05,347.62,355.76,372.25,381.84,395.51,420.71,440.88,419.77,0.1575,25900,100,0.98
3100,321.58,326.07,336.04,347.61,355.76,372.25,381.85,395.52,420.72,440.91,419.73,0.1575,25900,100,0.98
3101,321.59,326.08,336.04,347.62,355.77,372.26,381.85,395.52,420.71,440.93,419.69,0.1575,25900,100,0.98
3102,321.58,326.08,336.05,347.61,355.76,372.26,381.85,395.53,420.7,440.96,419.63,0.1575,25900,100,0.98
3103,321.58,326.08,336.05,347.61,355.77,372.27,381.85,395.53,420.71,440.98,419.58,0.1575,25900,100,0.98
3104,321.58,326.08,336.04,347.6,355.77,372.27,381.86,395.54,420.7,441.0,419.54,0.1575,25900,100,0.98
3105,321.57,326.08,336.04,347.6,355.78,372.28,381.86,395.56,420.7,441.01,419.5,0.1575,25900,100,0.98
3106,321.57,326.07,336.05,347.61,355.77,372.29,381.86,395.56,420.7,441.02,419.45,0.1575,25900,100,0.98
3107,321.57,326.08,336.05,347.62,355.78,372.3,381.85,395.56,420.69,441.04,419.39,0.1575,25900,100,0.98
3108,321.56,326.08,336.05,347.61,355.78,372.3,381.87,395.57,420.68,441.04,419.29,0.1575,25900,100,0.98
3109,321.56,326.07,336.05,347.62,355.78,372.31,381.87,395.57,420.68,441.04,419.18,0.1575,25900,100,0.98
3110,321.56,326.07,336.04,347.61,355.77,372.31,381.87,395.57,420.67,441.05,419.08,0.1575,25900,100,0.98
3111,321.55,326.07,336.05,347.62,355.78,372.31,381.88,395.58,420.66,441.04,419.02,0.1575,25900,100,0.98
3112,321.54,326.06,336.04,347.62,355.78,372.32,381.87,395.59,420.66,440.99,418.97,0.1575,25900,100,0.98
3113,321.54,326.05,336.04,347.62,355.79,372.33,381.89,395.59,420.66,440.93,418.95,0.1575,25900,100,0.98
3114,321.54,326.04,336.04,347.61,355.78,372.32,381.88,395.59,420.66,440.89,418.96,0.1575,25900,100,0.98
3115,321.54,326.04,336.04,347.62,355.79,372.33,381.89,395.59,420.66,440.86,418.97,0.1575,25900,100,0.98
3116,321.53,326.03,336.03,347.61,355.78,372.33,381.9,395.6,420.65,440.84,418.98,0.1575,25900,100,0.98
3117,321.52,326.03,336.04,347.61,355.79,372.33,381.9,395.6,420.66,440.85,419.0,0.1575,25900,100,0.98
3118,321.53,326.03,336.04,347.61,355.8,372.34,381.9,395.61,420.66,440.84,419.0,0.1575,25900,100,0.98
3119,321.53,326.02,336.04,347.62,355.8,372.34,381.92,395.6,420.67,440.87,419.0,0.1575,25900,100,0.98
3120,321.52,326.01,336.03,347.61,355.81,372.34,381.92,395.6,420.68,440.84,419.0,0.1575,25900,100,0.98
3121,321.52,326.01,336.03,347.6,355.8,372.34,381.93,395.61,420.68,440.81,419.01,0.1575,25900,100,0.98
3122,321.52,326.0,336.02,347.6,355.8,372.35,381.94,395.62,420.68,440.78,419.05,0.1575,25900,100,0.98
3123,321.52,326.01,336.03,347.61,355.8,372.35,381.94,395.62,420.68,440.78,419.11,0.1575,25900,100,0.98
3124,321.51,325.99,336.02,347.61,355.8,372.35,381.94,395.62,420.69,440.79,419.16,0.1575,25900,100,0.98
3125,321.5,325.99,336.01,347.6,355.8,372.36,381.94,395.63,420.69,440.81,419.23,0.1575,25900,100,0.98
3126,321.5,325.99,336.01,347.6,355.81,372.35,381.95,395.63,420.69,440.82,419.24,0.1575,25900,100,0.98
3127,321.51,325.99,336.01,347.6,355.81,372.36,381.95,395.64,420.7,440.82,419.25,0.1575,25900,100,0.98
3128,321.51,325.99,336.02,347.6,355.82,372.37,381.98,395.65,420.72,440.79,419.3,0.1575,25900,100,0.98
3129,321.51,325.99,336.01,347.61,355.82,372.36,381.98,395.65,420.71,440.76,419.35,0.1575,25900,100,0.98
3130,321.5,325.98,336.0,347.6,355.82,372.37,381.99,395.66,420.72,440.74,419.4,0.1575,25900,100,0.98
3131,321.5,325.98,336.0,347.61,355.83,372.37,381.99,395.66,420.72,440.72,419.45,0.1575,25900,100,0.98
3132,321.5,325.97,336.0,347.61,355.83,372.38,382.0,395.66,420.73,440.73,419.49,0.1575,25900,100,0.98
3133,321.49,325.98,336.0,347.62,355.83,372.37,382.01,395.66,420.73,440.73,419.51,0.1575,25900,100,0.98
3134,321.49,325.96,335.99,347.62,355.82,372.37,382.0,395.66,420.73,440.75,419.53,0.1575,25900,100,0.98
3135,321.48,325.96,336.0,347.62,355.83,372.37,382.01,395.67,420.73,440.77,419.56,0.1575,25900,100,0.98
3136,321.49,325.97,335.99,347.63,355.84,372.37,382.02,395.67,420.74,440.8,419.61,0.1575,25900,100,0.98
3137,321.48,325.97,336.0,347.62,355.84,372.37,382.03,395.68,420.75,440.82,419.64,0.1575,25900,100,0.98
3138,321.48,325.97,336.0,347.63,355.84,372.38,382.03,395.69,420.75,440.84,419.6,0.1575,25900,100,0.98
3139,321.47,325.97,336.0,347.63,355.84,372.38,382.04,395.68,420.75,440.86,419.58,0.1575,25900,100,0.98
3140,321.47,325.97,336.0,347.64,355.85,372.4,382.05,395.7,420.75,440.86,419.57,0.1575,25900,100,0.98
3141,321.47,325.97,336.0,347.64,355.86,372.4,382.04,395.7,420.75,440.8,419.55,0.1575,25900,100,0.98
3142,321.47,325.97,336.0,347.65,355.85,372.41,382.04,395.71,420.76,440.79,419.55,0.1575,25900,100,0.98
3143,321.46,325.97,336.0,347.65,355.85,372.42,382.04,395.72,420.76,440.74,419.57,0.1575,25900,100,0.98
3144,321.45,325.96,335.98,347.65,355.84,372.42,382.04,395.72,420.76,440.65,419.57,0.1575,25900,100,0.98
3145,321.45,325.96,335.99,347.64,355.86,372.42,382.04,395.73,420.77,440.61,419.62,0.1575,25900,100,0.98
3146,321.44,325.96,335.99,347.64,355.87,372.43,382.04,395.72,420.78,440.58,419.65,0.1575,25900,100,0.98
3147,321.44,325.96,335.98,347.64,355.86,372.43,382.04,395.72,420.78,440.56,419.64,0.1575,25900,100,0.98
3148,321.43,325.96,335.99,347.64,355.87,372.44,382.05,395.73,420.79,440.53,419.64,0.1575,25900,100,0.98
3149,321.43,325.96,335.98,347.64,355.86,372.44,382.04,395.73,420.79,440.53,419.62,0.1575,25900,100,0.98
3150,321.41,325.95,335.98,347.64,355.87,372.44,382.04,395.74,420.79,440.54,419.63,0.1575,25900,100,0.98
3151,321.42,325.95,335.98,347.65,355.88,372.46,382.04,395.75,420.81,440.55,419.63,0.1575,25900,100,0.98
3152,321.41,325.94,335.98,347.64,355.87,372.46,382.05,395.75,420.8,440.57,419.6,0.1575,25900,100,0.98
3153,321.41,325.94,335.98,347.64,355.87,372.46,382.04,395.75,420.8,440.55,419.57,0.1575,25900,100,0.98
3154,321.4,325.94,335.98,347.63,355.87,372.46,382.06,395.76,420.81,440.54,419.54,0.1575,25900,100,0.98
3155,321.4,325.94,335.99,347.64,355.88,372.47,382.06,395.76,420.82,440.53,419.52,0.1575,25900,100,0.98
3156,321.4,325.93,335.99,347.63,355.88,372.47,382.06,395.77,420.82,440.55,419.5,0.1575,25900,100,0.98
3157,321.4,325.93,335.98,347.63,355.88,372.48,382.07,395.77,420.82,440.59,419.46,0.1575,25900,100,0.98
3158,321.39,325.92,335.98,347.64,355.89,372.49,382.07,395.77,420.83,440.61,419.43,0.1575,25900,100,0.98
3159,321.4,325.92,335.99,347.64,355.88,372.5,382.08,395.78,420.83,440.62,419.42,0.1575,25900,100,0.98
3160,321.39,325.93,335.98,347.65,355.89,372.5,382.09,395.79,420.83,440.65,419.42,0.1575,25900,100,0.98
3161,321.39,325.92,335.98,347.64,355.89,372.51,382.09,395.79,420.84,440.66,419.42,0.1575,25900,100,0.98
3162,321.38,325.91,335.99,347.64,355.89,372.51,382.08,395.79,420.82,440.65,419.42,0.1575,25900,100,0.98
3163,321.37,325.9,335.98,347.65,355.89,372.5,382.09,395.79,420.84,440.68,419.43,0.1575,25900,100,0.98
3164,321.38,325.9,335.98,347.64,355.9,372.51,382.1,395.79,420.84,440.69,419.43,0.1575,25900,100,0.98
3165,321.37,325.9,335.98,347.64,355.9,372.51,382.11,395.8,420.85,440.72,419.42,0.1575,25900,100,0.98
3166,321.37,325.89,335.97,347.64,355.9,372.51,382.12,395.8,420.84,440.73,419.43,0.1575,25900,100,0.98
3167,321.35,325.88,335.97,347.64,355.9,372.51,382.11,395.8,420.84,440.75,419.42,0.1575,25900,100,0.98
3168,321.35,325.88,335.96,347.64,355.9,372.51,382.11,395.81,420.83,440.79,419.41,0.1575,25900,100,0.98
3169,321.35,325.87,335.96,347.64,355.9,372.53,382.11,395.82,420.84,440.84,419.39,0.1575,25900,100,0.98
3170,321.35,325.87,335.96,347.64,355.89,372.53,382.12,395.82,420.84,440.88,419.37,0.1575,25900,100,0.98
3171,321.35,325.86,335.95,347.64,355.89,372.53,382.12,395.82,420.83,440.9,419.33,0.1575,25900,100,0.98
3172,321.34,325.87,335.96,347.64,355.9,372.53,382.13,395.83,420.84,440.95,419.31,0.1575,25900,100,0.98
3173,321.34,325.86,335.96,347.64,355.91,372.53,382.14,395.84,420.83,440.96,419.29,0.1575,25900,100,0.98
3174,321.34,325.85,335.95,347.64,355.91,372.55,382.14,395.83,420.83,440.96,419.31,0.1575,25900,100,0.98
3175,321.33,325.85,335.95,347.64,355.91,372.54,382.14,395.83,420.82,440.97,419.34,0.1575,25900,100,0.98
3176,321.33,325.84,335.94,347.64,355.9,372.54,382.13,395.85,420.82,440.98,419.35,0.1575,25900,100,0.98
3177,321.32,325.84,335.94,347.63,355.89,372.55,382.15,395.85,420.83,440.99,419.35,0.1575,25900,100,0.98
3178,321.33,325.84,335.95,347.64,355.91,372.55,382.16,395.85,420.83,440.99,419.35,0.1575,25900,100,0.98
3179,321.33,325.84,335.95,347.64,355.91,372.55,382.16,395.86,420.83,440.98,419.33,0.1575,25900,100,0.98
3180,321.32,325.84,335.95,347.64,355.91,372.55,382.16,395.86,420.83,440.99,419.32,0.1575,25900,100,0.98
3181,321.32,325.84,335.94,347.64,355.91,372.56,382.17,395.87,420.83,441.0,419.28,0.1575,25900,100,0.98
3182,321.32,325.83,335.94,347.64,355.92,372.57,382.17,395.88,420.83,440.99,419.24,0.1575,25900,100,0.98
3183,321.32,325.83,335.95,347.64,355.93,372.57,382.19,395.89,420.85,440.98,419.24,0.1575,25900,100,0.98
3184,321.32,325.84,335.95,347.64,355.93,372.58,382.21,395.89,420.84,440.95,419.21,0.1575,25900,100,0.98
3185,321.33,325.84,335.95,347.64,355.93,372.57,382.21,395.9,420.85,440.9,419.19,0.1575,25900,100,0.98
3186,321.32,325.84,335.95,347.64,355.93,372.58,382.2,395.89,420.85,440.87,419.19,0.1575,25900,100,0.98
3187,321.31,325.83,335.95,347.64,355.93,372.58,382.2,395.89,420.85,440.84,419.22,0.1575,25900,100,0.98
3188,321.3,325.82,335.93,347.64,355.93,372.57,382.21,395.9,420.85,440.8,419.24,0.1575,25900,100,0.98
3189,321.31,325.83,335.93,347.64,355.94,372.58,382.22,395.9,420.85,440.8,419.27,0.1575,25900,100,0.98
3190,321.3,325.83,335.94,347.63,355.94,372.57,382.22,395.9,420.86,440.79,419.31,0.1575,25900,100,0.98
3191,321.3,325.82,335.94,347.63,355.95,372.58,382.24,395.9,420.87,440.8,419.37,0.1575,25900,100,0.98
3192,321.3,325.83,335.94,347.63,355.96,372.59,382.26,395.91,420.87,440.79,419.47,0.1575,25900,100,0.98
3193,321.3,325.83,335.93,347.64,355.95,372.6,382.25,395.92,420.88,440.79,419.53,0.1575,25900,100,0.98
3194,321.3,325.83,335.94,347.64,355.95,372.6,382.26,395.91,420.88,440.77,419.64,0.1575,25900,100,0.98
3195,321.28,325.81,335.92,347.65,355.94,372.6,382.25,395.92,420.89,440.73,419.73,0.1575,25900,100,0.98
3196,321.29,325.81,335.92,347.64,355.96,372.6,382.25,395.92,420.89,440.68,419.82,0.1575,25900,100,0.98
3197,321.28,325.8,335.92,347.64,355.95,372.6,382.26,395.93,420.91,440.66,419.91,0.1575,25900,100,0.98
3198,321.28,325.81,335.92,347.63,355.96,372.6,382.27,395.92,420.92,440.68,419.98,0.1575,25900,100,0.98
3199,321.28,325.81,335.93,347.64,355.96,372.61,382.27,395.94,420.93,440.7,420.02,0.1575,25900,100,0.98
3200,321.27,325.8,335.92,347.64,355.96,372.61,382.28,395.94,420.93,440.75,420.0,0.1575,25900,100,0.98
3201,321.26,325.81,335.92,347.64,355.97,372.62,382.28,395.95,420.93,440.8,419.93,0.1575,25900,100,0.98
3202,321.26,325.79,335.91,347.64,355.97,372.62,382.28,395.95,420.94,440.83,419.86,0.1575,25900,100,0.98
3203,321.26,325.79,335.92,347.65,355.97,372.63,382.3,395.96,420.94,440.84,419.77,0.1575,25900,100,0.98
3204,321.26,325.8,335.92,347.65,355.97,372.64,382.29,395.96,420.93,440.86,419.68,0.1575,25900,100,0.98
3205,321.26,325.8,335.93,347.64,355.98,372.65,382.31,395.97,420.94,440.9,419.6,0.1575,25900,100,0.98
3206,321.25,325.8,335.93,347.65,355.97,372.65,382.31,395.97,420.93,440.9,419.54,0.1575,25900,100,0.98
3207,321.26,325.8,335.92,347.64,355.98,372.65,382.3,395.97,420.92,440.88,419.5,0.1575,25900,100,0.98
3208,321.26,325.78,335.91,347.64,355.97,372.65,382.31,395.97,420.92,440.85,419.5,0.1575,25900,100,0.98
3209,321.25,325.79,335.92,347.64,355.99,372.66,382.32,395.99,420.91,440.86,419.46,0.1575,25900,100,0.98
3210,321.25,325.79,335.92,347.65,355.99,372.67,382.32,395.99,420.92,440.86,419.43,0.1575,25900,100,0.98
3211,321.25,325.78,335.92,347.65,356.0,372.67,382.32,395.99,420.91,440.87,419.39,0.1575,25900,100,0.98
3212,321.24,325.78,335.92,347.66,355.99,372.68,382.33,396.0,420.91,440.85,419.37,0.1575,25900,100,0.98
3213,321.23,325.78,335.9,347.65,356.0,372.67,382.33,396.0,420.91,440.84,419.36,0.1575,25900,100,0.98
3214,321.23,325.77,335.9,347.66,355.99,372.68,382.33,396.01,420.92,440.84,419.36,0.1575,25900,100,0.98
3215,321.23,325.77,335.9,347.66,355.99,372.68,382.34,396.01,420.92,440.84,419.37,0.1575,25900,100,0.98
3216,321.23,325.77,335.91,347.65,356.0,372.68,382.35,396.01,420.93,440.85,419.39,0.1575,25900,100,0.98
3217,321.22,325.77,335.9,347.66,355.99,372.69,382.35,396.01,420.93,440.87,419.41,0.1575,25900,100,0.98
3218,321.22,325.76,335.9,347.66,356.0,372.69,382.35,396.02,420.94,440.91,419.43,0.1575,25900,100,0.98
3219,321.21,325.76,335.89,347.66,355.99,372.69,382.36,396.02,420.94,440.91,419.43,0.1575,25900,100,0.98
3220,321.2,325.76,335.89,347.66,355.99,372.69,382.36,396.02,420.95,440.93,419.42,0.1575,25900,100,0.98
3221,321.21,325.75,335.89,347.66,356.01,372.69,382.37,396.03,420.96,440.94,419.42,0.1575,25900,100,0.98
3222,321.22,325.75,335.89,347.66,356.0,372.69,382.37,396.03,420.96,440.94,419.38,0.1575,25900,100,0.98
3223,321.19,325.75,335.89,347.66,356.0,372.7,382.37,396.04,420.96,440.93,419.38,0.1575,25900,100,0.98
3224,321.19,325.74,335.88,347.66,355.99,372.7,382.37,396.04,420.96,440.91,419.41,0.1575,25900,100,0.98
3225,321.2,325.74,335.89,347.67,356.01,372.71,382.39,396.05,420.97,440.89,419.43,0.1575,25900,100,0.98
3226,321.19,325.74,335.89,347.66,356.01,372.71,382.39,396.05,420.96,440.89,419.42,0.1575,25900,100,0.98
3227,321.18,325.73,335.88,347.66,356.01,372.72,382.38,396.06,420.96,440.9,419.39,0.1575,25900,100,0.98
3228,321.18,325.73,335.89,347.66,356.01,372.72,382.39,396.07,420.96,440.94,419.34,0.1575,25900,100,0.98
3229,321.19,325.74,335.89,347.66,356.02,372.71,382.4,396.06,420.96,440.97,419.31,0.1575,25900,100,0.98
3230,321.18,325.74,335.89,347.66,356.02,372.73,382.41,396.07,420.97,440.99,419.27,0.1575,25900,100,0.98
3231,321.18,325.74,335.89,347.66,356.03,372.73,382.41,396.08,420.97,441.0,419.25,0.1575,25900,100,0.98
3232,321.19,325.74,335.89,347.66,356.02,372.73,382.41,396.08,420.97,440.99,419.23,0.1575,25900,100,0.98
3233,321.18,325.73,335.88,347.66,356.02,372.74,382.41,396.08,420.95,441.01,419.19,0.1575,25900,100,0.98
3234,321.18,325.73,335.88,347.66,356.02,372.74,382.42,396.09,420.95,441.03,419.18,0.1575,25900,100,0.98
3235,321.18,325.73,335.88,347.67,356.03,372.75,382.42,396.09,420.95,441.05,419.19,0.1575,25900,100,0.98
3236,321.16,325.71,335.86,347.67,356.02,372.75,382.41,396.09,420.94,441.06,419.17,0.1575,25900,100,0.98
3237,321.15,325.71,335.87,347.66,356.02,372.74,382.42,396.09,420.94,441.06,419.15,0.1575,25900,100,0.98
3238,321.17,325.72,335.87,347.67,356.03,372.76,382.45,396.09,420.95,441.07,419.14,0.1575,25900,100,0.98
3239,321.16,325.72,335.86,347.67,356.02,372.75,382.44,396.1,420.95,441.06,419.11,0.1575,25900,100,0.98
3240,321.15,325.71,335.87,347.66,356.03,372.75,382.44,396.1,420.94,441.07,419.11,0.1575,25900,100,0.98
3241,321.15,325.7,335.86,347.66,356.02,372.75,382.44,396.1,420.94,441.06,419.13,0.1575,25900,100,0.98
3242,321.14,325.7,335.86,347.66,356.02,372.77,382.44,396.11,420.94,441.06,419.17,0.1575,25900,100,0.98
3243,321.14,325.7,335.85,347.67,356.03,372.77,382.45,396.12,420.95,441.05,419.22,0.1575,25900,100,0.98
3244,321.13,325.68,335.85,347.67,356.02,372.76,382.45,396.11,420.95,441.04,419.29,0.1575,25900,100,0.98
3245,321.12,325.69,335.85,347.68,356.02,372.77,382.45,396.12,420.96,441.07,419.39,0.1575,25900,100,0.98
3246,321.12,325.68,335.84,347.68,356.02,372.77,382.46,396.13,420.97,441.07,419.5,0.1575,25900,100,0.98
3247,321.12,325.68,335.85,347.68,356.03,372.77,382.47,396.13,420.99,441.09,419.57,0.1575,25900,100,0.98
3248,321.11,325.68,335.84,347.68,356.04,372.77,382.48,396.13,420.99,441.06,419.63,0.1575,25900,100,0.98
3249,321.11,325.68,335.84,347.68,356.03,372.76,382.47,396.13,420.99,441.05,419.69,0.1575,25900,100,0.98
3250,321.1,325.68,335.84,347.67,356.04,372.77,382.48,396.13,421.0,441.04,419.74,0.1575,25900,100,0.98
3251,321.1,325.67,335.85,347.68,356.04,372.77,382.48,396.13,421.01,441.04,419.77,0.1575,25900,100,0.98
3252,321.1,325.67,335.84,347.67,356.04,372.78,382.48,396.14,421.0,441.02,419.79,0.1575,25900,100,0.98
3253,321.08,325.66,335.83,347.67,356.03,372.78,382.48,396.14,421.0,440.99,419.83,0.1575,25900,100,0.98
3254,321.08,325.65,335.84,347.68,356.04,372.78,382.49,396.15,421.0,440.99,419.84,0.1575,25900,100,0.98
3255,321.08,325.66,335.84,347.67,356.04,372.78,382.5,396.15,421.01,441.01,419.84,0.1575,25900,100,0.98
3256,321.07,325.66,335.83,347.67,356.04,372.79,382.49,396.15,421.01,441.02,419.84,0.1575,25900,100,0.98
3257,321.08,325.65,335.83,347.67,356.05,372.79,382.5,396.15,421.01,441.02,419.83,0.1575,25900,100,0.98
3258,321.08,325.65,335.83,347.66,356.05,372.79,382.51,396.15,421.02,441.06,419.84,0.1575,25900,100,0.98
3259,321.07,325.65,335.83,347.66,356.05,372.8,382.51,396.16,421.02,441.08,419.83,0.1575,25900,100,0.98
3260,321.07,325.64,335.83,347.66,356.05,372.8,382.52,396.16,421.02,441.09,419.86,0.1575,25900,100,0.98
3261,321.08,325.66,335.83,347.66,356.06,372.81,382.52,396.17,421.03,441.1,419.88,0.1575,25900,100,0.98
3262,321.07,325.64,335.82,347.66,356.05,372.82,382.51,396.17,421.03,441.11,419.91,0.1575,25900,100,0.98
3263,321.06,325.63,335.81,347.66,356.04,372.81,382.51,396.17,421.02,441.11,419.91,0.1575,25900,100,0.98
3264,321.06,325.63,335.82,347.66,356.04,372.82,382.51,396.17,421.03,441.12,419.94,0.1575,25900,100,0.98
3265,321.06,325.63,335.81,347.65,356.05,372.82,382.52,396.18,421.04,441.13,419.98,0.1575,25900,100,0.98
3266,321.06,325.63,335.81,347.65,356.05,372.82,382.52,396.17,421.04,441.13,420.03,0.1575,25900,100,0.98
3267,321.05,325.63,335.81,347.66,356.04,372.83,382.51,396.18,421.04,441.13,420.11,0.1575,25900,100,0.98
3268,321.05,325.63,335.81,347.65,356.06,372.82,382.54,396.18,421.05,441.12,420.19,0.1575,25900,100,0.98
3269,321.04,325.62,335.8,347.64,356.05,372.83,382.52,396.18,421.05,441.13,420.23,0.1575,25900,100,0.98
3270,321.03,325.61,335.8,347.65,356.05,372.83,382.53,396.19,421.06,441.16,420.29,0.1575,25900,100,0.98
3271,321.03,325.61,335.8,347.66,356.05,372.85,382.54,396.19,421.07,441.18,420.37,0.1575,25900,100,0.98
3272,321.03,325.61,335.79,347.65,356.05,372.84,382.54,396.19,421.09,441.2,420.44,0.1575,25900,100,0.98
3273,321.02,325.61,335.79,347.65,356.06,372.85,382.54,396.2,421.09,441.2,420.5,0.1575,25900,100,0.98
3274,321.02,325.61,335.79,347.64,356.06,372.84,382.54,396.2,421.09,441.2,420.54,0.1575,25900,100,0.98
3275,321.02,325.6,335.79,347.65,356.06,372.84,382.53,396.2,421.09,441.22,420.58,0.1575,25900,100,0.98
3276,321.0,325.6,335.79,347.65,356.06,372.86,382.55,396.21,421.11,441.26,420.59,0.1575,25900,100,0.98
3277,321.0,325.59,335.79,347.66,356.06,372.86,382.55,396.21,421.11,441.25,420.59,0.1575,25900,100,0.98
3278,321.0,325.59,335.79,347.65,356.06,372.85,382.55,396.21,421.11,441.28,420.58,0.1575,25900,100,0.98
3279,320.99,325.59,335.79,347.65,356.06,372.86,382.56,396.21,421.12,441.26,420.58,0.1575,25900,100,0.98
3280,321.0,325.59,335.78,347.65,356.06,372.86,382.56,396.22,421.12,441.25,420.55,0.1575,25900,100,0.98
3281,320.99,325.58,335.78,347.66,356.06,372.87,382.57,396.22,421.13,441.21,420.5,0.1575,25900,100,0.98
3282,320.99,325.57,335.78,347.66,356.07,372.87,382.57,396.22,421.13,441.2,420.44,0.1575,25900,100,0.98
3283,320.99,325.57,335.78,347.67,356.08,372.87,382.58,396.24,421.14,441.19,420.43,0.1575,25900,100,0.98
3284,320.98,325.57,335.77,347.67,356.08,372.88,382.58,396.24,421.13,441.13,420.46,0.1575,25900,100,0.98
3285,320.98,325.57,335.77,347.67,356.07,372.88,382.59,396.24,421.13,441.05,420.5,0.1575,25900,100,0.98
3286,320.98,325.57,335.77,347.68,356.06,372.87,382.59,396.26,421.14,441.02,420.56,0.1575,25900,100,0.98
3287,320.97,325.57,335.77,347.68,356.08,372.88,382.58,396.25,421.13,441.0,420.61,0.1575,25900,100,0.98
3288,320.96,325.57,335.77,347.68,356.08,372.88,382.58,396.26,421.13,440.97,420.65,0.1575,25900,100,0.98
3289,320.96,325.57,335.77,347.68,356.08,372.88,382.58,396.26,421.15,440.97,420.68,0.1575,25900,100,0.98
3290,320.95,325.57,335.78,347.68,356.09,372.89,382.58,396.26,421.16,440.98,420.73,0.1575,25900,100,0.98
3291,320.94,325.57,335.78,347.67,356.09,372.9,382.58,396.27,421.18,440.98,420.81,0.1575,25900,100,0.98
3292,320.94,325.56,335.77,347.68,356.09,372.91,382.57,396.28,421.18,441.02,420.85,0.1575,25900,100,0.98
3293,320.93,325.55,335.77,347.68,356.09,372.91,382.57,396.28,421.17,441.05,420.88,0.1575,25900,100,0.98
3294,320.92,325.54,335.77,347.67,356.09,372.92,382.57,396.29,421.19,441.04,420.92,0.1575,25900,100,0.98
3295,320.93,325.54,335.77,347.67,356.09,372.92,382.57,396.29,421.2,441.07,420.94,0.1575,25900,100,0.98
3296,320.92,325.54,335.77,347.68,356.09,372.92,382.57,396.29,421.21,441.08,420.97,0.1575,25900,100,0.98
3297,320.93,325.54,335.77,347.68,356.1,372.93,382.59,396.3,421.22,441.1,421.0,0.1575,25900,100,0.98
3298,320.92,325.53,335.77,347.67,356.1,372.92,382.59,396.29,421.23,441.09,421.05,0.1575,25900,100,0.98
3299,320.92,325.53,335.78,347.68,356.1,372.94,382.6,396.31,421.24,441.1,421.1,0.1575,25900,100,0.98
3300,320.92,325.53,335.77,347.68,356.11,372.94,382.6,396.31,421.25,441.09,421.11,0.1575,25900,100,0.98
3301,320.91,325.52,335.78,347.67,356.11,372.93,382.61,396.31,421.26,441.09,421.14,0.1575,25900,100,0.98
3302,320.91,325.52,335.77,347.68,356.1,372.94,382.6,396.31,421.25,441.08,421.18,0.1575,25900,100,0.98
3303,320.9,325.52,335.76,347.67,356.1,372.94,382.6,396.32,421.25,441.07,421.22,0.1575,25900,100,0.98
3304,320.89,325.51,335.75,347.68,356.1,372.94,382.61,396.32,421.25,441.03,421.27,0.1575,25900,100,0.98
3305,320.89,325.5,335.75,347.68,356.11,372.96,382.61,396.34,421.25,441.01,421.33,0.1575,25900,100,0.98
3306,320.88,325.5,335.75,347.68,356.11,372.96,382.61,396.33,421.27,441.01,421.37,0.1575,25900,100,0.98
3307,320.88,325.5,335.74,347.67,356.11,372.95,382.62,396.33,421.26,441.02,421.39,0.1575,25900,100,0.98
3308,320.87,325.5,335.75,347.68,356.11,372.96,382.61,396.33,421.26,441.08,421.38,0.1575,25900,100,0.98
3309,320.88,325.5,335.74,347.68,356.11,372.97,382.63,396.35,421.28,441.14,421.36,0.1575,25900,100,0.98
3310,320.87,325.5,335.74,347.68,356.11,372.97,382.63,396.34,421.28,441.17,421.33,0.1575,25900,100,0.98
3311,320.86,325.49,335.73,347.69,356.11,372.97,382.62,396.34,421.28,441.17,421.31,0.1575,25900,100,0.98
3312,320.86,325.49,335.73,347.69,356.1,372.98,382.63,396.34,421.28,441.2,421.27,0.1575,25900,100,0.98
3313,320.86,325.49,335.73,347.69,356.11,372.98,382.63,396.35,421.29,441.2,421.25,0.1575,25900,100,0.98
3314,320.85,325.49,335.73,347.68,356.1,372.98,382.64,396.35,421.3,441.2,421.21,0.1575,25900,100,0.98
3315,320.85,325.49,335.72,347.69,356.11,372.98,382.64,396.36,421.3,441.22,421.16,0.1575,25900,100,0.98
3316,320.85,325.48,335.72,347.69,356.11,372.98,382.63,396.36,421.3,441.24,421.12,0.1575,25900,100,0.98
3317,320.84,325.48,335.72,347.69,356.1,372.99,382.64,396.37,421.31,441.27,421.04,0.1575,25900,100,0.98
3318,320.84,325.48,335.71,347.69,356.11,372.99,382.64,396.37,421.31,441.29,420.97,0.1575,25900,100,0.98
3319,320.83,325.47,335.72,347.69,356.12,372.99,382.64,396.38,421.3,441.28,420.93,0.1575,25900,100,0.98
3320,320.84,325.48,335.72,347.69,356.12,372.99,382.64,396.38,421.3,441.28,420.9,0.1575,25900,100,0.98
3321,320.82,325.48,335.71,347.69,356.12,372.99,382.66,396.39,421.29,441.27,420.85,0.1575,25900,100,0.98
3322,320.83,325.47,335.71,347.69,356.11,373.0,382.65,396.39,421.29,441.28,420.8,0.1575,25900,100,0.98
3323,320.83,325.47,335.71,347.69,356.12,373.0,382.66,396.39,421.28,441.3,420.76,0.1575,25900,100,0.98
3324,320.83,325.47,335.72,347.69,356.13,373.01,382.67,396.4,421.29,441.28,420.74,0.1575,25900,100,0.98
3325,320.82,325.46,335.71,347.7,356.13,373.02,382.67,396.41,421.28,441.28,420.7,0.1575,25900,100,0.98
3326,320.82,325.45,335.71,347.68,356.13,373.01,382.67,396.4,421.27,441.26,420.69,0.1575,25900,100,0.98
3327,320.81,325.44,335.7,347.69,356.12,373.02,382.68,396.41,421.27,441.26,420.69,0.1575,25900,100,0.98
3328,320.81,325.44,335.72,347.68,356.13,373.01,382.69,396.41,421.27,441.26,420.68,0.1575,25900,100,0.98
3329,320.81,325.43,335.71,347.68,356.14,373.02,382.7,396.41,421.26,441.25,420.64,0.1575,25900,100,0.98
3330,320.81,325.44,335.72,347.69,356.14,373.02,382.7,396.43,421.28,441.24,420.61,0.1575,25900,100,0.98
3331,320.81,325.43,335.71,347.69,356.13,373.02,382.71,396.43,421.27,441.23,420.56,0.1575,25900,100,0.98
3332,320.81,325.43,335.71,347.69,356.14,373.02,382.71,396.43,421.28,441.24,420.52,0.1575,25900,100,0.98
3333,320.81,325.42,335.72,347.69,356.14,373.03,382.71,396.44,421.28,441.24,420.52,0.1575,25900,100,0.98
3334,320.81,325.42,335.71,347.69,356.15,373.03,382.72,396.44,421.28,441.24,420.51,0.1575,25900,100,0.98
3335,320.81,325.43,335.72,347.69,356.15,373.03,382.73,396.44,421.28,441.23,420.53,0.1575,25900,100,0.98
3336,320.81,325.41,335.71,347.69,356.15,373.03,382.73,396.45,421.28,441.21,420.53,0.1575,25900,100,0.98
3337,320.81,325.42,335.7,347.67,356.16,373.03,382.74,396.45,421.29,441.19,420.57,0.1575,25900,100,0.98
3338,320.8,325.41,335.7,347.68,356.15,373.04,382.75,396.45,421.29,441.16,420.58,0.1575,25900,100,0.98
3339,320.8,325.41,335.7,347.67,356.16,373.04,382.74,396.45,421.29,441.16,420.59,0.1575,25900,100,0.98
3340,320.8,325.41,335.69,347.67,356.16,373.04,382.75,396.46,421.29,441.15,420.59,0.1575,25900,100,0.98
3341,320.8,325.41,335.7,347.67,356.16,373.05,382.76,396.46,421.3,441.15,420.59,0.1575,25900,100,0.98
3342,320.8,325.41,335.71,347.66,356.17,373.05,382.77,396.48,421.3,441.17,420.59,0.1575,25900,100,0.98
3343,320.8,325.4,335.69,347.67,356.16,373.05,382.78,396.48,421.3,441.17,420.58,0.1575,25900,100,0.98
3344,320.79,325.41,335.68,347.68,356.17,373.05,382.8,396.48,421.3,441.2,420.61,0.1575,25900,100,0.98
3345,320.79,325.41,335.69,347.68,356.17,373.06,382.8,396.49,421.32,441.24,420.64,0.1575,25900,100,0.98
3346,320.8,325.4,335.69,347.68,356.17,373.06,382.8,396.49,421.32,441.26,420.67,0.1575,25900,100,0.98
3347,320.8,325.4,335.7,347.69,356.17,373.08,382.8,396.5,421.31,441.31,420.69,0.1575,25900,100,0.98
3348,320.79,325.4,335.68,347.69,356.17,373.07,382.81,396.51,421.31,441.36,420.68,0.1575,25900,100,0.98
3349,320.79,325.4,335.7,347.69,356.18,373.07,382.82,396.5,421.33,441.37,420.7,0.1575,25900,100,0.98
3350,320.78,325.39,335.68,347.69,356.17,373.07,382.82,396.5,421.32,441.38,420.7,0.1575,25900,100,0.98
3351,320.78,325.39,335.68,347.69,356.18,373.07,382.82,396.5,421.32,441.38,420.71,0.1575,25900,100,0.98
3352,320.78,325.4,335.69,347.7,356.18,373.08,382.83,396.5,421.33,441.39,420.7,0.1575,25900,100,0.98
3353,320.78,325.4,335.7,347.7,356.19,373.08,382.85,396.5,421.34,441.36,420.68,0.1575,25900,100,0.98
3354,320.78,325.39,335.69,347.7,356.18,373.08,382.85,396.52,421.33,441.34,420.66,0.1575,25900,100,0.98
3355,320.78,325.39,335.68,347.7,356.18,373.07,382.85,396.52,421.34,441.31,420.67,0.1575,25900,100,0.98
3356,320.77,325.4,335.69,347.7,356.18,373.08,382.86,396.52,421.34,441.25,420.68,0.1575,25900,100,0.98
3357,320.77,325.39,335.67,347.7,356.17,373.08,382.85,396.52,421.34,441.21,420.71,0.1575,25900,100,0.98
3358,320.77,325.38,335.67,347.69,356.18,373.08,382.85,396.52,421.34,441.2,420.73,0.1575,25900,100,0.98
3359,320.76,325.38,335.67,347.7,356.18,373.08,382.86,396.53,421.36,441.2,420.74,0.1575,25900,100,0.98
3360,320.76,325.38,335.67,347.7,356.18,373.08,382.86,396.53,421.36,441.18,420.73,0.1575,25900,100,0.98
3361,320.76,325.38,335.66,347.69,356.18,373.08,382.86,396.53,421.37,441.16,420.73,0.1575,25900,100,0.98
3362,320.75,325.38,335.67,347.69,356.19,373.09,382.87,396.54,421.37,441.18,420.69,0.1575,25900,100,0.98
3363,320.75,325.38,335.66,347.68,356.19,373.1,382.88,396.54,421.38,441.19,420.59,0.1575,25900,100,0.98
3364,320.74,325.37,335.67,347.69,356.19,373.1,382.88,396.55,421.38,441.23,420.52,0.1575,25900,100,0.98
3365,320.75,325.38,335.68,347.7,356.21,373.11,382.89,396.55,421.39,441.24,420.46,0.1575,25900,100,0.98
3366,320.75,325.38,335.67,347.69,356.2,373.11,382.89,396.56,421.39,441.22,420.37,0.1575,25900,100,0.98
3367,320.75,325.37,335.67,347.69,356.2,373.11,382.89,396.57,421.38,441.19,420.32,0.1575,25900,100,0.98
3368,320.74,325.36,335.67,347.69,356.21,373.11,382.9,396.57,421.38,441.16,420.29,0.1575,25900,100,0.98
3369,320.73,325.37,335.67,347.7,356.21,373.11,382.9,396.58,421.38,441.13,420.29,0.1575,25900,100,0.98
3370,320.72,325.36,335.66,347.71,356.21,373.13,382.88,396.58,421.37,441.1,420.21,0.1575,25900,100,0.98
3371,320.7,325.36,335.67,347.71,356.21,373.13,382.88,396.59,421.36,441.11,420.12,0.1575,25900,100,0.98
3372,320.7,325.36,335.68,347.7,356.22,373.15,382.87,396.59,421.36,441.06,420.07,0.1575,25900,100,0.98
3373,320.7,325.35,335.67,347.7,356.21,373.15,382.87,396.6,421.36,441.01,420.04,0.1575,25900,100,0.98
3374,320.7,325.35,335.67,347.7,356.21,373.15,382.88,396.6,421.36,441.0,420.01,0.1575,25900,100,0.98
3375,320.69,325.34,335.66,347.7,356.21,373.15,382.88,396.6,421.36,440.99,419.99,0.1575,25900,100,0.98
3376,320.69,325.33,335.66,347.69,356.21,373.15,382.89,396.59,421.36,440.99,419.97,0.1575,25900,100,0.98
3377,320.68,325.32,335.65,347.69,356.22,373.16,382.89,396.6,421.36,441.04,419.96,0.1575,25900,100,0.98
3378,320.68,325.32,335.64,347.68,356.21,373.15,382.9,396.59,421.35,441.06,419.93,0.1575,25900,100,0.98
3379,320.69,325.33,335.64,347.67,356.21,373.15,382.9,396.59,421.35,441.07,419.94,0.1575,25900,100,0.98
3380,320.69,325.32,335.64,347.67,356.22,373.15,382.92,396.6,421.35,441.09,419.96,0.1575,25900,100,0.98
3381,320.69,325.32,335.64,347.68,356.22,373.14,382.94,396.61,421.35,441.13,419.96,0.1575,25900,100,0.98
3382,320.69,325.33,335.65,347.68,356.22,373.15,382.94,396.6,421.35,441.16,419.93,0.1575,25900,100,0.98
3383,320.69,325.32,335.63,347.69,356.23,373.14,382.94,396.61,421.34,441.2,419.88,0.1575,25900,100,0.98
3384,320.69,325.33,335.64,347.7,356.24,373.16,382.95,396.64,421.35,441.24,419.85,0.1575,25900,100,0.98
3385,320.67,325.31,335.63,347.71,356.23,373.16,382.95,396.64,421.33,441.26,419.83,0.1575,25900,100,0.98
3386,320.67,325.31,335.64,347.7,356.23,373.17,382.96,396.64,421.34,441.27,419.84,0.1575,25900,100,0.98
3387,320.67,325.32,335.63,347.7,356.23,373.16,382.95,396.64,421.34,441.3,419.85,0.1575,25900,100,0.98
3388,320.66,325.31,335.64,347.71,356.24,373.17,382.96,396.65,421.36,441.32,419.86,0.1575,25900,100,0.98
3389,320.66,325.31,335.63,347.71,356.25,373.18,382.95,396.66,421.35,441.35,419.86,0.1575,25900,100,0.98
3390,320.66,325.31,335.64,347.71,356.24,373.18,382.95,396.66,421.35,441.36,419.86,0.1575,25900,100,0.98
3391,320.66,325.31,335.64,347.72,356.24,373.18,382.97,396.67,421.36,441.35,419.89,0.1575,25900,100,0.98
3392,320.66,325.31,335.64,347.71,356.25,373.18,382.97,396.67,421.37,441.32,419.93,0.1575,25900,100,0.98
3393,320.66,325.31,335.64,347.72,356.26,373.19,382.97,396.67,421.37,441.3,419.97,0.1575,25900,100,0.98
3394,320.65,325.31,335.64,347.72,356.26,373.2,382.98,396.68,421.37,441.28,420.0,0.1575,25900,100,0.98
3395,320.64,325.3,335.63,347.72,356.25,373.2,382.98,396.69,421.37,441.26,420.01,0.1575,25900,100,0.98
3396,320.66,325.31,335.64,347.72,356.25,373.21,382.98,396.69,421.37,441.27,420.0,0.1575,25900,100,0.98
3397,320.65,325.31,335.63,347.72,356.26,373.21,382.99,396.69,421.39,441.28,419.97,0.1575,25900,100,0.98
3398,320.64,325.3,335.64,347.72,356.25,373.21,383.0,396.69,421.39,441.29,419.97,0.1575,25900,100,0.98
3399,320.65,325.3,335.63,347.72,356.25,373.21,383.0,396.68,421.4,441.31,419.98,0.1575,25900,100,0.98
3400,320.64,325.3,335.63,347.73,356.26,373.22,383.01,396.7,421.4,441.31,420.04,0.1575,25900,100,0.98
3401,320.63,325.29,335.63,347.73,356.26,373.23,383.0,396.7,421.41,441.29,420.07,0.1575,25900,100,0.98
3402,320.64,325.3,335.62,347.73,356.26,373.22,383.01,396.71,421.41,441.3,420.11,0.1575,25900,100,0.98
3403,320.62,325.29,335.62,347.73,356.27,373.23,383.02,396.7,421.41,441.29,420.14,0.1575,25900,100,0.98
3404,320.62,325.29,335.62,347.73,356.26,373.23,383.01,396.71,421.42,441.26,420.18,0.1575,25900,100,0.98
3405,320.64,325.29,335.63,347.72,356.27,373.23,383.03,396.71,421.42,441.25,420.19,0.1575,25900,100,0.98
3406,320.63,325.29,335.62,347.72,356.27,373.23,383.03,396.71,421.43,441.24,420.18,0.1575,25900,100,0.98
3407,320.62,325.27,335.61,347.73,356.27,373.23,383.02,396.71,421.42,441.23,420.17,0.1575,25900,100,0.98
3408,320.61,325.28,335.61,347.72,356.26,373.24,383.03,396.71,421.44,441.22,420.17,0.1575,25900,100,0.98
3409,320.61,325.28,335.61,347.72,356.28,373.24,383.03,396.71,421.43,441.19,420.14,0.1575,25900,100,0.98
3410,320.6,325.28,335.61,347.72,356.27,373.25,383.04,396.72,421.44,441.18,420.13,0.1575,25900,100,0.98
3411,320.6,325.27,335.62,347.73,356.28,373.25,383.04,396.72,421.44,441.15,420.13,0.1575,25900,100,0.98
3412,320.6,325.27,335.6,347.72,356.27,373.25,383.04,396.73,421.45,441.14,420.14,0.1575,25900,100,0.98
3413,320.6,325.28,335.61,347.72,356.27,373.25,383.05,396.74,421.45,441.15,420.13,0.1575,25900,100,0.98
3414,320.58,325.26,335.61,347.72,356.27,373.26,383.05,396.74,421.45,441.19,420.1,0.1575,25900,100,0.98
3415,320.58,325.26,335.6,347.72,356.27,373.26,383.05,396.74,421.45,441.21,420.0,0.1575,25900,100,0.98
3416,320.58,325.26,335.6,347.72,356.28,373.26,383.05,396.75,421.46,441.25,419.89,0.1575,25900,100,0.98
3417,320.59,325.27,335.61,347.73,356.29,373.27,383.07,396.75,421.46,441.25,419.84,0.1575,25900,100,0.98
3418,320.58,325.27,335.6,347.73,356.29,373.27,383.05,396.75,421.46,441.24,419.83,0.1575,25900,100,0.98
3419,320.57,325.26,335.6,347.73,356.28,373.28,383.06,396.76,421.46,441.24,419.83,0.1575,25900,100,0.98
3420,320.57,325.26,335.61,347.74,356.29,373.28,383.07,396.77,421.47,441.23,419.85,0.1575,25900,100,0.98
3421,320.57,325.26,335.6,347.73,356.29,373.28,383.06,396.76,421.45,441.26,419.86,0.1575,25900,100,0.98
3422,320.57,325.25,335.59,347.73,356.28,373.28,383.07,396.77,421.45,441.26,419.86,0.1575,25900,100,0.98
3423,320.57,325.25,335.59,347.72,356.28,373.27,383.07,396.76,421.46,441.26,419.87,0.1575,25900,100,0.98
3424,320.56,325.25,335.59,347.72,356.29,373.27,383.07,396.76,421.46,441.29,419.86,0.1575,25900,100,0.98
3425,320.57,325.25,335.6,347.71,356.3,373.28,383.08,396.78,421.47,441.31,419.82,0.1575,25900,100,0.98
3426,320.56,325.25,335.6,347.73,356.3,373.29,383.09,396.78,421.48,441.32,419.81,0.1575,25900,100,0.98
3427,320.55,325.24,335.59,347.72,356.29,373.29,383.09,396.78,421.47,441.32,419.78,0.1575,25900,100,0.98
3428,320.55,325.24,335.59,347.71,356.29,373.29,383.08,396.78,421.47,441.33,419.75,0.1575,25900,100,0.98
3429,320.55,325.23,335.57,347.72,356.28,373.29,383.09,396.79,421.46,441.31,419.73,0.1575,25900,100,0.98
3430,320.54,325.23,335.58,347.72,356.29,373.29,383.1,396.8,421.46,441.31,419.71,0.1575,25900,100,0.98
3431,320.54,325.24,335.59,347.72,356.29,373.29,383.11,396.8,421.47,441.31,419.69,0.1575,25900,100,0.98
3432,320.55,325.23,335.59,347.72,356.31,373.3,383.11,396.8,421.47,441.31,419.65,0.1575,25900,100,0.98
3433,320.54,325.24,335.59,347.73,356.3,373.31,383.11,396.82,421.47,441.34,419.6,0.1575,25900,100,0.98
3434,320.53,325.22,335.58,347.71,356.29,373.31,383.11,396.81,421.47,441.34,419.57,0.1575,25900,100,0.98
3435,320.53,325.22,335.58,347.72,356.3,373.32,383.12,396.83,421.46,441.35,419.55,0.1575,25900,100,0.98
3436,320.53,325.22,335.58,347.72,356.3,373.32,383.12,396.83,421.47,441.34,419.52,0.1575,25900,100,0.98
3437,320.52,325.23,335.58,347.72,356.3,373.32,383.11,396.83,421.46,441.32,419.49,0.1575,25900,100,0.98
3438,320.51,325.22,335.58,347.72,356.3,373.33,383.11,396.83,421.46,441.27,419.48,0.1575,25900,100,0.98
3439,320.5,325.22,335.58,347.72,356.3,373.32,383.1,396.82,421.47,441.23,419.48,0.1575,25900,100,0.98
3440,320.51,325.22,335.59,347.72,356.31,373.33,383.11,396.85,421.48,441.18,419.51,0.1575,25900,100,0.98
3441,320.5,325.21,335.58,347.72,356.3,373.34,383.11,396.84,421.48,441.11,419.53,0.1575,25900,100,0.98
3442,320.48,325.2,335.57,347.72,356.31,373.34,383.11,396.86,421.49,441.1,419.59,0.1575,25900,100,0.98
3443,320.48,325.2,335.57,347.72,356.31,373.35,383.11,396.86,421.5,441.11,419.65,0.1575,25900,100,0.98
3444,320.48,325.2,335.58,347.73,356.31,373.36,383.11,396.87,421.5,441.11,419.66,0.1575,25900,100,0.98
3445,320.48,325.2,335.58,347.72,356.31,373.36,383.11,396.86,421.51,441.07,419.69,0.1575,25900,100,0.98
3446,320.47,325.19,335.57,347.72,356.3,373.36,383.1,396.87,421.5,441.07,419.71,0.1575,25900,100,0.98
3447,320.47,325.18,335.57,347.72,356.3,373.37,383.11,396.87,421.52,441.08,419.75,0.1575,25900,100,0.98
3448,320.46,325.17,335.57,347.73,356.31,373.37,383.11,396.87,421.53,441.12,419.78,0.1575,25900,100,0.98
3449,320.46,325.18,335.56,347.73,356.31,373.37,383.12,396.87,421.53,441.16,419.75,0.1575,25900,100,0.98
3450,320.46,325.17,335.57,347.72,356.31,373.37,383.11,396.87,421.53,441.19,419.71,0.1575,25900,100,0.98
3451,320.45,325.18,335.56,347.72,356.31,373.38,383.12,396.87,421.54,441.22,419.64,0.1575,25900,100,0.98
3452,320.46,325.17,335.56,347.72,356.32,373.38,383.12,396.87,421.54,441.26,419.56,0.1575,25900,100,0.98
3453,320.46,325.17,335.55,347.73,356.31,373.38,383.13,396.87,421.54,441.28,419.5,0.1575,25900,100,0.98
3454,320.44,325.16,335.56,347.72,356.31,373.38,383.13,396.87,421.54,441.32,419.44,0.1575,25900,100,0.98
3455,320.44,325.17,335.55,347.72,356.3,373.39,383.14,396.88,421.54,441.36,419.39,0.1575,25900,100,0.98
3456,320.44,325.16,335.56,347.73,356.31,373.4,383.14,396.89,421.54,441.39,419.33,0.1575,25900,100,0.98
3457,320.44,325.17,335.56,347.72,356.31,373.4,383.13,396.88,421.54,441.38,419.26,0.1575,25900,100,0.98
3458,320.44,325.16,335.55,347.71,356.3,373.4,383.14,396.88,421.53,441.38,419.18,0.1575,25900,100,0.98
3459,320.43,325.16,335.55,347.73,356.31,373.4,383.15,396.9,421.54,441.38,419.16,0.1575,25900,100,0.98
3460,320.45,325.18,335.56,347.72,356.33,373.4,383.16,396.9,421.54,441.34,419.14,0.1575,25900,100,0.98
3461,320.45,325.17,335.56,347.73,356.32,373.41,383.16,396.9,421.53,441.29,419.14,0.1575,25900,100,0.98
3462,320.45,325.17,335.56,347.73,356.33,373.41,383.17,396.91,421.53,441.27,419.16,0.1575,25900,100,0.98
3463,320.45,325.16,335.55,347.72,356.33,373.42,383.17,396.92,421.52,441.24,419.18,0.1575,25900,100,0.98
3464,320.44,325.15,335.55,347.73,356.33,373.42,383.17,396.92,421.51,441.21,419.19,0.1575,25900,100,0.98
3465,320.43,325.16,335.55,347.72,356.34,373.43,383.17,396.92,421.52,441.2,419.21,0.1575,25900,100,0.98
3466,320.44,325.17,335.55,347.72,356.34,373.41,383.18,396.92,421.52,441.21,419.22,0.1575,25900,100,0.98
3467,320.44,325.17,335.55,347.74,356.34,373.43,383.18,396.93,421.52,441.24,419.21,0.1575,25900,100,0.98
3468,320.44,325.17,335.55,347.73,356.34,373.43,383.19,396.93,421.52,441.22,419.21,0.1575,25900,100,0.98
3469,320.44,325.17,335.55,347.73,356.35,373.43,383.19,396.94,421.53,441.18,419.26,0.1575,25900,100,0.98
3470,320.43,325.16,335.55,347.73,356.34,373.42,383.19,396.94,421.53,441.13,419.35,0.1575,25900,100,0.98
3471,320.43,325.16,335.54,347.73,356.34,373.44,383.19,396.94,421.53,441.11,419.41,0.1575,25900,100,0.98
3472,320.43,325.15,335.54,347.73,356.34,373.43,383.2,396.94,421.53,441.09,419.46,0.1575,25900,100,0.98
3473,320.42,325.16,335.54,347.72,356.34,373.43,383.2,396.94,421.53,441.1,419.47,0.1575,25900,100,0.98
3474,320.42,325.16,335.54,347.72,356.35,373.43,383.2,396.95,421.54,441.13,419.44,0.1575,25900,100,0.98
3475,320.41,325.15,335.54,347.73,356.35,373.44,383.22,396.96,421.54,441.16,419.4,0.1575,25900,100,0.98
3476,320.41,325.15,335.53,347.73,356.35,373.43,383.22,396.96,421.55,441.19,419.34,0.1575,25900,100,0.98
3477,320.42,325.16,335.54,347.73,356.36,373.44,383.23,396.97,421.55,441.21,419.29,0.1575,25900,100,0.98
3478,320.41,325.16,335.54,347.73,356.35,373.44,383.23,396.96,421.54,441.22,419.19,0.1575,25900,100,0.98
3479,320.41,325.14,335.54,347.72,356.36,373.43,383.23,396.97,421.54,441.21,419.11,0.1575,25900,100,0.98
3480,320.4,325.15,335.54,347.73,356.35,373.45,383.22,396.98,421.53,441.2,419.07,0.1575,25900,100,0.98
3481,320.39,325.14,335.53,347.73,356.35,373.46,383.23,396.99,421.53,441.19,419.08,0.1575,25900,100,0.98
3482,320.39,325.14,335.53,347.73,356.36,373.45,383.24,396.99,421.52,441.18,419.08,0.1575,25900,100,0.98
3483,320.38,325.14,335.53,347.73,356.36,373.47,383.23,397.0,421.52,441.17,419.09,0.1575,25900,100,0.98
3484,320.39,325.13,335.53,347.73,356.36,373.47,383.23,397.0,421.52,441.18,419.09,0.1575,25900,100,0.98
3485,320.38,325.13,335.52,347.74,356.36,373.47,383.24,397.0,421.51,441.2,419.07,0.1575,25900,100,0.98
3486,320.38,325.13,335.53,347.74,356.36,373.48,383.24,396.99,421.52,441.2,419.05,0.1575,25900,100,0.98
3487,320.38,325.12,335.53,347.74,356.37,373.48,383.25,397.01,421.52,441.19,419.05,0.1575,25900,100,0.98
3488,320.37,325.11,335.52,347.74,356.36,373.48,383.24,397.0,421.52,441.17,419.1,0.1575,25900,100,0.98
3489,320.37,325.1,335.52,347.73,356.36,373.48,383.25,397.01,421.51,441.15,419.15,0.1575,25900,100,0.98
3490,320.37,325.1,335.52,347.74,356.37,373.49,383.25,397.02,421.53,441.14,419.21,0.1575,25900,100,0.98
3491,320.36,325.1,335.51,347.75,356.36,373.49,383.25,397.02,421.52,441.11,419.27,0.1575,25900,100,0.98
3492,320.34,325.07,335.5,347.74,356.35,373.5,383.25,397.03,421.52,441.11,419.34,0.1575,25900,100,0.98
3493,320.35,325.08,335.5,347.74,356.36,373.5,383.25,397.03,421.54,441.08,419.42,0.1575,25900,100,0.98
3494,320.35,325.08,335.51,347.74,356.37,373.5,383.26,397.03,421.56,441.05,419.5,0.1575,25900,100,0.98
3495,320.36,325.08,335.51,347.75,356.37,373.5,383.27,397.03,421.57,441.03,419.58,0.1575,25900,100,0.98
3496,320.35,325.08,335.51,347.74,356.38,373.51,383.28,397.04,421.57,441.0,419.69,0.1575,25900,100,0.98
3497,320.35,325.08,335.52,347.74,356.39,373.51,383.28,397.04,421.58,441.0,419.79,0.1575,25900,100,0.98
3498,320.34,325.08,335.51,347.74,356.38,373.52,383.29,397.05,421.58,441.0,419.84,0.1575,25900,100,0.98
3499,320.34,325.08,335.51,347.75,356.39,373.51,383.29,397.05,421.59,441.01,419.87,0.1575,25900,100,0.98
3500,320.34,325.07,335.5,347.74,356.38,373.51,383.29,397.05,421.61,441.04,419.89,0.1575,25900,100,0.98
3501,320.34,325.08,335.51,347.74,356.4,373.51,383.3,397.05,421.62,441.07,419.9,0.1575,25900,100,0.98
3502,320.34,325.08,335.51,347.75,356.39,373.53,383.3,397.06,421.63,441.1,419.91,0.1575,25900,100,0.98
3503,320.34,325.09,335.5,347.74,356.39,373.52,383.29,397.06,421.62,441.13,419.93,0.1575,25900,100,0.98
3504,320.33,325.08,335.5,347.75,356.4,373.52,383.3,397.06,421.63,441.13,419.97,0.1575,25900,100,0.98
3505,320.32,325.07,335.49,347.75,356.39,373.52,383.31,397.08,421.63,441.14,420.03,0.1575,25900,100,0.98
3506,320.33,325.08,335.49,347.75,356.4,373.52,383.32,397.08,421.64,441.13,420.11,0.1575,25900,100,0.98
3507,320.33,325.08,335.49,347.75,356.4,373.52,383.33,397.08,421.64,441.13,420.15,0.1575,25900,100,0.98
3508,320.32,325.08,335.49,347.76,356.4,373.53,383.34,397.08,421.66,441.11,420.15,0.1575,25900,100,0.98
3509,320.32,325.07,335.49,347.75,356.39,373.52,383.34,397.09,421.65,441.17,420.14,0.1575,25900,100,0.98
3510,320.32,325.07,335.48,347.75,356.4,373.52,383.35,397.09,421.66,441.21,420.12,0.1575,25900,100,0.98
3511,320.33,325.07,335.48,347.76,356.39,373.52,383.36,397.09,421.67,441.22,420.1,0.1575,25900,100,0.98
3512,320.32,325.07,335.48,347.75,356.39,373.53,383.37,397.09,421.66,441.27,420.08,0.1575,25900,100,0.98
3513,320.33,325.07,335.48,347.76,356.4,373.53,383.38,397.09,421.67,441.32,420.09,0.1575,25900,100,0.98
3514,320.34,325.08,335.49,347.76,356.41,373.53,383.39,397.1,421.66,441.33,420.12,0.1575,25900,100,0.98
3515,320.33,325.07,335.48,347.75,356.41,373.53,383.39,397.09,421.67,441.36,420.16,0.1575,25900,100,0.98
3516,320.33,325.07,335.48,347.75,356.41,373.54,383.39,397.09,421.67,441.41,420.19,0.1575,25900,100,0.98
3517,320.33,325.06,335.47,347.74,356.41,373.55,383.38,397.1,421.66,441.45,420.22,0.1575,25900,100,0.98
3518,320.33,325.07,335.47,347.73,356.41,373.55,383.39,397.09,421.67,441.44,420.26,0.1575,25900,100,0.98
3519,320.33,325.06,335.47,347.74,356.4,373.55,383.39,397.11,421.67,441.46,420.31,0.1575,25900,100,0.98
3520,320.33,325.06,335.47,347.73,356.41,373.56,383.4,397.1,421.68,441.48,420.38,0.1575,25900,100,0.98
3521,320.33,325.07,335.47,347.73,356.41,373.55,383.4,397.1,421.69,441.5,420.44,0.1575,25900,100,0.98
3522,320.32,325.06,335.47,347.73,356.41,373.55,383.41,397.11,421.7,441.52,420.52,0.1575,25900,100,0.98
3523,320.32,325.06,335.46,347.73,356.41,373.56,383.4,397.11,421.71,441.53,420.64,0.1575,25900,100,0.98
3524,320.32,325.06,335.46,347.72,356.42,373.56,383.41,397.11,421.73,441.56,420.75,0.1575,25900,100,0.98
3525,320.32,325.06,335.46,347.72,356.42,373.56,383.41,397.11,421.73,441.57,420.8,0.1575,25900,100,0.98
3526,320.32,325.05,335.46,347.72,356.42,373.57,383.41,397.11,421.74,441.6,420.86,0.1575,25900,100,0.98
3527,320.3,325.05,335.45,347.73,356.4,373.58,383.41,397.13,421.73,441.65,420.89,0.1575,25900,100,0.98
3528,320.29,325.03,335.44,347.72,356.4,373.58,383.4,397.14,421.74,441.69,420.93,0.1575,25900,100,0.98
3529,320.29,325.04,335.44,347.72,356.41,373.58,383.4,397.13,421.75,441.71,420.97,0.1575,25900,100,0.98
3530,320.29,325.05,335.45,347.73,356.42,373.59,383.41,397.15,421.75,441.72,420.99,0.1575,25900,100,0.98
3531,320.29,325.04,335.45,347.73,356.41,373.59,383.41,397.14,421.75,441.74,420.99,0.1575,25900,100,0.98
3532,320.28,325.04,335.44,347.72,356.41,373.6,383.4,397.14,421.77,441.7,421.01,0.1575,25900,100,0.98
3533,320.27,325.03,335.43,347.72,356.41,373.59,383.4,397.14,421.77,441.68,421.05,0.1575,25900,100,0.98
3534,320.27,325.03,335.43,347.72,356.41,373.59,383.41,397.14,421.78,441.64,421.09,0.1575,25900,100,0.98
3535,320.27,325.03,335.44,347.72,356.42,373.59,383.41,397.14,421.79,441.63,421.11,0.1575,25900,100,0.98
3536,320.26,325.02,335.43,347.73,356.42,373.61,383.41,397.14,421.79,441.6,421.11,0.1575,25900,100,0.98
3537,320.26,325.02,335.42,347.72,356.41,373.6,383.4,397.14,421.79,441.59,421.07,0.1575,25900,100,0.98
3538,320.25,325.02,335.43,347.73,356.41,373.61,383.4,397.15,421.79,441.59,421.01,0.1575,25900,100,0.98
3539,320.25,325.02,335.43,347.73,356.41,373.61,383.41,397.16,421.8,441.58,420.93,0.1575,25900,100,0.98
3540,320.25,325.01,335.43,347.73,356.42,373.6,383.41,397.16,421.8,441.59,420.86,0.1575,25900,100,0.98
3541,320.24,325.01,335.44,347.73,356.43,373.61,383.42,397.16,421.8,441.6,420.75,0.1575,25900,100,0.98
3542,320.23,325.01,335.45,347.72,356.43,373.61,383.42,397.16,421.8,441.61,420.62,0.1575,25900,100,0.98
3543,320.23,325.01,335.44,347.72,356.43,373.61,383.42,397.17,421.8,441.6,420.53,0.1575,25900,100,0.98
3544,320.23,325.01,335.44,347.73,356.43,373.62,383.43,397.18,421.8,441.58,420.46,0.1575,25900,100,0.98
3545,320.23,325.0,335.44,347.74,356.43,373.62,383.43,397.19,421.8,441.57,420.42,0.1575,25900,100,0.98
3546,320.22,325.01,335.44,347.73,356.43,373.63,383.43,397.19,421.79,441.56,420.39,0.1575,25900,100,0.98
3547,320.22,325.0,335.43,347.74,356.43,373.63,383.43,397.19,421.78,441.55,420.34,0.1575,25900,100,0.98
3548,320.21,325.0,335.44,347.73,356.44,373.63,383.44,397.2,421.79,441.56,420.29,0.1575,25900,100,0.98
3549,320.21,325.0,335.43,347.74,356.44,373.63,383.44,397.21,421.78,441.59,420.24,0.1575,25900,100,0.98
3550,320.2,324.99,335.43,347.73,356.44,373.63,383.43,397.21,421.77,441.61,420.22,0.1575,25900,100,0.98
3551,320.2,324.99,335.43,347.74,356.44,373.64,383.44,397.21,421.78,441.64,420.21,0.1575,25900,100,0.98
3552,320.2,325.0,335.43,347.74,356.45,373.64,383.45,397.22,421.78,441.65,420.21,0.1575,25900,100,0.98
3553,320.2,325.0,335.43,347.74,356.45,373.64,383.44,397.22,421.78,441.65,420.2,0.1575,25900,100,0.98
3554,320.19,324.99,335.42,347.74,356.45,373.64,383.46,397.22,421.78,441.63,420.18,0.1575,25900,100,0.98
3555,320.19,324.99,335.42,347.75,356.45,373.65,383.46,397.23,421.77,441.63,420.16,0.1575,25900,100,0.98
3556,320.18,324.98,335.41,347.75,356.45,373.64,383.46,397.23,421.79,441.59,420.15,0.1575,25900,100,0.98
3557,320.18,324.98,335.41,347.75,356.45,373.64,383.47,397.25,421.78,441.54,420.16,0.1575,25900,100,0.98
3558,320.19,324.98,335.41,347.75,356.45,373.64,383.49,397.24,421.78,441.52,420.14,0.1575,25900,100,0.98
3559,320.19,324.98,335.41,347.74,356.46,373.64,383.5,397.24,421.79,441.48,420.11,0.1575,25900,100,0.98
3560,320.19,324.97,335.41,347.76,356.46,373.64,383.51,397.24,421.78,441.44,420.07,0.1575,25900,100,0.98
3561,320.18,324.96,335.4,347.75,356.46,373.65,383.51,397.25,421.79,441.4,420.04,0.1575,25900,100,0.98
3562,320.19,324.96,335.4,347.76,356.46,373.65,383.52,397.25,421.79,441.36,420.01,0.1575,25900,100,0.98
3563,320.17,324.95,335.39,347.76,356.45,373.66,383.52,397.26,421.78,441.32,420.0,0.1575,25900,100,0.98
3564,320.18,324.94,335.39,347.74,356.46,373.65,383.53,397.26,421.78,441.28,420.01,0.1575,25900,100,0.98
3565,320.18,324.94,335.4,347.75,356.46,373.66,383.53,397.27,421.78,441.26,420.03,0.1575,25900,100,0.98
3566,320.17,324.94,335.4,347.76,356.45,373.67,383.52,397.27,421.78,441.24,420.05,0.1575,25900,100,0.98
3567,320.16,324.93,335.39,347.76,356.46,373.67,383.53,397.27,421.78,441.21,420.08,0.1575,25900,100,0.98
3568,320.16,324.93,335.39,347.75,356.46,373.67,383.53,397.28,421.78,441.19,420.12,0.1575,25900,100,0.98
3569,320.16,324.91,335.39,347.75,356.46,373.67,383.53,397.27,421.79,441.18,420.18,0.1575,25900,100,0.98
3570,320.15,324.91,335.38,347.75,356.47,373.67,383.53,397.27,421.8,441.2,420.21,0.1575,25900,100,0.98
3571,320.15,324.91,335.38,347.75,356.46,373.68,383.54,397.28,421.79,441.22,420.21,0.1575,25900,100,0.98
3572,320.15,324.9,335.38,347.74,356.45,373.67,383.53,397.28,421.8,441.22,420.21,0.1575,25900,100,0.98
3573,320.15,324.91,335.38,347.74,356.46,373.67,383.54,397.28,421.81,441.23,420.22,0.1575,25900,100,0.98
3574,320.14,324.9,335.38,347.74,356.46,373.68,383.55,397.28,421.81,441.23,420.25,0.1575,25900,100,0.98
3575,320.14,324.9,335.38,347.74,356.47,373.68,383.55,397.29,421.82,441.24,420.29,0.1575,25900,100,0.98
3576,320.14,324.9,335.38,347.73,356.47,373.68,383.54,397.3,421.82,441.26,420.29,0.1575,25900,100,0.98
3577,320.13,324.9,335.38,347.72,356.47,373.68,383.55,397.3,421.82,441.27,420.26,0.1575,25900,100,0.98
3578,320.12,324.89,335.37,347.72,356.47,373.69,383.54,397.3,421.82,441.3,420.2,0.1575,25900,100,0.98
3579,320.11,324.88,335.37,347.73,356.48,373.69,383.54,397.3,421.82,441.33,420.16,0.1575,25900,100,0.98
3580,320.11,324.89,335.37,347.72,356.48,373.69,383.55,397.29,421.82,441.34,420.12,0.1575,25900,100,0.98
3581,320.11,324.89,335.38,347.73,356.48,373.69,383.54,397.3,421.82,441.38,420.1,0.1575,25900,100,0.98
3582,320.11,324.89,335.38,347.73,356.48,373.69,383.54,397.31,421.83,441.39,420.11,0.1575,25900,100,0.98
3583,320.11,324.89,335.39,347.73,356.5,373.7,383.55,397.32,421.84,441.4,420.13,0.1575,25900,100,0.98
3584,320.11,324.88,335.39,347.74,356.5,373.71,383.55,397.32,421.83,441.42,420.16,0.1575,25900,100,0.98
3585,320.1,324.89,335.39,347.75,356.49,373.72,383.56,397.33,421.84,441.41,420.21,0.1575,25900,100,0.98
3586,320.11,324.88,335.4,347.74,356.5,373.72,383.56,397.33,421.84,441.41,420.25,0.1575,25900,100,0.98
3587,320.1,324.89,335.39,347.74,356.5,373.72,383.56,397.33,421.85,441.39,420.29,0.1575,25900,100,0.98
3588,320.1,324.89,335.39,347.75,356.5,373.72,383.57,397.33,421.85,441.38,420.3,0.1575,25900,100,0.98
3589,320.09,324.88,335.38,347.75,356.49,373.72,383.55,397.34,421.84,441.37,420.32,0.1575,25900,100,0.98
3590,320.08,324.87,335.38,347.75,356.49,373.73,383.56,397.35,421.84,441.36,420.34,0.1575,25900,100,0.98
3591,320.07,324.87,335.37,347.75,356.48,373.73,383.55,397.35,421.84,441.35,420.36,0.1575,25900,100,0.98
3592,320.07,324.87,335.37,347.75,356.49,373.73,383.56,397.35,421.85,441.35,420.41,0.1575,25900,100,0.98
3593,320.07,324.88,335.37,347.75,356.5,373.73,383.57,397.36,421.85,441.35,420.47,0.1575,25900,100,0.98
3594,320.06,324.87,335.37,347.76,356.5,373.74,383.57,397.37,421.86,441.35,420.53,0.1575,25900,100,0.98
3595,320.07,324.87,335.37,347.75,356.5,373.74,383.58,397.37,421.87,441.35,420.58,0.1575,25900,100,0.98
3596,320.07,324.87,335.36,347.76,356.51,373.74,383.6,397.37,421.88,441.4,420.58,0.1575,25900,100,0.98
3597,320.08,324.87,335.37,347.76,356.51,373.73,383.61,397.36,421.87,441.44,420.56,0.1575,25900,100,0.98
3598,320.08,324.88,335.37,347.76,356.51,373.73,383.63,397.36,421.89,441.47,420.54,0.1575,25900,100,0.98
3599,320.07,324.87,335.36,347.77,356.51,373.73,383.63,397.37,421.89,441.5,420.54,0.1575,25900,100,0.98
3600,320.08,324.86,335.37,347.77,356.52,373.74,383.64,397.37,421.89,441.5,420.54,0.1575,25900,100,0.98
3601,320.09,324.87,335.37,347.77,356.53,373.74,383.65,397.37,421.91,441.5,420.54,0.1575,25900,100,0.98
3602,320.09,324.87,335.37,347.75,356.53,373.74,383.65,397.38,421.91,441.5,420.55,0.1575,25900,100,0.98
3603,320.09,324.86,335.37,347.75,356.53,373.75,383.66,397.39,421.92,441.5,420.57,0.1575,25900,100,0.98
3604,320.08,324.85,335.36,347.75,356.52,373.76,383.66,397.38,421.92,441.47,420.6,0.1575,25900,100,0.98
3605,320.08,324.85,335.35,347.75,356.52,373.77,383.66,397.38,421.92,441.46,420.59,0.1575,25900,100,0.98
3606,320.06,324.85,335.36,347.74,356.53,373.77,383.66,397.39,421.92,441.48,420.6,0.1575,25900,100,0.98
3607,320.06,324.85,335.36,347.75,356.52,373.78,383.66,397.4,421.92,441.47,420.6,0.1575,25900,100,0.98
3608,320.06,324.84,335.35,347.74,356.53,373.78,383.66,397.4,421.92,441.44,420.61,0.1575,25900,100,0.98
3609,320.06,324.84,335.36,347.74,356.53,373.78,383.66,397.4,421.93,441.41,420.61,0.1575,25900,100,0.98
3610,320.05,324.84,335.35,347.74,356.53,373.78,383.66,397.4,421.93,441.4,420.63,0.1575,25900,100,0.98
3611,320.05,324.83,335.34,347.74,356.53,373.8,383.66,397.41,421.93,441.41,420.63,0.1575,25900,100,0.98
3612,320.05,324.83,335.35,347.75,356.52,373.8,383.66,397.42,421.93,441.42,420.63,0.1575,25900,100,0.98
3613,320.04,324.83,335.34,347.75,356.52,373.8,383.66,397.42,421.94,441.44,420.56,0.1575,25900,100,0.98
3614,320.04,324.83,335.34,347.74,356.52,373.8,383.67,397.42,421.93,441.46,420.46,0.1575,25900,100,0.98
3615,320.04,324.83,335.35,347.75,356.52,373.8,383.67,397.42,421.94,441.49,420.39,0.1575,25900,100,0.98
3616,320.04,324.84,335.34,347.74,356.53,373.8,383.68,397.42,421.94,441.49,420.33,0.1575,25900,100,0.98
3617,320.05,324.83,335.35,347.74,356.54,373.81,383.68,397.43,421.94,441.49,420.27,0.1575,25900,100,0.98
3618,320.05,324.82,335.34,347.74,356.53,373.81,383.68,397.43,421.94,441.51,420.19,0.1575,25900,100,0.98
3619,320.04,324.83,335.35,347.75,356.54,373.82,383.69,397.43,421.94,441.52,420.15,0.1575,25900,100,0.98
3620,320.03,324.83,335.34,347.75,356.53,373.82,383.69,397.44,421.93,441.5,420.09,0.1575,25900,100,0.98
3621,320.03,324.82,335.33,347.75,356.53,373.82,383.69,397.44,421.92,441.49,420.07,0.1575,25900,100,0.98
3622,320.02,324.82,335.33,347.75,356.53,373.82,383.69,397.44,421.92,441.5,420.0,0.1575,25900,100,0.98
3623,320.02,324.81,335.33,347.74,356.52,373.82,383.68,397.44,421.92,441.5,419.93,0.1575,25900,100,0.98
3624,320.02,324.82,335.33,347.74,356.53,373.82,383.69,397.45,421.92,441.48,419.89,0.1575,25900,100,0.98
3625,320.01,324.81,335.32,347.74,356.53,373.83,383.69,397.46,421.92,441.45,419.86,0.1575,25900,100,0.98
3626,320.02,324.82,335.33,347.74,356.54,373.83,383.7,397.46,421.92,441.42,419.81,0.1575,25900,100,0.98
3627,320.01,324.81,335.33,347.74,356.53,373.83,383.7,397.46,421.92,441.4,419.76,0.1575,25900,100,0.98
3628,320.01,324.81,335.33,347.74,356.54,373.83,383.72,397.46,421.91,441.4,419.73,0.1575,25900,100,0.98
3629,320.02,324.82,335.33,347.74,356.54,373.83,383.71,397.46,421.91,441.39,419.69,0.1575,25900,100,0.98
3630,320.01,324.8,335.33,347.74,356.54,373.84,383.71,397.47,421.91,441.39,419.66,0.1575,25900,100,0.98
3631,320.0,324.8,335.32,347.74,356.54,373.85,383.71,397.48,421.89,441.38,419.59,0.1575,25900,100,0.98
3632,320.0,324.8,335.32,347.75,356.54,373.84,383.72,397.48,421.88,441.4,419.5,0.1575,25900,100,0.98
3633,319.99,324.79,335.32,347.75,356.54,373.85,383.72,397.49,421.88,441.44,419.42,0.1575,25900,100,0.98
3634,319.99,324.78,335.31,347.74,356.54,373.85,383.72,397.49,421.87,441.44,419.33,0.1575,25900,100,0.98
3635,319.99,324.78,335.32,347.74,356.55,373.84,383.73,397.49,421.88,441.45,419.27,0.1575,25900,100,0.98
3636,319.99,324.79,335.32,347.75,356.56,373.85,383.75,397.5,421.87,441.48,419.19,0.1575,25900,100,0.98
3637,319.99,324.78,335.32,347.75,356.55,373.86,383.75,397.5,421.88,441.49,419.15,0.1575,25900,100,0.98
3638,320.0,324.79,335.32,347.75,356.56,373.85,383.76,397.5,421.89,441.49,419.14,0.1575,25900,100,0.98
3639,319.99,324.78,335.34,347.75,356.57,373.85,383.76,397.51,421.88,441.49,419.12,0.1575,25900,100,0.98
3640,319.99,324.77,335.32,347.76,356.56,373.85,383.75,397.51,421.87,441.51,419.12,0.1575,25900,100,0.98
3641,319.98,324.77,335.32,347.76,356.56,373.85,383.77,397.51,421.87,441.48,419.17,0.1575,25900,100,0.98
3642,319.98,324.77,335.32,347.75,356.57,373.87,383.77,397.53,421.87,441.44,419.23,0.1575,25900,100,0.98
3643,319.99,324.77,335.32,347.76,356.57,373.86,383.77,397.53,421.88,441.39,419.29,0.1575,25900,100,0.98
3644,319.98,324.76,335.32,347.76,356.57,373.87,383.77,397.53,421.89,441.34,419.36,0.1575,25900,100,0.98
3645,319.98,324.76,335.32,347.77,356.58,373.88,383.78,397.54,421.89,441.28,419.44,0.1575,25900,100,0.98
3646,319.98,324.76,335.32,347.78,356.58,373.88,383.79,397.56,421.89,441.24,419.5,0.1575,25900,100,0.98
3647,319.98,324.76,335.33,347.78,356.59,373.87,383.79,397.54,421.89,441.23,419.52,0.1575,25900,100,0.98
3648,319.96,324.74,335.31,347.77,356.57,373.87,383.78,397.55,421.89,441.23,419.53,0.1575,25900,100,0.98
3649,319.96,324.74,335.32,347.77,356.58,373.88,383.79,397.55,421.9,441.23,419.55,0.1575,25900,100,0.98
3650,319.97,324.74,335.32,347.77,356.59,373.87,383.8,397.56,421.9,441.24,419.51,0.1575,25900,100,0.98
3651,319.96,324.74,335.31,347.77,356.59,373.88,383.8,397.55,421.9,441.27,419.49,0.1575,25900,100,0.98
3652,319.96,324.74,335.31,347.78,356.58,373.88,383.81,397.56,421.91,441.28,419.45,0.1575,25900,100,0.98
3653,319.96,324.74,335.31,347.77,356.58,373.88,383.8,397.57,421.9,441.28,419.44,0.1575,25900,100,0.98
3654,319.96,324.74,335.32,347.77,356.59,373.88,383.82,397.56,421.89,441.27,419.41,0.1575,25900,100,0.98
3655,319.95,324.73,335.32,347.77,356.59,373.89,383.82,397.57,421.89,441.28,419.39,0.1575,25900,100,0.98
3656,319.97,324.73,335.32,347.78,356.59,373.89,383.83,397.57,421.89,441.24,419.42,0.1575,25900,100,0.98
3657,319.96,324.73,335.32,347.77,356.59,373.9,383.83,397.58,421.9,441.22,419.44,0.1575,25900,100,0.98
3658,319.95,324.73,335.31,347.79,356.59,373.9,383.82,397.59,421.89,441.19,419.5,0.1575,25900,100,0.98
3659,319.96,324.73,335.31,347.78,356.59,373.9,383.84,397.59,421.9,441.19,419.56,0.1575,25900,100,0.98
3660,319.94,324.72,335.31,347.79,356.59,373.92,383.84,397.6,421.9,441.23,419.6,0.1575,25900,100,0.98
3661,319.95,324.72,335.3,347.79,356.6,373.92,383.84,397.6,421.9,441.26,419.61,0.1575,25900,100,0.98
3662,319.95,324.73,335.31,347.79,356.6,373.92,383.84,397.6,421.91,441.29,419.61,0.1575,25900,100,0.98
3663,319.95,324.72,335.31,347.8,356.6,373.93,383.85,397.61,421.92,441.32,419.63,0.1575,25900,100,0.98
3664,319.95,324.73,335.31,347.8,356.6,373.94,383.84,397.62,421.92,441.33,419.64,0.1575,25900,100,0.98
3665,319.94,324.72,335.3,347.8,356.6,373.94,383.84,397.63,421.92,441.33,419.66,0.1575,25900,100,0.98
3666,319.93,324.72,335.31,347.8,356.59,373.93,383.86,397.62,421.92,441.33,419.66,0.1575,25900,100,0.98
3667,319.93,324.72,335.3,347.8,356.6,373.92,383.85,397.63,421.92,441.35,419.64,0.1575,25900,100,0.98
3668,319.93,324.72,335.3,347.8,356.61,373.93,383.87,397.62,421.94,441.37,419.59,0.1575,25900,100,0.98
3669,319.93,324.73,335.3,347.81,356.61,373.94,383.86,397.64,421.93,441.36,419.57,0.1575,25900,100,0.98
3670,319.92,324.72,335.29,347.81,356.61,373.94,383.86,397.63,421.93,441.36,419.55,0.1575,25900,100,0.98
3671,319.92,324.71,335.29,347.81,356.6,373.95,383.86,397.64,421.93,441.37,419.55,0.1575,25900,100,0.98
3672,319.92,324.71,335.28,347.81,356.61,373.95,383.86,397.64,421.94,441.35,419.55,0.1575,25900,100,0.98
3673,319.91,324.72,335.29,347.8,356.62,373.95,383.87,397.64,421.94,441.33,419.57,0.1575,25900,100,0.98
3674,319.92,324.72,335.29,347.81,356.61,373.95,383.87,397.65,421.93,441.32,419.61,0.1575,25900,100,0.98
3675,319.92,324.71,335.29,347.8,356.62,373.94,383.87,397.65,421.93,441.3,419.67,0.1575,25900,100,0.98
3676,319.91,324.72,335.28,347.81,356.62,373.96,383.88,397.65,421.95,441.3,419.73,0.1575,25900,100,0.98
3677,319.92,324.71,335.29,347.81,356.62,373.96,383.89,397.66,421.96,441.33,419.77,0.1575,25900,100,0.98
3678,319.91,324.71,335.29,347.81,356.62,373.96,383.9,397.66,421.95,441.34,419.78,0.1575,25900,100,0.98
3679,319.91,324.71,335.28,347.81,356.62,373.96,383.89,397.66,421.96,441.34,419.76,0.1575,25900,100,0.98
3680,319.9,324.71,335.28,347.81,356.63,373.97,383.9,397.67,421.96,441.37,419.73,0.1575,25900,100,0.98
3681,319.91,324.71,335.28,347.81,356.63,373.98,383.9,397.67,421.96,441.41,419.69,0.1575,25900,100,0.98
3682,319.9,324.71,335.29,347.81,356.63,373.98,383.9,397.67,421.97,441.43,419.63,0.1575,25900,100,0.98
3683,319.91,324.71,335.29,347.81,356.64,373.99,383.91,397.68,421.97,441.46,419.58,0.1575,25900,100,0.98
3684,319.91,324.72,335.29,347.82,356.64,373.99,383.93,397.69,421.97,441.48,419.53,0.1575,25900,100,0.98
3685,319.9,324.7,335.29,347.81,356.63,373.97,383.92,397.69,421.96,441.45,419.48,0.1575,25900,100,0.98
3686,319.89,324.71,335.29,347.81,356.64,373.99,383.93,397.69,421.97,441.43,419.48,0.1575,25900,100,0.98
3687,319.89,324.71,335.28,347.81,356.64,373.99,383.92,397.69,421.96,441.39,419.52,0.1575,25900,100,0.98
3688,319.89,324.7,335.28,347.81,356.64,373.99,383.92,397.7,421.97,441.31,419.59,0.1575,25900,100,0.98
3689,319.88,324.7,335.28,347.82,356.64,373.99,383.92,397.7,421.97,441.25,419.67,0.1575,25900,100,0.98
3690,319.87,324.69,335.27,347.82,356.64,373.99,383.92,397.71,421.97,441.2,419.76,0.1575,25900,100,0.98
3691,319.88,324.7,335.28,347.83,356.66,374.0,383.92,397.72,421.99,441.15,419.86,0.1575,25900,100,0.98
3692,319.87,324.7,335.28,347.82,356.65,374.01,383.92,397.72,422.0,441.12,419.95,0.1575,25900,100,0.98
3693,319.87,324.69,335.28,347.82,356.65,374.01,383.91,397.73,422.01,441.1,420.03,0.1575,25900,100,0.98
3694,319.85,324.68,335.28,347.81,356.65,374.01,383.9,397.72,422.02,441.11,420.17,0.1575,25900,100,0.98
3695,319.84,324.68,335.27,347.81,356.65,374.02,383.89,397.73,422.03,441.12,420.27,0.1575,25900,100,0.98
3696,319.85,324.67,335.28,347.82,356.65,374.03,383.9,397.73,422.04,441.18,420.3,0.1575,25900,100,0.98
3697,319.84,324.68,335.28,347.81,356.65,374.02,383.91,397.74,422.05,441.23,420.32,0.1575,25900,100,0.98
3698,319.84,324.68,335.28,347.81,356.66,374.03,383.91,397.74,422.06,441.26,420.35,0.1575,25900,100,0.98
3699,319.85,324.67,335.29,347.82,356.67,374.03,383.92,397.74,422.07,441.27,420.36,0.1575,25900,100,0.98
3700,319.84,324.68,335.28,347.81,356.66,374.04,383.92,397.74,422.08,441.28,420.37,0.1575,25900,100,0.98
3701,319.83,324.67,335.28,347.82,356.66,374.04,383.92,397.75,422.08,441.3,420.38,0.1575,25900,100,0.98
3702,319.83,324.67,335.28,347.83,356.67,374.04,383.93,397.76,422.08,441.32,420.37,0.1575,25900,100,0.98
3703,319.83,324.67,335.28,347.82,356.67,374.03,383.92,397.75,422.08,441.34,420.31,0.1575,25900,100,0.98
3704,319.83,324.67,335.27,347.82,356.67,374.04,383.94,397.76,422.08,441.38,420.25,0.1575,25900,100,0.98
3705,319.82,324.67,335.27,347.82,356.66,374.04,383.93,397.76,422.08,441.4,420.22,0.1575,25900,100,0.98
3706,319.82,324.67,335.27,347.83,356.67,374.04,383.95,397.76,422.07,441.4,420.21,0.1575,25900,100,0.98
3707,319.82,324.66,335.26,347.83,356.66,374.05,383.94,397.77,422.07,441.38,420.23,0.1575,25900,100,0.98
3708,319.82,324.67,335.27,347.83,356.67,374.04,383.96,397.77,422.07,441.35,420.23,0.1575,25900,100,0.98
3709,319.82,324.66,335.27,347.82,356.67,374.04,383.97,397.78,422.07,441.35,420.22,0.1575,25900,100,0.98
3710,319.82,324.66,335.25,347.83,356.67,374.04,383.96,397.78,422.07,441.38,420.18,0.1575,25900,100,0.98
3711,319.82,324.65,335.26,347.82,356.67,374.05,383.98,397.78,422.07,441.39,420.14,0.1575,25900,100,0.98
3712,319.83,324.66,335.26,347.82,356.68,374.05,383.99,397.79,422.07,441.37,420.09,0.1575,25900,100,0.98
3713,319.84,324.66,335.26,347.82,356.68,374.06,384.0,397.79,422.07,441.39,420.09,0.1575,25900,100,0.98
3714,319.84,324.65,335.26,347.83,356.68,374.07,384.0,397.79,422.06,441.37,420.12,0.1575,25900,100,0.98
3715,319.83,324.66,335.26,347.83,356.68,374.07,384.01,397.8,422.06,441.35,420.15,0.1575,25900,100,0.98
3716,319.83,324.66,335.26,347.84,356.68,374.07,384.0,397.79,422.05,441.37,420.15,0.1575,25900,100,0.98
3717,319.82,324.66,335.24,347.83,356.68,374.07,384.01,397.81,422.06,441.4,420.17,0.1575,25900,100,0.98
3718,319.82,324.65,335.25,347.83,356.68,374.07,384.01,397.8,422.06,441.42,420.17,0.1575,25900,100,0.98
3719,319.82,324.65,335.25,347.83,356.68,374.07,384.01,397.8,422.06,441.43,420.2,0.1575,25900,100,0.98
3720,319.83,324.65,335.26,347.83,356.69,374.07,384.01,397.81,422.06,441.43,420.21,0.1575,25900,100,0.98
3721,319.82,324.65,335.25,347.84,356.7,374.08,384.01,397.81,422.07,441.43,420.22,0.1575,25900,100,0.98
3722,319.82,324.65,335.26,347.84,356.7,374.08,384.02,397.82,422.08,441.45,420.22,0.1575,25900,100,0.98
3723,319.82,324.65,335.26,347.84,356.7,374.08,384.02,397.83,422.08,441.45,420.2,0.1575,25900,100,0.98
3724,319.81,324.66,335.26,347.84,356.72,374.09,384.02,397.83,422.08,441.44,420.18,0.1575,25900,100,0.98
3725,319.81,324.65,335.26,347.84,356.7,374.09,384.02,397.83,422.07,441.47,420.12,0.1575,25900,100,0.98
3726,319.79,324.65,335.25,347.85,356.7,374.1,384.01,397.84,422.06,441.48,420.02,0.1575,25900,100,0.98
3727,319.8,324.65,335.26,347.84,356.71,374.11,384.02,397.84,422.07,441.5,419.94,0.1575,25900,100,0.98
3728,319.81,324.66,335.27,347.84,356.72,374.11,384.02,397.84,422.06,441.52,419.85,0.1575,25900,100,0.98
3729,319.79,324.66,335.27,347.84,356.72,374.11,384.02,397.85,422.04,441.52,419.79,0.1575,25900,100,0.98
3730,319.79,324.65,335.27,347.84,356.72,374.11,384.03,397.85,422.04,441.5,419.74,0.1575,25900,100,0.98
3731,319.79,324.65,335.26,347.84,356.72,374.11,384.02,397.85,422.03,441.48,419.74,0.1575,25900,100,0.98
3732,319.8,324.65,335.27,347.85,356.73,374.13,384.03,397.86,422.02,441.5,419.73,0.1575,25900,100,0.98
3733,319.78,324.64,335.27,347.85,356.73,374.13,384.04,397.86,422.03,441.49,419.7,0.1575,25900,100,0.98
3734,319.78,324.65,335.26,347.85,356.72,374.12,384.03,397.86,422.01,441.46,419.65,0.1575,25900,100,0.98
3735,319.78,324.65,335.27,347.85,356.72,374.14,384.04,397.88,422.01,441.49,419.57,0.1575,25900,100,0.98
3736,319.78,324.63,335.26,347.85,356.73,374.15,384.04,397.88,422.0,441.22,419.48,0.1575,25900,100,0.98
3737,319.77,324.64,335.27,347.85,356.72,374.15,384.05,397.88,421.99,440.18,419.39,0.1575,25900,100,0.98
3738,319.78,324.64,335.27,347.85,356.73,374.15,384.05,397.86,421.91,439.46,419.27,0.1575,25900,100,0.98
3739,319.78,324.64,335.27,347.85,356.74,374.15,384.04,397.86,421.73,438.81,418.94,0.1575,25900,100,0.98
3740,319.76,324.62,335.27,347.85,356.74,374.16,384.03,397.85,421.52,437.9,418.38,0.1575,25900,100,0.98
3741,319.76,324.62,335.27,347.85,356.74,374.17,384.05,397.83,421.39,436.96,417.89,0.1575,25900,100,0.98
