time,TC1,TC2,TC3,TC4,TC5,TC6,TC7,TC8,TC9,TC10
1,357.88,358.91,359.38,359.79,359.2,361.0,358.46,359.09,357.54,338.76
2,357.84,358.89,359.37,359.78,359.19,361.0,358.55,359.23,357.55,338.27
3,357.8,359.05,359.47,359.83,359.25,361.04,358.88,359.46,357.82,337.96
4,357.78,359.15,359.56,359.93,359.31,361.11,359.15,359.81,358.08,337.85
5,357.79,359.22,359.66,360.07,359.4,361.21,359.42,360.08,358.36,337.78
6,357.79,359.28,359.74,360.24,359.51,361.34,359.65,360.37,358.62,337.77
7,357.82,359.31,359.8,360.41,359.61,361.47,359.88,360.64,358.88,337.76
8,357.85,359.34,359.84,360.57,359.72,361.6,360.08,360.86,359.13,337.76
9,357.89,359.37,359.89,360.73,359.83,361.75,360.27,361.08,359.38,337.78
10,357.95,359.37,359.96,360.9,359.96,361.9,360.42,361.29,359.61,337.81
11,358.0,359.39,360.03,361.05,360.08,362.06,360.57,361.46,359.82,337.85
12,358.09,359.46,360.14,361.14,360.27,362.15,360.7,361.57,359.98,337.91
13,358.18,359.56,360.25,361.27,360.44,362.29,360.83,361.74,360.04,337.97
14,358.26,359.64,360.32,361.38,360.56,362.42,360.94,361.89,360.1,338.0
15,358.33,359.68,360.39,361.45,360.65,362.54,361.03,362.04,360.14,338.0
16,358.4,359.72,360.45,361.5,360.74,362.65,361.12,362.17,360.19,337.95
17,358.47,359.76,360.5,361.55,360.8,362.72,361.26,362.24,360.24,337.9
18,358.54,359.82,360.57,361.61,360.87,362.81,361.44,362.34,360.28,337.82
19,358.61,359.86,360.64,361.67,360.93,362.89,361.62,362.41,360.33,337.74
20,358.72,359.95,360.7,361.74,361.02,362.96,361.86,362.45,360.38,337.66
21,358.83,360.03,360.76,361.8,361.1,363.01,362.06,362.48,360.34,337.62
22,358.88,360.07,360.82,361.86,361.16,363.04,362.17,362.52,360.31,337.61
23,358.96,360.14,360.88,361.93,361.2,363.08,362.25,362.6,360.31,337.61
24,359.04,360.23,360.96,362.0,361.26,363.11,362.31,362.7,360.23,337.63
25,359.12,360.35,361.03,362.07,361.29,363.12,362.33,362.7,360.16,337.66
26,359.18,360.46,361.07,362.11,361.33,363.15,362.34,362.66,360.12,337.7
27,359.26,360.56,361.11,362.16,361.36,363.16,362.31,362.6,360.07,337.75
28,359.34,360.64,361.14,362.21,361.39,363.18,362.21,362.54,360.01,337.8
29,359.45,360.72,361.2,362.25,361.43,363.2,362.1,362.48,360.0,337.92
30,359.56,360.77,361.26,362.25,361.48,363.21,362.01,362.41,360.12,338.03
31,359.63,360.78,361.3,362.25,361.51,363.24,362.0,362.38,360.26,338.13
32,359.69,360.8,361.31,362.24,361.52,363.26,362.01,362.37,360.4,338.2
33,359.78,360.82,361.33,362.24,361.53,363.3,362.03,362.38,360.53,338.3
34,359.84,360.84,361.33,362.25,361.53,363.36,362.0,362.43,360.69,338.4
35,359.9,360.87,361.34,362.26,361.54,363.41,361.94,362.44,360.83,338.51
36,359.98,360.89,361.34,362.27,361.55,363.46,361.91,362.41,360.96,338.62
37,360.03,360.9,361.32,362.3,361.57,363.5,361.82,362.39,361.04,338.71
38,360.1,360.89,361.3,362.3,361.6,363.52,361.71,362.46,361.09,338.83
39,360.19,360.84,361.29,362.33,361.65,363.56,361.57,362.46,361.08,339.09
40,360.28,360.78,361.3,362.36,361.71,363.59,361.49,362.37,361.02,339.34
41,360.33,360.72,361.31,362.38,361.76,363.61,361.48,362.29,361.03,339.51
42,360.39,360.7,361.32,362.39,361.8,363.63,361.56,362.24,361.07,339.73
43,360.45,360.71,361.33,362.36,361.85,363.63,361.64,362.25,361.11,339.99
44,360.51,360.7,361.33,362.33,361.88,363.64,361.7,362.3,361.17,340.26
45,360.58,360.69,361.33,362.3,361.92,363.65,361.72,362.36,361.21,340.5
46,360.63,360.68,361.31,362.27,361.92,363.66,361.71,362.43,361.21,340.7
47,360.72,360.66,361.29,362.24,361.92,363.67,361.75,362.43,361.21,340.96
48,360.81,360.63,361.28,362.21,361.89,363.66,361.88,362.42,361.28,341.15
49,360.86,360.62,361.31,362.18,361.87,363.65,361.92,362.42,361.35,341.25
50,360.91,360.58,361.33,362.16,361.83,363.63,361.9,362.51,361.39,341.34
51,360.97,360.58,361.32,362.14,361.82,363.58,361.83,362.52,361.47,341.45
52,361.01,360.55,361.24,362.11,361.78,363.54,361.78,362.43,361.49,341.56
53,361.05,360.56,361.16,362.06,361.73,363.49,361.78,362.31,361.52,341.69
54,361.11,360.59,361.11,362.0,361.66,363.46,361.78,362.23,361.54,341.8
55,361.15,360.66,361.08,361.9,361.58,363.44,361.78,362.2,361.58,341.91
56,361.22,360.75,361.11,361.78,361.49,363.42,361.78,362.19,361.62,342.09
57,361.31,360.8,361.17,361.69,361.45,363.41,361.82,362.24,361.7,342.28
58,361.35,360.83,361.2,361.63,361.44,363.41,361.84,362.41,361.73,342.39
59,361.41,360.81,361.22,361.59,361.46,363.44,361.85,362.6,361.74,342.51
60,361.46,360.78,361.23,361.58,361.48,363.47,361.84,362.73,361.72,342.64
61,361.5,360.72,361.23,361.59,361.5,363.49,361.83,362.76,361.69,342.76
62,361.54,360.71,361.22,361.63,361.52,363.53,361.84,362.79,361.63,342.88
63,361.57,360.75,361.21,361.65,361.54,363.56,361.86,362.79,361.56,342.99
64,361.61,360.79,361.21,361.66,361.56,363.58,361.92,362.79,361.55,343.11
65,361.67,360.88,361.2,361.66,361.59,363.6,361.93,362.77,361.54,343.31
66,361.73,361.0,361.19,361.67,361.6,363.62,361.83,362.75,361.43,343.51
67,361.77,361.05,361.18,361.65,361.59,363.63,361.76,362.69,361.37,343.61
68,361.81,361.07,361.19,361.64,361.58,363.64,361.72,362.58,361.34,343.67
69,361.85,361.06,361.17,361.63,361.57,363.65,361.74,362.43,361.35,343.71
70,361.89,361.05,361.12,361.62,361.56,363.65,361.77,362.32,361.34,343.73
71,361.93,361.01,361.1,361.61,361.57,363.64,361.8,362.22,361.22,343.78
72,361.96,360.93,361.1,361.58,361.56,363.65,361.83,362.08,361.01,343.82
73,362.01,360.85,361.13,361.59,361.55,363.65,361.86,361.94,360.88,343.85
74,362.06,360.74,361.19,361.63,361.54,363.64,361.87,361.86,360.78,343.94
75,362.11,360.69,361.23,361.68,361.52,363.64,361.81,361.81,360.69,344.06
76,362.14,360.7,361.25,361.72,361.51,363.61,361.74,361.65,360.71,344.15
77,362.16,360.64,361.25,361.77,361.48,363.58,361.63,361.6,360.77,344.23
78,362.2,360.52,361.24,361.82,361.46,363.52,361.43,361.65,360.88,344.32
79,362.23,360.38,361.25,361.86,361.45,363.47,361.3,361.75,360.99,344.39
80,362.26,360.24,361.25,361.89,361.43,363.46,361.11,361.86,361.08,344.45
81,362.29,360.15,361.22,361.91,361.41,363.43,360.92,362.02,361.1,344.49
82,362.31,360.09,361.18,361.92,361.38,363.38,360.86,362.13,361.13,344.55
83,362.35,360.08,361.12,361.94,361.36,363.35,360.92,362.2,361.19,344.63
84,362.39,360.06,361.08,361.95,361.33,363.32,361.04,362.24,361.24,344.71
85,362.42,360.02,361.07,361.96,361.32,363.28,361.1,362.26,361.26,344.78
86,362.43,359.99,361.08,361.94,361.32,363.25,361.15,362.31,361.23,344.85
87,362.46,359.98,361.06,361.91,361.31,363.25,361.21,362.34,361.22,344.93
88,362.46,360.0,361.04,361.88,361.3,363.24,361.29,362.37,361.19,345.03
89,362.49,360.01,360.99,361.88,361.29,363.23,361.34,362.4,361.14,345.13
90,362.5,360.01,360.94,361.86,361.3,363.23,361.35,362.41,361.08,345.24
91,362.52,360.01,360.91,361.85,361.31,363.21,361.34,362.39,360.98,345.33
92,362.55,360.01,360.86,361.8,361.32,363.2,361.23,362.32,360.86,345.51
93,362.58,359.99,360.83,361.76,361.32,363.19,361.18,362.27,360.8,345.68
94,362.6,359.97,360.83,361.71,361.33,363.18,361.2,362.26,360.79,345.77
95,362.61,359.93,360.81,361.66,361.31,363.18,361.26,362.32,360.74,345.86
96,362.64,359.87,360.81,361.63,361.3,363.17,361.32,362.36,360.64,345.97
97,362.66,359.84,360.83,361.61,361.29,363.15,361.36,362.41,360.56,346.12
98,362.68,359.82,360.83,361.58,361.28,363.13,361.39,362.4,360.51,346.26
99,362.7,359.78,360.83,361.56,361.28,363.11,361.43,362.38,360.47,346.42
100,362.73,359.75,360.83,361.55,361.26,363.07,361.47,362.41,360.45,346.59
101,362.75,359.69,360.84,361.55,361.28,363.05,361.54,362.44,360.51,346.79
102,362.79,359.69,360.84,361.56,361.28,363.03,361.62,362.45,360.63,346.98
103,362.79,359.67,360.84,361.55,361.3,363.01,361.64,362.41,360.73,347.11
104,362.8,359.63,360.85,361.57,361.31,363.01,361.66,362.34,360.84,347.21
105,362.83,359.55,360.86,361.58,361.33,363.03,361.7,362.29,360.98,347.32
106,362.85,359.47,360.9,361.59,361.36,363.05,361.71,362.25,361.08,347.39
107,362.87,359.36,360.91,361.59,361.37,363.07,361.72,362.2,361.19,347.45
108,362.89,359.26,360.92,361.61,361.36,363.09,361.72,362.14,361.26,347.51
109,362.92,359.16,360.91,361.62,361.39,363.11,361.7,362.1,361.35,347.61
110,362.94,359.06,360.89,361.63,361.41,363.12,361.61,362.09,361.43,347.76
111,362.96,358.99,360.85,361.64,361.43,363.13,361.47,362.1,361.5,347.92
112,362.98,358.99,360.82,361.64,361.45,363.16,361.26,362.15,361.54,347.97
113,362.99,358.97,360.78,361.66,361.46,363.16,361.12,362.13,361.58,348.0
114,363.01,358.93,360.77,361.65,361.47,363.18,361.04,362.09,361.59,348.03
115,363.02,358.9,360.75,361.64,361.48,363.19,360.99,362.16,361.6,348.09
116,363.04,358.89,360.74,361.64,361.49,363.21,360.96,362.27,361.61,348.15
117,363.05,358.92,360.73,361.64,361.5,363.23,360.91,362.35,361.64,348.22
118,363.06,358.97,360.74,361.61,361.51,363.24,360.86,362.46,361.69,348.29
119,363.07,359.0,360.72,361.56,361.51,363.25,360.86,362.54,361.78,348.38
120,363.09,359.05,360.72,361.52,361.51,363.28,360.94,362.53,361.88,348.46
121,363.08,359.09,360.69,361.49,361.5,363.3,361.04,362.48,361.9,348.49
122,363.08,359.14,360.67,361.47,361.48,363.31,361.19,362.45,361.91,348.52
123,363.08,359.15,360.65,361.46,361.46,363.34,361.32,362.4,361.9,348.55
124,363.09,359.16,360.65,361.45,361.45,363.35,361.42,362.44,361.83,348.57
125,363.12,359.17,360.64,361.44,361.44,363.33,361.51,362.51,361.74,348.56
126,363.14,359.15,360.65,361.44,361.42,363.3,361.59,362.53,361.64,348.55
127,363.15,359.13,360.65,361.46,361.42,363.27,361.68,362.54,361.58,348.54
128,363.19,359.07,360.67,361.49,361.41,363.23,361.79,362.63,361.58,348.51
129,363.23,359.01,360.71,361.49,361.42,363.22,361.85,362.71,361.64,348.51
130,363.25,358.99,360.72,361.51,361.42,363.21,361.89,362.78,361.7,348.53
131,363.27,358.99,360.76,361.53,361.43,363.19,361.93,362.83,361.75,348.59
132,363.29,359.0,360.8,361.53,361.45,363.2,361.95,362.88,361.78,348.67
133,363.31,359.02,360.83,361.52,361.45,363.22,361.94,362.92,361.78,348.73
134,363.31,359.03,360.86,361.51,361.46,363.25,361.92,362.91,361.79,348.79
135,363.32,359.03,360.86,361.5,361.46,363.27,361.89,362.91,361.82,348.85
136,363.33,359.04,360.85,361.51,361.47,363.28,361.87,362.92,361.87,348.91
137,363.35,359.04,360.83,361.52,361.48,363.31,361.83,362.94,362.0,349.02
138,363.35,359.07,360.82,361.53,361.49,363.33,361.77,362.94,362.12,349.12
139,363.37,359.1,360.82,361.54,361.49,363.35,361.74,362.94,362.16,349.17
140,363.38,359.13,360.81,361.52,361.51,363.36,361.73,362.96,362.17,349.21
141,363.4,359.15,360.8,361.47,361.51,363.38,361.72,362.97,362.17,349.27
142,363.42,359.15,360.77,361.39,361.47,363.39,361.71,362.97,362.16,349.31
143,363.44,359.15,360.76,361.31,361.44,363.41,361.72,363.0,362.16,349.39
144,363.45,359.12,360.76,361.24,361.38,363.4,361.75,363.01,362.12,349.44
145,363.47,359.06,360.77,361.22,361.32,363.4,361.81,362.99,362.12,349.49
146,363.5,358.98,360.81,361.2,361.25,363.39,361.86,362.99,362.14,349.54
147,363.52,358.87,360.84,361.19,361.19,363.37,361.87,363.0,362.17,349.59
148,363.56,358.81,360.84,361.18,361.18,363.35,361.85,363.02,362.19,349.63
149,363.57,358.75,360.82,361.17,361.17,363.33,361.81,363.01,362.22,349.68
150,363.59,358.67,360.79,361.16,361.18,363.31,361.8,362.99,362.25,349.73
151,363.61,358.62,360.76,361.16,361.17,363.29,361.82,362.99,362.28,349.79
152,363.62,358.55,360.74,361.16,361.17,363.29,361.82,363.01,362.31,349.85
153,363.62,358.5,360.74,361.15,361.15,363.27,361.82,362.99,362.33,349.91
154,363.64,358.46,360.73,361.15,361.13,363.27,361.85,362.98,362.35,350.01
155,363.65,358.44,360.71,361.16,361.09,363.25,361.93,363.0,362.38,350.11
156,363.67,358.45,360.69,361.18,361.03,363.24,362.01,363.05,362.43,350.2
157,363.67,358.44,360.69,361.18,361.01,363.22,362.03,363.07,362.48,350.25
158,363.68,358.44,360.69,361.18,360.98,363.16,362.04,363.1,362.53,350.32
159,363.68,358.42,360.67,361.16,360.96,363.11,362.05,363.13,362.56,350.37
160,363.7,358.48,360.67,361.15,360.95,363.07,362.08,363.13,362.58,350.4
161,363.72,358.55,360.68,361.14,360.94,363.03,362.1,363.12,362.62,350.43
162,363.73,358.59,360.68,361.12,360.95,362.99,362.12,363.04,362.65,350.47
163,363.75,358.55,360.68,361.12,360.93,362.95,362.09,362.95,362.64,350.49
164,363.77,358.44,360.7,361.13,360.93,362.94,362.06,362.89,362.61,350.51
165,363.8,358.41,360.68,361.15,360.92,362.91,362.09,362.85,362.61,350.52
166,363.83,358.45,360.68,361.18,360.94,362.89,362.11,362.86,362.63,350.54
167,363.84,358.46,360.66,361.23,360.95,362.89,362.11,362.86,362.67,350.55
168,363.85,358.48,360.64,361.27,360.97,362.88,362.12,362.86,362.71,350.59
169,363.86,358.49,360.62,361.3,360.98,362.86,362.14,362.88,362.72,350.61
170,363.88,358.48,360.62,361.32,360.98,362.83,362.15,362.91,362.71,350.62
171,363.88,358.48,360.61,361.34,360.99,362.79,362.12,362.94,362.67,350.62
172,363.9,358.48,360.61,361.36,361.01,362.76,362.12,362.96,362.63,350.64
173,363.91,358.48,360.62,361.38,361.05,362.75,362.15,362.96,362.51,350.62
174,363.94,358.49,360.65,361.39,361.11,362.72,362.18,362.93,362.35,350.57
175,363.97,358.5,360.66,361.4,361.15,362.7,362.16,362.91,362.26,350.54
176,363.98,358.52,360.67,361.43,361.19,362.68,362.15,362.9,362.17,350.49
177,363.99,358.55,360.69,361.46,361.24,362.67,362.14,362.89,362.06,350.42
178,364.01,358.55,360.69,361.48,361.27,362.65,362.13,362.91,361.92,350.33
179,364.03,358.53,360.68,361.51,361.31,362.65,362.13,362.94,361.76,350.25
180,364.04,358.52,360.69,361.53,361.36,362.66,362.11,362.95,361.61,350.2
181,364.03,358.48,360.69,361.57,361.39,362.7,362.07,362.99,361.44,350.15
182,364.06,358.41,360.74,361.6,361.43,362.77,362.05,363.0,361.16,350.13
183,364.07,358.35,360.78,361.63,361.48,362.85,362.1,362.99,360.91,350.12
184,364.08,358.33,360.8,361.65,361.49,362.92,362.16,362.95,360.78,350.09
185,364.08,358.33,360.8,361.68,361.5,362.98,362.21,362.89,360.69,350.04
186,364.09,358.35,360.81,361.7,361.51,363.06,362.25,362.91,360.64,350.02
187,364.09,358.36,360.8,361.7,361.51,363.12,362.25,362.94,360.61,349.98
188,364.11,358.4,360.79,361.71,361.51,363.15,362.25,362.95,360.55,349.96
189,364.13,358.46,360.77,361.71,361.52,363.19,362.26,363.0,360.46,349.95
190,364.14,358.54,360.75,361.72,361.53,363.22,362.26,363.07,360.42,349.94
191,364.16,358.6,360.73,361.73,361.52,363.26,362.27,363.12,360.55,349.97
192,364.19,358.61,360.72,361.72,361.51,363.3,362.28,363.14,360.73,349.97
193,364.21,358.57,360.72,361.7,361.52,363.34,362.3,363.18,360.85,349.99
194,364.22,358.53,360.71,361.69,361.52,363.35,362.33,363.18,360.96,350.01
195,364.24,358.49,360.69,361.69,361.53,363.37,362.36,363.21,361.11,350.07
196,364.25,358.46,360.65,361.68,361.52,363.38,362.41,363.23,361.31,350.12
197,364.27,358.36,360.64,361.66,361.51,363.38,362.45,363.25,361.5,350.18
198,364.29,358.31,360.62,361.67,361.48,363.38,362.5,363.24,361.65,350.23
199,364.32,358.28,360.61,361.66,361.47,363.37,362.53,363.19,361.72,350.29
200,364.35,358.29,360.61,361.67,361.44,363.36,362.57,363.14,361.72,350.36
201,364.38,358.33,360.62,361.67,361.38,363.34,362.57,363.08,361.69,350.4
202,364.39,358.37,360.63,361.67,361.35,363.32,362.59,363.01,361.66,350.41
203,364.41,358.36,360.65,361.66,361.31,363.3,362.57,362.98,361.61,350.4
204,364.44,358.34,360.66,361.63,361.27,363.26,362.56,362.99,361.53,350.37
205,364.44,358.32,360.67,361.6,361.23,363.24,362.52,363.02,361.51,350.36
206,364.45,358.29,360.67,361.59,361.19,363.23,362.47,363.05,361.58,350.36
207,364.47,358.28,360.7,361.57,361.16,363.22,362.42,363.05,361.65,350.37
208,364.49,358.25,360.73,361.55,361.12,363.2,362.36,363.04,361.69,350.39
209,364.51,358.24,360.77,361.55,361.1,363.18,362.31,363.02,361.65,350.41
210,364.54,358.23,360.8,361.56,361.09,363.15,362.34,362.99,361.41,350.42
211,364.57,358.24,360.83,361.55,361.09,363.12,362.39,362.96,361.2,350.41
212,364.59,358.24,360.87,361.53,361.1,363.09,362.44,362.97,361.02,350.38
213,364.6,358.25,360.89,361.49,361.11,363.07,362.47,363.01,360.88,350.34
214,364.62,358.27,360.93,361.49,361.11,363.06,362.48,363.04,360.8,350.31
215,364.64,358.29,360.96,361.5,361.1,363.08,362.43,363.05,360.75,350.27
216,364.65,358.34,360.97,361.51,361.12,363.11,362.34,363.06,360.71,350.23
217,364.66,358.37,360.98,361.51,361.12,363.12,362.27,363.03,360.69,350.19
218,364.69,358.46,361.01,361.52,361.14,363.15,362.27,363.01,360.72,350.13
219,364.7,358.53,361.05,361.54,361.16,363.17,362.29,363.0,360.81,350.09
220,364.72,358.57,361.05,361.55,361.19,363.18,362.27,362.99,360.86,350.08
221,364.74,358.56,361.06,361.58,361.22,363.2,362.23,362.99,360.95,350.08
222,364.75,358.51,361.03,361.59,361.26,363.24,362.21,362.96,361.04,350.08
223,364.76,358.43,361.0,361.62,361.28,363.28,362.19,362.95,361.13,350.09
224,364.77,358.36,360.99,361.63,361.29,363.31,362.25,362.98,361.21,350.12
225,364.78,358.31,360.98,361.66,361.31,363.35,362.33,363.04,361.29,350.14
226,364.79,358.28,360.96,361.68,361.31,363.37,362.34,363.11,361.35,350.16
227,364.81,358.28,360.94,361.7,361.32,363.38,362.37,363.14,361.49,350.25
228,364.81,358.3,360.92,361.73,361.33,363.38,362.44,363.13,361.61,350.35
229,364.84,358.3,360.88,361.75,361.31,363.38,362.48,363.1,361.7,350.44
230,364.84,358.27,360.85,361.76,361.31,363.37,362.53,363.1,361.8,350.54
231,364.85,358.26,360.82,361.75,361.31,363.36,362.55,363.08,361.93,350.64
232,364.87,358.25,360.78,361.74,361.3,363.33,362.54,363.03,362.02,350.72
233,364.88,358.24,360.75,361.72,361.31,363.3,362.52,363.0,362.1,350.78
234,364.89,358.22,360.71,361.71,361.31,363.28,362.5,362.97,362.19,350.81
235,364.88,358.2,360.69,361.7,361.31,363.28,362.5,362.94,362.23,350.83
236,364.9,358.2,360.62,361.67,361.3,363.28,362.5,362.94,362.27,350.84
237,364.92,358.25,360.55,361.65,361.32,363.28,362.53,363.05,362.25,350.86
238,364.93,358.26,360.55,361.63,361.33,363.28,362.56,363.17,362.26,350.89
239,364.94,358.29,360.56,361.63,361.33,363.28,362.57,363.23,362.24,350.93
240,364.95,358.32,360.55,361.62,361.33,363.29,362.54,363.27,362.2,350.97
241,364.96,358.34,360.57,361.58,361.32,363.29,362.52,363.32,362.18,351.01
242,364.97,358.36,360.59,361.55,361.31,363.3,362.51,363.37,362.17,351.06
243,364.97,358.39,360.63,361.53,361.28,363.31,362.52,363.42,362.17,351.12
244,364.97,358.41,360.65,361.5,361.25,363.32,362.55,363.46,362.19,351.17
245,364.98,358.39,360.69,361.47,361.18,363.32,362.57,363.5,362.26,351.25
246,364.99,358.37,360.73,361.45,361.12,363.32,362.57,363.51,362.34,351.33
247,364.98,358.35,360.76,361.44,361.09,363.31,362.58,363.49,362.35,351.37
248,365.0,358.31,360.78,361.43,361.07,363.3,362.59,363.46,362.39,351.41
249,365.0,358.29,360.81,361.43,361.08,363.29,362.54,363.45,362.45,351.45
250,365.03,358.3,360.84,361.42,361.09,363.29,362.5,363.45,362.52,351.48
251,365.04,358.33,360.86,361.42,361.09,363.29,362.47,363.45,362.59,351.5
252,365.04,358.35,360.87,361.42,361.09,363.29,362.45,363.44,362.61,351.49
253,365.04,358.37,360.89,361.45,361.08,363.28,362.42,363.43,362.57,351.47
254,365.06,358.41,360.9,361.48,361.07,363.27,362.39,363.44,362.43,351.43
255,365.08,358.47,360.89,361.52,361.07,363.27,362.36,363.44,362.29,351.41
256,365.09,358.5,360.88,361.53,361.1,363.28,362.34,363.41,362.19,351.39
257,365.1,358.52,360.86,361.53,361.12,363.27,362.33,363.36,362.04,351.35
258,365.11,358.55,360.83,361.56,361.16,363.27,362.35,363.31,361.88,351.33
259,365.13,358.56,360.8,361.58,361.2,363.27,362.35,363.31,361.72,351.3
260,365.14,358.58,360.77,361.59,361.26,363.31,362.38,363.31,361.56,351.28
261,365.16,358.58,360.74,361.58,361.29,363.34,362.4,363.3,361.41,351.26
262,365.17,358.58,360.72,361.59,361.33,363.37,362.44,363.3,361.33,351.25
263,365.2,358.56,360.7,361.62,361.37,363.41,362.54,363.35,361.38,351.27
264,365.22,358.55,360.69,361.64,361.42,363.43,362.66,363.38,361.51,351.3
265,365.24,358.56,360.69,361.69,361.44,363.46,362.74,363.37,361.63,351.36
266,365.26,358.58,360.7,361.73,361.47,363.48,362.82,363.35,361.73,351.42
267,365.27,358.58,360.71,361.77,361.49,363.52,362.87,363.39,361.82,351.48
268,365.29,358.55,360.71,361.8,361.51,363.55,362.91,363.49,361.91,351.52
269,365.3,358.5,360.71,361.83,361.51,363.56,362.95,363.59,361.98,351.57
270,365.32,358.43,360.72,361.86,361.53,363.56,362.99,363.64,361.99,351.62
271,365.33,358.39,360.73,361.87,361.54,363.57,363.03,363.65,361.95,351.65
272,365.35,358.36,360.78,361.88,361.55,363.55,363.08,363.65,361.95,351.65
273,365.37,358.32,360.84,361.88,361.56,363.52,363.06,363.61,362.08,351.67
274,365.4,358.29,360.86,361.87,361.58,363.5,363.04,363.56,362.2,351.7
275,365.4,358.24,360.89,361.88,361.58,363.48,363.02,363.52,362.3,351.73
276,365.42,358.22,360.91,361.86,361.58,363.48,363.04,363.46,362.4,351.78
277,365.43,358.19,360.93,361.84,361.57,363.48,363.05,363.43,362.48,351.82
278,365.44,358.18,360.94,361.83,361.59,363.48,363.04,363.46,362.55,351.87
279,365.45,358.19,360.94,361.8,361.6,363.48,363.0,363.47,362.61,351.9
280,365.46,358.23,360.97,361.77,361.62,363.48,362.92,363.43,362.67,351.93
281,365.48,358.28,360.99,361.75,361.61,363.5,362.72,363.41,362.68,351.96
282,365.49,358.34,361.02,361.74,361.61,363.52,362.64,363.4,362.67,351.98
283,365.5,358.38,361.04,361.76,361.6,363.53,362.71,363.39,362.63,351.98
284,365.52,358.42,361.07,361.79,361.6,363.52,362.78,363.38,362.5,351.96
285,365.54,358.47,361.09,361.82,361.62,363.51,362.86,363.4,362.32,351.93
286,365.54,358.5,361.11,361.85,361.64,363.48,362.9,363.37,362.12,351.86
287,365.57,358.51,361.15,361.86,361.67,363.44,362.94,363.35,361.97,351.78
288,365.59,358.53,361.17,361.9,361.7,363.42,362.98,363.34,361.84,351.7
289,365.6,358.51,361.16,361.93,361.73,363.41,362.98,363.31,361.71,351.64
290,365.62,358.47,361.14,361.94,361.74,363.4,362.88,363.26,361.6,351.59
291,365.63,358.42,361.13,361.96,361.74,363.4,362.86,363.23,361.47,351.55
292,365.64,358.37,361.14,361.97,361.74,363.41,362.86,363.23,361.41,351.52
293,365.65,358.33,361.15,361.99,361.73,363.44,362.85,363.25,361.35,351.49
294,365.66,358.28,361.17,362.01,361.72,363.45,362.88,363.26,361.33,351.47
295,365.67,358.27,361.2,362.0,361.72,363.46,362.91,363.19,361.36,351.45
296,365.69,358.27,361.22,362.02,361.72,363.45,362.96,363.13,361.43,351.44
297,365.71,358.29,361.24,362.03,361.75,363.45,363.0,363.17,361.52,351.43
298,365.72,358.27,361.23,362.03,361.77,363.47,363.02,363.22,361.6,351.42
299,365.74,358.26,361.24,362.01,361.76,363.49,363.04,363.23,361.6,351.41
300,365.75,358.23,361.22,361.99,361.73,363.53,362.99,363.13,361.46,351.39
301,365.77,358.21,361.23,361.97,361.72,363.55,362.94,362.88,361.31,351.39
302,365.78,358.22,361.25,361.96,361.71,363.55,362.9,362.85,361.18,351.38
303,365.8,358.23,361.26,361.92,361.7,363.53,362.94,363.02,361.1,351.37
304,365.8,358.23,361.28,361.9,361.66,363.49,362.99,363.14,360.99,351.36
305,365.83,358.21,361.31,361.9,361.65,363.45,363.02,363.22,360.9,351.34
306,365.84,358.18,361.32,361.9,361.64,363.42,363.05,363.27,360.8,351.3
307,365.84,358.14,361.33,361.9,361.64,363.38,363.06,363.29,360.75,351.27
308,365.85,358.15,361.33,361.92,361.64,363.36,363.05,363.28,360.75,351.22
309,365.85,358.17,361.35,361.92,361.63,363.35,363.02,363.25,360.8,351.2
310,365.86,358.2,361.39,361.92,361.63,363.36,363.03,363.17,360.85,351.17
311,365.87,358.2,361.43,361.92,361.62,363.38,363.02,363.1,360.87,351.14
312,365.86,358.21,361.45,361.95,361.63,363.4,363.02,363.08,360.87,351.1
313,365.86,358.22,361.47,361.96,361.64,363.4,362.99,363.13,360.83,351.08
314,365.85,358.24,361.48,361.97,361.66,363.41,362.97,363.27,360.77,351.06
315,365.86,358.29,361.47,361.97,361.68,363.41,362.95,363.39,360.72,351.07
316,365.85,358.3,361.47,361.97,361.71,363.42,362.93,363.48,360.64,351.09
317,365.85,358.33,361.44,361.96,361.73,363.45,362.92,363.48,360.55,351.11
318,365.86,358.35,361.42,361.97,361.73,363.47,362.91,363.43,360.53,351.13
319,365.86,358.37,361.41,361.98,361.73,363.5,362.86,363.44,360.56,351.14
320,365.87,358.35,361.4,361.99,361.71,363.52,362.77,363.46,360.62,351.14
321,365.88,358.31,361.39,362.01,361.71,363.56,362.75,363.51,360.66,351.13
322,365.9,358.3,361.36,362.01,361.7,363.59,362.83,363.57,360.7,351.11
323,365.9,358.31,361.34,362.02,361.7,363.61,362.89,363.61,360.66,351.09
324,365.91,358.33,361.35,362.03,361.7,363.64,362.92,363.63,360.57,351.04
325,365.92,358.35,361.36,362.04,361.69,363.66,362.98,363.66,360.47,350.97
326,365.92,358.33,361.37,362.06,361.68,363.68,363.1,363.72,360.37,350.83
327,365.92,358.24,361.37,362.07,361.68,363.7,363.22,363.72,360.33,350.73
328,365.93,358.2,361.37,362.07,361.7,363.71,363.27,363.7,360.36,350.68
329,365.93,358.18,361.38,362.08,361.7,363.72,363.29,363.7,360.46,350.65
330,365.93,358.17,361.37,362.09,361.7,363.75,363.26,363.75,360.61,350.63
331,365.92,358.19,361.37,362.08,361.7,363.77,363.28,363.79,360.79,350.63
332,365.93,358.23,361.37,362.07,361.72,363.78,363.31,363.83,361.02,350.65
333,365.93,358.27,361.37,362.03,361.75,363.76,363.3,363.85,361.26,350.68
334,365.92,358.27,361.36,362.03,361.78,363.74,363.26,363.86,361.43,350.69
335,365.93,358.24,361.38,362.0,361.82,363.7,363.25,363.82,361.62,350.7
336,365.93,358.21,361.38,361.97,361.84,363.68,363.24,363.72,361.76,350.72
337,365.94,358.22,361.37,361.96,361.84,363.68,363.23,363.63,361.76,350.75
338,365.93,358.24,361.38,361.96,361.85,363.68,363.23,363.53,361.66,350.78
339,365.94,358.26,361.41,361.96,361.85,363.67,363.2,363.36,361.44,350.79
340,365.94,358.3,361.43,361.98,361.86,363.65,363.19,363.25,361.19,350.79
341,365.95,358.35,361.44,362.0,361.86,363.64,363.17,363.26,360.95,350.78
342,365.96,358.4,361.45,362.03,361.85,363.64,363.16,363.36,360.69,350.77
343,365.94,358.45,361.46,362.07,361.86,363.63,363.15,363.42,360.46,350.73
344,365.96,358.5,361.48,362.09,361.86,363.62,363.12,363.3,360.22,350.72
345,365.96,358.55,361.52,362.11,361.87,363.62,363.0,363.1,360.14,350.71
346,365.97,358.58,361.54,362.12,361.88,363.62,362.88,363.09,360.15,350.69
347,365.96,358.58,361.55,362.12,361.86,363.61,362.82,363.13,360.2,350.69
348,365.96,358.59,361.57,362.1,361.86,363.6,362.85,363.17,360.25,350.68
349,365.97,358.58,361.57,362.06,361.84,363.58,362.91,363.24,360.28,350.67
350,365.97,358.54,361.56,362.03,361.81,363.57,362.94,363.3,360.32,350.65
351,365.97,358.45,361.53,362.01,361.8,363.57,362.95,363.38,360.32,350.65
352,365.99,358.37,361.51,361.98,361.8,363.57,362.96,363.45,360.36,350.63
353,366.0,358.27,361.5,361.97,361.79,363.57,362.82,363.46,360.39,350.62
354,366.01,358.19,361.5,361.96,361.78,363.57,362.8,363.44,360.39,350.65
355,366.02,358.18,361.51,361.95,361.76,363.57,362.88,363.4,360.47,350.71
356,366.01,358.19,361.52,361.94,361.75,363.58,362.95,363.23,360.56,350.75
357,366.01,358.17,361.51,361.91,361.72,363.59,363.0,363.23,360.64,350.8
358,366.02,358.11,361.48,361.91,361.68,363.59,363.04,363.37,360.73,350.84
359,366.02,358.06,361.46,361.94,361.67,363.58,363.09,363.5,360.85,350.87
360,366.03,358.04,361.47,361.98,361.65,363.57,363.14,363.62,360.93,350.87
361,366.03,358.07,361.47,362.01,361.63,363.56,363.19,363.73,361.01,350.86
362,366.03,358.17,361.49,362.03,361.63,363.54,363.28,363.78,361.13,350.84
363,366.04,358.29,361.51,362.07,361.65,363.53,363.36,363.79,361.25,350.82
364,366.05,358.35,361.53,362.09,361.67,363.51,363.39,363.79,361.3,350.81
365,366.05,358.37,361.54,362.12,361.67,363.48,363.4,363.8,361.3,350.77
366,366.06,358.41,361.53,362.15,361.68,363.47,363.39,363.83,361.23,350.74
367,366.07,358.42,361.53,362.17,361.69,363.47,363.39,363.83,361.09,350.72
368,366.09,358.42,361.52,362.19,361.69,363.49,363.37,363.79,360.96,350.67
369,366.08,358.41,361.51,362.22,361.69,363.52,363.32,363.73,360.86,350.61
370,366.09,358.41,361.55,362.25,361.7,363.56,363.19,363.55,360.85,350.56
371,366.11,358.4,361.58,362.28,361.75,363.59,363.11,363.39,360.86,350.53
372,366.12,358.37,361.58,362.31,361.8,363.64,363.15,363.36,360.79,350.51
373,366.14,358.37,361.57,362.34,361.83,363.67,363.18,363.38,360.69,350.53
374,366.14,358.36,361.56,362.37,361.85,363.71,363.19,363.41,360.59,350.53
375,366.16,358.36,361.53,362.4,361.88,363.72,363.22,363.44,360.5,350.54
376,366.18,358.36,361.53,362.43,361.91,363.74,363.24,363.53,360.41,350.55
377,366.2,358.35,361.51,362.46,361.91,363.73,363.16,363.62,360.34,350.57
378,366.21,358.36,361.5,362.48,361.93,363.73,363.08,363.59,360.3,350.61
379,366.23,358.38,361.49,362.52,361.92,363.72,363.1,363.51,360.26,350.66
380,366.26,358.39,361.52,362.55,361.93,363.69,363.2,363.5,360.22,350.74
381,366.27,358.38,361.53,362.58,361.96,363.66,363.28,363.56,360.22,350.79
382,366.29,358.38,361.55,362.59,361.99,363.64,363.31,363.67,360.27,350.79
383,366.3,358.39,361.56,362.59,362.01,363.64,363.35,363.75,360.32,350.76
384,366.31,358.38,361.59,362.57,362.03,363.64,363.34,363.83,360.31,350.73
385,366.34,358.38,361.62,362.54,362.05,363.64,363.32,363.83,360.3,350.7
386,366.35,358.39,361.64,362.49,362.06,363.65,363.31,363.78,360.31,350.67
387,366.37,358.42,361.63,362.42,362.08,363.64,363.3,363.68,360.31,350.64
388,366.38,358.4,361.63,362.36,362.07,363.64,363.29,363.65,360.3,350.63
389,366.4,358.36,361.65,362.31,362.12,363.62,363.26,363.6,360.32,350.65
390,366.42,358.35,361.7,362.3,362.12,363.62,363.13,363.57,360.39,350.68
391,366.43,358.38,361.73,362.27,362.12,363.61,363.08,363.52,360.46,350.7
392,366.44,358.43,361.76,362.26,362.12,363.63,363.09,363.49,360.48,350.72
393,366.46,358.48,361.78,362.26,362.11,363.65,363.09,363.48,360.5,350.76
394,366.47,358.56,361.81,362.28,362.1,363.66,363.06,363.53,360.57,350.81
395,366.48,358.64,361.85,362.31,362.1,363.67,363.1,363.59,360.66,350.86
396,366.49,358.68,361.87,362.34,362.09,363.66,363.14,363.67,360.78,350.9
397,366.51,358.71,361.9,362.36,362.08,363.66,363.21,363.74,360.86,350.95
398,366.51,358.7,361.89,362.4,362.1,363.66,363.24,363.8,360.92,350.97
399,366.51,358.68,361.89,362.43,362.11,363.66,363.27,363.84,361.02,350.99
400,366.52,358.68,361.91,362.48,362.12,363.68,363.27,363.85,361.04,350.98
401,366.52,358.66,361.92,362.51,362.15,363.69,363.25,363.81,361.07,350.96
402,366.52,358.63,361.94,362.53,362.16,363.72,363.27,363.74,361.09,350.93
403,366.52,358.6,361.97,362.55,362.18,363.74,363.34,363.68,361.1,350.88
404,366.52,358.58,361.98,362.56,362.2,363.76,363.39,363.65,361.13,350.85
405,366.53,358.57,362.0,362.58,362.22,363.79,363.48,363.63,361.19,350.85
406,366.53,358.55,362.01,362.6,362.22,363.83,363.56,363.61,361.3,350.86
407,366.53,358.54,362.02,362.63,362.2,363.89,363.63,363.58,361.48,350.91
408,366.53,358.54,361.98,362.64,362.18,363.94,363.65,363.55,361.55,350.95
409,366.55,358.53,361.96,362.68,362.18,363.99,363.65,363.61,361.52,350.95
410,366.56,358.54,361.97,362.7,362.19,364.03,363.64,363.77,361.47,350.93
411,366.57,358.55,361.98,362.71,362.22,364.05,363.57,363.85,361.41,350.92
412,366.57,358.57,361.98,362.71,362.24,364.07,363.54,363.83,361.4,350.91
413,366.57,358.6,361.97,362.7,362.27,364.1,363.54,363.68,361.38,350.89
414,366.59,358.63,361.95,362.7,362.29,364.13,363.56,363.66,361.34,350.87
415,366.61,358.65,361.93,362.69,362.31,364.16,363.61,363.78,361.28,350.85
416,366.63,358.62,361.89,362.69,362.35,364.18,363.66,363.83,361.21,350.81
417,366.65,358.6,361.86,362.69,362.37,364.19,363.7,363.81,361.15,350.77
418,366.66,358.6,361.85,362.69,362.38,364.18,363.75,363.76,361.12,350.74
419,366.68,358.6,361.86,362.68,362.39,364.18,363.79,363.75,361.06,350.74
420,366.69,358.62,361.88,362.67,362.4,364.16,363.79,363.82,360.97,350.73
421,366.71,358.64,361.9,362.69,362.4,364.14,363.82,363.87,360.88,350.75
422,366.71,358.68,361.92,362.71,362.41,364.1,363.8,363.92,360.84,350.78
423,366.71,358.69,361.92,362.73,362.4,364.08,363.75,364.02,360.83,350.82
424,366.71,358.72,361.94,362.75,362.41,364.06,363.71,364.09,360.83,350.86
425,366.71,358.75,361.96,362.74,362.41,364.07,363.68,364.16,360.81,350.89
426,366.71,358.79,361.99,362.75,362.42,364.08,363.71,364.25,360.8,350.94
427,366.71,358.8,362.01,362.74,362.45,364.1,363.71,364.29,360.78,350.99
428,366.71,358.83,362.02,362.74,362.48,364.11,363.71,364.34,360.79,351.04
429,366.72,358.84,362.04,362.73,362.48,364.13,363.75,364.36,360.83,351.08
430,366.72,358.86,362.05,362.71,362.5,364.15,363.79,364.41,360.93,351.13
431,366.73,358.88,362.07,362.68,362.51,364.15,363.83,364.44,361.12,351.19
432,366.74,358.88,362.09,362.67,362.5,364.13,363.88,364.44,361.31,351.26
433,366.73,358.87,362.11,362.63,362.49,364.09,363.92,364.45,361.45,351.31
434,366.75,358.84,362.12,362.62,362.45,364.05,363.91,364.45,361.53,351.35
435,366.76,358.82,362.13,362.58,362.41,364.01,363.88,364.44,361.52,351.41
436,366.78,358.81,362.15,362.53,362.4,363.97,363.85,364.44,361.51,351.46
437,366.79,358.82,362.18,362.48,362.4,363.94,363.84,364.44,361.57,351.53
438,366.81,358.79,362.18,362.44,362.39,363.9,363.81,364.44,361.68,351.59
439,366.82,358.77,362.2,362.42,362.38,363.88,363.72,364.41,361.8,351.65
440,366.84,358.75,362.22,362.41,362.38,363.86,363.67,364.33,361.96,351.71
441,366.84,358.74,362.23,362.44,362.38,363.86,363.66,364.24,362.09,351.77
442,366.84,358.74,362.25,362.49,362.39,363.86,363.68,364.15,362.15,351.8
443,366.86,358.78,362.24,362.53,362.41,363.87,363.7,364.11,362.14,351.8
444,366.88,358.8,362.25,362.57,362.44,363.9,363.7,364.1,362.14,351.78
445,366.88,358.8,362.25,362.63,362.47,363.95,363.76,364.1,362.14,351.77
446,366.89,358.81,362.24,362.65,362.49,363.98,363.81,364.12,362.13,351.75
447,366.9,358.81,362.22,362.7,362.5,364.02,363.82,364.2,362.1,351.71
448,366.91,358.82,362.21,362.75,362.52,364.06,363.84,364.3,362.09,351.68
449,366.91,358.82,362.23,362.8,362.54,364.09,363.84,364.39,362.09,351.67
450,366.92,358.82,362.24,362.83,362.58,364.12,363.79,364.47,362.08,351.66
451,366.92,358.82,362.24,362.87,362.61,364.18,363.65,364.46,362.09,351.67
452,366.94,358.85,362.24,362.9,362.64,364.24,363.52,364.42,362.18,351.68
453,366.96,358.87,362.25,362.91,362.67,364.28,363.5,364.34,362.33,351.71
454,366.98,358.89,362.25,362.95,362.69,364.35,363.54,364.25,362.44,351.75
455,366.99,358.92,362.23,362.96,362.72,364.4,363.67,364.28,362.58,351.78
456,366.99,358.91,362.17,362.98,362.73,364.42,363.77,364.22,362.7,351.82
457,367.01,358.87,362.1,362.97,362.75,364.44,363.85,364.12,362.79,351.85
458,367.03,358.86,362.04,362.99,362.76,364.48,363.91,364.05,362.84,351.89
459,367.04,358.81,362.0,363.0,362.76,364.49,363.96,363.98,362.83,351.93
460,367.04,358.78,361.98,362.99,362.76,364.5,364.0,363.92,362.75,351.97
461,367.06,358.8,362.0,362.98,362.75,364.48,363.92,363.93,362.63,352.03
462,367.06,358.84,362.06,362.99,362.74,364.45,363.8,363.99,362.52,352.06
463,367.07,358.88,362.11,362.98,362.71,364.42,363.7,363.94,362.45,352.09
464,367.07,358.95,362.18,362.95,362.7,364.39,363.62,363.9,362.4,352.16
465,367.07,359.0,362.23,362.9,362.68,364.37,363.56,363.94,362.35,352.24
466,367.07,359.04,362.26,362.83,362.65,364.33,363.53,364.01,362.32,352.31
467,367.08,359.1,362.29,362.77,362.62,364.32,363.53,364.03,362.31,352.39
468,367.08,359.13,362.33,362.7,362.57,364.27,363.54,364.09,362.29,352.46
469,367.09,359.18,362.35,362.63,362.54,364.24,363.58,364.14,362.23,352.5
470,367.1,359.25,362.37,362.56,362.48,364.23,363.69,364.17,362.15,352.57
471,367.1,359.32,362.39,362.5,362.43,364.19,363.79,364.18,362.06,352.63
472,367.09,359.33,362.4,362.44,362.39,364.18,363.85,364.29,362.05,352.66
473,367.1,359.32,362.42,362.39,362.36,364.14,363.89,364.36,362.11,352.68
474,367.1,359.3,362.45,362.34,362.33,364.13,363.93,364.39,362.21,352.68
475,367.11,359.26,362.47,362.29,362.31,364.11,363.95,364.46,362.34,352.69
476,367.12,359.22,362.5,362.23,362.27,364.09,363.96,364.52,362.45,352.67
477,367.13,359.2,362.53,362.19,362.24,364.09,364.0,364.55,362.54,352.66
478,367.16,359.2,362.57,362.17,362.21,364.08,363.97,364.56,362.67,352.67
479,367.17,359.19,362.6,362.18,362.18,364.06,363.95,364.6,362.83,352.64
480,367.2,359.15,362.61,362.21,362.16,364.04,363.97,364.63,362.91,352.63
481,367.21,359.14,362.63,362.24,362.15,364.03,363.95,364.64,362.94,352.62
482,367.23,359.12,362.63,362.31,362.15,364.02,363.92,364.67,362.99,352.6
483,367.24,359.11,362.63,362.38,362.16,364.02,363.92,364.67,363.01,352.59
484,367.26,359.11,362.61,362.45,362.18,364.02,363.95,364.57,362.99,352.57
485,367.27,359.13,362.6,362.49,362.22,364.03,363.98,364.49,362.92,352.57
486,367.28,359.17,362.58,362.52,362.25,364.04,363.99,364.54,362.83,352.55
487,367.29,359.26,362.58,362.54,362.29,364.05,363.96,364.61,362.76,352.51
488,367.31,359.36,362.61,362.56,362.34,364.05,363.92,364.66,362.73,352.47
489,367.32,359.4,362.64,362.59,362.39,364.06,363.92,364.68,362.71,352.45
490,367.32,359.42,362.66,362.62,362.42,364.09,363.91,364.67,362.69,352.43
491,367.32,359.39,362.66,362.64,362.45,364.12,363.91,364.68,362.62,352.37
492,367.32,359.35,362.67,362.65,362.48,364.17,363.94,364.64,362.55,352.32
493,367.33,359.33,362.66,362.68,362.52,364.22,363.95,364.52,362.48,352.29
494,367.34,359.38,362.65,362.71,362.54,364.27,363.98,364.41,362.43,352.25
495,367.34,359.39,362.61,362.73,362.56,364.3,363.99,364.35,362.39,352.25
496,367.36,359.39,362.59,362.76,362.63,364.35,364.04,364.26,362.31,352.26
497,367.38,359.38,362.6,362.79,362.65,364.4,364.06,364.16,362.26,352.26
498,367.38,359.35,362.61,362.81,362.65,364.45,364.04,364.12,362.18,352.28
499,367.39,359.34,362.61,362.82,362.65,364.47,363.99,364.16,362.04,352.29
500,367.38,359.3,362.59,362.84,362.64,364.49,363.94,364.3,361.9,352.28
501,367.4,359.27,362.57,362.86,362.65,364.49,363.92,364.45,361.8,352.27
502,367.41,359.23,362.56,362.87,362.65,364.48,363.9,364.54,361.69,352.26
503,367.42,359.19,362.54,362.9,362.63,364.46,363.95,364.66,361.57,352.26
504,367.42,359.14,362.52,362.92,362.61,364.44,364.05,364.76,361.5,352.27
505,367.42,359.12,362.48,362.94,362.58,364.44,364.12,364.79,361.45,352.27
506,367.44,359.12,362.42,362.95,362.57,364.42,364.18,364.76,361.42,352.25
507,367.44,359.12,362.35,362.95,362.56,364.41,364.21,364.69,361.43,352.24
508,367.45,359.15,362.34,362.95,362.56,364.39,364.23,364.62,361.47,352.27
509,367.46,359.19,362.33,362.97,362.57,364.39,364.27,364.58,361.55,352.32
510,367.46,359.22,362.31,363.0,362.56,364.39,364.26,364.57,361.59,352.37
511,367.45,359.24,362.32,363.02,362.57,364.38,364.27,364.58,361.57,352.41
512,367.45,359.27,362.31,363.04,362.59,364.36,364.29,364.64,361.58,352.45
513,367.43,359.33,362.31,363.04,362.62,364.35,364.31,364.73,361.58,352.48
514,367.44,359.36,362.29,363.04,362.65,364.35,364.29,364.62,361.57,352.49
515,367.44,359.4,362.27,363.02,362.68,364.35,364.19,364.39,361.58,352.49
516,367.44,359.47,362.27,363.0,362.71,364.36,364.2,364.31,361.59,352.48
517,367.47,359.51,362.3,362.94,362.74,364.37,364.23,364.17,361.58,352.5
518,367.47,359.55,362.34,362.9,362.75,364.38,364.22,364.04,361.56,352.51
519,367.47,359.56,362.38,362.86,362.77,364.4,364.04,364.03,361.55,352.53
520,367.48,359.54,362.45,362.84,362.78,364.43,363.91,364.02,361.55,352.57
521,367.5,359.53,362.5,362.84,362.78,364.47,363.85,364.08,361.57,352.59
522,367.51,359.54,362.56,362.84,362.75,364.5,363.8,364.27,361.6,352.61
523,367.52,359.5,362.58,362.85,362.74,364.52,363.8,364.39,361.64,352.61
524,367.54,359.44,362.58,362.89,362.74,364.55,363.89,364.55,361.64,352.62
525,367.55,359.4,362.59,362.93,362.75,364.56,363.97,364.71,361.67,352.6
526,367.56,359.37,362.59,362.96,362.76,364.54,364.04,364.8,361.69,352.56
527,367.57,359.36,362.58,363.0,362.78,364.49,364.11,364.86,361.76,352.52
528,367.59,359.33,362.55,363.05,362.8,364.44,364.14,364.95,361.86,352.47
529,367.59,359.33,362.51,363.1,362.82,364.4,364.16,365.02,361.97,352.44
530,367.61,359.37,362.48,363.13,362.83,364.39,364.14,365.04,362.05,352.43
531,367.62,359.43,362.48,363.16,362.85,364.38,364.16,365.04,362.11,352.47
532,367.62,359.47,362.49,363.16,362.84,364.4,364.16,364.97,362.18,352.51
533,367.62,359.52,362.54,363.15,362.84,364.43,364.21,364.78,362.25,352.56
534,367.62,359.56,362.59,363.13,362.81,364.44,364.23,364.63,362.22,352.61
535,367.6,359.58,362.59,363.12,362.79,364.44,364.2,364.53,362.21,352.63
536,367.59,359.61,362.59,363.1,362.77,364.44,364.14,364.47,362.23,352.63
537,367.59,359.66,362.57,363.09,362.76,364.43,364.11,364.5,362.23,352.61
538,367.6,359.69,362.54,363.09,362.76,364.43,364.1,364.59,362.19,352.61
539,367.59,359.71,362.52,363.09,362.75,364.42,364.11,364.66,362.12,352.59
540,367.6,359.72,362.5,363.09,362.74,364.43,364.16,364.75,362.08,352.58
541,367.61,359.72,362.48,363.09,362.73,364.44,364.2,364.83,362.09,352.56
542,367.62,359.74,362.47,363.08,362.7,364.47,364.3,364.91,362.16,352.53
543,367.63,359.68,362.46,363.07,362.67,364.52,364.36,364.98,362.26,352.52
544,367.65,359.61,362.46,363.05,362.65,364.55,364.39,364.95,362.36,352.53
545,367.65,359.55,362.47,363.03,362.66,364.59,364.42,364.88,362.46,352.55
546,367.65,359.51,362.46,363.01,362.65,364.63,364.43,364.82,362.53,352.55
547,367.66,359.51,362.47,363.01,362.67,364.66,364.45,364.78,362.63,352.61
548,367.66,359.51,362.49,363.0,362.68,364.68,364.5,364.79,362.72,352.66
549,367.68,359.51,362.51,363.0,362.69,364.72,364.54,364.84,362.76,352.7
550,367.68,359.53,362.54,363.0,362.71,364.75,364.56,364.9,362.77,352.71
551,367.68,359.52,362.59,363.0,362.7,364.77,364.58,364.93,362.77,352.73
552,367.69,359.52,362.64,363.01,362.67,364.8,364.56,364.94,362.71,352.73
553,367.7,359.56,362.68,363.01,362.68,364.82,364.57,364.92,362.58,352.7
554,367.7,359.6,362.7,363.01,362.69,364.85,364.58,364.94,362.44,352.66
555,367.7,359.66,362.72,363.02,362.71,364.87,364.61,365.01,362.36,352.65
556,367.7,359.71,362.74,363.04,362.74,364.9,364.62,365.1,362.28,352.67
557,367.7,359.72,362.75,363.08,362.76,364.91,364.65,365.22,362.22,352.7
558,367.7,359.74,362.77,363.11,362.78,364.92,364.69,365.29,362.13,352.74
559,367.7,359.74,362.8,363.16,362.81,364.92,364.73,365.36,362.09,352.78
560,367.68,359.75,362.8,363.19,362.87,364.9,364.69,365.39,362.06,352.85
561,367.68,359.77,362.77,363.23,362.91,364.87,364.6,365.39,362.1,352.94
562,367.7,359.77,362.72,363.25,362.95,364.83,364.59,365.43,362.19,353.01
563,367.7,359.76,362.69,363.27,362.98,364.81,364.59,365.43,362.3,353.05
564,367.71,359.74,362.67,363.29,362.98,364.81,364.62,365.35,362.44,353.07
565,367.72,359.71,362.68,363.3,362.97,364.82,364.61,365.33,362.6,353.08
566,367.73,359.68,362.71,363.3,362.96,364.84,364.61,365.33,362.73,353.07
567,367.74,359.63,362.76,363.29,362.94,364.84,364.6,365.29,362.8,353.04
568,367.75,359.6,362.8,363.29,362.94,364.83,364.59,365.29,362.86,353.03
569,367.77,359.56,362.87,363.28,362.94,364.83,364.54,365.33,362.89,352.99
570,367.79,359.54,362.93,363.28,362.94,364.85,364.53,365.36,362.87,352.99
571,367.8,359.55,362.96,363.29,362.96,364.85,364.5,365.37,362.83,353.01
572,367.82,359.57,362.97,363.29,362.97,364.84,364.5,365.35,362.8,353.02
573,367.84,359.58,362.99,363.31,362.99,364.85,364.5,365.28,362.81,353.01
574,367.87,359.59,363.01,363.32,363.0,364.86,364.55,365.19,362.84,352.99
575,367.88,359.59,363.01,363.35,363.03,364.88,364.61,365.13,362.85,352.97
576,367.9,359.58,362.99,363.38,363.03,364.91,364.63,365.07,362.87,352.96
577,367.91,359.58,362.96,363.42,363.05,364.93,364.63,365.0,362.88,352.95
578,367.94,359.59,362.9,363.47,363.08,364.96,364.67,364.93,362.86,352.96
579,367.96,359.61,362.82,363.49,363.1,364.97,364.75,364.91,362.79,352.98
580,367.98,359.62,362.78,363.52,363.12,364.96,364.79,364.89,362.71,352.99
581,368.01,359.62,362.74,363.55,363.13,364.92,364.84,364.88,362.7,353.02
582,368.02,359.63,362.71,363.58,363.11,364.9,364.87,364.9,362.72,353.06
583,368.03,359.65,362.68,363.58,363.07,364.87,364.86,364.88,362.79,353.11
584,368.06,359.7,362.67,363.58,363.05,364.86,364.85,364.85,362.88,353.17
585,368.07,359.73,362.65,363.56,363.0,364.84,364.84,364.88,362.94,353.21
586,368.09,359.77,362.66,363.55,362.97,364.82,364.83,364.91,363.0,353.25
587,368.11,359.81,362.67,363.53,362.93,364.79,364.77,364.95,362.96,353.28
588,368.14,359.81,362.72,363.52,362.9,364.76,364.63,364.94,362.92,353.33
589,368.15,359.79,362.77,363.51,362.88,364.76,364.53,365.0,362.91,353.36
590,368.16,359.74,362.81,363.49,362.88,364.76,364.44,365.04,362.92,353.4
591,368.16,359.75,362.85,363.45,362.9,364.75,364.38,365.04,362.92,353.44
592,368.16,359.77,362.87,363.43,362.9,364.76,364.33,364.98,362.94,353.46
593,368.16,359.8,362.91,363.41,362.9,364.75,364.32,365.02,362.95,353.46
594,368.16,359.82,362.93,363.4,362.88,364.77,364.38,365.16,362.93,353.45
595,368.16,359.86,362.98,363.4,362.86,364.78,364.45,365.28,362.9,353.45
596,368.16,359.89,363.04,363.42,362.85,364.8,364.43,365.39,362.86,353.47
597,368.16,359.92,363.07,363.43,362.87,364.81,364.39,365.49,362.8,353.48
598,368.16,359.96,363.1,363.45,362.89,364.81,364.39,365.56,362.71,353.5
599,368.17,360.01,363.13,363.45,362.94,364.81,364.42,365.58,362.62,353.52
600,368.17,360.04,363.16,363.46,362.98,364.8,364.44,365.6,362.54,353.56
601,368.17,360.05,363.18,363.46,363.0,364.8,364.48,365.56,362.46,353.6
602,368.18,360.02,363.19,363.44,363.01,364.8,364.51,365.29,362.45,353.63
603,368.2,359.98,363.23,363.45,363.02,364.82,364.58,365.0,362.51,353.65
604,368.22,359.96,363.24,363.46,363.04,364.82,364.66,364.84,362.66,353.69
605,368.23,359.92,363.26,363.48,363.04,364.85,364.67,364.82,362.91,353.72
606,368.25,359.9,363.29,363.48,363.07,364.86,364.57,364.84,363.07,353.76
607,368.25,359.89,363.3,363.5,363.07,364.86,364.53,364.88,363.08,353.73
608,368.25,359.87,363.31,363.53,363.08,364.89,364.45,364.94,363.05,353.72
609,368.26,359.86,363.32,363.55,363.09,364.89,364.42,365.02,363.02,353.72
610,368.27,359.85,363.35,363.56,363.13,364.9,364.45,365.1,362.98,353.71
611,368.27,359.86,363.35,363.57,363.15,364.91,364.55,365.14,362.93,353.7
612,368.28,359.87,363.36,363.56,363.17,364.91,364.64,365.12,362.89,353.68
613,368.29,359.88,363.38,363.55,363.19,364.91,364.56,365.14,362.86,353.65
614,368.29,359.83,363.39,363.55,363.2,364.92,364.37,365.17,362.82,353.59
615,368.31,359.78,363.4,363.54,363.22,364.94,364.3,365.16,362.73,353.57
616,368.32,359.78,363.4,363.54,363.21,364.96,364.32,365.17,362.68,353.59
617,368.32,359.78,363.41,363.56,363.21,364.99,364.35,365.21,362.67,353.61
618,368.33,359.8,363.42,363.58,363.22,365.02,364.4,365.25,362.69,353.63
619,368.32,359.81,363.42,363.59,363.24,365.05,364.48,365.28,362.71,353.66
620,368.34,359.82,363.42,363.62,363.27,365.08,364.61,365.31,362.72,353.71
621,368.36,359.82,363.42,363.63,363.3,365.1,364.74,365.35,362.76,353.77
622,368.37,359.86,363.39,363.67,363.34,365.13,364.88,365.33,362.86,353.79
623,368.39,359.93,363.36,363.71,363.39,365.16,364.84,365.23,362.97,353.75
624,368.39,359.95,363.32,363.74,363.43,365.18,364.62,365.1,362.98,353.7
625,368.4,359.97,363.3,363.77,363.46,365.2,364.37,365.03,362.92,353.66
626,368.41,359.99,363.29,363.79,363.5,365.23,364.24,365.07,362.83,353.63
627,368.41,360.02,363.3,363.82,363.52,365.25,364.24,365.1,362.75,353.6
628,368.43,360.03,363.31,363.83,363.54,365.25,364.39,365.11,362.65,353.6
629,368.43,360.06,363.33,363.87,363.56,365.28,364.58,365.03,362.52,353.6
630,368.44,360.08,363.36,363.9,363.57,365.31,364.72,365.0,362.41,353.64
631,368.46,360.12,363.39,363.94,363.59,365.34,364.81,365.15,362.4,353.66
632,368.48,360.17,363.42,363.97,363.6,365.36,364.75,365.21,362.46,353.68
633,368.5,360.19,363.43,363.99,363.6,365.38,364.75,365.19,362.49,353.68
634,368.51,360.21,363.42,363.99,363.61,365.4,364.78,365.16,362.48,353.7
635,368.52,360.23,363.44,364.0,363.62,365.39,364.73,365.14,362.52,353.72
636,368.53,360.22,363.42,363.99,363.61,365.39,364.67,365.17,362.56,353.73
637,368.54,360.19,363.42,363.96,363.61,365.39,364.66,365.23,362.57,353.74
638,368.56,360.16,363.44,363.94,363.58,365.37,364.7,365.28,362.53,353.76
639,368.57,360.19,363.44,363.94,363.58,365.38,364.77,365.33,362.51,353.79
640,368.59,360.24,363.46,363.95,363.56,365.39,364.84,365.36,362.48,353.79
641,368.61,360.28,363.48,363.95,363.57,365.38,364.95,365.31,362.45,353.84
642,368.62,360.27,363.49,363.94,363.55,365.37,365.01,365.3,362.44,353.85
643,368.64,360.22,363.5,363.95,363.51,365.36,364.95,365.3,362.47,353.86
644,368.64,360.19,363.51,363.95,363.5,365.36,364.89,365.33,362.5,353.85
645,368.65,360.15,363.52,363.95,363.48,365.37,364.89,365.41,362.52,353.79
646,368.66,360.13,363.53,363.96,363.5,365.38,364.9,365.45,362.56,353.73
647,368.67,360.09,363.54,363.96,363.51,365.36,364.86,365.42,362.61,353.66
648,368.68,360.08,363.55,363.96,363.54,365.35,364.85,365.35,362.65,353.61
649,368.69,360.06,363.56,363.95,363.54,365.36,364.92,365.32,362.62,353.56
650,368.7,360.05,363.54,363.95,363.52,365.36,364.97,365.31,362.62,353.54
651,368.71,360.05,363.51,363.96,363.51,365.35,364.98,365.36,362.65,353.58
652,368.72,360.08,363.49,363.97,363.5,365.34,365.03,365.47,362.72,353.62
653,368.72,360.1,363.45,364.0,363.49,365.31,365.07,365.61,362.76,353.64
654,368.73,360.11,363.43,364.0,363.48,365.27,365.11,365.68,362.83,353.66
655,368.73,360.14,363.41,364.01,363.5,365.25,365.14,365.69,362.91,353.69
656,368.73,360.17,363.4,364.02,363.52,365.23,365.16,365.68,363.01,353.74
657,368.73,360.21,363.39,364.03,363.54,365.21,365.17,365.68,363.11,353.77
658,368.73,360.27,363.4,364.06,363.58,365.19,365.17,365.68,363.25,353.85
659,368.73,360.29,363.42,364.08,363.62,365.2,365.17,365.63,363.28,353.92
660,368.74,360.32,363.44,364.1,363.64,365.22,365.14,365.56,363.29,353.96
661,368.73,360.36,363.45,364.11,363.65,365.25,365.14,365.53,363.31,353.99
662,368.74,360.4,363.48,364.11,363.66,365.27,365.17,365.55,363.32,354.0
663,368.74,360.45,363.51,364.1,363.66,365.3,365.17,365.55,363.31,354.03
664,368.73,360.48,363.54,364.09,363.65,365.33,365.17,365.43,363.29,354.04
665,368.73,360.51,363.57,364.09,363.64,365.37,365.17,365.44,363.27,354.07
666,368.75,360.55,363.6,364.08,363.62,365.42,364.99,365.53,363.24,354.1
667,368.74,360.57,363.63,364.07,363.6,365.47,364.76,365.59,363.22,354.13
668,368.76,360.57,363.66,364.09,363.59,365.51,364.8,365.64,363.2,354.16
669,368.76,360.58,363.69,364.08,363.6,365.54,364.95,365.7,363.24,354.18
670,368.78,360.58,363.71,364.09,363.6,365.54,365.12,365.72,363.28,354.19
671,368.78,360.58,363.7,364.09,363.59,365.53,365.26,365.73,363.33,354.21
672,368.79,360.57,363.71,364.07,363.58,365.52,365.34,365.84,363.36,354.22
673,368.79,360.56,363.72,364.06,363.59,365.5,365.39,365.96,363.38,354.26
674,368.81,360.54,363.74,364.05,363.61,365.47,365.42,366.0,363.37,354.32
675,368.82,360.51,363.75,364.06,363.62,365.46,365.43,366.07,363.39,354.41
676,368.84,360.51,363.78,364.06,363.66,365.44,365.44,366.11,363.43,354.51
677,368.85,360.48,363.8,364.07,363.71,365.45,365.39,366.0,363.39,354.59
678,368.86,360.46,363.82,364.09,363.73,365.45,365.37,365.89,363.39,354.62
679,368.87,360.45,363.81,364.13,363.76,365.46,365.33,365.9,363.37,354.65
680,368.89,360.44,363.8,364.14,363.79,365.47,365.26,366.01,363.38,354.67
681,368.91,360.45,363.79,364.15,363.82,365.47,365.21,366.12,363.43,354.69
682,368.92,360.46,363.79,364.12,363.86,365.44,365.16,366.17,363.51,354.7
683,368.92,360.46,363.8,364.1,363.88,365.4,365.1,366.12,363.61,354.71
684,368.92,360.47,363.79,364.11,363.89,365.38,365.04,366.06,363.76,354.72
685,368.92,360.44,363.77,364.12,363.88,365.38,365.03,365.98,363.97,354.73
686,368.93,360.43,363.76,364.11,363.87,365.39,364.83,365.89,364.1,354.7
687,368.94,360.44,363.76,364.06,363.86,365.41,364.74,365.87,364.12,354.68
688,368.93,360.46,363.78,364.04,363.84,365.43,364.72,365.91,364.09,354.65
689,368.94,360.49,363.82,364.04,363.84,365.45,364.74,365.95,364.02,354.63
690,368.94,360.54,363.84,364.06,363.84,365.46,364.76,365.96,363.91,354.61
691,368.94,360.56,363.87,364.07,363.83,365.47,364.78,366.0,363.84,354.57
692,368.94,360.6,363.88,364.09,363.82,365.48,364.82,366.08,363.8,354.54
693,368.94,360.63,363.89,364.12,363.8,365.49,364.9,366.1,363.76,354.53
694,368.93,360.67,363.87,364.14,363.77,365.5,365.05,366.13,363.72,354.52
695,368.95,360.69,363.79,364.17,363.74,365.52,365.13,366.2,363.75,354.5
696,368.96,360.7,363.72,364.21,363.73,365.55,365.08,366.16,363.88,354.52
697,368.98,360.67,363.68,364.23,363.72,365.54,365.08,366.07,364.04,354.55
698,368.98,360.63,363.66,364.26,363.72,365.54,365.06,366.04,364.18,354.58
699,368.99,360.59,363.65,364.28,363.73,365.53,365.03,365.99,364.28,354.61
700,368.99,360.6,363.64,364.28,363.74,365.52,365.0,365.95,364.41,354.64
701,369.0,360.63,363.64,364.3,363.74,365.52,364.99,365.93,364.53,354.68
702,369.0,360.68,363.65,364.3,363.77,365.51,365.03,365.91,364.69,354.7
703,369.0,360.7,363.65,364.31,363.77,365.51,365.08,365.9,364.82,354.73
704,369.01,360.73,363.66,364.31,363.78,365.52,365.17,365.94,364.92,354.79
705,369.01,360.75,363.68,364.31,363.79,365.54,365.27,366.0,364.87,354.85
706,369.02,360.75,363.68,364.29,363.79,365.55,365.33,366.11,364.77,354.88
707,369.02,360.72,363.69,364.26,363.79,365.57,365.41,366.21,364.7,354.9
708,369.03,360.7,363.71,364.24,363.79,365.59,365.49,366.27,364.63,354.92
709,369.05,360.68,363.73,364.25,363.78,365.6,365.57,366.33,364.53,354.92
710,369.06,360.71,363.79,364.25,363.79,365.59,365.63,366.39,364.41,354.91
711,369.07,360.73,363.84,364.26,363.78,365.58,365.67,366.41,364.26,354.9
712,369.07,360.73,363.89,364.27,363.77,365.57,365.69,366.37,364.13,354.9
713,369.1,360.73,363.95,364.3,363.75,365.56,365.72,366.32,363.98,354.86
714,369.13,360.74,363.98,364.32,363.73,365.52,365.72,366.25,363.89,354.85
715,369.15,360.75,363.97,364.35,363.72,365.48,365.7,366.15,363.85,354.83
716,369.17,360.78,363.97,364.35,363.72,365.46,365.72,365.97,363.82,354.83
717,369.18,360.79,363.95,364.35,363.74,365.46,365.76,365.89,363.78,354.83
718,369.19,360.79,363.94,364.34,363.75,365.49,365.78,366.03,363.78,354.86
719,369.2,360.79,363.93,364.32,363.77,365.52,365.76,366.1,363.81,354.9
720,369.21,360.79,363.93,364.27,363.81,365.55,365.73,366.04,363.87,354.94
721,369.23,360.8,363.94,364.2,363.83,365.57,365.51,366.08,363.92,355.02
722,369.25,360.81,363.96,364.14,363.84,365.6,365.34,366.23,363.93,355.08
723,369.26,360.77,363.98,364.08,363.85,365.63,365.32,366.39,363.95,355.11
724,369.27,360.7,364.0,364.06,363.82,365.66,365.38,366.45,364.01,355.1
725,369.29,360.66,364.05,364.06,363.8,365.7,365.46,366.41,364.07,355.11
726,369.29,360.66,364.07,364.12,363.79,365.73,365.49,366.3,364.07,355.09
727,369.3,360.72,364.11,364.16,363.8,365.76,365.56,366.21,364.05,355.09
728,369.31,360.78,364.11,364.19,363.81,365.78,365.63,366.18,364.06,355.11
729,369.33,360.83,364.09,364.22,363.84,365.79,365.69,366.15,364.1,355.13
730,369.34,360.88,364.03,364.27,363.9,365.79,365.77,366.15,364.17,355.21
731,369.35,360.9,363.94,364.33,363.97,365.78,365.81,366.2,364.13,355.27
732,369.36,360.93,363.87,364.39,364.02,365.76,365.83,366.22,364.08,355.31
733,369.36,360.89,363.82,364.42,364.06,365.77,365.82,366.21,364.04,355.33
734,369.37,360.81,363.8,364.48,364.08,365.8,365.75,366.28,364.02,355.35
735,369.37,360.75,363.79,364.54,364.1,365.81,365.55,366.33,364.04,355.34
736,369.36,360.67,363.78,364.56,364.12,365.83,365.5,366.32,364.07,355.32
737,369.37,360.63,363.81,364.57,364.14,365.86,365.57,366.31,364.12,355.28
738,369.38,360.63,363.82,364.58,364.14,365.87,365.63,366.29,364.15,355.22
739,369.39,360.68,363.84,364.58,364.14,365.89,365.74,366.25,364.15,355.13
740,369.4,360.78,363.83,364.57,364.15,365.91,365.86,366.12,364.18,355.05
741,369.41,360.87,363.82,364.52,364.15,365.91,365.85,365.98,364.19,355.0
742,369.41,360.93,363.78,364.49,364.15,365.92,365.7,365.93,364.19,354.98
743,369.41,360.98,363.77,364.44,364.15,365.93,365.56,365.92,364.2,354.94
744,369.4,361.06,363.78,364.41,364.15,365.93,365.5,365.9,364.21,354.92
745,369.42,361.14,363.82,364.38,364.15,365.93,365.5,365.84,364.22,354.89
746,369.42,361.19,363.85,364.38,364.16,365.91,365.47,365.82,364.2,354.86
747,369.41,361.23,363.87,364.38,364.17,365.9,365.44,365.85,364.17,354.85
748,369.4,361.3,363.92,364.4,364.19,365.9,365.48,365.98,364.09,354.82
749,369.39,361.33,363.99,364.41,364.2,365.88,365.58,366.13,364.02,354.81
750,369.39,361.34,364.04,364.42,364.21,365.87,365.64,366.23,364.04,354.84
751,369.38,361.31,364.09,364.42,364.22,365.88,365.68,366.29,364.01,354.87
752,369.38,361.29,364.13,364.42,364.22,365.89,365.73,366.33,363.99,354.93
753,369.38,361.25,364.18,364.42,364.23,365.89,365.81,366.39,363.98,354.98
754,369.38,361.18,364.22,364.43,364.25,365.88,365.91,366.44,363.97,355.05
755,369.38,361.1,364.25,364.45,364.25,365.88,365.97,366.53,363.97,355.12
756,369.39,361.02,364.3,364.49,364.26,365.88,366.03,366.63,363.99,355.18
757,369.4,360.94,364.34,364.48,364.29,365.88,366.03,366.68,364.01,355.25
758,369.4,360.91,364.34,364.47,364.28,365.88,365.99,366.66,364.02,355.32
759,369.4,360.93,364.32,364.45,364.28,365.89,365.96,366.69,364.03,355.34
760,369.39,360.97,364.3,364.43,364.28,365.92,365.95,366.74,364.06,355.36
761,369.4,361.03,364.29,364.42,364.28,365.93,365.93,366.76,364.12,355.4
762,369.4,361.08,364.26,364.41,364.26,365.96,365.88,366.76,364.19,355.43
763,369.39,361.12,364.24,364.41,364.26,366.0,365.85,366.67,364.23,355.47
764,369.39,361.17,364.22,364.41,364.24,366.0,365.8,366.61,364.3,355.5
765,369.4,361.2,364.19,364.38,364.23,366.0,365.77,366.64,364.38,355.53
766,369.39,361.18,364.18,364.38,364.22,366.0,365.77,366.67,364.47,355.54
767,369.39,361.14,364.18,364.39,364.22,365.99,365.75,366.67,364.66,355.56
768,369.4,361.11,364.17,364.41,364.21,365.98,365.8,366.67,364.92,355.55
769,369.4,361.09,364.18,364.47,364.21,365.98,365.88,366.68,365.1,355.56
770,369.41,361.07,364.18,364.54,364.21,365.97,365.93,366.7,365.29,355.56
771,369.41,361.09,364.18,364.59,364.23,365.96,365.95,366.73,365.5,355.57
772,369.43,361.12,364.19,364.64,364.26,365.97,365.96,366.74,365.67,355.58
773,369.44,361.16,364.2,364.66,364.27,365.97,365.98,366.71,365.82,355.6
774,369.44,361.18,364.21,364.65,364.28,365.98,366.01,366.71,365.89,355.6
775,369.45,361.17,364.2,364.64,364.27,365.99,366.06,366.72,365.91,355.61
776,369.43,361.19,364.18,364.64,364.29,366.01,366.13,366.77,365.94,355.6
777,369.43,361.21,364.18,364.65,364.32,366.02,366.18,366.84,366.05,355.63
778,369.42,361.25,364.2,364.68,364.34,366.07,366.14,366.88,366.14,355.64
779,369.42,361.3,364.22,364.7,364.36,366.1,365.93,366.84,366.2,355.67
780,369.43,361.32,364.24,364.72,364.35,366.15,365.74,366.76,366.24,355.72
781,369.44,361.34,364.24,364.74,364.35,366.18,365.63,366.7,366.26,355.75
782,369.43,361.36,364.22,364.75,364.32,366.2,365.58,366.69,366.22,355.77
783,369.44,361.39,364.2,364.76,364.3,366.22,365.59,366.67,366.18,355.8
784,369.46,361.43,364.2,364.78,364.3,366.21,365.69,366.64,366.11,355.83
785,369.47,361.41,364.22,364.78,364.32,366.2,365.78,366.58,366.12,355.89
786,369.49,361.35,364.26,364.78,364.32,366.2,365.81,366.55,366.14,355.93
787,369.49,361.3,364.28,364.79,364.35,366.18,365.84,366.58,366.13,355.97
788,369.51,361.28,364.33,364.79,364.37,366.17,365.89,366.61,366.06,356.03
789,369.52,361.29,364.37,364.8,364.39,366.15,365.93,366.64,365.86,356.07
790,369.54,361.29,364.4,364.81,364.4,366.13,365.95,366.67,365.62,356.11
791,369.54,361.26,364.43,364.82,364.4,366.12,365.98,366.74,365.42,356.13
792,369.55,361.28,364.46,364.84,364.39,366.11,365.99,366.84,365.28,356.14
793,369.58,361.36,364.51,364.84,364.38,366.1,366.0,366.84,365.18,356.18
794,369.59,361.49,364.52,364.86,364.35,366.09,365.89,366.76,365.2,356.21
795,369.6,361.55,364.54,364.88,364.34,366.11,365.85,366.75,365.19,356.22
796,369.61,361.61,364.55,364.86,364.31,366.1,365.86,366.76,365.16,356.23
797,369.61,361.64,364.57,364.83,364.3,366.12,365.89,366.8,365.19,356.23
798,369.62,361.67,364.61,364.81,364.29,366.13,365.92,366.91,365.24,356.23
799,369.64,361.68,364.63,364.79,364.3,366.14,365.96,366.98,365.33,356.23
800,369.65,361.68,364.66,364.8,364.31,366.17,365.98,367.06,365.39,356.24
801,369.66,361.67,364.67,364.83,364.31,366.18,366.03,367.12,365.41,356.25
802,369.67,361.67,364.72,364.86,364.35,366.2,366.12,367.17,365.41,356.28
803,369.69,361.7,364.79,364.89,364.41,366.22,366.16,367.21,365.37,356.31
804,369.7,361.71,364.81,364.88,364.44,366.24,366.13,367.25,365.36,356.33
805,369.72,361.72,364.82,364.85,364.48,366.27,366.1,367.29,365.34,356.37
806,369.72,361.7,364.84,364.84,364.51,366.3,366.09,367.34,365.35,356.39
807,369.74,361.69,364.86,364.8,364.53,366.32,366.12,367.36,365.4,356.4
808,369.76,361.67,364.85,364.79,364.56,366.35,366.19,367.35,365.43,356.4
809,369.78,361.66,364.86,364.78,364.57,366.36,366.28,367.36,365.44,356.33
810,369.8,361.65,364.84,364.76,364.57,366.37,366.33,367.37,365.41,356.25
811,369.82,361.59,364.87,364.74,364.57,366.38,366.43,367.38,365.34,356.09
812,369.83,361.53,364.92,364.73,364.55,366.39,366.51,367.37,365.25,356.0
813,369.83,361.52,364.91,364.75,364.54,366.41,366.52,367.31,365.19,356.01
814,369.86,361.53,364.89,364.79,364.53,366.42,366.55,367.2,365.1,356.04
815,369.87,361.56,364.88,364.82,364.54,366.42,366.55,367.13,364.96,356.06
816,369.89,361.57,364.87,364.84,364.56,366.43,366.54,367.17,364.82,356.07
817,369.91,361.57,364.9,364.85,364.58,366.43,366.52,367.24,364.71,356.08
818,369.91,361.53,364.95,364.86,364.61,366.43,366.51,367.33,364.64,356.08
819,369.91,361.46,364.97,364.88,364.61,366.43,366.48,367.35,364.62,356.08
820,369.93,361.43,365.0,364.92,364.63,366.45,366.47,367.33,364.68,356.1
821,369.96,361.46,365.04,364.97,364.67,366.49,366.43,367.31,364.77,356.08
822,369.96,361.5,365.08,365.01,364.71,366.51,366.35,367.32,364.81,356.05
823,369.96,361.51,365.08,365.05,364.72,366.53,366.31,367.32,364.83,356.02
824,369.97,361.52,365.06,365.07,364.71,366.56,366.3,367.32,364.86,356.01
825,369.97,361.54,365.04,365.09,364.72,366.59,366.32,367.32,364.92,356.01
826,369.98,361.53,365.03,365.1,364.71,366.6,366.39,367.29,364.96,356.03
827,369.99,361.49,365.01,365.12,364.7,366.59,366.42,367.32,365.0,356.07
828,369.99,361.42,365.0,365.13,364.7,366.61,366.42,367.38,365.02,356.12
829,370.01,361.42,364.99,365.16,364.68,366.59,366.42,367.37,365.04,356.2
830,370.02,361.5,364.97,365.21,364.67,366.59,366.5,367.34,365.05,356.29
831,370.02,361.6,364.96,365.23,364.68,366.58,366.58,367.29,365.12,356.36
832,370.01,361.63,364.96,365.24,364.69,366.58,366.58,367.24,365.19,356.38
833,370.01,361.62,364.97,365.23,364.69,366.58,366.54,367.26,365.19,356.39
834,370.01,361.62,364.99,365.23,364.7,366.59,366.5,367.27,365.14,356.38
835,370.0,361.63,365.01,365.24,364.71,366.6,366.45,367.3,365.09,356.35
836,370.0,361.63,365.03,365.26,364.73,366.61,366.41,367.39,365.04,356.32
837,370.01,361.64,365.05,365.29,364.74,366.61,366.4,367.48,365.0,356.31
838,370.01,361.67,365.06,365.31,364.76,366.62,366.32,367.43,364.93,356.31
839,370.03,361.7,365.07,365.33,364.76,366.64,366.35,367.15,364.88,356.31
840,370.04,361.74,365.09,365.35,364.76,366.67,366.36,366.88,364.85,356.31
841,370.05,361.78,365.09,365.4,364.77,366.72,366.37,366.65,364.85,356.3
842,370.05,361.79,365.08,365.44,364.78,366.76,366.36,366.43,364.89,356.3
843,370.06,361.81,365.08,365.47,364.8,366.8,366.25,366.35,364.91,356.29
844,370.08,361.82,365.07,365.49,364.82,366.84,366.03,366.47,364.97,356.28
845,370.09,361.85,365.06,365.47,364.85,366.89,365.9,366.67,365.07,356.3
846,370.11,361.85,365.05,365.44,364.89,366.93,365.9,366.86,365.22,356.3
847,370.13,361.88,365.02,365.42,364.93,366.97,366.03,366.96,365.4,356.32
848,370.17,361.97,364.95,365.4,364.98,367.0,366.18,367.04,365.47,356.34
849,370.19,362.03,364.92,365.4,365.01,367.03,366.31,367.05,365.49,356.31
850,370.21,362.09,364.87,365.39,365.02,367.05,366.45,367.07,365.46,356.28
851,370.24,362.13,364.84,365.4,365.06,367.06,366.55,367.19,365.38,356.23
852,370.24,362.11,364.82,365.41,365.07,367.05,366.53,367.3,365.27,356.17
853,370.26,362.1,364.83,365.45,365.1,367.05,366.45,367.37,365.18,356.12
854,370.27,362.1,364.84,365.48,365.13,367.05,366.39,367.29,365.11,356.05
855,370.27,362.08,364.84,365.49,365.14,367.06,366.44,367.21,365.07,355.98
856,370.3,362.05,364.85,365.49,365.16,367.06,366.45,367.25,365.07,355.93
857,370.31,362.01,364.88,365.49,365.17,367.03,366.42,367.28,365.08,355.9
858,370.33,361.99,364.91,365.49,365.18,366.99,366.33,367.28,365.13,355.9
859,370.34,362.01,364.93,365.51,365.19,366.96,366.32,367.27,365.2,355.93
860,370.34,362.04,364.95,365.53,365.21,366.94,366.34,367.28,365.29,355.96
861,370.33,362.09,364.97,365.55,365.2,366.92,366.32,367.28,365.34,356.0
862,370.34,362.11,364.98,365.58,365.18,366.92,366.32,367.3,365.43,356.04
863,370.35,362.14,365.01,365.6,365.17,366.92,366.35,367.31,365.53,356.06
864,370.35,362.17,365.05,365.62,365.16,366.94,366.4,367.32,365.65,356.1
865,370.36,362.26,365.13,365.63,365.13,366.96,366.52,367.3,365.78,356.16
866,370.37,362.34,365.17,365.64,365.12,366.95,366.64,367.27,365.84,356.26
867,370.39,362.38,365.19,365.67,365.11,366.94,366.72,367.19,365.86,356.3
868,370.38,362.44,365.21,365.69,365.11,366.92,366.76,367.21,365.85,356.32
869,370.39,362.48,365.28,365.71,365.12,366.88,366.79,367.34,365.81,356.31
870,370.4,362.49,365.36,365.72,365.13,366.84,366.79,367.42,365.78,356.3
871,370.4,362.49,365.4,365.73,365.13,366.8,366.76,367.46,365.74,356.32
872,370.41,362.49,365.45,365.74,365.15,366.78,366.72,367.53,365.72,356.36
873,370.42,362.46,365.49,365.77,365.17,366.79,366.67,367.6,365.67,356.39
874,370.42,362.44,365.51,365.78,365.2,366.8,366.68,367.61,365.61,356.42
875,370.45,362.49,365.53,365.8,365.23,366.82,366.68,367.49,365.57,356.44
876,370.47,362.52,365.52,365.8,365.26,366.87,366.64,367.35,365.52,356.45
877,370.46,362.51,365.52,365.81,365.3,366.91,366.64,367.21,365.43,356.45
878,370.48,362.48,365.51,365.84,365.31,366.91,366.73,367.18,365.37,356.45
879,370.49,362.45,365.49,365.85,365.34,366.89,366.83,367.24,365.32,356.44
880,370.5,362.41,365.47,365.84,365.35,366.88,366.9,367.35,365.31,356.45
881,370.5,362.41,365.47,365.82,365.36,366.89,366.92,367.38,365.31,356.46
882,370.51,362.4,365.46,365.81,365.36,366.9,366.96,367.37,365.29,356.48
883,370.53,362.4,365.48,365.77,365.35,366.91,366.93,367.3,365.25,356.48
884,370.55,362.4,365.48,365.74,365.34,366.92,366.82,367.25,365.21,356.46
885,370.56,362.39,365.47,365.7,365.36,366.94,366.85,367.33,365.21,356.46
886,370.57,362.37,365.48,365.69,365.37,366.95,366.93,367.39,365.25,356.46
887,370.57,362.34,365.47,365.71,365.37,366.96,367.01,367.39,365.28,356.46
888,370.57,362.32,365.47,365.73,365.39,366.97,367.02,367.39,365.35,356.46
889,370.56,362.34,365.45,365.76,365.4,366.99,366.98,367.45,365.43,356.45
890,370.56,362.36,365.44,365.78,365.41,367.02,366.97,367.54,365.51,356.41
891,370.55,362.4,365.43,365.79,365.42,367.03,367.0,367.6,365.56,356.36
892,370.56,362.39,365.44,365.79,365.4,367.04,367.05,367.62,365.58,356.28
893,370.57,362.31,365.46,365.81,365.39,367.05,367.11,367.66,365.57,356.23
894,370.57,362.28,365.49,365.82,365.37,367.05,367.13,367.7,365.59,356.24
895,370.56,362.28,365.51,365.84,365.38,367.08,367.16,367.78,365.63,356.26
896,370.56,362.33,365.54,365.85,365.37,367.11,367.14,367.86,365.69,356.29
897,370.57,362.39,365.58,365.84,365.37,367.15,367.13,367.89,365.75,356.34
898,370.58,362.47,365.62,365.82,365.37,367.19,367.12,367.86,365.81,356.37
899,370.59,362.55,365.65,365.79,365.37,367.24,367.07,367.91,365.89,356.42
900,370.6,362.6,365.67,365.79,365.38,367.28,366.99,367.92,365.98,356.46
901,370.6,362.65,365.71,365.79,365.42,367.32,366.89,367.79,365.99,356.51
902,370.61,362.69,365.72,365.82,365.47,367.35,366.89,367.79,365.97,356.57
903,370.63,362.71,365.73,365.85,365.5,367.37,366.97,367.86,365.96,356.62
904,370.64,362.7,365.74,365.9,365.52,367.4,367.04,367.91,365.95,356.68
905,370.66,362.69,365.76,365.94,365.54,367.44,367.13,367.8,365.97,356.73
906,370.68,362.66,365.79,365.97,365.57,367.46,367.22,367.65,365.99,356.75
907,370.69,362.63,365.78,365.99,365.57,367.48,367.29,367.59,366.02,356.72
908,370.7,362.63,365.79,366.01,365.58,367.49,367.32,367.6,366.05,356.68
909,370.71,362.56,365.77,366.03,365.59,367.5,367.36,367.65,366.02,356.64
910,370.73,362.51,365.78,366.06,365.6,367.52,367.32,367.77,365.94,356.57
911,370.75,362.53,365.82,366.07,365.62,367.5,367.21,367.89,365.84,356.52
912,370.77,362.58,365.84,366.06,365.63,367.48,367.21,367.95,365.77,356.5
913,370.79,362.63,365.85,366.06,365.66,367.47,367.11,367.94,365.7,356.47
914,370.79,362.66,365.83,366.08,365.68,367.45,367.1,367.89,365.61,356.46
915,370.81,362.7,365.82,366.07,365.7,367.44,367.13,367.83,365.54,356.46
916,370.82,362.73,365.81,366.06,365.72,367.43,367.16,367.81,365.5,356.48
917,370.84,362.73,365.79,366.06,365.74,367.39,367.15,367.84,365.46,356.49
918,370.85,362.74,365.79,366.04,365.75,367.37,367.18,367.87,365.42,356.52
919,370.86,362.73,365.78,366.02,365.74,367.34,367.16,367.85,365.37,356.52
920,370.88,362.7,365.77,366.01,365.7,367.34,367.18,367.84,365.32,356.51
921,370.89,362.65,365.79,366.01,365.68,367.34,367.18,367.8,365.26,356.5
922,370.89,362.59,365.78,366.03,365.65,367.37,367.18,367.8,365.21,356.5
923,370.91,362.56,365.78,366.06,365.64,367.39,367.22,367.82,365.21,356.52
924,370.91,362.54,365.8,366.07,365.64,367.42,367.21,367.83,365.2,356.54
925,370.91,362.51,365.84,366.07,365.62,367.44,367.17,367.77,365.28,356.58
926,370.9,362.49,365.85,366.06,365.62,367.46,367.15,367.7,365.39,356.58
927,370.89,362.57,365.87,366.04,365.61,367.47,367.21,367.65,365.48,356.58
928,370.89,362.68,365.89,366.0,365.6,367.47,367.3,367.65,365.63,356.58
929,370.88,362.68,365.9,365.98,365.58,367.47,367.38,367.71,365.65,356.56
930,370.88,362.63,365.89,365.92,365.57,367.47,367.39,367.84,365.59,356.58
931,370.87,362.6,365.88,365.88,365.57,367.47,367.36,367.97,365.54,356.59
932,370.86,362.63,365.86,365.85,365.55,367.45,367.32,367.88,365.43,356.59
933,370.85,362.69,365.83,365.83,365.54,367.42,367.34,367.88,365.43,356.58
934,370.85,362.74,365.82,365.81,365.54,367.38,367.24,367.95,365.49,356.56
935,370.84,362.78,365.81,365.79,365.53,367.36,367.2,368.01,365.6,356.51
936,370.84,362.8,365.81,365.77,365.51,367.34,367.24,368.07,365.65,356.47
937,370.83,362.78,365.82,365.77,365.49,367.34,367.27,368.15,365.64,356.42
938,370.84,362.7,365.85,365.79,365.47,367.32,367.35,368.17,365.61,356.42
939,370.83,362.67,365.87,365.85,365.47,367.32,367.42,368.22,365.59,356.44
940,370.85,362.68,365.88,365.91,365.46,367.31,367.48,368.24,365.57,356.46
941,370.84,362.71,365.89,365.94,365.47,367.35,367.47,368.25,365.58,356.49
942,370.85,362.74,365.89,365.97,365.48,367.37,367.46,368.21,365.55,356.53
943,370.85,362.8,365.87,366.01,365.51,367.38,367.49,368.14,365.48,356.56
944,370.87,362.87,365.86,366.04,365.56,367.41,367.45,368.17,365.43,356.59
945,370.87,362.89,365.84,366.04,365.59,367.43,367.41,368.1,365.4,356.6
946,370.87,362.87,365.82,366.05,365.66,367.45,367.38,367.91,365.4,356.62
947,370.89,362.78,365.83,366.08,365.72,367.48,367.4,367.59,365.47,356.62
948,370.9,362.73,365.84,366.09,365.77,367.52,367.48,367.39,365.54,356.63
949,370.92,362.68,365.88,366.11,365.81,367.55,367.48,367.32,365.6,356.62
950,370.93,362.66,365.92,366.16,365.84,367.6,367.39,367.32,365.62,356.6
951,370.95,362.66,365.95,366.21,365.87,367.64,367.34,367.33,365.65,356.6
952,370.96,362.66,365.97,366.24,365.88,367.67,367.35,367.38,365.71,356.59
953,370.97,362.64,365.98,366.27,365.88,367.7,367.38,367.45,365.72,356.6
954,370.98,362.64,365.98,366.28,365.87,367.73,367.48,367.54,365.7,356.62
955,370.98,362.66,366.0,366.27,365.85,367.75,367.56,367.6,365.62,356.6
956,370.99,362.68,366.02,366.26,365.84,367.76,367.62,367.67,365.59,356.59
957,370.98,362.7,366.03,366.24,365.82,367.76,367.62,367.8,365.58,356.61
958,370.99,362.72,366.04,366.22,365.8,367.76,367.59,367.9,365.64,356.64
959,371.0,362.76,366.05,366.2,365.78,367.77,367.61,368.0,365.73,356.71
960,370.99,362.8,366.05,366.17,365.76,367.76,367.61,368.16,365.77,356.74
961,370.99,362.85,366.06,366.14,365.73,367.75,367.63,368.27,365.8,356.76
962,371.0,362.89,366.07,366.12,365.72,367.72,367.65,368.32,365.77,356.78
963,371.01,362.91,366.09,366.06,365.69,367.69,367.66,368.33,365.73,356.78
964,371.02,362.95,366.13,366.02,365.67,367.67,367.59,368.3,365.76,356.76
965,371.02,362.97,366.15,365.99,365.63,367.64,367.51,368.27,365.78,356.76
966,371.01,362.99,366.16,365.99,365.6,367.64,367.49,368.24,365.81,356.77
967,371.0,363.02,366.14,366.0,365.55,367.64,367.51,368.15,365.85,356.79
968,371.01,363.02,366.16,366.03,365.52,367.65,367.52,368.08,365.85,356.82
969,371.01,363.04,366.17,366.04,365.51,367.68,367.57,368.04,365.88,356.84
970,371.02,363.04,366.17,366.04,365.51,367.71,367.53,368.02,365.92,356.86
971,371.02,363.05,366.17,366.05,365.53,367.74,367.43,368.05,365.96,356.85
972,371.04,363.04,366.18,366.06,365.56,367.77,367.44,367.98,366.02,356.87
973,371.04,363.06,366.2,366.05,365.62,367.8,367.56,367.79,366.02,356.88
974,371.04,363.11,366.23,366.08,365.66,367.82,367.65,367.79,365.98,356.9
975,371.05,363.15,366.28,366.11,365.69,367.86,367.61,367.94,366.0,356.91
976,371.06,363.19,366.31,366.14,365.73,367.89,367.59,368.09,366.03,356.92
977,371.07,363.23,366.34,366.19,365.75,367.94,367.56,368.13,366.1,356.91
978,371.09,363.26,366.35,366.25,365.78,367.97,367.62,368.08,366.16,356.92
979,371.1,363.26,366.36,366.32,365.81,367.99,367.73,368.08,366.24,356.94
980,371.11,363.25,366.37,366.36,365.83,367.99,367.81,368.11,366.32,356.95
981,371.12,363.24,366.37,366.43,365.86,368.01,367.87,368.2,366.37,356.97
982,371.15,363.23,366.36,366.49,365.88,368.0,367.87,368.31,366.32,356.99
983,371.17,363.26,366.36,366.53,365.91,368.0,367.84,368.41,366.23,356.99
984,371.19,363.28,366.38,366.55,365.93,368.0,367.85,368.45,366.15,356.98
985,371.2,363.26,366.38,366.54,365.95,367.99,367.86,368.4,366.05,356.96
986,371.22,363.22,366.38,366.54,365.97,367.99,367.81,368.35,365.96,356.95
987,371.25,363.24,366.39,366.53,366.01,367.99,367.71,368.29,365.91,356.96
988,371.25,363.25,366.37,366.55,366.04,367.99,367.55,368.37,365.86,356.94
989,371.28,363.29,366.34,366.58,366.06,367.99,367.44,368.49,365.83,356.94
990,371.29,363.33,366.32,366.61,366.1,368.0,367.45,368.58,365.86,356.95
991,371.31,363.34,366.3,366.62,366.17,368.0,367.4,368.66,365.93,356.93
992,371.34,363.37,366.3,366.64,366.23,368.03,367.41,368.7,365.98,356.9
993,371.35,363.39,366.31,366.64,366.28,368.06,367.36,368.7,366.01,356.92
994,371.36,363.43,366.31,366.62,366.31,368.07,367.38,368.67,366.06,356.97
995,371.37,363.48,366.32,366.6,366.34,368.09,367.47,368.64,366.14,357.03
996,371.37,363.5,366.33,366.57,366.36,368.08,367.47,368.62,366.22,357.07
997,371.38,363.52,366.35,366.53,366.35,368.08,367.45,368.63,366.3,357.13
998,371.38,363.53,366.37,366.5,366.35,368.07,367.46,368.64,366.32,357.19
999,371.4,363.53,366.39,366.46,366.36,368.04,367.53,368.62,366.33,357.26
1000,371.41,363.48,366.36,366.43,366.32,368.02,367.67,368.6,366.36,357.38
1001,371.42,363.44,366.32,366.41,366.26,368.01,367.78,368.61,366.42,357.49
1002,371.43,363.34,366.29,366.37,366.2,367.99,367.8,368.6,366.48,357.57
1003,371.44,363.23,366.27,366.31,366.13,367.97,367.83,368.65,366.51,357.63
1004,371.45,363.16,366.25,366.21,366.09,367.94,367.86,368.67,366.49,357.68
1005,371.47,363.13,366.24,366.16,366.06,367.92,367.89,368.54,366.48,357.72
1006,371.46,363.15,366.24,366.15,366.03,367.88,367.9,368.4,366.46,357.73
1007,371.45,363.18,366.3,366.16,366.01,367.86,367.85,368.39,366.48,357.73
1008,371.44,363.2,366.36,366.17,365.98,367.84,367.75,368.41,366.49,357.73
1009,371.43,363.19,366.39,366.19,365.95,367.84,367.66,368.44,366.42,357.76
1010,371.43,363.22,366.4,366.23,365.95,367.83,367.75,368.5,366.36,357.79
1011,371.42,363.27,366.41,366.28,365.96,367.83,367.8,368.55,366.36,357.82
1012,371.42,363.33,366.39,366.34,365.98,367.83,367.82,368.61,366.38,357.85
1013,371.42,363.36,366.37,366.39,366.01,367.82,367.84,368.68,366.41,357.86
1014,371.42,363.36,366.35,366.47,366.04,367.82,367.86,368.78,366.42,357.85
1015,371.43,363.35,366.34,366.54,366.09,367.83,367.91,368.89,366.45,357.8
1016,371.43,363.35,366.3,366.6,366.13,367.87,367.95,368.87,366.5,357.74
1017,371.44,363.34,366.26,366.64,366.15,367.9,367.98,368.89,366.57,357.68
1018,371.45,363.37,366.19,366.67,366.16,367.92,367.81,368.92,366.68,357.59
1019,371.46,363.46,366.15,366.7,366.18,367.94,367.72,368.92,366.85,357.52
1020,371.48,363.5,366.13,366.7,366.17,367.94,367.72,368.91,366.9,357.48
1021,371.48,363.5,366.11,366.71,366.19,367.95,367.72,368.87,366.9,357.47
1022,371.48,363.49,366.1,366.72,366.18,367.96,367.7,368.86,366.88,357.45
1023,371.49,363.46,366.09,366.69,366.18,367.98,367.69,368.91,366.83,357.42
1024,371.49,363.42,366.1,366.67,366.18,368.0,367.69,368.9,366.77,357.44
1025,371.48,363.36,366.13,366.66,366.18,368.01,367.69,368.89,366.7,357.45
1026,371.49,363.34,366.15,366.66,366.19,368.04,367.72,368.96,366.6,357.45
1027,371.49,363.34,366.21,366.68,366.22,368.07,367.79,369.05,366.55,357.41
1028,371.49,363.36,366.27,366.71,366.24,368.11,367.87,369.05,366.45,357.36
1029,371.49,363.35,366.33,366.72,366.25,368.13,367.95,369.0,366.34,357.33
1030,371.49,363.36,366.38,366.76,366.29,368.17,368.03,368.95,366.3,357.32
1031,371.49,363.4,366.42,366.79,366.34,368.21,368.12,368.94,366.27,357.33
1032,371.5,363.45,366.44,366.82,366.37,368.25,368.15,368.9,366.26,357.34
1033,371.51,363.53,366.48,366.85,366.42,368.28,368.2,368.9,366.25,357.35
1034,371.52,363.59,366.49,366.87,366.44,368.3,368.24,368.96,366.27,357.37
1035,371.54,363.62,366.52,366.89,366.48,368.33,368.26,369.07,366.22,357.4
1036,371.56,363.64,366.55,366.89,366.54,368.36,368.33,369.15,366.1,357.42
1037,371.57,363.66,366.59,366.9,366.58,368.39,368.38,369.2,366.08,357.45
1038,371.59,363.66,366.63,366.9,366.59,368.4,368.42,369.23,366.12,357.5
1039,371.61,363.64,366.67,366.91,366.6,368.42,368.43,369.21,366.17,357.55
1040,371.62,363.63,366.69,366.91,366.6,368.44,368.41,369.17,366.24,357.61
1041,371.63,363.63,366.72,366.89,366.58,368.45,368.35,369.14,366.3,357.66
1042,371.64,363.62,366.72,366.83,366.57,368.46,368.31,369.15,366.34,357.7
1043,371.66,363.62,366.71,366.8,366.54,368.46,368.29,369.21,366.39,357.73
1044,371.67,363.61,366.72,366.79,366.51,368.45,368.26,369.28,366.45,357.76
1045,371.7,363.69,366.71,366.79,366.46,368.44,368.24,369.26,366.65,357.79
1046,371.72,363.76,366.69,366.83,366.42,368.42,368.23,369.21,366.89,357.83
1047,371.72,363.77,366.67,366.86,366.39,368.39,368.23,369.21,366.98,357.87
1048,371.75,363.8,366.62,366.9,366.36,368.36,368.2,369.23,367.04,357.9
1049,371.74,363.81,366.6,366.94,366.34,368.33,368.17,369.26,367.04,357.92
1050,371.74,363.82,366.57,366.98,366.32,368.31,368.14,369.28,366.95,357.89
1051,371.75,363.82,366.54,367.0,366.32,368.27,368.11,369.3,366.9,357.85
1052,371.75,363.81,366.53,367.04,366.33,368.26,368.09,369.33,366.85,357.76
1053,371.75,363.81,366.52,367.05,366.33,368.25,368.11,369.34,366.8,357.67
1054,371.74,363.83,366.52,367.07,366.36,368.24,368.14,369.33,366.6,357.54
1055,371.74,363.86,366.52,367.08,366.39,368.25,368.19,369.33,366.29,357.46
1056,371.73,363.88,366.52,367.09,366.42,368.27,368.23,369.31,366.13,357.42
1057,371.74,363.88,366.54,367.09,366.47,368.27,368.28,369.29,366.13,357.43
1058,371.74,363.87,366.54,367.12,366.49,368.29,368.3,369.2,366.18,357.42
1059,371.74,363.86,366.56,367.14,366.51,368.31,368.33,369.02,366.24,357.41
1060,371.74,363.82,366.57,367.15,366.52,368.31,368.28,368.91,366.31,357.39
1061,371.74,363.81,366.6,367.17,366.54,368.32,368.22,368.92,366.35,357.38
1062,371.74,363.8,366.64,367.16,366.53,368.34,368.24,368.99,366.38,357.39
1063,371.76,363.8,366.72,367.15,366.56,368.35,368.24,369.07,366.4,357.44
1064,371.76,363.83,366.78,367.14,366.59,368.35,368.26,369.13,366.48,357.5
1065,371.77,363.85,366.82,367.14,366.58,368.37,368.28,369.15,366.58,357.51
1066,371.77,363.87,366.86,367.15,366.57,368.39,368.31,369.14,366.66,357.52
1067,371.78,363.9,366.9,367.15,366.56,368.4,368.36,369.12,366.68,357.54
1068,371.79,363.88,366.92,367.16,366.55,368.4,368.39,369.14,366.67,357.55
1069,371.81,363.77,366.92,367.16,366.54,368.4,368.43,369.2,366.68,357.55
1070,371.81,363.66,366.92,367.15,366.54,368.39,368.51,369.27,366.73,357.55
1071,371.82,363.64,366.93,367.15,366.53,368.38,368.56,369.29,366.78,357.54
1072,371.85,363.69,366.97,367.15,366.54,368.38,368.48,369.1,366.81,357.47
1073,371.87,363.78,367.03,367.16,366.55,368.37,368.43,368.77,366.86,357.4
1074,371.88,363.85,367.06,367.17,366.58,368.37,368.4,368.65,366.86,357.41
1075,371.88,363.92,367.07,367.19,366.59,368.38,368.26,368.61,366.83,357.42
1076,371.88,363.96,367.06,367.2,366.6,368.38,368.23,368.54,366.79,357.47
1077,371.88,363.97,367.05,367.22,366.63,368.4,368.24,368.56,366.74,357.53
1078,371.89,363.98,367.03,367.23,366.64,368.4,368.14,368.68,366.71,357.6
1079,371.9,364.02,367.02,367.23,366.68,368.4,368.05,368.64,366.73,357.67
1080,371.92,364.08,367.03,367.23,366.72,368.39,368.08,368.45,366.77,357.73
1081,371.91,364.1,367.03,367.23,366.77,368.41,368.01,368.51,366.83,357.75
1082,371.93,364.05,367.04,367.24,366.81,368.42,367.88,368.72,366.92,357.8
1083,371.93,364.02,367.05,367.24,366.84,368.42,367.94,368.93,366.96,357.83
1084,371.95,363.96,367.05,367.22,366.87,368.44,368.04,369.11,366.97,357.85
1085,371.97,363.91,367.06,367.2,366.89,368.47,368.15,369.21,366.95,357.87
1086,371.97,363.88,367.07,367.19,366.9,368.46,368.21,369.31,366.89,357.89
1087,371.98,363.89,367.07,367.18,366.9,368.46,368.29,369.38,366.81,357.9
1088,371.99,363.92,367.04,367.15,366.91,368.48,368.36,369.38,366.73,357.91
1089,372.01,363.97,367.03,367.14,366.93,368.49,368.37,369.33,366.7,357.9
1090,372.02,364.03,367.03,367.13,366.95,368.48,368.47,369.09,366.71,357.83
1091,372.03,364.08,367.03,367.14,366.99,368.48,368.43,369.05,366.83,357.79
1092,372.05,364.09,367.05,367.15,367.01,368.49,368.47,369.08,366.94,357.77
1093,372.05,364.12,367.06,367.17,367.01,368.51,368.5,369.15,367.01,357.75
1094,372.06,364.12,367.07,367.17,367.01,368.53,368.52,369.21,367.05,357.75
1095,372.07,364.14,367.07,367.17,367.0,368.56,368.58,369.21,367.04,357.75
1096,372.08,364.19,367.1,367.16,366.99,368.59,368.64,369.29,366.99,357.75
1097,372.09,364.21,367.13,367.16,366.98,368.58,368.65,369.4,366.95,357.76
1098,372.08,364.21,367.13,367.17,366.96,368.58,368.65,369.36,366.89,357.74
1099,372.08,364.19,367.08,367.19,366.94,368.57,368.69,369.29,366.85,357.71
1100,372.08,364.17,367.04,367.23,366.94,368.55,368.74,369.26,366.79,357.65
1101,372.07,364.16,367.0,367.28,366.94,368.54,368.74,369.29,366.72,357.59
1102,372.08,364.16,366.97,367.33,366.95,368.52,368.78,369.24,366.65,357.57
1103,372.1,364.18,366.95,367.37,366.96,368.51,368.85,369.09,366.64,357.6
1104,372.1,364.16,366.93,367.4,366.97,368.52,368.83,369.0,366.69,357.64
1105,372.1,364.17,366.91,367.41,366.98,368.55,368.81,368.98,366.76,357.68
1106,372.11,364.16,366.89,367.4,366.97,368.57,368.84,369.0,366.82,357.74
1107,372.13,364.17,366.9,367.4,366.99,368.61,368.87,369.0,366.82,357.79
1108,372.14,364.21,366.92,367.37,367.0,368.67,368.96,368.96,366.86,357.86
1109,372.15,364.27,366.96,367.34,367.0,368.71,368.96,368.86,366.9,357.96
1110,372.17,364.33,366.99,367.35,366.99,368.77,368.71,368.9,366.87,358.05
1111,372.17,364.36,367.03,367.35,366.98,368.8,368.56,368.93,366.83,358.14
1112,372.17,364.38,367.05,367.36,366.97,368.84,368.61,368.96,366.86,358.23
1113,372.18,364.41,367.04,367.37,366.96,368.88,368.7,368.95,366.88,358.29
1114,372.19,364.44,367.03,367.37,366.97,368.89,368.78,368.93,366.88,358.33
1115,372.19,364.45,367.03,367.38,366.97,368.9,368.81,368.92,366.92,358.34
1116,372.2,364.49,367.06,367.39,366.98,368.92,368.81,368.97,366.99,358.36
1117,372.22,364.57,367.1,367.4,367.01,368.93,368.84,369.04,367.05,358.37
1118,372.24,364.65,367.14,367.4,367.01,368.97,368.87,368.97,367.09,358.35
1119,372.24,364.71,367.15,367.39,367.02,369.01,368.88,368.9,367.15,358.34
1120,372.26,364.79,367.19,367.38,367.03,369.04,368.8,368.93,367.2,358.34
1121,372.26,364.86,367.22,367.38,367.07,369.07,368.79,369.01,367.24,358.37
1122,372.27,364.89,367.26,367.39,367.11,369.1,368.73,369.12,367.23,358.39
1123,372.29,364.86,367.32,367.4,367.14,369.1,368.67,369.24,367.23,358.43
1124,372.29,364.84,367.37,367.4,367.16,369.1,368.65,369.2,367.24,358.43
1125,372.3,364.8,367.45,367.39,367.18,369.1,368.66,369.11,367.24,358.43
1126,372.31,364.76,367.52,367.42,367.18,369.1,368.64,369.1,367.27,358.46
1127,372.34,364.73,367.59,367.45,367.18,369.11,368.53,369.16,367.29,358.51
1128,372.35,364.67,367.6,367.48,367.19,369.13,368.53,369.2,367.31,358.53
1129,372.37,364.62,367.6,367.49,367.18,369.12,368.57,369.24,367.34,358.55
1130,372.39,364.61,367.59,367.48,367.19,369.1,368.65,369.33,367.36,358.57
1131,372.4,364.6,367.56,367.48,367.2,369.09,368.71,369.45,367.39,358.58
1132,372.42,364.59,367.54,367.5,367.2,369.09,368.78,369.57,367.47,358.59
1133,372.42,364.56,367.52,367.52,367.22,369.11,368.74,369.66,367.57,358.59
1134,372.42,364.55,367.5,367.55,367.22,369.13,368.7,369.71,367.68,358.59
1135,372.42,364.6,367.46,367.58,367.2,369.14,368.73,369.72,367.74,358.58
1136,372.43,364.62,367.45,367.61,367.19,369.17,368.81,369.69,367.72,358.54
1137,372.44,364.65,367.44,367.64,367.19,369.17,368.88,369.62,367.69,358.5
1138,372.44,364.71,367.44,367.67,367.2,369.18,368.97,369.59,367.69,358.47
1139,372.44,364.79,367.46,367.69,367.2,369.19,369.01,369.43,367.66,358.42
1140,372.44,364.84,367.49,367.71,367.21,369.18,369.01,369.22,367.63,358.4
1141,372.46,364.83,367.53,367.71,367.21,369.18,369.02,369.19,367.59,358.38
1142,372.46,364.8,367.56,367.72,367.21,369.17,369.02,369.25,367.53,358.35
1143,372.46,364.76,367.6,367.74,367.21,369.15,369.0,369.24,367.49,358.35
1144,372.48,364.72,367.66,367.76,367.22,369.13,369.03,369.15,367.45,358.4
1145,372.49,364.73,367.7,367.78,367.24,369.12,369.1,369.11,367.48,358.44
1146,372.48,364.76,367.73,367.78,367.25,369.1,369.14,369.19,367.51,358.46
1147,372.49,364.82,367.76,367.78,367.27,369.11,369.17,369.23,367.55,358.51
1148,372.51,364.86,367.79,367.78,367.29,369.12,369.15,369.21,367.58,358.55
1149,372.52,364.87,367.81,367.78,367.32,369.16,369.11,369.2,367.63,358.59
1150,372.52,364.83,367.82,367.79,367.34,369.19,369.12,369.2,367.68,358.64
1151,372.52,364.82,367.85,367.82,367.37,369.21,369.18,369.27,367.74,358.67
1152,372.53,364.81,367.86,367.85,367.39,369.22,369.23,369.37,367.77,358.71
1153,372.54,364.87,367.86,367.88,367.44,369.23,369.28,369.46,367.78,358.77
1154,372.55,364.94,367.85,367.92,367.47,369.24,369.26,369.46,367.79,358.8
1155,372.56,364.97,367.87,367.94,367.48,369.25,369.2,369.45,367.81,358.82
1156,372.57,364.99,367.87,367.96,367.48,369.26,369.15,369.49,367.79,358.85
1157,372.57,364.99,367.86,367.96,367.48,369.28,369.12,369.57,367.75,358.88
1158,372.58,364.97,367.85,367.98,367.46,369.3,369.14,369.64,367.72,358.91
1159,372.58,364.95,367.83,367.97,367.45,369.31,369.15,369.69,367.64,358.95
1160,372.58,364.92,367.83,367.93,367.44,369.31,369.12,369.77,367.53,358.98
1161,372.58,364.89,367.82,367.87,367.43,369.3,369.12,369.83,367.47,359.02
1162,372.58,364.8,367.8,367.81,367.42,369.3,369.18,369.88,367.48,359.08
1163,372.59,364.73,367.8,367.74,367.43,369.29,369.25,369.91,367.49,359.12
1164,372.6,364.7,367.81,367.68,367.44,369.28,369.25,369.96,367.43,359.13
1165,372.6,364.63,367.8,367.65,367.45,369.27,369.26,370.0,367.4,359.13
1166,372.6,364.64,367.82,367.65,367.48,369.28,369.31,370.02,367.37,359.09
1167,372.58,364.62,367.81,367.65,367.5,369.27,369.35,370.06,367.35,359.03
1168,372.58,364.63,367.81,367.66,367.51,369.27,369.36,370.11,367.32,358.96
1169,372.57,364.64,367.81,367.67,367.53,369.28,369.34,370.11,367.33,358.9
1170,372.56,364.66,367.81,367.73,367.53,369.31,369.3,370.04,367.34,358.86
1171,372.56,364.72,367.8,367.77,367.52,369.35,369.24,369.93,367.42,358.83
1172,372.57,364.81,367.76,367.82,367.54,369.37,369.2,369.85,367.52,358.84
1173,372.58,364.84,367.74,367.87,367.56,369.4,369.22,369.78,367.53,358.86
1174,372.58,364.85,367.71,367.92,367.56,369.42,369.21,369.78,367.56,358.87
1175,372.59,364.86,367.69,367.96,367.56,369.44,369.21,369.81,367.58,358.88
1176,372.6,364.87,367.67,367.98,367.55,369.48,369.23,369.79,367.64,358.88
1177,372.62,364.88,367.65,367.98,367.55,369.51,369.24,369.73,367.65,358.89
1178,372.63,364.82,367.65,367.98,367.57,369.55,369.26,369.72,367.68,358.9
1179,372.65,364.75,367.68,367.99,367.58,369.59,369.3,369.79,367.77,358.92
1180,372.67,364.68,367.73,368.0,367.61,369.62,369.38,369.78,367.86,358.96
1181,372.69,364.65,367.74,368.0,367.64,369.65,369.5,369.83,367.96,358.99
1182,372.69,364.69,367.74,368.03,367.67,369.68,369.59,369.94,367.98,359.03
1183,372.72,364.76,367.74,368.04,367.69,369.68,369.63,370.05,367.93,359.05
1184,372.71,364.82,367.75,368.1,367.71,369.72,369.42,370.19,367.85,359.08
1185,372.72,364.89,367.76,368.14,367.74,369.76,369.29,370.3,367.85,359.11
1186,372.72,364.95,367.8,368.17,367.78,369.78,369.29,370.27,367.88,359.14
1187,372.73,365.01,367.86,368.2,367.81,369.79,369.33,370.27,367.91,359.17
1188,372.74,365.05,367.89,368.22,367.85,369.8,369.37,370.31,367.94,359.18
1189,372.74,365.11,367.94,368.23,367.89,369.81,369.41,370.32,367.97,359.12
1190,372.74,365.13,367.92,368.24,367.92,369.83,369.42,370.32,367.94,359.05
1191,372.76,365.16,367.89,368.26,367.95,369.84,369.44,370.37,367.92,359.02
1192,372.78,365.18,367.88,368.3,367.98,369.85,369.49,370.41,367.9,359.0
1193,372.79,365.15,367.85,368.34,368.01,369.85,369.55,370.37,367.86,358.99
1194,372.82,365.17,367.83,368.38,368.04,369.88,369.46,370.38,367.84,359.0
1195,372.82,365.19,367.84,368.44,368.06,369.89,369.4,370.39,367.82,358.98
1196,372.83,365.21,367.84,368.47,368.08,369.92,369.39,370.39,367.79,358.99
1197,372.85,365.22,367.87,368.5,368.1,369.95,369.4,370.39,367.73,358.99
1198,372.88,365.25,367.94,368.52,368.16,369.99,369.47,370.38,367.68,359.0
1199,372.91,365.24,368.02,368.55,368.19,370.02,369.54,370.36,367.72,359.04
1200,372.92,365.24,368.06,368.59,368.21,370.03,369.58,370.39,367.82,359.06
1201,372.94,365.22,368.08,368.63,368.24,370.03,369.6,370.46,367.95,359.1
1202,372.95,365.18,368.11,368.67,368.25,370.02,369.62,370.55,368.03,359.12
1203,372.97,365.16,368.12,368.71,368.28,370.02,369.65,370.62,368.09,359.17
1204,372.99,365.15,368.13,368.72,368.3,370.02,369.67,370.6,368.12,359.2
1205,373.0,365.14,368.14,368.69,368.3,370.04,369.64,370.57,368.14,359.24
1206,373.0,365.04,368.14,368.67,368.29,370.04,369.62,370.56,368.14,359.24
1207,373.01,364.91,368.15,368.63,368.24,370.04,369.68,370.45,368.13,359.23
1208,373.01,364.91,368.15,368.6,368.19,370.05,369.72,370.28,368.13,359.26
1209,373.02,364.95,368.12,368.57,368.18,370.03,369.73,370.33,368.15,359.3
1210,373.02,364.99,368.12,368.53,368.19,370.0,369.75,370.37,368.14,359.32
1211,373.03,365.02,368.11,368.52,368.21,369.98,369.76,370.38,368.13,359.33
1212,373.03,365.03,368.12,368.49,368.22,369.93,369.61,370.4,368.1,359.33
1213,373.04,365.07,368.14,368.45,368.25,369.89,369.54,370.4,368.06,359.33
1214,373.04,365.09,368.15,368.41,368.24,369.89,369.56,370.4,368.02,359.31
1215,373.04,365.12,368.17,368.36,368.23,369.92,369.62,370.36,367.89,359.29
1216,373.07,365.2,368.2,368.33,368.22,369.96,369.73,370.31,367.71,359.31
1217,373.08,365.25,368.23,368.3,368.21,370.01,369.8,370.24,367.64,359.33
1218,373.09,365.26,368.25,368.28,368.19,370.03,369.79,370.15,367.6,359.32
1219,373.1,365.25,368.27,368.26,368.17,370.06,369.83,370.01,367.63,359.31
1220,373.12,365.22,368.29,368.26,368.14,370.08,369.86,369.89,367.69,359.27
1221,373.12,365.22,368.31,368.26,368.12,370.07,369.93,369.82,367.76,359.25
1222,373.12,365.24,368.32,368.26,368.1,370.06,369.99,369.82,367.86,359.24
1223,373.13,365.25,368.3,368.27,368.07,370.04,370.03,369.78,367.96,359.28
1224,373.14,365.26,368.26,368.29,368.04,370.02,370.05,369.69,368.03,359.33
1225,373.15,365.25,368.24,368.33,368.02,370.01,370.05,369.66,368.13,359.41
1226,373.16,365.2,368.23,368.38,368.0,370.0,370.09,369.72,368.21,359.43
1227,373.16,365.18,368.24,368.41,368.01,370.0,370.15,369.82,368.21,359.4
1228,373.17,365.19,368.25,368.42,368.01,370.0,370.18,369.94,368.17,359.38
1229,373.19,365.21,368.26,368.43,368.01,370.01,370.17,370.05,368.14,359.39
1230,373.2,365.21,368.28,368.46,368.0,370.03,370.22,370.1,368.12,359.4
1231,373.2,365.21,368.29,368.51,368.0,370.05,370.26,370.18,368.12,359.43
1232,373.21,365.22,368.3,368.53,367.99,370.07,370.24,370.28,368.15,359.44
1233,373.22,365.22,368.31,368.55,367.98,370.1,370.19,370.43,368.15,359.48
1234,373.22,365.2,368.33,368.58,367.97,370.13,370.11,370.55,368.06,359.48
1235,373.23,365.21,368.34,368.57,367.97,370.16,370.04,370.61,367.96,359.47
1236,373.23,365.24,368.32,368.57,367.99,370.2,370.04,370.63,367.96,359.45
1237,373.25,365.24,368.31,368.59,368.03,370.22,370.02,370.57,367.97,359.46
1238,373.27,365.23,368.29,368.59,368.05,370.24,370.0,370.54,367.94,359.47
1239,373.28,365.24,368.28,368.57,368.07,370.25,369.99,370.42,367.91,359.49
1240,373.29,365.24,368.28,368.54,368.08,370.26,369.9,370.09,367.9,359.51
1241,373.31,365.25,368.28,368.5,368.1,370.27,369.67,369.89,367.95,359.52
1242,373.32,365.27,368.29,368.49,368.1,370.26,369.44,369.92,368.0,359.55
1243,373.34,365.35,368.31,368.53,368.11,370.24,369.23,369.99,368.1,359.61
1244,373.37,365.45,368.36,368.56,368.13,370.19,369.18,369.97,368.2,359.7
1245,373.38,365.51,368.41,368.58,368.13,370.14,369.1,369.88,368.22,359.78
1246,373.39,365.55,368.43,368.61,368.15,370.1,369.0,369.85,368.25,359.85
1247,373.4,365.54,368.45,368.63,368.14,370.07,368.99,369.83,368.34,359.9
1248,373.4,365.53,368.45,368.67,368.13,370.03,369.03,369.81,368.42,359.94
1249,373.4,365.52,368.46,368.69,368.12,369.99,369.04,369.89,368.44,359.96
1250,373.41,365.51,368.46,368.72,368.14,369.97,368.98,370.01,368.44,359.99
1251,373.43,365.51,368.46,368.73,368.17,369.96,368.94,370.02,368.42,360.03
1252,373.43,365.54,368.4,368.73,368.21,369.96,369.03,369.98,368.39,360.06
1253,373.43,365.57,368.37,368.72,368.26,369.96,369.18,369.91,368.43,360.07
1254,373.44,365.58,368.38,368.68,368.3,369.93,369.28,369.8,368.49,360.05
1255,373.46,365.62,368.39,368.66,368.32,369.9,369.39,369.76,368.57,360.0
1256,373.46,365.64,368.41,368.64,368.34,369.9,369.42,369.76,368.65,359.95
1257,373.46,365.6,368.43,368.61,368.36,369.9,369.47,369.78,368.67,359.93
1258,373.45,365.55,368.44,368.6,368.37,369.94,369.56,369.87,368.68,359.93
1259,373.46,365.5,368.44,368.59,368.37,369.99,369.67,369.99,368.66,359.93
1260,373.45,365.52,368.42,368.57,368.38,370.02,369.77,370.05,368.64,359.98
1261,373.46,365.58,368.42,368.58,368.39,370.06,369.9,370.05,368.62,360.04
1262,373.45,365.66,368.44,368.62,368.41,370.09,370.02,370.05,368.57,360.09
1263,373.43,365.71,368.46,368.67,368.41,370.12,369.99,370.16,368.55,360.09
1264,373.41,365.74,368.46,368.7,368.42,370.13,370.0,370.3,368.55,360.07
1265,373.39,365.77,368.48,368.73,368.44,370.16,370.04,370.38,368.55,360.03
1266,373.38,365.79,368.49,368.77,368.46,370.17,370.04,370.38,368.52,359.98
1267,373.37,365.82,368.49,368.8,368.49,370.19,370.06,370.36,368.45,359.94
1268,373.36,365.85,368.51,368.82,368.51,370.22,370.1,370.35,368.33,359.9
1269,373.34,365.89,368.58,368.83,368.55,370.24,370.16,370.37,368.14,359.87
1270,373.35,365.92,368.64,368.84,368.58,370.28,370.23,370.39,368.06,359.83
1271,373.34,365.95,368.66,368.86,368.6,370.33,370.28,370.36,368.07,359.78
1272,373.35,365.97,368.69,368.86,368.61,370.37,370.31,370.36,368.12,359.74
1273,373.36,366.02,368.7,368.85,368.63,370.4,370.37,370.38,368.21,359.72
1274,373.36,366.04,368.67,368.85,368.63,370.43,370.44,370.37,368.3,359.71
1275,373.37,366.03,368.63,368.83,368.62,370.46,370.46,370.34,368.32,359.73
1276,373.37,365.95,368.6,368.81,368.63,370.49,370.46,370.33,368.33,359.74
1277,373.38,365.9,368.56,368.78,368.61,370.52,370.45,370.41,368.38,359.71
1278,373.39,365.89,368.53,368.74,368.6,370.52,370.44,370.54,368.46,359.69
1279,373.39,365.92,368.5,368.73,368.58,370.5,370.23,370.64,368.55,359.64
1280,373.41,365.94,368.48,368.7,368.56,370.48,369.98,370.65,368.6,359.62
1281,373.42,365.97,368.49,368.68,368.54,370.47,369.92,370.64,368.63,359.65
1282,373.42,365.99,368.5,368.69,368.52,370.47,369.98,370.6,368.65,359.65
1283,373.44,365.97,368.51,368.7,368.5,370.48,369.96,370.52,368.65,359.65
1284,373.44,365.92,368.52,368.75,368.49,370.49,369.9,370.4,368.62,359.62
1285,373.44,365.88,368.52,368.78,368.48,370.5,369.89,370.23,368.57,359.6
1286,373.45,365.84,368.51,368.82,368.49,370.52,369.87,370.15,368.51,359.58
1287,373.46,365.83,368.5,368.84,368.5,370.54,369.75,370.28,368.43,359.58
1288,373.48,365.84,368.49,368.86,368.52,370.55,369.71,370.42,368.24,359.56
1289,373.5,365.88,368.48,368.86,368.56,370.56,369.84,370.49,368.1,359.57
1290,373.52,365.93,368.47,368.87,368.59,370.58,369.93,370.41,368.13,359.62
1291,373.52,365.97,368.46,368.86,368.61,370.59,369.88,370.24,368.24,359.66
1292,373.53,366.02,368.45,368.86,368.61,370.6,369.8,370.06,368.4,359.71
1293,373.54,366.06,368.45,368.84,368.6,370.59,369.77,370.13,368.58,359.74
1294,373.56,366.09,368.47,368.83,368.59,370.6,369.78,370.29,368.69,359.78
1295,373.58,366.09,368.5,368.83,368.6,370.61,369.81,370.4,368.8,359.83
1296,373.59,366.1,368.54,368.83,368.61,370.61,369.88,370.55,368.92,359.9
1297,373.6,366.09,368.57,368.86,368.62,370.62,370.04,370.66,369.06,359.97
1298,373.63,366.07,368.65,368.9,368.64,370.62,370.08,370.64,369.05,360.04
1299,373.63,366.03,368.71,368.93,368.67,370.64,370.04,370.61,369.02,360.05
1300,373.64,365.96,368.75,368.94,368.68,370.65,370.05,370.65,368.92,360.04
1301,373.65,365.92,368.79,368.95,368.7,370.66,370.11,370.76,368.84,360.05
1302,373.67,365.87,368.82,368.97,368.72,370.65,370.18,370.83,368.82,360.07
1303,373.66,365.84,368.86,368.99,368.74,370.64,370.24,370.9,368.86,360.06
1304,373.68,365.83,368.86,369.02,368.74,370.63,370.32,370.92,368.9,360.07
1305,373.69,365.87,368.85,369.05,368.76,370.62,370.37,370.91,368.93,360.06
1306,373.71,365.91,368.82,369.09,368.77,370.62,370.45,370.87,368.96,360.02
1307,373.72,365.97,368.8,369.14,368.76,370.61,370.51,370.92,368.88,360.02
1308,373.74,366.01,368.81,369.18,368.75,370.61,370.51,371.06,368.81,360.02
1309,373.74,366.06,368.81,369.2,368.74,370.61,370.51,371.15,368.74,360.06
1310,373.74,366.08,368.83,369.21,368.73,370.61,370.49,371.04,368.67,360.09
1311,373.75,366.1,368.85,369.2,368.71,370.63,370.53,370.66,368.7,360.15
1312,373.74,366.13,368.88,369.18,368.69,370.65,370.6,370.42,368.79,360.21
1313,373.75,366.16,368.93,369.17,368.67,370.68,370.57,370.24,368.88,360.28
1314,373.76,366.2,368.97,369.14,368.67,370.71,370.48,370.22,368.95,360.33
1315,373.78,366.26,369.03,369.11,368.67,370.73,370.33,370.36,368.99,360.38
1316,373.79,366.27,369.09,369.09,368.7,370.75,370.32,370.48,368.9,360.41
1317,373.81,366.27,369.13,369.09,368.75,370.78,370.25,370.57,368.83,360.4
1318,373.82,366.27,369.17,369.08,368.8,370.81,370.06,370.61,368.79,360.39
1319,373.84,366.27,369.21,369.09,368.86,370.83,369.99,370.63,368.77,360.38
1320,373.84,366.25,369.24,369.11,368.91,370.85,370.04,370.69,368.79,360.39
1321,373.85,366.23,369.26,369.14,368.94,370.87,370.13,370.81,368.85,360.38
1322,373.87,366.26,369.28,369.19,368.98,370.89,370.25,370.96,368.91,360.37
1323,373.88,366.29,369.29,369.22,369.02,370.89,370.35,371.06,368.95,360.34
1324,373.91,366.28,369.29,369.26,369.08,370.89,370.47,371.18,369.02,360.28
1325,373.93,366.27,369.26,369.3,369.11,370.88,370.6,371.23,369.09,360.22
1326,373.94,366.28,369.23,369.34,369.13,370.85,370.69,371.2,369.13,360.2
1327,373.95,366.28,369.2,369.38,369.14,370.8,370.62,371.13,369.13,360.17
1328,373.96,366.3,369.15,369.42,369.13,370.77,370.42,371.09,369.07,360.16
1329,373.96,366.31,369.11,369.46,369.13,370.77,370.36,371.03,368.93,360.12
1330,373.95,366.29,369.04,369.46,369.1,370.78,370.4,371.0,368.74,360.08
1331,373.95,366.25,369.01,369.46,369.08,370.81,370.45,371.0,368.59,360.04
1332,373.95,366.22,368.98,369.47,369.07,370.83,370.5,370.96,368.45,360.0
1333,373.96,366.18,368.96,369.46,369.09,370.85,370.54,370.9,368.35,359.95
1334,373.95,366.2,368.93,369.44,369.12,370.89,370.58,370.82,368.28,359.9
1335,373.95,366.23,368.94,369.43,369.12,370.9,370.6,370.64,368.2,359.87
1336,373.95,366.28,368.95,369.41,369.14,370.91,370.61,370.44,368.11,359.85
1337,373.96,366.32,368.97,369.41,369.15,370.91,370.53,370.31,368.04,359.85
1338,373.98,366.34,368.99,369.41,369.16,370.89,370.45,370.05,368.01,359.87
1339,373.99,366.34,369.01,369.41,369.16,370.88,370.37,370.02,368.06,359.91
1340,374.0,366.28,369.03,369.44,369.16,370.9,370.36,370.04,368.21,359.97
1341,374.01,366.22,369.04,369.44,369.16,370.91,370.27,370.09,368.38,360.02
1342,374.02,366.24,369.02,369.46,369.13,370.94,370.12,370.2,368.6,360.11
1343,374.03,366.31,368.99,369.49,369.11,370.97,370.1,370.29,368.83,360.18
1344,374.04,366.37,368.94,369.5,369.12,370.98,370.09,370.38,368.93,360.21
1345,374.04,366.44,368.88,369.51,369.13,371.01,370.16,370.47,369.03,360.24
1346,374.04,366.49,368.85,369.5,369.14,371.03,370.29,370.5,369.06,360.29
1347,374.04,366.51,368.84,369.48,369.14,371.04,370.41,370.55,369.05,360.36
1348,374.03,366.55,368.87,369.46,369.15,371.04,370.51,370.54,369.07,360.45
1349,374.03,366.58,368.9,369.42,369.16,371.03,370.6,370.53,369.11,360.53
1350,374.03,366.65,368.94,369.39,369.14,371.01,370.58,370.61,369.16,360.6
1351,374.03,366.71,368.99,369.36,369.11,370.99,370.34,370.7,369.29,360.65
1352,374.01,366.72,369.07,369.29,369.09,370.98,370.3,370.84,369.43,360.66
1353,374.0,366.72,369.12,369.23,369.08,370.96,370.39,370.99,369.47,360.63
1354,373.99,366.72,369.18,369.2,369.08,370.93,370.47,371.14,369.47,360.61
1355,373.99,366.75,369.24,369.19,369.08,370.9,370.56,371.27,369.48,360.6
1356,374.0,366.76,369.28,369.18,369.09,370.87,370.64,371.31,369.48,360.59
1357,374.01,366.77,369.3,369.16,369.11,370.85,370.7,371.38,369.43,360.6
1358,374.03,366.79,369.33,369.15,369.13,370.85,370.76,371.42,369.39,360.64
1359,374.03,366.74,369.33,369.15,369.14,370.86,370.76,371.42,369.39,360.67
1360,374.05,366.64,369.33,369.16,369.16,370.86,370.85,371.42,369.42,360.7
1361,374.05,366.49,369.35,369.18,369.18,370.86,370.94,371.43,369.43,360.71
1362,374.06,366.47,369.34,369.22,369.18,370.88,371.0,371.48,369.44,360.71
1363,374.06,366.52,369.36,369.24,369.2,370.9,371.03,371.53,369.46,360.74
1364,374.07,366.59,369.4,369.26,369.22,370.9,371.09,371.58,369.5,360.78
1365,374.07,366.67,369.43,369.27,369.23,370.92,371.14,371.62,369.52,360.82
1366,374.08,366.74,369.45,369.27,369.24,370.92,371.17,371.68,369.51,360.86
1367,374.09,366.81,369.47,369.3,369.25,370.92,371.11,371.75,369.51,360.9
1368,374.1,366.89,369.5,369.31,369.25,370.92,370.98,371.74,369.46,360.96
1369,374.12,366.89,369.55,369.32,369.24,370.93,370.93,371.68,369.41,361.02
1370,374.13,366.86,369.57,369.34,369.23,370.94,370.95,371.5,369.39,361.05
1371,374.16,366.82,369.6,369.35,369.22,370.95,371.0,371.23,369.42,361.07
1372,374.16,366.78,369.62,369.34,369.22,370.95,370.99,371.17,369.48,361.06
1373,374.17,366.74,369.61,369.32,369.21,370.97,370.97,371.01,369.56,361.07
1374,374.18,366.73,369.61,369.26,369.21,370.99,370.97,370.82,369.63,361.07
1375,374.19,366.71,369.58,369.23,369.21,371.0,370.96,370.71,369.69,361.07
1376,374.21,366.7,369.58,369.25,369.2,371.01,370.91,370.71,369.7,361.06
1377,374.22,366.67,369.58,369.33,369.16,371.01,370.87,370.73,369.69,361.07
1378,374.25,366.68,369.61,369.4,369.12,371.02,370.77,370.73,369.56,361.11
1379,374.27,366.8,369.62,369.48,369.11,371.03,370.72,370.75,369.47,361.14
1380,374.3,366.88,369.62,369.55,369.11,371.04,370.7,370.83,369.49,361.18
1381,374.32,366.92,369.61,369.61,369.13,371.05,370.69,370.86,369.51,361.2
1382,374.33,366.84,369.6,369.65,369.14,371.07,370.75,370.81,369.55,361.23
1383,374.35,366.73,369.59,369.69,369.16,371.11,370.81,370.85,369.6,361.26
1384,374.38,366.71,369.58,369.72,369.21,371.16,370.81,370.95,369.68,361.26
1385,374.4,366.68,369.59,369.74,369.24,371.21,370.8,371.0,369.76,361.26
1386,374.41,366.65,369.59,369.75,369.26,371.25,370.69,371.01,369.8,361.25
1387,374.43,366.68,369.61,369.76,369.31,371.31,370.42,371.05,369.89,361.24
1388,374.44,366.74,369.63,369.79,369.34,371.36,370.39,371.12,369.98,361.25
1389,374.43,366.77,369.66,369.8,369.35,371.4,370.45,371.2,370.07,361.24
1390,374.44,366.77,369.65,369.82,369.37,371.44,370.5,371.34,370.16,361.22
1391,374.45,366.77,369.62,369.82,369.39,371.47,370.58,371.49,370.19,361.2
1392,374.46,366.77,369.57,369.83,369.4,371.49,370.68,371.55,370.15,361.17
1393,374.46,366.77,369.52,369.84,369.43,371.49,370.79,371.54,370.05,361.12
1394,374.47,366.73,369.48,369.86,369.44,371.51,370.91,371.58,369.92,361.07
1395,374.48,366.73,369.45,369.88,369.45,371.5,371.02,371.64,369.77,361.04
1396,374.5,366.68,369.48,369.91,369.47,371.51,371.14,371.65,369.58,361.01
1397,374.52,366.64,369.5,369.94,369.48,371.52,371.23,371.71,369.51,360.98
1398,374.51,366.64,369.52,369.97,369.48,371.53,371.24,371.77,369.52,360.96
1399,374.51,366.66,369.51,370.0,369.48,371.54,371.21,371.8,369.56,360.96
1400,374.52,366.67,369.47,370.01,369.49,371.54,371.14,371.77,369.58,360.96
1401,374.52,366.65,369.43,370.03,369.52,371.55,370.94,371.75,369.61,360.97
1402,374.52,366.59,369.39,370.05,369.53,371.54,370.88,371.79,369.66,360.98
1403,374.52,366.53,369.35,370.07,369.54,371.52,370.91,371.71,369.7,361.01
1404,374.54,366.51,369.35,370.07,369.59,371.49,370.86,371.68,369.68,361.01
1405,374.55,366.53,369.38,370.06,369.65,371.46,370.85,371.7,369.59,360.99
1406,374.56,366.57,369.4,370.05,369.67,371.43,370.87,371.65,369.59,360.98
1407,374.57,366.6,369.44,370.07,369.68,371.42,370.93,371.62,369.61,360.95
1408,374.59,366.64,369.51,370.1,369.69,371.43,371.0,371.71,369.62,360.94
1409,374.6,366.66,369.57,370.13,369.69,371.45,371.02,371.8,369.62,360.94
1410,374.61,366.71,369.63,370.14,369.71,371.45,371.07,371.88,369.6,360.96
1411,374.62,366.73,369.66,370.14,369.69,371.45,371.13,371.98,369.65,360.98
1412,374.63,366.73,369.68,370.15,369.69,371.45,371.17,372.04,369.73,361.02
1413,374.64,366.74,369.69,370.16,369.67,371.45,371.19,372.01,369.77,361.05
1414,374.66,366.75,369.7,370.17,369.66,371.46,371.23,372.03,369.87,361.06
1415,374.69,366.8,369.72,370.19,369.66,371.47,371.26,372.07,369.91,361.06
1416,374.7,366.8,369.73,370.21,369.67,371.48,371.19,372.13,369.85,361.04
1417,374.71,366.79,369.73,370.22,369.68,371.46,371.1,372.22,369.76,361.05
1418,374.72,366.78,369.73,370.24,369.67,371.45,371.05,372.23,369.68,361.04
1419,374.73,366.75,369.74,370.26,369.68,371.45,371.07,372.14,369.61,361.04
1420,374.74,366.75,369.75,370.28,369.69,371.45,371.04,372.14,369.58,361.04
1421,374.75,366.75,369.74,370.3,369.69,371.47,371.05,372.18,369.57,361.02
1422,374.76,366.73,369.71,370.32,369.71,371.46,371.12,372.19,369.57,360.96
1423,374.77,366.76,369.68,370.31,369.71,371.49,371.1,372.13,369.56,360.92
1424,374.78,366.81,369.66,370.28,369.7,371.51,371.03,372.17,369.51,360.92
1425,374.79,366.84,369.65,370.23,369.68,371.54,371.04,372.22,369.5,360.93
1426,374.79,366.82,369.64,370.2,369.68,371.56,371.11,372.27,369.55,360.95
1427,374.81,366.78,369.63,370.21,369.69,371.58,371.21,372.33,369.64,361.01
1428,374.82,366.78,369.61,370.23,369.7,371.58,371.29,372.3,369.7,361.08
1429,374.81,366.82,369.6,370.24,369.71,371.6,371.38,372.27,369.7,361.12
1430,374.8,366.85,369.58,370.25,369.71,371.6,371.41,372.22,369.65,361.14
1431,374.81,366.9,369.6,370.24,369.74,371.63,371.45,372.16,369.65,361.14
1432,374.81,366.94,369.62,370.21,369.77,371.66,371.52,372.05,369.69,361.09
1433,374.82,366.99,369.67,370.2,369.82,371.68,371.63,371.9,369.71,361.07
1434,374.83,367.04,369.72,370.19,369.84,371.71,371.7,371.75,369.71,361.07
1435,374.83,367.08,369.75,370.18,369.85,371.72,371.73,371.74,369.68,361.07
1436,374.84,367.13,369.81,370.18,369.87,371.74,371.69,371.73,369.68,361.1
1437,374.84,367.16,369.86,370.19,369.88,371.75,371.72,371.68,369.69,361.12
1438,374.85,367.14,369.91,370.22,369.91,371.76,371.74,371.51,369.71,361.16
1439,374.85,367.11,369.95,370.27,369.93,371.77,371.71,371.39,369.73,361.17
1440,374.86,367.1,369.98,370.33,369.96,371.78,371.65,371.39,369.78,361.18
1441,374.87,367.16,370.02,370.35,369.96,371.79,371.36,371.38,369.8,361.21
1442,374.87,367.23,370.05,370.33,369.94,371.8,371.13,371.4,369.84,361.25
1443,374.88,367.27,370.05,370.31,369.93,371.79,371.02,371.58,369.89,361.29
1444,374.89,367.33,370.05,370.31,369.93,371.77,371.04,371.8,369.93,361.38
1445,374.9,367.37,370.05,370.32,369.96,371.74,371.12,371.93,370.02,361.49
1446,374.9,367.41,370.05,370.37,369.96,371.71,371.21,371.96,370.1,361.58
1447,374.91,367.38,370.02,370.42,369.94,371.67,371.28,372.0,370.21,361.68
1448,374.92,367.33,370.0,370.48,369.93,371.63,371.33,372.08,370.36,361.77
1449,374.93,367.21,369.97,370.5,369.87,371.61,371.39,372.12,370.51,361.84
1450,374.94,367.16,369.95,370.51,369.82,371.58,371.45,372.16,370.61,361.91
1451,374.94,367.17,369.96,370.47,369.8,371.58,371.48,372.2,370.67,361.95
1452,374.93,367.15,369.98,370.39,369.79,371.55,371.5,372.21,370.67,361.95
1453,374.94,367.14,370.04,370.31,369.78,371.53,371.53,372.29,370.66,361.94
1454,374.93,367.14,370.07,370.26,369.76,371.53,371.54,372.36,370.64,361.9
1455,374.93,367.18,370.11,370.23,369.74,371.53,371.55,372.42,370.6,361.85
1456,374.93,367.24,370.14,370.22,369.7,371.51,371.56,372.46,370.52,361.77
1457,374.93,367.32,370.16,370.24,369.65,371.5,371.53,372.5,370.4,361.68
1458,374.92,367.31,370.18,370.27,369.63,371.48,371.55,372.58,370.31,361.59
1459,374.93,367.28,370.2,370.32,369.61,371.46,371.57,372.68,370.13,361.5
1460,374.93,367.22,370.18,370.37,369.6,371.43,371.49,372.72,369.92,361.46
1461,374.94,367.19,370.19,370.39,369.63,371.43,371.52,372.6,369.86,361.46
1462,374.94,367.17,370.18,370.4,369.65,371.43,371.6,372.43,369.85,361.44
1463,374.95,367.16,370.17,370.4,369.68,371.44,371.58,372.38,369.87,361.42
1464,374.95,367.18,370.14,370.4,369.7,371.47,371.55,372.27,369.89,361.39
1465,374.97,367.14,370.12,370.44,369.71,371.51,371.56,372.12,369.9,361.35
1466,374.99,367.12,370.09,370.47,369.72,371.53,371.5,371.98,369.83,361.3
1467,374.99,367.12,370.08,370.51,369.77,371.58,371.39,371.9,369.71,361.23
1468,375.01,367.15,370.08,370.53,369.8,371.62,371.38,371.89,369.6,361.18
1469,375.04,367.18,370.09,370.54,369.82,371.68,371.4,371.91,369.56,361.17
1470,375.05,367.18,370.11,370.55,369.84,371.73,371.44,371.93,369.59,361.18
1471,375.06,367.21,370.12,370.57,369.87,371.79,371.5,372.0,369.7,361.19
1472,375.08,367.23,370.14,370.58,369.89,371.84,371.51,372.06,369.81,361.18
1473,375.1,367.28,370.16,370.58,369.92,371.89,371.54,372.08,369.9,361.17
1474,375.11,367.31,370.19,370.56,369.96,371.93,371.6,372.15,369.95,361.18
1475,375.11,367.35,370.2,370.55,369.99,371.96,371.67,372.22,369.94,361.19
1476,375.12,367.34,370.22,370.52,370.04,371.97,371.77,372.25,369.95,361.25
1477,375.14,367.32,370.23,370.49,370.06,371.98,371.88,372.26,369.94,361.32
1478,375.14,367.32,370.25,370.47,370.08,371.99,371.96,372.27,369.93,361.37
1479,375.16,367.31,370.26,370.47,370.1,372.03,372.02,372.26,369.96,361.43
1480,375.16,367.3,370.28,370.46,370.11,372.05,372.06,372.24,370.0,361.46
1481,375.18,367.3,370.31,370.45,370.11,372.06,372.08,372.22,370.05,361.5
1482,375.19,367.3,370.33,370.43,370.12,372.05,372.1,372.27,370.07,361.52
1483,375.21,367.29,370.35,370.42,370.12,372.04,372.09,372.33,370.11,361.54
1484,375.21,367.28,370.37,370.41,370.12,372.03,372.04,372.34,370.15,361.58
1485,375.22,367.27,370.38,370.45,370.14,372.02,371.99,372.39,370.21,361.63
1486,375.23,367.3,370.42,370.49,370.17,372.03,371.96,372.43,370.36,361.72
1487,375.23,367.36,370.45,370.54,370.18,372.04,371.95,372.5,370.52,361.81
1488,375.25,367.38,370.44,370.57,370.19,372.05,371.98,372.58,370.52,361.87
1489,375.25,367.4,370.38,370.58,370.18,372.07,371.99,372.66,370.49,361.87
1490,375.26,367.44,370.3,370.58,370.19,372.08,372.0,372.72,370.45,361.87
1491,375.27,367.5,370.24,370.56,370.19,372.08,372.02,372.75,370.39,361.87
1492,375.28,367.59,370.21,370.54,370.2,372.07,372.09,372.68,370.37,361.88
1493,375.29,367.68,370.21,370.52,370.2,372.08,372.17,372.43,370.32,361.87
1494,375.31,367.72,370.24,370.5,370.2,372.08,372.23,372.34,370.29,361.85
1495,375.33,367.74,370.32,370.5,370.21,372.1,372.28,372.39,370.22,361.83
1496,375.35,367.74,370.39,370.5,370.18,372.12,372.2,372.47,370.13,361.82
1497,375.36,367.7,370.42,370.51,370.18,372.15,372.18,372.45,370.14,361.76
1498,375.39,367.68,370.44,370.52,370.18,372.17,372.24,372.39,370.21,361.69
1499,375.39,367.67,370.47,370.53,370.2,372.2,372.28,372.42,370.3,361.64
1500,375.4,367.68,370.5,370.55,370.21,372.21,372.22,372.54,370.41,361.59
1501,375.42,367.68,370.5,370.59,370.21,372.21,372.17,372.66,370.51,361.55
1502,375.42,367.69,370.47,370.63,370.22,372.19,372.1,372.75,370.61,361.49
1503,375.43,367.66,370.41,370.65,370.22,372.18,371.86,372.81,370.73,361.48
1504,375.44,367.6,370.36,370.68,370.25,372.17,371.74,372.8,370.84,361.52
1505,375.44,367.57,370.32,370.7,370.27,372.17,371.63,372.73,370.93,361.57
1506,375.44,367.53,370.28,370.73,370.3,372.16,371.6,372.62,371.03,361.61
1507,375.44,367.52,370.2,370.75,370.31,372.17,371.64,372.53,371.12,361.67
1508,375.44,367.57,370.15,370.76,370.35,372.19,371.71,372.48,371.2,361.71
1509,375.46,367.66,370.16,370.75,370.36,372.21,371.79,372.44,371.28,361.75
1510,375.46,367.73,370.18,370.74,370.37,372.23,371.88,372.38,371.32,361.77
1511,375.47,367.8,370.21,370.73,370.38,372.27,371.97,372.39,371.28,361.81
1512,375.48,367.88,370.24,370.72,370.38,372.3,372.06,372.46,371.1,361.83
1513,375.48,367.93,370.23,370.7,370.37,372.32,372.09,372.59,370.89,361.84
1514,375.48,367.95,370.22,370.69,370.36,372.33,372.14,372.7,370.79,361.86
1515,375.49,367.94,370.23,370.69,370.35,372.35,372.2,372.74,370.72,361.88
1516,375.49,367.91,370.26,370.73,370.34,372.36,372.24,372.74,370.62,361.86
1517,375.49,367.88,370.3,370.77,370.33,372.35,372.28,372.7,370.51,361.84
1518,375.5,367.84,370.36,370.81,370.34,372.33,372.27,372.58,370.43,361.83
1519,375.51,367.76,370.4,370.83,370.37,372.32,372.14,372.52,370.4,361.82
1520,375.51,367.68,370.44,370.83,370.38,372.32,371.98,372.55,370.41,361.81
1521,375.52,367.67,370.5,370.83,370.4,372.34,371.85,372.66,370.42,361.8
1522,375.54,367.74,370.59,370.86,370.43,372.36,371.87,372.7,370.47,361.8
1523,375.55,367.8,370.63,370.88,370.44,372.38,371.98,372.61,370.47,361.8
1524,375.56,367.81,370.66,370.93,370.45,372.41,372.08,372.45,370.43,361.83
1525,375.56,367.81,370.68,370.96,370.48,372.41,372.18,372.24,370.41,361.85
1526,375.56,367.81,370.69,370.97,370.5,372.41,372.18,372.2,370.38,361.89
1527,375.56,367.82,370.71,371.0,370.52,372.41,372.21,372.21,370.37,361.94
1528,375.56,367.83,370.72,371.03,370.55,372.41,372.23,372.18,370.4,362.0
1529,375.57,367.86,370.73,371.02,370.55,372.41,372.15,372.22,370.43,362.06
1530,375.58,367.92,370.76,371.01,370.55,372.41,372.15,372.33,370.52,362.15
1531,375.59,367.99,370.8,370.99,370.53,372.4,372.14,372.45,370.63,362.2
1532,375.59,368.04,370.81,370.97,370.52,372.42,372.11,372.59,370.69,362.23
1533,375.6,368.07,370.82,370.96,370.51,372.43,372.1,372.68,370.74,362.28
1534,375.61,368.11,370.85,370.95,370.51,372.45,372.16,372.76,370.77,362.31
1535,375.61,368.09,370.88,370.94,370.51,372.48,372.18,372.8,370.81,362.31
1536,375.62,368.08,370.89,370.95,370.53,372.51,372.2,372.81,370.84,362.28
1537,375.62,368.06,370.9,370.97,370.52,372.53,372.24,372.82,370.84,362.23
1538,375.62,368.04,370.9,371.0,370.52,372.56,372.31,372.84,370.79,362.21
1539,375.62,368.02,370.88,371.04,370.53,372.58,372.42,372.92,370.58,362.23
1540,375.61,367.95,370.84,371.06,370.57,372.6,372.45,372.95,370.47,362.27
1541,375.62,367.88,370.81,371.09,370.59,372.61,372.45,372.73,370.49,362.31
1542,375.62,367.82,370.77,371.13,370.62,372.64,372.46,372.46,370.55,362.33
1543,375.61,367.79,370.73,371.16,370.64,372.67,372.43,372.34,370.59,362.35
1544,375.63,367.78,370.69,371.19,370.65,372.69,372.31,372.37,370.62,362.36
1545,375.64,367.79,370.66,371.21,370.69,372.7,372.3,372.49,370.68,362.39
1546,375.65,367.82,370.63,371.24,370.73,372.7,372.24,372.54,370.73,362.42
1547,375.65,367.84,370.61,371.28,370.76,372.73,372.2,372.53,370.78,362.45
1548,375.66,367.87,370.55,371.28,370.8,372.74,372.21,372.5,370.85,362.51
1549,375.67,367.8,370.5,371.27,370.84,372.75,372.27,372.48,370.91,362.57
1550,375.69,367.76,370.5,371.27,370.87,372.78,372.4,372.45,371.04,362.62
1551,375.7,367.76,370.52,371.26,370.88,372.81,372.46,372.43,371.13,362.65
1552,375.71,367.78,370.55,371.26,370.9,372.83,372.49,372.45,371.19,362.67
1553,375.72,367.82,370.59,371.27,370.92,372.84,372.5,372.47,371.24,362.72
1554,375.72,367.86,370.63,371.27,370.95,372.82,372.53,372.43,371.33,362.77
1555,375.72,367.92,370.69,371.27,370.95,372.8,372.54,372.43,371.42,362.84
1556,375.71,367.96,370.75,371.27,370.97,372.77,372.55,372.43,371.5,362.89
1557,375.71,367.96,370.8,371.28,370.98,372.75,372.58,372.5,371.56,362.96
1558,375.7,367.96,370.87,371.29,371.01,372.73,372.61,372.58,371.57,363.02
1559,375.69,368.0,370.92,371.28,371.03,372.72,372.6,372.61,371.58,363.05
1560,375.7,368.07,370.95,371.27,371.02,372.72,372.58,372.64,371.56,363.05
1561,375.7,368.16,370.99,371.25,371.03,372.72,372.55,372.68,371.52,363.01
1562,375.7,368.21,371.02,371.23,371.02,372.73,372.54,372.77,371.48,362.95
1563,375.69,368.24,371.06,371.21,371.0,372.74,372.57,372.88,371.44,362.93
1564,375.7,368.25,371.1,371.2,370.99,372.77,372.64,372.86,371.38,362.94
1565,375.69,368.24,371.14,371.16,371.0,372.79,372.7,372.6,371.32,362.98
1566,375.7,368.21,371.2,371.1,370.99,372.82,372.73,372.21,371.26,363.02
1567,375.73,368.2,371.25,371.07,370.97,372.83,372.43,372.11,371.25,363.07
1568,375.73,368.24,371.3,371.05,370.97,372.84,372.14,372.18,371.28,363.09
1569,375.74,368.28,371.33,371.06,370.94,372.85,371.95,372.34,371.31,363.08
1570,375.75,368.34,371.34,371.1,370.93,372.85,371.93,372.48,371.35,363.05
1571,375.77,368.37,371.36,371.14,370.92,372.86,371.99,372.62,371.38,362.99
1572,375.79,368.42,371.37,371.17,370.93,372.87,372.1,372.79,371.39,362.94
1573,375.8,368.44,371.38,371.2,370.94,372.88,372.2,372.96,371.43,362.88
1574,375.82,368.44,371.39,371.25,370.96,372.9,372.28,373.13,371.44,362.84
1575,375.85,368.43,371.39,371.28,370.95,372.92,372.35,373.24,371.35,362.77
1576,375.86,368.41,371.38,371.3,370.95,372.94,372.4,373.4,371.2,362.72
1577,375.89,368.39,371.38,371.3,370.96,372.95,372.47,373.47,371.11,362.73
1578,375.92,368.41,371.41,371.28,370.97,372.96,372.56,373.25,371.09,362.75
1579,375.95,368.46,371.46,371.26,370.98,372.97,372.61,373.15,371.12,362.79
1580,375.95,368.49,371.48,371.26,370.97,372.98,372.66,373.26,371.15,362.83
1581,375.97,368.52,371.46,371.26,370.95,373.0,372.62,373.31,371.22,362.86
1582,375.99,368.54,371.42,371.27,370.91,373.01,372.6,373.25,371.27,362.86
1583,375.99,368.58,371.39,371.3,370.89,373.01,372.67,373.07,371.27,362.84
1584,376.0,368.61,371.37,371.35,370.87,373.01,372.71,373.0,371.23,362.82
1585,376.02,368.59,371.33,371.4,370.87,373.0,372.8,373.0,371.21,362.85
1586,376.03,368.51,371.26,371.43,370.87,373.01,372.82,372.83,371.19,362.87
1587,376.05,368.41,371.23,371.44,370.88,373.02,372.8,372.67,371.19,362.87
1588,376.06,368.35,371.22,371.45,370.88,373.04,372.78,372.58,371.19,362.88
1589,376.07,368.3,371.2,371.45,370.89,373.04,372.77,372.53,371.22,362.89
1590,376.08,368.29,371.18,371.41,370.91,373.04,372.73,372.48,371.24,362.88
1591,376.08,368.29,371.15,371.37,370.92,373.06,372.6,372.44,371.22,362.86
1592,376.08,368.29,371.15,371.34,370.96,373.08,372.58,372.37,371.17,362.83
1593,376.09,368.26,371.16,371.34,370.99,373.1,372.64,372.34,371.16,362.81
1594,376.1,368.26,371.18,371.37,371.03,373.08,372.69,372.34,371.24,362.79
1595,376.11,368.31,371.21,371.39,371.05,373.05,372.66,372.37,371.24,362.75
1596,376.12,368.33,371.22,371.4,371.07,373.03,372.68,372.4,371.2,362.74
1597,376.12,368.33,371.23,371.41,371.06,373.03,372.67,372.42,371.1,362.74
1598,376.13,368.3,371.21,371.41,371.04,373.05,372.59,372.38,370.95,362.74
1599,376.14,368.27,371.2,371.41,371.04,373.05,372.51,372.3,370.9,362.74
1600,376.13,368.23,371.17,371.41,371.04,373.05,372.5,372.11,370.91,362.7
1601,376.14,368.24,371.12,371.36,371.05,373.04,372.56,372.0,370.97,362.67
1602,376.16,368.31,371.1,371.3,371.07,373.01,372.62,371.96,371.1,362.66
1603,376.16,368.33,371.12,371.26,371.06,373.01,372.52,371.96,371.22,362.69
1604,376.15,368.32,371.12,371.22,371.05,373.0,372.33,372.08,371.25,362.72
1605,376.15,368.32,371.13,371.21,371.04,373.0,372.2,372.25,371.25,362.75
1606,376.15,368.31,371.12,371.2,371.03,373.0,372.16,372.51,371.25,362.75
1607,376.15,368.33,371.15,371.21,371.05,373.0,372.21,372.74,371.26,362.72
1608,376.17,368.37,371.19,371.23,371.08,373.0,372.31,372.92,371.28,362.67
1609,376.15,368.43,371.24,371.27,371.11,372.99,372.39,373.05,371.25,362.6
1610,376.16,368.47,371.29,371.31,371.15,372.97,372.46,373.12,371.24,362.54
1611,376.17,368.54,371.36,371.36,371.2,372.96,372.61,373.21,371.22,362.47
1612,376.17,368.6,371.41,371.43,371.25,372.94,372.64,373.16,371.24,362.41
1613,376.17,368.63,371.44,371.51,371.28,372.93,372.55,373.14,371.28,362.36
1614,376.18,368.64,371.44,371.58,371.3,372.93,372.57,373.23,371.32,362.3
1615,376.17,368.66,371.44,371.66,371.33,372.94,372.59,373.31,371.38,362.24
1616,376.18,368.64,371.45,371.71,371.36,372.94,372.67,373.37,371.42,362.19
1617,376.19,368.61,371.45,371.75,371.37,372.96,372.73,373.39,371.47,362.15
1618,376.21,368.62,371.43,371.79,371.38,372.99,372.79,373.33,371.53,362.14
1619,376.22,368.66,371.41,371.83,371.37,373.02,372.75,373.28,371.56,362.14
1620,376.23,368.65,371.39,371.85,371.36,373.05,372.67,373.25,371.53,362.16
1621,376.22,368.56,371.38,371.87,371.35,373.08,372.65,373.31,371.51,362.21
1622,376.24,368.57,371.36,371.88,371.37,373.11,372.7,373.37,371.54,362.26
1623,376.26,368.64,371.34,371.89,371.38,373.13,372.75,373.39,371.56,362.32
1624,376.26,368.75,371.32,371.88,371.38,373.14,372.78,373.43,371.57,362.35
1625,376.26,368.79,371.3,371.89,371.38,373.16,372.83,373.52,371.56,362.37
1626,376.27,368.79,371.27,371.89,371.37,373.18,372.89,373.65,371.5,362.38
1627,376.28,368.78,371.28,371.89,371.35,373.19,372.9,373.75,371.39,362.37
1628,376.3,368.79,371.32,371.88,371.34,373.21,372.92,373.84,371.21,362.35
1629,376.31,368.81,371.37,371.85,371.33,373.23,373.0,373.86,371.04,362.36
1630,376.33,368.91,371.45,371.82,371.31,373.25,373.1,373.78,370.98,362.42
1631,376.34,369.02,371.5,371.8,371.32,373.27,373.19,373.76,371.05,362.51
1632,376.35,369.08,371.52,371.78,371.33,373.29,373.24,373.67,371.15,362.57
1633,376.36,369.1,371.53,371.75,371.33,373.32,373.24,373.63,371.28,362.61
1634,376.36,369.11,371.54,371.73,371.34,373.32,373.26,373.65,371.39,362.67
1635,376.39,369.13,371.51,371.72,371.35,373.33,373.28,373.71,371.48,362.7
1636,376.39,369.16,371.51,371.73,371.36,373.33,373.34,373.76,371.56,362.73
1637,376.4,369.18,371.51,371.73,371.38,373.34,373.38,373.79,371.58,362.75
1638,376.41,369.2,371.52,371.73,371.4,373.35,373.41,373.85,371.56,362.79
1639,376.43,369.18,371.54,371.74,371.42,373.36,373.46,373.85,371.58,362.82
1640,376.45,369.17,371.55,371.75,371.42,373.36,373.4,373.76,371.62,362.85
1641,376.45,369.17,371.58,371.78,371.43,373.38,373.11,373.66,371.63,362.89
1642,376.46,369.13,371.63,371.8,371.45,373.39,372.93,373.61,371.61,362.94
1643,376.46,369.05,371.67,371.79,371.46,373.4,372.91,373.61,371.59,362.99
1644,376.46,369.0,371.7,371.77,371.47,373.42,372.95,373.66,371.58,363.04
1645,376.46,368.94,371.72,371.75,371.47,373.43,372.99,373.69,371.63,363.11
1646,376.46,368.88,371.73,371.73,371.48,373.45,373.06,373.71,371.74,363.19
1647,376.46,368.77,371.73,371.71,371.47,373.49,373.07,373.79,371.81,363.29
1648,376.45,368.65,371.72,371.69,371.47,373.52,372.94,373.88,371.79,363.32
1649,376.44,368.6,371.71,371.66,371.46,373.54,372.89,373.96,371.71,363.28
1650,376.44,368.6,371.71,371.61,371.44,373.57,372.91,374.03,371.63,363.23
1651,376.43,368.63,371.7,371.55,371.45,373.59,373.01,374.09,371.63,363.18
1652,376.43,368.63,371.69,371.52,371.45,373.6,373.12,374.12,371.68,363.14
1653,376.44,368.64,371.69,371.51,371.46,373.61,373.22,374.2,371.74,363.1
1654,376.44,368.64,371.69,371.52,371.45,373.6,373.27,374.18,371.79,363.07
1655,376.43,368.65,371.69,371.52,371.46,373.57,373.28,374.03,371.81,363.05
1656,376.44,368.68,371.69,371.54,371.46,373.54,373.29,373.99,371.78,363.04
1657,376.45,368.7,371.7,371.57,371.47,373.52,373.26,374.02,371.65,363.03
1658,376.48,368.7,371.74,371.62,371.5,373.48,373.23,374.08,371.59,363.05
1659,376.49,368.73,371.8,371.67,371.51,373.44,373.22,374.13,371.67,363.05
1660,376.5,368.76,371.84,371.74,371.53,373.4,373.25,374.19,371.75,363.06
1661,376.5,368.79,371.86,371.79,371.54,373.37,373.28,374.2,371.81,363.08
1662,376.51,368.83,371.9,371.83,371.56,373.32,373.29,374.12,371.87,363.1
1663,376.52,368.87,371.91,371.86,371.59,373.29,373.3,374.03,371.95,363.12
1664,376.53,368.93,371.92,371.92,371.62,373.29,373.3,373.85,371.97,363.12
1665,376.55,369.01,371.91,371.97,371.64,373.3,373.33,373.83,371.98,363.09
1666,376.55,369.07,371.89,372.0,371.62,373.33,373.31,373.87,371.96,363.06
1667,376.57,369.1,371.89,372.03,371.6,373.36,373.31,373.97,372.0,363.05
1668,376.58,369.12,371.88,372.04,371.59,373.4,373.3,374.03,372.02,363.06
1669,376.6,369.13,371.85,372.04,371.59,373.46,373.29,374.09,372.06,363.05
1670,376.59,369.1,371.82,372.02,371.59,373.51,373.28,374.1,372.07,363.05
1671,376.61,369.08,371.78,372.02,371.6,373.57,373.25,374.05,372.04,363.04
1672,376.62,369.09,371.75,372.02,371.63,373.61,373.28,374.01,372.01,363.08
1673,376.64,369.06,371.7,372.02,371.62,373.63,373.34,374.03,371.99,363.12
1674,376.66,368.97,371.67,372.04,371.65,373.67,373.43,374.02,372.01,363.19
1675,376.67,368.9,371.66,372.06,371.68,373.69,373.53,374.0,372.01,363.28
1676,376.69,368.89,371.65,372.08,371.68,373.7,373.59,374.11,371.99,363.34
1677,376.71,368.94,371.65,372.1,371.69,373.7,373.65,374.12,371.95,363.37
1678,376.71,369.01,371.66,372.12,371.69,373.69,373.7,374.12,371.98,363.37
1679,376.71,369.07,371.67,372.11,371.67,373.68,373.72,374.18,372.06,363.39
1680,376.74,369.13,371.69,372.1,371.67,373.67,373.73,374.23,372.15,363.44
1681,376.76,369.16,371.72,372.07,371.65,373.64,373.72,374.29,372.18,363.48
1682,376.77,369.16,371.74,372.05,371.63,373.62,373.66,374.32,372.17,363.51
1683,376.79,369.16,371.75,372.02,371.61,373.59,373.61,374.33,372.18,363.54
1684,376.8,369.16,371.75,371.99,371.6,373.57,373.66,374.35,372.23,363.58
1685,376.82,369.15,371.75,371.96,371.61,373.55,373.65,374.35,372.29,363.6
1686,376.82,369.17,371.78,371.94,371.63,373.53,373.67,374.38,372.36,363.62
1687,376.83,369.18,371.8,371.94,371.63,373.53,373.7,374.41,372.41,363.62
1688,376.83,369.23,371.83,371.93,371.63,373.54,373.74,374.45,372.46,363.61
1689,376.85,369.23,371.87,371.94,371.63,373.55,373.74,374.51,372.49,363.59
1690,376.83,369.24,371.9,371.93,371.61,373.58,373.7,374.51,372.48,363.56
1691,376.84,369.25,371.94,371.91,371.61,373.61,373.66,374.51,372.48,363.55
1692,376.85,369.32,371.97,371.88,371.6,373.63,373.67,374.49,372.42,363.5
1693,376.84,369.36,372.03,371.84,371.62,373.66,373.66,374.43,372.38,363.44
1694,376.85,369.38,372.08,371.8,371.64,373.68,373.61,374.29,372.37,363.43
1695,376.85,369.37,372.12,371.77,371.67,373.71,373.62,374.14,372.35,363.4
1696,376.85,369.37,372.15,371.75,371.68,373.74,373.62,374.14,372.3,363.37
1697,376.86,369.41,372.19,371.77,371.72,373.77,373.55,374.19,372.28,363.32
1698,376.86,369.45,372.24,371.81,371.73,373.81,373.52,374.25,372.22,363.27
1699,376.87,369.5,372.28,371.88,371.77,373.83,373.56,374.31,372.17,363.23
1700,376.87,369.52,372.3,371.96,371.81,373.84,373.63,374.3,372.12,363.16
1701,376.9,369.47,372.31,372.03,371.86,373.86,373.69,374.25,372.13,363.1
1702,376.93,369.38,372.31,372.14,371.92,373.88,373.74,374.26,372.16,363.04
1703,376.94,369.3,372.31,372.22,371.96,373.9,373.76,374.32,372.2,363.03
1704,376.96,369.26,372.3,372.3,371.98,373.93,373.8,374.42,372.2,363.02
1705,376.98,369.22,372.32,372.36,372.01,373.96,373.84,374.52,372.23,363.01
1706,376.99,369.17,372.34,372.4,372.02,373.99,373.85,374.55,372.26,362.98
1707,376.99,369.16,372.35,372.43,372.02,374.01,373.79,374.6,372.22,362.94
1708,377.0,369.18,372.36,372.45,372.03,374.03,373.73,374.63,372.06,362.91
1709,377.02,369.22,372.34,372.47,372.04,374.03,373.69,374.62,371.88,362.91
1710,377.02,369.29,372.32,372.5,372.04,374.03,373.78,374.61,371.81,362.95
1711,377.03,369.35,372.32,372.53,372.07,374.01,373.79,374.72,371.9,363.04
1712,377.04,369.39,372.33,372.55,372.07,373.97,373.77,374.79,371.9,363.09
1713,377.04,369.41,372.35,372.58,372.08,373.92,373.77,374.6,371.83,363.13
1714,377.04,369.44,372.35,372.58,372.08,373.9,373.62,374.44,371.73,363.13
1715,377.05,369.46,372.38,372.59,372.09,373.92,373.4,374.43,371.7,363.14
1716,377.05,369.47,372.38,372.59,372.09,373.95,373.33,374.46,371.69,363.17
1717,377.06,369.46,372.4,372.59,372.1,373.97,373.4,374.48,371.7,363.21
1718,377.08,369.43,372.42,372.61,372.1,373.99,373.48,374.52,371.71,363.26
1719,377.09,369.39,372.43,372.64,372.13,374.01,373.63,374.59,371.76,363.32
1720,377.11,369.35,372.42,372.67,372.17,374.03,373.76,374.57,371.9,363.37
1721,377.13,369.34,372.45,372.67,372.2,374.03,373.85,374.39,371.98,363.43
1722,377.14,369.33,372.45,372.69,372.22,374.05,373.89,374.42,372.08,363.48
1723,377.15,369.34,372.45,372.69,372.25,374.06,373.92,374.44,372.2,363.51
1724,377.16,369.37,372.46,372.66,372.26,374.08,373.96,374.4,372.28,363.54
1725,377.17,369.35,372.45,372.6,372.27,374.11,373.97,374.43,372.33,363.57
1726,377.18,369.3,372.44,372.54,372.27,374.15,373.98,374.5,372.39,363.59
1727,377.17,369.29,372.43,372.53,372.26,374.16,373.98,374.58,372.48,363.61
1728,377.18,369.27,372.4,372.55,372.26,374.17,374.01,374.54,372.58,363.62
1729,377.16,369.23,372.33,372.57,372.23,374.18,374.0,374.48,372.53,363.62
1730,377.17,369.24,372.28,372.57,372.2,374.19,373.97,374.55,372.45,363.63
1731,377.17,369.3,372.22,372.56,372.19,374.2,373.92,374.65,372.39,363.62
1732,377.17,369.4,372.17,372.53,372.21,374.18,373.89,374.72,372.29,363.61
1733,377.17,369.5,372.14,372.51,372.23,374.14,373.92,374.73,372.2,363.6
1734,377.17,369.58,372.12,372.5,372.24,374.11,373.95,374.71,372.17,363.59
1735,377.17,369.65,372.13,372.49,372.26,374.08,373.99,374.73,372.23,363.58
1736,377.17,369.69,372.15,372.5,372.27,374.06,374.04,374.81,372.3,363.59
1737,377.17,369.74,372.19,372.49,372.29,374.05,374.12,374.89,372.36,363.57
1738,377.17,369.77,372.24,372.48,372.28,374.05,374.17,374.89,372.34,363.52
1739,377.16,369.8,372.31,372.49,372.29,374.06,374.16,374.87,372.3,363.46
1740,377.16,369.8,372.39,372.51,372.27,374.08,374.1,374.88,372.27,363.41
1741,377.16,369.8,372.45,372.54,372.26,374.1,374.01,374.82,372.21,363.35
1742,377.17,369.81,372.48,372.59,372.24,374.12,373.91,374.73,372.1,363.3
1743,377.18,369.84,372.44,372.59,372.23,374.13,373.83,374.71,372.01,363.29
1744,377.19,369.91,372.38,372.61,372.22,374.13,373.77,374.73,371.93,363.28
1745,377.2,369.9,372.35,372.6,372.21,374.13,373.77,374.77,371.85,363.3
1746,377.22,369.78,372.32,372.58,372.19,374.12,373.85,374.84,371.82,363.33
1747,377.23,369.69,372.34,372.55,372.18,374.1,373.88,374.88,371.85,363.37
1748,377.23,369.63,372.37,372.53,372.18,374.09,373.92,374.92,371.88,363.38
1749,377.24,369.6,372.41,372.54,372.18,374.07,373.95,374.98,371.89,363.37
1750,377.23,369.57,372.41,372.59,372.17,374.07,373.98,375.06,371.91,363.35
1751,377.22,369.53,372.44,372.62,372.17,374.07,374.03,375.16,371.88,363.36
1752,377.21,369.54,372.42,372.62,372.16,374.07,374.05,375.23,371.83,363.39
1753,377.21,369.53,372.42,372.62,372.17,374.06,374.07,375.09,371.76,363.44
1754,377.21,369.52,372.43,372.61,372.16,374.06,374.07,374.97,371.68,363.45
1755,377.21,369.58,372.46,372.61,372.17,374.03,374.09,375.02,371.74,363.47
1756,377.21,369.67,372.5,372.61,372.17,374.0,374.13,375.1,371.82,363.46
1757,377.23,369.7,372.54,372.62,372.17,373.97,374.17,375.18,371.91,363.44
1758,377.23,369.71,372.54,372.65,372.16,373.94,374.16,375.24,371.97,363.43
1759,377.24,369.71,372.54,372.65,372.13,373.92,374.11,375.25,372.05,363.45
1760,377.24,369.69,372.53,372.65,372.12,373.9,374.02,375.25,372.15,363.5
1761,377.24,369.65,372.52,372.63,372.11,373.9,373.97,375.22,372.21,363.56
1762,377.24,369.65,372.55,372.59,372.1,373.93,373.99,374.91,372.23,363.6
1763,377.24,369.68,372.58,372.58,372.11,373.98,374.06,374.56,372.23,363.61
1764,377.25,369.74,372.61,372.59,372.12,374.01,374.1,374.43,372.25,363.59
1765,377.26,369.82,372.64,372.63,372.13,374.08,374.08,374.39,372.33,363.58
1766,377.27,369.84,372.63,372.68,372.16,374.13,374.09,374.38,372.4,363.61
1767,377.27,369.84,372.61,372.74,372.17,374.17,374.11,374.44,372.44,363.65
1768,377.28,369.78,372.6,372.79,372.19,374.22,374.08,374.5,372.43,363.7
1769,377.29,369.72,372.61,372.83,372.21,374.26,374.07,374.51,372.45,363.74
1770,377.3,369.64,372.64,372.85,372.23,374.3,373.99,374.51,372.51,363.79
1771,377.31,369.59,372.67,372.86,372.25,374.33,373.96,374.48,372.53,363.86
1772,377.31,369.61,372.69,372.85,372.28,374.37,374.0,374.32,372.56,363.9
1773,377.33,369.72,372.73,372.87,372.33,374.41,374.09,374.27,372.59,363.94
1774,377.34,369.78,372.74,372.91,372.38,374.44,374.22,374.31,372.61,363.94
1775,377.35,369.77,372.75,372.94,372.39,374.48,374.29,374.39,372.6,363.93
1776,377.36,369.76,372.77,372.94,372.4,374.5,374.36,374.46,372.6,363.92
1777,377.37,369.76,372.8,372.92,372.41,374.51,374.33,374.48,372.62,363.93
1778,377.38,369.74,372.81,372.91,372.42,374.53,374.32,374.48,372.66,363.92
1779,377.39,369.73,372.82,372.91,372.42,374.54,374.36,374.47,372.71,363.9
1780,377.39,369.71,372.83,372.91,372.42,374.55,374.33,374.49,372.77,363.88
1781,377.39,369.69,372.86,372.9,372.43,374.56,374.27,374.58,372.85,363.88
1782,377.38,369.71,372.89,372.9,372.43,374.57,374.22,374.7,372.85,363.9
1783,377.36,369.76,372.9,372.91,372.44,374.58,374.28,374.83,372.7,363.94
1784,377.35,369.8,372.9,372.92,372.46,374.6,374.34,374.93,372.58,364.0
1785,377.35,369.84,372.91,372.92,372.48,374.62,374.4,374.99,372.52,364.07
1786,377.36,369.91,372.94,372.92,372.52,374.63,374.45,375.02,372.47,364.14
1787,377.37,369.97,372.97,372.92,372.55,374.65,374.5,375.05,372.34,364.14
1788,377.38,370.01,372.99,372.92,372.58,374.66,374.52,374.97,372.18,364.15
1789,377.39,370.07,373.01,372.93,372.59,374.67,374.51,374.7,372.05,364.16
1790,377.4,370.13,373.02,372.95,372.62,374.65,374.53,374.6,372.06,364.18
1791,377.41,370.18,373.03,372.98,372.62,374.64,374.52,374.71,372.2,364.2
1792,377.42,370.23,373.06,372.97,372.63,374.63,374.47,374.74,372.32,364.22
1793,377.44,370.26,373.07,372.94,372.62,374.58,374.42,374.47,372.34,364.22
1794,377.44,370.27,373.08,372.91,372.62,374.54,374.42,374.31,372.38,364.24
1795,377.45,370.3,373.08,372.86,372.62,374.49,374.33,374.23,372.38,364.24
1796,377.48,370.29,373.09,372.82,372.6,374.46,374.15,374.31,372.32,364.26
1797,377.5,370.29,373.12,372.8,372.59,374.44,374.06,374.51,372.33,364.27
1798,377.52,370.26,373.15,372.8,372.57,374.44,374.06,374.69,372.36,364.26
1799,377.54,370.21,373.16,372.8,372.54,374.44,374.09,374.8,372.41,364.26
1800,377.56,370.14,373.16,372.83,372.48,374.43,374.13,374.99,372.52,364.2
1801,377.59,370.1,373.15,372.84,372.42,374.44,374.15,375.04,372.57,364.13
1802,377.61,370.09,373.15,372.83,372.38,374.46,374.2,374.9,372.58,364.08
1803,377.63,370.07,373.17,372.78,372.38,374.49,374.22,374.75,372.56,364.01
1804,377.65,370.02,373.17,372.75,372.38,374.54,374.09,374.68,372.58,363.97
1805,377.67,369.99,373.17,372.74,372.4,374.57,373.97,374.71,372.61,363.92
1806,377.69,369.99,373.16,372.77,372.43,374.58,374.01,374.83,372.63,363.92
1807,377.7,370.0,373.16,372.8,372.47,374.59,374.08,374.79,372.63,363.97
1808,377.72,370.01,373.14,372.84,372.51,374.61,374.17,374.73,372.62,364.01
1809,377.74,370.02,373.09,372.87,372.55,374.63,374.34,374.6,372.63,364.03
1810,377.77,370.04,373.04,372.91,372.61,374.64,374.51,374.46,372.67,364.01
1811,377.76,370.01,373.01,372.96,372.63,374.67,374.52,374.35,372.71,363.99
1812,377.77,369.97,372.99,372.99,372.67,374.7,374.44,374.24,372.76,364.0
1813,377.79,369.99,372.99,373.02,372.7,374.73,374.47,374.21,372.83,364.03
1814,377.8,370.03,373.01,373.03,372.74,374.78,374.54,374.27,372.93,364.06
1815,377.81,370.08,373.0,373.05,372.75,374.81,374.59,374.32,373.03,364.07
1816,377.81,370.14,372.99,373.04,372.76,374.86,374.58,374.42,373.09,364.09
1817,377.82,370.19,372.99,373.03,372.77,374.89,374.62,374.5,373.09,364.09
1818,377.82,370.29,372.98,373.05,372.8,374.93,374.75,374.55,373.1,364.07
1819,377.83,370.38,372.94,373.06,372.82,374.93,374.89,374.47,373.11,364.06
1820,377.84,370.43,372.92,373.07,372.84,374.94,374.93,374.43,373.09,364.03
1821,377.84,370.4,372.91,373.1,372.85,374.92,374.89,374.46,373.07,364.03
1822,377.84,370.32,372.94,373.14,372.86,374.91,374.9,374.55,373.01,364.04
1823,377.84,370.21,372.97,373.17,372.87,374.89,374.93,374.62,372.93,364.08
1824,377.84,370.14,373.01,373.2,372.9,374.88,374.96,374.69,372.86,364.12
1825,377.84,370.11,373.03,373.24,372.91,374.88,374.99,374.73,372.78,364.17
1826,377.84,370.12,373.03,373.26,372.93,374.87,375.0,374.75,372.75,364.23
1827,377.85,370.12,373.01,373.29,372.97,374.86,375.03,374.83,372.78,364.3
1828,377.85,370.11,372.99,373.3,372.99,374.84,375.02,374.96,372.83,364.35
1829,377.85,370.12,372.99,373.3,373.0,374.83,375.02,375.1,372.84,364.37
1830,377.86,370.13,373.0,373.3,373.01,374.8,375.01,375.25,372.83,364.39
1831,377.86,370.14,373.01,373.29,373.03,374.78,375.01,375.37,372.82,364.4
1832,377.87,370.15,373.04,373.29,373.05,374.77,374.99,375.44,372.81,364.4
1833,377.88,370.16,373.05,373.29,373.05,374.77,374.99,375.44,372.77,364.43
1834,377.89,370.18,373.07,373.3,373.04,374.76,374.99,375.43,372.71,364.48
1835,377.89,370.23,373.1,373.31,373.04,374.78,374.96,375.39,372.68,364.53
1836,377.92,370.28,373.16,373.32,373.01,374.78,374.83,375.37,372.67,364.59
1837,377.94,370.3,373.22,373.36,372.98,374.81,374.66,375.33,372.66,364.6
1838,377.95,370.28,373.26,373.4,372.96,374.84,374.57,375.28,372.6,364.58
1839,377.97,370.25,373.3,373.44,372.96,374.85,374.57,375.24,372.57,364.54
1840,377.98,370.21,373.32,373.44,372.95,374.84,374.65,375.21,372.62,364.51
1841,378.01,370.19,373.33,373.47,372.96,374.82,374.72,375.25,372.75,364.5
1842,378.02,370.19,373.33,373.5,372.97,374.81,374.78,375.29,372.89,364.47
1843,378.03,370.2,373.32,373.52,372.98,374.81,374.83,375.32,373.03,364.47
1844,378.05,370.24,373.32,373.54,373.02,374.82,374.87,375.36,373.17,364.47
1845,378.08,370.28,373.32,373.54,373.05,374.85,374.88,375.42,373.29,364.48
1846,378.1,370.29,373.34,373.57,373.07,374.86,374.97,375.48,373.31,364.47
1847,378.11,370.28,373.38,373.61,373.09,374.89,375.03,375.54,373.29,364.48
1848,378.12,370.31,373.41,373.62,373.13,374.92,375.02,375.59,373.26,364.49
1849,378.14,370.32,373.45,373.65,373.16,374.95,374.93,375.64,373.26,364.47
1850,378.16,370.34,373.47,373.66,373.17,374.97,374.9,375.67,373.3,364.47
1851,378.17,370.37,373.47,373.69,373.18,375.02,374.91,375.7,373.35,364.49
1852,378.17,370.4,373.48,373.71,373.18,375.07,374.92,375.73,373.36,364.51
1853,378.19,370.42,373.47,373.73,373.19,375.1,374.97,375.81,373.31,364.55
1854,378.2,370.44,373.48,373.75,373.18,375.12,374.98,375.7,373.18,364.57
1855,378.22,370.45,373.49,373.76,373.16,375.14,374.9,375.55,373.1,364.58
1856,378.22,370.45,373.5,373.79,373.16,375.15,374.8,375.54,373.07,364.58
1857,378.24,370.45,373.51,373.81,373.14,375.17,374.8,375.54,373.04,364.57
1858,378.25,370.48,373.52,373.81,373.16,375.17,374.86,375.6,373.01,364.57
1859,378.26,370.5,373.52,373.81,373.17,375.15,374.92,375.67,372.95,364.57
1860,378.29,370.56,373.55,373.82,373.19,375.14,374.97,375.76,372.92,364.6
1861,378.3,370.58,373.56,373.83,373.21,375.14,375.02,375.78,372.93,364.64
1862,378.31,370.55,373.54,373.81,373.23,375.14,375.03,375.82,372.99,364.69
1863,378.33,370.46,373.54,373.81,373.28,375.15,375.04,375.95,373.06,364.76
1864,378.35,370.4,373.56,373.8,373.34,375.15,375.07,376.01,373.05,364.82
1865,378.37,370.42,373.55,373.77,373.36,375.16,375.03,376.09,373.01,364.84
1866,378.37,370.46,373.56,373.72,373.39,375.18,374.78,376.06,372.98,364.86
1867,378.38,370.51,373.58,373.69,373.42,375.2,374.69,375.96,372.99,364.87
1868,378.38,370.53,373.58,373.69,373.43,375.22,374.7,375.9,372.99,364.89
1869,378.39,370.53,373.57,373.68,373.44,375.23,374.7,375.79,373.01,364.95
1870,378.4,370.55,373.58,373.67,373.46,375.21,374.75,375.65,373.13,365.02
1871,378.42,370.57,373.56,373.68,373.47,375.2,374.74,375.67,373.25,365.07
1872,378.42,370.63,373.53,373.69,373.49,375.19,374.79,375.71,373.35,365.1
1873,378.42,370.75,373.49,373.7,373.51,375.19,374.87,375.73,373.31,365.08
1874,378.43,370.83,373.48,373.71,373.51,375.17,374.92,375.67,373.29,365.02
1875,378.42,370.84,373.47,373.71,373.51,375.15,374.98,375.56,373.29,364.98
1876,378.43,370.77,373.51,373.69,373.5,375.15,374.97,375.53,373.3,364.94
1877,378.44,370.7,373.53,373.67,373.47,375.16,374.89,375.63,373.31,364.92
1878,378.43,370.69,373.56,373.66,373.46,375.18,374.9,375.7,373.39,364.91
1879,378.46,370.7,373.59,373.63,373.45,375.21,374.79,375.81,373.49,364.9
1880,378.45,370.72,373.6,373.62,373.43,375.24,374.7,375.88,373.6,364.92
1881,378.45,370.73,373.62,373.63,373.44,375.27,374.69,375.91,373.78,364.99
1882,378.44,370.75,373.62,373.65,373.45,375.29,374.8,375.94,374.01,365.06
1883,378.44,370.77,373.66,373.69,373.47,375.3,374.86,375.96,374.12,365.11
1884,378.44,370.8,373.67,373.74,373.49,375.31,374.86,375.91,374.18,365.16
1885,378.43,370.84,373.68,373.77,373.53,375.31,374.81,375.83,374.23,365.21
1886,378.44,370.9,373.67,373.8,373.54,375.31,374.79,375.82,374.22,365.23
1887,378.43,370.92,373.63,373.84,373.54,375.31,374.85,375.79,374.19,365.25
1888,378.43,370.86,373.59,373.88,373.52,375.32,374.95,375.79,374.18,365.28
1889,378.45,370.74,373.53,373.9,373.5,375.32,375.0,375.77,374.13,365.29
1890,378.47,370.67,373.47,373.89,373.47,375.32,375.08,375.75,374.04,365.31
1891,378.49,370.66,373.43,373.88,373.45,375.33,375.16,375.74,373.88,365.29
1892,378.49,370.64,373.41,373.87,373.43,375.33,375.19,375.67,373.76,365.23
1893,378.5,370.64,373.41,373.83,373.39,375.33,375.22,375.53,373.65,365.2
1894,378.53,370.64,373.42,373.8,373.38,375.34,375.25,375.41,373.63,365.21
1895,378.54,370.66,373.45,373.79,373.34,375.35,375.24,375.38,373.61,365.22
1896,378.53,370.68,373.47,373.79,373.3,375.36,375.18,375.39,373.59,365.22
1897,378.54,370.73,373.5,373.79,373.28,375.31,375.16,375.5,373.55,365.24
1898,378.54,370.79,373.51,373.77,373.26,375.25,375.15,375.53,373.49,365.28
1899,378.54,370.88,373.53,373.77,373.29,375.21,375.19,375.49,373.5,365.35
1900,378.54,370.96,373.58,373.77,373.28,375.18,375.27,375.46,373.59,365.43
1901,378.56,370.98,373.59,373.79,373.27,375.17,375.33,375.43,373.66,365.46
1902,378.57,370.96,373.62,373.83,373.26,375.18,375.37,375.57,373.7,365.46
1903,378.57,370.85,373.62,373.84,373.23,375.2,375.4,375.79,373.69,365.43
1904,378.57,370.79,373.62,373.83,373.19,375.23,375.41,375.97,373.63,365.39
1905,378.58,370.79,373.67,373.8,373.19,375.26,375.39,376.08,373.55,365.36
1906,378.59,370.78,373.71,373.78,373.18,375.27,375.37,376.07,373.51,365.33
1907,378.59,370.74,373.74,373.76,373.18,375.31,375.38,376.13,373.51,365.32
1908,378.59,370.72,373.79,373.73,373.19,375.34,375.39,376.22,373.59,365.32
1909,378.59,370.74,373.81,373.71,373.19,375.36,375.38,376.24,373.72,365.31
1910,378.58,370.78,373.81,373.71,373.19,375.38,375.41,376.15,373.76,365.28
1911,378.6,370.83,373.82,373.72,373.21,375.39,375.42,376.07,373.74,365.26
1912,378.59,370.88,373.83,373.74,373.23,375.39,375.4,375.97,373.62,365.24
1913,378.59,370.93,373.84,373.76,373.25,375.39,375.39,375.82,373.49,365.22
1914,378.59,370.98,373.88,373.78,373.26,375.39,375.44,375.64,373.46,365.18
1915,378.59,371.0,373.89,373.81,373.3,375.39,375.43,375.5,373.46,365.13
1916,378.59,371.01,373.92,373.84,373.32,375.39,375.38,375.39,373.43,365.1
1917,378.59,371.0,373.96,373.86,373.38,375.35,375.41,375.3,373.31,365.11
1918,378.59,370.92,373.97,373.87,373.42,375.34,375.46,375.18,373.24,365.13
1919,378.59,370.86,373.96,373.89,373.47,375.33,375.52,374.98,373.24,365.12
1920,378.6,370.83,373.94,373.92,373.5,375.33,375.49,374.94,373.27,365.1
1921,378.6,370.83,373.93,373.94,373.51,375.33,375.39,374.96,373.27,365.06
1922,378.59,370.86,373.92,373.98,373.54,375.35,375.36,375.0,373.25,365.01
1923,378.59,370.87,373.9,374.01,373.56,375.36,375.37,375.08,373.28,364.97
1924,378.59,370.88,373.87,374.03,373.59,375.38,375.37,375.14,373.35,364.96
1925,378.6,370.89,373.87,374.05,373.61,375.4,375.39,375.19,373.44,364.97
1926,378.61,370.95,373.86,374.07,373.64,375.44,375.45,375.21,373.57,365.01
1927,378.61,371.04,373.84,374.1,373.66,375.49,375.51,375.12,373.67,365.09
1928,378.62,371.08,373.84,374.14,373.67,375.53,375.46,375.03,373.77,365.14
1929,378.62,371.11,373.87,374.17,373.69,375.56,375.27,375.07,373.82,365.16
1930,378.63,371.14,373.88,374.19,373.72,375.57,375.24,375.2,373.81,365.2
1931,378.62,371.17,373.92,374.23,373.75,375.58,375.27,375.34,373.78,365.21
1932,378.63,371.18,373.94,374.23,373.77,375.57,375.32,375.48,373.75,365.18
1933,378.62,371.19,373.95,374.22,373.78,375.58,375.36,375.66,373.69,365.16
1934,378.64,371.2,373.97,374.22,373.81,375.58,375.41,375.78,373.63,365.15
1935,378.65,371.23,374.01,374.23,373.85,375.58,375.49,375.94,373.63,365.2
1936,378.65,371.27,374.01,374.24,373.87,375.6,375.55,376.07,373.69,365.25
1937,378.65,371.29,373.99,374.25,373.87,375.61,375.54,376.12,373.74,365.27
1938,378.66,371.29,374.0,374.26,373.89,375.62,375.55,376.21,373.78,365.29
1939,378.67,371.25,374.01,374.27,373.91,375.65,375.56,376.31,373.78,365.32
1940,378.68,371.2,374.02,374.24,373.92,375.67,375.55,376.39,373.78,365.34
1941,378.71,371.18,374.03,374.23,373.93,375.68,375.47,376.42,373.82,365.36
1942,378.7,371.19,374.04,374.19,373.93,375.69,375.36,376.43,373.85,365.38
1943,378.7,371.2,374.05,374.17,373.94,375.7,375.39,376.44,373.84,365.37
1944,378.72,371.23,374.08,374.19,373.94,375.72,375.45,376.41,373.74,365.36
1945,378.73,371.29,374.12,374.22,373.95,375.72,375.53,376.39,373.74,365.33
1946,378.74,371.31,374.12,374.27,373.96,375.71,375.57,376.42,373.79,365.29
1947,378.73,371.31,374.13,374.32,373.97,375.72,375.58,376.48,373.77,365.27
1948,378.75,371.29,374.12,374.34,373.96,375.72,375.6,376.51,373.69,365.28
1949,378.77,371.28,374.12,374.38,373.95,375.74,375.59,376.54,373.6,365.32
1950,378.77,371.26,374.13,374.41,373.93,375.75,375.58,376.55,373.51,365.33
1951,378.79,371.22,374.14,374.41,373.89,375.75,375.61,376.58,373.5,365.33
1952,378.8,371.18,374.16,374.42,373.87,375.76,375.64,376.6,373.55,365.31
1953,378.82,371.11,374.2,374.42,373.86,375.74,375.62,376.63,373.7,365.3
1954,378.83,371.08,374.22,374.44,373.86,375.73,375.56,376.65,373.84,365.33
1955,378.84,371.13,374.25,374.46,373.88,375.73,375.49,376.63,373.93,365.39
1956,378.85,371.15,374.26,374.48,373.9,375.72,375.46,376.61,374.01,365.45
1957,378.86,371.2,374.26,374.49,373.91,375.74,375.5,376.61,374.07,365.51
1958,378.87,371.23,374.25,374.49,373.92,375.76,375.57,376.58,374.17,365.59
1959,378.87,371.26,374.23,374.51,373.93,375.81,375.69,376.48,374.27,365.66
1960,378.88,371.29,374.22,374.51,373.93,375.86,375.8,376.29,374.34,365.73
1961,378.89,371.28,374.2,374.48,373.94,375.89,375.87,376.24,374.34,365.79
1962,378.89,371.25,374.18,374.49,373.96,375.9,375.93,376.29,374.34,365.85
1963,378.89,371.24,374.17,374.5,373.98,375.92,375.91,376.35,374.32,365.86
1964,378.89,371.24,374.17,374.52,374.0,375.94,375.84,376.4,374.33,365.85
1965,378.89,371.23,374.18,374.52,374.01,375.95,375.8,376.43,374.36,365.82
1966,378.9,371.22,374.18,374.54,374.02,375.97,375.77,376.42,374.42,365.81
1967,378.91,371.19,374.16,374.56,374.02,375.98,375.54,376.38,374.44,365.78
1968,378.9,371.2,374.16,374.57,374.03,375.99,375.48,376.37,374.43,365.73
1969,378.92,371.22,374.15,374.56,374.01,375.99,375.53,376.36,374.41,365.69
1970,378.92,371.22,374.13,374.56,373.99,375.99,375.57,376.38,374.4,365.66
1971,378.92,371.26,374.12,374.54,373.98,375.99,375.6,376.42,374.48,365.63
1972,378.91,371.31,374.14,374.53,373.98,375.98,375.64,376.48,374.54,365.63
1973,378.9,371.33,374.15,374.51,373.99,375.97,375.68,376.56,374.52,365.64
1974,378.9,371.35,374.17,374.5,374.0,375.95,375.75,376.64,374.49,365.68
1975,378.89,371.36,374.18,374.5,374.03,375.93,375.81,376.76,374.46,365.7
1976,378.88,371.39,374.19,374.52,374.05,375.92,375.77,376.85,374.37,365.7
1977,378.87,371.44,374.21,374.55,374.08,375.9,375.76,376.87,374.24,365.66
1978,378.87,371.48,374.22,374.59,374.1,375.9,375.74,376.83,374.11,365.61
1979,378.86,371.52,374.23,374.59,374.09,375.89,375.63,376.82,373.96,365.57
1980,378.85,371.6,374.26,374.53,374.08,375.91,375.58,376.81,373.8,365.58
1981,378.85,371.69,374.31,374.49,374.11,375.93,375.69,376.78,373.68,365.64
1982,378.84,371.71,374.34,374.47,374.11,375.97,375.8,376.72,373.68,365.68
1983,378.84,371.74,374.37,374.46,374.12,375.99,375.9,376.59,373.69,365.72
1984,378.83,371.78,374.39,374.47,374.14,376.02,375.95,376.36,373.7,365.75
1985,378.82,371.77,374.4,374.49,374.15,376.04,375.93,376.17,373.77,365.79
1986,378.81,371.72,374.42,374.51,374.16,376.08,375.93,376.06,373.81,365.81
1987,378.8,371.67,374.43,374.52,374.18,376.1,375.92,376.09,373.8,365.79
1988,378.8,371.63,374.43,374.54,374.19,376.12,375.87,375.97,373.81,365.75
1989,378.8,371.57,374.43,374.54,374.22,376.13,375.95,375.78,373.79,365.7
1990,378.8,371.53,374.42,374.56,374.26,376.13,376.05,375.67,373.78,365.69
1991,378.81,371.55,374.43,374.59,374.26,376.13,375.95,375.52,373.78,365.71
1992,378.82,371.58,374.43,374.64,374.26,376.12,375.75,375.42,373.85,365.73
1993,378.82,371.6,374.42,374.66,374.25,376.13,375.5,375.47,373.93,365.74
1994,378.83,371.63,374.41,374.68,374.24,376.15,375.39,375.62,373.96,365.76
1995,378.85,371.64,374.39,374.7,374.21,376.15,375.42,375.79,373.99,365.78
1996,378.87,371.67,374.38,374.71,374.22,376.14,375.5,375.94,374.08,365.77
1997,378.89,371.67,374.38,374.74,374.24,376.13,375.58,376.06,374.13,365.74
1998,378.91,371.61,374.38,374.75,374.24,376.11,375.62,376.25,374.16,365.66
1999,378.94,371.51,374.4,374.77,374.25,376.1,375.59,376.39,374.17,365.59
2000,378.95,371.49,374.44,374.78,374.25,376.09,375.62,376.4,374.13,365.56
2001,378.96,371.47,374.47,374.79,374.25,376.09,375.66,376.41,374.05,365.52
2002,378.96,371.46,374.49,374.8,374.27,376.1,375.68,376.28,374.04,365.48
2003,378.99,371.46,374.5,374.8,374.28,376.12,375.73,376.2,374.06,365.47
2004,379.0,371.48,374.52,374.81,374.3,376.14,375.79,376.22,374.06,365.46
2005,379.0,371.48,374.53,374.78,374.31,376.17,375.89,376.27,374.08,365.47
2006,379.02,371.48,374.52,374.79,374.31,376.19,375.95,376.2,374.11,365.5
2007,379.05,371.49,374.5,374.81,374.34,376.23,376.08,376.13,374.12,365.53
2008,379.05,371.52,374.47,374.85,374.38,376.27,376.13,376.1,374.06,365.52
2009,379.06,371.56,374.43,374.89,374.41,376.29,376.09,376.06,374.01,365.5
2010,379.06,371.58,374.37,374.91,374.43,376.32,376.12,376.08,373.96,365.5
2011,379.07,371.63,374.26,374.91,374.43,376.33,376.15,376.1,373.93,365.5
2012,379.07,371.72,374.17,374.91,374.44,376.35,376.18,376.05,373.99,365.55
2013,379.07,371.8,374.11,374.92,374.44,376.35,376.14,375.95,374.05,365.6
2014,379.07,371.82,374.06,374.92,374.46,376.35,375.96,375.92,374.1,365.66
2015,379.07,371.81,374.05,374.91,374.47,376.36,375.79,375.97,374.15,365.7
2016,379.07,371.73,374.03,374.9,374.44,376.36,375.71,376.01,374.17,365.74
2017,379.08,371.71,374.04,374.85,374.42,376.36,375.8,375.95,374.16,365.77
2018,379.08,371.73,374.06,374.79,374.41,376.36,375.77,376.0,374.16,365.77
2019,379.07,371.74,374.08,374.74,374.41,376.36,375.79,376.07,374.18,365.79
2020,379.08,371.76,374.12,374.68,374.42,376.35,375.88,376.17,374.16,365.82
2021,379.07,371.78,374.18,374.63,374.42,376.35,375.91,376.29,374.15,365.82
2022,379.07,371.8,374.25,374.59,374.43,376.34,375.95,376.38,374.17,365.84
2023,379.08,371.8,374.33,374.58,374.43,376.32,376.01,376.39,374.21,365.86
2024,379.08,371.82,374.38,374.6,374.44,376.3,376.04,376.48,374.26,365.86
2025,379.09,371.8,374.43,374.6,374.42,376.29,376.06,376.55,374.4,365.87
2026,379.1,371.78,374.45,374.62,374.38,376.28,376.09,376.6,374.41,365.89
2027,379.11,371.76,374.46,374.65,374.35,376.27,376.14,376.57,374.4,365.92
2028,379.13,371.75,374.47,374.68,374.33,376.25,376.14,376.3,374.39,365.97
2029,379.15,371.75,374.46,374.7,374.29,376.24,376.04,376.16,374.41,366.03
2030,379.16,371.76,374.45,374.71,374.24,376.24,375.83,376.18,374.45,366.11
2031,379.18,371.77,374.45,374.74,374.2,376.24,375.64,376.22,374.55,366.19
2032,379.2,371.78,374.45,374.75,374.17,376.24,375.7,376.24,374.6,366.28
2033,379.19,371.77,374.41,374.75,374.14,376.24,375.81,376.24,374.6,366.33
2034,379.22,371.75,374.39,374.79,374.14,376.25,375.87,376.23,374.53,366.35
2035,379.24,371.76,374.38,374.82,374.15,376.27,375.92,376.17,374.42,366.33
2036,379.26,371.78,374.38,374.86,374.19,376.27,375.96,376.12,374.42,366.32
2037,379.27,371.79,374.4,374.86,374.23,376.28,375.9,376.07,374.46,366.3
2038,379.28,371.81,374.43,374.86,374.26,376.28,375.82,376.04,374.51,366.29
2039,379.28,371.81,374.44,374.85,374.29,376.27,375.82,376.03,374.52,366.27
2040,379.29,371.82,374.44,374.84,374.31,376.25,375.87,376.09,374.5,366.26
2041,379.31,371.85,374.43,374.85,374.33,376.24,375.93,376.13,374.47,366.28
2042,379.32,371.85,374.42,374.87,374.35,376.25,375.97,376.23,374.47,366.27
2043,379.35,371.89,374.44,374.89,374.41,376.25,376.03,376.28,374.51,366.3
2044,379.36,371.96,374.45,374.9,374.46,376.27,376.14,376.21,374.53,366.33
2045,379.38,372.0,374.48,374.91,374.51,376.28,376.22,376.08,374.51,366.37
2046,379.41,372.03,374.51,374.92,374.57,376.3,376.26,376.02,374.49,366.36
2047,379.42,372.05,374.52,374.94,374.62,376.33,376.27,375.94,374.49,366.35
2048,379.44,372.08,374.55,374.93,374.64,376.36,376.26,375.92,374.49,366.3
2049,379.46,372.12,374.58,374.93,374.69,376.4,376.25,375.89,374.49,366.29
2050,379.46,372.1,374.59,374.9,374.72,376.44,376.18,375.83,374.49,366.27
2051,379.48,372.03,374.59,374.89,374.73,376.47,375.96,375.8,374.52,366.27
2052,379.49,372.03,374.61,374.88,374.76,376.5,375.71,375.85,374.54,366.27
2053,379.51,372.06,374.61,374.85,374.78,376.51,375.59,375.89,374.54,366.23
2054,379.51,372.08,374.62,374.83,374.77,376.51,375.7,375.96,374.55,366.18
2055,379.49,372.1,374.66,374.81,374.75,376.51,375.79,376.07,374.56,366.11
2056,379.5,372.12,374.72,374.82,374.73,376.5,375.9,376.18,374.56,366.07
2057,379.48,372.15,374.79,374.82,374.73,376.49,376.04,376.23,374.58,366.04
2058,379.48,372.17,374.81,374.81,374.71,376.48,376.16,376.28,374.62,365.99
2059,379.46,372.19,374.8,374.8,374.69,376.46,376.24,376.37,374.68,365.95
2060,379.46,372.14,374.8,374.8,374.66,376.45,376.23,376.44,374.74,365.93
2061,379.45,372.1,374.81,374.8,374.65,376.43,376.26,376.48,374.77,365.93
2062,379.47,372.12,374.85,374.79,374.64,376.42,376.38,376.5,374.75,365.96
2063,379.46,372.13,374.88,374.77,374.63,376.39,376.46,376.57,374.7,365.92
2064,379.45,372.12,374.9,374.77,374.63,376.39,376.48,376.65,374.69,365.87
2065,379.45,372.13,374.91,374.79,374.62,376.38,376.44,376.6,374.69,365.81
2066,379.44,372.16,374.92,374.84,374.63,376.38,376.46,376.46,374.72,365.79
2067,379.44,372.19,374.95,374.88,374.65,376.39,376.49,376.4,374.77,365.77
2068,379.43,372.22,375.0,374.93,374.67,376.39,376.51,376.27,374.84,365.76
2069,379.43,372.23,375.02,374.99,374.69,376.41,376.53,376.2,374.9,365.76
2070,379.44,372.24,375.05,375.04,374.72,376.44,376.57,376.3,374.93,365.78
2071,379.45,372.21,375.05,375.09,374.76,376.48,376.65,376.48,374.98,365.83
2072,379.46,372.22,375.06,375.11,374.79,376.53,376.7,376.64,375.0,365.89
2073,379.49,372.28,375.08,375.12,374.81,376.58,376.75,376.77,375.0,365.94
2074,379.51,372.31,375.08,375.14,374.82,376.62,376.79,376.85,374.98,365.99
2075,379.53,372.31,375.11,375.18,374.84,376.65,376.74,376.91,374.99,366.03
2076,379.55,372.31,375.14,375.23,374.85,376.7,376.67,376.97,375.02,366.05
2077,379.57,372.29,375.15,375.29,374.87,376.74,376.61,376.91,375.05,366.06
2078,379.59,372.29,375.13,375.35,374.88,376.79,376.57,376.78,375.03,366.08
2079,379.61,372.31,375.14,375.39,374.93,376.81,376.6,376.61,374.8,366.13
2080,379.62,372.34,375.13,375.43,374.94,376.83,376.65,376.55,374.48,366.16
2081,379.64,372.35,375.14,375.44,374.95,376.85,376.69,376.62,374.45,366.16
2082,379.67,372.37,375.16,375.45,374.96,376.87,376.65,376.69,374.48,366.14
2083,379.68,372.41,375.17,375.43,374.97,376.89,376.51,376.68,374.55,366.11
2084,379.71,372.46,375.18,375.43,374.97,376.91,376.41,376.63,374.64,366.07
2085,379.71,372.52,375.19,375.42,374.98,376.91,376.37,376.55,374.75,366.04
2086,379.73,372.56,375.2,375.4,375.0,376.89,376.35,376.45,374.83,366.0
2087,379.75,372.58,375.19,375.35,375.02,376.85,376.28,376.45,374.89,365.97
2088,379.77,372.6,375.16,375.33,375.06,376.82,376.17,376.48,374.98,365.96
2089,379.78,372.59,375.09,375.33,375.08,376.79,376.1,376.52,375.09,365.95
2090,379.79,372.56,375.06,375.34,375.1,376.74,376.04,376.52,375.21,365.95
2091,379.8,372.55,375.04,375.36,375.12,376.7,376.03,376.56,375.32,365.94
2092,379.81,372.5,374.99,375.39,375.12,376.67,376.12,376.67,375.38,365.92
2093,379.82,372.47,374.94,375.4,375.13,376.65,376.21,376.81,375.42,365.92
2094,379.83,372.48,374.91,375.4,375.13,376.63,376.29,376.92,375.42,365.94
2095,379.84,372.51,374.91,375.36,375.12,376.63,376.37,376.99,375.41,365.96
2096,379.85,372.57,374.93,375.3,375.11,376.61,376.44,377.07,375.39,366.01
2097,379.86,372.56,374.9,375.24,375.06,376.62,376.53,377.14,375.4,366.09
2098,379.87,372.5,374.88,375.2,375.02,376.65,376.61,377.23,375.48,366.12
2099,379.87,372.49,374.88,375.16,374.99,376.68,376.66,377.3,375.54,366.15
2100,379.87,372.5,374.87,375.14,374.96,376.71,376.73,377.38,375.6,366.14
2101,379.87,372.54,374.88,375.11,374.95,376.72,376.8,377.46,375.6,366.12
2102,379.87,372.6,374.87,375.1,374.92,376.72,376.83,377.54,375.55,366.1
2103,379.86,372.66,374.86,375.09,374.91,376.72,376.83,377.62,375.49,366.11
2104,379.84,372.7,374.86,375.1,374.87,376.72,376.8,377.59,375.42,366.12
2105,379.84,372.73,374.85,375.11,374.84,376.73,376.77,377.52,375.37,366.14
2106,379.85,372.8,374.88,375.14,374.82,376.74,376.61,377.38,375.42,366.17
2107,379.84,372.85,374.9,375.19,374.81,376.76,376.4,377.16,375.54,366.19
2108,379.84,372.85,374.92,375.24,374.81,376.77,376.33,376.99,375.58,366.23
2109,379.83,372.83,374.92,375.27,374.81,376.77,376.25,376.94,375.55,366.25
2110,379.84,372.79,374.95,375.31,374.83,376.79,376.17,376.92,375.48,366.26
2111,379.84,372.77,374.96,375.37,374.86,376.82,376.13,376.86,375.4,366.25
2112,379.85,372.77,374.98,375.4,374.89,376.86,376.13,376.8,375.36,366.24
2113,379.85,372.78,375.01,375.42,374.94,376.91,376.19,376.77,375.33,366.23
2114,379.86,372.8,375.04,375.45,374.98,376.97,376.24,376.74,375.24,366.22
2115,379.88,372.83,375.05,375.48,375.0,377.02,376.26,376.76,375.19,366.21
2116,379.88,372.85,375.09,375.5,375.03,377.04,376.23,376.78,375.23,366.17
2117,379.88,372.8,375.12,375.51,375.03,377.07,376.3,376.81,375.23,366.14
2118,379.88,372.75,375.15,375.53,375.05,377.09,376.4,376.81,375.2,366.14
2119,379.89,372.71,375.18,375.54,375.06,377.09,376.5,376.79,375.15,366.18
2120,379.9,372.7,375.22,375.54,375.09,377.08,376.63,376.78,375.16,366.23
2121,379.92,372.7,375.25,375.51,375.11,377.08,376.76,376.7,375.17,366.29
2122,379.91,372.72,375.3,375.49,375.13,377.07,376.86,376.69,375.17,366.33
2123,379.92,372.73,375.33,375.48,375.13,377.05,376.88,376.72,375.17,366.36
2124,379.92,372.75,375.37,375.48,375.13,377.03,376.64,376.76,375.17,366.39
2125,379.93,372.76,375.4,375.5,375.16,377.04,376.52,376.67,375.26,366.42
2126,379.93,372.75,375.4,375.55,375.19,377.05,376.55,376.59,375.33,366.43
2127,379.93,372.69,375.42,375.62,375.22,377.05,376.54,376.58,375.41,366.49
2128,379.93,372.65,375.43,375.67,375.25,377.05,376.52,376.63,375.52,366.52
2129,379.93,372.63,375.44,375.71,375.28,377.06,376.4,376.74,375.66,366.56
2130,379.94,372.63,375.45,375.72,375.3,377.06,376.42,376.84,375.76,366.58
2131,379.95,372.63,375.47,375.75,375.31,377.05,376.51,376.99,375.81,366.59
2132,379.96,372.65,375.53,375.79,375.3,377.06,376.59,377.15,375.81,366.62
2133,379.98,372.64,375.59,375.82,375.3,377.07,376.63,377.32,375.79,366.66
2134,379.98,372.62,375.62,375.85,375.29,377.09,376.68,377.48,375.82,366.67
2135,379.99,372.59,375.63,375.89,375.28,377.12,376.77,377.63,375.87,366.66
2136,380.02,372.6,375.65,375.92,375.3,377.14,376.88,377.73,375.94,366.66
2137,380.02,372.65,375.65,375.94,375.31,377.14,376.98,377.79,376.02,366.66
2138,380.01,372.61,375.66,375.98,375.3,377.15,377.03,377.89,376.07,366.66
2139,380.01,372.47,375.67,376.02,375.31,377.16,377.07,377.96,376.13,366.68
2140,380.03,372.37,375.66,376.03,375.31,377.17,377.11,378.0,376.18,366.7
2141,380.03,372.33,375.63,376.03,375.29,377.19,377.19,378.0,376.14,366.74
2142,380.03,372.37,375.62,376.0,375.28,377.22,377.29,378.03,376.04,366.78
2143,380.03,372.4,375.6,375.97,375.26,377.24,377.31,378.03,376.03,366.79
2144,380.02,372.41,375.58,375.93,375.24,377.26,377.24,377.96,376.04,366.81
2145,380.0,372.44,375.57,375.89,375.23,377.27,377.23,377.83,376.09,366.82
2146,380.0,372.44,375.58,375.85,375.22,377.27,377.25,377.75,376.13,366.83
2147,380.0,372.43,375.57,375.83,375.2,377.25,377.2,377.7,376.18,366.83
2148,380.01,372.47,375.59,375.82,375.2,377.23,377.13,377.62,376.19,366.82
2149,380.01,372.56,375.6,375.82,375.19,377.22,377.0,377.63,376.21,366.81
2150,380.02,372.67,375.61,375.82,375.17,377.21,376.95,377.57,376.2,366.79
2151,380.05,372.79,375.62,375.81,375.16,377.22,376.94,377.51,376.14,366.75
2152,380.08,372.86,375.63,375.82,375.17,377.24,376.94,377.59,375.99,366.74
2153,380.1,372.88,375.66,375.82,375.2,377.25,376.9,377.7,375.89,366.74
2154,380.12,372.9,375.66,375.79,375.21,377.26,376.9,377.81,375.82,366.74
2155,380.14,372.9,375.68,375.76,375.22,377.26,376.96,377.8,375.79,366.73
2156,380.16,372.89,375.71,375.76,375.22,377.28,377.03,377.69,375.78,366.72
2157,380.18,372.85,375.73,375.74,375.22,377.28,377.09,377.68,375.79,366.74
2158,380.2,372.84,375.74,375.72,375.23,377.27,377.17,377.67,375.81,366.8
2159,380.22,372.87,375.76,375.71,375.25,377.24,377.2,377.62,375.85,366.85
2160,380.24,372.93,375.77,375.73,375.28,377.21,377.27,377.55,375.85,366.95
2161,380.27,373.02,375.79,375.75,375.29,377.18,377.31,377.52,375.84,367.03
2162,380.29,373.05,375.8,375.77,375.29,377.16,377.31,377.49,375.88,367.08
2163,380.3,373.05,375.82,375.79,375.32,377.15,377.32,377.48,375.9,367.1
2164,380.32,373.0,375.81,375.82,375.33,377.13,377.3,377.53,375.88,367.13
2165,380.33,372.94,375.81,375.83,375.34,377.11,377.23,377.55,375.85,367.16
2166,380.33,372.85,375.78,375.84,375.33,377.11,377.16,377.42,375.83,367.21
2167,380.33,372.81,375.77,375.82,375.33,377.11,377.14,377.24,375.82,367.29
2168,380.35,372.79,375.78,375.81,375.31,377.15,377.05,377.17,375.8,367.39
2169,380.35,372.76,375.81,375.81,375.3,377.18,377.0,377.13,375.78,367.5
2170,380.37,372.76,375.83,375.81,375.34,377.23,376.98,377.07,375.82,367.6
2171,380.37,372.76,375.81,375.8,375.38,377.26,376.9,376.96,375.85,367.62
2172,380.37,372.77,375.78,375.81,375.42,377.29,376.8,376.92,375.9,367.6
2173,380.37,372.78,375.76,375.84,375.48,377.33,376.75,376.99,375.92,367.56
2174,380.36,372.78,375.74,375.87,375.53,377.36,376.73,377.15,375.91,367.5
2175,380.37,372.76,375.69,375.89,375.57,377.4,376.69,377.28,375.92,367.43
2176,380.37,372.73,375.65,375.91,375.61,377.44,376.7,377.37,375.91,367.38
2177,380.38,372.76,375.65,375.92,375.65,377.47,376.8,377.46,375.9,367.34
2178,380.37,372.84,375.64,375.95,375.68,377.5,376.88,377.54,375.93,367.32
2179,380.36,372.89,375.64,375.96,375.7,377.52,376.92,377.51,375.99,367.31
2180,380.35,372.91,375.63,375.99,375.69,377.55,376.93,377.43,376.01,367.3
2181,380.35,372.91,375.58,376.02,375.69,377.58,376.84,377.39,376.01,367.28
2182,380.33,372.92,375.55,376.04,375.69,377.59,376.74,377.37,376.05,367.27
2183,380.33,372.94,375.51,376.04,375.68,377.6,376.69,377.37,376.13,367.28
2184,380.31,372.98,375.42,376.05,375.68,377.62,376.74,377.45,376.21,367.28
2185,380.3,373.05,375.35,376.05,375.68,377.62,376.81,377.52,376.32,367.28
2186,380.29,373.09,375.33,376.05,375.69,377.62,376.86,377.58,376.44,367.27
2187,380.28,373.14,375.34,376.05,375.73,377.63,376.92,377.62,376.57,367.22
2188,380.27,373.17,375.31,376.05,375.74,377.63,377.04,377.68,376.62,367.18
2189,380.27,373.13,375.31,376.05,375.77,377.63,377.15,377.74,376.66,367.18
2190,380.27,373.06,375.34,376.05,375.78,377.64,377.25,377.83,376.64,367.17
2191,380.27,373.0,375.36,376.06,375.8,377.62,377.33,377.91,376.63,367.14
2192,380.26,372.96,375.38,376.08,375.8,377.61,377.34,377.92,376.62,367.12
2193,380.28,372.98,375.41,376.09,375.82,377.59,377.25,377.92,376.64,367.1
2194,380.28,373.02,375.44,376.12,375.85,377.58,377.26,377.93,376.67,367.08
2195,380.29,373.06,375.46,376.15,375.87,377.58,377.28,377.95,376.7,367.09
2196,380.3,373.11,375.53,376.17,375.9,377.59,377.32,377.98,376.7,367.11
2197,380.31,373.16,375.59,376.18,375.92,377.63,377.43,378.03,376.75,367.11
2198,380.34,373.18,375.65,376.18,375.95,377.65,377.52,378.02,376.79,367.14
2199,380.36,373.19,375.69,376.2,375.95,377.69,377.59,377.97,376.82,367.18
2200,380.38,373.21,375.76,376.21,375.95,377.69,377.65,377.95,376.82,367.23
2201,380.38,373.2,375.8,376.21,375.93,377.69,377.65,377.93,376.85,367.27
2202,380.39,373.19,375.85,376.2,375.92,377.68,377.6,377.78,376.83,367.29
2203,380.41,373.19,375.88,376.18,375.89,377.66,377.52,377.67,376.77,367.31
2204,380.41,373.19,375.91,376.17,375.88,377.64,377.43,377.69,376.68,367.31
2205,380.43,373.2,375.95,376.15,375.84,377.63,377.35,377.85,376.56,367.3
2206,380.45,373.21,375.99,376.15,375.84,377.61,377.36,378.03,376.5,367.3
2207,380.46,373.23,376.04,376.15,375.84,377.6,377.43,378.14,376.48,367.28
2208,380.48,373.23,376.08,376.15,375.85,377.6,377.52,378.28,376.48,367.24
2209,380.49,373.24,376.11,376.16,375.86,377.58,377.6,378.39,376.41,367.19
2210,380.5,373.24,376.13,376.15,375.86,377.57,377.65,378.49,376.29,367.15
2211,380.52,373.24,376.14,376.16,375.87,377.56,377.68,378.54,376.21,367.15
2212,380.54,373.26,376.15,376.16,375.89,377.57,377.7,378.47,376.19,367.17
2213,380.57,373.27,376.14,376.18,375.9,377.57,377.71,378.31,376.19,367.24
2214,380.59,373.29,376.13,376.21,375.88,377.58,377.47,378.22,376.22,367.33
2215,380.6,373.3,376.11,376.23,375.84,377.57,377.03,378.03,376.25,367.39
2216,380.62,373.31,376.11,376.2,375.84,377.55,377.01,377.88,376.21,367.39
2217,380.64,373.32,376.13,376.15,375.85,377.54,377.07,377.82,376.15,367.38
2218,380.65,373.34,376.15,376.14,375.87,377.55,377.16,377.74,376.11,367.36
2219,380.67,373.36,376.18,376.16,375.89,377.56,377.21,377.69,376.14,367.35
2220,380.69,373.39,376.2,376.18,375.89,377.57,377.15,377.61,376.23,367.31
2221,380.72,373.39,376.21,376.2,375.88,377.58,377.12,377.57,376.32,367.3
2222,380.74,373.37,376.21,376.25,375.88,377.62,377.17,377.57,376.4,367.28
2223,380.79,373.3,376.19,376.34,375.89,377.61,377.24,377.6,376.46,367.29
2224,380.8,373.31,376.16,376.4,375.91,377.6,377.22,377.71,376.51,367.32
2225,380.83,373.33,376.16,376.44,375.91,377.61,377.23,377.81,376.55,367.36
2226,380.85,373.35,376.13,376.46,375.91,377.64,377.28,377.86,376.56,367.41
2227,380.87,373.32,376.12,376.48,375.91,377.66,377.29,377.96,376.55,367.45
2228,380.88,373.23,376.09,376.49,375.92,377.68,377.27,378.02,376.55,367.49
2229,380.89,373.18,376.07,376.5,375.92,377.69,377.21,378.09,376.57,367.52
2230,380.88,373.19,376.07,376.52,375.93,377.71,377.17,378.12,376.58,367.52
2231,380.89,373.24,376.07,376.55,375.93,377.73,377.16,378.11,376.59,367.5
2232,380.91,373.29,376.1,376.57,375.95,377.74,377.14,378.06,376.63,367.5
2233,380.9,373.37,376.13,376.6,375.97,377.75,377.09,377.99,376.73,367.48
2234,380.9,373.44,376.15,376.61,375.98,377.76,377.16,377.94,376.74,367.48
2235,380.88,373.48,376.18,376.59,375.99,377.77,377.25,377.91,376.73,367.48
2236,380.87,373.5,376.22,376.56,376.0,377.76,377.31,377.86,376.73,367.5
2237,380.86,373.53,376.27,376.55,376.0,377.76,377.34,377.81,376.77,367.56
2238,380.84,373.54,376.31,376.51,376.01,377.74,377.29,377.84,376.81,367.6
2239,380.85,373.53,376.32,376.5,376.02,377.72,377.24,378.0,376.86,367.64
2240,380.83,373.49,376.35,376.5,376.01,377.71,377.18,378.18,376.93,367.69
2241,380.83,373.46,376.37,376.5,376.01,377.69,377.21,378.29,376.94,367.72
2242,380.83,373.48,376.39,376.52,376.0,377.69,377.28,378.28,376.96,367.74
2243,380.84,373.51,376.4,376.52,375.99,377.69,377.37,378.26,377.01,367.76
2244,380.85,373.56,376.4,376.52,376.01,377.69,377.48,378.26,377.03,367.76
2245,380.86,373.6,376.41,376.51,376.02,377.7,377.59,378.28,376.97,367.79
2246,380.87,373.64,376.42,376.48,376.05,377.7,377.7,378.33,376.86,367.77
2247,380.87,373.66,376.44,376.44,376.06,377.71,377.78,378.41,376.74,367.78
2248,380.88,373.63,376.43,376.39,376.05,377.72,377.8,378.41,376.63,367.79
2249,380.9,373.57,376.41,376.38,376.03,377.73,377.8,378.38,376.46,367.85
2250,380.9,373.55,376.39,376.39,376.0,377.75,377.8,378.2,376.37,367.93
2251,380.91,373.54,376.39,376.41,375.99,377.79,377.63,378.01,376.42,367.97
2252,380.92,373.52,376.39,376.43,375.97,377.83,377.58,377.92,376.49,367.97
2253,380.91,373.46,376.4,376.45,375.97,377.86,377.59,377.89,376.55,367.94
2254,380.91,373.46,376.43,376.49,375.96,377.89,377.65,377.96,376.58,367.9
2255,380.91,373.48,376.43,376.51,375.95,377.92,377.72,377.94,376.58,367.85
2256,380.91,373.52,376.45,376.53,375.94,377.93,377.65,377.9,376.57,367.79
2257,380.91,373.57,376.46,376.54,375.96,377.95,377.55,377.86,376.52,367.77
2258,380.92,373.64,376.46,376.55,375.97,377.98,377.58,377.86,376.44,367.78
2259,380.92,373.72,376.48,376.56,375.98,378.01,377.71,377.86,376.31,367.82
2260,380.93,373.77,376.48,376.56,375.99,378.03,377.83,377.87,376.21,367.82
2261,380.93,373.75,376.5,376.55,375.99,378.07,377.9,377.88,376.23,367.81
2262,380.93,373.69,376.51,376.54,376.02,378.1,377.91,377.85,376.3,367.82
2263,380.95,373.67,376.52,376.53,376.04,378.11,377.92,377.82,376.33,367.84
2264,380.95,373.73,376.5,376.53,376.07,378.12,377.96,377.71,376.34,367.89
2265,380.95,373.7,376.43,376.53,376.11,378.13,378.0,377.64,376.34,367.94
2266,380.96,373.6,376.37,376.55,376.14,378.13,378.02,377.63,376.33,367.99
2267,380.96,373.53,376.34,376.58,376.17,378.14,378.05,377.65,376.43,368.03
2268,380.97,373.46,376.31,376.6,376.24,378.13,378.04,377.58,376.64,368.1
2269,380.98,373.45,376.33,376.61,376.28,378.13,377.94,377.46,376.8,368.14
2270,380.99,373.47,376.35,376.63,376.31,378.12,377.77,377.42,376.88,368.16
2271,380.99,373.46,376.39,376.64,376.32,378.14,377.55,377.44,376.95,368.15
2272,380.98,373.45,376.43,376.61,376.36,378.15,377.47,377.55,376.99,368.15
2273,380.99,373.44,376.46,376.6,376.38,378.14,377.49,377.69,376.98,368.18
2274,381.0,373.46,376.48,376.61,376.39,378.14,377.57,377.81,376.97,368.24
2275,381.0,373.44,376.5,376.64,376.4,378.15,377.62,377.92,376.98,368.28
2276,381.01,373.44,376.54,376.68,376.42,378.17,377.68,378.04,376.99,368.32
2277,381.02,373.5,376.57,376.72,376.43,378.19,377.71,378.13,376.99,368.37
2278,381.03,373.52,376.58,376.76,376.43,378.21,377.77,378.32,376.94,368.39
2279,381.05,373.52,376.57,376.79,376.43,378.23,377.85,378.51,376.86,368.41
2280,381.05,373.46,376.57,376.8,376.43,378.21,377.93,378.57,376.82,368.42
2281,381.06,373.39,376.58,376.79,376.43,378.2,377.99,378.57,376.82,368.42
2282,381.07,373.34,376.56,376.78,376.44,378.2,378.03,378.62,376.82,368.45
2283,381.09,373.33,376.53,376.73,376.43,378.18,378.04,378.7,376.84,368.5
2284,381.1,373.36,376.52,376.7,376.45,378.19,378.07,378.75,376.9,368.55
2285,381.1,373.41,376.53,376.66,376.45,378.19,378.1,378.8,377.01,368.56
2286,381.11,373.51,376.54,376.65,376.44,378.18,378.13,378.86,377.08,368.54
2287,381.13,373.56,376.55,376.66,376.42,378.16,378.19,378.95,377.07,368.51
2288,381.13,373.55,376.57,376.65,376.41,378.15,378.22,379.04,377.07,368.5
2289,381.14,373.55,376.59,376.64,376.39,378.13,378.25,379.1,377.11,368.49
2290,381.15,373.56,376.58,376.64,376.37,378.11,378.26,379.14,377.15,368.48
2291,381.16,373.57,376.57,376.66,376.35,378.11,378.26,379.14,377.2,368.49
2292,381.16,373.57,376.55,376.67,376.34,378.11,378.28,379.02,377.19,368.47
2293,381.17,373.59,376.56,376.68,376.35,378.11,378.33,378.95,377.12,368.46
2294,381.17,373.67,376.6,376.69,376.35,378.13,378.34,378.85,377.0,368.46
2295,381.18,373.75,376.64,376.71,376.37,378.13,378.37,378.66,376.91,368.47
2296,381.19,373.79,376.68,376.72,376.39,378.15,378.4,378.6,376.88,368.48
2297,381.21,373.79,376.7,376.73,376.42,378.17,378.34,378.73,376.92,368.47
2298,381.22,373.8,376.7,376.75,376.43,378.18,378.26,378.83,377.01,368.49
2299,381.24,373.8,376.7,376.77,376.46,378.18,378.22,378.81,377.11,368.51
2300,381.25,373.8,376.7,376.78,376.48,378.2,378.23,378.55,377.21,368.52
2301,381.26,373.8,376.69,376.8,376.48,378.22,378.22,378.37,377.27,368.54
2302,381.29,373.79,376.69,376.81,376.49,378.26,378.2,378.35,377.3,368.58
2303,381.3,373.75,376.71,376.83,376.48,378.31,378.08,378.41,377.31,368.61
2304,381.32,373.71,376.74,376.85,376.45,378.35,377.87,378.48,377.37,368.66
2305,381.35,373.68,376.79,376.86,376.44,378.36,377.77,378.52,377.47,368.66
2306,381.36,373.69,376.82,376.87,376.44,378.38,377.76,378.56,377.47,368.67
2307,381.38,373.72,376.84,376.88,376.44,378.39,377.79,378.56,377.46,368.69
2308,381.4,373.75,376.85,376.91,376.44,378.42,377.89,378.58,377.47,368.74
2309,381.42,373.75,376.84,376.92,376.44,378.45,378.01,378.6,377.45,368.77
2310,381.43,373.73,376.85,376.94,376.45,378.49,378.09,378.65,377.45,368.8
2311,381.45,373.71,376.85,376.95,376.46,378.52,378.16,378.67,377.48,368.81
2312,381.47,373.71,376.82,376.96,376.48,378.54,378.19,378.6,377.48,368.8
2313,381.48,373.77,376.84,376.97,376.52,378.57,378.22,378.58,377.42,368.76
2314,381.49,373.83,376.85,376.99,376.54,378.58,378.28,378.59,377.29,368.69
2315,381.5,373.86,376.86,377.0,376.55,378.57,378.29,378.62,377.18,368.65
2316,381.51,373.89,376.87,377.0,376.54,378.54,378.29,378.6,377.06,368.62
2317,381.52,373.9,376.85,376.99,376.53,378.52,378.32,378.52,376.96,368.58
2318,381.53,373.9,376.86,376.96,376.55,378.5,378.39,378.48,376.96,368.53
2319,381.54,373.9,376.88,376.94,376.56,378.48,378.48,378.47,376.99,368.5
2320,381.55,373.9,376.88,376.93,376.57,378.47,378.54,378.52,377.01,368.46
2321,381.56,373.88,376.9,376.91,376.57,378.47,378.5,378.59,377.06,368.4
2322,381.57,373.91,376.91,376.82,376.56,378.49,378.43,378.73,377.08,368.34
2323,381.58,373.93,376.9,376.73,376.54,378.51,378.4,378.84,377.12,368.31
2324,381.59,373.91,376.9,376.73,376.54,378.52,378.39,378.9,377.17,368.29
2325,381.59,373.91,376.89,376.77,376.52,378.51,378.4,378.94,377.24,368.27
2326,381.6,373.86,376.87,376.79,376.51,378.49,378.42,378.92,377.3,368.28
2327,381.59,373.82,376.85,376.82,376.49,378.49,378.46,378.9,377.34,368.3
2328,381.59,373.79,376.82,376.85,376.47,378.49,378.47,378.86,377.37,368.31
2329,381.59,373.77,376.8,376.9,376.44,378.49,378.44,378.83,377.42,368.31
2330,381.57,373.71,376.76,376.92,376.41,378.49,378.36,378.84,377.54,368.29
2331,381.56,373.7,376.71,376.93,376.41,378.49,378.28,378.87,377.7,368.28
2332,381.56,373.75,376.7,376.92,376.44,378.46,378.29,378.89,377.74,368.28
2333,381.56,373.83,376.69,376.93,376.46,378.46,378.33,378.89,377.78,368.29
2334,381.56,373.91,376.67,376.96,376.49,378.45,378.34,378.92,377.85,368.3
2335,381.55,373.99,376.67,377.0,376.52,378.46,378.35,378.97,377.93,368.29
2336,381.54,374.06,376.65,377.04,376.56,378.48,378.35,378.98,378.02,368.31
2337,381.53,374.11,376.64,377.05,376.59,378.5,378.35,378.96,378.08,368.35
2338,381.53,374.14,376.62,377.05,376.61,378.54,378.35,378.93,378.13,368.41
2339,381.52,374.11,376.64,377.05,376.63,378.57,378.31,378.88,378.2,368.45
2340,381.54,374.04,376.66,377.04,376.66,378.6,378.17,378.84,378.27,368.47
2341,381.54,373.94,376.69,377.03,376.69,378.63,378.16,378.79,378.16,368.45
2342,381.56,373.91,376.72,377.03,376.71,378.65,378.24,378.8,378.06,368.48
2343,381.56,373.89,376.76,377.03,376.74,378.66,378.32,378.89,377.96,368.54
2344,381.58,373.9,376.8,377.04,376.78,378.66,378.36,378.88,377.92,368.62
2345,381.6,373.95,376.84,377.07,376.8,378.65,378.37,378.73,377.89,368.72
2346,381.6,373.98,376.86,377.11,376.83,378.65,378.43,378.65,377.87,368.79
2347,381.61,374.04,376.88,377.11,376.85,378.65,378.49,378.66,377.89,368.86
2348,381.63,374.08,376.91,377.14,376.87,378.65,378.59,378.71,377.93,368.93
2349,381.65,374.11,376.94,377.17,376.9,378.64,378.68,378.79,377.95,368.96
2350,381.66,374.1,376.94,377.2,376.9,378.63,378.68,378.95,377.9,368.95
2351,381.67,374.1,376.96,377.23,376.91,378.62,378.66,379.12,377.86,368.93
2352,381.68,374.11,376.97,377.28,376.92,378.63,378.67,379.25,377.86,368.91
2353,381.69,374.13,376.98,377.31,376.93,378.66,378.71,379.24,377.86,368.88
2354,381.7,374.15,376.97,377.31,376.96,378.67,378.72,379.16,377.82,368.83
2355,381.72,374.18,376.99,377.32,376.98,378.67,378.72,379.21,377.76,368.79
2356,381.73,374.2,377.0,377.31,377.01,378.68,378.7,379.16,377.66,368.73
2357,381.74,374.23,376.97,377.32,377.03,378.69,378.61,379.11,377.58,368.66
2358,381.74,374.28,376.95,377.32,377.04,378.72,378.49,379.17,377.42,368.57
2359,381.74,374.32,376.95,377.28,377.05,378.73,378.56,379.26,377.25,368.55
2360,381.74,374.31,376.95,377.25,377.06,378.74,378.64,379.34,377.2,368.58
2361,381.74,374.29,376.95,377.24,377.08,378.74,378.69,379.34,377.2,368.61
2362,381.73,374.27,376.93,377.27,377.07,378.74,378.74,379.33,377.22,368.67
2363,381.74,374.24,376.93,377.3,377.06,378.72,378.76,379.37,377.26,368.72
2364,381.74,374.19,376.92,377.34,377.04,378.73,378.68,379.37,377.32,368.77
2365,381.73,374.16,376.93,377.38,377.02,378.73,378.63,379.32,377.42,368.83
2366,381.74,374.15,376.93,377.44,376.98,378.75,378.61,379.21,377.53,368.88
2367,381.74,374.14,376.93,377.48,376.97,378.77,378.66,379.06,377.63,368.99
2368,381.76,374.15,376.93,377.49,376.97,378.79,378.58,378.97,377.65,369.09
2369,381.76,374.2,376.92,377.5,376.99,378.8,378.47,378.93,377.64,369.13
2370,381.75,374.26,376.91,377.51,377.0,378.83,378.43,378.91,377.63,369.15
2371,381.76,374.34,376.91,377.53,377.0,378.87,378.49,378.94,377.62,369.19
2372,381.78,374.41,376.9,377.53,377.0,378.9,378.59,378.89,377.6,369.24
2373,381.78,374.48,376.92,377.51,376.99,378.94,378.68,378.71,377.61,369.3
2374,381.78,374.53,376.94,377.5,376.97,378.97,378.72,378.64,377.66,369.33
2375,381.78,374.56,377.0,377.49,376.96,378.98,378.77,378.65,377.76,369.42
2376,381.81,374.57,377.07,377.48,376.97,378.99,378.77,378.66,377.84,369.44
2377,381.82,374.58,377.1,377.5,376.97,379.01,378.77,378.68,377.89,369.45
2378,381.83,374.59,377.11,377.51,376.98,379.03,378.79,378.69,377.94,369.44
2379,381.84,374.57,377.1,377.51,376.99,379.03,378.78,378.7,377.98,369.43
2380,381.85,374.52,377.09,377.47,376.99,379.04,378.78,378.72,378.0,369.4
2381,381.87,374.5,377.07,377.43,376.99,379.04,378.78,378.78,377.97,369.41
2382,381.88,374.49,377.08,377.42,377.01,379.06,378.79,378.77,377.91,369.44
2383,381.88,374.49,377.1,377.41,377.01,379.05,378.79,378.88,377.82,369.45
2384,381.9,374.5,377.12,377.4,377.01,379.06,378.77,378.99,377.73,369.45
2385,381.92,374.49,377.15,377.39,376.99,379.05,378.73,379.04,377.61,369.4
2386,381.93,374.5,377.18,377.36,376.97,379.05,378.62,379.05,377.56,369.34
2387,381.95,374.48,377.2,377.36,376.96,379.06,378.66,379.02,377.58,369.32
2388,381.96,374.46,377.23,377.35,376.95,379.04,378.71,378.96,377.61,369.3
2389,381.98,374.45,377.25,377.35,376.92,379.02,378.75,378.94,377.66,369.26
2390,381.99,374.42,377.29,377.39,376.9,378.99,378.78,378.96,377.66,369.22
2391,382.0,374.39,377.31,377.42,376.86,378.96,378.77,379.03,377.62,369.2
2392,382.01,374.38,377.32,377.47,376.85,378.93,378.77,379.11,377.56,369.21
2393,382.04,374.38,377.35,377.52,376.82,378.92,378.84,379.16,377.47,369.24
2394,382.07,374.42,377.38,377.55,376.85,378.9,378.89,379.17,377.53,369.26
2395,382.07,374.46,377.4,377.56,376.88,378.87,378.92,379.19,377.64,369.26
2396,382.09,374.48,377.41,377.59,376.93,378.86,378.91,379.21,377.75,369.26
2397,382.11,374.5,377.44,377.61,376.98,378.85,378.89,379.18,377.89,369.26
2398,382.11,374.5,377.44,377.62,376.99,378.84,378.88,379.15,377.97,369.23
2399,382.11,374.5,377.45,377.61,376.99,378.82,378.89,379.17,377.99,369.23
2400,382.13,374.5,377.48,377.56,376.99,378.8,378.91,379.28,377.98,369.23
2401,382.13,374.48,377.5,377.53,376.98,378.81,378.91,379.45,377.94,369.23
2402,382.15,374.51,377.5,377.5,377.0,378.78,378.84,379.5,377.87,369.24
2403,382.16,374.57,377.49,377.5,377.01,378.76,378.68,379.44,377.83,369.27
2404,382.18,374.61,377.51,377.49,377.02,378.75,378.65,379.28,377.86,369.3
2405,382.19,374.65,377.52,377.48,377.01,378.76,378.68,379.19,377.91,369.32
2406,382.2,374.69,377.53,377.42,377.01,378.78,378.67,379.1,378.0,369.36
2407,382.21,374.72,377.56,377.37,376.99,378.8,378.5,378.98,378.08,369.39
2408,382.22,374.75,377.57,377.34,376.97,378.82,378.27,378.91,378.14,369.42
2409,382.22,374.73,377.58,377.35,376.96,378.84,378.17,378.89,378.19,369.44
2410,382.24,374.72,377.6,377.35,376.94,378.84,378.19,378.85,378.22,369.45
2411,382.25,374.75,377.6,377.38,376.95,378.83,378.26,378.73,378.27,369.45
2412,382.27,374.82,377.61,377.4,376.94,378.82,378.15,378.71,378.23,369.44
2413,382.27,374.86,377.61,377.43,376.9,378.81,378.09,378.75,378.13,369.44
2414,382.28,374.85,377.6,377.43,376.88,378.8,378.11,378.79,378.07,369.45
2415,382.27,374.86,377.58,377.41,376.85,378.78,378.21,378.83,378.05,369.45
2416,382.29,374.84,377.57,377.39,376.83,378.78,378.3,378.89,378.03,369.48
2417,382.3,374.83,377.57,377.42,376.82,378.79,378.37,378.89,378.03,369.5
2418,382.31,374.84,377.59,377.45,376.84,378.78,378.45,378.87,378.05,369.53
2419,382.31,374.87,377.62,377.48,376.86,378.79,378.5,378.9,378.11,369.52
2420,382.32,374.9,377.64,377.51,376.92,378.8,378.59,378.98,378.22,369.52
2421,382.35,374.91,377.68,377.56,377.0,378.82,378.7,379.08,378.23,369.53
2422,382.35,374.89,377.68,377.58,377.04,378.85,378.72,379.17,378.17,369.52
2423,382.36,374.87,377.68,377.61,377.09,378.89,378.8,379.24,378.17,369.5
2424,382.36,374.82,377.67,377.65,377.13,378.92,378.87,379.29,378.22,369.49
2425,382.38,374.79,377.66,377.69,377.18,378.96,378.91,379.36,378.3,369.45
2426,382.38,374.75,377.64,377.75,377.21,378.99,378.93,379.45,378.38,369.42
2427,382.37,374.72,377.61,377.8,377.27,379.04,378.95,379.52,378.46,369.41
2428,382.38,374.69,377.59,377.84,377.31,379.08,378.95,379.55,378.51,369.41
2429,382.37,374.67,377.57,377.86,377.34,379.1,378.96,379.53,378.52,369.42
2430,382.39,374.69,377.57,377.87,377.38,379.13,379.07,379.51,378.54,369.47
2431,382.39,374.71,377.58,377.88,377.4,379.16,379.13,379.53,378.6,369.51
2432,382.39,374.7,377.59,377.87,377.42,379.18,379.17,379.56,378.68,369.55
2433,382.38,374.69,377.62,377.88,377.43,379.2,379.2,379.54,378.75,369.56
2434,382.4,374.65,377.63,377.9,377.45,379.21,379.24,379.5,378.85,369.58
2435,382.4,374.65,377.65,377.91,377.49,379.23,379.24,379.53,378.97,369.58
2436,382.41,374.65,377.65,377.94,377.5,379.23,379.22,379.49,379.04,369.58
2437,382.42,374.66,377.66,377.96,377.51,379.26,379.24,379.5,379.06,369.58
2438,382.43,374.68,377.66,377.98,377.52,379.27,379.24,379.47,379.04,369.59
2439,382.45,374.7,377.6,378.0,377.55,379.3,379.12,379.51,378.89,369.6
2440,382.47,374.72,377.55,378.03,377.58,379.33,379.11,379.57,378.66,369.64
2441,382.5,374.72,377.53,378.06,377.61,379.38,379.04,379.63,378.5,369.68
2442,382.51,374.72,377.51,378.07,377.64,379.42,379.02,379.71,378.39,369.69
2443,382.53,374.73,377.51,378.06,377.67,379.45,379.01,379.7,378.39,369.68
2444,382.56,374.78,377.51,378.03,377.7,379.45,378.93,379.66,378.45,369.68
2445,382.58,374.82,377.52,378.01,377.71,379.46,378.96,379.66,378.53,369.66
2446,382.59,374.85,377.55,377.99,377.7,379.47,379.02,379.66,378.57,369.64
2447,382.62,374.86,377.57,378.0,377.7,379.48,379.09,379.7,378.6,369.62
2448,382.65,374.9,377.61,378.04,377.69,379.5,379.18,379.74,378.61,369.6
2449,382.66,374.96,377.65,378.08,377.69,379.52,379.25,379.8,378.65,369.58
2450,382.67,375.01,377.7,378.11,377.7,379.55,379.32,379.81,378.68,369.57
2451,382.69,375.03,377.74,378.11,377.72,379.58,379.36,379.8,378.63,369.55
2452,382.7,375.06,377.78,378.12,377.72,379.59,379.37,379.8,378.52,369.52
2453,382.71,375.1,377.8,378.12,377.72,379.62,379.37,379.8,378.4,369.51
2454,382.71,375.14,377.82,378.11,377.7,379.64,379.24,379.81,378.32,369.49
2455,382.71,375.16,377.84,378.08,377.72,379.65,379.14,379.85,378.35,369.48
2456,382.73,375.2,377.86,378.06,377.72,379.67,379.12,379.77,378.41,369.45
2457,382.74,375.24,377.88,378.06,377.74,379.67,379.17,379.63,378.46,369.45
2458,382.75,375.24,377.88,378.06,377.73,379.69,379.22,379.55,378.51,369.42
2459,382.75,375.23,377.9,378.05,377.73,379.7,379.25,379.54,378.54,369.4
2460,382.76,375.22,377.92,378.05,377.73,379.7,379.3,379.51,378.57,369.4
2461,382.75,375.15,377.93,378.06,377.74,379.71,379.34,379.51,378.59,369.41
2462,382.76,375.06,377.92,378.07,377.74,379.72,379.38,379.54,378.6,369.42
2463,382.76,375.0,377.92,378.08,377.76,379.73,379.32,379.59,378.58,369.45
2464,382.76,374.98,377.93,378.11,377.78,379.74,379.28,379.67,378.52,369.45
2465,382.76,374.98,377.97,378.12,377.8,379.77,379.29,379.7,378.46,369.44
2466,382.75,375.02,378.01,378.14,377.84,379.78,379.31,379.78,378.5,369.42
2467,382.75,375.05,378.03,378.18,377.85,379.79,379.36,379.92,378.56,369.41
2468,382.75,375.07,378.05,378.21,377.88,379.79,379.42,380.06,378.6,369.42
2469,382.75,375.07,378.05,378.2,377.91,379.78,379.48,380.13,378.57,369.43
2470,382.74,375.07,378.06,378.17,377.94,379.77,379.54,380.18,378.51,369.45
2471,382.75,375.07,378.07,378.14,377.95,379.75,379.54,380.18,378.48,369.47
2472,382.75,375.08,378.09,378.09,377.98,379.74,379.51,380.2,378.46,369.49
2473,382.75,375.07,378.1,378.05,377.98,379.74,379.43,380.23,378.48,369.5
2474,382.75,375.04,378.11,377.99,377.98,379.73,379.4,380.28,378.6,369.49
2475,382.73,375.03,378.09,377.94,377.96,379.71,379.46,380.35,378.7,369.44
2476,382.72,375.04,378.07,377.89,377.91,379.68,379.51,380.4,378.72,369.39
2477,382.72,375.08,378.08,377.86,377.88,379.64,379.55,380.4,378.73,369.37
2478,382.72,375.12,378.08,377.85,377.85,379.6,379.58,380.19,378.71,369.38
2479,382.73,375.15,378.08,377.83,377.8,379.56,379.61,379.97,378.7,369.38
2480,382.72,375.18,378.06,377.83,377.74,379.55,379.6,379.87,378.63,369.34
2481,382.72,375.21,378.06,377.83,377.69,379.51,379.56,379.87,378.56,369.29
2482,382.73,375.22,378.06,377.83,377.66,379.49,379.47,379.99,378.53,369.25
2483,382.75,375.23,378.06,377.82,377.62,379.48,379.37,380.1,378.53,369.22
2484,382.76,375.22,378.1,377.8,377.58,379.48,379.31,380.15,378.54,369.22
2485,382.78,375.23,378.12,377.8,377.58,379.47,379.3,380.06,378.59,369.27
2486,382.79,375.2,378.14,377.85,377.57,379.47,379.27,379.96,378.64,369.29
2487,382.79,375.19,378.16,377.91,377.58,379.46,379.27,379.85,378.68,369.32
2488,382.81,375.18,378.19,377.98,377.59,379.48,379.27,379.82,378.71,369.34
2489,382.81,375.13,378.21,378.02,377.59,379.48,379.27,379.85,378.71,369.35
2490,382.83,375.06,378.25,378.07,377.6,379.5,379.3,379.9,378.74,369.33
2491,382.82,375.03,378.25,378.1,377.61,379.5,379.29,379.94,378.75,369.33
2492,382.85,374.97,378.26,378.14,377.64,379.53,379.3,380.0,378.65,369.36
2493,382.86,374.94,378.23,378.18,377.69,379.54,379.28,380.04,378.68,369.38
2494,382.88,374.91,378.19,378.22,377.73,379.54,379.22,380.06,378.78,369.38
2495,382.9,374.91,378.16,378.26,377.77,379.57,379.15,380.05,378.84,369.36
2496,382.9,374.94,378.15,378.31,377.81,379.61,379.1,380.06,378.87,369.35
2497,382.91,374.99,378.15,378.35,377.84,379.66,379.11,380.12,378.95,369.34
2498,382.91,375.04,378.15,378.37,377.86,379.69,379.14,380.22,379.06,369.35
2499,382.92,375.08,378.15,378.39,377.87,379.73,379.2,380.35,379.16,369.36
2500,382.91,375.1,378.16,378.4,377.9,379.76,379.28,380.46,379.21,369.33
2501,382.89,375.11,378.18,378.41,377.92,379.78,379.37,380.49,379.16,369.34
2502,382.9,375.09,378.18,378.42,377.94,379.81,379.44,380.42,379.08,369.34
2503,382.92,375.08,378.21,378.44,377.95,379.82,379.46,380.31,379.04,369.34
2504,382.93,375.07,378.26,378.45,377.95,379.84,379.44,380.2,379.01,369.34
2505,382.94,375.07,378.29,378.46,377.96,379.88,379.42,380.18,378.99,369.33
2506,382.95,375.11,378.31,378.46,377.94,379.89,379.41,380.25,378.96,369.36
2507,382.96,375.15,378.3,378.46,377.93,379.9,379.43,380.36,378.9,369.4
2508,382.96,375.15,378.28,378.46,377.92,379.91,379.5,380.38,378.85,369.45
2509,382.98,375.19,378.28,378.46,377.93,379.92,379.51,380.39,378.82,369.52
2510,383.0,375.23,378.25,378.47,377.93,379.94,379.53,380.41,378.8,369.62
2511,383.02,375.23,378.22,378.44,377.95,379.95,379.63,380.43,378.72,369.69
2512,383.04,375.21,378.19,378.4,377.98,379.97,379.68,380.46,378.69,369.69
2513,383.04,375.22,378.19,378.36,378.02,379.99,379.72,380.47,378.71,369.68
2514,383.04,375.23,378.21,378.33,378.05,380.0,379.75,380.5,378.84,369.67
2515,383.04,375.25,378.23,378.3,378.08,380.01,379.75,380.46,378.97,369.69
2516,383.05,375.26,378.25,378.27,378.09,380.02,379.72,380.33,379.09,369.74
2517,383.04,375.25,378.25,378.26,378.08,380.03,379.55,380.28,379.19,369.81
2518,383.05,375.28,378.26,378.26,378.07,380.04,379.43,380.25,379.24,369.87
2519,383.05,375.31,378.28,378.25,378.06,380.05,379.41,380.26,379.16,369.93
2520,383.05,375.3,378.31,378.25,378.04,380.05,379.38,380.25,378.94,369.97
2521,383.05,375.28,378.35,378.25,378.0,380.06,379.21,380.19,378.78,369.98
2522,383.05,375.22,378.39,378.25,377.99,380.07,379.05,380.08,378.71,369.99
2523,383.07,375.2,378.42,378.23,377.98,380.09,378.92,380.02,378.72,369.99
2524,383.07,375.23,378.43,378.18,377.99,380.09,378.86,380.01,378.69,369.96
2525,383.07,375.27,378.45,378.16,378.01,380.08,378.91,380.06,378.66,369.94
2526,383.07,375.34,378.48,378.17,378.03,380.05,379.05,380.13,378.67,369.92
2527,383.08,375.41,378.5,378.21,378.06,380.02,379.23,380.21,378.7,369.89
2528,383.09,375.46,378.49,378.26,378.11,379.99,379.44,380.29,378.79,369.86
2529,383.09,375.47,378.48,378.31,378.16,379.94,379.57,380.39,378.84,369.85
2530,383.09,375.47,378.47,378.36,378.18,379.91,379.64,380.49,378.85,369.87
2531,383.1,375.47,378.48,378.39,378.18,379.91,379.69,380.47,378.87,369.89
2532,383.08,375.47,378.46,378.44,378.17,379.93,379.76,380.28,378.89,369.9
2533,383.09,375.48,378.44,378.48,378.18,379.94,379.83,380.14,378.91,369.92
2534,383.08,375.48,378.4,378.5,378.18,379.96,379.9,380.07,378.88,369.92
2535,383.07,375.48,378.34,378.52,378.19,379.96,379.93,380.08,378.86,369.93
2536,383.06,375.46,378.32,378.54,378.2,379.97,379.93,380.14,378.89,369.92
2537,383.05,375.4,378.32,378.57,378.18,379.98,379.91,380.28,378.95,369.91
2538,383.06,375.36,378.37,378.61,378.16,380.01,379.95,380.41,379.05,369.89
2539,383.06,375.37,378.39,378.67,378.18,380.03,380.0,380.5,379.13,369.91
2540,383.08,375.4,378.41,378.72,378.21,380.02,380.06,380.56,379.25,369.93
2541,383.1,375.42,378.43,378.77,378.23,380.02,380.08,380.62,379.37,369.93
2542,383.1,375.46,378.44,378.8,378.26,380.0,380.07,380.69,379.5,369.93
2543,383.11,375.49,378.43,378.83,378.27,380.0,380.03,380.67,379.65,369.93
2544,383.13,375.52,378.35,378.85,378.28,379.99,380.02,380.6,379.78,369.92
2545,383.16,375.58,378.25,378.86,378.27,379.99,380.07,380.52,379.84,369.91
2546,383.17,375.65,378.17,378.87,378.28,379.98,380.11,380.4,379.78,369.89
2547,383.2,375.71,378.16,378.88,378.29,379.97,380.19,380.39,379.67,369.87
2548,383.22,375.74,378.17,378.89,378.3,379.96,380.2,380.48,379.52,369.83
2549,383.22,375.74,378.18,378.89,378.31,379.95,380.16,380.58,379.33,369.8
2550,383.25,375.76,378.22,378.9,378.34,379.95,380.15,380.59,379.21,369.8
2551,383.26,375.78,378.25,378.94,378.37,379.97,380.12,380.62,379.19,369.78
2552,383.28,375.83,378.26,378.97,378.41,380.01,380.03,380.63,379.24,369.77
2553,383.28,375.88,378.27,379.0,378.43,380.06,379.83,380.66,379.32,369.76
2554,383.31,375.93,378.24,379.04,378.47,380.12,379.6,380.7,379.42,369.77
2555,383.32,375.99,378.23,379.06,378.5,380.17,379.42,380.72,379.48,369.77
2556,383.33,376.04,378.22,379.06,378.55,380.22,379.37,380.75,379.58,369.76
2557,383.35,376.11,378.23,379.08,378.58,380.24,379.43,380.78,379.7,369.75
2558,383.37,376.16,378.27,379.09,378.61,380.27,379.46,380.85,379.78,369.77
2559,383.38,376.2,378.29,379.1,378.63,380.29,379.5,380.93,379.85,369.79
2560,383.4,376.17,378.28,379.11,378.66,380.32,379.58,380.9,379.91,369.83
2561,383.41,376.08,378.29,379.12,378.69,380.34,379.64,380.83,379.97,369.84
2562,383.45,375.99,378.3,379.1,378.72,380.36,379.54,380.71,380.01,369.85
2563,383.47,375.92,378.31,379.07,378.75,380.37,379.52,380.61,380.01,369.86
2564,383.49,375.86,378.31,379.05,378.77,380.39,379.57,380.6,379.95,369.89
2565,383.51,375.85,378.32,379.01,378.8,380.39,379.72,380.59,379.8,369.91
2566,383.53,375.9,378.33,378.97,378.82,380.4,379.89,380.65,379.69,369.95
2567,383.54,375.95,378.34,378.93,378.82,380.4,379.96,380.8,379.63,369.98
2568,383.54,375.96,378.35,378.89,378.81,380.37,380.01,380.93,379.61,370.01
2569,383.56,375.93,378.38,378.87,378.79,380.35,380.04,381.01,379.6,370.1
2570,383.56,375.91,378.42,378.84,378.76,380.33,380.06,381.01,379.61,370.17
2571,383.57,375.9,378.44,378.85,378.72,380.32,380.1,380.98,379.63,370.22
2572,383.57,375.89,378.47,378.86,378.69,380.29,380.13,380.93,379.68,370.29
2573,383.59,375.8,378.51,378.89,378.66,380.3,380.15,380.97,379.77,370.38
2574,383.59,375.74,378.56,378.92,378.63,380.31,380.14,381.01,379.79,370.47
2575,383.58,375.72,378.57,378.95,378.63,380.33,380.1,380.97,379.76,370.51
2576,383.59,375.75,378.56,378.98,378.62,380.35,380.14,380.81,379.7,370.54
2577,383.59,375.81,378.58,378.99,378.62,380.37,380.2,380.67,379.57,370.54
2578,383.6,375.82,378.57,379.0,378.61,380.41,380.26,380.59,379.41,370.57
2579,383.59,375.82,378.56,379.0,378.56,380.43,380.24,380.55,379.27,370.57
2580,383.6,375.82,378.55,378.99,378.5,380.45,380.26,380.57,379.19,370.59
2581,383.6,375.83,378.53,378.94,378.46,380.46,380.28,380.66,379.15,370.61
2582,383.61,375.89,378.56,378.89,378.4,380.47,380.16,380.7,379.13,370.65
2583,383.61,375.97,378.61,378.87,378.38,380.47,380.05,380.72,379.12,370.67
2584,383.59,376.01,378.66,378.85,378.37,380.46,380.02,380.68,379.11,370.65
2585,383.61,375.99,378.71,378.86,378.4,380.46,379.98,380.69,379.14,370.61
2586,383.61,375.93,378.74,378.86,378.41,380.43,379.94,380.62,379.18,370.58
2587,383.62,375.91,378.77,378.86,378.43,380.43,379.88,380.47,379.24,370.58
2588,383.64,375.91,378.8,378.87,378.45,380.44,379.77,380.38,379.27,370.57
2589,383.65,375.93,378.82,378.9,378.5,380.45,379.65,380.29,379.29,370.58
2590,383.65,375.95,378.84,378.92,378.53,380.46,379.61,380.25,379.32,370.59
2591,383.67,375.99,378.81,378.94,378.57,380.46,379.6,380.21,379.43,370.59
2592,383.67,376.03,378.73,378.94,378.62,380.47,379.65,380.21,379.54,370.64
2593,383.68,376.04,378.68,378.99,378.66,380.5,379.68,380.24,379.66,370.71
2594,383.68,376.06,378.64,379.01,378.7,380.52,379.74,380.28,379.78,370.76
2595,383.68,376.09,378.61,379.01,378.72,380.54,379.83,380.32,379.91,370.78
2596,383.66,376.12,378.6,379.0,378.73,380.55,379.89,380.35,379.98,370.79
2597,383.65,376.17,378.6,378.98,378.74,380.56,379.95,380.39,379.96,370.81
2598,383.64,376.26,378.63,378.95,378.74,380.56,380.01,380.45,379.88,370.84
2599,383.63,376.31,378.66,378.91,378.74,380.56,380.09,380.53,379.81,370.85
2600,383.6,376.35,378.73,378.83,378.71,380.58,380.14,380.63,379.72,370.83
2601,383.59,376.35,378.79,378.78,378.7,380.57,380.14,380.68,379.66,370.83
2602,383.57,376.35,378.82,378.7,378.69,380.55,380.16,380.73,379.66,370.85
2603,383.57,376.37,378.84,378.65,378.67,380.54,380.14,380.72,379.67,370.88
2604,383.57,376.42,378.84,378.61,378.66,380.53,380.05,380.77,379.71,370.93
2605,383.56,376.42,378.84,378.58,378.65,380.51,380.0,380.92,379.75,370.93
2606,383.56,376.31,378.85,378.58,378.65,380.49,379.94,381.0,379.81,370.94
2607,383.56,376.24,378.85,378.57,378.65,380.48,379.94,380.9,379.83,370.93
2608,383.56,376.24,378.85,378.59,378.65,380.48,379.9,380.68,379.77,370.92
2609,383.54,376.24,378.84,378.61,378.65,380.49,379.86,380.54,379.66,370.9
2610,383.53,376.21,378.81,378.65,378.66,380.5,379.62,380.46,379.61,370.91
2611,383.54,376.17,378.79,378.68,378.66,380.51,379.54,380.47,379.64,370.93
2612,383.54,376.14,378.79,378.71,378.66,380.5,379.54,380.53,379.72,370.95
2613,383.54,376.08,378.79,378.72,378.66,380.5,379.63,380.6,379.78,370.99
2614,383.54,376.05,378.8,378.71,378.67,380.47,379.67,380.68,379.84,371.01
2615,383.54,376.04,378.78,378.74,378.68,380.47,379.76,380.75,379.89,371.02
2616,383.54,376.04,378.78,378.81,378.71,380.44,379.87,380.83,379.9,371.01
2617,383.54,376.06,378.78,378.88,378.71,380.44,379.92,380.89,379.9,370.97
2618,383.56,376.1,378.81,378.93,378.71,380.44,379.92,380.92,379.98,370.93
2619,383.57,376.1,378.85,378.98,378.71,380.43,380.03,380.91,380.11,370.92
2620,383.58,376.1,378.88,379.03,378.73,380.43,380.1,380.93,380.2,370.93
2621,383.58,376.09,378.91,379.08,378.73,380.41,380.16,380.95,380.24,370.93
2622,383.57,376.11,378.89,379.11,378.74,380.38,380.15,380.95,380.23,370.94
2623,383.59,376.13,378.87,379.14,378.73,380.35,380.15,380.92,380.16,370.95
2624,383.61,376.17,378.85,379.17,378.69,380.33,380.16,380.86,380.09,370.97
2625,383.61,376.22,378.86,379.2,378.66,380.33,380.14,380.86,380.02,371.0
2626,383.63,376.27,378.89,379.22,378.62,380.32,379.99,380.9,379.99,371.02
2627,383.66,376.32,378.96,379.26,378.61,380.31,379.73,380.91,379.95,371.03
2628,383.68,376.38,379.01,379.29,378.64,380.28,379.81,380.9,379.9,371.0
2629,383.71,376.4,379.05,379.33,378.7,380.25,379.95,380.92,379.85,370.99
2630,383.73,376.42,379.08,379.35,378.73,380.22,380.09,380.93,379.8,370.94
2631,383.75,376.43,379.07,379.36,378.75,380.2,380.22,380.98,379.74,370.9
2632,383.76,376.45,379.05,379.37,378.76,380.2,380.28,380.95,379.64,370.87
2633,383.77,376.47,379.04,379.36,378.75,380.2,380.34,380.82,379.55,370.86
2634,383.79,376.52,379.02,379.34,378.74,380.21,380.37,380.71,379.46,370.88
2635,383.81,376.58,378.97,379.29,378.73,380.21,380.38,380.65,379.36,370.89
2636,383.82,376.64,378.88,379.23,378.72,380.22,380.38,380.64,379.31,370.9
2637,383.84,376.59,378.87,379.15,378.7,380.22,380.35,380.59,379.28,370.92
2638,383.86,376.51,378.89,379.06,378.68,380.23,380.35,380.42,379.29,370.91
2639,383.86,376.47,378.92,378.99,378.64,380.24,380.33,380.33,379.3,370.89
2640,383.87,376.5,378.93,378.91,378.63,380.26,380.14,380.32,379.29,370.86
2641,383.89,376.57,378.96,378.86,378.61,380.29,379.98,380.34,379.28,370.83
2642,383.9,376.63,378.99,378.78,378.61,380.33,379.94,380.29,379.27,370.79
2643,383.91,376.62,379.01,378.73,378.6,380.37,379.97,380.28,379.22,370.76
2644,383.92,376.62,379.01,378.71,378.6,380.37,379.97,380.32,379.14,370.72
2645,383.92,376.55,379.02,378.72,378.64,380.4,380.03,380.35,379.08,370.67
2646,383.92,376.45,379.01,378.76,378.68,380.42,380.13,380.35,379.07,370.63
2647,383.91,376.4,379.01,378.82,378.7,380.43,380.18,380.39,379.12,370.61
2648,383.91,376.38,379.02,378.87,378.73,380.44,380.23,380.4,379.2,370.58
2649,383.91,376.35,379.01,378.94,378.77,380.45,380.27,380.41,379.27,370.58
2650,383.92,376.28,379.0,378.97,378.8,380.47,380.25,380.45,379.34,370.6
2651,383.92,376.25,378.97,379.02,378.82,380.49,380.25,380.51,379.36,370.65
2652,383.93,376.25,378.96,379.05,378.85,380.52,380.28,380.57,379.42,370.69
2653,383.93,376.26,378.95,379.07,378.86,380.57,380.33,380.6,379.45,370.74
2654,383.93,376.26,378.91,379.07,378.87,380.61,380.36,380.57,379.47,370.8
2655,383.93,376.3,378.88,379.09,378.89,380.65,380.34,380.48,379.52,370.85
2656,383.93,376.3,378.87,379.14,378.91,380.67,380.31,380.44,379.55,370.86
2657,383.93,376.31,378.87,379.18,378.93,380.67,380.25,380.5,379.57,370.83
2658,383.93,376.33,378.87,379.23,378.95,380.66,380.24,380.55,379.62,370.83
2659,383.94,376.35,378.89,379.27,378.97,380.64,380.25,380.45,379.64,370.84
2660,383.94,376.38,378.92,379.29,378.95,380.65,380.26,380.33,379.61,370.83
2661,383.94,376.4,378.92,379.32,378.92,380.69,380.11,380.3,379.48,370.81
2662,383.95,376.42,378.94,379.33,378.91,380.72,380.02,380.29,379.36,370.8
2663,383.97,376.45,378.99,379.35,378.89,380.75,379.99,380.26,379.18,370.71
2664,383.98,376.49,379.02,379.38,378.87,380.78,379.93,380.24,379.08,370.61
2665,383.99,376.52,379.05,379.41,378.86,380.8,379.69,380.33,379.08,370.55
2666,384.01,376.57,379.07,379.43,378.86,380.83,379.54,380.37,379.05,370.52
2667,384.01,376.61,379.1,379.46,378.86,380.83,379.61,380.4,379.02,370.49
2668,384.02,376.63,379.14,379.5,378.85,380.82,379.74,380.43,379.03,370.47
2669,384.04,376.67,379.2,379.53,378.88,380.81,379.87,380.35,379.1,370.47
2670,384.05,376.68,379.23,379.55,378.89,380.82,379.91,380.29,379.19,370.46
2671,384.06,376.71,379.27,379.55,378.92,380.82,379.83,380.3,379.28,370.47
2672,384.07,376.76,379.31,379.54,378.97,380.84,379.74,380.34,379.41,370.5
2673,384.08,376.72,379.34,379.53,379.05,380.85,379.79,380.41,379.46,370.54
2674,384.08,376.67,379.32,379.53,379.08,380.87,379.87,380.42,379.48,370.57
2675,384.08,376.63,379.28,379.53,379.11,380.89,380.0,380.45,379.5,370.58
2676,384.09,376.59,379.26,379.52,379.16,380.9,380.14,380.5,379.5,370.59
2677,384.08,376.57,379.23,379.5,379.18,380.92,380.26,380.6,379.52,370.55
2678,384.07,376.57,379.2,379.49,379.2,380.95,380.36,380.7,379.55,370.49
2679,384.08,376.58,379.19,379.47,379.23,380.97,380.46,380.84,379.58,370.45
2680,384.06,376.58,379.17,379.47,379.25,381.0,380.56,381.0,379.49,370.42
2681,384.06,376.56,379.15,379.47,379.26,381.02,380.75,381.19,379.32,370.4
2682,384.04,376.56,379.16,379.48,379.26,381.04,380.91,381.34,379.22,370.39
2683,384.03,376.57,379.18,379.48,379.26,381.05,380.89,381.35,379.21,370.38
2684,384.04,376.51,379.2,379.47,379.28,381.07,380.71,381.26,379.26,370.4
2685,384.02,376.41,379.23,379.45,379.29,381.1,380.45,381.1,379.31,370.44
2686,384.01,376.44,379.26,379.42,379.29,381.12,380.3,381.03,379.37,370.5
2687,384.0,376.54,379.28,379.41,379.27,381.14,380.29,381.03,379.41,370.54
2688,383.99,376.63,379.3,379.4,379.26,381.15,380.3,381.08,379.48,370.6
2689,383.98,376.69,379.34,379.42,379.26,381.17,380.35,381.16,379.55,370.64
2690,383.99,376.74,379.39,379.46,379.26,381.2,380.47,381.23,379.71,370.73
2691,383.99,376.7,379.47,379.5,379.28,381.21,380.45,381.25,379.88,370.85
2692,383.99,376.64,379.51,379.55,379.29,381.21,380.41,381.24,379.95,370.93
2693,383.99,376.58,379.55,379.59,379.29,381.23,380.42,381.22,379.98,370.99
2694,383.99,376.48,379.57,379.64,379.3,381.24,380.42,381.21,379.99,371.01
2695,383.99,376.42,379.58,379.68,379.29,381.25,380.42,381.23,379.97,371.0
2696,383.99,376.38,379.58,379.71,379.31,381.26,380.5,381.28,379.98,370.99
2697,384.0,376.37,379.6,379.74,379.32,381.26,380.62,381.34,380.01,370.98
2698,384.01,376.4,379.63,379.77,379.33,381.25,380.76,381.42,380.03,370.94
2699,384.0,376.43,379.64,379.81,379.32,381.22,380.89,381.51,380.09,370.91
2700,383.98,376.46,379.63,379.84,379.31,381.21,380.97,381.64,380.09,370.89
2701,383.99,376.48,379.61,379.85,379.3,381.19,380.99,381.75,380.11,370.89
2702,384.0,376.53,379.6,379.86,379.3,381.18,381.03,381.81,380.1,370.9
2703,384.0,376.59,379.6,379.85,379.3,381.17,381.06,381.86,380.07,370.91
2704,384.01,376.64,379.61,379.85,379.3,381.16,381.03,381.78,380.02,370.92
2705,384.01,376.68,379.6,379.86,379.3,381.16,381.05,381.6,380.01,370.94
2706,384.03,376.7,379.59,379.89,379.32,381.18,381.07,381.46,379.99,370.96
2707,384.04,376.71,379.6,379.92,379.35,381.19,381.08,381.32,379.97,370.97
2708,384.06,376.73,379.63,379.96,379.37,381.21,381.09,381.25,380.07,371.01
2709,384.08,376.75,379.66,379.97,379.38,381.24,380.87,381.25,380.15,371.02
2710,384.09,376.75,379.66,379.99,379.36,381.28,380.61,381.32,380.21,371.02
2711,384.11,376.76,379.66,380.02,379.34,381.29,380.63,381.39,380.24,371.06
2712,384.12,376.74,379.67,380.02,379.32,381.32,380.74,381.49,380.28,371.1
2713,384.14,376.71,379.67,379.99,379.31,381.34,380.79,381.56,380.32,371.11
2714,384.14,376.71,379.67,379.96,379.29,381.36,380.82,381.62,380.37,371.12
2715,384.15,376.73,379.66,379.94,379.27,381.37,380.85,381.68,380.39,371.14
2716,384.16,376.77,379.65,379.94,379.26,381.39,380.84,381.76,380.36,371.17
2717,384.17,376.8,379.64,379.95,379.24,381.41,380.91,381.88,380.31,371.21
2718,384.19,376.82,379.62,379.95,379.24,381.41,381.05,382.02,380.17,371.24
2719,384.18,376.82,379.62,379.94,379.25,381.39,381.13,382.15,380.03,371.26
2720,384.19,376.85,379.62,379.94,379.26,381.34,381.21,382.21,379.96,371.29
2721,384.2,376.87,379.63,379.93,379.26,381.29,381.27,382.11,379.96,371.32
2722,384.2,376.88,379.62,379.92,379.26,381.24,381.26,381.97,379.97,371.32
2723,384.23,376.9,379.64,379.88,379.26,381.2,381.22,381.69,380.0,371.33
2724,384.23,376.9,379.65,379.84,379.25,381.18,381.06,381.33,380.06,371.32
2725,384.23,376.88,379.66,379.78,379.23,381.19,380.83,381.36,380.13,371.29
2726,384.24,376.88,379.73,379.7,379.21,381.21,380.67,381.49,380.12,371.28
2727,384.24,376.87,379.79,379.59,379.18,381.23,380.72,381.53,380.06,371.23
2728,384.25,376.88,379.82,379.49,379.19,381.25,380.8,381.58,380.09,371.17
2729,384.27,376.88,379.84,379.41,379.21,381.26,380.88,381.67,380.12,371.12
2730,384.28,376.92,379.86,379.4,379.22,381.26,380.91,381.79,380.16,371.09
2731,384.28,376.99,379.87,379.42,379.24,381.25,380.92,381.88,380.21,371.06
2732,384.29,377.05,379.87,379.48,379.25,381.26,380.97,381.95,380.3,371.05
2733,384.29,377.08,379.86,379.53,379.27,381.28,381.06,382.02,380.35,371.05
2734,384.3,377.03,379.84,379.58,379.28,381.28,381.11,381.94,380.43,371.09
2735,384.3,376.92,379.78,379.63,379.27,381.27,381.04,381.78,380.47,371.14
2736,384.31,376.87,379.72,379.66,379.28,381.28,381.02,381.71,380.5,371.2
2737,384.31,376.88,379.7,379.71,379.29,381.3,381.01,381.71,380.53,371.21
2738,384.31,376.9,379.69,379.74,379.29,381.3,381.03,381.74,380.61,371.23
2739,384.33,376.9,379.68,379.78,379.31,381.33,381.07,381.79,380.71,371.23
2740,384.33,376.91,379.66,379.81,379.32,381.36,381.11,381.84,380.82,371.22
2741,384.34,376.94,379.62,379.83,379.35,381.37,381.15,381.86,380.96,371.23
2742,384.34,376.96,379.58,379.87,379.38,381.39,381.17,381.88,381.12,371.24
2743,384.35,376.97,379.52,379.9,379.41,381.42,381.19,381.92,381.22,371.24
2744,384.36,376.97,379.43,379.92,379.46,381.43,381.24,381.98,381.18,371.21
2745,384.37,376.97,379.34,379.95,379.48,381.46,381.23,381.95,381.06,371.17
2746,384.37,376.97,379.29,379.97,379.5,381.49,381.18,381.86,381.01,371.14
2747,384.39,376.96,379.26,380.0,379.51,381.52,381.16,381.77,381.01,371.14
2748,384.39,376.99,379.25,380.02,379.52,381.55,381.19,381.71,381.05,371.15
2749,384.4,377.02,379.26,380.02,379.52,381.57,381.24,381.66,381.12,371.15
2750,384.4,377.03,379.27,380.02,379.54,381.59,381.25,381.63,381.19,371.14
2751,384.42,377.06,379.28,380.05,379.57,381.61,381.24,381.66,381.25,371.13
2752,384.43,377.1,379.32,380.05,379.61,381.61,381.29,381.68,381.27,371.11
2753,384.45,377.18,379.42,380.07,379.66,381.61,381.42,381.63,381.24,371.04
2754,384.47,377.24,379.54,380.08,379.73,381.61,381.43,381.65,381.1,370.96
2755,384.48,377.31,379.59,380.1,379.76,381.6,381.38,381.75,380.95,370.95
2756,384.49,377.34,379.62,380.09,379.76,381.6,381.36,381.92,380.8,370.95
2757,384.5,377.36,379.67,380.09,379.78,381.6,381.41,382.06,380.69,370.96
2758,384.52,377.34,379.71,380.09,379.79,381.6,381.47,382.14,380.6,371.01
2759,384.53,377.28,379.76,380.08,379.81,381.62,381.5,382.21,380.56,371.06
2760,384.55,377.23,379.81,380.07,379.82,381.62,381.53,382.27,380.56,371.13
2761,384.56,377.2,379.86,380.04,379.82,381.61,381.54,382.32,380.52,371.18
2762,384.58,377.23,379.93,380.01,379.82,381.6,381.58,382.36,380.52,371.26
2763,384.6,377.28,379.98,379.98,379.8,381.59,381.61,382.38,380.47,371.34
2764,384.61,377.3,380.01,379.94,379.76,381.59,381.59,382.31,380.43,371.36
2765,384.63,377.28,380.02,379.89,379.72,381.59,381.42,382.23,380.44,371.38
2766,384.63,377.26,380.02,379.86,379.68,381.61,381.28,382.16,380.49,371.4
2767,384.64,377.18,380.01,379.8,379.65,381.62,381.29,382.13,380.52,371.42
2768,384.65,377.12,380.01,379.75,379.63,381.63,381.35,382.16,380.52,371.47
2769,384.66,377.11,380.01,379.72,379.62,381.63,381.42,382.22,380.52,371.53
2770,384.67,377.13,380.0,379.72,379.61,381.62,381.47,382.33,380.52,371.57
2771,384.68,377.21,379.99,379.75,379.64,381.61,381.54,382.41,380.55,371.65
2772,384.68,377.26,379.96,379.79,379.67,381.61,381.52,382.44,380.57,371.71
2773,384.68,377.25,379.95,379.84,379.69,381.59,381.47,382.4,380.53,371.76
2774,384.68,377.22,379.94,379.9,379.69,381.56,381.5,382.38,380.51,371.81
2775,384.68,377.16,379.93,379.96,379.68,381.53,381.52,382.37,380.53,371.84
2776,384.68,377.11,379.92,380.01,379.69,381.51,381.46,382.37,380.59,371.86
2777,384.66,377.09,379.9,380.07,379.69,381.49,381.42,382.42,380.67,371.86
2778,384.67,377.07,379.88,380.15,379.7,381.48,381.43,382.5,380.79,371.86
2779,384.67,377.08,379.88,380.18,379.72,381.49,381.46,382.52,380.93,371.85
2780,384.68,377.08,379.85,380.21,379.73,381.5,381.49,382.49,381.03,371.82
2781,384.68,377.12,379.8,380.23,379.74,381.53,381.54,382.44,381.02,371.81
2782,384.7,377.17,379.78,380.25,379.75,381.58,381.57,382.42,381.06,371.83
2783,384.71,377.16,379.76,380.27,379.76,381.61,381.63,382.43,381.19,371.85
2784,384.74,377.14,379.76,380.29,379.78,381.66,381.67,382.44,381.35,371.88
2785,384.76,377.12,379.79,380.31,379.79,381.71,381.74,382.45,381.48,371.9
2786,384.77,377.06,379.82,380.33,379.79,381.74,381.8,382.46,381.51,371.9
2787,384.79,377.0,379.82,380.31,379.8,381.76,381.83,382.47,381.46,371.89
2788,384.81,376.98,379.8,380.31,379.78,381.79,381.81,382.52,381.37,371.84
2789,384.83,377.06,379.74,380.3,379.76,381.81,381.77,382.6,381.22,371.77
2790,384.85,377.15,379.7,380.29,379.73,381.83,381.68,382.57,381.14,371.73
2791,384.86,377.15,379.72,380.27,379.72,381.85,381.63,382.5,381.14,371.74
2792,384.87,377.16,379.75,380.25,379.71,381.85,381.62,382.48,381.16,371.75
2793,384.88,377.19,379.8,380.25,379.71,381.85,381.63,382.52,381.2,371.74
2794,384.88,377.22,379.85,380.25,379.73,381.84,381.64,382.55,381.27,371.74
2795,384.9,377.24,379.91,380.26,379.74,381.82,381.69,382.48,381.37,371.77
2796,384.89,377.26,379.97,380.28,379.76,381.8,381.72,382.33,381.49,371.79
2797,384.89,377.26,380.0,380.29,379.76,381.78,381.73,382.28,381.56,371.82
2798,384.89,377.25,380.05,380.3,379.78,381.78,381.74,382.35,381.56,371.86
2799,384.9,377.26,380.09,380.31,379.81,381.79,381.76,382.46,381.43,371.87
2800,384.9,377.29,380.12,380.33,379.82,381.79,381.74,382.48,381.31,371.86
2801,384.9,377.33,380.14,380.34,379.82,381.8,381.72,382.49,381.2,371.85
2802,384.91,377.37,380.16,380.36,379.82,381.83,381.71,382.51,381.06,371.81
2803,384.92,377.41,380.18,380.35,379.85,381.86,381.75,382.52,380.93,371.79
2804,384.92,377.45,380.2,380.32,379.86,381.88,381.73,382.51,380.8,371.78
2805,384.92,377.48,380.23,380.28,379.87,381.89,381.68,382.4,380.71,371.77
2806,384.92,377.49,380.23,380.25,379.89,381.9,381.72,382.27,380.67,371.76
2807,384.93,377.44,380.26,380.25,379.93,381.9,381.82,382.28,380.7,371.8
2808,384.94,377.44,380.26,380.28,379.96,381.88,381.88,382.22,380.75,371.85
2809,384.93,377.45,380.25,380.31,379.98,381.89,381.9,382.18,380.78,371.9
2810,384.94,377.42,380.25,380.34,379.98,381.91,381.86,382.11,380.85,371.93
2811,384.94,377.37,380.26,380.34,379.98,381.92,381.8,382.08,380.9,371.95
2812,384.92,377.35,380.26,380.38,379.97,381.92,381.78,382.05,380.9,371.95
2813,384.92,377.36,380.26,380.41,379.96,381.9,381.73,381.97,380.9,371.98
2814,384.92,377.36,380.25,380.4,379.93,381.85,381.61,381.74,380.91,372.0
2815,384.9,377.35,380.24,380.37,379.91,381.82,381.56,381.58,380.94,372.03
2816,384.9,377.35,380.24,380.37,379.9,381.8,381.5,381.55,380.95,372.07
2817,384.89,377.37,380.23,380.36,379.9,381.79,381.47,381.59,380.93,372.1
2818,384.88,377.4,380.21,380.36,379.91,381.78,381.46,381.62,380.93,372.11
2819,384.89,377.44,380.19,380.39,379.94,381.78,381.45,381.59,380.93,372.12
2820,384.88,377.5,380.19,380.42,379.92,381.77,381.36,381.61,380.9,372.1
2821,384.88,377.58,380.2,380.45,379.93,381.77,381.3,381.69,380.9,372.11
2822,384.87,377.63,380.18,380.46,379.92,381.79,381.29,381.75,380.89,372.13
2823,384.88,377.63,380.14,380.46,379.9,381.78,381.31,381.72,380.89,372.17
2824,384.88,377.58,380.12,380.46,379.89,381.78,381.29,381.66,380.93,372.22
2825,384.89,377.55,380.06,380.46,379.87,381.79,381.31,381.57,381.07,372.31
2826,384.88,377.57,380.04,380.45,379.86,381.79,381.34,381.52,381.23,372.39
2827,384.87,377.62,380.03,380.44,379.86,381.79,381.38,381.55,381.31,372.43
2828,384.87,377.64,380.0,380.42,379.85,381.8,381.43,381.62,381.33,372.45
2829,384.88,377.65,379.97,380.37,379.86,381.81,381.47,381.67,381.34,372.47
2830,384.88,377.65,379.97,380.34,379.87,381.84,381.44,381.69,381.36,372.47
2831,384.89,377.6,380.0,380.31,379.89,381.88,381.37,381.75,381.37,372.49
2832,384.9,377.58,380.04,380.3,379.89,381.88,381.36,381.8,381.38,372.5
2833,384.9,377.56,380.08,380.3,379.9,381.91,381.44,381.93,381.35,372.51
2834,384.92,377.57,380.16,380.31,379.95,381.92,381.54,382.07,381.3,372.51
2835,384.94,377.57,380.24,380.31,379.99,381.92,381.59,382.16,381.31,372.51
2836,384.95,377.55,380.28,380.33,380.01,381.9,381.56,382.19,381.34,372.5
2837,384.96,377.54,380.3,380.37,380.03,381.91,381.6,382.21,381.3,372.52
2838,384.96,377.57,380.3,380.39,380.05,381.9,381.65,382.25,381.28,372.55
2839,384.98,377.63,380.31,380.4,380.05,381.9,381.68,382.31,381.33,372.62
2840,384.99,377.65,380.35,380.42,380.07,381.88,381.7,382.42,381.41,372.65
2841,385.01,377.66,380.36,380.44,380.05,381.86,381.65,382.58,381.4,372.67
2842,385.0,377.68,380.38,380.46,380.04,381.83,381.61,382.66,381.35,372.71
2843,385.01,377.71,380.41,380.5,380.03,381.82,381.58,382.61,381.3,372.77
2844,385.02,377.69,380.45,380.55,380.01,381.81,381.64,382.53,381.35,372.83
2845,385.01,377.65,380.47,380.59,380.03,381.82,381.72,382.48,381.45,372.84
2846,385.02,377.54,380.48,380.62,380.03,381.84,381.78,382.5,381.55,372.86
2847,385.02,377.41,380.48,380.65,380.04,381.87,381.85,382.55,381.65,372.87
2848,385.02,377.31,380.49,380.65,380.06,381.92,381.9,382.62,381.78,372.87
2849,385.03,377.26,380.5,380.61,380.08,381.99,381.96,382.71,381.91,372.85
2850,385.04,377.26,380.52,380.56,380.11,382.05,382.04,382.78,382.0,372.86
2851,385.04,377.29,380.54,380.52,380.15,382.13,382.11,382.79,382.05,372.86
2852,385.06,377.34,380.53,380.51,380.2,382.19,382.24,382.76,382.15,372.87
2853,385.05,377.39,380.48,380.53,380.26,382.23,382.38,382.77,382.22,372.85
2854,385.07,377.44,380.45,380.56,380.29,382.27,382.44,382.84,382.21,372.83
2855,385.09,377.48,380.42,380.57,380.32,382.31,382.46,382.83,382.2,372.79
2856,385.09,377.53,380.39,380.55,380.36,382.34,382.47,382.75,382.15,372.74
2857,385.11,377.57,380.36,380.53,380.37,382.37,382.44,382.68,382.13,372.72
2858,385.12,377.57,380.35,380.52,380.36,382.41,382.42,382.62,382.05,372.68
2859,385.14,377.56,380.35,380.53,380.36,382.43,382.41,382.58,382.02,372.66
2860,385.16,377.52,380.34,380.55,380.34,382.46,382.35,382.62,382.05,372.63
2861,385.18,377.41,380.27,380.55,380.31,382.47,382.19,382.74,381.98,372.58
2862,385.2,377.3,380.21,380.57,380.25,382.46,382.19,382.89,381.92,372.52
2863,385.2,377.26,380.21,380.56,380.24,382.45,382.11,382.98,381.86,372.47
2864,385.21,377.26,380.23,380.56,380.22,382.42,382.05,383.02,381.76,372.45
2865,385.21,377.29,380.25,380.53,380.21,382.39,382.06,383.05,381.61,372.43
2866,385.21,377.34,380.29,380.52,380.19,382.37,382.08,383.05,381.51,372.43
2867,385.21,377.4,380.32,380.52,380.17,382.36,382.03,383.05,381.47,372.45
2868,385.21,377.46,380.35,380.51,380.14,382.33,381.99,383.04,381.42,372.5
2869,385.2,377.5,380.38,380.51,380.12,382.31,381.99,383.01,381.36,372.54
2870,385.21,377.55,380.39,380.5,380.09,382.31,382.07,382.93,381.36,372.6
2871,385.21,377.58,380.4,380.5,380.08,382.29,382.22,382.8,381.43,372.63
2872,385.23,377.58,380.39,380.51,380.07,382.28,382.32,382.82,381.5,372.64
2873,385.23,377.56,380.41,380.54,380.08,382.24,382.29,382.92,381.54,372.64
2874,385.25,377.53,380.42,380.53,380.08,382.21,382.18,382.94,381.54,372.64
2875,385.24,377.49,380.44,380.52,380.1,382.16,382.07,382.91,381.56,372.62
2876,385.25,377.45,380.44,380.5,380.12,382.13,382.05,382.85,381.57,372.59
2877,385.25,377.36,380.46,380.47,380.14,382.1,382.08,382.77,381.61,372.56
2878,385.26,377.26,380.48,380.45,380.15,382.1,382.15,382.7,381.65,372.56
2879,385.26,377.26,380.49,380.46,380.2,382.1,382.13,382.66,381.62,372.6
2880,385.27,377.3,380.5,380.48,380.24,382.12,382.17,382.6,381.54,372.62
2881,385.27,377.34,380.51,380.52,380.27,382.13,382.18,382.59,381.48,372.6
2882,385.28,377.33,380.52,380.56,380.3,382.16,382.19,382.58,381.43,372.59
2883,385.27,377.33,380.51,380.62,380.33,382.19,382.17,382.54,381.32,372.58
2884,385.26,377.36,380.49,380.7,380.35,382.22,382.12,382.58,381.21,372.57
2885,385.27,377.42,380.47,380.74,380.37,382.24,382.16,382.66,381.1,372.55
2886,385.27,377.49,380.47,380.77,380.4,382.26,382.19,382.65,381.06,372.53
2887,385.29,377.55,380.45,380.79,380.42,382.26,382.23,382.59,381.05,372.49
2888,385.29,377.54,380.4,380.8,380.46,382.27,382.04,382.57,381.08,372.48
2889,385.29,377.5,380.38,380.79,380.49,382.28,381.7,382.55,381.17,372.48
2890,385.29,377.52,380.38,380.78,380.51,382.29,381.69,382.54,381.26,372.53
2891,385.27,377.57,380.38,380.75,380.51,382.3,381.77,382.6,381.36,372.58
2892,385.26,377.59,380.4,380.73,380.5,382.31,381.73,382.64,381.44,372.62
2893,385.25,377.63,380.41,380.76,380.51,382.31,381.78,382.68,381.48,372.65
2894,385.24,377.68,380.43,380.8,380.52,382.32,381.86,382.7,381.52,372.66
2895,385.23,377.72,380.45,380.83,380.52,382.32,381.92,382.71,381.57,372.65
2896,385.22,377.75,380.46,380.89,380.54,382.33,381.98,382.73,381.63,372.65
2897,385.21,377.78,380.45,380.95,380.56,382.34,381.86,382.72,381.78,372.7
2898,385.21,377.84,380.45,380.98,380.57,382.36,381.6,382.73,381.96,372.75
2899,385.21,377.89,380.46,381.02,380.58,382.4,381.54,382.72,382.11,372.76
2900,385.21,377.92,380.47,381.05,380.58,382.43,381.52,382.7,382.18,372.74
2901,385.21,377.95,380.51,381.08,380.57,382.46,381.57,382.68,382.2,372.76
2902,385.21,378.01,380.54,381.08,380.57,382.47,381.62,382.64,382.17,372.8
2903,385.21,378.06,380.57,381.08,380.58,382.5,381.68,382.66,382.06,372.83
2904,385.2,378.08,380.58,381.09,380.57,382.5,381.7,382.74,381.96,372.81
2905,385.2,378.05,380.61,381.11,380.59,382.5,381.73,382.84,381.92,372.8
2906,385.21,378.06,380.62,381.13,380.62,382.49,381.85,382.91,381.83,372.76
2907,385.21,378.1,380.56,381.13,380.63,382.47,381.97,382.89,381.77,372.72
2908,385.21,378.19,380.55,381.13,380.66,382.46,382.04,382.76,381.77,372.72
2909,385.23,378.26,380.57,381.14,380.69,382.44,382.09,382.56,381.74,372.71
2910,385.24,378.22,380.62,381.14,380.71,382.41,382.14,382.4,381.73,372.72
2911,385.25,378.15,380.67,381.12,380.72,382.39,382.08,382.39,381.68,372.73
2912,385.26,378.1,380.72,381.1,380.75,382.39,381.96,382.41,381.62,372.72
2913,385.28,378.08,380.77,381.09,380.76,382.38,381.93,382.48,381.58,372.71
2914,385.29,378.08,380.82,381.07,380.75,382.36,381.93,382.5,381.58,372.71
2915,385.31,378.08,380.86,381.06,380.75,382.35,381.95,382.46,381.58,372.7
2916,385.32,378.04,380.89,381.06,380.75,382.34,381.92,382.34,381.59,372.68
2917,385.34,378.03,380.9,381.08,380.74,382.33,381.83,382.28,381.57,372.69
2918,385.37,378.05,380.91,381.09,380.74,382.33,381.72,382.33,381.49,372.71
2919,385.38,378.06,380.9,381.1,380.72,382.36,381.79,382.41,381.38,372.76
2920,385.4,378.07,380.9,381.13,380.69,382.38,381.92,382.5,381.31,372.82
2921,385.41,378.1,380.9,381.11,380.66,382.41,382.06,382.63,381.24,372.85
2922,385.42,378.15,380.88,381.07,380.63,382.43,382.21,382.78,381.27,372.89
2923,385.43,378.19,380.85,381.04,380.6,382.46,382.3,382.85,381.34,372.94
2924,385.45,378.19,380.79,380.97,380.55,382.48,382.41,382.93,381.56,373.01
2925,385.47,378.13,380.77,380.88,380.51,382.49,382.5,383.0,381.77,373.07
2926,385.47,378.1,380.78,380.83,380.49,382.51,382.52,382.99,381.88,373.07
2927,385.47,378.08,380.8,380.81,380.46,382.53,382.56,382.96,381.94,373.05
2928,385.48,378.09,380.82,380.79,380.42,382.57,382.58,383.05,382.01,373.04
2929,385.5,378.11,380.85,380.76,380.4,382.62,382.55,383.21,382.04,373.03
2930,385.51,378.14,380.89,380.74,380.41,382.63,382.55,383.29,382.08,373.02
2931,385.51,378.16,380.91,380.74,380.41,382.66,382.53,383.36,382.06,373.0
2932,385.51,378.18,380.92,380.73,380.43,382.68,382.47,383.28,382.06,372.97
2933,385.52,378.2,380.95,380.73,380.48,382.7,382.43,383.21,382.07,372.92
2934,385.5,378.18,380.97,380.77,380.56,382.71,382.37,383.19,382.06,372.86
2935,385.51,378.2,380.98,380.81,380.6,382.73,382.36,383.21,382.03,372.84
2936,385.5,378.23,381.0,380.87,380.67,382.74,382.38,383.27,381.99,372.85
2937,385.51,378.26,381.02,380.91,380.73,382.75,382.41,383.31,381.96,372.87
2938,385.51,378.28,381.02,380.99,380.76,382.76,382.48,383.23,381.94,372.89
2939,385.52,378.31,380.94,381.05,380.81,382.79,382.54,383.21,381.93,372.88
2940,385.54,378.36,380.87,381.12,380.85,382.83,382.63,383.29,381.93,372.86
2941,385.55,378.38,380.78,381.16,380.91,382.86,382.71,383.38,381.93,372.82
2942,385.56,378.3,380.73,381.2,380.97,382.9,382.72,383.42,382.0,372.83
2943,385.57,378.23,380.73,381.22,381.0,382.94,382.71,383.45,382.09,372.84
2944,385.58,378.18,380.74,381.22,381.03,382.97,382.7,383.48,382.15,372.9
2945,385.59,378.13,380.74,381.24,381.05,383.02,382.66,383.46,382.16,372.98
2946,385.58,378.08,380.76,381.24,381.05,383.05,382.37,383.39,382.16,373.04
2947,385.57,378.04,380.76,381.21,381.05,383.08,382.07,383.32,382.13,373.08
2948,385.58,378.0,380.78,381.19,381.05,383.11,382.02,383.21,382.11,373.12
2949,385.58,377.99,380.8,381.17,381.05,383.11,382.08,383.16,382.08,373.13
2950,385.59,377.96,380.83,381.15,381.05,383.11,382.21,383.16,382.07,373.12
2951,385.59,377.94,380.86,381.13,381.02,383.09,382.36,383.2,382.09,373.1
2952,385.6,377.99,380.89,381.1,381.0,383.07,382.44,383.25,382.11,373.03
2953,385.59,378.05,380.89,381.07,380.99,383.05,382.37,383.28,382.15,373.0
2954,385.6,378.07,380.88,381.04,380.97,383.03,382.34,383.33,382.2,372.96
2955,385.62,378.13,380.87,381.04,380.96,383.02,382.4,383.43,382.23,372.94
2956,385.62,378.19,380.88,381.05,380.94,383.0,382.49,383.49,382.2,372.93
2957,385.62,378.25,380.89,381.09,380.93,382.98,382.57,383.52,382.14,372.96
2958,385.63,378.29,380.93,381.11,380.94,382.95,382.63,383.5,382.05,372.98
2959,385.64,378.32,380.97,381.15,380.95,382.93,382.69,383.48,381.98,372.98
2960,385.66,378.32,380.99,381.17,380.98,382.91,382.73,383.48,381.9,372.99
2961,385.67,378.3,380.98,381.21,381.02,382.9,382.8,383.48,381.91,372.98
2962,385.67,378.26,380.96,381.25,381.02,382.89,382.84,383.52,381.96,372.95
2963,385.67,378.25,380.98,381.3,381.05,382.9,382.89,383.58,382.03,372.96
2964,385.69,378.28,381.01,381.34,381.07,382.91,382.92,383.66,382.1,372.99
2965,385.69,378.27,381.03,381.35,381.09,382.91,382.95,383.73,382.14,373.04
2966,385.7,378.27,381.08,381.35,381.13,382.92,382.94,383.74,382.18,373.09
2967,385.7,378.25,381.11,381.35,381.14,382.94,382.91,383.7,382.21,373.14
2968,385.69,378.24,381.15,381.34,381.15,382.99,382.93,383.63,382.21,373.16
2969,385.69,378.29,381.19,381.32,381.16,383.02,382.98,383.56,382.19,373.22
2970,385.7,378.37,381.24,381.3,381.16,383.01,383.01,383.55,382.11,373.25
2971,385.69,378.39,381.27,381.29,381.16,382.99,383.01,383.58,382.03,373.23
2972,385.71,378.4,381.31,381.3,381.16,382.96,382.96,383.55,381.98,373.21
2973,385.7,378.43,381.33,381.31,381.16,382.93,382.87,383.44,381.98,373.15
2974,385.69,378.44,381.35,381.32,381.17,382.92,382.76,383.37,382.0,373.1
2975,385.7,378.45,381.36,381.35,381.17,382.93,382.7,383.41,382.04,373.04
2976,385.71,378.46,381.38,381.39,381.18,382.95,382.67,383.49,382.09,373.02
2977,385.72,378.42,381.39,381.44,381.2,382.98,382.66,383.52,382.16,373.0
2978,385.74,378.38,381.37,381.51,381.2,383.0,382.69,383.53,382.21,373.01
2979,385.76,378.35,381.38,381.56,381.22,383.02,382.74,383.56,382.24,373.04
2980,385.79,378.35,381.38,381.61,381.24,383.05,382.81,383.59,382.28,373.07
2981,385.81,378.32,381.35,381.66,381.26,383.08,382.9,383.58,382.28,373.11
2982,385.83,378.3,381.31,381.69,381.28,383.11,382.98,383.39,382.22,373.12
2983,385.83,378.25,381.29,381.72,381.28,383.13,383.02,383.37,382.17,373.15
2984,385.87,378.23,381.26,381.76,381.31,383.15,383.0,383.37,382.16,373.16
2985,385.88,378.26,381.23,381.78,381.34,383.17,382.93,383.46,382.22,373.18
2986,385.91,378.3,381.22,381.78,381.39,383.18,382.92,383.47,382.33,373.22
2987,385.93,378.35,381.21,381.76,381.43,383.2,382.9,383.48,382.55,373.3
2988,385.96,378.37,381.21,381.71,381.44,383.24,382.89,383.52,382.8,373.37
2989,385.98,378.36,381.21,381.66,381.43,383.27,382.89,383.54,382.95,373.4
2990,385.99,378.35,381.2,381.61,381.42,383.3,382.86,383.55,383.11,373.43
2991,385.99,378.35,381.19,381.55,381.4,383.31,382.91,383.6,383.26,373.4
2992,386.01,378.38,381.18,381.54,381.4,383.32,382.93,383.63,383.36,373.38
2993,386.01,378.43,381.18,381.53,381.4,383.31,382.91,383.63,383.44,373.37
2994,386.01,378.5,381.17,381.52,381.4,383.29,382.92,383.63,383.5,373.36
2995,386.01,378.52,381.17,381.53,381.37,383.25,382.91,383.64,383.54,373.34
2996,386.01,378.57,381.2,381.57,381.36,383.22,382.94,383.66,383.45,373.34
2997,386.01,378.56,381.2,381.59,381.35,383.19,382.98,383.68,383.31,373.33
2998,386.02,378.52,381.21,381.57,381.35,383.14,383.0,383.71,383.19,373.34
2999,386.02,378.46,381.2,381.57,381.34,383.09,383.0,383.76,383.13,373.37
3000,386.04,378.42,381.22,381.57,381.34,383.06,383.0,383.8,383.13,373.41
3001,386.06,378.4,381.23,381.58,381.31,383.04,383.0,383.83,383.16,373.45
3002,386.06,378.4,381.23,381.59,381.28,383.01,383.01,383.84,383.21,373.45
3003,386.07,378.4,381.23,381.58,381.26,383.01,383.03,383.77,383.25,373.41
3004,386.08,378.41,381.24,381.57,381.22,383.02,383.03,383.71,383.27,373.36
3005,386.09,378.38,381.22,381.53,381.16,383.04,383.05,383.57,383.31,373.35
3006,386.11,378.34,381.19,381.5,381.11,383.04,383.1,383.37,383.3,373.37
3007,386.12,378.35,381.18,381.49,381.09,383.05,383.15,383.21,383.27,373.43
3008,386.13,378.35,381.17,381.48,381.06,383.06,383.02,383.26,383.23,373.47
3009,386.14,378.39,381.17,381.5,381.04,383.07,382.88,383.31,383.19,373.55
3010,386.15,378.45,381.18,381.53,381.04,383.09,382.55,383.33,383.2,373.62
3011,386.15,378.49,381.22,381.54,381.04,383.1,382.28,383.37,383.22,373.7
3012,386.15,378.53,381.24,381.57,381.05,383.12,382.23,383.36,383.29,373.78
3013,386.16,378.54,381.29,381.59,381.06,383.13,382.34,383.31,383.35,373.84
3014,386.17,378.61,381.39,381.61,381.11,383.15,382.5,383.25,383.38,373.89
3015,386.19,378.63,381.44,381.63,381.16,383.15,382.53,383.16,383.38,373.91
3016,386.19,378.63,381.46,381.64,381.2,383.15,382.52,383.09,383.31,373.89
3017,386.2,378.59,381.45,381.66,381.22,383.16,382.46,383.12,383.19,373.85
3018,386.22,378.57,381.48,381.68,381.25,383.15,382.49,383.17,383.09,373.82
3019,386.24,378.52,381.49,381.7,381.27,383.14,382.53,383.27,383.01,373.76
3020,386.24,378.48,381.49,381.73,381.3,383.14,382.53,383.45,382.91,373.73
3021,386.25,378.44,381.49,381.75,381.33,383.13,382.53,383.54,382.82,373.67
3022,386.26,378.41,381.51,381.76,381.36,383.15,382.58,383.62,382.74,373.62
3023,386.27,378.42,381.51,381.74,381.41,383.16,382.71,383.7,382.63,373.54
3024,386.28,378.5,381.51,381.72,381.44,383.18,382.84,383.78,382.47,373.48
3025,386.3,378.6,381.53,381.68,381.44,383.21,382.94,383.87,382.39,373.5
3026,386.31,378.69,381.56,381.67,381.44,383.22,383.03,383.96,382.38,373.5
3027,386.31,378.74,381.55,381.69,381.43,383.26,383.1,384.02,382.41,373.49
3028,386.32,378.76,381.56,381.71,381.41,383.27,383.16,384.05,382.44,373.49
3029,386.31,378.74,381.58,381.72,381.42,383.28,383.22,384.1,382.47,373.5
3030,386.31,378.69,381.59,381.73,381.41,383.28,383.3,384.16,382.49,373.47
3031,386.31,378.66,381.62,381.73,381.42,383.27,383.4,384.24,382.46,373.44
3032,386.31,378.62,381.64,381.74,381.43,383.27,383.46,384.36,382.39,373.44
3033,386.32,378.62,381.66,381.75,381.43,383.26,383.44,384.36,382.35,373.49
3034,386.31,378.61,381.66,381.76,381.44,383.24,383.37,384.34,382.36,373.51
3035,386.32,378.61,381.66,381.76,381.43,383.22,383.31,384.35,382.39,373.52
3036,386.32,378.62,381.67,381.76,381.41,383.18,383.25,384.36,382.44,373.51
3037,386.31,378.62,381.68,381.77,381.38,383.15,383.2,384.21,382.46,373.48
3038,386.31,378.61,381.69,381.76,381.36,383.12,383.13,384.09,382.43,373.44
3039,386.31,378.62,381.69,381.74,381.33,383.11,383.02,384.02,382.38,373.42
3040,386.31,378.66,381.68,381.74,381.29,383.11,383.08,384.07,382.3,373.43
3041,386.31,378.6,381.68,381.73,381.25,383.11,383.18,384.14,382.22,373.46
3042,386.31,378.55,381.67,381.73,381.24,383.12,383.19,384.14,382.23,373.49
3043,386.31,378.52,381.67,381.73,381.24,383.11,383.25,384.12,382.25,373.54
3044,386.32,378.54,381.69,381.74,381.24,383.12,383.32,384.07,382.26,373.59
3045,386.31,378.57,381.71,381.77,381.25,383.13,383.37,383.96,382.23,373.65
3046,386.31,378.56,381.71,381.82,381.27,383.13,383.3,383.88,382.18,373.67
3047,386.32,378.55,381.72,381.87,381.31,383.13,383.08,383.89,382.13,373.69
3048,386.31,378.56,381.7,381.93,381.33,383.14,382.91,383.93,382.08,373.69
3049,386.32,378.64,381.67,381.95,381.38,383.16,382.94,383.92,382.08,373.66
3050,386.33,378.67,381.66,381.97,381.45,383.18,383.04,383.89,382.11,373.63
3051,386.34,378.65,381.64,382.0,381.48,383.21,383.12,383.83,382.11,373.61
3052,386.35,378.65,381.62,382.02,381.5,383.23,383.17,383.75,382.11,373.6
3053,386.35,378.65,381.61,382.02,381.53,383.25,383.14,383.68,382.12,373.58
3054,386.36,378.67,381.6,382.02,381.54,383.28,383.11,383.74,382.18,373.57
3055,386.37,378.71,381.61,382.02,381.53,383.3,383.17,383.82,382.26,373.58
3056,386.38,378.75,381.61,382.01,381.53,383.32,383.23,383.86,382.36,373.64
3057,386.39,378.79,381.61,382.02,381.53,383.35,383.27,383.86,382.43,373.67
3058,386.4,378.84,381.6,382.03,381.53,383.36,383.3,383.84,382.46,373.69
3059,386.41,378.9,381.63,382.05,381.57,383.38,383.38,383.86,382.56,373.72
3060,386.42,378.91,381.66,382.08,381.62,383.41,383.47,383.91,382.61,373.73
3061,386.42,378.87,381.67,382.11,381.64,383.41,383.51,383.96,382.57,373.71
3062,386.41,378.82,381.67,382.14,381.66,383.42,383.52,384.01,382.52,373.73
3063,386.41,378.79,381.69,382.16,381.68,383.43,383.56,384.11,382.47,373.74
3064,386.41,378.8,381.71,382.18,381.71,383.45,383.58,384.25,382.45,373.73
3065,386.41,378.83,381.75,382.21,381.74,383.46,383.46,384.14,382.43,373.72
3066,386.42,378.83,381.79,382.22,381.76,383.47,383.41,383.91,382.42,373.73
3067,386.43,378.82,381.81,382.21,381.8,383.48,383.45,383.9,382.38,373.75
3068,386.42,378.83,381.83,382.23,381.81,383.51,383.38,383.85,382.2,373.84
3069,386.44,378.86,381.86,382.23,381.83,383.55,383.35,383.8,382.13,373.95
3070,386.44,378.88,381.89,382.23,381.84,383.58,383.35,383.73,382.19,374.02
3071,386.44,378.89,381.9,382.2,381.86,383.64,383.37,383.55,382.25,374.07
3072,386.46,378.91,381.92,382.18,381.9,383.69,383.33,383.4,382.28,374.09
3073,386.46,378.94,381.94,382.2,381.94,383.76,383.2,383.28,382.24,374.08
3074,386.47,379.0,381.95,382.25,381.98,383.82,383.11,383.16,382.24,374.07
3075,386.47,379.06,381.98,382.27,382.02,383.86,383.0,383.22,382.24,374.03
3076,386.47,379.14,381.99,382.28,382.06,383.9,382.86,383.35,382.28,373.93
3077,386.48,379.19,382.0,382.29,382.11,383.91,382.83,383.42,382.24,373.81
3078,386.48,379.19,381.94,382.3,382.17,383.92,383.02,383.51,382.22,373.73
3079,386.48,379.26,381.87,382.3,382.19,383.9,383.15,383.57,382.22,373.67
3080,386.48,379.36,381.83,382.3,382.18,383.87,383.22,383.68,382.27,373.63
3081,386.48,379.46,381.78,382.3,382.17,383.81,383.28,383.81,382.35,373.62
3082,386.49,379.51,381.74,382.3,382.13,383.75,383.34,383.95,382.44,373.63
3083,386.49,379.44,381.69,382.31,382.08,383.69,383.41,384.04,382.56,373.67
3084,386.49,379.4,381.65,382.3,382.01,383.65,383.43,384.05,382.65,373.71
3085,386.49,379.4,381.64,382.28,381.94,383.62,383.31,384.09,382.71,373.74
3086,386.5,379.29,381.66,382.26,381.85,383.61,383.13,384.13,382.82,373.8
3087,386.52,379.1,381.7,382.21,381.8,383.61,383.07,384.18,382.91,373.81
3088,386.5,379.04,381.73,382.18,381.78,383.62,383.1,384.18,382.98,373.81
3089,386.5,379.02,381.74,382.13,381.78,383.64,383.06,384.11,383.05,373.79
3090,386.5,379.03,381.75,382.09,381.77,383.66,383.08,384.06,383.14,373.78
3091,386.5,379.08,381.77,382.06,381.78,383.67,383.18,384.07,383.22,373.74
3092,386.51,379.13,381.79,382.06,381.78,383.69,383.21,384.14,383.3,373.68
3093,386.52,379.17,381.82,382.06,381.78,383.69,383.23,384.21,383.36,373.6
3094,386.52,379.21,381.85,382.07,381.77,383.71,383.26,384.28,383.43,373.57
3095,386.53,379.31,381.92,382.06,381.77,383.71,383.34,384.34,383.54,373.57
3096,386.53,379.41,381.98,382.08,381.75,383.71,383.34,384.39,383.62,373.58
3097,386.53,379.46,382.02,382.1,381.75,383.73,383.33,384.43,383.59,373.56
3098,386.54,379.48,382.05,382.12,381.76,383.73,383.38,384.42,383.52,373.54
3099,386.55,379.49,382.09,382.14,381.78,383.75,383.45,384.37,383.46,373.53
3100,386.54,379.49,382.14,382.16,381.8,383.76,383.53,384.35,383.43,373.52
3101,386.55,379.5,382.19,382.14,381.82,383.77,383.6,384.32,383.4,373.53
3102,386.56,379.53,382.22,382.13,381.83,383.78,383.69,384.35,383.38,373.53
3103,386.56,379.58,382.25,382.12,381.85,383.8,383.74,384.43,383.36,373.55
3104,386.56,379.57,382.27,382.12,381.88,383.81,383.78,384.45,383.26,373.55
3105,386.57,379.54,382.27,382.12,381.9,383.81,383.84,384.43,383.1,373.56
3106,386.57,379.51,382.28,382.14,381.92,383.83,383.86,384.38,382.96,373.62
3107,386.57,379.46,382.29,382.15,381.93,383.81,383.81,384.49,382.83,373.67
3108,386.57,379.4,382.32,382.17,381.92,383.79,383.68,384.26,382.78,373.72
3109,386.59,379.35,382.35,382.16,381.94,383.79,383.63,384.02,382.78,373.78
3110,386.6,379.31,382.37,382.14,381.94,383.79,383.57,383.95,382.78,373.78
3111,386.6,379.28,382.38,382.14,381.96,383.75,383.5,383.93,382.84,373.78
3112,386.62,379.26,382.39,382.17,381.99,383.72,383.43,383.95,382.91,373.76
3113,386.63,379.28,382.35,382.22,381.99,383.69,383.41,384.05,383.02,373.78
3114,386.64,379.32,382.29,382.28,381.93,383.69,383.41,384.12,383.06,373.74
3115,386.67,379.33,382.24,382.34,381.91,383.7,383.42,384.16,383.06,373.73
3116,386.68,379.32,382.21,382.39,381.87,383.72,383.43,384.21,383.07,373.74
3117,386.69,379.29,382.19,382.43,381.86,383.72,383.46,384.24,383.11,373.75
3118,386.68,379.26,382.17,382.46,381.86,383.71,383.5,384.23,383.17,373.77
3119,386.7,379.26,382.16,382.47,381.9,383.7,383.54,384.17,383.21,373.83
3120,386.7,379.29,382.15,382.49,381.93,383.69,383.43,384.06,383.26,373.9
3121,386.69,379.32,382.12,382.5,381.97,383.7,383.28,383.97,383.33,374.01
3122,386.7,379.26,382.1,382.49,382.02,383.73,383.36,383.98,383.4,374.1
3123,386.71,379.2,382.1,382.48,382.04,383.78,383.41,384.03,383.48,374.14
3124,386.71,379.19,382.12,382.47,382.06,383.82,383.49,384.12,383.55,374.17
3125,386.71,379.19,382.14,382.46,382.08,383.86,383.53,384.18,383.61,374.18
3126,386.72,379.19,382.15,382.47,382.1,383.86,383.5,384.2,383.68,374.19
3127,386.72,379.22,382.17,382.48,382.11,383.89,383.46,384.22,383.76,374.2
3128,386.72,379.27,382.15,382.52,382.13,383.91,383.47,384.27,383.81,374.16
3129,386.72,379.3,382.13,382.57,382.14,383.95,383.52,384.4,383.86,374.15
3130,386.74,379.32,382.12,382.61,382.16,384.0,383.57,384.54,383.92,374.11
3131,386.76,379.35,382.16,382.65,382.2,384.04,383.6,384.63,384.02,374.11
3132,386.77,379.34,382.19,382.7,382.23,384.09,383.7,384.72,384.17,374.14
3133,386.78,379.36,382.21,382.73,382.25,384.11,383.8,384.75,384.3,374.19
3134,386.78,379.4,382.23,382.74,382.27,384.15,383.88,384.73,384.46,374.23
3135,386.78,379.45,382.23,382.73,382.27,384.19,383.93,384.7,384.67,374.28
3136,386.8,379.51,382.25,382.71,382.28,384.22,383.99,384.68,384.84,374.34
3137,386.81,379.59,382.28,382.7,382.27,384.25,384.04,384.71,384.92,374.4
3138,386.81,379.64,382.32,382.67,382.26,384.27,384.09,384.68,385.03,374.44
3139,386.81,379.65,382.39,382.66,382.25,384.29,384.12,384.65,385.14,374.47
3140,386.81,379.67,382.44,382.66,382.25,384.29,384.12,384.71,385.02,374.51
3141,386.82,379.69,382.46,382.66,382.25,384.3,384.14,384.69,384.92,374.53
3142,386.82,379.7,382.48,382.67,382.25,384.31,384.22,384.68,384.81,374.55
3143,386.82,379.7,382.47,382.66,382.25,384.29,384.22,384.71,384.69,374.58
3144,386.83,379.7,382.47,382.67,382.26,384.27,384.1,384.73,384.55,374.63
3145,386.84,379.68,382.49,382.69,382.27,384.25,384.04,384.82,384.39,374.67
3146,386.84,379.65,382.47,382.72,382.26,384.23,384.01,384.87,384.17,374.7
3147,386.84,379.62,382.46,382.73,382.26,384.21,384.03,384.92,384.0,374.69
3148,386.86,379.59,382.41,382.73,382.23,384.15,384.03,384.94,383.89,374.61
3149,386.88,379.58,382.39,382.71,382.2,384.09,384.08,384.93,383.76,374.56
3150,386.89,379.59,382.38,382.7,382.18,384.06,384.14,384.96,383.66,374.57
3151,386.9,379.59,382.38,382.71,382.19,384.04,384.17,384.97,383.59,374.6
3152,386.92,379.57,382.37,382.72,382.18,384.03,384.2,384.92,383.57,374.68
3153,386.94,379.58,382.38,382.75,382.19,384.04,384.24,384.88,383.63,374.76
3154,386.95,379.58,382.38,382.76,382.18,384.05,384.2,384.83,383.7,374.83
3155,386.95,379.6,382.39,382.79,382.18,384.08,384.17,384.66,383.73,374.87
3156,386.96,379.61,382.4,382.81,382.19,384.1,384.12,384.47,383.71,374.91
3157,386.98,379.62,382.42,382.79,382.2,384.12,384.11,384.4,383.77,374.98
3158,386.99,379.6,382.44,382.77,382.22,384.13,384.07,384.51,383.8,375.06
3159,387.0,379.6,382.5,382.77,382.24,384.13,383.92,384.66,383.76,375.13
3160,387.01,379.65,382.53,382.78,382.24,384.13,383.82,384.82,383.75,375.16
3161,387.02,379.65,382.55,382.78,382.27,384.13,383.81,384.87,383.7,375.17
3162,387.02,379.59,382.54,382.82,382.27,384.16,383.8,384.9,383.69,375.14
3163,387.03,379.55,382.51,382.87,382.28,384.21,383.8,384.88,383.68,375.11
3164,387.04,379.56,382.48,382.9,382.29,384.26,383.82,384.83,383.66,375.08
3165,387.05,379.58,382.46,382.93,382.31,384.32,383.88,384.78,383.65,375.09
3166,387.04,379.57,382.45,382.96,382.34,384.35,383.94,384.73,383.62,375.09
3167,387.04,379.55,382.45,382.98,382.39,384.4,383.93,384.66,383.61,375.1
3168,387.04,379.58,382.47,383.0,382.43,384.42,384.01,384.65,383.64,375.14
3169,387.05,379.63,382.49,383.02,382.46,384.44,384.09,384.63,383.68,375.19
3170,387.05,379.67,382.48,383.02,382.5,384.46,384.08,384.62,383.8,375.25
3171,387.04,379.68,382.46,383.03,382.52,384.47,384.09,384.58,383.93,375.31
3172,387.04,379.66,382.45,383.03,382.53,384.47,384.13,384.59,384.09,375.36
3173,387.05,379.67,382.47,383.05,382.55,384.47,384.16,384.7,384.24,375.43
3174,387.04,379.73,382.48,383.05,382.55,384.46,384.15,384.82,384.3,375.45
3175,387.04,379.74,382.5,383.06,382.54,384.45,384.09,384.89,384.29,375.47
3176,387.04,379.7,382.52,383.06,382.56,384.44,384.07,384.98,384.16,375.42
3177,387.03,379.65,382.54,383.06,382.54,384.42,384.16,385.07,383.95,375.34
3178,387.04,379.64,382.56,383.06,382.52,384.39,384.24,385.16,383.84,375.31
3179,387.05,379.64,382.6,383.05,382.52,384.38,384.29,385.23,383.81,375.28
3180,387.04,379.6,382.64,383.04,382.52,384.36,384.31,385.28,383.79,375.23
3181,387.05,379.54,382.66,383.05,382.52,384.35,384.21,385.29,383.75,375.2
3182,387.05,379.55,382.68,383.05,382.52,384.36,384.06,385.29,383.69,375.17
3183,387.04,379.6,382.7,383.06,382.52,384.37,384.07,385.26,383.64,375.14
3184,387.05,379.66,382.72,383.08,382.52,384.38,384.17,385.14,383.67,375.07
3185,387.05,379.72,382.74,383.12,382.53,384.4,384.25,385.11,383.69,375.03
3186,387.07,379.72,382.73,383.16,382.52,384.41,384.14,385.11,383.66,375.02
3187,387.07,379.7,382.71,383.18,382.53,384.41,383.87,385.09,383.61,375.04
3188,387.07,379.69,382.7,383.21,382.53,384.41,383.7,385.08,383.57,375.06
3189,387.08,379.69,382.69,383.23,382.55,384.42,383.68,385.07,383.56,375.1
3190,387.09,379.69,382.69,383.27,382.57,384.39,383.74,385.09,383.57,375.14
3191,387.1,379.7,382.71,383.32,382.6,384.36,383.81,385.11,383.57,375.16
3192,387.1,379.7,382.73,383.34,382.62,384.34,383.83,385.12,383.53,375.17
3193,387.12,379.69,382.74,383.34,382.64,384.35,383.86,385.16,383.53,375.19
3194,387.12,379.68,382.76,383.35,382.65,384.34,383.94,385.17,383.61,375.23
3195,387.14,379.62,382.74,383.34,382.68,384.35,383.89,385.09,383.65,375.26
3196,387.15,379.6,382.72,383.34,382.7,384.35,383.84,385.0,383.69,375.27
3197,387.17,379.6,382.7,383.33,382.67,384.37,383.81,384.93,383.73,375.27
3198,387.18,379.61,382.68,383.33,382.67,384.39,383.78,384.86,383.71,375.28
3199,387.22,379.64,382.67,383.31,382.67,384.39,383.79,384.83,383.68,375.28
3200,387.23,379.64,382.65,383.28,382.68,384.4,383.82,384.84,383.66,375.28
3201,387.25,379.62,382.67,383.26,382.69,384.43,383.87,384.82,383.74,375.26
3202,387.27,379.68,382.67,383.23,382.7,384.45,383.93,384.66,383.79,375.22
3203,387.29,379.78,382.62,383.23,382.73,384.46,384.02,384.61,383.9,375.19
3204,387.31,379.92,382.59,383.23,382.76,384.5,384.03,384.6,384.02,375.18
3205,387.32,379.98,382.59,383.23,382.8,384.53,384.01,384.63,384.11,375.18
3206,387.33,379.97,382.62,383.24,382.83,384.57,384.02,384.74,384.18,375.16
3207,387.32,379.96,382.65,383.24,382.86,384.6,384.05,384.83,384.21,375.13
3208,387.34,379.95,382.68,383.23,382.89,384.62,384.09,384.94,384.24,375.12
3209,387.34,379.92,382.71,383.19,382.91,384.65,384.19,385.05,384.22,375.12
3210,387.35,379.9,382.73,383.18,382.94,384.68,384.29,385.07,384.24,375.14
3211,387.36,379.88,382.77,383.13,382.96,384.69,384.29,384.98,384.24,375.2
3212,387.37,379.92,382.81,383.09,382.97,384.68,384.08,384.98,384.17,375.28
3213,387.37,379.95,382.82,383.06,382.96,384.71,384.0,385.06,384.07,375.31
3214,387.37,379.99,382.84,383.03,382.95,384.71,384.02,385.13,383.99,375.33
3215,387.37,380.0,382.85,383.01,382.95,384.71,384.04,385.16,383.89,375.33
3216,387.39,379.95,382.87,382.99,382.93,384.7,384.04,385.16,383.87,375.34
3217,387.39,379.91,382.87,382.99,382.93,384.71,383.98,385.15,383.89,375.34
3218,387.4,379.92,382.89,382.98,382.94,384.71,383.92,385.16,383.94,375.38
3219,387.42,379.96,382.91,382.97,382.94,384.71,383.89,385.22,383.98,375.46
3220,387.42,380.04,382.95,382.99,382.95,384.7,383.96,385.29,384.12,375.52
3221,387.42,380.1,382.95,383.04,382.95,384.69,384.06,385.39,384.22,375.56
3222,387.42,380.15,382.94,383.1,382.96,384.67,384.12,385.47,384.25,375.57
3223,387.42,380.18,382.89,383.15,382.98,384.66,384.21,385.53,384.29,375.55
3224,387.41,380.19,382.82,383.18,382.99,384.66,384.27,385.55,384.33,375.53
3225,387.41,380.19,382.77,383.21,382.99,384.67,384.34,385.53,384.34,375.53
3226,387.4,380.18,382.71,383.2,383.01,384.68,384.4,385.5,384.35,375.52
3227,387.4,380.14,382.65,383.22,382.99,384.71,384.4,385.45,384.39,375.51
3228,387.41,380.1,382.61,383.25,382.98,384.73,384.41,385.4,384.48,375.54
3229,387.41,380.11,382.57,383.28,382.95,384.75,384.45,385.42,384.55,375.57
3230,387.42,380.13,382.54,383.31,382.92,384.76,384.52,385.41,384.72,375.58
3231,387.43,380.13,382.49,383.32,382.88,384.75,384.59,385.31,384.91,375.6
3232,387.44,380.13,382.46,383.33,382.87,384.74,384.65,385.21,385.04,375.64
3233,387.44,380.11,382.46,383.34,382.86,384.71,384.68,385.19,385.12,375.65
3234,387.44,380.12,382.42,383.34,382.84,384.68,384.64,385.24,385.12,375.66
3235,387.44,380.13,382.37,383.33,382.82,384.64,384.64,385.33,385.07,375.67
3236,387.45,380.17,382.32,383.32,382.81,384.61,384.66,385.4,384.95,375.7
3237,387.46,380.22,382.28,383.31,382.78,384.59,384.66,385.43,384.79,375.72
3238,387.45,380.28,382.24,383.3,382.75,384.6,384.48,385.45,384.67,375.74
3239,387.47,380.37,382.25,383.3,382.73,384.63,384.27,385.41,384.63,375.75
3240,387.47,380.4,382.29,383.29,382.72,384.67,384.29,385.26,384.63,375.74
3241,387.47,380.37,382.31,383.3,382.72,384.71,384.35,385.17,384.61,375.7
3242,387.47,380.34,382.34,383.31,382.76,384.75,384.43,385.19,384.61,375.69
3243,387.49,380.35,382.38,383.3,382.78,384.79,384.51,385.27,384.6,375.67
3244,387.49,380.34,382.41,383.27,382.82,384.81,384.57,385.31,384.59,375.62
3245,387.49,380.3,382.46,383.24,382.84,384.82,384.6,385.33,384.62,375.57
3246,387.51,380.27,382.52,383.19,382.85,384.82,384.67,385.29,384.65,375.52
3247,387.52,380.3,382.66,383.14,382.84,384.81,384.76,385.23,384.63,375.47
3248,387.52,380.29,382.8,383.11,382.83,384.79,384.81,385.25,384.45,375.45
3249,387.53,380.31,382.87,383.1,382.83,384.76,384.81,385.33,384.29,375.44
3250,387.52,380.31,382.91,383.09,382.83,384.73,384.79,385.39,384.15,375.42
3251,387.52,380.28,382.93,383.07,382.82,384.69,384.75,385.42,384.09,375.4
3252,387.53,380.28,382.94,383.05,382.83,384.67,384.73,385.43,384.06,375.39
3253,387.53,380.29,382.95,383.01,382.84,384.66,384.74,385.45,384.09,375.39
3254,387.52,380.25,382.96,382.99,382.83,384.64,384.76,385.45,384.16,375.41
3255,387.53,380.28,383.01,382.98,382.82,384.61,384.78,385.48,384.25,375.46
3256,387.53,380.33,383.04,382.99,382.81,384.6,384.8,385.52,384.36,375.5
3257,387.53,380.36,383.09,382.97,382.8,384.57,384.79,385.62,384.45,375.5
3258,387.52,380.37,383.12,382.95,382.78,384.53,384.7,385.67,384.46,375.49
3259,387.52,380.39,383.12,382.95,382.77,384.49,384.58,385.61,384.45,375.52
3260,387.53,380.4,383.15,382.97,382.78,384.48,384.44,385.56,384.45,375.52
3261,387.53,380.42,383.18,383.01,382.79,384.51,384.32,385.59,384.43,375.52
3262,387.54,380.42,383.19,383.07,382.81,384.53,384.25,385.67,384.38,375.53
3263,387.54,380.39,383.19,383.14,382.82,384.55,384.26,385.77,384.29,375.53
3264,387.55,380.31,383.2,383.2,382.85,384.57,384.34,385.85,384.27,375.52
3265,387.55,380.19,383.18,383.22,382.86,384.6,384.4,385.89,384.27,375.49
3266,387.56,380.13,383.15,383.23,382.86,384.62,384.47,385.91,384.26,375.45
3267,387.57,380.14,383.12,383.26,382.86,384.66,384.52,385.94,384.25,375.41
3268,387.57,380.17,383.11,383.3,382.84,384.7,384.56,385.94,384.23,375.36
3269,387.59,380.19,383.1,383.33,382.82,384.74,384.61,385.94,384.22,375.32
3270,387.61,380.2,383.09,383.36,382.79,384.77,384.66,385.89,384.23,375.3
3271,387.62,380.21,383.07,383.36,382.78,384.8,384.71,385.77,384.28,375.27
3272,387.63,380.19,383.07,383.34,382.78,384.82,384.77,385.66,384.35,375.27
3273,387.65,380.13,383.06,383.32,382.77,384.82,384.83,385.63,384.43,375.25
3274,387.67,380.11,383.07,383.28,382.77,384.84,384.92,385.59,384.53,375.23
3275,387.68,380.07,383.08,383.26,382.79,384.85,384.95,385.59,384.59,375.22
3276,387.7,380.07,383.1,383.25,382.8,384.86,384.97,385.62,384.61,375.23
3277,387.69,380.1,383.11,383.27,382.81,384.88,385.01,385.66,384.61,375.24
3278,387.71,380.12,383.11,383.29,382.83,384.9,385.05,385.72,384.62,375.24
3279,387.71,380.15,383.13,383.31,382.86,384.91,385.1,385.76,384.58,375.23
3280,387.7,380.17,383.14,383.34,382.88,384.92,385.08,385.75,384.46,375.18
3281,387.7,380.21,383.14,383.36,382.9,384.94,384.9,385.74,384.38,375.13
3282,387.71,380.25,383.18,383.38,382.93,384.97,384.82,385.74,384.36,375.07
3283,387.71,380.31,383.22,383.4,382.98,384.99,384.82,385.73,384.42,375.03
3284,387.73,380.4,383.25,383.43,383.03,385.01,384.88,385.74,384.55,375.05
3285,387.75,380.47,383.29,383.45,383.07,385.04,384.89,385.78,384.63,375.06
3286,387.76,380.5,383.3,383.48,383.11,385.06,384.93,385.79,384.68,375.06
3287,387.77,380.51,383.33,383.48,383.15,385.05,384.94,385.77,384.76,375.05
3288,387.78,380.51,383.35,383.51,383.18,385.07,384.94,385.72,384.76,375.05
3289,387.79,380.5,383.37,383.54,383.2,385.07,384.95,385.65,384.67,375.04
3290,387.81,380.48,383.38,383.57,383.22,385.06,384.97,385.62,384.52,375.02
3291,387.82,380.45,383.38,383.6,383.24,385.07,384.94,385.58,384.33,375.0
3292,387.85,380.43,383.37,383.64,383.26,385.07,384.89,385.55,384.07,374.99
3293,387.86,380.41,383.36,383.68,383.27,385.08,384.89,385.53,383.92,375.01
3294,387.88,380.41,383.35,383.71,383.3,385.09,384.89,385.54,383.88,375.05
3295,387.89,380.43,383.35,383.73,383.31,385.08,384.9,385.59,383.88,375.1
3296,387.9,380.47,383.36,383.73,383.32,385.08,384.94,385.7,383.92,375.11
3297,387.9,380.52,383.36,383.72,383.33,385.06,384.98,385.84,383.98,375.09
3298,387.9,380.56,383.37,383.72,383.32,385.04,385.02,385.97,384.05,375.06
3299,387.9,380.6,383.37,383.74,383.31,385.03,385.04,386.05,384.12,375.01
3300,387.91,380.62,383.38,383.73,383.31,384.99,385.05,386.09,384.17,374.98
3301,387.91,380.62,383.39,383.73,383.32,384.97,385.05,386.09,384.18,374.92
3302,387.92,380.64,383.42,383.73,383.34,384.96,385.08,386.08,384.14,374.84
3303,387.93,380.66,383.42,383.73,383.35,384.96,385.08,386.1,384.06,374.79
3304,387.94,380.66,383.43,383.74,383.36,384.98,385.08,386.1,383.96,374.75
3305,387.96,380.64,383.47,383.74,383.36,385.01,385.06,386.14,383.89,374.71
3306,387.97,380.59,383.49,383.75,383.35,385.02,385.06,386.19,383.9,374.68
3307,387.97,380.55,383.52,383.75,383.37,385.05,385.04,386.22,383.96,374.68
3308,387.98,380.5,383.52,383.76,383.36,385.07,384.95,386.24,384.06,374.66
3309,387.98,380.45,383.51,383.77,383.37,385.09,384.89,386.27,384.13,374.64
3310,387.98,380.41,383.49,383.78,383.39,385.14,384.93,386.27,384.18,374.62
3311,388.0,380.39,383.44,383.79,383.42,385.17,385.02,386.2,384.2,374.6
3312,388.01,380.42,383.38,383.79,383.45,385.22,385.0,386.09,384.33,374.67
3313,388.01,380.46,383.33,383.79,383.45,385.26,384.96,385.95,384.51,374.72
3314,388.02,380.49,383.3,383.77,383.43,385.31,384.92,385.85,384.68,374.79
3315,388.02,380.56,383.29,383.75,383.41,385.34,384.95,385.85,384.81,374.86
3316,388.02,380.63,383.31,383.72,383.38,385.35,385.02,385.92,384.92,374.95
3317,388.02,380.65,383.33,383.71,383.36,385.37,385.11,386.01,385.03,375.03
3318,388.04,380.61,383.36,383.71,383.37,385.35,385.18,386.11,385.09,375.12
3319,388.04,380.49,383.39,383.7,383.35,385.34,385.25,386.15,385.01,375.2
3320,388.03,380.43,383.42,383.66,383.34,385.33,385.25,386.17,384.82,375.24
3321,388.02,380.41,383.44,383.62,383.32,385.33,385.12,386.16,384.75,375.27
3322,388.02,380.41,383.48,383.6,383.33,385.35,385.05,386.13,384.73,375.28
3323,388.01,380.41,383.53,383.57,383.32,385.37,385.08,386.12,384.74,375.31
3324,388.01,380.45,383.56,383.55,383.33,385.38,385.11,386.13,384.76,375.35
3325,388.01,380.49,383.6,383.54,383.33,385.39,385.12,386.13,384.78,375.41
3326,388.01,380.53,383.63,383.56,383.33,385.41,385.05,386.09,384.8,375.47
3327,388.0,380.53,383.65,383.57,383.31,385.44,385.0,386.08,384.83,375.54
3328,388.01,380.54,383.68,383.57,383.28,385.46,385.04,386.1,384.88,375.65
3329,388.03,380.62,383.72,383.6,383.26,385.48,385.1,386.12,384.99,375.77
3330,388.03,380.64,383.72,383.63,383.22,385.48,385.14,386.12,385.06,375.84
3331,388.04,380.64,383.69,383.66,383.2,385.49,385.14,386.1,385.14,375.87
3332,388.05,380.65,383.68,383.69,383.17,385.48,385.14,386.06,385.21,375.9
3333,388.05,380.67,383.65,383.72,383.16,385.48,385.16,386.05,385.28,375.95
3334,388.05,380.71,383.64,383.75,383.18,385.47,385.2,386.09,385.32,376.0
3335,388.06,380.72,383.63,383.78,383.18,385.47,385.26,386.11,385.3,376.08
3336,388.07,380.69,383.61,383.8,383.2,385.47,385.31,386.09,385.25,376.14
3337,388.07,380.65,383.59,383.81,383.21,385.48,385.35,386.13,385.17,376.18
3338,388.08,380.6,383.58,383.83,383.25,385.49,385.4,386.15,385.06,376.16
3339,388.08,380.6,383.58,383.82,383.29,385.51,385.3,386.03,384.98,376.12
3340,388.07,380.64,383.58,383.84,383.3,385.53,385.25,385.98,384.94,376.11
3341,388.08,380.67,383.6,383.84,383.31,385.54,385.25,385.88,384.87,376.12
3342,388.08,380.67,383.61,383.87,383.32,385.56,385.14,385.71,384.81,376.14
3343,388.07,380.68,383.62,383.87,383.32,385.56,384.85,385.7,384.84,376.18
3344,388.09,380.69,383.63,383.88,383.32,385.57,384.73,385.81,384.96,376.23
3345,388.09,380.66,383.62,383.86,383.31,385.58,384.74,385.98,385.1,376.26
3346,388.11,380.6,383.6,383.84,383.31,385.58,384.77,386.09,385.23,376.29
3347,388.13,380.62,383.59,383.81,383.33,385.57,384.57,386.12,385.26,376.29
3348,388.15,380.63,383.62,383.79,383.36,385.57,384.42,386.06,385.28,376.31
3349,388.17,380.63,383.63,383.77,383.37,385.56,384.47,386.01,385.31,376.35
3350,388.18,380.65,383.64,383.76,383.37,385.57,384.59,386.0,385.33,376.4
3351,388.19,380.7,383.65,383.76,383.34,385.54,384.75,385.92,385.34,376.44
3352,388.2,380.73,383.64,383.77,383.33,385.51,384.88,385.78,385.38,376.5
3353,388.2,380.77,383.64,383.8,383.33,385.48,384.99,385.67,385.43,376.52
3354,388.21,380.78,383.6,383.84,383.32,385.45,385.06,385.51,385.45,376.55
3355,388.21,380.83,383.55,383.87,383.34,385.43,384.9,385.36,385.5,376.61
3356,388.21,380.82,383.53,383.89,383.37,385.41,384.74,385.34,385.49,376.67
3357,388.22,380.83,383.54,383.9,383.41,385.42,384.71,385.42,385.47,376.73
3358,388.21,380.85,383.57,383.92,383.46,385.44,384.74,385.53,385.46,376.77
3359,388.21,380.87,383.6,383.92,383.49,385.45,384.78,385.57,385.43,376.81
3360,388.21,380.89,383.64,383.91,383.54,385.45,384.84,385.64,385.31,376.81
3361,388.22,380.91,383.68,383.9,383.56,385.47,384.89,385.68,385.2,376.84
3362,388.22,380.94,383.73,383.89,383.59,385.49,384.9,385.78,385.2,376.84
3363,388.23,380.97,383.78,383.88,383.61,385.51,384.94,385.88,385.25,376.87
3364,388.24,380.97,383.86,383.9,383.65,385.51,385.05,385.88,385.29,376.9
3365,388.24,380.94,383.91,383.93,383.67,385.49,385.14,385.8,385.24,376.92
3366,388.26,380.94,383.92,383.97,383.7,385.47,385.22,385.77,385.19,376.92
3367,388.26,380.94,383.93,384.01,383.72,385.47,385.26,385.81,385.21,376.9
3368,388.26,380.93,383.92,384.02,383.71,385.47,385.2,385.86,385.23,376.88
3369,388.27,380.91,383.9,384.02,383.72,385.49,385.07,385.98,385.27,376.86
3370,388.27,380.89,383.89,384.01,383.72,385.51,385.08,386.11,385.3,376.85
3371,388.28,380.89,383.89,383.99,383.72,385.51,385.15,386.13,385.32,376.86
3372,388.29,380.91,383.89,383.94,383.72,385.52,385.2,386.15,385.32,376.85
3373,388.3,380.91,383.89,383.89,383.73,385.52,385.28,386.2,385.34,376.87
3374,388.3,380.93,383.89,383.86,383.73,385.51,385.41,386.24,385.36,376.91
3375,388.32,380.95,383.89,383.83,383.7,385.49,385.49,386.26,385.35,376.94
3376,388.31,380.93,383.89,383.8,383.67,385.47,385.53,386.28,385.36,376.95
3377,388.32,380.9,383.88,383.78,383.62,385.46,385.56,386.31,385.41,376.96
3378,388.33,380.9,383.88,383.76,383.58,385.46,385.58,386.33,385.45,376.98
3379,388.34,380.93,383.88,383.73,383.55,385.45,385.62,386.39,385.46,376.98
3380,388.33,380.98,383.87,383.69,383.5,385.46,385.64,386.42,385.48,376.96
3381,388.33,381.04,383.87,383.68,383.46,385.46,385.66,386.28,385.49,376.96
3382,388.34,381.12,383.84,383.66,383.42,385.45,385.65,386.29,385.49,376.94
3383,388.35,381.16,383.83,383.65,383.37,385.46,385.63,386.41,385.47,376.93
3384,388.34,381.16,383.83,383.64,383.34,385.47,385.57,386.45,385.44,376.94
3385,388.34,381.17,383.83,383.63,383.29,385.48,385.47,386.4,385.44,376.93
3386,388.34,381.2,383.85,383.61,383.26,385.47,385.48,386.24,385.44,376.92
3387,388.35,381.23,383.87,383.62,383.27,385.46,385.48,386.06,385.46,376.91
3388,388.35,381.27,383.9,383.64,383.28,385.45,385.5,385.96,385.45,376.9
3389,388.36,381.29,383.93,383.65,383.3,385.42,385.5,385.92,385.42,376.88
3390,388.37,381.32,383.97,383.69,383.33,385.43,385.5,385.94,385.4,376.85
3391,388.37,381.32,384.0,383.75,383.37,385.44,385.51,385.95,385.42,376.86
3392,388.38,381.27,384.02,383.79,383.41,385.46,385.55,385.88,385.4,376.88
3393,388.42,381.16,384.01,383.88,383.43,385.48,385.59,385.82,385.31,376.89
3394,388.42,381.12,383.98,383.95,383.45,385.49,385.61,385.84,385.24,376.89
3395,388.43,381.13,383.94,384.02,383.46,385.51,385.6,385.88,385.2,376.91
3396,388.43,381.15,383.92,384.06,383.47,385.52,385.61,385.85,385.15,376.9
3397,388.44,381.15,383.91,384.06,383.47,385.52,385.6,385.69,385.11,376.88
3398,388.45,381.17,383.89,384.05,383.48,385.54,385.63,385.52,385.08,376.83
3399,388.47,381.17,383.88,384.05,383.51,385.56,385.52,385.5,385.07,376.82
3400,388.48,381.21,383.87,384.04,383.53,385.58,385.5,385.53,385.08,376.79
3401,388.48,381.23,383.89,384.05,383.59,385.59,385.59,385.61,385.14,376.77
3402,388.48,381.21,383.9,384.08,383.63,385.62,385.62,385.77,385.18,376.75
3403,388.47,381.2,383.9,384.14,383.67,385.64,385.62,385.92,385.19,376.72
3404,388.47,381.21,383.9,384.2,383.72,385.65,385.62,386.03,385.23,376.69
3405,388.45,381.2,383.91,384.28,383.75,385.68,385.6,386.13,385.26,376.68
3406,388.46,381.2,383.94,384.3,383.79,385.68,385.62,386.13,385.34,376.7
3407,388.45,381.15,383.95,384.33,383.81,385.71,385.62,386.16,385.42,376.69
3408,388.45,381.12,383.96,384.36,383.8,385.73,385.63,386.23,385.46,376.7
3409,388.46,381.13,383.94,384.36,383.8,385.73,385.72,386.33,385.43,376.71
3410,388.46,381.16,383.93,384.34,383.81,385.74,385.82,386.42,385.44,376.71
3411,388.48,381.18,383.93,384.34,383.82,385.76,385.85,386.54,385.43,376.7
3412,388.48,381.19,383.95,384.33,383.85,385.78,385.86,386.59,385.4,376.7
3413,388.51,381.23,383.98,384.33,383.86,385.79,385.86,386.59,385.37,376.7
3414,388.5,381.27,384.01,384.34,383.87,385.8,385.75,386.63,385.4,376.7
3415,388.52,381.29,384.04,384.38,383.88,385.8,385.66,386.71,385.44,376.7
3416,388.52,381.29,384.08,384.39,383.89,385.8,385.64,386.77,385.48,376.73
3417,388.55,381.27,384.12,384.39,383.93,385.8,385.65,386.8,385.55,376.78
3418,388.55,381.22,384.14,384.39,383.98,385.81,385.74,386.81,385.66,376.86
3419,388.58,381.17,384.16,384.39,384.02,385.83,385.84,386.79,385.68,376.88
3420,388.6,381.16,384.17,384.4,384.05,385.84,385.91,386.81,385.62,376.85
3421,388.6,381.17,384.2,384.41,384.06,385.86,385.95,386.85,385.56,376.77
3422,388.6,381.18,384.24,384.43,384.07,385.87,385.97,386.89,385.51,376.68
3423,388.61,381.22,384.29,384.44,384.07,385.9,385.98,387.0,385.5,376.62
3424,388.63,381.25,384.32,384.46,384.08,385.93,386.0,387.12,385.49,376.54
3425,388.64,381.27,384.33,384.48,384.08,385.96,386.02,387.16,385.45,376.48
3426,388.64,381.3,384.33,384.48,384.07,385.99,386.06,387.0,385.44,376.44
3427,388.66,381.31,384.32,384.48,384.04,386.0,386.1,386.9,385.39,376.4
3428,388.67,381.34,384.3,384.48,384.02,386.02,386.04,386.92,385.27,376.37
3429,388.68,381.3,384.28,384.47,384.01,386.03,386.03,387.01,385.21,376.36
3430,388.69,381.25,384.27,384.48,384.0,386.05,386.08,386.99,385.21,376.36
3431,388.7,381.2,384.26,384.47,383.99,386.07,386.08,386.96,385.25,376.4
3432,388.71,381.17,384.27,384.48,384.0,386.07,385.98,386.94,385.31,376.47
3433,388.72,381.13,384.26,384.5,384.0,386.09,385.92,386.91,385.39,376.55
3434,388.74,381.11,384.25,384.53,384.0,386.08,385.93,386.83,385.44,376.65
3435,388.75,381.1,384.24,384.55,383.99,386.07,385.95,386.76,385.39,376.71
3436,388.76,381.15,384.22,384.58,384.01,386.06,386.0,386.69,385.31,376.79
3437,388.77,381.22,384.17,384.61,384.04,386.03,386.03,386.43,385.26,376.85
3438,388.79,381.29,384.14,384.64,384.06,386.01,386.03,386.25,385.28,376.88
3439,388.8,381.34,384.11,384.65,384.06,385.99,386.02,386.08,385.35,376.91
3440,388.8,381.4,384.07,384.65,384.06,385.99,386.03,385.96,385.43,376.94
3441,388.8,381.43,384.03,384.66,384.04,386.0,385.97,386.03,385.48,376.96
3442,388.81,381.45,383.96,384.65,384.0,386.02,385.78,386.1,385.53,377.0
3443,388.82,381.37,383.91,384.64,383.99,386.06,385.65,386.12,385.6,377.01
3444,388.83,381.33,383.9,384.62,383.99,386.09,385.59,386.13,385.67,377.04
3445,388.82,381.39,383.85,384.6,383.98,386.11,385.56,386.15,385.59,377.05
3446,388.82,381.49,383.85,384.6,384.02,386.14,385.63,386.12,385.45,377.03
3447,388.81,381.53,383.88,384.6,384.03,386.17,385.68,386.11,385.4,377.01
3448,388.81,381.53,383.89,384.59,384.06,386.19,385.73,386.07,385.4,376.96
3449,388.81,381.55,383.91,384.59,384.09,386.22,385.81,386.0,385.44,376.94
3450,388.8,381.6,383.94,384.58,384.13,386.24,385.87,385.91,385.45,376.95
3451,388.8,381.63,383.99,384.57,384.17,386.24,385.94,385.86,385.46,376.97
3452,388.81,381.62,384.04,384.57,384.21,386.24,386.02,385.98,385.44,376.99
3453,388.8,381.61,384.12,384.58,384.24,386.23,386.05,386.2,385.4,377.0
3454,388.78,381.58,384.22,384.58,384.29,386.23,386.05,386.41,385.37,377.02
3455,388.77,381.54,384.29,384.58,384.32,386.23,386.03,386.56,385.31,377.06
3456,388.76,381.54,384.32,384.58,384.33,386.24,386.0,386.66,385.25,377.11
3457,388.75,381.54,384.34,384.57,384.35,386.23,385.97,386.72,385.19,377.15
3458,388.74,381.54,384.36,384.57,384.36,386.22,385.94,386.77,385.13,377.17
3459,388.73,381.5,384.37,384.59,384.37,386.22,385.83,386.72,385.03,377.17
3460,388.73,381.47,384.37,384.62,384.37,386.23,385.71,386.56,384.93,377.18
3461,388.73,381.47,384.38,384.64,384.37,386.24,385.74,386.27,384.91,377.17
3462,388.72,381.49,384.37,384.65,384.36,386.26,385.8,386.11,384.86,377.14
3463,388.7,381.53,384.37,384.67,384.33,386.27,385.75,385.95,384.85,377.05
3464,388.68,381.59,384.4,384.67,384.26,386.29,385.59,385.63,384.88,376.97
3465,388.67,381.61,384.44,384.64,384.23,386.3,385.43,385.53,384.91,376.93
3466,388.66,381.63,384.48,384.61,384.22,386.3,385.38,385.57,384.98,376.89
3467,388.66,381.65,384.49,384.59,384.22,386.31,385.43,385.64,385.07,376.84
3468,388.65,381.67,384.52,384.59,384.22,386.32,385.51,385.75,385.12,376.78
3469,388.64,381.69,384.52,384.58,384.21,386.32,385.53,385.85,385.21,376.74
3470,388.65,381.69,384.55,384.56,384.22,386.31,385.59,386.0,385.33,376.72
3471,388.65,381.7,384.56,384.56,384.24,386.29,385.66,386.11,385.45,376.72
3472,388.66,381.73,384.6,384.58,384.27,386.27,385.76,386.15,385.6,376.75
3473,388.68,381.79,384.62,384.6,384.32,386.25,385.91,386.23,385.66,376.79
3474,388.69,381.81,384.63,384.62,384.34,386.23,385.97,386.35,385.67,376.8
3475,388.7,381.82,384.67,384.64,384.38,386.23,385.93,386.48,385.68,376.84
3476,388.7,381.81,384.69,384.66,384.38,386.22,385.88,386.58,385.62,376.88
3477,388.7,381.8,384.69,384.68,384.38,386.22,385.89,386.62,385.52,376.91
3478,388.7,381.8,384.71,384.71,384.39,386.22,385.87,386.63,385.53,376.94
3479,388.69,381.8,384.73,384.72,384.41,386.22,385.9,386.63,385.62,376.96
3480,388.69,381.81,384.7,384.75,384.43,386.21,385.94,386.64,385.65,376.93
3481,388.68,381.83,384.66,384.78,384.47,386.2,385.93,386.65,385.63,376.91
3482,388.68,381.85,384.64,384.8,384.5,386.18,385.9,386.66,385.68,376.91
3483,388.67,381.89,384.66,384.81,384.53,386.18,385.9,386.69,385.78,376.92
3484,388.68,381.93,384.69,384.81,384.56,386.18,385.92,386.74,385.89,376.96
3485,388.67,381.97,384.72,384.8,384.59,386.18,385.95,386.76,385.96,376.97
3486,388.68,381.98,384.73,384.8,384.59,386.19,385.97,386.73,385.96,376.98
3487,388.67,381.99,384.73,384.82,384.6,386.21,385.98,386.72,385.91,376.97
3488,388.68,381.98,384.72,384.86,384.6,386.26,385.98,386.73,385.82,376.97
3489,388.67,381.96,384.7,384.88,384.59,386.31,385.88,386.78,385.71,376.96
3490,388.67,381.93,384.69,384.9,384.61,386.35,385.79,386.84,385.58,376.95
3491,388.69,381.96,384.7,384.91,384.64,386.39,385.83,386.86,385.5,376.96
3492,388.7,381.99,384.71,384.91,384.67,386.42,385.74,386.86,385.46,376.98
3493,388.7,382.02,384.71,384.9,384.69,386.42,385.69,386.86,385.4,376.99
3494,388.71,382.05,384.73,384.88,384.71,386.43,385.75,386.88,385.34,376.99
3495,388.73,382.08,384.76,384.87,384.72,386.45,385.83,386.92,385.29,376.98
3496,388.75,382.09,384.76,384.85,384.74,386.47,385.87,386.97,385.31,376.97
3497,388.77,382.1,384.79,384.85,384.75,386.48,385.9,387.0,385.39,376.97
3498,388.78,382.08,384.81,384.84,384.76,386.48,385.93,387.07,385.46,376.96
3499,388.8,382.05,384.82,384.84,384.74,386.5,386.0,387.13,385.49,376.93
3500,388.84,382.05,384.84,384.85,384.71,386.51,386.07,387.14,385.5,376.89
3501,388.86,382.04,384.84,384.87,384.7,386.51,386.1,387.17,385.53,376.87
3502,388.87,382.04,384.86,384.91,384.68,386.52,386.11,387.11,385.56,376.88
3503,388.89,382.03,384.85,384.94,384.67,386.5,386.16,387.02,385.59,376.88
3504,388.9,382.01,384.82,384.98,384.67,386.5,386.25,387.01,385.65,376.86
3505,388.91,381.97,384.79,385.02,384.67,386.46,386.33,387.02,385.73,376.84
3506,388.93,381.93,384.78,385.07,384.69,386.42,386.41,387.05,385.83,376.84
3507,388.92,381.95,384.77,385.13,384.71,386.4,386.43,387.12,385.85,376.85
3508,388.93,381.98,384.75,385.19,384.74,386.4,386.34,387.16,385.86,376.88
3509,388.94,382.03,384.73,385.22,384.77,386.38,386.24,387.12,385.92,376.91
3510,388.94,382.08,384.72,385.24,384.78,386.39,386.19,387.06,385.95,376.92
3511,388.95,382.13,384.71,385.24,384.78,386.41,386.17,387.09,385.97,376.93
3512,388.95,382.18,384.7,385.25,384.78,386.44,386.22,387.16,386.01,376.94
3513,388.97,382.22,384.71,385.25,384.79,386.46,386.28,387.19,386.09,376.96
3514,388.96,382.23,384.7,385.25,384.77,386.47,386.18,387.21,386.21,376.97
3515,388.97,382.24,384.7,385.24,384.77,386.48,386.04,387.25,386.36,376.99
3516,388.98,382.26,384.73,385.23,384.76,386.48,385.99,387.29,386.47,376.99
3517,388.98,382.24,384.78,385.22,384.76,386.49,386.02,387.31,386.47,377.02
3518,389.01,382.2,384.85,385.22,384.77,386.5,385.98,387.31,386.5,377.07
3519,389.03,382.19,384.89,385.22,384.78,386.52,386.01,387.33,386.54,377.09
3520,389.04,382.18,384.93,385.23,384.8,386.54,386.07,387.29,386.62,377.14
3521,389.06,382.15,384.94,385.24,384.82,386.58,386.03,387.16,386.72,377.2
3522,389.07,382.12,384.93,385.25,384.85,386.61,386.04,387.14,386.88,377.26
3523,389.1,382.11,384.91,385.26,384.88,386.65,386.13,387.17,387.05,377.33
3524,389.11,382.13,384.88,385.25,384.91,386.67,386.22,387.15,387.22,377.4
3525,389.12,382.14,384.87,385.25,384.93,386.69,386.25,387.14,387.38,377.46
3526,389.15,382.17,384.9,385.24,384.95,386.7,386.24,387.17,387.6,377.58
3527,389.17,382.14,384.94,385.23,384.93,386.71,386.26,387.19,387.85,377.73
3528,389.19,382.12,384.98,385.23,384.92,386.7,386.31,387.21,388.0,377.82
3529,389.19,382.09,384.99,385.23,384.89,386.7,386.29,387.16,388.11,377.89
3530,389.19,382.06,384.96,385.21,384.86,386.69,386.19,387.01,388.18,377.95
3531,389.2,382.04,384.93,385.21,384.85,386.71,386.26,386.93,388.21,378.03
3532,389.21,381.98,384.91,385.2,384.83,386.73,386.35,386.92,388.17,378.08
3533,389.21,381.92,384.9,385.19,384.81,386.74,386.39,386.92,388.01,378.1
3534,389.2,381.88,384.89,385.18,384.79,386.74,386.4,386.94,387.83,378.12
3535,389.21,381.9,384.9,385.16,384.76,386.73,386.43,386.99,387.69,378.1
3536,389.23,381.97,384.91,385.17,384.73,386.71,386.47,387.07,387.71,378.04
3537,389.24,382.04,384.93,385.16,384.7,386.67,386.49,387.08,387.73,378.01
3538,389.25,382.09,384.93,385.1,384.69,386.65,386.51,387.05,387.67,377.99
3539,389.25,382.14,384.92,385.04,384.65,386.62,386.49,387.01,387.61,377.95
3540,389.26,382.18,384.92,384.99,384.63,386.6,386.48,386.97,387.59,377.94
3541,389.27,382.21,384.93,384.96,384.62,386.59,386.48,386.92,387.56,377.92
3542,389.28,382.22,384.92,384.92,384.59,386.58,386.39,387.02,387.53,377.92
3543,389.3,382.23,384.93,384.91,384.58,386.56,386.26,387.17,387.55,377.93
3544,389.32,382.19,384.93,384.92,384.55,386.56,386.16,387.32,387.54,377.94
3545,389.33,382.16,384.97,384.92,384.53,386.57,386.15,387.33,387.46,377.92
3546,389.34,382.15,385.01,384.93,384.53,386.59,386.08,387.17,387.36,377.9
3547,389.34,382.14,385.03,384.94,384.52,386.61,385.96,387.11,387.24,377.85
3548,389.35,382.12,385.02,384.95,384.52,386.63,385.92,387.1,387.14,377.83
3549,389.36,382.11,385.03,384.98,384.53,386.66,385.94,387.17,387.05,377.82
3550,389.37,382.11,385.04,384.99,384.55,386.69,386.02,387.25,386.95,377.82
3551,389.38,382.11,385.02,385.02,384.59,386.71,386.13,387.27,386.79,377.84
3552,389.39,382.13,384.99,385.05,384.62,386.73,386.25,387.28,386.64,377.83
3553,389.41,382.14,384.97,385.08,384.67,386.75,386.43,387.33,386.47,377.79
3554,389.42,382.15,384.96,385.08,384.7,386.76,386.59,387.42,386.4,377.75
3555,389.42,382.18,384.96,385.08,384.72,386.78,386.67,387.48,386.43,377.75
3556,389.44,382.21,384.95,385.09,384.73,386.79,386.7,387.5,386.48,377.75
3557,389.45,382.24,384.95,385.12,384.75,386.81,386.74,387.48,386.54,377.75
3558,389.47,382.27,384.94,385.15,384.78,386.82,386.78,387.46,386.57,377.76
3559,389.47,382.29,384.94,385.19,384.78,386.83,386.73,387.35,386.6,377.78
3560,389.48,382.3,384.92,385.2,384.79,386.85,386.61,387.23,386.61,377.8
3561,389.5,382.29,384.92,385.23,384.78,386.88,386.64,387.18,386.6,377.8
3562,389.51,382.31,384.91,385.27,384.77,386.89,386.61,387.25,386.48,377.78
3563,389.52,382.34,384.92,385.29,384.77,386.9,386.63,387.32,386.41,377.76
3564,389.53,382.36,384.93,385.31,384.78,386.88,386.71,387.37,386.43,377.74
3565,389.55,382.38,384.96,385.31,384.81,386.85,386.81,387.45,386.47,377.75
3566,389.55,382.39,384.98,385.32,384.84,386.81,386.89,387.55,386.53,377.77
3567,389.56,382.36,385.02,385.32,384.86,386.76,386.91,387.68,386.52,377.8
3568,389.56,382.36,385.06,385.33,384.86,386.74,386.8,387.74,386.43,377.81
3569,389.55,382.35,385.1,385.34,384.87,386.72,386.74,387.72,386.36,377.8
3570,389.55,382.32,385.13,385.35,384.86,386.69,386.76,387.74,386.3,377.77
3571,389.54,382.29,385.16,385.36,384.88,386.7,386.74,387.72,386.22,377.76
3572,389.55,382.25,385.18,385.34,384.91,386.71,386.74,387.69,386.16,377.78
3573,389.54,382.24,385.18,385.32,384.94,386.73,386.75,387.69,386.15,377.79
3574,389.54,382.25,385.21,385.3,384.94,386.75,386.77,387.71,386.16,377.8
3575,389.53,382.25,385.21,385.26,384.97,386.77,386.84,387.72,386.15,377.79
3576,389.52,382.26,385.19,385.24,384.99,386.8,386.91,387.74,386.15,377.77
3577,389.51,382.26,385.16,385.26,385.0,386.84,386.97,387.81,386.19,377.76
3578,389.5,382.27,385.14,385.29,384.98,386.88,386.98,387.87,386.27,377.73
3579,389.5,382.29,385.12,385.31,384.99,386.9,386.95,387.72,386.29,377.7
3580,389.5,382.32,385.1,385.35,384.99,386.92,386.8,387.54,386.14,377.62
3581,389.51,382.37,385.09,385.4,385.01,386.91,386.48,387.36,385.99,377.55
3582,389.51,382.4,385.08,385.45,385.02,386.94,386.39,387.37,385.91,377.53
3583,389.5,382.41,385.06,385.48,385.05,386.95,386.41,387.44,385.86,377.51
3584,389.52,382.43,385.05,385.51,385.08,386.97,386.46,387.54,385.89,377.52
3585,389.53,382.45,385.02,385.54,385.1,387.01,386.49,387.62,385.97,377.56
3586,389.54,382.47,384.99,385.57,385.13,387.04,386.52,387.69,386.08,377.57
3587,389.54,382.49,384.98,385.62,385.16,387.08,386.56,387.76,386.19,377.59
3588,389.56,382.49,384.97,385.65,385.21,387.12,386.66,387.82,386.27,377.62
3589,389.56,382.51,384.97,385.67,385.25,387.15,386.62,387.87,386.34,377.62
3590,389.57,382.53,384.94,385.68,385.27,387.17,386.62,387.88,386.44,377.6
3591,389.57,382.51,384.96,385.68,385.28,387.19,386.71,387.93,386.51,377.58
3592,389.57,382.45,385.01,385.68,385.28,387.21,386.79,387.92,386.56,377.57
3593,389.59,382.38,385.04,385.67,385.29,387.22,386.86,387.81,386.62,377.58
3594,389.59,382.35,385.08,385.67,385.3,387.21,386.98,387.75,386.72,377.58
3595,389.59,382.33,385.11,385.66,385.29,387.19,387.09,387.71,386.83,377.6
3596,389.59,382.34,385.15,385.66,385.27,387.16,387.13,387.73,386.87,377.62
3597,389.6,382.32,385.18,385.66,385.25,387.14,387.06,387.72,386.88,377.66
3598,389.63,382.31,385.22,385.65,385.24,387.13,386.99,387.7,386.95,377.68
3599,389.64,382.3,385.27,385.63,385.23,387.14,386.89,387.7,387.0,377.68
3600,389.64,382.34,385.31,385.62,385.23,387.15,386.84,387.71,386.96,377.69
3601,389.66,382.37,385.34,385.62,385.22,387.17,386.83,387.72,386.81,377.69
3602,389.66,382.41,385.35,385.61,385.2,387.17,386.87,387.76,386.69,377.67
3603,389.66,382.44,385.37,385.61,385.19,387.19,386.93,387.87,386.61,377.63
3604,389.65,382.47,385.39,385.61,385.2,387.19,386.91,387.95,386.6,377.62
3605,389.66,382.5,385.41,385.62,385.21,387.19,386.86,387.93,386.58,377.63
3606,389.67,382.51,385.44,385.63,385.22,387.21,386.85,387.89,386.56,377.64
3607,389.67,382.5,385.45,385.61,385.23,387.21,386.92,387.87,386.5,377.63
3608,389.68,382.45,385.46,385.58,385.24,387.21,386.97,387.89,386.33,377.59
3609,389.69,382.44,385.46,385.54,385.25,387.2,386.99,387.96,386.24,377.57
3610,389.7,382.42,385.46,385.51,385.26,387.19,387.02,387.99,386.18,377.56
3611,389.71,382.37,385.45,385.5,385.26,387.2,387.01,387.92,386.2,377.58
3612,389.71,382.29,385.46,385.48,385.27,387.2,387.02,387.86,386.25,377.57
3613,389.71,382.26,385.46,385.47,385.24,387.19,387.05,387.92,386.27,377.58
3614,389.71,382.27,385.46,385.43,385.23,387.2,387.06,388.02,386.25,377.61
3615,389.71,382.31,385.45,385.39,385.2,387.22,387.06,388.12,386.25,377.61
3616,389.72,382.43,385.47,385.34,385.17,387.24,387.08,388.2,386.25,377.66
3617,389.73,382.56,385.46,385.29,385.14,387.26,387.06,388.28,386.26,377.73
3618,389.73,382.63,385.43,385.27,385.12,387.28,387.0,388.33,386.29,377.76
3619,389.73,382.65,385.4,385.26,385.1,387.29,386.99,388.35,386.3,377.8
3620,389.72,382.67,385.39,385.29,385.08,387.31,387.03,388.35,386.3,377.83
3621,389.71,382.69,385.37,385.34,385.07,387.32,387.05,388.32,386.25,377.84
3622,389.71,382.72,385.37,385.39,385.05,387.33,387.04,388.23,386.25,377.83
3623,389.7,382.73,385.37,385.43,385.03,387.34,387.03,388.18,386.31,377.82
3624,389.7,382.75,385.4,385.47,385.04,387.34,387.05,388.14,386.38,377.82
3625,389.69,382.8,385.44,385.52,385.05,387.35,387.13,388.13,386.47,377.8
3626,389.69,382.83,385.48,385.56,385.08,387.33,387.2,388.15,386.49,377.79
3627,389.7,382.82,385.48,385.6,385.12,387.29,387.24,388.18,386.51,377.8
3628,389.7,382.79,385.48,385.65,385.17,387.26,387.27,388.16,386.54,377.82
3629,389.71,382.73,385.5,385.69,385.21,387.25,387.28,388.16,386.59,377.85
3630,389.72,382.72,385.51,385.71,385.25,387.25,387.31,387.94,386.63,377.9
3631,389.73,382.7,385.51,385.73,385.27,387.25,387.3,387.67,386.64,377.96
3632,389.73,382.7,385.53,385.74,385.29,387.27,387.17,387.43,386.66,378.04
3633,389.73,382.71,385.55,385.75,385.3,387.3,386.93,387.19,386.69,378.11
3634,389.75,382.71,385.57,385.76,385.29,387.33,386.71,387.09,386.84,378.18
3635,389.76,382.7,385.59,385.74,385.26,387.36,386.67,387.05,386.94,378.2
3636,389.76,382.68,385.6,385.73,385.24,387.38,386.58,387.1,386.93,378.17
3637,389.76,382.65,385.59,385.72,385.22,387.41,386.49,387.28,386.89,378.12
3638,389.77,382.61,385.6,385.72,385.21,387.42,386.5,387.46,386.83,378.11
3639,389.77,382.59,385.6,385.71,385.2,387.41,386.53,387.58,386.72,378.09
3640,389.78,382.57,385.61,385.72,385.2,387.37,386.6,387.74,386.63,378.1
3641,389.78,382.58,385.62,385.74,385.21,387.34,386.7,387.88,386.55,378.11
3642,389.79,382.59,385.63,385.76,385.23,387.31,386.8,388.01,386.51,378.13
3643,389.81,382.6,385.65,385.79,385.26,387.28,386.92,388.09,386.53,378.15
3644,389.83,382.57,385.65,385.78,385.29,387.26,386.86,388.1,386.6,378.16
3645,389.84,382.53,385.65,385.78,385.32,387.25,386.79,388.06,386.66,378.18
3646,389.85,382.48,385.63,385.79,385.32,387.27,386.84,388.03,386.7,378.2
3647,389.87,382.41,385.63,385.77,385.33,387.28,386.92,387.81,386.69,378.23
3648,389.89,382.36,385.64,385.75,385.33,387.31,387.0,387.66,386.7,378.24
3649,389.9,382.3,385.62,385.7,385.32,387.35,387.06,387.59,386.73,378.2
3650,389.9,382.27,385.64,385.62,385.33,387.37,387.09,387.66,386.76,378.17
3651,389.9,382.23,385.65,385.54,385.32,387.39,387.16,387.83,386.76,378.14
3652,389.93,382.18,385.65,385.48,385.33,387.39,387.28,387.99,386.78,378.1
3653,389.93,382.16,385.64,385.43,385.35,387.4,387.31,388.07,386.73,378.02
3654,389.94,382.15,385.63,385.4,385.35,387.4,387.3,388.13,386.73,377.95
3655,389.94,382.15,385.61,385.38,385.36,387.41,387.22,387.99,386.74,377.89
3656,389.96,382.18,385.58,385.37,385.36,387.4,387.19,387.76,386.73,377.85
3657,389.95,382.22,385.55,385.39,385.37,387.41,387.24,387.73,386.73,377.84
3658,389.96,382.26,385.5,385.42,385.39,387.42,387.28,387.78,386.76,377.85
3659,389.96,382.31,385.45,385.46,385.4,387.43,387.27,387.86,386.81,377.85
3660,389.96,382.35,385.4,385.5,385.4,387.43,387.28,387.92,386.87,377.82
3661,389.97,382.45,385.36,385.54,385.41,387.43,387.35,387.96,386.98,377.75
3662,389.99,382.53,385.33,385.58,385.42,387.42,387.45,388.0,387.04,377.68
3663,389.99,382.53,385.31,385.6,385.42,387.41,387.5,388.04,386.96,377.65
3664,389.99,382.56,385.3,385.63,385.45,387.39,387.53,388.12,386.91,377.66
3665,390.0,382.56,385.27,385.67,385.47,387.38,387.53,388.13,386.82,377.69
3666,390.01,382.56,385.24,385.7,385.47,387.37,387.49,388.19,386.73,377.7
3667,390.01,382.57,385.19,385.73,385.48,387.34,387.41,388.2,386.66,377.73
3668,390.03,382.6,385.16,385.75,385.48,387.32,387.31,388.02,386.66,377.78
3669,390.02,382.69,385.13,385.76,385.5,387.3,387.21,387.74,386.68,377.8
3670,390.02,382.78,385.08,385.76,385.47,387.3,387.07,387.63,386.66,377.86
3671,390.04,382.79,385.06,385.76,385.41,387.31,386.91,387.59,386.64,377.95
3672,390.05,382.76,385.07,385.75,385.4,387.33,386.82,387.57,386.62,378.0
3673,390.06,382.73,385.1,385.73,385.37,387.35,386.76,387.51,386.59,378.03
3674,390.08,382.72,385.13,385.72,385.35,387.37,386.75,387.48,386.59,378.06
3675,390.09,382.7,385.18,385.71,385.33,387.4,386.74,387.53,386.63,378.11
3676,390.1,382.69,385.23,385.71,385.31,387.42,386.8,387.65,386.67,378.16
3677,390.09,382.68,385.29,385.71,385.28,387.39,386.89,387.65,386.71,378.2
3678,390.1,382.67,385.33,385.72,385.26,387.34,386.96,387.63,386.8,378.25
3679,390.11,382.73,385.39,385.71,385.23,387.32,386.86,387.69,386.87,378.32
3680,390.11,382.77,385.41,385.67,385.17,387.29,386.86,387.83,386.9,378.35
3681,390.12,382.75,385.4,385.63,385.13,387.27,386.92,387.94,386.87,378.33
3682,390.12,382.75,385.4,385.6,385.1,387.25,387.0,388.05,386.79,378.31
3683,390.12,382.77,385.4,385.58,385.07,387.23,387.07,388.19,386.72,378.27
3684,390.12,382.77,385.41,385.58,385.04,387.24,387.11,388.23,386.65,378.24
3685,390.13,382.74,385.43,385.57,385.03,387.24,387.16,388.14,386.65,378.2
3686,390.14,382.71,385.45,385.58,385.02,387.24,387.24,388.11,386.6,378.16
3687,390.14,382.64,385.46,385.58,385.03,387.26,387.28,388.17,386.52,378.12
3688,390.15,382.61,385.48,385.6,385.05,387.28,387.3,388.23,386.42,378.06
3689,390.16,382.63,385.53,385.63,385.08,387.32,387.36,388.33,386.38,378.0
3690,390.15,382.66,385.57,385.68,385.11,387.36,387.41,388.43,386.35,377.99
3691,390.15,382.7,385.61,385.73,385.16,387.4,387.45,388.47,386.37,378.0
3692,390.14,382.73,385.65,385.78,385.21,387.44,387.43,388.42,386.42,378.01
3693,390.14,382.76,385.68,385.81,385.25,387.46,387.41,388.4,386.47,378.04
3694,390.13,382.8,385.72,385.82,385.29,387.47,387.34,388.36,386.56,378.06
3695,390.12,382.84,385.75,385.84,385.34,387.48,387.31,388.32,386.68,378.07
3696,390.13,382.88,385.78,385.89,385.37,387.51,387.3,388.22,386.79,378.08
3697,390.13,382.94,385.78,385.94,385.41,387.53,387.2,388.11,386.87,378.12
3698,390.13,382.95,385.8,386.0,385.47,387.55,387.09,388.04,386.9,378.16
3699,390.12,382.91,385.82,386.04,385.49,387.55,387.06,388.04,386.91,378.19
3700,390.13,382.9,385.85,386.07,385.53,387.57,387.09,388.09,386.96,378.25
3701,390.14,382.9,385.88,386.1,385.56,387.58,387.15,388.18,386.97,378.28
3702,390.14,382.88,385.9,386.11,385.58,387.58,387.2,388.19,386.96,378.28
3703,390.15,382.84,385.92,386.14,385.61,387.59,387.27,388.07,387.0,378.26
3704,390.15,382.82,385.93,386.16,385.62,387.58,387.29,387.96,387.01,378.26
3705,390.16,382.82,385.95,386.2,385.66,387.57,387.32,387.86,387.02,378.3
3706,390.17,382.81,385.96,386.24,385.69,387.56,387.33,387.78,387.03,378.36
3707,390.18,382.83,385.97,386.27,385.72,387.56,387.38,387.7,387.08,378.41
3708,390.2,382.83,385.97,386.3,385.74,387.55,387.37,387.73,387.06,378.44
3709,390.21,382.86,385.97,386.31,385.78,387.56,387.36,387.78,387.02,378.42
3710,390.23,382.88,385.96,386.31,385.81,387.59,387.37,387.81,387.0,378.42
3711,390.23,382.92,385.95,386.32,385.84,387.63,387.29,387.84,386.96,378.42
3712,390.25,382.97,385.93,386.34,385.85,387.67,387.23,387.86,386.88,378.43
3713,390.28,383.01,385.92,386.35,385.85,387.71,387.24,387.88,386.83,378.43
3714,390.28,383.07,385.9,386.32,385.84,387.74,387.28,387.92,386.85,378.42
3715,390.31,383.13,385.89,386.28,385.83,387.77,387.36,387.94,387.01,378.4
3716,390.34,383.22,385.88,386.27,385.83,387.79,387.35,387.99,387.19,378.42
3717,390.35,383.26,385.87,386.28,385.84,387.8,387.4,387.92,387.24,378.45
3718,390.37,383.28,385.85,386.3,385.84,387.79,387.43,387.92,387.26,378.46
3719,390.37,383.29,385.85,386.32,385.86,387.77,387.34,388.02,387.2,378.46
3720,390.38,383.27,385.84,386.3,385.88,387.75,387.34,388.06,387.13,378.47
3721,390.38,383.22,385.84,386.29,385.91,387.74,387.4,388.11,387.11,378.49
3722,390.39,383.2,385.86,386.27,385.95,387.72,387.47,388.11,387.06,378.51
3723,390.4,383.16,385.89,386.27,385.98,387.7,387.58,388.11,387.0,378.54
3724,390.4,383.13,385.92,386.25,386.0,387.69,387.67,388.02,387.04,378.57
3725,390.42,383.12,385.97,386.23,386.0,387.69,387.73,387.89,387.14,378.59
3726,390.43,383.1,386.02,386.21,385.99,387.69,387.76,387.87,387.16,378.6
3727,390.43,383.07,386.06,386.2,385.98,387.7,387.79,387.88,387.14,378.62
3728,390.43,383.02,386.1,386.21,385.97,387.71,387.81,387.96,387.14,378.66
3729,390.44,382.99,386.11,386.23,385.97,387.74,387.82,388.07,387.18,378.69
3730,390.44,383.0,386.13,386.23,385.97,387.74,387.79,388.17,387.23,378.72
3731,390.44,383.06,386.14,386.24,385.98,387.76,387.8,388.24,387.25,378.74
3732,390.43,383.12,386.12,386.25,385.99,387.79,387.77,388.3,387.24,378.77
3733,390.43,383.2,386.13,386.28,385.98,387.81,387.74,388.33,387.25,378.76
3734,390.44,383.28,386.14,386.31,386.0,387.84,387.75,388.34,387.36,378.76
3735,390.42,383.33,386.16,386.36,386.01,387.86,387.74,388.36,387.43,378.73
3736,390.43,383.35,386.14,386.41,386.03,387.86,387.58,388.37,387.49,378.7
3737,390.45,383.35,386.13,386.44,386.05,387.87,387.5,388.42,387.55,378.69
3738,390.45,383.33,386.1,386.47,386.07,387.87,387.51,388.46,387.57,378.67
3739,390.46,383.35,386.09,386.49,386.09,387.89,387.52,388.48,387.6,378.62
3740,390.47,383.37,386.09,386.51,386.11,387.91,387.53,388.44,387.62,378.58
3741,390.48,383.37,386.09,386.53,386.12,387.93,387.57,388.37,387.66,378.55
3742,390.48,383.29,386.11,386.54,386.14,387.96,387.65,388.3,387.77,378.51
3743,390.48,383.27,386.11,386.53,386.14,387.99,387.67,388.24,387.88,378.44
3744,390.47,383.32,386.1,386.54,386.13,388.0,387.65,388.24,387.88,378.38
3745,390.47,383.35,386.11,386.54,386.14,388.03,387.53,388.28,387.85,378.32
3746,390.47,383.35,386.11,386.53,386.14,388.06,387.43,388.36,387.79,378.27
3747,390.47,383.32,386.11,386.51,386.15,388.08,387.47,388.46,387.77,378.27
3748,390.46,383.33,386.11,386.49,386.17,388.08,387.53,388.59,387.78,378.27
3749,390.46,383.32,386.1,386.48,386.17,388.08,387.59,388.6,387.79,378.31
3750,390.46,383.3,386.11,386.47,386.21,388.08,387.66,388.49,387.76,378.39
3751,390.45,383.27,386.12,386.46,386.23,388.08,387.62,388.33,387.53,378.5
3752,390.45,383.26,386.14,386.45,386.25,388.09,387.48,388.18,387.38,378.6
3753,390.45,383.26,386.16,386.44,386.26,388.1,387.43,387.98,387.36,378.66
3754,390.44,383.26,386.18,386.43,386.26,388.1,387.34,387.71,387.39,378.73
3755,390.44,383.29,386.2,386.44,386.25,388.08,387.25,387.59,387.48,378.79
3756,390.45,383.32,386.22,386.43,386.24,388.07,387.15,387.58,387.59,378.86
3757,390.45,383.35,386.23,386.44,386.22,388.05,387.11,387.71,387.68,378.93
3758,390.45,383.4,386.24,386.44,386.2,388.02,387.06,387.82,387.72,378.98
3759,390.46,383.44,386.24,386.46,386.17,388.0,386.97,387.98,387.77,379.03
3760,390.47,383.45,386.27,386.44,386.16,387.98,386.78,388.09,387.86,379.09
3761,390.48,383.43,386.28,386.41,386.14,387.96,386.67,388.17,387.91,379.13
3762,390.49,383.38,386.29,386.39,386.14,387.95,386.76,388.26,387.94,379.14
3763,390.5,383.38,386.3,386.39,386.13,387.93,386.87,388.34,387.92,379.15
3764,390.51,383.38,386.3,386.41,386.14,387.89,386.98,388.42,387.89,379.14
3765,390.52,383.39,386.29,386.43,386.14,387.88,387.09,388.46,387.87,379.12
3766,390.53,383.37,386.28,386.48,386.14,387.84,387.25,388.52,387.89,379.07
3767,390.54,383.35,386.27,386.54,386.15,387.79,387.37,388.57,387.88,379.01
3768,390.55,383.34,386.27,386.58,386.16,387.76,387.49,388.61,387.89,378.95
3769,390.56,383.4,386.26,386.63,386.15,387.75,387.61,388.62,387.94,378.86
3770,390.58,383.46,386.28,386.66,386.15,387.77,387.72,388.63,388.05,378.74
3771,390.58,383.46,386.28,386.7,386.14,387.78,387.75,388.63,388.13,378.63
3772,390.61,383.49,386.32,386.72,386.15,387.78,387.84,388.62,388.2,378.57
3773,390.63,383.49,386.35,386.73,386.15,387.78,387.87,388.62,388.23,378.53
3774,390.64,383.47,386.39,386.75,386.14,387.78,387.81,388.66,388.21,378.49
3775,390.65,383.43,386.43,386.77,386.13,387.78,387.81,388.65,388.17,378.46
3776,390.65,383.4,386.47,386.77,386.11,387.79,387.85,388.62,388.06,378.41
3777,390.66,383.39,386.5,386.78,386.11,387.8,387.78,388.61,387.95,378.34
3778,390.67,383.4,386.53,386.79,386.1,387.79,387.69,388.61,387.8,378.28
3779,390.7,383.42,386.56,386.8,386.1,387.8,387.61,388.63,387.62,378.26
3780,390.71,383.43,386.58,386.8,386.11,387.8,387.61,388.59,387.52,378.26
3781,390.71,383.45,386.6,386.79,386.11,387.82,387.61,388.54,387.43,378.27
3782,390.73,383.47,386.61,386.78,386.14,387.83,387.63,388.52,387.46,378.28
3783,390.74,383.49,386.62,386.77,386.15,387.86,387.66,388.53,387.54,378.31
3784,390.75,383.51,386.61,386.76,386.16,387.86,387.72,388.55,387.64,378.36
3785,390.76,383.52,386.59,386.75,386.19,387.88,387.74,388.57,387.69,378.4
3786,390.78,383.52,386.57,386.76,386.21,387.91,387.71,388.58,387.65,378.42
3787,390.8,383.46,386.54,386.74,386.25,387.93,387.69,388.58,387.57,378.41
3788,390.81,383.36,386.51,386.71,386.28,387.97,387.72,388.61,387.58,378.37
3789,390.81,383.33,386.51,386.71,386.29,388.01,387.79,388.69,387.69,378.38
3790,390.82,383.36,386.51,386.74,386.31,388.05,387.87,388.79,387.83,378.4
3791,390.82,383.41,386.52,386.76,386.33,388.1,387.95,388.86,387.97,378.4
3792,390.82,383.46,386.52,386.8,386.33,388.13,388.03,388.91,388.0,378.41
3793,390.83,383.51,386.51,386.83,386.33,388.16,388.1,388.94,387.99,378.42
3794,390.82,383.57,386.51,386.89,386.36,388.19,388.16,388.96,388.04,378.45
3795,390.84,383.61,386.5,386.93,386.39,388.22,388.23,388.96,388.1,378.5
3796,390.84,383.59,386.51,386.97,386.41,388.25,388.32,388.93,388.29,378.54
3797,390.86,383.54,386.53,387.02,386.43,388.28,388.38,388.94,388.55,378.56
3798,390.86,383.5,386.58,387.04,386.44,388.31,388.36,388.99,388.73,378.57
3799,390.87,383.49,386.6,387.05,386.45,388.34,388.37,389.04,388.88,378.57
3800,390.88,383.51,386.62,387.06,386.47,388.36,388.4,389.1,388.98,378.58
3801,390.9,383.54,386.64,387.08,386.5,388.39,388.42,389.22,389.03,378.6
3802,390.9,383.6,386.64,387.06,386.5,388.42,388.42,389.31,389.06,378.65
3803,390.92,383.66,386.65,387.03,386.52,388.44,388.45,389.35,389.03,378.71
3804,390.92,383.7,386.66,386.98,386.53,388.47,388.47,389.39,388.85,378.78
3805,390.93,383.71,386.66,386.97,386.53,388.49,388.45,389.4,388.64,378.83
3806,390.94,383.71,386.66,386.95,386.53,388.53,388.44,389.43,388.61,378.85
3807,390.95,383.7,386.66,386.94,386.51,388.54,388.46,389.45,388.65,378.85
3808,390.96,383.68,386.66,386.94,386.51,388.56,388.5,389.46,388.74,378.86
3809,390.97,383.68,386.66,386.96,386.52,388.58,388.52,389.45,388.84,378.89
3810,390.98,383.66,386.66,387.0,386.53,388.59,388.51,389.41,388.93,378.9
3811,390.99,383.64,386.68,387.02,386.55,388.59,388.52,389.35,389.02,378.94
3812,391.0,383.64,386.71,387.05,386.58,388.6,388.54,389.28,389.04,378.97
3813,391.01,383.65,386.72,387.08,386.61,388.59,388.56,389.19,389.05,379.0
3814,391.03,383.71,386.73,387.1,386.67,388.59,388.57,389.16,389.02,379.06
3815,391.04,383.78,386.71,387.13,386.71,388.59,388.43,389.19,389.0,379.09
3816,391.06,383.83,386.7,387.17,386.72,388.59,388.29,389.24,389.02,379.1
3817,391.06,383.88,386.7,387.2,386.74,388.6,388.29,389.24,389.04,379.12
3818,391.09,383.91,386.7,387.23,386.76,388.58,388.34,389.2,389.03,379.16
3819,391.09,383.93,386.71,387.25,386.8,388.55,388.39,389.13,388.93,379.18
3820,391.11,383.9,386.71,387.26,386.82,388.51,388.4,389.06,388.85,379.18
3821,391.11,383.87,386.71,387.26,386.84,388.49,388.42,389.0,388.8,379.16
3822,391.12,383.82,386.74,387.25,386.85,388.49,388.45,388.95,388.75,379.15
3823,391.14,383.78,386.75,387.19,386.85,388.5,388.48,388.9,388.64,379.17
3824,391.14,383.73,386.75,387.11,386.85,388.51,388.48,388.86,388.6,379.17
3825,391.18,383.7,386.76,387.05,386.85,388.52,388.48,388.86,388.61,379.18
3826,391.18,383.67,386.76,387.01,386.82,388.53,388.43,388.91,388.61,379.18
3827,391.2,383.67,386.75,386.99,386.81,388.54,388.4,389.01,388.63,379.18
3828,391.2,383.69,386.73,386.99,386.81,388.55,388.41,388.99,388.67,379.17
3829,391.22,383.7,386.69,387.0,386.8,388.54,388.4,388.87,388.68,379.16
3830,391.22,383.72,386.65,387.01,386.8,388.55,388.38,388.82,388.67,379.13
3831,391.22,383.74,386.62,387.02,386.81,388.55,388.34,388.78,388.67,379.14
3832,391.21,383.75,386.63,387.02,386.82,388.57,388.14,388.78,388.63,379.15
3833,391.19,383.74,386.66,387.02,386.83,388.6,387.87,388.74,388.55,379.15
3834,391.19,383.74,386.69,387.0,386.84,388.63,387.88,388.68,388.52,379.14
3835,391.19,383.73,386.73,386.99,386.84,388.66,387.95,388.65,388.54,379.12
3836,391.2,383.76,386.77,386.95,386.85,388.68,388.07,388.66,388.6,379.12
3837,391.18,383.8,386.79,386.94,386.84,388.7,388.17,388.7,388.62,379.09
3838,391.18,383.85,386.8,386.95,386.85,388.7,388.23,388.69,388.61,379.08
3839,391.18,383.89,386.8,386.96,386.85,388.69,388.15,388.66,388.53,379.06
3840,391.2,383.9,386.8,386.96,386.86,388.68,388.16,388.55,388.43,379.07
3841,391.21,383.89,386.77,386.97,386.86,388.68,388.01,388.5,388.35,379.07
3842,391.22,383.91,386.74,386.98,386.86,388.68,387.91,388.52,388.3,379.09
3843,391.22,383.91,386.71,386.99,386.87,388.66,387.93,388.56,388.29,379.09
3844,391.23,383.9,386.7,387.03,386.87,388.65,387.93,388.62,388.31,379.06
3845,391.24,383.89,386.7,387.07,386.9,388.66,387.97,388.65,388.33,379.03
3846,391.24,383.89,386.71,387.12,386.9,388.67,388.02,388.67,388.31,379.01
3847,391.24,383.89,386.71,387.17,386.88,388.68,388.08,388.7,388.28,379.0
3848,391.24,383.9,386.74,387.23,386.86,388.67,388.15,388.72,388.26,378.97
3849,391.24,383.9,386.72,387.26,386.82,388.65,388.2,388.71,388.22,378.97
3850,391.26,383.89,386.72,387.29,386.78,388.64,388.25,388.7,388.18,379.0
3851,391.27,383.91,386.71,387.3,386.74,388.63,388.22,388.7,388.2,379.04
3852,391.29,383.96,386.72,387.27,386.73,388.6,388.19,388.8,388.25,379.06
3853,391.3,383.99,386.74,387.24,386.72,388.57,388.14,388.89,388.26,379.05
3854,391.3,384.04,386.74,387.22,386.72,388.55,388.06,388.94,388.25,379.06
3855,391.31,384.11,386.76,387.19,386.73,388.53,388.03,388.9,388.26,379.07
3856,391.32,384.18,386.77,387.18,386.73,388.52,388.04,388.86,388.24,379.07
3857,391.33,384.21,386.76,387.17,386.73,388.54,388.08,388.8,388.28,379.06
3858,391.34,384.24,386.76,387.18,386.73,388.56,388.08,388.57,388.4,379.05
3859,391.36,384.23,386.8,387.18,386.76,388.58,388.06,388.47,388.5,379.08
3860,391.35,384.21,386.85,387.18,386.77,388.59,387.92,388.59,388.51,379.09
3861,391.36,384.19,386.89,387.17,386.8,388.6,387.76,388.71,388.5,379.11
3862,391.35,384.15,386.91,387.16,386.82,388.62,387.67,388.82,388.42,379.12
3863,391.37,384.13,386.93,387.16,386.83,388.64,387.73,388.89,388.4,379.14
3864,391.36,384.12,386.96,387.19,386.85,388.66,387.84,388.94,388.4,379.14
3865,391.37,384.11,386.97,387.23,386.86,388.67,387.99,388.95,388.41,379.15
3866,391.38,384.09,386.98,387.26,386.88,388.65,388.12,388.96,388.4,379.19
3867,391.39,384.0,386.98,387.31,386.9,388.62,388.19,389.02,388.41,379.23
3868,391.4,383.89,386.98,387.34,386.93,388.62,388.31,389.16,388.51,379.29
3869,391.41,383.83,387.0,387.36,386.95,388.62,388.4,389.29,388.61,379.34
3870,391.42,383.83,387.02,387.36,386.94,388.63,388.38,389.39,388.62,379.33
3871,391.4,383.84,387.02,387.35,386.92,388.66,388.33,389.48,388.64,379.31
3872,391.39,383.87,387.01,387.32,386.89,388.68,388.32,389.47,388.67,379.29
3873,391.4,383.93,387.0,387.28,386.87,388.71,388.38,389.42,388.7,379.27
3874,391.4,383.99,386.99,387.25,386.85,388.72,388.45,389.4,388.76,379.28
3875,391.4,384.03,386.97,387.2,386.83,388.73,388.5,389.41,388.77,379.3
3876,391.4,384.04,386.94,387.21,386.81,388.73,388.54,389.38,388.73,379.34
3877,391.41,384.05,386.95,387.22,386.82,388.74,388.41,389.28,388.73,379.42
3878,391.43,384.06,386.96,387.26,386.83,388.73,388.3,389.2,388.63,379.48
3879,391.42,384.05,386.97,387.29,386.84,388.74,388.35,389.22,388.58,379.51
3880,391.43,384.05,386.97,387.3,386.86,388.75,388.42,389.3,388.54,379.56
3881,391.43,384.05,386.96,387.34,386.88,388.76,388.47,389.32,388.51,379.62
3882,391.44,384.02,386.95,387.36,386.9,388.75,388.49,389.18,388.51,379.68
3883,391.46,384.02,386.92,387.39,386.91,388.76,388.5,389.12,388.5,379.73
3884,391.47,384.02,386.87,387.39,386.93,388.77,388.42,389.13,388.51,379.77
3885,391.49,384.02,386.83,387.4,386.93,388.77,388.32,389.11,388.53,379.79
3886,391.49,383.98,386.79,387.39,386.89,388.77,388.0,389.11,388.57,379.77
3887,391.5,383.99,386.81,387.36,386.85,388.75,387.94,389.22,388.7,379.75
3888,391.5,384.03,386.83,387.32,386.81,388.76,387.89,389.33,388.77,379.76
3889,391.51,384.06,386.81,387.27,386.77,388.76,387.9,389.42,388.83,379.77
3890,391.51,384.08,386.8,387.23,386.74,388.76,387.99,389.51,388.92,379.82
3891,391.51,384.09,386.79,387.21,386.7,388.76,388.09,389.54,389.04,379.88
3892,391.49,384.1,386.78,387.18,386.68,388.75,388.19,389.54,389.18,379.95
3893,391.49,384.11,386.77,387.16,386.66,388.74,388.22,389.52,389.31,380.0
3894,391.49,384.14,386.77,387.15,386.66,388.73,388.24,389.52,389.41,380.03
3895,391.48,384.18,386.77,387.14,386.68,388.71,388.31,389.48,389.52,380.03
3896,391.46,384.21,386.8,387.16,386.71,388.71,388.3,389.38,389.65,379.97
3897,391.46,384.26,386.83,387.17,386.74,388.69,388.3,389.28,389.7,379.9
3898,391.46,384.32,386.88,387.19,386.77,388.7,388.32,389.24,389.73,379.8
3899,391.47,384.4,386.92,387.21,386.81,388.7,388.39,389.25,389.67,379.71
3900,391.48,384.46,386.95,387.24,386.84,388.68,388.46,389.33,389.49,379.63
3901,391.48,384.52,386.98,387.27,386.87,388.66,388.48,389.42,389.22,379.58
3902,391.49,384.53,386.99,387.29,386.9,388.63,388.46,389.4,388.97,379.56
3903,391.5,384.49,386.97,387.33,386.92,388.62,388.25,389.38,388.75,379.52
3904,391.51,384.36,386.92,387.35,386.94,388.62,388.1,389.4,388.55,379.53
3905,391.51,384.27,386.9,387.36,386.96,388.62,388.09,389.42,388.42,379.57
3906,391.52,384.23,386.86,387.35,386.96,388.63,388.18,389.46,388.34,379.6
3907,391.52,384.23,386.84,387.32,386.98,388.64,388.29,389.47,388.29,379.62
3908,391.51,384.25,386.84,387.28,386.98,388.63,388.34,389.48,388.26,379.62
3909,391.51,384.26,386.89,387.26,387.0,388.62,388.36,389.53,388.22,379.61
3910,391.51,384.23,386.92,387.24,387.01,388.64,388.4,389.51,388.24,379.58
3911,391.51,384.21,386.97,387.21,387.02,388.65,388.43,389.52,388.28,379.58
3912,391.49,384.22,387.02,387.18,387.02,388.66,388.49,389.54,388.34,379.59
3913,391.47,384.24,387.07,387.18,387.01,388.68,388.6,389.6,388.42,379.55
3914,391.46,384.24,387.13,387.18,387.01,388.7,388.69,389.68,388.39,379.52
3915,391.44,384.23,387.15,387.19,386.99,388.72,388.7,389.73,388.34,379.51
3916,391.44,384.2,387.18,387.22,386.99,388.74,388.66,389.78,388.34,379.52
3917,391.44,384.2,387.21,387.26,386.99,388.75,388.69,389.78,388.38,379.52
3918,391.44,384.2,387.23,387.3,387.0,388.76,388.72,389.72,388.49,379.5
3919,391.44,384.23,387.25,387.33,387.0,388.77,388.76,389.63,388.64,379.49
3920,391.43,384.28,387.29,387.37,387.0,388.77,388.82,389.58,388.79,379.46
3921,391.44,384.35,387.31,387.44,386.99,388.75,388.79,389.62,388.91,379.42
3922,391.44,384.42,387.3,387.49,386.99,388.72,388.81,389.67,389.15,379.35
3923,391.44,384.44,387.28,387.53,386.99,388.69,388.78,389.74,389.38,379.28
3924,391.46,384.44,387.26,387.55,387.0,388.65,388.74,389.77,389.5,379.25
3925,391.47,384.4,387.25,387.56,387.01,388.64,388.69,389.8,389.53,379.25
3926,391.47,384.37,387.25,387.57,387.01,388.66,388.68,389.81,389.49,379.28
3927,391.48,384.35,387.28,387.59,387.01,388.68,388.68,389.74,389.43,379.33
3928,391.49,384.32,387.31,387.62,387.02,388.71,388.7,389.52,389.34,379.37
3929,391.51,384.31,387.34,387.64,387.02,388.73,388.71,389.39,389.27,379.37
3930,391.52,384.31,387.35,387.66,387.04,388.76,388.54,389.45,389.2,379.37
3931,391.55,384.31,387.39,387.69,387.04,388.78,388.27,389.53,389.04,379.36
3932,391.56,384.37,387.41,387.71,387.02,388.82,388.12,389.62,388.91,379.41
3933,391.58,384.41,387.39,387.71,387.02,388.84,388.13,389.58,388.91,379.47
3934,391.6,384.45,387.38,387.71,387.04,388.87,388.21,389.36,388.96,379.52
3935,391.61,384.46,387.35,387.72,387.04,388.91,388.3,389.15,389.03,379.57
3936,391.62,384.46,387.34,387.73,387.06,388.92,388.36,389.0,389.09,379.63
3937,391.63,384.45,387.34,387.73,387.07,388.93,388.36,388.92,389.11,379.68
3938,391.65,384.46,387.35,387.7,387.08,388.95,388.38,388.92,389.17,379.76
3939,391.67,384.45,387.37,387.68,387.11,388.96,388.42,388.98,389.25,379.83
3940,391.68,384.45,387.36,387.66,387.16,388.97,388.54,389.05,389.37,379.88
3941,391.68,384.45,387.32,387.63,387.15,388.97,388.62,389.14,389.31,379.9
3942,391.7,384.38,387.24,387.57,387.12,388.94,388.51,388.98,389.03,379.81
3943,391.69,384.27,387.13,387.43,387.05,388.89,388.33,388.7,388.67,379.62
3944,391.65,384.1,387.01,387.29,386.95,388.79,388.15,388.37,388.11,379.37
3945,391.64,383.91,386.87,387.1,386.85,388.68,387.99,387.97,387.46,379.05
3946,391.61,383.72,386.74,386.91,386.73,388.55,387.73,387.67,386.85,378.71
3947,391.55,383.52,386.62,386.78,386.6,388.47,387.4,387.57,386.25,378.34
3948,391.47,383.3,386.44,386.57,386.39,388.34,387.03,387.32,385.4,377.83
3949,391.39,383.13,386.28,386.36,386.18,388.21,386.64,386.98,384.79,377.35
3950,391.31,383.03,386.16,386.14,386.05,388.09,386.36,386.62,384.45,377.06
3951,391.23,382.94,386.03,385.98,385.92,387.96,385.95,386.33,384.16,376.79
3952,391.15,382.84,385.9,385.84,385.8,387.81,385.66,386.18,383.94,376.51
3953,391.07,382.73,385.76,385.71,385.68,387.66,385.47,386.1,383.82,376.22
