time,TC1,TC2,TC3,TC4,TC5,TC6,TC7,TC8,TC9,TC10
1,359.37,359.05,360.13,360.63,360.01,361.99,359.06,359.42,355.24,333.8
2,359.32,359.01,360.11,360.61,359.99,361.97,359.08,359.43,355.22,333.5
3,359.29,358.97,360.07,360.57,359.99,361.96,359.11,359.55,355.42,333.28
4,359.23,358.93,360.02,360.58,359.99,361.96,359.3,359.82,356.22,333.13
5,359.17,358.9,360.0,360.58,360.02,361.97,359.51,360.02,357.12,333.2
6,359.14,358.89,359.99,360.6,360.02,361.99,359.64,360.3,357.69,333.36
7,359.12,358.89,359.98,360.62,360.05,362.02,359.71,360.54,358.19,333.54
8,359.09,358.89,359.97,360.64,360.05,362.07,359.7,360.72,358.62,333.7
9,359.07,358.88,359.97,360.63,360.06,362.13,359.73,360.83,358.98,333.85
10,359.04,358.88,359.96,360.6,360.07,362.18,359.79,360.94,359.28,333.95
11,359.01,358.86,359.94,360.59,360.09,362.21,359.88,361.07,359.54,334.0
12,359.0,358.8,359.92,360.57,360.09,362.24,359.99,361.22,359.77,334.04
13,358.97,358.78,359.89,360.57,360.13,362.27,360.16,361.38,360.0,334.09
14,358.94,358.79,359.87,360.58,360.16,362.29,360.31,361.48,360.12,334.16
15,358.93,358.8,359.86,360.6,360.18,362.33,360.41,361.63,360.09,334.23
16,358.9,358.82,359.86,360.62,360.21,362.38,360.49,361.76,360.04,334.27
17,358.89,358.83,359.84,360.64,360.22,362.44,360.54,361.84,360.0,334.3
18,358.88,358.84,359.83,360.65,360.25,362.5,360.58,361.89,360.03,334.32
19,358.87,358.86,359.83,360.67,360.29,362.55,360.63,361.96,360.13,334.36
20,358.86,358.86,359.84,360.68,360.31,362.62,360.68,362.03,360.23,334.42
21,358.84,358.85,359.83,360.69,360.33,362.64,360.76,362.09,360.29,334.5
22,358.82,358.84,359.81,360.7,360.36,362.7,360.89,362.2,360.39,334.65
23,358.8,358.85,359.81,360.72,360.39,362.75,361.05,362.31,360.54,334.82
24,358.79,358.86,359.79,360.73,360.41,362.81,361.14,362.44,360.67,334.93
25,358.77,358.87,359.79,360.74,360.42,362.85,361.23,362.53,360.81,335.04
26,358.76,358.87,359.78,360.75,360.43,362.87,361.3,362.59,360.95,335.16
27,358.76,358.88,359.77,360.76,360.44,362.91,361.36,362.66,361.08,335.26
28,358.74,358.89,359.76,360.77,360.45,362.95,361.42,362.71,361.23,335.39
29,358.74,358.89,359.75,360.77,360.46,362.99,361.47,362.75,361.37,335.51
30,358.72,358.89,359.74,360.78,360.46,363.01,361.53,362.77,361.5,335.68
31,358.73,358.92,359.75,360.79,360.48,363.04,361.62,362.78,361.7,335.98
32,358.72,358.93,359.75,360.79,360.5,363.07,361.68,362.82,361.89,336.26
33,358.71,358.94,359.74,360.79,360.5,363.09,361.7,362.83,361.98,336.4
34,358.7,358.94,359.74,360.79,360.51,363.12,361.72,362.87,362.07,336.54
35,358.68,358.95,359.73,360.79,360.51,363.15,361.74,362.92,362.15,336.68
36,358.67,358.95,359.73,360.79,360.51,363.18,361.75,362.95,362.25,336.86
37,358.67,358.96,359.74,360.79,360.51,363.21,361.78,363.02,362.37,337.07
38,358.66,358.97,359.73,360.79,360.5,363.23,361.81,363.08,362.47,337.32
39,358.65,358.97,359.73,360.77,360.51,363.25,361.86,363.14,362.55,337.57
40,358.65,359.0,359.75,360.78,360.52,363.26,361.93,363.19,362.65,337.93
41,358.63,359.01,359.76,360.77,360.53,363.28,361.96,363.24,362.75,338.23
42,358.62,359.01,359.76,360.76,360.53,363.29,361.96,363.29,362.82,338.41
43,358.62,359.02,359.77,360.75,360.53,363.3,361.95,363.33,362.89,338.61
44,358.61,359.03,359.77,360.74,360.53,363.31,361.94,363.34,362.97,338.82
45,358.6,359.03,359.78,360.73,360.54,363.32,361.92,363.36,363.07,339.06
46,358.59,359.04,359.78,360.74,360.54,363.34,361.91,363.38,363.15,339.28
47,358.58,359.01,359.78,360.73,360.54,363.35,361.89,363.42,363.25,339.49
48,358.57,359.0,359.79,360.73,360.54,363.35,361.88,363.44,363.34,339.68
49,358.55,358.97,359.78,360.73,360.54,363.36,361.88,363.45,363.44,339.93
50,358.53,358.94,359.78,360.74,360.56,363.38,361.91,363.47,363.53,340.17
51,358.52,358.93,359.79,360.74,360.56,363.39,361.93,363.49,363.58,340.31
52,358.51,358.91,359.79,360.75,360.55,363.39,361.97,363.51,363.64,340.45
53,358.5,358.9,359.79,360.75,360.56,363.4,362.01,363.53,363.7,340.58
54,358.47,358.9,359.79,360.75,360.56,363.4,362.05,363.55,363.76,340.69
55,358.46,358.87,359.79,360.75,360.55,363.41,362.08,363.58,363.82,340.82
56,358.45,358.86,359.8,360.76,360.56,363.42,362.12,363.62,363.86,340.95
57,358.43,358.86,359.8,360.76,360.56,363.43,362.15,363.65,363.89,341.1
58,358.42,358.85,359.81,360.76,360.58,363.43,362.2,363.69,363.93,341.33
59,358.4,358.83,359.82,360.76,360.59,363.45,362.25,363.72,363.99,341.61
60,358.39,358.82,359.82,360.77,360.6,363.46,362.27,363.75,364.03,341.8
61,358.37,358.8,359.82,360.76,360.6,363.46,362.29,363.76,364.09,342.0
62,358.37,358.79,359.82,360.77,360.61,363.46,362.32,363.79,364.15,342.22
63,358.35,358.76,359.83,360.78,360.62,363.49,362.34,363.83,364.21,342.43
64,358.34,358.75,359.82,360.79,360.63,363.5,362.35,363.86,364.27,342.65
65,358.34,358.74,359.83,360.79,360.65,363.51,362.38,363.9,364.35,342.87
66,358.33,358.74,359.84,360.8,360.67,363.53,362.4,363.92,364.39,343.08
67,358.32,358.72,359.84,360.81,360.69,363.54,362.43,363.94,364.47,343.37
68,358.3,358.7,359.84,360.8,360.71,363.55,362.46,363.95,364.54,343.65
69,358.3,358.7,359.85,360.82,360.74,363.57,362.48,363.99,364.59,343.82
70,358.29,358.69,359.85,360.84,360.76,363.58,362.51,364.02,364.62,343.98
71,358.27,358.67,359.85,360.85,360.79,363.6,362.53,364.05,364.64,344.14
72,358.25,358.66,359.84,360.86,360.79,363.62,362.53,364.07,364.66,344.3
73,358.24,358.64,359.84,360.87,360.8,363.64,362.54,364.08,364.68,344.46
74,358.23,358.62,359.83,360.88,360.82,363.66,362.57,364.09,364.7,344.62
75,358.22,358.61,359.85,360.89,360.85,363.68,362.58,364.09,364.73,344.81
76,358.2,358.6,359.84,360.91,360.89,363.7,362.61,364.1,364.78,345.06
77,358.19,358.58,359.84,360.92,360.91,363.73,362.65,364.1,364.83,345.29
78,358.18,358.57,359.84,360.93,360.94,363.76,362.67,364.11,364.86,345.43
79,358.16,358.55,359.85,360.94,360.95,363.78,362.68,364.11,364.89,345.56
80,358.15,358.53,359.84,360.95,360.97,363.8,362.7,364.12,364.91,345.7
81,358.15,358.52,359.85,360.95,360.99,363.83,362.72,364.13,364.96,345.85
82,358.14,358.51,359.85,360.97,361.02,363.85,362.75,364.15,365.0,346.0
83,358.13,358.49,359.85,360.98,361.04,363.88,362.76,364.16,365.04,346.15
84,358.13,358.48,359.85,360.99,361.05,363.9,362.78,364.17,365.07,346.3
85,358.11,358.45,359.84,361.0,361.08,363.91,362.8,364.18,365.14,346.51
86,358.1,358.43,359.84,361.01,361.1,363.94,362.84,364.21,365.21,346.69
87,358.08,358.42,359.84,361.01,361.13,363.96,362.85,364.23,365.24,346.81
88,358.07,358.4,359.85,361.03,361.14,363.99,362.87,364.25,365.28,346.94
89,358.06,358.38,359.83,361.02,361.15,363.99,362.88,364.27,365.31,347.06
90,358.04,358.36,359.83,361.03,361.15,364.01,362.89,364.31,365.33,347.18
91,358.03,358.34,359.84,361.04,361.17,364.03,362.91,364.33,365.36,347.28
92,358.02,358.32,359.83,361.05,361.18,364.05,362.92,364.36,365.37,347.37
93,358.01,358.31,359.83,361.05,361.19,364.06,362.93,364.41,365.39,347.5
94,357.99,358.29,359.83,361.05,361.2,364.07,362.95,364.43,365.4,347.7
95,357.96,358.25,359.82,361.05,361.21,364.09,362.96,364.46,365.43,347.91
96,357.96,358.24,359.82,361.07,361.22,364.1,362.98,364.48,365.48,348.06
97,357.95,358.23,359.82,361.06,361.22,364.11,362.99,364.51,365.51,348.2
98,357.94,358.23,359.82,361.07,361.24,364.12,363.0,364.53,365.56,348.34
99,357.93,358.21,359.82,361.07,361.26,364.13,363.01,364.55,365.6,348.46
100,357.91,358.19,359.82,361.08,361.25,364.14,363.03,364.57,365.63,348.57
101,357.91,358.17,359.82,361.08,361.26,364.16,363.03,364.59,365.66,348.67
102,357.88,358.16,359.82,361.08,361.27,364.16,363.03,364.6,365.7,348.76
103,357.87,358.13,359.82,361.09,361.29,364.17,363.03,364.61,365.75,348.91
104,357.84,358.1,359.81,361.1,361.3,364.19,363.04,364.63,365.78,349.06
105,357.84,358.08,359.82,361.11,361.3,364.2,363.05,364.65,365.81,349.15
106,357.82,358.06,359.81,361.11,361.32,364.21,363.06,364.65,365.82,349.26
107,357.81,358.03,359.8,361.11,361.33,364.23,363.08,364.66,365.85,349.37
108,357.8,358.02,359.81,361.12,361.33,364.24,363.08,364.67,365.87,349.47
109,357.78,358.0,359.8,361.12,361.35,364.25,363.1,364.68,365.89,349.59
110,357.77,357.98,359.8,361.11,361.36,364.26,363.12,364.69,365.92,349.73
111,357.77,357.96,359.81,361.12,361.37,364.26,363.13,364.7,365.94,349.86
112,357.75,357.94,359.81,361.12,361.39,364.28,363.15,364.71,365.98,350.05
113,357.74,357.92,359.81,361.12,361.41,364.29,363.16,364.73,366.03,350.24
114,357.72,357.9,359.82,361.13,361.42,364.31,363.18,364.76,366.05,350.34
115,357.71,357.88,359.82,361.13,361.44,364.33,363.18,364.78,366.07,350.44
116,357.68,357.87,359.81,361.13,361.45,364.34,363.18,364.79,366.1,350.51
117,357.67,357.84,359.81,361.14,361.45,364.36,363.19,364.82,366.11,350.58
118,357.66,357.82,359.81,361.14,361.45,364.38,363.2,364.84,366.14,350.64
119,357.63,357.8,359.8,361.14,361.47,364.39,363.21,364.84,366.16,350.72
120,357.62,357.77,359.79,361.15,361.47,364.4,363.21,364.86,366.17,350.8
121,357.61,357.74,359.8,361.14,361.49,364.42,363.24,364.88,366.21,350.95
122,357.57,357.72,359.8,361.15,361.5,364.43,363.27,364.9,366.24,351.11
123,357.57,357.7,359.79,361.15,361.52,364.44,363.29,364.91,366.27,351.22
124,357.55,357.66,359.79,361.16,361.51,364.46,363.31,364.94,366.29,351.34
125,357.55,357.64,359.79,361.17,361.53,364.48,363.33,364.97,366.32,351.45
126,357.54,357.63,359.79,361.18,361.54,364.49,363.36,364.98,366.35,351.57
127,357.52,357.62,359.8,361.18,361.56,364.5,363.39,365.0,366.38,351.66
128,357.51,357.58,359.78,361.18,361.55,364.51,363.41,365.02,366.41,351.74
129,357.5,357.56,359.79,361.18,361.57,364.52,363.43,365.04,366.44,351.82
130,357.47,357.52,359.78,361.19,361.58,364.53,363.46,365.06,366.48,351.94
131,357.45,357.5,359.77,361.19,361.6,364.55,363.49,365.08,366.52,352.08
132,357.44,357.48,359.77,361.2,361.6,364.56,363.5,365.11,366.55,352.16
133,357.42,357.45,359.77,361.21,361.61,364.57,363.5,365.14,366.56,352.25
134,357.42,357.44,359.77,361.21,361.62,364.58,363.52,365.15,366.59,352.36
135,357.4,357.42,359.78,361.21,361.64,364.6,363.54,365.17,366.61,352.46
136,357.4,357.4,359.77,361.21,361.64,364.61,363.56,365.2,366.64,352.56
137,357.38,357.39,359.77,361.22,361.64,364.64,363.57,365.22,366.66,352.66
138,357.37,357.38,359.78,361.23,361.66,364.65,363.58,365.24,366.71,352.75
139,357.34,357.35,359.77,361.23,361.68,364.67,363.59,365.25,366.75,352.87
140,357.32,357.33,359.77,361.24,361.69,364.68,363.61,365.27,366.79,352.97
141,357.3,357.3,359.75,361.24,361.71,364.7,363.63,365.29,366.81,353.03
142,357.3,357.28,359.76,361.26,361.71,364.72,363.65,365.32,366.84,353.09
143,357.29,357.27,359.77,361.26,361.73,364.73,363.67,365.33,366.85,353.16
144,357.28,357.25,359.75,361.26,361.73,364.75,363.69,365.34,366.89,353.2
145,357.26,357.24,359.76,361.26,361.75,364.77,363.71,365.35,366.9,353.23
146,357.25,357.22,359.76,361.26,361.76,364.78,363.73,365.38,366.92,353.26
147,357.23,357.2,359.75,361.27,361.77,364.79,363.74,365.4,366.93,353.27
148,357.21,357.17,359.75,361.28,361.78,364.8,363.79,365.41,366.97,353.34
149,357.21,357.14,359.75,361.29,361.78,364.82,363.82,365.43,367.0,353.43
150,357.19,357.13,359.74,361.29,361.81,364.84,363.85,365.45,367.02,353.53
151,357.16,357.1,359.74,361.3,361.81,364.85,363.86,365.47,367.03,353.62
152,357.16,357.09,359.74,361.31,361.81,364.87,363.89,365.48,367.06,353.73
153,357.15,357.07,359.73,361.32,361.82,364.89,363.92,365.51,367.08,353.83
154,357.13,357.06,359.75,361.31,361.83,364.9,363.93,365.52,367.1,353.91
155,357.12,357.03,359.73,361.32,361.84,364.91,363.95,365.54,367.12,354.0
156,357.1,357.02,359.73,361.33,361.85,364.93,363.97,365.55,367.15,354.09
157,357.09,356.98,359.73,361.34,361.86,364.94,364.0,365.57,367.19,354.2
158,357.07,356.97,359.73,361.34,361.88,364.95,364.03,365.59,367.22,354.27
159,357.05,356.94,359.72,361.35,361.88,364.98,364.04,365.61,367.24,354.31
160,357.05,356.92,359.72,361.37,361.89,365.0,364.06,365.64,367.26,354.36
161,357.03,356.91,359.72,361.37,361.9,365.01,364.08,365.66,367.29,354.43
162,357.02,356.89,359.72,361.38,361.92,365.04,364.11,365.68,367.31,354.51
163,357.0,356.88,359.71,361.39,361.92,365.05,364.12,365.71,367.33,354.6
164,356.99,356.86,359.71,361.39,361.93,365.07,364.14,365.74,367.35,354.66
165,356.97,356.82,359.69,361.39,361.94,365.07,364.15,365.76,367.38,354.72
166,356.96,356.8,359.7,361.4,361.95,365.09,364.19,365.77,367.41,354.79
167,356.94,356.77,359.69,361.39,361.96,365.1,364.21,365.79,367.45,354.84
168,356.93,356.76,359.7,361.4,361.98,365.12,364.25,365.83,367.48,354.89
169,356.91,356.75,359.7,361.41,361.99,365.13,364.27,365.84,367.5,354.93
170,356.9,356.73,359.69,361.42,362.0,365.15,364.28,365.86,367.52,354.97
171,356.88,356.71,359.69,361.42,362.01,365.16,364.29,365.88,367.54,355.01
172,356.88,356.69,359.69,361.43,362.01,365.18,364.31,365.9,367.56,355.08
173,356.86,356.67,359.69,361.43,362.02,365.19,364.33,365.92,367.58,355.15
174,356.86,356.66,359.69,361.45,362.04,365.21,364.35,365.94,367.6,355.2
175,356.83,356.63,359.69,361.45,362.05,365.22,364.38,365.95,367.63,355.27
176,356.81,356.61,359.68,361.46,362.06,365.24,364.39,365.97,367.66,355.33
177,356.8,356.6,359.68,361.47,362.07,365.25,364.42,365.99,367.69,355.36
178,356.78,356.58,359.68,361.47,362.08,365.27,364.44,366.01,367.7,355.37
179,356.78,356.56,359.68,361.48,362.09,365.28,364.45,366.02,367.72,355.39
180,356.75,356.54,359.68,361.49,362.1,365.3,364.47,366.04,367.73,355.39
181,356.75,356.53,359.68,361.49,362.11,365.3,364.47,366.05,367.75,355.42
182,356.73,356.51,359.67,361.49,362.12,365.31,364.48,366.06,367.77,355.45
183,356.71,356.49,359.66,361.49,362.12,365.32,364.5,366.07,367.78,355.49
184,356.69,356.47,359.67,361.5,362.15,365.34,364.52,366.09,367.79,355.58
185,356.68,356.44,359.66,361.51,362.16,365.36,364.54,366.11,367.81,355.65
186,356.66,356.42,359.65,361.51,362.17,365.37,364.55,366.13,367.83,355.71
187,356.65,356.41,359.65,361.52,362.17,365.37,364.57,366.13,367.85,355.77
188,356.64,356.39,359.65,361.52,362.19,365.39,364.57,366.14,367.87,355.82
189,356.63,356.38,359.65,361.53,362.19,365.39,364.59,366.15,367.88,355.87
190,356.62,356.37,359.66,361.53,362.21,365.41,364.61,366.18,367.91,355.92
191,356.61,356.35,359.64,361.54,362.21,365.43,364.62,366.19,367.93,355.95
192,356.59,356.33,359.65,361.54,362.22,365.44,364.63,366.22,367.94,356.01
193,356.58,356.3,359.65,361.55,362.23,365.46,364.67,366.24,367.98,356.07
194,356.56,356.28,359.65,361.55,362.25,365.48,364.69,366.28,368.01,356.13
195,356.55,356.27,359.64,361.55,362.26,365.49,364.7,366.31,368.03,356.18
196,356.55,356.24,359.64,361.56,362.27,365.51,364.73,366.32,368.06,356.22
197,356.53,356.23,359.64,361.57,362.28,365.53,364.74,366.35,368.07,356.25
198,356.52,356.22,359.64,361.57,362.29,365.54,364.76,366.38,368.09,356.28
199,356.51,356.2,359.64,361.58,362.29,365.56,364.78,366.4,368.1,356.29
200,356.49,356.18,359.63,361.58,362.31,365.58,364.8,366.43,368.12,356.31
201,356.48,356.17,359.64,361.58,362.31,365.59,364.82,366.45,368.12,356.3
202,356.47,356.15,359.62,361.58,362.33,365.61,364.86,366.47,368.16,356.28
203,356.46,356.13,359.62,361.58,362.35,365.62,364.89,366.49,368.19,356.27
204,356.44,356.13,359.63,361.59,362.37,365.64,364.92,366.51,368.2,356.31
205,356.44,356.11,359.63,361.6,362.38,365.65,364.93,366.53,368.19,356.34
206,356.43,356.1,359.62,361.6,362.38,365.67,364.95,366.55,368.21,356.37
207,356.42,356.08,359.63,361.6,362.39,365.68,364.97,366.58,368.21,356.39
208,356.4,356.06,359.61,361.61,362.41,365.7,364.98,366.6,368.23,356.42
209,356.4,356.05,359.61,361.6,362.42,365.7,365.0,366.61,368.24,356.46
210,356.39,356.04,359.61,361.61,362.42,365.72,365.01,366.62,368.26,356.5
211,356.37,356.01,359.62,361.62,362.43,365.73,365.03,366.63,368.29,356.55
212,356.35,355.99,359.61,361.62,362.44,365.75,365.05,366.65,368.34,356.63
213,356.34,355.97,359.6,361.63,362.45,365.77,365.06,366.66,368.36,356.67
214,356.33,355.95,359.6,361.64,362.46,365.79,365.07,366.68,368.38,356.73
215,356.32,355.94,359.6,361.65,362.47,365.8,365.08,366.69,368.4,356.79
216,356.31,355.92,359.6,361.66,362.48,365.82,365.1,366.71,368.43,356.84
217,356.31,355.92,359.59,361.66,362.49,365.82,365.13,366.71,368.45,356.88
218,356.3,355.91,359.61,361.67,362.5,365.84,365.15,366.74,368.48,356.93
219,356.28,355.89,359.59,361.67,362.51,365.86,365.16,366.76,368.49,356.96
220,356.26,355.87,359.59,361.68,362.52,365.88,365.19,366.78,368.52,357.03
221,356.25,355.86,359.59,361.68,362.54,365.89,365.2,366.8,368.53,357.07
222,356.24,355.85,359.59,361.69,362.55,365.91,365.22,366.82,368.55,357.08
223,356.22,355.84,359.59,361.69,362.56,365.93,365.23,366.85,368.56,357.1
224,356.22,355.81,359.58,361.69,362.56,365.94,365.24,366.86,368.56,357.1
225,356.2,355.81,359.59,361.7,362.58,365.95,365.25,366.88,368.57,357.12
226,356.19,355.79,359.59,361.71,362.59,365.97,365.27,366.91,368.58,357.15
227,356.18,355.78,359.58,361.71,362.6,365.99,365.28,366.93,368.6,357.16
228,356.17,355.75,359.58,361.71,362.61,365.99,365.28,366.94,368.61,357.18
229,356.15,355.72,359.58,361.72,362.62,366.01,365.31,366.95,368.64,357.19
230,356.13,355.71,359.57,361.72,362.63,366.03,365.33,366.97,368.66,357.21
231,356.12,355.69,359.56,361.73,362.64,366.05,365.35,366.99,368.7,357.22
232,356.12,355.68,359.57,361.74,362.66,366.06,365.38,367.01,368.71,357.23
233,356.12,355.67,359.56,361.75,362.67,366.07,365.4,367.02,368.73,357.22
234,356.1,355.66,359.57,361.76,362.67,366.09,365.41,367.04,368.75,357.2
235,356.08,355.65,359.57,361.77,362.69,366.1,365.44,367.06,368.77,357.19
236,356.07,355.63,359.56,361.78,362.68,366.11,365.46,367.07,368.78,357.17
237,356.07,355.61,359.55,361.78,362.7,366.13,365.47,367.09,368.79,357.17
238,356.05,355.6,359.55,361.79,362.71,366.14,365.5,367.1,368.82,357.19
239,356.05,355.58,359.56,361.79,362.72,366.15,365.53,367.11,368.85,357.22
240,356.03,355.56,359.54,361.8,362.74,366.16,365.55,367.12,368.86,357.23
241,356.02,355.56,359.54,361.8,362.74,366.17,365.57,367.14,368.88,357.25
242,356.01,355.54,359.54,361.82,362.75,366.18,365.59,367.16,368.89,357.27
243,356.0,355.53,359.53,361.82,362.76,366.18,365.61,367.18,368.91,357.29
244,356.0,355.53,359.54,361.83,362.78,366.2,365.63,367.2,368.92,357.32
245,355.98,355.51,359.53,361.84,362.78,366.22,365.65,367.22,368.95,357.36
246,355.97,355.5,359.52,361.85,362.81,366.23,365.66,367.23,368.97,357.4
247,355.96,355.49,359.52,361.85,362.82,366.24,365.68,367.24,368.99,357.44
248,355.94,355.47,359.51,361.86,362.82,366.26,365.7,367.26,369.0,357.46
249,355.92,355.46,359.52,361.85,362.84,366.28,365.72,367.27,369.02,357.47
250,355.92,355.45,359.51,361.86,362.84,366.29,365.74,367.28,369.04,357.47
251,355.9,355.44,359.51,361.85,362.86,366.29,365.75,367.3,369.04,357.47
252,355.9,355.42,359.5,361.87,362.86,366.32,365.75,367.32,369.04,357.48
253,355.88,355.4,359.5,361.86,362.88,366.33,365.77,367.34,369.06,357.5
254,355.88,355.38,359.49,361.88,362.87,366.36,365.78,367.37,369.07,357.53
255,355.86,355.36,359.5,361.89,362.89,366.38,365.8,367.39,369.08,357.56
256,355.85,355.34,359.49,361.89,362.9,366.4,365.81,367.41,369.11,357.58
257,355.85,355.33,359.5,361.9,362.92,366.42,365.84,367.43,369.13,357.61
258,355.84,355.32,359.5,361.9,362.93,366.43,365.86,367.45,369.17,357.64
259,355.83,355.31,359.49,361.91,362.94,366.45,365.87,367.47,369.19,357.66
260,355.82,355.31,359.5,361.92,362.96,366.47,365.89,367.48,369.21,357.71
261,355.81,355.29,359.48,361.92,362.96,366.48,365.91,367.5,369.23,357.74
262,355.8,355.29,359.49,361.92,362.98,366.49,365.93,367.51,369.25,357.78
263,355.78,355.28,359.48,361.93,362.98,366.51,365.92,367.53,369.26,357.82
264,355.78,355.26,359.48,361.93,362.99,366.52,365.95,367.54,369.28,357.84
265,355.77,355.25,359.47,361.93,363.0,366.53,365.97,367.56,369.31,357.89
266,355.75,355.23,359.47,361.93,363.01,366.54,365.97,367.57,369.33,357.92
267,355.74,355.21,359.47,361.94,363.02,366.56,365.99,367.59,369.35,357.93
268,355.73,355.2,359.47,361.95,363.03,366.57,365.99,367.61,369.37,357.95
269,355.72,355.19,359.47,361.96,363.04,366.59,366.02,367.63,369.38,357.96
270,355.72,355.17,359.46,361.97,363.05,366.6,366.04,367.65,369.4,357.96
271,355.72,355.15,359.47,361.98,363.07,366.62,366.06,367.68,369.4,357.97
272,355.7,355.15,359.46,361.98,363.08,366.64,366.08,367.7,369.41,357.98
273,355.69,355.14,359.47,362.0,363.1,366.65,366.1,367.71,369.43,358.01
274,355.68,355.13,359.47,362.0,363.11,366.67,366.15,367.74,369.46,358.05
275,355.67,355.12,359.45,362.01,363.12,366.69,366.18,367.77,369.48,358.07
276,355.66,355.11,359.46,362.02,363.14,366.71,366.22,367.79,369.52,358.1
277,355.66,355.11,359.46,362.03,363.15,366.73,366.24,367.82,369.54,358.12
278,355.65,355.1,359.47,362.04,363.17,366.74,366.26,367.83,369.55,358.15
279,355.64,355.09,359.45,362.04,363.18,366.76,366.27,367.86,369.58,358.17
280,355.61,355.07,359.45,362.05,363.18,366.78,366.27,367.88,369.58,358.19
281,355.62,355.06,359.46,362.06,363.2,366.79,366.3,367.9,369.61,358.2
282,355.61,355.05,359.45,362.07,363.21,366.81,366.3,367.91,369.63,358.22
283,355.59,355.04,359.45,362.08,363.22,366.82,366.33,367.94,369.65,358.23
284,355.59,355.02,359.45,362.08,363.24,366.83,366.35,367.95,369.67,358.23
285,355.58,355.0,359.45,362.09,363.25,366.85,366.36,367.96,369.68,358.23
286,355.57,355.0,359.45,362.09,363.27,366.86,366.38,367.99,369.69,358.26
287,355.56,354.99,359.45,362.1,363.27,366.88,366.39,368.01,369.71,358.29
288,355.56,354.98,359.45,362.11,363.29,366.89,366.41,368.03,369.72,358.33
289,355.54,354.97,359.44,362.12,363.3,366.91,366.42,368.05,369.73,358.34
290,355.52,354.96,359.43,362.12,363.3,366.93,366.43,368.09,369.74,358.33
291,355.52,354.96,359.43,362.13,363.31,366.95,366.46,368.11,369.77,358.34
292,355.5,354.94,359.43,362.13,363.32,366.96,366.49,368.13,369.79,358.33
293,355.5,354.93,359.43,362.14,363.35,366.98,366.53,368.15,369.82,358.32
294,355.49,354.92,359.43,362.15,363.35,366.99,366.54,368.16,369.84,358.31
295,355.49,354.91,359.43,362.15,363.37,367.0,366.57,368.18,369.86,358.29
296,355.48,354.9,359.43,362.17,363.38,367.02,366.6,368.19,369.87,358.3
297,355.47,354.88,359.43,362.17,363.39,367.04,366.61,368.21,369.89,358.29
298,355.45,354.87,359.42,362.19,363.4,367.06,366.63,368.23,369.91,358.32
299,355.44,354.85,359.41,362.19,363.41,367.07,366.65,368.25,369.93,358.34
300,355.44,354.85,359.42,362.19,363.42,367.08,366.68,368.27,369.94,358.36
301,355.43,354.83,359.42,362.2,363.43,367.1,366.7,368.3,369.97,358.36
302,355.42,354.83,359.42,362.21,363.46,367.11,366.73,368.31,369.99,358.39
303,355.41,354.82,359.41,362.21,363.46,367.12,366.75,368.33,370.01,358.42
304,355.41,354.82,359.41,362.22,363.48,367.14,366.75,368.35,370.04,358.46
305,355.4,354.81,359.42,362.22,363.49,367.16,366.78,368.37,370.07,358.5
306,355.39,354.8,359.41,362.23,363.5,367.17,366.78,368.38,370.06,358.53
307,355.38,354.78,359.4,362.24,363.51,367.2,366.79,368.4,370.08,358.56
308,355.38,354.76,359.41,362.24,363.52,367.2,366.79,368.41,370.1,358.58
309,355.37,354.77,359.41,362.25,363.53,367.22,366.8,368.41,370.11,358.62
310,355.37,354.75,359.4,362.25,363.55,367.23,366.82,368.42,370.15,358.67
311,355.36,354.74,359.42,362.26,363.58,367.25,366.84,368.44,370.17,358.7
312,355.35,354.74,359.41,362.27,363.59,367.27,366.86,368.46,370.18,358.72
313,355.36,354.73,359.41,362.28,363.6,367.28,366.86,368.47,370.2,358.76
314,355.34,354.72,359.41,362.29,363.61,367.3,366.88,368.49,370.21,358.77
315,355.33,354.72,359.41,362.28,363.61,367.31,366.9,368.5,370.21,358.77
316,355.3,354.7,359.4,362.29,363.62,367.32,366.92,368.52,370.22,358.75
317,355.31,354.69,359.39,362.3,363.62,367.34,366.92,368.55,370.23,358.74
318,355.29,354.68,359.39,362.31,363.63,367.35,366.94,368.56,370.25,358.74
319,355.29,354.67,359.4,362.31,363.65,367.37,366.97,368.58,370.27,358.78
320,355.29,354.66,359.39,362.31,363.67,367.37,367.0,368.6,370.31,358.8
321,355.28,354.65,359.4,362.33,363.68,367.4,367.01,368.6,370.34,358.82
322,355.27,354.63,359.38,362.34,363.68,367.41,367.03,368.62,370.34,358.81
323,355.27,354.63,359.4,362.35,363.71,367.43,367.06,368.64,370.37,358.83
324,355.25,354.62,359.39,362.36,363.72,367.45,367.07,368.66,370.38,358.82
325,355.25,354.61,359.39,362.36,363.73,367.47,367.09,368.68,370.39,358.82
326,355.26,354.61,359.39,362.37,363.74,367.47,367.12,368.7,370.4,358.84
327,355.25,354.61,359.41,362.37,363.77,367.5,367.14,368.72,370.44,358.87
328,355.24,354.59,359.4,362.39,363.78,367.52,367.16,368.76,370.44,358.86
329,355.23,354.58,359.4,362.39,363.8,367.54,367.18,368.77,370.46,358.88
330,355.22,354.57,359.4,362.4,363.81,367.56,367.19,368.8,370.48,358.89
331,355.22,354.57,359.4,362.41,363.82,367.57,367.2,368.81,370.5,358.91
332,355.2,354.54,359.39,362.4,363.82,367.58,367.19,368.83,370.51,358.92
333,355.2,354.55,359.39,362.4,363.82,367.6,367.2,368.85,370.53,358.95
334,355.2,354.54,359.4,362.41,363.85,367.61,367.22,368.85,370.56,358.99
335,355.18,354.52,359.39,362.41,363.85,367.63,367.22,368.87,370.56,359.0
336,355.18,354.51,359.39,362.42,363.86,367.64,367.24,368.88,370.57,359.03
337,355.17,354.49,359.38,362.43,363.87,367.65,367.26,368.88,370.59,359.06
338,355.17,354.48,359.39,362.43,363.89,367.66,367.29,368.89,370.62,359.1
339,355.17,354.47,359.38,362.44,363.91,367.68,367.31,368.91,370.63,359.11
340,355.15,354.48,359.39,362.45,363.91,367.7,367.33,368.92,370.63,359.1
341,355.15,354.46,359.38,362.46,363.92,367.71,367.33,368.93,370.63,359.1
342,355.14,354.46,359.38,362.46,363.93,367.74,367.35,368.94,370.62,359.12
343,355.15,354.46,359.38,362.47,363.95,367.74,367.38,368.95,370.64,359.14
344,355.13,354.45,359.38,362.46,363.95,367.75,367.39,368.95,370.63,359.15
345,355.12,354.44,359.37,362.47,363.96,367.76,367.41,368.96,370.65,359.19
346,355.12,354.42,359.37,362.48,363.97,367.77,367.44,368.98,370.66,359.28
347,355.11,354.41,359.37,362.48,363.99,367.79,367.47,369.0,370.69,359.36
348,355.1,354.39,359.37,362.49,364.0,367.81,367.49,369.02,370.7,359.39
349,355.1,354.39,359.37,362.49,364.01,367.82,367.51,369.04,370.73,359.44
350,355.1,354.37,359.36,362.49,364.02,367.84,367.52,369.07,370.75,359.47
351,355.09,354.37,359.36,362.49,364.03,367.85,367.55,369.09,370.76,359.5
352,355.08,354.36,359.37,362.5,364.04,367.86,367.58,369.12,370.8,359.54
353,355.07,354.36,359.37,362.51,364.05,367.88,367.59,369.14,370.81,359.56
354,355.08,354.36,359.37,362.51,364.07,367.9,367.62,369.17,370.84,359.59
355,355.07,354.35,359.37,362.51,364.09,367.91,367.65,369.19,370.88,359.63
356,355.07,354.35,359.37,362.52,364.1,367.92,367.67,369.2,370.91,359.67
357,355.06,354.34,359.36,362.53,364.11,367.94,367.69,369.22,370.94,359.69
358,355.05,354.33,359.37,362.54,364.11,367.95,367.7,369.23,370.97,359.71
359,355.03,354.32,359.36,362.56,364.12,367.98,367.7,369.25,370.98,359.72
360,355.03,354.31,359.34,362.56,364.13,367.99,367.71,369.26,371.0,359.72
361,355.03,354.31,359.36,362.58,364.15,368.01,367.73,369.28,371.03,359.73
362,355.03,354.29,359.35,362.59,364.16,368.02,367.74,369.29,371.04,359.74
363,355.02,354.29,359.35,362.59,364.17,368.04,367.76,369.32,371.05,359.76
364,355.01,354.28,359.35,362.59,364.18,368.06,367.77,369.32,371.05,359.75
365,354.99,354.26,359.35,362.59,364.2,368.07,367.79,369.34,371.06,359.75
366,354.99,354.24,359.34,362.6,364.2,368.08,367.8,369.35,371.07,359.75
367,354.98,354.24,359.35,362.6,364.22,368.09,367.82,369.38,371.09,359.78
368,354.97,354.23,359.34,362.61,364.22,368.11,367.83,369.42,371.1,359.78
369,354.97,354.22,359.35,362.62,364.24,368.13,367.84,369.44,371.12,359.78
370,354.96,354.2,359.34,362.61,364.24,368.14,367.86,369.46,371.13,359.77
371,354.96,354.19,359.34,362.62,364.25,368.15,367.87,369.48,371.15,359.77
372,354.96,354.2,359.35,362.63,364.27,368.16,367.89,369.51,371.17,359.79
373,354.95,354.19,359.34,362.64,364.29,368.18,367.91,369.53,371.21,359.84
374,354.94,354.19,359.34,362.66,364.31,368.2,367.92,369.55,371.24,359.9
375,354.93,354.17,359.34,362.67,364.32,368.22,367.94,369.57,371.26,359.94
376,354.92,354.17,359.35,362.67,364.34,368.23,367.94,369.57,371.28,359.96
377,354.92,354.16,359.34,362.67,364.34,368.25,367.96,369.59,371.29,359.98
378,354.91,354.15,359.34,362.68,364.36,368.26,367.98,369.6,371.3,360.0
379,354.91,354.15,359.33,362.69,364.36,368.27,367.99,369.61,371.31,359.98
380,354.91,354.15,359.33,362.7,364.37,368.3,368.02,369.64,371.32,359.95
381,354.91,354.13,359.35,362.71,364.39,368.31,368.06,369.65,371.35,359.95
382,354.89,354.13,359.34,362.72,364.41,368.33,368.09,369.67,371.36,359.93
383,354.88,354.12,359.33,362.73,364.42,368.35,368.12,369.69,371.38,359.93
384,354.88,354.11,359.34,362.73,364.43,368.36,368.14,369.7,371.39,359.93
385,354.86,354.1,359.33,362.74,364.44,368.37,368.17,369.71,371.4,359.94
386,354.87,354.1,359.33,362.75,364.45,368.4,368.18,369.74,371.42,359.97
387,354.87,354.1,359.34,362.77,364.47,368.42,368.21,369.77,371.44,360.0
388,354.86,354.1,359.34,362.78,364.49,368.44,368.24,369.79,371.45,360.02
389,354.86,354.1,359.34,362.78,364.5,368.46,368.26,369.81,371.47,360.04
390,354.86,354.1,359.35,362.8,364.52,368.48,368.28,369.83,371.49,360.05
391,354.85,354.08,359.34,362.81,364.53,368.5,368.29,369.84,371.51,360.06
392,354.83,354.07,359.34,362.82,364.54,368.5,368.31,369.85,371.53,360.06
393,354.83,354.06,359.33,362.82,364.55,368.52,368.32,369.86,371.54,360.07
394,354.84,354.05,359.33,362.84,364.57,368.54,368.34,369.88,371.56,360.09
395,354.82,354.05,359.34,362.84,364.58,368.55,368.35,369.9,371.58,360.12
396,354.81,354.04,359.33,362.86,364.58,368.58,368.34,369.93,371.59,360.15
397,354.8,354.03,359.32,362.86,364.59,368.59,368.36,369.95,371.61,360.19
398,354.8,354.03,359.32,362.87,364.6,368.62,368.36,369.97,371.63,360.23
399,354.8,354.02,359.33,362.87,364.62,368.62,368.37,369.98,371.64,360.26
400,354.79,354.01,359.33,362.89,364.63,368.64,368.37,370.0,371.66,360.31
401,354.79,354.01,359.33,362.9,364.65,368.65,368.39,370.02,371.68,360.37
402,354.79,354.0,359.33,362.9,364.67,368.67,368.4,370.02,371.7,360.4
403,354.79,353.99,359.33,362.91,364.68,368.69,368.41,370.02,371.71,360.43
404,354.77,353.98,359.33,362.92,364.69,368.71,368.43,370.04,371.71,360.45
405,354.77,353.97,359.33,362.94,364.71,368.73,368.46,370.06,371.73,360.49
406,354.77,353.98,359.33,362.95,364.71,368.74,368.48,370.07,371.73,360.5
407,354.76,353.97,359.33,362.96,364.73,368.76,368.51,370.09,371.73,360.53
408,354.76,353.96,359.32,362.96,364.73,368.77,368.53,370.09,371.74,360.54
409,354.75,353.96,359.33,362.97,364.76,368.78,368.57,370.12,371.75,360.56
410,354.76,353.96,359.34,362.98,364.78,368.8,368.6,370.14,371.79,360.58
411,354.74,353.95,359.35,362.98,364.79,368.81,368.61,370.17,371.81,360.62
412,354.74,353.95,359.34,362.99,364.81,368.82,368.63,370.19,371.83,360.64
413,354.75,353.94,359.34,363.0,364.81,368.84,368.64,370.2,371.85,360.66
414,354.74,353.93,359.34,363.01,364.83,368.85,368.66,370.22,371.86,360.69
415,354.74,353.93,359.35,363.03,364.84,368.87,368.67,370.24,371.88,360.69
416,354.73,353.93,359.34,363.03,364.85,368.88,368.69,370.25,371.91,360.71
417,354.71,353.92,359.34,363.05,364.86,368.9,368.71,370.27,371.93,360.72
418,354.7,353.91,359.33,363.05,364.87,368.91,368.73,370.28,371.96,360.74
419,354.69,353.9,359.34,363.05,364.89,368.93,368.75,370.31,371.99,360.79
420,354.69,353.9,359.34,363.06,364.9,368.94,368.77,370.32,372.01,360.8
421,354.68,353.89,359.33,363.06,364.91,368.96,368.78,370.35,372.02,360.83
422,354.68,353.89,359.34,363.07,364.93,368.98,368.81,370.38,372.06,360.87
423,354.68,353.88,359.33,363.07,364.93,369.0,368.83,370.4,372.08,360.91
424,354.67,353.87,359.35,363.09,364.95,369.01,368.85,370.43,372.11,360.94
425,354.68,353.87,359.34,363.08,364.97,369.03,368.87,370.44,372.14,360.98
426,354.67,353.86,359.35,363.09,364.98,369.03,368.89,370.45,372.15,360.99
427,354.66,353.85,359.34,363.09,365.0,369.04,368.9,370.46,372.19,361.03
428,354.67,353.84,359.34,363.11,365.01,369.07,368.92,370.48,372.21,361.07
429,354.66,353.85,359.36,363.12,365.03,369.08,368.93,370.51,372.22,361.1
430,354.66,353.84,359.36,363.13,365.04,369.1,368.92,370.53,372.23,361.12
431,354.65,353.83,359.36,363.14,365.05,369.12,368.92,370.55,372.23,361.14
432,354.64,353.83,359.35,363.14,365.06,369.13,368.93,370.57,372.24,361.16
433,354.65,353.83,359.35,363.16,365.07,369.15,368.93,370.58,372.26,361.17
434,354.64,353.82,359.35,363.16,365.08,369.16,368.94,370.59,372.27,361.2
435,354.62,353.82,359.35,363.17,365.08,369.17,368.94,370.6,372.29,361.22
436,354.62,353.81,359.35,363.17,365.11,369.18,368.96,370.61,372.32,361.26
437,354.61,353.8,359.35,363.18,365.12,369.2,369.0,370.63,372.34,361.29
438,354.61,353.79,359.34,363.19,365.14,369.22,369.02,370.66,372.36,361.3
439,354.62,353.79,359.35,363.21,365.14,369.23,369.04,370.67,372.38,361.29
440,354.61,353.79,359.35,363.2,365.15,369.24,369.05,370.69,372.39,361.28
441,354.62,353.78,359.36,363.21,365.18,369.25,369.06,370.7,372.4,361.28
442,354.61,353.78,359.37,363.22,365.18,369.27,369.08,370.72,372.41,361.27
443,354.6,353.77,359.36,363.23,365.2,369.29,369.09,370.73,372.41,361.26
444,354.61,353.77,359.37,363.24,365.2,369.3,369.11,370.74,372.42,361.27
445,354.6,353.77,359.37,363.25,365.23,369.32,369.13,370.75,372.43,361.27
446,354.59,353.76,359.36,363.25,365.24,369.33,369.15,370.76,372.44,361.23
447,354.59,353.76,359.36,363.24,365.25,369.35,369.17,370.76,372.45,361.22
448,354.59,353.75,359.37,363.26,365.27,369.37,369.19,370.78,372.44,361.21
449,354.57,353.75,359.37,363.27,365.27,369.38,369.21,370.8,372.45,361.2
450,354.59,353.75,359.36,363.27,365.28,369.4,369.23,370.82,372.44,361.21
451,354.57,353.74,359.36,363.28,365.3,369.41,369.25,370.84,372.45,361.21
452,354.58,353.74,359.36,363.29,365.31,369.43,369.28,370.87,372.45,361.22
453,354.57,353.74,359.36,363.29,365.33,369.44,369.3,370.88,372.47,361.23
454,354.56,353.73,359.36,363.3,365.33,369.45,369.32,370.9,372.48,361.24
455,354.56,353.72,359.36,363.31,365.36,369.46,369.35,370.91,372.5,361.25
456,354.55,353.71,359.36,363.31,365.37,369.48,369.37,370.94,372.53,361.25
457,354.55,353.71,359.36,363.32,365.38,369.5,369.38,370.96,372.54,361.26
458,354.54,353.71,359.36,363.33,365.38,369.51,369.4,370.98,372.57,361.25
459,354.54,353.71,359.36,363.34,365.4,369.52,369.42,371.0,372.6,361.25
460,354.55,353.7,359.37,363.34,365.41,369.54,369.44,371.02,372.63,361.24
461,354.53,353.69,359.37,363.35,365.43,369.56,369.45,371.03,372.65,361.24
462,354.54,353.7,359.37,363.37,365.43,369.58,369.48,371.05,372.69,361.26
463,354.52,353.69,359.37,363.38,365.45,369.6,369.5,371.06,372.72,361.3
464,354.52,353.68,359.37,363.4,365.46,369.62,369.53,371.08,372.74,361.33
465,354.51,353.67,359.36,363.41,365.47,369.63,369.55,371.1,372.76,361.34
466,354.51,353.66,359.37,363.42,365.48,369.64,369.56,371.11,372.77,361.34
467,354.5,353.65,359.36,363.43,365.49,369.66,369.59,371.13,372.78,361.34
468,354.5,353.65,359.36,363.45,365.5,369.68,369.61,371.16,372.8,361.34
469,354.48,353.65,359.36,363.45,365.51,369.69,369.62,371.17,372.81,361.36
470,354.49,353.65,359.36,363.46,365.52,369.71,369.64,371.19,372.83,361.39
471,354.48,353.65,359.37,363.48,365.54,369.72,369.67,371.21,372.85,361.4
472,354.47,353.64,359.36,363.49,365.57,369.73,369.71,371.22,372.88,361.41
473,354.48,353.64,359.37,363.5,365.58,369.76,369.72,371.24,372.9,361.41
474,354.47,353.64,359.37,363.5,365.58,369.77,369.74,371.27,372.92,361.42
475,354.46,353.64,359.37,363.52,365.6,369.79,369.76,371.29,372.92,361.44
476,354.45,353.63,359.37,363.53,365.62,369.8,369.77,371.3,372.94,361.46
477,354.47,353.62,359.38,363.54,365.62,369.82,369.79,371.32,372.95,361.5
478,354.45,353.62,359.38,363.54,365.63,369.84,369.79,371.33,372.97,361.53
479,354.45,353.61,359.37,363.55,365.65,369.86,369.81,371.36,372.98,361.57
480,354.45,353.61,359.38,363.56,365.66,369.89,369.83,371.38,372.99,361.6
481,354.44,353.6,359.38,363.57,365.68,369.9,369.84,371.39,373.01,361.61
482,354.45,353.61,359.39,363.58,365.72,369.91,369.85,371.41,373.03,361.63
483,354.44,353.61,359.39,363.58,365.71,369.92,369.84,371.42,373.04,361.64
484,354.44,353.6,359.38,363.59,365.72,369.93,369.83,371.43,373.04,361.66
485,354.44,353.6,359.39,363.6,365.74,369.94,369.83,371.46,373.06,361.7
486,354.43,353.59,359.38,363.61,365.74,369.95,369.82,371.47,373.08,361.72
487,354.43,353.59,359.39,363.63,365.77,369.97,369.83,371.48,373.1,361.75
488,354.42,353.58,359.39,363.63,365.78,369.99,369.83,371.5,373.12,361.78
489,354.42,353.58,359.39,363.65,365.79,370.01,369.85,371.51,373.13,361.82
490,354.42,353.58,359.4,363.66,365.81,370.03,369.89,371.52,373.16,361.86
491,354.41,353.57,359.4,363.66,365.82,370.03,369.93,371.54,373.19,361.89
492,354.41,353.57,359.41,363.68,365.85,370.06,369.97,371.56,373.21,361.91
493,354.42,353.57,359.41,363.68,365.86,370.07,370.02,371.58,373.22,361.94
494,354.41,353.56,359.41,363.7,365.86,370.08,370.04,371.6,373.24,361.94
495,354.41,353.56,359.42,363.7,365.88,370.09,370.08,371.63,373.25,361.93
496,354.4,353.56,359.42,363.71,365.88,370.11,370.11,371.66,373.27,361.93
497,354.4,353.55,359.41,363.72,365.9,370.11,370.13,371.67,373.28,361.93
498,354.39,353.55,359.4,363.72,365.91,370.13,370.14,371.69,373.29,361.93
499,354.39,353.55,359.41,363.73,365.93,370.15,370.15,371.71,373.32,361.93
500,354.39,353.55,359.42,363.74,365.95,370.16,370.16,371.71,373.35,361.93
501,354.39,353.54,359.42,363.74,365.96,370.17,370.17,371.72,373.38,361.95
502,354.38,353.54,359.41,363.76,365.98,370.2,370.18,371.72,373.39,361.95
503,354.39,353.55,359.44,363.77,365.99,370.22,370.22,371.73,373.43,361.95
504,354.4,353.55,359.43,363.78,366.02,370.23,370.24,371.73,373.45,361.96
505,354.39,353.56,359.44,363.79,366.03,370.24,370.25,371.76,373.46,361.95
506,354.38,353.55,359.44,363.8,366.03,370.26,370.27,371.78,373.47,361.93
507,354.38,353.54,359.43,363.81,366.05,370.27,370.3,371.8,373.49,361.92
508,354.37,353.53,359.42,363.81,366.07,370.28,370.31,371.84,373.49,361.92
509,354.37,353.53,359.43,363.83,366.08,370.3,370.34,371.85,373.5,361.92
510,354.37,353.53,359.43,363.82,366.08,370.31,370.36,371.86,373.5,361.9
511,354.36,353.52,359.42,363.85,366.1,370.32,370.37,371.88,373.52,361.89
512,354.36,353.52,359.43,363.85,366.1,370.34,370.38,371.9,373.53,361.89
513,354.36,353.51,359.43,363.87,366.11,370.36,370.39,371.92,373.54,361.88
514,354.36,353.51,359.42,363.88,366.12,370.39,370.4,371.94,373.55,361.89
515,354.35,353.51,359.42,363.89,366.13,370.41,370.41,371.95,373.55,361.89
516,354.35,353.49,359.42,363.9,366.15,370.42,370.42,371.96,373.56,361.9
517,354.35,353.49,359.42,363.9,366.16,370.44,370.43,371.97,373.59,361.93
518,354.35,353.49,359.43,363.91,366.18,370.45,370.44,371.99,373.61,361.98
519,354.35,353.48,359.42,363.92,366.18,370.47,370.44,372.01,373.61,362.01
520,354.35,353.49,359.43,363.93,366.2,370.49,370.46,372.03,373.61,362.03
521,354.35,353.49,359.43,363.93,366.21,370.5,370.47,372.04,373.61,362.03
522,354.34,353.48,359.43,363.93,366.21,370.51,370.48,372.04,373.62,362.02
523,354.35,353.48,359.45,363.94,366.23,370.53,370.5,372.06,373.64,362.01
524,354.34,353.48,359.44,363.95,366.23,370.56,370.52,372.09,373.65,362.02
525,354.34,353.47,359.44,363.95,366.24,370.56,370.55,372.11,373.65,362.06
526,354.34,353.48,359.44,363.96,366.27,370.57,370.59,372.14,373.62,362.1
527,354.33,353.47,359.44,363.97,366.28,370.59,370.6,372.17,373.6,362.14
528,354.34,353.47,359.46,363.98,366.3,370.6,370.63,372.19,373.61,362.17
529,354.35,353.49,359.46,363.98,366.31,370.62,370.63,372.2,373.62,362.17
530,354.35,353.48,359.46,363.99,366.33,370.63,370.66,372.23,373.63,362.18
531,354.36,353.48,359.45,364.0,366.34,370.64,370.68,372.24,373.65,362.19
532,354.35,353.48,359.47,364.01,366.36,370.66,370.69,372.25,373.67,362.2
533,354.34,353.48,359.47,364.02,366.37,370.68,370.72,372.27,373.69,362.21
534,354.34,353.48,359.47,364.02,366.39,370.69,370.76,372.3,373.73,362.25
535,354.33,353.48,359.48,364.04,366.4,370.71,370.78,372.32,373.76,362.26
536,354.33,353.46,359.46,364.05,366.4,370.74,370.8,372.34,373.8,362.26
537,354.33,353.46,359.48,364.06,366.42,370.74,370.82,372.35,373.84,362.25
538,354.32,353.45,359.47,364.07,366.43,370.76,370.84,372.38,373.87,362.26
539,354.32,353.45,359.48,364.07,366.44,370.77,370.86,372.38,373.91,362.27
540,354.31,353.44,359.47,364.08,366.45,370.79,370.88,372.41,373.94,362.28
541,354.32,353.44,359.47,364.1,366.47,370.81,370.91,372.43,373.97,362.29
542,354.31,353.44,359.48,364.1,366.48,370.82,370.92,372.45,374.0,362.29
543,354.31,353.44,359.48,364.11,366.5,370.83,370.95,372.47,374.04,362.3
544,354.3,353.44,359.48,364.12,366.51,370.86,370.96,372.49,374.07,362.31
545,354.3,353.44,359.48,364.14,366.52,370.87,370.96,372.51,374.08,362.32
546,354.29,353.45,359.49,364.15,366.53,370.89,370.97,372.53,374.11,362.33
547,354.29,353.43,359.49,364.16,366.54,370.9,370.97,372.54,374.13,362.34
548,354.3,353.43,359.5,364.17,366.56,370.91,370.98,372.54,374.15,362.35
549,354.29,353.42,359.5,364.18,366.58,370.94,370.98,372.57,374.16,362.36
550,354.29,353.41,359.49,364.18,366.58,370.95,370.98,372.57,374.18,362.35
551,354.28,353.42,359.5,364.18,366.6,370.95,370.97,372.57,374.19,362.35
552,354.3,353.4,359.5,364.19,366.6,370.97,370.98,372.58,374.19,362.35
553,354.29,353.41,359.51,364.2,366.63,370.97,370.98,372.57,374.2,362.35
554,354.28,353.41,359.51,364.2,366.64,370.99,370.98,372.58,374.21,362.36
555,354.28,353.4,359.51,364.2,366.65,371.0,370.99,372.59,374.21,362.38
556,354.29,353.4,359.5,364.22,366.65,371.01,370.99,372.59,374.23,362.38
557,354.27,353.41,359.51,364.22,366.67,371.03,371.01,372.6,374.23,362.37
558,354.28,353.39,359.5,364.24,366.69,371.04,371.03,372.63,374.25,362.39
559,354.27,353.4,359.52,364.25,366.69,371.05,371.06,372.66,374.25,362.39
560,354.27,353.39,359.5,364.26,366.7,371.06,371.07,372.67,374.26,362.42
561,354.27,353.39,359.51,364.28,366.71,371.08,371.09,372.7,374.28,362.44
562,354.27,353.39,359.52,364.29,366.73,371.1,371.11,372.73,374.3,362.45
563,354.27,353.37,359.52,364.29,366.74,371.1,371.11,372.74,374.33,362.47
564,354.28,353.37,359.53,364.29,366.76,371.12,371.12,372.75,374.35,362.49
565,354.27,353.37,359.52,364.3,366.77,371.14,371.11,372.75,374.37,362.49
566,354.26,353.37,359.53,364.31,366.77,371.15,371.12,372.76,374.38,362.47
567,354.26,353.37,359.53,364.32,366.79,371.16,371.11,372.77,374.39,362.47
568,354.26,353.36,359.53,364.33,366.8,371.18,371.13,372.77,374.4,362.47
569,354.25,353.37,359.53,364.34,366.81,371.2,371.11,372.77,374.4,362.48
570,354.26,353.37,359.54,364.35,366.83,371.21,371.1,372.77,374.42,362.52
571,354.25,353.37,359.54,364.36,366.84,371.23,371.09,372.77,374.43,362.54
572,354.25,353.37,359.54,364.37,366.85,371.24,371.11,372.76,374.44,362.56
573,354.25,353.36,359.54,364.37,366.86,371.26,371.11,372.76,374.45,362.57
574,354.24,353.35,359.54,364.37,366.87,371.27,371.12,372.77,374.46,362.58
575,354.25,353.34,359.54,364.38,366.88,371.28,371.14,372.78,374.47,362.59
576,354.25,353.35,359.54,364.38,366.89,371.29,371.16,372.8,374.46,362.62
577,354.25,353.35,359.56,364.39,366.91,371.3,371.19,372.83,374.47,362.65
578,354.26,353.35,359.56,364.39,366.93,371.31,371.23,372.87,374.48,362.66
579,354.25,353.35,359.57,364.41,366.94,371.33,371.25,372.9,374.48,362.66
580,354.24,353.34,359.56,364.41,366.95,371.34,371.28,372.92,374.49,362.65
581,354.25,353.34,359.56,364.42,366.96,371.35,371.31,372.94,374.52,362.63
582,354.25,353.34,359.57,364.43,366.97,371.36,371.31,372.96,374.54,362.62
583,354.24,353.33,359.57,364.44,366.99,371.38,371.31,372.99,374.56,362.61
584,354.25,353.34,359.58,364.45,367.0,371.39,371.33,372.99,374.58,362.63
585,354.24,353.32,359.58,364.46,367.01,371.4,371.35,372.99,374.59,362.66
586,354.24,353.33,359.58,364.47,367.01,371.42,371.38,372.99,374.62,362.68
587,354.25,353.34,359.59,364.48,367.04,371.43,371.42,372.99,374.64,362.73
588,354.25,353.34,359.6,364.49,367.06,371.44,371.49,373.0,374.66,362.74
589,354.24,353.34,359.61,364.5,367.08,371.47,371.53,373.01,374.68,362.75
590,354.25,353.34,359.6,364.51,367.09,371.48,371.56,373.03,374.68,362.76
591,354.24,353.34,359.62,364.51,367.11,371.5,371.58,373.05,374.68,362.76
592,354.24,353.34,359.61,364.52,367.11,371.52,371.58,373.08,374.69,362.77
593,354.24,353.34,359.62,364.53,367.14,371.54,371.61,373.09,374.67,362.79
594,354.24,353.34,359.61,364.54,367.14,371.55,371.62,373.12,374.66,362.8
595,354.23,353.34,359.62,364.55,367.15,371.56,371.63,373.13,374.63,362.82
596,354.23,353.34,359.61,364.57,367.15,371.58,371.63,373.15,374.61,362.81
597,354.23,353.34,359.61,364.58,367.17,371.6,371.64,373.17,374.6,362.83
598,354.23,353.34,359.62,364.59,367.19,371.62,371.66,373.18,374.61,362.87
599,354.23,353.33,359.61,364.59,367.2,371.63,371.67,373.19,374.62,362.9
600,354.24,353.34,359.62,364.6,367.21,371.64,371.68,373.21,374.64,362.94
601,354.23,353.34,359.63,364.62,367.23,371.66,371.69,373.23,374.66,362.97
602,354.22,353.34,359.62,364.63,367.23,371.67,371.71,373.23,374.69,363.0
603,354.21,353.33,359.62,364.64,367.25,371.69,371.72,373.25,374.71,363.02
604,354.22,353.33,359.62,364.65,367.25,371.7,371.73,373.28,374.74,363.05
605,354.21,353.33,359.62,364.67,367.26,371.72,371.77,373.31,374.77,363.06
606,354.21,353.33,359.63,364.68,367.28,371.74,371.8,373.34,374.82,363.1
607,354.2,353.32,359.62,364.68,367.28,371.75,371.82,373.36,374.87,363.14
608,354.2,353.32,359.61,364.69,367.29,371.76,371.84,373.37,374.9,363.18
609,354.2,353.32,359.62,364.7,367.31,371.78,371.85,373.38,374.94,363.23
610,354.2,353.32,359.63,364.71,367.33,371.78,371.86,373.4,374.98,363.28
611,354.19,353.31,359.63,364.71,367.34,371.79,371.87,373.41,375.01,363.34
612,354.2,353.31,359.63,364.73,367.35,371.81,371.88,373.44,375.03,363.36
613,354.21,353.31,359.63,364.73,367.36,371.82,371.9,373.44,375.05,363.43
614,354.19,353.31,359.63,364.74,367.38,371.84,371.91,373.45,375.06,363.46
615,354.2,353.32,359.62,364.75,367.39,371.85,371.93,373.45,375.07,363.52
616,354.2,353.33,359.64,364.76,367.4,371.87,371.97,373.46,375.11,363.56
617,354.21,353.33,359.64,364.77,367.42,371.89,371.98,373.49,375.11,363.58
618,354.21,353.33,359.64,364.78,367.44,371.91,371.99,373.52,375.12,363.59
619,354.21,353.33,359.65,364.78,367.44,371.93,371.99,373.55,375.13,363.59
620,354.21,353.32,359.65,364.78,367.45,371.94,371.99,373.56,375.11,363.58
621,354.2,353.32,359.65,364.8,367.46,371.96,372.0,373.59,375.09,363.57
622,354.21,353.32,359.65,364.82,367.47,371.99,372.0,373.6,375.08,363.56
623,354.21,353.33,359.67,364.82,367.48,372.0,371.99,373.62,375.07,363.53
624,354.2,353.31,359.66,364.82,367.49,372.02,372.01,373.62,375.07,363.51
625,354.21,353.32,359.67,364.84,367.5,372.03,372.05,373.63,375.06,363.5
626,354.21,353.31,359.66,364.85,367.52,372.05,372.08,373.65,375.05,363.52
627,354.2,353.32,359.66,364.85,367.52,372.05,372.12,373.67,375.04,363.55
628,354.21,353.32,359.66,364.86,367.54,372.07,372.15,373.7,375.05,363.56
629,354.21,353.32,359.65,364.87,367.55,372.08,372.17,373.73,375.07,363.59
630,354.21,353.33,359.67,364.86,367.57,372.09,372.19,373.75,375.11,363.59
631,354.22,353.33,359.68,364.88,367.57,372.11,372.2,373.79,375.17,363.61
632,354.22,353.33,359.67,364.88,367.59,372.11,372.21,373.8,375.22,363.62
633,354.22,353.32,359.68,364.89,367.6,372.14,372.22,373.83,375.28,363.64
634,354.22,353.33,359.69,364.9,367.62,372.15,372.24,373.85,375.34,363.68
635,354.22,353.33,359.68,364.91,367.63,372.16,372.25,373.86,375.39,363.74
636,354.22,353.33,359.69,364.92,367.64,372.17,372.27,373.87,375.4,363.77
637,354.22,353.34,359.69,364.92,367.66,372.18,372.28,373.87,375.42,363.8
638,354.22,353.33,359.69,364.93,367.67,372.2,372.28,373.88,375.42,363.81
639,354.23,353.33,359.7,364.94,367.68,372.21,372.3,373.87,375.43,363.82
640,354.22,353.34,359.69,364.94,367.7,372.22,372.31,373.88,375.44,363.81
641,354.21,353.33,359.7,364.95,367.69,372.24,372.32,373.88,375.44,363.78
642,354.21,353.33,359.7,364.96,367.71,372.26,372.35,373.89,375.45,363.77
643,354.22,353.32,359.7,364.96,367.72,372.27,372.36,373.89,375.44,363.77
644,354.22,353.32,359.7,364.97,367.73,372.29,372.39,373.91,375.44,363.79
645,354.22,353.33,359.72,364.98,367.75,372.3,372.42,373.94,375.45,363.8
646,354.21,353.33,359.72,365.0,367.76,372.32,372.43,373.97,375.46,363.8
647,354.21,353.32,359.72,365.01,367.77,372.33,372.44,373.97,375.47,363.8
648,354.22,353.32,359.72,365.0,367.78,372.34,372.45,373.98,375.48,363.83
649,354.2,353.31,359.71,365.01,367.78,372.35,372.45,373.99,375.5,363.83
650,354.21,353.3,359.71,365.02,367.8,372.37,372.46,374.0,375.53,363.85
651,354.21,353.3,359.72,365.02,367.81,372.37,372.46,374.0,375.54,363.88
652,354.21,353.31,359.73,365.03,367.83,372.4,372.47,374.02,375.58,363.93
653,354.22,353.31,359.74,365.04,367.85,372.41,372.49,374.02,375.61,363.95
654,354.21,353.32,359.74,365.04,367.86,372.42,372.5,374.04,375.61,363.96
655,354.21,353.31,359.73,365.05,367.86,372.43,372.5,374.05,375.62,363.96
656,354.22,353.31,359.74,365.07,367.87,372.45,372.52,374.07,375.63,364.01
657,354.22,353.32,359.75,365.08,367.89,372.47,372.51,374.07,375.65,364.03
658,354.21,353.31,359.76,365.08,367.9,372.48,372.5,374.07,375.67,364.04
659,354.21,353.31,359.75,365.1,367.9,372.5,372.48,374.06,375.67,364.05
660,354.21,353.3,359.76,365.1,367.92,372.51,372.47,374.03,375.66,364.09
661,354.21,353.31,359.76,365.12,367.94,372.52,372.47,374.02,375.64,364.14
662,354.22,353.32,359.76,365.12,367.96,372.54,372.48,374.02,375.62,364.18
663,354.21,353.32,359.77,365.13,367.98,372.55,372.49,374.02,375.61,364.2
664,354.21,353.31,359.78,365.12,367.97,372.55,372.51,374.02,375.59,364.21
665,354.21,353.32,359.78,365.14,367.98,372.57,372.53,374.05,375.6,364.22
666,354.22,353.32,359.79,365.15,368.0,372.58,372.56,374.09,375.63,364.23
667,354.21,353.32,359.79,365.16,368.01,372.59,372.59,374.13,375.64,364.22
668,354.21,353.32,359.79,365.17,368.02,372.61,372.62,374.18,375.67,364.23
669,354.21,353.32,359.8,365.18,368.04,372.62,372.65,374.21,375.69,364.24
670,354.21,353.31,359.8,365.19,368.05,372.63,372.69,374.25,375.74,364.24
671,354.2,353.32,359.8,365.21,368.06,372.64,372.73,374.27,375.78,364.22
672,354.2,353.31,359.79,365.21,368.07,372.65,372.75,374.28,375.8,364.23
673,354.21,353.33,359.8,365.22,368.08,372.67,372.77,374.29,375.83,364.25
674,354.21,353.32,359.8,365.23,368.09,372.69,372.8,374.31,375.85,364.26
675,354.21,353.32,359.8,365.25,368.1,372.71,372.83,374.32,375.84,364.28
676,354.21,353.31,359.81,365.26,368.11,372.72,372.85,374.35,375.85,364.3
677,354.2,353.32,359.82,365.27,368.12,372.75,372.87,374.37,375.85,364.3
678,354.19,353.3,359.81,365.28,368.13,372.76,372.89,374.39,375.88,364.29
679,354.21,353.3,359.82,365.29,368.16,372.76,372.93,374.39,375.93,364.29
680,354.19,353.31,359.83,365.3,368.18,372.78,372.94,374.42,375.94,364.29
681,354.19,353.31,359.82,365.31,368.18,372.8,372.94,374.45,375.95,364.29
682,354.19,353.3,359.83,365.31,368.2,372.81,372.93,374.48,375.98,364.31
683,354.2,353.3,359.82,365.32,368.2,372.83,372.92,374.52,375.99,364.32
684,354.2,353.32,359.85,365.34,368.22,372.84,372.94,374.55,376.03,364.33
685,354.2,353.31,359.85,365.34,368.23,372.86,372.94,374.56,376.04,364.35
686,354.19,353.31,359.85,365.35,368.24,372.88,372.95,374.58,376.07,364.37
687,354.2,353.31,359.85,365.36,368.25,372.89,373.0,374.58,376.12,364.41
688,354.21,353.31,359.85,365.37,368.28,372.91,373.03,374.58,376.16,364.45
689,354.21,353.32,359.86,365.39,368.29,372.92,373.07,374.58,376.19,364.45
690,354.21,353.31,359.85,365.39,368.3,372.93,373.08,374.57,376.19,364.44
691,354.21,353.32,359.86,365.41,368.31,372.96,373.09,374.56,376.2,364.44
692,354.21,353.32,359.87,365.42,368.32,372.98,373.1,374.54,376.2,364.42
693,354.21,353.33,359.88,365.43,368.34,372.99,373.12,374.52,376.18,364.41
694,354.22,353.33,359.9,365.44,368.35,373.01,373.13,374.5,376.18,364.41
695,354.22,353.32,359.9,365.43,368.37,373.02,373.14,374.5,376.15,364.4
696,354.23,353.32,359.9,365.45,368.38,373.03,373.17,374.52,376.11,364.43
697,354.22,353.32,359.9,365.46,368.39,373.04,373.19,374.56,376.08,364.45
698,354.21,353.32,359.9,365.47,368.4,373.06,373.21,374.61,376.07,364.46
699,354.21,353.31,359.89,365.48,368.4,373.08,373.21,374.66,376.07,364.45
700,354.22,353.32,359.9,365.49,368.42,373.09,373.22,374.69,376.1,364.44
701,354.22,353.33,359.91,365.5,368.43,373.1,373.23,374.73,376.13,364.42
702,354.21,353.33,359.91,365.51,368.44,373.11,373.23,374.74,376.17,364.4
703,354.21,353.33,359.89,365.51,368.45,373.13,373.24,374.77,376.21,364.4
704,354.22,353.34,359.92,365.53,368.47,373.15,373.26,374.8,376.25,364.42
705,354.22,353.35,359.92,365.53,368.48,373.16,373.27,374.82,376.27,364.46
706,354.21,353.35,359.93,365.54,368.5,373.18,373.29,374.87,376.3,364.51
707,354.22,353.34,359.94,365.54,368.52,373.18,373.31,374.89,376.31,364.54
708,354.22,353.35,359.94,365.55,368.53,373.2,373.33,374.92,376.31,364.56
709,354.22,353.33,359.95,365.56,368.55,373.21,373.35,374.94,376.31,364.58
710,354.21,353.33,359.95,365.56,368.56,373.23,373.36,374.96,376.31,364.59
711,354.21,353.32,359.94,365.58,368.55,373.25,373.38,374.97,376.3,364.6
712,354.2,353.33,359.95,365.58,368.56,373.26,373.41,374.99,376.29,364.59
713,354.22,353.33,359.96,365.59,368.57,373.28,373.43,375.0,376.29,364.57
714,354.21,353.33,359.96,365.6,368.59,373.3,373.46,375.01,376.31,364.51
715,354.22,353.34,359.97,365.61,368.6,373.31,373.49,375.03,376.36,364.45
716,354.22,353.34,359.97,365.62,368.62,373.33,373.51,375.04,376.4,364.41
717,354.21,353.34,359.98,365.63,368.63,373.34,373.52,375.04,376.44,364.39
718,354.22,353.35,359.97,365.64,368.64,373.35,373.55,375.04,376.47,364.41
719,354.23,353.35,359.98,365.65,368.66,373.37,373.56,375.04,376.5,364.43
720,354.21,353.34,359.99,365.65,368.66,373.38,373.57,375.04,376.53,364.47
721,354.21,353.36,359.99,365.65,368.67,373.39,373.58,375.04,376.55,364.5
722,354.21,353.35,360.0,365.66,368.67,373.41,373.58,375.05,376.57,364.51
723,354.22,353.35,360.0,365.67,368.69,373.42,373.59,375.04,376.59,364.53
724,354.22,353.35,360.0,365.68,368.72,373.43,373.6,375.03,376.61,364.57
725,354.22,353.35,360.01,365.69,368.73,373.45,373.62,375.04,376.61,364.61
726,354.23,353.36,360.02,365.7,368.74,373.46,373.63,375.06,376.63,364.65
727,354.23,353.37,360.02,365.71,368.76,373.48,373.65,375.09,376.63,364.7
728,354.24,353.37,360.03,365.72,368.77,373.48,373.67,375.1,376.63,364.75
729,354.24,353.37,360.03,365.73,368.78,373.49,373.7,375.1,376.6,364.8
730,354.22,353.38,360.03,365.73,368.78,373.51,373.71,375.1,376.57,364.82
731,354.23,353.37,360.04,365.75,368.8,373.52,373.72,375.11,376.57,364.86
732,354.24,353.37,360.04,365.75,368.81,373.53,373.74,375.12,376.59,364.9
733,354.23,353.36,360.04,365.77,368.83,373.54,373.74,375.12,376.58,364.95
734,354.23,353.37,360.04,365.78,368.84,373.56,373.75,375.13,376.55,364.98
735,354.23,353.37,360.04,365.79,368.85,373.56,373.74,375.15,376.54,365.01
736,354.24,353.38,360.04,365.8,368.86,373.57,373.77,375.17,376.53,365.06
737,354.24,353.37,360.05,365.81,368.88,373.59,373.77,375.2,376.52,365.08
738,354.24,353.38,360.05,365.82,368.89,373.6,373.78,375.22,376.52,365.1
739,354.24,353.38,360.05,365.83,368.9,373.62,373.8,375.25,376.51,365.1
740,354.24,353.38,360.05,365.84,368.91,373.63,373.83,375.28,376.51,365.11
741,354.24,353.39,360.06,365.84,368.92,373.65,373.86,375.31,376.51,365.09
742,354.23,353.39,360.05,365.85,368.92,373.66,373.9,375.34,376.51,365.05
743,354.23,353.39,360.06,365.86,368.93,373.67,373.94,375.38,376.53,365.02
744,354.23,353.39,360.06,365.88,368.95,373.7,373.96,375.42,376.54,365.01
745,354.24,353.39,360.06,365.88,368.96,373.71,373.97,375.46,376.56,365.02
746,354.23,353.4,360.07,365.89,368.97,373.72,374.0,375.5,376.6,365.04
747,354.23,353.39,360.06,365.9,368.98,373.73,374.0,375.53,376.63,365.06
748,354.22,353.39,360.07,365.9,368.99,373.75,374.0,375.55,376.66,365.07
749,354.23,353.4,360.07,365.91,369.0,373.76,374.01,375.57,376.71,365.09
750,354.24,353.4,360.07,365.92,369.0,373.78,374.01,375.59,376.76,365.1
751,354.23,353.4,360.08,365.93,369.03,373.8,374.04,375.6,376.86,365.13
752,354.24,353.41,360.09,365.95,369.05,373.81,374.05,375.61,376.94,365.16
753,354.24,353.4,360.08,365.96,369.06,373.83,374.06,375.62,376.98,365.2
754,354.25,353.41,360.1,365.96,369.07,373.85,374.06,375.64,377.02,365.25
755,354.24,353.4,360.1,365.98,369.08,373.87,374.07,375.66,377.06,365.31
756,354.25,353.41,360.1,365.98,369.09,373.88,374.07,375.66,377.08,365.36
757,354.25,353.4,360.11,365.98,369.1,373.89,374.06,375.68,377.1,365.41
758,354.26,353.41,360.11,366.0,369.11,373.92,374.06,375.7,377.12,365.44
759,354.25,353.41,360.11,366.01,369.13,373.94,374.04,375.71,377.16,365.47
760,354.25,353.41,360.12,366.01,369.14,373.95,374.02,375.71,377.2,365.5
761,354.27,353.42,360.11,366.02,369.15,373.96,374.0,375.7,377.23,365.5
762,354.27,353.43,360.13,366.02,369.17,373.97,373.99,375.7,377.27,365.5
763,354.28,353.42,360.14,366.04,369.19,373.98,373.97,375.7,377.29,365.48
764,354.28,353.43,360.14,366.04,369.2,374.0,373.99,375.71,377.31,365.47
765,354.28,353.43,360.14,366.06,369.19,374.01,374.02,375.68,377.32,365.47
766,354.27,353.43,360.13,366.06,369.2,374.03,374.08,375.64,377.3,365.48
767,354.28,353.43,360.14,366.07,369.21,374.03,374.13,375.6,377.29,365.47
768,354.3,353.43,360.15,366.08,369.22,374.05,374.21,375.57,377.31,365.48
769,354.29,353.43,360.16,366.1,369.25,374.07,374.26,375.58,377.33,365.45
770,354.29,353.43,360.16,366.1,369.26,374.07,374.26,375.6,377.31,365.42
771,354.29,353.43,360.16,366.1,369.27,374.08,374.27,375.61,377.28,365.39
772,354.29,353.43,360.16,366.11,369.27,374.09,374.27,375.58,377.24,365.38
773,354.31,353.43,360.17,366.11,369.29,374.11,374.29,375.56,377.22,365.39
774,354.3,353.44,360.18,366.12,369.3,374.12,374.28,375.56,377.2,365.4
775,354.3,353.44,360.18,366.12,369.31,374.14,374.3,375.6,377.22,365.4
776,354.3,353.44,360.18,366.13,369.31,374.16,374.31,375.66,377.23,365.38
777,354.3,353.45,360.19,366.15,369.33,374.18,374.32,375.7,377.23,365.35
778,354.3,353.45,360.19,366.15,369.34,374.19,374.35,375.73,377.23,365.32
779,354.3,353.44,360.19,366.17,369.34,374.2,374.36,375.76,377.21,365.29
780,354.3,353.44,360.2,366.17,369.36,374.22,374.38,375.81,377.23,365.29
781,354.3,353.46,360.2,366.18,369.37,374.23,374.41,375.84,377.26,365.3
782,354.3,353.46,360.2,366.19,369.37,374.24,374.43,375.88,377.29,365.31
783,354.3,353.45,360.2,366.19,369.39,374.25,374.46,375.92,377.33,365.33
784,354.3,353.46,360.21,366.2,369.41,374.26,374.48,375.94,377.37,365.37
785,354.31,353.46,360.22,366.21,369.42,374.28,374.52,375.98,377.39,365.4
786,354.3,353.46,360.23,366.21,369.43,374.29,374.55,376.0,377.41,365.38
787,354.3,353.45,360.24,366.22,369.45,374.31,374.58,376.02,377.44,365.35
788,354.3,353.45,360.25,366.22,369.45,374.32,374.59,376.03,377.44,365.35
789,354.3,353.45,360.24,366.23,369.46,374.34,374.61,376.05,377.46,365.37
790,354.31,353.45,360.25,366.25,369.48,374.36,374.63,376.08,377.48,365.41
791,354.31,353.44,360.26,366.25,369.5,374.36,374.64,376.09,377.51,365.46
792,354.31,353.45,360.27,366.25,369.51,374.37,374.65,376.13,377.54,365.49
793,354.31,353.45,360.27,366.26,369.52,374.39,374.66,376.15,377.58,365.55
794,354.32,353.45,360.27,366.27,369.54,374.4,374.66,376.16,377.63,365.6
795,354.31,353.46,360.27,366.28,369.56,374.41,374.67,376.16,377.67,365.64
796,354.31,353.47,360.28,366.29,369.56,374.43,374.69,376.15,377.7,365.66
797,354.31,353.47,360.27,366.3,369.57,374.45,374.72,376.15,377.72,365.68
798,354.31,353.47,360.27,366.32,369.57,374.46,374.74,376.15,377.73,365.7
799,354.3,353.47,360.28,366.34,369.59,374.47,374.77,376.18,377.73,365.74
800,354.32,353.46,360.28,366.35,369.59,374.48,374.79,376.21,377.74,365.78
801,354.32,353.47,360.29,366.35,369.62,374.49,374.81,376.28,377.75,365.82
802,354.31,353.47,360.3,366.37,369.62,374.5,374.82,376.33,377.75,365.86
803,354.31,353.47,360.3,366.37,369.63,374.52,374.84,376.34,377.76,365.91
804,354.31,353.47,360.3,366.39,369.65,374.54,374.85,376.35,377.77,365.99
805,354.31,353.47,360.3,366.39,369.66,374.54,374.87,376.36,377.78,366.05
806,354.32,353.48,360.31,366.41,369.68,374.56,374.88,376.39,377.8,366.07
807,354.3,353.48,360.32,366.42,369.7,374.58,374.9,376.41,377.81,366.08
808,354.31,353.49,360.32,366.43,369.7,374.59,374.91,376.44,377.82,366.11
809,354.31,353.48,360.31,366.44,369.71,374.61,374.92,376.47,377.85,366.12
810,354.31,353.48,360.31,366.46,369.72,374.63,374.93,376.49,377.86,366.13
811,354.31,353.49,360.32,366.47,369.73,374.64,374.96,376.51,377.89,366.14
812,354.31,353.5,360.32,366.48,369.74,374.66,374.98,376.53,377.91,366.14
813,354.32,353.49,360.32,366.49,369.75,374.67,375.02,376.54,377.93,366.15
814,354.33,353.5,360.33,366.49,369.77,374.68,375.06,376.55,377.96,366.17
815,354.32,353.51,360.34,366.5,369.79,374.7,375.08,376.56,377.98,366.16
816,354.33,353.51,360.35,366.51,369.79,374.71,375.09,376.57,378.0,366.15
817,354.33,353.51,360.36,366.52,369.82,374.73,375.12,376.58,378.04,366.14
818,354.32,353.51,360.35,366.52,369.82,374.74,375.11,376.57,378.05,366.12
819,354.31,353.51,360.36,366.53,369.82,374.74,375.09,376.59,378.05,366.11
820,354.32,353.51,360.36,366.55,369.84,374.78,375.1,376.61,378.07,366.14
821,354.33,353.51,360.36,366.56,369.85,374.78,375.11,376.61,378.09,366.16
822,354.34,353.52,360.38,366.57,369.87,374.8,375.11,376.61,378.11,366.19
823,354.34,353.53,360.39,366.58,369.89,374.82,375.11,376.61,378.13,366.24
824,354.34,353.53,360.39,366.59,369.9,374.83,375.11,376.62,378.13,366.27
825,354.34,353.53,360.39,366.6,369.91,374.85,375.12,376.63,378.14,366.32
826,354.34,353.53,360.39,366.61,369.91,374.86,375.12,376.63,378.14,366.34
827,354.33,353.54,360.39,366.62,369.91,374.87,375.13,376.63,378.14,366.38
828,354.34,353.54,360.39,366.62,369.93,374.88,375.14,376.64,378.14,366.42
829,354.35,353.54,360.4,366.62,369.95,374.89,375.15,376.64,378.15,366.46
830,354.34,353.54,360.4,366.64,369.95,374.91,375.17,376.63,378.15,366.5
831,354.34,353.56,360.41,366.65,369.96,374.93,375.18,376.6,378.17,366.52
832,354.34,353.54,360.41,366.66,369.97,374.95,375.2,376.57,378.18,366.52
833,354.34,353.54,360.4,366.66,369.98,374.95,375.23,376.55,378.18,366.54
834,354.35,353.54,360.42,366.67,369.99,374.96,375.26,376.53,378.19,366.56
835,354.35,353.54,360.41,366.68,370.0,374.98,375.28,376.52,378.17,366.57
836,354.35,353.54,360.42,366.69,370.01,374.99,375.29,376.55,378.14,366.6
837,354.35,353.54,360.43,366.7,370.01,375.0,375.3,376.6,378.12,366.6
838,354.36,353.55,360.44,366.71,370.03,375.01,375.32,376.66,378.1,366.62
839,354.36,353.54,360.43,366.71,370.03,375.01,375.33,376.69,378.08,366.63
840,354.36,353.55,360.44,366.72,370.06,375.04,375.35,376.71,378.07,366.66
841,354.37,353.56,360.44,366.73,370.06,375.06,375.36,376.74,378.08,366.71
842,354.37,353.56,360.44,366.74,370.08,375.07,375.37,376.75,378.11,366.74
843,354.38,353.58,360.45,366.74,370.09,375.09,375.4,376.78,378.14,366.76
844,354.38,353.58,360.44,366.74,370.09,375.09,375.4,376.8,378.15,366.77
845,354.38,353.57,360.45,366.74,370.1,375.11,375.41,376.81,378.16,366.77
846,354.38,353.58,360.45,366.75,370.11,375.12,375.43,376.82,378.16,366.75
847,354.39,353.58,360.46,366.76,370.11,375.14,375.44,376.84,378.17,366.76
848,354.4,353.59,360.46,366.77,370.13,375.15,375.44,376.83,378.16,366.77
849,354.4,353.59,360.46,366.77,370.14,375.16,375.45,376.83,378.17,366.78
850,354.39,353.59,360.46,366.78,370.15,375.18,375.46,376.8,378.22,366.8
851,354.4,353.59,360.47,366.8,370.16,375.2,375.48,376.78,378.26,366.83
852,354.41,353.6,360.49,366.8,370.18,375.2,375.5,376.75,378.3,366.85
853,354.41,353.6,360.49,366.8,370.19,375.2,375.51,376.73,378.31,366.86
854,354.41,353.61,360.5,366.81,370.2,375.22,375.53,376.75,378.31,366.87
855,354.41,353.61,360.49,366.82,370.21,375.23,375.55,376.79,378.3,366.89
856,354.42,353.61,360.49,366.82,370.23,375.24,375.54,376.84,378.32,366.91
857,354.41,353.62,360.52,366.83,370.24,375.26,375.56,376.9,378.33,366.92
858,354.41,353.61,360.51,366.84,370.24,375.27,375.55,376.95,378.33,366.92
859,354.41,353.61,360.52,366.84,370.26,375.29,375.55,376.98,378.35,366.91
860,354.41,353.61,360.51,366.85,370.26,375.31,375.53,377.0,378.37,366.9
861,354.42,353.61,360.53,366.86,370.27,375.31,375.56,377.02,378.38,366.92
862,354.42,353.61,360.52,366.87,370.28,375.32,375.56,377.04,378.39,366.92
863,354.43,353.61,360.52,366.87,370.29,375.33,375.55,377.06,378.4,366.92
864,354.43,353.62,360.53,366.88,370.3,375.35,375.57,377.09,378.41,366.94
865,354.43,353.63,360.53,366.88,370.31,375.35,375.57,377.12,378.41,366.96
866,354.42,353.61,360.53,366.89,370.31,375.36,375.57,377.14,378.43,366.98
867,354.43,353.61,360.54,366.9,370.33,375.38,375.58,377.15,378.46,367.0
868,354.42,353.6,360.53,366.91,370.34,375.38,375.6,377.12,378.5,367.01
869,354.44,353.61,360.54,366.92,370.34,375.39,375.6,377.08,378.55,367.02
870,354.44,353.62,360.55,366.92,370.37,375.4,375.63,377.05,378.61,367.05
871,354.44,353.62,360.56,366.93,370.37,375.42,375.66,377.01,378.61,367.03
872,354.45,353.63,360.57,366.93,370.39,375.43,375.71,377.02,378.6,367.03
873,354.45,353.62,360.56,366.95,370.4,375.44,375.73,377.07,378.59,367.03
874,354.45,353.63,360.58,366.95,370.41,375.45,375.76,377.09,378.58,367.03
875,354.45,353.63,360.57,366.96,370.42,375.46,375.79,377.13,378.57,367.05
876,354.46,353.64,360.58,366.97,370.44,375.47,375.79,377.17,378.59,367.06
877,354.45,353.64,360.58,366.98,370.45,375.49,375.8,377.18,378.58,367.08
878,354.45,353.64,360.57,366.99,370.46,375.51,375.8,377.19,378.54,367.1
879,354.46,353.64,360.58,367.0,370.47,375.53,375.79,377.2,378.48,367.13
880,354.46,353.65,360.58,367.01,370.48,375.54,375.8,377.2,378.42,367.14
881,354.48,353.65,360.59,367.01,370.5,375.56,375.82,377.21,378.39,367.15
882,354.47,353.65,360.6,367.03,370.51,375.57,375.83,377.21,378.36,367.16
883,354.47,353.66,360.61,367.03,370.52,375.59,375.84,377.23,378.36,367.15
884,354.48,353.65,360.62,367.05,370.52,375.6,375.86,377.26,378.38,367.15
885,354.48,353.65,360.62,367.06,370.53,375.61,375.88,377.3,378.43,367.15
886,354.48,353.67,360.62,367.07,370.55,375.62,375.91,377.35,378.49,367.16
887,354.49,353.66,360.63,367.07,370.55,375.63,375.91,377.4,378.54,367.19
888,354.49,353.67,360.63,367.08,370.57,375.65,375.91,377.44,378.6,367.21
889,354.49,353.67,360.63,367.09,370.58,375.66,375.92,377.47,378.65,367.23
890,354.49,353.67,360.65,367.09,370.59,375.68,375.92,377.46,378.73,367.25
891,354.49,353.66,360.64,367.09,370.59,375.67,375.93,377.46,378.79,367.26
892,354.49,353.67,360.64,367.11,370.6,375.7,375.94,377.46,378.86,367.28
893,354.5,353.67,360.65,367.12,370.62,375.72,375.95,377.46,378.91,367.3
894,354.5,353.67,360.65,367.13,370.63,375.72,375.95,377.48,378.96,367.35
895,354.51,353.67,360.66,367.15,370.64,375.74,375.94,377.49,378.98,367.4
896,354.51,353.67,360.67,367.15,370.65,375.75,375.95,377.49,378.99,367.42
897,354.5,353.68,360.67,367.14,370.66,375.77,375.95,377.5,378.97,367.43
898,354.51,353.68,360.66,367.15,370.66,375.78,375.96,377.49,378.97,367.44
899,354.51,353.68,360.68,367.16,370.69,375.79,375.99,377.47,378.99,367.46
900,354.51,353.69,360.69,367.16,370.69,375.8,376.01,377.46,379.0,367.46
901,354.51,353.69,360.69,367.18,370.71,375.82,376.06,377.46,379.02,367.47
902,354.51,353.7,360.7,367.19,370.71,375.83,376.06,377.45,379.02,367.47
903,354.52,353.7,360.7,367.19,370.72,375.85,376.08,377.45,379.04,367.48
904,354.52,353.7,360.72,367.19,370.74,375.85,376.08,377.47,379.07,367.47
905,354.52,353.7,360.73,367.19,370.76,375.87,376.1,377.52,379.09,367.46
906,354.52,353.69,360.72,367.2,370.76,375.88,376.1,377.58,379.09,367.45
907,354.52,353.68,360.73,367.22,370.76,375.91,376.11,377.64,379.09,367.44
908,354.52,353.68,360.73,367.22,370.77,375.91,376.14,377.67,379.09,367.47
909,354.53,353.69,360.74,367.22,370.78,375.91,376.16,377.67,379.11,367.46
910,354.52,353.69,360.74,367.22,370.8,375.93,376.19,377.66,379.15,367.48
911,354.52,353.68,360.74,367.24,370.79,375.94,376.2,377.65,379.17,367.48
912,354.52,353.68,360.73,367.25,370.81,375.96,376.23,377.63,379.19,367.51
913,354.53,353.69,360.74,367.26,370.84,375.97,376.25,377.63,379.2,367.56
914,354.52,353.69,360.74,367.28,370.84,375.98,376.26,377.64,379.18,367.58
915,354.52,353.69,360.74,367.29,370.85,375.99,376.25,377.67,379.14,367.59
916,354.52,353.69,360.75,367.3,370.86,376.0,376.26,377.68,379.12,367.61
917,354.52,353.7,360.75,367.31,370.87,376.02,376.27,377.7,379.08,367.62
918,354.53,353.7,360.76,367.32,370.88,376.04,376.27,377.72,379.07,367.64
919,354.54,353.71,360.76,367.33,370.89,376.04,376.28,377.73,379.05,367.64
920,354.53,353.7,360.77,367.35,370.9,376.06,376.28,377.73,379.05,367.62
921,354.53,353.71,360.76,367.36,370.91,376.07,376.31,377.73,379.08,367.56
922,354.52,353.7,360.77,367.37,370.92,376.09,376.34,377.7,379.12,367.48
923,354.53,353.72,360.77,367.38,370.93,376.09,376.38,377.68,379.16,367.46
924,354.54,353.71,360.78,367.39,370.94,376.11,376.41,377.68,379.17,367.46
925,354.54,353.72,360.78,367.4,370.94,376.11,376.44,377.7,379.19,367.49
926,354.53,353.71,360.78,367.4,370.95,376.12,376.48,377.72,379.21,367.52
927,354.53,353.72,360.79,367.42,370.96,376.13,376.51,377.77,379.24,367.55
928,354.54,353.73,360.79,367.43,370.97,376.15,376.53,377.83,379.28,367.55
929,354.54,353.74,360.8,367.43,370.99,376.16,376.55,377.87,379.33,367.54
930,354.55,353.74,360.8,367.43,371.0,376.17,376.58,377.9,379.39,367.56
931,354.55,353.75,360.8,367.43,371.01,376.18,376.61,377.93,379.43,367.6
932,354.56,353.75,360.81,367.45,371.02,376.2,376.63,377.96,379.47,367.64
933,354.56,353.75,360.81,367.46,371.02,376.21,376.65,377.99,379.49,367.68
934,354.55,353.75,360.81,367.46,371.03,376.23,376.65,378.01,379.52,367.71
935,354.56,353.76,360.83,367.47,371.04,376.24,376.68,378.02,379.55,367.74
936,354.56,353.75,360.82,367.48,371.06,376.25,376.7,378.04,379.56,367.77
937,354.55,353.76,360.82,367.49,371.06,376.26,376.71,378.06,379.56,367.79
938,354.56,353.75,360.82,367.49,371.07,376.28,376.72,378.07,379.56,367.83
939,354.57,353.76,360.83,367.5,371.09,376.29,376.74,378.1,379.55,367.88
940,354.58,353.76,360.84,367.51,371.1,376.31,376.75,378.14,379.56,367.92
941,354.57,353.76,360.85,367.52,371.11,376.32,376.76,378.17,379.56,367.95
942,354.57,353.76,360.84,367.53,371.1,376.33,376.76,378.21,379.56,367.98
943,354.57,353.75,360.85,367.54,371.12,376.34,376.76,378.24,379.61,368.01
944,354.57,353.76,360.84,367.55,371.13,376.36,376.77,378.28,379.63,368.03
945,354.58,353.76,360.84,367.56,371.12,376.37,376.78,378.31,379.64,368.05
946,354.59,353.78,360.85,367.56,371.14,376.38,376.79,378.33,379.64,368.05
947,354.59,353.78,360.85,367.58,371.15,376.39,376.79,378.36,379.64,368.05
948,354.6,353.79,360.86,367.57,371.18,376.4,376.82,378.36,379.65,368.07
949,354.6,353.79,360.87,367.58,371.19,376.4,376.85,378.37,379.66,368.12
950,354.6,353.8,360.87,367.58,371.2,376.42,376.86,378.35,379.66,368.14
951,354.61,353.79,360.87,367.61,371.21,376.44,376.88,378.33,379.68,368.18
952,354.61,353.79,360.88,367.6,371.22,376.45,376.9,378.3,379.7,368.21
953,354.61,353.79,360.89,367.61,371.23,376.47,376.91,378.27,379.73,368.23
954,354.61,353.8,360.9,367.62,371.25,376.48,376.93,378.24,379.75,368.25
955,354.62,353.8,360.91,367.62,371.26,376.48,376.93,378.21,379.74,368.28
956,354.63,353.8,360.9,367.63,371.27,376.49,376.95,378.2,379.71,368.3
957,354.63,353.81,360.91,367.64,371.28,376.51,376.96,378.2,379.71,368.32
958,354.64,353.81,360.91,367.65,371.3,376.52,376.96,378.23,379.71,368.34
959,354.63,353.82,360.92,367.66,371.31,376.53,376.96,378.27,379.71,368.34
960,354.64,353.82,360.93,367.67,371.32,376.55,376.97,378.31,379.71,368.35
961,354.64,353.82,360.93,367.67,371.33,376.55,376.98,378.32,379.72,368.36
962,354.65,353.82,360.94,367.68,371.34,376.57,376.99,378.34,379.73,368.37
963,354.65,353.82,360.94,367.68,371.35,376.58,377.02,378.37,379.73,368.39
964,354.65,353.82,360.94,367.69,371.36,376.6,377.04,378.4,379.72,368.38
965,354.66,353.82,360.95,367.7,371.36,376.63,377.07,378.43,379.71,368.37
966,354.65,353.81,360.95,367.71,371.37,376.64,377.11,378.44,379.7,368.32
967,354.65,353.8,360.95,367.71,371.37,376.65,377.13,378.47,379.7,368.3
968,354.67,353.81,360.95,367.72,371.38,376.66,377.14,378.49,379.71,368.34
969,354.67,353.81,360.96,367.73,371.38,376.67,377.17,378.5,379.73,368.32
970,354.68,353.82,360.96,367.74,371.41,376.69,377.17,378.51,379.74,368.34
971,354.68,353.83,360.97,367.75,371.42,376.71,377.19,378.53,379.74,368.37
972,354.68,353.84,360.98,367.76,371.43,376.72,377.19,378.55,379.74,368.38
973,354.69,353.84,360.99,367.76,371.43,376.74,377.2,378.57,379.75,368.4
974,354.69,353.84,360.99,367.76,371.45,376.75,377.22,378.6,379.76,368.42
975,354.69,353.84,361.0,367.77,371.46,376.76,377.23,378.63,379.76,368.43
976,354.7,353.83,361.0,367.78,371.48,376.78,377.23,378.68,379.78,368.44
977,354.69,353.84,361.01,367.79,371.49,376.81,377.23,378.72,379.79,368.44
978,354.69,353.84,361.02,367.79,371.5,376.81,377.24,378.74,379.83,368.44
979,354.69,353.84,361.02,367.8,371.5,376.83,377.24,378.76,379.89,368.45
980,354.7,353.84,361.02,367.81,371.52,376.83,377.24,378.77,379.96,368.48
981,354.69,353.84,361.03,367.81,371.53,376.85,377.24,378.79,380.03,368.5
982,354.71,353.84,361.03,367.82,371.53,376.86,377.25,378.8,380.11,368.53
983,354.71,353.84,361.05,367.82,371.54,376.86,377.26,378.82,380.16,368.56
984,354.71,353.84,361.05,367.83,371.55,376.88,377.27,378.83,380.21,368.58
985,354.71,353.84,361.04,367.84,371.56,376.89,377.29,378.85,380.26,368.59
986,354.71,353.84,361.05,367.85,371.56,376.9,377.3,378.84,380.29,368.6
987,354.71,353.84,361.04,367.86,371.57,376.91,377.31,378.86,380.33,368.59
988,354.71,353.85,361.06,367.87,371.59,376.92,377.33,378.88,380.36,368.57
989,354.72,353.85,361.05,367.87,371.58,376.92,377.33,378.9,380.38,368.55
990,354.71,353.86,361.07,367.88,371.61,376.93,377.35,378.94,380.41,368.54
991,354.72,353.87,361.07,367.89,371.61,376.95,377.35,378.97,380.41,368.54
992,354.72,353.87,361.07,367.89,371.62,376.96,377.36,378.99,380.42,368.51
993,354.72,353.87,361.08,367.9,371.64,376.97,377.34,379.01,380.43,368.49
994,354.72,353.87,361.07,367.91,371.63,376.98,377.32,379.04,380.46,368.44
995,354.72,353.87,361.07,367.92,371.65,376.99,377.31,379.03,380.47,368.42
996,354.72,353.87,361.07,367.93,371.65,377.0,377.31,379.01,380.47,368.41
997,354.73,353.87,361.08,367.95,371.66,377.02,377.3,378.97,380.49,368.4
998,354.73,353.88,361.09,367.96,371.67,377.03,377.32,378.94,380.5,368.4
999,354.73,353.88,361.1,367.96,371.68,377.04,377.33,378.89,380.5,368.39
1000,354.74,353.88,361.09,367.98,371.68,377.05,377.36,378.85,380.48,368.39
1001,354.74,353.9,361.09,367.99,371.7,377.06,377.4,378.83,380.46,368.4
1002,354.74,353.9,361.1,368.0,371.71,377.08,377.43,378.83,380.45,368.41
1003,354.74,353.9,361.11,367.99,371.72,377.08,377.46,378.84,380.42,368.41
1004,354.73,353.9,361.1,368.0,371.74,377.09,377.49,378.87,380.38,368.38
1005,354.75,353.91,361.12,368.0,371.75,377.1,377.53,378.9,380.34,368.37
1006,354.75,353.91,361.12,368.01,371.76,377.12,377.56,378.93,380.32,368.37
1007,354.74,353.91,361.13,368.01,371.77,377.14,377.59,378.92,380.32,368.4
1008,354.75,353.91,361.13,368.03,371.78,377.16,377.61,378.92,380.33,368.42
1009,354.75,353.91,361.13,368.04,371.79,377.17,377.64,378.93,380.35,368.46
1010,354.75,353.9,361.13,368.05,371.79,377.18,377.65,378.95,380.36,368.47
1011,354.77,353.92,361.14,368.06,371.81,377.2,377.68,379.0,380.36,368.49
1012,354.77,353.93,361.16,368.07,371.84,377.21,377.71,379.05,380.32,368.5
1013,354.77,353.93,361.15,368.08,371.84,377.23,377.73,379.1,380.29,368.49
1014,354.78,353.93,361.16,368.1,371.85,377.25,377.73,379.14,380.28,368.5
1015,354.78,353.93,361.17,368.1,371.87,377.26,377.75,379.17,380.28,368.51
1016,354.78,353.92,361.16,368.11,371.87,377.28,377.75,379.2,380.26,368.5
1017,354.8,353.93,361.18,368.12,371.88,377.29,377.77,379.22,380.28,368.54
1018,354.81,353.94,361.19,368.13,371.91,377.31,377.79,379.25,380.31,368.57
1019,354.8,353.94,361.2,368.14,371.92,377.32,377.79,379.26,380.32,368.58
1020,354.81,353.94,361.2,368.14,371.93,377.34,377.79,379.29,380.4,368.58
1021,354.82,353.95,361.2,368.16,371.95,377.36,377.81,379.31,380.49,368.57
1022,354.82,353.94,361.21,368.16,371.95,377.38,377.82,379.32,380.55,368.57
1023,354.83,353.95,361.22,368.17,371.96,377.38,377.82,379.32,380.6,368.57
1024,354.82,353.95,361.22,368.18,371.97,377.39,377.82,379.33,380.64,368.57
1025,354.84,353.96,361.22,368.19,371.99,377.4,377.81,379.34,380.7,368.59
1026,354.84,353.98,361.23,368.19,371.99,377.41,377.79,379.31,380.74,368.6
1027,354.85,353.98,361.23,368.2,372.0,377.43,377.77,379.25,380.76,368.63
1028,354.85,353.98,361.24,368.21,372.01,377.44,377.74,379.22,380.8,368.66
1029,354.85,353.98,361.24,368.22,372.02,377.44,377.7,379.21,380.84,368.73
1030,354.86,353.98,361.25,368.22,372.03,377.45,377.72,379.22,380.84,368.8
1031,354.85,353.98,361.26,368.23,372.05,377.46,377.74,379.22,380.85,368.86
1032,354.86,353.98,361.27,368.24,372.06,377.47,377.79,379.23,380.86,368.91
1033,354.87,353.99,361.28,368.24,372.07,377.48,377.82,379.25,380.87,368.96
1034,354.86,353.99,361.28,368.25,372.08,377.5,377.85,379.28,380.89,369.0
1035,354.87,353.99,361.29,368.25,372.08,377.5,377.88,379.28,380.9,369.04
1036,354.87,354.0,361.29,368.26,372.1,377.52,377.91,379.29,380.92,369.09
1037,354.87,354.01,361.29,368.28,372.11,377.53,377.94,379.32,380.92,369.12
1038,354.88,354.01,361.3,368.28,372.12,377.54,377.98,379.34,380.92,369.17
1039,354.88,354.02,361.31,368.29,372.13,377.56,378.01,379.36,380.89,369.2
1040,354.88,354.02,361.3,368.29,372.13,377.57,378.01,379.36,380.86,369.21
1041,354.89,354.03,361.31,368.3,372.14,377.58,378.03,379.38,380.83,369.22
1042,354.89,354.02,361.31,368.32,372.15,377.6,378.02,379.41,380.79,369.23
1043,354.89,354.03,361.31,368.32,372.15,377.62,378.05,379.44,380.74,369.25
1044,354.9,354.03,361.33,368.33,372.17,377.63,378.06,379.46,380.73,369.27
1045,354.9,354.03,361.33,368.33,372.18,377.64,378.08,379.48,380.73,369.28
1046,354.91,354.04,361.34,368.33,372.19,377.65,378.09,379.49,380.74,369.32
1047,354.92,354.05,361.35,368.34,372.21,377.66,378.12,379.49,380.77,369.35
1048,354.91,354.04,361.35,368.35,372.22,377.67,378.14,379.49,380.76,369.4
1049,354.91,354.04,361.35,368.35,372.22,377.67,378.14,379.47,380.75,369.43
1050,354.92,354.05,361.35,368.35,372.23,377.68,378.16,379.49,380.73,369.46
1051,354.92,354.05,361.36,368.37,372.24,377.7,378.17,379.5,380.75,369.49
1052,354.92,354.05,361.36,368.38,372.24,377.71,378.18,379.53,380.74,369.51
1053,354.92,354.06,361.37,368.38,372.25,377.72,378.2,379.56,380.75,369.52
1054,354.94,354.06,361.36,368.4,372.26,377.74,378.2,379.6,380.75,369.54
1055,354.93,354.06,361.38,368.4,372.27,377.75,378.21,379.63,380.77,369.54
1056,354.93,354.07,361.38,368.41,372.28,377.76,378.21,379.66,380.79,369.52
1057,354.94,354.07,361.37,368.42,372.3,377.78,378.21,379.69,380.81,369.5
1058,354.94,354.07,361.38,368.43,372.3,377.78,378.21,379.71,380.85,369.51
1059,354.94,354.08,361.39,368.42,372.31,377.79,378.21,379.73,380.89,369.53
1060,354.94,354.08,361.39,368.43,372.31,377.8,378.22,379.77,380.93,369.56
1061,354.94,354.08,361.39,368.45,372.33,377.81,378.21,379.8,381.0,369.63
1062,354.94,354.08,361.4,368.44,372.33,377.82,378.23,379.84,381.07,369.7
1063,354.94,354.07,361.4,368.45,372.34,377.84,378.24,379.88,381.14,369.76
1064,354.95,354.08,361.4,368.47,372.35,377.85,378.26,379.91,381.22,369.82
1065,354.95,354.08,361.41,368.47,372.36,377.86,378.29,379.94,381.31,369.88
1066,354.96,354.08,361.41,368.49,372.37,377.86,378.33,379.96,381.38,369.95
1067,354.96,354.09,361.41,368.49,372.38,377.88,378.35,379.98,381.43,369.99
1068,354.97,354.09,361.42,368.49,372.39,377.88,378.38,379.99,381.48,370.02
1069,354.96,354.1,361.43,368.5,372.41,377.89,378.39,379.99,381.52,370.05
1070,354.97,354.1,361.42,368.52,372.42,377.91,378.41,379.99,381.57,370.06
1071,354.97,354.11,361.42,368.52,372.42,377.92,378.41,379.98,381.59,370.08
1072,354.98,354.1,361.43,368.52,372.43,377.93,378.42,379.97,381.62,370.11
1073,354.97,354.11,361.43,368.53,372.44,377.94,378.42,379.96,381.64,370.15
1074,354.98,354.12,361.43,368.55,372.46,377.95,378.43,379.96,381.66,370.22
1075,354.97,354.12,361.44,368.54,372.46,377.96,378.44,379.95,381.65,370.26
1076,354.98,354.12,361.45,368.56,372.47,377.97,378.45,379.95,381.63,370.27
1077,354.98,354.12,361.46,368.57,372.49,377.98,378.47,379.96,381.6,370.28
1078,354.98,354.12,361.46,368.57,372.48,377.99,378.48,379.97,381.57,370.28
1079,354.98,354.13,361.46,368.58,372.49,378.0,378.5,380.0,381.53,370.29
1080,355.0,354.13,361.46,368.59,372.5,378.02,378.53,380.01,381.51,370.3
1081,355.0,354.14,361.48,368.6,372.52,378.04,378.57,380.04,381.51,370.32
1082,355.0,354.15,361.49,368.6,372.53,378.05,378.59,380.06,381.51,370.31
1083,355.01,354.15,361.49,368.61,372.54,378.06,378.6,380.07,381.55,370.31
1084,355.01,354.16,361.5,368.62,372.56,378.08,378.63,380.09,381.57,370.31
1085,355.01,354.15,361.51,368.63,372.57,378.09,378.65,380.09,381.56,370.3
1086,355.02,354.15,361.5,368.64,372.57,378.1,378.65,380.11,381.55,370.3
1087,355.02,354.16,361.51,368.65,372.58,378.12,378.66,380.14,381.55,370.31
1088,355.02,354.16,361.52,368.65,372.6,378.12,378.66,380.17,381.52,370.3
1089,355.02,354.16,361.52,368.66,372.61,378.14,378.68,380.2,381.52,370.31
1090,355.03,354.17,361.53,368.67,372.62,378.15,378.69,380.23,381.5,370.31
1091,355.03,354.17,361.53,368.68,372.64,378.17,378.7,380.24,381.49,370.31
1092,355.03,354.18,361.53,368.7,372.65,378.17,378.71,380.24,381.46,370.3
1093,355.04,354.19,361.54,368.7,372.66,378.19,378.73,380.25,381.42,370.31
1094,355.04,354.19,361.54,368.72,372.66,378.2,378.75,380.25,381.41,370.31
1095,355.04,354.19,361.54,368.73,372.67,378.21,378.77,380.26,381.4,370.32
1096,355.05,354.2,361.56,368.73,372.68,378.22,378.81,380.28,381.41,370.34
1097,355.06,354.21,361.56,368.76,372.7,378.24,378.84,380.31,381.44,370.35
1098,355.05,354.21,361.56,368.77,372.69,378.25,378.85,380.33,381.47,370.37
1099,355.07,354.21,361.57,368.78,372.71,378.26,378.86,380.34,381.5,370.4
1100,355.07,354.21,361.58,368.79,372.71,378.27,378.87,380.35,381.51,370.45
1101,355.07,354.21,361.58,368.79,372.71,378.28,378.89,380.34,381.56,370.53
1102,355.07,354.21,361.58,368.8,372.73,378.3,378.9,380.33,381.61,370.62
1103,355.08,354.21,361.58,368.82,372.74,378.33,378.9,380.31,381.65,370.67
1104,355.09,354.22,361.59,368.81,372.75,378.34,378.92,380.31,381.69,370.71
1105,355.1,354.23,361.6,368.82,372.77,378.35,378.93,380.33,381.7,370.76
1106,355.11,354.25,361.61,368.82,372.79,378.36,378.94,380.35,381.72,370.79
1107,355.1,354.23,361.61,368.83,372.79,378.37,378.93,380.39,381.71,370.82
1108,355.1,354.25,361.6,368.84,372.8,378.38,378.94,380.41,381.72,370.85
1109,355.11,354.25,361.62,368.85,372.81,378.4,378.96,380.45,381.72,370.87
1110,355.11,354.25,361.62,368.85,372.82,378.41,378.99,380.49,381.78,370.9
1111,355.11,354.25,361.61,368.88,372.83,378.43,379.01,380.53,381.85,370.91
1112,355.11,354.26,361.62,368.88,372.83,378.44,379.02,380.56,381.91,370.91
1113,355.12,354.26,361.61,368.89,372.84,378.45,379.04,380.57,381.95,370.91
1114,355.13,354.28,361.63,368.9,372.85,378.47,379.05,380.59,381.98,370.92
1115,355.12,354.27,361.63,368.9,372.85,378.47,379.06,380.59,382.0,370.91
1116,355.14,354.28,361.64,368.91,372.87,378.49,379.07,380.61,382.01,370.91
1117,355.14,354.27,361.65,368.92,372.88,378.5,379.08,380.61,382.02,370.89
1118,355.14,354.27,361.65,368.93,372.88,378.52,379.09,380.62,382.04,370.86
1119,355.14,354.28,361.66,368.94,372.91,378.53,379.12,380.64,382.06,370.83
1120,355.16,354.29,361.67,368.94,372.91,378.54,379.13,380.67,382.08,370.82
1121,355.16,354.29,361.67,368.94,372.92,378.55,379.15,380.68,382.09,370.84
1122,355.16,354.31,361.68,368.94,372.94,378.56,379.17,380.68,382.1,370.86
1123,355.17,354.3,361.68,368.96,372.94,378.57,379.18,380.67,382.1,370.88
1124,355.16,354.31,361.68,368.97,372.95,378.58,379.2,380.67,382.11,370.88
1125,355.16,354.31,361.68,368.98,372.96,378.6,379.21,380.69,382.12,370.91
1126,355.16,354.32,361.68,368.99,372.96,378.61,379.21,380.73,382.11,370.95
1127,355.18,354.31,361.68,369.0,372.96,378.62,379.22,380.77,382.1,371.0
1128,355.18,354.33,361.7,369.0,372.98,378.63,379.24,380.8,382.08,371.04
1129,355.18,354.32,361.7,369.0,372.99,378.64,379.24,380.8,382.08,371.05
1130,355.19,354.32,361.7,369.01,372.99,378.65,379.25,380.81,382.08,371.06
1131,355.19,354.33,361.7,369.02,373.0,378.66,379.27,380.83,382.07,371.08
1132,355.2,354.33,361.71,369.03,373.01,378.68,379.27,380.84,382.07,371.08
1133,355.2,354.33,361.72,369.03,373.03,378.7,379.27,380.85,382.08,371.09
1134,355.2,354.33,361.72,369.04,373.04,378.71,379.26,380.86,382.09,371.09
1135,355.2,354.34,361.72,369.04,373.04,378.72,379.26,380.87,382.12,371.1
1136,355.2,354.35,361.73,369.05,373.06,378.73,379.25,380.86,382.15,371.1
1137,355.21,354.34,361.74,369.06,373.07,378.74,379.27,380.85,382.18,371.13
1138,355.21,354.37,361.75,369.07,373.08,378.74,379.28,380.84,382.2,371.17
1139,355.22,354.36,361.74,369.06,373.08,378.75,379.29,380.82,382.2,371.2
1140,355.22,354.36,361.75,369.08,373.09,378.76,379.3,380.8,382.22,371.24
1141,355.24,354.36,361.75,369.08,373.11,378.77,379.33,380.78,382.22,371.27
1142,355.23,354.37,361.75,369.1,373.11,378.79,379.34,380.8,382.24,371.31
1143,355.25,354.37,361.76,369.1,373.12,378.79,379.37,380.82,382.26,371.32
1144,355.25,354.37,361.76,369.11,373.13,378.81,379.38,380.84,382.28,371.34
1145,355.25,354.38,361.77,369.11,373.13,378.81,379.39,380.88,382.29,371.35
1146,355.25,354.38,361.78,369.11,373.14,378.82,379.4,380.89,382.32,371.37
1147,355.26,354.39,361.78,369.12,373.15,378.84,379.42,380.92,382.34,371.37
1148,355.26,354.38,361.79,369.14,373.17,378.86,379.42,380.95,382.33,371.38
1149,355.25,354.37,361.78,369.14,373.17,378.87,379.43,380.98,382.33,371.38
1150,355.26,354.39,361.8,369.15,373.19,378.86,379.44,380.99,382.35,371.37
1151,355.26,354.38,361.79,369.15,373.19,378.88,379.45,381.04,382.38,371.38
1152,355.27,354.38,361.79,369.15,373.19,378.89,379.45,381.09,382.41,371.37
1153,355.27,354.39,361.8,369.17,373.21,378.9,379.47,381.13,382.46,371.39
1154,355.27,354.4,361.8,369.17,373.22,378.91,379.48,381.16,382.49,371.39
1155,355.27,354.4,361.81,369.19,373.22,378.93,379.49,381.18,382.54,371.37
1156,355.28,354.41,361.82,369.19,373.25,378.94,379.51,381.2,382.6,371.36
1157,355.28,354.41,361.83,369.19,373.25,378.94,379.52,381.21,382.64,371.35
1158,355.28,354.41,361.82,369.21,373.25,378.96,379.53,381.21,382.67,371.33
1159,355.29,354.41,361.83,369.21,373.26,378.97,379.53,381.21,382.7,371.32
1160,355.29,354.42,361.85,369.21,373.27,378.98,379.55,381.21,382.73,371.33
1161,355.29,354.41,361.85,369.22,373.28,378.99,379.55,381.21,382.77,371.35
1162,355.29,354.42,361.85,369.22,373.29,379.0,379.58,381.2,382.8,371.37
1163,355.3,354.41,361.86,369.23,373.29,379.01,379.58,381.18,382.82,371.4
1164,355.3,354.42,361.87,369.24,373.31,379.03,379.59,381.18,382.83,371.45
1165,355.3,354.42,361.88,369.24,373.33,379.04,379.62,381.18,382.81,371.5
1166,355.31,354.43,361.88,369.24,373.33,379.05,379.64,381.2,382.78,371.53
1167,355.31,354.43,361.88,369.26,373.34,379.07,379.64,381.22,382.73,371.54
1168,355.32,354.43,361.89,369.27,373.34,379.08,379.65,381.23,382.68,371.58
1169,355.32,354.44,361.89,369.27,373.37,379.1,379.66,381.22,382.65,371.6
1170,355.33,354.45,361.9,369.28,373.38,379.11,379.67,381.22,382.63,371.62
1171,355.33,354.45,361.91,369.28,373.38,379.12,379.68,381.22,382.62,371.65
1172,355.33,354.45,361.91,369.3,373.4,379.13,379.69,381.23,382.61,371.67
1173,355.34,354.46,361.92,369.3,373.41,379.14,379.71,381.24,382.6,371.69
1174,355.34,354.46,361.93,369.31,373.42,379.16,379.73,381.27,382.6,371.69
1175,355.34,354.46,361.93,369.32,373.43,379.16,379.74,381.28,382.61,371.65
1176,355.34,354.47,361.94,369.32,373.43,379.19,379.76,381.31,382.62,371.62
1177,355.35,354.47,361.94,369.33,373.44,379.19,379.78,381.34,382.63,371.6
1178,355.36,354.47,361.94,369.35,373.46,379.21,379.8,381.37,382.66,371.61
1179,355.36,354.48,361.96,369.36,373.47,379.23,379.82,381.4,382.66,371.64
1180,355.36,354.49,361.96,369.35,373.48,379.24,379.82,381.42,382.68,371.64
1181,355.36,354.49,361.96,369.37,373.48,379.26,379.82,381.42,382.72,371.67
1182,355.37,354.5,361.97,369.38,373.51,379.26,379.82,381.39,382.78,371.67
1183,355.38,354.51,361.99,369.39,373.53,379.28,379.82,381.38,382.81,371.68
1184,355.39,354.52,361.99,369.4,373.53,379.29,379.84,381.37,382.81,371.68
1185,355.38,354.52,361.99,369.4,373.54,379.31,379.86,381.37,382.8,371.69
1186,355.39,354.52,361.99,369.41,373.54,379.32,379.88,381.4,382.79,371.7
1187,355.39,354.52,362.0,369.43,373.55,379.33,379.91,381.44,382.78,371.73
1188,355.4,354.52,362.0,369.44,373.56,379.34,379.94,381.48,382.78,371.75
1189,355.39,354.52,362.01,369.44,373.57,379.35,379.95,381.51,382.8,371.77
1190,355.38,354.52,362.0,369.45,373.57,379.37,379.94,381.54,382.81,371.78
1191,355.4,354.52,362.01,369.46,373.59,379.38,379.93,381.56,382.89,371.8
1192,355.4,354.52,362.02,369.46,373.6,379.38,379.91,381.58,382.98,371.79
1193,355.41,354.53,362.02,369.47,373.61,379.4,379.87,381.6,383.03,371.77
1194,355.41,354.53,362.04,369.47,373.63,379.41,379.84,381.62,383.06,371.75
1195,355.41,354.54,362.03,369.49,373.63,379.43,379.83,381.63,383.08,371.74
1196,355.4,354.55,362.03,369.5,373.63,379.44,379.81,381.61,383.11,371.75
1197,355.41,354.54,362.03,369.51,373.63,379.44,379.83,381.58,383.14,371.74
1198,355.42,354.55,362.04,369.52,373.65,379.45,379.86,381.55,383.17,371.76
1199,355.42,354.55,362.04,369.53,373.66,379.46,379.91,381.52,383.21,371.75
1200,355.42,354.56,362.04,369.54,373.67,379.47,379.97,381.5,383.24,371.74
1201,355.43,354.58,362.05,369.55,373.69,379.47,380.03,381.5,383.28,371.74
1202,355.43,354.57,362.06,369.56,373.69,379.49,380.06,381.5,383.27,371.76
1203,355.44,354.57,362.05,369.57,373.7,379.51,380.09,381.5,383.28,371.78
1204,355.43,354.58,362.06,369.58,373.71,379.52,380.11,381.52,383.26,371.78
1205,355.43,354.58,362.06,369.59,373.72,379.53,380.13,381.55,383.26,371.81
1206,355.43,354.58,362.07,369.6,373.73,379.54,380.15,381.59,383.25,371.83
1207,355.44,354.58,362.07,369.6,373.73,379.56,380.16,381.65,383.24,371.84
1208,355.44,354.59,362.08,369.61,373.75,379.56,380.18,381.69,383.21,371.84
1209,355.45,354.6,362.09,369.63,373.76,379.58,380.22,381.73,383.17,371.84
1210,355.45,354.6,362.09,369.64,373.77,379.6,380.24,381.75,383.13,371.84
1211,355.45,354.61,362.1,369.65,373.79,379.6,380.26,381.79,383.12,371.86
1212,355.46,354.61,362.1,369.65,373.79,379.62,380.26,381.82,383.1,371.87
1213,355.47,354.62,362.11,369.66,373.79,379.63,380.28,381.83,383.08,371.87
1214,355.46,354.63,362.11,369.67,373.81,379.64,380.29,381.86,383.06,371.85
1215,355.47,354.63,362.12,369.67,373.81,379.65,380.31,381.88,383.06,371.84
1216,355.48,354.63,362.12,369.69,373.83,379.66,380.32,381.91,383.07,371.83
1217,355.48,354.63,362.13,369.7,373.84,379.68,380.34,381.93,383.1,371.83
1218,355.48,354.64,362.14,369.7,373.86,379.69,380.35,381.96,383.14,371.85
1219,355.48,354.64,362.14,369.71,373.86,379.71,380.37,382.0,383.18,371.9
1220,355.48,354.64,362.15,369.71,373.87,379.72,380.39,382.0,383.2,371.92
1221,355.5,354.65,362.15,369.72,373.88,379.73,380.41,382.02,383.22,371.97
1222,355.5,354.65,362.16,369.73,373.89,379.74,380.42,382.03,383.23,371.99
1223,355.5,354.66,362.16,369.74,373.9,379.76,380.44,382.04,383.24,372.01
1224,355.5,354.66,362.17,369.75,373.9,379.77,380.47,382.06,383.26,372.02
1225,355.51,354.66,362.16,369.76,373.91,379.78,380.47,382.07,383.28,372.01
1226,355.5,354.68,362.16,369.76,373.92,379.78,380.48,382.07,383.3,371.98
1227,355.52,354.68,362.18,369.77,373.93,379.79,380.51,382.08,383.33,371.96
1228,355.52,354.7,362.18,369.78,373.95,379.81,380.51,382.1,383.35,371.96
1229,355.53,354.69,362.19,369.8,373.96,379.83,380.52,382.11,383.39,371.98
1230,355.54,354.69,362.2,369.8,373.96,379.84,380.52,382.11,383.41,371.99
1231,355.54,354.7,362.21,369.8,373.98,379.86,380.53,382.12,383.46,372.01
1232,355.55,354.7,362.22,369.81,373.99,379.87,380.52,382.13,383.51,372.02
1233,355.56,354.71,362.23,369.81,374.0,379.88,380.53,382.15,383.57,372.03
1234,355.56,354.71,362.22,369.81,373.99,379.89,380.52,382.17,383.59,372.02
1235,355.57,354.71,362.23,369.82,374.0,379.91,380.53,382.2,383.62,372.04
1236,355.58,354.72,362.24,369.83,374.02,379.92,380.53,382.22,383.65,372.06
1237,355.58,354.74,362.25,369.84,374.03,379.94,380.54,382.24,383.69,372.08
1238,355.59,354.74,362.25,369.87,374.04,379.96,380.54,382.25,383.71,372.1
1239,355.59,354.74,362.24,369.86,374.04,379.97,380.55,382.25,383.73,372.12
1240,355.58,354.74,362.25,369.87,374.05,379.99,380.57,382.24,383.75,372.12
1241,355.59,354.75,362.25,369.87,374.06,379.98,380.57,382.23,383.78,372.14
1242,355.6,354.74,362.26,369.88,374.07,380.0,380.59,382.21,383.79,372.15
1243,355.61,354.76,362.28,369.88,374.08,380.01,380.58,382.17,383.8,372.15
1244,355.61,354.75,362.28,369.89,374.09,380.02,380.58,382.15,383.8,372.15
1245,355.62,354.76,362.3,369.89,374.1,380.03,380.59,382.13,383.8,372.14
1246,355.62,354.76,362.3,369.91,374.11,380.05,380.59,382.15,383.76,372.14
1247,355.62,354.76,362.3,369.91,374.12,380.06,380.6,382.17,383.74,372.15
1248,355.62,354.77,362.31,369.9,374.14,380.06,380.62,382.19,383.72,372.17
1249,355.64,354.77,362.32,369.91,374.14,380.07,380.64,382.21,383.71,372.18
1250,355.63,354.78,362.32,369.92,374.15,380.08,380.68,382.23,383.7,372.19
1251,355.64,354.78,362.32,369.93,374.16,380.09,380.69,382.22,383.71,372.19
1252,355.64,354.79,362.33,369.93,374.17,380.11,380.71,382.22,383.73,372.2
1253,355.64,354.79,362.33,369.94,374.18,380.11,380.72,382.24,383.74,372.2
1254,355.65,354.8,362.33,369.94,374.2,380.13,380.73,382.25,383.75,372.2
1255,355.65,354.81,362.35,369.95,374.2,380.14,380.74,382.26,383.75,372.22
1256,355.66,354.8,362.35,369.95,374.21,380.14,380.76,382.26,383.74,372.23
1257,355.66,354.8,362.35,369.95,374.21,380.15,380.76,382.26,383.72,372.23
1258,355.66,354.81,362.36,369.96,374.22,380.15,380.77,382.26,383.68,372.23
1259,355.66,354.8,362.34,369.97,374.22,380.17,380.77,382.27,383.64,372.23
1260,355.66,354.8,362.36,369.97,374.24,380.17,380.78,382.28,383.59,372.22
1261,355.66,354.81,362.36,369.98,374.24,380.18,380.78,382.31,383.57,372.21
1262,355.66,354.81,362.35,369.99,374.24,380.19,380.79,382.33,383.53,372.18
1263,355.66,354.83,362.36,370.0,374.25,380.2,380.81,382.37,383.51,372.18
1264,355.67,354.83,362.38,370.0,374.26,380.21,380.84,382.38,383.53,372.16
1265,355.68,354.85,362.38,370.02,374.27,380.23,380.85,382.41,383.55,372.14
1266,355.66,354.84,362.38,370.03,374.27,380.23,380.87,382.43,383.56,372.09
1267,355.68,354.84,362.38,370.03,374.28,380.26,380.88,382.45,383.57,372.08
1268,355.7,354.85,362.4,370.04,374.29,380.26,380.92,382.47,383.59,372.1
1269,355.69,354.86,362.4,370.06,374.31,380.28,380.95,382.48,383.6,372.12
1270,355.7,354.86,362.41,370.06,374.32,380.29,380.95,382.5,383.63,372.15
1271,355.7,354.86,362.42,370.06,374.33,380.3,380.96,382.52,383.65,372.19
1272,355.69,354.86,362.41,370.08,374.34,380.31,380.98,382.54,383.7,372.25
1273,355.7,354.88,362.42,370.08,374.35,380.33,380.99,382.56,383.79,372.34
1274,355.71,354.88,362.42,370.09,374.36,380.34,381.01,382.57,383.85,372.4
1275,355.71,354.88,362.43,370.09,374.38,380.35,381.02,382.58,383.9,372.44
1276,355.71,354.89,362.43,370.1,374.38,380.35,381.03,382.59,383.93,372.47
1277,355.72,354.9,362.44,370.12,374.39,380.37,381.05,382.61,383.96,372.48
1278,355.72,354.9,362.44,370.12,374.39,380.38,381.06,382.62,383.96,372.47
1279,355.72,354.9,362.44,370.13,374.4,380.39,381.07,382.63,383.95,372.47
1280,355.73,354.91,362.46,370.14,374.41,380.39,381.08,382.63,383.95,372.47
1281,355.73,354.91,362.45,370.14,374.41,380.41,381.09,382.63,383.95,372.47
1282,355.74,354.91,362.45,370.15,374.43,380.42,381.11,382.64,383.95,372.5
1283,355.74,354.92,362.46,370.15,374.43,380.43,381.12,382.64,383.95,372.51
1284,355.75,354.93,362.48,370.16,374.45,380.45,381.13,382.67,383.96,372.49
1285,355.75,354.92,362.48,370.17,374.45,380.46,381.14,382.69,383.98,372.46
1286,355.76,354.92,362.49,370.17,374.46,380.48,381.16,382.72,384.01,372.4
1287,355.77,354.92,362.49,370.17,374.47,380.49,381.16,382.73,384.04,372.35
1288,355.76,354.93,362.5,370.18,374.47,380.5,381.18,382.76,384.06,372.31
1289,355.77,354.94,362.5,370.18,374.48,380.51,381.19,382.79,384.09,372.27
1290,355.77,354.94,362.51,370.18,374.5,380.51,381.19,382.81,384.13,372.25
1291,355.77,354.94,362.51,370.19,374.51,380.53,381.19,382.84,384.16,372.26
1292,355.78,354.94,362.51,370.2,374.51,380.54,381.21,382.86,384.2,372.28
1293,355.79,354.97,362.53,370.21,374.52,380.55,381.22,382.89,384.23,372.28
1294,355.79,354.97,362.53,370.21,374.54,380.57,381.24,382.89,384.27,372.29
1295,355.8,354.97,362.53,370.22,374.54,380.58,381.25,382.89,384.31,372.29
1296,355.79,354.97,362.54,370.24,374.54,380.59,381.26,382.9,384.34,372.28
1297,355.8,354.97,362.54,370.25,374.55,380.6,381.26,382.9,384.37,372.29
1298,355.81,354.97,362.55,370.26,374.56,380.6,381.27,382.89,384.41,372.3
1299,355.81,354.97,362.55,370.27,374.58,380.62,381.27,382.88,384.45,372.33
1300,355.81,354.98,362.57,370.29,374.59,380.64,381.29,382.89,384.45,372.36
1301,355.82,354.99,362.56,370.29,374.6,380.64,381.29,382.89,384.42,372.4
1302,355.82,354.99,362.58,370.3,374.62,380.65,381.31,382.91,384.41,372.45
1303,355.82,355.0,362.58,370.31,374.62,380.66,381.31,382.92,384.39,372.5
1304,355.83,355.01,362.58,370.32,374.64,380.67,381.33,382.94,384.37,372.51
1305,355.84,355.01,362.58,370.32,374.64,380.68,381.34,382.95,384.36,372.54
1306,355.83,355.01,362.58,370.33,374.65,380.68,381.35,382.96,384.36,372.55
1307,355.84,355.02,362.59,370.34,374.66,380.7,381.36,382.98,384.34,372.58
1308,355.84,355.03,362.59,370.34,374.67,380.71,381.37,382.99,384.32,372.6
1309,355.85,355.04,362.61,370.36,374.68,380.72,381.39,383.01,384.31,372.62
1310,355.85,355.03,362.6,370.37,374.69,380.72,381.39,383.02,384.29,372.62
1311,355.84,355.04,362.6,370.37,374.69,380.73,381.4,383.02,384.27,372.6
1312,355.84,355.04,362.61,370.38,374.7,380.74,381.42,383.02,384.28,372.6
1313,355.86,355.04,362.62,370.39,374.71,380.75,381.43,383.02,384.3,372.59
1314,355.86,355.04,362.62,370.39,374.71,380.76,381.46,383.02,384.32,372.59
1315,355.86,355.05,362.63,370.41,374.72,380.78,381.48,383.03,384.33,372.59
1316,355.87,355.05,362.63,370.41,374.73,380.79,381.5,383.03,384.33,372.62
1317,355.87,355.05,362.64,370.41,374.74,380.81,381.52,383.03,384.33,372.66
1318,355.86,355.05,362.64,370.41,374.76,380.81,381.55,383.03,384.33,372.7
1319,355.88,355.06,362.65,370.42,374.76,380.82,381.56,383.05,384.35,372.72
1320,355.89,355.07,362.64,370.43,374.77,380.83,381.57,383.07,384.38,372.77
1321,355.87,355.07,362.65,370.44,374.78,380.84,381.57,383.09,384.4,372.8
1322,355.88,355.07,362.65,370.45,374.79,380.86,381.58,383.11,384.42,372.86
1323,355.89,355.09,362.65,370.44,374.8,380.87,381.58,383.12,384.43,372.92
1324,355.89,355.09,362.67,370.46,374.8,380.87,381.57,383.13,384.45,372.99
1325,355.89,355.09,362.67,370.47,374.82,380.88,381.57,383.14,384.48,373.03
1326,355.9,355.1,362.68,370.47,374.83,380.89,381.58,383.16,384.52,373.09
1327,355.89,355.09,362.68,370.47,374.84,380.91,381.59,383.18,384.56,373.13
1328,355.91,355.09,362.68,370.49,374.85,380.92,381.6,383.2,384.58,373.15
1329,355.91,355.1,362.69,370.51,374.85,380.93,381.62,383.23,384.61,373.16
1330,355.92,355.12,362.71,370.51,374.87,380.93,381.62,383.24,384.65,373.17
1331,355.92,355.11,362.7,370.51,374.87,380.95,381.62,383.26,384.71,373.19
1332,355.93,355.12,362.71,370.52,374.87,380.95,381.64,383.28,384.75,373.21
1333,355.94,355.13,362.72,370.52,374.9,380.97,381.66,383.29,384.78,373.24
1334,355.95,355.14,362.73,370.53,374.9,380.99,381.69,383.31,384.78,373.26
1335,355.94,355.13,362.73,370.54,374.91,381.0,381.71,383.33,384.78,373.24
1336,355.95,355.13,362.73,370.55,374.92,381.02,381.75,383.35,384.79,373.23
1337,355.95,355.14,362.74,370.56,374.94,381.03,381.77,383.38,384.8,373.21
1338,355.96,355.15,362.74,370.57,374.94,381.05,381.78,383.4,384.79,373.18
1339,355.95,355.14,362.75,370.56,374.95,381.04,381.8,383.42,384.78,373.18
1340,355.96,355.16,362.76,370.58,374.95,381.06,381.81,383.44,384.77,373.18
1341,355.96,355.16,362.76,370.59,374.97,381.07,381.81,383.45,384.78,373.19
1342,355.96,355.16,362.76,370.6,374.97,381.09,381.82,383.49,384.82,373.21
1343,355.97,355.17,362.76,370.61,374.98,381.1,381.83,383.51,384.85,373.23
1344,355.97,355.17,362.77,370.62,374.99,381.12,381.85,383.53,384.86,373.26
1345,355.97,355.19,362.77,370.63,375.0,381.13,381.86,383.54,384.84,373.31
1346,355.98,355.18,362.78,370.63,375.01,381.13,381.89,383.54,384.82,373.33
1347,355.99,355.19,362.78,370.64,375.01,381.15,381.9,383.54,384.8,373.35
1348,355.99,355.19,362.79,370.65,375.02,381.16,381.92,383.54,384.81,373.36
1349,356.0,355.19,362.8,370.66,375.03,381.18,381.93,383.55,384.81,373.34
1350,356.0,355.2,362.81,370.67,375.04,381.2,381.93,383.56,384.81,373.32
1351,356.0,355.2,362.8,370.68,375.03,381.21,381.95,383.57,384.81,373.29
1352,356.01,355.2,362.81,370.68,375.04,381.21,381.95,383.57,384.81,373.29
1353,356.02,355.21,362.81,370.68,375.06,381.22,381.97,383.58,384.82,373.28
1354,356.03,355.22,362.82,370.69,375.08,381.24,381.99,383.58,384.84,373.28
1355,356.03,355.23,362.82,370.69,375.08,381.25,382.0,383.59,384.85,373.28
1356,356.04,355.23,362.83,370.7,375.09,381.26,382.01,383.59,384.86,373.32
1357,356.05,355.23,362.83,370.7,375.1,381.27,382.01,383.6,384.87,373.35
1358,356.05,355.24,362.84,370.71,375.1,381.28,382.02,383.6,384.88,373.38
1359,356.06,355.24,362.83,370.72,375.12,381.31,382.03,383.62,384.9,373.41
1360,356.06,355.25,362.85,370.72,375.13,381.31,382.03,383.62,384.92,373.43
1361,356.07,355.26,362.86,370.73,375.13,381.32,382.04,383.64,384.95,373.43
1362,356.08,355.26,362.86,370.74,375.14,381.33,382.06,383.65,384.98,373.4
1363,356.08,355.27,362.87,370.75,375.16,381.34,382.08,383.67,385.01,373.39
1364,356.09,355.27,362.88,370.77,375.17,381.36,382.1,383.69,385.02,373.38
1365,356.09,355.27,362.89,370.77,375.17,381.36,382.12,383.71,385.03,373.38
1366,356.09,355.27,362.9,370.77,375.18,381.37,382.15,383.73,385.07,373.38
1367,356.09,355.27,362.89,370.78,375.19,381.38,382.15,383.75,385.09,373.37
1368,356.1,355.27,362.89,370.78,375.19,381.38,382.14,383.77,385.12,373.4
1369,356.1,355.28,362.9,370.78,375.2,381.4,382.16,383.79,385.15,373.43
1370,356.11,355.29,362.91,370.79,375.22,381.4,382.17,383.8,385.19,373.51
1371,356.11,355.3,362.91,370.8,375.22,381.41,382.18,383.8,385.2,373.6
1372,356.11,355.29,362.91,370.8,375.23,381.41,382.19,383.81,385.2,373.65
1373,356.11,355.31,362.92,370.81,375.24,381.43,382.2,383.84,385.21,373.69
1374,356.11,355.31,362.91,370.82,375.25,381.43,382.22,383.85,385.21,373.74
1375,356.12,355.31,362.92,370.83,375.25,381.44,382.24,383.86,385.21,373.77
1376,356.12,355.31,362.93,370.84,375.25,381.45,382.26,383.88,385.24,373.8
1377,356.12,355.31,362.92,370.85,375.26,381.46,382.27,383.9,385.27,373.82
1378,356.12,355.32,362.93,370.87,375.26,381.47,382.27,383.92,385.3,373.84
1379,356.12,355.32,362.94,370.87,375.28,381.47,382.29,383.92,385.34,373.87
1380,356.13,355.33,362.95,370.87,375.29,381.48,382.32,383.93,385.4,373.89
1381,356.13,355.33,362.95,370.87,375.3,381.48,382.32,383.92,385.43,373.9
1382,356.13,355.33,362.95,370.88,375.32,381.5,382.33,383.92,385.44,373.91
1383,356.14,355.34,362.96,370.89,375.33,381.51,382.34,383.92,385.44,373.92
1384,356.14,355.34,362.97,370.89,375.34,381.53,382.35,383.93,385.43,373.92
1385,356.14,355.35,362.97,370.9,375.35,381.54,382.35,383.93,385.41,373.94
1386,356.14,355.35,362.98,370.9,375.35,381.55,382.36,383.95,385.39,373.94
1387,356.15,355.35,362.97,370.91,375.36,381.56,382.37,383.97,385.36,373.97
1388,356.15,355.37,362.99,370.92,375.37,381.57,382.37,383.99,385.32,373.96
1389,356.15,355.36,362.99,370.92,375.37,381.58,382.37,384.0,385.27,373.97
1390,356.16,355.38,362.99,370.93,375.38,381.59,382.39,384.02,385.23,373.97
1391,356.16,355.38,362.99,370.94,375.39,381.6,382.39,384.04,385.22,373.98
1392,356.16,355.38,363.0,370.94,375.4,381.61,382.39,384.05,385.22,374.0
1393,356.17,355.38,363.0,370.95,375.41,381.63,382.4,384.07,385.23,374.02
1394,356.17,355.39,363.01,370.96,375.41,381.65,382.41,384.1,385.26,374.03
1395,356.17,355.39,363.02,370.97,375.42,381.67,382.43,384.11,385.29,374.02
1396,356.18,355.39,363.03,370.98,375.43,381.67,382.45,384.11,385.32,374.03
1397,356.19,355.41,363.04,370.98,375.45,381.69,382.47,384.13,385.34,374.02
1398,356.19,355.41,363.05,371.0,375.46,381.71,382.49,384.14,385.36,374.02
1399,356.2,355.41,363.05,371.0,375.48,381.71,382.52,384.15,385.39,374.04
1400,356.2,355.41,363.05,371.01,375.48,381.73,382.54,384.17,385.4,374.06
1401,356.2,355.42,363.06,371.02,375.48,381.74,382.56,384.18,385.42,374.06
1402,356.2,355.42,363.05,371.03,375.49,381.75,382.57,384.2,385.43,374.06
1403,356.21,355.43,363.05,371.04,375.5,381.77,382.58,384.21,385.47,374.09
1404,356.23,355.43,363.06,371.06,375.51,381.78,382.61,384.24,385.51,374.11
1405,356.23,355.45,363.07,371.06,375.51,381.79,382.62,384.25,385.54,374.14
1406,356.25,355.45,363.08,371.07,375.53,381.8,382.63,384.25,385.59,374.2
1407,356.26,355.47,363.1,371.07,375.55,381.81,382.64,384.26,385.64,374.25
1408,356.25,355.46,363.09,371.08,375.54,381.82,382.64,384.27,385.66,374.27
1409,356.25,355.46,363.1,371.08,375.56,381.83,382.65,384.27,385.69,374.3
1410,356.27,355.47,363.11,371.09,375.57,381.85,382.65,384.28,385.71,374.34
1411,356.27,355.49,363.12,371.09,375.58,381.86,382.65,384.28,385.73,374.38
1412,356.27,355.49,363.12,371.1,375.59,381.87,382.66,384.29,385.75,374.4
1413,356.27,355.49,363.12,371.11,375.59,381.9,382.67,384.3,385.76,374.42
1414,356.28,355.49,363.12,371.11,375.59,381.9,382.69,384.31,385.77,374.43
1415,356.28,355.5,363.12,371.12,375.6,381.91,382.69,384.32,385.77,374.44
1416,356.29,355.51,363.13,371.13,375.61,381.93,382.71,384.31,385.78,374.44
1417,356.29,355.51,363.13,371.14,375.62,381.93,382.72,384.32,385.78,374.41
1418,356.28,355.5,363.14,371.14,375.63,381.95,382.72,384.33,385.79,374.4
1419,356.29,355.52,363.14,371.14,375.64,381.95,382.73,384.33,385.8,374.38
1420,356.3,355.52,363.15,371.15,375.65,381.97,382.75,384.36,385.83,374.37
1421,356.3,355.53,363.17,371.15,375.67,381.98,382.77,384.38,385.86,374.34
1422,356.3,355.53,363.17,371.16,375.66,381.98,382.78,384.4,385.88,374.31
1423,356.3,355.52,363.17,371.17,375.67,381.99,382.78,384.42,385.91,374.28
1424,356.31,355.53,363.18,371.18,375.69,382.0,382.8,384.45,385.93,374.23
1425,356.32,355.54,363.21,371.18,375.71,382.0,382.81,384.47,385.96,374.19
1426,356.33,355.56,363.21,371.19,375.73,382.02,382.82,384.49,385.97,374.18
1427,356.32,355.55,363.22,371.21,375.73,382.04,382.82,384.52,385.99,374.19
1428,356.33,355.55,363.23,371.21,375.73,382.05,382.82,384.53,386.01,374.19
1429,356.32,355.56,363.23,371.21,375.74,382.06,382.84,384.54,386.02,374.19
1430,356.33,355.56,363.22,371.2,375.74,382.06,382.85,384.54,386.03,374.21
1431,356.34,355.57,363.23,371.22,375.76,382.08,382.86,384.56,386.03,374.23
1432,356.32,355.57,363.23,371.23,375.75,382.09,382.87,384.57,386.03,374.22
1433,356.33,355.57,363.23,371.24,375.76,382.1,382.89,384.58,386.02,374.21
1434,356.33,355.58,363.24,371.26,375.77,382.1,382.91,384.59,386.04,374.22
1435,356.34,355.58,363.24,371.27,375.78,382.11,382.94,384.59,386.05,374.26
1436,356.35,355.6,363.25,371.28,375.8,382.12,382.97,384.6,386.06,374.29
1437,356.35,355.6,363.25,371.28,375.81,382.12,382.98,384.6,386.08,374.33
1438,356.36,355.61,363.27,371.3,375.83,382.14,382.99,384.61,386.1,374.36
1439,356.37,355.62,363.27,371.3,375.84,382.15,383.01,384.61,386.14,374.42
1440,356.38,355.62,363.29,371.31,375.85,382.16,383.01,384.61,386.16,374.46
1441,356.38,355.64,363.28,371.31,375.86,382.17,383.03,384.62,386.18,374.49
1442,356.38,355.64,363.29,371.32,375.86,382.19,383.02,384.64,386.19,374.5
1443,356.39,355.63,363.29,371.33,375.87,382.21,383.03,384.67,386.21,374.51
1444,356.41,355.66,363.29,371.34,375.88,382.22,383.05,384.67,386.23,374.52
1445,356.41,355.66,363.31,371.34,375.89,382.23,383.04,384.68,386.24,374.52
1446,356.41,355.65,363.31,371.36,375.89,382.24,383.06,384.7,386.26,374.52
1447,356.41,355.67,363.31,371.37,375.9,382.25,383.07,384.72,386.28,374.53
1448,356.41,355.66,363.31,371.38,375.91,382.27,383.08,384.74,386.29,374.54
1449,356.41,355.67,363.32,371.38,375.92,382.28,383.09,384.76,386.31,374.55
1450,356.41,355.67,363.32,371.39,375.92,382.29,383.09,384.79,386.32,374.57
1451,356.41,355.67,363.34,371.4,375.93,382.3,383.09,384.81,386.33,374.6
1452,356.42,355.68,363.34,371.41,375.95,382.31,383.11,384.83,386.34,374.64
1453,356.42,355.68,363.35,371.42,375.96,382.31,383.15,384.85,386.34,374.67
1454,356.42,355.69,363.35,371.43,375.95,382.32,383.17,384.86,386.34,374.69
1455,356.41,355.68,363.35,371.44,375.97,382.34,383.18,384.88,386.34,374.69
1456,356.42,355.69,363.35,371.45,375.97,382.34,383.2,384.9,386.34,374.7
1457,356.43,355.71,363.36,371.44,375.98,382.35,383.22,384.92,386.37,374.69
1458,356.43,355.7,363.36,371.45,375.99,382.36,383.23,384.93,386.4,374.71
1459,356.43,355.71,363.37,371.45,376.0,382.36,383.24,384.93,386.42,374.71
1460,356.44,355.73,363.37,371.45,376.02,382.37,383.24,384.92,386.47,374.73
1461,356.44,355.73,363.38,371.46,376.03,382.38,383.25,384.92,386.5,374.75
1462,356.45,355.73,363.39,371.48,376.03,382.41,383.26,384.93,386.53,374.77
1463,356.46,355.72,363.39,371.47,376.04,382.41,383.26,384.93,386.55,374.77
1464,356.47,355.73,363.4,371.48,376.04,382.43,383.27,384.96,386.56,374.76
1465,356.46,355.74,363.41,371.49,376.06,382.43,383.3,384.97,386.57,374.77
1466,356.46,355.74,363.41,371.5,376.06,382.44,383.31,384.98,386.56,374.78
1467,356.46,355.74,363.41,371.51,376.06,382.46,383.32,385.02,386.55,374.79
1468,356.48,355.75,363.41,371.52,376.08,382.47,383.34,385.05,386.55,374.83
1469,356.48,355.76,363.42,371.53,376.09,382.47,383.35,385.06,386.52,374.83
1470,356.49,355.76,363.42,371.53,376.1,382.48,383.37,385.07,386.51,374.86
1471,356.48,355.76,363.42,371.54,376.1,382.49,383.37,385.08,386.53,374.86
1472,356.5,355.76,363.42,371.54,376.1,382.49,383.39,385.09,386.55,374.85
1473,356.5,355.76,363.43,371.55,376.11,382.5,383.41,385.1,386.55,374.85
1474,356.51,355.77,363.44,371.57,376.13,382.52,383.43,385.12,386.59,374.87
1475,356.52,355.78,363.44,371.58,376.14,382.54,383.43,385.12,386.59,374.88
1476,356.52,355.79,363.45,371.58,376.13,382.54,383.44,385.11,386.6,374.9
1477,356.52,355.79,363.46,371.59,376.14,382.56,383.45,385.12,386.61,374.89
1478,356.53,355.79,363.45,371.6,376.15,382.58,383.45,385.11,386.63,374.92
1479,356.54,355.8,363.46,371.59,376.15,382.58,383.46,385.11,386.66,374.94
1480,356.55,355.81,363.46,371.6,376.16,382.59,383.47,385.1,386.68,374.97
1481,356.55,355.81,363.47,371.61,376.17,382.6,383.47,385.11,386.69,375.0
1482,356.55,355.81,363.47,371.61,376.18,382.61,383.48,385.11,386.71,375.03
1483,356.56,355.8,363.47,371.62,376.18,382.62,383.48,385.12,386.71,375.06
1484,356.55,355.8,363.46,371.62,376.18,382.64,383.49,385.14,386.72,375.09
1485,356.55,355.8,363.47,371.63,376.19,382.64,383.5,385.16,386.72,375.1
1486,356.55,355.81,363.48,371.62,376.19,382.65,383.5,385.16,386.73,375.11
1487,356.55,355.82,363.49,371.63,376.19,382.65,383.51,385.18,386.72,375.11
1488,356.56,355.82,363.49,371.63,376.21,382.66,383.52,385.19,386.75,375.13
1489,356.57,355.81,363.49,371.63,376.22,382.67,383.53,385.19,386.78,375.15
1490,356.57,355.82,363.5,371.63,376.23,382.68,383.55,385.22,386.8,375.16
1491,356.56,355.83,363.5,371.65,376.24,382.68,383.55,385.26,386.82,375.18
1492,356.56,355.83,363.5,371.65,376.24,382.69,383.56,385.29,386.82,375.19
1493,356.57,355.82,363.5,371.66,376.24,382.7,383.56,385.31,386.8,375.19
1494,356.58,355.82,363.51,371.66,376.25,382.71,383.58,385.34,386.83,375.2
1495,356.58,355.84,363.52,371.66,376.25,382.72,383.59,385.36,386.84,375.17
1496,356.58,355.84,363.53,371.67,376.26,382.73,383.59,385.38,386.86,375.17
1497,356.59,355.83,363.53,371.68,376.27,382.74,383.6,385.39,386.9,375.19
1498,356.6,355.84,363.54,371.69,376.28,382.75,383.63,385.39,386.94,375.21
1499,356.6,355.84,363.55,371.69,376.29,382.76,383.64,385.4,386.98,375.25
1500,356.6,355.85,363.56,371.69,376.3,382.77,383.65,385.4,387.01,375.28
1501,356.61,355.85,363.56,371.7,376.31,382.77,383.67,385.41,387.04,375.33
1502,356.62,355.86,363.57,371.7,376.32,382.79,383.69,385.43,387.06,375.38
1503,356.61,355.85,363.56,371.7,376.33,382.79,383.69,385.44,387.06,375.41
1504,356.62,355.86,363.56,371.71,376.33,382.79,383.7,385.45,387.07,375.45
1505,356.61,355.86,363.57,371.71,376.34,382.8,383.72,385.49,387.06,375.48
1506,356.62,355.87,363.57,371.72,376.35,382.82,383.73,385.52,387.06,375.5
1507,356.62,355.87,363.57,371.73,376.35,382.83,383.75,385.52,387.06,375.5
1508,356.62,355.87,363.57,371.74,376.36,382.83,383.76,385.54,387.07,375.5
1509,356.63,355.89,363.59,371.75,376.37,382.84,383.78,385.55,387.09,375.53
1510,356.63,355.89,363.58,371.76,376.38,382.85,383.77,385.56,387.1,375.54
1511,356.63,355.89,363.59,371.78,376.39,382.86,383.79,385.58,387.11,375.58
1512,356.64,355.9,363.59,371.78,376.4,382.87,383.82,385.59,387.14,375.61
1513,356.63,355.9,363.6,371.79,376.41,382.88,383.81,385.61,387.15,375.65
1514,356.64,355.9,363.6,371.79,376.41,382.88,383.83,385.61,387.17,375.69
1515,356.65,355.9,363.6,371.81,376.42,382.9,383.84,385.62,387.19,375.73
1516,356.65,355.91,363.62,371.81,376.43,382.9,383.86,385.62,387.22,375.76
1517,356.66,355.91,363.62,371.82,376.44,382.92,383.88,385.63,387.24,375.76
1518,356.67,355.91,363.63,371.83,376.44,382.93,383.89,385.63,387.26,375.73
1519,356.67,355.91,363.64,371.84,376.45,382.95,383.89,385.63,387.27,375.7
1520,356.68,355.91,363.64,371.84,376.46,382.96,383.91,385.64,387.28,375.67
1521,356.68,355.93,363.64,371.85,376.46,382.98,383.92,385.64,387.29,375.66
1522,356.69,355.92,363.64,371.86,376.47,382.99,383.92,385.65,387.29,375.65
1523,356.69,355.92,363.66,371.86,376.48,383.01,383.95,385.66,387.3,375.67
1524,356.7,355.93,363.66,371.87,376.49,383.02,383.97,385.68,387.31,375.71
1525,356.71,355.94,363.66,371.88,376.5,383.04,383.99,385.7,387.33,375.77
1526,356.71,355.94,363.68,371.88,376.51,383.05,384.01,385.72,387.34,375.79
1527,356.72,355.94,363.68,371.89,376.51,383.06,384.01,385.75,387.36,375.83
1528,356.72,355.95,363.69,371.9,376.53,383.07,384.03,385.76,387.38,375.87
1529,356.74,355.96,363.71,371.91,376.55,383.08,384.05,385.78,387.4,375.9
1530,356.74,355.97,363.71,371.91,376.56,383.08,384.06,385.81,387.41,375.94
1531,356.74,355.97,363.72,371.93,376.57,383.11,384.06,385.84,387.42,375.97
1532,356.76,355.96,363.71,371.93,376.58,383.11,384.06,385.85,387.43,376.0
1533,356.74,355.96,363.72,371.94,376.59,383.13,384.07,385.87,387.44,376.03
1534,356.76,355.98,363.73,371.95,376.6,383.14,384.1,385.87,387.47,376.07
1535,356.76,355.98,363.72,371.96,376.6,383.15,384.1,385.88,387.49,376.1
1536,356.76,355.99,363.74,371.97,376.62,383.16,384.11,385.88,387.52,376.11
1537,356.77,355.99,363.75,371.98,376.62,383.17,384.13,385.89,387.54,376.14
1538,356.77,356.0,363.74,371.98,376.63,383.18,384.14,385.9,387.57,376.15
1539,356.78,356.0,363.75,372.0,376.63,383.19,384.15,385.92,387.59,376.17
1540,356.78,356.0,363.76,372.0,376.64,383.2,384.16,385.93,387.6,376.16
1541,356.78,356.0,363.77,372.01,376.65,383.22,384.16,385.94,387.61,376.16
1542,356.79,356.01,363.77,372.0,376.66,383.21,384.16,385.95,387.63,376.16
1543,356.78,356.01,363.77,372.01,376.66,383.23,384.14,385.96,387.63,376.15
1544,356.79,356.01,363.78,372.03,376.67,383.24,384.17,385.98,387.63,376.15
1545,356.79,356.03,363.79,372.02,376.68,383.24,384.18,385.99,387.62,376.16
1546,356.8,356.02,363.78,372.03,376.69,383.25,384.2,386.0,387.61,376.16
1547,356.8,356.02,363.79,372.04,376.7,383.26,384.21,386.0,387.58,376.15
1548,356.81,356.02,363.79,372.05,376.7,383.25,384.23,386.0,387.58,376.15
1549,356.8,356.03,363.8,372.05,376.7,383.26,384.24,386.01,387.56,376.11
1550,356.81,356.04,363.81,372.05,376.72,383.27,384.26,386.01,387.56,376.06
1551,356.81,356.04,363.8,372.06,376.72,383.28,384.27,386.01,387.58,375.98
1552,356.82,356.05,363.81,372.08,376.73,383.3,384.28,386.01,387.6,375.95
1553,356.82,356.05,363.82,372.09,376.74,383.31,384.28,386.03,387.61,375.93
1554,356.83,356.06,363.83,372.1,376.75,383.33,384.29,386.04,387.63,375.92
1555,356.84,356.07,363.84,372.11,376.76,383.33,384.31,386.04,387.65,375.93
1556,356.85,356.08,363.85,372.11,376.76,383.34,384.32,386.05,387.66,375.93
1557,356.84,356.08,363.84,372.11,376.76,383.35,384.33,386.06,387.66,375.92
1558,356.85,356.08,363.85,372.12,376.77,383.35,384.33,386.06,387.68,375.93
1559,356.85,356.07,363.85,372.12,376.77,383.36,384.34,386.08,387.68,375.95
1560,356.87,356.08,363.87,372.13,376.79,383.38,384.38,386.1,387.71,376.0
1561,356.86,356.09,363.87,372.13,376.8,383.39,384.39,386.12,387.74,376.05
1562,356.86,356.09,363.88,372.14,376.81,383.4,384.41,386.15,387.76,376.08
1563,356.87,356.09,363.88,372.15,376.82,383.42,384.41,386.17,387.78,376.11
1564,356.87,356.09,363.87,372.15,376.81,383.42,384.42,386.19,387.79,376.14
1565,356.88,356.09,363.88,372.16,376.82,383.42,384.43,386.2,387.82,376.15
1566,356.88,356.11,363.9,372.17,376.84,383.43,384.46,386.21,387.85,376.14
1567,356.88,356.11,363.89,372.18,376.85,383.45,384.45,386.21,387.87,376.12
1568,356.88,356.11,363.89,372.19,376.84,383.46,384.47,386.23,387.88,376.1
1569,356.88,356.11,363.89,372.19,376.85,383.47,384.47,386.23,387.9,376.1
1570,356.89,356.11,363.9,372.2,376.86,383.48,384.49,386.24,387.92,376.08
1571,356.9,356.12,363.91,372.2,376.88,383.48,384.49,386.25,387.92,376.05
1572,356.9,356.13,363.92,372.2,376.88,383.48,384.51,386.26,387.93,376.03
1573,356.9,356.12,363.93,372.21,376.89,383.5,384.52,386.27,387.94,376.0
1574,356.91,356.14,363.92,372.22,376.89,383.51,384.53,386.28,387.94,376.0
1575,356.91,356.14,363.93,372.22,376.89,383.52,384.54,386.29,387.94,376.01
1576,356.92,356.15,363.94,372.23,376.9,383.53,384.55,386.31,387.94,376.03
1577,356.92,356.15,363.95,372.23,376.92,383.54,384.56,386.32,387.95,376.07
1578,356.92,356.16,363.95,372.24,376.93,383.54,384.58,386.33,387.97,376.11
1579,356.93,356.16,363.95,372.25,376.93,383.56,384.59,386.35,387.98,376.13
1580,356.95,356.17,363.96,372.25,376.95,383.58,384.59,386.35,388.01,376.16
1581,356.95,356.17,363.96,372.26,376.95,383.58,384.59,386.35,388.02,376.2
1582,356.96,356.18,363.96,372.26,376.97,383.6,384.59,386.36,388.02,376.23
1583,356.95,356.19,363.97,372.26,376.96,383.6,384.58,386.36,388.01,376.23
1584,356.96,356.19,363.97,372.26,376.97,383.61,384.58,386.36,388.02,376.24
1585,356.96,356.19,363.98,372.27,376.97,383.63,384.6,386.36,388.03,376.24
1586,356.97,356.2,363.98,372.29,376.97,383.63,384.61,386.36,388.06,376.25
1587,356.97,356.2,363.98,372.29,376.99,383.65,384.63,386.37,388.09,376.27
1588,356.98,356.21,363.98,372.3,376.99,383.65,384.65,386.38,388.09,376.31
1589,356.98,356.21,363.98,372.3,377.0,383.67,384.67,386.41,388.11,376.33
1590,356.98,356.21,363.99,372.31,377.01,383.67,384.68,386.43,388.1,376.36
1591,356.99,356.22,364.0,372.31,377.02,383.68,384.68,386.44,388.1,376.37
1592,357.0,356.22,364.0,372.31,377.02,383.69,384.69,386.46,388.09,376.37
1593,357.0,356.23,364.01,372.32,377.02,383.7,384.7,386.49,388.09,376.38
1594,356.99,356.23,364.0,372.32,377.03,383.71,384.71,386.52,388.09,376.38
1595,357.0,356.22,364.0,372.33,377.03,383.71,384.71,386.55,388.08,376.37
1596,357.0,356.23,364.01,372.34,377.03,383.72,384.73,386.55,388.08,376.37
1597,357.01,356.24,364.01,372.34,377.06,383.72,384.75,386.56,388.09,376.37
1598,357.02,356.24,364.02,372.35,377.05,383.74,384.76,386.57,388.1,376.37
1599,357.01,356.25,364.03,372.35,377.06,383.75,384.77,386.58,388.1,376.38
1600,357.02,356.25,364.02,372.36,377.07,383.76,384.78,386.57,388.11,376.4
1601,357.02,356.26,364.02,372.36,377.07,383.77,384.78,386.57,388.13,376.4
1602,357.02,356.26,364.03,372.36,377.08,383.78,384.8,386.57,388.14,376.4
1603,357.03,356.26,364.04,372.38,377.08,383.79,384.82,386.58,388.18,376.42
1604,357.03,356.25,364.04,372.38,377.09,383.79,384.83,386.59,388.2,376.48
1605,357.03,356.26,364.03,372.39,377.1,383.8,384.85,386.6,388.21,376.54
1606,357.04,356.26,364.04,372.39,377.1,383.8,384.86,386.63,388.21,376.58
1607,357.04,356.27,364.06,372.4,377.11,383.81,384.85,386.65,388.2,376.61
1608,357.04,356.26,364.05,372.4,377.11,383.82,384.86,386.67,388.21,376.64
1609,357.04,356.27,364.06,372.4,377.13,383.83,384.86,386.68,388.23,376.65
1610,357.05,356.26,364.06,372.4,377.12,383.83,384.87,386.69,388.24,376.67
1611,357.05,356.26,364.06,372.42,377.12,383.84,384.87,386.71,388.27,376.7
1612,357.05,356.27,364.06,372.42,377.13,383.85,384.88,386.72,388.28,376.73
1613,357.06,356.28,364.06,372.43,377.13,383.86,384.9,386.73,388.31,376.79
1614,357.06,356.29,364.06,372.44,377.13,383.88,384.93,386.75,388.34,376.82
1615,357.07,356.28,364.06,372.44,377.14,383.88,384.93,386.75,388.36,376.85
1616,357.07,356.29,364.07,372.44,377.15,383.88,384.94,386.76,388.38,376.87
1617,357.07,356.3,364.08,372.45,377.15,383.91,384.95,386.78,388.4,376.89
1618,357.08,356.3,364.08,372.45,377.17,383.92,384.96,386.79,388.43,376.89
1619,357.08,356.3,364.08,372.46,377.17,383.92,384.96,386.8,388.45,376.9
1620,357.09,356.29,364.09,372.46,377.17,383.93,384.96,386.81,388.47,376.88
1621,357.09,356.31,364.1,372.46,377.19,383.93,384.98,386.83,388.49,376.88
1622,357.1,356.31,364.1,372.47,377.19,383.95,384.99,386.83,388.51,376.87
1623,357.09,356.31,364.11,372.47,377.2,383.96,384.99,386.85,388.5,376.89
1624,357.1,356.31,364.11,372.47,377.2,383.96,385.0,386.86,388.51,376.92
1625,357.1,356.32,364.11,372.48,377.21,383.97,385.02,386.86,388.53,376.95
1626,357.1,356.33,364.11,372.48,377.21,383.97,385.03,386.87,388.53,376.98
1627,357.1,356.32,364.11,372.49,377.23,383.99,385.06,386.88,388.56,377.0
1628,357.11,356.33,364.12,372.48,377.23,383.99,385.06,386.89,388.57,377.01
1629,357.12,356.33,364.13,372.49,377.25,384.01,385.07,386.91,388.58,377.03
1630,357.11,356.34,364.13,372.49,377.25,384.01,385.09,386.92,388.59,377.04
1631,357.13,356.34,364.15,372.5,377.27,384.03,385.1,386.94,388.62,377.07
1632,357.13,356.34,364.16,372.51,377.27,384.03,385.11,386.96,388.65,377.09
1633,357.14,356.34,364.17,372.51,377.28,384.04,385.11,386.97,388.66,377.09
1634,357.14,356.34,364.17,372.51,377.29,384.06,385.12,386.98,388.68,377.09
1635,357.15,356.34,364.18,372.52,377.3,384.06,385.14,387.0,388.72,377.1
1636,357.15,356.36,364.19,372.52,377.3,384.08,385.15,387.02,388.74,377.11
1637,357.15,356.36,364.2,372.53,377.32,384.09,385.16,387.03,388.75,377.11
1638,357.16,356.37,364.2,372.53,377.32,384.1,385.17,387.04,388.77,377.13
1639,357.16,356.38,364.19,372.54,377.33,384.11,385.19,387.06,388.78,377.13
1640,357.16,356.38,364.21,372.56,377.33,384.12,385.2,387.07,388.79,377.14
1641,357.17,356.38,364.21,372.55,377.35,384.13,385.23,387.08,388.81,377.12
1642,357.17,356.38,364.22,372.56,377.36,384.15,385.25,387.09,388.83,377.12
1643,357.18,356.38,364.23,372.58,377.35,384.16,385.25,387.1,388.84,377.13
1644,357.17,356.39,364.23,372.59,377.37,384.17,385.26,387.11,388.84,377.14
1645,357.18,356.38,364.23,372.59,377.37,384.18,385.26,387.12,388.85,377.17
1646,357.2,356.38,364.24,372.59,377.38,384.19,385.28,387.13,388.85,377.18
1647,357.19,356.39,364.23,372.6,377.39,384.2,385.28,387.15,388.85,377.2
1648,357.19,356.38,364.25,372.6,377.4,384.21,385.29,387.15,388.85,377.19
1649,357.2,356.39,364.25,372.61,377.41,384.22,385.29,387.16,388.84,377.16
1650,357.2,356.39,364.25,372.61,377.42,384.22,385.29,387.17,388.83,377.15
1651,357.21,356.4,364.26,372.63,377.43,384.24,385.3,387.17,388.84,377.15
1652,357.2,356.4,364.25,372.63,377.43,384.24,385.29,387.18,388.84,377.16
1653,357.21,356.4,364.26,372.64,377.44,384.25,385.31,387.18,388.85,377.18
1654,357.23,356.41,364.27,372.65,377.44,384.26,385.33,387.19,388.85,377.2
1655,357.23,356.41,364.27,372.65,377.44,384.27,385.35,387.2,388.85,377.2
1656,357.23,356.41,364.27,372.66,377.45,384.28,385.36,387.21,388.84,377.19
1657,357.21,356.4,364.28,372.67,377.46,384.29,385.38,387.23,388.85,377.19
1658,357.23,356.41,364.29,372.68,377.46,384.3,385.41,387.24,388.87,377.21
1659,357.24,356.42,364.3,372.68,377.48,384.3,385.42,387.26,388.9,377.23
1660,357.25,356.42,364.3,372.67,377.49,384.31,385.42,387.28,388.94,377.25
1661,357.26,356.42,364.31,372.69,377.5,384.32,385.42,387.29,388.96,377.28
1662,357.25,356.42,364.31,372.68,377.5,384.32,385.41,387.3,388.99,377.32
1663,357.26,356.43,364.31,372.69,377.52,384.34,385.42,387.29,389.03,377.38
1664,357.26,356.44,364.32,372.69,377.52,384.34,385.42,387.29,389.05,377.44
1665,357.25,356.43,364.31,372.7,377.51,384.34,385.43,387.3,389.08,377.47
1666,357.26,356.44,364.31,372.71,377.52,384.35,385.44,387.31,389.1,377.5
1667,357.27,356.44,364.32,372.71,377.52,384.36,385.46,387.3,389.11,377.57
1668,357.27,356.44,364.32,372.71,377.53,384.36,385.47,387.31,389.13,377.63
1669,357.27,356.46,364.32,372.71,377.54,384.37,385.5,387.33,389.14,377.69
1670,357.29,356.46,364.33,372.72,377.56,384.38,385.5,387.34,389.15,377.75
1671,357.27,356.46,364.34,372.73,377.55,384.39,385.5,387.36,389.14,377.79
1672,357.29,356.47,364.34,372.74,377.56,384.39,385.52,387.38,389.13,377.83
1673,357.29,356.47,364.34,372.75,377.57,384.41,385.53,387.39,389.13,377.86
1674,357.3,356.47,364.34,372.75,377.58,384.41,385.54,387.4,389.13,377.91
1675,357.29,356.47,364.34,372.74,377.58,384.41,385.54,387.4,389.13,377.95
1676,357.3,356.48,364.36,372.75,377.58,384.43,385.58,387.4,389.12,377.98
1677,357.31,356.48,364.36,372.76,377.6,384.43,385.59,387.41,389.12,377.97
1678,357.31,356.48,364.37,372.76,377.6,384.44,385.59,387.42,389.14,377.98
1679,357.32,356.5,364.37,372.78,377.62,384.45,385.62,387.43,389.15,377.98
1680,357.32,356.5,364.38,372.78,377.61,384.46,385.61,387.44,389.14,377.98
1681,357.32,356.5,364.37,372.78,377.62,384.47,385.61,387.45,389.13,377.96
1682,357.32,356.5,364.38,372.79,377.63,384.48,385.62,387.45,389.14,377.96
1683,357.32,356.5,364.38,372.8,377.62,384.49,385.62,387.46,389.16,377.95
1684,357.33,356.5,364.38,372.81,377.64,384.49,385.63,387.46,389.18,377.95
1685,357.33,356.51,364.39,372.82,377.64,384.5,385.64,387.48,389.21,377.96
1686,357.34,356.51,364.4,372.82,377.64,384.5,385.66,387.48,389.24,377.98
1687,357.34,356.52,364.41,372.83,377.67,384.52,385.68,387.52,389.25,378.01
1688,357.34,356.52,364.42,372.84,377.66,384.53,385.69,387.55,389.25,378.06
1689,357.35,356.51,364.42,372.85,377.67,384.54,385.7,387.58,389.26,378.12
1690,357.36,356.52,364.43,372.86,377.69,384.55,385.72,387.61,389.26,378.17
1691,357.35,356.52,364.43,372.87,377.68,384.57,385.74,387.63,389.26,378.21
1692,357.36,356.52,364.42,372.87,377.7,384.56,385.74,387.64,389.26,378.25
1693,357.37,356.53,364.43,372.87,377.71,384.57,385.77,387.65,389.29,378.28
1694,357.37,356.54,364.43,372.88,377.71,384.58,385.77,387.66,389.33,378.29
1695,357.38,356.54,364.44,372.89,377.72,384.59,385.77,387.67,389.37,378.29
1696,357.37,356.54,364.44,372.89,377.73,384.59,385.78,387.67,389.41,378.28
1697,357.38,356.54,364.44,372.9,377.73,384.61,385.8,387.66,389.44,378.28
1698,357.4,356.55,364.45,372.91,377.75,384.62,385.83,387.68,389.46,378.28
1699,357.38,356.56,364.45,372.92,377.75,384.64,385.83,387.68,389.47,378.28
1700,357.4,356.56,364.46,372.92,377.76,384.65,385.85,387.69,389.47,378.29
1701,357.4,356.56,364.45,372.93,377.77,384.66,385.86,387.71,389.47,378.3
1702,357.41,356.57,364.49,372.94,377.78,384.66,385.88,387.72,389.48,378.32
1703,357.42,356.57,364.48,372.95,377.79,384.68,385.89,387.73,389.48,378.31
1704,357.42,356.57,364.49,372.95,377.79,384.69,385.9,387.73,389.47,378.28
1705,357.43,356.58,364.49,372.96,377.79,384.71,385.91,387.74,389.48,378.27
1706,357.44,356.59,364.51,372.96,377.82,384.72,385.93,387.75,389.5,378.27
1707,357.45,356.59,364.52,372.97,377.82,384.74,385.94,387.77,389.51,378.26
1708,357.44,356.58,364.51,372.98,377.82,384.75,385.94,387.79,389.51,378.26
1709,357.45,356.58,364.51,372.98,377.82,384.76,385.95,387.81,389.53,378.27
1710,357.44,356.59,364.51,372.99,377.83,384.77,385.96,387.83,389.54,378.29
1711,357.44,356.59,364.52,372.99,377.83,384.78,385.97,387.84,389.56,378.3
1712,357.46,356.59,364.52,372.99,377.84,384.78,385.98,387.85,389.61,378.31
1713,357.47,356.6,364.54,373.0,377.86,384.79,386.0,387.86,389.65,378.33
1714,357.49,356.62,364.54,373.01,377.87,384.8,386.01,387.87,389.68,378.35
1715,357.47,356.61,364.56,373.01,377.88,384.81,386.02,387.87,389.7,378.36
1716,357.48,356.61,364.54,373.01,377.88,384.82,386.02,387.87,389.69,378.36
1717,357.49,356.61,364.55,373.02,377.88,384.83,386.02,387.88,389.7,378.37
1718,357.49,356.63,364.56,373.03,377.89,384.84,386.03,387.9,389.69,378.37
1719,357.51,356.63,364.58,373.04,377.9,384.85,386.03,387.91,389.68,378.37
1720,357.51,356.63,364.57,373.04,377.91,384.86,386.05,387.93,389.68,378.34
1721,357.5,356.64,364.58,373.05,377.92,384.87,386.05,387.95,389.7,378.32
1722,357.51,356.64,364.58,373.06,377.93,384.89,386.07,387.97,389.72,378.3
1723,357.51,356.64,364.59,373.07,377.93,384.9,386.09,387.99,389.73,378.29
1724,357.51,356.65,364.59,373.08,377.95,384.91,386.1,388.0,389.74,378.28
1725,357.5,356.65,364.59,373.09,377.94,384.92,386.09,388.02,389.73,378.27
1726,357.52,356.65,364.6,373.09,377.95,384.92,386.1,388.03,389.74,378.27
1727,357.52,356.65,364.6,373.09,377.96,384.93,386.12,388.04,389.74,378.27
1728,357.52,356.65,364.6,373.11,377.95,384.94,386.12,388.05,389.73,378.27
1729,357.52,356.66,364.61,373.11,377.97,384.95,386.12,388.07,389.73,378.28
1730,357.53,356.67,364.62,373.12,377.98,384.97,386.15,388.07,389.76,378.28
1731,357.54,356.68,364.62,373.12,377.98,384.97,386.16,388.08,389.78,378.28
1732,357.55,356.69,364.62,373.13,377.99,384.99,386.17,388.09,389.8,378.29
1733,357.55,356.69,364.64,373.13,378.0,385.0,386.18,388.1,389.81,378.29
1734,357.56,356.7,364.64,373.14,378.01,385.01,386.19,388.11,389.82,378.31
1735,357.55,356.71,364.65,373.14,378.02,385.02,386.21,388.12,389.82,378.32
1736,357.57,356.7,364.66,373.16,378.04,385.03,386.23,388.13,389.83,378.33
1737,357.56,356.71,364.66,373.16,378.03,385.04,386.23,388.13,389.84,378.34
1738,357.57,356.7,364.66,373.16,378.04,385.05,386.24,388.15,389.86,378.34
1739,357.57,356.71,364.67,373.17,378.05,385.06,386.26,388.16,389.89,378.34
1740,357.57,356.71,364.67,373.17,378.06,385.06,386.27,388.16,389.91,378.34
1741,357.57,356.71,364.67,373.17,378.06,385.07,386.27,388.18,389.93,378.34
1742,357.58,356.71,364.68,373.17,378.07,385.07,386.28,388.19,389.94,378.36
1743,357.59,356.73,364.69,373.19,378.09,385.08,386.29,388.2,389.96,378.39
1744,357.59,356.73,364.69,373.2,378.09,385.1,386.3,388.2,389.96,378.44
1745,357.61,356.74,364.71,373.2,378.1,385.1,386.32,388.22,389.98,378.48
1746,357.59,356.75,364.71,373.21,378.1,385.11,386.34,388.23,389.98,378.52
1747,357.61,356.74,364.71,373.21,378.11,385.12,386.33,388.23,389.98,378.54
1748,357.61,356.75,364.71,373.22,378.11,385.13,386.35,388.24,389.99,378.55
1749,357.61,356.76,364.72,373.21,378.12,385.14,386.36,388.27,389.99,378.55
1750,357.61,356.76,364.73,373.23,378.12,385.15,386.36,388.29,390.0,378.54
1751,357.63,356.76,364.73,373.24,378.14,385.16,386.39,388.31,390.01,378.54
1752,357.63,356.77,364.75,373.23,378.15,385.16,386.4,388.32,390.03,378.56
1753,357.62,356.76,364.74,373.24,378.14,385.17,386.4,388.34,390.03,378.57
1754,357.63,356.78,364.75,373.25,378.16,385.17,386.41,388.36,390.06,378.61
1755,357.64,356.77,364.76,373.25,378.16,385.19,386.42,388.37,390.09,378.65
1756,357.65,356.78,364.75,373.26,378.17,385.2,386.44,388.39,390.12,378.67
1757,357.65,356.78,364.76,373.27,378.18,385.21,386.45,388.4,390.15,378.71
1758,357.65,356.8,364.77,373.27,378.19,385.22,386.47,388.42,390.18,378.72
1759,357.66,356.81,364.79,373.28,378.2,385.23,386.48,388.43,390.2,378.73
1760,357.66,356.82,364.78,373.28,378.2,385.23,386.48,388.43,390.2,378.73
1761,357.66,356.81,364.78,373.29,378.21,385.24,386.48,388.45,390.21,378.74
1762,357.67,356.81,364.79,373.3,378.21,385.26,386.5,388.45,390.22,378.73
1763,357.66,356.81,364.78,373.3,378.22,385.27,386.5,388.46,390.23,378.72
1764,357.66,356.81,364.79,373.32,378.22,385.28,386.5,388.46,390.23,378.73
1765,357.67,356.81,364.79,373.32,378.23,385.29,386.52,388.46,390.24,378.72
1766,357.68,356.83,364.81,373.32,378.25,385.3,386.53,388.46,390.25,378.68
1767,357.68,356.83,364.82,373.32,378.25,385.31,386.55,388.46,390.25,378.63
1768,357.69,356.83,364.83,373.33,378.26,385.32,386.55,388.47,390.26,378.58
1769,357.7,356.84,364.85,373.33,378.27,385.34,386.58,388.49,390.27,378.55
1770,357.69,356.84,364.84,373.34,378.27,385.34,386.58,388.5,390.27,378.52
1771,357.7,356.84,364.84,373.35,378.28,385.35,386.6,388.51,390.28,378.51
1772,357.7,356.85,364.85,373.34,378.29,385.35,386.6,388.52,390.29,378.5
1773,357.7,356.85,364.84,373.34,378.3,385.36,386.62,388.53,390.31,378.52
1774,357.71,356.85,364.86,373.36,378.3,385.37,386.64,388.54,390.31,378.55
1775,357.72,356.86,364.86,373.36,378.32,385.39,386.65,388.55,390.33,378.59
1776,357.73,356.88,364.86,373.38,378.32,385.4,386.65,388.57,390.36,378.62
1777,357.73,356.87,364.87,373.38,378.33,385.41,386.67,388.58,390.39,378.63
1778,357.73,356.89,364.87,373.39,378.34,385.42,386.67,388.6,390.4,378.62
1779,357.73,356.88,364.87,373.39,378.34,385.43,386.66,388.61,390.41,378.62
1780,357.73,356.89,364.88,373.4,378.34,385.44,386.67,388.62,390.43,378.63
1781,357.74,356.89,364.88,373.4,378.34,385.45,386.68,388.62,390.44,378.64
1782,357.74,356.89,364.89,373.41,378.35,385.46,386.68,388.63,390.44,378.65
1783,357.75,356.89,364.89,373.42,378.35,385.47,386.7,388.63,390.45,378.66
1784,357.75,356.9,364.9,373.42,378.36,385.47,386.72,388.63,390.45,378.69
1785,357.77,356.9,364.9,373.43,378.38,385.48,386.74,388.64,390.45,378.72
1786,357.76,356.91,364.91,373.44,378.38,385.48,386.73,388.64,390.45,378.72
1787,357.77,356.91,364.91,373.44,378.38,385.49,386.74,388.65,390.45,378.74
1788,357.79,356.92,364.93,373.44,378.4,385.48,386.76,388.65,390.47,378.76
1789,357.79,356.93,364.93,373.45,378.42,385.5,386.77,388.66,390.47,378.77
1790,357.78,356.93,364.93,373.45,378.41,385.5,386.77,388.66,390.48,378.81
1791,357.79,356.94,364.93,373.46,378.42,385.52,386.78,388.66,390.5,378.85
1792,357.79,356.94,364.93,373.47,378.42,385.53,386.78,388.68,390.5,378.9
1793,357.79,356.95,364.93,373.47,378.43,385.54,386.79,388.7,390.51,378.97
1794,357.8,356.95,364.94,373.48,378.44,385.54,386.81,388.7,390.52,379.04
1795,357.8,356.96,364.95,373.49,378.43,385.56,386.82,388.73,390.53,379.07
1796,357.81,356.96,364.94,373.49,378.44,385.57,386.83,388.74,390.54,379.09
1797,357.81,356.97,364.95,373.5,378.45,385.58,386.85,388.75,390.58,379.1
1798,357.82,356.97,364.96,373.49,378.45,385.59,386.87,388.77,390.59,379.09
1799,357.82,356.98,364.97,373.5,378.46,385.6,386.88,388.79,390.6,379.08
1800,357.83,356.98,364.97,373.51,378.48,385.61,386.9,388.8,390.62,379.08
1801,357.82,356.98,364.97,373.51,378.48,385.62,386.91,388.82,390.62,379.07
1802,357.84,357.0,364.98,373.52,378.49,385.65,386.93,388.85,390.62,379.08
1803,357.85,357.01,364.99,373.54,378.51,385.65,386.95,388.85,390.61,379.07
1804,357.84,357.02,365.0,373.53,378.52,385.65,386.96,388.86,390.6,379.07
1805,357.85,357.02,365.0,373.54,378.52,385.66,386.97,388.87,390.6,379.06
1806,357.85,357.02,365.0,373.55,378.52,385.67,386.96,388.88,390.61,379.05
1807,357.86,357.03,365.01,373.55,378.54,385.68,386.98,388.89,390.63,379.01
1808,357.86,357.04,365.02,373.55,378.54,385.69,386.99,388.9,390.64,378.96
1809,357.86,357.04,365.02,373.56,378.55,385.69,387.0,388.89,390.66,378.91
1810,357.87,357.06,365.03,373.57,378.56,385.7,387.01,388.91,390.67,378.86
1811,357.87,357.05,365.03,373.58,378.57,385.72,387.02,388.93,390.69,378.83
1812,357.88,357.05,365.04,373.58,378.57,385.73,387.04,388.95,390.7,378.83
1813,357.89,357.06,365.05,373.59,378.58,385.74,387.06,388.97,390.7,378.84
1814,357.88,357.06,365.05,373.6,378.58,385.76,387.06,388.99,390.69,378.84
1815,357.88,357.06,365.06,373.6,378.6,385.76,387.07,388.99,390.69,378.84
1816,357.88,357.05,365.05,373.61,378.59,385.78,387.09,389.02,390.69,378.82
1817,357.89,357.06,365.06,373.62,378.59,385.79,387.1,389.03,390.7,378.8
1818,357.89,357.06,365.06,373.62,378.6,385.79,387.1,389.05,390.71,378.79
1819,357.89,357.06,365.05,373.62,378.6,385.79,387.1,389.07,390.73,378.78
1820,357.91,357.08,365.07,373.63,378.63,385.81,387.12,389.08,390.78,378.81
1821,357.91,357.08,365.08,373.65,378.64,385.82,387.13,389.1,390.8,378.83
1822,357.93,357.09,365.09,373.65,378.65,385.82,387.14,389.1,390.83,378.86
1823,357.93,357.09,365.09,373.65,378.65,385.83,387.15,389.11,390.85,378.88
1824,357.93,357.09,365.1,373.65,378.67,385.84,387.17,389.12,390.87,378.9
1825,357.94,357.1,365.09,373.66,378.66,385.84,387.19,389.13,390.9,378.92
1826,357.93,357.1,365.1,373.67,378.67,385.86,387.2,389.16,390.91,378.93
1827,357.94,357.1,365.1,373.68,378.67,385.86,387.2,389.16,390.92,378.94
1828,357.94,357.11,365.11,373.68,378.68,385.87,387.21,389.17,390.93,378.96
1829,357.94,357.11,365.1,373.69,378.68,385.87,387.22,389.18,390.94,378.96
1830,357.95,357.11,365.11,373.7,378.68,385.89,387.23,389.18,390.95,378.94
1831,357.95,357.11,365.11,373.71,378.69,385.89,387.24,389.19,390.94,378.95
1832,357.95,357.13,365.12,373.71,378.7,385.91,387.24,389.2,390.94,378.96
1833,357.96,357.13,365.13,373.71,378.71,385.92,387.25,389.2,390.93,378.98
1834,357.95,357.13,365.13,373.71,378.71,385.92,387.25,389.2,390.91,378.98
1835,357.96,357.13,365.13,373.73,378.72,385.92,387.25,389.2,390.9,379.0
1836,357.97,357.15,365.14,373.72,378.73,385.93,387.25,389.2,390.91,379.01
1837,357.97,357.15,365.14,373.72,378.73,385.95,387.26,389.2,390.91,379.02
1838,357.97,357.15,365.14,373.73,378.73,385.95,387.28,389.2,390.95,379.05
1839,357.99,357.17,365.15,373.73,378.76,385.96,387.33,389.2,390.99,379.08
1840,357.98,357.17,365.16,373.75,378.76,385.96,387.33,389.21,390.99,379.08
1841,357.98,357.19,365.15,373.76,378.76,385.97,387.34,389.22,391.0,379.07
1842,357.98,357.18,365.15,373.77,378.76,385.98,387.36,389.25,391.01,379.07
1843,357.99,357.18,365.16,373.79,378.77,385.99,387.37,389.28,391.01,379.07
1844,357.99,357.19,365.16,373.79,378.78,386.0,387.38,389.31,391.02,379.07
1845,357.99,357.19,365.17,373.8,378.78,386.01,387.4,389.32,391.03,379.09
1846,357.99,357.2,365.17,373.81,378.79,386.02,387.41,389.34,391.04,379.07
1847,357.99,357.19,365.17,373.82,378.8,386.02,387.42,389.35,391.04,379.07
1848,358.0,357.2,365.18,373.82,378.8,386.03,387.43,389.37,391.05,379.06
1849,358.01,357.2,365.19,373.83,378.81,386.04,387.46,389.37,391.07,379.07
1850,358.03,357.2,365.19,373.84,378.82,386.04,387.48,389.38,391.09,379.06
1851,358.04,357.22,365.2,373.85,378.83,386.06,387.5,389.4,391.13,379.07
1852,358.05,357.22,365.21,373.85,378.83,386.06,387.5,389.41,391.14,379.08
1853,358.06,357.23,365.22,373.85,378.85,386.07,387.52,389.43,391.15,379.1
1854,358.06,357.23,365.22,373.86,378.85,386.08,387.53,389.44,391.17,379.14
1855,358.07,357.23,365.22,373.87,378.86,386.1,387.53,389.46,391.18,379.15
1856,358.08,357.25,365.23,373.87,378.87,386.11,387.52,389.48,391.19,379.18
1857,358.09,357.25,365.24,373.88,378.88,386.12,387.54,389.48,391.21,379.2
1858,358.1,357.26,365.25,373.89,378.89,386.14,387.54,389.5,391.22,379.2
1859,358.09,357.27,365.25,373.9,378.89,386.15,387.53,389.51,391.23,379.19
1860,358.1,357.26,365.24,373.9,378.88,386.16,387.53,389.52,391.23,379.2
1861,358.1,357.25,365.24,373.9,378.89,386.16,387.53,389.52,391.23,379.19
1862,358.1,357.27,365.25,373.91,378.9,386.18,387.54,389.54,391.24,379.18
1863,358.11,357.28,365.26,373.91,378.92,386.19,387.57,389.55,391.25,379.19
1864,358.11,357.29,365.27,373.93,378.91,386.21,387.57,389.58,391.25,379.18
1865,358.12,357.3,365.28,373.93,378.93,386.22,387.59,389.59,391.26,379.18
1866,358.13,357.3,365.29,373.93,378.94,386.22,387.6,389.59,391.26,379.16
1867,358.12,357.3,365.29,373.94,378.96,386.23,387.61,389.6,391.25,379.14
1868,358.13,357.3,365.28,373.94,378.94,386.24,387.6,389.61,391.23,379.1
1869,358.13,357.3,365.29,373.95,378.96,386.24,387.61,389.61,391.23,379.06
1870,358.15,357.31,365.3,373.96,378.97,386.25,387.63,389.62,391.23,379.01
1871,358.14,357.31,365.31,373.96,378.97,386.26,387.63,389.63,391.24,378.97
1872,358.14,357.31,365.31,373.96,378.98,386.27,387.63,389.63,391.23,378.95
1873,358.15,357.32,365.32,373.97,378.99,386.27,387.64,389.64,391.26,378.97
1874,358.15,357.32,365.33,373.97,379.0,386.29,387.66,389.65,391.29,379.01
1875,358.17,357.34,365.34,373.99,379.01,386.29,387.69,389.67,391.33,379.06
1876,358.18,357.33,365.35,374.0,379.01,386.3,387.7,389.68,391.34,379.1
1877,358.17,357.33,365.34,374.0,379.02,386.31,387.72,389.68,391.35,379.14
1878,358.16,357.33,365.34,374.0,379.01,386.31,387.71,389.69,391.34,379.19
1879,358.18,357.34,365.35,374.0,379.03,386.32,387.72,389.7,391.34,379.25
1880,358.18,357.34,365.36,373.99,379.04,386.32,387.73,389.71,391.36,379.29
1881,358.19,357.34,365.37,374.0,379.05,386.34,387.74,389.72,391.38,379.34
1882,358.19,357.35,365.38,374.0,379.06,386.34,387.73,389.72,391.4,379.38
1883,358.19,357.35,365.38,374.01,379.07,386.36,387.74,389.74,391.44,379.41
1884,358.2,357.36,365.39,374.02,379.08,386.36,387.75,389.75,391.49,379.44
1885,358.22,357.38,365.4,374.02,379.09,386.36,387.76,389.76,391.52,379.47
1886,358.22,357.38,365.4,374.03,379.09,386.38,387.77,389.78,391.54,379.48
1887,358.21,357.38,365.4,374.03,379.1,386.39,387.79,389.79,391.56,379.49
1888,358.22,357.39,365.41,374.04,379.1,386.39,387.81,389.79,391.58,379.48
1889,358.22,357.39,365.41,374.05,379.11,386.4,387.81,389.8,391.59,379.5
1890,358.23,357.39,365.41,374.05,379.11,386.4,387.82,389.81,391.6,379.51
1891,358.24,357.4,365.42,374.05,379.12,386.41,387.83,389.81,391.62,379.54
1892,358.24,357.4,365.43,374.06,379.13,386.42,387.84,389.82,391.63,379.55
1893,358.24,357.4,365.44,374.07,379.13,386.44,387.84,389.83,391.64,379.55
1894,358.25,357.41,365.46,374.08,379.14,386.43,387.86,389.83,391.67,379.55
1895,358.26,357.41,365.45,374.08,379.14,386.45,387.86,389.82,391.68,379.54
1896,358.26,357.42,365.45,374.09,379.14,386.46,387.87,389.82,391.68,379.53
1897,358.26,357.42,365.45,374.09,379.15,386.46,387.88,389.82,391.68,379.52
1898,358.26,357.42,365.45,374.09,379.15,386.47,387.9,389.82,391.68,379.51
1899,358.26,357.43,365.45,374.1,379.16,386.48,387.91,389.83,391.67,379.51
1900,358.26,357.43,365.46,374.11,379.17,386.49,387.91,389.85,391.66,379.52
1901,358.27,357.43,365.45,374.11,379.17,386.5,387.92,389.86,391.64,379.53
1902,358.28,357.44,365.46,374.12,379.18,386.5,387.93,389.88,391.63,379.53
1903,358.27,357.44,365.46,374.11,379.18,386.5,387.93,389.88,391.62,379.53
1904,358.28,357.43,365.47,374.12,379.18,386.52,387.93,389.89,391.62,379.53
1905,358.29,357.44,365.48,374.12,379.19,386.52,387.94,389.88,391.63,379.53
1906,358.29,357.44,365.48,374.13,379.21,386.54,387.95,389.89,391.65,379.54
1907,358.3,357.45,365.49,374.14,379.21,386.55,387.97,389.9,391.65,379.55
1908,358.3,357.45,365.49,374.14,379.21,386.55,387.97,389.91,391.65,379.58
1909,358.3,357.46,365.49,374.15,379.21,386.56,387.98,389.92,391.65,379.6
1910,358.31,357.46,365.49,374.15,379.22,386.57,388.0,389.94,391.66,379.64
1911,358.31,357.46,365.49,374.15,379.23,386.57,388.02,389.94,391.66,379.64
1912,358.32,357.47,365.5,374.16,379.24,386.58,388.03,389.96,391.67,379.63
1913,358.33,357.48,365.51,374.17,379.24,386.6,388.04,389.98,391.68,379.62
1914,358.33,357.49,365.53,374.18,379.26,386.61,388.05,390.01,391.68,379.59
1915,358.33,357.49,365.52,374.19,379.26,386.62,388.05,390.03,391.69,379.56
1916,358.34,357.5,365.53,374.19,379.27,386.63,388.06,390.04,391.71,379.53
1917,358.34,357.49,365.52,374.2,379.27,386.64,388.05,390.06,391.75,379.51
1918,358.34,357.5,365.53,374.19,379.27,386.64,388.06,390.07,391.78,379.52
1919,358.35,357.5,365.53,374.2,379.28,386.66,388.07,390.07,391.82,379.56
1920,358.35,357.51,365.53,374.21,379.3,386.67,388.09,390.07,391.85,379.59
1921,358.36,357.52,365.55,374.21,379.31,386.68,388.11,390.08,391.88,379.58
1922,358.37,357.52,365.55,374.21,379.3,386.68,388.13,390.08,391.91,379.58
1923,358.37,357.53,365.56,374.22,379.31,386.7,388.14,390.09,391.94,379.58
1924,358.37,357.53,365.56,374.24,379.33,386.71,388.15,390.1,391.95,379.57
1925,358.37,357.53,365.57,374.24,379.33,386.72,388.17,390.12,391.97,379.57
1926,358.38,357.53,365.57,374.24,379.33,386.72,388.17,390.14,391.98,379.6
1927,358.38,357.53,365.58,374.25,379.35,386.74,388.17,390.15,391.97,379.61
1928,358.39,357.54,365.59,374.26,379.36,386.74,388.18,390.16,391.96,379.64
1929,358.4,357.55,365.59,374.26,379.37,386.75,388.2,390.17,391.94,379.66
1930,358.41,357.55,365.6,374.27,379.37,386.77,388.22,390.18,391.93,379.66
1931,358.41,357.57,365.61,374.28,379.39,386.78,388.24,390.21,391.93,379.66
1932,358.41,357.57,365.61,374.29,379.39,386.79,388.24,390.22,391.91,379.63
1933,358.4,357.56,365.61,374.29,379.39,386.79,388.25,390.24,391.92,379.59
1934,358.41,357.57,365.61,374.3,379.41,386.8,388.27,390.25,391.94,379.55
1935,358.42,357.58,365.62,374.31,379.4,386.81,388.27,390.27,391.96,379.53
1936,358.42,357.58,365.63,374.32,379.41,386.82,388.27,390.29,391.97,379.52
1937,358.42,357.58,365.64,374.33,379.43,386.83,388.29,390.3,391.98,379.55
1938,358.43,357.59,365.64,374.33,379.43,386.84,388.29,390.31,391.97,379.59
1939,358.43,357.58,365.64,374.34,379.44,386.85,388.29,390.33,391.99,379.61
1940,358.44,357.58,365.64,374.35,379.44,386.87,388.3,390.33,392.02,379.64
1941,358.46,357.6,365.67,374.35,379.45,386.87,388.32,390.34,392.06,379.69
1942,358.46,357.61,365.67,374.36,379.46,386.87,388.33,390.35,392.08,379.73
1943,358.46,357.62,365.67,374.37,379.47,386.88,388.34,390.35,392.08,379.76
1944,358.46,357.61,365.67,374.38,379.48,386.9,388.35,390.35,392.1,379.82
1945,358.46,357.62,365.67,374.38,379.48,386.91,388.36,390.35,392.1,379.85
1946,358.48,357.63,365.68,374.38,379.5,386.91,388.39,390.35,392.11,379.9
1947,358.48,357.63,365.68,374.39,379.5,386.92,388.41,390.35,392.1,379.95
1948,358.48,357.64,365.69,374.39,379.5,386.92,388.41,390.36,392.09,379.97
1949,358.48,357.64,365.68,374.4,379.49,386.94,388.41,390.37,392.07,379.99
1950,358.49,357.63,365.69,374.4,379.51,386.93,388.43,390.37,392.06,380.01
1951,358.5,357.65,365.7,374.41,379.52,386.94,388.43,390.38,392.07,380.04
1952,358.5,357.65,365.7,374.43,379.53,386.96,388.44,390.41,392.06,380.06
1953,358.5,357.66,365.7,374.43,379.54,386.97,388.44,390.42,392.07,380.08
1954,358.51,357.66,365.71,374.44,379.54,386.97,388.44,390.43,392.07,380.1
1955,358.52,357.67,365.72,374.44,379.55,386.98,388.45,390.44,392.09,380.12
1956,358.53,357.68,365.73,374.45,379.56,386.99,388.46,390.45,392.12,380.11
1957,358.53,357.68,365.74,374.45,379.56,387.0,388.46,390.46,392.15,380.09
1958,358.54,357.69,365.74,374.46,379.58,387.02,388.47,390.47,392.19,380.05
1959,358.55,357.7,365.75,374.48,379.58,387.03,388.49,390.49,392.21,380.04
1960,358.55,357.71,365.75,374.48,379.59,387.04,388.5,390.5,392.22,380.04
1961,358.55,357.71,365.75,374.5,379.59,387.05,388.5,390.53,392.23,380.07
1962,358.55,357.71,365.76,374.5,379.6,387.06,388.52,390.55,392.24,380.1
1963,358.57,357.72,365.77,374.5,379.61,387.08,388.54,390.57,392.25,380.14
1964,358.56,357.72,365.76,374.52,379.62,387.09,388.55,390.58,392.25,380.17
1965,358.57,357.74,365.78,374.52,379.64,387.09,388.57,390.59,392.28,380.19
1966,358.58,357.73,365.78,374.52,379.64,387.1,388.58,390.61,392.29,380.2
1967,358.59,357.74,365.79,374.53,379.65,387.11,388.59,390.62,392.3,380.22
1968,358.6,357.75,365.8,374.54,379.67,387.11,388.61,390.63,392.31,380.24
1969,358.59,357.76,365.8,374.54,379.68,387.12,388.61,390.63,392.32,380.26
1970,358.6,357.76,365.8,374.55,379.67,387.13,388.61,390.64,392.34,380.28
1971,358.6,357.76,365.81,374.55,379.68,387.13,388.61,390.65,392.35,380.31
1972,358.61,357.77,365.81,374.55,379.68,387.14,388.62,390.65,392.37,380.34
1973,358.62,357.77,365.82,374.56,379.69,387.15,388.62,390.64,392.39,380.38
1974,358.61,357.77,365.82,374.57,379.69,387.16,388.62,390.65,392.42,380.4
1975,358.61,357.78,365.82,374.58,379.7,387.17,388.63,390.65,392.44,380.43
1976,358.62,357.78,365.82,374.6,379.7,387.19,388.64,390.67,392.45,380.45
1977,358.63,357.8,365.84,374.6,379.71,387.19,388.65,390.67,392.46,380.46
1978,358.63,357.8,365.83,374.61,379.71,387.21,388.66,390.68,392.47,380.47
1979,358.64,357.81,365.84,374.61,379.73,387.21,388.67,390.68,392.49,380.47
1980,358.65,357.81,365.85,374.61,379.74,387.22,388.68,390.69,392.49,380.46
1981,358.64,357.81,365.85,374.63,379.73,387.24,388.67,390.7,392.49,380.43
1982,358.65,357.82,365.85,374.63,379.75,387.25,388.68,390.73,392.52,380.43
1983,358.67,357.83,365.87,374.64,379.75,387.26,388.7,390.74,392.54,380.45
1984,358.67,357.84,365.87,374.64,379.76,387.27,388.73,390.75,392.53,380.48
1985,358.67,357.84,365.87,374.65,379.78,387.28,388.74,390.77,392.51,380.53
1986,358.67,357.84,365.87,374.66,379.77,387.28,388.75,390.77,392.51,380.55
1987,358.68,357.85,365.87,374.66,379.78,387.29,388.77,390.78,392.52,380.6
1988,358.69,357.85,365.87,374.67,379.78,387.29,388.78,390.78,392.54,380.63
1989,358.69,357.85,365.88,374.68,379.78,387.3,388.78,390.81,392.54,380.63
1990,358.69,357.87,365.89,374.69,379.8,387.31,388.8,390.82,392.56,380.64
1991,358.7,357.87,365.89,374.7,379.8,387.32,388.81,390.83,392.58,380.66
1992,358.7,357.88,365.91,374.69,379.81,387.32,388.84,390.85,392.6,380.69
1993,358.71,357.88,365.91,374.7,379.83,387.32,388.84,390.85,392.62,380.71
1994,358.72,357.89,365.92,374.71,379.83,387.33,388.84,390.87,392.64,380.73
1995,358.71,357.88,365.91,374.71,379.84,387.35,388.84,390.88,392.64,380.74
1996,358.72,357.89,365.92,374.71,379.84,387.36,388.83,390.88,392.65,380.74
1997,358.73,357.88,365.91,374.72,379.85,387.36,388.83,390.88,392.66,380.76
1998,358.73,357.9,365.92,374.73,379.85,387.38,388.83,390.89,392.68,380.79
1999,358.73,357.91,365.92,374.74,379.86,387.38,388.85,390.88,392.7,380.81
2000,358.74,357.91,365.93,374.75,379.87,387.4,388.85,390.88,392.72,380.83
2001,358.75,357.92,365.93,374.75,379.88,387.41,388.87,390.87,392.73,380.84
2002,358.75,357.93,365.95,374.76,379.89,387.41,388.88,390.87,392.73,380.83
2003,358.75,357.93,365.95,374.76,379.9,387.42,388.88,390.87,392.73,380.84
2004,358.76,357.94,365.97,374.77,379.91,387.42,388.9,390.88,392.73,380.84
2005,358.77,357.94,365.97,374.77,379.92,387.43,388.91,390.89,392.74,380.87
2006,358.77,357.94,365.98,374.77,379.92,387.45,388.92,390.91,392.75,380.86
2007,358.77,357.94,365.97,374.79,379.92,387.45,388.93,390.93,392.76,380.87
2008,358.78,357.95,365.99,374.79,379.94,387.45,388.93,390.94,392.77,380.89
2009,358.79,357.96,365.99,374.8,379.94,387.46,388.94,390.95,392.77,380.9
2010,358.79,357.96,366.0,374.81,379.95,387.48,388.95,390.95,392.78,380.91
2011,358.8,357.97,366.0,374.82,379.96,387.49,388.97,390.95,392.8,380.91
2012,358.8,357.97,366.0,374.82,379.95,387.5,388.97,390.95,392.79,380.92
2013,358.8,357.98,366.0,374.83,379.97,387.51,388.97,390.96,392.79,380.93
2014,358.81,357.98,366.01,374.83,379.97,387.51,389.0,390.97,392.78,380.94
2015,358.81,357.98,366.01,374.84,379.98,387.52,389.0,390.98,392.77,380.95
2016,358.81,357.98,366.02,374.85,379.98,387.53,389.0,391.0,392.75,380.95
2017,358.82,358.0,366.02,374.85,379.99,387.54,389.02,391.02,392.74,380.93
2018,358.83,358.0,366.04,374.85,380.02,387.55,389.05,391.04,392.74,380.93
2019,358.83,358.0,366.05,374.86,380.02,387.56,389.05,391.06,392.72,380.92
2020,358.84,358.0,366.05,374.86,380.03,387.57,389.06,391.08,392.71,380.92
2021,358.83,358.0,366.06,374.86,380.03,387.57,389.08,391.09,392.71,380.92
2022,358.85,358.02,366.08,374.86,380.05,387.58,389.09,391.12,392.71,380.93
2023,358.84,358.01,366.07,374.87,380.05,387.59,389.11,391.13,392.72,380.94
2024,358.85,358.02,366.07,374.87,380.05,387.6,389.11,391.16,392.74,380.97
2025,358.86,358.03,366.08,374.88,380.06,387.61,389.12,391.16,392.77,381.0
2026,358.87,358.03,366.09,374.89,380.07,387.61,389.14,391.16,392.8,381.02
2027,358.87,358.04,366.09,374.9,380.08,387.62,389.14,391.16,392.85,381.06
2028,358.88,358.04,366.1,374.9,380.08,387.63,389.15,391.17,392.9,381.08
2029,358.88,358.05,366.1,374.91,380.09,387.64,389.16,391.18,392.93,381.09
2030,358.89,358.05,366.12,374.91,380.1,387.66,389.17,391.2,392.94,381.11
2031,358.9,358.06,366.13,374.92,380.11,387.66,389.18,391.21,392.95,381.1
2032,358.9,358.06,366.13,374.92,380.11,387.67,389.19,391.22,392.98,381.13
2033,358.9,358.07,366.13,374.93,380.12,387.67,389.19,391.24,392.99,381.12
2034,358.9,358.06,366.13,374.94,380.12,387.69,389.2,391.25,392.99,381.13
2035,358.9,358.08,366.13,374.94,380.14,387.7,389.21,391.27,392.99,381.15
2036,358.92,358.07,366.14,374.95,380.14,387.7,389.22,391.29,392.99,381.2
2037,358.93,358.09,366.15,374.96,380.15,387.72,389.23,391.29,393.0,381.24
2038,358.94,358.09,366.16,374.97,380.16,387.73,389.25,391.3,393.02,381.27
2039,358.93,358.1,366.16,374.98,380.16,387.74,389.24,391.3,393.05,381.28
2040,358.93,358.1,366.16,374.98,380.17,387.75,389.24,391.3,393.07,381.3
2041,358.94,358.1,366.16,374.99,380.17,387.75,389.25,391.31,393.09,381.32
2042,358.95,358.12,366.17,375.0,380.18,387.76,389.25,391.31,393.11,381.33
2043,358.95,358.11,366.17,375.01,380.19,387.77,389.26,391.31,393.12,381.35
2044,358.96,358.12,366.18,375.01,380.19,387.78,389.27,391.32,393.13,381.36
2045,358.96,358.13,366.19,375.02,380.21,387.79,389.29,391.33,393.15,381.36
2046,358.97,358.13,366.2,375.03,380.21,387.81,389.31,391.35,393.15,381.34
2047,358.97,358.13,366.19,375.04,380.22,387.82,389.31,391.36,393.16,381.34
2048,358.97,358.12,366.19,375.04,380.22,387.82,389.31,391.38,393.17,381.33
2049,358.98,358.13,366.2,375.04,380.24,387.83,389.32,391.38,393.18,381.33
2050,358.98,358.14,366.21,375.05,380.24,387.84,389.33,391.4,393.19,381.32
2051,358.98,358.14,366.21,375.07,380.24,387.86,389.33,391.41,393.21,381.31
2052,358.99,358.15,366.21,375.07,380.24,387.87,389.34,391.41,393.22,381.3
2053,359.0,358.16,366.21,375.08,380.26,387.87,389.36,391.4,393.22,381.31
2054,359.0,358.16,366.21,375.1,380.26,387.88,389.36,391.4,393.24,381.29
2055,359.01,358.16,366.22,375.09,380.26,387.88,389.38,391.39,393.26,381.28
2056,359.01,358.17,366.23,375.1,380.28,387.89,389.39,391.39,393.26,381.28
2057,359.01,358.18,366.23,375.1,380.28,387.9,389.39,391.39,393.26,381.26
2058,359.02,358.17,366.23,375.11,380.29,387.9,389.4,391.4,393.27,381.26
2059,359.02,358.18,366.23,375.11,380.29,387.91,389.42,391.4,393.27,381.26
2060,359.02,358.17,366.24,375.12,380.29,387.92,389.43,391.41,393.28,381.24
2061,359.03,358.19,366.25,375.12,380.31,387.93,389.44,391.42,393.28,381.23
2062,359.03,358.19,366.25,375.13,380.3,387.93,389.45,391.42,393.28,381.23
2063,359.05,358.2,366.27,375.14,380.32,387.95,389.48,391.45,393.32,381.21
2064,359.06,358.22,366.27,375.15,380.34,387.96,389.5,391.47,393.35,381.21
2065,359.07,358.23,366.29,375.15,380.35,387.97,389.51,391.5,393.37,381.21
2066,359.08,358.24,366.29,375.16,380.35,387.98,389.52,391.52,393.37,381.21
2067,359.07,358.24,366.29,375.17,380.36,387.98,389.53,391.53,393.37,381.2
2068,359.07,358.25,366.29,375.17,380.37,387.99,389.54,391.55,393.38,381.2
2069,359.08,358.27,366.31,375.17,380.37,388.0,389.54,391.55,393.38,381.18
2070,359.09,358.26,366.31,375.18,380.37,388.01,389.55,391.55,393.4,381.17
2071,359.09,358.26,366.31,375.18,380.38,388.01,389.55,391.56,393.39,381.14
2072,359.09,358.27,366.31,375.18,380.39,388.02,389.56,391.57,393.4,381.1
2073,359.1,358.27,366.33,375.19,380.4,388.02,389.57,391.59,393.38,381.06
2074,359.11,358.28,366.33,375.2,380.4,388.04,389.57,391.61,393.39,381.07
2075,359.12,358.28,366.33,375.21,380.41,388.04,389.57,391.62,393.38,381.06
2076,359.12,358.28,366.34,375.21,380.41,388.05,389.57,391.62,393.38,381.09
2077,359.13,358.29,366.35,375.22,380.43,388.05,389.58,391.63,393.39,381.11
2078,359.12,358.29,366.34,375.22,380.42,388.07,389.58,391.64,393.38,381.12
2079,359.12,358.29,366.34,375.23,380.43,388.07,389.59,391.64,393.38,381.13
2080,359.13,358.3,366.35,375.25,380.43,388.1,389.6,391.64,393.39,381.16
2081,359.14,358.31,366.35,375.25,380.44,388.09,389.63,391.64,393.4,381.22
2082,359.15,358.32,366.37,375.25,380.46,388.11,389.66,391.65,393.4,381.27
2083,359.14,358.33,366.37,375.25,380.46,388.11,389.67,391.66,393.4,381.28
2084,359.17,358.33,366.38,375.26,380.48,388.12,389.68,391.68,393.42,381.3
2085,359.16,358.33,366.38,375.26,380.48,388.12,389.69,391.71,393.42,381.32
2086,359.16,358.34,366.39,375.27,380.49,388.14,389.7,391.73,393.41,381.32
2087,359.17,358.33,366.39,375.27,380.5,388.14,389.69,391.74,393.41,381.33
2088,359.18,358.34,366.39,375.28,380.5,388.15,389.71,391.76,393.41,381.36
2089,359.18,358.35,366.41,375.29,380.51,388.17,389.71,391.77,393.43,381.39
2090,359.19,358.37,366.42,375.3,380.53,388.17,389.73,391.78,393.44,381.43
2091,359.2,358.37,366.42,375.31,380.54,388.18,389.74,391.79,393.46,381.45
2092,359.21,358.38,366.43,375.31,380.54,388.19,389.76,391.8,393.48,381.48
2093,359.21,358.38,366.44,375.33,380.55,388.2,389.77,391.82,393.48,381.49
2094,359.21,358.38,366.43,375.34,380.55,388.22,389.76,391.84,393.49,381.52
2095,359.22,358.4,366.44,375.35,380.56,388.23,389.78,391.85,393.52,381.56
2096,359.22,358.4,366.45,375.35,380.58,388.24,389.8,391.87,393.55,381.59
2097,359.23,358.41,366.46,375.36,380.59,388.25,389.81,391.87,393.57,381.63
2098,359.24,358.41,366.47,375.37,380.59,388.26,389.82,391.89,393.6,381.68
2099,359.24,358.42,366.48,375.37,380.6,388.27,389.83,391.9,393.65,381.73
2100,359.24,358.41,366.49,375.38,380.61,388.29,389.84,391.92,393.7,381.79
2101,359.26,358.42,366.48,375.38,380.61,388.28,389.85,391.93,393.73,381.83
2102,359.26,358.43,366.49,375.39,380.62,388.3,389.86,391.94,393.74,381.87
2103,359.27,358.43,366.49,375.39,380.63,388.3,389.88,391.94,393.76,381.91
2104,359.26,358.45,366.5,375.4,380.64,388.31,389.89,391.95,393.79,381.93
2105,359.27,358.45,366.49,375.41,380.63,388.32,389.89,391.96,393.79,381.95
2106,359.27,358.46,366.5,375.42,380.65,388.33,389.91,391.97,393.8,381.99
2107,359.28,358.47,366.51,375.43,380.66,388.33,389.92,391.98,393.81,382.0
2108,359.29,358.47,366.51,375.43,380.66,388.33,389.91,391.98,393.78,382.01
2109,359.29,358.47,366.52,375.43,380.67,388.34,389.92,391.98,393.77,382.0
2110,359.3,358.48,366.53,375.43,380.68,388.35,389.94,391.98,393.78,381.98
2111,359.31,358.48,366.53,375.44,380.68,388.35,389.94,391.98,393.78,381.97
2112,359.3,358.48,366.53,375.45,380.68,388.36,389.95,391.99,393.76,381.94
2113,359.32,358.48,366.53,375.45,380.69,388.37,389.97,391.99,393.77,381.93
2114,359.32,358.5,366.54,375.46,380.71,388.38,389.99,392.0,393.77,381.94
2115,359.32,358.5,366.55,375.46,380.71,388.39,389.98,392.0,393.75,381.92
2116,359.33,358.51,366.55,375.46,380.71,388.38,389.98,392.0,393.75,381.93
2117,359.33,358.5,366.55,375.46,380.72,388.39,389.98,392.01,393.75,381.92
2118,359.34,358.51,366.56,375.45,380.73,388.39,389.99,392.02,393.75,381.93
2119,359.35,358.52,366.55,375.48,380.73,388.41,390.0,392.04,393.76,381.93
2120,359.36,358.54,366.57,375.49,380.74,388.42,390.01,392.05,393.76,381.92
2121,359.35,358.54,366.58,375.49,380.75,388.43,390.02,392.06,393.78,381.93
2122,359.36,358.53,366.58,375.49,380.75,388.44,390.03,392.07,393.78,381.92
2123,359.36,358.54,366.58,375.51,380.76,388.45,390.03,392.1,393.8,381.96
2124,359.37,358.55,366.59,375.51,380.77,388.46,390.04,392.12,393.81,381.97
2125,359.37,358.55,366.6,375.5,380.79,388.46,390.05,392.12,393.82,382.0
2126,359.38,358.55,366.61,375.52,380.79,388.47,390.06,392.13,393.84,382.0
2127,359.39,358.56,366.62,375.52,380.8,388.48,390.07,392.14,393.87,382.0
2128,359.39,358.56,366.61,375.54,380.8,388.5,390.07,392.16,393.88,382.0
2129,359.39,358.57,366.63,375.54,380.81,388.5,390.07,392.16,393.9,382.01
2130,359.41,358.57,366.63,375.56,380.82,388.51,390.08,392.16,393.92,382.03
2131,359.41,358.58,366.64,375.56,380.83,388.53,390.09,392.18,393.94,382.05
2132,359.41,358.58,366.65,375.57,380.84,388.53,390.09,392.17,393.95,382.08
2133,359.42,358.58,366.65,375.57,380.85,388.54,390.08,392.18,393.96,382.1
2134,359.42,358.59,366.66,375.58,380.85,388.55,390.09,392.18,393.97,382.11
2135,359.42,358.59,366.66,375.58,380.86,388.56,390.1,392.18,393.99,382.13
2136,359.43,358.6,366.68,375.59,380.87,388.58,390.13,392.18,394.02,382.1
2137,359.44,358.61,366.68,375.59,380.88,388.58,390.15,392.19,394.03,382.07
2138,359.43,358.61,366.68,375.6,380.88,388.58,390.17,392.19,394.04,382.03
2139,359.44,358.61,366.69,375.59,380.9,388.59,390.17,392.2,394.05,382.01
2140,359.45,358.62,366.69,375.61,380.9,388.6,390.2,392.21,394.07,382.01
2141,359.46,358.63,366.7,375.62,380.91,388.6,390.19,392.23,394.07,381.98
2142,359.46,358.63,366.7,375.62,380.91,388.61,390.2,392.25,394.08,381.98
2143,359.46,358.64,366.7,375.63,380.93,388.62,390.2,392.25,394.08,381.98
2144,359.47,358.64,366.71,375.63,380.93,388.63,390.2,392.25,394.1,382.0
2145,359.48,358.65,366.72,375.64,380.94,388.64,390.22,392.24,394.12,382.0
2146,359.49,358.65,366.72,375.64,380.94,388.64,390.23,392.22,394.12,381.99
2147,359.49,358.66,366.72,375.65,380.94,388.65,390.23,392.22,394.13,381.96
2148,359.51,358.66,366.73,375.66,380.94,388.66,390.25,392.23,394.15,381.97
2149,359.51,358.66,366.74,375.67,380.95,388.67,390.25,392.26,394.15,381.96
2150,359.5,358.68,366.74,375.68,380.96,388.68,390.24,392.27,394.15,381.96
2151,359.51,358.68,366.75,375.69,380.97,388.68,390.24,392.28,394.15,381.96
2152,359.51,358.67,366.74,375.69,380.97,388.69,390.23,392.28,394.14,381.93
2153,359.51,358.68,366.75,375.7,380.96,388.71,390.24,392.28,394.16,381.86
2154,359.52,358.68,366.75,375.7,380.98,388.71,390.26,392.29,394.18,381.82
2155,359.53,358.69,366.76,375.7,380.98,388.71,390.27,392.29,394.18,381.82
2156,359.54,358.7,366.77,375.71,380.99,388.72,390.3,392.31,394.19,381.85
2157,359.54,358.7,366.77,375.71,380.99,388.73,390.32,392.34,394.18,381.87
2158,359.55,358.72,366.77,375.72,381.01,388.73,390.33,392.35,394.19,381.9
2159,359.55,358.72,366.78,375.72,381.01,388.73,390.35,392.37,394.2,381.91
2160,359.56,358.73,366.79,375.73,381.02,388.74,390.36,392.38,394.2,381.94
2161,359.56,358.75,366.79,375.74,381.03,388.75,390.37,392.39,394.2,381.95
2162,359.57,358.74,366.79,375.74,381.04,388.76,390.36,392.41,394.2,381.97
2163,359.58,358.75,366.8,375.74,381.04,388.76,390.37,392.4,394.2,381.98
2164,359.58,358.75,366.8,375.75,381.04,388.77,390.39,392.41,394.21,381.99
2165,359.57,358.76,366.8,375.76,381.05,388.78,390.39,392.41,394.21,382.0
2166,359.59,358.75,366.81,375.76,381.06,388.78,390.4,392.42,394.23,382.02
2167,359.58,358.76,366.81,375.77,381.05,388.8,390.42,392.42,394.22,382.04
2168,359.59,358.76,366.81,375.78,381.05,388.8,390.43,392.45,394.23,382.08
2169,359.6,358.77,366.83,375.79,381.07,388.82,390.45,392.46,394.23,382.1
2170,359.61,358.77,366.83,375.79,381.07,388.81,390.47,392.47,394.23,382.14
2171,359.61,358.78,366.84,375.79,381.1,388.81,390.48,392.49,394.23,382.16
2172,359.62,358.8,366.84,375.79,381.11,388.82,390.49,392.51,394.22,382.15
2173,359.62,358.8,366.86,375.81,381.12,388.83,390.5,392.52,394.22,382.14
2174,359.63,358.8,366.85,375.8,381.12,388.84,390.51,392.54,394.23,382.12
2175,359.63,358.81,366.86,375.81,381.12,388.85,390.51,392.54,394.22,382.11
2176,359.63,358.8,366.86,375.83,381.14,388.86,390.53,392.55,394.25,382.11
2177,359.65,358.81,366.88,375.84,381.15,388.88,390.54,392.56,394.26,382.13
2178,359.64,358.81,366.88,375.85,381.16,388.89,390.55,392.57,394.27,382.14
2179,359.64,358.82,366.88,375.86,381.16,388.9,390.55,392.58,394.27,382.17
2180,359.65,358.82,366.88,375.87,381.17,388.91,390.56,392.6,394.29,382.21
2181,359.66,358.83,366.9,375.88,381.19,388.92,390.58,392.61,394.32,382.25
2182,359.66,358.84,366.91,375.88,381.2,388.92,390.59,392.61,394.33,382.26
2183,359.66,358.83,366.9,375.88,381.2,388.92,390.58,392.61,394.33,382.29
2184,359.67,358.83,366.91,375.88,381.21,388.93,390.6,392.62,394.35,382.32
2185,359.68,358.84,366.91,375.9,381.21,388.94,390.61,392.62,394.36,382.34
2186,359.68,358.85,366.92,375.91,381.21,388.96,390.61,392.64,394.37,382.36
2187,359.68,358.84,366.93,375.93,381.23,388.97,390.63,392.64,394.4,382.38
2188,359.7,358.84,366.94,375.93,381.24,388.97,390.63,392.64,394.41,382.39
2189,359.71,358.85,366.95,375.94,381.25,388.99,390.65,392.66,394.45,382.43
2190,359.71,358.86,366.94,375.95,381.25,389.0,390.64,392.67,394.46,382.46
2191,359.71,358.87,366.95,375.96,381.26,389.01,390.64,392.68,394.48,382.48
2192,359.73,358.88,366.95,375.96,381.27,389.02,390.65,392.7,394.5,382.5
2193,359.74,358.88,366.97,375.97,381.27,389.02,390.66,392.7,394.51,382.5
2194,359.74,358.89,366.97,375.96,381.28,389.03,390.66,392.71,394.52,382.51
2195,359.75,358.89,366.97,375.96,381.29,389.04,390.66,392.72,394.54,382.52
2196,359.74,358.89,366.97,375.97,381.28,389.05,390.66,392.73,394.54,382.52
2197,359.75,358.88,366.98,375.97,381.29,389.06,390.67,392.75,394.55,382.51
2198,359.76,358.89,366.99,375.98,381.3,389.06,390.7,392.76,394.58,382.53
2199,359.78,358.91,367.01,375.98,381.32,389.07,390.72,392.77,394.6,382.53
2200,359.79,358.91,367.01,375.99,381.32,389.08,390.73,392.78,394.62,382.52
2201,359.78,358.91,367.01,376.0,381.32,389.08,390.72,392.79,394.63,382.54
2202,359.79,358.92,367.0,375.99,381.33,389.08,390.72,392.79,394.63,382.54
2203,359.79,358.93,367.01,376.0,381.33,389.09,390.72,392.79,394.63,382.57
2204,359.8,358.94,367.01,375.99,381.35,389.09,390.72,392.78,394.62,382.61
2205,359.8,358.94,367.01,376.01,381.34,389.11,390.72,392.8,394.62,382.63
2206,359.81,358.94,367.03,376.02,381.35,389.11,390.71,392.8,394.63,382.66
2207,359.81,358.94,367.03,376.02,381.35,389.13,390.72,392.8,394.65,382.69
2208,359.82,358.95,367.04,376.03,381.36,389.13,390.74,392.81,394.66,382.71
2209,359.82,358.96,367.05,376.04,381.37,389.14,390.75,392.82,394.66,382.73
2210,359.84,358.97,367.06,376.04,381.38,389.16,390.76,392.83,394.67,382.75
2211,359.85,358.96,367.06,376.05,381.38,389.17,390.78,392.83,394.68,382.78
2212,359.84,358.97,367.08,376.06,381.39,389.18,390.79,392.85,394.68,382.8
2213,359.85,358.97,367.08,376.06,381.4,389.18,390.79,392.84,394.69,382.84
2214,359.86,358.97,367.09,376.06,381.41,389.19,390.82,392.86,394.71,382.86
2215,359.85,358.98,367.09,376.07,381.42,389.19,390.81,392.87,394.7,382.89
2216,359.86,358.98,367.09,376.07,381.42,389.2,390.82,392.88,394.7,382.89
2217,359.87,358.98,367.1,376.07,381.42,389.2,390.83,392.89,394.71,382.9
2218,359.87,358.99,367.1,376.08,381.44,389.21,390.84,392.9,394.71,382.89
2219,359.89,359.0,367.11,376.09,381.45,389.22,390.85,392.91,394.73,382.89
2220,359.89,358.99,367.12,376.1,381.45,389.24,390.86,392.92,394.73,382.86
2221,359.88,359.01,367.12,376.1,381.45,389.24,390.86,392.92,394.73,382.85
2222,359.9,359.01,367.12,376.09,381.46,389.24,390.87,392.93,394.73,382.84
2223,359.9,359.02,367.13,376.1,381.47,389.24,390.87,392.94,394.73,382.83
2224,359.89,359.01,367.13,376.11,381.47,389.26,390.87,392.95,394.74,382.81
2225,359.9,359.02,367.13,376.12,381.47,389.26,390.88,392.96,394.73,382.82
2226,359.91,359.02,367.14,376.12,381.48,389.28,390.89,392.97,394.73,382.84
2227,359.91,359.02,367.14,376.14,381.48,389.3,390.9,392.99,394.73,382.83
2228,359.92,359.03,367.16,376.14,381.5,389.3,390.92,393.0,394.74,382.84
2229,359.93,359.04,367.16,376.15,381.5,389.31,390.93,393.01,394.75,382.83
2230,359.94,359.04,367.16,376.16,381.51,389.32,390.95,393.01,394.78,382.83
2231,359.94,359.04,367.17,376.15,381.53,389.33,390.95,393.01,394.8,382.84
2232,359.94,359.06,367.17,376.16,381.53,389.32,390.96,393.0,394.83,382.85
2233,359.94,359.06,367.17,376.17,381.53,389.34,390.96,393.0,394.84,382.85
2234,359.95,359.06,367.18,376.17,381.54,389.34,390.96,393.01,394.86,382.9
2235,359.95,359.07,367.19,376.17,381.55,389.34,390.98,393.01,394.86,382.95
2236,359.96,359.08,367.19,376.18,381.56,389.36,390.98,393.02,394.86,382.97
2237,359.97,359.09,367.2,376.19,381.57,389.37,390.99,393.03,394.85,382.99
2238,359.98,359.09,367.21,376.19,381.58,389.38,391.02,393.03,394.85,383.01
2239,359.97,359.1,367.21,376.2,381.58,389.38,391.03,393.05,394.86,383.0
2240,359.97,359.09,367.21,376.2,381.58,389.39,391.04,393.06,394.86,383.01
2241,359.99,359.1,367.22,376.21,381.59,389.39,391.05,393.08,394.88,383.02
2242,359.99,359.1,367.22,376.22,381.6,389.4,391.07,393.09,394.88,383.04
2243,359.99,359.12,367.23,376.23,381.61,389.41,391.08,393.12,394.89,383.07
2244,360.01,359.13,367.25,376.23,381.63,389.42,391.09,393.13,394.9,383.1
2245,360.02,359.14,367.25,376.24,381.64,389.42,391.1,393.13,394.92,383.11
2246,360.02,359.14,367.25,376.24,381.64,389.42,391.11,393.14,394.93,383.13
2247,360.03,359.16,367.26,376.25,381.65,389.44,391.12,393.15,394.94,383.15
2248,360.04,359.16,367.27,376.27,381.67,389.44,391.14,393.15,394.96,383.17
2249,360.03,359.18,367.28,376.27,381.67,389.45,391.15,393.17,394.97,383.17
2250,360.04,359.18,367.28,376.28,381.68,389.46,391.16,393.18,394.99,383.2
2251,360.04,359.17,367.28,376.28,381.68,389.48,391.17,393.2,395.01,383.22
2252,360.05,359.18,367.28,376.3,381.69,389.48,391.18,393.21,395.02,383.24
2253,360.06,359.19,367.3,376.31,381.7,389.5,391.19,393.21,395.04,383.29
2254,360.05,359.2,367.3,376.32,381.7,389.5,391.19,393.2,395.05,383.32
2255,360.06,359.2,367.3,376.33,381.7,389.51,391.2,393.19,395.05,383.34
2256,360.07,359.2,367.31,376.33,381.71,389.51,391.22,393.19,395.05,383.35
2257,360.08,359.21,367.31,376.33,381.71,389.53,391.22,393.19,395.05,383.35
2258,360.08,359.21,367.32,376.34,381.73,389.53,391.23,393.2,395.06,383.37
2259,360.09,359.22,367.32,376.35,381.73,389.53,391.24,393.21,395.08,383.4
2260,360.1,359.23,367.34,376.35,381.75,389.54,391.26,393.22,395.09,383.42
2261,360.1,359.24,367.34,376.36,381.75,389.55,391.27,393.23,395.11,383.42
2262,360.09,359.24,367.34,376.37,381.75,389.55,391.28,393.25,395.11,383.4
2263,360.1,359.24,367.34,376.37,381.76,389.55,391.28,393.26,395.12,383.4
2264,360.1,359.24,367.34,376.38,381.76,389.56,391.29,393.29,395.13,383.4
2265,360.11,359.24,367.34,376.39,381.77,389.57,391.27,393.29,395.14,383.4
2266,360.11,359.25,367.35,376.39,381.78,389.58,391.27,393.3,395.16,383.42
2267,360.12,359.26,367.36,376.4,381.77,389.59,391.28,393.32,395.16,383.45
2268,360.12,359.26,367.36,376.41,381.78,389.6,391.29,393.33,395.19,383.46
2269,360.12,359.27,367.36,376.42,381.79,389.61,391.29,393.33,395.19,383.46
2270,360.13,359.27,367.37,376.43,381.79,389.62,391.3,393.33,395.23,383.45
2271,360.15,359.27,367.38,376.42,381.8,389.63,391.31,393.33,395.25,383.45
2272,360.15,359.28,367.38,376.43,381.8,389.63,391.31,393.34,395.25,383.45
2273,360.16,359.28,367.39,376.44,381.82,389.64,391.32,393.35,395.28,383.45
2274,360.16,359.29,367.4,376.45,381.83,389.65,391.32,393.35,395.28,383.46
2275,360.17,359.29,367.4,376.46,381.83,389.66,391.34,393.36,395.29,383.48
2276,360.17,359.29,367.41,376.46,381.84,389.66,391.33,393.35,395.28,383.49
2277,360.19,359.29,367.41,376.47,381.84,389.67,391.35,393.34,395.29,383.53
2278,360.18,359.3,367.4,376.48,381.84,389.68,391.34,393.34,395.27,383.54
2279,360.2,359.3,367.41,376.48,381.85,389.68,391.37,393.34,395.28,383.58
2280,360.22,359.33,367.43,376.48,381.86,389.69,391.39,393.33,395.27,383.6
2281,360.22,359.33,367.43,376.49,381.87,389.71,391.39,393.35,395.26,383.61
2282,360.23,359.33,367.42,376.5,381.87,389.71,391.4,393.35,395.25,383.62
2283,360.22,359.33,367.43,376.51,381.87,389.73,391.41,393.37,395.25,383.63
2284,360.23,359.33,367.44,376.51,381.88,389.73,391.42,393.39,395.25,383.64
2285,360.23,359.33,367.45,376.51,381.88,389.75,391.42,393.4,395.25,383.67
2286,360.24,359.35,367.45,376.51,381.9,389.75,391.43,393.41,395.27,383.72
2287,360.25,359.35,367.45,376.51,381.9,389.75,391.42,393.41,395.29,383.75
2288,360.26,359.36,367.47,376.52,381.91,389.77,391.44,393.43,395.32,383.82
2289,360.28,359.38,367.47,376.53,381.93,389.77,391.46,393.44,395.33,383.89
2290,360.27,359.38,367.48,376.54,381.94,389.78,391.47,393.45,395.35,383.91
2291,360.27,359.38,367.47,376.55,381.93,389.78,391.47,393.46,395.35,383.93
2292,360.28,359.38,367.48,376.56,381.93,389.79,391.48,393.48,395.36,383.93
2293,360.28,359.39,367.48,376.55,381.93,389.79,391.48,393.49,395.37,383.9
2294,360.28,359.39,367.48,376.57,381.94,389.8,391.49,393.51,395.38,383.87
2295,360.29,359.4,367.48,376.58,381.95,389.8,391.49,393.51,395.38,383.86
2296,360.3,359.41,367.49,376.58,381.96,389.82,391.5,393.52,395.38,383.88
2297,360.3,359.42,367.51,376.58,381.97,389.82,391.51,393.52,395.39,383.93
2298,360.31,359.42,367.51,376.58,381.98,389.82,391.51,393.52,395.4,383.98
2299,360.32,359.42,367.52,376.59,381.99,389.84,391.52,393.53,395.41,384.02
2300,360.32,359.42,367.53,376.6,381.99,389.84,391.53,393.53,395.4,384.06
2301,360.32,359.43,367.53,376.6,382.0,389.85,391.54,393.54,395.39,384.08
2302,360.33,359.42,367.53,376.61,382.01,389.86,391.55,393.54,395.38,384.1
2303,360.33,359.43,367.55,376.61,382.02,389.86,391.57,393.55,395.38,384.11
2304,360.35,359.44,367.54,376.63,382.02,389.87,391.58,393.57,395.38,384.11
2305,360.36,359.45,367.55,376.64,382.03,389.89,391.59,393.59,395.4,384.07
2306,360.36,359.47,367.56,376.65,382.05,389.9,391.6,393.6,395.42,384.01
2307,360.36,359.47,367.57,376.64,382.05,389.9,391.61,393.6,395.44,383.98
2308,360.37,359.47,367.57,376.65,382.05,389.91,391.61,393.62,395.45,383.95
2309,360.39,359.49,367.58,376.67,382.05,389.92,391.61,393.63,395.47,383.92
2310,360.38,359.48,367.59,376.66,382.06,389.93,391.62,393.65,395.47,383.91
2311,360.39,359.49,367.6,376.67,382.06,389.94,391.63,393.65,395.49,383.91
2312,360.39,359.48,367.6,376.68,382.08,389.95,391.65,393.67,395.5,383.91
2313,360.39,359.48,367.59,376.68,382.07,389.96,391.63,393.68,395.49,383.91
2314,360.41,359.48,367.6,376.68,382.08,389.97,391.65,393.68,395.48,383.92
2315,360.41,359.5,367.61,376.69,382.09,389.97,391.66,393.7,395.47,383.95
2316,360.43,359.5,367.61,376.69,382.1,389.98,391.66,393.71,395.48,383.99
2317,360.43,359.51,367.62,376.7,382.11,389.98,391.66,393.71,395.48,384.02
2318,360.44,359.52,367.63,376.7,382.12,389.99,391.68,393.72,395.5,384.05
2319,360.44,359.52,367.64,376.71,382.12,389.99,391.69,393.71,395.51,384.06
2320,360.45,359.52,367.63,376.71,382.12,390.0,391.7,393.71,395.53,384.07
2321,360.46,359.51,367.64,376.72,382.13,390.01,391.71,393.72,395.54,384.08
2322,360.45,359.53,367.64,376.72,382.14,390.01,391.72,393.72,395.53,384.07
2323,360.47,359.52,367.64,376.73,382.14,390.02,391.73,393.73,395.53,384.09
2324,360.47,359.53,367.65,376.74,382.15,390.03,391.74,393.74,395.54,384.06
2325,360.47,359.54,367.66,376.74,382.15,390.03,391.74,393.74,395.54,384.04
2326,360.48,359.54,367.65,376.75,382.17,390.03,391.73,393.76,395.54,384.05
2327,360.49,359.57,367.67,376.74,382.18,390.05,391.75,393.77,395.55,384.07
2328,360.5,359.57,367.68,376.76,382.17,390.05,391.77,393.78,395.55,384.1
2329,360.5,359.58,367.69,376.75,382.18,390.05,391.77,393.79,395.56,384.12
2330,360.51,359.59,367.69,376.77,382.19,390.06,391.77,393.81,395.57,384.15
2331,360.51,359.58,367.69,376.77,382.19,390.08,391.78,393.83,395.58,384.18
2332,360.51,359.58,367.69,376.78,382.2,390.1,391.78,393.85,395.6,384.21
2333,360.52,359.59,367.69,376.79,382.2,390.1,391.78,393.86,395.63,384.25
2334,360.52,359.59,367.7,376.79,382.21,390.12,391.79,393.88,395.65,384.26
2335,360.52,359.59,367.7,376.8,382.22,390.12,391.8,393.88,395.68,384.28
2336,360.53,359.6,367.71,376.81,382.23,390.13,391.81,393.9,395.69,384.26
2337,360.54,359.61,367.72,376.81,382.24,390.14,391.82,393.9,395.71,384.25
2338,360.54,359.61,367.72,376.82,382.24,390.15,391.83,393.91,395.73,384.23
2339,360.54,359.62,367.73,376.82,382.24,390.15,391.83,393.91,395.74,384.22
2340,360.54,359.61,367.72,376.82,382.26,390.16,391.84,393.92,395.75,384.2
2341,360.55,359.63,367.73,376.82,382.26,390.16,391.85,393.94,395.77,384.22
2342,360.56,359.63,367.73,376.83,382.26,390.17,391.87,393.94,395.79,384.24
2343,360.57,359.63,367.74,376.84,382.26,390.18,391.87,393.95,395.81,384.26
2344,360.57,359.64,367.76,376.85,382.29,390.19,391.88,393.97,395.82,384.27
2345,360.57,359.64,367.75,376.85,382.29,390.19,391.89,393.97,395.84,384.27
2346,360.58,359.64,367.77,376.85,382.29,390.2,391.92,393.97,395.85,384.29
2347,360.59,359.65,367.77,376.87,382.29,390.21,391.93,393.98,395.87,384.29
2348,360.6,359.66,367.77,376.87,382.3,390.23,391.94,393.99,395.88,384.3
2349,360.6,359.67,367.78,376.88,382.32,390.22,391.95,394.0,395.9,384.32
2350,360.61,359.67,367.79,376.89,382.32,390.24,391.95,394.01,395.91,384.33
2351,360.61,359.68,367.8,376.89,382.34,390.24,391.95,394.02,395.92,384.37
2352,360.62,359.68,367.81,376.89,382.34,390.25,391.94,394.02,395.93,384.41
2353,360.62,359.68,367.8,376.9,382.34,390.26,391.94,394.03,395.93,384.45
2354,360.62,359.68,367.81,376.9,382.35,390.27,391.95,394.04,395.94,384.49
2355,360.63,359.7,367.82,376.91,382.36,390.27,391.96,394.05,395.93,384.54
2356,360.64,359.7,367.81,376.92,382.36,390.29,391.96,394.05,395.92,384.56
2357,360.64,359.7,367.83,376.92,382.36,390.29,391.96,394.06,395.92,384.57
2358,360.65,359.7,367.83,376.92,382.37,390.29,391.97,394.06,395.91,384.57
2359,360.65,359.71,367.84,376.93,382.38,390.3,391.97,394.06,395.9,384.56
2360,360.66,359.71,367.84,376.95,382.39,390.31,391.98,394.06,395.91,384.55
2361,360.67,359.72,367.86,376.95,382.4,390.32,391.99,394.06,395.93,384.56
2362,360.66,359.71,367.86,376.95,382.4,390.33,391.98,394.06,395.93,384.56
2363,360.67,359.72,367.87,376.97,382.41,390.33,392.0,394.07,395.96,384.57
2364,360.68,359.71,367.87,376.96,382.41,390.34,392.0,394.06,395.97,384.58
2365,360.69,359.71,367.87,376.96,382.42,390.35,392.01,394.07,395.96,384.6
2366,360.69,359.71,367.88,376.95,382.42,390.35,392.02,394.08,395.96,384.62
2367,360.68,359.72,367.89,376.96,382.43,390.36,392.03,394.09,395.95,384.63
2368,360.69,359.72,367.89,376.97,382.43,390.37,392.05,394.1,395.97,384.62
2369,360.7,359.74,367.9,376.98,382.45,390.37,392.07,394.11,395.99,384.62
2370,360.72,359.76,367.92,376.98,382.46,390.38,392.08,394.11,396.02,384.6
2371,360.72,359.76,367.92,376.99,382.47,390.39,392.1,394.12,396.03,384.6
2372,360.73,359.76,367.92,376.99,382.47,390.4,392.1,394.12,396.04,384.61
2373,360.73,359.76,367.93,376.99,382.47,390.4,392.11,394.11,396.06,384.61
2374,360.73,359.76,367.92,377.0,382.48,390.41,392.11,394.12,396.06,384.62
2375,360.73,359.76,367.93,377.01,382.48,390.41,392.12,394.13,396.06,384.63
2376,360.74,359.76,367.93,377.02,382.49,390.42,392.13,394.14,396.07,384.65
2377,360.75,359.77,367.95,377.02,382.51,390.42,392.15,394.15,396.09,384.67
2378,360.76,359.77,367.96,377.03,382.52,390.43,392.17,394.17,396.08,384.71
2379,360.77,359.78,367.97,377.03,382.53,390.43,392.17,394.19,396.07,384.72
2380,360.77,359.8,367.97,377.04,382.54,390.45,392.16,394.21,396.06,384.71
2381,360.78,359.79,367.97,377.04,382.54,390.46,392.18,394.21,396.06,384.71
2382,360.77,359.8,367.99,377.06,382.55,390.46,392.18,394.22,396.07,384.68
2383,360.78,359.8,367.98,377.07,382.56,390.48,392.18,394.23,396.08,384.66
2384,360.79,359.81,367.99,377.07,382.56,390.48,392.19,394.22,396.1,384.64
2385,360.8,359.81,367.99,377.09,382.55,390.5,392.19,394.23,396.13,384.62
2386,360.81,359.83,368.01,377.09,382.57,390.5,392.22,394.24,396.15,384.6
2387,360.82,359.83,368.02,377.1,382.59,390.52,392.23,394.26,396.16,384.57
2388,360.82,359.83,368.02,377.11,382.6,390.53,392.24,394.27,396.16,384.57
2389,360.84,359.85,368.04,377.12,382.62,390.54,392.26,394.28,396.17,384.57
2390,360.85,359.86,368.04,377.14,382.62,390.56,392.27,394.29,396.18,384.56
2391,360.85,359.86,368.06,377.14,382.63,390.57,392.28,394.31,396.2,384.54
2392,360.85,359.87,368.05,377.15,382.63,390.57,392.29,394.32,396.21,384.52
2393,360.85,359.87,368.07,377.14,382.64,390.58,392.29,394.33,396.22,384.51
2394,360.86,359.86,368.06,377.16,382.64,390.59,392.3,394.35,396.22,384.51
2395,360.87,359.88,368.07,377.18,382.65,390.6,392.32,394.38,396.24,384.53
2396,360.87,359.89,368.09,377.18,382.66,390.61,392.32,394.4,396.24,384.53
2397,360.88,359.89,368.08,377.19,382.67,390.62,392.31,394.42,396.25,384.53
2398,360.89,359.89,368.08,377.2,382.67,390.63,392.3,394.42,396.27,384.51
2399,360.88,359.9,368.08,377.2,382.68,390.64,392.3,394.44,396.28,384.5
2400,360.9,359.91,368.1,377.21,382.69,390.65,392.3,394.43,396.3,384.48
2401,360.91,359.91,368.11,377.22,382.7,390.67,392.3,394.42,396.31,384.46
2402,360.9,359.92,368.11,377.22,382.7,390.67,392.31,394.42,396.32,384.42
2403,360.91,359.92,368.11,377.23,382.7,390.67,392.33,394.42,396.32,384.41
2404,360.91,359.92,368.12,377.24,382.72,390.68,392.35,394.42,396.34,384.4
2405,360.93,359.93,368.13,377.24,382.72,390.68,392.37,394.43,396.34,384.39
2406,360.94,359.94,368.14,377.25,382.74,390.7,392.39,394.43,396.34,384.4
2407,360.96,359.96,368.16,377.25,382.74,390.7,392.4,394.43,396.35,384.41
2408,360.95,359.95,368.15,377.27,382.75,390.71,392.39,394.44,396.34,384.4
2409,360.96,359.97,368.16,377.26,382.76,390.72,392.4,394.43,396.35,384.41
2410,360.96,359.98,368.16,377.28,382.77,390.73,392.41,394.46,396.34,384.39
2411,360.96,359.97,368.17,377.29,382.78,390.74,392.42,394.47,396.32,384.38
2412,360.98,359.98,368.17,377.3,382.77,390.74,392.43,394.48,396.33,384.36
2413,360.98,359.99,368.18,377.3,382.79,390.76,392.45,394.48,396.33,384.34
2414,360.99,360.0,368.2,377.31,382.8,390.76,392.47,394.49,396.35,384.32
2415,360.99,360.0,368.2,377.31,382.81,390.78,392.48,394.51,396.37,384.31
2416,360.99,360.01,368.21,377.31,382.82,390.78,392.51,394.52,396.39,384.33
2417,360.99,360.0,368.21,377.32,382.81,390.79,392.51,394.54,396.39,384.33
2418,361.0,360.02,368.22,377.33,382.82,390.8,392.51,394.55,396.4,384.33
2419,361.0,360.01,368.21,377.33,382.82,390.81,392.52,394.55,396.4,384.34
2420,361.01,360.02,368.21,377.33,382.83,390.81,392.51,394.57,396.41,384.33
2421,361.02,360.03,368.22,377.33,382.83,390.82,392.53,394.58,396.43,384.32
2422,361.01,360.03,368.23,377.34,382.84,390.83,392.53,394.59,396.44,384.29
2423,361.03,360.04,368.24,377.34,382.85,390.84,392.55,394.59,396.45,384.29
2424,361.04,360.06,368.26,377.35,382.87,390.84,392.56,394.6,396.46,384.28
2425,361.05,360.06,368.26,377.37,382.88,390.86,392.57,394.61,396.46,384.28
2426,361.06,360.08,368.27,377.37,382.89,390.87,392.59,394.63,396.47,384.27
2427,361.05,360.08,368.26,377.37,382.89,390.87,392.59,394.64,396.48,384.27
2428,361.06,360.08,368.27,377.37,382.89,390.87,392.59,394.65,396.48,384.28
2429,361.07,360.09,368.27,377.39,382.9,390.88,392.61,394.67,396.49,384.29
2430,361.07,360.09,368.28,377.39,382.91,390.89,392.61,394.69,396.49,384.31
2431,361.07,360.1,368.29,377.4,382.92,390.89,392.61,394.7,396.5,384.35
2432,361.08,360.1,368.29,377.42,382.93,390.9,392.62,394.71,396.52,384.39
2433,361.08,360.11,368.3,377.42,382.94,390.9,392.62,394.72,396.53,384.42
2434,361.09,360.12,368.3,377.43,382.94,390.92,392.62,394.72,396.55,384.47
2435,361.08,360.13,368.31,377.44,382.95,390.92,392.63,394.72,396.54,384.5
2436,361.09,360.14,368.31,377.45,382.95,390.93,392.65,394.72,396.56,384.52
2437,361.09,360.14,368.31,377.46,382.96,390.94,392.65,394.72,396.54,384.51
2438,361.09,360.15,368.32,377.46,382.96,390.95,392.66,394.72,396.55,384.53
2439,361.09,360.15,368.32,377.48,382.97,390.96,392.66,394.74,396.54,384.53
2440,361.11,360.16,368.33,377.48,382.99,390.96,392.68,394.74,396.56,384.54
2441,361.12,360.17,368.35,377.48,383.01,390.96,392.7,394.74,396.58,384.55
2442,361.12,360.18,368.36,377.5,383.01,390.98,392.72,394.75,396.59,384.55
2443,361.12,360.18,368.37,377.51,383.01,390.99,392.73,394.76,396.61,384.56
2444,361.15,360.19,368.37,377.52,383.03,391.0,392.75,394.76,396.61,384.56
2445,361.15,360.2,368.38,377.53,383.03,391.01,392.77,394.77,396.62,384.57
2446,361.15,360.2,368.38,377.53,383.04,391.02,392.77,394.77,396.63,384.58
2447,361.16,360.2,368.38,377.54,383.05,391.02,392.79,394.77,396.64,384.58
2448,361.16,360.21,368.38,377.55,383.05,391.03,392.79,394.8,396.63,384.6
2449,361.16,360.22,368.39,377.56,383.06,391.03,392.81,394.82,396.64,384.6
2450,361.18,360.23,368.41,377.57,383.08,391.05,392.82,394.84,396.65,384.61
2451,361.19,360.24,368.41,377.58,383.09,391.06,392.84,394.87,396.66,384.61
2452,361.19,360.24,368.41,377.6,383.09,391.07,392.83,394.88,396.67,384.62
2453,361.2,360.25,368.42,377.6,383.11,391.07,392.85,394.89,396.69,384.64
2454,361.2,360.25,368.44,377.62,383.11,391.09,392.85,394.9,396.69,384.65
2455,361.2,360.25,368.43,377.62,383.11,391.09,392.85,394.91,396.68,384.67
2456,361.21,360.27,368.43,377.63,383.12,391.1,392.86,394.93,396.68,384.69
2457,361.22,360.26,368.44,377.64,383.13,391.11,392.87,394.93,396.69,384.71
2458,361.22,360.27,368.45,377.64,383.13,391.13,392.87,394.95,396.7,384.71
2459,361.24,360.28,368.47,377.65,383.15,391.13,392.87,394.95,396.71,384.73
2460,361.24,360.28,368.46,377.65,383.16,391.14,392.87,394.95,396.72,384.72
2461,361.23,360.29,368.47,377.66,383.16,391.15,392.88,394.95,396.72,384.7
2462,361.25,360.3,368.48,377.66,383.16,391.15,392.88,394.95,396.74,384.68
2463,361.24,360.31,368.47,377.68,383.16,391.16,392.88,394.95,396.75,384.66
2464,361.25,360.31,368.48,377.68,383.18,391.17,392.9,394.97,396.77,384.66
2465,361.26,360.32,368.49,377.69,383.19,391.18,392.91,394.99,396.8,384.67
2466,361.28,360.34,368.5,377.69,383.19,391.19,392.93,395.0,396.8,384.7
2467,361.28,360.35,368.51,377.71,383.21,391.19,392.94,395.02,396.81,384.72
2468,361.28,360.36,368.51,377.72,383.22,391.2,392.96,395.03,396.82,384.75
2469,361.29,360.35,368.51,377.72,383.21,391.2,392.95,395.04,396.81,384.78
2470,361.29,360.36,368.52,377.73,383.21,391.21,392.95,395.04,396.82,384.79
2471,361.29,360.36,368.53,377.73,383.23,391.22,392.94,395.05,396.83,384.8
2472,361.29,360.37,368.53,377.74,383.23,391.23,392.94,395.04,396.83,384.81
2473,361.3,360.38,368.54,377.74,383.24,391.23,392.94,395.04,396.84,384.83
2474,361.32,360.38,368.55,377.75,383.25,391.24,392.96,395.04,396.85,384.85
2475,361.33,360.4,368.56,377.75,383.26,391.24,392.95,395.03,396.87,384.87
2476,361.34,360.4,368.56,377.76,383.26,391.25,392.96,395.05,396.89,384.86
2477,361.35,360.41,368.57,377.76,383.27,391.25,392.97,395.05,396.9,384.86
2478,361.36,360.42,368.58,377.77,383.28,391.27,393.0,395.06,396.92,384.87
2479,361.37,360.43,368.58,377.78,383.28,391.28,393.01,395.07,396.92,384.88
2480,361.37,360.43,368.58,377.79,383.28,391.29,393.03,395.07,396.93,384.91
2481,361.37,360.45,368.59,377.8,383.29,391.3,393.04,395.08,396.93,384.93
2482,361.38,360.44,368.59,377.81,383.29,391.3,393.04,395.09,396.93,384.97
2483,361.39,360.45,368.6,377.81,383.3,391.31,393.05,395.09,396.94,385.0
2484,361.39,360.46,368.6,377.81,383.3,391.31,393.05,395.1,396.94,385.03
2485,361.41,360.46,368.61,377.81,383.32,391.32,393.06,395.1,396.96,385.07
2486,361.42,360.48,368.62,377.81,383.33,391.32,393.07,395.09,396.97,385.09
2487,361.42,360.48,368.61,377.81,383.33,391.33,393.06,395.09,396.97,385.11
2488,361.43,360.48,368.63,377.81,383.35,391.35,393.07,395.1,396.97,385.13
2489,361.43,360.49,368.64,377.81,383.35,391.35,393.07,395.1,396.96,385.14
2490,361.43,360.49,368.64,377.83,383.36,391.36,393.07,395.1,396.96,385.16
2491,361.44,360.5,368.65,377.84,383.35,391.37,393.07,395.11,396.94,385.17
2492,361.45,360.51,368.66,377.84,383.37,391.39,393.07,395.1,396.93,385.15
2493,361.46,360.51,368.66,377.86,383.36,391.39,393.08,395.09,396.92,385.14
2494,361.46,360.53,368.66,377.86,383.38,391.4,393.09,395.11,396.93,385.1
2495,361.46,360.53,368.67,377.85,383.39,391.4,393.11,395.13,396.94,385.08
2496,361.48,360.53,368.67,377.85,383.39,391.41,393.12,395.14,396.94,385.09
2497,361.48,360.54,368.68,377.87,383.4,391.43,393.12,395.17,396.95,385.1
2498,361.49,360.54,368.68,377.86,383.41,391.44,393.15,395.18,396.97,385.14
2499,361.49,360.54,368.69,377.88,383.42,391.45,393.15,395.2,396.97,385.15
2500,361.49,360.55,368.69,377.89,383.41,391.46,393.17,395.22,396.99,385.14
2501,361.5,360.55,368.7,377.89,383.43,391.46,393.17,395.22,397.01,385.13
2502,361.51,360.56,368.7,377.9,383.43,391.47,393.18,395.22,397.02,385.11
2503,361.51,360.58,368.71,377.91,383.44,391.48,393.18,395.23,397.03,385.09
2504,361.52,360.58,368.72,377.92,383.45,391.49,393.19,395.23,397.04,385.11
2505,361.53,360.59,368.72,377.93,383.45,391.49,393.19,395.24,397.03,385.13
2506,361.53,360.59,368.73,377.94,383.46,391.5,393.18,395.25,397.03,385.15
2507,361.54,360.59,368.73,377.95,383.46,391.51,393.19,395.25,397.04,385.16
2508,361.55,360.61,368.74,377.96,383.47,391.52,393.2,395.27,397.05,385.16
2509,361.55,360.61,368.75,377.96,383.48,391.53,393.19,395.27,397.07,385.17
2510,361.55,360.6,368.75,377.96,383.48,391.52,393.19,395.27,397.08,385.19
2511,361.56,360.6,368.75,377.97,383.48,391.54,393.19,395.29,397.1,385.2
2512,361.57,360.61,368.76,377.97,383.49,391.54,393.19,395.28,397.13,385.21
2513,361.58,360.62,368.77,377.98,383.5,391.57,393.2,395.28,397.15,385.25
2514,361.58,360.63,368.77,377.98,383.51,391.57,393.21,395.28,397.15,385.26
2515,361.59,360.63,368.79,377.99,383.52,391.58,393.23,395.29,397.14,385.29
2516,361.6,360.65,368.79,378.0,383.53,391.58,393.24,395.3,397.12,385.3
2517,361.61,360.65,368.79,378.0,383.54,391.59,393.25,395.3,397.11,385.3
2518,361.62,360.66,368.81,378.01,383.56,391.59,393.27,395.3,397.11,385.3
2519,361.63,360.68,368.81,378.01,383.57,391.6,393.27,395.3,397.09,385.28
2520,361.62,360.67,368.81,378.02,383.56,391.6,393.27,395.32,397.08,385.28
2521,361.63,360.67,368.82,378.03,383.57,391.61,393.26,395.32,397.07,385.28
2522,361.63,360.68,368.83,378.03,383.57,391.61,393.26,395.34,397.07,385.27
2523,361.65,360.67,368.83,378.04,383.58,391.62,393.28,395.35,397.06,385.26
2524,361.64,360.68,368.84,378.04,383.58,391.61,393.28,395.35,397.05,385.23
2525,361.65,360.68,368.84,378.05,383.58,391.62,393.28,395.36,397.04,385.22
2526,361.65,360.69,368.85,378.04,383.59,391.63,393.29,395.36,397.04,385.21
2527,361.65,360.7,368.86,378.05,383.59,391.64,393.3,395.38,397.04,385.2
2528,361.66,360.7,368.86,378.06,383.6,391.66,393.3,395.38,397.03,385.18
2529,361.66,360.7,368.86,378.07,383.61,391.66,393.31,395.38,397.03,385.17
2530,361.67,360.71,368.87,378.08,383.61,391.67,393.31,395.37,397.03,385.15
2531,361.69,360.72,368.88,378.07,383.63,391.68,393.32,395.36,397.05,385.16
2532,361.68,360.73,368.89,378.08,383.63,391.69,393.34,395.35,397.05,385.16
2533,361.69,360.72,368.89,378.08,383.63,391.71,393.35,395.34,397.03,385.16
2534,361.7,360.73,368.9,378.1,383.65,391.71,393.38,395.35,397.03,385.17
2535,361.71,360.74,368.91,378.1,383.66,391.71,393.39,395.34,397.02,385.18
2536,361.71,360.74,368.91,378.11,383.66,391.72,393.39,395.36,397.02,385.2
2537,361.71,360.74,368.91,378.11,383.67,391.72,393.39,395.39,397.03,385.2
2538,361.72,360.75,368.92,378.13,383.67,391.72,393.39,395.41,397.06,385.22
2539,361.73,360.76,368.93,378.13,383.68,391.73,393.4,395.43,397.11,385.23
2540,361.73,360.76,368.93,378.14,383.69,391.74,393.4,395.43,397.14,385.22
2541,361.74,360.76,368.94,378.15,383.69,391.74,393.4,395.45,397.18,385.24
2542,361.74,360.76,368.94,378.15,383.69,391.75,393.41,395.46,397.2,385.25
2543,361.76,360.78,368.95,378.16,383.7,391.75,393.42,395.48,397.21,385.26
2544,361.76,360.79,368.96,378.17,383.71,391.77,393.43,395.5,397.25,385.27
2545,361.76,360.79,368.96,378.18,383.71,391.77,393.44,395.52,397.27,385.27
2546,361.78,360.79,368.96,378.19,383.73,391.78,393.45,395.54,397.31,385.28
2547,361.79,360.8,368.97,378.19,383.73,391.79,393.46,395.56,397.32,385.29
2548,361.79,360.81,368.98,378.19,383.74,391.8,393.46,395.56,397.34,385.3
2549,361.8,360.83,369.0,378.2,383.75,391.8,393.48,395.56,397.35,385.29
2550,361.8,360.84,369.0,378.21,383.76,391.82,393.48,395.58,397.34,385.3
2551,361.81,360.84,369.0,378.21,383.77,391.83,393.49,395.59,397.34,385.29
2552,361.82,360.83,369.0,378.22,383.77,391.84,393.49,395.58,397.35,385.27
2553,361.82,360.84,369.01,378.23,383.77,391.84,393.51,395.59,397.37,385.26
2554,361.81,360.84,369.02,378.24,383.78,391.85,393.52,395.6,397.38,385.24
2555,361.82,360.85,369.01,378.24,383.79,391.85,393.52,395.61,397.4,385.25
2556,361.83,360.85,369.02,378.25,383.78,391.86,393.53,395.62,397.4,385.27
2557,361.82,360.86,369.03,378.25,383.8,391.86,393.55,395.61,397.4,385.28
2558,361.85,360.86,369.03,378.25,383.81,391.86,393.56,395.6,397.41,385.31
2559,361.86,360.87,369.04,378.27,383.82,391.87,393.57,395.6,397.43,385.33
2560,361.86,360.87,369.04,378.28,383.81,391.89,393.57,395.6,397.44,385.32
2561,361.86,360.87,369.05,378.29,383.82,391.9,393.56,395.59,397.43,385.32
2562,361.86,360.87,369.05,378.28,383.83,391.9,393.57,395.6,397.44,385.32
2563,361.87,360.88,369.06,378.29,383.84,391.91,393.58,395.6,397.45,385.33
2564,361.88,360.87,369.06,378.28,383.84,391.91,393.59,395.6,397.44,385.33
2565,361.89,360.89,369.07,378.3,383.84,391.92,393.6,395.61,397.45,385.34
2566,361.9,360.9,369.08,378.3,383.86,391.93,393.62,395.62,397.45,385.37
2567,361.91,360.9,369.1,378.3,383.86,391.93,393.62,395.63,397.47,385.38
2568,361.9,360.91,369.1,378.3,383.87,391.94,393.64,395.63,397.46,385.38
2569,361.91,360.91,369.1,378.3,383.88,391.94,393.63,395.63,397.46,385.37
2570,361.92,360.92,369.1,378.32,383.88,391.94,393.64,395.64,397.46,385.36
2571,361.92,360.93,369.11,378.32,383.89,391.95,393.67,395.64,397.47,385.33
2572,361.93,360.93,369.11,378.32,383.9,391.96,393.67,395.65,397.48,385.32
2573,361.94,360.93,369.12,378.33,383.9,391.96,393.68,395.65,397.48,385.3
2574,361.95,360.94,369.12,378.33,383.91,391.97,393.69,395.66,397.5,385.3
2575,361.96,360.95,369.14,378.34,383.92,391.98,393.7,395.66,397.5,385.3
2576,361.96,360.96,369.15,378.35,383.93,391.99,393.71,395.67,397.49,385.3
2577,361.97,360.97,369.15,378.36,383.94,392.0,393.72,395.69,397.47,385.3
2578,361.99,360.97,369.16,378.36,383.95,392.01,393.73,395.7,397.46,385.3
2579,361.98,360.99,369.17,378.37,383.95,392.01,393.72,395.71,397.44,385.3
2580,361.99,360.98,369.18,378.37,383.96,392.02,393.72,395.73,397.43,385.31
2581,361.99,360.99,369.19,378.38,383.97,392.03,393.73,395.74,397.43,385.34
2582,361.99,360.99,369.19,378.38,383.97,392.04,393.72,395.74,397.45,385.36
2583,362.0,361.0,369.19,378.39,383.98,392.05,393.73,395.76,397.47,385.39
2584,362.01,361.0,369.2,378.39,383.99,392.07,393.73,395.77,397.54,385.42
2585,362.03,361.01,369.21,378.41,384.0,392.08,393.74,395.79,397.59,385.47
2586,362.02,361.01,369.21,378.43,383.99,392.09,393.74,395.8,397.61,385.5
2587,362.02,361.02,369.21,378.42,384.01,392.09,393.75,395.8,397.62,385.55
2588,362.04,361.02,369.22,378.43,384.03,392.1,393.77,395.8,397.64,385.59
2589,362.05,361.03,369.23,378.44,384.03,392.11,393.77,395.8,397.64,385.62
2590,362.05,361.04,369.24,378.44,384.04,392.12,393.8,395.79,397.65,385.64
2591,362.04,361.04,369.24,378.45,384.05,392.12,393.79,395.81,397.64,385.62
2592,362.05,361.04,369.24,378.45,384.05,392.13,393.81,395.82,397.63,385.61
2593,362.06,361.06,369.26,378.47,384.07,392.14,393.82,395.83,397.61,385.6
2594,362.07,361.05,369.26,378.47,384.08,392.15,393.82,395.84,397.59,385.61
2595,362.07,361.06,369.27,378.48,384.09,392.16,393.84,395.86,397.61,385.61
2596,362.09,361.07,369.28,378.49,384.1,392.16,393.87,395.86,397.62,385.63
2597,362.09,361.08,369.29,378.49,384.1,392.17,393.87,395.87,397.66,385.63
2598,362.1,361.09,369.29,378.51,384.1,392.17,393.88,395.89,397.69,385.62
2599,362.11,361.08,369.3,378.51,384.11,392.19,393.88,395.91,397.72,385.64
2600,362.11,361.1,369.31,378.52,384.11,392.18,393.87,395.93,397.74,385.67
2601,362.11,361.09,369.31,378.52,384.12,392.19,393.87,395.94,397.75,385.67
2602,362.11,361.09,369.31,378.52,384.12,392.2,393.86,395.96,397.75,385.71
2603,362.11,361.09,369.32,378.54,384.14,392.2,393.86,395.97,397.75,385.74
2604,362.12,361.1,369.31,378.54,384.13,392.22,393.86,395.98,397.74,385.75
2605,362.13,361.11,369.33,378.54,384.14,392.22,393.87,396.0,397.75,385.77
2606,362.14,361.11,369.32,378.56,384.14,392.23,393.88,396.0,397.76,385.78
2607,362.14,361.12,369.33,378.57,384.15,392.24,393.88,396.0,397.77,385.77
2608,362.15,361.13,369.33,378.56,384.15,392.25,393.89,396.0,397.78,385.78
2609,362.16,361.14,369.34,378.57,384.16,392.26,393.89,395.99,397.79,385.81
2610,362.16,361.15,369.35,378.57,384.17,392.25,393.92,396.0,397.8,385.83
2611,362.18,361.16,369.36,378.58,384.19,392.27,393.94,396.0,397.81,385.87
2612,362.18,361.17,369.36,378.59,384.19,392.28,393.96,396.01,397.79,385.89
2613,362.2,361.17,369.37,378.6,384.2,392.28,393.98,396.02,397.79,385.92
2614,362.2,361.18,369.38,378.6,384.21,392.29,393.98,396.01,397.79,385.92
2615,362.2,361.19,369.38,378.61,384.21,392.28,393.99,396.02,397.79,385.91
2616,362.21,361.19,369.39,378.61,384.22,392.29,394.0,396.03,397.82,385.91
2617,362.21,361.19,369.4,378.61,384.22,392.3,393.99,396.02,397.84,385.9
2618,362.22,361.19,369.39,378.62,384.22,392.3,393.99,396.02,397.86,385.9
2619,362.22,361.19,369.39,378.63,384.22,392.31,393.99,396.03,397.89,385.92
2620,362.23,361.2,369.4,378.64,384.23,392.32,394.0,396.04,397.91,385.96
2621,362.25,361.21,369.41,378.64,384.25,392.33,394.01,396.05,397.94,386.01
2622,362.25,361.23,369.42,378.65,384.25,392.33,394.02,396.06,397.95,386.02
2623,362.24,361.23,369.42,378.66,384.25,392.34,394.03,396.06,397.96,386.05
2624,362.25,361.24,369.43,378.67,384.26,392.34,394.05,396.05,397.97,386.07
2625,362.27,361.23,369.44,378.67,384.26,392.36,394.06,396.05,397.99,386.07
2626,362.26,361.25,369.44,378.68,384.28,392.37,394.06,396.04,397.99,386.08
2627,362.27,361.24,369.44,378.68,384.27,392.38,394.05,396.06,397.99,386.08
2628,362.28,361.25,369.45,378.68,384.29,392.4,394.07,396.09,397.99,386.08
2629,362.29,361.25,369.46,378.69,384.29,392.4,394.07,396.11,397.97,386.06
2630,362.3,361.28,369.48,378.7,384.32,392.41,394.08,396.11,397.97,386.0
2631,362.31,361.28,369.48,378.71,384.32,392.41,394.09,396.12,397.97,385.97
2632,362.33,361.29,369.5,378.71,384.33,392.42,394.11,396.13,397.98,385.94
2633,362.33,361.3,369.5,378.72,384.34,392.43,394.12,396.14,398.0,385.93
2634,362.33,361.31,369.51,378.72,384.35,392.44,394.14,396.16,398.0,385.93
2635,362.33,361.31,369.5,378.72,384.35,392.44,394.14,396.16,398.01,385.94
2636,362.34,361.32,369.52,378.73,384.37,392.44,394.16,396.18,398.03,385.97
2637,362.33,361.32,369.52,378.74,384.36,392.45,394.16,396.2,398.02,385.98
2638,362.34,361.32,369.52,378.74,384.37,392.45,394.15,396.2,398.02,386.0
2639,362.35,361.32,369.52,378.75,384.38,392.47,394.14,396.2,398.01,386.01
2640,362.35,361.33,369.53,378.76,384.38,392.48,394.14,396.2,398.01,386.0
2641,362.36,361.33,369.53,378.78,384.39,392.49,394.14,396.19,398.04,385.99
2642,362.37,361.34,369.54,378.79,384.4,392.51,394.16,396.2,398.06,385.98
2643,362.38,361.35,369.55,378.8,384.41,392.51,394.17,396.2,398.07,385.98
2644,362.38,361.35,369.55,378.8,384.41,392.52,394.18,396.2,398.08,385.98
2645,362.37,361.35,369.55,378.8,384.41,392.53,394.19,396.21,398.08,385.98
2646,362.39,361.35,369.55,378.81,384.42,392.53,394.2,396.22,398.08,386.0
2647,362.39,361.37,369.56,378.82,384.42,392.53,394.23,396.24,398.1,386.01
2648,362.41,361.37,369.56,378.82,384.44,392.54,394.24,396.24,398.11,386.02
2649,362.42,361.38,369.57,378.83,384.44,392.54,394.24,396.26,398.13,386.01
2650,362.42,361.39,369.59,378.82,384.46,392.54,394.26,396.26,398.14,386.01
2651,362.44,361.4,369.6,378.83,384.47,392.54,394.26,396.27,398.14,386.02
2652,362.44,361.4,369.6,378.84,384.46,392.55,394.26,396.28,398.11,386.02
2653,362.43,361.4,369.6,378.84,384.46,392.56,394.25,396.29,398.1,386.03
2654,362.44,361.4,369.6,378.85,384.46,392.57,394.26,396.3,398.09,386.05
2655,362.45,361.4,369.61,378.86,384.47,392.57,394.25,396.3,398.08,386.06
2656,362.45,361.4,369.61,378.87,384.47,392.58,394.25,396.3,398.1,386.11
2657,362.46,361.41,369.61,378.88,384.48,392.58,394.25,396.3,398.11,386.17
2658,362.47,361.41,369.61,378.89,384.48,392.59,394.26,396.31,398.11,386.22
2659,362.48,361.42,369.62,378.89,384.49,392.6,394.26,396.31,398.12,386.27
2660,362.47,361.43,369.62,378.89,384.5,392.6,394.25,396.32,398.11,386.31
2661,362.48,361.43,369.63,378.89,384.51,392.61,394.25,396.32,398.11,386.38
2662,362.48,361.43,369.63,378.9,384.51,392.62,394.25,396.32,398.11,386.39
2663,362.49,361.43,369.64,378.9,384.51,392.62,394.25,396.31,398.13,386.44
2664,362.5,361.43,369.64,378.92,384.53,392.63,394.25,396.32,398.15,386.47
2665,362.52,361.45,369.65,378.92,384.54,392.64,394.28,396.33,398.17,386.52
2666,362.53,361.47,369.68,378.92,384.55,392.66,394.3,396.34,398.21,386.58
2667,362.52,361.47,369.67,378.93,384.57,392.66,394.31,396.35,398.21,386.61
2668,362.54,361.47,369.68,378.94,384.57,392.67,394.33,396.36,398.23,386.63
2669,362.54,361.48,369.69,378.94,384.57,392.68,394.35,396.35,398.25,386.65
2670,362.55,361.48,369.69,378.94,384.57,392.68,394.36,396.36,398.26,386.66
2671,362.56,361.49,369.7,378.95,384.59,392.68,394.38,396.36,398.27,386.67
2672,362.56,361.48,369.7,378.96,384.59,392.68,394.37,396.37,398.28,386.66
2673,362.57,361.49,369.7,378.96,384.58,392.68,394.37,396.37,398.27,386.67
2674,362.57,361.49,369.71,378.97,384.59,392.69,394.37,396.38,398.26,386.68
2675,362.58,361.5,369.71,378.98,384.59,392.7,394.38,396.39,398.26,386.7
2676,362.59,361.5,369.71,378.98,384.6,392.71,394.39,396.4,398.27,386.7
2677,362.59,361.51,369.72,378.98,384.6,392.71,394.4,396.41,398.28,386.7
2678,362.6,361.51,369.73,378.99,384.62,392.72,394.41,396.43,398.29,386.7
2679,362.61,361.52,369.74,378.99,384.62,392.73,394.42,396.44,398.3,386.72
2680,362.61,361.53,369.75,378.99,384.63,392.73,394.44,396.46,398.31,386.74
2681,362.62,361.54,369.75,379.01,384.63,392.75,394.44,396.48,398.32,386.74
2682,362.62,361.55,369.75,379.02,384.64,392.76,394.45,396.49,398.32,386.74
2683,362.64,361.55,369.76,379.03,384.65,392.77,394.47,396.5,398.36,386.75
2684,362.64,361.56,369.76,379.02,384.65,392.77,394.47,396.5,398.38,386.77
2685,362.65,361.56,369.77,379.03,384.67,392.78,394.47,396.52,398.38,386.77
2686,362.66,361.56,369.79,379.03,384.67,392.78,394.48,396.52,398.39,386.78
2687,362.66,361.57,369.78,379.04,384.67,392.8,394.49,396.54,398.38,386.79
2688,362.66,361.57,369.79,379.04,384.69,392.79,394.49,396.55,398.39,386.8
2689,362.67,361.58,369.79,379.05,384.69,392.8,394.49,396.56,398.4,386.82
2690,362.67,361.58,369.79,379.06,384.69,392.8,394.49,396.58,398.42,386.83
2691,362.68,361.59,369.8,379.07,384.7,392.81,394.5,396.59,398.43,386.84
2692,362.68,361.6,369.8,379.08,384.71,392.82,394.52,396.61,398.46,386.84
2693,362.68,361.6,369.81,379.08,384.71,392.82,394.54,396.63,398.48,386.85
2694,362.7,361.61,369.82,379.08,384.72,392.82,394.55,396.64,398.52,386.87
2695,362.71,361.63,369.83,379.09,384.73,392.83,394.55,396.65,398.53,386.89
2696,362.71,361.63,369.84,379.1,384.73,392.83,394.55,396.66,398.53,386.89
2697,362.7,361.62,369.83,379.1,384.72,392.84,394.53,396.67,398.54,386.87
2698,362.71,361.63,369.83,379.11,384.72,392.85,394.53,396.66,398.56,386.87
2699,362.73,361.64,369.84,379.11,384.74,392.87,394.53,396.64,398.58,386.89
2700,362.73,361.64,369.85,379.12,384.74,392.87,394.53,396.63,398.59,386.9
2701,362.74,361.65,369.85,379.12,384.75,392.87,394.54,396.62,398.59,386.93
2702,362.74,361.65,369.85,379.13,384.76,392.89,394.56,396.63,398.59,386.97
2703,362.75,361.66,369.87,379.12,384.77,392.89,394.58,396.62,398.58,386.99
2704,362.76,361.67,369.87,379.14,384.77,392.9,394.61,396.63,398.57,387.0
2705,362.77,361.67,369.87,379.15,384.79,392.91,394.62,396.66,398.57,387.0
2706,362.78,361.68,369.88,379.16,384.79,392.91,394.64,396.66,398.56,386.99
2707,362.78,361.69,369.9,379.17,384.81,392.91,394.66,396.68,398.56,386.99
2708,362.79,361.69,369.89,379.17,384.81,392.91,394.66,396.7,398.55,386.97
2709,362.79,361.69,369.9,379.18,384.81,392.92,394.67,396.7,398.54,386.97
2710,362.8,361.69,369.91,379.18,384.81,392.94,394.67,396.71,398.54,386.95
2711,362.81,361.7,369.92,379.18,384.83,392.94,394.68,396.71,398.55,386.94
2712,362.82,361.71,369.93,379.19,384.83,392.94,394.7,396.71,398.58,386.93
2713,362.83,361.71,369.94,379.2,384.85,392.95,394.7,396.72,398.58,386.92
2714,362.83,361.71,369.93,379.2,384.84,392.96,394.7,396.73,398.6,386.91
2715,362.84,361.72,369.94,379.2,384.85,392.97,394.71,396.74,398.61,386.92
2716,362.84,361.72,369.94,379.21,384.85,392.97,394.72,396.76,398.63,386.92
2717,362.84,361.72,369.95,379.21,384.85,392.98,394.71,396.77,398.64,386.92
2718,362.86,361.74,369.96,379.22,384.86,392.98,394.72,396.78,398.66,386.93
2719,362.86,361.74,369.96,379.22,384.87,392.99,394.73,396.78,398.67,386.93
2720,362.86,361.74,369.97,379.23,384.88,393.0,394.73,396.79,398.67,386.95
2721,362.88,361.75,369.98,379.24,384.89,393.01,394.74,396.8,398.67,386.97
2722,362.88,361.76,369.99,379.24,384.9,393.02,394.75,396.79,398.66,386.97
2723,362.88,361.76,369.99,379.25,384.9,393.02,394.75,396.79,398.64,386.96
2724,362.88,361.75,369.98,379.25,384.9,393.02,394.76,396.78,398.63,386.95
2725,362.89,361.76,369.98,379.26,384.9,393.03,394.75,396.77,398.62,386.95
2726,362.89,361.77,369.99,379.27,384.9,393.04,394.77,396.78,398.6,386.94
2727,362.9,361.79,370.0,379.27,384.92,393.03,394.76,396.78,398.6,386.93
2728,362.92,361.8,370.03,379.28,384.93,393.04,394.78,396.79,398.61,386.91
2729,362.93,361.81,370.04,379.28,384.93,393.05,394.78,396.79,398.62,386.88
2730,362.94,361.81,370.04,379.29,384.94,393.06,394.77,396.8,398.63,386.88
2731,362.94,361.82,370.04,379.3,384.94,393.07,394.77,396.8,398.63,386.88
2732,362.94,361.82,370.04,379.3,384.95,393.07,394.78,396.8,398.63,386.91
2733,362.95,361.82,370.04,379.31,384.96,393.08,394.79,396.81,398.64,386.95
2734,362.96,361.83,370.05,379.32,384.97,393.08,394.81,396.82,398.65,386.98
2735,362.97,361.83,370.06,379.33,384.97,393.09,394.81,396.84,398.66,387.01
2736,362.97,361.84,370.07,379.33,384.98,393.1,394.81,396.85,398.67,387.04
2737,362.97,361.84,370.06,379.34,384.98,393.11,394.81,396.85,398.69,387.07
2738,362.99,361.85,370.08,379.33,384.99,393.12,394.82,396.85,398.72,387.11
2739,363.0,361.87,370.09,379.34,385.0,393.12,394.83,396.84,398.73,387.11
2740,363.0,361.87,370.09,379.36,385.01,393.14,394.83,396.84,398.74,387.09
2741,363.0,361.87,370.11,379.36,385.01,393.14,394.85,396.85,398.74,387.07
2742,363.0,361.89,370.11,379.37,385.01,393.15,394.86,396.87,398.73,387.06
2743,363.01,361.89,370.11,379.37,385.02,393.15,394.87,396.88,398.71,387.06
2744,363.02,361.89,370.12,379.38,385.03,393.16,394.88,396.88,398.71,387.07
2745,363.01,361.89,370.11,379.38,385.02,393.16,394.89,396.88,398.7,387.05
2746,363.03,361.9,370.13,379.38,385.04,393.17,394.91,396.88,398.72,387.08
2747,363.04,361.92,370.14,379.38,385.06,393.17,394.93,396.88,398.75,387.09
2748,363.05,361.91,370.15,379.39,385.06,393.18,394.94,396.9,398.76,387.08
2749,363.05,361.92,370.15,379.4,385.06,393.19,394.93,396.92,398.74,387.08
2750,363.05,361.92,370.16,379.4,385.08,393.19,394.94,396.93,398.74,387.08
2751,363.06,361.93,370.16,379.42,385.09,393.2,394.95,396.95,398.73,387.08
2752,363.07,361.94,370.17,379.43,385.09,393.21,394.96,396.96,398.75,387.09
2753,363.08,361.94,370.18,379.44,385.1,393.23,394.96,396.97,398.76,387.09
2754,363.09,361.96,370.19,379.44,385.11,393.23,394.98,396.98,398.79,387.09
2755,363.1,361.97,370.2,379.45,385.12,393.24,394.98,396.98,398.83,387.08
2756,363.1,361.98,370.21,379.46,385.13,393.24,394.98,396.98,398.86,387.05
2757,363.12,361.98,370.22,379.46,385.14,393.26,394.99,396.98,398.87,387.04
2758,363.12,361.98,370.23,379.47,385.14,393.26,394.97,397.0,398.87,387.03
2759,363.13,362.0,370.23,379.48,385.16,393.27,394.99,397.0,398.89,387.05
2760,363.13,362.0,370.23,379.49,385.16,393.28,394.98,397.02,398.89,387.04
2761,363.15,362.0,370.24,379.5,385.16,393.29,394.98,397.04,398.89,387.05
2762,363.15,362.02,370.24,379.51,385.17,393.3,394.98,397.04,398.9,387.05
2763,363.14,362.02,370.23,379.52,385.16,393.3,395.0,397.04,398.9,387.06
2764,363.16,362.03,370.25,379.52,385.17,393.3,395.01,397.05,398.91,387.08
2765,363.17,362.05,370.27,379.52,385.19,393.31,395.04,397.04,398.91,387.09
2766,363.17,362.05,370.26,379.54,385.2,393.33,395.04,397.06,398.92,387.09
2767,363.18,362.06,370.27,379.54,385.2,393.33,395.04,397.06,398.91,387.09
2768,363.19,362.07,370.27,379.56,385.21,393.34,395.04,397.06,398.92,387.09
2769,363.19,362.07,370.28,379.57,385.22,393.35,395.05,397.06,398.91,387.08
2770,363.2,362.08,370.29,379.56,385.22,393.35,395.05,397.06,398.9,387.08
2771,363.21,362.08,370.3,379.57,385.22,393.36,395.05,397.06,398.9,387.09
2772,363.21,362.09,370.3,379.58,385.23,393.37,395.05,397.08,398.89,387.08
2773,363.22,362.09,370.31,379.6,385.24,393.39,395.06,397.09,398.87,387.08
2774,363.23,362.1,370.32,379.6,385.25,393.4,395.06,397.09,398.87,387.07
2775,363.23,362.11,370.32,379.61,385.26,393.41,395.05,397.11,398.88,387.04
2776,363.25,362.11,370.33,379.61,385.27,393.41,395.05,397.11,398.9,387.01
2777,363.25,362.12,370.34,379.61,385.28,393.42,395.04,397.13,398.92,386.98
2778,363.25,362.12,370.35,379.63,385.28,393.43,395.04,397.14,398.94,386.96
2779,363.25,362.12,370.35,379.63,385.28,393.44,395.06,397.15,398.95,386.93
2780,363.27,362.13,370.35,379.64,385.28,393.44,395.08,397.15,398.97,386.92
2781,363.27,362.14,370.37,379.64,385.3,393.46,395.1,397.17,398.99,386.92
2782,363.28,362.14,370.37,379.65,385.32,393.46,395.13,397.17,399.0,386.9
2783,363.28,362.15,370.38,379.66,385.32,393.46,395.14,397.17,399.01,386.86
2784,363.29,362.15,370.38,379.66,385.32,393.47,395.14,397.16,399.02,386.84
2785,363.29,362.16,370.39,379.66,385.33,393.47,395.15,397.16,399.04,386.82
2786,363.31,362.16,370.39,379.68,385.33,393.48,395.17,397.18,399.06,386.83
2787,363.3,362.17,370.4,379.69,385.33,393.48,395.17,397.19,399.04,386.83
2788,363.31,362.17,370.39,379.7,385.34,393.5,395.18,397.21,399.04,386.86
2789,363.32,362.18,370.4,379.7,385.35,393.5,395.19,397.23,399.02,386.87
2790,363.32,362.18,370.41,379.7,385.36,393.5,395.21,397.22,399.02,386.89
2791,363.33,362.19,370.42,379.71,385.36,393.5,395.21,397.23,399.02,386.91
2792,363.34,362.19,370.43,379.71,385.37,393.52,395.22,397.25,399.05,386.92
2793,363.34,362.2,370.42,379.72,385.37,393.52,395.21,397.26,399.07,386.93
2794,363.35,362.21,370.43,379.73,385.37,393.52,395.22,397.27,399.1,386.94
2795,363.36,362.22,370.45,379.73,385.39,393.54,395.23,397.28,399.14,386.96
2796,363.36,362.23,370.45,379.73,385.4,393.53,395.22,397.29,399.16,386.97
2797,363.38,362.23,370.45,379.73,385.41,393.55,395.22,397.32,399.19,386.99
2798,363.38,362.25,370.46,379.74,385.42,393.56,395.22,397.33,399.21,387.0
2799,363.38,362.25,370.46,379.74,385.41,393.56,395.22,397.35,399.22,387.01
2800,363.38,362.25,370.46,379.76,385.42,393.57,395.24,397.36,399.24,387.02
2801,363.39,362.26,370.47,379.76,385.44,393.58,395.26,397.37,399.25,387.01
2802,363.39,362.27,370.48,379.76,385.44,393.58,395.27,397.36,399.26,387.0
2803,363.4,362.28,370.49,379.76,385.45,393.59,395.26,397.36,399.27,386.99
2804,363.41,362.28,370.48,379.76,385.45,393.58,395.28,397.35,399.28,386.98
2805,363.41,362.29,370.5,379.77,385.47,393.6,395.28,397.35,399.29,386.99
2806,363.42,362.3,370.5,379.78,385.46,393.6,395.29,397.36,399.29,386.99
2807,363.43,362.31,370.52,379.79,385.48,393.61,395.3,397.36,399.29,387.0
2808,363.43,362.32,370.52,379.79,385.48,393.61,395.31,397.36,399.29,387.01
2809,363.44,362.33,370.53,379.8,385.49,393.62,395.32,397.35,399.27,387.03
2810,363.45,362.33,370.52,379.81,385.5,393.63,395.32,397.35,399.25,387.04
2811,363.44,362.35,370.53,379.81,385.51,393.63,395.33,397.35,399.24,387.03
2812,363.45,362.35,370.54,379.81,385.51,393.65,395.32,397.35,399.23,387.01
2813,363.46,362.36,370.55,379.83,385.52,393.65,395.33,397.35,399.23,386.98
2814,363.46,362.37,370.55,379.83,385.52,393.66,395.32,397.34,399.23,386.95
2815,363.47,362.38,370.56,379.83,385.53,393.67,395.33,397.34,399.23,386.91
2816,363.47,362.38,370.56,379.85,385.55,393.69,395.33,397.35,399.24,386.91
2817,363.47,362.38,370.57,379.85,385.54,393.69,395.33,397.35,399.23,386.91
2818,363.48,362.39,370.57,379.86,385.56,393.7,395.34,397.36,399.24,386.92
2819,363.49,362.39,370.59,379.86,385.57,393.7,395.36,397.37,399.25,386.94
2820,363.5,362.41,370.59,379.87,385.58,393.71,395.37,397.36,399.25,386.91
2821,363.5,362.4,370.6,379.88,385.58,393.71,395.38,397.35,399.24,386.88
2822,363.51,362.42,370.62,379.9,385.59,393.72,395.39,397.34,399.24,386.85
2823,363.53,362.42,370.61,379.89,385.59,393.73,395.4,397.34,399.25,386.83
2824,363.54,362.43,370.63,379.9,385.6,393.73,395.41,397.36,399.27,386.8
2825,363.54,362.45,370.64,379.91,385.61,393.75,395.41,397.38,399.27,386.78
2826,363.54,362.45,370.64,379.93,385.62,393.75,395.42,397.4,399.27,386.76
2827,363.55,362.45,370.65,379.92,385.62,393.76,395.42,397.41,399.24,386.76
2828,363.56,362.45,370.65,379.93,385.61,393.78,395.41,397.43,399.24,386.77
2829,363.55,362.46,370.66,379.94,385.63,393.79,395.42,397.44,399.25,386.79
2830,363.55,362.46,370.67,379.95,385.64,393.79,395.42,397.44,399.26,386.8
2831,363.57,362.46,370.66,379.94,385.64,393.8,395.43,397.45,399.27,386.82
2832,363.57,362.47,370.67,379.95,385.64,393.8,395.42,397.45,399.27,386.84
2833,363.58,362.48,370.68,379.96,385.66,393.81,395.43,397.48,399.29,386.86
2834,363.58,362.48,370.67,379.97,385.66,393.82,395.43,397.48,399.31,386.87
2835,363.58,362.49,370.69,379.97,385.66,393.82,395.43,397.48,399.33,386.87
2836,363.59,362.5,370.69,379.97,385.67,393.82,395.44,397.49,399.34,386.85
2837,363.6,362.51,370.7,379.99,385.68,393.83,395.44,397.5,399.36,386.85
2838,363.6,362.51,370.7,380.0,385.69,393.84,395.46,397.53,399.35,386.85
2839,363.61,362.53,370.7,380.0,385.7,393.85,395.47,397.54,399.34,386.88
2840,363.6,362.53,370.71,380.01,385.7,393.86,395.47,397.56,399.34,386.88
2841,363.62,362.53,370.73,380.01,385.71,393.87,395.49,397.57,399.33,386.89
2842,363.61,362.53,370.73,380.03,385.71,393.86,395.5,397.58,399.33,386.9
2843,363.62,362.55,370.74,380.04,385.72,393.87,395.5,397.58,399.33,386.89
2844,363.62,362.56,370.74,380.05,385.72,393.87,395.52,397.59,399.34,386.88
2845,363.64,362.57,370.74,380.05,385.74,393.88,395.54,397.58,399.34,386.86
2846,363.65,362.58,370.74,380.06,385.74,393.88,395.54,397.59,399.32,386.85
2847,363.64,362.59,370.75,380.06,385.74,393.89,395.55,397.59,399.3,386.85
2848,363.65,362.59,370.76,380.06,385.75,393.9,395.55,397.6,399.3,386.85
2849,363.66,362.6,370.75,380.08,385.76,393.91,395.57,397.6,399.3,386.87
2850,363.66,362.6,370.76,380.08,385.76,393.91,395.57,397.59,399.3,386.91
2851,363.67,362.61,370.78,380.09,385.78,393.92,395.6,397.6,399.32,386.96
2852,363.68,362.63,370.79,380.1,385.79,393.93,395.61,397.59,399.33,387.01
2853,363.68,362.63,370.79,380.11,385.8,393.94,395.61,397.61,399.31,387.05
2854,363.7,362.64,370.81,380.12,385.81,393.95,395.62,397.62,399.32,387.14
2855,363.7,362.65,370.82,380.12,385.81,393.96,395.63,397.62,399.32,387.19
2856,363.71,362.65,370.83,380.12,385.83,393.96,395.63,397.63,399.33,387.23
2857,363.72,362.67,370.83,380.12,385.83,393.97,395.62,397.64,399.34,387.25
2858,363.72,362.67,370.83,380.13,385.83,393.98,395.63,397.65,399.34,387.27
2859,363.72,362.68,370.85,380.15,385.84,393.99,395.63,397.66,399.34,387.29
2860,363.72,362.68,370.85,380.15,385.84,394.01,395.64,397.67,399.34,387.31
2861,363.74,362.7,370.86,380.16,385.86,394.02,395.67,397.68,399.39,387.35
2862,363.74,362.7,370.86,380.17,385.86,394.03,395.67,397.68,399.41,387.36
2863,363.75,362.71,370.87,380.18,385.88,394.03,395.7,397.68,399.45,387.39
2864,363.76,362.72,370.87,380.18,385.89,394.03,395.71,397.67,399.5,387.44
2865,363.76,362.72,370.88,380.18,385.89,394.04,395.72,397.67,399.53,387.48
2866,363.77,362.73,370.89,380.19,385.9,394.04,395.72,397.68,399.54,387.52
2867,363.77,362.73,370.89,380.2,385.9,394.05,395.71,397.69,399.55,387.56
2868,363.78,362.74,370.89,380.21,385.91,394.06,395.72,397.71,399.56,387.59
2869,363.79,362.74,370.9,380.22,385.92,394.07,395.71,397.72,399.56,387.63
2870,363.8,362.75,370.91,380.22,385.93,394.08,395.71,397.74,399.57,387.66
2871,363.81,362.76,370.92,380.23,385.94,394.08,395.72,397.76,399.59,387.68
2872,363.81,362.77,370.92,380.24,385.94,394.09,395.71,397.76,399.6,387.7
2873,363.83,362.78,370.93,380.24,385.95,394.09,395.71,397.76,399.63,387.71
2874,363.82,362.78,370.94,380.26,385.95,394.11,395.7,397.77,399.64,387.7
2875,363.82,362.8,370.95,380.26,385.96,394.11,395.7,397.77,399.63,387.7
2876,363.84,362.79,370.95,380.26,385.97,394.12,395.71,397.77,399.62,387.72
2877,363.85,362.8,370.97,380.27,385.98,394.13,395.72,397.78,399.61,387.72
2878,363.85,362.81,370.97,380.28,385.99,394.15,395.74,397.77,399.61,387.7
2879,363.86,362.81,370.98,380.28,385.99,394.16,395.76,397.77,399.58,387.68
2880,363.87,362.82,370.98,380.29,385.99,394.16,395.77,397.77,399.57,387.65
2881,363.87,362.84,370.99,380.3,386.01,394.17,395.79,397.79,399.53,387.61
2882,363.89,362.85,371.0,380.3,386.02,394.18,395.81,397.8,399.52,387.58
2883,363.89,362.87,371.01,380.31,386.03,394.17,395.83,397.82,399.5,387.57
2884,363.89,362.87,371.02,380.32,386.03,394.18,395.83,397.83,399.5,387.55
2885,363.9,362.88,371.02,380.33,386.04,394.18,395.85,397.84,399.5,387.52
2886,363.91,362.89,371.01,380.34,386.04,394.19,395.85,397.85,399.51,387.5
2887,363.9,362.89,371.02,380.35,386.05,394.2,395.85,397.86,399.52,387.47
2888,363.92,362.9,371.03,380.36,386.06,394.21,395.87,397.87,399.52,387.44
2889,363.92,362.9,371.04,380.38,386.06,394.22,395.87,397.88,399.52,387.43
2890,363.93,362.91,371.04,380.38,386.06,394.22,395.88,397.88,399.53,387.4
2891,363.94,362.91,371.05,380.39,386.06,394.22,395.9,397.89,399.55,387.39
2892,363.95,362.91,371.06,380.4,386.07,394.22,395.9,397.89,399.56,387.39
2893,363.95,362.93,371.05,380.41,386.07,394.23,395.91,397.9,399.57,387.41
2894,363.96,362.93,371.06,380.42,386.07,394.23,395.91,397.9,399.58,387.42
2895,363.97,362.95,371.07,380.43,386.09,394.24,395.94,397.92,399.59,387.44
2896,363.98,362.95,371.07,380.43,386.1,394.25,395.94,397.92,399.61,387.46
2897,363.99,362.96,371.08,380.43,386.11,394.25,395.94,397.93,399.62,387.49
2898,363.99,362.96,371.09,380.44,386.11,394.24,395.93,397.95,399.64,387.49
2899,364.0,362.97,371.1,380.45,386.12,394.27,395.93,397.95,399.65,387.52
2900,364.0,362.97,371.1,380.45,386.12,394.27,395.91,397.97,399.68,387.55
2901,364.01,362.99,371.11,380.46,386.13,394.28,395.93,397.98,399.69,387.56
2902,364.02,362.99,371.11,380.47,386.14,394.29,395.93,397.99,399.72,387.57
2903,364.03,363.0,371.13,380.48,386.14,394.29,395.93,397.98,399.73,387.58
2904,364.03,363.0,371.13,380.46,386.15,394.3,395.93,397.99,399.75,387.58
2905,364.05,363.01,371.14,380.49,386.16,394.3,395.95,397.98,399.78,387.59
2906,364.05,363.02,371.15,380.5,386.17,394.32,395.95,397.98,399.8,387.59
2907,364.06,363.04,371.16,380.5,386.18,394.32,395.97,397.95,399.8,387.56
2908,364.05,363.05,371.17,380.5,386.19,394.33,395.99,397.95,399.81,387.52
2909,364.07,363.05,371.16,380.5,386.18,394.34,396.0,397.95,399.8,387.5
2910,364.07,363.05,371.17,380.5,386.19,394.34,396.01,397.96,399.79,387.49
2911,364.08,363.07,371.18,380.51,386.21,394.35,396.02,397.97,399.77,387.48
2912,364.08,363.06,371.19,380.51,386.21,394.36,396.02,397.98,399.77,387.47
2913,364.09,363.07,371.2,380.52,386.22,394.38,396.02,397.99,399.77,387.44
2914,364.1,363.08,371.19,380.52,386.23,394.38,396.03,397.99,399.76,387.44
2915,364.11,363.09,371.21,380.53,386.24,394.39,396.03,398.0,399.77,387.43
2916,364.12,363.1,371.22,380.54,386.25,394.4,396.06,398.01,399.79,387.41
2917,364.13,363.11,371.23,380.54,386.26,394.41,396.06,398.03,399.78,387.39
2918,364.14,363.11,371.24,380.56,386.26,394.42,396.07,398.04,399.76,387.36
2919,364.15,363.11,371.24,380.56,386.27,394.43,396.07,398.05,399.77,387.34
2920,364.15,363.11,371.25,380.56,386.27,394.44,396.07,398.06,399.75,387.31
2921,364.16,363.12,371.26,380.58,386.28,394.44,396.08,398.07,399.74,387.29
2922,364.16,363.12,371.26,380.58,386.29,394.45,396.09,398.08,399.74,387.27
2923,364.17,363.13,371.28,380.59,386.3,394.45,396.11,398.09,399.75,387.27
2924,364.17,363.14,371.28,380.6,386.3,394.45,396.09,398.1,399.73,387.26
2925,364.19,363.13,371.27,380.6,386.31,394.45,396.1,398.1,399.74,387.28
2926,364.19,363.15,371.28,380.61,386.32,394.46,396.1,398.11,399.75,387.29
2927,364.2,363.15,371.29,380.61,386.31,394.46,396.1,398.12,399.77,387.32
2928,364.21,363.16,371.29,380.62,386.33,394.47,396.1,398.13,399.77,387.35
2929,364.21,363.18,371.31,380.64,386.34,394.48,396.12,398.14,399.79,387.39
2930,364.22,363.18,371.31,380.64,386.34,394.49,396.1,398.15,399.78,387.43
2931,364.22,363.18,371.31,380.65,386.35,394.5,396.11,398.16,399.78,387.48
2932,364.23,363.19,371.33,380.66,386.36,394.51,396.12,398.17,399.8,387.53
2933,364.24,363.19,371.33,380.67,386.36,394.52,396.12,398.16,399.8,387.57
2934,364.24,363.2,371.34,380.67,386.37,394.52,396.14,398.16,399.82,387.62
2935,364.26,363.2,371.35,380.68,386.38,394.53,396.16,398.17,399.86,387.67
2936,364.26,363.21,371.36,380.68,386.39,394.54,396.17,398.16,399.9,387.71
2937,364.28,363.22,371.37,380.69,386.4,394.55,396.18,398.18,399.95,387.73
2938,364.28,363.23,371.38,380.7,386.41,394.55,396.2,398.19,399.97,387.75
2939,364.29,363.24,371.38,380.7,386.42,394.55,396.2,398.2,399.99,387.76
2940,364.29,363.24,371.38,380.7,386.42,394.56,396.2,398.2,400.0,387.78
2941,364.3,363.25,371.4,380.71,386.43,394.57,396.21,398.21,400.02,387.8
2942,364.31,363.27,371.4,380.72,386.44,394.58,396.22,398.22,400.03,387.83
2943,364.31,363.27,371.41,380.73,386.44,394.59,396.23,398.23,400.03,387.86
2944,364.33,363.29,371.41,380.73,386.45,394.59,396.24,398.23,400.05,387.88
2945,364.32,363.3,371.42,380.74,386.46,394.6,396.26,398.24,400.07,387.88
2946,364.33,363.3,371.43,380.74,386.46,394.61,396.26,398.24,400.08,387.88
2947,364.34,363.31,371.43,380.75,386.46,394.61,396.27,398.25,400.1,387.89
2948,364.35,363.31,371.43,380.75,386.47,394.62,396.27,398.26,400.11,387.91
2949,364.35,363.33,371.46,380.76,386.49,394.63,396.28,398.29,400.12,387.91
2950,364.36,363.32,371.45,380.76,386.49,394.63,396.27,398.32,400.1,387.9
2951,364.36,363.33,371.45,380.76,386.48,394.64,396.25,398.33,400.11,387.9
2952,364.37,363.34,371.45,380.78,386.5,394.65,396.25,398.34,400.11,387.87
2953,364.37,363.34,371.46,380.78,386.5,394.65,396.24,398.33,400.13,387.83
2954,364.38,363.36,371.46,380.79,386.52,394.66,396.25,398.32,400.16,387.82
2955,364.39,363.35,371.47,380.79,386.52,394.66,396.23,398.31,400.17,387.84
2956,364.39,363.36,371.46,380.8,386.52,394.68,396.24,398.31,400.17,387.84
2957,364.4,363.38,371.48,380.81,386.53,394.69,396.25,398.31,400.17,387.85
2958,364.42,363.39,371.49,380.82,386.54,394.69,396.26,398.3,400.17,387.85
2959,364.42,363.39,371.49,380.83,386.54,394.7,396.27,398.28,400.15,387.83
2960,364.41,363.39,371.5,380.84,386.55,394.71,396.29,398.26,400.14,387.82
2961,364.42,363.4,371.51,380.85,386.55,394.71,396.29,398.26,400.11,387.8
2962,364.43,363.41,371.51,380.86,386.55,394.71,396.31,398.26,400.09,387.79
2963,364.44,363.42,371.53,380.86,386.56,394.71,396.32,398.29,400.05,387.8
2964,364.45,363.42,371.53,380.87,386.58,394.72,396.32,398.3,400.03,387.8
2965,364.45,363.43,371.53,380.88,386.58,394.72,396.32,398.31,399.99,387.8
2966,364.45,363.43,371.53,380.89,386.57,394.73,396.3,398.32,399.99,387.79
2967,364.46,363.43,371.55,380.89,386.59,394.73,396.32,398.32,400.0,387.79
2968,364.48,363.45,371.54,380.9,386.59,394.72,396.33,398.32,400.02,387.78
2969,364.49,363.45,371.55,380.92,386.59,394.74,396.33,398.33,400.03,387.79
2970,364.5,363.45,371.55,380.92,386.61,394.75,396.34,398.33,400.05,387.8
2971,364.5,363.47,371.57,380.92,386.61,394.75,396.34,398.33,400.07,387.81
2972,364.52,363.48,371.57,380.94,386.62,394.77,396.36,398.34,400.07,387.82
2973,364.52,363.49,371.57,380.94,386.62,394.77,396.35,398.34,400.08,387.81
2974,364.54,363.5,371.59,380.95,386.63,394.78,396.36,398.36,400.1,387.79
2975,364.54,363.5,371.59,380.96,386.63,394.79,396.37,398.35,400.11,387.77
2976,364.56,363.51,371.6,380.96,386.65,394.8,396.37,398.35,400.12,387.76
2977,364.56,363.51,371.6,380.97,386.65,394.81,396.36,398.36,400.11,387.75
2978,364.55,363.51,371.61,380.98,386.65,394.81,396.36,398.37,400.09,387.73
2979,364.57,363.52,371.62,380.99,386.66,394.82,396.37,398.37,400.09,387.73
2980,364.57,363.53,371.62,380.98,386.67,394.81,396.38,398.37,400.05,387.73
2981,364.59,363.54,371.63,380.99,386.68,394.82,396.39,398.38,400.03,387.75
2982,364.58,363.55,371.63,381.0,386.68,394.83,396.41,398.38,400.03,387.76
2983,364.59,363.57,371.64,381.0,386.69,394.84,396.42,398.39,400.03,387.77
2984,364.59,363.56,371.64,381.0,386.69,394.84,396.43,398.39,400.05,387.79
2985,364.6,363.58,371.65,381.01,386.7,394.85,396.44,398.41,400.07,387.79
2986,364.61,363.58,371.65,381.02,386.71,394.86,396.43,398.41,400.1,387.79
2987,364.61,363.57,371.65,381.01,386.7,394.86,396.43,398.41,400.12,387.79
2988,364.62,363.59,371.67,381.02,386.72,394.87,396.42,398.41,400.16,387.83
2989,364.64,363.6,371.68,381.04,386.73,394.89,396.44,398.43,400.16,387.88
2990,364.63,363.6,371.69,381.04,386.74,394.89,396.45,398.44,400.14,387.93
2991,364.63,363.61,371.69,381.05,386.74,394.9,396.46,398.47,400.12,387.97
2992,364.66,363.61,371.7,381.06,386.75,394.92,396.48,398.48,400.1,388.02
2993,364.66,363.63,371.71,381.06,386.77,394.91,396.5,398.5,400.06,388.05
2994,364.67,363.63,371.71,381.07,386.77,394.92,396.51,398.51,400.04,388.07
2995,364.67,363.64,371.72,381.07,386.78,394.92,396.49,398.51,400.03,388.09
2996,364.68,363.65,371.73,381.08,386.8,394.93,396.51,398.52,400.01,388.1
2997,364.69,363.65,371.73,381.09,386.79,394.94,396.5,398.53,400.0,388.1
2998,364.69,363.66,371.73,381.1,386.81,394.95,396.49,398.52,399.98,388.11
2999,364.7,363.66,371.74,381.1,386.81,394.95,396.5,398.52,399.98,388.1
3000,364.7,363.66,371.73,381.12,386.8,394.96,396.49,398.51,399.98,388.07
3001,364.71,363.67,371.74,381.13,386.81,394.96,396.5,398.51,400.0,388.06
3002,364.72,363.68,371.76,381.13,386.82,394.98,396.51,398.5,400.02,388.07
3003,364.73,363.68,371.76,381.14,386.82,394.98,396.51,398.49,400.02,388.06
3004,364.73,363.69,371.77,381.14,386.82,394.99,396.51,398.48,400.04,388.05
3005,364.74,363.69,371.78,381.14,386.82,394.99,396.5,398.48,400.06,388.04
3006,364.74,363.69,371.77,381.14,386.83,395.0,396.5,398.48,400.06,388.04
3007,364.74,363.69,371.78,381.15,386.83,395.01,396.48,398.48,400.05,388.07
3008,364.75,363.7,371.79,381.15,386.84,395.01,396.49,398.48,400.08,388.11
3009,364.78,363.71,371.8,381.15,386.86,395.02,396.5,398.49,400.09,388.13
3010,364.78,363.72,371.8,381.17,386.85,395.02,396.5,398.5,400.08,388.15
3011,364.77,363.72,371.8,381.17,386.86,395.02,396.51,398.49,400.08,388.17
3012,364.77,363.72,371.8,381.17,386.85,395.02,396.51,398.49,400.07,388.15
3013,364.77,363.73,371.81,381.17,386.86,395.02,396.52,398.5,400.08,388.14
3014,364.78,363.73,371.8,381.18,386.87,395.03,396.52,398.5,400.09,388.12
3015,364.78,363.73,371.82,381.18,386.87,395.03,396.52,398.51,400.11,388.11
3016,364.8,363.75,371.83,381.18,386.88,395.03,396.53,398.52,400.15,388.11
3017,364.82,363.77,371.84,381.19,386.89,395.03,396.55,398.52,400.21,388.12
3018,364.82,363.76,371.85,381.19,386.9,395.04,396.56,398.53,400.23,388.13
3019,364.83,363.77,371.86,381.2,386.91,395.04,396.57,398.54,400.27,388.15
3020,364.84,363.77,371.86,381.2,386.92,395.05,396.58,398.55,400.3,388.19
3021,364.82,363.78,371.86,381.2,386.92,395.06,396.6,398.58,400.33,388.23
3022,364.84,363.79,371.87,381.21,386.93,395.06,396.6,398.6,400.35,388.28
3023,364.85,363.8,371.88,381.22,386.93,395.07,396.61,398.61,400.36,388.33
3024,364.86,363.81,371.88,381.22,386.95,395.08,396.62,398.62,400.38,388.39
3025,364.87,363.82,371.89,381.22,386.97,395.09,396.64,398.63,400.41,388.44
3026,364.86,363.83,371.89,381.23,386.96,395.09,396.64,398.64,400.41,388.45
3027,364.87,363.84,371.9,381.23,386.98,395.11,396.64,398.65,400.43,388.45
3028,364.87,363.84,371.9,381.24,386.98,395.12,396.65,398.64,400.44,388.45
3029,364.88,363.84,371.91,381.25,386.98,395.13,396.66,398.64,400.46,388.46
3030,364.89,363.84,371.91,381.26,387.0,395.13,396.67,398.64,400.47,388.49
3031,364.89,363.85,371.92,381.26,387.01,395.13,396.69,398.64,400.48,388.51
3032,364.89,363.85,371.93,381.26,387.0,395.13,396.69,398.65,400.46,388.53
3033,364.89,363.85,371.93,381.28,387.01,395.14,396.69,398.65,400.47,388.54
3034,364.91,363.86,371.94,381.29,387.02,395.14,396.72,398.67,400.49,388.56
3035,364.93,363.87,371.95,381.29,387.03,395.14,396.72,398.68,400.51,388.58
3036,364.93,363.87,371.95,381.3,387.03,395.15,396.72,398.69,400.52,388.6
3037,364.93,363.88,371.95,381.31,387.04,395.15,396.74,398.69,400.53,388.63
3038,364.93,363.88,371.95,381.3,387.04,395.16,396.72,398.7,400.53,388.64
3039,364.94,363.88,371.96,381.31,387.04,395.16,396.73,398.69,400.52,388.66
3040,364.95,363.89,371.97,381.32,387.05,395.18,396.74,398.7,400.52,388.68
3041,364.96,363.91,371.98,381.33,387.06,395.18,396.75,398.7,400.53,388.68
3042,364.96,363.9,371.98,381.34,387.06,395.17,396.76,398.7,400.54,388.66
3043,364.97,363.92,371.99,381.35,387.07,395.19,396.79,398.71,400.55,388.64
3044,364.99,363.92,372.0,381.35,387.08,395.2,396.8,398.71,400.55,388.64
3045,364.98,363.93,372.0,381.36,387.08,395.2,396.81,398.72,400.56,388.65
3046,365.0,363.92,372.01,381.37,387.08,395.21,396.82,398.73,400.57,388.68
3047,365.0,363.94,372.02,381.38,387.09,395.22,396.84,398.75,400.57,388.69
3048,365.01,363.95,372.02,381.39,387.1,395.22,396.84,398.79,400.57,388.73
3049,365.02,363.95,372.03,381.4,387.12,395.23,396.85,398.79,400.58,388.75
3050,365.03,363.96,372.04,381.4,387.12,395.24,396.85,398.8,400.59,388.76
3051,365.05,363.98,372.05,381.41,387.13,395.24,396.87,398.79,400.6,388.79
3052,365.05,363.98,372.06,381.42,387.13,395.25,396.85,398.8,400.61,388.8
3053,365.06,363.99,372.06,381.43,387.15,395.25,396.86,398.8,400.62,388.82
3054,365.07,363.99,372.07,381.44,387.15,395.26,396.86,398.81,400.64,388.83
3055,365.07,363.99,372.08,381.45,387.15,395.27,396.87,398.82,400.63,388.84
3056,365.08,364.0,372.07,381.46,387.15,395.28,396.87,398.82,400.62,388.86
3057,365.09,364.0,372.08,381.47,387.15,395.28,396.9,398.82,400.62,388.9
3058,365.09,364.02,372.09,381.47,387.17,395.28,396.91,398.83,400.63,388.91
3059,365.1,364.02,372.09,381.48,387.17,395.29,396.92,398.85,400.64,388.93
3060,365.11,364.02,372.1,381.48,387.17,395.3,396.92,398.86,400.65,388.94
3061,365.12,364.03,372.1,381.49,387.18,395.3,396.92,398.87,400.66,388.96
3062,365.13,364.02,372.1,381.5,387.19,395.31,396.92,398.89,400.68,388.97
3063,365.14,364.03,372.12,381.5,387.19,395.32,396.92,398.9,400.68,388.99
3064,365.15,364.04,372.12,381.51,387.19,395.32,396.91,398.91,400.68,388.99
3065,365.15,364.04,372.12,381.51,387.19,395.33,396.92,398.9,400.68,388.99
3066,365.17,364.04,372.13,381.51,387.2,395.33,396.93,398.9,400.67,388.99
3067,365.17,364.05,372.13,381.51,387.21,395.34,396.93,398.91,400.66,389.0
3068,365.17,364.06,372.14,381.52,387.21,395.35,396.93,398.91,400.62,388.99
3069,365.18,364.08,372.14,381.52,387.22,395.36,396.92,398.91,400.6,388.99
3070,365.18,364.08,372.15,381.53,387.22,395.36,396.91,398.91,400.59,388.99
3071,365.2,364.09,372.16,381.54,387.23,395.38,396.92,398.93,400.59,389.0
3072,365.21,364.09,372.17,381.53,387.24,395.38,396.92,398.93,400.62,389.02
3073,365.21,364.1,372.18,381.54,387.25,395.38,396.92,398.93,400.64,389.01
3074,365.21,364.09,372.18,381.54,387.25,395.39,396.91,398.94,400.66,389.02
3075,365.22,364.1,372.2,381.55,387.26,395.39,396.92,398.94,400.68,389.03
3076,365.24,364.1,372.2,381.55,387.27,395.41,396.94,398.96,400.7,389.06
3077,365.23,364.1,372.21,381.56,387.27,395.41,396.95,398.95,400.71,389.07
3078,365.24,364.1,372.21,381.56,387.28,395.42,396.96,398.96,400.73,389.09
3079,365.25,364.11,372.22,381.58,387.29,395.43,396.98,398.97,400.75,389.08
3080,365.26,364.12,372.22,381.58,387.29,395.43,396.98,398.97,400.77,389.1
3081,365.26,364.11,372.23,381.59,387.3,395.43,396.99,398.99,400.79,389.1
3082,365.27,364.11,372.23,381.58,387.31,395.44,396.98,398.98,400.78,389.12
3083,365.28,364.13,372.24,381.6,387.31,395.44,397.0,398.98,400.79,389.15
3084,365.28,364.12,372.25,381.59,387.32,395.44,396.99,398.99,400.78,389.18
3085,365.29,364.14,372.25,381.61,387.32,395.45,396.99,398.99,400.78,389.19
3086,365.3,364.15,372.26,381.61,387.33,395.45,397.0,399.0,400.77,389.2
3087,365.31,364.14,372.26,381.62,387.32,395.47,396.99,399.01,400.77,389.21
3088,365.31,364.15,372.28,381.63,387.34,395.47,397.0,399.0,400.79,389.22
3089,365.32,364.16,372.28,381.63,387.34,395.48,397.0,399.0,400.81,389.23
3090,365.33,364.16,372.29,381.64,387.34,395.49,397.01,399.0,400.82,389.24
3091,365.33,364.16,372.29,381.65,387.36,395.5,397.02,399.0,400.84,389.27
3092,365.35,364.16,372.29,381.65,387.36,395.5,397.03,399.0,400.84,389.3
3093,365.35,364.17,372.3,381.66,387.37,395.51,397.03,399.0,400.84,389.32
3094,365.36,364.18,372.31,381.67,387.38,395.51,397.05,399.01,400.84,389.33
3095,365.36,364.18,372.31,381.66,387.38,395.52,397.07,399.02,400.82,389.32
3096,365.37,364.17,372.31,381.67,387.38,395.52,397.06,399.04,400.79,389.28
3097,365.37,364.18,372.32,381.67,387.39,395.52,397.08,399.06,400.78,389.23
3098,365.38,364.19,372.32,381.68,387.4,395.52,397.09,399.07,400.8,389.21
3099,365.39,364.2,372.33,381.69,387.4,395.53,397.08,399.08,400.81,389.19
3100,365.41,364.21,372.33,381.68,387.41,395.53,397.09,399.09,400.84,389.19
3101,365.41,364.22,372.34,381.69,387.42,395.54,397.1,399.09,400.86,389.17
3102,365.42,364.22,372.34,381.71,387.41,395.55,397.1,399.09,400.88,389.16
3103,365.43,364.23,372.35,381.7,387.42,395.55,397.1,399.09,400.9,389.14
3104,365.43,364.24,372.36,381.72,387.43,395.55,397.11,399.09,400.91,389.13
3105,365.44,364.25,372.37,381.72,387.44,395.56,397.1,399.09,400.92,389.12
3106,365.45,364.26,372.38,381.73,387.44,395.57,397.12,399.1,400.93,389.11
3107,365.45,364.26,372.38,381.72,387.44,395.58,397.09,399.1,400.91,389.12
3108,365.47,364.26,372.38,381.73,387.46,395.57,397.1,399.09,400.91,389.14
3109,365.46,364.27,372.4,381.72,387.47,395.58,397.1,399.09,400.88,389.15
3110,365.47,364.27,372.4,381.73,387.47,395.58,397.1,399.08,400.86,389.18
3111,365.49,364.27,372.41,381.74,387.47,395.59,397.11,399.08,400.83,389.21
3112,365.49,364.27,372.41,381.75,387.47,395.59,397.12,399.09,400.82,389.23
3113,365.49,364.28,372.41,381.75,387.48,395.59,397.13,399.09,400.8,389.24
3114,365.5,364.3,372.43,381.75,387.49,395.6,397.15,399.1,400.81,389.26
3115,365.5,364.31,372.42,381.76,387.49,395.61,397.15,399.11,400.83,389.24
3116,365.52,364.31,372.43,381.77,387.51,395.62,397.17,399.12,400.84,389.23
3117,365.51,364.32,372.44,381.77,387.51,395.62,397.18,399.11,400.86,389.21
3118,365.53,364.32,372.45,381.78,387.52,395.63,397.18,399.11,400.88,389.21
3119,365.53,364.32,372.45,381.79,387.52,395.64,397.18,399.12,400.9,389.21
3120,365.53,364.34,372.46,381.79,387.52,395.65,397.19,399.13,400.92,389.22
3121,365.55,364.33,372.45,381.8,387.53,395.65,397.18,399.15,400.93,389.22
3122,365.54,364.33,372.47,381.8,387.53,395.65,397.2,399.16,400.94,389.22
3123,365.55,364.35,372.47,381.8,387.54,395.65,397.21,399.16,400.95,389.22
3124,365.56,364.35,372.48,381.8,387.55,395.66,397.22,399.17,400.97,389.2
3125,365.57,364.36,372.48,381.81,387.55,395.67,397.23,399.18,400.99,389.17
3126,365.57,364.37,372.49,381.82,387.55,395.67,397.24,399.18,401.0,389.16
3127,365.59,364.38,372.5,381.83,387.57,395.69,397.25,399.18,401.02,389.15
3128,365.59,364.38,372.5,381.84,387.57,395.69,397.26,399.18,401.03,389.14
3129,365.58,364.38,372.5,381.85,387.57,395.69,397.27,399.19,401.04,389.15
3130,365.58,364.37,372.5,381.85,387.57,395.71,397.27,399.2,401.04,389.16
3131,365.6,364.39,372.51,381.85,387.58,395.71,397.29,399.21,401.06,389.19
3132,365.6,364.39,372.51,381.85,387.59,395.72,397.29,399.22,401.07,389.19
3133,365.62,364.4,372.53,381.87,387.6,395.72,397.3,399.23,401.1,389.21
3134,365.63,364.41,372.54,381.87,387.61,395.72,397.3,399.24,401.12,389.24
3135,365.63,364.42,372.55,381.88,387.62,395.74,397.29,399.26,401.12,389.25
3136,365.63,364.42,372.55,381.88,387.62,395.75,397.28,399.27,401.12,389.27
3137,365.64,364.42,372.55,381.9,387.62,395.75,397.29,399.29,401.1,389.28
3138,365.65,364.42,372.55,381.9,387.63,395.76,397.29,399.3,401.11,389.3
3139,365.64,364.43,372.56,381.92,387.64,395.78,397.28,399.32,401.09,389.3
3140,365.65,364.44,372.56,381.92,387.64,395.78,397.27,399.33,401.08,389.3
3141,365.66,364.44,372.57,381.93,387.64,395.79,397.28,399.34,401.06,389.3
3142,365.67,364.45,372.57,381.94,387.65,395.8,397.29,399.36,401.05,389.32
3143,365.66,364.45,372.58,381.94,387.66,395.8,397.29,399.36,401.03,389.35
3144,365.67,364.46,372.58,381.95,387.67,395.81,397.29,399.36,401.03,389.37
3145,365.68,364.45,372.59,381.95,387.67,395.81,397.3,399.36,401.04,389.38
3146,365.69,364.46,372.6,381.96,387.69,395.81,397.31,399.36,401.06,389.4
3147,365.69,364.48,372.61,381.97,387.7,395.83,397.33,399.36,401.08,389.4
3148,365.7,364.48,372.61,381.98,387.71,395.84,397.32,399.36,401.1,389.41
3149,365.7,364.48,372.61,381.99,387.7,395.84,397.32,399.37,401.1,389.39
3150,365.71,364.49,372.62,381.99,387.72,395.85,397.31,399.35,401.12,389.39
3151,365.72,364.51,372.63,381.99,387.72,395.85,397.32,399.34,401.14,389.41
3152,365.73,364.5,372.64,382.01,387.73,395.86,397.34,399.33,401.14,389.43
3153,365.74,364.51,372.64,382.01,387.73,395.85,397.35,399.32,401.14,389.45
3154,365.74,364.52,372.65,382.02,387.73,395.86,397.36,399.32,401.15,389.49
3155,365.76,364.52,372.65,382.02,387.75,395.86,397.37,399.32,401.15,389.54
3156,365.76,364.53,372.66,382.03,387.75,395.87,397.38,399.33,401.16,389.57
3157,365.77,364.55,372.67,382.04,387.76,395.87,397.38,399.34,401.16,389.6
3158,365.77,364.54,372.67,382.04,387.75,395.87,397.38,399.34,401.16,389.63
3159,365.78,364.55,372.68,382.05,387.77,395.87,397.38,399.33,401.17,389.63
3160,365.79,364.55,372.68,382.06,387.77,395.88,397.4,399.3,401.19,389.64
3161,365.79,364.56,372.69,382.07,387.77,395.88,397.42,399.29,401.17,389.64
3162,365.8,364.55,372.69,382.08,387.77,395.89,397.43,399.3,401.15,389.65
3163,365.81,364.57,372.7,382.09,387.79,395.89,397.46,399.31,401.14,389.67
3164,365.82,364.57,372.7,382.09,387.79,395.9,397.46,399.34,401.13,389.66
3165,365.83,364.58,372.71,382.11,387.8,395.89,397.46,399.35,401.12,389.63
3166,365.84,364.59,372.72,382.11,387.8,395.91,397.46,399.36,401.13,389.59
3167,365.84,364.6,372.72,382.12,387.81,395.91,397.46,399.35,401.11,389.56
3168,365.85,364.61,372.73,382.12,387.82,395.91,397.45,399.35,401.07,389.54
3169,365.87,364.62,372.73,382.12,387.82,395.93,397.45,399.36,401.01,389.54
3170,365.89,364.62,372.74,382.13,387.82,395.93,397.46,399.36,400.99,389.55
3171,365.89,364.62,372.75,382.14,387.83,395.94,397.47,399.38,400.98,389.57
3172,365.89,364.63,372.75,382.15,387.84,395.96,397.47,399.38,400.99,389.58
3173,365.89,364.65,372.77,382.15,387.83,395.96,397.47,399.39,401.01,389.57
3174,365.91,364.64,372.77,382.16,387.84,395.97,397.47,399.39,401.03,389.58
3175,365.91,364.65,372.78,382.16,387.85,395.99,397.5,399.4,401.07,389.58
3176,365.91,364.66,372.78,382.16,387.86,395.98,397.49,399.41,401.09,389.58
3177,365.93,364.66,372.79,382.16,387.86,395.99,397.5,399.4,401.14,389.58
3178,365.94,364.67,372.8,382.17,387.87,395.99,397.51,399.42,401.17,389.57
3179,365.95,364.68,372.81,382.18,387.88,395.99,397.51,399.42,401.2,389.59
3180,365.95,364.68,372.81,382.19,387.88,396.0,397.49,399.43,401.21,389.6
3181,365.96,364.69,372.82,382.2,387.89,396.0,397.49,399.44,401.24,389.63
3182,365.96,364.69,372.81,382.2,387.89,396.0,397.49,399.46,401.25,389.66
3183,365.96,364.69,372.81,382.22,387.89,396.02,397.5,399.48,401.26,389.69
3184,365.96,364.69,372.82,382.21,387.9,396.02,397.5,399.48,401.26,389.72
3185,365.97,364.69,372.83,382.22,387.9,396.03,397.5,399.48,401.28,389.74
3186,365.99,364.71,372.83,382.22,387.91,396.03,397.51,399.49,401.29,389.78
3187,365.99,364.71,372.84,382.23,387.92,396.04,397.52,399.49,401.29,389.82
3188,366.0,364.71,372.85,382.24,387.92,396.04,397.54,399.49,401.29,389.83
3189,366.01,364.72,372.85,382.25,387.92,396.04,397.54,399.5,401.3,389.84
3190,366.01,364.73,372.86,382.26,387.93,396.06,397.55,399.51,401.29,389.82
3191,366.02,364.73,372.87,382.26,387.94,396.05,397.57,399.51,401.31,389.83
3192,366.03,364.75,372.88,382.27,387.95,396.06,397.58,399.53,401.32,389.83
3193,366.03,364.74,372.88,382.28,387.94,396.07,397.57,399.56,401.32,389.83
3194,366.03,364.75,372.89,382.27,387.95,396.07,397.58,399.57,401.34,389.84
3195,366.05,364.75,372.89,382.28,387.96,396.07,397.59,399.59,401.36,389.86
3196,366.06,364.77,372.91,382.29,387.98,396.08,397.61,399.62,401.39,389.89
3197,366.07,364.77,372.91,382.3,387.98,396.08,397.6,399.64,401.4,389.9
3198,366.07,364.78,372.92,382.3,387.99,396.08,397.61,399.63,401.44,389.9
3199,366.08,364.79,372.92,382.31,387.99,396.09,397.61,399.64,401.45,389.88
3200,366.09,364.79,372.93,382.31,387.99,396.1,397.62,399.63,401.47,389.87
3201,366.09,364.8,372.93,382.32,388.0,396.1,397.62,399.61,401.47,389.85
3202,366.09,364.8,372.93,382.32,388.0,396.1,397.61,399.59,401.47,389.83
3203,366.1,364.8,372.94,382.32,388.0,396.11,397.62,399.57,401.47,389.82
3204,366.11,364.81,372.95,382.33,388.01,396.12,397.63,399.57,401.45,389.81
3205,366.13,364.82,372.96,382.34,388.01,396.12,397.64,399.57,401.42,389.81
3206,366.13,364.82,372.96,382.35,388.02,396.13,397.65,399.57,401.4,389.81
3207,366.14,364.83,372.98,382.36,388.02,396.13,397.67,399.57,401.38,389.81
3208,366.14,364.84,372.97,382.36,388.03,396.13,397.68,399.58,401.38,389.8
3209,366.15,364.83,372.97,382.36,388.04,396.14,397.69,399.59,401.37,389.79
3210,366.16,364.84,372.98,382.37,388.04,396.15,397.69,399.6,401.37,389.78
3211,366.16,364.84,372.99,382.37,388.05,396.15,397.69,399.59,401.35,389.76
3212,366.17,364.85,372.99,382.37,388.06,396.16,397.7,399.58,401.35,389.76
3213,366.18,364.87,373.0,382.38,388.07,396.16,397.7,399.57,401.32,389.77
3214,366.19,364.87,373.01,382.38,388.08,396.16,397.71,399.56,401.3,389.78
3215,366.19,364.89,373.03,382.39,388.09,396.17,397.71,399.57,401.28,389.77
3216,366.2,364.89,373.02,382.4,388.09,396.17,397.71,399.58,401.25,389.78
3217,366.2,364.9,373.03,382.4,388.09,396.18,397.71,399.61,401.24,389.77
3218,366.2,364.9,373.03,382.4,388.1,396.18,397.72,399.63,401.25,389.78
3219,366.21,364.9,373.04,382.41,388.1,396.19,397.71,399.64,401.26,389.75
3220,366.21,364.89,373.03,382.42,388.1,396.19,397.71,399.64,401.26,389.7
3221,366.22,364.9,373.04,382.42,388.1,396.21,397.72,399.66,401.27,389.65
3222,366.23,364.91,373.04,382.43,388.11,396.21,397.72,399.67,401.3,389.63
3223,366.23,364.91,373.04,382.43,388.12,396.21,397.71,399.68,401.33,389.63
3224,366.25,364.92,373.06,382.45,388.13,396.21,397.7,399.68,401.37,389.64
3225,366.26,364.93,373.07,382.46,388.14,396.22,397.7,399.68,401.39,389.67
3226,366.26,364.94,373.07,382.45,388.14,396.23,397.69,399.68,401.4,389.7
3227,366.27,364.94,373.08,382.47,388.16,396.24,397.68,399.69,401.41,389.73
3228,366.28,364.95,373.08,382.47,388.16,396.26,397.68,399.69,401.42,389.75
3229,366.28,364.96,373.08,382.47,388.17,396.26,397.69,399.68,401.43,389.79
3230,366.29,364.96,373.09,382.49,388.17,396.28,397.7,399.69,401.44,389.8
3231,366.29,364.97,373.1,382.5,388.18,396.29,397.71,399.7,401.45,389.83
3232,366.29,364.98,373.11,382.51,388.17,396.3,397.71,399.71,401.45,389.85
3233,366.31,364.98,373.12,382.51,388.19,396.3,397.73,399.72,401.45,389.88
3234,366.31,364.99,373.13,382.52,388.2,396.32,397.73,399.74,401.47,389.88
3235,366.32,364.99,373.15,382.51,388.21,396.32,397.75,399.75,401.48,389.89
3236,366.33,365.0,373.15,382.52,388.21,396.32,397.76,399.76,401.5,389.88
3237,366.33,365.0,373.16,382.52,388.21,396.34,397.75,399.76,401.5,389.87
3238,366.33,365.01,373.17,382.52,388.23,396.33,397.76,399.75,401.52,389.87
3239,366.33,365.01,373.17,382.53,388.23,396.33,397.76,399.74,401.51,389.87
3240,366.34,365.01,373.17,382.53,388.24,396.34,397.77,399.73,401.5,389.88
3241,366.35,365.02,373.18,382.55,388.25,396.35,397.79,399.74,401.48,389.89
3242,366.35,365.03,373.19,382.56,388.25,396.36,397.8,399.73,401.48,389.89
3243,366.37,365.04,373.2,382.57,388.26,396.37,397.82,399.73,401.49,389.87
3244,366.38,365.05,373.22,382.57,388.28,396.38,397.83,399.72,401.5,389.87
3245,366.38,365.07,373.23,382.58,388.29,396.38,397.83,399.71,401.5,389.86
3246,366.39,365.06,373.23,382.59,388.29,396.39,397.83,399.71,401.52,389.86
3247,366.39,365.06,373.23,382.59,388.29,396.4,397.83,399.72,401.53,389.85
3248,366.41,365.07,373.24,382.6,388.3,396.4,397.83,399.72,401.54,389.86
3249,366.41,365.08,373.25,382.61,388.3,396.41,397.84,399.73,401.53,389.85
3250,366.42,365.08,373.26,382.61,388.31,396.42,397.87,399.76,401.55,389.83
3251,366.42,365.1,373.27,382.62,388.33,396.42,397.89,399.78,401.55,389.78
3252,366.43,365.1,373.26,382.62,388.32,396.43,397.9,399.8,401.57,389.75
3253,366.44,365.12,373.28,382.63,388.34,396.44,397.91,399.82,401.59,389.74
3254,366.44,365.12,373.29,382.63,388.34,396.44,397.92,399.82,401.61,389.71
3255,366.45,365.12,373.29,382.64,388.35,396.45,397.91,399.82,401.61,389.67
3256,366.45,365.13,373.29,382.64,388.35,396.45,397.9,399.82,401.62,389.67
3257,366.46,365.15,373.3,382.66,388.36,396.47,397.9,399.83,401.66,389.67
3258,366.47,365.15,373.31,382.66,388.37,396.46,397.91,399.84,401.69,389.66
3259,366.48,365.16,373.31,382.68,388.37,396.48,397.91,399.85,401.73,389.66
3260,366.48,365.17,373.33,382.67,388.39,396.48,397.92,399.86,401.75,389.65
3261,366.49,365.17,373.33,382.68,388.38,396.49,397.93,399.87,401.76,389.64
3262,366.5,365.17,373.34,382.68,388.38,396.49,397.94,399.9,401.77,389.64
3263,366.5,365.18,373.34,382.69,388.4,396.49,397.95,399.93,401.79,389.65
3264,366.51,365.19,373.34,382.7,388.4,396.5,397.95,399.94,401.79,389.65
3265,366.52,365.2,373.36,382.71,388.42,396.51,397.96,399.94,401.79,389.65
3266,366.53,365.2,373.36,382.72,388.41,396.51,397.96,399.94,401.78,389.68
3267,366.53,365.2,373.37,382.73,388.42,396.52,397.97,399.94,401.78,389.69
3268,366.54,365.21,373.37,382.74,388.43,396.52,397.98,399.94,401.78,389.74
3269,366.55,365.21,373.37,382.74,388.44,396.53,397.99,399.93,401.75,389.78
3270,366.56,365.22,373.37,382.73,388.43,396.52,397.99,399.93,401.73,389.82
3271,366.57,365.23,373.39,382.74,388.44,396.53,398.0,399.92,401.71,389.84
3272,366.57,365.24,373.4,382.74,388.46,396.54,398.01,399.93,401.73,389.88
3273,366.58,365.25,373.4,382.76,388.45,396.54,398.02,399.94,401.75,389.9
3274,366.59,365.25,373.41,382.76,388.46,396.54,398.02,399.95,401.78,389.9
3275,366.59,365.26,373.41,382.77,388.46,396.55,398.02,399.97,401.8,389.91
3276,366.6,365.27,373.41,382.78,388.47,396.56,398.04,399.97,401.83,389.92
3277,366.61,365.28,373.43,382.78,388.48,396.57,398.06,399.98,401.86,389.92
3278,366.61,365.29,373.44,382.78,388.49,396.57,398.08,399.96,401.87,389.93
3279,366.62,365.29,373.44,382.79,388.5,396.57,398.09,399.95,401.88,389.95
3280,366.64,365.3,373.44,382.8,388.5,396.59,398.09,399.97,401.89,389.97
3281,366.63,365.3,373.46,382.81,388.51,396.59,398.09,399.99,401.88,389.98
3282,366.64,365.31,373.45,382.81,388.52,396.6,398.08,400.0,401.84,390.0
3283,366.65,365.32,373.46,382.81,388.53,396.6,398.08,400.0,401.82,390.01
3284,366.66,365.33,373.47,382.82,388.54,396.61,398.08,400.01,401.79,390.02
3285,366.67,365.34,373.48,382.83,388.54,396.61,398.1,400.02,401.76,390.01
3286,366.67,365.34,373.48,382.84,388.54,396.62,398.09,400.02,401.75,390.0
3287,366.67,365.34,373.48,382.84,388.54,396.62,398.11,400.01,401.75,390.0
3288,366.68,365.35,373.48,382.85,388.55,396.62,398.1,400.01,401.75,390.02
3289,366.68,365.36,373.49,382.85,388.54,396.62,398.1,400.0,401.74,390.02
3290,366.69,365.36,373.49,382.85,388.55,396.63,398.1,399.99,401.72,390.05
3291,366.69,365.37,373.49,382.85,388.56,396.64,398.09,399.99,401.69,390.09
3292,366.69,365.37,373.5,382.86,388.56,396.64,398.08,400.0,401.66,390.12
3293,366.71,365.38,373.51,382.87,388.57,396.66,398.09,400.01,401.66,390.15
3294,366.72,365.39,373.52,382.88,388.58,396.66,398.11,400.02,401.67,390.16
3295,366.73,365.41,373.52,382.88,388.59,396.67,398.12,400.03,401.67,390.17
3296,366.74,365.42,373.53,382.87,388.6,396.66,398.12,400.02,401.69,390.2
3297,366.74,365.42,373.53,382.88,388.61,396.67,398.13,400.03,401.7,390.22
3298,366.74,365.43,373.53,382.89,388.6,396.68,398.13,400.04,401.71,390.26
3299,366.75,365.44,373.54,382.91,388.61,396.69,398.13,400.03,401.74,390.29
3300,366.76,365.45,373.54,382.92,388.62,396.69,398.12,400.02,401.76,390.33
3301,366.76,365.46,373.56,382.92,388.63,396.7,398.14,400.01,401.78,390.38
3302,366.78,365.46,373.55,382.93,388.63,396.71,398.14,400.0,401.79,390.41
3303,366.79,365.47,373.57,382.94,388.65,396.71,398.15,400.01,401.78,390.43
3304,366.8,365.48,373.58,382.94,388.66,396.72,398.16,400.02,401.77,390.43
3305,366.8,365.48,373.58,382.95,388.66,396.73,398.16,400.04,401.74,390.44
3306,366.81,365.49,373.6,382.96,388.67,396.72,398.17,400.06,401.74,390.44
3307,366.82,365.49,373.6,382.97,388.67,396.73,398.15,400.09,401.74,390.42
3308,366.82,365.49,373.6,382.98,388.67,396.74,398.16,400.12,401.74,390.4
3309,366.82,365.5,373.6,382.98,388.68,396.74,398.17,400.14,401.75,390.37
3310,366.83,365.5,373.61,382.99,388.68,396.75,398.19,400.14,401.75,390.33
3311,366.84,365.51,373.62,382.99,388.69,396.76,398.19,400.16,401.76,390.3
3312,366.85,365.52,373.63,383.0,388.71,396.76,398.21,400.18,401.78,390.28
3313,366.87,365.53,373.63,383.01,388.71,396.76,398.2,400.17,401.8,390.28
3314,366.88,365.55,373.65,383.02,388.72,396.77,398.21,400.15,401.83,390.29
3315,366.89,365.55,373.66,383.03,388.73,396.77,398.2,400.12,401.84,390.31
3316,366.9,365.56,373.66,383.05,388.75,396.79,398.21,400.1,401.87,390.34
3317,366.9,365.56,373.66,383.05,388.74,396.79,398.21,400.09,401.88,390.37
3318,366.91,365.56,373.67,383.06,388.75,396.79,398.22,400.09,401.88,390.4
3319,366.91,365.57,373.67,383.07,388.75,396.81,398.22,400.09,401.88,390.41
3320,366.93,365.57,373.68,383.08,388.76,396.81,398.24,400.08,401.88,390.43
3321,366.94,365.59,373.69,383.08,388.77,396.81,398.25,400.06,401.9,390.42
3322,366.96,365.6,373.71,383.09,388.79,396.82,398.27,400.07,401.92,390.41
3323,366.96,365.61,373.72,383.09,388.79,396.82,398.28,400.05,401.94,390.39
3324,366.97,365.62,373.72,383.1,388.8,396.83,398.3,400.07,401.96,390.38
3325,366.98,365.62,373.73,383.11,388.8,396.84,398.29,400.09,401.97,390.37
3326,366.98,365.63,373.73,383.12,388.8,396.84,398.3,400.1,401.96,390.39
3327,366.99,365.63,373.73,383.12,388.8,396.85,398.29,400.12,401.95,390.4
3328,367.0,365.64,373.74,383.14,388.82,396.86,398.3,400.14,401.94,390.43
3329,367.01,365.65,373.75,383.13,388.82,396.86,398.31,400.15,401.92,390.44
3330,367.02,365.66,373.76,383.15,388.83,396.86,398.33,400.17,401.89,390.44
3331,367.03,365.66,373.77,383.15,388.84,396.88,398.34,400.17,401.84,390.4
3332,367.03,365.68,373.78,383.15,388.85,396.88,398.36,400.17,401.81,390.34
3333,367.05,365.68,373.78,383.17,388.86,396.89,398.36,400.17,401.8,390.28
3334,367.05,365.69,373.78,383.16,388.86,396.89,398.37,400.19,401.79,390.24
3335,367.05,365.7,373.8,383.17,388.87,396.89,398.37,400.21,401.77,390.2
3336,367.05,365.69,373.8,383.18,388.87,396.9,398.37,400.23,401.75,390.16
3337,367.06,365.7,373.81,383.18,388.87,396.91,398.37,400.24,401.71,390.15
3338,367.07,365.7,373.81,383.2,388.87,396.92,398.36,400.26,401.7,390.13
3339,367.07,365.71,373.82,383.2,388.89,396.92,398.37,400.27,401.73,390.11
3340,367.08,365.71,373.83,383.2,388.9,396.92,398.38,400.27,401.77,390.11
3341,367.08,365.72,373.83,383.2,388.9,396.93,398.38,400.29,401.78,390.1
3342,367.09,365.72,373.84,383.21,388.9,396.93,398.38,400.29,401.8,390.11
3343,367.09,365.72,373.84,383.22,388.91,396.95,398.39,400.3,401.81,390.13
3344,367.11,365.74,373.86,383.22,388.92,396.95,398.4,400.29,401.82,390.16
3345,367.1,365.75,373.86,383.21,388.93,396.96,398.4,400.3,401.8,390.18
3346,367.11,365.74,373.86,383.22,388.93,396.96,398.39,400.28,401.79,390.19
3347,367.1,365.74,373.86,383.22,388.93,396.97,398.4,400.27,401.79,390.19
3348,367.12,365.74,373.86,383.23,388.93,396.97,398.4,400.26,401.79,390.17
3349,367.13,365.75,373.86,383.24,388.94,396.98,398.41,400.25,401.83,390.16
3350,367.13,365.76,373.88,383.25,388.95,396.98,398.42,400.26,401.86,390.14
3351,367.14,365.77,373.88,383.26,388.95,396.99,398.45,400.26,401.88,390.13
3352,367.16,365.78,373.9,383.26,388.96,396.99,398.46,400.26,401.9,390.14
3353,367.16,365.79,373.9,383.27,388.97,397.01,398.47,400.29,401.92,390.15
3354,367.16,365.79,373.91,383.28,388.98,397.0,398.48,400.3,401.93,390.18
3355,367.17,365.8,373.91,383.28,388.98,397.01,398.48,400.32,401.95,390.2
3356,367.18,365.8,373.92,383.3,388.99,397.02,398.49,400.34,401.97,390.23
3357,367.19,365.81,373.92,383.3,388.98,397.03,398.49,400.35,402.0,390.26
3358,367.2,365.83,373.93,383.31,389.0,397.04,398.5,400.37,402.04,390.29
3359,367.21,365.84,373.95,383.31,389.01,397.04,398.52,400.38,402.08,390.3
3360,367.21,365.85,373.96,383.32,389.01,397.04,398.52,400.4,402.11,390.31
3361,367.21,365.86,373.96,383.33,389.01,397.06,398.52,400.41,402.13,390.29
3362,367.23,365.86,373.96,383.33,389.01,397.06,398.53,400.42,402.14,390.3
3363,367.23,365.87,373.96,383.34,389.01,397.07,398.52,400.42,402.15,390.3
3364,367.24,365.87,373.96,383.34,389.02,397.07,398.52,400.41,402.12,390.32
3365,367.24,365.87,373.98,383.35,389.03,397.08,398.52,400.41,402.09,390.33
3366,367.25,365.89,373.98,383.35,389.04,397.09,398.53,400.41,402.03,390.32
3367,367.27,365.9,373.99,383.36,389.05,397.09,398.53,400.41,402.0,390.29
3368,367.28,365.91,374.01,383.36,389.06,397.1,398.54,400.42,402.01,390.3
3369,367.28,365.91,374.0,383.37,389.06,397.09,398.54,400.43,402.02,390.27
3370,367.28,365.92,374.01,383.38,389.06,397.1,398.54,400.44,402.03,390.26
3371,367.3,365.92,374.02,383.39,389.08,397.1,398.54,400.44,402.05,390.26
3372,367.3,365.93,374.02,383.38,389.07,397.09,398.53,400.42,402.05,390.28
3373,367.33,365.94,374.02,383.4,389.07,397.11,398.51,400.43,402.06,390.31
3374,367.33,365.94,374.03,383.42,389.09,397.11,398.52,400.41,402.07,390.34
3375,367.34,365.96,374.05,383.42,389.1,397.11,398.52,400.4,402.09,390.35
3376,367.36,365.97,374.05,383.43,389.1,397.12,398.53,400.38,402.11,390.35
3377,367.37,365.97,374.07,383.43,389.09,397.12,398.54,400.36,402.13,390.34
3378,367.38,365.99,374.07,383.43,389.11,397.12,398.55,400.34,402.14,390.35
3379,367.37,365.99,374.07,383.45,389.11,397.13,398.56,400.33,402.14,390.34
3380,367.38,366.0,374.08,383.46,389.12,397.14,398.58,400.33,402.15,390.36
3381,367.4,366.01,374.08,383.45,389.12,397.14,398.58,400.32,402.15,390.38
3382,367.4,366.01,374.1,383.46,389.14,397.15,398.6,400.32,402.14,390.39
3383,367.4,366.03,374.1,383.46,389.13,397.16,398.6,400.34,402.13,390.4
3384,367.4,366.01,374.09,383.47,389.13,397.17,398.6,400.36,402.1,390.42
3385,367.41,366.02,374.1,383.47,389.15,397.17,398.61,400.39,402.11,390.44
3386,367.42,366.03,374.1,383.48,389.15,397.17,398.63,400.41,402.11,390.46
3387,367.43,366.05,374.11,383.49,389.15,397.18,398.63,400.43,402.11,390.48
3388,367.44,366.05,374.11,383.5,389.16,397.19,398.63,400.46,402.1,390.5
3389,367.45,366.06,374.11,383.5,389.16,397.19,398.63,400.46,402.12,390.54
3390,367.46,366.06,374.13,383.51,389.17,397.19,398.61,400.47,402.14,390.55
3391,367.46,366.08,374.14,383.52,389.17,397.2,398.61,400.47,402.17,390.57
3392,367.47,366.07,374.14,383.53,389.18,397.2,398.59,400.47,402.2,390.6
3393,367.48,366.08,374.14,383.53,389.18,397.2,398.58,400.47,402.25,390.65
3394,367.5,366.1,374.16,383.53,389.19,397.2,398.57,400.47,402.28,390.7
3395,367.5,366.1,374.16,383.54,389.2,397.2,398.58,400.47,402.28,390.72
3396,367.49,366.1,374.17,383.55,389.2,397.22,398.58,400.47,402.26,390.74
3397,367.5,366.11,374.18,383.55,389.2,397.22,398.59,400.46,402.23,390.77
3398,367.51,366.11,374.17,383.55,389.2,397.21,398.6,400.45,402.22,390.81
3399,367.51,366.1,374.17,383.56,389.21,397.23,398.61,400.44,402.23,390.83
3400,367.52,366.12,374.19,383.56,389.21,397.24,398.62,400.45,402.24,390.86
3401,367.52,366.13,374.18,383.56,389.22,397.23,398.63,400.46,402.26,390.87
3402,367.54,366.14,374.19,383.57,389.23,397.24,398.62,400.48,402.27,390.9
3403,367.55,366.15,374.2,383.57,389.24,397.24,398.63,400.51,402.27,390.91
3404,367.55,366.15,374.2,383.57,389.24,397.26,398.64,400.53,402.26,390.92
3405,367.56,366.16,374.21,383.59,389.25,397.27,398.65,400.54,402.26,390.93
3406,367.57,366.17,374.21,383.6,389.25,397.27,398.68,400.56,402.26,390.95
3407,367.58,366.16,374.22,383.6,389.26,397.28,398.69,400.56,402.28,390.97
3408,367.59,366.17,374.23,383.61,389.27,397.29,398.72,400.57,402.31,390.98
3409,367.6,366.18,374.24,383.61,389.28,397.29,398.73,400.57,402.34,390.99
3410,367.6,366.18,374.24,383.6,389.29,397.28,398.73,400.57,402.36,391.0
3411,367.61,366.19,374.25,383.61,389.29,397.29,398.73,400.57,402.37,391.01
3412,367.63,366.2,374.26,383.62,389.3,397.3,398.75,400.57,402.37,391.01
3413,367.64,366.21,374.27,383.63,389.31,397.29,398.75,400.57,402.36,391.03
3414,367.65,366.22,374.28,383.64,389.31,397.3,398.75,400.58,402.36,391.02
3415,367.66,366.22,374.28,383.65,389.32,397.31,398.75,400.6,402.35,391.01
3416,367.66,366.23,374.29,383.66,389.32,397.31,398.74,400.61,402.34,391.0
3417,367.68,366.24,374.3,383.66,389.33,397.32,398.74,400.62,402.33,391.01
3418,367.69,366.25,374.3,383.66,389.34,397.33,398.74,400.61,402.32,391.02
3419,367.69,366.26,374.31,383.68,389.34,397.34,398.73,400.61,402.31,391.03
3420,367.69,366.26,374.31,383.68,389.35,397.34,398.72,400.6,402.31,391.03
3421,367.71,366.28,374.33,383.7,389.36,397.35,398.73,400.61,402.33,391.05
3422,367.71,366.27,374.32,383.7,389.36,397.36,398.72,400.6,402.33,391.04
3423,367.71,366.28,374.32,383.7,389.36,397.37,398.73,400.6,402.33,391.04
3424,367.72,366.28,374.34,383.7,389.36,397.37,398.74,400.59,402.34,391.04
3425,367.73,366.29,374.34,383.7,389.37,397.37,398.77,400.59,402.34,391.04
3426,367.73,366.28,374.34,383.71,389.37,397.38,398.79,400.6,402.34,391.03
3427,367.73,366.27,374.34,383.71,389.37,397.38,398.8,400.6,402.34,391.02
3428,367.74,366.28,374.35,383.72,389.37,397.38,398.82,400.62,402.36,391.01
3429,367.74,366.29,374.35,383.73,389.38,397.38,398.83,400.63,402.35,390.98
3430,367.76,366.3,374.37,383.73,389.39,397.4,398.82,400.67,402.35,390.98
3431,367.76,366.3,374.37,383.73,389.39,397.39,398.81,400.68,402.36,390.98
3432,367.77,366.32,374.38,383.73,389.4,397.39,398.8,400.68,402.36,390.98
3433,367.78,366.32,374.39,383.74,389.41,397.41,398.78,400.68,402.37,390.99
3434,367.77,366.31,374.39,383.75,389.41,397.41,398.76,400.67,402.39,390.99
3435,367.79,366.32,374.39,383.77,389.41,397.41,398.76,400.64,402.39,390.99
3436,367.79,366.32,374.4,383.77,389.41,397.42,398.75,400.62,402.37,390.99
3437,367.79,366.32,374.4,383.77,389.41,397.43,398.75,400.59,402.37,390.99
3438,367.81,366.34,374.41,383.78,389.42,397.43,398.77,400.57,402.37,390.99
3439,367.81,366.35,374.41,383.78,389.44,397.44,398.79,400.57,402.38,390.98
3440,367.82,366.36,374.41,383.78,389.44,397.44,398.8,400.57,402.37,390.99
3441,367.82,366.37,374.43,383.79,389.45,397.44,398.8,400.6,402.37,390.98
3442,367.83,366.37,374.44,383.8,389.45,397.45,398.8,400.62,402.37,390.98
3443,367.83,366.37,374.44,383.8,389.46,397.45,398.8,400.63,402.38,391.0
3444,367.84,366.37,374.45,383.8,389.47,397.45,398.8,400.64,402.37,391.0
3445,367.85,366.38,374.45,383.8,389.48,397.45,398.81,400.66,402.37,391.02
3446,367.87,366.39,374.45,383.81,389.47,397.46,398.82,400.65,402.37,391.02
3447,367.87,366.4,374.47,383.82,389.48,397.47,398.83,400.66,402.39,391.03
3448,367.88,366.4,374.47,383.83,389.48,397.48,398.84,400.67,402.42,391.03
3449,367.88,366.42,374.48,383.84,389.49,397.48,398.83,400.67,402.43,391.01
3450,367.89,366.42,374.48,383.85,389.49,397.49,398.84,400.68,402.44,390.99
3451,367.88,366.42,374.48,383.85,389.49,397.49,398.84,400.66,402.45,390.97
3452,367.9,366.42,374.49,383.85,389.5,397.49,398.86,400.64,402.47,390.95
3453,367.9,366.43,374.49,383.86,389.5,397.49,398.86,400.62,402.48,390.94
3454,367.91,366.43,374.51,383.86,389.51,397.5,398.86,400.62,402.48,390.93
3455,367.91,366.44,374.51,383.86,389.51,397.5,398.87,400.62,402.46,390.91
3456,367.93,366.44,374.51,383.88,389.52,397.51,398.89,400.64,402.43,390.86
3457,367.94,366.46,374.53,383.87,389.54,397.52,398.92,400.65,402.41,390.81
3458,367.94,366.46,374.53,383.88,389.53,397.53,398.93,400.67,402.4,390.75
3459,367.94,366.47,374.53,383.88,389.53,397.54,398.94,400.7,402.4,390.69
3460,367.95,366.47,374.54,383.89,389.55,397.54,398.96,400.72,402.41,390.67
3461,367.95,366.48,374.55,383.89,389.56,397.55,398.96,400.74,402.41,390.65
3462,367.95,366.48,374.55,383.9,389.56,397.54,398.96,400.76,402.42,390.62
3463,367.96,366.49,374.55,383.91,389.56,397.54,398.96,400.78,402.42,390.61
3464,367.98,366.49,374.56,383.91,389.57,397.55,398.97,400.78,402.43,390.61
3465,367.98,366.51,374.57,383.91,389.58,397.55,398.96,400.79,402.42,390.63
3466,367.99,366.51,374.58,383.91,389.59,397.55,398.95,400.81,402.42,390.69
3467,368.0,366.52,374.59,383.91,389.59,397.56,398.94,400.83,402.43,390.72
3468,368.0,366.52,374.6,383.91,389.6,397.56,398.94,400.85,402.45,390.76
3469,368.0,366.52,374.6,383.92,389.6,397.56,398.92,400.86,402.47,390.78
3470,368.0,366.52,374.6,383.92,389.61,397.57,398.91,400.87,402.5,390.81
3471,368.01,366.53,374.6,383.94,389.6,397.57,398.9,400.87,402.51,390.83
3472,368.02,366.54,374.61,383.94,389.61,397.58,398.91,400.86,402.53,390.86
3473,368.03,366.54,374.62,383.94,389.62,397.59,398.92,400.87,402.54,390.88
3474,368.04,366.55,374.63,383.96,389.63,397.6,398.95,400.87,402.56,390.86
3475,368.05,366.56,374.63,383.97,389.64,397.61,398.98,400.87,402.57,390.85
3476,368.06,366.58,374.64,383.98,389.65,397.62,398.99,400.86,402.57,390.86
3477,368.07,366.58,374.65,383.98,389.66,397.63,399.0,400.85,402.59,390.85
3478,368.07,366.58,374.65,383.98,389.66,397.63,399.01,400.85,402.6,390.86
3479,368.08,366.59,374.66,383.99,389.67,397.63,399.01,400.85,402.6,390.87
3480,368.08,366.6,374.66,384.0,389.67,397.63,399.01,400.85,402.59,390.86
3481,368.07,366.59,374.66,384.01,389.67,397.64,399.0,400.87,402.59,390.85
3482,368.1,366.59,374.66,384.01,389.66,397.63,399.0,400.87,402.58,390.84
3483,368.11,366.62,374.68,384.01,389.68,397.64,399.02,400.87,402.58,390.85
3484,368.12,366.62,374.7,384.03,389.69,397.65,399.01,400.88,402.58,390.89
3485,368.13,366.62,374.7,384.03,389.69,397.65,399.03,400.88,402.59,390.91
3486,368.14,366.63,374.7,384.04,389.7,397.66,399.03,400.89,402.61,390.94
3487,368.15,366.65,374.71,384.05,389.7,397.66,399.03,400.91,402.65,390.96
3488,368.16,366.65,374.72,384.06,389.72,397.67,399.05,400.91,402.68,390.97
3489,368.17,366.66,374.73,384.07,389.71,397.68,399.05,400.9,402.7,390.95
3490,368.18,366.68,374.74,384.07,389.73,397.68,399.07,400.9,402.71,390.94
3491,368.18,366.68,374.74,384.08,389.73,397.69,399.08,400.92,402.72,390.94
3492,368.18,366.68,374.74,384.09,389.73,397.7,399.06,400.93,402.69,390.93
3493,368.19,366.68,374.74,384.09,389.74,397.7,399.06,400.89,402.67,390.93
3494,368.19,366.68,374.75,384.09,389.75,397.7,399.06,400.86,402.64,390.93
3495,368.21,366.69,374.76,384.09,389.75,397.7,399.06,400.84,402.64,390.93
3496,368.22,366.69,374.76,384.11,389.76,397.72,399.06,400.86,402.63,390.92
3497,368.22,366.7,374.77,384.12,389.77,397.73,399.06,400.87,402.63,390.91
3498,368.23,366.72,374.78,384.12,389.78,397.74,399.07,400.87,402.64,390.89
3499,368.23,366.72,374.78,384.13,389.77,397.74,399.09,400.87,402.63,390.87
3500,368.24,366.73,374.78,384.14,389.78,397.75,399.09,400.88,402.64,390.85
3501,368.26,366.75,374.8,384.15,389.79,397.75,399.12,400.9,402.66,390.84
3502,368.27,366.76,374.81,384.15,389.8,397.76,399.15,400.94,402.68,390.83
3503,368.27,366.75,374.81,384.16,389.8,397.76,399.16,400.97,402.67,390.82
3504,368.29,366.75,374.82,384.17,389.8,397.77,399.16,401.0,402.68,390.82
3505,368.3,366.76,374.83,384.18,389.82,397.78,399.17,401.01,402.69,390.83
3506,368.3,366.77,374.83,384.18,389.81,397.78,399.17,401.02,402.7,390.81
3507,368.3,366.78,374.83,384.18,389.82,397.78,399.17,401.02,402.71,390.8
3508,368.31,366.78,374.84,384.19,389.82,397.79,399.15,401.01,402.72,390.8
3509,368.31,366.78,374.84,384.19,389.83,397.8,399.16,401.03,402.71,390.79
3510,368.32,366.79,374.84,384.2,389.83,397.8,399.15,401.03,402.66,390.77
3511,368.33,366.79,374.85,384.21,389.84,397.8,399.15,401.04,402.61,390.77
3512,368.33,366.8,374.86,384.22,389.84,397.81,399.16,401.05,402.58,390.77
3513,368.34,366.81,374.86,384.22,389.84,397.81,399.15,401.06,402.57,390.76
3514,368.34,366.8,374.86,384.23,389.85,397.81,399.14,401.08,402.57,390.73
3515,368.35,366.82,374.88,384.23,389.85,397.82,399.15,401.08,402.56,390.69
3516,368.36,366.81,374.87,384.23,389.84,397.83,399.15,401.07,402.57,390.66
3517,368.36,366.83,374.88,384.24,389.85,397.84,399.15,401.07,402.59,390.64
3518,368.37,366.83,374.89,384.24,389.86,397.85,399.14,401.06,402.6,390.63
3519,368.38,366.83,374.9,384.25,389.87,397.85,399.13,401.05,402.64,390.63
3520,368.38,366.84,374.91,384.26,389.88,397.86,399.12,401.03,402.67,390.65
3521,368.4,366.86,374.92,384.25,389.9,397.87,399.11,401.01,402.68,390.66
3522,368.4,366.86,374.93,384.26,389.9,397.86,399.1,401.0,402.68,390.68
3523,368.41,366.87,374.93,384.27,389.91,397.87,399.11,401.0,402.68,390.74
3524,368.42,366.87,374.94,384.28,389.92,397.88,399.12,400.99,402.68,390.77
3525,368.42,366.88,374.95,384.28,389.93,397.89,399.12,401.0,402.68,390.82
3526,368.43,366.9,374.96,384.3,389.93,397.89,399.13,401.01,402.67,390.84
3527,368.45,366.9,374.96,384.3,389.94,397.89,399.15,401.01,402.68,390.87
3528,368.46,366.91,374.97,384.31,389.94,397.9,399.16,401.03,402.7,390.89
3529,368.47,366.91,374.98,384.32,389.95,397.91,399.18,401.04,402.74,390.91
3530,368.48,366.92,375.0,384.32,389.96,397.91,399.19,401.06,402.75,390.93
3531,368.48,366.93,375.0,384.32,389.96,397.92,399.21,401.07,402.75,390.97
3532,368.48,366.93,375.0,384.32,389.97,397.91,399.22,401.08,402.76,391.02
3533,368.48,366.93,375.0,384.33,389.97,397.92,399.22,401.1,402.77,391.06
3534,368.49,366.92,375.0,384.33,389.98,397.91,399.22,401.1,402.78,391.1
3535,368.49,366.95,375.01,384.33,389.97,397.93,399.21,401.11,402.79,391.14
3536,368.51,366.95,375.01,384.35,389.99,397.93,399.23,401.12,402.81,391.19
3537,368.52,366.97,375.03,384.35,390.0,397.94,399.24,401.13,402.85,391.25
3538,368.52,366.99,375.05,384.34,390.01,397.95,399.27,401.13,402.86,391.29
3539,368.53,366.99,375.05,384.36,390.02,397.96,399.27,401.13,402.87,391.31
3540,368.54,367.0,375.05,384.36,390.02,397.96,399.27,401.13,402.87,391.33
3541,368.56,367.01,375.06,384.37,390.03,397.97,399.28,401.15,402.89,391.36
3542,368.56,367.01,375.07,384.38,390.04,397.97,399.29,401.16,402.88,391.36
3543,368.56,367.02,375.08,384.39,390.04,397.98,399.29,401.17,402.9,391.37
3544,368.57,367.02,375.08,384.4,390.05,397.98,399.29,401.18,402.89,391.37
3545,368.58,367.03,375.1,384.41,390.05,398.0,399.29,401.19,402.9,391.37
3546,368.59,367.05,375.11,384.41,390.07,397.99,399.31,401.21,402.91,391.32
3547,368.59,367.05,375.12,384.42,390.06,398.01,399.3,401.23,402.88,391.26
3548,368.6,367.04,375.12,384.43,390.06,398.02,399.3,401.24,402.87,391.23
3549,368.6,367.05,375.12,384.43,390.08,398.02,399.31,401.24,402.87,391.2
3550,368.61,367.06,375.13,384.43,390.08,398.03,399.3,401.24,402.89,391.18
3551,368.62,367.06,375.13,384.44,390.08,398.04,399.3,401.25,402.91,391.17
3552,368.64,367.08,375.14,384.45,390.1,398.04,399.3,401.23,402.93,391.17
3553,368.64,367.08,375.15,384.45,390.1,398.04,399.3,401.22,402.92,391.18
3554,368.64,367.1,375.15,384.47,390.1,398.06,399.3,401.22,402.91,391.21
3555,368.65,367.11,375.16,384.48,390.11,398.06,399.3,401.2,402.91,391.23
3556,368.66,367.12,375.17,384.48,390.12,398.07,399.31,401.19,402.91,391.24
3557,368.67,367.11,375.17,384.48,390.12,398.07,399.32,401.18,402.91,391.24
3558,368.68,367.13,375.17,384.5,390.14,398.09,399.33,401.2,402.91,391.26
3559,368.68,367.12,375.18,384.51,390.14,398.09,399.33,401.19,402.89,391.28
3560,368.68,367.14,375.19,384.52,390.15,398.09,399.36,401.19,402.88,391.28
3561,368.7,367.14,375.2,384.52,390.16,398.09,399.39,401.2,402.86,391.3
3562,368.69,367.14,375.2,384.53,390.16,398.09,399.39,401.2,402.83,391.31
3563,368.71,367.14,375.21,384.54,390.17,398.09,399.41,401.22,402.82,391.32
3564,368.72,367.16,375.22,384.55,390.18,398.1,399.42,401.24,402.82,391.33
3565,368.74,367.18,375.22,384.55,390.18,398.1,399.43,401.25,402.84,391.33
3566,368.73,367.19,375.24,384.56,390.2,398.11,399.44,401.27,402.84,391.32
3567,368.75,367.2,375.24,384.58,390.2,398.12,399.45,401.28,402.87,391.34
3568,368.76,367.2,375.25,384.58,390.2,398.12,399.44,401.29,402.9,391.36
3569,368.76,367.21,375.24,384.59,390.21,398.13,399.45,401.3,402.92,391.38
3570,368.76,367.21,375.25,384.6,390.22,398.13,399.45,401.3,402.94,391.42
3571,368.77,367.22,375.27,384.6,390.23,398.14,399.46,401.31,402.96,391.46
3572,368.77,367.23,375.27,384.61,390.24,398.15,399.47,401.33,402.98,391.5
3573,368.78,367.24,375.28,384.62,390.24,398.16,399.46,401.34,403.01,391.54
3574,368.8,367.23,375.29,384.62,390.25,398.16,399.45,401.35,403.04,391.57
3575,368.8,367.25,375.3,384.63,390.26,398.17,399.45,401.35,403.06,391.59
3576,368.8,367.25,375.3,384.63,390.26,398.18,399.44,401.34,403.07,391.59
3577,368.81,367.26,375.31,384.63,390.27,398.19,399.46,401.32,403.1,391.62
3578,368.82,367.28,375.32,384.64,390.28,398.2,399.48,401.31,403.12,391.64
3579,368.83,367.27,375.31,384.65,390.27,398.19,399.49,401.28,403.11,391.64
3580,368.83,367.29,375.33,384.65,390.28,398.2,399.5,401.27,403.08,391.64
3581,368.83,367.3,375.33,384.65,390.29,398.2,399.5,401.25,403.05,391.62
3582,368.84,367.3,375.34,384.66,390.29,398.21,399.51,401.26,402.98,391.56
3583,368.84,367.31,375.34,384.66,390.29,398.21,399.51,401.27,402.94,391.52
3584,368.85,367.32,375.35,384.66,390.3,398.22,399.52,401.29,402.93,391.51
3585,368.86,367.32,375.36,384.67,390.3,398.22,399.52,401.3,402.91,391.49
3586,368.85,367.32,375.36,384.67,390.3,398.22,399.52,401.32,402.9,391.48
3587,368.85,367.32,375.35,384.68,390.29,398.23,399.52,401.33,402.9,391.47
3588,368.86,367.32,375.37,384.68,390.32,398.23,399.53,401.33,402.91,391.49
3589,368.87,367.34,375.38,384.69,390.32,398.24,399.53,401.34,402.93,391.49
3590,368.88,367.34,375.38,384.69,390.32,398.25,399.53,401.33,402.93,391.48
3591,368.88,367.36,375.38,384.7,390.32,398.26,399.52,401.34,402.95,391.49
3592,368.89,367.36,375.39,384.71,390.34,398.27,399.51,401.34,402.97,391.48
3593,368.89,367.36,375.39,384.72,390.34,398.27,399.52,401.33,403.0,391.49
3594,368.9,367.38,375.39,384.73,390.34,398.28,399.51,401.34,403.03,391.49
3595,368.91,367.39,375.4,384.72,390.36,398.29,399.53,401.33,403.06,391.51
3596,368.92,367.4,375.42,384.73,390.36,398.29,399.54,401.34,403.09,391.55
3597,368.93,367.4,375.42,384.74,390.36,398.29,399.54,401.36,403.11,391.57
3598,368.93,367.41,375.42,384.73,390.37,398.29,399.56,401.36,403.12,391.6
3599,368.94,367.41,375.42,384.75,390.38,398.29,399.56,401.37,403.12,391.61
3600,368.95,367.42,375.44,384.74,390.38,398.29,399.57,401.38,403.15,391.62
3601,368.97,367.44,375.46,384.75,390.4,398.29,399.58,401.39,403.18,391.63
3602,368.97,367.45,375.47,384.75,390.4,398.31,399.57,401.4,403.19,391.64
3603,368.98,367.46,375.48,384.77,390.41,398.31,399.58,401.41,403.2,391.63
3604,368.98,367.47,375.48,384.77,390.42,398.32,399.58,401.41,403.21,391.64
3605,368.99,367.47,375.48,384.79,390.42,398.33,399.59,401.43,403.2,391.62
3606,369.0,367.48,375.49,384.78,390.43,398.33,399.6,401.43,403.19,391.62
3607,369.01,367.49,375.49,384.78,390.43,398.33,399.6,401.44,403.18,391.64
3608,369.01,367.49,375.51,384.8,390.44,398.33,399.61,401.44,403.17,391.67
3609,369.02,367.51,375.51,384.81,390.44,398.34,399.61,401.47,403.19,391.71
3610,369.02,367.52,375.52,384.82,390.45,398.35,399.6,401.49,403.23,391.74
3611,369.03,367.52,375.52,384.82,390.46,398.35,399.59,401.5,403.26,391.76
3612,369.05,367.53,375.53,384.83,390.47,398.36,399.6,401.51,403.29,391.78
3613,369.05,367.55,375.54,384.83,390.48,398.36,399.61,401.52,403.31,391.79
3614,369.06,367.55,375.55,384.84,390.48,398.35,399.61,401.51,403.32,391.79
3615,369.07,367.56,375.55,384.85,390.48,398.36,399.61,401.49,403.32,391.79
3616,369.08,367.57,375.55,384.86,390.49,398.37,399.64,401.49,403.3,391.79
3617,369.07,367.58,375.57,384.86,390.5,398.36,399.64,401.46,403.27,391.76
3618,369.09,367.58,375.57,384.88,390.5,398.38,399.64,401.45,403.23,391.69
3619,369.09,367.6,375.57,384.89,390.5,398.38,399.65,401.44,403.19,391.57
3620,369.1,367.6,375.58,384.89,390.5,398.39,399.64,401.44,403.17,391.49
3621,369.11,367.6,375.59,384.9,390.52,398.39,399.65,401.44,403.16,391.4
3622,369.12,367.61,375.6,384.91,390.52,398.4,399.65,401.45,403.14,391.33
3623,369.13,367.62,375.61,384.92,390.53,398.4,399.66,401.46,403.12,391.26
3624,369.13,367.63,375.6,384.93,390.53,398.41,399.66,401.47,403.1,391.19
3625,369.15,367.63,375.62,384.92,390.54,398.41,399.65,401.48,403.1,391.14
3626,369.15,367.64,375.62,384.93,390.55,398.43,399.66,401.5,403.1,391.1
3627,369.17,367.66,375.63,384.94,390.56,398.43,399.67,401.49,403.13,391.05
3628,369.19,367.68,375.65,384.94,390.57,398.43,399.68,401.49,403.16,390.99
3629,369.19,367.69,375.65,384.95,390.57,398.44,399.69,401.47,403.17,390.95
3630,369.2,367.7,375.66,384.96,390.58,398.46,399.7,401.46,403.16,390.94
3631,369.21,367.7,375.66,384.96,390.58,398.46,399.71,401.44,403.15,390.95
3632,369.21,367.7,375.67,384.97,390.58,398.47,399.72,401.4,403.15,390.96
3633,369.22,367.7,375.67,384.98,390.58,398.47,399.72,401.4,403.17,390.98
3634,369.22,367.71,375.69,384.98,390.6,398.49,399.74,401.4,403.19,391.01
3635,369.23,367.71,375.69,384.98,390.61,398.49,399.74,401.41,403.2,391.02
3636,369.24,367.72,375.71,384.99,390.61,398.5,399.75,401.42,403.16,391.02
3637,369.24,367.73,375.72,384.99,390.62,398.5,399.75,401.43,403.11,391.02
3638,369.25,367.73,375.71,385.0,390.62,398.5,399.77,401.44,403.1,391.05
3639,369.26,367.75,375.72,385.01,390.64,398.51,399.77,401.46,403.11,391.08
3640,369.26,367.75,375.73,385.01,390.64,398.51,399.77,401.49,403.1,391.09
3641,369.27,367.77,375.74,385.01,390.65,398.51,399.76,401.49,403.12,391.09
3642,369.27,367.77,375.74,385.02,390.65,398.52,399.76,401.52,403.13,391.08
3643,369.28,367.79,375.75,385.03,390.65,398.52,399.75,401.54,403.13,391.05
3644,369.28,367.78,375.75,385.03,390.65,398.52,399.75,401.55,403.14,391.01
3645,369.29,367.79,375.76,385.04,390.66,398.53,399.76,401.56,403.15,390.99
3646,369.3,367.8,375.77,385.04,390.66,398.54,399.78,401.58,403.15,390.96
3647,369.3,367.8,375.77,385.06,390.67,398.55,399.79,401.6,403.19,390.96
3648,369.3,367.79,375.77,385.06,390.67,398.55,399.79,401.61,403.2,390.94
3649,369.31,367.81,375.79,385.06,390.68,398.56,399.8,401.63,403.23,390.96
3650,369.33,367.82,375.79,385.08,390.68,398.57,399.81,401.65,403.25,390.96
3651,369.32,367.82,375.79,385.08,390.69,398.58,399.81,401.67,403.27,390.98
3652,369.34,367.82,375.79,385.09,390.69,398.58,399.82,401.69,403.29,391.0
3653,369.34,367.84,375.82,385.09,390.71,398.59,399.83,401.7,403.31,391.02
3654,369.34,367.84,375.82,385.1,390.72,398.59,399.82,401.7,403.34,391.04
3655,369.36,367.85,375.82,385.11,390.72,398.6,399.82,401.7,403.36,391.07
3656,369.36,367.85,375.82,385.11,390.72,398.6,399.82,401.68,403.35,391.07
3657,369.37,367.86,375.82,385.11,390.73,398.6,399.82,401.65,403.36,391.1
3658,369.36,367.86,375.84,385.12,390.72,398.6,399.81,401.63,403.35,391.11
3659,369.36,367.86,375.84,385.14,390.73,398.62,399.8,401.62,403.35,391.11
3660,369.38,367.87,375.83,385.14,390.72,398.62,399.8,401.62,403.35,391.11
3661,369.38,367.87,375.84,385.15,390.73,398.62,399.8,401.62,403.33,391.12
3662,369.39,367.88,375.85,385.13,390.74,398.61,399.8,401.61,403.33,391.13
3663,369.4,367.9,375.87,385.14,390.75,398.62,399.82,401.62,403.31,391.15
3664,369.41,367.92,375.88,385.14,390.76,398.62,399.83,401.64,403.3,391.16
3665,369.41,367.92,375.88,385.14,390.77,398.63,399.83,401.64,403.3,391.17
3666,369.42,367.92,375.89,385.15,390.77,398.64,399.85,401.64,403.31,391.18
3667,369.42,367.92,375.88,385.15,390.78,398.64,399.87,401.63,403.31,391.21
3668,369.43,367.93,375.88,385.16,390.78,398.64,399.88,401.62,403.32,391.22
3669,369.43,367.94,375.88,385.16,390.79,398.65,399.89,401.62,403.33,391.23
3670,369.44,367.94,375.89,385.17,390.79,398.65,399.9,401.6,403.33,391.25
3671,369.45,367.95,375.9,385.18,390.79,398.65,399.91,401.6,403.32,391.26
3672,369.47,367.97,375.91,385.19,390.82,398.66,399.92,401.62,403.31,391.28
3673,369.48,367.98,375.92,385.2,390.82,398.66,399.9,401.65,403.28,391.27
3674,369.49,367.98,375.93,385.2,390.82,398.66,399.89,401.68,403.27,391.28
3675,369.49,367.99,375.93,385.21,390.82,398.66,399.88,401.69,403.23,391.28
3676,369.5,368.0,375.94,385.2,390.84,398.66,399.87,401.7,403.21,391.3
3677,369.51,368.01,375.94,385.21,390.84,398.67,399.87,401.71,403.19,391.31
3678,369.51,368.0,375.95,385.22,390.84,398.69,399.87,401.71,403.2,391.31
3679,369.52,368.02,375.96,385.22,390.86,398.68,399.87,401.72,403.22,391.31
3680,369.52,368.03,375.97,385.23,390.86,398.7,399.87,401.73,403.23,391.3
3681,369.54,368.03,375.98,385.24,390.86,398.7,399.88,401.74,403.25,391.26
3682,369.55,368.05,375.99,385.23,390.87,398.71,399.89,401.75,403.27,391.25
3683,369.55,368.04,375.99,385.25,390.88,398.73,399.89,401.76,403.28,391.24
3684,369.56,368.05,376.0,385.25,390.87,398.72,399.89,401.75,403.29,391.23
3685,369.57,368.07,376.01,385.26,390.89,398.73,399.9,401.75,403.32,391.23
3686,369.58,368.07,376.02,385.27,390.9,398.74,399.89,401.76,403.35,391.23
3687,369.59,368.07,376.01,385.28,390.9,398.74,399.89,401.77,403.37,391.24
3688,369.59,368.07,376.03,385.28,390.92,398.74,399.9,401.78,403.41,391.24
3689,369.6,368.09,376.04,385.28,390.92,398.74,399.9,401.77,403.43,391.21
3690,369.61,368.08,376.04,385.29,390.92,398.75,399.91,401.78,403.43,391.2
3691,369.61,368.1,376.04,385.3,390.93,398.76,399.94,401.78,403.41,391.19
3692,369.62,368.09,376.04,385.32,390.93,398.77,399.95,401.79,403.38,391.19
3693,369.62,368.11,376.05,385.32,390.94,398.77,399.96,401.78,403.35,391.18
3694,369.63,368.11,376.06,385.34,390.95,398.78,399.97,401.77,403.35,391.18
3695,369.65,368.12,376.07,385.33,390.95,398.78,399.98,401.74,403.35,391.16
3696,369.64,368.13,376.07,385.34,390.96,398.78,399.99,401.69,403.36,391.13
3697,369.65,368.14,376.08,385.34,390.96,398.79,400.0,401.66,403.38,391.1
3698,369.65,368.14,376.08,385.35,390.97,398.8,400.01,401.65,403.39,391.09
3699,369.65,368.14,376.09,385.36,390.96,398.8,400.02,401.65,403.4,391.09
3700,369.67,368.14,376.09,385.36,390.96,398.81,400.03,401.65,403.4,391.13
3701,369.67,368.16,376.1,385.38,390.97,398.82,400.05,401.65,403.41,391.17
3702,369.68,368.17,376.11,385.37,390.98,398.82,400.07,401.67,403.41,391.21
3703,369.69,368.17,376.12,385.38,390.99,398.83,400.07,401.7,403.39,391.23
3704,369.69,368.18,376.12,385.38,391.0,398.84,400.07,401.72,403.36,391.26
3705,369.71,368.18,376.12,385.39,391.01,398.84,400.08,401.76,403.33,391.29
3706,369.71,368.2,376.14,385.4,391.02,398.84,400.1,401.8,403.32,391.31
3707,369.72,368.21,376.14,385.41,391.02,398.86,400.11,401.84,403.3,391.31
3708,369.73,368.22,376.15,385.42,391.03,398.86,400.1,401.87,403.31,391.28
3709,369.74,368.23,376.17,385.43,391.05,398.86,400.09,401.91,403.35,391.23
3710,369.76,368.23,376.17,385.45,391.05,398.87,400.08,401.92,403.38,391.22
3711,369.76,368.25,376.19,385.45,391.06,398.87,400.08,401.92,403.41,391.22
3712,369.77,368.25,376.19,385.45,391.05,398.88,400.07,401.89,403.45,391.22
3713,369.77,368.25,376.19,385.46,391.05,398.88,400.07,401.87,403.47,391.22
3714,369.78,368.25,376.2,385.47,391.06,398.89,400.09,401.86,403.52,391.23
3715,369.79,368.26,376.21,385.49,391.07,398.89,400.1,401.86,403.56,391.24
3716,369.8,368.26,376.22,385.49,391.08,398.9,400.09,401.85,403.58,391.28
3717,369.82,368.28,376.23,385.49,391.1,398.9,400.1,401.83,403.6,391.3
3718,369.83,368.31,376.24,385.5,391.11,398.9,400.11,401.81,403.61,391.35
3719,369.83,368.3,376.24,385.52,391.11,398.91,400.1,401.78,403.61,391.35
3720,369.84,368.31,376.24,385.52,391.12,398.91,400.11,401.77,403.62,391.35
3721,369.84,368.31,376.25,385.52,391.13,398.92,400.11,401.76,403.61,391.35
3722,369.86,368.33,376.26,385.52,391.13,398.92,400.13,401.74,403.6,391.35
3723,369.86,368.33,376.27,385.53,391.14,398.93,400.13,401.76,403.58,391.35
3724,369.88,368.34,376.27,385.54,391.15,398.93,400.14,401.77,403.56,391.33
3725,369.88,368.35,376.28,385.55,391.15,398.94,400.16,401.77,403.53,391.32
3726,369.89,368.36,376.29,385.56,391.15,398.95,400.16,401.77,403.47,391.3
3727,369.91,368.36,376.3,385.57,391.16,398.96,400.17,401.75,403.42,391.27
3728,369.92,368.38,376.31,385.57,391.17,398.95,400.18,401.73,403.41,391.26
3729,369.92,368.39,376.31,385.58,391.17,398.95,400.18,401.71,403.41,391.24
3730,369.93,368.41,376.32,385.59,391.18,398.97,400.19,401.71,403.38,391.23
3731,369.95,368.4,376.33,385.61,391.18,398.98,400.18,401.73,403.34,391.22
3732,369.95,368.41,376.34,385.61,391.18,398.97,400.18,401.72,403.3,391.22
3733,369.95,368.41,376.34,385.61,391.19,398.98,400.17,401.72,403.27,391.24
3734,369.95,368.43,376.35,385.61,391.2,398.99,400.15,401.74,403.26,391.27
3735,369.97,368.43,376.35,385.62,391.21,398.99,400.13,401.78,403.28,391.3
3736,369.98,368.45,376.36,385.62,391.22,399.0,400.12,401.81,403.27,391.3
3737,369.98,368.46,376.37,385.63,391.22,399.01,400.11,401.84,403.27,391.31
3738,369.99,368.47,376.38,385.63,391.22,399.01,400.11,401.85,403.3,391.32
3739,370.0,368.47,376.38,385.64,391.22,399.01,400.11,401.84,403.32,391.33
3740,370.01,368.48,376.38,385.65,391.22,399.03,400.12,401.85,403.37,391.35
3741,370.0,368.49,376.39,385.66,391.24,399.03,400.13,401.85,403.41,391.35
3742,370.02,368.49,376.4,385.66,391.24,399.03,400.14,401.87,403.44,391.37
3743,370.02,368.5,376.41,385.66,391.25,399.03,400.15,401.89,403.47,391.37
3744,370.02,368.5,376.41,385.67,391.25,399.03,400.16,401.91,403.46,391.37
3745,370.03,368.5,376.42,385.67,391.25,399.04,400.17,401.93,403.45,391.37
3746,370.05,368.51,376.43,385.67,391.27,399.04,400.18,401.92,403.46,391.37
3747,370.06,368.53,376.44,385.68,391.28,399.05,400.19,401.94,403.47,391.36
3748,370.06,368.53,376.44,385.69,391.27,399.05,400.18,401.95,403.47,391.37
3749,370.07,368.54,376.44,385.7,391.28,399.05,400.17,401.97,403.48,391.4
3750,370.08,368.54,376.44,385.71,391.29,399.05,400.16,401.97,403.47,391.43
3751,370.08,368.56,376.45,385.71,391.29,399.06,400.16,401.99,403.47,391.46
3752,370.08,368.56,376.45,385.72,391.29,399.06,400.14,401.98,403.47,391.48
3753,370.1,368.56,376.46,385.73,391.3,399.06,400.15,401.96,403.5,391.52
3754,370.11,368.58,376.47,385.73,391.31,399.06,400.16,401.92,403.54,391.53
3755,370.12,368.58,376.47,385.72,391.32,399.06,400.16,401.91,403.56,391.55
3756,370.12,368.58,376.48,385.75,391.32,399.07,400.17,401.93,403.57,391.56
3757,370.13,368.59,376.48,385.75,391.33,399.07,400.17,401.94,403.58,391.59
3758,370.14,368.58,376.49,385.75,391.33,399.07,400.17,401.95,403.57,391.61
3759,370.15,368.6,376.5,385.75,391.33,399.07,400.18,401.93,403.57,391.65
3760,370.15,368.6,376.51,385.75,391.34,399.07,400.19,401.92,403.55,391.68
3761,370.16,368.61,376.51,385.76,391.34,399.07,400.2,401.93,403.58,391.7
3762,370.17,368.6,376.51,385.77,391.34,399.07,400.22,401.95,403.6,391.76
3763,370.18,368.62,376.51,385.77,391.35,399.08,400.23,401.98,403.62,391.83
3764,370.19,368.63,376.53,385.79,391.35,399.09,400.25,402.01,403.65,391.87
3765,370.18,368.64,376.53,385.79,391.35,399.09,400.24,402.0,403.66,391.92
3766,370.2,368.64,376.53,385.79,391.36,399.09,400.24,401.99,403.67,391.97
3767,370.21,368.66,376.55,385.79,391.37,399.1,400.23,401.97,403.7,392.0
3768,370.21,368.66,376.55,385.8,391.37,399.11,400.22,401.98,403.71,392.04
3769,370.21,368.65,376.55,385.79,391.37,399.11,400.21,401.98,403.7,392.04
3770,370.22,368.66,376.55,385.8,391.37,399.13,400.23,402.0,403.69,392.07
3771,370.24,368.68,376.57,385.81,391.4,399.12,400.24,402.01,403.68,392.11
3772,370.25,368.7,376.58,385.81,391.42,399.13,400.28,402.01,403.65,392.15
3773,370.26,368.7,376.59,385.82,391.41,399.13,400.3,401.99,403.63,392.16
3774,370.26,368.7,376.59,385.82,391.41,399.13,400.31,401.98,403.62,392.18
3775,370.27,368.71,376.6,385.82,391.42,399.14,400.34,401.98,403.61,392.19
3776,370.27,368.71,376.6,385.83,391.44,399.14,400.36,402.0,403.6,392.19
3777,370.28,368.72,376.61,385.85,391.44,399.15,400.37,402.05,403.6,392.19
3778,370.3,368.73,376.62,385.87,391.45,399.15,400.38,402.09,403.59,392.19
3779,370.29,368.74,376.62,385.86,391.44,399.16,400.39,402.12,403.57,392.17
3780,370.3,368.74,376.62,385.87,391.45,399.17,400.38,402.14,403.56,392.15
3781,370.32,368.75,376.63,385.88,391.46,399.17,400.38,402.14,403.57,392.14
3782,370.32,368.76,376.65,385.88,391.46,399.18,400.38,402.16,403.59,392.15
3783,370.33,368.76,376.66,385.88,391.47,399.19,400.39,402.16,403.64,392.15
3784,370.33,368.78,376.67,385.89,391.48,399.19,400.39,402.18,403.67,392.15
3785,370.35,368.77,376.65,385.9,391.47,399.19,400.38,402.19,403.69,392.16
3786,370.35,368.77,376.67,385.91,391.47,399.2,400.39,402.21,403.71,392.17
3787,370.36,368.79,376.67,385.91,391.49,399.2,400.39,402.21,403.73,392.18
3788,370.37,368.8,376.69,385.92,391.5,399.2,400.4,402.22,403.75,392.18
3789,370.38,368.81,376.69,385.92,391.5,399.21,400.39,402.21,403.78,392.17
3790,370.39,368.81,376.69,385.93,391.5,399.22,400.36,402.21,403.81,392.15
3791,370.39,368.82,376.7,385.93,391.51,399.22,400.36,402.18,403.83,392.14
3792,370.4,368.82,376.71,385.93,391.51,399.23,400.36,402.17,403.84,392.13
3793,370.41,368.83,376.72,385.94,391.52,399.24,400.36,402.17,403.83,392.14
3794,370.42,368.84,376.72,385.94,391.53,399.24,400.38,402.17,403.82,392.15
3795,370.43,368.84,376.73,385.94,391.53,399.26,400.39,402.18,403.8,392.16
3796,370.44,368.86,376.74,385.95,391.55,399.26,400.39,402.21,403.79,392.17
3797,370.44,368.86,376.75,385.97,391.54,399.28,400.41,402.22,403.76,392.17
3798,370.45,368.87,376.76,385.96,391.55,399.28,400.44,402.24,403.75,392.18
3799,370.46,368.88,376.77,385.97,391.56,399.27,400.46,402.25,403.77,392.19
3800,370.48,368.89,376.78,385.97,391.57,399.29,400.48,402.25,403.81,392.2
3801,370.48,368.9,376.79,385.98,391.59,399.29,400.48,402.27,403.85,392.19
3802,370.48,368.89,376.79,385.98,391.58,399.3,400.49,402.27,403.89,392.18
3803,370.48,368.91,376.8,385.99,391.58,399.3,400.49,402.28,403.91,392.17
3804,370.49,368.91,376.8,386.01,391.58,399.3,400.49,402.28,403.95,392.17
3805,370.49,368.91,376.8,386.01,391.59,399.31,400.5,402.29,403.96,392.18
3806,370.51,368.91,376.8,386.02,391.58,399.31,400.5,402.28,403.97,392.18
3807,370.51,368.91,376.81,386.02,391.59,399.31,400.51,402.29,403.98,392.2
3808,370.54,368.93,376.83,386.03,391.6,399.32,400.52,402.3,403.97,392.25
3809,370.53,368.94,376.83,386.04,391.61,399.33,400.51,402.3,403.96,392.27
3810,370.54,368.93,376.82,386.04,391.6,399.32,400.49,402.32,403.94,392.28
3811,370.55,368.94,376.84,386.04,391.61,399.34,400.48,402.33,403.95,392.3
3812,370.55,368.95,376.84,386.05,391.62,399.34,400.46,402.33,403.95,392.33
3813,370.57,368.97,376.85,386.05,391.64,399.34,400.46,402.33,403.96,392.35
3814,370.58,368.98,376.87,386.07,391.65,399.36,400.45,402.33,403.97,392.4
3815,370.59,368.98,376.87,386.06,391.65,399.35,400.46,402.32,403.98,392.41
3816,370.59,368.99,376.88,386.08,391.65,399.37,400.46,402.31,403.98,392.43
3817,370.6,368.99,376.88,386.07,391.65,399.37,400.48,402.3,404.01,392.46
3818,370.61,369.01,376.9,386.07,391.67,399.37,400.5,402.29,404.02,392.46
3819,370.62,369.01,376.9,386.08,391.67,399.37,400.51,402.31,404.01,392.49
3820,370.62,369.02,376.91,386.08,391.69,399.37,400.51,402.33,404.0,392.49
3821,370.63,369.03,376.91,386.09,391.69,399.38,400.5,402.33,404.01,392.5
3822,370.63,369.03,376.92,386.09,391.69,399.38,400.5,402.34,404.01,392.5
3823,370.64,369.03,376.91,386.1,391.7,399.38,400.49,402.33,404.03,392.52
3824,370.64,369.04,376.92,386.11,391.71,399.39,400.49,402.29,404.05,392.52
3825,370.64,369.04,376.92,386.11,391.71,399.39,400.49,402.24,404.02,392.52
3826,370.66,369.05,376.93,386.12,391.72,399.39,400.5,402.22,403.98,392.53
3827,370.65,369.05,376.93,386.12,391.72,399.4,400.5,402.23,403.95,392.53
3828,370.66,369.05,376.93,386.13,391.71,399.4,400.51,402.24,403.91,392.53
3829,370.66,369.06,376.94,386.14,391.71,399.42,400.52,402.24,403.89,392.51
3830,370.67,369.06,376.93,386.14,391.72,399.42,400.54,402.26,403.86,392.48
3831,370.68,369.07,376.95,386.15,391.73,399.42,400.56,402.28,403.85,392.47
3832,370.69,369.07,376.95,386.14,391.73,399.42,400.57,402.31,403.86,392.44
3833,370.69,369.09,376.95,386.15,391.73,399.43,400.57,402.33,403.88,392.42
3834,370.7,369.09,376.96,386.16,391.74,399.43,400.58,402.35,403.93,392.4
3835,370.7,369.09,376.96,386.16,391.75,399.44,400.59,402.37,403.97,392.38
3836,370.72,369.09,376.97,386.17,391.75,399.44,400.59,402.38,404.0,392.38
3837,370.72,369.1,376.97,386.17,391.74,399.44,400.58,402.39,404.01,392.39
3838,370.72,369.1,376.98,386.17,391.74,399.44,400.58,402.39,404.0,392.38
3839,370.73,369.09,376.97,386.17,391.75,399.44,400.58,402.41,404.01,392.4
3840,370.74,369.11,376.98,386.18,391.76,399.45,400.6,402.42,404.03,392.41
3841,370.75,369.12,376.99,386.19,391.76,399.46,400.61,402.42,404.05,392.41
3842,370.74,369.13,376.99,386.21,391.76,399.47,400.61,402.43,404.07,392.41
3843,370.76,369.14,377.0,386.21,391.78,399.47,400.64,402.44,404.1,392.43
3844,370.76,369.15,377.01,386.21,391.78,399.48,400.65,402.43,404.13,392.46
3845,370.78,369.16,377.02,386.21,391.79,399.49,400.65,402.42,404.14,392.47
3846,370.78,369.16,377.03,386.22,391.8,399.48,400.66,402.39,404.17,392.47
3847,370.78,369.17,377.03,386.22,391.8,399.49,400.66,402.35,404.18,392.46
3848,370.79,369.17,377.04,386.23,391.8,399.49,400.66,402.34,404.18,392.47
3849,370.8,369.17,377.05,386.24,391.81,399.5,400.65,402.35,404.17,392.46
3850,370.81,369.17,377.05,386.24,391.81,399.5,400.65,402.36,404.13,392.48
3851,370.82,369.19,377.06,386.25,391.83,399.5,400.65,402.36,404.09,392.51
3852,370.84,369.2,377.07,386.25,391.84,399.51,400.65,402.37,404.06,392.52
3853,370.84,369.21,377.08,386.25,391.85,399.51,400.66,402.37,404.04,392.53
3854,370.84,369.21,377.08,386.26,391.85,399.51,400.67,402.36,404.04,392.53
3855,370.85,369.22,377.09,386.27,391.84,399.51,400.67,402.36,404.03,392.51
3856,370.85,369.22,377.08,386.28,391.84,399.52,400.68,402.35,404.05,392.49
3857,370.86,369.21,377.08,386.29,391.84,399.53,400.68,402.35,404.06,392.48
3858,370.86,369.22,377.09,386.29,391.85,399.54,400.68,402.35,404.08,392.49
3859,370.88,369.23,377.1,386.3,391.86,399.54,400.69,402.36,404.08,392.49
3860,370.88,369.24,377.11,386.29,391.87,399.55,400.68,402.36,404.08,392.48
3861,370.89,369.23,377.12,386.31,391.87,399.56,400.68,402.38,404.05,392.48
3862,370.9,369.24,377.13,386.32,391.87,399.56,400.67,402.4,404.04,392.5
3863,370.91,369.26,377.14,386.31,391.88,399.57,400.68,402.42,404.05,392.52
3864,370.92,369.25,377.15,386.33,391.9,399.58,400.68,402.44,404.09,392.55
3865,370.92,369.27,377.14,386.32,391.9,399.57,400.68,402.44,404.11,392.56
3866,370.93,369.27,377.14,386.33,391.9,399.57,400.69,402.46,404.14,392.57
3867,370.93,369.27,377.15,386.33,391.9,399.57,400.68,402.47,404.15,392.59
3868,370.94,369.27,377.16,386.34,391.91,399.57,400.7,402.46,404.17,392.61
3869,370.95,369.27,377.16,386.35,391.91,399.57,400.7,402.47,404.17,392.63
3870,370.96,369.29,377.17,386.36,391.92,399.58,400.71,402.48,404.18,392.66
3871,370.97,369.3,377.18,386.37,391.93,399.58,400.72,402.5,404.19,392.67
3872,370.99,369.3,377.19,386.37,391.93,399.59,400.71,402.51,404.18,392.67
3873,370.99,369.31,377.19,386.39,391.93,399.6,400.71,402.52,404.18,392.66
3874,370.99,369.31,377.2,386.39,391.94,399.6,400.71,402.51,404.2,392.66
3875,371.0,369.32,377.2,386.4,391.94,399.6,400.73,402.51,404.23,392.65
3876,371.01,369.34,377.21,386.4,391.95,399.61,400.74,402.5,404.26,392.65
3877,371.02,369.34,377.23,386.41,391.96,399.62,400.76,402.5,404.28,392.64
3878,371.03,369.34,377.24,386.4,391.96,399.62,400.77,402.5,404.3,392.62
3879,371.04,369.35,377.24,386.4,391.96,399.63,400.8,402.5,404.29,392.6
3880,371.05,369.36,377.25,386.41,391.98,399.64,400.81,402.5,404.29,392.58
3881,371.06,369.36,377.26,386.41,391.98,399.64,400.81,402.49,404.29,392.55
3882,371.07,369.36,377.27,386.43,391.99,399.64,400.8,402.5,404.29,392.54
3883,371.07,369.37,377.28,386.43,391.99,399.65,400.79,402.52,404.29,392.54
3884,371.08,369.38,377.29,386.45,392.01,399.66,400.77,402.53,404.29,392.54
3885,371.09,369.38,377.28,386.46,392.01,399.66,400.75,402.53,404.28,392.53
3886,371.11,369.4,377.28,386.47,392.01,399.66,400.75,402.52,404.27,392.52
3887,371.1,369.39,377.28,386.48,392.01,399.66,400.76,402.47,404.23,392.49
3888,371.11,369.39,377.3,386.49,392.01,399.66,400.77,402.45,404.21,392.47
3889,371.11,369.41,377.31,386.48,392.03,399.66,400.77,402.44,404.18,392.46
3890,371.12,369.41,377.31,386.48,392.02,399.66,400.78,402.44,404.16,392.42
3891,371.12,369.42,377.32,386.48,392.04,399.68,400.77,402.42,404.15,392.37
3892,371.13,369.44,377.32,386.47,392.05,399.69,400.76,402.41,404.12,392.33
3893,371.13,369.44,377.33,386.48,392.05,399.71,400.77,402.41,404.11,392.28
3894,371.13,369.44,377.33,386.49,392.05,399.71,400.75,402.41,404.07,392.24
3895,371.13,369.44,377.33,386.5,392.06,399.72,400.76,402.39,404.05,392.23
3896,371.14,369.44,377.34,386.51,392.06,399.73,400.77,402.4,404.04,392.21
3897,371.15,369.46,377.35,386.51,392.07,399.74,400.8,402.42,404.02,392.22
3898,371.16,369.47,377.37,386.53,392.08,399.74,400.81,402.44,403.99,392.22
3899,371.17,369.46,377.36,386.53,392.09,399.74,400.81,402.46,403.98,392.22
3900,371.18,369.49,377.38,386.54,392.1,399.75,400.82,402.47,403.99,392.24
3901,371.18,369.5,377.39,386.54,392.11,399.75,400.82,402.46,404.0,392.25
3902,371.19,369.5,377.39,386.56,392.12,399.75,400.82,402.44,403.99,392.26
3903,371.19,369.5,377.39,386.56,392.12,399.77,400.81,402.39,403.98,392.26
3904,371.19,369.5,377.41,386.57,392.12,399.77,400.82,402.38,403.98,392.27
3905,371.21,369.51,377.4,386.58,392.11,399.78,400.81,402.4,403.96,392.29
3906,371.22,369.52,377.41,386.6,392.13,399.79,400.83,402.45,403.97,392.3
3907,371.24,369.53,377.44,386.61,392.14,399.79,400.84,402.47,403.98,392.3
3908,371.23,369.51,377.42,386.6,392.12,399.79,400.7,402.32,403.81,392.26
3909,371.25,369.48,377.4,386.56,392.1,399.76,400.52,402.03,403.54,392.16
3910,371.24,369.44,377.39,386.51,392.08,399.69,400.33,401.71,403.2,391.99
3911,371.22,369.4,377.35,386.45,392.03,399.63,400.15,401.43,402.84,391.77
3912,371.21,369.36,377.31,386.39,391.98,399.55,399.97,401.19,402.49,391.53
